0,1754,621,1807,1717,1334,1084,1762,918,1276,1247,1293,1156,1056,1118,2125,527,912,1774,1402,1118,1508,1724,1238,1422,558,919,960,1582,1485,1466,1686,1142,1136,1875,1224,1347,1168,1218,1140,1519,1180,1093,1590,1183,1124,1202,1467,1551,1504,932,1154,1561,1140,1579,1185,1342,1288,942,1248,1158,942,934,1116,1591,1161,1368,979,1244,1679,1154,1282,1568,1288,1141,1073,1549,1426,1310,1536,1355,970,1077,1895,1086,540,1282,2127,1226,977,1249,2028,1166,1358,1244,1245,1548,1155,1361,1292,1233,1635,1210,656,2146,1298,1138,703,1488,1162,1963,774,1182,1643,1146,1569,1208,991,929,1666,1517,1064,1230,1637,1061,1256,1474,819,1688,1888,1066,1375,1852,1049,977,1361,494,1374,1579,1752,1281,1264,1142,1552,1630,1694,1140,1652,1200,1158,922,1189,1300,1332,543,1388,2072,1399,1116,943,1533,1535,1296,1178,1519,2002,1363,1581,542,1791,1301,1651,1077,1630,1422,1308,1885,1334,1130,1245,1150,944,1994,1193,1362,1155,932,1342,1607,1450,1398,1553,1308,1154,1241,831,1164,985,1161,933,1117,1770,1506,983,683,1349,1777,1087,1165,1736,1914,842,1654,1154,1133,1124,1400,1093,1393,1774,1651,1633,1328,1118,1255,1253,1484,1504,1105,702,1131,1701,1251,1109,1587,1092,1202,1167,971,917,752,2025,681,1583,1123,934,1111,1107,2015,1619
1438,0,1515,1895,2045,1299,1097,2159,1012,1009,2177,1038,795,830,921,2202,1648,1022,1881,1862,921,1058,1522,1044,1196,1537,743,1023,2361,1741,2084,2122,970,1004,2033,1108,1100,1810,2150,939,1940,773,1232,1260,627,2154,1053,2088,2239,971,968,358,1936,1044,951,1182,687,1274,932,1604,797,561,309,371,1423,1349,1240,619,2082,1530,1757,1302,1801,845,879,1381,2246,1013,1060,2123,1065,707,1091,1696,1871,1680,2205,2072,1302,742,1932,1242,766,2316,1045,1984,667,863,1455,997,2202,1309,676,1535,1103,1278,894,1496,931,803,1202,1665,971,1617,1646,2238,1812,653,412,1929,1385,1005,1172,1449,896,2160,1724,1798,1545,1797,793,1706,1965,932,692,1338,1881,418,1211,2177,2243,2117,769,1418,1537,1993,877,2157,1107,1752,628,1446,1432,1469,1520,1723,2065,1820,918,1074,2133,2189,1006,1158,2090,1984,1546,1382,1674,1136,2114,2154,1113,1834,1261,1283,1793,1834,874,1598,1743,1076,1952,654,990,531,1677,1480,422,2016,1038,2039,1470,861,1344,1484,822,597,1639,755,923,1565,1514,1271,1515,1067,1101,1063,813,1968,1797,1584,1616,424,1061,958,2354,935,1743,2210,1606,1517,1680,738,2142,1453,2375,1919,1300,1452,867,2184,2160,745,1664,1032,799,1135,1266,751,1193,2012,1517,1219,1148,757,744,749,2036,1722
448,1570,0,1181,1685,1104,1841,1736,1223,1682,1110,1795,1787,1571,1704,1733,100,1142,1386,1402,1704,1467,1114,1250,1356,129,1730,781,1903,1065,1300,1236,905,1098,1286,1362,1446,1206,1310,1047,1505,995,1297,1449,1777,1005,1018,1301,1376,1503,1180,1673,1557,1116,1267,1450,1425,968,1949,1114,1785,1903,1892,1907,1207,1288,1106,1769,1101,1661,980,1229,1510,1713,1804,1477,1378,1202,1747,1377,1153,2017,1849,1546,816,332,1156,1436,1668,1450,1093,1796,1474,1217,1039,1325,1373,1794,1608,1177,1324,1494,1676,688,1754,1076,1115,387,1570,1880,1738,610,1319,1313,942,1384,798,1802,1422,1218,982,1901,1174,1601,1798,1354,1444,630,1087,1247,881,1085,1260,928,1894,1828,109,1200,1196,1728,1374,1119,1204,1011,1290,1369,1802,1214,1516,1188,1829,1842,1528,1051,39,1174,1394,986,1130,1306,1525,1145,979,1111,1345,1614,1310,1248,82,1770,949,1465,1488,1236,1589,1308,1240,1008,1801,918,1177,1287,1330,1005,1087,1406,729,1062,1413,1248,1134,1138,1196,1749,1170,558,1528,1974,957,1210,1134,1391,921,1205,241,1594,1452,1086,1423,1541,1530,451,1290,1335,1647,1169,1504,1807,977,1755,1065,1295,1209,930,1122,1178,1328,1091,1104,440,1704,1251,1117,1740,1193,1731,1269,912,1536,1734,510,1356,283,1224,1081,1212,924,1736,1347,1057
1496,2104,1426,0,1855,1930,1372,2131,1251,1033,1615,1136,1041,1246,1036,2169,1450,1261,1732,1661,1251,1222,1523,2294,2215,1371,1025,1914,2733,1506,1927,1619,1058,1853,1170,1071,1241,1457,1612,1313,1103,2123,2263,1640,1370,1936,1908,1594,1945,1408,1283,2046,2715,1895,301,2459,1061,1348,1281,924,1252,1195,1938,2000,1374,1381,1208,1370,1591,1599,1732,1073,1768,1075,1261,1532,1619,1566,1367,1991,1592,1019,1139,2230,1514,1195,2024,2044,1275,1171,1547,1658,1170,1611,1900,1575,1143,1050,2466,1374,1942,1323,1324,1381,2202,1914,1364,945,1325,1519,1992,1158,1132,1044,1497,1586,1866,1346,1700,1603,1220,1385,1321,2461,1330,1628,1268,1116,1624,1761,2013,1125,1335,1593,1222,633,1399,1766,1707,1987,1951,1929,1500,1018,1187,1965,1260,1626,1116,1433,994,1086,1297,987,1195,1714,1875,1742,1335,1260,1368,2012,1365,1799,1595,1815,1220,1017,1463,2047,1868,1625,1087,1282,2217,2316,1625,1310,1257,918,1424,1284,1781,2133,2222,1518,1744,1200,934,1480,1275,1933,1385,1051,1020,1521,1192,1195,1801,1341,1340,1568,1113,1251,1244,1156,2139,1918,1493,3001,1758,1138,1845,1319,1249,1272,1983,1356,1426,2020,1770,996,1445,1710,1972,988,1971,1551,1931,947,1277,1978,1968,1236,1341,1123,1398,1099,1369,1232,1340,1843,1219,1828,1356,1344,2057,1234,1869,970
2074,2499,1396,1952,0,1732,2364,518,922,2231,1570,2312,2531,1690,1100,509,1716,1118,824,1884,911,1097,872,2089,1585,1361,907,1127,3336,1186,1293,1496,1514,1964,1940,2425,1365,1404,1582,1118,1847,1144,2016,1269,2183,1342,1755,1291,1544,1283,910,2137,2743,1674,2135,2208,1031,1207,1107,1410,2585,2522,2274,2336,1096,978,1336,2175,1539,1462,1144,1930,626,2251,2592,1230,1556,1228,2188,1327,1507,2565,2367,2303,1842,1415,1354,472,1274,1939,1476,1406,1938,1351,1729,1255,992,2513,2123,1132,1299,1490,1992,1476,502,2084,2483,1418,1298,2160,1176,1798,2479,1694,1506,1501,1877,2014,2130,1227,1882,912,2013,1755,1764,1583,1638,1464,973,808,916,1396,1872,2347,2550,1977,1668,2405,1383,194,1552,1536,2278,1793,1505,394,2590,1258,1891,1142,2592,1721,1260,1639,1704,1367,59,1151,905,2424,2135,1347,1123,1864,1272,430,1682,1894,1427,602,1572,1258,1247,1552,1482,1726,694,1552,907,1404,1372,922,491,1144,1613,2123,1471,1650,1137,1415,1607,1266,1147,2511,1917,1464,1958,2505,1495,2296,905,1046,1668,1182,1454,1685,435,1726,2097,2300,546,1408,1170,2203,1739,1097,1263,1709,1136,227,1116,1653,1381,2641,1590,1790,1327,1483,1733,1433,1108,1515,1588,1095,1369,2179,1381,2159,1202,2691,1464,433,1685,1520,943,2298,2647,1095,329,1723
1105,1075,1333,2331,2092,0,2063,1845,1782,931,1417,2020,1902,1337,1821,2223,1111,1470,1553,785,1821,1607,1715,270,380,1134,907,1302,1457,1770,1406,1335,2337,337,1431,1902,1534,1602,1303,1760,1204,1201,173,1272,1521,1003,362,1298,1099,1596,1482,1060,1437,328,2025,323,1801,1707,2225,1572,1900,944,1285,1291,1404,1915,2377,1517,1409,1591,1635,1021,1895,2169,1912,1974,1106,1526,2086,1141,1491,920,2075,1305,1122,1341,1096,1851,2179,1672,1325,1141,1671,825,195,1426,1016,1903,980,1659,1408,1321,1284,1354,1850,303,1698,1445,1946,1527,1730,1630,1524,1106,1243,1500,1142,1534,1190,1628,1056,2128,967,830,1350,1265,1450,1674,1377,1553,1295,1458,1469,1326,928,1908,1357,1188,1384,2125,1103,1502,1636,1069,1385,1790,1910,1343,1678,1799,938,1845,1920,1364,1332,1800,2098,1687,1465,1803,1441,1080,1381,645,1429,2034,1136,1314,1329,1896,1213,1340,2263,1604,991,164,1605,1595,1909,1892,1790,1826,2029,1195,329,1248,1352,1367,1218,1748,2399,1535,1391,1864,1037,1070,1659,1148,1253,1666,1467,1447,1882,1613,1083,1719,2228,158,1245,1129,1913,1437,1550,1319,1420,1479,1379,1371,1790,1774,1286,1375,1887,1291,1247,1072,1302,1653,2,1461,1819,1384,1265,908,1540,1981,1723,923,1611,912,1520,2043,1235,855,1829,1667,1563,1099,2052,1150
1309,1111,1470,1136,1643,2008,0,1208,1890,413,1242,319,596,1459,636,996,1484,1900,1511,1784,636,911,1276,1978,1669,1403,715,1778,2295,1000,1188,1252,1332,1666,1250,1972,935,974,1251,1869,1157,1528,1842,1156,1251,1167,2061,1192,1327,871,1847,748,1881,1898,1229,946,1074,1034,614,1144,652,599,891,908,1166,1140,1390,1242,1187,1351,921,533,1458,211,648,455,1334,1088,63,1210,1140,641,297,1322,1791,1457,1277,1006,646,1304,1037,1890,1303,1343,1904,1089,1071,569,913,1167,1265,1205,1301,1269,1215,1991,1780,1774,1223,1429,1660,1276,1858,878,1501,1425,1733,1278,1159,1214,594,252,381,1098,1453,1253,958,1283,1186,1472,1548,923,1182,1588,467,1489,1419,1196,1556,1112,1331,1218,1659,627,793,1140,646,1276,1252,915,674,1085,506,723,1475,808,1663,984,1801,1952,1465,1261,1158,1578,1195,1609,798,636,1398,1268,1139,1273,1551,1260,1565,1989,1414,1288,643,1138,907,1954,1573,1426,1636,1266,1596,734,1023,1176,1401,1138,1180,567,553,1440,1325,653,1494,1640,1805,1410,960,966,1470,1088,1209,1989,1483,1416,1458,1836,1074,1321,1126,1838,1478,1399,907,1131,1063,768,1321,1501,1242,662,1392,1039,2016,2203,587,1321,1260,717,1137,234,754,343,972,723,1148,1638,1472,1806,1995,1642,1507,721,1662,968
2129,2464,1438,1920,561,2228,1000,0,1116,925,1423,1006,1191,1657,1208,251,1766,928,723,1658,1208,1192,939,1839,2056,1691,995,960,2849,1308,1415,1368,1455,2104,1632,2391,1223,1282,1431,1124,1541,1193,2152,1362,2150,1459,2248,1706,1403,1393,1100,2104,3417,1790,2103,1942,1339,1175,1220,1377,1187,957,2240,2302,1064,1164,1555,2142,1688,1577,1525,1630,853,1154,1203,1130,1706,1316,1202,1753,1615,963,1214,2457,1606,1758,1786,141,1405,1979,1625,1570,1978,1468,1838,1665,1274,1200,2271,1100,1716,1326,1965,1496,203,1837,911,1459,1152,2127,1583,1509,2445,1391,1916,1368,1975,1987,2097,1637,1820,1231,1951,2268,1731,1732,1328,1788,1040,1036,944,1097,1566,1099,1152,1943,1421,910,1451,530,1702,1396,2310,1731,1248,355,996,1674,1930,1260,972,1763,1156,1405,1754,1250,571,1270,909,2466,1835,1471,1091,2007,1686,660,1764,1501,1774,350,1711,1386,1205,1441,1610,2220,765,1441,1206,1371,1515,918,718,988,1729,2090,1548,1390,1010,1561,1280,1391,1115,1202,1723,1823,1997,932,1903,2336,1097,1113,1562,961,1809,1652,213,2219,2064,2915,773,1201,1238,2175,1706,910,1681,1676,1516,563,1182,1732,1270,1126,1739,1726,1449,1351,2230,1472,1220,1384,1438,995,1261,1188,1475,1113,1181,993,1840,658,1745,1985,1134,2338,932,995,545,1418
1109,1378,1257,1339,1114,1476,2340,924,0,2226,1536,2297,2059,986,1932,1113,1206,70,2115,1167,1932,2156,1932,1727,1715,1111,1694,586,2166,1426,1245,1332,1031,1423,1318,505,2096,1352,1259,125,1030,803,1723,2313,1327,1219,1429,1502,1282,1977,256,1584,2147,1760,1522,1582,1725,1670,2183,1222,2061,1619,1367,1429,2160,419,1184,1318,1513,2512,1096,2523,2179,2065,2023,929,1556,2061,2337,1307,2111,1898,2352,2228,1179,1237,1332,1109,1099,680,1474,1782,652,1226,1729,1240,1161,1874,1638,1750,1524,2360,1122,1337,941,1454,325,1039,1968,1425,1748,1385,462,2233,1161,1269,1006,1354,962,1313,2349,2275,2384,1972,1240,1552,1172,1358,2215,2150,686,1938,1040,744,1883,778,1435,1009,1939,956,1284,1527,620,2777,2432,2378,2021,1326,843,1324,1691,1040,953,2469,1263,1306,917,1333,194,382,1057,1594,1751,1393,1260,2208,2516,2617,1230,939,1158,1325,1086,1692,1814,1460,2053,1720,1767,1257,1086,230,2231,802,1703,812,1837,2481,1217,1389,1261,1275,2182,1787,2370,1672,705,1930,1157,538,201,2121,1393,687,1368,1054,1139,1461,815,1999,2197,1145,2265,764,1108,244,1631,1259,1089,979,2255,2484,1747,735,1557,2502,1278,1222,1783,1013,1742,1350,1285,1609,1563,2396,1844,2492,673,1652,1629,2296,1409,1761,163,540,729,1654,2317,2280
1056,830,1641,1248,1350,1124,488,1118,1703,0,1360,429,388,1126,444,1113,1657,1709,1516,1619,444,902,961,918,1750,1524,641,1506,1946,1097,1278,1352,1487,1775,990,1783,849,989,1343,1667,907,1268,1914,1093,912,1283,1133,1282,1455,719,1658,474,1927,2031,1126,1247,896,1025,429,1136,433,440,631,650,1163,1912,1559,903,1282,1274,933,637,1274,155,454,653,1462,1012,389,1337,1063,339,481,1197,1660,1580,1379,1124,844,1373,1132,1723,1397,1451,917,1184,989,375,1222,1242,1383,1043,963,987,1127,920,1568,1964,1046,1075,1624,993,1615,739,1383,1533,1564,941,911,1275,718,398,503,1217,1179,1385,707,995,857,1289,1286,740,932,1370,324,1675,1560,964,1123,1487,1459,1332,1451,751,610,1272,452,1381,1394,927,592,1076,704,616,1647,1073,1370,999,1597,1758,1199,1362,1251,1694,1290,1326,657,724,1570,1176,1254,1378,1184,1228,1714,922,1128,1256,449,1130,919,1768,1311,1190,1750,1021,1469,626,871,1194,1571,1252,1191,373,677,1591,1449,279,1376,1433,1603,1085,952,1960,1623,1076,928,922,1228,1500,1213,2094,689,1088,1093,1646,1578,1267,919,1520,678,627,1317,1338,1367,786,1519,1130,932,1962,393,1414,1385,643,1133,354,895,457,1921,649,1301,1374,1639,1963,1637,1435,1331,647,1390,798
1506,1691,1341,1950,1300,1294,1147,1718,1272,1284,0,1087,1559,1264,1356,1714,1362,1268,1156,1017,1356,1320,1009,1250,921,1122,1724,1108,1684,635,154,462,1774,946,1715,1636,1366,647,58,1256,1567,1221,1081,1108,987,455,1318,158,167,1209,1539,1725,1667,1193,2062,1345,1636,1266,1229,1256,1607,1599,1892,1907,1240,1681,1825,1189,84,1426,794,1353,1383,1216,1461,965,174,1394,1139,139,1345,1637,1140,1476,1279,1358,203,1729,1170,1372,379,1195,1140,696,1171,306,1765,1545,1203,999,12,1156,1216,1357,1722,1272,1447,1330,1473,1209,1124,1358,1578,1526,1222,672,1360,996,1123,442,1439,1217,1226,1053,1061,21,1337,1666,1168,1128,1322,1402,1592,1114,1462,1588,1121,1161,1215,1324,171,382,1345,1472,1596,1376,1459,402,1135,788,1693,1479,911,1534,1348,842,1578,729,1257,1549,1798,185,1006,857,309,1258,1605,1447,1121,1783,407,399,1721,1520,509,1259,1191,1253,1458,1251,780,1578,1516,1213,913,984,1462,1545,1600,496,2221,415,1224,1543,1398,1111,1363,1545,1215,1387,1520,1030,1239,1416,1117,1125,1714,1253,977,1241,1158,1318,1873,1289,1347,1535,598,1296,780,1612,1863,1576,1467,1086,66,1507,192,513,1296,1350,1338,531,62,1726,1441,1082,1163,1185,1715,1732,957,1525,1039,763,1588,1149,1316,1730,1273,1597
1070,1116,1526,1372,1687,2041,66,1215,1890,455,1263,0,553,1428,607,1002,1542,1895,1560,1751,607,952,1351,2002,1654,1416,704,1740,1890,1005,1192,1257,1325,1678,1311,1988,990,900,1255,1868,1220,1496,1813,1236,1216,1192,2042,1196,1355,836,1849,730,1871,1932,1484,1137,1044,1076,594,1190,600,568,863,880,1211,1132,1383,1207,1191,1415,846,579,1521,241,619,480,1362,1154,93,1237,1205,616,319,1095,1787,1470,1279,1012,671,1382,1041,1899,1381,1361,1928,1093,1064,540,911,1225,1286,1284,1266,1039,1223,2014,1779,2183,1194,1385,1652,1044,1827,915,1515,1431,1700,1243,1135,1219,639,200,424,907,1497,1285,1015,1269,1255,1510,1514,959,1245,1579,441,1565,1450,1186,1531,1121,1359,1237,1664,672,827,1147,617,1287,1306,840,668,1129,531,765,1531,837,1707,910,1800,1946,1519,1262,1216,1598,1199,1652,835,674,1454,1275,1165,1284,1277,1282,1611,2003,1462,1310,614,1184,832,1956,1637,1407,1656,1244,1597,776,1016,1127,1684,1158,1237,538,598,1477,1382,524,1508,1643,1804,1476,1006,960,1507,1130,1217,1997,1305,1703,1509,2322,1096,1304,1147,1839,1484,1439,832,944,1085,803,1372,1528,1267,707,1421,1038,2043,2190,558,1319,1285,706,1188,264,789,378,965,712,1190,1704,1527,1859,1990,1645,1560,710,1728,1016
957,766,1434,1257,1739,2218,396,986,1794,434,1477,337,0,1195,199,1187,1448,1799,1804,1604,199,697,1331,2327,1825,1326,304,1618,2258,1168,1397,1423,1184,1856,1448,1883,642,1116,1462,1767,1355,1256,1996,891,978,1356,2015,1401,1568,512,1753,689,2235,2112,1371,1001,720,1317,218,1429,1,231,699,718,1440,2014,1497,969,1401,1067,1060,798,1668,372,118,701,1575,805,355,1450,858,399,389,1446,1351,1382,1491,1197,590,1478,1251,2064,1502,1519,2290,1303,850,72,1212,1626,1500,836,1029,1445,995,2280,1668,1736,870,1142,2026,1575,1717,1136,1243,1604,1435,1006,1018,1346,884,307,671,999,1244,1494,1077,907,1232,1657,1396,1131,1380,1472,343,1747,1360,1071,1507,926,1572,1450,1553,917,1043,925,116,1500,1462,1054,559,1371,752,980,1441,1051,1759,1126,1696,1850,1656,1474,1635,1771,1409,1703,1055,891,1362,1247,1322,1497,1134,1539,1827,2181,1512,1567,115,1423,1046,1860,1688,1091,1827,1130,1383,991,669,1343,1511,1370,1469,70,843,1390,1553,342,1236,1534,1702,1456,1244,2063,1421,1395,991,2175,1187,1765,1595,1798,1072,1192,1380,1743,1697,1334,1046,944,1061,1023,1605,1376,1476,952,1624,1201,2221,2069,194,1483,1494,302,1421,599,698,628,2013,296,1099,1757,1436,2065,1894,1536,1442,298,1779,1166
1275,1166,1922,1336,1421,1614,1950,1672,1108,1832,1046,1907,1640,0,1744,1721,1841,1113,1297,1072,1744,1975,1119,1306,1504,1744,1555,1319,2648,1139,1023,1077,1625,1524,1624,1186,1916,2128,1255,1125,1537,1101,1547,2093,270,1232,1589,1022,1266,1789,1158,866,2625,1574,1528,1743,1549,836,1783,885,1642,1371,1123,1185,976,1444,1809,270,1237,2341,2075,1633,1352,1844,1758,2060,1274,1868,1787,1081,1915,1521,1962,1651,1148,1874,1338,1612,2142,625,984,1184,624,1028,1578,1219,1163,1739,1759,704,1254,2138,224,1978,1754,1595,1080,1688,1795,692,1402,2108,1128,1385,932,1242,981,246,777,1279,1777,1893,1926,1754,237,1060,1327,2047,1227,1360,1119,1097,1562,875,1506,791,2108,876,861,1558,1052,1247,801,1688,1250,1551,1756,1301,539,2070,1449,851,2111,1509,1932,2244,1441,2138,1105,1117,1827,1096,713,1464,1243,1392,1552,1780,1865,1669,962,1300,1657,1114,1538,1324,1198,1114,1753,879,2061,1140,1377,1011,1248,743,2396,1520,1260,915,1842,1255,1009,1737,1812,2312,627,1417,1116,958,1110,1174,832,1476,1998,421,1692,1600,598,1892,1353,1804,1247,496,484,1147,1098,168,2061,1591,1237,1523,960,936,1285,1642,1059,1192,1338,1672,1747,1096,1280,1557,946,1773,1638,2008,1463,1563,2041,1440,2073,1511,1209,960,941,1561,1465,1418
925,604,1498,1251,911,2329,514,1001,1645,591,1626,455,190,1145,0,1204,1513,1651,1909,1685,180,778,1456,2225,1941,1390,160,1450,2236,1276,1515,1533,1162,1973,1572,1727,725,1230,1579,1607,1485,1128,2113,972,930,1467,1981,1519,1689,594,1600,637,2214,2225,1131,1002,679,1435,337,1544,192,262,581,600,1761,1854,1216,921,1518,1150,1173,908,1793,496,157,812,1696,820,475,1571,874,386,507,1208,1724,1445,1612,1005,711,1315,1368,2174,1339,1634,2188,1420,559,191,1011,1352,1649,919,981,1507,1220,2176,1510,1908,829,1094,2141,1637,1557,1241,1319,1716,1633,958,856,1453,995,424,782,1007,1196,1615,1205,1643,1360,1787,1230,1252,1510,1311,330,1694,1424,909,1547,943,1693,1567,1392,1028,1149,1133,155,1621,1411,1168,421,1708,863,1086,1508,1162,913,1240,1543,1704,1775,1595,1361,1881,1526,1829,1160,997,1431,1046,1432,1618,1342,1658,1949,2044,1638,1686,154,1538,1159,1714,1814,965,1938,967,1539,1097,503,1459,1229,1487,1802,193,954,1454,1396,329,1312,1379,1549,1581,1359,1906,1484,1346,1215,2050,1016,1459,1721,2041,1199,1034,1362,1592,1817,1284,1159,1162,1188,1129,1713,1286,1597,1063,1745,1309,2329,1909,182,1595,1615,158,1529,706,766,741,1876,152,1167,1876,1504,2194,1585,1381,1279,154,1904,1310
1760,2297,1435,1815,661,1841,1203,78,922,922,1419,1211,983,1527,997,0,1460,926,614,1654,997,1189,838,1835,1699,1688,1198,1156,3436,1304,1704,1647,1455,1738,1520,2285,1473,1278,1724,1121,1431,1189,2148,1358,1984,1456,2244,1701,1399,1389,1098,1959,3413,2157,2009,2341,1335,1058,1006,1281,1182,954,2089,2151,947,1162,1287,1976,1683,1573,1521,1485,938,951,1199,1126,1409,1586,1197,1447,1610,1158,1002,2030,1935,1755,1475,191,1400,1843,1621,1565,1842,1769,2216,1375,1052,990,2267,983,1712,1322,1850,1804,281,1833,1098,1456,1387,1955,1578,1820,2299,1237,1912,1365,1970,1872,1946,1632,1739,1227,1888,1874,1627,1430,1214,1478,946,1119,1137,987,1456,907,950,1828,1418,907,1329,610,1406,1392,2169,1650,1140,220,1198,1670,1765,1518,1170,1579,1152,1293,1751,1505,662,1529,1095,2282,1727,1467,974,1658,1681,750,1671,1348,1771,340,1707,1670,1454,1316,1606,1834,840,1316,1202,1275,1251,916,808,1190,2083,1976,1545,1278,1006,1289,1545,1675,997,992,1576,1819,1846,1122,1899,2164,1095,967,1583,960,1495,1562,291,2215,1951,2410,849,1199,1153,2038,1617,1097,1388,1566,1251,643,1082,1642,1145,1123,1436,1601,1746,1348,2225,1217,1216,1380,1732,992,1141,1184,1218,918,976,1195,1837,748,1442,1981,937,2166,1123,991,634,1306
469,1594,240,1201,1421,1342,1820,1462,1245,1792,1128,1770,1800,1599,1718,1763,0,1194,1416,1416,1718,1449,1377,1042,1135,176,1758,815,1561,1310,1094,1255,913,1339,1312,1416,1391,1018,1331,1090,1536,1015,1308,1379,1841,1233,1236,1322,1158,1478,1203,1703,1864,1360,1553,1458,1434,1200,1892,1142,1798,1895,1887,1902,1238,1332,921,1833,1119,1750,1000,1259,1276,1830,1819,1503,1159,1294,1854,1398,1259,1999,1824,1880,837,62,1417,1764,1694,1458,1112,1822,1482,1237,1046,1116,1353,1807,1342,1208,1346,1426,1728,641,1477,1309,1157,515,1580,1941,1764,550,1311,1344,916,1165,819,1865,1482,1494,1008,1933,997,1336,1847,1139,1221,568,1113,1537,913,1111,1285,975,2005,1879,212,1228,1016,1457,1156,1138,1245,1252,1321,1683,1817,1490,1568,1212,1928,1891,1554,1077,234,1198,1419,1215,1150,1318,1288,1162,1004,1357,1132,1645,1341,1059,87,1490,1166,1488,1423,1047,1608,1091,1266,1246,1816,1137,994,1310,1355,1025,1326,1441,843,1314,1434,1053,944,1397,1227,1762,1201,679,1533,1941,931,1257,1155,1423,944,1162,227,1654,1477,1321,1475,1541,1561,578,1322,1380,1708,1192,1528,1862,997,1786,1091,1098,1239,963,1376,1209,1348,1340,1112,605,1717,1271,1371,1825,1223,1839,1272,1132,1122,1819,634,1669,415,1496,1132,1259,957,1821,1372,1083
1102,1219,1198,1501,925,1776,2148,1121,244,2092,1532,2105,1909,896,1799,1118,1160,0,2077,1403,1799,2028,1896,1720,1710,1060,1592,532,2160,1177,1241,1605,1195,1713,1091,645,1969,1347,1516,55,1244,738,1717,2143,1275,1468,1720,1498,1545,1845,197,1531,2586,1453,1696,1577,1602,1609,2058,1209,1911,1602,1342,1404,2080,642,1340,1266,1509,2394,1092,2361,2144,1898,1900,926,1284,1924,2141,1574,1971,1735,2160,1840,1172,1188,1604,1114,906,617,1217,1780,589,1475,1426,1494,1061,1813,1633,1673,1258,2188,1059,1285,1141,1449,255,975,1849,1369,1445,1326,488,2182,955,1266,1208,1302,890,1310,2347,2088,2221,1967,1184,1548,1172,1343,2181,2107,631,1894,1256,513,1720,755,1382,952,1865,1159,1547,1261,561,2468,2381,2354,1898,1323,789,1320,1676,986,1147,2420,1208,1078,1112,1329,127,318,1276,1316,1682,1388,1257,2192,2467,2472,1183,943,1394,1322,1220,1624,1810,1455,1999,1652,1897,1203,1308,307,2177,748,1697,752,1775,2432,1164,1147,1399,1272,2114,1768,2297,1614,641,1631,1150,472,134,1950,1327,771,1319,998,947,1759,754,2408,2130,1091,2207,705,1052,182,1347,1203,1085,982,2197,2435,1681,681,1285,2429,1539,1218,1777,959,1723,1627,1281,1594,1497,2084,1691,2179,744,1637,1570,2242,1351,1454,345,474,675,1639,2263,2213
1469,1923,1147,1377,794,1876,2275,1108,1930,2174,1396,2232,2226,1072,2219,1126,1173,1935,0,1352,2219,2192,744,1542,1420,1343,2143,2245,2538,1257,1144,1123,1291,1455,1423,1854,916,1216,1160,2104,1330,2200,1491,1053,1440,1422,1888,1379,1141,2424,2097,1575,2519,1502,1569,1997,2290,725,2180,829,2228,1981,1730,1792,608,1921,1150,1440,1130,1206,986,1379,722,2187,2218,2400,1389,1007,2118,1433,1028,2139,2287,1775,1295,1409,1214,1017,2591,1496,1081,1343,1495,1433,1862,1112,2234,2140,1943,644,1392,1017,1394,1487,1156,1864,2014,1119,2533,1596,1111,1502,1897,1133,1276,1340,1324,1416,1570,1108,1816,2229,1965,1939,1174,1410,1113,1473,852,728,2343,882,1355,1872,2124,1398,1368,1957,1265,929,1147,1131,1800,1727,1035,932,2216,1137,1418,984,2048,1246,2452,1191,1162,1174,814,1200,2039,1940,1631,1455,635,1668,1365,794,1588,1243,1179,1052,1131,1136,1272,723,1640,1545,578,723,2213,823,1180,1962,779,2108,1741,1624,1495,1176,2060,1234,1148,1364,656,2138,1470,1468,1492,2039,1528,1822,2044,853,1012,1790,1456,1077,1099,1866,1599,2563,671,1109,1062,1587,1138,2085,1385,1109,978,962,991,1559,552,1990,1173,1680,1179,1311,1877,939,2157,1140,1414,2145,556,2109,911,2114,1912,2151,1473,845,1386,1663,2030,1824,1995,2149,872,1204
1251,1450,1297,2006,1560,944,1451,2002,1410,1347,1044,1394,1249,1294,1172,1998,1142,1162,1633,0,1172,917,1495,922,1231,1105,1353,995,1223,1372,1422,1324,1942,1346,1112,1534,866,1135,987,1149,1112,1868,1185,592,1194,800,562,917,1085,929,1175,1715,1205,1117,2121,866,1211,1193,1340,1312,1247,1371,1659,1676,1193,1272,1977,986,1034,910,1168,1673,1682,1387,1281,1213,1092,878,1416,1130,831,1470,1446,1458,630,1170,1145,2008,1404,1325,1180,1026,1094,1031,882,1049,1512,1260,1617,1162,1035,640,1015,1012,1666,909,1102,1382,1357,989,1167,1217,1220,1186,656,1505,705,1209,1108,1247,1094,1365,1542,1466,1085,1083,1092,1261,1443,1666,1197,1281,1360,1238,1414,1563,1140,1752,1418,1922,1089,1125,1286,1119,1216,1597,1279,1306,1333,1330,1501,1263,1264,988,1293,1333,1888,1220,1400,1433,1110,1128,1412,1175,1052,1819,1004,949,1157,1705,910,1303,1867,1362,1501,708,1418,1351,1278,1578,1321,1454,1501,1791,1341,1176,894,993,1358,1270,2000,1158,1425,1211,1714,1244,1310,1414,650,1309,1161,1534,1570,1299,1277,1399,1662,714,973,1286,1409,1443,1116,1250,1160,1172,1503,1340,1321,1608,1348,1210,1323,1195,1263,1107,975,1200,954,1383,1166,1386,1281,1396,1301,1400,1053,1500,1296,1390,1093,1833,1431,1511,1204,1311,992,1392,1837,1006
925,613,1508,1036,1100,2334,516,1001,1655,591,1626,455,190,1145,180,1204,1524,1661,1905,1685,0,778,1457,2233,1944,1402,160,1460,2236,1276,1515,1533,1403,1976,1571,1737,725,1230,1579,1618,1484,1135,2116,972,930,1470,1985,1519,1689,594,1610,637,1833,2219,1366,1002,688,1432,337,1545,192,262,581,600,1761,1864,1216,921,1518,1150,1173,909,1795,496,157,812,1696,831,475,1571,882,386,507,1208,1734,1453,1612,1213,711,1325,1368,2174,1349,1637,2196,1420,567,191,1011,1352,1649,919,981,1511,1220,2184,1520,1918,838,1094,2203,1641,1567,1242,1320,1715,1643,958,865,1453,996,424,783,1007,1196,1615,1205,1647,1361,1790,1239,1252,1509,1321,330,1695,1434,918,1547,1139,1693,1567,1402,1029,1150,938,155,1621,1411,1168,421,1708,863,1087,1513,1162,913,1240,1548,1709,1774,1595,1361,1884,1526,1830,1161,998,1436,1046,1434,1618,1342,1659,1949,2047,1638,1687,154,1539,1159,1719,1815,970,1941,972,1544,1098,509,1459,1229,1487,1802,193,955,1459,1400,329,1313,1384,1554,1582,1360,1911,1489,1346,1006,2053,1021,1762,1721,2047,1199,1039,1362,1597,1817,1284,1159,1162,1188,1130,1714,1291,1597,1064,1745,1309,2332,1915,182,1595,1615,158,1530,706,771,742,1881,152,1172,1877,1509,2194,1591,1386,1284,154,1905,1311
941,951,1093,1476,1325,2058,736,1440,1955,703,1438,678,565,1512,451,1436,1111,1960,2123,1311,451,0,1568,2076,1842,949,792,1801,2015,1180,1358,1434,1287,1873,1669,2054,330,1075,1423,1929,1582,1450,2013,594,1303,1370,1745,1362,1532,192,1914,1009,1649,2207,1318,1843,551,1654,610,1775,523,663,952,969,2080,912,1610,1294,1362,755,1019,1128,930,725,565,657,1539,518,698,1414,574,777,730,1049,1077,1012,1455,1445,675,1657,1212,2076,1681,1852,2039,1264,1015,565,2596,1842,1461,642,1353,1069,1201,2040,1844,1362,696,1473,2046,1198,1892,1358,963,1619,1160,1330,1203,1358,1214,647,1001,2445,1569,1458,1304,1197,1469,1109,1574,1352,1607,1644,721,2020,983,1249,1865,1364,1536,1411,1730,1247,1367,1366,563,1461,1826,1013,970,1718,708,1306,1100,1010,1100,1085,1865,2011,1872,1438,1851,1785,1370,1043,1276,1219,1025,1496,1337,1458,1231,1881,1791,1878,1151,1909,562,1769,1005,2021,1038,1283,1842,1311,1082,1317,852,1302,1628,1331,2114,487,1173,1040,1733,719,957,1708,1869,1692,1592,1133,1074,1722,1197,1884,1374,1266,1144,1423,1306,1369,1766,1904,1659,1656,1006,1386,1296,1245,1948,1554,1441,1282,1589,1233,2056,1224,442,1496,1459,790,1764,993,327,960,940,784,732,1055,1079,2031,2055,1710,1620,786,1277,1389
1428,1785,1346,1522,714,1420,1594,964,1760,1476,1219,1536,1840,1060,1917,1037,1140,1765,714,1238,1917,2125,0,1414,1281,1309,2041,2080,2947,1721,1206,1174,1398,1319,1343,1946,2161,2113,1226,1944,1251,2007,1640,946,1501,1038,1437,997,993,2065,1929,1437,2924,1366,1717,1834,2152,568,1878,938,1887,1873,1590,1652,468,1981,1235,1492,1188,2586,2060,1014,467,1475,1905,1679,1003,906,1411,1255,1118,1804,1588,1627,1457,1370,1067,910,1870,1334,934,1161,1333,1264,1414,1166,2040,1830,1769,504,1007,1100,1383,1483,975,1706,1859,1098,2395,1468,1157,1239,1801,912,1187,1160,1234,1405,1429,1156,1103,1505,1252,1462,1162,1233,898,1221,122,443,2178,638,1276,1719,1789,1503,1102,1807,718,849,1207,984,1638,1014,703,909,1903,986,1258,2055,1909,1080,1730,824,1129,2023,734,2123,1880,1770,1551,1058,495,1241,984,653,871,1105,1383,1028,1200,986,1134,1122,1208,1414,441,1122,1906,932,2046,1792,638,1927,1577,1488,1393,836,1921,1667,1236,1185,518,1828,1138,1178,1332,1744,1419,1667,1884,124,957,1854,1412,1065,931,1413,1463,1990,437,2559,335,1576,1126,1919,1202,1097,2046,882,297,839,951,1979,1027,978,1034,1134,1717,924,1850,1194,1237,2043,943,1396,1948,1400,1973,2049,1401,704,1334,1231,1860,1669,1984,2047,729,990
1025,1261,1035,1899,1730,522,1902,2221,1430,1108,1828,1859,1711,1577,1629,2217,1258,1424,1863,608,1629,1381,1708,0,820,1290,1774,1256,1398,2167,1819,1959,1880,786,1205,1531,1343,1602,1731,1411,1219,1396,629,1073,1226,1412,152,1698,1515,1401,1437,1033,1377,769,2410,460,1693,1687,1803,1864,1709,920,1251,1255,1390,1538,2307,1478,1821,1391,1635,1239,1890,1850,1734,1642,1522,1361,1876,1560,1310,1924,1914,1097,973,1042,1521,2229,1833,1346,1650,1203,1624,1228,319,1836,974,1718,1228,1642,1820,1121,1512,1284,2229,352,1362,1139,1839,1486,936,1279,1788,1344,1097,1936,983,1238,1397,2044,1276,1842,970,1078,1594,1678,1464,1316,1371,1550,1510,1210,1488,1283,908,1543,1056,1149,1655,2124,1519,1912,1315,1071,1150,2153,1732,1741,1633,1798,912,1809,1693,1367,1034,1800,1735,1687,1715,1749,1211,1504,1367,1085,1839,2029,1378,1317,1245,2281,1361,1738,1818,1911,1424,100,1931,1572,1731,1858,1788,1771,1676,1389,785,1214,1206,1135,971,1740,1930,1945,1663,1673,1037,999,1335,930,1098,1338,1717,1443,1530,1890,1222,1682,1840,106,1212,892,1909,1368,1281,1548,1680,1434,1800,1342,1788,2142,1549,1142,1540,1506,1660,1071,1736,1641,524,1390,1628,1803,1678,1848,1834,1860,1539,1113,1562,1842,1357,2040,955,1261,1467,1339,1510,1844,2048,1391
1177,991,1123,1834,1914,544,1728,1703,1420,1806,1083,1675,2175,1245,1988,2052,1370,1415,1716,959,1988,1644,1547,495,0,1147,2380,1506,1397,1410,1061,1052,2296,183,1222,1829,1586,1240,953,1402,1250,1146,328,1317,1174,658,569,974,775,1644,1425,965,1666,446,2329,601,1945,1562,1868,1473,2219,2261,1176,1184,1544,1535,2344,1414,1073,1635,1273,1875,1721,1818,2082,1608,782,1607,1752,820,1552,2094,1727,1088,1357,1133,769,2065,1813,1583,1283,1485,1584,498,416,1088,959,2168,806,1509,1074,1365,1197,1663,2062,520,1628,1178,2091,1182,1419,1374,1768,950,1416,1180,1361,1184,1338,1284,911,1700,1742,656,1259,919,1037,1697,1238,1701,1495,1277,1265,1265,2112,1813,1377,1351,1520,1611,779,1164,1549,1112,1202,1651,2080,1003,1586,1434,2360,1732,1554,1182,1124,1438,1921,1325,1408,1733,1236,752,1518,315,1091,1539,1185,1132,1359,1755,904,1000,2225,1804,665,514,1770,1795,2079,1468,1425,1759,1536,1376,319,1166,1590,1184,940,1374,1958,1197,1528,2166,1915,1102,1571,2034,1409,1312,1409,1577,1761,1561,1113,1606,2054,508,1402,1134,1738,1413,1378,1242,1324,1422,1056,1278,1425,1624,1381,1190,1451,1488,902,929,955,1275,546,1193,1988,1070,919,2382,1428,1598,1726,1700,1887,2388,928,1867,1260,511,1461,1585,1236,2386,1878,1207
630,1482,218,1135,1643,1370,1891,1400,1132,1791,1356,1848,2015,1477,1811,1397,209,1081,1112,1554,1811,1635,1084,1068,1385,0,1707,699,1623,1073,1089,1244,1863,1358,1535,1306,1490,1215,1326,974,1229,904,1332,1535,1739,1233,1270,1316,1151,1586,1090,1587,1605,1382,1473,1233,1538,934,2065,2037,2017,1990,1769,1786,1167,1221,2023,1731,1343,1750,987,1004,1217,1831,1908,1600,1152,1294,1857,1153,1259,2006,1906,1899,969,236,1413,1398,1791,1348,1102,1487,1372,1237,1071,1108,1238,1893,1357,1138,1339,1583,1607,654,1709,1107,1041,398,1688,1835,1740,563,1198,1071,1048,1155,951,1764,1379,1480,966,2036,960,1352,1730,1134,1178,581,1058,1467,798,1064,1243,859,1991,1765,449,1116,1157,1396,1388,1365,1132,1201,1049,1331,1906,1477,1451,1196,2057,1777,1651,1033,166,978,1641,1200,1036,1203,1505,1399,1143,1370,1124,1302,1067,1228,235,1724,963,1476,1876,1187,1608,1346,1206,968,1905,2031,1184,1196,1564,914,1113,1338,844,1261,1326,1041,2073,1387,958,1854,1152,681,1423,1902,1063,1144,1041,1122,1853,1511,375,1539,1709,1349,1369,1909,1234,462,1260,1267,1593,1078,1515,1740,984,1419,1256,1273,1162,848,1371,1157,1113,1100,1135,477,1809,1521,1130,1768,949,1842,1374,1939,1469,1762,636,1322,417,1244,1019,1146,842,1764,1312,1254
1110,602,1281,1237,1095,1096,696,1202,1643,728,1727,638,266,1193,482,992,1294,1649,2088,1447,482,540,1592,2193,2114,1162,0,1448,1856,1446,1616,1680,1386,2146,1689,1725,480,1331,1680,1605,1602,1139,2286,735,975,1650,1874,1620,1789,351,1598,683,2218,2387,1352,1013,556,1681,223,1731,264,310,627,646,1790,1852,1202,966,1619,905,1277,1086,1934,682,213,918,1796,652,656,1672,705,525,690,1475,1198,1226,1720,1207,814,1313,1469,2311,1337,1814,2156,1521,570,277,1237,1384,1750,784,1026,1276,1214,2144,1508,1573,706,1139,2328,1405,1555,1420,1086,1855,1279,1003,854,1600,1172,607,959,1019,1240,1717,1322,1405,1494,1912,1228,1373,1627,1309,469,1743,1197,907,1576,940,1793,1668,1390,1205,1327,1127,211,1722,1475,1272,425,1756,969,1266,1292,1266,1098,1341,1536,1697,1892,1703,1393,2056,1627,1971,1339,1177,1208,1040,1616,1719,1097,1838,2048,1999,1759,1866,208,1725,1263,1707,1937,974,2114,961,1225,1277,499,1560,1467,1588,1825,228,1131,1243,1388,469,1080,1372,1542,1717,1547,1899,1276,1391,1001,2005,1009,1774,1844,1636,1331,1027,1417,1585,1918,1332,1263,959,1321,1308,2004,1280,1700,1240,1847,1461,1097,1903,183,1744,1717,1,1717,954,538,918,1869,8,935,1999,1279,2295,1579,1374,1273,6,2022,1406
1362,832,1111,1814,933,1572,1764,1159,677,1730,1338,1714,1461,1002,1310,958,1072,649,2178,1202,1310,1413,1994,1517,1247,972,1142,0,2443,1020,1304,1420,1417,1509,1198,863,1481,1156,1093,526,1130,214,1253,1640,1106,1268,1256,1079,1120,1352,633,1317,2004,1284,2007,1408,1099,1767,1267,1618,1463,1226,1092,1212,1874,774,1582,1097,1089,1906,1128,1994,2265,1536,1257,1824,1125,1415,1745,1380,1465,1377,1768,2020,1805,1100,1409,1156,1722,900,1059,1618,924,1276,1519,1077,600,1321,1465,1465,1097,1685,1156,1197,976,1281,597,886,1350,1195,1307,1239,819,2448,1884,1339,1787,1133,728,1397,2071,1691,1857,1764,1090,1354,2352,1253,1991,2227,100,1991,1144,222,1361,1237,1296,449,1659,1170,1355,1102,669,2104,2247,2445,1255,1168,994,935,1263,1311,1875,2186,1122,1111,1124,942,584,747,960,1395,1474,1221,1325,2292,2364,2099,1095,984,988,1167,1432,1732,1615,1286,2099,1760,1252,1612,1117,740,2277,224,1493,687,1691,2329,694,1194,1616,1345,1909,1272,2030,1530,976,1272,1899,676,588,2044,1433,1054,1231,1111,1179,1555,544,1828,2250,1003,2074,809,1152,623,1441,1305,927,1197,2064,2334,1787,154,1124,2139,1112,1060,1303,871,1227,1442,1352,1149,1603,1716,1191,1815,1033,1143,1489,2340,1273,1557,586,678,147,1145,2363,2451
1310,1955,1575,3301,2762,1206,1900,3440,2616,2350,2034,2282,1870,2192,1852,2845,1885,2608,3066,1477,1852,1668,2440,1157,1687,1960,2241,2022,0,2124,1666,2226,2451,1329,2815,2742,1974,2099,1656,2148,2334,2351,1522,1806,2543,1570,1346,2015,1727,1700,2630,1976,173,1287,2824,1170,1742,2366,2230,2928,2262,1893,2375,1963,2869,2699,2950,2541,1702,1557,1743,2552,2596,1926,1859,1799,1719,1853,1904,1681,1515,2286,1893,1467,1505,1891,2013,2852,2109,2167,2107,2598,2608,1887,1161,1717,1817,1863,1680,2345,2023,1530,2575,1715,3453,1440,2121,1798,1699,2098,2091,1702,2689,2205,1265,1765,1216,2559,2037,1839,2126,2267,2479,1389,2660,1682,2315,1753,2399,2584,2028,2280,2836,2497,1902,2351,1600,2404,2849,3376,1720,2075,2133,2148,2691,3363,2245,1807,2633,2111,1878,2860,1780,2668,1563,1750,3339,1741,2616,2645,2331,2011,2840,1433,2069,2706,2226,2621,1871,2891,1904,1806,2882,3020,1682,1198,2614,3004,1855,2922,1747,2198,3262,1942,1613,2086,1580,2215,1851,2114,2467,1738,2363,2248,2544,1810,2601,2321,1275,2580,2618,2474,2417,2260,1831,2745,3449,1450,2089,1687,2613,1799,2328,2563,2282,2628,2210,2696,2112,3398,2328,2685,2979,2032,2025,2136,1992,2099,1456,1799,2228,2225,2024,1856,2956,2313,1630,2408,2250,2244,1684,3285,1523,1879,2188,2137,2034,2242,3285,2689
1230,1427,1286,1818,1432,1386,842,1580,1181,1048,586,784,1285,943,1088,1575,1085,1422,1041,1126,1088,1206,1841,1338,1006,1296,1417,1232,1759,0,503,498,1686,1030,1756,1260,1249,214,565,1408,1669,926,1165,1217,1903,565,1405,507,681,1188,1182,1429,1741,1276,1597,1430,1359,936,951,1148,1333,1291,1576,1593,913,1301,1739,1895,498,1674,247,1049,1245,916,1197,651,688,1414,839,566,1464,1334,836,1934,1389,1081,616,1590,856,1255,348,1161,1044,746,1258,400,1489,1266,1657,1747,626,1265,1095,1306,1584,1360,1337,1034,1509,2079,1161,1579,1465,1384,1322,660,1461,1927,1679,412,1135,913,922,1507,957,620,1462,1325,1735,1224,1006,1419,1694,1236,1176,1465,1074,1729,1952,1461,685,549,1230,1168,1290,1261,1195,611,1252,474,1389,1118,597,1229,1295,410,1440,297,1165,1438,1906,599,1738,952,506,1143,1302,1140,1079,1645,520,608,1635,1386,929,1352,1076,1142,1194,1380,466,1467,1377,1110,1009,1797,1562,1240,1335,135,1752,469,1752,1264,1094,1073,1032,1259,1315,1273,1167,915,1366,1325,1078,1232,1305,1346,2132,1369,1044,1023,1569,970,1219,1179,806,968,256,1221,1558,1271,1333,996,602,1203,754,334,1389,1051,1062,567,619,1419,1081,783,1047,881,1605,1425,1123,1386,1205,1170,1224,1055,1208,1423,1400,1449
1214,1754,1076,1596,1562,1273,1200,1709,1503,1259,309,1140,1604,1236,1404,1411,1321,1499,1381,931,1404,1297,999,1227,901,1315,1777,1079,2012,644,0,644,2108,925,1883,1605,1293,646,79,1228,1756,982,1060,1022,1163,438,1295,4,361,1184,1247,1776,1991,1172,2039,1324,1526,1032,1280,1493,1652,1652,1947,1962,1222,1647,2169,960,300,1340,679,1312,1373,1258,1509,1016,368,1310,1194,396,1262,1543,1192,1822,1194,1317,388,1423,886,1111,570,1214,1346,596,1148,317,1833,1589,1553,984,299,1070,983,1599,1418,1250,1171,1069,1448,976,1215,1324,1546,1503,1137,770,1276,1173,2009,520,1398,1150,1185,1402,1253,552,1584,1625,956,1352,1288,1684,1781,1312,1512,1559,1314,934,991,1591,365,393,1088,1431,1555,1650,1507,596,1110,839,1749,1204,962,1494,1082,841,1299,728,1485,1256,1980,371,1197,841,320,1510,1564,1407,1087,1468,317,593,2044,1241,746,1238,1426,1492,1506,1486,831,1545,1247,1178,897,959,1377,1505,1663,565,1810,426,999,1587,1357,1301,1103,1484,1130,1122,1231,1232,1219,1389,1084,1103,1705,1232,952,1237,1389,1059,1832,1042,1094,1502,791,1051,831,1329,1822,1535,1446,1277,534,1466,493,521,1275,1312,1387,711,551,1779,1175,1041,1138,1144,1392,1785,923,1255,1005,893,1287,1356,1061,1783,1529,1573
1396,1674,1493,1956,1239,1645,1128,1652,1609,1274,423,1068,1540,1301,1340,1364,1516,1329,1356,1343,1340,1312,972,1603,1260,1502,1704,1176,1843,614,515,0,2221,1283,1210,1698,1356,627,457,1317,1152,1310,1418,1428,1029,798,1687,519,462,1199,1332,1707,1826,1363,2064,1273,1541,1256,1210,1531,1588,1579,1874,1889,1011,1753,1895,1239,387,1781,775,1335,1094,1276,1445,946,469,1526,1120,340,1577,1618,1121,1314,913,1252,391,1377,1151,1428,360,770,1188,1025,1527,416,1107,1526,1034,1192,460,1473,1046,1783,1653,1620,1520,1451,1463,1263,698,1786,1360,994,1527,219,1111,1251,1183,359,1420,1198,1207,884,1091,393,923,1496,931,1299,1161,982,1179,1175,1443,1348,1503,1235,991,1521,466,355,1406,1453,1065,1602,1443,48,1179,769,1673,1502,892,1058,1501,822,1246,709,1315,1618,1413,374,993,1037,361,1203,1587,1429,1509,1423,740,51,2161,1516,448,1612,1383,1511,1442,1525,761,1364,1450,1302,1409,1244,921,1043,1584,476,2303,242,1206,1524,1379,1502,1421,1498,1520,1201,1590,987,1250,1781,1508,1150,1361,1606,1233,1386,1335,1438,1176,1346,1137,1329,104,1099,761,1532,1290,1558,1211,1150,376,1488,538,492,1647,1472,1322,91,392,1706,1190,1063,1153,1166,1788,1712,1098,1454,1411,706,1375,1452,1394,1710,1471,1072
1379,1171,1094,1213,1254,1935,1609,1205,986,1231,2143,1600,1430,1542,1403,1204,1102,991,1069,1608,1162,1554,1158,2271,1901,1592,1148,1456,2960,2036,1746,1839,0,2291,1897,871,1556,1623,2125,1043,1507,1656,1892,1353,2063,2069,1873,1745,1786,1227,1038,1022,2433,2327,1407,2464,1315,1181,1193,1237,1426,1363,1002,1196,1028,807,280,2055,2120,1351,1600,1377,1448,1272,1425,1435,1792,1555,1605,1809,1305,1172,1331,2814,1661,1099,2214,1443,1413,1620,2084,1980,1604,2077,2274,1744,948,1191,2560,1241,2130,1328,1609,1240,1223,1912,1121,1878,1104,2166,2359,1124,1114,1391,1648,1775,1403,2086,1705,1820,1314,1331,1369,2114,1629,2159,1447,1144,1405,1461,1554,1310,1829,1380,1169,949,1626,1693,1251,1548,1788,2136,1421,1335,1616,1152,1423,2213,1416,1601,1120,1458,1458,1333,914,1916,1505,1608,1090,985,1535,2199,1239,1877,1764,1464,1366,1346,1117,1446,1995,2212,209,1565,2004,1918,1387,1593,1172,1231,1921,1018,1456,1666,1884,1562,1304,1343,1184,1655,192,2150,1244,1439,1588,973,1655,1153,1649,1441,1095,1427,1383,770,956,1465,1229,2318,1610,2930,1459,2007,1225,1506,1476,1027,2243,1639,1924,1573,1473,1630,1737,1608,1791,1564,2148,1726,1936,1875,1434,1858,2157,1385,1553,1601,1135,1621,896,1379,1356,1233,976,1953,950,1443,1600,1381,1212,1599
1372,1213,1326,2239,1626,470,1912,1742,1719,2001,1275,1869,2389,1262,2197,2099,1108,1418,1757,914,2197,1677,1593,487,209,1125,2463,1249,1605,1565,1241,1404,1897,0,1287,1519,1655,1425,1100,1405,1312,1148,195,1402,1435,837,563,1114,945,1718,1725,982,1312,362,1949,530,2018,1597,2035,1493,2377,2278,1195,1202,1582,1537,1934,1185,1224,1702,1458,1102,1769,2002,2415,1793,952,1689,1889,987,1657,2305,1878,1258,1364,1337,949,2112,2008,1595,1133,1648,1595,684,408,1237,962,2321,903,1280,1224,1447,1212,1632,1747,518,1352,1409,2164,1195,1584,1628,1774,995,1488,1358,1380,1448,1121,1444,951,1969,1934,753,1276,1087,1086,1381,1540,1449,1241,1100,1099,1270,2273,1514,1348,1361,1290,1996,949,1314,1292,1162,1038,2040,2413,1166,1324,1615,2473,1754,1739,1021,1099,1637,1632,1510,1704,1439,1299,932,1555,516,1242,1579,1026,1183,1099,2166,1120,1163,2219,1835,851,313,1503,1824,2396,1488,1606,1763,1576,1142,22,1179,1597,1023,1143,1481,2357,1347,1566,2319,932,1073,1310,2245,1477,1319,1707,1623,1786,1888,1084,1628,2102,307,1418,1217,1479,1159,1180,1513,1622,1425,1239,1565,1606,1666,1182,1243,1783,1493,1070,1169,1103,1459,472,1426,2148,1253,1087,2465,1454,1798,1914,1891,1888,2471,1760,1587,1230,708,1767,1320,1239,2469,1926,1042
1552,2213,1553,1413,1326,1185,1546,1379,1092,1439,1608,1488,1767,1499,1837,1434,1584,1318,1546,1343,1837,1660,1089,1455,1012,1271,2033,992,2331,1483,1492,1221,1571,1066,0,1360,1694,1587,1553,1084,240,1133,1355,1932,1862,1910,1239,1496,1655,1528,1086,1627,2793,1346,1246,1266,1908,1477,1777,1201,1814,1810,2022,2036,1566,1198,1985,1862,1579,2119,1540,836,1283,1440,1839,1644,1491,1961,1415,1524,1994,1750,1540,1276,1188,1577,1564,1319,1846,915,1337,1425,1119,2068,1452,1389,2298,1758,1391,1481,1631,1975,1816,1773,1444,1433,1244,1142,1817,2468,1419,1475,1320,596,1170,1396,1209,1838,2292,1183,1059,1456,1209,1389,1588,1555,462,1778,1034,1277,972,666,265,965,1735,1222,1283,2329,1354,1463,1488,1547,1104,969,641,1235,1837,1305,1704,1536,1897,1519,1697,633,1568,1690,1346,1598,1295,1088,139,1547,1490,1170,1553,1290,1046,864,1584,1347,1866,1308,1857,1555,1293,1431,1100,1555,1834,1195,1527,1113,1264,1127,1274,2522,1400,618,2260,1420,1648,1434,1596,1756,930,1605,1107,1690,1156,1154,1296,1208,1388,1466,1602,1534,1415,1183,2497,2091,1186,1131,867,1991,1552,1083,1401,1530,1527,1496,963,1014,1404,958,1537,953,1685,1355,1186,1159,1777,1283,1555,2035,1386,1345,1487,1359,1225,2041,1508,1318,1248,1102,1131,956,1161,2039,1341,644
1014,1378,1529,1154,2146,1575,2260,2324,299,2384,1355,2217,2081,983,1958,2401,1478,304,1999,1270,1958,2184,1809,1849,1514,1383,1858,783,2270,1522,1329,1406,835,1835,1126,0,2111,1200,1622,357,1062,983,1525,985,1413,1580,1531,1604,1363,1991,318,1556,2252,1555,1348,2031,1748,1584,2174,1164,2083,1856,1463,1685,1656,562,1019,1404,1612,1170,1176,1123,2020,2223,2052,1217,1369,920,2255,1679,940,2036,2272,1936,1307,1485,1709,2265,1199,618,1300,1534,590,1588,1532,1322,1238,2053,1732,1692,1625,1153,1047,1124,2407,1554,399,1290,1991,1519,1508,1009,169,1140,1288,1348,1343,1069,1051,1676,2547,2202,923,1726,1108,1368,1003,1031,1908,1983,881,1775,1294,652,2021,422,1751,987,1967,922,1649,1346,708,2458,2305,2209,2050,1402,734,1421,1922,862,1248,2326,1539,1404,2166,1185,368,412,1317,1403,1683,1486,1342,2099,919,2566,1476,2327,1247,1693,888,1436,1585,1883,1914,1462,1997,1158,1167,345,2073,993,1506,1029,1220,2338,1317,1230,1060,1355,1686,2055,2328,1924,642,1932,1284,534,373,1862,1271,437,1630,939,2379,1885,896,2539,2007,1410,2288,815,1101,308,1722,1122,1169,945,2278,2341,1618,935,1657,2441,1646,1573,1903,1278,1969,1721,1652,1890,1450,2263,1847,2497,583,1884,1901,2127,1706,1546,390,537,928,1886,2157,2088
1053,949,1250,1499,1130,1929,736,1477,1922,734,1239,678,541,1471,446,1220,1290,1926,1106,1220,446,149,1602,2009,1659,1111,774,1774,1634,1141,1175,1313,1288,1686,1555,2061,0,892,1236,1906,1476,1477,1821,286,1265,1195,1672,1179,1352,203,1893,959,1951,2088,1615,1717,728,1596,625,1614,504,667,955,973,2060,918,1333,1256,1170,481,845,1135,1163,759,559,484,1359,489,703,1220,532,790,730,1261,1000,1106,1261,1483,685,1644,1020,1918,1673,1735,1972,1072,1004,470,2441,1688,1262,244,1316,1180,1488,1978,1810,1518,874,1475,1910,1309,1881,1452,866,1468,1086,1293,1207,1209,1218,650,1002,2290,1541,1255,1258,1308,1520,951,1547,1370,1501,1688,734,2007,1129,1235,1845,1162,1356,1204,1725,1251,1338,1403,557,1278,1764,839,943,1641,536,1278,1217,849,1368,902,1842,1982,1767,1244,1697,1606,1178,1075,1371,1204,1270,1269,1156,1275,1232,928,1605,1801,1190,917,556,1608,831,2036,1292,1310,1676,1302,953,1289,863,1123,1348,1134,2086,468,1180,1166,1725,732,860,1699,1847,1721,1511,1139,1200,1694,1228,1807,1377,1503,1183,1581,1349,1358,1710,1883,1475,1601,831,1425,1339,1341,1861,1529,1237,1286,1387,1053,1923,1334,420,1375,1255,772,1693,984,449,959,1141,766,860,1314,1226,1809,2022,1701,1594,768,1089,1422
1411,1473,999,1760,1162,1204,804,1548,1119,997,446,746,1196,1723,1226,1544,1230,1116,1007,972,1226,1177,1772,1226,847,1006,1373,957,1738,511,363,537,1961,877,1711,1449,1223,0,425,1333,1548,2070,1010,1053,1777,383,1295,367,553,1098,1121,1374,2077,1123,1550,1276,1384,1421,901,1326,1244,1182,1467,1483,1569,1239,2024,1768,354,1356,33,1033,1212,876,1260,544,560,1343,798,414,1303,1278,798,1932,1240,1014,463,1558,660,1184,203,1152,1189,570,1147,256,1520,1180,1588,1588,484,1102,1827,1239,1286,1253,1262,1168,1534,1987,1094,1499,1392,1354,1288,678,1406,1804,1736,427,1116,878,900,1437,1813,455,1420,1520,1686,987,1139,1361,1573,961,1101,1157,1007,1771,1946,1188,557,388,958,1149,1236,1232,1258,479,1182,65,1376,1067,490,1175,1006,200,1168,26,1333,1129,1880,446,1579,790,362,1118,1269,1102,1223,1612,342,476,1898,1332,787,1166,1047,1096,1255,1320,46,1393,1346,1848,859,1832,1528,1186,1388,307,2040,326,1582,1178,1078,1008,1175,1184,1281,1200,1105,1891,1306,1526,1223,1168,1545,1160,2329,1144,1018,957,1515,1100,1156,1118,675,915,42,1450,1504,1238,1279,934,438,1184,667,205,1206,1189,1198,606,454,1373,1036,745,1018,856,1267,1379,1433,1357,932,975,1162,1201,1132,1377,1134,1401
1471,1735,1085,1947,1310,1254,1084,1729,1520,1205,183,1024,1458,1039,1484,1427,1102,1255,1401,1035,1484,1238,1015,1275,897,1098,1650,1320,2000,531,123,513,1759,926,1612,1343,1284,600,0,1243,1464,996,1059,1116,1181,448,1343,127,249,1118,1523,1652,1979,1171,2059,1324,1481,1267,1163,1512,1506,1465,1756,1772,1028,1664,1809,975,174,1419,733,1308,1153,1148,1588,909,256,1403,1069,287,1363,1555,1077,1933,1301,1099,431,1440,1124,1360,376,1150,1130,610,1196,191,1802,1443,1589,1209,173,1165,1206,1332,1733,1300,1431,1080,1409,1197,1071,1610,1295,1447,1347,676,1472,987,1111,425,1391,1157,1175,1438,1272,225,1200,1355,1174,1372,1305,1638,1489,1101,1373,1306,1096,948,1217,1611,253,267,1332,1424,1515,1383,1586,533,1359,727,1653,1220,855,1455,1090,810,1589,683,1502,1534,1715,414,1008,845,194,1267,1546,1380,1323,1793,407,530,2060,1258,659,1216,1446,1251,1519,1247,719,1562,1526,1194,914,974,1587,1466,1650,450,1823,300,1226,1441,1353,1084,1118,1456,1340,1137,1504,1037,1492,1694,1091,1119,1428,1210,967,1219,1409,1293,1793,1056,1110,1258,729,1067,719,1625,1782,1517,1466,1072,418,1459,203,407,1256,1097,1462,582,434,1652,1439,1017,1079,1131,1406,1658,1121,1272,1013,847,1572,1374,1299,1656,1282,1510
1466,1237,1205,1454,926,1457,2125,930,217,2248,1517,2082,1948,911,1833,928,1176,223,2337,1387,1833,2061,1940,1704,1694,1069,1735,465,2594,1165,1484,1591,1182,1697,1309,644,1988,1103,1501,0,1023,670,1409,2213,1286,1452,1704,1228,1267,1867,191,1410,2130,1439,1649,1889,1607,1699,2040,1168,1950,1718,1321,1547,2035,532,1351,1277,1237,2413,1304,2538,2150,2085,1927,1103,1537,1959,2120,1559,1993,1900,2138,2207,957,1181,1589,1117,2214,592,1205,1464,564,1460,1707,1479,976,1920,1957,1665,1246,2259,1026,1293,947,1734,258,982,1852,1392,1732,1326,459,2190,942,1254,1193,1315,920,1568,2217,2068,2399,1951,1364,1269,1164,1363,2145,2108,563,1904,1247,519,1885,729,1425,882,1822,1159,1532,1249,575,2574,2436,2358,1926,1583,769,1305,1785,943,938,2445,1215,1066,1113,1088,131,297,1267,1304,1674,1661,1245,2429,2492,2624,1173,946,1141,1582,1231,1645,1795,1741,2249,1671,1925,1162,1070,334,2403,680,1392,889,1820,2457,1071,1134,1410,1521,2063,1879,2168,1612,616,1796,1134,451,138,1993,1346,763,1327,1040,950,1743,754,1981,2137,1105,2148,701,1105,181,1335,1038,1073,1187,2138,2460,1698,618,1273,2300,1262,1206,1761,973,1831,1335,1532,1753,1530,2251,1713,2360,727,1747,1577,2455,1381,1741,318,453,611,1749,2487,2222
1835,2040,1246,1332,1128,1454,1374,1185,1245,1274,1406,1317,1605,1307,1673,1242,1271,1030,1357,1342,1673,1474,918,1472,1035,1484,1859,936,2818,1282,1294,1023,1820,1087,187,1283,1510,1372,1355,1236,0,2458,1140,1745,1667,1684,1252,1298,1455,1344,1024,1472,2796,1136,1424,1556,1718,1326,1616,1004,1653,1646,1852,1866,1377,1136,1579,1667,1378,1935,1326,648,1088,1279,1673,1479,1290,1778,1247,1324,1811,1580,1369,1590,1416,1528,1364,1126,1680,1608,1139,1230,1607,1845,1217,1191,2272,1592,1185,1295,1429,1789,1621,1716,1253,1203,1172,1321,1635,2274,1214,1725,1030,403,1393,1196,1194,1643,2122,983,892,1293,1041,1428,1394,1359,269,1719,863,1066,916,474,25,1096,1565,1143,1500,2159,1170,1265,1287,1346,1964,802,448,1032,1671,1108,1538,1321,1869,1363,1531,440,1520,1475,1148,1382,1011,1026,409,1347,1304,1199,1352,1099,857,674,1536,1151,1645,1111,1781,1359,1093,1202,906,1359,1668,998,1312,1052,1070,2398,1075,2326,1376,425,2118,1219,1584,1233,1406,1590,742,1560,1622,1520,1376,1964,1012,1037,1232,1151,1288,1367,1224,1450,2301,2122,991,1307,678,1810,1381,1022,1198,1340,1312,1298,667,825,1208,2254,1341,788,1489,1154,1205,1111,1611,1088,1359,1861,1193,1177,1305,1192,1404,1867,1472,1130,1211,944,1069,1966,2259,1865,1152,451
1744,748,1499,1972,947,1451,1579,988,900,1651,1011,1521,1405,1254,1267,985,1449,904,2265,2187,1267,1347,2089,1156,1384,1355,1113,503,1946,1119,1186,1084,1517,1387,938,1030,1420,2120,1203,830,2503,0,1391,1551,1043,950,1397,1186,1025,1296,870,846,1927,1428,2164,1308,1011,1788,1201,1497,1407,1138,991,1053,1862,1134,1727,1034,993,1845,2075,1945,2348,1486,1194,1733,1244,1375,1544,1046,1409,1324,1569,1899,2204,1456,1291,986,1635,910,965,1260,939,957,1158,1186,530,1260,1648,1505,1208,1596,1094,1574,1210,1180,779,1260,1259,1144,1479,1599,844,2286,1994,1226,2124,1071,657,1287,2024,1493,1808,1359,1324,1024,2282,1633,1986,2309,506,2098,2528,655,1309,1424,1721,380,1651,1187,1239,1215,673,2057,2165,919,1192,1075,1060,2070,1190,1397,1785,2104,1509,2082,945,2130,814,959,1096,1277,1514,1120,1002,2365,2206,2027,1447,1016,2414,1297,1576,1756,1498,1185,2180,1782,1189,1491,2061,1014,2339,40,1135,536,2012,2115,617,2354,1752,1230,1890,1209,1986,1895,991,1220,1986,656,820,2141,1462,1187,1601,1155,1002,1433,573,2089,2343,1380,1990,614,1011,859,1330,1378,2061,1005,1980,2172,1810,405,1241,2090,1015,1166,1452,1248,1159,1332,1023,1079,1642,1652,1121,1763,1158,1073,1535,908,1676,1437,911,658,410,1075,2421,2423
1320,1020,1074,1874,1669,192,2004,1782,1427,2131,1381,1961,1889,1281,1824,1778,1083,1422,1801,816,1824,1611,1358,327,370,1103,2042,1513,1260,1712,1401,1530,2285,218,1122,1842,1532,1558,1249,1701,1377,1152,0,1274,1204,979,413,1237,1099,1594,1731,1211,1243,319,1969,443,1894,1634,2174,1829,1887,2005,1217,1013,1622,1858,2327,1451,1371,1577,1591,958,1819,2141,1918,1927,1106,1564,2027,1142,1525,2447,2016,1295,1212,1082,1115,2160,2142,1608,1292,1774,1331,820,251,1384,966,1891,939,1586,1372,1322,1229,1326,1787,359,1639,1397,2039,1461,1710,1597,1475,1259,1336,1511,1232,1215,1135,1594,993,2107,2069,789,1294,1260,1137,1357,1587,1490,1246,1382,1392,1541,2420,1844,1093,1372,1598,2049,1103,1461,1573,1215,1308,1728,1915,1318,1614,1749,2179,1777,1873,1066,1297,1770,2022,1643,1710,1444,1130,1098,1320,679,1389,1958,1072,1237,1295,2214,1263,1315,1832,1545,977,157,1543,1855,1914,1823,1740,1768,1617,1384,212,1441,1445,1290,956,1628,2349,1494,1606,1850,1177,1044,1595,2387,1330,1604,1712,1385,1812,1565,1056,1651,2152,151,1190,1089,1521,1149,1221,1265,1647,1727,1365,1588,1740,1711,1223,1298,1815,1499,1242,1219,1251,1592,194,1413,1802,1370,1260,2044,1788,1945,1731,2026,1564,2094,1611,1629,993,832,1466,1605,1245,2096,1636,1086
1233,887,1219,1358,1533,1658,926,1644,1868,928,1501,868,703,1554,643,1640,1263,1872,1272,975,643,412,1143,1764,1713,1281,927,1714,1495,1284,1398,1496,1634,1746,1647,1190,328,1118,1417,1857,1568,1418,1884,0,1347,1276,1324,1357,1529,400,1839,1160,1476,1833,1756,1461,688,1754,825,1007,701,864,1153,1169,2133,1204,1391,1338,1491,349,1069,1328,1102,953,754,665,1537,380,893,1572,424,990,920,1186,748,1450,1661,1649,866,1592,1243,936,1621,1503,1725,1295,946,709,2179,1764,1493,98,1398,1264,1655,1745,1755,1486,834,1558,2098,1393,1129,1493,623,1679,830,1375,1148,1416,1411,840,1195,2028,1623,1523,1358,1717,1628,1090,1488,1476,1593,1629,934,997,1260,1176,1914,1572,1534,1427,1670,1444,1535,1299,752,1499,1731,1063,1004,958,717,1475,1190,1019,1272,1127,1785,1926,1857,1644,1773,1660,1400,1214,1412,1400,1243,1407,1374,1495,1294,1276,1959,1556,1124,1045,751,1002,1054,1114,1209,1251,1729,1244,720,1486,802,1351,1408,1352,2159,665,1373,1230,1671,934,617,1642,1790,980,995,1236,1262,1776,1651,1562,1322,1362,1119,1549,1456,1300,1706,1827,1695,1684,1054,1594,1446,1383,1228,1466,1702,1479,1442,1281,1665,1575,617,1556,1719,893,1203,1160,530,1151,1023,887,829,1227,1195,2025,1117,1644,1536,889,1228,1517
980,807,1701,1377,1669,1259,1381,1921,932,1346,1192,1324,1083,262,1232,1943,1648,936,1543,988,1232,1502,1361,1481,1418,1525,998,1010,2106,2100,963,1242,1548,1188,1774,1061,1426,2058,978,862,1695,738,1454,1658,0,953,1491,1161,1198,1302,902,617,2087,1228,1571,1649,1187,1066,1256,903,1085,861,612,674,1189,1168,1757,6,1166,1851,2013,1641,1551,1191,1194,1649,998,1545,1347,1022,1579,1022,1376,1914,2153,1653,1048,1837,1584,619,1121,1396,663,1160,1227,951,788,1177,1675,892,1181,1702,80,1759,1952,1500,809,1468,1434,189,1129,1888,875,1579,2019,1176,2285,57,328,1010,1721,1296,1506,1382,322,1208,1478,1847,1459,1532,756,1299,1719,653,1007,807,1921,500,1097,1804,995,1178,713,1754,1456,1736,1192,1240,595,2008,925,892,1701,1718,1711,1998,1688,2068,846,991,1977,1252,1195,1142,972,1625,1765,1719,1642,1868,2347,1239,1606,1130,1469,1505,1440,1348,1189,897,1999,1046,1596,647,1174,173,2165,1730,882,2289,1782,983,1196,1175,1683,2084,680,919,2011,696,852,1412,862,1216,1795,477,1920,1247,146,1811,1540,1593,1484,317,491,891,1048,389,1999,1837,1474,1733,1197,714,1214,1789,1205,1124,1522,1461,1182,1265,1001,1000,1182,1353,1291,1463,1188,1006,1706,1656,1880,1187,1032,698,719,1004,1686,1606
1358,1776,1214,1603,1621,880,1074,1763,1473,1193,488,1014,1503,1020,1525,1758,1021,1215,1178,977,1525,1226,1254,903,526,1021,1629,1050,1896,818,769,747,1714,546,1821,1308,1319,584,350,1202,1742,1148,679,1058,1151,0,978,314,461,1106,1477,1703,1552,800,2050,924,1468,1273,1211,1242,1551,1444,1735,1751,1253,1615,2125,951,479,1361,617,1247,1427,1138,1629,957,468,1348,1059,492,1308,1496,1067,1597,1243,1230,494,1772,1172,1324,618,1399,1099,233,827,491,1843,1488,1250,1009,479,1107,976,1255,1464,931,1146,1017,1397,964,1395,1255,1520,1437,1293,971,1411,1163,2011,710,1330,1066,1114,1100,1249,525,1522,1280,994,1408,1254,1576,1767,1062,1420,1282,1229,911,1017,1653,465,569,1071,1363,1454,1701,1627,693,1097,775,1632,1456,903,1394,1010,794,1628,667,1456,1232,1972,477,1016,453,497,1566,1485,1319,1014,1512,461,690,2002,1518,856,842,1222,1250,1564,1237,767,1515,1561,944,515,1144,1533,1405,1692,719,2144,602,1024,1486,1291,1000,1313,1435,1286,1332,1207,1283,1481,1646,1008,1332,1458,836,1137,960,1445,1217,1730,1027,1323,1473,889,1050,767,1382,1719,1455,1214,1031,617,1397,362,620,793,1248,1507,814,633,1630,1191,954,1067,1069,1365,1636,1647,1303,931,813,1261,1333,1250,1634,1312,1498
995,1272,1229,2305,2119,469,1907,1862,1726,938,1514,1864,1696,1316,1628,1858,1023,1424,1563,613,1628,1396,1736,624,785,1052,1860,1517,1115,1843,1761,1820,2262,755,1497,1849,1336,1623,1633,1411,1512,1157,597,1075,1235,1350,0,1370,1461,1399,1735,1045,1325,624,2004,335,1690,1708,1819,1554,1694,1128,1264,1268,1702,1536,1901,1488,1504,1378,1656,1273,1919,1095,1732,1606,1468,1365,1900,1503,1325,1106,1919,965,899,1236,1473,1868,1807,1632,1648,1257,1349,1185,582,1517,1180,1705,1084,1378,1505,1124,1523,1264,1868,626,1362,1365,1836,1238,981,1520,1481,1380,1023,1894,921,1506,1406,1728,1083,1849,1204,934,1329,1620,1502,1297,1394,1902,1511,1494,1265,1551,1116,1548,1039,1394,1678,2154,1465,1594,1320,1099,1423,1804,1730,1682,1639,1816,925,1508,1658,1160,1227,1835,2124,1708,1420,1448,1245,1456,1673,1031,1522,2058,1170,1119,1222,1911,1386,1679,1811,1927,1368,267,1958,1915,1729,1871,1807,1770,2053,1390,829,1476,1132,1405,977,1756,2320,1627,1396,1658,1063,1181,1340,1144,1014,1341,1717,1771,1862,1563,1198,1403,2250,273,1473,769,1938,1124,1577,1555,1402,1434,1658,1352,1807,2173,1307,1414,1555,1508,1602,1097,1639,1657,481,1142,1610,1662,1620,1862,1533,1850,1535,1144,1884,1906,1296,2070,937,1219,1466,1342,1512,1908,1719,1179
1215,1833,1077,1925,1559,1205,1134,1413,1244,1248,605,1074,1555,1235,1581,1409,1095,1240,1142,945,1581,1282,1204,1226,849,1089,1688,1303,1669,938,45,640,2108,878,1882,1328,1288,648,74,1483,1788,982,1011,1027,962,387,1295,0,353,1162,1505,1763,1651,1124,2037,1278,1525,1031,1274,1234,1603,1503,1794,1810,1010,1647,1795,1158,596,1330,681,1304,1135,1251,1621,1020,360,1325,1118,384,1285,1554,1126,1927,1213,1318,459,1421,1235,1110,540,1357,1114,549,1147,608,1898,1540,1582,982,596,1076,982,1599,1416,1253,1170,1069,1454,975,1291,1325,1279,1491,1261,862,1378,970,2068,624,1387,1123,1171,1431,1036,541,1577,1626,1152,1350,1287,1633,1813,1311,1480,1557,1314,933,989,1589,357,686,1313,1420,1511,1648,1619,584,1109,838,1694,1452,966,1451,1083,858,1297,731,1229,1255,2010,442,1195,794,614,1248,1542,1376,1314,1466,312,581,2043,1240,821,1167,1424,1233,1616,1229,830,1279,1504,1177,863,1157,1501,1462,1749,856,1809,719,997,1538,1349,1078,1331,1494,1254,1354,1230,1230,1218,1388,1084,1331,1702,1161,951,1240,1148,1059,1788,1041,1319,1501,780,1050,830,1327,1777,1513,1196,1277,523,1455,461,712,1207,1312,1559,707,540,1690,1417,1013,1124,1127,1680,1696,1116,1253,1214,881,1287,1355,1061,1694,1526,1553
1284,1637,1140,1611,1278,1513,989,1694,1549,1116,520,930,1377,1048,1401,1690,1399,1279,1378,1210,1401,1149,1199,1538,1146,1390,1563,1353,2086,437,363,301,2158,1175,1534,1646,1195,499,425,1530,1386,1238,1308,1292,992,701,1625,367,0,1029,1284,1563,1710,1429,1702,1586,1386,1256,1073,1513,1425,1376,1666,1682,1016,1693,2220,1195,354,1620,635,1214,1360,1056,1441,811,52,1463,977,441,1497,1468,983,1685,1466,1394,489,1412,1026,1380,203,1057,1385,857,1462,256,1691,1360,1340,990,515,1342,1221,1672,1405,1558,1208,1356,1320,1215,989,1386,1588,1533,1519,503,1533,1000,937,270,1297,1063,1081,1190,1283,483,1130,1406,1148,1338,1106,1249,1411,1358,1288,1591,1389,1173,1202,1301,49,452,1121,1330,1421,1639,1439,230,1141,629,1566,1224,757,1361,1146,709,1285,582,1530,1561,1641,472,996,1094,362,1238,1452,1286,1152,1457,596,227,2095,1512,796,1473,1416,1505,1436,1507,621,1316,1235,1018,1164,990,1759,1372,1551,349,2237,353,1212,1358,1259,1380,1135,1371,1512,1397,1532,1223,1493,1723,1387,1360,1398,1467,982,1281,1139,1344,1698,1296,1346,1281,426,1074,621,1585,1687,1423,1459,1325,465,1365,636,314,1515,1377,1379,371,482,1565,1432,923,990,1038,1430,1571,991,1241,1292,984,1601,1398,1101,1569,1253,1429
901,811,1102,1166,1063,1969,604,1153,1795,608,1278,541,368,1349,307,1150,1151,1799,2005,1271,307,236,1474,2055,1701,954,629,1639,2053,1156,1212,1422,1482,1734,1447,1931,252,933,1273,1788,1367,1335,1872,516,1139,1236,1722,1216,1392,0,1766,830,2030,2128,1524,1759,600,1519,483,1537,366,529,823,841,1928,2035,1274,1130,1207,677,886,1009,1795,620,421,525,1399,535,575,1261,577,659,593,1340,1050,947,1302,1157,553,1521,1057,2053,1550,1402,2018,1109,877,332,2475,1816,1301,440,1190,1026,1404,2017,1682,1367,746,1345,2022,1155,1751,1330,916,1606,1133,1167,1072,1341,1092,511,876,2324,1411,1296,1140,1154,1393,1784,1417,1251,1392,1558,603,1923,971,1102,1717,1095,1396,1241,1599,1125,1212,1318,419,1315,1662,880,806,1562,577,1151,1074,890,1065,943,1714,1855,1663,1285,1825,1648,1215,1216,1245,1078,1131,1198,1197,1312,1415,1727,1646,1853,916,1753,310,1531,872,1909,1002,1170,1718,1170,1000,1162,726,1164,1289,1172,1951,330,1054,1010,1601,601,910,1573,1719,1593,1432,2105,1044,1560,1159,1859,1235,1320,913,1430,1221,1228,1634,1756,1512,1476,872,1114,1211,1214,1780,1395,1278,1160,1428,1094,1967,1176,282,1482,1296,627,1612,772,286,832,2033,621,702,1232,1068,1854,1895,1575,1466,623,1233,1301
1125,1249,1288,1325,1099,1790,2134,911,49,2253,1274,2091,1948,952,1842,909,1252,55,2347,1420,1842,2069,1855,1735,1721,1151,1859,548,2178,1428,1506,1609,984,1429,1311,445,1996,1354,1261,112,1237,753,1433,2220,1296,1223,1437,1246,1551,1876,0,1421,2608,1768,1518,1589,1620,1553,2049,1032,1951,1725,1338,1554,2046,415,1152,1287,1515,2421,1097,2544,2162,2092,1936,1123,1290,1966,2129,1309,2003,1906,2146,2233,1191,1257,1611,1093,1101,541,1476,1474,513,1230,1738,1242,1051,1930,1984,1676,1527,2269,1033,1229,928,1765,267,1061,1864,1402,1746,1112,396,2199,971,1534,1016,1324,929,1586,2233,2076,2405,1638,1077,1288,965,1133,2152,2120,646,1913,1034,528,1891,593,1515,963,1831,1139,1286,1267,584,2585,2313,2370,1934,1327,655,1326,1790,807,1153,2455,1298,1083,2501,1335,235,68,1269,1597,1685,1688,1262,2440,2502,2631,1248,925,1403,1601,1035,1381,1505,1466,2261,1407,1933,1026,1314,146,2414,763,1415,901,1104,2467,1142,1152,1211,1277,2072,1890,2183,1695,565,1802,967,457,240,1908,1216,564,1401,908,1124,1468,768,2007,2149,1185,2155,710,1070,175,1351,1091,1317,1167,2145,2471,1707,700,1560,2315,1281,1478,1483,1053,1842,1351,1554,1861,1539,2257,1725,2366,534,1757,1661,2466,1465,1462,150,460,693,1759,2498,2231
955,555,1888,1829,1895,1280,1057,2002,1483,949,1989,997,980,771,881,2041,1820,1488,1752,2168,881,1259,1389,1247,1165,1707,772,1153,2386,1677,1875,1943,1235,1187,1872,1602,1203,1536,1937,1451,1670,913,1003,1439,559,1858,1262,1879,2054,1074,1450,0,2363,1024,1167,1408,936,1096,867,1406,982,692,322,384,1267,1471,1306,550,1863,1628,1489,1142,1652,782,1091,1268,2061,1306,1051,1923,1340,557,1050,1372,1945,1826,1979,1915,1363,1173,1713,1170,1202,2015,1033,1765,923,813,1421,900,2014,1484,611,1941,2053,1262,1348,1645,1184,766,936,2071,1418,1430,1809,2158,1960,588,480,1868,897,971,1128,1172,835,1952,1567,2027,1385,1638,931,1440,1695,1072,542,1286,2104,621,1061,2027,2058,1929,1258,1173,1317,1836,1089,1966,1062,1484,640,1368,1320,1257,1898,1638,1915,1545,1388,1540,1985,1962,909,932,1871,1830,1349,1184,1814,916,1813,1963,1178,1650,1002,1266,1646,1650,1086,1400,1475,1595,1805,838,1170,1093,1845,1268,687,1793,1092,1828,1298,811,847,1761,1254,497,1801,1236,1395,1441,1413,1760,1964,984,2020,1048,1068,1956,1645,1774,1447,874,1004,1437,2164,898,1475,2060,1437,1320,1499,985,1934,979,2167,1729,1281,1642,832,2008,1952,774,1479,951,1048,1064,1713,780,1463,1858,1820,1176,1298,1238,978,778,1893,1543
1292,2338,1881,3279,3313,1190,2272,2830,2593,2327,2013,2260,1851,2174,1833,2826,1543,2141,3043,1455,2214,1992,2421,1140,1380,1938,1837,2420,148,2103,1649,2205,2939,1585,2312,2719,1616,1720,1639,2572,2315,2328,1501,1783,2520,1875,1097,1994,2065,1681,2159,1957,0,1270,3388,1154,1723,2347,2207,2905,1854,1874,1948,1944,2357,2217,2929,2085,1684,1858,1725,2529,2577,1908,1840,1780,2055,1830,2277,1663,1806,1874,2264,1454,1227,1869,1650,2833,1728,2595,2086,2134,2585,1866,1381,1699,2172,2228,1662,2326,2002,1825,2553,2050,3430,1176,2102,2149,2029,2511,2075,2035,2667,2640,1246,1748,1197,2100,2438,1821,2108,1858,2457,1374,2184,2011,2774,1736,2875,3098,2427,2731,2329,2049,2274,2332,1582,1972,2340,2776,2056,1700,2553,2129,2210,3340,2223,1790,2610,1729,2245,2837,2128,2645,1545,1732,2746,2081,2593,2622,2793,1648,2332,1711,2048,3246,2208,2599,1531,3469,1558,1789,2860,2997,1666,1181,3134,2981,1836,2900,2088,2632,3239,2323,1319,2496,1557,2652,1832,1733,2959,2078,2831,1843,2088,1481,2135,1903,1256,2557,2595,2456,2398,2707,1809,2254,2837,1430,2070,1700,2594,2150,2789,2103,2263,2157,2189,2213,1731,2795,2789,2205,2956,2432,2005,2557,1971,2078,1189,1780,2206,1825,2003,2218,2429,1896,1946,2386,2695,1839,1376,3262,1505,1859,2621,2118,2434,2219,2701,2666
1377,1261,1348,2289,2022,379,1889,2161,1458,2016,1249,1846,2349,1303,1937,1786,1126,1755,1814,943,1937,1732,1650,477,230,1144,2477,1551,1554,1581,1246,1391,1927,185,1115,1878,1651,1441,1115,1739,1372,1183,235,1398,1483,854,553,1124,963,1714,1463,1237,1534,0,1991,508,2014,1368,2054,1535,2396,1094,1030,1036,1356,1570,2370,1225,1239,1698,1474,961,1827,2026,2026,1810,970,1685,1912,1005,1653,2331,1901,1110,1354,1124,966,1797,2025,1358,1154,1619,1358,701,398,1252,1203,2339,756,1602,1240,1443,1253,1653,1795,509,1675,1442,2160,1491,1555,1649,1504,1261,1478,1334,1370,1239,1401,1254,999,1992,908,606,1317,1105,1135,1690,1597,1808,1276,1387,1387,1577,2290,1552,1135,1164,1336,1701,967,1329,1606,1011,1087,1736,2024,1184,1362,1632,2487,1494,1756,1292,1348,1653,2029,1526,1747,1474,1125,949,1610,475,1257,1966,1298,1242,1116,1841,1136,1181,2255,1563,821,421,1873,1877,2023,1530,1623,1805,1624,1176,228,1471,1587,1072,984,1496,2392,1362,1343,2337,1184,1314,1628,1099,1472,1356,1749,1681,1837,1597,1100,1678,1789,415,1466,1007,1845,1433,1483,1291,1385,1764,1210,1337,1623,2071,1486,1078,1836,1271,1088,1016,1120,1475,377,1458,1918,1224,1105,2479,1498,1819,1853,1912,1596,2485,1100,1974,1251,678,1808,1357,1539,2483,1984,1317
1907,1149,1530,379,2112,2446,1484,2051,1441,1360,1707,1229,1135,1396,1366,2167,1286,1446,1966,1756,1131,1592,1777,1995,1929,1220,1120,1888,3411,1929,1688,1709,1261,2353,1505,1271,1337,1872,1705,1502,1179,2093,2378,1454,1512,1697,2420,1687,2056,1262,1463,967,2805,2404,0,2132,1157,1577,1155,1132,1131,1310,961,957,1624,1536,1457,1512,1683,1419,1527,1160,1989,1168,1376,1362,2066,1682,1479,1741,1707,1114,1232,2806,1608,1546,1768,1964,1369,1378,1639,1739,1377,1705,1996,2013,1041,1144,2136,1641,1701,1419,1466,1471,2125,2427,1536,1246,1192,1721,2092,1233,1306,1362,1921,2025,1639,1488,1787,1692,1325,1240,1428,2132,1519,1720,1128,1437,1877,1950,1986,1013,1181,1799,1336,828,1502,1884,1963,2244,1707,2040,1711,1334,1288,2176,1138,1716,1312,1843,1315,1279,1390,1071,1546,1512,2132,1854,1513,1449,1209,2123,1632,1894,1687,2064,1093,1332,1296,2053,1982,1715,1308,1495,2328,2013,1881,1521,1136,1126,1832,1489,2038,2103,1935,1642,1857,1302,1030,1572,1487,1692,1635,1146,1108,1345,1392,1309,1585,1542,1520,1830,1329,1253,1605,1344,2129,2432,1730,3116,1976,1030,909,1517,1409,1450,1731,1529,1834,2277,1867,1303,1646,2053,2084,1075,2083,1984,2027,1034,1152,1727,2079,1351,1593,1469,1252,1437,1518,1347,1727,2092,1578,2320,1542,1545,2058,1349,2122,1273
1431,1427,1200,2036,1828,262,1142,2346,1911,1033,1562,941,1209,1443,1210,1939,1207,1905,1653,811,1210,1606,1519,492,617,1489,1223,1701,1413,1892,1594,1497,2040,579,1530,1682,1527,1748,1453,1564,1289,1579,422,1271,1366,1179,433,1418,1299,1589,1919,1166,1394,454,2575,0,1195,1832,1184,1677,1214,1049,1171,1419,1506,2044,2502,1646,1552,1574,1781,1346,1666,997,1203,2121,1306,1560,951,1340,1521,1237,941,1338,1081,1457,1307,1949,2336,1491,1491,992,1491,1015,413,1565,1123,1199,985,1782,1553,1320,1680,1449,1948,524,1513,1300,1161,1371,1129,1444,1631,1198,1205,1477,1101,1663,1566,1358,1392,928,1062,835,1457,1453,1557,1789,1475,1993,1402,1302,1301,1731,1247,1687,1474,1295,1486,2240,1303,1642,1765,1406,1240,1889,1204,1387,1807,1943,1043,1974,2067,1223,1199,1960,1833,1833,1572,1600,1277,1290,1483,854,1570,2151,1228,1427,1196,2408,1449,1386,1978,1709,1196,377,1703,2053,998,1672,1934,1619,1777,1301,671,1355,1314,1480,1347,1812,2091,1675,1803,991,1369,1405,1480,1055,1199,1795,1901,1866,1664,1719,1177,1847,1942,371,1632,813,1681,1562,1381,1722,1843,1915,1331,1785,1934,1869,1670,1231,1667,1688,1435,1412,1458,1769,260,1312,983,1339,1453,1014,1986,1161,1105,1232,1718,1229,1191,2160,1120,1051,1957,1796,1692,1016,2169,1244
919,699,1120,1282,1245,2296,1328,1109,1704,1164,1718,1272,1031,1359,879,1105,1169,1708,2392,1624,879,688,2065,2355,2092,972,732,1528,2104,1498,1600,1760,1089,2127,1985,1822,654,1321,1661,1683,1901,1225,2265,891,1151,1629,1936,1604,1780,704,1675,990,2081,2445,1397,989,0,1789,806,2006,1033,899,899,961,1946,1926,1135,1142,1595,1213,1275,1730,2341,1352,799,867,1787,693,1295,1652,726,1125,1324,1244,1190,965,1700,1342,1246,1411,1445,1211,1440,1798,2315,1497,809,857,1037,1584,1741,940,1202,1044,1120,2314,1575,1386,215,1359,960,1173,1645,1815,1250,1938,1412,1179,960,1686,1810,1244,1595,1246,1423,1682,1677,1172,1943,2317,1307,1792,1926,1447,1069,1937,989,996,1735,1287,1784,1629,1494,1843,1946,1260,797,1703,1552,1270,805,1960,919,1885,1093,1219,1032,1331,1617,1764,2187,1683,1593,2036,1603,1176,1734,1808,1148,1389,1589,1700,1248,2242,1112,2209,2313,2242,794,2000,1261,1819,967,1060,2106,1059,897,1896,618,1554,1150,1559,1972,814,1772,1030,1491,1070,1252,1468,1623,2115,2050,1998,1064,1573,1349,2215,1119,1425,2336,1450,1777,1118,1523,1666,1900,1486,1261,1311,1766,1702,2091,1363,1665,1878,1812,1455,2295,1194,766,1824,1682,686,2063,1494,308,1552,1927,680,721,1194,1087,2249,1680,1470,1355,682,987,1836
1556,1391,1169,1302,994,1414,1896,1089,1454,1809,1049,1853,1654,631,1819,1143,993,1459,798,1441,1819,2054,579,1397,1294,1128,1563,1707,2857,1131,1247,1040,978,1323,1515,1502,1981,2120,1049,1600,1436,1696,1353,2206,1195,1054,1414,1245,1040,1861,1476,1035,2834,1652,1495,1517,1760,0,1823,800,1657,1415,1166,1228,229,1780,1055,1186,1024,2407,2075,1387,745,1820,1769,2019,1048,2103,1786,1306,2140,1577,1908,2015,1354,1192,1339,1030,2155,1008,977,1303,1006,1063,1687,1216,1765,1750,1491,87,1260,2255,948,1282,1154,1402,1550,2129,2003,1125,1289,1296,1485,1297,1331,1222,1389,970,1011,1023,1432,1838,1581,1487,722,1282,1220,1052,679,741,1717,1139,1461,1440,1562,1077,1151,1505,604,1130,1045,1028,1353,1343,1092,932,1767,1048,940,2070,1489,764,2071,1166,1187,2224,1014,2130,1591,1462,1727,1327,86,1517,1239,921,1212,1448,1206,1051,1211,1265,953,936,1525,1404,726,936,1764,794,2061,1502,892,1627,1309,1185,1062,1178,1526,1103,1276,1243,301,1748,1470,1035,1025,1473,1091,1385,1597,631,646,1504,1238,687,1125,1696,1160,1982,740,2274,928,1148,737,1463,1283,663,2061,1163,917,1181,768,1619,1288,1319,1291,1185,1415,2142,1758,1278,1284,1567,805,1717,1859,1731,1765,1573,1254,949,967,1530,1555,1387,1625,1571,981,1379
1138,709,1479,1060,917,2343,567,1010,1715,614,1722,504,194,1263,141,1216,1520,1719,1966,1639,141,723,1480,2369,1969,1362,235,1538,1846,1346,1604,1614,1441,2004,1454,1832,659,1325,1665,1693,1375,1231,2142,907,1052,1501,1957,1608,1785,530,1686,742,1827,2243,1395,980,695,1482,0,1500,192,437,736,754,1631,1937,1248,1043,1599,1084,1279,972,1802,583,141,871,1792,930,538,1657,964,565,556,1425,1391,1353,1705,1014,776,1421,1449,2308,1450,1673,2329,1501,727,102,985,1791,1708,981,1103,1427,1231,2330,1549,1707,902,1297,2299,1593,1609,1293,1271,1774,1439,1057,974,1552,1057,475,832,980,1307,1626,1143,1596,1392,1779,1311,1269,1388,1439,559,1821,1408,992,1634,949,1727,1596,1462,1088,1177,1146,139,1659,1525,1210,377,1514,917,1122,1425,1224,1111,1278,1581,1712,1656,1625,1565,1942,1570,1835,1234,1051,1376,1275,1487,1656,1143,1670,1976,2223,1672,1690,136,1474,1201,1764,1820,1151,2006,1062,1370,1133,628,1539,1260,1516,1568,100,1017,1453,1482,552,1264,1438,1587,1592,1375,1965,1483,1460,1015,2229,1111,1738,1767,1758,1212,1128,1475,1626,1856,1385,1201,967,1203,1203,1724,1251,1609,1123,1756,1421,2255,1994,80,1697,1626,233,1556,842,715,787,1897,227,1110,1865,1437,2190,1669,1440,1256,229,1904,1305
1508,1988,922,809,1432,1898,1672,1561,991,1560,1517,1622,1880,830,1951,1635,945,995,1302,1584,1951,1982,963,1543,1779,2086,2172,1555,2424,1386,1236,1268,995,1803,1463,1187,2014,1098,1252,1048,1385,1767,1515,1216,1106,1500,1877,1491,1253,1843,1030,1743,2406,1854,1009,2026,2311,829,1911,0,1927,1930,1755,1817,796,1305,1156,1106,1489,1170,1298,1436,1226,1556,1937,908,1261,948,1572,1290,969,1875,1676,1870,1433,939,1317,1501,914,925,1436,1608,922,1250,1544,1469,1825,1870,1681,832,1509,1173,1060,953,1657,1556,1100,1974,2550,1334,1317,967,1037,1223,1169,1485,1471,1082,1424,1510,1854,1601,1764,1676,890,1533,1161,935,1063,1226,1664,998,1407,1311,1860,747,2402,1531,1241,1558,1519,1239,1253,1764,1148,1447,1935,1272,848,1297,2074,654,1131,1537,1132,1060,1452,1083,1074,1008,1674,1578,823,1737,1237,1351,1586,1842,954,1564,1186,1272,1039,576,1786,1884,1187,596,1947,4,1065,1048,1334,1777,1787,1276,1120,1273,1901,1122,1218,1243,825,1868,1893,1205,912,1815,1403,1255,1078,1017,272,1292,984,676,1606,1884,1337,2572,1222,2106,1441,1103,665,1019,1558,837,1067,1591,1210,1554,756,1586,1274,1709,1536,1441,1900,1975,1890,1286,1270,2174,588,1503,1812,1718,1289,2180,1045,1381,1139,1773,1090,1257,1711,2178,1421,1304
959,937,1502,1037,1811,2117,417,983,1853,541,1470,358,2,1212,203,979,1578,1857,1811,1722,203,788,1344,2436,1851,1465,297,1716,1873,1214,1351,1477,1181,1885,1327,1975,762,1050,1404,1827,1244,1471,2025,1009,1006,1368,2145,1355,1506,622,1817,717,2240,2118,1367,1005,845,1326,268,1326,0,596,735,753,1390,2103,1237,997,1349,1194,996,809,1656,420,116,644,1513,1030,378,1377,1063,430,401,1201,1440,1451,1415,987,631,1593,1202,2163,1622,1533,2396,1251,971,74,1216,1670,1493,1056,1057,1531,991,2313,1745,1776,995,1274,2064,1663,1805,1176,1343,1622,1504,1034,1172,1398,902,321,677,1211,1284,1408,1018,1094,1264,1640,1500,1151,1265,1628,437,1799,1481,1182,1529,922,1513,1383,1656,935,1024,1113,114,1443,1501,990,439,1357,696,969,1501,1008,1831,1060,1769,1893,1541,1401,1417,1796,1357,1713,1082,899,1452,1029,1338,1440,1131,1513,1761,2205,1552,1533,113,1320,982,1945,1695,1303,1860,1260,1441,980,833,1323,1508,1301,1419,72,864,1529,1674,369,1336,1631,1774,1463,1217,2164,1560,1437,1193,2199,1300,1465,1645,1828,1085,1324,1356,1807,1640,1360,982,940,1075,1050,1574,1443,1393,970,1698,1269,2115,2180,237,1541,1411,295,1406,593,786,633,2082,289,1186,1746,1513,1974,1952,1633,1448,291,1782,1218
1138,671,1417,990,1958,1140,634,1156,1375,630,1737,573,327,851,494,1152,1493,1380,2012,1646,494,702,1505,1111,2051,1383,195,1217,2286,1420,1617,1685,1128,2083,1466,1473,676,1319,1671,1339,1388,975,2223,925,649,1584,934,1621,1778,536,1334,371,2263,906,1085,1267,707,1373,498,1468,329,0,364,382,1531,1612,1431,640,1613,1108,1266,910,1918,486,446,916,1785,947,600,1652,981,256,617,1512,1366,1370,1700,961,850,1095,1466,1957,1124,1752,920,1515,664,395,1056,1163,1760,972,700,1453,967,929,1250,1684,857,915,1919,1585,1304,1280,1262,1824,1430,677,662,1606,1005,534,780,1270,926,1682,1166,1587,1421,1886,1004,1294,1410,1132,200,1433,1399,680,1322,2081,1782,1647,1152,1038,1127,1826,444,1710,1153,1261,192,1447,968,1072,1416,1275,1975,1329,1279,1413,1730,1683,1172,1999,1621,1859,1185,1001,1367,1002,1552,1707,1079,1657,2032,932,1698,1657,441,1462,1252,1465,1846,898,2067,751,1362,1083,563,1590,1445,1569,1561,393,967,1443,1177,164,1255,1134,1284,1621,1512,1659,1473,1079,1164,933,794,1819,1916,1818,1241,816,1094,1322,1907,999,1252,1114,1232,1153,1518,943,1665,1073,1812,1477,1141,1687,434,1750,1682,197,1513,652,706,737,1585,203,1101,1889,1428,2249,1352,1136,948,201,1928,1318
1129,644,1680,1973,2190,1064,887,2237,1104,828,1901,829,602,862,751,2318,1643,1109,2021,1928,751,1005,1688,1036,974,1514,518,970,1966,1570,1781,1833,1211,989,1648,1212,976,1587,1835,1081,1570,722,1008,1226,660,1747,1047,1785,1940,841,1065,446,2352,1244,1161,1414,881,1384,772,1481,604,374,0,111,1540,1363,1061,651,1773,1408,1533,1101,1930,678,712,1181,1947,1072,847,1811,1105,504,875,1383,1692,1640,1858,2178,1117,829,1626,991,858,1899,1036,1675,761,695,1432,1172,1926,1273,711,1736,2334,1049,987,1445,1013,928,959,1867,1041,1462,1574,2072,1811,688,379,1759,1196,792,971,1181,937,1842,1360,1845,1675,1895,756,1492,1592,857,489,1445,1915,391,1331,2320,1944,1852,884,1229,1320,2130,710,1873,969,1528,447,1458,1233,1265,1692,1542,2210,1597,1015,1141,1895,1841,1181,941,1781,2097,1372,1192,1630,926,1709,1870,1153,1670,1229,1271,1938,1670,707,1475,1519,1194,2081,635,1178,473,1739,1276,631,1685,1072,1731,1570,693,1158,1746,911,399,1566,868,1019,1739,1497,1401,1785,1090,2289,1271,503,1959,1925,1576,1446,554,948,1054,2070,1010,1519,2353,1437,1343,1537,671,1824,1264,1980,1627,1287,1445,700,1894,1842,520,1532,832,1004,928,1348,526,1399,2126,1721,1191,1204,870,676,524,2162,1497
924,597,1656,1932,2146,1069,907,2225,1061,851,1922,849,623,820,771,2278,1608,1066,1982,1948,771,1026,1649,1039,980,1479,539,933,2371,1592,1803,1853,990,995,1669,1170,998,1609,1857,1035,1592,679,1223,1246,620,1770,1050,1808,1963,863,1022,484,2348,1251,1156,1175,960,1340,794,1439,626,400,46,0,1501,1315,1266,611,1796,1430,1556,1126,1881,702,733,1204,1970,1097,868,1834,1130,528,896,1391,1714,1605,1881,2138,1138,784,1649,1005,813,1923,1256,1698,721,717,1193,1130,1948,1293,671,1703,2294,1271,942,1421,1038,886,972,1834,996,1487,1596,2094,1836,648,332,1782,1221,813,996,1435,896,1865,1382,1812,1636,1866,719,1514,1614,812,513,1401,1882,347,1292,2273,1967,1875,837,1254,1345,2090,731,1896,924,1551,469,1417,1256,1290,1666,1565,2166,1620,970,1098,1915,1864,1139,948,1804,2057,1397,1217,1593,1123,1732,1893,942,1628,1027,1276,1898,1628,728,1433,1542,1151,2041,588,1185,428,1766,1301,722,1881,1280,1754,1530,714,1183,1767,866,423,1588,823,975,1700,1454,1353,1748,1049,2249,1057,458,1625,1883,1539,1470,509,904,1011,2093,969,1542,2306,1461,1368,1489,626,1847,1289,2003,1650,1292,1408,720,1915,1865,542,1485,856,1027,952,1306,548,1423,2087,1845,1201,1161,825,631,546,2123,1519
1318,1367,999,1364,908,1696,1694,1033,1544,1601,1026,1644,1589,700,1753,1075,1025,1549,617,1441,1753,1967,396,1679,1279,967,1491,1803,2376,1103,1011,1221,1241,1310,1320,1612,1933,2239,1242,1668,1237,1657,1343,2169,1109,1038,1409,1219,1227,1798,1657,973,2846,1638,1566,1819,1707,251,1760,792,1591,1355,1104,1166,0,1835,1334,1100,1210,2365,2186,1159,646,1597,1702,1833,1237,2071,1594,1278,2108,1520,1698,1647,1133,1230,1312,942,2032,1146,1152,1255,1144,1046,1390,984,1738,1683,1473,44,1022,2215,982,1101,1096,1683,1584,2203,1950,1041,1243,1343,1644,1055,1113,987,1403,1137,978,995,1229,1624,1382,1469,760,1255,1012,1319,496,652,1689,918,1259,1465,1505,1288,986,1181,377,1032,1021,1005,1463,1139,886,858,1700,1232,1061,2181,1429,868,1885,906,1014,2182,928,2249,1609,1560,1535,1077,35,1498,1211,818,961,1214,1030,976,1193,1020,1210,878,1237,1685,640,878,1697,786,2172,1599,799,1608,1296,1154,1075,920,1487,1853,1106,1005,56,1681,1268,1287,1130,1415,1332,1484,1614,453,736,1576,1275,742,1048,1685,1128,1973,632,2345,696,1168,803,1648,1248,707,2172,1065,686,926,766,1530,1044,1089,1265,958,1697,2214,1692,1028,1257,1494,701,1525,1821,1532,1822,1500,1061,851,1202,1246,1644,1486,1535,1498,887,1185
961,1443,1433,1135,1181,1586,944,964,357,2386,1392,937,2089,1218,1992,962,1398,376,1962,1537,1992,1102,1725,1857,1854,1298,1994,716,2235,1571,1364,1452,704,1856,1447,394,1108,1496,1378,429,1372,926,1539,997,1407,1337,1855,1363,1402,1994,362,1538,2677,1897,1337,1692,1777,1582,2164,1124,2091,1871,1380,1442,1553,0,884,1398,1372,1191,1215,1199,1974,2239,2080,1049,1700,931,940,1427,1147,2036,1139,1961,1291,1396,1451,957,1029,957,1340,1593,793,1344,1860,1643,1256,2101,1754,1589,1668,968,1209,938,982,1564,437,1197,2020,1507,1890,824,347,1012,1274,1389,1099,1435,1040,1433,931,943,1186,1748,1394,1405,1300,890,1825,1935,825,938,1145,698,2021,620,1670,1154,1932,1220,1696,1384,749,1150,1161,2173,2078,1746,944,1469,1938,1090,1073,955,1443,1451,1174,1478,407,313,1405,1439,1580,1822,1667,1120,1194,964,1385,1174,1541,1445,753,1525,1622,1896,1878,1545,2045,1118,1456,379,920,936,1523,1045,1203,965,1327,1270,929,1685,1583,2103,1124,1841,846,1931,1053,746,411,1778,1227,149,1539,1158,985,1898,884,2103,1961,1317,2338,857,1222,352,1776,1402,1460,1033,2329,972,1584,879,1409,1101,1688,1342,1587,1186,2017,1776,1696,1996,1416,937,1881,954,67,1929,1813,1146,1620,1904,315,748,872,1931,1124,1144
1133,1027,916,1325,1614,1968,1679,1288,1091,1291,2204,1670,1239,1585,1469,1555,1112,1096,1389,1637,1469,1333,1492,1910,1941,1689,1452,1527,2442,2101,1796,2289,272,2336,1643,1162,1609,1676,2185,1149,1908,1739,1927,1680,2090,1760,2296,2168,1838,1539,1090,1082,2425,1963,1526,2072,1371,1274,1507,1329,1494,1184,1281,1049,1104,914,0,2082,2182,1392,1653,1744,1546,1331,1235,1798,2226,1326,1387,2246,1343,1228,1389,2371,1396,1109,1883,1543,1465,1658,1778,2469,1557,2132,2311,2169,994,1506,2608,1103,2190,1651,1659,1251,1306,2347,1160,1990,1386,2197,2434,1136,1115,1764,1674,2208,1718,2114,1116,1876,1669,1676,1731,2601,1691,2220,1835,1198,1498,1558,1636,1669,1918,1426,1481,1030,1707,1677,1112,1648,1840,2198,1468,1694,1702,1235,1490,1887,1509,1997,1175,1488,1512,1403,924,1639,1605,2006,1134,1046,1941,2259,1102,2316,1815,1563,1436,1708,1127,1546,1698,1886,189,1106,2480,1950,1230,1708,1481,1323,1643,1146,1555,1749,2320,1577,1601,1413,1031,2063,80,1832,1336,1506,1669,1184,1609,1211,1387,1468,1138,1260,1396,880,1163,1515,1584,2357,1611,2448,1289,2122,1570,1577,1495,1079,1913,1703,1646,1673,1562,1420,1129,1690,1841,1646,2207,2148,1969,1991,1500,2311,1836,1201,1138,1672,1174,1405,984,1197,1137,1589,1196,1998,1030,1470,1683,1198,1294,1394
1182,866,1602,1418,1662,1256,1304,1857,895,1270,984,1247,1015,255,1163,1905,1561,899,1506,1191,1163,1399,1279,1224,1171,1433,922,933,2104,2035,1160,1026,1511,1431,1737,1002,1369,1968,1178,869,1659,727,1201,1603,6,1148,1232,959,989,1234,858,589,2518,1480,1620,1363,1217,1048,1187,908,1017,797,543,605,1112,1148,1713,0,963,1801,1916,1558,1498,1135,1125,1570,996,1484,1265,1231,1518,952,1291,1910,2064,1559,1045,1769,1524,599,926,1394,683,1157,1479,949,755,1108,1672,880,976,1646,86,1670,1925,1239,780,1369,1464,185,1361,1801,832,1503,1947,971,2232,63,311,1008,1649,1211,1424,1380,326,998,1445,1762,1378,1476,758,1283,1684,638,937,861,1837,487,1042,1788,992,1175,668,1682,1434,1699,1123,1024,602,1911,862,881,1622,1655,1612,1925,1682,1978,807,934,1940,1034,1139,1139,1171,1565,1706,1658,1548,1827,2201,1023,1564,1264,1214,1501,1407,1264,1120,902,1902,987,1546,628,1172,166,2160,1669,836,2234,1747,981,1140,1106,1611,2002,666,849,1941,656,812,1332,878,1184,1703,484,1876,1502,139,2184,1487,1487,1449,321,494,847,1263,402,1901,1821,1440,1673,1125,693,1210,1717,995,928,1519,1356,1112,1045,1205,923,1125,1285,1325,1379,1140,929,1725,1598,1793,1185,994,658,698,927,1634,1585
1503,1707,1330,1922,1274,1228,987,1397,1253,1030,52,928,1380,1024,1420,1394,1352,1249,1365,1059,1420,1140,984,1427,969,1112,1578,1315,2056,434,157,425,1756,998,1492,1335,1180,497,210,1494,1345,1199,1134,1100,966,510,1538,161,219,1011,1255,1439,2034,1240,2033,1376,1395,1237,1096,1233,1428,1429,1722,1738,1001,1657,1807,1163,0,1397,629,1180,1352,1033,1448,793,226,1450,977,188,1342,1341,981,1539,1302,1116,246,1698,1006,1347,256,1111,1352,667,1350,81,1753,1367,1257,975,108,1147,985,1626,1400,1447,1424,1087,1312,980,981,1348,1554,1355,1340,553,1412,974,1098,368,1275,1013,1050,1106,1254,126,1113,1368,941,1331,1299,1528,1367,1095,1283,1293,1112,942,981,1568,223,34,1093,1308,1400,1631,1446,413,1114,623,1586,1202,739,1345,1337,707,1547,580,1494,1525,1584,228,1185,917,36,1488,1452,1272,1344,1752,382,410,2057,1235,561,1249,1165,1484,1443,1228,615,1554,1230,986,981,1163,1580,1356,1610,347,2199,105,1194,1365,1237,1333,1108,1281,1333,1128,1239,1004,1216,1687,1340,1332,1393,1243,956,1051,1133,1077,1678,1263,1319,1511,609,1050,615,1582,1668,1423,1438,1067,205,1343,236,303,1237,1333,1386,498,221,1580,1411,906,982,1005,1400,1586,1149,1494,1245,765,1565,1364,1293,1584,1248,1435
1233,937,1337,1324,1210,1932,952,1306,1851,966,1484,894,735,1599,693,1302,1413,1855,999,1193,693,327,1828,1980,1954,1418,930,1713,1880,1288,1365,1553,1631,1988,1760,968,212,1064,1685,1824,1682,1468,2194,205,1395,1555,1629,1369,1523,422,1815,1201,1538,2067,1714,1720,710,1714,851,969,733,902,1195,1211,2178,986,1681,1386,1363,0,1009,1337,1260,979,801,656,1530,397,912,1394,440,1096,940,1183,948,1274,1432,1582,855,1590,1216,2231,1619,1732,1943,1265,972,740,2446,1814,1507,163,1446,1366,1587,1942,1743,1624,856,1668,2141,1498,1109,1597,832,1690,982,1422,1170,1473,1431,857,1206,2295,1671,1425,1463,1530,1736,1245,1496,1595,1704,1624,1040,970,1301,1180,1955,1242,1527,1397,1653,1464,1565,1503,799,1457,1786,1004,1054,1114,708,1509,1336,1020,1466,1074,1766,1890,1958,1415,1822,1899,1371,1396,1505,1436,1287,1352,1639,1454,1561,1223,1775,1771,1067,1002,798,964,995,908,1151,1303,1963,1257,899,1520,832,1337,1408,1315,2205,697,1393,1328,1670,1034,826,1628,1771,1112,1155,1222,1358,1826,1310,1777,1320,1402,1280,1676,1556,1320,1722,1804,1654,1751,995,1522,1546,1476,972,1441,1407,1499,1670,1225,1930,1508,649,1618,1425,928,1148,1194,614,1161,1012,922,1020,1168,1350,2258,1101,1630,1446,924,1170,1627
1394,1483,1184,1434,1382,1155,752,1263,1323,944,495,694,1153,1771,1197,1259,1208,1319,1191,1058,1197,1132,1713,1350,898,1192,1341,934,2105,547,424,588,1932,927,1642,1421,1172,101,478,1080,1564,2078,1063,1099,1762,435,1457,428,587,1068,1325,1375,2084,1168,1844,1303,1393,1459,870,1075,1201,1191,1479,1495,1523,1468,1996,1753,414,1396,0,945,1190,828,1219,495,594,1442,749,448,1476,1262,746,1799,1301,996,496,1535,609,1155,264,1235,1160,620,1270,317,1513,1139,1522,1559,535,1146,1812,1220,1530,1371,1234,1142,1304,2036,1206,1222,1128,1313,1339,687,1411,1789,1758,505,1040,826,815,1371,1830,490,1354,1496,1622,969,1111,1294,1586,1132,1054,1133,989,1776,1840,1170,591,494,1129,1073,1162,1213,1217,527,1153,37,1349,1260,441,1107,988,66,1389,108,1304,1105,1758,479,1550,846,422,1328,1219,1036,995,1589,381,524,1870,1080,814,1181,1027,1074,1214,1292,13,1129,1096,1867,910,1845,1579,1118,1386,382,1666,376,1553,1137,1002,991,1146,1137,1332,970,1306,1832,1058,1239,996,944,1523,1175,2363,1400,999,1130,1441,1905,933,1094,723,1777,11,1429,1432,1188,1251,910,472,1108,643,304,1165,963,1157,661,489,1344,1014,703,974,772,1244,1350,1369,1105,1105,1002,1139,1172,914,1348,1347,1349
1548,1372,1017,1296,1278,1233,703,1297,2149,588,1511,645,921,1449,977,1373,1043,2153,1481,2001,977,1014,961,1026,1825,1212,1180,2006,2113,1188,1391,1060,1663,912,820,930,1048,1073,1444,2104,746,1760,1157,1295,1450,1343,1054,1395,1550,881,2110,816,2094,1161,1401,1115,1468,1478,971,1148,969,981,1172,1188,1343,993,1444,1441,1389,1480,1018,0,1256,579,989,762,1557,1315,580,1421,1349,902,697,1205,934,1037,1459,1237,1080,1709,1242,1333,1707,1507,1024,1291,1591,908,1263,1282,1534,1340,1501,1206,1394,1017,2024,1832,1182,1723,1306,1213,2087,453,915,1196,956,1478,1450,1008,189,625,116,1259,1511,1452,533,1212,870,1252,1792,543,768,1920,887,1817,1015,1458,1140,1405,1554,1464,1937,222,407,1166,987,1108,1628,1013,1189,1445,814,352,1243,1167,1298,1083,2053,2190,1035,1442,1291,1770,1397,1197,464,272,1042,1278,1312,1111,1337,1428,1132,1017,1030,1428,984,1142,1004,2241,1178,1684,1834,1544,1848,363,1465,1302,1451,1342,1372,906,151,1279,1695,842,1644,1915,2058,1080,1305,1222,1276,1471,1344,1016,2069,1917,1124,1884,687,1607,1451,2098,1228,1461,1004,1438,677,432,1289,1723,1434,257,1673,1243,1023,1744,927,1126,1452,1183,1290,507,852,505,1233,1189,979,1229,1181,1332,1111,1917,1728,1187,1256,533
1893,2145,1250,1610,550,1569,1989,808,2053,1925,1145,1946,2205,1377,2273,914,1541,2057,717,1393,2273,1124,527,1565,1425,1470,2261,2280,3135,1030,1137,1321,1199,1465,1503,2044,963,1004,1393,2197,1425,2393,1506,1331,1839,1182,1589,1370,1126,2555,2078,1750,3112,1513,1812,2012,2466,846,2233,1072,2252,2135,1883,1945,768,2131,1280,1831,1120,1043,985,1486,0,1920,2278,2160,1371,1282,1914,1174,1081,2188,2001,2123,1643,1269,1201,761,2359,1632,1290,1265,1630,1191,1564,1330,2442,2198,1603,804,1381,1067,1663,1627,827,1886,2118,1251,911,1779,1053,1359,2082,1278,1620,1092,1389,1685,1751,1081,1545,1944,1696,1932,1439,1397,1213,1615,627,220,2387,1051,1447,2003,2138,1575,1494,2180,997,684,1132,1118,1974,1456,1201,893,2276,1342,1550,982,2205,1372,2212,1237,1528,1174,578,992,2146,2072,1713,1193,795,1384,1118,488,1282,1536,1547,917,1377,1342,1430,1275,1612,1887,453,1275,2273,1066,977,2110,484,2347,1753,1890,1307,1249,2261,1226,1543,1114,797,2196,1583,1589,1617,2128,1330,1955,2152,651,1333,1885,1306,1438,783,1886,1863,2582,272,1241,914,1836,1490,2066,1350,1389,1180,717,774,1252,1163,2272,1404,1396,1171,1074,1896,1049,2216,1110,1160,2263,1098,1847,1184,1849,908,2269,1307,584,1245,1650,2152,1957,2277,2267,720,1353
1066,987,1402,1299,1530,1969,439,955,1769,125,1390,376,521,1270,586,1149,1478,1773,1539,1773,586,1042,1084,2149,1685,1366,790,1637,2326,1064,1264,1334,1536,1719,1039,1889,1013,939,1317,1743,963,1393,1859,1258,1061,1211,907,1268,1427,878,1733,624,2304,1967,1411,1204,1081,1045,554,1048,568,573,796,814,1109,2025,1608,1052,1263,1445,886,527,1392,0,590,662,1434,1278,359,1298,1312,510,422,1155,1740,1352,1336,1161,858,1513,1118,1603,1542,1375,2076,1166,1087,510,1173,1145,1413,1304,1112,1222,1162,2156,1661,2088,1231,1334,1563,1018,1722,900,1562,1482,1628,1089,1089,1254,621,339,395,1168,1339,1330,752,1022,996,1368,1422,879,985,1550,495,1462,1382,1099,1267,1657,1432,1343,1575,654,740,1420,588,1363,1272,880,649,1079,714,685,1401,1036,1550,949,1685,1809,1257,1320,1136,1632,1271,1437,805,614,1352,1004,1182,1360,1480,1214,1680,1975,1280,1234,585,1042,872,1861,1421,1313,1700,1176,1547,696,1082,1178,1621,1221,1137,508,583,1428,1335,450,1555,1549,1690,1203,942,1094,1458,1098,957,1969,1355,1465,1369,2232,814,1240,1082,1723,1560,1359,872,1691,804,770,1304,1359,1312,689,1531,1119,1967,2101,528,1397,1330,792,1136,260,689,347,1102,798,1086,1468,1413,1892,1868,1551,1364,796,1508,930
945,722,1416,1044,1893,2193,506,996,1661,611,1543,443,119,1218,127,993,1492,1665,1880,1635,127,697,1435,2347,1928,1378,221,1508,2245,1294,1423,1559,1180,1962,1406,1764,671,1125,1476,1623,1328,1269,2102,919,1011,1448,2030,1427,1580,531,1625,727,2222,2193,1139,996,738,1408,98,1412,117,410,719,737,1472,1898,1492,1002,1421,1103,1070,896,1752,506,0,720,1587,941,470,1452,975,602,487,1196,1353,1364,1490,1208,716,1388,1274,2235,1417,1619,2307,1323,713,26,1000,1753,1566,966,1062,1448,1005,2308,1538,1695,888,1281,2147,1580,1598,1265,1256,1697,1417,1039,961,1479,991,404,766,996,1289,1483,1101,1582,1354,1741,1297,1234,1350,1423,520,1802,1394,977,1612,1131,1584,1455,1453,1024,1113,1129,66,1515,1504,1065,364,1446,772,1058,1415,1079,907,1135,1570,1701,1617,1473,1499,1873,1429,1800,1171,987,1366,1042,1417,1512,1130,1604,1833,2279,1634,1624,63,1406,1056,1753,1782,1140,1937,1049,1357,1069,615,1398,1507,1373,1501,24,953,1440,1469,539,1249,1427,1576,1554,1306,1955,1470,1442,1209,2273,1098,1455,1729,1745,1176,1115,1457,1615,1711,1367,1055,1153,1166,1139,1658,1235,1464,1059,1612,1351,2191,1978,58,1624,1482,219,1490,774,701,723,1884,213,1098,1831,1427,2043,1653,1429,1240,215,1868,1303
1296,1263,1260,1269,1018,1605,570,1365,1122,745,986,507,913,1737,963,1360,1336,1118,1962,1484,963,720,1748,1794,1334,1218,1097,2075,2172,937,863,982,1733,1363,1672,1008,758,559,916,914,1471,1824,1499,1009,1535,858,1913,867,1020,594,930,1138,2150,1609,1645,1741,1159,1488,638,1097,961,944,1239,1255,1552,1267,1489,1526,862,1190,502,975,1927,648,981,0,1027,1030,575,895,1063,1017,559,961,1441,1208,937,1137,342,1943,717,1647,1796,1040,1719,765,1304,900,1966,1588,1007,1056,1586,1318,1136,1814,2091,1543,878,1808,1573,1095,960,1339,1344,1120,1505,1562,1513,930,1070,638,845,1815,1858,924,1384,1338,1657,1888,1856,1324,1493,1985,809,1164,1232,1521,1868,1046,1024,896,2007,1103,1192,1299,979,962,1717,496,1105,1530,195,1137,1265,514,1023,569,913,938,1785,920,1579,1279,870,969,1248,1066,1211,1426,827,959,1672,919,1264,1617,1784,1101,976,1489,488,1162,1166,1635,1342,1608,1105,1148,1161,835,1502,820,1582,898,1032,1285,1783,892,1337,1981,1104,1867,1393,1295,1315,1557,1130,1611,2141,1284,1877,1597,1472,1675,1537,927,1159,1806,488,1061,1463,1217,1741,1784,907,1138,1054,758,1603,1433,919,1048,924,1099,1573,706,548,802,1077,1105,940,978,1270,1459,1174,1983,1789,1103,985,1379
1283,1781,1141,1955,1288,1418,1061,1413,1288,1135,171,1001,1437,1055,1490,1702,1400,1551,1150,1218,1490,1236,1211,1605,1148,1391,1648,1359,2076,531,337,392,2164,1177,1591,1654,1276,572,267,1272,1444,1030,1313,1255,1206,680,1722,341,135,1106,1558,1678,1701,1423,1710,1560,1495,1266,1168,1523,1485,1497,1794,1810,1025,1408,1843,1203,197,1551,701,1251,1136,1129,1505,865,0,1544,1051,169,1496,1443,1053,1522,1459,1395,227,1717,1078,1149,269,1017,1153,831,1528,337,1832,1424,1238,1206,208,1300,1018,1674,1415,1625,1214,1126,1410,1223,949,1676,1596,1617,1497,601,1565,1007,1139,368,1346,1077,1121,1087,1292,203,1210,1408,1160,1118,1112,1336,1466,1365,1351,1324,1391,1180,1213,1584,80,414,1362,1379,1471,1651,1503,328,1147,695,1659,1487,811,1416,1385,782,1564,655,1272,1298,1677,209,1005,974,341,1248,1525,1343,1152,1772,549,325,2101,1260,542,1428,1428,1515,1500,1517,687,1597,1504,1235,1156,1203,1737,1427,1684,422,2243,444,1012,1422,1308,1143,1142,1383,1490,1163,1539,1234,1503,1729,1149,1133,1408,1422,1194,1050,1149,1116,1751,1304,1122,1554,524,1306,687,1322,1741,1494,1216,1331,186,1414,337,399,1422,1143,1443,465,202,1650,1194,977,1080,1076,1734,1656,991,1251,1070,746,1608,1163,1106,1654,1263,1540
1174,884,1075,1297,1483,1823,1113,1590,1799,1130,1603,1053,893,1542,850,1313,1155,1803,1216,1079,850,553,1094,1865,1841,1168,869,1664,1535,1428,1483,1693,1288,1875,1647,1111,511,1186,1559,1773,1569,1420,2015,385,1339,1440,1459,1499,1640,582,1763,1189,1516,1960,1392,1610,655,1980,1014,1144,891,1056,1101,1163,2135,1124,1601,1330,1481,639,1131,1315,1061,1134,958,781,1647,0,1068,1512,145,1246,1095,1046,822,1336,1552,1320,980,1541,1334,1162,1570,1617,1826,1383,926,898,2346,1759,1634,306,1390,1305,1326,1843,1691,1339,801,1612,910,1437,1750,1483,677,1831,839,1367,1119,1615,1409,1015,1184,2195,1615,1543,1359,1600,1632,1050,1448,1491,1591,1576,1190,933,1150,1129,1913,1261,1644,1515,1605,1442,1542,1253,956,1575,1739,1126,993,2139,833,1487,1080,1140,1486,1196,1715,1839,1854,1536,1768,1786,1489,1172,1393,1414,1029,1360,1523,1572,1484,1001,1891,1656,1080,1194,955,942,1117,1891,1166,1252,1850,1207,634,1498,780,1458,1343,1433,2161,855,1371,1077,1622,1183,610,1579,1720,940,936,1157,1111,1770,1597,1662,1266,1438,1078,1392,1446,1273,1675,1753,1772,1694,1117,1279,1437,1364,962,1391,1525,1477,1550,1345,1821,1428,807,1758,1543,867,1136,1047,559,1139,1155,861,753,1432,1083,2143,1898,1581,1396,863,1432,1520
1084,1213,1447,1132,1707,1890,297,995,1674,514,1333,238,641,1275,696,991,1523,1678,1458,1885,696,893,1193,2074,1608,1412,864,1843,2299,995,1208,1271,1329,1639,1165,1841,927,911,1261,1946,1084,1597,1779,1177,1304,1141,2201,1212,1373,759,1954,942,1885,1887,1224,1148,1111,961,580,973,689,712,1008,1024,1027,1136,1675,1295,1207,1359,858,450,1388,505,710,495,1380,1197,0,1244,1230,833,290,1328,1630,1398,1282,1001,694,1282,1062,1634,1280,1305,2002,1110,1296,630,918,1063,1356,1224,1355,1268,1001,2081,1867,1721,1261,1577,1583,1275,1926,815,1521,1418,1842,1332,1294,1224,534,221,308,914,1335,1275,865,1282,1108,1366,1627,792,1106,1755,541,1387,1428,1303,1380,916,1377,1241,1775,567,656,1135,708,1307,1200,852,873,1004,547,602,1446,870,1727,921,1897,1692,1302,1265,1054,1556,1215,1610,720,537,1397,1045,1110,1304,1281,1138,1630,1893,1452,1158,705,967,844,1731,1592,1531,1623,1383,1297,613,1110,1183,1688,1165,1055,628,496,1475,1264,773,1514,1611,1902,1311,867,1163,1505,1022,1203,1888,1587,1420,1377,1773,931,1444,1007,1942,1504,1285,844,1126,921,685,1225,1571,1257,602,1459,1048,1887,1626,648,1332,1275,866,1057,473,731,260,969,872,1131,1643,1458,1839,1773,1613,1576,870,1679,864
1272,1881,1140,1649,1603,1186,1165,1451,1579,1238,362,1105,1540,1305,1587,1748,1157,1303,1186,1155,1587,1340,1039,1385,927,1393,1753,1142,2030,636,520,495,2185,956,1401,1390,1382,680,355,1291,1254,1263,1092,1194,1234,463,1496,524,327,1212,1581,1790,2009,1198,2103,1334,1604,1081,1271,1558,1587,1601,1893,1907,1058,1723,1859,1019,388,1491,809,1425,1418,1275,1668,973,190,1474,1163,0,1429,1549,1201,1430,1390,1394,63,1763,1186,1171,437,1249,1175,685,1302,420,1940,1527,1089,1032,402,1236,1258,1388,1454,1395,1489,1370,1581,1251,1054,1677,1342,1189,1390,708,1475,1244,965,540,1514,1232,1223,938,1095,386,1035,1703,1204,1396,1129,1130,1276,1388,1454,1630,1152,996,1038,1631,272,718,1149,1547,1634,1697,1666,500,1413,872,1885,1259,985,1577,1383,973,1334,846,1560,1591,1476,45,1254,823,537,1553,1682,1502,1390,1505,683,497,2121,1560,398,1214,1220,1286,1665,1552,864,1341,1550,1039,953,1019,1630,1588,1790,607,1873,602,1263,1603,1476,1139,1164,1557,1383,1429,1562,1059,1538,1752,1384,1401,1748,1208,1222,1008,1187,1124,1923,1331,1388,1577,696,1108,864,1362,1914,1649,1507,1120,332,1582,238,560,1212,1390,1453,634,332,1869,1226,1133,1251,1245,1757,1875,984,1558,1290,658,1630,1184,1124,1873,1302,1615
1117,918,1041,1318,1248,1762,1147,1337,1832,924,1635,1087,949,1656,881,1333,1121,1836,1241,1044,881,526,926,1842,1798,1098,869,1663,1829,1377,1453,1529,1576,1814,1627,1135,567,1134,1542,1794,1549,1434,1949,430,1464,1446,1403,1485,1661,637,1796,1234,1496,1899,1414,1549,694,1769,1071,1171,947,1081,1128,1190,2111,950,1622,1455,1648,637,1083,1281,1306,959,987,727,1668,206,1108,1706,0,1298,1139,1244,797,1417,1795,1619,927,1601,1304,964,1630,1592,1804,1353,992,959,2071,1765,1627,479,1515,1357,1626,1822,1723,1319,840,1546,1101,1560,1791,1455,641,1652,814,1492,1158,1421,1372,1049,1147,2085,1758,1677,1339,1564,1561,1292,1458,1456,1571,1586,1242,954,1081,1141,1886,1546,1665,1505,1634,1405,1486,1539,985,1579,1779,1078,998,920,780,1429,1076,1084,1250,1144,1748,1872,1836,1778,1774,1738,1459,1192,1365,1354,985,1381,1500,1576,1504,1022,2106,1634,1329,1220,984,964,1069,1924,1186,1342,1801,1255,598,1440,830,1408,1360,1387,2138,911,1334,1050,1681,1235,574,1612,1753,960,958,1180,1085,1697,1622,1640,1397,1413,1326,1372,1413,1315,1717,1786,1776,1809,1069,1569,1404,1336,983,1408,1500,1440,1549,1292,1760,1407,863,1594,1502,867,962,1002,598,1102,976,861,722,1205,1041,2079,1789,1614,1413,863,1206,1489
1172,789,1516,1231,2175,1111,892,1163,1539,754,1724,834,640,1154,776,959,1596,1543,2070,1746,776,825,1693,2476,2115,1499,322,1344,1893,1457,1630,1739,1415,2133,1700,1644,786,1648,1684,1478,1622,1125,2270,1031,960,1639,915,1634,1792,648,1498,540,2263,2363,1345,1024,846,1467,594,1535,642,209,526,545,1638,1659,1484,950,1622,1180,1597,1003,2020,574,639,1179,1799,1049,859,1670,1082,0,886,1217,1466,1465,1718,967,1116,1295,1475,2009,1324,1826,2437,1524,817,557,1237,1302,1747,1080,1012,1559,971,907,1407,1805,996,1034,1985,1095,1475,1335,1311,1868,1539,989,831,1634,1095,797,870,1231,1254,1677,1408,909,1638,1978,1146,1517,1644,1272,206,1730,1482,825,1420,2325,1796,1677,1314,1128,1202,2067,637,1751,1443,1592,326,1741,1232,1144,1540,1537,2179,1658,1439,1577,1900,1701,1311,2058,1630,2106,1245,1071,1458,1009,1597,1748,1123,1713,2068,909,1936,1724,634,1529,1582,1629,2091,1033,2124,926,1457,1155,703,1540,1498,1559,1666,555,1057,1555,1375,204,1304,1297,1445,1815,1458,1812,1587,1423,968,909,1506,1793,2007,1917,1478,998,1421,1486,1948,1301,1583,1112,1469,1214,1756,1089,1675,1163,1836,1469,921,1786,577,1804,1677,324,1756,736,809,826,1769,330,1209,2141,1524,2317,1466,1299,1094,328,2169,1424
1301,1237,1553,1376,1801,1967,414,1005,2129,666,1251,351,839,1427,923,1210,1633,2133,1589,1966,923,1051,1254,2141,1695,1537,1075,1953,2286,1046,1207,1328,1608,1711,1235,2257,1015,1038,1260,2080,1154,1717,1846,1260,1544,1206,2257,1211,1378,878,2092,1048,1874,1949,1488,1136,1139,1130,649,1114,886,847,1145,1162,1165,943,1678,1535,1206,1409,987,567,1530,552,921,615,1385,1277,440,1253,1311,946,0,1319,1729,1503,1292,1222,778,1411,1061,1731,1409,1395,2069,1109,1308,836,1098,1201,1274,1305,1595,1046,1222,2146,2005,1844,1289,1625,1666,1270,2076,918,1555,1460,1881,1572,1429,1222,654,318,428,1093,1497,1259,929,1058,1201,1508,1745,919,1176,1873,696,1497,1520,1412,1472,1119,1382,1263,1913,687,772,1147,919,1337,1328,982,1089,1145,668,714,1579,988,1805,1048,2035,2172,1450,1275,1192,1636,1214,1748,824,641,1495,1275,1166,1334,1283,1266,1645,1963,1573,1277,916,1108,973,2223,1733,1639,1701,1531,1405,725,1149,1129,1691,1145,1194,834,616,1595,1400,766,1547,1734,2040,1376,1031,1166,1627,1159,1006,1957,2071,1410,1660,1896,1056,1594,1126,2080,1534,1446,973,943,1046,789,1356,1681,1257,722,1416,1055,1965,1735,860,1391,1259,1077,1198,580,848,379,971,1083,1246,1796,1560,1879,2100,1736,1686,1081,1819,954
1569,1404,1867,2693,1907,1230,1095,2034,1845,1446,1573,1322,1198,1994,1459,2452,1556,2222,2143,1574,1459,1267,1965,1444,1146,1573,1221,1673,1772,1959,1655,1605,2330,1108,1541,2338,1044,2200,1945,1827,1317,1572,1128,982,1585,1675,1132,1882,1490,1110,1849,1657,1756,1155,2323,879,1503,1669,1180,2258,1451,1252,1670,1680,1989,2369,2863,1582,1725,980,2233,1455,1758,1395,1444,1161,1497,1263,1099,1758,1030,1470,1092,0,1299,1555,1506,2043,958,1727,1664,1876,1729,1537,1369,2069,1385,1436,760,1957,1579,1005,1941,1799,2459,1462,1772,1609,1481,1595,1806,1796,1886,1534,1299,1662,1283,1925,1522,1463,1519,1309,1165,650,2011,1514,1335,2209,1914,2101,2008,1676,1601,2039,1224,2311,1564,1539,1627,2329,1494,1852,2054,1522,1600,1990,1446,1479,1728,2399,1252,2216,933,1312,1868,2414,2312,2287,2212,1858,1567,1650,1965,1230,1858,1869,1305,1272,1868,2088,1990,1478,2272,1878,1414,1264,1806,2260,1201,2252,2391,2271,1866,1565,1122,1907,1126,1310,1645,1826,2388,1723,1634,1188,1242,1520,1718,1245,1066,2091,2214,1987,2239,1987,1532,1733,2450,1258,1899,1187,2138,1933,1482,1658,1725,1845,1438,2030,2391,2341,1795,1313,1834,1656,1512,1278,1700,1826,1239,1961,1185,1447,1514,1477,2188,1338,1445,1381,2401,1227,1622,1871,1466,1266,1886,2092,2004,1479,1884,1332
905,1357,896,1829,1526,1305,1461,1939,976,1231,1432,1403,1246,951,1177,1602,741,970,1564,720,1177,912,1206,1340,1604,767,1320,1155,1246,1788,1516,1102,1376,1604,1435,1082,875,1494,1337,1156,1172,1366,1425,585,1980,1240,955,1280,1423,939,986,1688,1482,1452,1942,1105,1176,1121,1374,1187,1244,1373,1569,1686,1368,1069,1686,1972,1441,891,1527,1127,1361,1266,1280,1134,1430,784,1425,1466,754,1587,1455,1075,0,736,1588,1942,1334,941,1562,1465,1130,1408,1301,1454,1421,1257,1634,1102,1424,634,2027,841,1953,1324,918,947,1323,2065,1397,983,1249,1023,209,1895,119,2004,1587,1660,930,1367,1443,1741,962,1610,1376,994,1167,1631,1262,1299,1187,1323,1532,1370,748,1576,1348,1883,1427,1531,1096,955,1032,1541,1279,1643,1150,1707,1432,1132,1188,1223,892,1706,1527,1579,1173,998,1178,1571,1108,1554,1459,1773,1252,1183,750,1647,1292,1640,1584,1257,1107,1119,1660,1244,1278,1182,1697,1222,1462,1380,1687,1693,318,1021,1275,1664,1417,1566,1353,1209,1100,800,1121,1526,224,1108,1175,1500,1423,1323,836,1034,1614,1125,1888,1052,1664,1000,1106,1760,1256,983,914,1196,1697,1579,1105,1030,1222,1319,1608,1128,1342,1548,1309,953,1161,923,1610,1318,1203,1305,1020,1398,1317,1312,628,1483,949,1883,1007,1110,1311,1314,1790,1241
382,1655,262,1443,1708,1111,1762,1456,1290,1820,1125,1712,1840,1763,1770,1453,22,1253,1166,1427,1770,1425,1134,1258,1368,267,1843,884,1566,1305,1091,1512,910,1107,1306,1523,1280,1225,1327,1140,1266,1098,1306,1379,1939,1018,1023,1091,1154,1538,1253,1745,1547,1358,1280,1207,1391,987,1970,1134,1838,1942,1902,1917,1019,1392,918,1931,1347,1771,1203,1252,1533,1854,1867,1422,1155,1352,1786,1154,1313,2171,1766,1878,826,0,1170,1454,1622,1539,1108,1816,1568,1021,1045,1112,1445,1843,1619,1200,1111,1424,1772,633,1776,1308,1187,588,1537,2055,1456,505,1353,1107,897,1161,806,1963,1548,1233,1002,1977,1197,1334,1942,1371,1215,550,1106,1529,991,1335,1545,1059,1978,1626,250,1299,1219,1450,1392,1370,1319,1031,1088,1387,1865,1485,1620,1207,1991,1906,1475,1071,258,988,1706,1211,1200,1341,1548,1158,998,1355,1362,1637,1334,1053,28,1792,962,1229,1406,1257,1328,1317,1259,1239,1864,935,990,1319,1349,1112,1096,1589,842,1082,1536,1049,941,1393,1220,1802,1194,618,1619,2108,912,1298,1204,1415,1133,1168,189,1713,1471,1320,1723,1542,1553,640,1314,1422,1777,1241,1261,1944,993,1778,1310,1092,1019,1045,1136,1202,1113,1336,1111,669,1754,1267,1132,1879,1006,1877,1230,932,1095,1873,623,1661,426,1236,1192,1300,1038,1875,1366,1301
1548,1845,1396,1676,1636,1173,1181,1478,1608,1306,430,1121,1584,1107,1546,1781,1173,1328,1466,1110,1546,1388,1289,1347,920,1170,1840,1166,1667,670,393,529,1833,928,1438,1415,1461,731,328,1315,1291,1069,1058,1158,1266,438,1463,397,236,1251,1334,1807,1993,1154,2136,1327,1752,1109,1272,1591,1631,1616,1914,1929,1086,1752,2274,1262,456,1464,851,1398,1451,1247,1643,1007,243,1439,1206,261,1400,1713,1173,1502,1368,1413,0,1487,1221,1197,405,1220,1201,656,1272,456,1919,1578,1161,1059,321,1207,1068,1696,1481,1368,1258,1154,1550,1061,1150,1405,1651,1247,1361,742,1446,1056,991,508,1487,1204,1262,1010,1122,259,1092,1428,1237,1429,1393,1191,1313,1417,1460,1661,1411,1021,1066,1664,240,534,1174,1520,1607,1432,1641,468,1196,845,1858,1553,958,1550,1402,941,1361,814,1590,1342,1538,21,1066,790,462,1586,1655,1475,1166,1851,608,465,2149,1594,339,1185,1247,1587,1640,1585,837,1366,1583,1283,924,1045,1601,1561,1765,575,1897,570,1073,1576,1449,1393,1436,1530,1354,1460,1592,1313,1301,1782,1402,1433,1780,1179,1253,1190,1214,1145,1115,1362,1421,1331,664,1134,837,1389,1119,1622,1541,1145,259,1555,205,528,1183,1171,1428,602,258,1842,1253,1105,1220,1217,1786,1848,1203,1317,1308,704,1660,1209,1387,1846,1605,1326
1761,2272,1734,1789,565,2236,1215,60,918,931,1431,1223,991,1373,1213,196,1461,923,605,1663,1005,1197,789,1845,1710,1688,999,957,3444,1317,1719,1664,1195,1749,1404,2189,1228,1290,1739,925,1326,1191,1789,1366,1992,1467,2256,1716,1705,1398,905,1899,3421,2170,1983,2354,1111,1030,1225,1256,1192,1161,2030,2092,903,1156,1278,1984,1406,1310,1271,1381,753,961,1001,1373,1422,1594,1210,1460,1341,1168,1012,2468,1608,1756,1796,0,1169,1870,1636,1584,1867,1782,1845,1387,1275,1205,1889,939,1430,1606,1674,1492,171,1844,1095,1456,1154,2013,1596,1505,2309,1159,1919,1664,1978,1696,1892,1648,1650,1026,1800,1886,1443,1742,1104,1782,903,931,941,934,1348,906,958,1757,1714,1098,1253,472,1713,1405,2187,1561,1089,148,1000,1396,1792,1268,976,1608,1405,1230,1752,1519,565,1278,2376,2285,1614,1787,930,2016,1696,589,1557,1272,1772,204,1720,1396,1195,1227,1956,2228,772,1227,1211,1250,1524,912,676,986,1736,2037,1550,1215,1011,1571,1270,1690,933,1207,1475,1508,1859,936,1906,2190,2380,909,1424,954,1496,1451,169,2227,2011,2924,659,1448,1172,1842,1503,2323,1401,1392,1263,505,1041,1524,1212,930,1449,1490,1458,1360,2238,1217,1015,1683,1446,999,1063,990,1223,1122,971,1204,1840,602,1443,1653,933,2192,1123,998,540,1245
1015,1392,1362,1540,1055,1681,881,1163,910,1071,977,823,1256,2107,949,1159,1440,1094,2229,1557,949,824,1994,1855,1413,1340,1497,2172,1747,1172,937,1038,1706,1422,1994,993,906,615,990,2272,1900,1985,1554,1151,1938,930,1977,941,1101,699,912,1450,2087,1659,1654,1816,1074,1797,978,1104,1015,1271,1567,1584,1832,1243,1769,1930,936,1300,563,1274,2214,1001,1052,331,1108,1167,906,979,1200,1368,875,1157,1602,1307,1022,1412,0,2069,791,1679,2098,1143,1781,839,1455,1247,2064,1868,998,1200,1985,1261,1412,1865,2199,1661,984,2019,1629,1047,944,1614,1436,1155,1698,1958,1622,970,1365,998,1140,1913,2155,992,1676,1282,1910,2174,1956,1621,1922,2089,1117,1157,1323,1613,2123,1084,1105,991,2107,1398,1480,1107,1050,1065,2013,557,1510,1842,238,1423,1387,568,1059,580,2225,1112,2109,1005,1859,1361,944,1005,1522,1348,1304,1213,895,1062,1643,932,1375,1683,923,1116,1049,909,549,1140,1208,1821,1423,1723,1212,1434,1310,890,1785,873,1859,1245,1327,1392,2079,1187,1429,2091,2229,2117,1728,1273,1424,1865,1406,1677,2473,1254,905,1713,1767,1790,1837,909,1262,2104,549,1100,1757,1491,2043,1882,990,1433,1152,773,1679,1543,931,1104,992,1499,1885,985,654,1095,1057,1505,1050,1014,1371,1600,953,2093,1887,1503,1020,1696
1180,1271,1403,1283,1758,1384,2261,2028,576,2241,1136,2202,1955,553,1852,2039,1395,581,1603,1097,1853,2024,1361,1626,1310,1295,1864,718,2617,1039,1342,1182,1261,1320,1105,813,1977,980,1126,609,1791,932,1332,2118,673,1096,1351,1340,1142,1846,578,1420,2148,1641,1478,1801,1640,1159,2023,892,1958,1750,1535,1552,1194,897,1518,673,1115,2348,956,1846,1659,2061,1940,2260,1388,1951,2229,1414,1988,1875,2254,2085,1137,1392,1445,1941,2193,0,1079,1581,47,1333,1348,1330,1200,2052,1843,1230,1127,2166,627,1507,2052,1366,492,1165,1885,986,1283,1566,628,1623,924,1126,972,649,963,1405,2201,2165,2154,1521,719,1388,1567,1570,1469,1648,825,1394,1813,515,1860,751,1631,1019,1366,1902,1145,1360,608,2112,1966,1849,1938,1179,91,1155,1813,685,2313,1938,1413,942,1762,1165,534,588,2071,1432,1221,1280,1355,1704,1996,2215,1402,1929,1251,1423,1339,1129,1650,1655,1531,1140,1937,886,946,628,1689,946,1578,815,2005,1954,1283,1219,1437,1370,1223,2050,2238,1819,99,1765,1109,462,538,1414,895,988,1558,558,2011,1656,885,2327,1656,1266,1773,435,712,572,1451,702,1146,1936,1763,1961,1212,879,1393,2054,1384,1306,1673,1135,1835,1450,1388,1866,1054,1900,1733,2110,948,1872,1781,1753,1590,1332,676,464,872,1870,1776,1706
1509,1591,1320,1868,1222,1247,916,1346,1220,1016,285,858,1336,1189,1295,1342,1343,1470,1305,1092,1295,1093,1128,1430,993,1331,1579,1279,1745,383,189,372,1725,1001,1380,1570,1179,463,242,1455,1233,1165,1131,1140,928,516,1547,193,386,970,1222,1535,1727,1227,1979,1401,1342,1180,1013,1189,1383,1353,1649,1666,954,1619,2147,1118,174,1446,585,1042,1068,1000,1396,741,393,1447,941,279,1382,1276,910,1966,1350,1339,333,1354,955,1304,0,1043,1309,690,1355,76,1662,1328,1627,1120,322,1189,947,1613,1629,1448,1385,1290,1264,1139,930,1615,1513,1214,1343,487,1428,936,1826,248,1227,956,1002,1476,1206,301,1272,1356,1771,1269,1262,1134,1255,1284,1199,1254,1103,1098,933,1246,390,208,1278,1260,1335,1299,1394,356,1078,579,1598,1401,692,1278,1100,672,1484,545,1455,1486,1482,316,1128,935,182,1426,1375,1204,1336,1690,417,353,1674,1436,669,1257,1114,1183,1393,1184,571,1515,1423,1157,996,1119,1583,1289,1510,305,2163,156,1136,1326,1189,1099,1295,1216,1336,1321,1457,1152,1416,1648,1105,1062,1621,1251,1110,1103,1306,1277,1612,1220,1051,1219,552,1220,571,1519,1602,1346,1145,1251,286,1295,611,100,1255,1311,1279,445,286,1581,1356,847,934,957,1653,1587,952,1185,1237,885,1526,1095,1255,1585,1196,1295
1679,1028,1487,2002,1164,945,1778,1300,1476,1883,1196,1728,2204,1429,2153,1296,1508,1474,1112,1239,2153,1991,961,996,1860,1796,2440,1340,2151,1262,1276,1050,2391,1876,1459,1852,2066,1353,1329,1768,1312,1521,2013,1131,1156,1584,1041,1280,1324,1858,1780,968,2577,1988,2100,1199,1003,1079,1884,1332,2251,2217,1197,1213,1039,1924,2044,1154,1255,2460,1473,1491,1048,1871,2236,1627,1331,962,1802,1198,1164,2142,1782,1976,1213,1504,1239,1311,1841,1309,1130,0,1318,1722,992,1178,1347,2197,1635,1235,1217,1119,1167,1714,1566,958,1697,1708,1018,1177,231,1718,1803,1269,1449,1026,1477,1160,1356,982,1681,1889,1862,1484,1445,1211,1113,2087,1121,1029,1596,1212,1334,1328,2093,1747,1492,1182,1234,1421,1328,1221,1568,1592,1339,1273,2234,934,1302,1468,2453,1595,1578,1331,1806,1565,1417,1438,1760,1479,1559,1222,1241,1578,1227,1379,1723,1538,1817,1355,1471,933,1937,1559,1044,953,1337,1291,2233,1327,1459,1504,1379,1514,2007,1163,1214,1316,1059,1198,2053,1092,1030,2195,1585,1505,1307,2082,1185,1339,1459,1164,1313,1948,1508,1500,1288,1148,1391,1410,1055,1695,1417,1246,1478,1470,893,1444,1459,1180,1472,1690,1250,1581,1209,1787,1368,1124,1142,1730,2138,764,1211,2442,1230,1723,1040,1816,1621,2448,1660,1137,1426,1266,1518,1618,1586,2446,1156,1346
965,1232,1353,1343,1825,1384,2224,2083,529,2203,1377,2165,1917,575,1813,2094,1348,534,1667,1321,1813,1985,1428,1345,1311,1248,1826,671,2159,1260,1115,1435,1212,1321,927,771,1938,984,1364,562,1857,885,1608,2076,695,1327,1629,1345,1147,1804,531,1381,2140,1641,1538,1800,1598,1225,1980,964,1919,1711,1496,1512,1261,850,1433,695,1120,2306,961,2446,1722,2022,1910,2217,1393,1909,2191,1419,1946,1836,2217,2088,935,1345,1450,1996,2151,28,1084,1592,0,1335,1626,1336,1148,2013,1844,1297,1131,2121,649,1459,2107,1648,445,1117,1843,933,1560,1512,581,1690,918,1131,966,671,922,1170,2264,2128,2308,1839,787,1154,1633,1516,1536,1711,778,1461,1879,468,1821,817,1585,980,1426,1966,1389,1130,591,2175,2025,1919,1908,1431,161,961,1774,755,2270,2004,1363,1143,1829,969,484,541,2149,1189,1288,1547,1360,1774,2062,2280,1355,1986,1254,1184,1283,1202,1655,1654,1597,1213,1907,958,951,581,1759,899,1307,774,1954,2020,1226,1014,1387,1376,1291,2011,2300,1773,52,1726,1102,415,488,1481,967,938,1511,626,2066,1370,844,2324,1719,1218,1827,418,780,521,1458,724,953,1999,1818,2027,1289,832,1158,2119,1149,1086,1672,1087,1795,1207,1393,1828,1131,1973,1691,2267,901,1834,1734,1820,1540,1335,629,417,825,1832,1844,1773
1125,1895,1008,1946,1632,763,1160,1773,1481,1256,477,1100,1628,1241,1585,1464,1024,1222,1187,1009,1585,1337,1047,949,530,1024,1885,1056,1563,836,691,814,1720,532,1811,1315,1342,684,392,1209,1733,1155,662,1059,961,221,1058,314,501,1200,1485,1646,1545,758,2060,900,1661,1283,1314,1510,1675,1661,1960,1975,1264,1623,1765,958,487,1365,717,1282,1438,1242,1682,1052,508,1345,1185,531,1306,1513,1152,1495,1275,1233,445,1476,1266,1103,656,1447,1106,0,874,499,1959,1623,1153,1229,469,1108,983,1259,1779,974,1392,1234,1499,1173,1417,1258,1265,1446,1262,938,1351,970,2130,745,1449,1166,1224,1002,1259,513,1507,1549,1003,1174,1045,1713,1753,1290,1505,1290,1233,918,1239,1663,505,577,1078,1482,1569,1417,1680,726,1334,890,1902,1214,1003,1512,1223,894,1638,767,1212,1239,1925,428,1237,458,505,1305,1617,1437,1016,1836,571,723,2009,1528,830,779,1487,1519,1679,1503,882,1523,1302,950,505,1153,1502,1523,1812,754,1781,617,1248,1621,1412,1210,1322,1453,1255,1340,1214,1071,1491,1369,1220,1342,1771,773,1146,1149,1456,1222,1094,1034,1103,1226,923,1278,882,1679,909,1585,1222,1253,602,1518,394,703,768,1038,1567,889,602,1887,1200,1068,1169,1180,1371,1893,1671,1312,1127,781,1531,1110,1041,1891,1595,1524
1030,1262,1255,2295,2088,511,1935,2220,1432,1108,1738,1892,1732,1307,1662,1835,1263,1723,1542,603,1662,1415,1707,280,819,1294,1816,1258,1402,2110,1768,1939,1883,781,1202,1851,1374,1923,1644,1413,1470,1399,568,1091,1482,1376,164,1581,1491,1431,1439,1248,1144,757,2411,447,1695,1397,1872,1865,1730,1111,1252,1040,1679,1540,1913,1225,1751,1397,1956,1237,1889,1825,1759,1632,1498,1377,1930,1534,1338,2073,1947,1060,981,1262,1471,2228,1832,1628,1664,1198,1346,1251,0,1765,975,1741,998,1642,1730,1140,1253,1288,2228,283,1647,1142,1841,1487,932,1283,1790,1111,1096,1999,915,1496,1398,1972,1274,1868,968,1036,1321,1780,1462,1320,1654,1871,1513,1459,1486,1285,908,1544,1060,1390,1370,2123,1495,1842,1317,1070,1149,1782,1757,1710,1353,2130,912,1810,1685,1366,1253,2135,2094,2008,1422,1450,1460,1454,1366,1102,1769,2028,1140,1089,1250,2281,1417,1707,1821,1911,1415,110,1598,1899,1756,1539,2122,1773,2023,1152,724,1215,1205,1370,972,2008,1933,1877,1662,1694,1251,1003,1614,931,1079,1618,1719,1742,1531,1892,1227,1394,2221,116,1213,840,1908,1371,1280,1550,1392,1734,1772,1343,2122,2141,1548,1141,1861,1509,1626,1070,1667,1971,513,1394,1646,1782,1627,1850,1519,1849,1532,921,1890,1844,1432,1688,1157,1269,1469,1619,1513,1845,1695,1390
1504,1638,1097,1902,1516,1289,965,1379,1498,1066,334,906,1382,1009,1340,1660,1347,1237,1343,1131,1340,1146,966,1468,1031,1338,1627,1301,2074,435,238,422,2106,1039,1434,1596,1231,514,291,1224,1287,982,1169,1180,1149,558,1587,242,423,1022,1500,1586,2052,1269,1667,1437,1392,1007,1061,1216,1429,1401,1697,1714,1188,1360,1796,1146,223,1486,635,1094,1101,1050,1441,791,430,1498,990,389,1421,1326,958,2012,1396,1343,437,1675,1005,1102,254,1094,1106,731,1393,0,1715,1374,1670,1156,376,1228,971,1620,1381,1486,1409,1303,1318,1166,979,1343,1538,1268,1383,533,1468,1159,1873,301,1277,1002,1052,1519,1023,346,1088,1646,923,1083,1285,1187,1309,1082,1247,1278,1107,929,1164,1279,427,257,1080,1310,1389,1332,1439,449,1100,629,1646,1433,742,1332,1333,723,1262,596,1225,1250,1534,420,964,973,231,1214,1429,1257,1340,1730,457,446,2043,1217,776,1295,1385,1212,1438,1463,621,1274,1462,1177,1034,1147,1623,1343,1559,358,1809,249,971,1372,1239,1329,1322,1317,1376,1347,1226,986,1200,1384,1337,1313,1375,1289,942,1292,1346,1291,1667,1247,1300,1239,645,1035,621,1291,1657,1400,1174,1055,398,1345,657,307,1292,1096,1323,495,399,1629,1151,895,988,1007,1677,1635,1148,1218,1241,990,1283,1348,1278,1633,1229,1345
1308,495,1624,946,1199,1227,1091,1055,1078,1080,2117,1031,1080,1066,856,1271,1612,1083,2291,1764,856,900,1907,1176,1159,1480,703,905,2195,1802,2090,916,1144,1161,1904,1192,876,1755,2144,966,1818,620,1167,1126,1043,2090,977,2094,2242,839,1039,807,1799,996,1257,1357,574,1578,1016,1597,1082,747,721,783,1740,1218,1201,1033,2075,1351,1703,1480,2130,1115,962,1294,2248,950,1052,2116,983,944,1083,1673,1774,1608,2177,1056,1182,908,1928,1115,937,2265,1178,1977,0,997,1178,1407,2143,1175,1095,1710,1290,996,959,1385,828,1145,1299,1851,1023,1727,1528,2320,1628,1072,633,2025,1569,993,1344,1172,931,2118,1594,1801,1849,2090,703,1717,1840,649,929,1390,1857,344,1522,1241,2245,2129,858,1602,1689,988,960,2197,1047,1698,844,1403,1347,1632,1634,1646,1199,1764,989,1115,2105,2160,1416,1127,2083,1127,1635,1557,1620,1318,2053,2194,1689,2113,1281,1001,2251,2113,959,1591,1688,1168,927,457,1145,518,1570,1643,160,2024,1009,2012,1768,995,1531,1422,988,836,1520,845,993,1957,1609,1358,1777,988,1288,1211,622,1551,2119,1484,1676,611,1008,1028,1125,1214,1688,1267,1666,1602,1985,590,2115,1637,2260,1908,1229,1353,947,1128,2118,701,1977,1323,680,1299,1318,695,1080,1149,1400,1005,1022,848,595,697,945,1753
956,697,1403,1268,1751,2144,457,994,1628,442,1497,394,112,1336,141,1196,1481,1632,1827,1624,141,707,1245,2363,1885,1383,235,1453,2250,1234,1398,1518,1439,1902,1369,1748,671,1086,1451,1590,1291,1317,2039,915,1145,1395,2046,1402,1565,532,1592,833,1844,2131,1382,993,753,1380,116,1367,110,418,727,745,1416,1870,1247,1135,1396,1065,1035,845,1598,462,126,679,1572,934,417,1441,967,637,446,1189,1349,1349,1480,998,671,1403,1249,2158,1432,1588,2324,1298,731,0,1201,1620,1520,964,1197,1445,1002,2323,1518,1698,903,1220,2106,905,1584,1097,1195,1640,1422,1174,943,1410,937,355,712,1195,1437,1448,984,910,1192,1581,1253,1104,1312,1379,465,1916,1366,935,1461,932,1569,1451,1432,970,1044,1126,124,1525,1626,1030,359,1402,732,986,1427,1036,1755,1096,1544,1668,1579,1463,1629,1824,1404,1698,1006,913,1344,1256,1355,1522,1141,1547,1833,2145,1524,1558,121,1361,1021,1720,1683,1153,1887,1039,1348,997,611,1360,1520,1333,1446,1,899,1434,1483,574,1188,1410,1549,1368,1285,1924,1466,1605,998,2139,1164,1755,1611,1750,1048,1112,1384,1582,1722,1487,1021,1148,1038,974,1597,1196,1446,1005,1605,1243,2140,1895,76,1583,1448,233,1439,720,692,668,1870,227,1092,1746,1411,2071,1574,1412,1201,229,1769,1146
1644,1205,1331,2042,1758,784,1103,1881,1978,1012,1147,1101,1003,1457,1221,1877,1620,1973,1609,1415,1221,2063,1465,1000,700,1639,1024,1770,1391,1562,1229,1206,2119,662,1152,2091,2027,1797,1515,1620,1431,1365,682,1757,1387,1259,967,1458,1055,2082,1643,1176,1376,715,2580,641,1252,1801,1189,2030,1007,1276,1186,1441,1779,2118,2159,1384,1621,2059,1830,1045,1936,971,1208,2170,1062,2043,1108,1304,1990,1024,909,561,1646,1340,1073,2282,2384,1526,1221,1454,1527,1145,923,1635,1422,994,0,1445,1153,1801,1410,1914,1884,1024,1566,1685,1228,1397,1386,1581,2031,1119,1751,1150,1566,1687,1322,1066,1320,2331,1000,26,1471,1088,1444,1614,1422,1915,1456,1232,1444,1791,1031,2072,1629,1613,1453,1782,1059,1345,1499,1328,1412,1833,1002,1059,1528,2009,1055,1985,2121,1394,1609,2009,2131,1882,1625,1653,1169,1230,1754,792,1351,2072,1392,1345,1608,1934,1549,1058,2061,2048,978,822,1647,2040,1214,1676,2000,1674,2069,1640,676,1666,913,1154,1397,1379,2176,1216,1763,993,1076,1306,1516,1272,1756,1846,1627,1795,2011,2149,1591,1860,1877,816,1374,904,1616,1675,1322,1457,1852,1980,1018,1488,2000,1793,1325,1399,1652,1751,1087,1343,1274,1427,789,1702,989,1034,1088,1238,1630,927,1189,1173,1780,1029,1364,1721,1251,838,2028,1847,1755,1241,1731,1175
1560,1311,974,1424,930,1374,1641,1125,1733,1582,1207,1591,1546,651,1712,1092,1000,1737,713,1403,1712,1930,454,1359,1250,942,1454,1842,2832,2157,1189,987,1028,1546,1388,1861,1884,2191,1001,1695,1310,1674,1313,2117,1091,1218,1665,1186,1195,1750,1697,945,2809,1326,1619,1476,1678,120,1732,1062,1548,1328,1071,1133,44,1980,1333,1081,1177,2278,2141,1113,677,1565,1661,1790,998,1979,1550,1246,2016,1481,1645,1620,1331,994,1280,1066,1990,1117,927,1022,1115,1017,1359,957,1757,1643,1745,0,995,2168,950,1080,1107,1646,1624,2250,1922,1102,1011,1092,1690,1011,1308,1161,1131,1120,936,971,1185,1575,1335,1441,721,1012,1005,1296,553,680,1702,887,1332,1511,1466,1240,961,1506,320,1077,1201,978,1537,1096,872,883,1660,996,1031,2135,1399,902,1843,868,989,2142,934,2201,1649,1773,1598,1050,9,1211,976,880,920,1192,1214,1031,959,995,1001,935,1464,1365,701,935,1657,1056,2127,1825,865,1606,1267,1127,1262,882,1433,2246,1335,978,92,1641,1223,1040,1104,1371,1072,1446,1654,503,815,1874,1030,692,1067,1365,1103,2346,672,2372,649,1119,753,1687,1010,666,2127,1110,639,888,836,1577,1018,1034,1232,932,1661,2241,1651,1213,1225,1457,1107,1474,1770,1488,1974,1463,1033,929,1170,1472,1832,1448,1582,1461,946,1168
1489,1804,1096,1608,1569,1184,1137,1421,1262,1263,22,1077,1540,1038,1505,1417,1114,1519,1152,1033,1505,1342,1216,1366,931,1109,1797,1325,1675,616,119,512,1763,939,1591,1345,1415,686,48,1504,1444,1000,1069,1082,978,447,1482,123,219,1205,1264,1763,1658,1165,2054,1339,1586,1043,1230,1249,1587,1571,1871,1886,1234,1381,1814,1178,245,1388,807,1354,1143,1249,1602,963,226,1368,1162,257,1329,1520,1129,1902,1291,1341,311,1727,1177,1361,388,1204,1366,627,1291,262,1882,1533,1564,1201,0,1131,998,1623,1424,1384,1435,1088,1504,1198,1134,1344,1566,1451,1285,718,1370,1192,1112,480,1443,1160,1218,1413,1052,35,1510,1649,1164,1360,1309,1340,1466,1104,1416,1577,1108,951,1210,1598,223,338,1334,1475,1562,1374,1600,451,1360,801,1815,1217,914,1505,1102,896,1305,769,1505,1537,1678,294,1001,873,265,1256,1610,1430,1107,1781,358,448,2065,1513,647,1198,1188,1247,1599,1502,793,1296,1253,1199,934,975,1525,1516,1724,530,1828,373,1219,1531,1404,1097,1119,1486,1278,1139,1248,1027,1233,1406,1333,1350,1418,1192,1169,1237,1157,1079,1850,1058,1338,1523,647,1065,793,1334,1841,1577,1209,1075,75,1510,268,474,1193,1105,1387,585,70,1799,1434,1060,1174,1172,1409,1805,1138,1261,1238,863,1305,1139,1079,1803,1272,1529
1159,858,1242,1598,1234,1802,881,1601,1777,868,1446,823,710,1594,619,1597,1320,1781,1229,1098,619,353,911,1894,1848,1265,812,1606,1848,1255,1348,1540,1603,1864,1679,955,300,1026,1600,1739,1601,1377,2001,107,1406,1497,1444,1537,1514,373,1741,1141,1511,1939,1714,1591,633,1799,808,972,684,825,1123,1140,2055,1169,1367,1397,1346,256,975,1276,1288,911,725,603,1521,328,848,1390,371,1046,875,1213,850,1191,1429,1330,803,1548,1199,927,1577,1646,1858,1248,939,724,2112,1705,1686,0,1457,1290,1612,1862,1668,1541,779,1488,2128,1432,1734,1510,674,1665,946,1434,1099,1431,1367,786,1142,2192,1696,1397,1386,1448,1627,1055,1401,1504,1623,1529,990,1164,1248,1082,1827,1266,1518,1400,1581,1400,1484,1526,723,1474,1726,970,941,1115,656,1427,1267,976,1493,1036,1693,1817,1877,1412,1714,1787,1354,1423,1420,1352,1185,1371,1554,1471,1269,1020,1782,1687,1088,1009,722,966,961,1869,1173,1278,1850,1195,803,1438,770,1300,1671,1282,2079,648,1329,1242,1628,983,668,1559,1698,1141,1159,1201,1274,1644,1608,1693,1334,1162,1084,1593,1467,1262,1664,1731,1671,1747,961,1284,1458,1391,981,1345,1395,1435,1603,1185,1800,1414,600,1605,1397,810,960,1111,537,1097,994,804,926,1191,1245,2136,1730,1561,1350,806,1193,1536
1002,942,1675,1321,1480,1551,1435,1743,963,1431,1007,1377,1131,205,1298,1758,1658,968,1319,1226,1298,1527,1031,1252,1446,1529,1043,1008,2132,906,1188,1263,1511,1464,1577,1079,1479,2126,999,921,1499,913,1484,1715,52,1178,1261,1186,1011,1345,924,719,2114,1513,1516,1391,1315,824,1321,943,1133,923,666,728,861,1203,1728,52,1190,1873,2076,1675,1371,1247,1246,1698,1229,1640,1399,1042,1673,1077,1429,1607,2168,1654,1290,1655,1648,615,1144,1409,612,1187,1513,1173,893,1227,1703,649,1206,1759,0,1762,1773,1531,843,1436,1560,284,1141,1903,907,1342,2001,993,921,28,417,1241,1751,1340,1537,1697,304,1233,1289,1854,1144,1349,872,1122,1521,717,1062,793,1902,694,827,1624,1225,1202,741,1662,1278,1561,1244,1044,529,2071,986,809,1751,1446,1685,2050,1484,2136,873,1000,1787,1276,658,1165,1197,1424,1490,1761,1666,1639,917,1260,1581,1111,1236,1535,1252,1111,1241,937,2062,1053,1409,750,1448,270,2290,1458,984,2396,1689,1002,891,1225,1723,2070,608,966,1993,729,878,1083,870,1242,1822,476,1731,1272,243,2219,1360,1546,1229,417,471,913,1066,352,2062,1657,1220,1461,983,778,1238,1598,1230,1147,1286,1415,1235,1064,1233,1045,988,1393,1403,1490,1216,1051,1803,1466,1865,1209,1063,731,783,1049,1493,1420
771,1978,594,1144,1783,1635,1051,1807,1156,1192,1639,1255,2012,2067,1939,1494,556,1050,1231,1223,1939,1591,1228,1551,1377,580,2020,1220,2071,1577,1324,1476,1076,1351,1468,1055,1446,1496,1609,1103,1420,1431,1601,1684,2329,1516,1527,1324,1385,1711,1186,2061,1698,1369,1218,1750,1567,1061,2156,1151,2010,2101,2201,2215,1329,736,1159,2321,1347,1840,1473,1456,1347,1012,2026,1092,1386,1645,1050,1676,1611,2326,1264,2173,1211,551,1405,1802,1044,1879,1336,2070,1908,1520,1555,1342,1767,2010,1584,1305,1343,1728,2078,0,1512,1326,1514,882,1713,2446,1669,145,1156,1529,1281,1677,1191,2355,1871,1761,1403,1253,1409,1579,2232,1368,1366,186,1208,1347,1328,1503,1433,1383,2270,990,563,1628,1095,1826,1671,1365,1631,1190,1494,1726,2024,1457,1939,1476,2168,1426,1105,1222,590,1461,1473,1226,1238,1132,1740,1393,1083,1365,1641,1419,1257,1463,445,1516,1447,1456,1042,1066,1566,1334,1326,1269,2023,950,1465,1160,1412,1445,1619,1902,1139,1490,1850,1274,1248,1670,1094,2012,1391,962,1959,2266,1296,1611,1244,1528,957,783,606,2022,1829,1336,2043,1771,1646,935,1460,1739,1409,1175,1487,2240,1468,1534,1205,1243,1054,1385,1654,1152,1348,1611,1636,1017,1926,1492,1648,2022,1045,1053,1401,1343,717,2074,917,1440,716,1784,989,1613,1377,2076,1723,1479
1777,913,1452,1931,593,2235,1006,196,1136,933,1426,1012,1202,1473,1010,224,1784,945,711,2012,1010,1450,921,1845,1707,1415,1005,1178,2859,1311,1713,1369,1477,2109,1490,2316,1232,1553,1434,1144,1412,1002,2159,1371,2112,1768,2257,1710,1697,1163,1120,2029,2840,2167,2125,2352,1352,1168,1019,1390,1197,1168,2166,2228,1033,1185,1577,2104,1691,1314,1267,1478,779,962,1214,1371,1709,1601,1209,1756,1346,1173,1012,2036,1617,1471,1789,143,1169,1963,1349,1296,1960,1473,1845,1668,1068,1211,2275,1069,1720,1335,1778,1827,0,1843,1120,1224,1405,2135,1308,1843,2406,1256,1597,1655,1646,1800,2029,1638,1748,1239,1898,1881,1545,1735,1202,1497,1034,960,959,1033,1434,925,1162,1890,1436,924,1376,501,1705,1689,2282,1659,1188,285,1005,1676,1886,1527,1186,1705,1162,1321,1772,1514,593,1274,1118,921,1700,1473,1060,1666,1689,617,1688,1369,1484,347,1422,1676,1477,1329,1946,1844,767,1329,1217,1384,1520,1130,704,1003,1734,2156,1883,1306,1022,1566,1298,1682,1062,1004,1572,1840,1950,941,1587,2258,1118,1041,1521,979,1826,1555,197,1843,2132,2419,685,1469,1305,1938,1602,1119,1682,1491,1521,534,1171,1655,1314,1145,1743,1596,1754,1636,2236,1235,1019,1384,1740,1005,1165,1196,1488,927,1202,1211,1537,627,1762,1647,956,2260,1145,1213,513,1336
1075,1059,1300,2311,1726,182,2053,2219,1757,1111,1424,2010,1949,1320,1875,2214,1084,1750,1544,844,1875,1623,1413,346,514,1337,1999,1547,1193,1784,1462,1559,2309,470,1186,1877,1588,1629,1329,1436,1453,1425,288,1311,1242,1081,452,1272,1193,1648,1461,1045,1420,424,2009,431,1907,1693,2091,1880,1947,1122,1266,1053,1393,1889,1943,1497,1433,1614,1662,1228,1562,2165,1962,2002,1200,1591,2076,1240,1557,1095,2065,1406,1263,1083,1169,2227,2216,1650,1356,1157,1365,971,272,1446,1203,1947,1063,1363,1416,1356,1267,1601,2226,0,1673,1415,2053,1247,1761,1322,1504,1103,1369,1617,1183,1514,1173,1652,1269,2178,962,912,1334,1445,1448,1640,1653,1868,1274,1452,1216,1577,1105,1562,1324,1169,1373,1754,1197,1523,1336,1285,1379,2152,1960,1411,1656,1842,1114,1826,1953,1124,1298,1841,1731,1714,1444,1472,1194,1152,1655,733,1451,1677,1367,1083,1296,1888,1367,1408,2234,1921,1049,36,1929,1910,1959,1551,1833,1491,2020,1418,444,1231,1478,1127,990,1698,2370,1558,1380,1949,1246,1042,1636,938,1358,1642,1446,1440,1863,1921,1274,1407,2219,42,1228,1078,1577,1165,1277,1570,1405,1761,1393,1356,1833,1768,1279,1134,1549,1271,1319,1066,1360,1653,184,1184,1863,1401,1321,2001,1844,2041,1745,1107,1589,2053,1725,1685,1202,910,1803,1360,1539,2055,1692,1145
1411,1178,1189,1302,2164,1406,2179,1101,402,2158,1198,2120,1872,952,1758,909,1181,407,1975,1330,1758,1929,1729,1644,1348,1074,1781,441,2562,1107,1414,1258,1003,1633,1030,562,1883,1045,1185,319,970,658,1357,2025,1236,1384,1645,1413,1459,1749,362,1330,2539,1387,1495,1827,1544,1516,1925,1279,1874,1666,1451,1467,1553,682,1188,1227,1179,2255,1022,2401,2041,1977,1855,2163,1466,1854,2146,1233,1891,1791,2172,2140,1109,1176,1519,907,2096,474,1146,1405,446,1152,1363,1166,1085,1968,1891,1564,1188,2070,969,1294,928,1385,0,949,1788,1345,1662,1346,372,2003,2005,1443,949,1264,868,1239,2487,2083,2263,1885,1169,1211,911,1350,1843,1999,550,1784,1184,460,1776,742,1415,927,1682,933,1210,1438,501,2520,2242,2240,1853,1512,662,1235,1729,948,2216,2220,1199,1217,2168,1030,313,437,1203,1505,1580,1320,1433,2093,2275,2486,1190,1123,1085,1511,1071,1543,1428,1391,1925,1554,1852,1273,1012,490,2078,672,1617,720,1794,2234,1163,1300,1174,1201,1581,1966,2449,1609,497,1681,2020,347,318,1781,1283,722,1345,910,930,1392,790,1934,2028,1057,2107,616,929,352,1276,1101,1015,956,2098,2240,1593,606,1468,2556,1204,1386,1407,926,1740,1542,1211,1784,1435,2129,1636,2223,695,1790,1570,2127,1376,1672,502,349,598,1788,2156,2083
910,1333,546,1141,1174,1197,2319,1208,967,2313,1101,2260,2018,1451,1908,1206,600,941,926,1582,1908,1612,909,1375,1423,470,1926,564,2171,1248,1291,1201,1644,1167,1379,1224,1467,967,1305,820,1093,781,1156,1860,1614,1228,1130,1291,1123,1904,932,1418,1779,1194,1032,1570,1698,2171,2092,1746,2020,1812,1596,1613,2079,1076,1842,1605,1313,2087,946,2560,1036,2135,1994,1615,1360,1660,2286,1134,1626,1936,2311,1943,1345,595,1394,1206,2250,1242,1068,1414,1271,1021,1379,1079,1138,2115,1395,2323,1314,1905,1664,837,1478,1172,869,0,1942,1721,1373,855,1032,940,1374,1120,1325,1641,1225,1428,2642,2222,2418,1389,1632,1345,1039,853,2371,1249,672,1107,1106,744,1921,1415,867,974,2420,1210,1123,1103,1004,2675,1099,1377,1992,1432,1303,1144,1874,1604,1668,2728,556,934,1416,1151,881,1017,1345,1380,2105,1399,1326,1116,930,2647,593,1491,1155,1431,1701,1998,1598,1423,1233,2009,1991,1740,938,1061,1339,794,1394,1120,1156,1095,1215,1209,1823,1119,2107,2113,2605,978,1322,1826,1389,985,886,1143,1760,1317,751,1406,1479,1426,1386,2034,1052,75,2859,1109,1424,921,1467,1647,941,1233,2849,1106,2075,726,1116,2711,1098,1067,1446,175,1893,1471,1342,1927,1917,2279,1421,2378,1269,1933,934,1372,733,1511,880,987,719,1931,1359,2540
862,778,937,1097,1075,2177,1110,1391,1708,1100,1524,1050,940,1521,874,1149,1019,1713,2386,1472,874,497,1927,2207,1904,901,722,1528,2052,1348,1426,1502,1334,1922,1927,1838,476,1104,1479,1671,1838,1353,2420,757,1335,1417,1816,1430,1592,521,1673,1080,1680,2306,1440,961,149,1806,1034,2086,938,901,992,1054,1978,1957,1148,1326,1424,972,1053,1499,1101,1134,980,697,1599,569,1071,1468,611,1291,1102,1226,1099,870,1514,1394,897,1478,1277,1229,1507,1610,2168,1326,896,904,1017,1637,1547,806,1386,978,1163,2162,1600,1223,0,1417,1175,1120,1667,1745,1038,1624,1284,1363,1023,1395,1588,1012,1363,1222,1626,1475,1614,1134,1844,2339,1323,1738,1860,1451,1235,1974,882,1005,1757,1339,1596,1478,1513,1621,1708,1087,978,1551,1658,1048,851,1981,750,1651,975,1054,1299,1114,1625,1749,2134,1497,1646,1844,1432,1228,1653,1576,884,1441,1377,1548,1047,2250,914,2061,922,2246,977,2076,1039,1801,1221,1189,1907,1120,779,1662,691,1378,1405,1360,2005,898,1605,983,1553,1037,1031,1491,1630,2189,2133,2009,1010,1568,1401,2067,1258,1682,1121,1269,1747,1194,1569,1658,1703,1605,1039,1129,1691,1620,2107,1250,1429,1656,1588,1221,2122,1116,858,1566,1432,720,2086,1404,204,1318,1951,714,619,1032,936,2054,1652,1479,1255,746,1244,1801
963,1004,1616,1439,1685,1264,1530,1888,883,1530,1001,1481,1229,315,1397,1828,1594,891,1517,1195,1397,1696,1235,1230,1428,1454,1175,914,2534,2211,1179,1045,1470,1444,1831,1013,1593,2198,991,839,1763,886,1210,1820,214,1164,1495,1177,1006,1472,861,863,2079,1235,1638,1656,1360,1053,1424,1009,1231,1015,759,821,1071,1116,1735,214,1183,1953,2150,1773,1415,1367,1343,1816,1013,1622,1499,1036,1668,1174,1532,1927,2529,1582,1282,1801,1761,578,943,1421,607,971,1231,966,942,1325,1687,1107,992,1863,168,1704,1844,1506,773,1377,1605,0,1388,1843,841,1588,2113,1195,2395,190,498,1240,1840,1445,1623,1392,405,1225,1512,1890,1334,1424,737,1297,1786,659,1159,913,1690,759,1158,1837,1009,1195,480,1872,1449,1649,1341,1259,637,2144,1087,921,1868,1777,1626,2178,1690,2208,801,923,2029,1268,1098,1151,1191,1638,1837,1831,1591,1713,2505,1042,1542,1206,1230,1511,1464,1314,1338,1003,2136,1006,1623,798,1182,363,2318,1592,1009,2453,1699,1205,1100,1323,1802,2021,657,1064,2105,822,807,1302,971,1187,1744,592,1799,1512,338,1814,1429,1447,1559,181,574,849,1286,450,2136,1870,1550,1799,1185,716,1018,1908,1221,1142,1529,1316,1331,1285,1225,1177,1169,1504,1464,1581,1169,1183,1979,1684,1808,1199,955,824,721,1181,1704,1624
1625,995,1439,1649,1420,2027,1645,1310,1447,1720,1055,1595,2098,1160,2091,1307,1460,1745,1341,966,2091,1836,958,1131,1662,1441,2373,1578,2526,1119,1130,802,1953,1699,1377,1822,1938,1258,1138,1434,1229,1225,1841,2044,1364,1387,1185,1134,1183,1720,1445,1131,2505,1957,1732,935,1159,1068,1832,1591,2145,2146,1158,1174,1029,1565,2016,1127,1116,2298,1391,1466,1271,1710,2128,1558,1190,1099,1669,1060,911,1995,1649,1790,1156,1758,1108,1322,1814,1550,957,166,1292,1570,1126,1012,1076,2088,1479,1222,1076,2090,1378,2015,1580,2130,1376,1658,973,1149,0,2020,1466,1240,1380,893,1166,1369,1319,750,1669,1628,1654,1328,1417,1074,1045,1684,1116,1248,1557,1146,1252,1297,1996,1723,1745,1149,1012,1437,1187,1082,1271,1580,1290,1281,2130,814,1277,1390,2389,1575,1510,1282,1748,1473,1430,1346,1429,1451,1465,1091,1017,1444,1088,1150,1637,1473,1758,1366,1328,813,1909,1547,933,1945,1342,1281,2127,1586,1381,1477,1388,1471,1832,1371,1399,1267,1020,1109,2446,953,1231,2090,1564,1456,1280,1935,1128,1311,1430,964,1569,1915,1459,1222,1299,1939,1358,1639,1061,1645,1349,1472,1204,1742,758,1419,1381,1442,1421,1601,1240,1543,1071,1549,1233,985,2029,1680,2113,630,1074,2379,1220,1503,1199,1612,1593,2385,1597,1147,1377,1131,1799,1311,1281,2383,1407,1297
721,1930,665,1399,1489,1350,1056,1823,1287,1200,1640,1261,1949,2006,1897,1507,636,1143,1243,1008,1897,1560,1497,1545,1660,660,1971,1129,2056,1308,1600,1479,1195,1348,1782,1190,1398,1241,1333,1190,1429,1345,1322,1631,2253,1516,1259,1600,1674,1664,1262,2012,1685,1365,1489,1744,1444,1073,2102,1168,1947,2019,2140,2154,1112,843,1307,2245,1628,1758,1476,1465,1642,1230,1983,1323,1388,1751,1055,1388,1707,906,1052,2169,1294,624,1697,1818,1265,1799,1337,2075,1828,1520,1549,1622,1672,1093,1910,1319,1624,1675,1970,143,1526,1596,1438,953,1598,2393,1672,0,1271,1538,1460,1679,1274,1992,1844,1764,1413,1259,1417,1903,2147,1654,1660,303,1472,1359,1237,1514,1442,1285,1098,1114,626,1616,1107,1524,1385,1366,1550,1198,1246,1741,1981,1762,1857,1225,2050,1099,1338,1231,661,1212,1486,1483,1307,1215,1749,1394,1322,1363,1642,1729,1528,1472,555,1529,1198,1760,1167,1304,1566,1605,1339,1285,1907,1164,1467,1176,1720,1358,1616,1844,1244,1242,1740,1541,1415,1384,1335,1945,1400,1089,1879,1097,1475,1439,1313,1541,1172,900,712,1962,1527,1332,2007,1764,1375,1006,1219,1648,1607,1249,1799,2152,1218,1547,1215,1512,1067,1299,1655,1401,1628,1336,1350,914,1882,1805,1366,1973,1058,1279,1296,1351,831,1997,1030,1452,843,1476,1087,1441,1290,1999,1738,1490
979,1394,1388,1214,2166,1841,2328,2250,175,2340,1307,2269,2024,843,1955,2283,1368,184,1987,1474,1955,2203,1715,1480,1464,1256,1964,654,2227,1213,1280,1643,831,1469,1093,121,2088,1152,1564,232,1244,871,1781,935,1407,1259,1788,1545,1315,1973,324,1603,2208,1817,1411,1970,1746,1524,2185,941,2026,1810,1650,1668,1544,574,1000,1398,1287,918,1363,2587,1896,2185,2041,1160,1321,1983,2287,1620,2031,1965,2319,2278,1034,1357,1367,2190,1141,501,1253,1493,473,1528,1482,1274,1192,1998,1681,1580,1297,2367,919,1161,2292,1816,420,1149,1991,1177,1771,1017,0,1096,1018,1300,1064,941,1061,1620,2493,2231,2434,2025,989,1320,1172,1093,1818,1896,762,1764,1255,661,1950,489,1473,1151,1725,1110,1591,1568,694,2404,2226,2132,2039,1356,598,1363,1881,689,1190,2203,1398,1346,2171,1137,292,186,1058,1355,1571,1436,1563,2122,2258,2472,1367,2171,1447,1636,892,1266,1537,1509,1949,1269,1962,935,1351,227,2107,884,1456,911,962,2217,1257,1428,1046,1308,1571,2000,2612,1807,523,1855,1226,422,297,1781,1113,524,1521,842,2254,1510,1004,2052,1910,1221,2180,695,1008,313,1666,979,1354,942,2171,2223,1396,821,1324,2314,1314,1515,1842,1090,1937,1665,1319,1966,1433,2317,1850,2395,648,1972,1753,2156,1576,1808,279,419,813,1970,2182,2083
1361,1627,1087,1261,1053,1336,983,1160,2063,886,1171,923,1259,1204,1325,1126,1113,2071,1123,982,1325,1115,680,1113,1147,1294,1505,2310,2663,1166,1351,876,1680,1202,569,944,1223,1019,1359,2408,506,2053,1042,1452,1788,1333,1142,1355,1302,1006,2143,981,2186,1044,1128,1446,1349,1292,1232,896,1306,1202,1454,1470,1196,1222,1461,1780,1332,1583,970,222,883,881,1290,1094,1089,1470,867,1176,1517,1157,975,1270,1236,1337,1219,1099,1335,1661,1178,1024,1658,1511,1342,1233,1773,1250,1351,1073,1192,1497,1508,1266,1143,1332,2344,1135,1296,1950,1013,1274,908,0,1004,1009,1047,1813,1746,814,510,898,642,1116,1260,1186,254,1534,628,922,2089,515,529,2069,1142,1404,1309,1741,979,1209,1086,1198,1721,421,236,945,1288,910,1585,965,1315,1408,1146,229,1100,1116,1058,1029,2369,2074,777,1202,1082,1097,1204,950,440,110,1345,1036,1266,913,1355,1218,867,1331,774,1218,1285,890,956,1118,935,1962,983,1916,987,214,1683,1239,1467,1069,1224,1248,320,1368,1671,1097,1196,1997,2374,791,1117,1243,1364,1267,1099,1101,2343,2016,894,929,500,1630,1320,2132,1039,1210,956,1242,490,404,1089,2017,1183,574,1344,1177,1338,1156,1273,948,1186,1507,1074,785,968,791,1255,1513,1281,1003,1270,1060,942,1999,2022,1511,1008,248
1009,1328,817,1808,1819,1348,1448,1586,961,1237,1408,1390,1207,1126,1162,1583,861,1154,1541,802,1162,885,1433,1386,1620,871,1299,1293,1528,1768,1755,1736,1364,1657,1413,1067,851,1526,1358,1138,1154,1507,1470,558,1902,1292,1005,1305,1418,922,1173,1591,1505,1492,1591,1147,1246,1102,1351,1412,1205,1372,1563,1625,1345,1055,1386,1894,1413,862,1559,1105,1341,1283,1262,1099,1425,773,1347,1472,733,1538,1439,1075,232,833,1560,1589,1340,1116,1601,1200,1109,1435,1353,1426,1408,1215,1664,1083,1400,607,1949,961,1929,1373,1607,1099,1400,2068,1143,1101,1230,1213,0,1924,276,1926,1542,1629,911,1352,1383,1790,1139,1614,1354,1068,1147,1331,1400,1275,1411,1444,1415,1117,837,1532,1097,1860,1422,1503,1709,1131,1013,1837,1260,1634,935,1749,1371,1114,1151,994,838,1737,1821,1610,1154,1187,1159,1543,1089,1572,1431,1449,1229,960,803,1966,1322,1631,1300,1496,909,1172,1636,1226,1259,1164,1738,997,1743,1520,1637,1711,291,1002,1244,1698,1407,1538,1101,1180,1561,748,1100,1475,23,1594,1157,1476,1160,1306,783,1226,1595,1178,1860,1062,1641,1152,1087,1710,1234,1169,1828,972,1738,1883,1086,1011,1454,1462,1611,915,1344,1583,1351,1077,1140,1101,1614,1297,1430,1270,1080,1341,1076,1291,488,1464,820,1920,1199,1596,1453,1293,1462,1218
1299,1562,1146,1915,1243,1347,909,1653,1533,990,234,849,1285,1028,1283,1648,1407,1529,1109,1168,1283,1060,961,1429,1006,1395,1511,1109,2132,356,284,244,2143,1034,1356,1628,1169,418,231,1514,1208,1015,1174,1190,974,545,1573,288,290,952,1270,1476,2111,1287,1677,1441,1295,1012,1011,1229,1332,1285,1587,1605,1192,1678,1828,1173,200,1529,558,1102,1318,947,1316,723,88,1416,934,163,1463,1356,901,1694,1445,1402,226,1377,979,1360,103,968,1366,759,1362,226,1645,1276,1390,961,271,1235,1199,1389,1371,1456,1195,1353,1239,989,896,1390,1571,1224,1358,0,1470,982,921,175,1174,933,958,1239,1259,172,1024,1409,1110,1297,1094,1125,1231,1342,1140,1568,1155,958,1168,1266,85,166,1106,1206,1273,1324,1314,135,1357,553,1525,1201,671,1225,1392,626,1250,499,1513,1278,1444,208,968,974,172,1203,1331,1152,1159,1423,483,132,2081,1479,586,1265,1139,1473,1311,1224,544,1573,1201,1217,1016,1175,1620,1236,1480,264,1841,38,1177,1274,1136,1390,1352,1210,1351,1142,1515,979,1212,1706,1157,1334,1364,1259,1165,1100,1334,1110,1542,1057,1320,1530,328,1052,544,1541,1533,1299,1181,1310,170,1242,345,225,1349,1374,1299,323,171,1513,1400,806,911,917,1417,1519,1003,1457,1077,796,1585,1380,1089,1517,1219,1283
994,1419,903,1545,1554,1153,1614,1635,1216,1324,1577,1564,1384,1185,1337,1632,831,1001,1600,809,1337,1047,1490,1197,1463,857,1404,1278,1469,1947,1768,920,1695,1432,1461,1112,1024,1683,1528,988,1443,1492,1272,733,1990,1457,812,1473,1629,1093,1228,1807,1446,1298,1979,957,1338,1150,1527,1218,1382,1543,1659,1721,1162,1327,1423,1982,1586,1037,1716,1155,1677,1374,1436,1260,1636,853,1586,1679,813,1713,1618,1062,103,819,1821,1637,1501,1174,1759,1223,1167,1586,1165,1600,1494,1389,1484,1366,1569,782,1113,947,1988,1197,1146,1062,1492,2154,1408,1045,1285,1264,280,2093,0,907,1636,905,1152,1533,1477,1615,1198,1619,1404,1053,1194,1665,1385,1329,1461,1429,1657,1407,823,1634,1145,1917,1633,1677,938,1183,1057,1896,1434,1839,1187,1900,1449,1404,1312,1253,899,1894,1556,1767,1210,1028,1449,1804,1374,1718,1604,1497,1061,1212,832,1676,1489,1836,1339,1555,1106,939,1694,1275,1433,1465,1891,1258,1491,1505,1528,1806,384,1262,1335,1856,1444,1712,1388,1357,935,817,959,1649,295,1146,1212,1533,1460,1125,852,1064,1643,945,1955,1026,1406,1115,1133,1111,1293,1014,920,1233,1891,1941,1367,1274,1253,1447,1816,1158,1519,1741,1155,1062,1317,1123,1819,1388,1489,1359,1170,1435,1120,1382,711,1511,1026,2063,1253,949,1438,1384,1510,1270
1197,915,1679,1361,1471,1270,1406,1676,958,1404,1202,1348,1097,227,1264,1609,1649,966,1311,1001,1264,1576,1026,1495,1430,1515,1043,992,2118,2109,971,1036,1546,1199,1660,1082,1473,2094,1192,916,1594,804,1468,1705,44,963,1247,1172,1207,1350,935,739,2536,1496,1560,1377,1273,843,1291,970,1099,887,631,693,859,1190,1739,44,1176,1833,2046,1646,1205,1242,1210,1669,1216,1529,1363,1030,1575,1048,1397,1594,2448,1637,1276,1587,1625,639,1131,1401,636,1172,1239,960,842,1192,1397,657,987,1749,27,1766,1625,1254,847,1438,1518,273,1133,1905,914,1423,2002,1186,1096,0,370,1017,1713,1310,1496,1392,321,1219,1352,1941,1127,1238,829,1135,1616,739,1033,834,1746,669,848,1619,1211,984,613,1718,1288,1453,1208,1033,562,2041,955,841,1721,1465,1689,2031,1475,2104,875,996,1855,1262,885,1391,1184,1427,1516,1704,1646,1499,2401,1247,1606,1138,1479,1519,1261,1138,1205,963,2032,1079,1412,704,1185,260,2237,1478,918,2353,1776,1197,886,1190,1675,2085,648,938,1994,727,880,1092,885,1266,1800,510,1579,1520,233,2202,1216,1519,1286,391,490,922,1055,362,2032,1652,1277,1482,1009,797,1013,1631,1216,1134,1272,1388,1198,1273,1009,1045,994,1378,1377,1454,1243,1051,1768,1469,1871,1197,1029,729,802,1049,1492,1455
1122,662,1619,1663,1837,1437,1210,1953,924,1222,930,1149,903,749,1055,1971,1596,932,1839,917,1055,1252,1565,1156,1108,1457,850,869,2460,1965,2207,980,1511,1354,2131,1049,1225,1857,920,880,2046,609,1371,1454,591,2217,1164,2211,1131,1283,901,523,2018,1160,1861,1297,1024,1030,1096,1520,905,699,444,506,1196,1156,924,582,909,1585,1809,1458,1558,1061,1015,1470,943,1293,1165,1165,1340,861,1201,1838,2211,1584,1196,1865,1428,680,2022,1122,709,2382,1157,2077,667,998,1597,936,921,1498,642,1708,1986,1416,813,1380,1273,724,1092,1847,880,1819,1960,1112,2065,619,0,961,1526,1110,1310,1318,648,943,1759,1893,1366,1577,657,1660,2069,702,846,1161,1693,414,979,1979,1135,920,584,1558,1639,1796,1013,1178,863,1804,765,1161,1522,1591,1629,1829,1842,1867,841,963,2339,1183,945,1077,1106,1963,1706,1516,1593,1857,2153,1177,1574,1686,1401,1421,1787,1686,1010,1514,1795,1046,1948,514,1107,212,2001,1602,740,2113,1128,929,1224,996,1488,2024,759,752,1952,690,847,1630,1216,1232,1747,835,1942,1422,377,1741,1580,1450,1421,383,817,889,1206,885,1795,2012,1412,1670,1557,562,948,1594,939,1998,1439,1319,1002,998,943,852,1537,1197,1129,1268,1209,858,1515,1998,1811,1127,995,692,567,856,2023,1875
1379,1730,1471,1936,1482,1617,1082,1355,1586,1136,503,1022,1455,1059,1468,1351,1237,1582,1339,1359,1468,1244,957,1702,1269,1225,1703,1157,2221,536,487,101,2198,1296,1230,1388,1354,613,500,1298,1079,1065,1434,1398,1220,752,1592,491,547,1135,1313,1566,2200,1419,2044,1282,1488,1236,1198,1250,1502,1475,1780,1798,1201,1731,2266,1217,463,1714,748,1178,1305,1129,1486,916,554,1602,1107,412,1648,1411,1074,1565,1661,1490,462,1365,1172,1164,308,767,1413,967,1637,362,1827,1446,1259,1172,539,1443,1027,1458,1356,1728,1497,1182,1425,1027,693,1460,1341,1094,1556,239,1093,1228,1160,0,1281,1037,1065,1109,1296,424,899,1477,1107,1283,1379,991,1102,1397,1326,1330,1227,1212,975,1507,551,429,1383,1313,1147,1586,1484,147,1160,743,1715,1481,864,1341,1225,822,1234,695,1565,1595,1317,445,1180,1053,435,1190,1447,1266,1488,1703,686,150,1771,1496,518,1536,1131,1491,1481,1504,734,1625,1188,1278,1233,1221,1094,1125,1651,461,1888,301,983,1444,1243,1226,1398,1351,1548,1183,1298,1175,1489,1758,1231,1132,1349,1530,1210,1150,1320,1172,1188,1095,1351,1310,245,1305,734,1257,1268,1415,1443,1131,421,1349,678,397,1334,1449,1469,180,423,1705,1173,915,1097,1024,1765,1711,1306,1192,1390,730,1638,1183,1135,1709,1456,1158
1256,1142,1186,1010,1436,1276,648,1546,1936,563,1533,588,941,1475,990,1488,1217,1944,1515,906,990,1191,799,1056,1100,1166,1168,1773,2568,1297,1446,1172,1587,1148,827,1997,1258,1110,1454,1890,764,1531,1200,1486,1274,1465,1308,1450,1584,1135,1914,759,2545,1206,1097,1152,1336,1411,898,1275,988,938,937,955,1316,1124,1381,1265,1427,1618,1061,248,1160,548,969,716,1591,1504,528,1462,1550,694,640,1257,1123,1210,1512,1459,1025,1654,1273,1320,1651,1646,1055,1328,1514,929,1093,1191,1556,1529,1324,1162,1502,1050,1825,2244,1495,1435,1309,1170,1898,523,1100,1307,954,1301,1236,1110,0,561,289,1316,1623,1468,523,1409,747,1202,1556,476,787,1689,679,1881,978,1223,1097,1584,1588,1473,1620,95,339,1332,967,1545,1578,1056,1030,1401,768,284,995,1082,1441,1120,1853,1978,1038,1495,1200,1879,1435,1330,395,206,1008,1382,1398,1542,1275,1553,1155,1269,1157,1590,964,1269,1047,2059,1315,1461,1133,1404,1812,295,1354,1371,1389,1352,1346,927,147,1027,1664,634,1777,1709,1859,910,1293,949,1024,1443,1458,1050,1690,1624,1177,2338,619,1396,1450,1901,1347,1570,1047,1617,609,359,1461,1502,1465,68,1625,1258,1277,2207,952,1244,1468,1170,1441,440,1044,441,958,1176,1156,1372,1143,1359,1925,1711,1507,1174,1395,544
1285,1048,1452,1147,1102,1947,588,1019,2011,530,1134,525,731,1533,756,1016,1495,2019,1627,1778,756,913,1336,2034,1584,1502,943,1852,1877,1043,1126,1316,1607,1621,1356,2074,810,791,1134,1969,1290,1609,1763,1046,1350,1119,2116,1130,1265,687,1989,973,2244,1879,1498,1121,944,1240,464,1216,778,713,1015,1033,1258,1139,1388,1341,1107,1170,742,712,1595,581,766,388,1272,1050,613,1139,1098,786,577,1083,1506,1404,1185,1239,576,1512,953,1944,1509,1296,1970,1008,1144,724,2230,1294,1155,1095,1400,1037,1026,2047,1900,1747,1102,1512,1876,1042,1975,1068,1335,1456,1596,1377,1312,1208,783,0,566,2079,1591,1151,1040,1050,1281,1615,1636,1015,1313,1769,578,1634,1413,1300,1605,1137,1269,1153,1695,815,884,1164,764,1225,1436,737,950,1264,440,835,1466,766,916,801,1928,2053,1559,1168,1285,1537,1115,1866,948,762,1436,1069,1046,1222,1282,1415,1555,1865,1685,1418,761,1210,728,2134,1851,1437,1602,1479,1464,846,960,1051,1400,1032,1288,722,745,1482,1519,648,1327,1784,1934,1447,1157,966,1514,1304,1233,1859,1946,1397,1617,1798,1154,1469,1312,1976,1419,1538,728,1156,1145,913,1489,1576,1148,851,1309,937,1949,1658,748,1385,1151,945,1337,440,758,521,972,951,1143,1902,1461,1764,2006,1786,1581,949,1926,1068
1486,1225,972,1094,1524,1168,558,1635,2044,460,1450,495,843,1585,897,1571,1204,2052,1531,1871,897,1098,886,1171,1836,1159,1076,1886,2053,1198,1364,1212,1653,1873,943,1115,1165,1027,1372,2002,876,1644,2015,1396,1395,1366,997,1368,1502,1042,2022,907,2034,1097,1183,1283,1239,1286,806,1260,890,846,1049,1067,1397,982,1433,1386,1345,1525,978,230,1259,445,876,629,1509,1412,437,1378,1459,745,547,1407,1914,991,1419,1545,932,1556,1191,1361,1553,1546,1169,1246,1422,836,1208,1268,1473,1441,1445,1167,1586,1162,1933,1936,1397,1557,1349,1173,2008,619,1675,1350,1777,1422,1344,1151,286,468,0,997,1643,1386,640,1418,834,1271,1672,563,899,1805,730,1684,970,1333,1177,1674,1506,1391,1729,318,426,1416,874,1463,1480,973,941,1308,681,379,1188,999,1528,1037,1961,2086,1153,1402,1277,1783,1353,1414,493,309,1203,1130,1299,1460,1327,1463,1197,962,1244,1466,871,1254,964,2167,1399,1569,1846,1511,1706,390,1258,1288,1442,1270,1427,834,248,1011,1565,685,1667,1817,1967,997,1201,1002,1218,1348,1539,961,1978,1534,1271,2445,706,1502,1355,2009,1657,1590,964,1707,696,457,1532,1608,1383,354,1542,1209,1170,2314,860,1282,1386,1078,1380,349,951,131,1010,1084,1118,1456,1122,1398,1097,1819,1613,1082,1479,654
1356,1200,1325,2038,2120,735,909,1878,1633,1008,1016,1096,1206,1452,1216,2263,1613,1628,1605,1376,1216,2107,1765,934,665,1632,1231,1460,1677,1358,1098,1153,2553,635,1150,2085,2078,1741,1255,1615,1183,1642,650,1804,1669,1196,949,1393,944,2136,1978,1415,1659,660,2575,634,1032,1796,1184,2025,1002,1052,1427,1188,1775,2112,2154,1666,1503,2105,1774,1042,1600,967,1203,2132,951,2085,1104,1192,2035,1019,905,494,1636,1611,957,2278,2388,1837,1111,1323,1522,1094,866,1517,1416,990,37,1741,1022,1849,1405,1907,2271,968,1561,1678,1012,1681,1254,1576,1676,1348,1795,1017,1555,1682,1591,923,1090,2281,1204,0,1466,957,1440,1942,1418,1583,1752,1484,1441,1784,1240,2066,1622,1607,1750,2149,948,1206,1494,1324,1408,2210,997,948,1523,1958,1269,1639,2080,1151,1326,1952,2128,1825,1957,1648,1167,1112,1448,733,1212,2069,1150,1341,1326,1931,1501,947,2482,1692,864,770,1985,1685,1208,2018,1949,1669,1710,1353,641,1375,1095,1390,1391,1263,2171,1077,1456,989,1296,1300,1825,1048,1772,1523,1622,1791,2006,2143,1311,1855,1874,764,1654,971,1948,1381,1592,1754,1529,1634,892,1791,1949,1791,1596,1396,1648,1745,955,1339,1136,1226,737,1696,1188,940,957,1232,1626,923,1183,967,1775,1025,1357,2074,1504,697,2022,1524,1749,1235,1728,1172
1282,1249,1855,1288,1436,1631,1671,1636,1033,1578,1281,1621,1642,208,1813,1570,1830,1041,1206,1310,1813,2064,989,1320,1521,1726,1586,1169,2203,1156,1038,1318,1722,1541,1586,1119,1959,1882,1053,1085,1520,1118,1563,2189,330,1034,1605,1252,1062,1838,1100,1077,2638,1591,1487,1759,1599,806,1827,692,1644,1426,1167,1229,822,1354,1915,330,1038,2319,1834,1567,1164,1568,1756,1811,1069,1842,1576,1323,1890,1597,1675,1665,1161,1820,1355,1546,2188,561,999,1196,558,1042,1595,1236,1185,1738,1776,858,1271,2238,284,1954,1585,1611,1013,1607,1844,787,1173,2115,1078,1352,943,1042,992,306,778,1073,1864,1603,1761,1771,0,1074,1282,2120,1091,1205,998,1061,1543,915,1582,760,1918,988,903,1584,1287,1047,524,1775,1214,1417,1754,1091,481,1829,1501,641,1863,1522,1865,1980,1441,1892,1041,1041,1785,1111,849,1226,1044,1394,1577,1838,1830,1463,1179,1317,1790,891,1288,1338,1224,894,1751,686,1820,1086,1379,1038,1525,635,2532,1352,1257,1122,1957,1272,852,1736,1903,2266,571,1487,1130,867,1046,1056,660,1428,1981,283,1540,1616,740,2301,1180,1694,1341,480,263,1088,1343,89,1820,1617,1332,1541,933,977,1078,1688,1073,1209,1352,1563,1791,1110,1074,1588,918,1501,1703,1719,1381,1594,2215,1436,2045,1266,1190,869,982,1592,1459,1382
1517,1850,1121,1966,1311,1249,1226,1434,1285,1276,21,1164,1580,1280,1573,1727,1375,1282,1168,1069,1573,1392,1021,1331,909,1369,1833,1121,2032,676,176,477,1787,937,1636,1653,1378,740,159,1533,1488,1237,1077,1093,1001,447,1470,180,179,1272,1555,1802,1665,1188,2078,1348,1635,1061,1316,1269,1627,1606,1907,1923,1039,1697,1838,1205,106,1397,874,1309,1156,1269,1611,1041,186,1377,1251,223,1341,1545,1216,1766,1341,1135,281,1443,1297,1150,357,1131,1393,667,1264,331,1931,1571,1457,1222,33,1142,1021,1653,1437,1358,1463,1113,1560,1014,1062,1369,1594,1486,1260,674,1371,1009,1139,440,1489,1245,1273,1306,1297,0,1533,1391,1182,1376,1108,1390,1511,1127,1451,1328,1133,974,1019,1334,183,409,1362,1521,1602,1675,1609,401,1387,869,1844,1495,989,1554,1127,949,1591,822,1270,1296,1706,263,1231,880,333,1269,1669,1479,1132,1797,384,398,1734,1272,639,1167,1202,1529,1606,1527,860,1594,1266,1229,922,998,1522,1565,1767,588,2237,444,1239,1569,1451,1121,1142,1521,1253,1162,1272,1041,1513,1429,1128,1139,1727,1161,1196,1019,1170,1104,1876,1305,1129,1551,595,1086,860,1625,1867,1633,1228,1327,46,1557,179,537,1251,1130,1594,556,41,1835,1206,1121,1232,1231,1731,1841,1167,1538,1268,839,1328,1163,1103,1839,1285,1548
1780,2084,1196,1050,1107,1201,1409,1217,971,1331,1469,1351,1689,1251,1753,1181,1475,971,1171,1319,1753,1492,801,1212,1253,1422,1934,2179,2796,1296,1337,1087,1748,1312,342,1211,1587,1430,1345,963,255,2504,1373,1814,1601,1763,1243,1341,1513,1370,1165,1378,2297,1371,1363,1289,1735,1304,1636,949,1736,1639,1903,1919,1314,1076,1520,1601,1444,1947,1383,630,940,1321,1720,1514,1298,1831,1301,1390,1879,1597,1403,1612,1140,1468,1307,1156,1755,1578,1164,1271,1575,1928,1210,1219,2194,1680,1195,1189,1493,1859,1555,1650,1198,1199,1100,1255,1659,2215,1224,1375,970,412,1121,1221,1163,1577,2190,1025,946,1319,1078,1193,1307,1398,0,1653,749,984,2285,415,278,1905,1582,1461,1438,2189,1095,1263,1295,1411,1820,857,464,974,1718,1116,1502,1378,1760,1329,1566,457,1209,1529,1112,1440,951,1167,545,1414,1198,995,1417,1004,829,704,1222,1091,1689,1119,1709,1271,1097,1447,829,1271,1715,943,1369,992,989,2424,1074,1813,1104,442,2098,1225,1524,1282,1344,1678,728,1243,1588,1537,1337,1915,952,912,1222,1318,1496,1329,1154,1197,2218,1759,950,1028,617,1679,1382,962,1251,1257,1369,1296,641,794,1142,2166,1395,768,1554,1163,1452,1056,1703,1160,1398,1936,1127,1221,1331,1226,1103,1942,1419,1055,1163,1154,1219,1917,2171,1940,1062,476
702,2087,624,1348,1768,1386,1063,1480,1167,1202,1379,1051,1095,2149,1889,1785,596,1070,1219,1044,1889,1553,1475,1590,1405,622,1960,1287,2117,1601,1346,1807,1125,1668,1472,1121,1391,1258,1636,1536,1424,1501,1639,1625,2440,1545,1567,1346,1698,1656,1139,2165,2096,1399,1190,1481,1433,1270,2094,1130,906,2009,2267,2281,1092,769,1228,2432,1652,1751,1239,1464,1337,1234,1975,1108,1700,1708,1061,1410,1664,1098,1278,1829,1254,583,1724,1476,1061,1961,1638,1728,1990,1283,1594,1363,1809,1099,1949,1073,1366,1669,2117,291,1808,1358,1601,918,1587,2247,2034,148,1202,1270,1420,1702,1234,2139,2002,1784,1167,1268,1174,1608,2306,1679,1369,0,1452,1616,1394,1503,1436,1438,1101,1022,587,1771,1314,1499,1697,1386,1703,1195,1497,1707,1973,1783,2018,1241,2039,1445,1121,1225,620,1484,1763,1504,1599,1092,1744,1710,1075,1682,1380,1407,1522,1468,514,1810,1222,1782,1094,1267,1590,1649,1588,1249,1899,933,1232,1103,1400,1514,1655,1969,1204,1493,1901,1293,1344,1695,1312,909,1157,1048,2042,1099,1435,1588,1604,1258,1135,825,671,2099,1810,1653,2145,1807,1634,971,1457,1798,1494,1126,1507,2315,1491,1521,1202,1505,1254,1454,1392,1396,1370,1354,1386,1071,1874,1826,1675,1962,1244,1286,1285,1121,757,1986,989,1428,802,1815,1014,1590,1446,1988,1708,1482
1397,2074,1312,1647,766,1662,1518,961,1757,1460,967,1470,1702,1063,1766,1040,1344,1765,804,1195,1766,2051,122,1655,1495,1277,2070,1959,2897,1599,1154,1125,1164,1275,1036,1836,2152,2039,972,1927,965,2386,1314,2389,1812,1201,1683,954,951,2016,1855,1713,2380,1322,1845,1781,2419,612,1727,969,1749,1700,1813,1875,507,2112,1240,1804,1137,2512,1991,982,490,1450,1733,1654,960,2391,1431,997,2435,1656,1524,1585,1409,1336,1024,909,1895,1363,1471,928,1361,1212,1370,1115,2408,1693,1717,785,964,2439,1365,1459,984,1369,1861,2377,2296,1842,924,1219,1816,763,1385,919,1442,1387,1685,917,1077,1447,1209,1713,1117,979,723,1202,0,511,2066,565,988,1686,1573,1471,1075,1878,691,914,1156,942,1576,988,742,971,1731,945,1287,1986,1820,1107,1706,736,1101,2016,771,2049,1889,1768,1210,1227,534,1197,941,747,792,1049,1349,1088,1147,1141,1138,1137,1166,1370,558,1138,1728,963,1977,1811,732,2229,1262,1868,1115,758,2186,1531,1242,939,544,1649,1195,1387,1390,1596,1135,1693,1854,232,1006,2055,1140,1116,955,1654,1751,2350,502,2495,396,1551,1158,1860,1153,1133,2078,945,233,764,1009,2381,1189,890,991,1468,1664,2388,1674,1145,982,2153,944,1438,1981,1459,2102,2159,1360,813,1297,1435,1884,1765,2388,2157,853,835
1563,2151,1506,1619,405,1876,2147,628,2069,2034,1362,2088,2150,1402,2206,693,1272,2076,692,1380,2206,918,544,1872,1408,1214,2304,2387,3121,1013,1120,1076,1209,1750,1519,2084,1148,1192,1136,2086,1468,2333,1800,1317,1823,1165,1575,1117,1108,2605,2147,1766,2565,1497,1817,1650,2478,898,2175,1101,2197,2140,1882,1944,774,2150,1290,1815,1102,1031,1170,1531,212,2034,2177,2249,1350,1268,2034,1156,1070,2149,2140,1740,1351,1266,1184,576,2490,1700,1051,1242,1697,1418,1549,1309,2469,2138,1586,811,1126,1274,1708,1627,651,1546,2037,1034,2718,1933,1034,1641,2111,1324,1608,1074,1379,1730,1736,1063,1666,2068,1816,1911,1466,1139,1230,1338,643,0,2496,1011,1491,2046,2058,1651,1234,1930,1081,554,1346,1101,1933,1577,1164,796,2175,1320,1612,1167,2223,1407,2301,1260,1523,1154,410,1178,2101,2080,1722,1176,802,1652,1101,402,1308,1616,1278,744,1124,1320,1441,1247,1317,1547,428,1247,2172,1096,960,2124,329,2331,1436,1880,1567,1273,2266,1205,1555,1096,805,2136,1704,1584,1683,2086,1594,2051,2106,647,1352,2100,1303,1406,615,1547,1854,2563,191,1239,904,1847,1459,2139,1099,1413,960,587,794,1276,1119,2483,1383,1388,1394,1056,1555,1048,2159,1319,1143,2309,1054,1955,1173,1969,1105,2315,1571,441,1498,1629,2057,2053,2490,2313,582,1348
1308,904,1113,1799,1106,1564,1800,1140,706,1738,1094,1750,1599,952,1461,941,1025,692,2033,991,1461,1725,1845,1251,1238,954,1544,289,2449,1215,1066,1402,1306,1499,1174,768,1604,943,1080,521,1106,367,1505,1752,1108,1038,1251,1066,1336,1490,658,999,2009,1541,1997,1693,1233,1637,1697,1430,1601,1376,1176,1192,1751,866,1574,1099,1076,1964,920,2047,2016,1594,1555,1959,1343,1552,1771,1364,1598,1412,1804,1663,1727,1020,1153,1136,1859,866,1045,1322,895,1262,1252,1064,733,1511,1758,1488,1084,1797,1158,1213,1159,1539,562,881,1471,1344,1289,1346,674,2188,1849,1322,1708,1135,773,1142,2102,1717,1885,1451,1245,1338,2084,1380,1914,2011,0,1876,1119,149,1396,1281,1140,568,1530,951,1338,1088,611,2134,2251,2293,1553,1153,914,1112,1459,1277,2010,2196,1123,906,913,928,599,722,940,1379,1497,1211,1084,2191,2195,2114,1030,968,1180,1152,1395,1655,1600,1545,1997,1658,1551,1424,1100,725,2176,380,1228,492,1681,2207,842,975,1538,1328,1777,1513,2064,1550,948,1298,1864,483,606,1906,1398,1041,1186,1034,1160,1281,562,2203,2031,882,1921,701,1104,648,1178,1100,913,1176,1912,2160,1691,87,1111,2022,1328,1263,1565,775,1439,1179,1337,1546,1539,1739,1346,1843,1014,1324,1502,2213,1316,1277,637,485,78,1326,2263,2218
1660,1689,1311,931,986,1208,1483,1072,1668,1250,1360,1435,1302,1358,1368,1067,1342,1675,1222,1061,1368,1422,483,1461,1057,1285,1426,1993,2754,1205,1236,973,1582,1328,652,1740,1523,1368,1256,1726,586,2088,1144,1764,1814,1676,1237,1240,1392,1651,1764,1548,2261,1148,1223,1572,1759,990,1334,960,1349,1342,1495,1510,1011,1133,1382,1806,1329,1883,1322,594,853,1154,1333,1585,1209,1771,1369,1265,1821,1269,1489,1388,1075,1105,1307,1011,1826,1307,1077,1166,1305,1846,1208,1133,1937,1293,1488,862,1388,1809,1663,1244,1107,1202,1822,916,1909,1923,1121,1253,1727,385,1056,1098,1100,1685,1726,910,1004,1418,1154,1229,1421,1273,335,1245,428,878,2099,0,609,1663,1184,1378,1079,1769,792,1134,1206,1294,1487,915,225,901,1331,1000,1220,1317,1431,1009,1637,429,1099,1468,991,1378,1745,1677,856,1289,871,1227,1300,959,765,664,1344,990,1634,1003,1542,1150,1167,1453,753,1153,1328,954,1308,1722,944,1996,1313,1870,1033,414,1756,1140,1387,1157,1040,1291,691,1137,1287,1206,1043,1664,1750,596,900,953,1132,1044,1091,1202,1844,1774,862,1094,280,1463,1085,1753,1144,1371,1308,1167,270,730,1043,1781,1270,741,1429,1075,1460,1127,1316,1039,1273,1428,1046,1287,1249,1307,965,1434,1083,999,1278,995,1771,1666,2149,1432,1028,448
1534,2164,1521,1105,1157,1216,1567,1242,1256,1454,1442,1517,1749,1395,1805,1240,1552,1040,1343,1126,1805,1519,884,1232,1047,1501,2086,947,2348,1281,1314,1049,1515,1327,232,1071,1618,1467,1334,1033,23,2543,1153,1860,1745,1763,1528,1318,1473,1393,1249,1424,2813,1148,1426,1571,1735,1377,1777,1009,1793,1824,1957,1972,1400,1383,1588,1745,1411,1978,1421,695,1035,1460,1776,1675,1285,1868,1455,1347,1916,1713,1571,1326,1434,1279,1389,1181,1916,1686,1153,1235,1683,1924,1230,1209,2362,1739,1195,1247,1470,1905,1699,1731,1280,1469,980,1336,1673,2278,1190,1741,1039,485,1169,1179,1209,1721,2253,986,1091,1508,1241,1193,1457,1355,311,1735,832,1076,927,483,0,1109,1697,1152,1255,2228,1179,1305,1282,1376,1873,1002,537,1046,1774,1077,1597,1417,1919,1394,1727,530,1537,1567,1162,1478,1020,1251,441,1371,1256,1005,1382,1129,890,766,1286,1170,1720,1078,1791,1327,1063,1467,924,1327,1770,1003,1406,1281,1114,2455,1088,2224,1154,514,2226,1214,1592,1237,1430,1736,791,1306,1667,1649,1155,905,1021,997,1286,1401,1572,1397,1263,1213,2199,1769,1034,1323,674,1838,1450,1245,1219,1405,1406,1338,724,854,1199,913,1350,825,1509,1149,1471,1124,1756,1113,1353,2087,1178,1372,1344,1393,1171,2093,1233,1169,1479,955,1079,905,1106,2091,1207,548
1314,799,1119,1505,1994,1601,1691,910,499,1634,1345,1641,1526,815,1361,1096,1031,506,1803,1025,1361,1627,1681,1549,1528,960,1468,323,2068,1023,1087,1420,1112,1534,1166,555,1508,1161,1329,448,907,479,1276,1643,892,1282,1285,1086,1124,1392,452,1138,2475,1305,1703,1433,1127,1472,1589,1178,1528,1298,983,1114,1498,771,1371,883,1322,1849,938,1941,1854,1489,1459,1867,1130,1449,1665,1149,1495,1311,1695,1688,1733,1026,1173,1095,1757,583,1063,1604,612,1068,1551,1307,692,1414,1483,1422,1333,1687,745,1219,1118,1306,380,887,1366,1126,1567,1352,461,1989,1855,1112,1714,919,562,1156,1995,1608,1778,1478,933,1362,1893,1386,1782,1858,216,1673,918,0,1294,920,1146,463,1470,1111,1361,1337,309,2027,1828,2083,1457,1412,617,938,1379,976,1919,2082,1129,924,1999,1142,407,512,932,1403,1525,1237,1102,1953,2137,2007,1036,933,1209,1411,1186,1402,1624,1583,1748,1405,1456,1172,928,580,1938,492,1517,419,1686,2096,800,1198,1336,1350,1525,1382,1795,1556,665,1196,1870,266,411,1742,1140,823,1192,795,926,1585,483,1858,1869,888,1872,408,961,443,1441,963,931,943,1863,2102,1443,125,1131,1917,1353,1064,1327,781,1341,1194,1127,1468,1291,1633,1240,1736,805,1217,1507,1977,1321,1300,552,268,217,1219,2026,2017
1180,672,1623,1012,1946,1121,624,954,1460,603,1775,561,296,988,349,1147,1681,1467,1917,1821,349,958,1419,1096,2040,1570,388,1235,2297,1434,1672,1717,1412,2061,1562,1550,848,1323,1694,1387,1511,1019,2203,1099,771,1559,924,1676,1818,730,1413,407,1883,2305,1106,1032,852,1431,326,1396,343,224,424,442,1571,1661,1226,762,1659,1208,1277,905,1776,467,328,938,1825,1095,578,1693,1143,57,613,1478,1569,1528,1749,1157,838,1259,1504,1841,1288,1736,1096,1560,913,287,1245,1292,1803,1146,822,1637,962,915,1323,1735,1002,970,1830,909,1395,1260,1388,1899,1475,799,741,1607,967,519,751,1026,1078,1701,1271,912,1364,1790,1028,1284,1534,1160,0,1565,1537,713,1350,2086,1822,1709,1142,999,1098,1855,326,1771,1268,1272,392,1568,990,1042,1647,1297,1951,1333,1358,1475,1693,1731,1301,1974,1667,1911,1140,960,1627,1207,1521,1768,1120,1599,2126,918,1703,1602,323,1390,1263,1542,1896,931,2038,930,1435,1053,735,1590,1237,1582,1598,285,929,1602,1340,105,1381,1215,1364,1532,1341,1740,1634,1269,958,918,1030,1493,1815,1736,1220,912,1248,1404,1966,1136,1263,912,1211,1107,1564,1009,1698,1035,1866,1474,1122,1629,310,1783,1701,390,1482,616,880,711,1698,396,1267,1935,1621,2310,1383,1217,1080,394,1984,1287
1127,1590,1714,717,1742,1580,1995,1971,536,1889,1314,1952,1858,663,2110,1980,1625,543,1546,1294,2110,2380,1324,1864,1501,1556,1803,990,2839,1213,1291,1628,918,1828,1012,416,2258,1397,1578,584,947,1203,1527,1204,785,1549,1870,1290,1318,2145,635,1464,2816,1875,913,2038,1919,1202,2030,722,1860,1642,1384,1446,1149,879,1094,785,1561,1171,1368,2268,1631,1891,1971,964,1600,1127,1903,1349,1152,1811,2007,1914,1134,1620,1376,1883,958,654,1514,1447,651,1558,1865,1543,1507,1953,1716,1185,1306,963,739,1273,2020,1886,718,1482,2158,1078,1426,1132,439,1625,1349,1298,1165,761,1096,1606,2233,1934,2108,1711,750,1604,1531,1207,1423,1651,1097,1315,954,837,1795,0,1737,1323,1376,1890,1321,1302,792,2144,1926,1829,1969,1348,570,1368,1716,506,990,1877,1722,1118,1747,1141,685,544,975,1364,1176,1470,1568,1704,1937,2191,1629,1920,1223,1347,986,1043,1543,1892,1499,1046,1966,716,1123,590,1689,1216,1812,970,1063,1893,1611,1184,1139,1581,1177,1951,2269,2136,644,1697,1112,714,690,1388,892,788,1784,608,2004,1893,932,2565,1653,1483,1775,774,768,625,1653,811,1125,1923,1575,1900,1181,1160,1609,1970,1326,1517,1910,1376,1947,1367,1604,1793,1029,1821,2033,2070,943,1799,1156,1740,1916,1831,716,711,1152,1797,1782,1655
450,1579,53,1158,1381,1123,1775,1716,1215,1733,1354,1725,1767,1567,1719,1713,120,1200,1132,1436,1719,1706,1331,1275,1140,90,2147,795,1933,1297,1088,1245,1901,1116,1550,1413,1544,1217,1324,1058,1242,1008,1320,1491,1735,1018,1255,1088,1150,1596,1165,1666,1911,1371,1243,1221,1471,953,1954,1990,1765,1986,1794,1810,1191,1381,1626,1727,1343,1650,1194,1226,1237,1779,1810,1482,1151,1244,1838,1391,1215,2140,1779,1889,838,238,1168,1419,1723,1451,1332,1802,1480,1021,1280,1337,1329,1768,1349,1161,1338,1534,1616,681,1734,1096,1096,349,1614,1976,1445,559,1261,1084,956,1395,819,1759,1437,1481,1181,1928,1172,1343,1815,1368,1191,630,1299,1490,902,1303,1516,944,2177,1822,0,1236,1180,1416,1149,1130,1208,1007,1063,1352,1808,1224,1507,1198,2063,1863,1534,1046,49,980,1665,995,1115,1230,1259,1397,1166,1128,1357,1597,1304,1030,106,1448,961,1223,1493,1214,1328,1103,1226,990,1807,1984,1186,1233,1588,1021,1335,1436,743,1057,1438,1259,1104,1387,977,1770,1166,623,1532,2026,971,1080,1120,1140,1975,1548,265,1615,1436,1336,1572,1889,1514,401,1279,1294,1685,1154,1516,1823,985,1738,1275,1067,1188,963,1369,1173,1111,1329,1124,548,1700,1260,1363,2149,1172,1757,1290,912,1503,1773,560,1620,360,1239,1145,1082,954,1775,1332,1270
1587,512,1398,1714,2253,1435,1423,1099,871,1354,961,1369,1269,684,1091,1095,1307,878,2047,2103,1091,1148,1795,1388,1119,1228,937,649,1991,2307,1128,1023,1430,1127,2316,978,1244,1956,1145,698,2232,376,1136,1382,661,1101,1154,1127,971,1125,823,607,2382,1406,1913,1564,845,1587,1317,1650,1271,1045,843,859,1762,1034,1639,652,1137,1604,1909,1654,1970,1213,1191,1576,977,1185,1386,1203,1233,1037,1418,1859,1904,1303,1233,909,1483,675,909,1428,704,1109,1151,1122,411,1147,1336,1500,1148,1426,712,1492,1115,1412,742,1163,1084,896,1388,1635,817,2012,1675,1157,1981,689,306,1004,1711,1329,1494,1331,969,1177,1995,1671,1921,1965,414,1785,2255,556,1021,1191,1429,0,1541,2401,973,954,631,1743,1853,2308,1189,1227,814,1904,1123,1188,1628,1798,1408,1931,2258,1966,773,885,2515,1009,1509,1316,1146,2206,1906,1716,1312,941,2265,1015,1506,1824,1439,1418,2013,1824,1188,1644,1895,952,2191,252,1113,309,1472,1809,530,2220,1659,964,1788,1111,1673,1821,757,924,1667,631,778,1856,1302,1160,1466,740,923,1175,384,1730,1984,1164,1929,328,741,813,1257,832,1895,920,1920,1869,1696,372,978,1779,1169,911,1437,1057,1071,1257,1176,935,1672,1352,958,1452,1145,929,1344,2229,1602,1149,801,633,379,931,2279,2124
1307,1603,990,1480,941,1672,1987,1077,1634,1892,1006,1944,1819,909,1985,1072,1227,1641,712,1174,1985,2286,417,1370,1259,958,1764,1960,2359,2556,1197,1197,1036,1558,1320,1709,2164,2481,1008,2009,1271,1835,1323,2416,1308,1229,1390,1195,996,2051,2025,1213,2826,1613,1678,1795,1932,355,1991,871,1821,1603,1345,1407,230,1956,1343,1299,1185,2524,2432,1285,664,1894,1932,2113,1005,2325,1893,1254,2369,1772,1999,1965,1116,1009,1287,1016,2354,1276,1127,1022,1274,1026,1655,964,1925,1914,1755,266,1002,2466,1208,1323,1112,1659,1939,2358,2171,1415,1222,1337,1693,1274,1325,967,1383,1335,1191,1178,1524,1924,1674,1449,968,1230,1023,1088,383,679,1854,1134,1294,1856,1756,1347,977,1368,0,1088,1001,984,1434,1435,1098,876,1930,1209,1187,2426,1677,975,2165,1106,1213,2459,946,2491,1972,1643,1523,1056,257,1220,983,947,1156,1475,1233,994,1169,1000,1220,961,1217,1375,741,961,1927,865,2420,1688,932,1820,1276,1364,1060,1119,1715,2750,1346,1189,267,1912,1562,1275,1254,1658,1086,1631,1978,475,866,1912,1263,938,1096,1661,1338,2359,683,2359,588,1350,996,2015,1225,915,2420,1121,578,1123,833,1952,1024,1250,1027,938,1673,2252,1920,1009,1021,1766,768,1811,2045,1827,1944,1772,1049,991,1189,1480,1737,1633,1959,1770,1017,1142
2116,2546,1431,2018,335,1760,921,384,1154,2412,1599,928,1118,1714,1139,448,1759,959,862,1591,943,1129,923,1759,1945,1686,1135,969,2795,1210,1318,1259,1282,1653,1688,1114,1403,1435,1334,960,1637,983,1696,1301,2174,1368,1784,1315,1572,1323,943,2135,3353,2055,2217,1855,1065,1296,1146,1488,1114,2540,2266,2328,1157,1010,1364,2166,1298,1500,1413,1687,723,2416,937,1264,1311,1523,1107,1351,1280,2270,927,1929,1559,1751,1378,332,1309,2050,1505,1177,2048,1377,1758,1545,1028,1126,2152,1193,1323,1529,2021,1512,517,2118,1127,1461,1109,2281,1190,1841,919,1478,1540,1529,1587,2043,2123,1247,2058,942,2204,1779,1779,1612,1388,1810,1022,928,1148,1169,1660,920,2175,2045,1711,2330,1452,0,1580,1295,2246,1969,1324,437,936,1545,1968,1167,1110,1774,1294,1664,1446,1398,333,1177,1134,938,1881,1655,1184,1569,1565,429,1720,2013,1766,527,1329,1279,1541,1495,1503,1754,701,1495,1135,1482,1162,1154,445,983,1640,2227,1505,1478,1180,1445,1640,1289,1185,934,2098,1811,2029,2208,1528,2353,1134,1027,1596,1011,1798,1718,383,2118,2202,2811,625,1451,1298,2133,1764,1138,1283,1728,1404,36,1168,1686,1367,1133,1340,1798,1351,1252,1761,1476,1148,1275,1616,940,1302,2332,1422,2352,1240,1133,1810,468,1431,1543,1179,2355,1134,940,399,1508
1547,1700,1138,1615,1285,1372,1130,1409,1551,1101,174,1069,1439,1270,1471,1698,1396,1281,1385,1182,1471,1280,999,1438,1041,1149,1695,1122,2077,546,308,421,2160,1054,1557,1365,1384,608,225,1269,1424,1026,1192,1216,1201,566,1557,312,112,1158,1554,1705,1702,1301,2061,1416,1616,1262,1183,1257,1486,1474,1760,1776,1233,1404,2222,1198,200,1511,750,1179,1367,1115,1470,915,2,1487,1150,157,1445,1359,1121,1727,1480,1153,220,1418,1171,1383,295,1074,1150,779,1372,350,1798,1430,1420,995,211,1261,1014,1383,1412,1465,1462,1356,1439,1219,1005,1672,1318,1378,1381,617,1536,1003,939,383,1356,1108,1140,1269,1066,166,1249,1405,957,1115,1108,1362,1447,1127,1335,1595,1387,1175,1209,1308,0,565,1357,1388,1495,1364,1468,344,1144,745,1707,1483,863,1440,1144,820,1560,693,1269,1563,1670,199,1001,984,366,1503,1538,1358,1150,1768,514,341,1736,1518,584,1280,1424,1251,1465,1513,735,1592,1500,1231,1033,993,1644,1451,1615,451,1854,440,1218,1428,1318,1140,1374,1296,1374,1400,1270,1018,1498,1428,1385,1129,1697,1274,985,1271,1383,1344,1756,1300,1351,1549,538,1077,735,1319,1747,1503,1213,1099,164,1424,347,408,1374,1377,1453,494,165,1697,1191,987,1111,1099,1432,1703,988,1248,1067,737,1603,1401,1103,1701,1522,1437
1527,1627,1352,1597,1272,1391,987,1686,1265,994,131,927,1368,1033,1399,1681,1374,1523,1367,1200,1399,1175,1189,1456,1059,1130,1613,1331,1718,446,327,439,1768,1072,1411,1625,1285,528,233,1508,1278,1006,1210,1234,975,584,1579,331,230,1061,1530,1434,2054,1319,1689,1432,1386,1241,1106,1497,1415,1394,1682,1698,1213,1672,1820,973,34,1529,670,1082,1351,1008,1399,835,237,1505,1012,202,1463,1247,979,1768,1502,1134,262,1696,1091,1126,270,1092,1365,798,1390,90,1719,1359,1458,1181,168,1279,995,1648,1398,1483,1191,1332,1342,990,1023,1650,1298,1287,1400,561,1553,1188,1111,311,1211,1031,995,1307,1264,137,1333,1674,1138,1330,1314,1228,1300,1107,1257,1572,1365,1152,1189,1565,234,0,1334,1243,1343,1630,1397,452,1358,665,1625,1460,783,1288,1126,740,1279,613,1508,1275,1531,241,1189,988,8,1231,1381,1206,1131,1450,533,449,1716,1497,623,1299,1407,1490,1394,1491,655,1569,1228,999,1051,973,1663,1299,1542,371,1834,39,1198,1357,1173,1122,1118,1184,1392,1376,1251,1004,1476,1701,1129,1111,1392,1293,1166,1280,1132,1320,1600,1057,1100,1263,646,1059,655,1307,1597,1355,1195,1303,210,1279,255,308,1393,1353,1382,512,213,1615,1417,910,1014,954,1706,1621,1173,1491,1267,777,1579,1140,1308,1619,1246,1345
945,993,1691,1463,1964,1355,1963,2038,982,1823,1114,1920,1686,506,1543,2041,1603,989,1771,1065,1543,1812,1481,1589,1283,1534,1631,1057,2576,1018,1314,1164,1548,1560,914,1080,1690,1158,1103,928,1940,840,1302,1937,617,1294,1594,1087,1354,1574,934,1242,2114,1329,1661,1462,1318,1277,1778,1144,1688,1468,1264,1279,1302,1197,1744,617,1321,2050,935,2128,1648,1678,1637,2033,1127,1656,1950,1388,1702,1488,1975,1701,907,1598,1418,1950,1946,539,1058,1298,568,1302,1591,1304,958,1595,1810,1338,1104,1982,571,1772,2081,1613,855,1461,1557,761,1535,1930,926,1796,2224,1335,1133,593,666,1145,2183,1893,1966,1804,707,1127,1707,1961,1580,1668,872,1484,1963,771,1472,876,1715,736,1341,2108,1124,1104,0,2215,1638,1898,1633,1401,573,1129,1544,932,2088,1950,1701,1112,1969,943,886,996,2214,1404,1329,1253,1329,1924,2010,2195,1607,1942,1221,1400,1612,1365,1344,1340,1718,1368,1632,1138,925,1063,1909,813,1278,523,1950,1966,1057,988,1778,1113,1332,1595,2145,2116,621,1374,2216,811,890,1542,1106,1268,1762,502,2065,1341,593,2289,1670,1462,1739,232,503,924,1183,654,1120,2141,1730,1973,1409,857,1131,2094,1122,1060,1637,1355,1521,1183,1127,1633,1257,1823,1432,1924,1237,1413,2077,1949,1896,1580,1033,813,864,1415,1997,1832
1285,1243,1221,1230,1309,1292,710,1378,2055,560,1559,652,868,1545,917,1380,1036,2062,1460,926,917,1242,739,1294,921,995,1199,1858,2594,1360,1538,1079,1612,962,768,2167,1309,1193,1560,1991,726,1629,1006,1558,1401,1474,1327,1542,1683,1189,2007,892,2571,1221,1104,1164,1335,1370,972,1157,915,929,1043,1059,1274,952,1403,1393,1527,1669,1145,161,1105,566,896,801,1690,1562,562,1559,1608,819,704,1260,1154,1245,1612,1318,1042,1824,1372,1265,1821,1651,1292,1428,1476,856,1099,1124,1587,1602,1448,1438,1420,1064,1921,2353,1485,1604,1219,1447,1999,448,936,1213,979,1425,1342,1016,133,638,331,1096,1605,1567,480,1443,687,1147,1644,411,749,1777,803,1706,1216,1312,1054,1451,1687,1577,1740,0,275,1225,894,1111,1739,1140,1016,1538,853,216,1236,1160,1314,1203,1954,2070,974,1592,1133,1891,1535,1279,319,125,1252,1321,1436,1114,1296,1476,1097,1064,1074,1476,891,1151,1130,2136,1264,1550,1147,1521,1108,227,1308,1459,1410,1450,1304,854,219,1056,1806,756,1114,1811,1960,852,1433,970,1271,1585,1402,1284,1998,1636,1122,2354,547,1511,1623,1997,1298,1552,1130,1484,537,283,1348,1622,1564,66,1726,1344,1071,2247,879,1145,1567,1202,1324,473,1073,488,1184,1208,985,1310,975,1254,2017,1813,1696,1206,1357,482
1350,1715,1068,983,1149,1147,1186,1239,1908,1037,2028,1124,1339,1525,1405,1231,1094,1915,1314,1007,1405,1699,602,1389,995,1267,1688,2356,2228,1778,2020,1068,1338,1254,722,1997,1802,1657,2042,1934,674,2113,1083,2049,1861,1912,1178,2024,2154,1677,1988,1288,2669,1312,1066,1498,1799,1210,1371,1002,1386,1409,1519,1534,1114,962,1409,1853,1998,2162,1609,446,959,1051,1370,1271,2161,2052,1051,2027,2101,1292,1176,1325,1247,1314,2094,1180,1512,1530,1843,1254,1527,2073,1388,1899,1964,1330,1169,967,2059,2098,1827,1237,1271,1142,1885,910,1949,2062,1208,1505,1956,624,1224,1202,1276,1884,1821,1005,686,1110,835,1166,1585,2029,423,1240,537,991,2137,245,697,2274,1276,1567,1284,1794,897,1297,2158,2048,1731,597,0,1038,1368,1096,1446,1605,1504,1245,1323,441,1081,1623,1154,1667,1953,1919,927,2073,976,954,2006,1121,496,628,1323,1165,1883,1099,1303,1320,1086,1379,916,1320,1365,996,1594,1962,1106,2028,1025,1966,993,456,1782,1921,1708,1922,1142,1328,724,1348,1513,1229,1000,1890,1959,716,1135,1181,1112,1286,1251,1141,1940,2068,980,2864,390,1984,1654,1978,1284,1532,1594,1327,380,460,1189,2106,2026,608,2171,1807,1387,927,1353,1131,2029,1690,1168,967,1526,986,989,1696,1054,1158,1036,932,2011,1892,2113,1694,1196,75
2046,2265,1653,1738,775,2162,944,338,2193,2109,1662,950,1117,1473,938,395,1394,2200,573,1929,1133,1131,741,1783,1994,1608,933,2476,2784,1523,1366,1327,1392,1689,1406,2195,1162,1488,1670,2361,1355,1110,2087,1569,1915,1408,2179,1364,1357,1091,2275,1867,2765,2097,1936,2281,1043,1006,949,1217,921,2101,1991,2053,876,2268,1492,1907,1350,1244,1465,1414,1077,2112,935,1076,1367,1514,940,1405,1274,2033,950,2403,1861,1676,1730,278,1337,1817,1569,1537,1814,1711,2152,1608,1193,933,2213,971,1659,1263,1775,1429,440,1782,2298,1140,1312,2024,1547,1442,2243,1206,1521,1599,1570,1797,1840,1314,1746,963,1896,1829,1533,1387,1114,1413,840,878,2583,893,1378,2128,1939,1770,1633,2036,1288,687,1647,1350,1998,1657,1047,0,1128,1344,1732,1462,909,1531,1102,1222,1384,1449,772,1473,2328,2202,1609,1720,903,1611,1630,788,1534,1479,1692,586,1364,1344,1150,1247,1567,2153,763,1247,1131,1211,1454,2246,661,920,1676,1969,1790,1207,943,1503,1483,1625,904,1128,1511,1740,1799,1970,1511,2139,2333,844,1352,2221,1429,1470,480,2153,1943,2850,980,1133,1122,1909,1519,2265,1631,1480,1205,720,989,1499,1119,2244,1393,1473,1401,1305,2164,1390,949,1622,1391,1126,1054,1122,1396,2046,916,1123,1758,822,1376,1597,2296,2141,2251,1126,535,1238
944,717,1407,1043,1811,2366,476,1203,1661,516,1667,413,100,1315,144,992,1463,1668,1895,1599,144,756,1279,2299,2013,1373,244,1452,1859,1318,1561,1610,1179,2034,1444,1775,637,1216,1583,1604,1393,1235,2176,890,1103,1530,1977,1565,1707,517,1614,745,1840,2278,1374,997,663,1409,114,1374,98,469,761,778,1435,1879,1234,1094,1550,997,1168,890,1634,495,1,824,1714,887,431,1583,934,601,465,1197,1338,1329,1636,1208,691,1475,1395,1934,1504,1707,2268,1451,750,28,1210,1620,1695,939,1153,1441,1213,2269,1540,1674,813,1304,1923,1578,1614,1245,1176,1803,1406,1130,960,1501,952,371,736,1205,1409,1591,1075,1584,1224,1654,1244,1149,1416,1376,509,1841,1338,927,1623,1131,1711,1600,1358,984,1083,934,0,1666,1581,1163,504,1428,876,1027,1430,1183,1094,1226,1568,1676,1647,1616,1462,1947,1558,1775,1125,945,1411,1258,1492,1663,1128,1575,2013,2274,1567,1578,73,1368,1153,1742,1760,1116,2009,1153,1317,1038,633,1482,1505,1473,1462,26,914,1391,1555,535,1168,1430,1571,1392,1319,1959,1422,1597,1209,2268,1722,1759,1676,1953,1083,1129,1578,1604,1860,1465,1153,1153,1074,1092,1611,1226,1588,1020,1752,1367,2368,1846,74,1675,1591,241,1459,722,671,696,1912,235,1060,1812,1416,2197,1591,1432,1296,237,1850,1274
1368,1665,1467,1964,1520,1517,1093,1386,1601,1057,435,1033,1403,1077,1437,1383,1234,1597,1373,1300,1437,1244,1191,1589,1179,1223,1658,1411,2182,507,434,48,1833,1194,1312,1694,1348,571,417,1311,1181,1298,1332,1340,1026,695,1715,438,483,1122,1602,1672,2161,1442,2072,1332,1583,1266,1148,1537,1450,1437,1723,1739,1020,1446,2279,1236,403,1708,713,1137,1111,1071,1434,878,490,1601,1114,348,1647,1313,1085,1576,1602,1230,399,1686,1134,1424,256,771,1185,914,1526,315,1762,1394,1272,1203,482,1385,1261,1759,1388,1615,1252,1186,1403,1042,697,1459,1637,1213,1501,175,1654,1248,975,137,1321,1073,1105,1121,1318,360,1008,1477,1141,1093,1393,1128,1204,1169,1299,1628,1478,1016,1001,1280,487,368,1160,1353,1460,1623,1432,0,1176,708,1670,1247,826,1405,1475,783,1266,656,1309,1612,1438,381,1002,1015,374,1221,1501,1323,1228,1441,642,3,1782,1525,532,1425,1403,1258,1429,1531,698,1359,1472,1290,1171,1026,1764,1416,1580,414,2294,232,1218,1392,1283,1220,1417,1250,1493,1445,1311,1002,1516,1469,1226,1391,1667,1419,1018,1347,1123,1176,1322,1341,1375,1323,193,1100,698,1289,1403,1468,1219,1381,357,1389,537,369,1519,1203,1417,209,359,1660,1197,952,1075,1064,1474,1666,1073,1477,1146,681,1654,1197,1147,1664,1236,1271
993,1180,1468,1490,1989,1389,2141,2193,571,2130,1371,2082,1839,781,1713,2216,1379,578,1797,1104,1713,1991,1666,1352,1313,1294,1784,817,2180,1037,1341,1424,1233,1599,2190,760,1870,979,1125,564,2108,1030,1336,2116,679,1325,1357,1340,1378,1751,653,1436,2161,1645,1688,1496,1508,1457,1949,1169,1841,1623,1434,1449,1483,881,1501,679,1346,2230,955,2432,1841,1995,1802,2187,1386,1811,2100,1170,1861,1792,2130,2087,952,1375,1444,2133,2115,107,1301,1573,104,1104,1634,1329,1128,1763,1845,1522,1126,2165,633,1547,2250,1371,521,1228,1746,817,1542,1703,594,1977,1129,1124,983,655,845,1401,2484,2042,2268,1839,732,1149,1881,1741,1772,1846,924,1661,2137,524,1818,905,1493,912,1625,2137,1381,1124,502,2403,1816,2041,1800,1421,0,1153,1697,961,2239,2154,1478,1136,1994,963,594,579,2398,1431,1513,1548,1121,1947,2209,2505,1382,2112,1253,1176,1318,1392,1365,1375,1742,1395,1799,1163,1141,625,1932,1043,1310,701,2028,2168,1234,1007,1465,1368,1513,1765,2446,1887,88,1678,929,519,601,1730,1131,950,1536,780,2240,1376,783,1933,1857,1229,2073,295,803,643,1448,929,1144,2170,2064,2174,1434,985,1153,2552,1383,1304,1679,1122,1695,1446,1387,1786,1282,2127,1621,2230,940,1792,1854,1971,1673,1610,674,521,976,1790,2020,2004
1399,1419,983,1731,1379,1203,914,1522,1096,1025,539,853,1172,1905,1191,1257,1003,1093,1189,1016,1191,1152,1668,1269,874,990,1400,1129,1748,540,441,540,1933,887,1681,1177,1262,58,468,1081,1498,2062,1025,1052,1797,393,1382,445,593,1117,1098,1414,2089,1133,1526,1259,1337,1536,902,1074,1219,1186,1471,1486,1558,1216,1654,1789,421,1622,69,1016,1187,848,1203,624,600,1513,939,455,1559,1249,905,1820,1291,999,506,1532,738,956,263,1189,1160,601,1203,322,1498,1163,1505,1594,571,1099,1845,1222,1264,1295,1022,948,1487,2002,1120,1479,1129,1361,1216,668,1375,1822,1773,412,1078,833,862,1354,1968,467,1382,1499,1612,966,921,1332,1521,1133,1053,1133,992,1745,1896,1410,597,470,935,1110,1209,1210,1201,536,955,0,1413,1043,572,1153,991,189,1386,68,1080,1336,1786,486,1585,806,429,1325,1248,1071,998,1313,349,533,1549,1303,865,1111,1025,1072,1198,1291,82,1130,1093,1827,868,1957,1478,1164,1332,341,1667,344,1585,1161,1040,994,1146,1123,1209,1172,1307,1782,1057,1498,999,943,1520,1105,2374,1163,997,937,1463,1939,1127,1094,730,1918,78,1180,1454,1216,1035,911,464,1146,679,220,1205,965,1186,613,466,1402,1013,707,991,821,1244,1408,1380,1332,1108,1021,1139,1173,1105,1406,1112,1392
1113,515,1397,1200,1923,1132,533,1174,1481,632,1713,470,220,1152,376,969,1453,1488,1953,1589,376,736,1394,1101,2059,1363,162,1252,2268,1375,1538,1684,1353,2079,1561,1574,627,1238,1545,1344,1510,1037,2221,880,939,1584,1118,1614,1756,507,1375,583,1859,2323,1089,1260,665,1463,407,1435,222,363,704,724,1704,1524,1420,930,1597,987,1195,941,1750,549,337,919,1763,850,487,1560,897,580,522,1512,1328,1300,1683,1178,748,1283,1442,1981,1215,1755,1102,1498,586,316,1274,1439,1741,929,1039,1431,982,923,1346,1753,815,1182,1970,1568,1420,1280,1195,1837,1396,966,761,1544,1003,419,787,1050,1246,1637,1190,1544,1445,1763,1046,1259,1533,1178,523,1730,1328,733,1483,919,1758,1645,1166,1035,1134,1098,335,1708,1331,1207,0,1727,920,1078,1420,1227,1928,1248,1381,1496,1757,1663,1448,1990,1531,1886,1175,996,1329,1227,1509,1705,1292,1636,2063,1118,1678,1650,333,1429,1197,1563,1871,1000,2054,951,1308,1089,395,1525,1434,1518,1741,314,965,1380,1364,515,1159,1238,1387,1507,1383,1767,1411,1438,978,1119,933,1810,1790,1652,1195,936,1415,1425,1903,1347,1197,1133,1186,1142,1732,1027,1634,1077,1800,1410,939,1647,325,1719,1637,164,1524,778,662,747,1717,170,1051,1910,1407,2247,1397,1240,1101,168,1998,1320
1436,1667,1899,820,1581,1528,1939,1828,793,1844,1225,1896,2006,785,2177,1825,1817,800,1408,1525,2177,2473,1311,1498,1434,1750,1869,1289,2368,1351,1454,1244,1082,1452,1825,861,2331,1288,1473,860,1764,1473,1472,1158,885,1206,1821,1202,1478,2207,903,1533,2349,1804,1017,1634,1995,1171,2104,362,1929,1710,1528,1515,1136,1129,1345,885,1452,922,1043,1821,1618,1827,2043,2058,1231,2381,1839,1521,1111,1880,1951,1835,1367,1814,1286,1769,2261,610,1160,1321,607,1466,1499,1186,1593,2023,1644,1229,1470,923,839,1313,1867,1512,961,1671,2234,1150,1304,910,850,1612,1345,1451,1163,861,1178,1226,2174,1880,2063,1980,783,1238,1520,1249,1410,1638,1395,1305,1768,967,1917,507,1933,1401,1473,1720,1228,1209,947,2111,1456,1657,2121,1506,510,1259,1782,0,2116,1812,1875,1242,1581,1270,928,801,2025,1540,1191,1400,1457,1555,1872,2132,1793,1745,1149,1505,1179,740,1751,1516,1347,716,2118,356,1248,862,1540,1509,1737,977,1064,1591,1621,1318,1345,1214,1195,2101,2236,1134,593,1819,1107,914,950,1463,553,1235,1118,677,1887,1516,1088,2516,1442,1638,1821,884,326,893,1265,804,1250,1753,1416,1835,843,1454,1501,1904,1240,1163,1847,1531,2154,1524,1496,1930,867,1773,2102,2025,1198,1936,987,1596,2071,1732,919,911,1446,1934,1619,1618
1076,1092,1215,1566,1044,1471,520,1396,1151,664,780,457,813,1676,852,1392,1250,950,1907,1294,852,712,1664,1568,1191,1231,1100,1882,2150,811,666,833,1761,1176,1672,1033,838,358,672,1132,1598,1676,1312,1089,1476,700,1717,670,823,590,955,1090,1762,1450,1679,1566,1036,1527,530,936,863,820,1098,1113,1570,1296,1826,1468,655,1223,315,994,1862,693,838,52,830,1088,529,697,1159,892,509,1127,1581,1198,745,1163,263,1841,511,1422,1870,875,1503,558,1184,799,1843,1648,807,1134,1524,1334,1403,1594,1964,1477,861,1672,1383,1108,985,1321,1396,952,1669,1501,1376,693,1055,602,839,1692,1748,715,1373,1354,1602,1857,1685,1278,1621,1804,697,1196,1224,1366,1885,1071,827,713,1777,1087,1192,1331,836,778,1746,309,1099,1558,0,1136,1238,403,1266,368,937,1163,1760,725,1597,1106,663,995,1208,1049,1220,1458,638,775,1700,1144,1089,1397,917,1135,833,1125,301,987,991,1508,1172,1515,1096,1147,1033,614,1525,588,1600,797,1017,1287,1816,767,1388,1856,1134,1763,920,1325,1317,1601,1396,1391,2077,1519,1816,1535,1452,1546,1646,951,972,1911,301,1086,1443,1175,1717,1745,713,1123,903,501,1473,1395,822,906,715,1103,1564,704,532,798,1101,1109,902,1212,1215,1292,1203,1858,1737,1107,1011,1356
1608,1995,1270,1192,1126,1129,1421,1275,1917,1312,1333,1373,1601,1528,1661,1226,1301,1924,1375,1193,1661,1302,596,1132,979,1248,1993,2227,2209,1392,1273,926,1610,1233,662,2014,1427,1236,1279,1887,580,2398,1287,1673,1971,1531,1401,1277,1366,1170,1997,1319,2190,1070,1294,1478,1511,1201,1661,1000,1648,1682,1806,1821,1111,1153,1695,1963,1302,1812,1194,460,978,1314,1629,1538,1373,1680,1305,1237,1747,1570,1427,1584,1013,1294,1279,1215,1714,1515,1120,1156,1513,1693,1131,1167,2144,1590,1154,977,1360,1718,1768,1476,1268,1358,2023,2070,1458,1996,1150,1487,1965,249,1200,1081,1037,1996,1801,874,936,1363,1086,1390,1580,1255,360,1480,535,1005,2415,244,603,1875,1554,1558,1264,2087,905,1274,1370,1266,2013,847,95,1031,1627,971,1426,1189,1777,1238,1569,0,1285,1341,1131,1246,2052,1928,856,1261,986,938,1272,1120,112,143,1302,1162,1460,974,1566,1339,988,1125,903,1378,1624,994,1180,1971,1105,2318,1009,2066,973,15,2061,1159,1409,1129,1142,1588,973,1099,1496,1508,980,1862,2057,696,1122,1173,1095,1601,1263,1124,2041,2048,1005,2581,388,1945,1647,1987,1115,1528,1180,1307,378,73,1200,2398,1253,642,1412,1107,1366,913,1613,1001,1255,1995,1172,1232,1130,1239,1186,2001,1250,1168,1019,1109,2027,1864,2405,1999,1180,344
433,1643,92,1443,1411,1103,1760,1453,1224,1840,1116,1710,1877,1708,1820,1450,66,1207,1404,1391,1820,1546,1364,1249,1358,140,1847,840,1888,1072,1307,1243,1104,1327,1299,1371,1384,1215,1317,1062,1259,1047,1074,1285,1744,1219,1016,1308,1384,1600,1174,1777,1866,1116,1280,1448,1397,983,1855,937,1875,2123,1914,1929,1225,1342,1116,1736,1107,1712,1193,1030,1265,1887,1909,1453,1147,1309,1784,1146,1253,2139,1764,1547,816,394,1161,1451,1629,1443,1328,1496,1472,1012,1037,1103,1463,1875,1332,1195,1331,1330,1690,624,1467,1075,1103,446,1540,2008,1448,503,1293,1329,935,1152,796,1769,1451,1479,1201,1851,984,1602,1818,1361,1460,574,1330,1261,946,1327,1273,964,1998,1835,124,1245,1005,1747,1382,1359,1229,1024,1306,1672,1907,1221,1516,1197,1929,1896,1484,1064,0,1183,1702,1200,1122,1239,1275,1389,1200,1345,1119,1352,1325,1264,56,1481,1152,1473,1435,1254,1594,1307,1255,1023,1906,1127,982,1240,1345,1060,1314,1471,840,1075,1557,1040,1143,1382,1005,1877,1185,630,1523,2025,950,1118,1127,1167,936,1193,214,1666,1467,1085,1616,1536,1548,506,1082,1377,1736,1163,1513,1826,985,1468,1079,1085,1228,1007,1362,1193,1334,1097,1333,568,1815,1519,1356,1863,1003,1887,1239,1116,1117,1857,611,1656,424,1228,1152,1120,998,1859,1362,1070
1149,1492,972,1419,1131,1247,926,1509,1082,1065,557,865,1212,2003,1250,1246,992,1302,972,1074,1250,1229,1763,1341,979,1181,1490,920,2113,597,456,622,1586,963,1771,1162,1354,128,466,1287,1690,2081,1099,1117,1852,487,1484,460,614,1150,1308,1486,2092,1233,1826,1351,1446,1612,935,1280,1260,1213,1494,1509,1655,1202,1980,1844,433,1418,69,1086,972,922,1237,696,621,1608,932,473,1334,1282,917,1911,1336,1193,523,1258,796,1137,285,1217,946,668,1274,336,1574,1198,1589,1730,589,1162,1899,1210,1254,1368,1008,1128,1385,2046,1166,1464,1114,1410,1286,743,1422,1876,1775,476,1147,910,931,1438,2053,497,1465,1229,1701,955,1094,1415,1713,1116,1102,1351,1183,1768,1967,1157,618,487,920,1179,1285,1199,1235,552,940,74,1495,1028,644,1229,979,0,1137,138,1066,1318,1842,503,1682,894,441,1312,1297,1142,1192,1302,410,549,1853,1065,862,1173,1014,1059,1232,1274,58,1347,1308,1909,959,1913,1548,1240,1438,387,1652,361,1683,1196,1109,1187,935,1172,1279,956,1067,1863,1260,1226,1193,929,1248,1167,2448,1415,1191,1116,1547,1938,1110,1080,746,2001,58,1170,1538,1265,1021,2088,495,1215,666,274,1249,952,1221,698,497,1492,1207,781,1057,890,1485,1498,1423,1092,906,1061,1358,956,2095,1496,1102,1451
1716,2276,1683,1860,18,1737,2341,400,1108,2269,1306,2298,2371,1654,1103,471,1714,921,839,1563,1103,1329,749,2095,1591,1359,909,930,2765,1192,1569,1505,1246,1971,1738,2321,1133,1411,1316,921,1659,1142,1674,1536,2059,1348,1759,1567,1552,1287,2472,1930,3316,1680,2059,2214,1247,1115,920,1314,2421,2327,2062,2124,990,972,1329,2051,1281,1214,1150,1720,526,2267,1095,1236,1295,1230,2262,1611,1510,2368,2353,1914,1844,1413,1644,348,1279,1934,1229,1173,1931,1357,1734,1524,992,2349,1765,1074,1576,1236,1892,1779,422,2090,2392,1172,1076,2087,1184,1794,2335,1511,1508,1509,1879,1914,1906,1490,1903,1107,2052,1762,1704,1317,1434,1460,849,673,1102,1224,1682,2232,2272,1859,1379,2105,1300,176,1292,1544,2139,1814,1375,420,906,1528,1858,1147,2418,1669,1049,1467,1409,1373,0,1397,2421,2359,1928,1635,1017,1549,1544,258,1518,1841,1425,520,1307,1265,1240,1370,1799,2091,549,1409,910,1308,1379,917,274,945,1619,2157,1778,1480,1138,1178,1598,1273,1022,2347,1940,1766,1919,2305,1496,2229,2426,857,1456,1175,1754,1646,348,2090,2132,2784,479,1406,1118,2058,1692,2461,1534,1655,1142,209,990,1484,1231,2619,1598,1831,1610,1491,1739,1184,920,1262,1595,1098,1166,2189,1145,2199,989,907,1767,303,1684,1527,1132,2231,2626,1098,194,1528
1159,1379,1191,1442,1390,1199,822,1534,1104,965,502,761,1113,1911,1141,1266,1006,1100,994,1020,1141,1120,1664,1293,931,993,1388,1138,2102,544,405,574,1942,915,1669,1431,1249,28,415,1314,1596,1978,1051,1064,1761,435,1436,409,558,1047,1105,1382,1723,1185,1535,1306,1329,1525,834,1308,1161,1111,1393,1408,1568,1224,1661,1753,379,1365,13,995,1198,846,1136,524,565,1501,819,417,1279,1180,813,1863,1281,1002,469,1543,734,964,226,1177,1170,619,1226,280,1462,1098,1541,1646,534,1109,1809,1481,1539,1320,1244,953,1284,1956,1124,1228,1373,1322,1232,691,1367,1786,1674,420,1056,828,840,1390,1960,441,1371,1245,1603,975,1121,1323,1619,946,1001,1378,1202,1664,1886,1421,562,432,1139,1088,1193,1220,1135,497,1163,45,1393,1051,472,1137,994,170,1157,0,1088,1114,1761,449,1595,845,387,1336,1209,1050,1209,1323,357,494,1880,1088,803,1125,1034,1306,1132,1302,26,1138,1332,1783,910,1813,1494,1148,1323,328,1674,305,1598,1096,1018,1204,957,1071,1225,1181,1090,1765,1067,1248,1001,1150,1268,1119,2345,1393,1215,1138,1453,1845,942,1102,691,1911,22,1437,1444,1176,1044,1109,439,1124,703,215,1201,970,1121,653,440,1390,1022,705,956,799,1512,1396,1319,1112,1111,1002,1147,1182,922,1394,1355,1357
924,1163,1288,1322,1093,1769,2040,1098,95,1984,1518,1981,1723,1040,1690,907,1223,104,2045,1159,1690,1979,1917,1420,1700,1144,1648,585,2166,1407,1230,1588,974,1411,1072,422,1847,1103,1244,152,1221,792,1416,2010,1172,1205,1715,1484,1267,1730,48,1444,2147,1446,1521,1898,1481,1606,1929,1006,1725,1499,1464,1479,1649,434,1204,1163,1237,2238,1080,2288,1945,1854,1787,1102,1537,1823,2009,1292,1885,1646,2033,1831,971,1219,1316,2401,2088,589,1205,1457,561,1464,1717,1479,1097,1750,1963,1661,1246,2059,1026,1398,926,1744,250,1066,1735,1432,1726,1149,391,2164,956,1253,1002,1200,857,1296,2182,1950,2127,1620,1176,1534,1149,1231,2067,1932,691,1870,1232,373,1630,562,1382,906,1734,939,1532,1249,549,2375,2366,2324,1785,1581,696,1305,1573,754,1132,2299,1298,1287,2235,1314,0,112,1253,1305,1676,1666,1245,2205,2342,2357,1226,924,1382,1580,1065,1362,1796,1750,2005,1338,1784,1000,1293,176,2190,805,1688,722,1893,2310,1198,1370,1239,1259,1677,1752,2134,1709,612,1532,952,508,4,1951,1184,586,1379,1001,1121,1752,814,2405,1964,1067,2170,704,1071,38,1334,1187,1073,962,2161,2313,1681,750,1538,2256,1526,1457,1466,960,1683,1333,1269,1569,1528,1997,1619,2089,525,1563,1665,2228,1492,1744,206,505,742,1565,2267,2194
1139,1147,1308,1243,2221,1493,2017,2452,115,1969,1283,1958,1708,1033,1675,2464,1241,124,2037,1187,1675,1963,1910,1448,1435,1149,1633,605,2190,1190,1517,1340,924,1738,1314,361,1831,1364,1270,174,1240,812,1744,1995,1162,1488,1749,1516,1292,1714,139,1428,2171,1780,1442,1932,1465,1599,1913,1106,1710,1484,1448,1463,1642,386,1142,1153,1263,2223,1335,2272,1938,1838,1772,1133,1568,1807,1993,1318,1875,1630,2010,2245,1205,1237,1621,2392,920,788,1230,1786,681,1496,1751,1510,1085,1733,1996,1647,1273,2044,1019,1229,1112,1778,234,1086,1719,1421,1752,1075,330,2157,983,1544,1242,1190,840,1321,2327,1934,2111,1990,1169,1565,967,1155,2052,1925,711,1863,1036,368,1614,597,1400,890,1719,1133,1294,1540,542,2359,2359,2325,1770,1334,829,1106,1558,854,963,2292,1318,1091,2226,1345,187,0,1053,1331,1669,1700,1271,2196,2335,2341,1244,918,1414,1611,1009,1676,1827,1784,1996,1652,1769,1100,1096,167,2181,825,1426,706,1118,2303,1183,1401,1187,1552,1672,1735,2289,1728,732,1516,979,550,192,1944,1408,526,1397,994,924,1786,798,2019,1956,1087,2155,697,1064,129,1640,1180,1327,961,2146,2306,1674,770,1300,2240,1557,1487,1804,980,1666,1358,1295,1553,1521,1981,1603,2073,467,1547,1685,2219,1513,1471,274,552,762,1549,2258,2187
1851,2201,1262,1133,1148,1193,1618,1298,1277,1506,1424,1568,1792,1424,1841,1249,1556,1057,1376,1340,1841,1544,887,1463,1023,1246,2191,1159,2815,1300,1369,1012,1854,1076,110,1090,1666,1483,1376,1049,93,908,1365,1921,1710,1784,1503,1373,1454,1409,1051,1443,2312,1359,1460,1543,1750,1373,1813,1019,1839,1887,2005,2018,1399,1163,1607,1710,1393,2051,1441,713,1030,1508,1816,1744,1461,1928,1499,1326,1990,1766,1622,1297,1422,1282,1377,1238,1920,1667,1211,1241,1664,1933,1209,1260,2364,1779,1412,1259,1451,1967,1664,1440,1291,1442,996,1114,1697,2274,1234,1448,1277,502,1400,1172,1199,1686,2282,961,1137,1569,1287,1409,1476,1344,336,1444,826,1054,1135,486,116,1126,1750,1178,1520,2280,1187,1296,1458,1357,1909,1048,536,1054,1814,1060,1580,1436,1983,1397,1775,529,1540,1588,1153,1493,1037,1272,0,1357,1268,1184,1363,1142,913,770,1556,1185,1716,1063,1814,1358,1076,1193,925,1397,1811,1013,1427,1078,1127,2500,1064,2346,1385,514,2267,1250,1612,1220,1428,1777,812,1578,1651,1703,1383,1113,1038,987,1285,1178,1574,1412,1286,1191,2320,1744,1024,1103,674,1850,1461,1048,1242,1424,1427,1329,714,878,1218,1118,1342,839,1502,1198,1443,1131,1797,1087,1344,2193,1187,1428,1369,1440,1190,2199,1230,1190,1480,928,1096,921,1122,2197,1202,543
1271,1772,1382,1666,1627,1160,1209,1776,1320,1213,253,1147,1484,1324,1516,1772,1403,1589,1205,1061,1516,1370,1278,1254,893,1158,1788,1155,1665,637,336,500,1821,877,1338,1695,1488,684,270,1574,1206,1057,1013,1104,1037,391,1397,340,199,1234,1322,1792,1990,1147,1758,1266,1572,1099,1215,1307,1531,1509,1793,1808,1300,1738,1871,1249,416,1405,806,1267,1441,1218,1513,986,206,1377,1220,241,1321,1575,1199,1457,1324,1399,21,1479,1197,1185,378,1124,1436,576,1187,394,1856,1474,1143,1268,259,1150,1057,1682,1779,1281,1246,1142,1520,1050,1059,1683,1637,1467,1274,704,1409,1045,979,462,1433,1177,1217,992,1341,193,1047,1416,1016,1420,1142,1165,1229,1162,1388,1648,1156,1219,1276,1370,203,473,1163,1465,1581,1424,1511,423,1184,801,1793,1275,934,1525,1150,894,1353,767,1576,1607,1456,0,1276,763,402,1577,1602,1438,1394,1841,577,420,2135,1581,480,1086,1239,1574,1508,1302,792,1354,1303,1269,873,1248,1536,1536,1717,536,1885,525,1064,1472,1395,1143,1178,1458,1267,1197,1578,1078,1558,1768,1150,1176,1467,1080,1239,989,1206,1133,1104,1348,1408,1319,617,1357,792,1381,918,1566,1529,1133,192,1501,143,522,1162,1159,1497,580,193,1790,1243,1067,1192,1175,1467,1796,1190,1310,1295,697,1646,1447,1373,1794,1321,1509
1565,1215,1182,1323,949,1668,1775,1161,1761,1663,1215,1725,1517,628,1677,1099,1213,1768,676,1169,1677,1986,614,1650,1257,946,1442,1920,2351,2345,991,1199,1026,1287,1364,1572,1854,2241,1217,1692,1291,1671,1594,2102,1087,1227,1385,989,1203,1737,1713,891,2817,1333,1522,1791,1530,119,1703,789,1519,1284,1035,1097,35,1954,1330,1078,981,2239,2197,1032,679,1665,1630,1909,1214,1872,1654,1039,1934,1427,1779,1627,1339,1205,1288,1100,2085,1135,934,1028,1133,1024,1650,1164,1551,1612,1452,9,1209,2150,866,1308,1141,1370,1628,2261,1784,1112,1228,1095,1697,1011,1315,1169,1137,1115,861,977,1292,1713,1441,1749,680,1019,1038,1299,553,704,1680,864,1314,1541,1411,1203,965,1021,326,1096,1210,985,1109,1203,851,898,1628,1211,1038,2191,1367,925,1940,836,993,2261,954,2251,1659,1777,1558,1057,0,1471,1187,983,889,1227,1219,1023,1166,1210,1206,870,1472,1372,767,909,1625,783,2183,1843,968,1587,1539,1181,1269,850,1321,2496,1104,985,86,1610,1329,1044,1115,1313,1078,1494,1664,503,789,1868,1250,660,1136,1657,1155,1950,704,2262,660,1050,721,1702,1016,628,2183,1129,650,854,731,1634,1237,991,1027,938,1382,2155,1618,1011,1021,1444,666,1583,1668,1593,1971,1450,1254,1032,1176,1480,1796,1496,1640,1448,1035,1131
1422,959,1342,2173,1544,642,1596,1662,1682,1667,910,1546,2083,1212,2097,2003,1124,1677,1381,1169,2097,1619,1499,736,334,1134,2302,1474,1731,1247,959,1219,2267,336,969,1794,1547,1154,837,1375,993,1352,479,1273,1379,580,872,782,817,1589,1397,1125,1417,608,2287,719,1848,1256,1805,1438,2130,2029,1136,1145,1240,1509,1918,1375,916,1574,1187,1716,1672,1668,2181,1568,824,1540,1620,755,1491,1933,1600,1100,1512,1122,706,1670,1330,1546,1081,1404,1281,466,669,926,933,2071,787,1463,902,1318,1407,1649,2012,771,1595,1159,1991,1390,1340,1646,1734,908,1435,1127,1604,1152,1300,1120,1826,1613,1609,636,1481,931,1202,1393,1446,1368,1462,1016,1213,1494,1994,1775,1362,1090,1473,1895,821,1004,1513,1858,1152,1946,2179,1031,1282,1384,2305,1691,1516,1132,1113,1365,1871,1238,1380,1407,981,686,1218,0,933,1810,940,1836,1115,1714,850,1028,2197,1760,622,568,1721,1449,2104,1433,1375,1429,1806,1113,471,1134,1698,939,1101,1167,1935,1040,1227,2069,1788,1320,1534,1870,1427,1282,1382,1265,1719,1854,1333,1566,1660,562,1129,1213,1398,1389,1100,1463,1558,1684,975,1502,1375,1582,1103,944,1708,1455,818,1894,846,1145,644,1417,2090,1025,819,2304,1681,1478,1647,1567,1536,2310,1113,1505,1033,468,1434,1550,1459,2308,1514,1158
1258,1602,1113,1926,1537,1187,1018,1396,1522,1012,118,958,1307,1029,1356,1392,1367,1518,1131,1200,1356,1177,1188,1281,920,1358,1596,1097,1713,444,179,419,2130,904,1394,1621,1299,499,191,1503,1262,1210,1040,1244,1174,423,1424,183,212,1045,1525,1597,1696,1174,2037,1294,1365,1026,1038,1493,1355,1320,1605,1620,1003,1380,2193,969,36,1545,618,1085,1351,1022,1333,800,219,1554,1027,184,1464,1269,1010,1555,1485,1128,244,1404,1011,1122,269,1079,1126,668,1214,82,1688,1294,1249,1179,155,1289,991,1359,1398,1308,1186,1097,1333,986,978,1360,1294,1292,1410,575,1540,980,916,306,1247,1010,1031,1098,1260,125,1344,1667,1137,1330,1309,1215,1285,1331,1202,1298,1124,949,1187,1296,216,8,1100,1279,1392,1349,1331,434,1353,612,1601,1206,748,1336,1352,709,1279,582,1503,1535,1509,223,983,834,0,1231,1407,1249,1125,1450,536,431,1711,1237,589,1113,1406,1487,1328,1487,604,1563,1228,1201,899,970,1673,1347,1548,351,2209,45,1196,1292,1209,1116,1115,1206,1402,1135,1246,1004,1220,1696,1355,1108,1392,1107,962,1277,1367,1088,1654,1271,1097,1520,628,1055,604,1579,1645,1374,1441,1075,204,1315,318,333,1189,1346,1317,499,206,1598,1414,881,1005,990,1701,1604,1165,1491,1260,781,1574,1136,1078,1602,1246,1333
1658,2136,1337,1726,281,1684,2248,438,2191,2152,1519,2189,2186,1442,2240,496,1362,2198,671,1506,2240,1259,642,1680,1859,1572,2360,2468,3269,1381,1250,1452,1212,1908,1586,2166,1298,1350,1530,2329,1513,2540,1621,1466,1948,1296,1704,1507,1495,1007,2346,1806,2687,1628,1924,1781,973,991,2207,1184,2233,2203,1938,2000,869,927,1294,1940,1232,1156,1099,1570,398,2150,2212,1171,1507,1415,2144,1286,1440,2190,2241,2257,1468,1356,1313,378,1213,1783,1181,1141,1780,1576,1679,1466,934,2174,1716,953,1517,1178,1682,1714,572,2025,2266,1348,1017,1973,1389,1432,2241,1363,1750,1453,1808,1704,1773,1437,1783,2203,1933,1713,1494,1533,1287,1699,742,543,2573,1069,1536,2105,2093,1726,1322,1968,1196,439,1244,1486,1927,1694,1220,384,2210,1475,1698,1097,2282,1513,1202,1354,1632,1086,286,1106,2296,2200,1774,1306,896,1498,1486,0,1404,1721,1652,614,1515,1221,1453,1202,1745,1678,371,1241,2207,1178,1317,2244,34,2445,1892,2043,1707,1367,2250,1363,1290,1480,900,2172,1820,1697,1768,2127,1736,2103,2301,750,1299,929,1684,1429,515,1677,2018,2721,350,1338,1005,1868,1478,2336,1481,1442,1091,472,888,1371,1063,2386,1540,1713,1551,1433,1685,1363,2195,1218,1273,2362,998,2070,1086,2081,1141,2368,1405,99,1336,1479,2301,2105,2393,2366,293,1376
1646,1696,1085,1010,1031,1372,1169,1201,1842,1024,1246,1107,1323,1316,1380,1139,1110,1849,1269,1212,1380,1233,733,1141,981,1288,1719,2328,2689,1300,1183,838,1649,1239,599,1109,1358,1146,1189,2052,511,2094,1295,1608,1886,1426,1413,1187,1280,1101,1927,1129,2666,1074,1320,1483,1435,1340,1403,910,1370,1402,1510,1525,1250,988,1734,1878,1215,1743,1104,377,912,1034,1349,1264,1287,1612,1032,1150,1678,1282,1159,1577,1037,1104,1197,1140,1440,1662,1032,1069,1659,1586,1376,1079,1901,1310,1152,1112,1273,1652,1554,1518,1181,1132,2173,1123,1389,2082,1063,1265,1930,161,1018,994,1281,1576,1791,787,665,1100,814,1388,1367,1171,291,1260,672,939,2119,479,534,2245,1266,1468,1080,1784,1041,1179,1284,1179,1804,576,252,938,1347,883,1575,1099,1496,1392,1295,244,1097,1251,1036,1156,2203,1853,799,1179,1121,1135,1185,1023,0,166,1111,1064,1359,886,1330,1248,900,1367,808,1287,1344,904,1090,1896,1008,2014,1224,1928,1207,229,1765,1071,1442,1042,1282,1308,476,1367,1646,1219,1004,2010,2208,833,1195,1214,1362,1294,1176,1131,2173,1700,908,919,526,1737,1347,1915,1027,1316,1090,1212,516,499,1109,2099,1169,733,1370,1019,1373,948,1333,911,1171,1721,1083,957,1061,966,1016,1727,1286,1072,1270,1105,919,2012,2106,1725,1082,256
1309,1314,1034,1228,1219,1088,780,1376,2104,636,1586,720,933,1615,975,1318,1279,2111,1449,1146,975,1270,684,1091,937,1017,1312,1906,2170,1392,1476,1025,1625,979,753,2210,1395,1174,1483,2046,689,1696,1024,1641,1508,1514,1351,1480,1625,1247,2056,985,2152,1028,1103,1182,1547,1289,1029,1090,983,999,1117,1132,1199,1165,1414,1500,1462,1780,1131,255,1064,636,955,855,1632,1645,627,1499,1712,893,772,1536,979,1272,1552,1315,1031,1614,1315,1254,1612,1676,1316,1364,1489,916,1113,1064,1614,1686,1556,1211,1362,1308,1977,2389,1794,1704,1247,1219,2050,124,1160,1185,1003,1533,1394,974,249,717,399,1110,1665,1516,470,1215,623,1086,1705,341,712,1827,877,1630,1243,1385,992,1363,1629,1518,1790,160,192,1124,953,1075,1525,1126,1087,1341,886,134,1046,1219,1224,1184,2006,2119,952,1532,1073,1923,1470,1212,92,0,1280,1257,1443,1078,1580,1429,1087,1083,996,1468,950,1084,1117,2185,1197,1613,967,1528,942,145,1384,1428,1421,1391,1230,914,286,1304,1596,830,947,1869,2011,784,1229,1186,1076,1672,1355,1082,2103,1654,1083,2390,477,1559,1735,2046,1254,1616,1117,1396,467,180,1290,1701,1514,239,1679,1316,1315,2283,939,1099,1516,1314,1256,552,1098,557,1198,1320,1010,1253,1206,1290,2100,1871,1757,1318,1276,448
378,1787,199,1211,1723,1101,1710,1469,1373,1792,1354,1660,1834,1835,1777,1467,391,1357,1424,1340,1777,1503,1145,1031,1125,261,1804,985,1549,1303,1313,1250,925,1327,1312,1596,1341,1013,1095,1198,1272,1192,1073,1231,1918,1224,1012,1088,1391,1557,1323,1915,1849,1347,1566,1445,1349,999,1812,1152,1832,2003,2034,2047,1244,1482,933,1910,1113,1664,1202,1259,1281,1839,1874,1404,1392,1255,1734,1151,1199,2106,1714,1546,764,294,1408,1467,1580,1588,1106,1504,1617,1227,1035,1109,1522,1834,1332,1005,1337,1276,1835,702,1792,1073,1245,542,1492,2182,1456,581,1431,1113,883,1399,744,1943,1597,1232,1217,1802,996,1601,1943,1367,1476,656,1117,1543,1091,1113,1553,1106,1950,1999,322,1394,1021,1463,1388,1366,1366,1037,1095,1401,1872,1483,1650,1206,1875,2032,1435,1078,195,987,1721,1001,1265,1389,1288,1155,1009,1347,1359,1368,1342,1060,0,1497,958,1481,1338,1274,1324,1305,1272,1040,1871,1147,989,1389,1361,1205,1314,1611,787,1315,1618,1047,1155,1151,1234,1836,995,576,1668,2042,898,1256,1271,1428,953,1091,157,1807,1484,1083,1742,1529,1298,604,1326,1520,1782,1311,1520,1946,1198,1485,1094,1099,1248,1154,1133,1210,1109,1104,1101,675,1772,1265,1362,1809,1232,1832,1192,936,1017,1803,557,1676,368,1486,1301,1258,1146,1805,1664,1084
2164,940,1466,1723,804,2289,1050,170,1133,974,1477,1056,1032,1471,1263,227,1800,1139,564,2059,1263,1238,726,1889,2120,1427,1256,1188,3492,1362,1773,1718,1197,1793,1382,2165,1533,1335,1485,1143,1309,1227,1833,1699,1944,1826,2308,1770,1760,1447,1117,1106,2872,2224,1921,1994,1150,988,1056,1181,1242,1210,1118,930,866,972,1280,1936,1451,1633,1316,1380,1000,1213,1259,1181,1467,1643,1263,1818,1668,1218,1056,2522,1989,1484,1532,111,1465,1817,1400,1637,1814,1521,1888,1432,1091,1040,2336,950,1475,1656,1711,1831,271,2280,930,1234,1193,1969,1650,1847,2269,1172,1628,1718,2024,1733,1769,1410,1748,1292,936,2332,1523,1488,1095,1499,826,1149,1170,877,1332,1127,1000,1723,1749,1137,1284,702,1464,1751,1956,1659,1027,250,1041,1740,1731,1586,1016,1541,1207,1179,1788,1573,809,1598,1116,1108,1576,1525,893,2070,1751,770,1482,1435,1809,0,1468,1441,1200,1232,2010,1889,831,1271,1261,1175,1307,1124,786,1229,1780,2039,1588,1164,1265,1346,1535,1745,897,1042,1479,1538,1798,978,1617,2125,1116,834,1328,968,1526,1464,317,1888,2014,2977,964,1482,1096,1899,1513,1117,1447,1471,1308,735,968,1449,1093,1156,1804,1680,1503,1697,2291,1503,1056,1439,1491,1040,1028,1249,1262,973,1189,1038,1882,809,1475,1698,1149,2127,957,1039,627,1191
1077,1552,1146,1547,1302,984,1142,1417,1399,1173,584,1080,1566,1162,1292,1413,965,1154,1366,693,1292,1084,994,1073,719,1164,1877,1194,1576,926,914,899,1652,704,1794,1506,1021,657,484,1378,1710,2097,840,738,2013,378,1207,452,642,1068,1162,1616,1882,969,1641,1092,1320,1003,1297,1432,1613,1606,1890,1905,988,1276,2051,2005,594,1042,690,1229,1140,1179,1396,1068,649,1011,1151,590,965,1435,1132,1683,947,1162,693,1424,807,1036,702,1539,1038,459,1004,603,1636,1555,1372,1158,576,787,1107,1198,1717,1106,1310,956,1463,2208,1453,1447,1198,1429,900,1055,1026,2038,1795,799,1345,1088,1129,1221,976,622,1487,1475,950,1357,977,1623,1733,1001,1469,1477,1161,1788,968,1605,646,682,1011,1377,1491,1647,1394,857,1037,883,1569,1387,1016,1435,954,867,1579,740,1144,1171,1871,673,966,633,611,1255,1506,1348,1157,1774,0,854,1928,1204,981,910,1178,1196,1393,1426,874,1194,1251,1972,695,1932,1162,1446,1498,814,1713,718,1177,1553,1307,1142,1240,1372,893,1259,1384,1019,1170,1301,1151,1263,1416,904,2073,998,1395,1143,1758,1168,1039,1158,1051,1199,874,1622,1749,1473,1402,970,772,1413,438,701,986,1174,1285,972,774,1879,1375,978,1172,1087,1574,1885,1327,1524,1642,996,1200,1043,973,1883,1270,1471
1367,1680,1213,1963,1520,1452,1110,1674,1600,1124,445,1048,1389,1076,1431,1382,1232,1596,1372,1333,1431,1279,1190,1549,1172,1222,1687,1409,2181,545,452,51,1832,1157,1294,1401,1404,588,424,1310,1166,1074,1293,1385,1026,680,1697,456,494,1147,1326,1687,2160,1428,2072,1346,1487,1048,1124,1536,1436,1409,1692,1707,1232,1745,2278,1235,411,1789,708,1184,1111,1129,1417,890,501,1654,1117,353,1722,1474,1100,1376,1614,1484,404,1686,1101,1178,284,772,1430,933,1484,335,1772,1378,1063,1202,477,1428,1043,1758,1387,1575,1251,1185,1434,1258,702,1457,1355,1213,1542,191,1678,1033,974,142,1338,1081,1122,912,1090,377,1010,1476,945,1093,1392,1125,1189,1168,1292,1627,1477,1226,1208,1545,498,375,1159,1370,1484,1623,1415,3,1420,702,1692,1246,838,1428,1220,798,1528,671,1309,1334,1417,386,1002,1057,381,1474,1499,1341,1226,1740,669,0,1781,1524,507,1378,1161,1258,1412,1267,694,1640,1219,1289,1153,1239,1805,1439,1625,440,2293,238,1008,1376,1300,1473,1172,1362,1534,1444,1582,1210,1254,1773,1479,1151,1667,1372,1017,1346,1356,1419,1315,1110,1138,1323,126,1099,694,1289,1402,1466,1218,1142,375,1406,547,429,1454,1452,1401,142,376,1689,1197,971,1106,1080,1473,1695,1071,1477,1145,713,1652,1445,1146,1693,1493,1253
1300,921,1458,1248,1506,1874,1284,1455,1084,1430,2079,1542,1370,1561,1111,1204,1417,1091,1053,1546,1111,1487,1370,2196,1842,1449,1325,1462,2386,1974,1692,1790,184,1837,1538,1001,1487,1572,1706,1136,1474,1669,2212,1562,2076,1658,2187,1692,1734,1172,1112,975,2368,1867,1447,2389,1033,1151,1380,1286,1366,1303,955,1138,1002,769,137,2068,1703,1293,1548,1615,1184,1225,1365,1384,1739,1228,1547,1756,1246,1356,1550,2744,1311,1413,1779,1444,1360,1708,2021,2340,1597,1664,2199,1692,1980,1379,2489,1208,1710,1532,1634,1042,1223,1850,1191,1944,1265,2340,2306,891,1126,1636,1570,1723,1617,1656,1731,2138,1540,1549,1602,2055,1666,2095,1415,971,1374,1193,1568,1277,1483,1300,1353,1005,1445,1805,1010,1276,2097,2073,1474,1566,1574,1389,1363,2152,1428,1871,1070,1354,1407,1297,1454,1535,1497,1556,1155,1064,1502,1767,999,1819,2067,1203,1606,1308,1388,1449,1596,2151,0,1673,2356,1856,1372,1649,1354,1280,1539,1181,1445,1682,1824,1605,1498,1579,1119,1603,226,1728,1213,1379,1275,908,1648,1335,1301,1503,1160,1401,1406,868,1540,1524,1228,1858,1736,2853,1442,1944,1196,1629,1566,1101,1807,1681,1542,1566,1190,1587,1671,1627,2099,1517,1725,2022,2265,1837,1373,2183,1733,1323,1518,1278,1076,1568,756,1318,1277,1225,911,1897,1006,1505,1619,1093,1204,1556
1350,1885,1023,1011,1170,1938,1689,1525,1368,1566,1259,1639,1848,933,1902,1438,1265,1375,940,1645,1902,2000,1005,1582,1494,983,2259,1721,2501,1147,1499,1255,1231,1519,1476,1444,1121,1103,1519,1347,1403,1928,1866,1056,1159,1257,1596,1497,1252,1865,1462,1761,2482,1888,1208,2064,2207,896,1871,519,1892,1946,1893,1955,879,1521,916,1159,1491,1013,1304,1472,1057,1568,1871,1110,1522,1208,1567,1292,1234,1830,1693,2268,1518,1041,1320,1438,1125,989,1189,1291,987,1266,1582,1470,1761,1836,1696,963,1253,1232,1113,1288,1482,1591,1525,2069,2461,1402,1281,1080,1427,1265,1239,1225,1288,1135,1368,1238,1964,1637,1798,2043,984,1536,1188,1049,1105,1079,1827,970,1426,1379,1814,1065,1005,1628,1253,1316,1257,1239,1183,1875,1121,1262,1869,1263,897,1079,2042,697,947,1270,1039,1287,1175,1314,1423,1377,1666,1309,906,1457,1494,1165,1582,1528,1055,1391,1454,1262,1337,0,1783,1925,947,97,1866,513,1070,1422,1150,1941,1818,1232,1193,1255,1873,1357,1103,1241,910,1834,1571,1098,975,1767,1230,1365,1427,1178,482,1456,1311,735,1474,1925,1339,2168,1044,2070,1376,1157,778,1453,1278,932,1294,1349,1241,1546,155,1885,1277,1669,1543,1193,1939,1963,1853,1273,1538,2261,232,1496,1822,1756,1511,2267,1134,1213,1039,1782,1477,1367,1877,2265,1226,1281
1717,1044,1315,1836,1790,1325,1507,1944,1502,1523,596,1459,1811,1274,1839,1940,1331,1499,1358,1565,1839,1679,1459,1419,1056,1331,2127,1338,2032,961,677,730,2420,1041,1130,1915,1802,1018,585,1486,1005,1240,1177,1620,1216,882,1568,681,551,1545,1817,1211,2012,1311,1927,1440,921,1263,1534,1479,1856,1854,1018,1241,1494,1959,2054,1466,763,1921,1133,1241,1335,1525,1835,1313,558,1896,1531,698,1841,1785,1513,1475,917,1604,529,1619,1524,1366,718,903,1370,1120,1354,765,1060,1798,1162,1212,602,1665,1493,1891,1611,1446,1725,1323,1104,1486,838,1891,1856,1031,1098,723,916,1224,1160,579,1642,1507,1547,1011,1556,537,909,1920,1409,1590,1324,966,1028,1344,1720,1863,1604,1191,1470,1815,555,906,1623,1553,1069,1893,1833,525,1648,1128,2137,1450,1261,1061,1320,1230,1489,1103,1487,1513,1259,551,1219,794,800,1445,1431,1288,1599,1665,901,524,1950,1476,0,1251,1672,1471,1821,1780,1111,1537,1442,1490,1169,1466,944,1046,1237,861,2068,769,1225,1787,1719,1309,1641,1715,1769,1379,1489,1479,1766,1646,1591,1633,1604,1245,1206,927,1347,1313,1284,1566,1619,1813,469,1569,1111,1827,1067,1398,1432,1589,530,1336,701,850,1327,1339,1807,529,531,2118,1703,1392,1495,1498,1650,2124,1146,1747,1241,442,1866,1666,1319,2122,1763,912
1083,1062,1083,1917,2085,184,2074,1838,1763,1114,1396,2015,1784,1599,1727,2215,1318,1757,1866,675,1727,1538,1707,159,492,1115,1845,1553,1446,1751,1429,1642,2316,439,1185,1559,1466,1638,1323,1441,1452,1432,299,1192,1246,1073,302,1268,1296,1508,1771,1048,1426,426,2431,424,1769,1696,1762,1560,1782,1126,1052,1056,1395,1570,2355,1243,1406,1493,1671,1228,1563,2143,1824,2052,1303,1462,2086,1213,1410,1098,2067,1374,1202,1090,1176,1845,1809,1370,1589,1151,1369,943,126,1419,1209,1789,1061,1649,1388,1237,1271,1611,2227,137,1679,1178,1912,1251,1779,1329,1822,1102,1368,1675,1121,1257,1177,1623,1051,2147,1162,910,1616,1289,1198,1365,1654,1869,1279,1203,1215,1311,1108,1566,1333,1174,1661,2119,1300,1496,1618,1286,1142,1783,1822,1511,1661,1867,926,1830,2000,1358,1082,1850,1731,1723,1449,1477,1440,1158,1657,734,1424,2026,1132,1308,1080,2281,1325,1508,2242,1594,1085,0,1930,1584,1821,1877,1858,1496,2021,1179,455,1491,1472,1127,994,1663,1969,1532,1382,1791,1032,1267,1359,1136,1255,1364,1451,1740,1867,1928,1283,1411,1838,6,1231,973,1578,1171,1543,1576,1700,1767,1424,1642,1858,2136,1546,1369,1874,1541,1287,1067,1357,1646,186,1191,1722,1463,1289,2037,1847,1974,1614,1108,1595,1855,1628,2036,1211,928,1498,1365,1279,2033,2045,1145
1561,2013,1498,1593,558,1939,2278,815,2022,2167,1438,2235,2127,1265,2174,876,1529,2029,443,1713,2151,953,435,1599,1465,1456,2224,2334,3157,1299,1181,1145,1149,1816,1471,2045,985,1264,1198,2015,1398,2422,1863,1357,1527,1476,1621,1179,1173,1106,2058,1682,2595,1551,1823,2057,2341,862,2118,1066,2174,2074,1788,1876,748,2100,1485,1547,1407,1288,1240,1467,529,2204,2123,2427,1182,1304,2200,1473,1100,2095,2290,2181,1374,1521,1506,749,1115,1619,1346,1107,1545,1231,1930,1146,2238,2085,1989,832,1435,1314,1501,1602,823,1597,1976,1021,1113,1863,1111,1617,2072,1260,1355,1376,1403,1523,1637,1367,1840,2257,1989,1644,1300,1452,1183,1315,893,676,2441,965,1421,1977,2004,1592,1480,1813,1266,704,1179,1165,1734,1751,1116,750,2121,1161,1530,1237,2153,1297,1108,1249,1516,1224,563,1249,2008,2031,1646,1497,767,1425,1164,567,1202,1373,1536,881,1423,1402,1136,1027,1384,1598,0,1066,2141,1046,1018,2075,552,2331,1800,1934,1592,1234,2127,1279,1482,1402,779,2083,1566,1308,1601,2032,1344,1923,2167,891,1129,2033,1298,1256,776,1930,1909,2626,432,1012,802,1687,1294,2094,1169,1265,1019,737,680,1169,888,2199,1459,1751,1216,1120,1607,1248,2106,1162,1456,2226,823,2126,1197,2136,2089,2232,1579,629,1239,1412,2142,1971,2206,2230,628,1276
1612,1847,1217,1037,1133,1926,1740,1502,1423,1617,1513,1690,1860,823,1949,1406,1032,1430,908,1631,1949,2056,962,1898,1486,1169,2287,1770,2487,1379,1235,1251,1256,1510,1434,1432,1108,1324,1511,1399,1361,1977,1536,1262,1175,1509,1586,1490,1246,1916,1517,1732,2468,1554,1234,1700,2266,860,1920,550,1942,1995,1862,1842,836,1486,1464,1134,1229,1210,1297,1432,1016,1619,1922,912,1255,989,1588,1553,1010,1883,1697,1871,1503,1026,1314,1408,924,1041,1429,1559,1039,1258,1572,1463,1816,1887,1689,920,1506,1219,1088,1051,1455,1581,1572,2116,2413,1407,1547,1064,1482,1225,1480,1220,1539,1151,1421,1234,1803,1690,1851,2035,943,1266,1108,1034,1066,1042,1876,928,1384,1378,1867,1118,1195,1688,1224,1318,1511,1234,1240,1714,1078,1225,1920,1520,950,1295,2203,750,940,1232,1236,1279,1196,1082,1477,1432,1611,1304,817,1751,1232,1127,1639,1488,1256,1356,1444,1519,1331,87,1776,1913,910,0,1873,566,1285,1477,1153,1977,1497,1289,1179,1217,1792,1118,1497,1236,823,1884,1531,1307,978,1812,1470,1412,1481,1135,541,1450,1070,786,1371,1585,1388,2159,1009,2117,1485,1109,827,1508,1538,891,1065,1351,1176,1601,127,1934,1535,1715,1535,1434,1928,1969,1860,1269,1531,2311,190,1511,1859,1764,1478,2295,1352,1216,1024,1774,1525,1359,1926,2293,1229,1224
935,645,1379,1041,1096,2353,449,999,1652,588,1615,400,118,1310,130,995,1415,1655,1833,1687,130,759,1428,2304,2027,1417,221,1381,2240,1372,1517,1620,1415,2027,1446,1743,644,1210,1522,1431,1357,1161,2174,912,1125,1523,1966,1521,1711,518,1605,736,2218,2261,1372,1206,806,1441,110,1388,116,479,777,794,1472,1739,1227,1116,1491,1084,1163,872,1767,515,21,869,1718,849,455,1567,921,572,454,1451,1399,1354,1621,1003,726,1413,1359,2241,1442,1687,2274,1404,729,47,1005,1637,1642,961,1175,1431,1008,2270,1533,1855,944,1299,2153,1569,1587,1191,1224,1762,1480,1152,900,1516,946,386,730,1001,1430,1610,1077,1573,1290,1698,1178,1173,1317,1302,513,1815,1294,859,1626,940,1715,1532,1315,978,1057,937,19,1581,1629,1158,473,1436,900,1001,1395,1249,1099,1220,1559,1664,1581,1603,1499,1935,1509,1798,1081,918,1388,1044,1482,1578,1121,1603,1958,2263,1594,1579,0,1382,1149,1733,1783,1026,2001,1091,1325,1012,583,1464,1239,1474,1503,45,908,1482,1505,530,1217,1421,1564,1448,1358,1930,1512,1607,1213,2257,1093,1456,1691,1856,1117,1085,1594,1596,1775,1466,1149,1158,1108,1049,1640,1166,1609,1014,1802,1352,2278,1749,70,1685,1609,219,1490,671,672,693,1869,213,1055,1832,1390,2200,1561,1423,1225,215,1863,1253
1503,1798,1109,789,1375,1566,1642,1693,1061,1542,1511,1599,1818,927,1866,1585,942,1065,1084,1307,1866,1989,1199,1538,1773,2125,2245,1712,2420,1143,1231,1263,982,1797,1551,1229,2127,1093,1506,1110,1462,1922,1509,1210,1089,1494,1549,1485,1248,1863,1082,1798,2401,1848,986,2020,2109,906,1833,4,1862,1950,1732,1794,875,1245,1243,1089,1483,1164,1070,1548,1348,1543,1837,1822,1256,1138,1545,1285,1164,1826,1654,1864,1427,1130,1312,1601,1098,893,1430,1603,891,1245,1859,1211,1633,1800,2024,957,1244,1167,1043,1148,1630,1873,1150,2036,2363,1361,1313,964,1060,1328,1406,1479,1213,1065,1290,1246,1911,1617,1760,1671,980,1264,1238,1126,1301,1338,1818,1109,1487,1339,1808,775,1491,1523,1293,1499,1252,1234,1114,1823,1263,1397,1835,1267,824,1069,2063,632,931,1514,933,1055,1378,1078,1120,1016,1746,1572,902,1731,1232,1347,1564,1883,950,1527,1181,1530,1045,703,1474,1554,1148,679,1832,0,1280,1119,1332,1935,1781,1154,1346,1322,1742,1117,1208,1495,908,1798,1947,1201,932,1765,1397,1316,1125,1176,310,1178,981,670,1551,1555,1289,2566,1246,2037,1576,1061,735,1071,1285,928,1282,1532,1148,1531,767,1870,1533,1647,1530,1434,1893,1930,1818,1281,1265,2247,617,1468,1816,1720,1233,2253,1257,1382,939,1463,1281,1318,1863,2251,1410,1348
1389,1360,974,1720,1136,1223,826,1254,1312,922,521,778,1038,1822,1118,1510,1201,1083,977,1045,1118,1121,1606,1335,927,981,1346,925,2110,574,436,562,1591,919,1616,1409,1259,96,445,1293,1527,1968,1062,1109,1716,422,1472,440,621,1021,1088,1345,1729,1152,1517,1280,1419,1480,808,1286,1085,1093,1387,1402,1510,1206,1985,1708,398,1410,13,914,1179,796,1054,543,628,1465,850,479,1299,1153,831,1818,1288,1196,533,1262,649,1143,255,1217,1148,607,1268,309,1437,1015,1509,1585,553,1154,1763,1213,1259,1362,1222,1132,1282,1892,1085,1215,1119,1234,1263,758,1388,1740,1681,453,988,803,772,1358,1876,522,1302,1487,1540,1159,910,1238,1552,1121,947,1356,982,1656,1750,1403,625,461,1117,1020,1099,1204,1052,486,945,38,1351,1033,491,1043,1186,59,1142,100,1070,1324,1702,513,1537,837,416,1091,1123,960,1194,1579,386,483,1859,1293,853,1137,1230,1064,1049,1060,0,1353,1087,1721,903,1873,1525,1054,1291,350,2001,380,1541,1013,950,985,1134,1017,1256,960,1072,1699,1266,1485,990,934,1512,1131,2317,1410,1197,1120,1357,1869,1115,1310,680,1827,4,1175,1348,1091,1026,1968,521,1056,692,236,1225,955,1038,634,521,1348,1213,652,954,734,1491,1354,1326,1325,1097,1064,1364,961,1975,1352,1106,1291
1140,1359,1299,1217,1113,1512,2230,1109,195,2227,1307,2185,2051,1097,1915,1107,1267,117,1972,1204,1915,2203,2022,1466,1456,1167,1723,609,2654,1215,1279,1648,937,1460,1345,361,2074,1153,1294,169,1270,814,1464,923,1320,1255,1466,1544,1590,1951,331,1678,2179,1494,1416,1955,1668,1756,2183,1179,2053,1833,1358,1655,1795,312,1198,1312,1287,1097,1364,2516,2172,2100,2001,962,1322,1994,2231,1620,2059,1886,2238,1880,1012,1276,1650,1102,944,694,1254,1817,666,1261,1468,1539,1130,1980,2022,1909,1566,2390,1186,1250,935,1801,426,1096,1924,1598,1783,1095,330,926,1204,1303,1042,1344,1021,1346,2429,2167,2364,2016,1205,1320,1198,1116,2304,2157,715,1912,1061,663,1868,597,1336,1078,1978,955,1318,1299,712,2539,2350,2273,1999,1641,825,1365,1900,927,1192,2304,1309,1116,1107,1374,226,275,1302,1636,1822,1726,1295,2169,2347,2583,1270,931,1442,1358,996,1530,1856,1807,1986,1506,1998,1173,1120,0,2154,827,1446,881,939,2314,1238,1184,1162,1581,1824,1982,2381,1754,735,1774,1200,612,231,2100,1400,522,1405,1070,938,1809,936,2459,2181,1097,2389,867,1139,322,1383,1214,1123,978,2380,2317,1634,767,1599,2503,1586,1256,1828,990,1909,1383,1593,1725,1484,2229,1805,2326,463,1751,1672,2192,1515,1804,78,609,760,1753,2227,2174
1651,2117,1606,1753,305,1680,2170,439,2151,2139,1255,2115,2215,1396,2258,485,1637,2155,645,1813,2258,1253,617,2024,1855,1295,2341,2453,2701,1141,1506,1201,1205,1903,1564,2170,1070,1115,1264,2089,1475,2359,1953,1460,1824,1293,1700,1245,1492,1210,2181,1789,2682,1961,1951,2146,1168,972,2225,1187,2265,2191,1919,1981,858,1111,1288,1816,1485,1390,1324,1559,418,2137,2232,965,1245,1409,2091,1283,1433,2222,2168,2254,1766,1629,1311,370,1000,1686,1178,1141,1683,1572,1675,1211,1120,2195,1713,940,1514,1417,1631,1705,547,1673,2243,1109,1011,1832,1150,1424,2160,1339,1443,1450,1801,1653,1761,1435,1759,2165,1890,2065,1450,1529,1249,1690,726,565,2559,1120,1500,2055,2204,1724,1315,1945,1102,440,1242,1483,1878,1671,1274,345,2230,1219,1624,1321,2266,1439,1197,1366,1624,1083,309,1103,2161,2104,1759,1573,885,1495,1483,70,1416,1730,1644,570,1511,1472,1196,1170,1742,1674,337,1209,2227,1181,1313,2207,0,2350,1563,1901,1700,1332,2234,1359,1550,1477,891,2193,1795,1688,1722,2161,1432,2042,2166,724,1304,922,1676,1422,494,1673,1875,2249,369,1329,991,1842,1470,2171,1224,1398,1314,473,848,1383,1031,2173,1537,1495,1548,1429,1681,1354,2215,1217,1270,2343,966,2010,1080,2037,1133,2349,1689,128,1329,1783,2285,2044,2180,2347,161,1358
1665,670,1424,1842,947,1443,1530,1193,897,1529,1004,1488,1584,1064,1254,985,1383,901,2182,2234,1254,1313,2165,1150,1140,1290,1224,467,2346,919,975,1078,1472,1379,933,980,1408,2147,989,807,2392,35,1146,1666,883,1140,1151,975,1229,1285,848,1002,1924,1420,2040,1572,971,1777,1490,1559,1586,1017,924,1029,1828,1099,1657,874,1191,1840,2102,1818,2375,1393,1360,1816,1023,1347,1546,1255,1412,1207,1543,1891,2268,1392,1062,1191,1656,893,958,1253,922,1147,1391,975,503,1312,1358,1529,993,1711,933,1539,1211,1174,770,1211,1227,1160,1218,1678,826,2159,1996,1008,2103,910,559,1059,1750,1482,1671,1634,1189,1017,2107,1679,1956,2341,495,2105,2418,476,1189,1342,1454,317,1612,1187,1019,1207,648,1919,2013,1111,1358,1068,1009,2096,1309,1342,1847,1957,1434,2192,1141,2157,800,906,2685,1051,1538,1344,995,2446,2047,1874,1385,1017,2454,1067,1527,1768,1234,1424,2265,1744,1357,1553,2088,976,2431,0,1363,521,2066,1968,612,2398,1708,1012,1856,1277,1702,1868,991,1095,1988,652,804,2194,1530,1169,1519,1144,1003,1426,561,2081,2370,1212,2034,560,964,838,1322,1219,2088,1005,2025,2012,1977,430,1233,1824,1217,958,1444,1105,1241,1323,1016,1228,1661,1535,1108,1631,1110,1222,1480,908,1641,1183,916,654,437,1224,2504,2227
1128,1196,1313,1840,1949,279,1805,2088,1410,1866,1066,1762,2209,1508,1931,1725,1098,1405,1442,883,1931,1726,1306,446,303,1345,2518,1236,1335,1422,1164,1389,2275,20,1055,1819,1659,1317,1006,1681,1299,1371,166,1393,1418,772,577,956,994,1717,1709,969,1592,339,2337,477,1943,1581,1960,1479,2259,2269,976,981,1566,1840,1921,1415,1077,1692,1350,1922,1452,1890,2226,1720,1001,1658,1826,901,1578,2156,1815,1171,1366,1324,869,2097,1512,1307,1237,1766,1579,647,377,1087,948,2189,871,1530,1058,1436,1199,1341,2094,485,1338,1154,2086,1427,1677,1338,1758,1187,1457,1521,1285,1431,1337,1282,938,1849,1815,720,1262,1087,1297,1370,1524,1734,1483,1087,1314,1256,2134,1500,1105,1344,1542,1981,998,1172,1544,950,1239,2024,2224,1208,1582,1542,2525,1438,1668,1218,1088,1527,1955,1400,1398,1722,1285,849,1274,374,1094,1567,1013,1168,1088,2150,1059,1205,2203,1505,946,294,1490,1808,2221,1474,1531,1747,1888,1128,0,1165,1629,1220,933,1326,1939,1209,1550,2187,920,1062,1566,2095,1449,1577,1691,1608,1465,1550,1074,1611,2087,288,1161,1234,1467,1385,1409,1239,1606,1705,1270,1282,1531,1654,1169,1017,1766,1477,1000,955,1037,1286,281,1168,2209,1360,1000,2520,1740,1694,1762,1775,1872,2526,1831,1574,1007,791,1450,1578,1481,2524,1911,1243
956,734,1484,1477,1893,1507,1263,1954,829,1218,1189,1212,995,480,1322,1988,1435,833,1617,974,1322,1595,1418,1466,1408,1334,914,948,2519,2028,1159,1030,1406,1423,2130,917,1475,2003,1177,775,2014,589,1193,1733,638,947,1222,958,1196,1352,780,624,2067,1218,1675,1636,1041,1047,1165,1128,997,767,521,583,1202,1048,1600,629,963,1907,1958,1505,1622,1084,1107,1672,996,1406,1263,1231,1471,898,1265,1579,2337,1444,1262,1885,1527,666,927,1405,695,955,1468,949,626,1089,1380,902,1178,1778,418,1598,2031,1486,702,1270,1295,916,1135,1735,759,1756,2069,973,2167,666,255,1011,1576,1195,1360,1661,532,1205,1737,1736,1352,1627,636,1610,2039,579,880,916,1504,452,995,2026,1199,1176,563,1608,1595,1810,1105,1240,742,1952,836,966,1703,1590,1494,2048,1897,2013,732,838,2334,1034,911,1370,1171,1887,1645,1557,1435,1928,2313,1026,1461,1501,1214,1235,1685,1310,1102,1122,1944,908,1872,487,1407,0,2135,1604,734,2254,1642,1186,1234,1087,1538,1934,764,786,2061,584,736,1427,1087,1107,1569,710,1956,1235,63,1798,1627,1271,1432,264,696,770,1267,633,1944,2059,1423,1610,1362,684,1002,1644,994,929,1509,1164,1095,1048,1205,916,1399,1229,1176,1320,1061,922,1548,1908,1701,1183,880,586,691,920,1951,1879
827,1145,713,1444,1777,1513,1319,1869,1842,1069,1667,1275,1177,1802,1128,1865,749,1845,1238,1189,1128,902,1153,1570,1945,813,1116,1481,1309,1790,1914,1113,1575,1803,1159,1010,844,1466,1595,1677,1139,1668,1717,772,1630,1512,1179,1537,1768,903,914,1443,1290,1666,1538,1326,962,1282,1324,1352,1132,1244,1381,1443,1299,996,1326,1622,1675,900,1421,1375,1579,1121,1239,1123,1775,519,1180,1719,465,1424,1328,1360,328,998,1833,1872,1305,1889,1612,1466,1918,1665,1540,1687,1224,1147,1102,1045,1657,821,1677,1071,1559,1559,1722,974,1105,1805,1159,1179,1161,1193,167,2147,351,1654,1391,906,1446,1258,1230,907,1923,1705,1333,1188,1346,1298,1587,1247,1394,1580,1227,1284,799,1359,1280,1818,1772,1772,1797,917,1199,1482,1237,2003,2022,1417,1182,1285,1154,1176,730,1502,1472,1476,1738,926,1147,1815,1051,1852,1693,1413,999,1137,721,1918,1580,2000,1240,1440,1140,1369,1318,1424,1196,1115,1406,1134,1407,1520,1911,1585,0,1186,1077,1716,1627,1809,1284,1108,1408,829,1977,1377,182,1906,1743,1190,1112,1236,864,967,1880,1375,1605,1356,1599,1034,1058,1567,1177,1101,925,1117,1406,1525,1057,992,1399,1639,1890,1514,1574,1603,1516,1111,1072,933,1891,1118,1139,1100,784,1191,1229,1095,387,1429,723,2240,935,1908,1632,1097,1723,1192
1620,1970,1283,994,1152,1132,1331,1313,1942,1278,1277,1291,1560,1519,1614,1241,1088,1946,1409,1199,1614,1267,642,1371,980,1044,1925,2265,2675,1437,1221,905,1622,1235,643,1995,1404,1213,1225,1875,559,2375,1068,1662,1856,1593,1163,1225,1331,1143,1998,1181,2196,1294,1078,1225,1451,1177,1603,1000,1608,1674,1789,1806,1044,1166,1707,1848,1255,1836,1167,441,1041,1283,1582,1486,1338,1605,1234,1184,1672,1558,1346,1582,1233,1306,1228,1245,1668,1481,1080,1143,1479,1757,1134,1121,2137,1543,1394,967,1304,1707,1755,1234,1285,1361,1918,906,1426,1864,1134,1500,1951,219,1210,1027,1045,1879,1791,855,899,1303,1030,1151,1573,1229,339,1237,577,1057,2402,258,584,2300,1540,1547,1277,2068,840,1278,1335,1221,2001,811,106,1053,1580,941,1416,1162,1769,1231,1517,15,1298,1313,1156,1223,1949,1897,848,1210,976,1134,1227,1127,92,158,1089,1172,1550,944,1307,1346,939,1361,923,1385,1577,994,1153,1998,1112,2297,1010,1931,982,0,2039,1127,1714,1092,1076,1541,540,1340,1513,1497,988,1854,1954,735,1154,982,1335,1592,1209,1360,1906,1698,1043,2108,395,1951,1639,1988,1088,1521,1153,1311,385,58,1207,2396,1227,632,1386,1073,1133,924,1566,970,1228,1927,1245,1154,1098,1178,993,1933,1262,1175,1243,917,2076,1856,2403,1931,1187,321
1273,385,1343,1129,942,1009,1021,1219,1186,1041,1996,971,1076,1078,743,1215,1379,1190,2033,1717,743,792,1851,1173,1135,1516,702,939,2236,1879,1951,2011,980,947,1900,1254,906,1629,1957,1009,1799,677,1155,1173,893,1960,1180,1955,2121,777,1136,706,2213,1188,1244,1116,475,1499,979,1701,1078,641,624,686,1640,1313,1245,884,1914,1346,1582,1435,2070,1088,855,1290,2128,855,1024,1978,927,843,1024,1362,1732,1594,2046,1221,1137,1005,1779,1279,1034,2111,1174,1825,342,806,1157,1350,2025,1218,943,1398,1234,1196,1054,1416,750,1064,1232,1536,1106,1771,1468,2268,1563,920,642,1934,1506,955,1290,1152,1199,2014,1586,1539,1764,2054,739,1682,1824,863,825,1399,1262,432,1429,977,2124,1976,902,1538,1626,1139,853,1998,1140,1577,760,1405,1321,1570,1360,1663,942,1638,1085,1195,2103,2025,1359,911,1931,2299,1660,1487,1351,1048,1918,1995,927,1905,1024,1201,2115,1944,852,1695,1567,1265,2284,588,1127,828,1530,1581,0,1881,1261,1893,1669,764,1468,1449,1101,731,1460,938,1090,1863,1750,1442,1479,1068,1232,995,682,1876,2079,1417,1622,671,1076,1125,2192,1233,1567,1205,1613,1625,1766,791,2012,1574,2159,1767,1220,1310,728,2070,2013,669,1802,1313,639,1251,1380,663,1022,2323,1357,1178,1128,940,784,665,2358,1727
1201,1380,1033,1788,1172,1253,844,1293,1150,938,555,796,1052,1105,1135,1557,1272,1385,1022,1084,1135,1133,1619,1365,957,1257,1363,989,1751,608,468,595,1999,949,1627,1485,1271,146,477,1370,1537,1987,1092,1146,1735,454,1504,472,655,1037,1391,1366,2093,1182,1899,1307,1439,913,824,1355,1100,1110,1404,1419,1522,1534,1708,1727,435,1705,179,928,1015,814,1071,552,662,1474,868,514,1539,1170,849,1849,1336,1267,568,1301,769,1009,292,1250,1224,638,1298,346,1456,1032,1539,1596,587,1191,1782,1538,1296,1392,1076,1001,1294,1911,1132,1276,1182,1248,1300,755,1422,1759,1698,486,1002,819,786,1388,929,557,1312,1562,1553,998,1177,1252,1562,992,963,1430,1042,1674,1763,1196,659,495,1193,1034,1113,1244,1069,520,1217,369,1368,1092,500,1057,1257,358,1423,231,1134,1160,1713,548,1549,867,453,1128,1137,974,1265,1626,420,517,1936,1124,888,1167,1059,1350,1066,1349,360,1430,1125,1739,934,1888,1563,1068,1312,0,1721,415,1553,1030,964,1042,1210,1033,1292,1024,1372,1712,1105,1294,1047,1199,1290,1161,2336,1140,1242,1197,1370,1135,982,1387,714,941,188,1209,1361,1105,1080,965,556,1070,731,273,1255,1230,1055,667,556,1365,1058,670,966,748,1298,1371,1340,1134,966,1099,1441,1024,969,1369,1144,1305
1158,1254,939,1307,1331,1987,1693,1546,1191,1301,1839,1394,1252,1616,1484,1280,1140,1141,1386,1656,1484,1348,1493,2331,2364,1665,1215,1561,2980,2117,2186,1907,260,1952,1990,1052,1628,1689,2202,1186,1913,1771,1945,1701,2080,1775,1921,2185,1852,1557,1158,1319,2450,1981,1506,2525,1389,1056,1522,1330,1249,1196,1295,1060,1335,1031,38,2072,1821,1701,2012,1753,1277,1342,1248,1814,1857,1622,1398,2262,1643,1240,1400,2884,1712,1137,2291,1534,1478,1683,1791,2479,1655,2151,2334,2185,1219,1259,2628,1106,2207,1384,1692,1279,1568,1962,1226,2095,1163,2360,2025,1124,1198,1772,1699,2223,1744,1714,934,2280,1677,1690,1742,2622,1710,1852,1841,1146,1500,1288,1667,1675,1922,1448,1494,1066,914,1838,1114,1358,2239,2215,1497,1703,1414,1228,1246,1900,1511,2013,1188,1400,1842,1702,946,1996,1323,2022,1196,1116,1947,2277,1333,2337,1829,1557,1741,1716,956,1271,2069,1899,225,913,2498,2378,1227,1660,1496,1324,1657,1228,1283,1784,2342,1617,1347,1419,1044,2079,0,1845,1339,1259,1389,1003,1718,1222,1701,1547,1201,1260,1440,912,1191,1524,1575,2380,1694,2982,1554,2096,1303,1652,1585,1147,2325,1715,2004,1665,1566,1722,1127,1719,1855,1370,1842,2164,1988,1989,1515,2325,2235,1213,941,1685,1191,1414,1018,1460,1399,1583,1012,2014,1086,1549,1712,1210,1557,1691
1286,1700,1375,1600,1529,1398,1099,1680,1540,1165,166,1048,1360,1039,1441,1387,1157,1536,1129,1234,1441,1300,981,1511,1098,1149,1696,1114,2099,544,376,524,1780,1092,1482,1637,1437,587,237,1260,1334,1019,1235,1312,1188,601,1650,380,281,1176,1542,1666,1721,1325,2043,1445,1486,1029,1133,1501,1407,1440,1736,1753,1213,1395,2213,1184,132,1611,722,1251,1345,1168,1383,900,288,1567,1123,138,1495,1499,1101,1519,1500,1153,200,1400,1117,1134,440,1168,1139,789,1445,162,1783,1344,1217,1182,206,1355,1211,1383,1393,1538,1451,1351,1459,998,1051,1672,1579,1422,1451,734,1579,991,1122,400,1324,1121,1108,1066,1053,174,1179,1404,1134,1324,1100,1579,1359,1117,1284,1309,1149,1164,984,1557,285,98,1345,1356,1440,1345,1381,498,1133,717,1701,1466,848,1385,1145,794,1537,667,1521,1285,1636,179,1190,968,104,1225,1469,1302,1390,1445,583,495,2087,1499,528,1309,1161,1493,1378,1238,708,1309,1223,1222,1077,982,1714,1396,1633,442,2229,0,1198,1342,1286,1142,1362,1354,1443,1149,1523,1208,1481,1419,1148,1116,1386,1303,1176,1296,1127,1109,1700,1287,1335,1538,692,1064,708,1570,1691,1436,1197,1317,180,1392,360,399,1400,1372,1367,596,180,1698,1175,970,1131,1069,1719,1704,992,1229,1291,741,1592,1389,1094,1702,1241,1468
1580,1205,990,1512,1271,1679,1693,1548,1651,1648,1014,1649,1497,643,1656,1627,1016,1654,1189,1180,1656,1964,641,1377,1265,1157,1415,1828,2854,2348,1206,999,1030,1297,1302,1550,1842,2243,1015,1591,1214,1503,1330,2105,968,1237,1686,1204,1003,1717,1603,894,2344,1621,1710,1492,1508,402,1654,958,1499,1273,1018,1080,65,1857,1106,959,989,2273,2198,1044,1011,1647,1609,1880,1222,1855,1596,1046,1917,1407,1704,1974,1120,1010,1296,1496,2062,1072,941,1244,1070,1033,1376,1173,1554,1592,1460,64,1009,2154,878,1321,1570,1667,1527,2143,1762,973,1020,1106,1581,1007,1330,974,1149,995,869,1187,1265,1671,1396,1759,697,1026,998,1086,576,1029,1523,866,1239,1414,1389,1181,1180,1014,632,1396,1009,992,1122,1177,851,1433,1607,1008,999,2192,1342,874,1911,845,1214,2249,1275,2253,1553,1663,1502,1285,48,1482,990,1280,892,1234,1021,1567,975,1217,1004,1170,1480,1669,1079,1209,1604,952,2185,1732,1265,1404,1283,1039,1063,857,1318,2497,1108,992,0,1590,1301,1276,1109,1295,1317,1478,1558,734,915,1891,1047,666,1498,1382,1014,2367,1015,2144,677,1068,729,1592,1234,645,2185,1429,668,860,1031,1500,1032,993,1250,1142,1392,2037,1597,1228,1028,1417,1072,1519,1643,1544,1863,1423,1051,1314,986,1233,1700,1480,1507,1421,1343,1136
955,642,1382,1269,1755,2307,405,995,1653,442,1569,356,93,1309,130,1198,1418,1656,1791,1689,130,758,1278,2304,1981,1413,221,1375,1862,1325,1471,1576,1192,1981,1301,1739,643,1164,1476,1426,1213,1156,2128,911,1123,1476,1966,1475,1664,517,1605,736,2226,2215,1384,1197,802,1397,239,1344,91,479,776,793,1428,1737,1247,1114,1445,1083,1117,830,1617,469,116,823,1671,848,411,1520,920,578,410,1434,1398,1349,1574,1000,679,1409,1313,2198,1438,1639,2274,1358,728,1,1199,1559,1596,960,1173,1430,1213,2268,1529,1643,944,1296,2108,1568,1583,1149,1222,1715,1478,1150,896,1470,904,342,688,1194,1431,1563,997,1098,1213,1620,1173,1094,1238,1297,452,1816,1290,856,1435,1128,1668,1486,1311,936,1015,934,114,1535,1629,1112,473,1392,854,959,1398,1203,1759,1174,1555,1665,1501,1555,1568,1888,1463,1720,1039,876,1391,1258,1435,1532,1142,1560,1911,2217,1517,1536,111,1338,1103,1734,1705,1024,1954,1087,1323,970,580,1418,1521,1428,1459,0,866,1480,1501,537,1216,1417,1560,1371,1314,1923,1510,1608,1208,2211,1089,1753,1612,1850,1036,1081,1595,1594,1729,1465,1103,952,1027,1007,1600,1163,1562,972,1755,1306,2234,1743,74,1639,1562,219,1450,628,671,651,1865,213,1053,1761,1388,2153,1557,1419,1220,215,1784,1135
1499,1002,969,1232,1451,1253,647,1629,1904,561,1517,598,847,1363,880,1524,994,1908,1537,2082,880,1155,943,1252,1924,953,1198,1627,2107,1326,1420,1173,1315,1126,944,1980,1293,1114,1425,1836,853,1401,974,1554,1180,1419,1284,1424,1613,1154,1851,685,2522,980,1338,1134,1269,1444,937,1392,897,953,835,852,1354,930,1382,1171,1394,1728,1067,192,1336,559,861,773,1620,1497,513,1469,1562,614,652,1500,911,988,1524,1538,955,1645,1262,1425,1685,1581,1036,1307,1445,822,1300,1273,1545,1598,1230,1151,1569,1031,1765,2098,1710,1353,1397,1159,1821,584,1833,1299,1129,1207,1134,1124,84,617,301,1073,1839,1510,625,1397,878,1326,1421,577,878,1547,596,1815,965,1097,1146,1576,1617,1435,1550,189,431,1341,859,1484,1625,1062,1041,1440,804,375,981,1153,1455,1124,1796,1912,1064,1504,1282,1831,1412,1415,465,290,1201,1466,1378,1481,1540,1607,1213,1246,1222,1583,856,1386,1053,1981,1400,1323,1111,1327,1900,386,1072,1368,1678,1377,1385,820,0,1013,1723,553,1825,1651,1801,1036,1362,949,1220,1487,1490,1031,1661,1606,1317,2099,700,1318,1548,1839,1678,1790,1053,1609,691,430,1505,1411,1509,158,1711,1256,1039,1992,845,1236,1509,1200,1537,429,988,450,958,1206,941,1451,1126,1443,1826,1653,1466,1204,1478,615
435,1712,140,1259,1768,1292,1748,1509,1313,1768,1342,1705,1898,1797,1843,1506,321,1316,1216,1422,1843,1538,1422,1206,1331,252,1753,950,1499,1296,1077,1244,1176,1296,1329,1543,1377,1217,1309,1154,1291,1155,1261,1383,1887,1208,978,1301,1143,1623,1264,2039,1788,1088,1625,1164,1403,1250,1876,998,1896,1876,1963,1976,1066,1459,980,1879,1103,1560,1197,1059,1316,1823,1933,1461,1380,1192,1771,1376,1136,2143,1760,1835,812,442,1154,1821,1643,1572,1327,1818,1352,1002,1211,1101,1475,1907,1577,1256,1325,1426,1788,486,1524,1258,1199,473,1546,2169,1758,680,1390,1133,931,1151,792,1912,1581,1481,1241,1888,1221,1570,1905,1354,1501,707,1148,1312,1056,1373,1577,1064,1926,1676,240,1369,1055,1499,1377,1355,1316,1276,1117,1440,1931,1474,1637,1201,1856,939,1492,1328,136,983,1462,997,1213,1323,1307,1380,1261,1093,1348,1405,1132,1079,217,1858,946,1219,1096,1326,1581,1049,1580,1082,1930,994,1190,1392,1398,1168,1283,1575,735,1110,1575,1259,1212,1379,1056,1909,1224,0,1415,2098,946,1224,1218,1468,1203,1042,34,1757,1840,1271,1659,1488,1333,535,1359,1473,1783,1255,1252,1907,1194,1838,1122,1120,1075,1110,1355,1234,1326,1324,1293,606,1836,1520,1349,1755,1061,1795,1279,1147,1013,1782,495,1424,308,1212,1281,1226,1103,1784,1709,1336
964,1231,1364,1407,2002,1373,2098,2177,626,2086,1129,2043,1926,738,1787,2198,1325,629,1762,1085,1787,2077,1703,1612,1300,1231,1609,821,2154,1246,1332,1176,1358,1582,916,733,1947,973,1350,532,2015,1026,1321,2214,1210,1087,1618,1102,1371,1822,649,1545,2578,1348,1605,1788,1539,1403,2040,1154,1928,1707,1232,1526,1434,1000,1554,1201,1338,2382,949,2378,1749,1960,1886,2334,1379,1892,2090,1405,1957,1748,2096,2074,928,1334,1189,2108,2201,118,1072,1578,147,1094,1336,1094,1138,1840,1831,1509,1352,2265,814,1479,2241,1355,548,1152,1794,1030,1546,1616,713,1888,911,1119,1158,836,895,1158,2443,2026,2227,1511,853,1379,1799,1613,1813,1729,927,1661,2040,471,1731,845,1395,952,1530,2137,1138,1351,697,2313,1816,2050,1885,1173,259,949,1775,739,2366,2078,1374,1129,2006,1156,590,581,2335,1422,1461,1270,1346,1961,2133,2379,1327,2098,1027,1416,1415,1369,1359,1641,1763,1345,1884,1148,939,686,1946,1039,1296,755,1974,2092,1246,1002,1596,1127,1464,1842,2405,1818,0,1637,1093,445,597,1735,1118,1061,1461,720,2167,1643,809,1915,1749,1153,1954,556,789,639,1444,870,942,2170,1945,2098,1408,980,1146,2137,1374,1297,1660,1046,1778,1195,1142,1612,1258,2089,1675,2189,1016,1623,1740,1984,1581,1324,764,447,973,1625,2025,1923
1190,637,1512,989,1878,951,674,1126,1538,520,1691,626,384,1048,437,929,1550,1541,1780,1833,437,893,1406,1124,2080,1545,331,1256,1922,1419,1595,1731,1393,2080,1522,1627,788,1194,1600,1313,1433,1040,2227,1055,863,1574,947,1599,1785,660,1491,458,2298,910,1084,1275,908,1387,407,1335,386,214,469,486,1604,1620,1463,854,1566,1228,1148,817,1738,398,408,883,1792,994,662,1640,1065,111,680,1504,1535,1480,1699,1131,950,1299,1434,1871,1328,1738,1124,1479,788,368,1053,1308,1718,1100,913,1570,1137,1133,1419,1731,1076,1034,1855,909,1472,1136,1361,1855,1596,890,779,1605,758,613,675,1266,1169,1683,1117,910,1340,1736,1057,1213,1356,1181,93,1591,1420,740,1392,2014,1789,1634,1200,923,1002,1761,406,1651,1362,1143,323,1383,914,946,1528,1263,1882,1204,1445,1549,1611,1681,1317,1985,1584,1837,1026,863,1521,1181,1531,1648,1105,1551,2028,940,1633,1527,403,1329,1134,1619,1822,955,2052,968,1563,957,709,1447,1476,1550,1632,366,710,1617,1391,0,1353,1307,1450,1498,1306,1820,1647,1345,937,941,1497,1516,1735,1732,1159,969,1333,1482,1846,1203,1134,2047,1150,994,1591,1043,1682,832,1877,1424,952,1625,391,1796,1682,333,1441,543,810,637,1749,339,1190,1864,1518,2265,1442,1309,1104,337,1903,1199
1071,1227,838,1491,1805,1264,1416,1576,958,1154,1370,1376,1200,924,1151,1572,874,952,1265,757,1151,923,1175,1351,1680,976,1192,1362,1539,1743,1624,1727,1365,1554,1396,1063,865,1501,1309,939,1140,1572,1413,588,1695,1234,942,1256,1459,924,1168,1513,1516,1427,1914,1087,1146,1318,1377,1161,1198,1395,1468,1530,1103,1271,1676,1687,1384,892,1534,1459,1606,1205,1262,1144,1466,601,1434,1414,547,1482,1430,1288,165,918,1546,1578,1325,918,1561,1431,913,1399,1321,1397,1308,1211,1597,1295,1362,637,1742,1004,1916,1341,1605,1108,1288,1871,1363,1142,1015,991,23,1851,236,1719,1475,1601,1530,1368,1314,1576,936,1412,1107,1131,1371,1320,1468,1259,1394,1461,1423,1343,851,1448,1312,1846,1463,1481,1706,923,1208,1825,1259,1715,1121,1722,1264,1337,1174,1184,855,1711,1807,1584,1150,1183,1145,1526,1302,1591,1402,1438,1213,1143,846,1953,1306,1712,1571,1486,1798,1065,1623,1217,1258,1156,1713,993,1729,1585,1672,1670,317,1193,1160,1667,1408,1518,1090,1173,1492,760,905,1433,0,1613,954,1462,1392,1079,795,1217,1584,1071,1683,1061,1627,1170,1074,1658,1225,1165,1910,1164,1713,1869,1296,1205,1443,1520,1588,1598,1306,1554,1274,1080,1137,1792,1588,1183,1175,1183,970,1274,1074,1177,517,1754,854,1990,1195,1615,1513,1179,1753,995
1127,1260,1512,1335,1939,1379,2135,2004,516,2117,1148,2080,1952,669,1819,2032,1458,519,1697,1084,1819,2107,1629,1616,1584,1392,1631,971,2136,1054,1355,1451,1199,1593,956,649,1978,994,1373,560,1935,1176,1328,2245,791,1103,1620,1121,1157,1854,539,1569,2117,1638,1533,1486,1568,1327,2078,1091,1954,1734,1255,1554,1360,794,1471,791,1363,2413,1171,2409,1672,1991,1909,2366,1404,1922,2127,1183,1987,1779,2133,1732,918,1467,1209,1935,2232,186,1094,1617,158,1110,1340,1115,1119,1874,1528,1435,1375,2295,745,1626,2075,1360,560,1297,1822,969,1583,1759,509,1811,2291,1379,948,767,919,1428,2338,2062,2257,1840,777,1403,1724,1760,1739,1652,1077,1582,1093,618,1761,639,1530,980,1453,2074,1159,1139,638,2250,1737,1855,1907,1197,270,970,1801,823,2397,2014,1522,1154,1943,978,591,471,921,1446,1387,1549,1371,1901,2069,2316,1460,1941,1042,1196,1272,1298,1665,1648,1699,1274,1906,1085,1160,576,1886,1189,1306,779,2122,1817,1227,1236,1435,1388,1391,1876,2278,1967,233,1667,2306,0,598,1662,1051,898,1594,648,2001,1649,833,2314,1673,1298,1885,495,717,524,1474,794,963,2107,1876,2034,1344,1131,1408,2073,1397,1323,1667,1191,1809,1220,1403,1633,1194,1971,1703,2219,863,1651,1888,1922,1729,1619,654,14,1124,1653,1965,1845
925,1195,1288,1353,1093,1772,2055,908,94,2051,1258,2000,1758,1034,1744,906,1257,99,1979,1402,1744,2034,1982,1422,1702,1157,1574,598,2167,1409,1487,1317,972,1413,1073,403,1904,1335,1246,151,1222,803,1418,2169,1176,1458,1422,1486,1268,1779,44,1511,2149,1448,1551,1574,1498,1707,1995,1039,1760,1536,1198,1501,1746,415,1233,1167,1496,2337,1081,2343,2133,1925,1844,914,1274,1846,2048,1293,1908,1714,2054,1833,973,1266,1318,2428,2158,570,1206,1762,542,1466,1424,1481,1091,1802,1965,1734,1508,2220,1006,1294,925,1747,246,1085,1753,1453,1727,1143,372,2100,958,1255,1003,1203,861,1567,2407,1983,2191,1959,1156,1536,1150,1165,2158,2117,704,1878,1234,485,1696,588,1321,916,1822,939,1534,1511,534,2439,2304,2260,1842,1583,699,1082,1601,787,939,2257,1298,1289,2226,1316,138,103,1254,1306,1743,1669,1505,2178,2300,2409,1260,924,1146,1310,1038,1389,1798,1753,1995,1365,1841,1033,1295,172,2163,816,1400,721,1893,2268,1199,1136,1200,1261,1775,1804,2369,1744,615,1625,1152,471,0,2030,1260,570,1394,989,928,1453,765,1993,2094,1036,2292,712,1058,34,1613,1146,1075,962,2230,2250,1596,756,1276,2337,1265,1208,1468,938,1696,1613,1271,1576,1492,2096,1647,2227,545,1595,1645,2203,1505,1746,195,468,728,1597,2205,2123
1465,1687,1152,1458,784,1748,1812,1077,1844,1731,1244,1762,1840,1089,1922,1094,1178,1851,609,1270,1922,2424,139,1743,1306,1355,1962,2088,2989,1105,1020,1192,1182,1344,1241,1878,2480,2292,1252,1771,1163,1981,1672,1184,1413,1062,1466,1018,1012,2179,1840,1398,2966,1392,1630,1545,2019,563,1859,902,1885,1852,1585,1647,469,1909,1522,1405,1213,921,2244,1232,534,1729,1866,1924,1022,1136,1701,1279,1159,1827,1816,1646,1242,1172,1087,1025,2106,1369,954,964,1367,1294,1442,1191,2009,1827,1486,505,1241,945,1332,1265,1100,1739,1810,947,2280,1489,1164,1276,1849,1010,1222,1182,1270,1354,1485,973,1345,1764,1476,1483,1144,1258,941,1519,250,521,2015,752,1186,1755,1817,1429,1377,1799,786,928,1230,1213,1566,1257,903,850,1864,1210,1303,2238,1923,1114,1955,918,1409,2213,798,2302,1851,1800,1441,1303,496,1528,1212,769,965,1322,1183,976,1231,1002,1160,1153,1225,1441,602,1201,1861,896,2231,1904,813,1877,1331,1506,1437,930,1808,1762,1522,1000,503,1825,1381,1215,1385,1767,1211,1730,1857,0,1121,1848,1457,1094,1046,1739,1481,2435,553,1132,563,1528,1152,1827,1010,1094,2231,961,448,933,1012,2019,1047,1303,1274,1158,1750,961,1844,1212,1262,1964,947,1608,2180,1636,1893,1970,1197,808,1142,1511,1982,1732,2026,1968,896,1056
1247,1702,1112,793,1190,1558,1526,1473,1235,1399,1497,1477,1676,800,1769,1388,1140,1242,896,1300,1769,1920,1103,1848,1458,1980,2098,1493,2919,1131,1473,1510,1071,1479,1450,1221,1988,1082,1236,1180,1370,1702,1501,1202,949,1226,1542,1471,1236,1730,1226,1707,2897,1521,966,2009,2032,874,1694,102,1720,1810,1636,1698,781,1142,1196,949,1469,956,1278,1448,1240,1401,1701,1636,1244,1131,1416,1273,1157,1667,1531,1854,1178,938,1571,1386,1818,773,1173,1586,771,1234,1849,1449,1531,1662,1665,817,1489,960,903,1156,1450,1543,1225,1864,2293,1224,1299,970,1233,1230,1401,1464,1209,925,1166,1233,1769,1484,1640,1661,853,1253,1147,940,1205,1071,1599,1037,1393,1180,1657,772,2221,1428,1187,1334,1241,1222,995,1681,1188,1213,1699,1255,701,1277,1972,497,1111,1382,1130,1044,1204,1288,1264,1187,1645,1290,808,1423,1473,1175,1432,1749,1150,1346,1414,1515,1056,583,1462,1546,955,559,1696,96,1048,1293,1160,1715,1769,1028,1342,1395,1637,1335,1161,1226,815,1660,1805,996,790,1607,1152,1153,1269,1096,0,1195,983,528,1363,1547,1198,2117,1090,1865,1463,979,608,1213,1536,801,1050,1366,1061,1399,617,1651,1519,1741,1516,1420,1883,1767,1680,1532,1514,2100,467,1324,1681,1603,1245,2106,1257,1250,940,1753,1285,1155,1644,2104,1251,1253
1188,1483,1484,1063,979,1948,1167,1161,440,2434,1710,1159,2174,1295,1990,1159,1430,376,1802,1569,1990,938,1849,1565,1886,1334,2017,790,2729,1600,1677,1475,761,1563,1214,473,943,1263,1403,417,1390,995,1890,1024,1449,1363,1887,1676,1426,2057,457,1755,2241,1929,1238,2076,1817,1589,2012,1122,2176,1906,1712,1729,1557,107,851,1441,1397,1012,1497,1011,1997,906,2074,1073,1432,958,963,1451,977,2082,966,2400,1096,1439,1476,1152,1054,891,1364,1613,863,1654,1567,1672,1410,2043,1780,1593,1698,995,1330,977,1182,1591,550,1251,2083,1717,1586,780,442,1029,1082,1413,1359,1474,1138,1456,1146,1167,1210,1775,1440,1726,1091,807,1952,1972,896,1152,1160,796,2084,698,1501,1201,2075,1221,1725,1409,844,1172,978,2085,2072,1775,1057,1240,1978,1166,1097,972,1494,1480,973,1507,509,408,1423,1464,1584,1535,1404,1122,1005,982,1432,1169,1572,1468,739,1454,1988,1596,1808,1430,2071,1116,1230,438,1113,1008,1872,1000,1023,1186,1513,1563,852,1714,1587,2045,1146,1945,916,1976,1304,814,514,1876,1307,0,1587,1277,1187,1930,1050,2572,1997,1252,2216,1004,1342,445,1493,1440,1489,1248,1825,989,1473,949,1433,1123,1718,1366,1949,1154,1972,1803,1429,2019,1323,959,1943,1178,196,1879,1876,951,1703,1934,313,811,942,1881,1126,1163
409,1762,181,1502,1755,1308,1745,1497,1340,1821,1350,1695,1884,1806,1839,1805,336,1341,1205,1397,1839,1518,1169,1012,1344,293,1814,987,1516,1302,1309,1249,1155,1310,1326,1579,1357,1013,1317,1204,1555,1192,1276,1357,1929,1217,992,1309,1149,1614,1325,2079,1498,1328,1329,1422,1388,1025,1862,1189,1882,1885,1986,1999,1056,1451,963,1921,1110,1658,1202,1056,1578,1886,1927,1440,1388,1274,1770,1146,1227,2169,1749,1850,797,483,1161,1807,1622,1576,1334,1821,1605,1010,1016,1107,1601,1893,1317,1244,1104,1404,1834,796,1512,1055,1242,531,1534,2196,1762,687,1420,1129,915,1397,776,1954,1647,1487,1236,1832,1009,1584,1933,1362,1239,733,1377,1573,1093,1367,1302,1097,2042,1916,281,1404,1046,1489,1147,1363,1355,1053,1343,1726,1925,1481,1676,1206,1901,925,1471,1322,177,987,1452,1209,1272,1409,1303,1389,1035,1103,1122,1395,1128,1299,252,1843,953,1225,1593,1085,1317,1062,1568,1292,1924,1184,1195,1373,1388,1205,1297,1621,804,1105,1724,1265,986,1387,1264,1895,1010,644,1657,2124,930,1244,1277,1207,1187,1347,0,1776,1826,1287,1676,1504,1323,589,1119,1514,1841,1315,1258,1931,1199,1511,1347,1116,1063,1146,1363,1018,1334,1102,1309,649,1822,1264,1124,1837,1049,1842,1245,948,1314,1831,557,1414,352,1475,1284,1246,1139,1833,1697,1330
1117,1295,1741,1001,1471,1423,1511,1711,875,1386,1359,1463,1774,361,1815,1618,1703,882,1058,1159,1815,2137,1108,1393,1330,1632,1624,1146,2273,1020,1333,1389,1542,1348,1459,893,2023,967,1352,823,1379,1351,1367,2188,485,1103,1694,1102,1126,1871,960,1273,2722,1389,1175,1529,1621,770,1948,620,1776,1503,1237,1299,769,1122,1641,485,1103,2390,1140,1453,1245,1388,1891,1622,1369,1949,1402,1160,2014,1623,1517,2093,1248,1713,1187,1620,1804,440,1282,1242,437,1111,1683,1087,1110,1871,1540,805,1118,2158,439,1853,1683,1699,858,1520,1886,830,1475,1943,883,1235,1015,1104,1285,461,755,1367,1762,1470,1625,1536,287,1375,1152,1962,1210,1227,1252,1042,1402,845,1613,466,1769,1012,890,1616,1364,1342,549,1674,1193,1426,1900,1152,360,1139,1575,484,1653,1374,1751,1122,1485,952,900,827,1654,1420,796,1296,1338,1354,1424,1742,1707,1569,1046,1390,1514,827,1352,1704,1140,803,1886,614,1128,933,1339,966,1334,617,1168,1387,1223,993,1639,1348,803,1869,1798,2214,456,1517,1008,818,905,1084,686,1303,1861,0,1595,1411,799,2390,1239,1521,1391,621,65,947,1171,282,936,1649,1382,1391,863,1304,1143,1733,1139,1286,1424,1423,1795,1169,1376,1626,713,1310,1748,1588,1248,1632,2138,1420,1958,1610,1011,820,1297,1630,1429,1258
2146,911,1754,1919,647,1845,1001,199,943,1121,1419,1007,1197,1556,1006,204,1784,1144,715,2007,1215,1445,907,2222,1701,1415,1209,977,2856,1576,1411,1644,1484,1741,1550,2322,1483,1279,1725,1147,1470,1211,1782,1367,2017,1761,1863,1409,1689,1400,930,2012,3426,2160,2089,2345,1117,1183,1226,1347,988,963,2196,2258,1066,1190,1312,2009,1683,1582,1261,1532,839,1156,1001,1365,1701,1323,996,1447,1343,1169,1216,2029,1949,1777,1474,147,1164,1868,1342,1555,1866,1467,1839,1660,1066,1206,2267,1102,1712,1331,1800,1514,222,1837,1123,1224,1160,2090,1569,1844,2353,1314,1926,1647,1984,1822,2101,1629,1815,1021,1946,2263,1612,1430,1234,1499,1009,985,960,1122,1493,1119,1158,1864,1734,1115,1353,568,1405,1681,2034,1727,1273,358,1001,1380,1807,1258,1182,1619,1156,1322,1772,1507,661,1531,928,1115,1745,1771,1093,2005,1681,617,1744,1424,1792,352,1710,1380,1484,1379,1937,2220,773,1427,1004,1341,1252,1133,633,1211,1728,2108,1557,1307,1020,1558,1304,1674,1100,1000,1631,1523,1883,1132,1913,2180,1121,1004,1480,983,1512,1572,0,2219,2083,2414,802,1217,1316,1996,1632,930,1673,1562,1513,601,1161,1709,1238,1146,1436,1787,1746,1347,2230,1492,1226,1663,1732,1209,1173,985,1230,1113,999,1207,1855,655,1458,1980,1158,2182,949,1001,508,1333
1313,1284,1312,2317,2084,190,2067,1837,1765,1113,1389,2008,1727,1325,1682,1834,1094,1456,1545,683,1682,1454,1707,163,500,1117,1851,1287,1201,1779,1510,1588,1920,460,1428,1561,1406,1586,1353,1443,1201,1187,305,1131,1506,1066,320,1282,1336,1461,1773,1266,1184,448,2014,440,1733,1404,1899,1560,1726,1127,1053,1276,1395,1571,1952,1244,1420,1441,1619,1227,1562,2115,1778,1982,1343,1384,2093,1288,1323,1098,2060,1282,1258,1093,1199,1844,1803,1371,1665,950,1655,988,145,1435,1002,1733,1011,1648,1381,1182,1536,1614,2226,143,1681,1180,1879,1252,1891,1609,1824,1330,1303,1712,1177,1258,1178,1652,1268,2134,1161,862,1338,1431,1445,1368,1369,1868,1547,1451,1465,1312,1108,1567,1106,1419,1375,1753,1340,1518,1620,1064,1378,1783,1776,1549,1662,1794,926,1831,1930,1357,1311,1800,1731,1673,1451,1479,1438,1181,1372,820,1438,2025,1365,1307,1308,2280,1351,1546,2244,1594,1164,6,1598,1914,1775,1878,1786,1498,2021,1180,463,1492,1529,1126,1202,1687,1971,1555,1669,1735,1245,1052,1360,1136,1295,1366,1754,1440,1868,1598,1065,1705,1838,0,1488,976,1905,1174,1277,1577,1701,1465,1466,1360,1786,1768,1279,1133,1552,1542,1342,1287,1356,1650,192,1441,1666,1555,1342,1881,1530,1938,1555,1107,1596,1875,1725,1685,1005,1010,1500,1650,1546,1877,2044,1382
965,723,1508,1442,2300,1503,1578,2466,949,1484,1180,1528,1327,526,1270,2401,1455,956,1916,1175,1270,1575,1909,1463,1161,1389,1180,825,2523,2401,1150,1021,1622,1174,2280,1046,1469,2230,1168,898,2201,519,1437,1635,627,941,1220,1149,1186,1318,923,1145,2500,1214,1614,1351,1056,1446,1519,1607,1329,1046,783,845,1722,1172,1734,618,1154,1845,2182,1818,2054,1375,1368,1858,989,1404,1579,1012,1469,1157,1582,1573,2290,1464,1038,2397,1712,632,919,1152,661,949,1464,1137,582,1317,1660,1463,968,1686,678,1611,2457,1483,824,1275,1322,889,1124,1689,889,2048,2039,965,2147,655,552,1002,1696,1517,1680,1370,579,990,1971,1715,1894,2029,616,1852,2224,734,1147,927,1527,445,1505,2458,1190,966,617,1936,2165,2239,1366,1229,782,2176,1124,1024,1889,2178,1518,2148,2314,2240,864,999,2482,1026,1472,1363,1162,2099,2221,1864,1457,2306,2530,1228,1605,1813,1457,1487,1963,1861,1364,1601,2169,1067,2150,454,1402,27,2110,2189,701,2495,1723,974,1752,1319,1648,1969,713,1051,2031,712,869,1873,1217,1243,1611,750,2375,1232,0,2169,2054,1276,2002,328,743,911,1040,664,2169,2491,1993,2192,1672,654,1201,1778,987,1112,1505,1178,1246,1039,990,1182,1718,1513,1184,1643,1188,1293,1561,2220,1727,1176,1019,714,661,1295,2236,2079
1437,1629,1861,2485,2778,1035,1710,2414,2415,1811,1027,1410,1461,2285,1762,2911,1861,1994,2123,1383,1459,1529,2403,1202,1336,1580,1469,2207,1600,1133,1024,1147,2426,1303,1732,2103,1244,1381,1009,2392,1757,1729,1102,1128,2187,1160,982,1027,1060,1594,2424,1620,1590,1291,2580,732,1722,2393,1439,2130,1770,1506,1622,1963,2383,2540,2957,1808,1270,1161,1160,1587,2138,1769,1757,1551,1268,1191,1716,1217,1170,1485,1703,1091,1270,1863,985,2421,1514,1927,1332,1703,1924,952,1143,1070,1874,1453,1109,1943,1024,1403,1837,2139,2922,1231,2336,1684,1393,2191,1357,2130,2479,1670,1283,1329,1239,1823,2102,1389,1962,1687,1853,960,1905,1231,2125,2183,1946,2122,1824,2143,2136,2244,1804,2124,1564,2089,1953,2327,1053,1060,1895,1976,1713,2360,1456,1115,2335,1404,1499,2084,1258,1696,1855,1172,2305,1153,1991,2438,2107,1194,2355,1646,1057,2253,2054,1998,1847,2465,1206,1115,2362,2619,1119,1101,2175,2607,1759,2125,1167,2036,2716,1723,1260,2172,1122,2050,1553,1377,2469,1073,1959,1451,1939,1797,2313,1831,1282,1916,2407,2016,2557,2130,1816,1979,2915,1095,1796,0,2600,1679,1852,2251,1978,2004,1361,1928,1167,2827,1855,1704,2127,2200,1223,1982,995,1324,1037,1694,1441,1376,1224,1470,2105,1431,1616,1802,2126,1473,1318,2260,1463,1622,2035,1917,1825,1471,2739,2073
1585,2083,1267,1662,376,1584,2153,680,2152,2097,1399,2103,2225,1451,2295,698,1292,2159,673,1702,2295,947,570,1581,1439,1490,2370,2379,3156,1261,1150,1106,1208,1787,1558,2045,980,1229,1167,2278,1478,2340,1837,1351,1789,1196,1605,1387,1375,1103,2156,1778,3133,1527,1834,2030,2424,938,2240,1102,2272,2240,1965,2027,825,2101,1557,1781,1368,1060,1207,1541,122,2095,2241,2271,1387,1302,2063,1433,1098,2214,2155,1770,1378,1286,1466,628,1093,1678,1082,1274,1675,1205,1580,1114,2351,2201,1952,861,1397,1309,1693,1363,703,1905,2213,1271,928,1865,1281,1660,2074,1323,1358,1104,1698,1715,1857,1093,1713,2126,1844,1613,1505,1413,1242,1353,672,280,2366,1131,1501,2031,2204,1605,1253,1983,1050,534,1145,1367,1923,1625,1282,691,2239,1357,1612,1204,2325,1433,2302,1328,1282,986,390,1006,2249,2107,1755,1457,852,1689,1131,358,1378,1693,1567,781,1155,1123,1194,1177,1627,1906,395,1225,2236,1096,991,2210,297,2238,1771,1882,1324,1341,2202,1029,1286,1361,859,2199,1749,1610,1696,2154,1347,2014,2254,667,1292,2030,1598,1474,652,1577,1857,2153,0,1043,967,1905,1522,2145,1364,1453,1197,567,834,1345,1036,2393,1420,1686,1185,1087,1915,1287,2221,1355,1417,2372,971,1967,997,2001,920,2378,1599,403,1262,1666,2145,2016,2400,2376,463,1342
1008,1418,524,942,1166,1190,2246,1451,1017,2386,1091,2203,2131,1343,1929,1448,617,990,918,1714,1929,1953,2344,1132,1170,449,1974,645,2172,1236,1279,1191,1816,1400,1366,1243,1792,1156,1071,869,1083,850,1388,1895,1563,1007,1358,1279,1113,1994,998,1744,1780,1186,1244,1293,1753,2167,1950,1819,2133,1864,1668,1685,2078,1106,1954,1555,1301,2012,935,2494,1027,2283,2012,1873,1348,1628,2268,1358,1571,2038,2258,1601,1337,625,1382,1199,2055,1238,1058,1403,1267,1012,1135,1069,1263,1981,1387,2114,1303,1944,1498,944,1216,1407,899,42,1977,1832,1362,834,1088,1122,1372,1341,1316,1588,1294,1415,2577,2199,2356,1669,1608,1333,1241,863,2453,1026,751,906,1095,758,2042,1591,807,1055,2381,1202,1113,1093,1021,2610,2447,1368,2010,1420,1339,1132,1935,1677,1904,2644,534,924,1164,943,938,1083,1332,1368,2105,1150,1313,1108,1110,2550,621,1227,947,1175,1815,2003,1586,1415,1223,1979,2009,1813,927,1023,1101,863,1147,1307,1159,2692,1368,991,1923,1339,2109,1983,2529,993,1319,1932,1387,911,943,937,1873,1428,777,1444,1470,1417,1385,2028,1260,0,2854,1181,1509,985,1455,1606,930,1479,2845,1093,2027,803,1336,2659,1088,1277,1438,212,1910,1459,1330,1976,1877,2199,1681,2324,1282,1814,911,1362,747,1500,935,913,796,1816,1349,2544
1370,1934,1068,1558,1050,1284,1475,1317,1970,1402,1506,1427,1556,1571,1650,1240,1095,1977,1119,1348,1650,1699,424,1547,1141,1043,2049,2235,2812,1419,1448,1133,1480,1425,930,1986,1767,1926,1452,1892,848,2432,1474,2030,1875,1916,1306,1452,1554,1510,2028,1432,2309,1228,1098,1667,2221,984,1577,994,1600,1669,1757,1774,812,2002,1300,1867,1485,2163,1879,837,822,1404,1581,1585,1561,1985,1366,1413,2050,1534,1481,1790,1336,1088,923,1230,1767,1501,1284,1378,1499,906,1546,1334,2142,1542,1596,1007,1532,2079,1815,1209,1381,1542,1934,2608,1787,1949,1367,1472,1985,615,1312,1258,1368,1900,1946,1084,1022,1435,1151,1318,1627,1455,555,1207,360,834,2458,344,871,1893,1524,1554,1059,2073,810,1194,1558,1451,2048,934,497,1056,1579,1176,1434,1873,1769,1251,1616,600,1307,1881,1064,1936,1974,1925,1134,914,1016,1329,1457,1031,651,1003,1098,1190,1853,1179,1444,1338,1063,1278,879,1378,1576,988,1865,2028,1083,2323,1167,1967,1278,614,2003,1353,1574,1324,844,1540,1058,1125,1517,1474,1297,1868,1979,518,1255,1931,1351,1633,1216,1542,1942,2237,826,2609,0,2008,1697,2018,1344,1577,1865,1227,223,619,1197,2477,1454,780,1658,1280,1285,2511,1560,1195,1454,2051,1247,1275,1459,1310,1987,2057,1088,1071,1048,1313,2106,1870,2484,2055,1172,664
956,979,1748,1242,1915,1592,1842,2024,873,1739,1067,1790,1558,443,1511,2043,1711,880,1544,1035,1511,1819,1520,1282,1500,1640,1405,1154,2122,1171,1258,1114,1510,1253,1911,943,1713,911,1276,725,1816,886,1528,1977,384,1240,1288,1257,1073,1562,847,1165,2540,1560,1416,1425,1311,1192,1764,1008,1560,1282,1018,1080,1189,1067,1607,384,1046,2092,2407,2065,1683,1634,1609,2093,1080,1659,1844,1102,1727,1399,1844,2002,2419,1721,1127,1955,1959,323,1010,1505,352,1249,1283,1032,821,1556,1760,1225,1277,2027,338,1861,2103,1300,718,1528,1573,527,1219,1953,784,1668,2298,1276,920,360,441,1323,1942,1778,1932,1452,498,1080,1594,1970,1645,1656,790,1466,1839,626,1389,714,1776,698,1518,2068,1076,1276,296,2186,1618,1868,1608,1111,543,2400,1359,819,2124,1721,1758,2382,1929,2464,788,922,2115,1116,1216,1211,1053,1712,1776,2112,1715,1955,967,1340,1482,1208,1297,1305,1579,1184,1607,1002,2393,991,1788,672,1497,288,2356,1673,931,940,1607,1065,1223,1558,1894,2221,405,1293,2290,825,793,1478,1063,1140,1869,460,2019,1306,477,1864,1677,1529,2014,0,476,835,1369,581,2393,2101,2005,1741,1286,703,1310,2024,1300,1223,1320,1431,1489,1133,1304,1407,1078,1774,1435,1900,1085,1413,2145,1864,1971,1263,911,834,710,1411,1882,1701
1369,1247,1830,1069,1421,1715,1384,1664,950,1252,1115,1336,1727,313,1767,1570,1795,957,1007,1401,1767,2089,1062,1391,1599,1724,1577,1238,2756,1009,1321,1373,1448,1343,1425,971,1975,957,1340,936,1345,1134,1363,2241,432,1096,1693,1092,1115,1823,1077,1218,2733,1672,1244,1526,1572,715,1554,595,1729,1456,1191,1253,719,1199,1559,432,1092,2347,1127,1421,1198,1257,1862,1486,1355,1906,1269,1150,1971,1575,1390,2083,1040,1805,1177,1573,1668,528,1269,1224,525,1333,1681,1077,1063,1520,1534,755,1108,2114,386,1944,1632,1696,973,1610,1837,783,1454,2035,958,1203,1022,1093,1071,408,707,1119,1639,1334,1493,1847,375,1363,1121,2049,1164,1180,1344,1011,1368,933,1564,539,1989,964,846,1565,1119,1328,405,1551,1162,1379,1859,1139,448,933,1527,523,1517,1246,1840,919,1435,1137,1016,902,1620,1166,746,1290,1325,1303,1296,1621,1800,1523,1254,1375,1420,800,1341,1408,1087,776,1833,589,924,1008,1288,918,1329,572,974,1259,1176,1186,1545,1105,753,1518,1675,2312,544,1468,1014,906,1022,1034,660,1417,1950,88,1545,1409,752,2388,1193,1611,1347,477,0,1065,1158,370,1118,1598,1338,1263,837,996,1133,1616,1364,1054,1717,1513,1747,1395,1364,1578,687,1177,1699,1456,1362,1584,1102,1369,2052,1324,1086,908,1003,1582,1378,1227
931,1244,1281,1266,908,1786,2091,1099,107,2119,1271,2032,1960,1070,1764,908,1250,115,1957,1416,1764,2086,2008,1731,1717,1152,1811,600,2176,1424,1244,1605,1084,1721,1308,476,1972,1350,1519,167,1234,805,1430,2238,1234,1220,1731,1243,1547,1820,63,1499,2605,1460,1439,1586,1569,1761,2028,1072,1962,1690,1270,1513,1763,439,1209,1226,1251,2344,1321,2440,2151,2020,1859,1119,1286,1903,2079,1306,1968,1776,2084,2229,1188,1259,1607,2394,1097,580,1472,1776,552,1481,1436,1496,1215,1811,1640,1787,1261,2112,1081,1387,927,1458,310,1058,1834,1501,1442,1136,445,2142,968,1267,1224,1259,905,1582,2320,2014,2302,1974,1204,1284,1162,1161,2206,2126,706,1944,1031,557,1766,701,1316,962,1833,942,1283,1526,608,2556,2096,2230,1857,1598,737,1322,1762,825,1149,2292,1291,1304,2240,1331,228,127,1266,1593,1790,1394,1259,2115,2335,2496,1252,925,1399,1597,1074,1423,1501,1463,1979,1399,1856,1066,1084,207,2166,818,1412,764,911,2303,1324,1148,1174,1273,1793,1813,2272,1747,605,1670,965,501,233,2082,1294,605,1405,1038,1123,1769,809,2421,2151,1059,2334,764,1103,0,1627,1199,1087,1166,2325,2306,1641,758,1556,2402,1277,1474,1788,961,1745,1627,1283,1813,1491,2141,1697,2270,553,1640,1673,2236,1500,1761,217,498,751,1642,2252,2174
1691,1926,1246,1642,1525,1525,1272,1392,1350,1314,663,1224,1610,1326,1623,1676,1265,1627,1147,1497,1623,1537,995,1586,1175,1254,1965,1193,1830,725,648,339,1857,1205,1294,1425,1605,821,652,1613,1215,1101,1345,1559,1266,966,1703,652,705,1348,1632,1775,1813,1265,2091,1174,1696,1062,1359,1290,1654,1721,1806,1823,1034,1470,2310,1046,643,2001,942,1376,1118,1316,1635,1124,712,1834,1297,568,1899,1582,1278,1387,1104,1523,628,1692,1341,1202,487,676,1208,1108,1528,536,932,1596,1114,1219,688,1610,1287,1796,1392,1606,1542,1215,1625,1065,604,1489,1379,1203,1709,415,1112,1275,999,234,1486,1264,1263,965,1112,611,993,1820,955,1328,1423,1115,1238,1193,1598,1368,1255,1040,1014,1550,709,609,1429,1518,1247,1351,1633,330,1199,936,1969,1528,1072,1239,1252,1035,1270,908,1611,1358,1481,608,1227,963,615,1226,1596,1441,1259,1747,844,303,2183,1543,380,1444,1412,1273,1630,1552,928,1670,1479,1094,1334,1049,1117,1224,1856,661,1925,483,1022,1594,1448,1512,1196,1522,1701,1220,1335,1220,1272,1804,1519,1414,1385,1438,1256,1127,1129,1205,1295,1133,1398,1347,0,1352,928,1560,1413,1561,1234,1411,610,1554,774,586,1527,1489,1614,41,610,1967,1464,1107,1297,1225,1499,1973,1105,1228,1422,614,1393,1475,1415,1971,1500,1250
1320,1294,1869,1175,1527,1656,1662,1761,1070,1539,1073,1612,1747,84,1814,1674,1833,1077,1115,1110,1814,2136,1158,1621,1543,1761,1597,1277,2232,1170,1269,1327,1612,1295,1522,1091,2022,1105,1288,1119,1442,1182,1315,2185,346,1269,1633,1268,1297,1870,1158,938,2673,1615,1350,1478,1622,823,1921,756,1749,1476,1210,1272,820,1399,1726,346,1269,2388,1825,1507,1290,1540,1902,1784,1081,1947,1553,1338,2012,1594,1668,1681,991,1842,1370,1670,1966,606,1010,1196,603,1058,1622,1250,1110,1844,1797,856,1286,2156,300,1980,1739,1637,1057,1646,1888,803,1175,2067,1121,1289,1174,1271,1021,322,756,1081,1948,1615,1780,1483,112,1312,1206,2081,1259,1276,1087,1097,1465,972,1584,646,2026,1012,888,1675,1301,1278,605,1860,1248,1476,1900,1329,526,1819,1548,687,1815,1559,1880,2007,1541,1881,1096,1022,1717,1123,847,1244,1275,1407,1614,1929,1836,1621,993,1328,1597,965,1299,1359,1194,941,1895,750,1811,1128,1392,967,1548,617,925,1284,1223,1136,1713,1285,854,1842,1984,2352,622,1488,964,986,1102,1135,817,1468,1986,346,1650,1642,772,2329,1296,1647,1389,545,274,1145,1120,0,1811,1708,1380,1579,888,1053,1318,1921,1087,1223,1658,1549,1795,1118,1087,1599,844,1461,1750,1743,1413,1605,2277,1473,2092,1280,1251,988,1060,1603,1482,1310
1153,1488,1180,1722,1372,1269,935,1255,1315,1052,516,874,1174,1946,1207,1511,1205,1311,1181,1058,1207,1296,1727,1329,928,1188,1512,1120,1749,644,431,599,1593,958,1748,1412,1362,94,438,1296,1658,2035,1098,1103,1878,449,1440,435,601,1106,1090,1460,2090,1187,1519,1302,1545,1585,929,1288,1221,1260,1555,1572,1582,1209,1988,1870,415,1413,11,1016,977,837,1200,546,608,1585,961,460,1302,1316,926,1749,1345,1200,520,1525,661,949,264,1220,1151,656,1270,318,1476,1158,1482,1618,548,1154,1926,1216,1259,1353,1226,1136,1386,2082,1153,1471,1121,1313,1253,775,1400,1903,1728,516,1106,882,883,1332,2003,503,1430,1235,1640,1160,1103,1347,1681,1124,1152,1359,1190,1721,1815,1162,605,456,927,1138,1206,1455,1198,533,947,35,1510,1035,494,1148,1189,63,1379,117,1296,1098,1856,500,1609,867,433,1318,1206,1059,992,1579,386,530,1862,1072,847,1188,1231,1287,1195,1062,4,1356,1088,1863,918,1914,1516,1159,1421,368,1659,375,1612,1156,1068,988,1137,1225,1245,1163,1298,1820,1268,1233,993,1130,1253,1182,2463,1410,991,1124,1471,1913,926,1313,727,1949,0,1175,1462,1174,1028,2026,502,1174,674,241,1269,1157,1180,666,502,1514,1006,732,1058,848,1494,1520,1434,1097,912,1052,1132,1164,1096,1518,1337,1419
2143,2401,1453,1998,328,2142,936,432,1182,2418,1335,1140,1140,1616,962,451,1479,1186,946,1942,962,1147,880,1774,1961,1713,1158,991,2814,1475,1606,1268,1302,2013,1773,1141,1180,1201,1346,983,1683,1214,2066,1319,2074,1669,1799,1603,1312,1345,966,2078,3375,1715,2168,2257,1085,1253,1168,1419,1136,922,2271,2333,1136,1247,1385,2064,1310,1260,1183,1757,657,2417,955,1282,1597,1545,932,1645,1299,921,1138,1938,1907,1473,1677,380,1328,1915,1257,1425,1913,1390,1773,1559,1049,951,2166,1172,1612,1551,1859,1853,423,2135,1155,1489,1363,2150,1194,1868,1138,1536,1559,1276,1607,1881,2168,1518,2036,957,2164,2163,1671,1346,1459,1838,982,802,974,1354,1706,1139,1101,1937,1439,1111,1326,37,1593,1578,2093,1948,1506,470,955,1557,1855,1425,938,1674,1312,1667,1774,1414,332,1190,1162,1160,1973,1668,1163,1911,1307,422,1722,2024,1793,524,1343,1557,1297,1437,1512,1769,687,1485,959,1413,1419,1181,438,1214,1997,2167,1842,1534,998,1460,1379,1300,1170,1150,2072,1522,1928,2414,1548,2237,1162,977,1535,1033,1825,1605,386,2135,2142,2341,619,1224,1291,2048,1669,965,1292,1621,1419,0,1134,1687,1296,961,1352,1801,1363,1263,1775,1245,1170,1550,1630,1158,1231,1112,1198,2319,1049,957,1836,467,1453,1554,999,2239,1162,1158,411,1562
1367,1962,1286,1655,868,1553,1493,1164,2394,1418,1531,1445,1568,1378,1662,1181,1318,2401,928,1117,1662,1729,277,1283,1143,1040,2066,2487,2812,1450,1480,1163,1219,1428,961,2436,1797,1944,1484,2343,880,2228,1477,2061,1674,1938,1579,1484,1580,1540,2368,1663,2309,1230,1827,1383,2298,786,1588,1095,1612,1689,1852,1914,603,2094,1294,1666,1510,2193,1897,868,623,1420,1594,1603,1587,2011,1384,1438,2076,1549,1499,1486,1335,1085,926,1112,1785,1812,1316,1432,1810,1098,1282,1366,2238,1555,1600,813,1556,2110,1620,1455,1187,1545,2278,2860,1817,1748,1399,1467,2342,646,1311,1283,1132,1699,1743,1114,1038,1452,1167,1322,1432,1480,585,1452,211,610,2255,374,903,2188,1539,1862,1056,1864,613,1012,1584,1476,1850,950,527,1079,1592,1206,1748,1891,1789,1280,1634,622,1303,1899,882,1954,2313,2445,1163,1109,822,1332,1482,853,669,1019,1322,1214,1881,1209,1437,1363,1289,1280,691,1411,1589,1089,1883,2512,898,2136,1412,1766,1277,634,2081,1385,1297,1349,636,1553,1074,1355,1832,1489,1073,2129,2318,370,1284,2024,1115,1472,1133,1545,1740,2240,642,2861,143,1838,1520,2357,1354,1380,1883,1045,0,637,1222,2280,1479,795,1675,1312,1555,2763,1573,1225,1479,2068,1157,1292,1489,1326,2078,2074,1085,892,1263,1317,2466,2131,2287,2072,988,691
1352,1673,1072,1203,1045,1138,1136,1201,1965,1024,1194,1074,1309,1603,1404,1136,1326,1972,1369,1002,1404,1278,646,1380,986,1054,1679,2336,2223,1328,1128,825,1349,1029,595,1868,1344,1106,1131,1891,520,2091,1075,1601,1895,1453,1171,1132,1241,1088,2029,1260,2663,1302,1079,1487,1427,1198,1328,890,1356,1426,1504,1519,1047,1174,1715,1887,1174,1740,1060,387,1017,1030,1336,1212,1248,1566,998,1098,1634,1292,1126,1586,1244,1319,1154,1132,1394,1496,970,1086,1494,1632,1378,1019,1925,1294,1159,1035,1218,1652,1846,1501,1198,1369,1935,916,1368,1971,1068,1252,1980,157,1222,946,1055,1920,1790,775,651,1056,780,1156,1658,1143,285,1246,581,1000,2125,251,543,2255,1282,1418,1289,1783,838,1189,1245,1140,2080,563,61,952,1334,859,1429,1054,1526,1246,1243,53,1310,1513,1059,1116,1974,1920,800,1136,1045,1140,1146,1032,31,624,1327,1082,1386,862,1314,1231,872,1134,813,1279,1331,884,1046,2023,1017,2008,1228,1990,1198,38,1746,1045,1425,1013,1082,1292,687,1352,1512,1232,998,1863,1979,739,1250,1194,1347,1325,1112,1368,1965,2058,1012,905,391,2036,1373,2018,1006,1609,1046,1222,382,0,1090,2081,1142,601,1339,968,1376,933,1316,889,1144,1681,1141,905,1040,939,1207,1687,1055,1113,1039,1113,1940,1865,2088,1685,1106,66
1604,1971,1001,1129,1101,1562,1733,1391,1431,1608,1215,1683,1886,784,1967,1309,1026,1437,815,1597,1967,2122,889,1860,1752,962,2277,1703,2467,1104,1198,1463,1435,1476,1407,1429,2183,1059,1214,1355,1327,1912,1503,1017,1069,1466,1878,1444,1208,1920,1439,1693,2448,1520,1304,2013,2309,777,1901,575,1933,2156,1881,1943,746,1600,935,1069,1191,1174,1036,1402,1001,1606,1910,1848,1469,1162,1621,1248,1188,1883,1737,2215,1476,1231,1276,1304,2030,975,1383,1509,973,1476,1541,1417,1780,1869,1996,782,1460,1185,1023,1273,1371,1871,1405,2070,2575,1469,1497,1289,1448,1184,1204,1427,1513,1045,1426,1195,1686,1683,1817,1991,837,1483,1102,1039,991,985,1809,992,1350,1375,1873,1008,984,1568,1176,1245,1465,1444,1192,1598,1143,1127,1908,1472,902,1250,2232,710,1879,1197,1017,1234,1115,1261,1442,1386,1602,1266,773,1414,1193,1088,1649,1294,1033,1262,1160,1472,1407,124,1730,1552,869,172,1905,569,1240,1491,1073,1925,1463,1292,1158,1182,1900,1304,933,1446,780,1867,1501,1298,992,1823,1195,1351,1447,1061,571,1534,1283,741,1283,1874,1438,2569,1003,2071,1299,1240,816,1429,1490,785,1241,1278,1143,1614,0,1861,1489,1659,1234,1387,1564,1973,1890,1229,1230,2279,125,1527,1883,1809,1582,2285,1335,1169,1225,1432,1569,1353,1854,2283,1162,1208
1294,834,1054,1666,2206,1559,1683,932,629,1718,1311,1633,1591,1043,1372,930,1003,628,1937,989,1372,1679,1981,1247,1232,918,1255,374,2455,1203,1058,1389,1380,1236,1157,813,1573,1128,1294,484,2278,338,1241,1741,943,1245,1249,1057,1097,1422,611,1201,2014,1535,1838,1398,1168,1735,1620,1406,1409,1218,1104,1130,1762,757,1490,934,1288,1944,1099,2045,2124,1614,1470,1961,1102,1508,1687,1353,1574,1379,1687,2000,1728,1012,1382,1123,1819,807,1036,1309,836,1037,1249,1274,705,1420,1450,1499,1298,1792,994,1148,948,1535,519,809,1434,1206,1277,1224,654,2118,1847,1085,1707,971,588,1366,1936,1621,1912,1445,1178,1099,2042,1260,1928,2099,36,1919,1102,113,1370,1161,1074,486,1543,938,1327,1079,581,2167,2243,2210,1469,1143,904,1100,1313,1251,1993,2184,1064,2251,2220,918,552,693,926,1368,1508,1204,1298,2095,2237,2093,1007,957,1171,1379,1351,1599,1316,1276,1959,1575,1468,1400,2269,658,2146,351,1223,453,1694,2195,816,1166,1475,1090,1792,1423,1889,1512,889,1274,1862,475,557,2058,1465,1000,1163,1012,949,1277,506,1822,2124,810,2038,635,1077,598,1168,1173,2269,1161,2029,2208,1620,0,1331,2019,1318,1252,1292,712,1350,1411,1098,1236,1470,1755,1297,1881,953,1230,1443,2216,1268,1534,569,477,7,1232,2232,2150
1516,1856,1355,1633,1317,1263,1298,1440,1289,1238,66,1250,1543,1064,1555,1735,1140,1552,1417,1085,1555,1460,1240,1324,922,1135,1893,1358,1677,651,184,548,2163,952,1596,1372,1407,754,56,1537,1511,1028,1092,1132,1005,443,1435,188,253,1270,1291,1696,1660,1181,1725,1294,1617,1067,1291,1539,1587,1650,1940,1953,1261,1701,2224,1002,280,1442,875,1308,1162,1243,1566,1057,260,1386,1323,250,1325,1506,1304,1554,1370,1372,323,1750,1274,1154,417,1174,1398,650,1265,306,1821,1527,1286,1229,72,1183,1025,1370,1443,1347,1215,1347,1551,1230,1107,1370,1599,1501,1275,746,1423,1224,1144,514,1495,1274,1272,1137,1302,15,1275,1681,984,1145,1342,1397,1534,1366,1527,1332,1134,1181,1237,1619,257,385,1366,1527,1596,1683,1564,475,1392,869,1897,1243,1005,1537,1128,968,1323,841,1274,1570,1749,303,1024,861,302,1275,1605,1450,1368,1494,412,472,1738,1542,634,1184,1208,1271,1561,1269,861,1324,1272,1021,914,1210,1538,1548,1792,591,2240,422,1246,1525,1457,1122,1384,1446,1267,1166,1541,1265,1258,1731,1129,1381,1734,1178,994,1013,1176,1106,1865,1084,1369,1288,669,1091,861,1633,1856,1570,1233,1102,0,1563,185,511,1265,1368,1545,616,14,1895,1211,1117,1223,1235,1437,1901,967,1279,1050,839,1332,1409,1336,1899,1559,1549
1513,1275,975,1193,1405,1295,768,1565,2131,648,1583,707,934,1623,1035,1478,1001,2138,1454,917,1035,1346,916,1294,1122,958,1295,1936,2580,1440,1496,1110,1295,968,894,2232,1413,1178,1500,2081,812,1701,1009,1674,1461,1524,1325,1500,1674,1157,2105,816,2117,1227,1299,1169,1563,1471,954,1244,981,1057,1110,1127,1309,912,1363,1453,1480,1809,1131,404,1282,650,961,832,1681,1636,616,1532,1704,911,759,1543,934,995,1601,1476,1014,1792,1332,1379,1789,1702,1292,1382,1536,919,1112,1291,1608,1725,1509,1391,1540,1287,2014,2384,1719,1668,1345,1160,2080,516,1105,1236,959,1486,1397,1061,108,677,392,1109,1701,1575,567,1156,851,1299,1728,541,835,1855,901,1842,971,1387,1098,1549,1678,1527,1804,126,391,1288,959,1597,1728,1125,1154,1545,863,332,988,1133,1419,1188,2050,2182,1098,1583,1301,1938,1498,1382,399,239,1002,1439,1454,1594,1256,1584,1158,1288,1168,1632,956,1238,1117,2249,1367,1612,1153,1591,2006,343,1348,1441,1654,1444,1342,917,212,1022,1812,851,1918,1903,2055,1009,1541,930,1229,1569,1453,1066,1787,1641,1305,2385,669,1580,1670,2094,1792,1885,1117,1582,660,364,1444,1706,1574,0,1767,1323,1297,2287,941,1172,1574,1297,1489,520,1109,555,940,1303,955,1448,941,1377,2139,1905,1773,1301,1457,562
1228,1815,1099,1632,1603,1246,1256,1750,1544,1228,379,1208,1499,1279,1516,1445,1116,1274,1424,1182,1516,1450,1249,1306,905,1344,1847,1343,1650,641,492,494,1778,935,1617,1363,1505,706,76,1524,1529,1225,1075,1235,998,425,1418,496,199,1260,1547,1799,1632,1164,1724,1279,1607,1069,1250,1272,1543,1600,1891,1904,1047,1397,1828,1202,372,1541,831,1299,1415,1234,1525,1013,206,1489,1281,202,1428,1496,1262,1517,1465,1344,279,1760,1230,1146,368,1115,1388,634,1248,386,1778,1484,1244,1020,339,1282,1018,1628,1452,1330,1454,1326,1541,1011,1048,1348,1587,1492,1370,693,1520,1007,1134,460,1451,1227,1228,1095,1296,329,1292,1655,1197,1154,1099,1430,1551,1120,1481,1601,1342,968,1241,1632,203,470,1356,1483,1551,1693,1523,421,1145,825,1850,1497,961,1493,1105,920,1333,793,1263,1289,1782,258,1240,798,390,1285,1561,1406,1340,1815,517,418,2083,1278,594,1167,1469,1271,1520,1267,817,1313,1282,1008,897,1201,1633,1504,1751,543,2225,567,1035,1482,1413,1098,1138,1436,1362,1156,1528,1055,1256,1422,1105,1376,1446,1161,1192,1201,1431,1314,1821,1076,1130,1543,615,1312,817,1646,1812,1526,1490,1091,328,1519,0,501,1248,1346,1504,562,328,1849,1463,1072,1213,1190,1425,1855,941,1557,1240,796,1595,1157,1095,1853,1570,1541
1246,1796,1318,1873,1228,1364,1122,1632,1476,1148,295,1060,1479,987,1498,1628,1110,1471,1086,1090,1498,1370,939,1424,1022,1329,1833,1280,1738,813,196,653,2085,1052,1787,1302,1436,596,201,1457,1697,965,1192,1139,931,550,1534,200,383,1180,1224,1600,1720,1281,1642,1393,1522,981,1228,1193,1524,1576,1630,1647,1157,1620,1779,1121,169,1449,629,1219,1297,1153,1505,991,390,1392,1147,340,1331,1415,1111,1853,1373,1106,400,1643,992,1081,543,1271,1312,707,1365,70,1758,1463,1579,1125,327,1190,950,1334,1354,1448,1148,1289,1460,945,1205,1613,1254,1418,1279,872,1426,939,1920,640,1317,1091,1094,1428,1001,302,1475,1636,1848,1276,1046,1557,1720,1285,1460,1256,1101,1100,1133,1512,387,210,1281,1349,1416,1576,1503,601,1080,803,1826,1405,939,1359,1325,810,1235,575,1206,1232,1943,380,1133,960,187,1186,1421,1272,1333,1405,418,598,1675,1440,726,1282,1352,1187,1500,1188,795,1517,1184,1157,1013,1122,1542,1370,1731,714,1792,247,945,1461,1279,1096,1074,1355,1271,1096,1459,959,1176,1649,1331,1065,1627,1276,921,1096,1313,1057,1683,1012,1273,1220,795,1013,795,1526,1674,1388,1149,1037,380,1385,493,0,1365,1310,1485,717,380,1833,1127,940,1132,1056,1655,1839,1146,1438,1234,931,1265,1324,1257,1837,1202,1464
1335,1077,1334,2332,2094,2,1958,1846,1477,1126,1260,1899,1767,1616,1722,1842,1343,1472,1554,721,1722,1491,1422,280,371,1371,909,1573,1205,1648,1380,1452,2338,326,1433,1576,1443,1472,1221,1458,1455,1202,170,1169,1260,938,411,1153,1203,1498,1791,1061,1435,316,2448,313,1770,1709,2108,1573,1765,945,1066,1070,1405,1917,2378,1258,1291,1479,1505,1235,1570,2003,1817,1868,1210,1422,1984,1155,1361,1112,1951,1200,1203,1342,1071,1853,1669,1386,1551,946,1385,866,231,1306,1017,1772,924,1375,1252,1220,1553,1355,1852,313,1700,1197,1916,1266,1769,1631,1526,1107,1328,1594,1122,1536,1191,1524,1058,2025,969,775,1632,1302,1202,1674,1378,1878,1296,1209,1218,1603,929,1581,1358,1190,1385,2127,1207,1389,1356,1293,1148,1792,1815,1416,1390,1680,1134,1529,1816,1131,1103,1686,2100,1559,1771,1494,1195,1053,1669,693,1309,2035,1137,1089,1330,1897,1219,1413,1875,1606,1042,90,1940,1596,1814,1568,1672,1513,2031,1196,328,1249,1474,1368,1010,1555,2400,1426,1681,1774,1255,1070,1375,1150,1319,1380,1773,1449,1559,1614,1084,1720,1846,84,1246,1026,1585,1191,1552,1594,1421,1480,1348,1373,1672,2144,1287,1140,1888,1561,1212,1074,1226,1508,0,1462,1705,1437,1212,909,1541,1820,1590,1117,1612,913,1687,2045,1023,887,1830,1381,1296,1100,1701,1151
879,1262,477,1144,1187,1209,2107,1219,865,2143,1118,2057,1979,1330,1782,1469,609,849,1134,1517,1782,1608,1116,1151,1441,402,1830,494,2172,1270,1086,1219,1673,1181,1400,1097,1447,984,1325,719,1342,699,1170,1845,1396,1033,1379,1086,1140,1838,847,1582,2150,1207,1249,1585,1590,2029,2053,1695,1981,1709,1515,1530,2019,963,1801,1388,1104,1962,1163,2464,1268,2044,1877,1529,1380,1578,2104,1151,1521,1800,2109,1623,1332,617,1414,1469,2235,1084,1085,1432,1113,1253,1154,1324,1109,1836,1410,2055,1335,1894,1444,737,1491,1431,749,145,1856,1666,1391,865,942,957,1322,1138,1311,1421,1142,1200,2339,2039,2326,1404,1469,1365,1275,894,2346,1266,600,933,1357,611,1790,1451,824,904,2243,1222,1140,1120,875,2580,1120,1151,1875,1453,1193,1166,1781,1537,1560,1102,487,1149,1430,1172,788,930,1366,1400,2046,1174,1115,1128,1144,2520,614,1244,972,1202,1672,1879,1618,1438,1033,1855,1874,1689,1154,882,1121,712,1411,1157,1109,1116,1222,1019,1774,1136,2050,1799,2291,943,1165,1694,1337,765,793,1161,1751,1290,770,1311,1235,1193,1229,2046,1066,146,2720,1035,1376,835,1233,1469,958,1503,2711,1127,1903,652,1133,2421,1114,1085,1210,0,1763,1236,1128,1832,1753,2169,1336,2294,1143,1658,861,1387,700,1530,794,767,645,1660,1374,1105
937,682,1357,1057,918,2207,422,1010,1673,417,1434,359,131,1173,151,1007,1400,1679,1806,1640,151,716,1249,2324,1841,1385,242,1422,1845,1314,1347,1492,1187,1876,1256,1783,622,1029,1351,1619,1177,1208,2021,889,997,1364,1883,1351,1526,465,1649,637,1826,2094,1392,1187,825,1402,46,1340,129,379,679,696,1397,1899,1242,988,1331,1018,982,823,1598,466,97,681,1533,850,409,1384,922,519,411,1431,1414,1321,1447,1225,516,1367,1183,2115,1396,1538,2301,1233,747,144,1194,1576,1459,940,1048,1386,1231,2288,1551,1627,906,1200,2049,1512,1616,1116,1235,1644,1540,1025,926,1402,915,340,692,984,1292,1426,955,1540,1184,1590,1223,1066,1200,1344,460,1642,1261,907,1381,950,1530,1378,1355,947,1008,1146,95,1456,1483,976,494,1399,712,950,1392,984,1112,1039,1589,1726,1456,1427,1585,1776,1349,1622,1008,861,1369,1276,1296,1453,1137,1543,1779,2124,1468,1519,92,1334,968,1787,1675,1080,1829,1118,1304,972,620,1258,1254,1295,1429,109,876,1305,1448,605,1170,1431,1585,1326,1402,1956,1337,1578,1015,2125,1125,1741,1569,1902,967,1106,1565,1629,1627,1465,950,969,958,976,1552,1252,1381,979,1544,1175,2073,1778,0,1517,1386,228,1402,722,609,664,1903,222,975,1663,1311,1983,1620,1433,1246,224,1679,1034
1408,1874,1511,1638,1254,1473,1244,1671,1631,1270,566,1176,1602,1323,1588,1667,1535,1347,1377,1389,1588,1475,989,1450,1092,1259,1925,1194,1842,681,574,280,2243,1114,1220,1425,1521,771,549,1613,1120,1103,1244,1457,1047,916,1603,578,608,1271,1631,1750,2204,1345,2086,1133,1604,1058,1346,1553,1646,1673,1762,1779,1242,1470,1913,1262,535,1904,915,1322,1341,1271,1621,1082,615,1709,1272,457,1768,1535,1224,1197,1115,1530,513,1393,1298,1201,404,668,1458,1096,1382,454,934,1585,894,1005,598,1502,1285,1802,1672,1480,1277,1218,1554,1064,564,1494,1379,1130,911,310,930,1054,1205,174,1449,1222,1226,744,1340,501,916,1512,948,1092,1424,1078,1143,1442,1565,1650,1522,1041,1218,1539,612,501,1428,1481,1165,1343,1619,110,1198,909,1933,1262,1030,1157,1258,981,1524,854,1611,1640,1380,493,1221,883,507,1472,1590,1419,1528,1738,753,109,1808,1537,342,1424,1403,1533,1616,1548,902,1670,1469,1096,1239,1266,1127,1147,1814,608,1925,375,1017,1583,1405,1258,1443,1477,1609,1473,1335,1003,1269,1493,1526,1411,1377,1418,1255,1139,1122,1208,1251,1368,1155,1347,180,1350,902,1283,1325,1553,1485,1169,495,1508,675,555,1475,1493,1604,0,500,1927,1459,1075,1226,1191,1499,1933,1112,1220,1429,546,1394,1474,1172,1931,1234,1173
1511,1832,1349,1629,1315,1331,1212,1736,1551,1233,53,1135,1554,1060,1546,1434,1135,1547,1170,1023,1546,1432,1024,1308,952,1365,1877,1120,1676,643,156,611,1786,974,1567,1368,1477,722,191,1268,1459,1235,1104,1079,1208,497,1461,160,377,1226,1287,1714,1658,1205,1722,1335,1562,1063,1305,1534,1598,1622,1909,1923,1041,1404,2218,998,274,1373,871,1286,1401,1232,1571,1038,384,1364,1230,325,1310,1498,1183,1813,1302,1367,381,1747,1254,1149,467,1311,1153,688,1240,299,1799,1535,1511,1014,59,1128,1021,1365,1440,1338,1462,1111,1513,1014,1161,1649,1594,1494,1242,754,1361,1219,1139,511,1409,1178,1186,1360,1298,47,1242,1387,1186,1380,1107,1403,1482,1361,1518,1328,1129,974,1233,1338,381,379,1361,1441,1521,1679,1569,664,1148,865,1885,1239,986,1464,1123,932,1321,805,1533,1565,1702,361,1233,893,296,1537,1551,1381,1128,1801,371,661,2093,1273,707,1282,1205,1267,1566,1528,858,1319,1534,1227,946,998,1508,1475,1775,559,1850,416,1242,1533,1365,1117,1379,1440,1233,1161,1535,1045,1254,1725,1357,1139,1434,1276,1196,1014,1173,1101,1755,1080,1129,1550,858,1313,858,1350,1746,1514,1485,1326,364,1468,552,516,1333,1362,1554,670,0,1879,1207,1035,1185,1151,1730,1885,962,1277,1045,911,1603,1162,1330,1883,1556,1540
918,492,1184,1024,907,1097,630,1202,1464,683,1661,541,287,1091,483,1198,1210,1474,1921,1457,483,588,1507,2170,2059,1228,1,1228,2241,1425,1579,1703,1146,2090,1578,1580,478,1258,1572,1424,1470,954,2228,717,908,1588,1848,1583,1742,352,1450,460,1837,2218,1119,1224,700,1418,332,1495,289,221,517,535,1527,1592,1450,899,1555,917,1211,967,1794,630,322,875,1749,676,556,1594,741,434,577,1223,1226,1212,1661,1207,822,1215,1406,2372,1244,1762,2155,1457,518,368,1025,1305,1689,768,959,1265,1214,2154,1359,1465,790,1049,2398,1361,1417,1300,1069,1837,1309,936,759,1598,1069,503,846,1020,1165,1636,1253,1375,1446,1813,1022,1317,1493,1153,375,1539,1173,735,1314,1135,1747,1600,1152,1101,1170,933,320,1676,1366,1206,327,1681,925,1113,1214,1211,909,1269,1395,1522,1779,1644,1314,1991,1574,1875,1189,1030,1200,1256,1535,1673,1096,1690,1996,2041,1714,1681,317,1489,1199,1593,1860,897,2040,947,1166,1124,458,1505,1465,1516,1555,332,1025,1198,1294,439,1059,1249,1399,1617,1595,1779,1231,1346,1001,2047,924,1775,1862,1714,1253,925,1334,1438,1871,1229,1199,959,1244,1156,1733,1074,1630,1128,1833,1405,1098,1590,292,1764,1635,0,1547,872,497,813,1720,6,861,1926,1197,2221,1429,1251,1067,4,1961,1320
1314,1877,988,1111,1034,1860,1689,1336,1371,1575,1193,1626,1848,716,1920,1251,1012,1381,750,1571,1920,2082,811,1518,1725,1146,2094,1652,2448,1306,1419,1437,1380,1756,1329,1434,2121,1252,1192,1579,1227,1870,1481,996,1008,1439,1851,1174,1186,1866,1444,1516,2933,1809,1286,1644,2211,673,1896,537,1895,1953,1701,1763,653,1601,942,1008,1168,951,1224,1320,884,1569,1868,1825,1442,941,1585,1481,1162,1849,1677,1812,1453,1215,1514,1248,2026,942,1123,1486,940,1449,1834,1391,1789,1831,1969,689,1187,1159,962,1262,1335,1527,1507,2065,2476,1480,1473,1278,1393,1086,1184,1159,1233,984,1379,1417,1580,1648,1729,1964,784,1456,1023,1030,907,916,1752,860,1250,1338,1839,991,971,1520,985,1175,1438,1173,1223,1491,1018,1077,1866,1446,878,1223,2024,671,1875,1095,1211,999,1046,1234,1547,1332,1526,1502,680,1392,1171,958,1496,1350,1020,1205,1138,1445,1375,209,1410,1530,802,241,1863,531,1004,1431,943,1883,1440,1244,1376,1080,1911,1277,1137,1419,684,1829,1411,1281,967,1791,1419,1314,1553,918,533,1525,1267,713,1225,1848,1357,2542,929,2066,1216,1166,811,1433,1212,728,1215,1208,1207,1460,204,1802,1462,1589,1211,1361,1862,1942,1852,1208,1458,2096,0,1497,1832,1772,1551,2102,1315,1034,1207,1702,1509,1316,1796,2100,1042,1106
1318,1203,1417,1357,1705,2039,476,984,1890,357,1280,388,560,1435,639,980,1442,1901,1493,2004,639,957,1193,2014,1649,1452,859,1670,1915,1088,1193,1347,1325,1679,1198,1993,1011,882,1187,1850,1098,1458,1814,1249,1268,1191,2025,1197,1359,1159,1869,830,2290,1905,1216,961,1312,1108,626,1028,607,599,886,903,1135,1132,1384,1260,1176,1394,834,512,1464,159,586,488,1366,1196,154,1213,1260,674,361,1108,1822,1431,1274,1196,689,1343,1028,1684,1341,1355,1945,1078,1207,546,1120,1171,1306,1294,1315,1272,990,2032,1775,2157,1542,1412,1744,1059,1836,845,1591,1487,1708,1293,1183,1260,612,247,388,1115,1530,1254,894,1064,1133,1494,1459,835,1121,1592,504,1404,1399,1159,1363,1846,1363,1218,1569,644,709,929,584,1303,1285,828,860,1081,538,652,1448,834,1717,892,1814,1942,1399,1254,1162,1586,1194,1616,730,569,1431,1034,1141,1300,1544,1232,1610,1990,1454,1223,581,1022,821,2014,1601,1363,1640,1374,1637,663,1148,1129,1395,1134,1165,544,568,1409,1369,573,1580,1666,1820,1303,1124,1159,1441,1123,1190,1984,1821,1729,1497,2160,944,1340,1238,1859,1497,1479,821,921,935,696,1233,1509,1248,671,1408,1028,2041,2036,570,1407,1253,862,1083,0,726,351,1166,868,1095,1686,1425,1835,1892,1668,1503,866,1702,901
652,904,712,1157,1144,1614,860,1221,1496,1159,1298,778,917,1617,890,1471,736,1506,1100,1471,890,614,1988,1640,1669,751,1188,1174,1969,1232,1212,1348,1371,1699,1794,1977,495,900,1206,1372,1682,1344,1834,733,1450,1210,1234,1216,1377,659,1493,1524,1611,1768,1513,915,348,1707,890,1646,915,1137,1177,1239,1740,1647,1418,1442,1194,934,852,1212,980,1252,1007,505,1384,584,865,1231,662,1256,826,1196,967,735,1292,1478,706,1612,1046,1256,1641,1374,1626,1096,1019,926,985,1796,1324,784,1497,800,1232,1644,1758,989,338,1595,993,894,1818,1426,792,1467,969,1474,1165,1241,1306,1127,1083,979,1689,1272,1475,908,1902,971,1440,1798,1705,1271,1197,1978,695,1141,1801,1178,1381,1236,1551,1338,1412,1156,1005,1321,1785,846,1216,1701,555,1356,743,852,1383,910,1434,1571,2040,1272,1767,1605,1212,1311,1432,1273,726,1524,1160,1318,1300,1841,1629,1365,991,1832,1004,1640,839,1638,1304,1288,1659,1356,578,1367,846,1147,1439,1152,1768,890,1262,868,1692,1252,807,1648,1439,2098,1747,1358,903,1713,1485,1371,1361,1338,1204,1042,1728,1322,1688,1480,1515,1754,839,1446,1719,1399,1846,1490,1266,1365,1426,1046,1611,912,850,1406,1271,1148,1696,933,0,1048,1292,1142,389,1101,729,1858,1482,1650,1484,1144,1327,1470
1410,1076,1102,1327,1578,1115,834,922,1712,441,1520,752,716,1387,785,1109,937,1723,1424,1980,785,1049,1063,922,1826,1536,906,1708,1994,1243,1434,1510,1342,1854,1079,1780,1092,1072,1427,1872,979,1491,1991,1331,1288,1363,948,1438,1604,839,1891,855,1975,2080,1190,1020,1243,1033,770,954,763,822,914,931,1060,1152,1696,1280,1413,1475,1024,380,1426,432,735,927,1611,1276,744,1456,1332,715,857,1143,1938,1125,1520,929,1128,1274,1264,1551,1272,1531,1112,1315,1251,697,971,1454,1547,1376,1335,1112,1120,917,1799,2195,1474,1432,1596,1118,1859,717,1743,1643,1820,1312,1210,1415,473,739,249,1168,1458,1496,769,1354,1001,1458,1491,706,1000,1626,705,1374,1101,1187,1250,1717,1608,1458,1592,505,580,1466,733,1539,1214,1018,903,1006,977,522,924,1206,1588,1082,1836,1674,1278,1502,1087,1760,1431,1487,601,439,1131,1176,1304,1536,1298,1158,1360,917,1331,1149,730,948,1011,1772,1472,1395,1813,1401,1753,533,1156,1319,1708,1374,1090,695,429,950,1297,657,1732,1631,1842,1171,1049,975,1145,1047,921,917,1839,1492,1469,2198,812,1363,1160,1880,1734,1405,1011,1750,803,567,1159,1541,1490,532,1692,1261,925,2074,720,1570,1495,908,1009,609,807,0,1187,914,1176,1551,1505,1580,1932,1633,1535,912,1570,776
1173,1452,1530,1304,995,1946,1174,978,521,2527,1420,1166,2124,1417,1941,1179,1499,494,2024,1566,1941,1135,2034,1887,1562,1425,2062,861,2717,1329,1681,1480,959,1563,1480,524,944,1530,1698,546,1163,1076,1889,1235,1379,1648,1560,1391,1728,2012,520,1750,2232,1928,1476,2074,1788,1790,1945,1343,2126,1920,1738,1755,1757,44,1080,1371,1691,1223,1502,1021,1096,912,2028,1301,1436,957,1170,1455,1178,2122,1173,1988,1090,1512,1479,1172,1277,1154,1369,1958,1009,1656,1565,1388,1484,1977,2150,1793,1702,1201,1426,1214,995,1920,606,1340,2050,1657,1924,1007,493,1040,1300,1712,1352,1403,1138,1461,1158,1173,1220,2144,1513,1433,1332,1057,2134,915,960,1165,1415,889,2100,740,1614,1190,2041,1027,1730,1413,918,980,1194,1106,2026,1781,1151,1503,1991,1205,1330,982,1540,1230,1195,1252,574,460,1437,1772,1784,1855,1408,945,1226,992,1507,985,1303,1779,959,1664,1993,1926,2026,1655,1930,1337,1234,513,938,1089,1550,999,1018,1199,1596,1568,1046,1423,1786,1979,1157,1878,1060,2016,1297,906,580,2141,1506,569,1663,1357,1207,1928,1060,2568,1111,1341,2493,1035,1426,507,1810,1521,1237,1267,2483,999,1671,1012,1735,1135,1721,1370,1947,1217,1905,1810,1432,2064,1521,965,1914,983,0,1998,1902,1168,1683,1937,430,908,1005,2000,1145,1176
1108,490,1189,1020,1960,1101,626,1199,1461,679,1659,537,283,1090,486,989,1216,1471,1913,1459,486,592,1503,2174,2057,1233,8,1224,1858,1415,1577,1696,1142,2088,1626,1576,482,1256,1570,1420,1513,950,2226,721,907,1586,1848,1581,1740,356,1446,454,2221,2314,1115,1017,697,1411,327,1491,285,215,511,529,1521,1588,1445,898,1553,921,1209,964,1790,626,317,871,1747,680,552,1592,745,428,573,1482,1239,1218,1659,997,818,1211,1404,2359,1240,1760,2159,1455,514,363,1243,1298,1686,772,957,1271,1003,2156,1355,1709,796,1047,2387,1367,1413,1298,1073,1826,1324,934,756,1588,1065,499,842,1237,1163,1633,1249,1381,1442,1808,1018,1313,1536,1149,369,1537,1178,732,1307,938,1744,1597,1148,1097,1167,930,315,1673,1364,1203,321,1679,921,1110,1219,1207,1096,1266,1391,1518,1830,1641,1306,1988,1571,1870,1187,1027,1206,1253,1534,1670,1091,1686,1992,2045,1709,1677,312,1485,1196,1590,1855,892,2037,943,1168,1121,455,1502,1209,1513,1548,327,1021,1203,1291,435,1063,1246,1396,1613,1591,1776,1236,1344,999,2051,921,1779,1857,1709,1249,922,1332,1435,1868,1227,1196,1156,1240,1153,1730,1069,1627,1124,1830,1402,1103,1585,287,1756,1632,6,1543,868,502,809,1718,0,866,1921,1202,2216,1424,1248,1062,1,1956,1315
556,1398,422,1618,1768,1739,1397,1524,1590,1343,1156,1337,1441,1946,1411,1521,449,1601,1220,1438,1411,1193,1160,1751,1121,568,1427,1262,1394,930,1115,1326,1123,1999,1249,1845,1078,1470,929,1452,1218,1479,1866,1048,1917,1848,1359,924,1197,1185,1587,1774,1661,911,1430,986,1065,1038,1414,1262,1439,1517,1685,1747,1282,1731,1373,1909,952,1200,1421,1183,1578,1414,1517,1081,1196,830,1462,1188,756,1761,1389,1343,716,659,996,1524,1282,1846,1150,1374,1875,1874,1737,951,1485,1446,1129,1248,943,1097,2041,961,1856,1755,1446,721,1211,2060,1322,853,1676,1060,531,1212,725,1942,1659,1081,957,1610,926,1124,2188,967,1175,866,1126,1300,1361,1308,1489,1352,1550,957,548,1683,1266,1499,1194,971,1599,1190,1272,1456,1515,1295,1963,1416,1470,1192,1131,1035,466,1417,1463,1480,1525,1665,1486,985,1039,921,965,1696,1065,1219,439,1558,1890,1294,1057,1369,1384,1615,1308,1119,1399,1041,1407,1659,1398,1492,2162,1886,316,1045,1341,1718,1159,1198,1269,1448,1136,514,1927,1759,546,1508,1531,1446,1041,1492,555,2021,1536,1621,1954,1592,1324,774,1313,1714,912,1574,1334,2196,1407,1520,1311,1274,1105,1411,1167,1154,1136,949,1736,851,1374,1343,1162,1406,1089,1376,923,1507,1431,1400,0,1718,407,1261,1570,1510,1405,1402,1711,1045
1677,2247,1638,1760,280,1692,2135,528,2192,2061,1262,2084,2320,1387,2381,530,1382,2204,718,1518,2381,1274,641,1689,1546,1596,2486,2406,2720,1148,1516,1204,1490,1916,1653,2177,1088,1124,1536,2322,1540,1097,1967,1482,1858,1574,1714,1513,1499,1020,2344,1871,2701,1635,1934,1788,989,997,2356,1182,2367,2324,2055,2117,924,949,1316,1850,1237,1411,1335,1621,419,2058,2330,1181,1511,1185,2074,1290,1456,2330,2137,2260,1791,1375,1591,427,1224,1746,1431,1374,1743,1584,2039,1471,951,2294,2078,960,1523,1439,1637,1739,631,2035,2252,1136,1247,1977,1385,1754,2208,1389,1768,1206,1825,1659,1982,1439,1718,2140,1867,1718,1458,1273,1328,1724,737,568,2505,1170,1563,2076,2320,1703,1342,2095,1117,427,1507,1235,1802,1629,1328,370,2328,1223,1685,1103,2408,1491,1003,1364,1371,1319,292,1343,2289,2149,1857,1582,951,1817,1235,129,1414,1716,1387,667,1262,1223,1479,1177,1447,1686,469,1209,2325,1176,1097,2248,234,1097,1901,1964,1725,1377,2368,1369,1311,1484,954,2292,1749,1720,1770,2272,1452,2061,2295,748,1354,1149,1707,1404,518,2035,1939,2730,348,1128,966,1840,1452,2333,1483,1405,1325,460,918,1381,1055,2196,1545,1724,1289,1191,1693,1149,2314,1473,1542,2488,990,1983,1330,2024,967,2494,1422,0,1636,1483,1101,2063,2550,2492,62,1410
542,1822,195,1472,1395,1023,1786,1444,1357,1716,1255,1715,1743,1744,1713,1741,225,1367,1148,1570,1713,1615,1104,1153,1044,344,1784,1041,1840,998,1214,1169,1179,1018,1507,1633,1454,1126,1223,1238,1462,1256,1200,1426,1954,1124,1132,1005,1069,1567,1355,2092,1817,1036,1307,1352,1445,1168,1716,943,1741,1866,2065,2079,995,1511,990,1946,1030,1583,915,978,1504,1787,1815,1456,1292,1212,1842,1068,1137,2048,1766,1770,957,438,1083,1743,1657,1639,1024,1723,1426,933,958,1027,1673,1744,1511,969,1025,1471,1840,761,1459,995,1230,518,1591,2235,1663,651,1469,1052,917,1301,936,1979,1816,1151,946,1934,929,1245,1993,1050,1404,684,1074,1240,1140,1058,1225,1141,1925,1971,325,1458,984,1728,1289,1049,1392,1178,1252,1662,1813,1384,1758,918,1802,2112,1506,1231,242,1095,1394,920,1300,1431,1226,1072,973,1247,1043,1614,1051,999,214,1782,2261,1383,1100,1255,1499,1003,1497,1237,1812,1134,909,1435,1605,1269,1216,1678,705,1029,1794,1167,1222,1069,1190,1746,932,500,1477,2048,932,1303,1305,1380,1135,1315,375,1830,1761,1214,1743,1767,1524,576,1266,1504,1899,1344,1177,2004,1101,1755,1045,1255,1014,1190,1268,1137,1027,1022,1236,637,1676,1183,1263,1771,999,1752,1299,1878,1245,1737,506,1355,0,1147,1346,1305,1184,1739,1627,1239
1310,1009,1479,2208,1836,978,1843,1644,1458,1885,970,1773,2306,1251,2273,1640,1239,1756,1377,1350,2273,1807,1487,946,611,1502,2616,1289,1556,1341,1069,1021,2358,624,912,1867,1769,1348,974,1441,1141,1190,752,1500,1434,830,1088,1042,905,1802,1765,974,1539,850,1921,1064,2109,1267,2037,1468,2353,2362,986,995,1505,1576,2413,1431,1137,1793,1381,1925,1366,1884,2316,1763,912,1788,1870,1056,1727,2157,1822,1020,1731,1493,908,1996,1597,1609,1083,1310,1613,741,877,1192,1214,2280,718,1219,976,1548,1460,1477,1989,983,1384,1251,2255,1448,1213,1783,1497,1398,1663,1068,1785,1445,1361,916,1722,1864,1844,568,1529,921,955,1503,1188,1349,1543,1202,1153,1571,2147,1516,1496,1388,1226,1864,909,1259,1308,1633,1126,1929,2314,870,1333,1591,2624,1434,1711,918,1483,1558,1844,1431,1444,1776,1121,893,1226,387,1197,1786,915,1580,1230,2050,1084,869,2291,1475,491,932,1705,1469,2311,1767,1584,1493,1476,1428,747,1428,1934,1108,975,1276,2432,1132,1489,2278,2022,1464,1599,2099,1652,1340,1446,1251,1452,1602,1221,1333,1640,926,1420,1287,1380,1242,1087,1526,1599,1458,814,1546,1584,1877,1091,922,1729,1270,916,1869,865,1223,980,1267,2300,884,920,2618,1409,1713,1839,1811,1604,2624,1044,1791,1386,0,1500,1341,1538,2622,1805,939
930,1185,1203,1233,1139,1514,2049,939,285,2273,1315,1982,1879,1145,1688,1132,1183,66,2023,1454,1688,1994,2032,1772,1764,1082,1822,547,2643,1478,1555,1661,987,1463,1366,402,1872,1404,1302,122,1291,763,1771,925,1136,1523,1771,1554,1325,1748,230,1457,2170,1497,1406,1621,1513,1825,1691,1209,1881,1675,1495,1511,1857,235,1108,1127,1296,912,1375,920,2145,2155,1790,972,1331,1832,2010,1350,1888,1883,2030,2278,1217,1193,1374,1127,1151,655,1264,1834,627,1268,1775,1550,1183,1719,1679,1749,1576,2172,1184,1323,1155,1493,337,1022,1778,1409,1490,1041,371,1138,993,1312,1038,1161,881,1356,2380,1959,908,1674,1235,1604,1009,1091,2135,2137,647,1977,1303,708,1863,631,1290,960,1756,976,1327,1308,643,2486,2352,2298,1788,1369,830,1376,1747,978,996,2281,1213,1125,938,1385,172,308,1324,1363,1758,1732,1303,2174,1110,2655,1189,951,1449,1368,1008,1665,1545,1809,2025,1656,1787,1203,1129,89,2159,776,1751,739,1129,2292,1285,1193,1074,1318,1886,1721,2333,1556,678,1778,990,500,177,2239,1479,612,1343,1074,959,1811,785,2458,2167,1023,2201,756,1143,218,1683,1239,1367,1206,2192,2295,1672,697,1609,2446,1321,1528,1515,899,1651,1683,1327,1826,1522,2283,1646,2410,504,1597,1579,912,1361,1812,0,502,691,1830,2256,2241
1128,1321,1504,1327,1895,1380,2288,2122,553,2414,1388,2236,2015,694,1824,2155,1472,564,1661,1085,1824,2130,1662,1617,1313,1398,1954,900,2581,1274,1123,1202,1277,1594,1154,711,2008,994,1138,616,1996,1115,1329,2252,818,1104,1621,1122,1157,1885,610,1602,2558,1639,1499,1487,1659,1377,1823,1093,2017,1811,1631,1648,1404,837,1409,818,1129,2391,971,2072,1786,2296,1911,2311,1405,1960,2154,1430,2014,2020,2165,1732,919,1483,1461,2053,2251,191,1322,1339,163,1341,1341,1116,1294,1855,1529,1440,1376,2307,772,1635,2237,1643,483,1313,1924,1021,1584,1730,557,1841,2280,1142,1147,794,1012,1429,2312,2103,2580,1841,803,1404,1782,1745,1759,1778,999,1606,1093,610,1992,774,1585,1060,1513,2041,1160,1377,623,2223,1765,2012,1909,1446,276,971,1883,923,2361,2021,1514,1155,1907,979,664,514,1113,1198,1431,1283,1372,1805,2069,2316,1477,2124,1259,1197,1278,1290,1379,1649,1644,1281,1808,1087,1161,613,1790,1128,1306,873,2065,1843,1396,1237,1371,1150,1433,1857,2469,1854,216,1913,2295,27,670,1786,1177,956,1633,680,2127,1366,919,2315,1810,1314,1959,505,749,597,1221,812,963,2074,1950,2040,1291,1051,1166,2333,1397,1096,1668,1190,1783,1221,1403,1957,1141,1983,1790,2549,931,1733,1876,1863,1657,1620,691,0,1044,1735,1891,1870
1306,835,1063,1683,2185,1294,1699,1126,643,1654,1089,1636,1564,1016,1347,930,1022,654,1938,1199,1347,1639,1934,1251,1492,933,1420,381,2457,1000,1282,1154,1325,1497,961,803,1526,938,1075,501,2279,343,1503,1765,868,1035,1252,1281,1329,1403,638,1180,2016,1275,1857,1401,1169,1740,1346,1392,1566,1359,1168,1185,1707,763,1457,859,1070,1937,1104,2078,2038,1652,1453,1864,1336,1503,1664,1358,1561,1381,1685,1660,1749,1031,1148,930,1774,813,1039,1313,842,1257,1252,1058,731,1378,1453,1482,1303,1816,918,1173,948,1274,478,857,1431,1139,1547,1273,643,2118,1835,1315,1728,895,586,1371,1907,1615,1948,1448,1153,1332,2060,1295,1878,2042,41,1889,915,109,1371,1147,1132,471,1489,939,1332,1083,558,2202,2300,2216,1451,1385,916,915,1429,1290,1914,2166,1073,2187,2197,1114,576,715,929,1137,1491,1208,1302,2092,2209,2157,1029,1156,1175,1384,1322,1578,1593,1545,1943,1569,1331,1386,2197,689,2077,356,1226,450,1621,2177,826,1170,1419,1321,1735,1380,1859,1399,893,1275,1850,473,582,2156,1479,1093,1187,987,1146,1280,501,2204,2072,858,1933,557,1056,625,1172,1155,907,962,1924,2180,1581,6,1106,1972,1322,1040,1565,734,1306,1416,1102,1399,1431,1793,1298,1918,964,1393,1427,2145,1216,1273,600,475,0,1395,2174,2146
917,492,1187,1022,907,910,630,1201,1468,683,1664,541,287,1091,487,1197,1214,1478,1911,1457,487,590,1507,2173,2063,1231,6,1225,1856,1420,1583,1701,1144,2094,1627,1578,480,1261,1577,1422,1514,1024,2232,719,908,1592,1847,1587,1745,354,1451,457,1837,2218,1117,1226,695,1411,330,1495,289,217,514,532,1521,1591,1447,899,1558,919,1213,970,1796,630,320,875,1752,678,556,1597,743,430,577,1225,1239,1215,1664,1206,822,1213,1409,2369,1243,1766,2158,1460,518,366,1027,1298,1691,770,958,1263,1004,2154,1358,1711,794,1048,2391,1388,1416,1305,1072,1829,1324,935,759,1593,1069,503,846,1023,1164,1638,1253,1379,1446,1813,1020,1317,1537,1151,371,1539,1174,735,1308,1135,1749,1602,1151,1101,1173,932,318,1678,1365,1208,323,1680,925,1116,1217,1211,909,1271,1394,1526,1831,1646,1306,1994,1576,1874,1194,1033,1204,1255,1541,1675,1320,1689,1996,2044,1714,1680,315,1489,1200,1598,1859,896,2043,947,1166,1127,458,1507,1462,1518,1548,330,1025,1201,1294,435,1062,1249,1399,1617,1596,1778,1234,1345,1209,2050,1468,1777,1861,1712,1253,925,1333,1440,1873,1228,1200,959,1244,1160,1731,1072,1632,1128,1835,1407,911,1588,290,1761,1637,4,1547,872,500,813,1718,1,864,1925,1200,2222,1427,1251,1065,0,1960,1319
1668,2334,1626,1772,246,1699,2228,423,2186,2151,1538,2176,2346,1381,2405,409,1657,2198,697,1521,2405,1057,724,1695,1555,1584,2581,2399,2720,1159,1266,1218,1463,1595,1677,2193,1316,1369,1549,2316,1565,2611,1976,1483,1677,1584,2076,1264,1514,1021,2340,1957,3263,1643,1946,1796,1191,1080,2382,1195,2393,2416,2147,2209,1008,931,1563,1677,1507,1414,1115,1650,560,2150,2356,1189,1526,1186,2163,1572,1457,2341,2229,2276,1482,1649,1329,316,1232,1740,1445,1396,1738,1321,2047,1484,1142,2320,2091,1044,1536,1441,1631,1427,526,2044,2246,1125,1030,2052,1165,1439,2202,1418,1766,1472,1824,1653,2062,1205,1812,2225,1959,2088,1452,1552,1359,1414,820,708,2498,1201,1588,2070,2331,1718,1608,2175,1193,339,1260,1505,1796,1723,1359,255,2354,1493,1679,1343,2503,1485,1220,1456,1645,1331,247,1122,2283,2143,1881,1596,1035,1829,1505,247,1516,1810,1378,556,1534,1236,1454,1171,1460,1693,448,1203,2351,1189,1336,2242,221,2318,1582,2043,1426,1415,2456,1382,1289,1499,1038,2318,1842,1415,1764,2283,1451,2055,2289,831,1348,932,1405,1398,413,1692,2018,2268,489,1117,1056,1833,1446,2327,1242,1399,1107,372,1004,1479,1049,2190,1291,1818,1300,1452,2054,1137,2340,1490,1288,2583,984,2071,1099,2115,948,2589,1416,301,1347,1494,2320,2057,2543,2587,0,1441
1340,1599,1277,1172,1181,1389,1103,1253,1892,958,1312,1022,1233,1516,1315,1161,1308,1903,1318,1215,1315,1670,577,1152,1000,1038,1641,2268,2226,1728,1914,920,1324,1258,722,1906,1716,1580,1910,2072,620,2028,1312,1954,1857,1866,1424,1918,1349,1465,1957,1258,2208,1090,1054,1502,1739,1150,1290,911,1280,1348,1442,1458,1028,947,1684,1849,1284,2153,1531,435,950,958,1257,1195,1356,1894,967,1201,1948,1229,1070,1609,1027,1077,1262,1162,1396,1443,1734,1161,1440,2023,1151,1786,1793,1218,1419,1022,1338,2003,1723,1225,1245,1382,2003,2765,1973,1978,1215,1233,1910,568,1008,1054,1052,1882,1738,878,612,1022,761,1416,1691,1244,387,1227,517,947,2047,201,643,1829,1219,1437,1052,1726,818,1321,1353,1250,2028,506,27,987,1255,979,1385,1525,1373,1191,1245,389,1293,1545,1192,1590,2041,1815,907,1242,1031,958,1271,1003,444,603,1310,1115,1864,982,1288,1244,1101,1383,862,1276,1252,915,1542,1914,988,2010,1029,1964,987,403,1710,1854,1400,1134,1063,1216,627,1106,1408,1149,1201,1806,1882,687,1192,963,1102,1179,1186,1144,1890,1716,966,2559,336,1902,1708,1905,1139,1614,1542,1362,326,409,1157,2074,1241,584,1401,1797,1390,915,1243,1013,1244,1648,1118,885,1401,909,974,1654,1262,1091,1026,1134,1992,1753,2081,1652,1077,0
