0,14027,5195,24107,25097,17801,15841,25764,13423,17016,18233,17247,15422,15436,14909,28352,4861,13335,23668,12199,14909,12113,23000,16521,18969,4662,13437,9789,21101,19811,19552,22486,16688,16600,25010,16335,11244,17074,17800,10940,22209,10956,15978,12837,15783,16435,16030,19570,20688,11342,13621,15389,20821,16663,23080,17320,11047,18832,13772,18248,15443,13768,13659,14883,21230,15491,18255,14304,18191,12461,16874,18742,22917,17176,15218,15691,20665,11601,17473,20489,11776,14185,15748,25275,8835,4712,18735,28372,16358,14286,18263,27049,15552,18119,16595,18202,13917,15409,19902,18880,18025,13205,16139,6507,28630,17319,11093,6949,11035,15507,26189,6792,15766,21922,9107,20934,8447,14484,13576,22222,20238,15551,17985,21841,15512,18362,21544,6985,22511,25187,10072,20096,24712,10182,14277,18155,4404,11912,21060,25617,18719,18482,15233,20700,21745,24763,15205,22044,16003,16927,13473,17385,17342,19467,4807,18509,27640,18667,14884,13786,22403,20483,18947,17215,20265,26709,19923,21085,4889,26187,17360,22024,15740,21750,20785,17454,25150,19508,15070,18192,16813,13798,26598,11033,18166,15409,8014,19613,14278,19346,18655,20717,19123,15389,18138,5348,15532,14399,9230,13644,14905,23610,20093,14375,5399,17993,25975,15888,15546,23154,25530,7080,22067,15400,16568,14992,20470,15971,18580,25939,22021,21782,19408,10278,18352,18313,19791,20070,16155,6702,15093,22689,18287,14796,21169,15958,10249,17061,14197,13410,5584,27015,5445,21112,14985,13656,10241,14772,26878,21593
13046,0,11507,10580,9899,17324,4830,12262,5747,4123,10545,4649,3076,3656,3567,12038,10345,5802,8204,10593,3567,5715,6930,15257,15959,9666,2742,4757,31501,9810,10228,11034,14177,14676,10717,6718,5224,8102,10343,5394,9970,4087,16433,6512,2438,10312,15398,10263,11090,4220,5471,1604,28303,15259,13907,17276,3014,5100,3868,7586,3097,2301,853,1055,5161,7658,16548,2380,9942,6156,7825,6928,8407,4017,3352,6160,11130,5655,4706,10687,6039,3046,4725,22619,10386,10197,11071,12029,6135,4007,9289,16569,4039,10954,15270,9651,2964,3237,19408,4818,10694,6881,2815,15397,14715,17055,4836,8448,3649,2606,16033,15682,6131,8773,10058,12501,11082,2622,1713,11397,6901,4634,6140,19330,4075,10898,9198,12757,6815,8168,4128,9288,10125,4778,2959,6200,10092,2213,4830,10605,11105,10203,4435,6989,8063,11761,3334,10601,4931,7771,2517,6476,6384,7642,11660,7999,9912,8178,5266,5648,12287,10942,4888,15449,9974,9751,8189,7184,10373,15148,10139,10573,14841,7343,16826,17116,8504,7224,3310,7537,7712,5833,9516,3726,14477,2604,9815,7731,1697,9066,15181,10027,5255,3220,6736,11115,4210,2682,10009,4890,5286,7272,6744,8224,11332,4452,14682,15540,3378,26250,8401,8078,6982,3083,4692,5434,11085,4300,7712,10851,6911,7961,6925,4014,10793,7228,11628,9233,17344,7700,3246,11230,10853,2757,6518,5209,4307,5742,7541,2800,8941,9915,11259,16257,7286,4901,4051,2787,9862,9180
4508,10302,0,17264,22484,16132,14295,23161,7884,14879,16229,14114,13758,9177,13270,23118,561,9128,18484,11586,13270,10373,16289,16681,18089,748,13675,6065,25381,15568,17343,18067,13236,16050,18802,9289,9912,16091,17475,7216,20072,7232,17301,10259,9293,14691,14878,17351,18361,10010,7608,11027,22762,16316,18515,19339,9714,14143,14281,14857,13737,13764,10422,10507,16099,8991,14759,9235,16095,10513,14333,16391,20140,15037,13636,13165,18378,9524,16629,18367,9105,14231,14190,22599,6831,804,16899,20988,14306,8066,15978,23953,8098,16237,15188,17675,10193,13808,21445,15698,17665,10627,8917,3697,23398,15730,7369,2830,9703,9463,23184,3600,9363,17520,6437,18459,6750,9478,9207,17802,14354,15760,15656,21351,9877,18064,19264,3714,15884,18222,6347,15865,18415,6458,15012,10457,490,8188,15948,23058,18333,16363,7478,14777,17208,20012,13618,17752,8683,15844,13395,10039,13389,15368,316,15655,20376,14420,7403,7785,20340,16731,14304,16245,17936,21535,17473,16653,566,23614,13866,19547,13356,16490,21192,17455,18129,14735,13608,13424,15695,7970,19437,7308,15891,8594,5343,15524,10554,16648,15123,16640,15956,13751,15610,2634,8269,12902,6559,7696,7423,18562,13460,11352,1076,9380,21231,15878,8673,22523,20408,3005,17213,7761,9800,7571,20068,9739,14286,23417,15568,17271,16135,6554,16403,15713,17711,15946,16142,3001,13516,18290,16333,13464,15917,16434,8917,13339,9765,13421,2913,19822,1260,17895,8619,7706,6517,13434,19685,15453
21873,11640,19027,0,13362,28212,18308,15064,8063,15099,23608,16603,15211,7874,15146,14840,19345,8118,11315,24277,16694,17867,10742,30602,29549,18283,14978,9428,39957,22009,25706,23674,11393,27094,17100,6713,18147,21303,23561,8456,16122,10595,30186,21880,8469,25829,27897,23301,25950,18785,7964,11420,39684,27705,1799,32806,15513,9158,17086,5835,16702,15945,10432,10635,9173,9346,12456,8468,23261,21327,23106,15686,11690,15717,16828,20443,23663,20891,18232,26563,21238,14897,16649,32600,22132,17470,27004,14831,18641,7679,22614,24230,7621,23553,27779,23020,15244,15342,32898,9530,25913,19344,8091,18424,15247,27977,8847,13812,17673,8603,26568,16930,7047,15264,21882,23177,24890,8266,9286,23427,16269,18477,17623,32828,7956,23799,16922,16318,11394,11451,9711,15005,17807,8758,16301,4675,18660,9928,10454,14068,26021,25733,8914,14881,15837,14563,16806,23768,7187,20951,14527,6988,18957,14431,17470,22869,13375,23239,8299,7964,18251,26836,9460,26303,23312,12862,16269,14867,19512,15659,24926,23759,11214,7269,29581,30893,11615,7165,16770,5786,20821,8149,12626,10672,29643,8581,23266,16014,13659,21640,12502,25785,9328,15360,14912,20292,7502,15942,24022,8171,8319,11083,6351,8994,18183,7272,15030,28039,8403,40031,11684,15183,12397,8216,7692,7927,26452,7818,20847,14314,12387,14556,7811,9322,26312,14442,26288,22667,28230,13850,17032,26386,26252,16493,7326,16423,18643,16063,9152,16430,19588,13026,17821,26724,8591,8202,9880,16461,12972,14181
27661,10768,20400,13382,0,25319,12588,1977,13478,12607,20942,12407,13861,8879,14670,1776,22895,14910,6250,25132,13311,16042,4460,27873,23167,19891,13257,15038,44505,17333,18903,19960,20201,26200,11758,13572,18204,18729,21099,14919,11011,15264,26890,18552,9785,19620,25649,18870,20596,17122,13298,10042,40103,24478,14616,29451,15074,5788,14771,8308,13962,11527,10078,10281,5253,14295,19535,9728,20531,19503,16728,12009,2393,12252,14193,16403,20755,17948,12167,19403,20103,12650,12484,30728,24578,20679,19798,2035,16996,11452,19696,18761,11394,19749,25276,18352,14508,13867,28327,5550,18985,19877,9714,21582,2010,27802,12993,18922,17312,9954,17187,23988,13907,10667,22016,20027,25035,9889,9803,17932,9682,13332,10349,25658,8959,21118,10240,21395,5112,2714,13384,9223,11166,12531,12563,11535,22247,11002,6278,790,20704,20494,12687,9392,8567,2323,14175,18396,10960,16688,11743,9570,16813,8586,22726,18229,112,16826,13233,13106,12657,19689,5480,24870,18597,1549,8915,9294,20859,2790,20975,18393,18227,6755,21665,25235,2771,6636,13264,8258,18303,13475,1341,15257,23586,9872,21503,8674,15172,18878,21442,18505,5347,13850,9909,21399,11275,12480,21850,12296,13232,4919,7500,15771,21247,8498,1680,25224,9695,33623,2043,18789,6114,10310,8425,14637,18457,8702,16612,1036,6104,8687,6306,12478,21215,9738,19401,19788,25339,19120,14787,20211,21179,14611,6328,11972,18424,11604,16031,12026,21395,1471,22479,22222,13782,12307,12515,14606,874,10634
16151,15718,17780,31094,27905,0,11548,26965,23774,13605,6879,11367,12539,19538,12051,29659,16245,21496,22701,4537,12051,10767,22885,1279,2140,16583,13262,19028,19438,8512,7104,8448,31180,1626,19087,25374,9892,7642,6364,23478,17593,17557,901,8153,20285,5159,1736,6249,6778,10312,21666,15492,19169,1214,29608,1983,11845,22777,12246,22974,12519,13794,17148,17217,20523,25553,31704,20241,6804,9177,7913,14928,25275,12571,12418,9398,6819,9534,11546,6325,9012,13445,11444,6821,8330,17892,6159,27063,10539,22306,7876,15218,22292,4901,996,6853,14857,12589,3624,22135,6831,8522,18773,19792,27046,766,22655,19278,11834,20372,12453,21744,22284,16168,8864,10350,7484,20468,17396,8767,15441,11814,14138,3502,19739,6634,19344,22326,20122,22705,18931,19455,19594,19383,13565,25458,18101,17371,20232,28349,6793,7170,21824,15632,18475,26168,12400,8015,22382,8498,13706,24618,9083,18195,17765,8497,27987,8079,21416,24053,19228,6029,20186,3380,6930,27130,16601,17523,17733,27709,6575,7987,30194,23453,6476,399,23464,23316,12390,25237,8439,24365,27066,17462,1749,18243,9261,18232,16250,8028,32008,7412,20328,12533,15165,15640,22128,15320,8872,22220,21444,21156,25100,23574,15830,22929,29719,353,18195,8652,25520,19168,20682,19274,20760,21619,9489,20049,8440,25929,18797,18338,25170,18872,6529,15676,6356,8195,15,19484,12298,9053,6589,13273,22512,11490,11106,13497,23554,13328,12799,27258,16479,4622,24397,22234,20856,14659,27377,16806
17459,5439,14018,16611,14026,11871,0,16108,9962,1600,7086,746,2491,7394,2960,14561,14011,10017,11979,11752,2960,5989,7237,12728,10041,16176,2520,8663,30611,5310,6576,7222,19472,10687,6776,10933,5707,4116,6691,9590,6029,7992,11445,7300,6176,6888,15803,6611,7438,4461,9687,4303,27500,11578,17966,13825,5464,8717,2579,10588,2592,2522,3997,4081,9372,15205,20323,6119,6290,6924,3840,2988,12414,912,2823,2174,7478,6889,113,7035,7273,2489,822,17637,11545,16226,7419,14708,3315,12616,5637,12326,12558,7530,12446,5999,5230,2497,13345,9730,7235,7668,6554,16934,16208,12216,9051,16556,5658,6345,11929,17021,10346,4832,10345,8245,12241,6361,5933,7074,2961,790,2200,14644,10670,7246,5258,17120,6723,12254,8033,4722,6184,8374,2147,13428,15918,6118,7657,14834,7453,6551,8651,3049,4123,15214,2805,6949,12124,3786,2598,10734,2399,3701,14171,4014,14039,4193,9482,9864,7675,7290,9660,9599,6322,13526,4248,3243,14016,16919,6715,6921,20690,11535,9667,11874,12279,11432,2781,10539,3727,10048,13290,7632,10399,6787,10974,3790,4842,5080,20486,6375,9527,2480,2796,13626,12439,2507,10297,9105,9502,7701,10444,14126,13843,11103,16123,11828,7121,20694,12408,16732,5661,7298,10973,9650,7433,10413,3727,15088,5590,4020,11467,7919,7141,3287,7754,5613,11887,11606,2639,7418,7201,2535,10881,939,6818,1802,14212,2578,11452,13690,13770,11201,10491,9116,7956,2565,13637,5239
28396,13029,21014,15643,2259,29720,14615,0,14882,13526,20799,14707,15892,11140,16121,565,23561,13563,4989,24236,16121,17428,7037,26882,27431,22554,14552,14032,41641,19124,20680,19994,19411,28061,13098,15833,17882,18739,20922,14988,12351,15910,28710,19903,12046,21334,29995,22758,20509,18581,14670,12303,45589,26159,16877,28394,17862,8049,16273,10569,15831,13995,12339,12542,7514,15530,20749,11989,22513,21036,20349,13349,3662,15389,16052,16518,22762,19242,16033,23381,21539,14071,16199,32771,23473,23458,23820,233,18740,11694,21684,20941,11636,21463,26873,22210,17000,16010,30301,7811,22897,19378,11975,21871,407,26853,13320,19470,16839,12215,21112,22063,16168,12007,25560,20003,26340,12150,12063,21833,13285,16424,13952,30250,11220,23105,11580,23847,7689,3983,13796,10563,12506,14655,15363,13796,20772,13296,8856,2015,22709,20405,12929,12994,11404,1461,14555,22335,11202,18425,14209,9812,16900,11990,23404,18269,2220,18564,13284,13348,13997,21498,7741,26775,22488,2818,11493,12831,23672,946,22827,20262,17611,8342,23534,29614,3801,8223,16089,10519,20210,13421,2610,14443,25271,12133,22627,11862,14758,20830,18710,20329,7608,16037,13766,24312,11517,13627,25389,12538,14634,7496,9087,14050,24127,10759,583,29604,11955,38891,3312,17558,8692,12571,10686,13300,22420,10963,20219,2261,8682,11265,7893,15020,23201,13341,21186,19755,29742,19643,16278,20226,21015,14549,7915,15854,19675,14854,15752,14516,24548,2740,23273,26486,15126,12549,13630,14540,2143,11974
14794,6457,7833,10452,14855,21570,11373,13503,0,10498,20496,11192,9619,4547,9348,14852,7701,149,10863,17066,9348,11409,9996,23033,22880,7022,9219,2220,31659,19026,18195,19469,6604,20802,17586,1852,10982,18032,18403,487,15064,3387,22990,12575,4564,17824,20892,20042,18746,9979,880,7125,31388,23484,11686,23129,8773,7771,10360,5871,9640,7587,6138,6341,8607,1554,7668,4507,20183,12200,16014,13303,11238,10392,9715,13579,20752,11364,11249,19106,11748,9421,11268,29718,15728,7553,19465,14795,14657,2466,19664,23778,2287,17920,23065,18130,6348,9782,23945,8263,20329,12943,4287,10657,13751,21262,1437,5804,9408,4735,23315,9999,1926,15602,15484,18551,14712,4749,4479,19192,11463,11177,12515,26309,5247,20710,15641,10114,10181,11077,2502,14159,15205,2798,9334,3631,7448,4343,8275,13972,18776,20376,2848,12495,13341,14592,9697,19382,2784,17662,7803,4648,13933,13615,7915,17427,13408,17783,675,1057,15452,21265,8333,20359,18425,12298,13944,13559,7730,13719,16928,19369,6426,7465,24205,21338,11163,7362,9655,5822,15877,746,12174,3463,22713,3969,12573,13703,6709,18529,7714,18641,8700,9726,11272,9864,2458,8188,15430,2031,695,10204,6374,3151,8240,4750,15200,21360,4049,29227,11231,5434,10690,3131,5170,843,21753,5109,15915,14305,10620,13716,7397,2709,20769,11740,18685,17861,23792,5057,9491,19738,18778,9234,6811,10715,10066,11248,2328,8964,10143,12574,8490,23492,623,2041,2671,8977,12520,15570
15438,4130,12573,16642,12813,14995,1948,14908,8852,0,8210,1767,1426,6195,1896,14849,12566,8907,12189,10688,1896,4737,7026,13416,11165,14730,2032,7553,28442,6434,7700,8346,19831,11811,7692,9824,4310,5815,7815,8480,6945,6882,12569,5903,4976,8012,15115,7735,8561,3307,8577,2699,28167,12702,16462,16641,4400,8927,1515,10798,1528,1793,2887,2972,9582,10399,20794,4919,7414,5528,5538,3553,9507,641,1759,3464,8602,5493,1420,8159,5876,1250,1843,17502,10481,14780,8543,14995,4605,7113,6761,12836,7145,8654,13411,7123,4741,1433,16305,7502,8359,5589,5354,14425,15030,13450,7941,11243,4594,5145,12589,14520,9236,5689,10153,9369,11177,5161,4823,8021,3526,1752,2765,16238,6613,8370,6174,14550,6513,9347,6923,5158,7100,7265,1163,8760,14472,5008,7447,13519,8577,7675,7541,3614,4502,14105,1741,8073,7470,5484,2110,10944,3688,4776,12725,5990,12825,5891,8372,8754,8590,8413,7572,10722,7446,12201,5105,3808,12571,15688,7839,8045,17312,11745,10791,13478,11065,11642,1717,10749,5425,8938,12077,6866,11523,5677,9910,4864,4482,6966,20964,7499,9737,1416,3360,12180,7315,1080,10104,7996,8392,7491,10653,11329,12397,11313,13569,13476,5921,21922,11482,10873,5450,6188,11182,8540,8557,6839,5425,13765,5380,4877,11677,7130,8265,3852,8908,6737,13625,10496,1575,8542,8325,2047,11091,1833,5373,2367,10647,2090,10007,12477,12325,12325,10081,8006,7093,2077,12423,6568
20096,11418,17887,26019,19000,6892,6839,22924,18596,8098,0,6658,8608,16857,8907,22862,18173,18542,16892,7386,8907,9500,14756,7749,5062,16408,8623,16193,24622,2779,571,2409,25936,5708,11617,21831,9218,3224,474,18361,10870,16290,6466,8813,14430,1909,8207,607,739,9137,20531,10421,24368,6599,27506,8297,10738,16894,7854,18360,8710,8625,10100,10185,16535,22422,26674,15861,517,9837,4159,9186,18449,7861,9273,5005,780,10194,7213,746,9672,8592,6735,10807,9459,18118,1131,23061,6146,18306,1837,7163,16669,2514,7467,1120,11190,8615,7875,14610,111,9181,16227,19837,22970,7237,19303,17739,12276,16123,6621,19851,21053,10560,8902,3278,9670,14553,14984,2301,9159,7105,8398,7752,15503,174,11282,22219,15575,16486,17633,12026,11025,16285,8265,21178,16392,15484,16211,19348,754,1436,17947,9247,10320,20110,9255,1976,16594,4106,8702,19735,4690,9899,17979,4079,21045,3661,18371,20668,12727,1001,14709,4620,1196,18387,10446,9441,16390,23789,2066,1948,25159,20282,3379,6895,17403,18315,9245,18287,4046,21050,20220,16179,5420,14388,10013,9988,10820,2550,29624,1678,16331,8598,8994,16238,18183,8621,8853,18504,20276,15054,18118,20701,16335,16452,22862,6849,14279,16549,16934,17580,11859,17189,17968,20477,2460,17288,4047,21509,11788,10218,19575,15869,386,9485,759,2287,6908,18012,8768,2605,288,8639,19217,6817,10329,8000,22874,8682,13987,20337,15185,4913,21186,16799,17550,8669,18615,10782
15648,5505,14084,18299,14092,11937,181,16209,10028,1665,6872,0,2556,7460,3025,14652,14077,10083,12045,11817,3025,6055,7303,12794,10106,16241,2586,8728,27625,5376,6362,7288,19369,10753,6841,10999,5773,4236,6477,9656,6095,8058,11510,7365,6242,6954,15869,6398,7224,4527,9752,4368,27351,11644,19797,15161,5529,8783,2645,10654,2658,2587,4062,4147,9438,15096,20214,6184,6076,6990,3959,3053,12480,978,2889,2240,7265,6955,178,6821,7339,2555,888,16002,11611,16291,7206,14798,3381,12681,5424,12392,12623,7595,12511,5785,5295,2563,13323,9795,7022,7734,6619,15189,16312,12281,9117,12419,5724,6410,11995,15267,10412,4898,11282,8311,12307,6426,5998,7139,3026,856,2265,13264,10736,7033,5323,16930,6789,12241,8099,4787,6250,8440,2212,13493,15983,6184,7723,14954,7239,6338,8716,3114,4188,15307,2871,6736,12189,3906,2664,10800,2464,3767,14236,4079,14104,4313,9548,9929,7740,7076,9726,9664,6109,13480,4314,3309,14082,17015,6780,6707,18665,11601,9453,11940,12345,11498,2846,10605,3846,10114,13356,7697,10465,6853,11040,3856,4907,5200,22461,6162,9593,2545,2861,13692,12504,2568,11234,9171,9567,7767,10509,14029,13908,11169,16229,11894,7585,22724,12474,12049,5727,7364,11038,9715,7220,10478,3847,13801,5656,4086,11533,7924,6927,3353,7850,5679,11952,11671,2705,7484,6987,2601,10947,1004,6884,1867,14113,2644,11518,13756,13836,10988,10556,9182,8268,2631,13702,5305
13992,4578,12071,16766,14346,13279,1975,14419,10185,1997,7937,1794,0,6215,869,15834,12064,10241,13718,8743,869,4236,8560,12771,11448,14229,1197,8886,30125,6718,7428,8630,17305,12095,9178,11157,3809,5301,7542,9814,8431,8001,12852,5402,4997,8296,14295,7463,8289,2805,9910,3223,29820,12986,18293,14639,3898,10455,1014,12327,21,961,2907,2992,11110,11732,19969,4939,7142,5026,5025,4726,11041,1616,582,3305,8330,4991,1851,7886,5375,1447,1871,19293,8982,14279,8271,15962,3280,8446,6489,13734,8478,8937,12467,6851,4350,515,16162,9036,8087,5088,5375,15960,14548,12557,9275,14609,4093,5166,12842,16246,10569,6571,8447,9653,9193,5182,6156,8305,4699,1779,3938,14598,6634,8098,7707,13253,8046,10802,8257,6691,8586,8598,1302,8780,13971,6342,8980,13531,8304,7403,8874,4787,5861,13522,564,7801,7491,4971,1722,12473,3529,5440,12224,5145,14359,5378,9705,10087,10077,8141,9106,11006,7174,13734,5987,4981,12069,16634,8122,7773,16576,13274,10519,13282,12599,13171,554,12278,4912,10271,13610,7637,11807,7010,9171,5529,3980,6265,20164,7227,11265,498,4534,11679,8649,1376,8398,9329,9725,9024,12182,12662,11896,7012,14490,13236,7743,23546,13015,14785,6984,7521,12711,9873,8285,6859,4912,13799,6913,5759,13206,8142,7992,5025,8606,7021,13294,11829,1073,8826,8052,1182,12620,2396,4871,3540,11980,1139,9505,14010,11823,12053,10714,9339,8426,1152,13956,8102
17013,4496,9692,7855,8636,21534,11277,10216,4901,11289,15294,11096,5775,0,7387,10114,9560,4956,6589,15668,7387,9447,5612,19092,20064,8881,5440,4027,35324,15193,14960,15744,13701,20333,12420,5376,9021,14474,16741,4393,11673,4462,20631,10260,1215,16435,21200,14942,16886,8017,4471,4576,35019,20994,9089,23247,6811,3388,6567,4515,5796,5000,3551,3754,4043,6293,14764,1214,16498,10238,14198,12670,6964,10934,6051,12292,17001,9402,10856,15801,9786,5745,11172,24133,15317,9412,17842,10055,8834,2698,14388,17301,2640,15025,21057,16256,5332,5935,23467,3741,16725,10628,837,12516,10521,21272,3835,7663,7446,1722,18697,12801,5130,11329,13629,16562,14345,1012,2400,17059,8892,11156,9559,23393,901,15489,10902,11973,6264,6804,4503,9885,11828,3158,5657,3496,9307,2806,3963,9342,15371,16637,3508,8601,10725,9837,6033,17354,2207,14144,5216,2937,12516,7795,9774,14738,8649,14551,4266,4803,13318,16027,3811,19528,16584,8024,8124,8504,9589,10982,14063,17341,13522,4272,20521,19354,6889,4153,6009,4466,14085,4987,7900,4136,18249,1968,13607,7883,5693,13374,14811,16741,4198,5918,9119,11723,2522,5381,14893,3543,4286,5954,3520,7223,10099,1727,10304,21342,1970,27654,6958,7293,6115,1433,1909,4434,16044,644,14085,9588,6044,7896,3855,3600,17145,8947,15480,15902,19556,6916,5945,16016,17079,5456,3448,10661,8104,11839,6541,5499,12739,8300,10349,20163,5430,3554,3637,5486,8246,11296
13527,3446,11484,16694,13311,16014,2670,14627,9054,2613,8439,2489,916,5535,0,16064,11478,9109,14412,8925,0,4418,9255,14559,12143,13642,617,7755,29835,7412,8122,9325,16984,12789,9873,10025,3991,5996,8237,8682,9126,6743,13547,5584,4317,8991,13731,8158,8984,2987,8779,2334,29530,13681,16538,14647,3334,11150,1708,13022,937,662,2138,2222,7045,10601,17779,4259,7836,5208,5719,5421,11735,2311,554,4000,9025,4700,2546,8581,5084,1148,2566,17663,9473,13692,8966,14684,3975,7315,7184,14429,7347,9632,14255,7546,3237,772,14784,6701,8589,5270,4694,15373,16271,14346,8143,11445,3529,4485,13537,15659,9438,7265,8629,10348,10169,4502,5025,9000,5394,2474,4633,14716,5954,8793,8402,15885,8741,11496,7125,7386,9281,7466,1003,8100,13384,5210,6713,13790,8999,8098,7743,5482,6556,15118,536,8496,6811,5666,1143,7682,4224,6135,11637,5839,13346,6073,8574,8956,10771,8836,6771,11701,7869,14429,6681,5676,11482,15286,8817,8468,17902,13969,11214,14489,13294,13866,526,12972,5606,9140,14305,6379,12502,5879,8902,6223,2849,6960,17962,7922,7139,789,5229,11092,7517,1078,8581,8197,8594,9719,12877,11531,11309,6331,16211,14535,6612,21326,13710,11075,7679,6390,6571,8742,8980,6179,5607,15501,7608,6453,13901,7332,8687,5720,9301,7716,15998,10698,891,9521,8747,602,13314,3091,4284,4235,10849,559,8918,14705,11236,12748,10283,8208,7294,572,14651,7786
25724,12580,20975,15194,2556,26910,16048,297,13476,13473,20743,16149,14366,10691,14575,0,21339,13536,4540,24183,14575,17375,6588,26828,24833,22512,15981,15427,45840,19069,22732,21976,19405,25405,12649,15384,19651,18684,22998,14958,11902,15867,28650,19851,11597,21278,29935,22697,20453,18524,14641,11854,45534,28771,16428,31234,17808,7600,14712,10119,15774,13944,11890,12093,7065,15507,18820,11540,22451,20978,20288,12644,3959,13908,15994,16463,20596,21152,15972,21158,21483,15451,14643,29678,25817,23415,21557,529,18680,13264,21622,20883,13206,23595,29558,20096,15378,14474,30239,7362,22835,19326,11526,24071,703,26798,14648,19429,18505,11766,21054,24282,15104,11303,25506,19948,26286,11701,11614,21772,12836,16364,13503,27391,10771,20908,11131,21606,7240,4279,15166,10114,12057,13262,13887,13347,20733,13254,8407,2311,20548,20349,14499,12545,10955,1012,15985,22274,12772,20247,15605,11382,16845,11541,23361,20074,2516,20400,14611,14918,13547,21442,7292,24238,22427,3115,11044,12126,23629,1077,22766,22271,19400,7893,23478,26814,4098,7774,16032,10070,18282,13396,2907,15875,27792,11684,22579,11413,14711,18844,20617,22345,7159,14498,13062,24268,13087,14962,25334,14108,14604,6955,8638,14030,21851,10310,879,29544,11506,35231,3609,17521,8243,12122,10237,14629,20287,10513,18289,2558,8233,10816,7444,14981,20995,12891,23289,19699,29682,17785,16220,20171,23101,14498,7466,15794,17802,13422,14273,15942,24500,3036,21074,26424,13699,14119,14982,14489,2440,11525
4364,10555,789,17552,20773,17905,14382,21377,8136,15029,16489,14201,12221,9430,11733,23519,0,9381,18894,11443,11733,10460,18374,15232,16586,1001,13987,6318,22820,17473,15994,18352,13339,17859,19173,9541,9999,14888,17756,7468,20485,7484,17446,10293,9546,16454,16488,17637,16928,10097,7861,11280,24860,18136,20713,19447,9801,16002,12703,15232,12200,12207,10675,10759,16515,9244,13460,9488,16361,10663,14625,16798,18651,15187,12099,13252,16940,9673,16779,18649,9254,12693,14277,25074,6687,246,18900,23531,14393,8319,16256,24304,8351,16496,15286,16307,10445,12270,19611,16115,17950,10661,9170,3530,21594,17457,7622,3216,9790,9716,23529,3432,8857,17932,6885,17025,6607,9730,9460,19937,14728,13641,14569,19526,10130,16648,17855,3547,16266,20502,6600,16246,18790,6710,15161,10710,743,8441,14849,21294,16900,16631,7731,16699,17624,22457,12081,19874,8936,16167,13706,10291,13476,15745,752,15980,20748,16214,7656,8038,18828,16981,14682,18109,16541,21946,17888,15484,423,21785,15554,19855,13189,15311,21451,15948,18504,16626,12071,15171,14534,8222,19810,7561,17687,8846,5493,17525,10806,15393,13796,18639,16373,12214,16021,2784,8521,12623,7008,7948,7676,18983,13804,11184,933,9632,21596,17623,8926,22529,20824,3391,17635,8013,10052,7824,20377,9992,14581,23828,15951,16048,16527,6807,18362,16127,17988,17881,16254,3231,11979,18573,18285,13775,16311,16584,9004,15100,11076,13732,3062,22260,1410,19956,8872,7959,6769,13745,20058,15832
14698,6122,7575,8157,13528,23692,11158,14949,1006,10162,20436,10978,9144,4398,9012,14919,7443,0,10713,18722,9012,11073,9846,22948,22805,6764,8744,1962,31569,17212,18140,21408,6896,22849,15951,2143,10647,17975,20221,338,16600,3128,22910,11886,4415,19578,22940,19981,20604,9643,731,6975,34496,21236,9391,23054,8437,7622,10024,5722,9165,8221,5989,6191,8457,2371,7959,4357,20124,11864,15963,12968,11088,10056,9379,13530,18777,11028,11034,20998,11412,9085,11054,26898,15633,7294,21393,14863,13245,2317,17790,23746,2138,19683,20850,19925,6089,9308,23878,8113,18390,12254,4138,10398,15222,21187,1288,5546,9072,4585,21122,9741,2403,15453,13962,18501,16120,4600,4329,19147,11314,10963,12180,26235,5098,20650,15638,9855,10032,10928,2244,14009,16757,2357,8998,3550,7189,4085,8126,15455,20637,18435,2699,13028,13192,14442,9361,19335,2635,17605,8438,4499,15302,13466,7656,15761,14833,17726,526,908,17026,19238,8183,20293,18372,12148,13795,13223,7471,13783,18590,19322,6717,7316,24145,21263,11013,7213,9351,5673,17442,1092,12025,3205,22636,3820,12314,13554,6450,16761,8005,18590,8551,9251,11123,9605,2309,8721,15336,1882,546,10188,6224,3442,7981,4600,13850,23459,3900,32124,11082,5176,10541,2981,5020,693,19691,4960,15864,14356,10471,13567,7248,2450,18790,11590,20532,17810,23709,4798,9016,21705,18724,8760,6662,11248,9730,11782,2619,8490,9884,12424,8231,21254,1534,1892,2413,8503,12371,15420
21474,7932,16770,9960,4483,25020,10739,6134,8449,10758,18618,10558,9465,5041,12706,5961,17143,8505,0,19765,12706,16880,3041,22547,20764,17921,9131,8446,37105,16771,16716,16417,17228,21269,9498,10151,13387,16221,16960,8777,8752,9502,21797,15398,6255,18975,25182,18392,16679,10846,8874,7206,36827,21954,11194,26636,10248,2952,12325,4886,9486,8691,7242,7445,2417,12808,16808,6253,16523,16093,14416,9494,3394,10403,12569,11754,18533,14719,10318,19113,15021,12033,10634,25943,18936,18790,17745,5902,12895,6697,15796,17918,6639,19116,24845,16256,10372,12243,25918,2714,18564,14871,5876,19834,6368,24868,8238,14925,10883,7118,16235,20032,10485,8152,18653,17875,19361,6051,6966,16202,7833,10618,8500,25861,5121,18813,7980,19646,3693,3155,8729,6964,8907,7776,11945,8113,18245,7845,4244,5189,16764,16540,7932,7542,7804,5684,12551,16616,6205,14386,8907,4815,11978,8390,16990,15664,4495,16010,8669,8351,10397,19416,2644,22249,18215,3871,7066,8976,17230,6828,16533,16611,16971,3345,21876,22586,2736,3227,12527,4836,15742,8535,3747,9175,23230,7036,19943,8262,8931,16465,16778,18194,2511,12226,9912,19589,6520,9071,20387,7541,8688,3291,4090,12456,19420,4660,6151,24888,6858,34197,3152,14791,4696,6472,4587,8836,18474,4864,14297,5435,4686,6838,2896,8640,17153,7889,17237,17490,25042,13724,12385,16669,18858,9147,2918,10123,13316,9755,12614,9190,19651,4147,18494,22184,8978,7552,8677,9177,4093,8375
11898,10002,12156,26757,22802,5451,9775,26712,18810,10143,7365,9594,8159,17269,7671,26653,13428,16986,21784,0,7671,6386,19944,4275,8517,13229,9101,14549,17881,8999,8195,9579,25909,5839,16253,20467,5511,7663,6936,16793,16248,13400,4989,3773,15925,5977,3487,6736,7957,5931,17181,9818,17610,6274,28296,6276,7464,17437,8641,19176,8138,8146,9621,9705,17441,18600,26369,14411,7291,4797,7935,13417,22440,10301,8037,9178,7998,5153,9651,7504,4631,8632,9671,13469,3891,13280,7728,26787,10319,17673,8273,15001,15991,5858,3971,7340,9774,8208,10061,16986,7318,4141,14838,14798,24357,4062,16103,15516,7453,14463,15572,16241,17836,15815,3636,10602,4102,16122,14777,9254,14594,9579,12629,9938,15856,7548,15962,16821,19255,22230,15972,17088,18139,16522,8487,20853,12971,11765,18922,25634,7972,7656,17155,14923,16224,23350,8019,9195,17788,8520,8820,18456,9403,14438,12118,8518,25187,8100,18672,19119,16224,7598,18832,8075,7416,24269,14674,13866,14072,24919,6195,9166,24903,19911,10137,4205,20735,19747,8009,21052,8460,19399,21947,13061,5838,15689,4747,14517,9404,8049,26686,7898,19010,8152,13225,11170,17477,8561,3587,17469,16968,20460,20948,18993,11387,18668,24295,4251,14220,12639,20601,15691,16311,16678,16954,17137,9679,17878,8461,23508,17989,16137,19333,15938,7620,14768,6929,8244,5392,15270,7917,9775,7680,8889,19021,11698,6725,12231,18951,8846,7117,24455,9435,9844,17597,17483,14508,8859,24505,14702
13527,3446,11484,15146,14670,16014,2670,14627,9054,2613,8439,2489,916,5535,0,16064,11478,9109,14412,8925,0,4418,9255,14559,12143,13642,617,7755,29835,7412,8122,9325,18719,12789,9873,10025,3991,5996,8237,8682,9126,6743,13547,5584,4317,8991,13731,8158,8984,2987,8779,2334,26793,13681,18227,14647,3334,11150,1708,13022,937,662,2138,2222,7045,10601,17779,4259,7836,5208,5719,5421,11735,2311,554,4000,9025,4700,2546,8581,5084,1148,2566,17663,9473,13692,8966,16184,3975,7315,7184,14429,7347,9632,14255,7546,3237,772,14784,6701,8589,5270,4694,15373,16271,14346,8143,11445,3529,4485,13828,15659,9438,7265,8629,10348,10169,4502,5025,9000,5394,2474,4633,14716,5954,8793,8402,15885,8741,11575,7125,7386,9281,7466,1003,8100,13384,5210,6713,15199,8999,8098,7743,5482,6556,13716,536,8496,6811,5666,1143,7682,4224,6135,11637,5839,13346,6073,8574,8956,10771,8836,6771,11701,7869,14429,6681,5676,11482,15286,8817,8468,17902,13969,11214,14489,13294,13866,526,12972,5606,9140,14305,6379,12502,5879,8902,6223,2849,6960,17962,7922,7139,789,5229,11092,7517,1078,8581,8197,8594,9719,12877,11531,11309,6331,14708,14535,6612,23505,13710,11075,7679,6390,6571,8742,8980,6179,5607,15501,7608,6453,13901,7332,8687,5720,9301,7716,15998,10698,891,9521,8747,602,13314,3091,4284,4235,10849,559,8918,14705,11236,12748,10283,8208,7294,572,14651,7786
10929,5206,9390,19692,17681,13178,4840,19208,10814,4327,8783,4659,3464,8083,2735,19150,9384,10869,16582,6010,2735,0,10969,10038,12135,11548,3734,9514,26877,7404,8273,9316,18811,12781,11587,11785,1076,6147,8388,10442,10840,8629,13538,2669,6864,8982,9251,8308,9135,995,10539,4882,24110,14042,19264,12922,2908,13320,3705,15191,3202,3210,4685,4770,9592,13339,21477,6807,7987,2294,5870,7590,13600,4480,3101,4151,9175,2259,4715,8732,2642,3696,4735,15336,6249,11598,9116,19279,5275,9074,7334,14420,9107,9767,9734,7696,4979,3320,16707,11445,8932,3037,7242,13280,17555,9825,9903,11929,2896,7033,13528,13565,11198,9631,5715,10339,6460,7049,6785,8991,7564,4644,6802,16585,8501,8943,10116,13791,10455,14792,8885,9100,10995,9226,3551,10626,11290,6970,9261,18196,9150,8248,9503,7651,8725,18222,3083,8646,9914,5816,3730,15337,4375,8304,9543,5990,16086,6223,10334,10716,12485,8987,11514,11692,8019,15243,9047,7846,9389,19952,8808,8618,17998,16138,11364,9969,15360,16035,3073,15142,5757,10900,15167,8265,12493,7639,6438,8393,4609,7111,21722,8072,9686,3216,7398,8998,9277,3626,5666,9957,10353,11433,15047,15115,9215,8879,17496,10015,8372,18505,15259,12104,9392,8150,10116,10501,9130,8727,5757,18484,9322,8819,16070,8771,8838,7890,9451,7306,13161,13588,2981,9512,8898,3719,15484,5887,2190,6404,13737,3676,6824,15425,9142,12898,11342,9968,9054,3689,17033,10510
20868,7513,17954,10816,4168,20763,8074,5725,9973,8092,16263,7893,8339,5648,8808,5524,16671,10029,3551,18096,8808,12903,0,20676,18730,17467,9898,9970,39315,14284,16092,15655,18650,19277,6013,11070,12621,11031,16361,10301,5266,9403,21878,13836,6530,15175,21011,14571,14518,11140,10397,6787,39010,19972,12050,24469,9828,2557,8428,5796,8441,8678,6823,7026,1998,13529,18058,6472,15854,13839,10754,5413,2676,7737,8707,9089,14657,13240,7653,16747,14912,8135,7969,23782,19430,18270,15597,5783,10229,8221,13648,15482,8163,16867,20666,15557,10274,8346,23601,2294,14715,14680,6483,19790,5758,22758,9762,14652,10463,6698,15439,18119,10062,4771,17345,15479,18038,6658,6547,15422,5168,7952,5835,21364,5728,16454,4599,17853,652,2437,10252,3324,5421,9300,8048,9033,16115,8035,2725,4874,16099,14389,9456,4877,4053,7428,8689,14414,7729,10700,8488,6339,9313,4071,16504,10928,4180,11107,10193,9875,6912,15473,2225,18142,14380,3741,4400,4780,18445,8573,16012,14409,16582,4996,17657,20664,2605,4878,8629,5747,10641,10059,3617,9077,21036,6617,18581,4159,8512,14021,18067,15810,2092,8328,5395,17213,8044,7965,18929,9065,10212,464,6049,13177,18832,5267,5428,20656,6439,29088,2670,13236,1850,7079,5194,10360,16035,5471,10641,5120,1645,4172,4547,9247,15014,5223,15116,15125,22907,13505,8488,15929,16504,9913,4569,7458,13732,7090,13335,9956,18685,4017,17793,17995,10502,9076,9284,9943,3963,4994
14990,16815,15135,27765,25289,1113,13119,29629,20898,14786,7673,12938,11503,21043,11015,29569,16788,20821,24851,3500,11015,9730,22788,0,2934,17204,12445,18362,18646,9307,7898,10209,27487,2420,17610,22374,8855,11179,7159,20627,17821,18628,1571,7117,17927,5954,639,7044,7573,9275,21002,15098,18370,2008,32143,2999,10808,22507,11985,24868,11482,13442,16685,16738,20319,22479,30780,19715,7599,8141,11451,16525,25217,13645,11381,12522,7613,8497,15237,7120,7975,11976,13015,10192,7293,15225,6953,29728,13663,19680,11789,16051,21665,5695,552,7648,14235,11552,6784,21903,7626,7485,20173,18768,29731,643,19903,16648,10797,19821,13686,18698,23847,17931,7828,11144,6447,18097,18630,9562,17018,12923,14172,6661,21261,7429,19530,19244,20035,22661,20148,17682,19853,18752,13267,22556,15436,16801,22079,28334,7588,7964,19230,15660,16813,28721,11363,8810,21782,12036,13330,24133,12746,18241,15112,12034,25357,11616,22876,23325,17702,6823,19976,4174,7724,27071,18384,17573,16612,30433,9711,8782,26581,25487,7270,787,25758,22978,11353,24784,11976,23625,24500,18526,2419,17747,8225,16595,14192,11565,28210,8206,22180,11496,15158,14599,19513,13601,7836,19563,22907,21091,22371,25207,16307,22444,26898,833,17710,9362,25468,18246,18724,20650,22417,20956,10283,19618,11977,28576,20666,16699,22518,20096,7323,15658,7151,11732,1128,18544,11261,9848,7383,12233,24463,15042,10069,14849,22840,12190,11762,27215,13955,5416,21449,19576,20150,12203,27317,18562
17211,14480,16412,26810,25533,2233,9408,24888,20759,10786,4940,9227,10861,18204,11159,27370,18280,20691,22886,6348,11159,12597,20644,3090,0,16768,10876,20096,20415,6574,4964,6308,30626,1049,16297,24395,11722,5502,4224,20500,16679,16757,1806,9984,17159,3019,3487,4109,4638,12142,20831,14106,22231,1940,31075,3638,13675,20843,10106,21532,10962,10878,15685,15789,20601,22444,31268,18867,4866,11008,5773,11718,22957,10431,11526,7258,4679,11364,9406,4185,10842,11863,9304,6033,10141,16559,4018,27553,8399,21111,6111,10855,21128,2761,2807,4915,14022,10867,3101,20134,4893,10352,17504,22180,27501,2577,21717,17222,13664,17285,10313,20090,23586,13883,10072,8210,9295,17311,17854,6829,13319,9821,10930,2979,18411,4494,15164,22640,18092,22693,19946,17036,16872,18492,10517,24190,18363,18029,20277,23545,4653,5231,20670,14838,16033,24138,11508,5875,21152,6358,10954,23103,6943,15771,16437,6357,25625,5939,20575,23120,16482,3889,20246,1240,4992,22502,15812,15099,18129,25654,4435,5847,29683,24068,4336,2236,23610,23939,11498,21456,6299,23464,22452,18360,1795,17041,11073,15789,13739,5888,28619,5473,20389,10850,11526,16105,20952,11693,10023,19175,20602,21034,23490,22826,16264,21430,27402,2190,18702,10027,23189,18850,18376,18157,19358,20783,7349,18675,6300,23733,18421,15880,21206,19849,4389,13579,4216,6055,2248,17436,11406,6913,4449,10891,20879,9350,13017,10532,25167,10934,13568,24904,16814,2482,21355,21148,18062,10921,25052,16105
4890,9735,1038,16588,21924,18277,14730,20463,7316,15314,18085,14549,12897,8610,13705,20425,920,8561,16260,11968,13705,11216,15848,15610,18481,0,12497,5498,23726,15682,15918,18180,13474,18119,20480,8721,10347,16211,17686,6648,17963,6664,17768,10694,8725,16448,16945,17551,16819,10446,7041,10460,23460,18438,19655,18017,10150,13647,14717,10581,12918,10979,9855,9939,15573,8424,14537,8668,17921,10949,14431,14671,17796,15472,14071,13600,16840,9959,17064,16855,9540,12699,14625,25336,7213,772,18849,20433,14741,7499,16111,21744,7531,16498,15661,16191,9625,14243,19843,15183,17865,11063,8350,3355,22795,16187,6801,2396,10138,8896,23216,3257,8037,15657,7411,16884,7132,8910,8640,19742,14118,16195,14032,19759,9310,16574,17213,3372,15459,19567,5780,15554,18164,5890,12611,9890,1130,7621,15432,20412,18514,18211,6911,16026,15339,19462,14053,19709,8116,15950,11195,9471,13824,15101,886,14294,21893,16006,6836,7218,20081,18662,15247,18272,16434,19032,15593,16385,949,22992,14083,19691,13295,15840,21451,17957,17627,14144,14044,10532,15798,7402,20863,6741,16277,8026,5778,16817,9986,15215,14583,18508,14005,14186,15361,3069,7701,12335,7533,7128,6856,16399,10436,10020,1459,8812,22800,18001,8106,25461,18037,2571,16806,7193,9232,7004,20206,9172,14379,20739,16749,16978,15501,5987,18286,15438,16269,16084,16594,2411,13951,20290,16521,12285,13874,16869,9352,17403,9197,12242,3348,19319,1695,18180,8052,7139,5949,12255,19174,16724
14810,3517,11045,16508,14611,14616,2786,16038,9124,3436,9396,2605,1047,5594,1844,14500,11038,9179,14528,7716,1844,3209,10078,11831,12316,13202,0,7825,27125,7528,9079,9937,18491,12962,10696,10096,2782,6953,9194,8752,9949,6667,13720,4375,4375,9164,11043,9115,9941,1779,8849,2393,29591,13853,18042,14806,2837,7042,1131,13138,1026,721,2196,2281,7104,10671,17571,4318,8793,3999,6676,5537,12559,2427,1012,4957,9982,3965,2662,9538,4348,1214,2682,19679,7955,13252,9923,16099,4920,7385,8141,15042,7417,9805,11526,8502,3161,1097,16499,6760,9545,4743,4753,14934,16191,11617,8214,13583,3031,4544,14441,15219,9508,7381,7421,10961,8166,4560,5095,9613,5510,2590,4749,14901,6012,9750,9225,15445,9564,12399,7195,8210,10105,7537,1069,8159,12944,5280,6772,13740,9956,9055,7813,5598,6672,15029,994,9453,8225,6622,1066,7741,5181,6251,11197,6796,14648,7029,8644,9026,11595,9793,6830,11874,8826,15364,6797,5792,11043,15205,8990,9424,16035,14085,12170,11761,14117,13982,969,13088,6563,9210,15128,6303,12675,5949,8144,6339,2919,7917,19568,8878,7197,1041,5345,10652,7588,1149,7372,8268,8664,10542,12993,11601,10869,6390,14638,11807,6682,23665,14534,13758,8502,6460,8426,8812,9937,6238,6564,14016,8431,6569,8863,7402,9644,5836,10258,8084,14637,10768,806,10134,9704,15,13430,3834,3844,4351,10919,58,8479,15528,10796,13705,10353,8278,7365,45,15475,9620
11422,4237,6611,9493,13644,20972,9153,15466,2684,8278,17847,8972,7399,3854,7275,13997,6479,3929,10169,16036,7275,9350,9716,20238,18233,5800,6999,0,32585,14917,17391,18948,8842,20130,15986,4089,8909,15423,15980,2016,15077,1167,18317,10148,3228,16916,18364,15769,16374,7905,2409,6465,29291,18767,10727,20587,6699,7886,7596,5825,7420,6337,4951,4442,7947,3792,9905,3170,15922,10126,15045,11083,11193,8172,7477,10429,16451,9291,9029,18407,9674,7201,9048,26952,12772,6331,18793,15417,10392,2742,15484,21582,2774,17018,20269,15751,4128,7562,21423,7603,16035,10516,3606,9435,14261,18721,2170,4582,7334,3398,19104,8777,4164,12361,12970,17866,12691,3413,3142,18640,11056,8957,10295,23528,5104,18060,12802,8891,9522,11032,282,13465,15259,939,7114,5112,6226,2123,7616,15606,18074,16109,2155,11144,12218,14686,7459,17074,3360,13665,6719,4715,10653,11797,6692,14827,14989,13769,2204,2586,14034,18603,7673,17842,17681,11604,11777,11339,6508,14383,14449,17060,8663,6772,21550,18796,10469,6669,7435,5775,14897,2770,11480,1243,19917,3388,11351,11535,4489,15934,9952,17941,8041,7506,10891,8642,2945,6837,13092,2372,2224,10057,5680,5388,7018,3870,15734,20741,3390,26715,11186,4212,9767,2437,4476,2372,19228,4416,13556,15973,9697,11549,6704,489,16437,11383,16259,15498,19044,3834,7271,19241,18042,6787,6117,9364,7993,9897,4565,6744,8920,11880,7268,20767,3420,2383,452,6757,11826,13197
19145,28581,23029,44040,40380,17636,27774,45895,34894,31348,27138,30447,27332,32050,27069,41591,25152,34795,40896,19708,27069,24386,35670,16918,22501,26150,29896,29564,0,28337,24356,29694,35828,19430,37550,36574,26334,27996,24210,31401,34113,31356,20299,24090,33925,22948,17958,26885,25250,24848,35089,28879,506,18810,41282,17103,25466,34584,29748,39061,30181,27672,31683,28694,38277,36008,39347,33891,24879,22758,25484,34043,37946,28159,27171,26291,25125,24724,27830,24568,22141,30496,27674,21445,20072,25224,26858,41684,28141,31681,28109,34654,34786,25177,16972,25098,26568,27238,22418,34277,26990,22365,34357,25070,46061,19216,31004,26282,24840,30671,30571,24880,35877,32228,18490,25802,17774,34132,29779,26876,31082,30242,33074,20300,35489,24590,33842,25625,35068,37779,29645,33332,37826,33313,27801,34360,23394,32075,38004,45033,25138,27677,31175,31395,35903,44858,29953,26411,35118,28155,27446,38149,26024,35589,22851,25581,44544,25446,34893,35283,34071,26828,37883,20955,27599,39561,32544,34970,24959,42261,25394,26398,38441,40291,24591,17506,38211,40072,27118,38985,25541,32125,43513,28394,21516,30488,21083,32375,27060,28205,36065,25406,34544,29993,33939,24150,34696,30963,18632,34416,34920,36172,35336,33030,24426,36623,46009,19344,30538,14474,38194,26292,34029,34186,33352,35055,29480,35967,28174,45332,34031,35824,39745,29710,27019,31221,26578,28000,19418,26294,29727,29681,26996,27126,39436,30854,23832,32126,32888,29929,22464,43822,22266,25061,31988,31240,29740,29903,43827,35871
17975,9398,17158,24257,19103,7944,4819,21078,17262,6086,3363,4638,6588,13785,6886,21017,15854,18971,15217,8107,6886,8309,11415,8801,6114,17284,6603,16441,25710,0,2853,2789,24649,6760,11067,18420,8027,938,2968,18776,10320,13540,7518,9535,10259,2961,9259,2889,3715,7286,17283,8400,25451,7651,23349,9349,8718,13684,5833,16779,6690,6605,8080,8165,13345,19015,25427,10202,2567,9244,1209,7166,16602,5840,7253,2985,3756,9209,5193,3312,9593,6572,4715,11858,10180,15796,3697,21214,4126,16737,1915,7894,15256,3603,8519,2277,9170,6595,8926,13908,3513,9903,14604,19087,21126,8289,17834,15111,8912,10428,7002,21070,19538,9010,9623,3813,10391,10444,10976,2465,7139,5085,6378,8803,13993,3524,9549,19373,10901,16324,14707,8899,10475,16487,6244,19538,15698,11161,11835,19492,3730,2829,16403,7227,8300,18433,7235,3227,16705,2086,6681,16350,2670,7879,17272,1792,19205,1374,17027,19177,12637,3567,13838,5671,2600,16714,8426,7421,15771,21942,2788,3199,23898,18486,5945,7947,15725,16691,7225,18413,2026,19568,18375,14813,6472,11830,10734,7968,8800,450,25617,2653,13705,6577,6973,15690,15083,6600,9575,16980,17052,13376,18223,19364,15763,16441,19070,7901,11204,18258,15260,14961,9839,14175,16261,17233,3711,14155,1287,17855,9768,8198,17779,14566,3418,7465,4032,1858,7960,15367,6748,2986,3478,6619,15807,4797,9137,5980,21413,6661,14982,18496,16075,7479,17892,15416,16114,6648,18673,9530
17739,11277,15736,23323,20834,6466,6698,22793,20054,8392,1326,6517,8467,16489,8765,20625,17629,19993,18424,7029,8765,9795,14601,7323,4636,17545,8482,15779,26845,2959,0,3350,28127,5282,12614,21406,10195,3108,330,17958,12682,14359,6040,8457,15511,1483,7781,35,1680,9432,18231,10279,26563,6173,27200,7871,11344,15092,7712,19911,8568,8484,9959,10043,16296,21978,28930,14034,1251,9481,3379,9324,18314,8037,9132,4864,1721,9837,7071,1227,9315,9469,6594,10380,9102,17574,1595,20801,5639,16239,2778,8592,17959,2157,7041,1300,11049,8473,7448,14386,1278,8825,14373,21324,20728,6811,17114,15628,12571,14265,7700,19361,20625,10854,8545,4562,9313,15651,12855,3214,9297,7427,8536,7326,16719,1449,11095,21682,13972,18039,17181,11058,12837,17507,8123,20796,17525,13651,14491,21228,1695,1617,15906,9385,10459,22015,9114,2917,16229,3964,8560,17595,4549,10038,15818,3963,18993,3545,19810,18357,14538,1465,15966,4194,1377,20141,10584,9579,15896,21460,1709,2889,27265,18146,4150,6469,19026,19898,9104,19830,3905,20612,18230,15714,4994,14024,9656,10126,10679,2494,26455,1859,14598,8456,9132,17350,16124,9299,8496,16404,17999,16438,17826,20300,15839,16131,22740,6423,13919,16506,18535,15485,11997,15225,15989,20039,3402,15362,3906,19434,11927,10356,19294,17041,1343,9623,1684,2468,6482,17497,8627,3547,1403,8497,17179,6956,10624,8138,20349,8540,13490,18347,14690,3585,18820,18091,15516,8527,20392,11077
20401,11553,19913,26092,18110,9262,6975,22037,21458,8732,2217,6794,8744,17353,9042,19939,20227,19424,18095,9725,9042,10135,14203,10119,7431,20038,8759,17191,26942,3413,2911,0,29632,8077,10694,22657,9853,3360,2836,19253,8764,17472,8835,11153,15039,4249,10576,2946,2684,9772,19476,10556,26691,9364,27530,9884,11684,16752,7989,20426,8845,8760,10236,10320,14773,23390,27701,16534,2124,11070,4295,9321,15991,8377,9409,5141,2725,11035,7348,2281,11419,8728,6870,10236,13340,18295,2666,20136,6282,19050,1973,4794,17371,4853,9836,2292,14763,8750,7304,15898,2366,11521,15285,23788,22050,9606,20272,19355,12911,16843,4253,23823,19882,9443,11241,1239,14817,16684,15782,635,9294,7240,8533,7181,15948,2493,9176,21865,13613,17330,16968,9920,8919,17182,8400,19704,20057,16475,14486,20289,2699,1876,18754,9382,9768,21377,9390,393,17234,4241,8837,20037,4825,9682,20026,4215,18217,3796,19223,21585,10621,2536,14518,6694,1926,17578,10582,9576,20135,20797,4405,421,28833,20218,3115,9265,18450,20155,9381,20349,4182,19945,19343,17363,8824,16590,13469,9554,10956,2685,30727,1622,16092,8733,9129,20039,18954,9639,11192,17562,21214,14422,18277,23761,20123,16810,19898,9219,16445,18483,17813,19188,11417,17950,16614,19427,472,16065,4182,20433,10991,10354,17706,16816,2387,9621,3001,2922,9277,19639,8904,237,2447,8774,17390,6953,10963,8135,23848,8817,16055,19401,18827,4649,20101,19366,18594,8804,19623,9666
18393,15625,14589,10936,18328,28290,21461,17612,6256,17993,28586,21348,19073,12190,18719,17606,14702,6311,15631,23507,16984,20733,16921,30295,27787,13532,16777,8382,39489,27167,25520,26885,0,30557,25311,5158,20755,23732,28347,6649,22025,9548,27659,19782,10180,27607,27380,25510,26115,17938,6169,14945,35573,31046,12170,32866,17547,15760,17445,10193,19028,18179,14653,15957,15020,4733,1241,10122,28286,19743,23388,20132,19319,18596,19016,20974,26192,20748,21405,26443,19080,17129,19458,37540,22163,14655,29530,19251,20651,9051,27797,28942,8038,27704,30337,25493,13852,17416,34147,16558,28411,19408,12407,10840,17876,27943,7053,11966,16141,10350,31465,10903,5639,20338,21980,25940,20510,10365,10094,26608,19211,19455,20012,30904,12272,28799,21154,10768,18747,19485,8664,19145,24403,8122,17085,8991,13273,10174,16695,20647,26140,28492,8464,19512,21562,16844,18988,29525,11503,23401,16376,11885,21320,19486,13365,25558,20077,23507,6504,5895,22437,29339,16525,27436,25784,19528,19962,19669,14905,19287,26614,29510,1115,11627,29294,28031,18506,11524,17130,10144,25628,6342,19422,9625,27537,9585,19065,19634,15792,24192,931,28675,16598,19202,21186,14228,8208,16859,21991,8051,6524,19037,11594,4371,13974,12254,17963,30927,9665,39090,19464,11596,17912,8933,12123,6132,29923,12134,25671,20981,19645,21741,12618,8870,26179,20864,28653,25236,28304,11218,19131,27154,28779,18469,12032,21354,16592,21629,4529,18401,18086,18031,14270,28542,5958,8062,8833,18425,17713,21326
18296,16175,17690,29862,23772,1719,10457,25460,22927,11835,5989,10276,11910,18449,12208,28000,16204,20731,23442,5834,12208,12064,21246,2576,1049,16440,12528,18264,21415,7622,6012,8324,27724,0,17168,22209,11189,6551,5273,20539,17508,16786,967,9450,19139,4068,2973,5158,5687,11609,23016,14361,19184,1425,28484,3124,13142,21309,11155,21826,12011,12530,15940,16030,21104,22463,28268,17325,5914,10475,6822,14698,23597,11480,12574,8307,5728,10728,10454,5234,10309,12912,10353,6448,9627,17836,5067,28177,9448,21271,6785,11904,21276,3810,2293,5964,14055,11916,3252,18716,5941,9819,17721,21773,25532,2063,19760,18797,13131,17472,11362,21724,23665,14543,10161,9258,8781,19313,16383,7877,13899,10723,11979,3129,18654,5543,15877,20188,20540,21176,18143,16075,16065,18561,11566,22125,17980,18152,18854,26630,5702,6280,18884,15502,15174,27210,12556,6924,19350,7407,12607,23396,7991,14928,16062,7405,23851,6987,22737,21034,17329,4937,20741,2288,6040,23089,14992,15780,16060,28894,5484,6896,29597,24473,5385,1606,21975,24335,12200,21750,7348,23515,23035,16688,158,17229,10558,14953,15251,7157,31442,6522,20890,11899,13629,15680,19148,12742,10170,19282,22767,21657,23823,25182,15850,21714,28045,1560,18920,9859,21626,16942,17244,20185,21638,20835,8397,20871,7348,24359,17281,16579,23783,19912,5437,15593,5265,7103,1734,19023,11939,7962,5497,12544,21252,10398,14066,11581,25180,12587,14096,23193,16402,3530,23572,19295,18118,12574,25697,15229
22692,11462,20723,18847,10909,17318,7486,12580,15956,7505,11748,7305,8758,12265,9228,12479,21132,17581,10953,17913,9228,11774,6000,19409,14787,18582,9310,14505,34070,11990,12461,9748,22965,15577,0,18140,11492,11579,12576,15840,780,15112,18073,13085,13479,13777,18118,12497,12216,11411,15872,8922,37256,17961,18213,18513,13323,10339,9100,11869,8860,9125,10219,10303,7242,17518,26475,13477,11656,12709,11303,4388,9928,7150,9091,8501,12191,12674,7065,11813,13058,8582,7381,18653,17373,21038,12198,12420,9642,13376,11523,12118,14933,14418,19373,11884,12086,8765,18560,6966,11898,13453,13100,23646,12886,19110,16594,16690,14484,11178,11650,21569,17608,3047,17108,10771,17680,13275,12155,9599,4580,7365,5247,18528,12345,12024,1857,23716,5565,9660,14210,3416,935,14114,8495,16307,18756,12340,6911,11615,12165,11407,14729,4289,3371,12201,9073,10141,13746,11249,9455,12357,8725,3285,20923,11755,10921,11656,17269,15905,446,12068,7036,15613,11458,10408,4835,4235,21133,13346,13603,10169,24778,11606,12808,19085,9162,11487,9049,11820,11190,16275,10173,15034,16991,11096,18678,3157,12067,11727,24088,11153,7336,8748,4806,21413,14762,8412,16897,15395,17286,6465,12066,19558,21366,12725,12669,17290,10918,27900,9578,16530,4914,13696,12595,15829,10926,12087,11190,11861,4488,4607,11189,14005,11919,4636,12532,11498,17339,16948,8907,9944,11979,9325,10782,6870,12603,6502,17909,9368,20119,10573,18241,14695,16530,13970,15483,9355,10519,3269
14820,7147,9267,6871,13636,23022,12184,15746,1528,10319,19807,12003,9165,5413,10038,15595,9135,1584,11589,18569,10038,12099,11015,24660,22134,8456,9864,3654,33184,20302,19422,20557,5233,24478,16459,0,11672,17543,21641,1922,15532,4821,22296,14404,5440,21076,22382,21392,19924,10668,1430,8001,32914,22729,8105,27095,9462,7834,11050,6109,9186,8391,7014,7351,9446,1506,6296,5383,21505,15602,17194,14978,11964,10213,10404,16240,20014,13445,12060,22394,13737,9242,12080,28302,17434,8987,22799,15586,15997,3039,19009,22420,2860,21186,22401,19319,7557,10427,25311,10003,21672,15382,5630,9583,16002,22721,2313,7238,10097,5611,22047,9646,739,15206,17188,19700,17922,5805,5355,22355,15385,11988,13493,25237,5495,20003,14658,9510,11668,11804,3936,14885,17256,3383,9154,2263,8882,5435,9151,13483,22000,19674,3724,15094,14014,15318,10386,20499,3357,18958,8607,4320,16646,14288,9349,18723,13648,17316,1765,1166,17565,20516,9933,21718,19615,13135,13427,14996,9164,16463,18233,22580,5054,7265,23172,25124,11889,7162,10299,6059,17054,1614,12900,4897,22014,4923,16270,14376,7918,17979,6342,19812,9800,10444,12148,11298,3031,8877,17133,2683,1785,11357,6347,2121,9674,4812,15785,25146,4925,33875,11957,6868,11567,3597,5325,1393,22966,5357,17091,13811,11496,14389,8307,4143,22109,15440,21956,20979,25392,6491,10135,22956,22038,9652,7720,15014,10756,11938,1754,9609,11577,13300,9924,22602,1229,2714,4106,9622,13246,16296
11587,5235,10048,20001,16517,12732,4869,19709,10843,4356,8904,4688,3493,8112,2764,17830,10041,10898,14755,5566,2764,970,10998,9594,11631,12205,3764,9544,23893,7525,8394,9200,18831,12277,11663,11814,0,6268,8509,10471,10916,8658,13035,1660,6893,8479,8866,8429,9256,1025,10568,4911,26030,13598,21542,12478,3575,14252,3734,16116,3231,3239,4714,4799,9622,13412,19479,6836,8108,1318,5991,7620,15514,4544,3131,4272,9296,1814,4745,8853,2198,3725,4764,16816,6161,12255,9238,19777,5413,9104,7456,14357,9136,9323,9290,7817,5008,3263,16263,9278,9054,1379,7271,13937,19853,9381,9932,12586,3563,7062,13412,14222,11227,9464,5270,10276,6372,7078,6814,8927,7593,4673,6832,16140,8530,9064,10145,14448,10484,13900,8914,9129,11071,9565,3580,10656,11947,6999,9290,16987,9271,8285,9532,7681,8754,18715,3113,8767,9387,5937,3759,16269,4496,8333,10200,6111,18250,6344,10363,10745,12562,9108,9348,11189,8141,15713,8880,7875,10046,18550,8305,8739,18004,13567,11485,9524,15869,13411,3103,16067,5878,10929,17234,8294,11990,7668,5994,8422,4638,7232,19708,8193,9715,3246,7428,9656,9306,3655,5222,9986,10383,11462,15979,15200,9872,8908,17955,9570,8401,20047,15785,12762,9422,8179,9148,10531,9252,8756,5879,19014,9351,8652,17002,8800,8959,7919,9572,7427,12716,14245,3010,9396,9019,3748,16416,5917,2848,6434,15216,3705,7482,17523,9800,13020,11372,9997,9083,3718,15923,10539
18819,8861,14600,23479,16993,7227,4283,20654,16361,5549,2924,4102,6052,15502,6350,20592,16409,16309,14717,7390,6350,7772,10879,8084,5397,14708,6067,13993,25401,2221,2414,3220,26157,6043,10531,19335,7490,0,2529,17779,9703,11539,6801,8818,9723,2244,8542,2450,3276,6750,16386,7864,27706,6934,22655,8632,8182,13629,5297,17690,6153,6068,7544,7628,14284,18112,27001,9665,2128,9842,271,6629,16175,5304,6384,2395,3317,10095,4656,2873,9677,6036,4178,11293,9463,14830,3258,20782,3569,15790,1476,8377,15861,2886,7802,1837,8634,6058,8096,14642,3074,9186,10101,18111,18795,7572,16840,15579,8376,9891,7422,19996,18564,8474,8906,4296,9900,9908,9480,2948,6602,4548,5841,7973,15582,3085,9012,20275,10365,14431,15197,8363,9858,14053,5708,16910,14727,9665,11299,17365,3291,2305,14011,6690,7764,18014,6366,2788,15767,407,6145,15592,2080,7343,14705,749,17079,213,17778,16506,12101,3128,14572,4954,2161,16342,7890,6885,16320,21506,2071,2759,25320,17763,5505,7230,15298,16026,6342,17609,385,18579,17960,11920,5755,10334,10017,7432,8264,1252,27215,2214,14439,6041,6437,14735,15671,6064,8858,16010,16155,11343,17425,20351,16318,15584,20613,7184,10667,16717,14881,13986,9302,14674,15419,16337,3272,13373,349,19343,9232,7662,17057,13651,2979,6929,3140,1419,7243,15861,6200,3417,3039,6082,15150,4261,8601,5443,18524,6125,13235,18105,13625,7040,16989,16020,15106,6112,16570,8994
19619,10910,15855,25968,19143,6593,6332,23059,20283,7827,875,6151,8101,15189,8399,20866,16110,18347,18693,7163,8399,9229,14844,7450,4762,16047,8116,17613,26683,2508,415,3088,25719,5409,11792,19635,8947,2717,0,18164,11046,14556,6166,8590,15758,1610,7908,451,1261,8866,20323,9913,26402,6300,27462,7998,10779,16901,7346,20171,8202,8117,9593,9677,15029,22205,26442,14257,800,9615,3652,8678,16858,7353,8765,4498,1302,9868,6705,808,9449,8085,6227,10772,9236,16061,1423,21043,5639,18139,2102,8192,16512,2284,7167,849,10682,8107,7575,16124,827,8959,16089,19477,23112,6937,19091,15792,11940,15967,7290,21479,18925,10289,8679,4111,9672,14424,14816,2763,8651,6597,7890,7452,16971,1057,11457,19807,15668,18306,17405,10412,11201,16091,7757,19094,16024,13860,16239,21492,1277,1165,17769,8739,9813,20218,8747,2615,18130,3598,8194,17828,4182,9392,15935,3571,21199,3153,20039,20463,12902,1293,14729,4320,926,18515,9938,8933,17645,23920,1843,2587,27481,18387,3441,6596,19294,18294,8391,18228,3539,20841,20359,15932,5121,14245,9790,9480,10313,2042,26651,1407,16358,8090,8486,15845,16342,8113,8630,16618,20068,15157,19908,22602,15946,16362,20873,6550,14141,16262,18801,17248,11351,15444,16222,18390,3100,15594,3539,21683,11281,9710,19559,15666,925,8977,536,2017,6608,16038,8249,3284,985,8131,19200,6310,10058,7492,20555,8174,14960,18588,14802,4975,20970,18327,17327,8161,18743,10512
12277,6013,7466,8048,13536,21302,11049,13599,897,9184,20237,10869,8031,4289,8903,13571,7334,952,9974,18508,8903,10964,10031,22734,22594,6655,8729,1853,34609,17036,19793,21220,6787,22637,17459,2034,10538,16131,20020,0,14954,3019,20592,12130,4306,19372,22726,17947,18516,9534,622,6866,31130,21043,9282,25196,8328,7513,9915,5613,8052,7256,5880,6217,8348,2394,7850,4248,18079,11755,17397,11990,10979,9078,9270,14719,20498,10919,10925,20798,11303,8107,10945,29437,13997,7185,21193,14906,12020,2208,17613,21396,2029,19477,22766,19728,5980,9292,26107,8004,18209,12498,4215,10289,13846,23137,1179,5437,8963,4476,23111,9632,2294,15344,13775,18325,15914,4491,4220,20914,11205,10854,11202,26024,4989,18555,15522,9746,9923,10819,2135,13900,16641,2248,8020,3441,7080,3976,8017,15466,20440,18256,2590,12655,13083,14333,9252,21119,2526,17410,7472,4390,13706,11849,7547,15583,14844,15905,417,799,16906,19057,8074,22156,18193,11520,12178,12245,7362,13830,16680,21105,6608,7207,23945,23221,10273,7104,9242,5564,15648,983,11285,3096,20345,3789,12205,11937,6341,16583,7896,20294,8442,9236,11014,9496,2200,7743,15128,1773,437,10373,6115,3333,7872,4491,13883,23245,3791,28953,10973,5067,10432,3059,4887,584,19519,4933,15686,15834,10362,11950,7139,2341,18608,11481,18446,17632,23496,4689,9001,19522,20437,8517,6553,10270,9621,10804,2510,8475,9775,11684,8122,23220,1425,1783,2304,8487,11631,15311
24479,10715,18211,17769,10162,19391,6739,11833,16603,6758,11540,6558,8012,11518,8481,11732,18586,15061,10207,17908,8481,11027,5254,19642,15133,19799,8563,13680,37598,11781,12253,9539,24275,15885,780,17118,10745,10134,12368,16482,0,13468,16668,12338,12732,12331,18303,12288,12007,10664,14974,8175,37301,16605,19001,20764,12577,9593,8353,11122,8113,8378,9472,9557,6495,16606,23089,12730,11447,11963,9857,3642,9182,6403,8344,7754,11983,11928,6318,11604,12311,7835,6635,21215,18887,20389,11989,11673,8895,13491,11314,11909,13433,12973,17792,11676,11273,8018,17320,6219,11689,12706,12353,22885,12139,17590,15630,17617,13737,10431,11441,23018,15061,2300,18589,10562,17461,12528,11408,9391,3833,6618,4500,19053,11598,11816,1110,22935,4819,8834,13383,2670,155,14621,7748,15253,20004,11594,6164,10868,11957,11199,14726,3543,2625,11455,8326,9933,13000,9803,8642,11610,7978,2538,20278,10309,10175,10210,14775,15003,1678,11859,6289,15996,11249,9662,4088,3489,20495,12600,12158,9961,23755,10859,12600,17574,8415,10741,8302,11073,9744,15371,9426,13133,15718,10349,18358,2410,11320,11518,23151,10945,6589,8001,4059,20807,13315,7665,18361,14336,14790,5718,11320,16826,18825,11979,11922,19344,10172,28308,8831,17441,4167,12949,11848,14933,10718,11341,9745,11114,4097,3860,10442,15921,11710,3889,12324,11290,17614,16238,8160,9736,11770,8579,10035,6123,11856,5755,18730,8622,19631,9826,17697,13806,15630,14346,15958,8609,9772,2523
13222,3826,8411,10680,13849,19351,8622,14436,4474,7867,14780,8442,6601,4074,6476,14396,8279,4530,10141,13480,6476,8552,9102,16901,18469,7600,6201,2184,28450,14924,15826,15853,10087,18501,13711,5446,8111,11572,16043,4121,15168,0,18562,9350,2856,13894,18641,15816,14980,7107,4199,4550,28175,19056,11914,19117,5901,6878,6798,7036,6621,5926,4539,4742,8004,6021,11150,2798,14516,9328,11295,10672,10459,7761,6679,9630,16590,8492,8498,15286,8876,6789,8502,25330,13273,8131,17228,14411,9593,4149,14099,18414,4181,13985,16929,15819,3329,6764,21985,7660,16112,9718,3234,11235,16147,17253,3564,6382,6536,3026,19731,10577,4858,12516,12945,16350,13969,3041,2770,17164,10645,8427,9884,19871,4493,14973,14397,10692,9579,10299,2062,13380,15323,2713,6702,6299,8026,1751,7673,15837,16534,16214,3163,10733,11807,13434,6661,15716,4547,11242,5920,6086,9854,11385,8492,11470,13819,11649,3994,4376,14622,17037,7730,16368,14642,11687,11932,10927,8308,14857,13609,17306,9908,7959,19985,17327,10440,7856,6636,6986,11182,4560,11452,170,16593,2714,12702,11474,3690,12536,11196,16410,8098,6708,10480,10442,4352,6425,12896,3618,4014,9444,6867,6951,8818,5243,14651,19121,3447,27863,10453,6012,10088,3225,5191,4162,17743,4718,11183,14697,10017,11704,7891,1948,16555,10971,14832,15552,19369,5635,6472,17763,14953,5989,7304,8952,7194,9486,6269,5946,11829,13280,9068,19166,5220,3628,1985,5959,11798,14792
17610,14910,15697,27388,24397,896,11275,26049,20859,12653,6605,11094,12956,18719,12468,25994,15829,20786,24024,4954,12468,11183,19850,1695,1866,16121,13736,20188,18418,8238,6830,9045,30485,1202,16398,24574,10308,7368,6090,22696,18370,16842,0,8570,17600,4885,2153,5976,6504,10728,23090,16155,18170,1360,28783,2466,12261,21804,11972,24401,12935,12943,16240,14803,21635,24789,31040,19354,6530,9594,7640,14001,24263,12298,12834,9124,6545,9847,11272,6051,9428,13730,11170,6547,8746,15813,5885,28820,10265,21456,7602,12625,19460,4627,1412,6580,14127,13005,3351,21152,6557,8938,17965,19382,26129,1183,21860,18631,12250,19494,12084,21302,21557,16796,9281,9980,7900,17763,16599,8493,14519,11540,12796,3228,18921,6361,16622,19833,21171,21786,18211,18435,18574,20557,12384,24598,15976,18307,21314,27332,6519,6896,20981,16210,17454,25256,12816,7742,21525,8225,13456,23710,8809,15583,17299,8223,26972,7805,22813,21104,16522,5755,19294,3106,6656,26117,15674,16502,17281,29533,6301,7713,26774,22591,6106,846,22550,24752,12806,24317,8165,23580,23639,18456,1127,19228,9678,17211,13978,7773,31336,7138,21420,12949,15698,15261,21281,13559,9289,21393,22843,20240,24176,22880,15442,22023,28708,800,17393,9099,22235,16799,17846,18495,21966,23038,9119,21187,8166,25005,17879,17316,24217,19999,6255,16263,6082,7921,912,18846,12714,8684,6315,13751,23858,11216,11522,12398,22866,13481,13216,23810,14520,4252,21432,21406,18196,13494,23921,15880
10834,6273,8942,19852,20447,11046,6248,21936,11881,5735,9101,6067,4631,9790,4143,21879,8936,11936,16971,3837,4143,2859,15249,7865,10252,9638,5210,10581,21857,8904,9719,10577,21803,10898,15373,15875,1983,7593,8604,11509,14626,9696,11656,0,8572,7712,8720,8471,9693,2404,11605,6290,21581,11869,23421,10749,3937,15631,5113,14719,4610,4618,6093,6178,11296,16063,20331,8514,9026,999,7316,8999,16111,5923,4510,5651,9734,1626,6124,9240,2009,5104,6143,15821,4432,9694,9464,22002,6792,10141,8781,13683,10173,7594,7561,9142,6045,4681,14534,10952,9053,613,8949,14287,22083,7652,10970,11481,3925,8740,14790,14572,15061,13371,3541,11601,4643,8757,7851,10252,8972,6052,8211,14411,10209,9277,13855,12088,14194,15937,9952,12839,14781,10602,4959,14571,9380,8037,10964,20967,9708,9610,10569,9060,10133,18995,4492,10092,10677,7262,4930,14010,5875,9712,9095,7490,18593,7669,11401,11782,16272,9334,11022,9810,9466,17746,12787,9254,8941,20565,7930,10064,18911,17020,11872,7795,16425,15277,4482,14643,7203,14864,17669,9332,10611,8706,4265,9801,5676,8557,20587,9518,11389,4625,8807,8611,10344,5034,3493,11024,11420,14328,14545,16491,8828,10586,22022,7841,9438,18172,16357,11656,13132,9217,11183,11568,10576,10434,7204,21259,13061,12559,16385,9838,9356,9298,8664,8752,10987,11652,4389,10774,9416,4999,16042,7296,3197,7813,14948,4956,6376,17933,8694,11580,14899,11035,10121,4969,17955,14250
14320,3300,9206,8203,9914,18405,6305,12047,4260,5598,15904,6124,4551,1278,5042,11873,9074,4315,7867,14449,5042,7362,6890,19758,18912,8395,4216,3541,30781,11047,14074,16575,9872,17365,13698,5231,6935,9576,14297,3907,12951,3267,19398,8528,0,13935,19896,15493,15979,5932,3985,3315,30504,17950,9437,22003,5616,4666,5343,4670,4572,3776,2327,2530,5321,5807,10936,57,15559,8152,9300,8403,8242,5492,4827,7635,14595,8207,6180,14940,8591,4521,6200,25530,12464,8926,15320,11814,7610,2521,14958,18625,2987,15478,17942,13909,4137,4711,22347,5020,15760,8896,438,12030,12280,20011,3349,7177,6251,559,16504,12315,4644,12607,11573,15693,13684,245,1124,14767,8376,6109,7615,20207,1697,16120,12180,11487,7543,8003,3308,11163,13106,2672,4433,3822,8821,1610,5241,10620,14542,15716,2949,8464,12004,11596,4809,16536,2554,9246,3992,3425,7859,9073,9288,9474,9927,9653,3780,4162,14596,16702,5609,16688,14206,9414,9403,8658,9103,12741,11614,16523,9694,5593,19596,20074,8167,5431,4785,4621,9187,4346,9178,2941,17166,481,12417,9161,4498,10540,10982,14375,5476,4694,8211,11237,2869,4157,11525,3403,3800,7232,4502,6737,9613,2074,12063,18225,303,26475,8236,6807,7393,1596,2314,3948,15326,1922,9187,10867,7322,9174,5133,3114,16189,8702,16076,14994,20305,6430,4721,16874,14626,4232,4726,6684,6909,7217,6055,4275,11544,9578,9863,17358,4788,3414,3151,4262,9524,12574
18114,10801,16192,23435,21624,5098,6539,23513,19645,7917,2218,6358,7992,14912,8290,23452,14929,17763,17216,6273,8290,9319,16725,5955,3267,14923,8610,15348,25292,3852,3018,4362,25048,3914,12138,19123,9439,2633,1502,17576,11391,15314,4671,7701,15358,0,6413,1659,2692,8956,19703,9804,22689,4805,27344,6503,10869,16982,7237,18155,8093,8612,10087,10172,16717,21548,28348,13894,2143,8725,2904,8849,19040,7560,8656,4389,2733,8979,6912,2239,8560,8994,6434,9163,8346,16406,2073,23635,5530,17661,3242,9536,16059,756,5672,2193,10573,7998,5966,14748,2170,8069,14260,18352,21399,5442,16750,14864,12029,14093,8575,18352,20279,10379,7789,5232,8783,15513,12023,4107,8822,6951,8061,5844,16665,2400,10620,18704,14537,18777,16731,10582,11546,15522,7648,18746,16400,13321,14872,22046,2708,2509,15656,8910,9983,22685,8638,3930,16037,3489,8689,19425,4073,9562,14759,3487,21715,3069,19418,18012,14063,1943,14850,2825,2269,20886,10109,9104,14820,22098,2096,3902,26711,20256,4628,5101,17866,18269,8282,18080,3430,20217,20830,13793,3626,15264,8900,9651,10204,3018,28595,2751,14975,7981,8657,14617,17517,8824,7741,17767,17645,17116,19759,21956,14730,17773,21310,5055,15166,14040,19274,16232,11522,15013,17652,19648,4414,15354,3430,20195,11451,9881,17743,15070,2443,9148,1494,3185,5517,16644,8140,4559,2503,8626,17415,6480,10148,7663,19952,8669,12533,19046,13608,4595,18439,17779,16669,8656,19177,10601
14544,16971,16398,30747,28269,2464,14030,27215,23027,13714,11792,13849,12414,19235,11926,27160,14960,20814,22848,3889,11926,10641,23158,1480,4538,15375,13194,20240,16294,13426,9501,12210,30177,4023,19969,24669,9766,12090,8762,20620,20173,16913,3197,8028,18052,7557,0,11163,9176,10186,23147,15280,17679,3286,29296,2621,11719,22788,12896,22721,12393,15047,16868,16911,22701,22448,27792,19853,11717,9052,12362,16984,25604,14608,12292,13433,9216,9305,13906,8723,8886,14749,13926,9814,6916,16485,8556,27301,14574,21770,12700,16771,19722,7298,1176,11767,15735,12463,6406,20148,11744,8396,20316,18481,27313,1266,19912,18211,11708,18096,14338,20283,21646,18406,7450,13158,6069,20087,18760,13681,15826,13834,16067,6283,19430,9032,20034,18966,20372,25368,20163,19925,18498,20696,14888,22634,15189,18595,22387,28738,9191,12083,19294,16059,18979,26378,12274,10413,21870,12947,13527,22038,13658,16953,16363,12945,28341,12527,20758,21165,18195,8426,22319,5509,11843,27456,17099,16351,16308,27936,10622,10385,26466,25713,8548,1890,26122,25547,12264,24958,12887,23617,27385,18541,4038,19686,7847,18741,14279,12476,30950,12325,20401,12407,15542,15760,19581,15255,7458,19609,22910,23627,24837,22841,15985,20507,30022,1936,19653,8984,25857,16435,21034,20745,20495,20957,12283,19770,12888,28986,19109,18859,22729,20118,8926,16035,8754,12643,2404,16691,12172,11848,8986,13209,22409,15953,10980,15268,25133,12939,11385,27607,13701,6693,21433,19622,20171,12952,25132,17241
17756,11241,15743,25682,20798,6431,6979,20648,18184,8357,2373,6798,8432,16468,8730,20593,16002,18129,16687,6994,8730,9759,16059,7288,4600,15924,9050,17380,24393,4006,179,3315,28117,5246,12578,19409,10160,3073,294,19780,12646,14350,6004,8421,14057,1448,7746,0,1645,9396,20080,10244,24137,6138,27175,7836,11309,15066,7677,18044,8533,9052,10527,10612,14759,21965,26240,15450,2298,9445,3344,9289,16585,8002,8764,4829,1686,9699,7352,1192,9280,9434,6874,10496,9066,17582,1559,20770,5970,16224,2743,8069,16280,2122,7005,2347,11013,8438,7299,14360,2325,8789,14356,21330,20696,6775,17102,15627,12469,14250,7527,19366,18700,10819,8510,4184,9503,14183,12463,3207,9262,7391,8501,7177,15151,1413,11060,21687,15366,18004,17169,11022,12801,17494,8088,20777,17532,13639,14464,21192,1660,2664,17515,9350,10423,21981,8746,2882,16214,3929,9129,19370,4513,10002,15826,3927,18961,3509,17962,18344,14503,1429,15937,4158,2424,18242,10549,9544,17529,21429,1674,2854,27255,18121,4115,6434,18992,18030,8722,17970,3870,18689,20057,15704,4959,15440,9621,10091,10644,3541,26446,2906,14572,8421,9097,15751,17755,9264,8461,18065,17987,16404,17805,20288,15848,17757,22705,6388,13903,16545,16785,15484,11962,15210,17600,20026,3366,15343,3870,19401,11891,10321,17481,17029,1308,9588,1649,3653,6446,17496,8580,3511,1368,9066,18908,6920,10588,8103,22416,9109,14882,18315,16200,3550,18809,18077,15505,9096,20357,11041
18771,10679,16659,23544,18687,8288,6100,22604,20661,7596,2372,5919,7869,15321,8168,22543,18657,18694,18383,8851,8168,8998,16001,9145,6458,18537,7884,18047,27830,2277,2037,1670,28783,7104,10878,21960,8716,2485,2151,20407,10131,16510,7862,10278,14498,3305,9603,2072,0,8635,18771,9682,24997,7995,24883,9693,10548,16753,7115,20189,7971,7886,9361,9446,14848,22591,29621,15936,1751,9933,3420,8447,18138,7122,8202,4267,459,9898,6474,2471,10282,7854,5996,11984,10924,18599,2856,20638,5407,18407,1098,6279,18481,3979,8862,1460,10451,7876,8787,14465,2671,10647,16288,22310,20543,8633,17664,18089,11708,16212,5737,20262,21190,10291,10367,2539,11135,14614,13693,1562,8420,6366,7659,8664,17115,2682,10543,20553,15320,17855,16171,11287,10286,18117,7526,21227,18530,15648,16041,19023,433,1988,16390,8508,9582,21869,8184,1237,16676,3367,7963,17890,3951,9160,16749,3340,18784,2922,20406,20820,11988,2726,14563,6015,1783,18093,9707,8702,16834,21299,3531,1209,27942,20168,4597,8291,18895,20081,8160,20109,3308,19242,18055,14879,6816,14471,11478,9249,10081,1811,29838,1811,16163,7859,8255,18408,16596,7882,10318,18635,20434,16309,19918,22979,18508,18137,20443,8245,14356,17083,16646,17927,11120,17292,17958,18721,1721,15694,3308,21141,11049,9479,19461,17673,2577,8746,3190,1785,8304,18366,8018,1866,2637,7900,19105,6078,9827,7261,20909,7943,14489,18148,17230,6132,21354,18646,16089,7930,18321,10280
10847,4226,9308,17044,15535,13146,3859,16859,9833,3346,8897,3678,2242,7102,1754,16807,9302,9888,15601,5980,1754,1238,9988,10008,11625,11466,2754,8534,27386,7518,8387,9430,19771,12271,10653,10804,1046,6261,8502,9461,9906,7648,13029,2639,5884,8472,9220,8423,9249,0,9558,3901,27082,14012,20326,12892,2835,12339,2724,14203,2221,2229,3704,3789,8612,11380,18623,5826,8102,2263,5984,6610,12469,3534,2121,4265,9290,2228,3735,8846,2612,2715,3754,17878,6575,11516,9231,16916,4294,8094,7449,14535,8126,9113,9704,7811,3998,2253,16677,10464,9047,2325,6261,13198,18731,9795,8922,11847,2824,6052,13643,13483,10217,8454,5684,10454,6786,6068,5804,9106,6583,3663,5822,16554,7521,9058,9135,13709,9474,12308,7904,8119,10061,8555,2570,9667,11208,5989,8280,16012,9264,8278,8522,6671,7744,17576,2103,8761,8630,5931,2750,14356,4489,7323,9461,6104,15572,6338,9353,9735,11552,9101,10534,11182,8134,16225,7870,6865,9307,17516,8298,8733,18880,15157,11479,9938,13389,15054,2164,14153,5872,9919,14642,7285,11983,6658,6408,7412,3628,7225,18842,8187,8705,2236,6418,8916,8296,2645,5636,8976,9373,10452,14066,12310,9133,7898,16941,9984,7391,19296,13346,12022,8412,7169,9135,9521,9245,7746,5872,16283,8341,7642,15089,7790,8952,6909,9566,7420,13130,13506,2000,9627,9012,2738,14503,4279,2108,5424,11628,2695,6742,16439,9060,13013,10362,8987,8073,2708,16453,9529
15013,6230,8014,7427,14657,23879,11267,13310,275,9402,18628,11086,8248,4793,9121,13284,7882,331,10191,18937,9121,11182,9437,23148,22959,7203,7914,2401,31836,19049,20094,21466,6165,20883,17493,1413,10755,18060,18440,668,16504,3568,20949,12347,4523,17876,21002,18219,20689,9751,0,7084,34790,23579,8661,23226,8545,7213,10132,4992,8269,7473,6097,6434,8565,1641,7228,4466,20216,11972,16039,12207,11196,9296,9487,14987,18856,11137,11143,19138,11520,8324,11162,29787,15889,7734,21492,14583,14692,2470,19689,21540,2292,17973,23179,18158,6529,9510,26469,8222,20367,12716,4433,9942,13560,23542,1396,5985,9180,4694,23286,10005,1487,15561,14192,20467,14859,4708,4438,21162,11422,11071,11419,23940,4875,18823,14101,9869,10140,11036,2683,14118,15114,2465,8237,2819,7629,4524,8234,15199,18803,18515,2807,12872,12783,14550,9469,19396,2789,17689,7690,3768,15381,12066,8096,15836,12250,17811,848,177,16934,21303,8292,22514,18452,11737,12395,12462,7911,13523,18717,21363,5986,6714,21994,21435,10491,6610,9459,4942,17526,361,11502,3644,20689,4006,14725,12154,6890,16834,7275,18665,8659,9453,11231,10045,2462,7960,14142,2115,867,9779,5796,2711,8421,4192,14989,21457,4008,29345,11190,5615,10649,3276,4704,476,19747,4737,17568,15567,10579,12167,7356,2890,20806,11698,18722,19713,21682,5238,9218,19746,20734,7929,6770,10487,9839,11021,1888,8692,10324,11902,8671,21364,804,2146,2853,8705,11848,15529
13963,1989,11341,10667,9722,17074,4707,12085,6394,3775,11044,4526,2981,3743,4371,11862,11209,6449,8028,10306,4371,5800,6754,16641,15547,10530,2654,5621,31829,9461,10727,11374,16472,15828,8769,7365,5373,8842,10842,6022,7942,4951,14657,6965,2525,11040,16842,10763,11589,4369,6118,0,31524,14969,15572,18780,4304,4924,3990,7673,3002,2398,1299,1502,4985,8522,17428,2467,10441,6590,8565,4981,8231,3669,3257,6492,11630,6896,4447,11186,7279,2698,4603,20054,10902,11060,11571,11853,6451,4654,9789,15603,4686,11681,15107,10151,4255,3908,18952,4641,11194,7334,2902,14165,12269,16830,5483,9312,4939,2693,13689,14450,6778,6788,10011,12153,13652,2710,2117,11049,4378,4511,4663,17127,4162,11398,7251,13621,6560,7992,4992,6678,8097,5642,2611,6287,10955,3077,4654,10428,11604,10703,5082,4899,6079,11585,3239,11101,5018,8512,2964,5890,6716,5658,11422,9018,9735,8919,5914,6296,10340,11441,4711,13619,10474,9575,6205,5199,11237,13384,10866,11073,15715,7430,14653,16883,8328,7311,3215,7624,8453,6480,9339,4616,15609,3379,12385,5747,2988,9993,15968,10527,5079,3891,4187,12406,4857,2528,9962,5537,5933,7095,7258,8871,11747,4539,12052,15326,3202,26093,8224,8942,6805,3730,4779,6081,11585,4387,8453,10675,6735,5976,7012,5198,11292,4654,12127,9765,17095,8564,4050,11570,11352,2670,6606,4861,5598,5394,8188,2712,10232,9739,12550,15689,8150,5548,5161,2699,9685,7232
18891,31195,25088,43738,44200,17392,30310,41364,34595,31044,26858,30146,27056,31773,26793,41313,22555,31298,40590,19409,29530,26574,35394,16667,20170,25856,26848,32284,505,28051,24100,29418,39207,21144,33802,36276,23617,25138,23954,34311,33843,31053,20026,23786,33620,25007,16041,26603,27551,24571,31565,28601,0,18567,45199,16871,25188,34306,29444,38757,27107,27396,28469,28416,34451,32403,39070,30473,24624,24780,25220,33743,37669,27884,26895,26021,27413,24419,30372,24316,24098,27393,30199,21249,17934,24931,24118,41407,25260,34614,27826,31196,34483,24892,18429,24842,28977,29716,22173,34000,26709,24346,34052,27351,45755,17188,30732,28670,27072,33499,30325,27143,35578,35220,18212,25548,17497,30691,32516,26624,30808,27165,32774,20078,31923,26823,37001,25371,38346,41334,32372,36435,34051,29952,30336,34086,23128,28825,34204,40582,27427,24857,34057,31122,32301,44552,29648,26160,34815,25281,29944,37845,28385,35288,22585,25316,40138,27755,34594,34984,37256,24090,34094,22823,27318,43297,32271,34669,22380,46272,22778,26148,38159,39986,24354,17259,41809,39767,26841,38681,27859,35109,43208,30992,19274,33298,20777,35381,26783,25329,39472,27722,37768,26937,30520,21646,31205,27816,18355,34114,34620,35895,35060,36110,24134,32952,41467,19073,30261,14201,37917,28680,37202,30741,33075,31534,29206,32357,25298,40854,37204,32230,39439,32443,26740,34109,26299,27716,17374,26025,29423,26681,26716,29592,35503,27720,25961,31825,35953,26878,20109,43517,21997,24797,34959,30966,32476,29598,39488,35569
18365,16818,17983,30535,26978,1518,10700,28832,21308,12078,6232,10519,12153,19048,12873,26104,16455,23405,24197,5359,12873,11588,22012,2100,1292,16729,12771,20684,20732,7866,6255,8254,28168,777,16296,25052,10713,6794,5516,23192,18302,17290,817,8975,19784,4311,2498,5401,5930,11133,21393,16499,20464,0,29097,2489,12667,19996,11398,22443,12254,14597,15061,15137,19820,22955,31621,17910,6157,9999,7065,14047,24371,11723,13239,8550,5971,10252,10698,5477,9834,13155,10596,5756,9152,16438,5310,26263,9691,19856,7028,11834,19856,4053,1818,6207,16053,12159,2559,21366,6184,9343,18309,22053,26233,1588,22345,19231,12655,19893,11292,21996,21991,16817,9686,9189,8305,18110,18692,8392,14602,10966,13279,2436,19252,5786,16597,22544,21306,24114,18653,18499,18500,21032,11809,22694,16590,17013,19527,24870,5945,6523,21420,14773,15884,25382,13221,7167,19912,7650,12850,21833,8234,17235,17986,7649,27065,7230,23300,21546,16443,5180,21480,2277,6283,26222,17310,16562,16307,26913,5727,7139,30078,22848,5315,1246,24987,25041,13211,22367,7591,24074,23737,17193,805,19626,10083,15663,14380,7400,31913,6765,19625,12142,15796,17525,21715,14661,9694,19821,23331,22427,24506,23342,16078,22380,26147,1200,19561,9484,24610,19111,19778,18876,20243,23527,8328,19543,7591,27630,19818,15754,24495,18582,5680,14849,5508,7347,1503,19450,13119,7892,5741,12787,21898,10641,11927,11824,23334,12830,14676,26339,16688,3461,24123,19833,20537,12817,26471,17566
25438,15328,20406,1783,14616,32633,19802,18362,9317,18144,24957,17962,16597,9128,18227,18577,18793,9372,12570,25673,16538,21232,11996,29164,28194,17833,16370,11443,45500,25735,24678,24978,12648,31395,20073,7967,19545,24970,24917,9710,17240,12610,31723,21250,9724,24809,32289,24656,27425,18442,9219,14129,41009,32070,0,31161,16911,10413,16890,7089,16540,17476,14050,13988,10427,10592,13711,9722,24608,20749,22318,16957,12944,17077,18358,19911,27558,22432,19726,25448,22778,16281,18007,37433,23503,20625,25849,18129,20017,8934,23955,25417,8876,24928,29177,26854,15219,16728,31225,10785,24863,20743,9345,19629,18593,32375,10102,16627,17431,9857,27904,18024,8302,18169,25631,27012,23954,9520,10541,24734,17679,18126,19054,31161,9210,25147,16494,19168,12648,12784,11725,14808,17264,10013,17826,5930,20032,10947,11708,15322,24950,27213,10169,17795,17181,16298,16636,25083,8442,24582,17546,8243,20321,15663,20630,22103,14629,24731,9554,9219,17675,28323,10715,27685,24656,14116,15975,17763,18949,17883,26445,25075,12469,8523,31051,29427,12869,8420,16605,7040,24441,9403,13881,12686,28285,10032,24773,17365,15056,22986,13757,24731,10582,16746,16200,19662,8757,17465,23170,9426,9573,12338,7605,11963,21416,8527,18769,32444,9658,41573,12938,15055,13285,9574,8923,9182,25307,9072,24468,15569,16877,17387,9065,11363,27799,15722,27782,26462,29627,15113,16842,25244,27740,18028,8580,19592,18308,19166,10397,17965,23039,14280,21057,30954,9846,9457,11401,17996,14227,16979
19089,19041,17546,29765,26721,1533,15238,31295,25492,15098,8390,13756,16135,21092,16143,28339,17644,25410,24167,5848,16143,12600,22201,2689,3651,19858,16318,22691,18850,10023,8615,10133,29820,3137,20404,24584,11725,9153,7875,22860,18839,21070,2311,9987,19964,6670,2528,7760,8289,12145,25598,17039,18594,2400,34344,0,15935,24435,15789,24522,16199,15335,17111,18931,22012,27266,33376,21959,8315,11011,9424,17959,24350,14570,16045,10909,8330,11264,13896,7836,10845,16504,13751,6927,8875,19439,7669,28496,12050,21802,9387,14508,21790,6412,2406,8364,16419,15993,3730,23779,8342,10355,22409,21181,28470,2176,22116,19004,15482,20044,15058,21110,23845,17507,9409,11068,8028,22185,20893,10271,18564,13564,15524,3607,21294,8145,20765,23869,21560,26582,20492,19031,19017,23086,16635,24662,19669,18936,21720,29885,8304,8681,23548,18756,18132,27611,16065,10262,24105,10009,15251,26329,10594,17884,17524,10008,26798,9590,22976,23383,18670,7540,21677,4623,8441,28690,17954,19038,17485,32123,8086,10253,28921,24982,7722,1809,24901,27386,14594,24445,9950,23666,25976,19023,3151,19804,9806,19741,17974,9558,30560,8923,24046,14490,18264,18748,21641,15427,9417,23944,25354,24890,24319,25129,17208,24641,28385,1763,21773,7746,24568,20838,20182,22967,24589,25547,10207,23807,9951,27315,22283,18002,24363,22522,8040,18833,7867,9532,1518,19186,14363,9772,8100,14818,26493,15488,14747,16441,25107,16392,15882,28809,16366,5868,26113,23958,22577,14845,28939,18184
10609,2993,9070,17098,16614,14605,4954,16207,8600,4497,10477,4774,3200,6509,2863,16158,9063,8655,11058,7439,2863,3300,9784,11467,13398,11228,2801,7301,28067,9346,10161,11258,15920,14044,11804,9571,2863,8034,10275,8228,11057,6415,14802,4098,5291,10245,12322,10196,11022,2938,8325,4458,27762,15471,18638,14458,0,7954,3398,10439,3221,2889,3706,3909,8015,10147,16592,5234,9875,3741,7758,7705,11261,4629,3279,6093,11063,3240,4830,10620,3624,3382,4850,18187,9046,11278,11004,17900,5980,6861,9222,16160,6893,10887,11163,9584,2953,3364,15156,7671,10627,4466,5669,12959,16368,11254,7689,11608,932,5460,14029,13244,8984,9801,7433,12281,8213,5476,4571,10933,7678,4758,6917,16621,6928,10831,10285,13470,10624,11022,6671,9270,11212,7322,3237,9074,10969,4756,7684,17165,11037,10051,7289,7766,8840,16810,3260,10534,7397,7704,2520,8656,6317,8419,9223,7932,15092,8111,8120,8502,12702,10874,7741,12956,9907,15683,9217,7961,9068,18523,10072,10506,16647,10196,14838,11416,11358,10077,3236,10390,7645,8686,14141,6052,13756,5425,7841,8508,2395,8998,16814,9960,8109,3307,7513,8678,7063,3318,7095,7743,8140,10125,10261,11077,8894,7306,17998,11462,6158,20837,11254,11784,9562,5936,7902,8288,11018,7153,7645,17488,9492,8989,9779,6878,10725,8005,11339,9166,14589,13268,3072,11454,10786,2589,9372,5375,1870,6519,10395,2546,6504,15933,8822,14786,9829,7754,6840,2559,14421,10680
20756,5650,15588,8573,5556,20666,9123,7797,7731,9141,15328,8942,7183,3567,7674,7696,14518,7786,3862,19219,7674,9994,2591,20421,18911,15041,6849,7728,38117,15082,16634,15199,14299,19334,7993,8599,9568,16854,15335,8077,7246,7540,19782,11160,4667,15408,20676,16606,15200,8564,7632,4924,37811,22039,9807,22170,7965,0,7975,4466,7204,6408,4960,5162,723,11278,15419,4609,14969,10785,16577,6462,4064,8786,7459,10137,15327,10557,8702,17420,10940,7153,9018,26886,18059,15897,17866,7636,10242,5978,14283,17381,5920,15533,22507,16218,8410,7344,21801,722,16810,11528,4402,17097,8102,20496,7519,11363,8600,4835,17200,17286,7819,6033,17749,16306,18534,4577,4684,14960,6217,9001,6884,21743,3647,17099,6475,15373,3243,3825,7581,4770,7401,7057,7066,6698,15359,6172,2186,6262,15274,15026,7213,5926,5102,7418,7441,15323,5486,16523,6625,4097,10362,5120,15830,17029,5569,16930,7950,7632,8891,17708,717,20234,16532,5241,5449,5828,16093,8563,16156,16880,13927,3433,20349,20529,3994,3314,7417,4417,16464,7817,5005,7213,19137,4753,15518,5208,6648,14715,17019,16578,895,7327,6444,15135,5801,6789,15955,6823,7970,2932,3806,12649,16517,3199,7885,22626,4576,28966,4058,10993,3440,4998,3126,7595,17118,3389,16464,6508,3369,5221,2984,7390,17186,6272,17216,15810,20686,10616,7353,17043,17132,6864,2769,8507,9259,8139,11083,6907,16730,5405,14131,20413,8259,6833,7427,6894,5351,6869
15179,3720,11395,15502,13402,13743,2439,14764,9328,1587,8154,2258,462,6058,563,16215,11388,9383,14181,8066,563,3559,8229,12094,11912,13552,891,8028,26991,7181,7837,9093,19227,12558,8894,10299,3132,5711,7952,8956,8147,7143,13316,4725,4839,8759,13584,7872,8699,2129,9052,2857,26714,13449,18616,14325,3187,10919,0,12783,441,1185,2660,2745,11574,10875,18241,4782,7551,4349,5434,5190,10710,2114,426,3769,8739,4314,2315,8296,4698,1671,2335,19016,8661,13602,8681,14828,3744,7588,6898,14198,7620,9401,11790,7260,3511,313,14393,8705,8357,5093,5217,15284,16415,11967,8417,13933,3381,5008,13597,15569,9712,7034,7770,10117,8872,5024,5298,8768,5163,2243,4402,14326,6476,8561,7376,15795,7715,10549,7399,6360,8302,8049,1526,8623,13294,5484,7236,13874,8768,7782,8016,5251,6325,15284,408,8264,7333,5434,1562,12936,3993,5903,11547,5608,14815,5841,8848,9229,9793,8605,12061,11470,7638,13515,6450,5445,11393,17014,8586,8236,16704,13737,10982,12130,12268,13634,384,12733,5375,9414,13279,6653,12270,6152,8494,5992,3123,6729,18424,7690,11928,295,4998,11002,7791,1601,7722,8471,8867,8693,12646,11805,11219,6854,14836,12176,6885,23187,12684,14108,6653,6664,7094,9015,8749,6702,5376,14142,6582,6222,13669,7285,8456,5489,9070,7484,14161,10971,242,9290,8516,876,13083,3487,4194,4004,11122,833,8829,13679,11146,12517,10557,8482,7322,846,13625,7770
20112,7945,13480,5647,7320,25321,11576,10353,5191,11588,20236,11396,12842,3611,13312,10251,13820,5246,5273,21136,13312,16292,5672,22562,23731,10587,13401,5733,35441,18493,18065,18532,10591,24056,12076,5886,16010,16051,18301,5584,11329,6900,22139,16223,4737,20010,25042,19887,18318,15929,5093,8121,35165,24736,6881,27027,10260,4088,12931,0,12944,13208,6700,6903,4363,8535,11654,4736,19858,15609,17314,12071,6620,11234,13210,13280,18433,13852,11156,18857,14169,12666,11472,27329,19121,13729,19255,10192,13361,3984,19162,21454,3926,18273,22573,19598,8760,12849,24568,4659,20124,15653,4359,13934,10658,22749,5976,9369,10895,4871,19253,14131,5279,10729,17085,19805,19617,4534,5554,20146,11331,11455,12536,24504,3691,20448,10558,13672,6324,6381,6015,9541,11484,5063,12578,3848,11013,6233,5384,8026,20257,18114,5219,11040,10382,9974,13192,18598,3492,17302,8365,2102,15086,10234,15099,15494,7333,15831,5428,5093,12974,21051,4589,23171,18075,6820,10563,10943,13943,11119,17334,18589,10412,2905,23828,25128,5573,2801,13132,49,15566,5277,6584,6976,23836,5045,16367,10840,9121,16399,11700,18172,4456,12831,11558,16078,3807,12495,18710,4828,5447,6013,975,8192,14391,2471,10441,25137,4671,34313,6614,8999,7001,4521,2341,5056,20778,3434,15593,8273,7317,10335,2439,6414,18625,11386,20492,19216,25342,8622,12991,18802,18569,13416,1852,10961,17121,12138,8340,13459,15281,6984,15194,23649,5720,4839,6185,13446,6931,10952
14012,4682,12175,15154,14450,13817,2080,14364,10290,2182,8087,1899,21,6236,890,14311,12169,10345,13822,8847,890,4340,8664,12961,11553,14333,1218,8990,27383,6822,7771,8734,17264,12199,9329,11261,3913,5644,7885,9918,8583,8320,12957,5506,5018,8400,14399,7806,8632,2909,10014,3036,29876,13090,18230,14698,4002,10560,1118,12423,0,2361,2928,3013,11474,11836,18079,4960,7485,5130,5368,4830,11145,1754,603,3648,8673,5095,1955,8230,5479,1468,1959,17560,9442,14383,8614,14427,3385,8550,6832,13838,8582,9041,12657,7194,4454,536,16224,9140,8237,5874,5396,16065,14493,13728,9379,14714,4197,5186,12946,16350,10673,6675,8551,9757,9653,5203,6260,8409,4803,1884,4042,16151,6655,8441,7811,14598,8150,10906,8361,6795,8738,9011,1969,8801,14075,6446,9084,13479,8647,7661,8978,4891,5965,14842,585,8144,7512,5314,1889,12577,3873,5544,12328,5488,14463,5721,9809,10191,10228,8484,11701,11110,7517,13950,6091,5086,12174,15036,8227,8116,16537,13378,10862,13386,12703,13275,575,12374,5255,10376,13714,7741,11911,7114,9275,5633,4085,6608,20120,7570,11568,518,4638,11783,8753,1397,8503,9433,9829,9128,12286,12767,12000,7033,15910,13340,5579,21423,13119,14889,7088,7625,12815,9977,8628,6880,5255,13748,7017,5863,13310,8246,8335,5130,9296,7125,13802,11933,1178,8930,8396,1203,12724,2500,4975,3644,12084,1160,9609,14114,11927,12396,10818,9443,8284,1173,14061,7195
15175,3453,11519,14467,15194,15204,2618,15425,7639,2374,8387,2437,864,5071,1355,15368,11512,7694,9624,8190,1355,3683,9408,14815,12091,13676,537,6340,30500,7360,8070,9272,16494,12737,10073,8611,3256,5944,8185,7267,9326,5669,13495,4849,3853,8939,13652,8106,8932,2253,7364,1871,30194,13244,15856,16901,3340,6520,1656,9001,885,0,1674,1759,6581,9186,19084,3796,7784,4473,5667,5179,9827,2268,1140,3948,8973,4438,2494,8529,4822,811,2498,20171,8785,13726,8914,14049,3923,5900,7132,14683,5932,9580,13448,7493,3243,1272,15441,6238,8536,5217,4231,15408,14136,13585,6728,10030,3535,4022,14215,15693,8023,7023,7895,10296,8996,4038,3610,8948,5152,2422,4391,16945,5490,8741,8555,15919,8894,9667,5710,7539,9481,6361,666,7636,13418,3795,6250,15900,8947,7961,6328,5240,6314,16486,1122,8443,6347,5613,612,7218,4172,5893,11671,5787,15206,6020,7159,7541,10651,8784,6307,11649,7817,14693,6439,5434,11517,14646,8765,8415,15771,8758,11161,13629,13447,8639,1098,8952,5554,7725,14458,5335,12450,4464,8618,5981,2855,6908,19275,7869,6675,1254,4987,11126,6103,746,7846,6783,7179,9872,8586,10116,11343,5868,15523,13635,5197,24266,9821,9660,7831,4975,6107,7327,8928,5715,5555,14854,7761,6211,8341,5596,8635,5478,9249,7075,15225,9283,1034,9469,8695,553,7934,3459,4318,3993,9434,596,8953,14858,11270,12696,8868,6793,5633,583,14804,7544
15055,2459,10634,11017,10335,15559,4050,12626,6214,3343,10612,3869,2296,4092,2787,12475,10502,6269,8641,9614,2787,5107,7367,15139,14231,9823,1961,4914,28746,9029,10295,10942,16150,14463,11042,7185,4680,7376,10410,5842,10295,4244,14735,6273,2874,10608,15305,10331,11157,3677,5938,1331,31377,16600,15485,18859,4322,5537,3088,8022,2317,1521,0,228,5598,7761,15509,2817,10009,5897,7099,6148,8844,3237,2572,5379,11198,5508,3925,10754,5892,2266,3929,20219,10209,10354,11139,12465,5355,4474,9357,14490,4506,11249,15149,9719,5080,2456,19109,5254,10762,6641,3252,13458,12882,15328,5303,8605,4337,3043,14014,13743,6598,7992,9318,11721,10977,3059,2185,10617,6121,3854,5360,17269,4511,10966,9524,12914,7173,8683,4285,8508,10450,4626,2178,6657,10249,2370,5267,11041,11172,10271,4902,6209,7283,12198,2554,10669,5010,7045,1737,6239,5604,6862,10715,7219,10348,7452,5734,6116,11620,11009,5324,13754,10042,10188,7408,6403,10531,13531,10434,10641,15382,7779,16395,16950,8941,7660,2530,7973,6986,6300,9952,3883,15721,3039,9710,6950,3005,9561,15669,10095,5692,2439,5956,12550,4677,1902,9270,5357,5753,7708,7875,8691,11041,4889,12665,16960,3772,26133,8837,8235,8801,3550,5516,5901,11153,4736,6986,11288,8730,7180,7362,4171,10860,6447,11474,9333,17169,7857,2466,11138,10920,1977,6955,4429,5742,4962,8008,2020,10376,10352,12694,15890,6742,5368,4208,2007,10298,8513
13503,2257,10431,10814,10133,15621,4252,12496,6011,3546,10815,4071,2498,3890,2989,12273,10300,6067,8439,9816,2989,5310,7164,15186,14325,9620,2164,4712,31625,9232,10498,11144,14478,14544,11244,6983,4883,7578,10613,5640,10498,4042,16315,6475,2672,10810,15343,10533,11360,3879,5736,1838,31320,16684,15418,17176,4572,5334,3290,7820,2519,1723,228,0,5396,7558,16894,2614,10212,6100,7301,6351,8641,3440,2774,5582,11400,5711,4128,10957,6095,2468,4132,20333,10412,10151,11341,12263,5557,4272,9559,14686,4304,11452,16751,9921,4878,2659,17440,5052,10964,6844,3050,13255,12680,16958,5101,8402,4539,2840,14207,13540,6395,8195,9521,11924,11180,2857,1982,10819,6324,4056,5563,19145,4309,11168,9726,12712,6970,8481,4083,8711,10653,4424,2381,6455,10046,2168,5064,10839,11375,10473,4700,6412,7485,11995,2756,10871,4808,7248,1940,6037,5806,7064,10513,7421,10146,7655,5531,5913,11823,11212,5122,13853,10244,9985,7611,6606,10328,14986,10637,10843,13777,7577,15019,17016,8738,7458,2732,7771,7188,6097,9750,3681,15811,2836,9913,7153,3255,8542,17072,10297,5489,2642,6159,12753,4475,2104,9472,5155,5551,7506,7672,8488,10838,4686,12463,15448,3569,23755,8635,8032,9003,3347,5314,5699,11355,4534,7189,11086,8933,7383,7159,3968,11063,6650,11676,9535,17238,7655,2668,11340,11123,2179,6753,4631,5945,5165,7806,2222,10579,10150,11088,16026,6540,5165,4006,2209,10096,8715
19262,5586,14607,9196,4971,22619,8393,7284,8353,8412,15003,8212,7120,4157,7611,7110,14984,8408,3390,19223,7611,9931,2002,22395,18692,14129,6786,7754,34729,14708,14786,16282,16555,19148,7263,9222,9504,11350,16565,8101,6517,7477,19630,11097,4604,15167,20596,16267,16365,8501,8197,4861,37971,21845,10429,24260,7902,723,7912,4409,7141,6345,4897,5099,0,11900,17791,4546,16135,10722,11073,5733,3479,8057,7396,9408,16508,10493,7972,17052,10877,7090,8289,24075,16558,16411,17499,7051,10549,6601,15363,16740,6542,15293,20317,14380,8347,7281,21534,355,14935,11465,4993,16089,7517,22448,7562,11390,8537,4772,16586,17918,8857,5304,16275,14424,18718,4788,4621,14539,5487,8272,6154,21479,4238,16737,5745,17596,2654,3240,7518,4040,6672,6885,7003,7412,14410,5943,1592,5677,14925,14684,7836,5197,4372,6833,7378,16441,6109,11020,6561,4719,9632,4391,14825,11247,4983,11427,7993,8255,8162,15738,285,19981,16160,4655,4720,5099,15061,7978,15917,14910,16147,3376,18088,22479,3409,3257,7354,4360,10960,8439,4420,7150,18952,4690,15719,4479,6585,15167,16163,14684,165,7263,5714,17167,6424,6726,17766,7445,8012,2344,4429,13272,17011,3789,7300,22477,4513,28839,3473,11020,2710,5589,3717,8160,16653,3980,10961,5923,2640,4492,3164,7326,15267,5543,16877,14004,22642,10642,7290,15034,16774,6801,2949,7777,9195,7409,11705,6844,15517,4820,16034,18214,8881,7456,7364,6831,4766,6140
14055,7684,9269,8949,15756,23184,13796,14090,2054,10856,20343,13697,9702,6525,10575,14069,9137,1429,13686,20500,10575,14702,13113,24776,24737,8458,9368,3656,32671,20958,19940,21222,5072,24758,19308,1429,14782,19963,20146,1767,18303,4823,22491,14574,5977,19550,24742,19929,20497,11205,1967,8538,35713,25300,10183,24738,9999,11530,11586,8207,9723,8927,7551,7754,11804,0,6136,5920,20061,15883,17766,15992,14061,10750,10941,15332,22682,13609,13744,20853,15307,9778,15192,28667,17225,8989,21211,13990,15047,4849,19593,23284,3902,19644,24810,21912,7784,10964,25635,12100,22254,14153,5700,8738,14348,22866,2850,7240,10634,6148,25214,8801,1503,14795,16995,20304,16062,6162,5892,20945,13603,13786,15822,25559,6660,20538,17339,8665,13765,13901,3939,13718,16739,3919,9691,3208,8884,6283,9688,16277,22624,20238,4261,15344,15494,17415,10923,23296,4399,19593,9144,5362,15686,13958,9351,19358,15663,19713,2302,1693,18741,21039,12031,24308,22236,14937,15924,14098,9166,15663,20558,21123,4894,10699,23708,25289,13986,10596,10836,8158,19430,1531,13449,4900,22270,5460,16055,14111,8145,18564,6182,22477,11898,10981,14988,11300,4073,9414,15388,3849,2322,13455,9607,865,9676,6163,14402,25315,5462,30737,14055,6870,11840,4544,6558,1930,23686,6522,19472,15096,11769,14212,10631,4145,20591,14693,22515,19613,23200,6493,10672,23687,22622,9383,10044,13696,11293,13948,326,10146,11579,15292,9926,25397,919,3859,4108,10159,14995,15258
16563,15014,13391,11992,21531,28766,22399,18826,7626,18867,29399,22279,18118,13245,19595,20743,14836,7681,18525,23925,19595,19487,19903,27927,28369,13782,19367,9751,35700,28025,26248,30531,1241,31156,24021,6934,21469,24498,29143,8019,25448,10918,28163,22408,11549,25721,30631,28921,26875,20525,7539,15813,35448,28690,13226,30282,18287,16994,20105,11249,19926,17315,17093,15328,16142,6092,0,11492,29110,20344,24157,23262,20620,19460,18057,23992,29701,19382,20274,29956,19626,17957,20304,34658,20409,14797,27520,20589,21409,10421,25991,32933,9407,28441,30825,28930,14534,20087,34785,16130,29219,22019,13462,11091,19090,31311,8422,13335,18489,11720,32476,11154,7008,23539,22327,29451,22923,11734,14881,27423,22258,22365,23095,34697,13327,29610,24485,11018,19982,20782,10034,22267,25581,9492,19750,10047,13524,11544,16261,21980,26897,29325,9833,22601,22700,18057,19874,27587,12559,26642,17183,12940,22103,20510,13503,23961,21408,26755,7874,7265,25897,30140,16103,30902,26538,20852,20992,22785,15038,20624,24819,27573,1242,14755,33089,28500,17979,13638,19761,11200,24023,7712,20746,10995,30953,10955,21360,20660,15065,27517,310,26783,17827,20092,22258,15792,9578,17706,20280,9421,7894,18419,12650,5741,15515,13309,21137,31447,11034,35786,18844,12965,20939,10116,13179,7502,27958,13190,24064,22314,20843,20755,15065,10240,26913,21954,29445,28660,28779,12588,20007,30826,26845,17552,15184,22302,17168,20533,5110,17491,16614,21199,15948,29209,7328,9431,10203,17511,18917,20382
15765,3299,9205,8227,9939,18365,6303,12121,4259,5597,14391,6122,4549,1303,5040,11898,9073,4314,7892,15883,5040,7361,6915,17887,17118,8394,4215,3540,30749,11045,15468,15001,9871,19095,13723,5230,6934,9629,15714,3887,12976,3266,17560,8526,57,15314,18013,14018,14459,5930,3983,3314,33586,19739,9461,19924,5615,4691,5341,4695,4570,3775,2326,2529,5606,5806,10934,0,14077,8151,9352,8402,8267,5491,4825,7633,14556,7762,6179,16423,8146,4519,6183,25486,12463,8924,15280,11889,7608,2519,13533,18590,3012,15434,19731,13870,4136,4710,22303,4452,14260,8895,462,12028,12305,18117,3348,7176,6250,558,18154,12314,4643,12376,11572,14200,13231,270,1122,14729,8375,6107,7614,20166,1722,14586,12204,11485,7567,8028,3306,11188,13131,2671,4432,3868,8819,1609,4464,10645,14503,15674,2947,8463,12028,11621,4807,14965,2578,9299,3991,3450,7857,8296,9286,9472,9952,9706,3779,4160,14621,15115,5833,16648,15615,9439,8626,8657,9101,12766,12450,14953,9692,5575,17740,20030,8192,5456,4783,4646,9239,4345,9203,2939,17126,479,11964,8384,4497,10593,10980,14336,5700,4693,8210,11235,2893,4155,11523,3402,3798,7257,4527,6736,9611,2099,12088,20043,302,29137,8260,6806,6616,1595,2339,3946,16851,1947,9240,10891,6545,8398,5158,3112,16146,8701,14547,13565,20261,6428,4719,15273,16077,4230,4751,6682,6908,7216,6053,4273,11542,9603,9861,17318,4787,3413,3150,4260,9549,12599
20049,10525,17739,25637,18628,7441,5947,20426,18312,7442,426,5766,7716,14969,8014,20370,18032,18259,18211,7526,8014,8844,14385,7820,5132,16260,7731,17548,27421,2123,711,2703,25664,5778,11407,19511,8562,2332,826,19926,10660,15999,6536,8953,14117,1980,8278,747,905,8481,18342,10149,27140,6670,27122,8368,10394,16498,6961,18017,7817,7732,9207,9292,14639,22111,26412,15516,0,9977,3267,8293,18038,7088,8048,4113,946,9745,6320,912,9812,8520,5842,10973,9598,16309,1297,22650,5254,17970,1717,7807,18038,2654,7537,464,10297,7722,8041,14248,576,9321,14406,21696,20468,7307,18990,15889,11554,14320,6905,19703,20730,9904,9041,3726,10035,14238,14650,2554,8266,6396,7505,7918,16728,647,11072,20000,13760,17759,17330,10027,10816,16002,7372,18895,16251,13764,14345,20915,920,288,15984,8354,9428,21754,8030,2230,16286,3213,7809,17569,3797,9007,17836,3186,20634,2768,19932,20350,12517,1167,15813,4690,293,19855,9553,8548,17928,23378,2206,2202,27437,18047,3544,7175,17031,19796,8006,17944,3154,20734,17973,14415,5491,15518,10152,9095,9928,1657,29332,667,15931,7705,8101,17777,16195,8349,8993,16493,18110,14682,17775,22502,17879,17768,20370,7129,13969,15367,16561,15743,10966,16853,17599,20161,2715,15355,3154,21099,10896,9325,19184,15591,1018,8592,1232,1632,7382,17788,7864,2899,1078,7746,18826,5925,9673,7107,20472,7789,15331,19926,16603,5079,20874,18189,17244,7776,18242,10127
11741,6057,9967,19350,17695,12027,6016,19086,11664,5504,9858,5836,4400,9574,3912,19034,9960,11719,14602,4861,3912,2109,12145,8976,11277,10663,4798,10365,25083,8673,9542,10585,21760,11923,12811,14156,1239,7416,9629,11292,12064,9695,9690,1041,8355,9121,8248,9577,10403,2172,11389,6059,22483,12894,22869,11773,3720,15400,4882,14162,4379,4387,5862,5947,11079,14411,22423,8298,9256,0,7139,8767,16810,5691,4278,5419,10444,1409,5892,10001,1793,4873,5896,15782,5456,12410,10385,21107,6560,9925,8603,15689,9957,8618,8672,8965,5829,4449,15558,10735,10008,761,8733,14091,21176,8762,10754,12505,3709,8524,14797,14376,14789,10808,4566,11608,5310,8540,7635,10260,8740,5821,7979,15436,9992,10212,11293,14569,11632,16611,9735,10277,12219,10386,4728,14174,12101,7821,10748,18160,10418,9432,10353,8828,9902,20050,4260,9915,10765,7085,4714,14861,5644,9481,10119,7259,19552,7492,11184,11566,13709,10255,10805,10835,9288,18625,10224,9023,9965,19761,8955,9887,20824,16313,12633,8906,15594,14644,4250,14086,7026,13278,16823,9116,11635,8489,5289,9570,5459,8379,20587,9341,11173,4393,8575,9883,10128,4802,4517,10808,11204,14837,15404,16307,10100,10370,19154,8952,9222,18708,17080,12681,10569,9000,10966,11352,10399,10218,7026,20302,10499,9996,14211,9621,10107,9067,9689,8547,12012,14400,4158,10781,10167,4782,15314,7064,3002,7581,14797,4739,7401,17078,9719,12604,14693,10818,9659,4752,17110,11687
18598,8662,15797,20964,18437,8180,4083,18463,17650,5532,3144,3902,5852,14032,6151,18407,16119,17594,15889,7865,6151,7573,10679,8559,5871,15905,5867,13651,28087,2441,2634,3440,25778,6518,10331,18951,7291,508,2749,15785,9584,11340,7275,9293,9523,2719,9017,2670,3496,6550,17678,7665,27796,7409,24598,9107,7982,12159,5098,15709,5954,5869,7344,7429,13074,19581,26625,9466,2348,10317,0,6430,15871,5105,6185,2196,3537,8473,4457,3093,8857,5837,3979,11616,9938,14565,3478,20475,3369,15405,1696,8597,15476,3360,8276,2058,8434,5859,8684,13371,3294,9661,9901,17827,20414,8046,16458,15234,10283,9692,7653,17861,16495,8274,9381,4516,10374,9708,9280,3344,6403,4349,5642,8561,14112,3305,8813,19957,10165,14158,14818,8164,9740,15107,5509,16561,14454,9466,11100,17105,3511,2610,15058,6491,7565,17729,6167,3008,15382,178,5946,16806,1880,7143,14441,358,18530,310,17395,16158,11902,3348,13301,5429,2381,17712,7690,6685,14547,21199,2545,2979,24943,15786,5725,7914,15013,15693,6143,17233,109,16510,16021,11721,6230,10134,10492,7232,8065,1472,24350,2434,13168,5842,6238,14487,15287,5865,9332,14177,17423,11143,15469,18118,14553,13793,20313,7868,10468,18681,14608,15068,9103,10645,13645,15990,3492,13855,92,19061,9033,7462,16693,13307,3199,6729,3813,1667,8121,14078,6001,3637,3259,5883,14819,4061,8402,5244,18178,5926,13036,16159,14735,7260,16643,15636,13361,5913,17962,8794
20657,7514,14872,17289,10869,16453,3538,12541,12237,3557,8741,3357,4811,12225,5280,12440,15241,12292,10914,12702,5280,8050,5104,14993,11889,16170,5362,10937,30887,7158,8424,9597,22188,13336,4137,13590,7768,6539,8539,11865,3391,10267,15432,9361,8361,8737,15410,8460,9286,7687,11961,4922,30615,15482,18689,16294,7784,6479,5152,11830,4912,5177,6271,6356,5856,14510,21106,8303,8138,8985,6262,0,7585,3202,5143,4690,9327,8950,3117,8883,9334,4634,3434,17610,13646,15156,9268,12380,5727,14914,7486,11967,14856,9378,14973,7848,8072,4817,16843,5580,8891,9729,8739,17623,12847,14864,11326,18617,10760,8529,11499,17728,12620,2378,13373,10620,13981,8546,8207,9449,902,3417,944,16792,12306,9095,2619,17716,4590,7346,10308,2588,3546,10958,4547,15726,14836,8393,5524,11575,9301,8400,10925,990,1989,12162,5125,9991,14422,6209,5441,13033,4914,1568,16588,6715,10882,6616,11756,12138,5036,9138,5650,11447,8171,10369,2115,1110,15237,13307,8563,10019,19547,11567,12658,14865,9122,11448,5101,11781,6150,12322,10134,9932,12248,9061,13276,1657,7866,7690,21216,8224,5949,4800,737,17062,14737,4464,12358,11380,11776,5568,12742,16296,17019,13401,12630,14850,9305,25567,9539,18793,3528,9572,13271,11924,10776,12048,6150,11822,3457,1887,11150,10193,8989,1228,9633,7462,14949,20277,4959,9793,9049,5378,10743,2922,8879,2555,16443,5421,14317,10533,15752,14192,14822,11390,10231,5408,10480,2601
25259,8818,18273,11432,2367,22933,10064,3925,11254,10082,16739,9883,10444,6753,10913,3723,20556,11309,2831,20360,10913,14989,2509,22880,20829,19614,10017,11251,41823,15063,16617,17624,17528,21410,9808,11622,14076,14675,18581,11582,9061,10708,22014,17757,7835,17275,23230,18279,16457,11732,11156,8092,41518,22112,12666,26838,11133,3837,10533,6357,10545,9577,8128,8331,3303,14271,18709,7778,16366,15252,14400,9803,0,9727,10776,11079,18295,17100,9643,17157,15805,10125,9959,28320,21922,18556,17556,4041,12220,9502,17211,16879,9443,17405,22868,17736,11579,10450,23429,3600,18420,15595,7588,21708,4016,25163,11043,16693,13320,8004,15387,19869,11957,8461,21609,15957,20301,7763,7852,15798,7158,9942,7825,25772,6833,18631,8290,21547,3161,399,11533,7273,9216,10581,10100,9584,19924,9052,4327,3132,16550,16348,10737,6867,8113,4114,10758,17904,9010,14362,9793,7620,11303,6061,20379,15658,2439,14501,11473,11156,10706,17440,3530,20232,16346,1995,6390,6770,20640,4566,18364,17901,19074,5585,21504,25177,1885,5467,10734,6308,14275,11340,1937,10382,23390,7922,19108,6149,9817,16351,20581,16278,3397,10433,7385,21202,9325,9955,19437,10346,11493,2876,6484,15643,19097,6372,3687,25166,7744,34440,928,16551,4164,8184,6299,11119,18007,6576,15742,3378,4154,6162,5374,10352,18727,7213,17123,15696,25298,15342,10592,16228,16955,10033,5158,9448,15789,9080,13271,10075,19105,2328,18199,22013,11783,10357,10389,10062,2880,8684
15584,4670,14971,17323,13532,13046,1568,13963,9392,666,7633,1388,1966,6734,2436,15329,14964,9447,12160,11227,2436,5277,7746,13468,10781,17128,2322,8092,31036,6050,7316,7962,20496,11427,8411,10363,4850,5431,7431,9020,7665,7422,12185,6443,5516,7628,13254,7351,8178,3846,9116,3419,30733,12318,18822,16058,4939,8897,2055,10761,2068,2332,3427,3511,9812,10939,21449,5459,7030,6067,5154,3169,10227,0,2299,3137,8218,6032,921,7775,6416,1790,1448,16886,11021,17178,8159,15483,4165,7652,6377,12673,7684,8270,13186,6739,5294,1973,15648,10109,7782,6811,5894,16307,15501,12956,8481,11783,5134,5685,12205,14884,9776,5013,10692,8985,11717,5701,5363,7637,3142,1373,2381,15582,7153,7986,6893,14940,7232,9988,7463,5878,7820,8114,1702,13608,16870,5548,8167,14238,8193,7291,8081,3230,4304,14825,2281,7689,12304,5100,2662,10915,3361,3882,15123,5606,13545,5507,8912,9294,9310,8030,10039,10339,7062,13032,4429,3424,14969,14682,7455,7661,19737,11716,10407,12824,11785,11613,2256,10712,5041,9478,12797,7088,11139,6217,10450,3971,5022,6582,21623,7115,9906,1955,2977,14578,12619,1619,10644,8535,8931,8211,10624,14596,14795,11283,13993,12777,6077,21413,12202,11413,6170,6728,11153,9079,8173,10593,5041,14485,6100,4201,11648,7349,7881,3468,8525,6353,13030,11036,2115,8159,7941,2337,11062,1449,7770,1983,14696,2380,12405,13196,14723,11942,9920,8546,7386,2367,13143,5533
13808,3695,11369,15268,14545,13912,2174,14564,9302,2277,8182,1993,197,6033,538,14512,11362,9358,13916,8041,538,3534,8759,12155,11647,13527,866,8003,29947,6916,7865,8829,17253,12293,9424,10274,3107,5739,7980,8931,8677,7333,13051,4700,4814,8495,13559,7901,8727,2103,9027,2832,29642,13185,16656,14558,3162,10654,542,12518,176,1160,2635,2720,11569,10849,19902,4757,7579,4324,5462,4925,11239,1849,0,3743,8768,4289,2050,8324,4673,1646,2054,17481,8636,13577,8709,16120,3479,7563,6927,13933,7595,9136,11851,7289,3485,207,14625,9235,8332,5068,5192,15258,14695,11942,8392,13907,3356,4983,13041,15544,9686,6769,7745,9852,8847,4999,5273,8504,4898,1978,4137,14558,6451,8536,7906,15770,8245,11079,7374,6890,8832,8024,2063,8598,13269,5459,9179,15089,8742,7756,7991,4986,6060,15059,305,8239,7308,5409,1536,12671,3967,5639,11522,5582,13253,5816,8822,9204,10323,8579,11796,11205,7612,14044,6185,5180,11367,15233,8321,8210,16518,13473,10956,13481,12798,13370,281,12469,5349,9388,13809,6628,12006,6127,8469,5727,3097,6703,20100,7665,11663,190,4733,10977,7766,1575,7696,8446,8842,9223,12381,11779,11194,6829,16134,13435,6860,21268,13214,14083,7183,6638,7069,8990,8723,6677,5350,15386,7112,5957,13405,7259,8430,5224,9044,7220,13897,10946,217,9025,8490,850,12818,3222,4169,3739,11097,808,8803,14209,11121,12491,10531,8456,7297,820,14155,7290
17294,6531,12863,18548,14883,10232,1836,18205,14966,3219,5047,1655,3722,8611,4020,18144,12856,14912,13799,9961,4020,4834,9057,10655,7967,15021,3737,9880,28977,3832,4730,5589,23117,8614,8709,14734,4552,2604,4845,13354,7882,9209,9371,6145,7393,4815,11113,4766,5592,4471,13598,5534,28679,9505,21946,11203,5852,10537,2967,14637,3823,3739,5214,5298,11452,16899,21768,7335,4444,5769,2327,4808,14235,2857,4054,0,5633,5734,2210,5189,6118,3706,1732,14052,10081,15071,5574,16617,1749,9440,3792,10693,14378,5456,10372,4154,6304,3728,10780,11749,5197,6513,7771,17588,16599,10142,10268,15401,7544,7561,9801,16012,14040,6652,9190,6612,10292,7578,7150,5440,4781,2102,4020,10657,12490,5401,7191,17844,8544,14074,9250,6542,8037,9901,3378,15524,14762,7335,9478,15295,5607,4621,9868,4869,5943,17334,4036,5104,13944,2274,3815,12554,832,5522,13016,2447,14954,2681,13342,13713,10280,5444,11679,7525,4477,14170,6068,5063,12861,19028,4641,5076,22300,13430,7822,10010,13900,14688,4012,12352,2214,15506,15553,9590,8326,8004,11635,5610,5934,3568,21952,4530,11546,3711,4616,12471,14259,3734,9141,10322,14733,9522,12264,17281,12687,12923,16517,9964,8338,18769,14317,15577,7481,8515,12793,13548,5588,12233,2215,15512,7411,5840,13288,9136,5295,5107,5909,3763,10217,17061,3870,5785,5355,3752,12701,2440,5663,3622,15746,3795,10297,14291,12615,9356,15661,10333,9173,3782,14394,7173
18750,10924,16675,26081,18832,7916,6346,20652,18829,7841,557,6165,8115,15425,8413,22701,18671,20695,16815,8001,8413,9244,16154,8295,5608,18560,8130,18132,27692,2522,1187,1915,28868,6254,11123,22058,8962,2731,1060,18598,10377,15053,7012,9429,16086,2455,8753,1222,464,8880,20782,9927,24872,7145,25003,8843,10793,16893,7360,20316,8216,8131,9607,9691,14978,20580,26948,16043,775,10453,3666,8692,16599,7367,8447,4512,0,10144,6719,506,10287,8918,6241,10566,10074,18614,891,22904,5653,16794,1344,6659,16860,3129,8013,1199,10697,8121,7635,16085,707,9797,14878,22336,20687,7783,17747,16458,11954,16317,6117,22355,21287,10537,9517,2785,10510,14713,15194,1808,8665,6795,7904,7512,17230,717,10788,20579,15472,16342,16249,11532,10532,18208,7771,19361,18550,15739,16184,21127,288,1515,18165,8753,9827,22025,8429,1483,16771,3612,8208,19840,4196,9406,18475,3586,20862,3167,18599,18976,12233,761,14692,4363,1276,18236,9953,8948,16845,23633,2681,1455,28025,18422,3138,7650,19050,20216,8405,20236,3553,21301,20057,16479,5966,16054,10628,9495,10327,2057,29920,2057,14795,8104,8500,16707,16688,8748,9468,16996,20527,16464,20046,23071,16800,16565,20586,7604,15929,15351,16789,16312,11365,17395,16404,20727,1967,17416,3553,19327,11295,9725,17781,17761,612,8992,1226,2031,7857,16709,8263,2112,672,8145,17457,6324,10072,7506,23136,8188,14481,18292,15643,4673,21445,17006,16169,8175,18464,10526
11341,5656,9300,18955,19782,12007,6079,21208,11264,5566,9921,5898,4463,9173,3974,19191,9293,11319,16222,4841,3974,2690,14592,8955,11256,9996,4398,9965,22432,8735,9604,10647,18825,11902,15668,14818,1815,7478,9608,10892,14921,9294,12660,1789,7955,9101,9724,9475,10466,2235,10989,7122,22155,12873,20352,11752,3320,10618,4945,15268,4442,4449,6370,6573,10679,15000,21362,7898,9319,1432,7201,11747,15515,5754,4341,5482,10507,0,5955,10063,801,4935,5959,15289,5193,10052,10448,19294,6623,9525,8666,15505,9557,8598,8651,9028,5429,4512,15538,10335,10057,1315,8333,13691,19384,8742,10353,11838,3309,8124,13305,13976,11648,13665,4611,11671,5390,8140,7235,10323,11720,5883,10959,15415,9592,10275,14150,12446,14489,15350,9335,13134,15076,9986,4790,13641,9738,7420,10348,18428,10481,9495,9953,11808,12882,18319,4323,9978,10365,7148,4314,11320,5706,12461,9452,7321,19820,7555,10784,11166,16566,10318,10405,10814,9351,17130,13081,12002,9298,19887,8934,9950,19792,14626,12696,8885,15788,15932,4313,13777,7088,11350,17050,8715,11615,8089,4622,12549,5059,8442,19636,9404,10773,4456,11555,9216,9727,4865,4437,10407,10804,13745,13685,15428,9433,9970,21308,8931,8822,19189,15763,12014,13426,8600,10566,10952,10462,9817,7089,18701,13356,12853,14059,9221,10169,12046,9668,8609,11991,12009,4221,10844,10229,4382,15157,10027,2602,10561,15412,4339,6734,19098,9052,12583,11793,10418,9258,4352,19106,14544
15853,6182,13897,16542,12891,12184,1004,14546,14247,2131,6492,823,3045,10468,3515,14492,13890,14302,11857,10519,3515,5867,7115,12607,9919,16054,3075,9218,30673,5188,6175,7100,19421,10565,6767,15344,5585,4049,6290,10145,6021,8547,11323,7178,6731,6766,16679,6210,7037,4070,10242,4838,27556,11456,17897,15315,5502,8595,2618,10459,3147,3077,4552,4636,9510,15149,22345,6673,5889,6803,3772,2866,12293,1776,3378,2053,7077,6768,0,6634,7151,3208,899,17714,11114,16104,7018,14639,3194,12494,5236,12277,12436,7408,12324,5598,5785,3052,13416,9807,6641,7546,7109,16917,14638,12094,9606,16435,5697,6899,11809,17005,10901,4710,10224,8124,13117,6916,6488,6952,2839,882,2078,13358,10548,6845,5249,17101,6602,12054,8588,4600,6176,9239,2702,13306,15796,6673,7536,13393,7052,6066,9206,2927,4001,15138,3360,6548,12002,3718,3153,10612,2277,3580,14049,3892,12903,4125,10037,14148,8338,6889,9737,9477,5921,12390,4126,3121,13895,15281,6593,6520,18723,11414,9266,11962,11144,11311,3336,10410,3659,14333,12155,8213,10277,7342,12668,3668,5585,5013,22524,5974,9604,3035,2674,13504,12317,3038,10175,13338,10057,7580,10322,15511,13721,10981,16048,11916,7292,20764,12286,16610,5539,7853,10851,10205,7032,10291,3659,15015,5469,3898,11346,8474,6740,3165,7663,5491,12168,18094,3194,7297,6800,3090,10759,1436,6696,1680,14161,3133,11331,12555,13648,10801,14775,13349,8511,3120,12501,5231
18590,11372,16665,24101,21386,7709,6794,21214,21058,8289,891,6613,8563,17415,8861,23320,16920,19052,17341,7981,8861,9691,15194,8088,5401,18577,8578,16701,27078,2970,1521,2363,29145,6047,13603,20318,9410,3179,1488,18871,12856,16848,6804,9409,16466,2248,8546,1556,798,9328,21094,10375,26800,6938,28048,8636,11241,15805,7808,20784,8664,8579,10055,10139,15472,22984,27179,14900,1109,10433,4114,9245,18910,7709,9333,4960,761,10686,7167,0,10267,9366,6794,10326,10054,18595,385,23521,6101,17120,1897,7222,17179,2889,7805,2153,11250,8569,7129,15082,1041,9777,16788,20285,21252,7576,19865,18271,12507,16686,6565,22370,19612,13536,9497,3233,10490,16601,14106,2361,9218,7348,8352,7006,16009,1052,13268,22719,16061,18629,16507,14012,13011,18511,8219,21738,16833,14559,15177,21762,814,2786,16795,9306,10380,22634,9315,2036,18852,4165,8793,18407,4749,9959,18456,4139,19499,3720,20810,21230,14713,255,16732,3857,1610,20721,10506,9501,18538,22002,3015,2008,28288,20815,2632,7234,17832,18801,9305,20703,4106,19609,20677,15185,5759,14899,10608,10048,10880,2609,27384,2610,16849,8657,9053,16655,17009,8680,9448,19067,20839,15484,20517,23378,18468,18689,23314,7188,16301,14736,17350,16434,11918,17752,18522,21039,2520,16190,4106,19907,11848,10278,20108,16378,946,9545,1081,2584,7650,18543,8828,2665,1006,8730,17920,6877,10625,8059,23435,8773,14377,20787,17207,4167,21748,17310,16432,8760,19028,11079
10798,6069,8906,19269,18240,11656,6491,19543,11676,8078,9711,6311,4875,9586,4387,19491,8899,11731,16556,4447,4387,3429,13529,8561,10862,9602,4810,10377,24403,9474,10343,11202,21030,11509,15274,15140,2227,8217,9214,11304,14527,9707,12266,2201,8367,8707,9330,9082,10303,2647,11401,6353,21864,12479,20667,11359,3732,16509,5357,15616,4854,4862,6782,6985,11091,13888,21632,8310,9636,1844,7940,11353,17419,8236,4753,6221,10344,855,6367,9850,0,5348,6387,16598,4799,9658,10142,21598,7362,9937,9405,14093,9969,8204,8257,9767,5841,4924,15018,10747,9663,2570,8745,14103,21694,8348,10766,11444,3721,8536,14682,11937,12060,13271,4217,12225,4996,8552,7647,10877,11326,6295,10565,15028,10004,9893,13756,12052,14174,17236,9747,12740,14682,10398,5203,13949,9344,7833,10760,20630,10318,10319,10365,11414,12488,20525,4735,10717,10777,7887,4726,13445,6445,12067,9059,8060,18276,8294,11196,11578,16173,10012,10817,10420,10090,17424,12687,11608,8904,20190,8540,10689,20069,14942,12482,8492,17728,16280,4725,14094,7827,11762,17344,9128,11221,8501,4228,12155,5471,9181,19883,10143,11185,4868,11161,8822,10140,5277,4044,10820,11216,14032,14001,15737,9039,10986,21637,8538,9234,18849,17693,11620,13032,9012,10978,11364,11201,10230,7828,20930,12962,12459,14375,9633,10908,11652,9274,9348,11597,11616,4633,11398,10968,4794,14067,9633,3014,10167,14261,4751,6340,17620,8658,12190,12905,10830,9671,4764,17629,14150
15634,3701,11763,16419,15027,14819,3112,15509,8224,2795,10064,2931,1546,5656,2563,14019,11756,8279,10209,8434,2563,3927,9241,12549,13212,13920,782,6924,27669,8481,9747,10393,18879,13858,9388,9195,3501,6384,9862,7852,8641,6254,14616,5093,4438,10059,13382,9782,10609,2497,7949,2456,30191,14749,17944,14974,3555,7105,1956,13192,1567,783,2259,2343,7166,9825,19792,4380,9461,4718,6107,5600,10412,2689,2200,4442,10649,4683,2988,10206,5067,0,3007,17792,9029,13970,10591,14134,4417,6484,8808,15104,6517,10701,12245,9170,3491,1874,16496,6822,10213,5461,4816,15652,14201,13252,7313,10615,3750,4606,14636,14601,8608,7444,8139,11417,9241,4623,4195,10068,5573,2916,4812,16423,6075,10417,7870,13291,8806,10251,6295,7372,8796,6946,606,8221,13662,4380,6835,15733,10624,9723,6913,5661,6735,16319,2182,10120,6932,6053,860,7803,4666,6313,11915,6281,15039,6460,7744,8126,10287,10461,6892,12770,9493,14415,6860,5855,11761,14743,9886,10092,16412,14147,12838,13291,13280,14044,2158,13143,5994,8310,14291,5893,13570,5049,8862,6402,3104,9013,19980,9546,7260,1857,5408,11371,6687,821,8090,7367,7763,9705,13055,10701,11587,6452,14144,13295,5382,23924,10405,10245,7664,5560,6692,7911,10604,6300,5994,14837,7594,6632,8926,6181,10312,5899,10925,8784,13465,9868,2016,10590,10372,797,8519,3880,4563,4414,10018,840,9197,14691,11515,14373,9453,7378,6218,827,14637,7851
17357,6257,14174,18350,13168,12461,1079,14697,10592,2408,7241,898,3121,10745,3746,16139,14167,10647,12134,10083,3746,5576,7393,12884,10196,16331,3150,9293,30501,5466,6731,7378,21446,10842,7045,11564,5149,4326,6846,10220,6298,8622,11600,6742,6806,7044,16434,6767,7593,4146,10317,4933,27400,11734,19847,15156,5577,8872,2693,10736,3222,3152,4627,4712,9787,13784,22379,6749,6446,6366,4049,3143,12569,2100,3453,2330,7634,6331,1076,7190,6715,3119,0,17589,10678,16381,7575,16301,3267,12771,5793,12333,12713,7685,12601,6155,6029,3127,14649,10084,7391,7110,7184,15296,16300,12371,9681,16712,5772,6975,12086,16944,10976,4988,9788,8401,12871,6991,6563,7053,3116,957,2355,14584,10825,7402,5527,15468,6958,12330,8663,4877,6453,9314,2777,12926,16073,6748,7813,14932,7608,6707,9281,3204,4278,15302,3435,7105,12279,3996,3228,10889,2554,3857,14326,4169,13181,4403,10112,10494,7943,7445,10014,9754,6478,12556,4404,3399,14172,17008,6870,7077,18755,11690,9823,12030,11421,11587,3411,10687,3936,10678,12432,8288,10555,7417,12945,3946,5660,5997,22560,6531,9881,3110,2951,13781,12594,3133,9739,13615,10132,7857,10599,15557,13998,11258,14713,11984,7751,20617,11837,16888,5817,7928,11128,10280,7589,10568,3937,13779,5746,4176,11622,8549,7296,3443,7910,5769,12446,18371,3269,7574,7356,3166,11036,1713,6974,1957,14200,3208,11608,12832,13926,11357,11821,13626,8586,3195,12778,5508
22932,20523,24908,35931,27880,7175,16002,29733,26963,19290,11123,17637,17505,26599,19468,32710,22750,29646,28593,13292,19468,16903,26212,8287,6963,22988,17855,24453,23636,13727,11358,10895,34061,6448,20559,31193,15257,12108,10848,26709,19248,22982,6488,14355,23164,9625,9972,10715,11080,16221,27026,22102,23420,6376,33963,7854,20046,24394,17253,30121,19353,18302,22285,22410,26534,31596,38199,23123,11464,14319,12379,19410,25694,18611,19267,15488,11121,16851,16072,9905,15060,19609,15959,0,17324,22729,10478,29868,14003,25241,12178,14475,25272,9366,8005,11319,20253,19151,3522,26100,11181,14685,25888,26302,32799,7775,25898,23519,19757,23320,13933,26256,27573,20469,17325,11843,17111,25685,22247,11033,20260,17456,17031,3399,26829,10888,19513,29469,25532,28033,26787,22358,21360,27198,17886,30833,22863,22503,23780,31075,11095,12479,27405,20308,21342,29089,19292,11023,25260,12964,18306,29566,13643,19173,24919,12962,30841,12544,29504,27167,20902,9608,26210,7023,12530,27315,19083,18589,24915,30530,11041,11015,33213,27449,8483,7408,26398,30150,17562,30039,12905,30297,27281,22882,6476,25433,16462,19149,21945,12891,34904,12225,23889,17361,18156,22214,25107,18199,15587,27900,29534,26512,29863,29045,22388,25337,32683,7362,25337,12282,28522,25791,21670,24233,25216,26977,10968,27076,12905,31230,23945,19199,26808,24207,10783,18679,9534,13235,7116,26157,17318,10533,10843,19697,29188,17853,19277,18421,32031,17933,21641,27356,21429,6629,27568,27913,26739,19736,27542,19476
7255,10432,6758,24393,22300,9054,9752,25871,14270,10573,9330,9571,8136,13897,7648,23424,8030,14184,20870,4055,7648,6363,17629,7697,10481,7831,9173,12958,18212,10982,10449,14703,20108,10614,19148,15818,5488,9628,8833,15427,17137,14125,9788,3749,12726,8326,6728,8701,9922,5908,14416,9795,19766,9877,25904,8756,7441,16385,8618,17349,8115,8122,11146,9682,18249,15628,22495,12668,9255,4774,9899,15041,19890,10731,8014,9155,9963,5218,9628,9469,4799,8608,9648,15718,0,7881,9761,25910,10296,13761,10237,19545,15068,7823,7393,9305,10204,8185,12416,16110,9282,4118,13104,9563,26047,7484,13426,10118,7430,12895,18630,9848,16657,14958,1119,12567,509,12911,12010,11218,13588,9556,13060,12453,14057,9691,18360,10041,17053,21761,13241,17324,17354,13351,8463,18271,7573,12196,17987,25121,9937,9621,14616,13962,15092,22520,7996,11159,15337,10484,9089,16546,9379,16318,6720,10483,22324,10065,15648,14590,17217,9631,16202,10039,9381,23656,16707,15780,8058,24074,8159,11131,21128,18379,14772,7627,22139,18186,7986,17277,10425,16299,21378,14202,10629,12864,1516,14920,9835,10014,20719,9863,18050,8129,14674,5772,14952,8538,1242,14786,15678,20006,18984,17654,5989,15109,23592,7673,13597,15377,22199,10293,16166,13376,16760,14377,13363,15958,10426,23078,16155,15063,17868,13447,9585,15050,8893,10181,8995,9871,7894,13496,9645,9158,17583,12128,6702,12662,17565,9115,4254,21680,6572,11809,14728,14801,13410,9128,23873,16550
4119,10663,1087,19255,22791,16234,14136,21284,8244,15326,16438,13955,13144,10102,12656,21245,148,9489,17049,11197,12656,10622,16577,16780,18251,1150,14123,6426,22886,17410,15945,20164,13296,16182,19088,9552,9753,16345,17702,7576,18499,7592,17429,10047,9653,14885,14957,15952,16875,10916,7969,11387,22620,18117,18713,17637,9556,14424,13626,15132,13123,13131,10783,10867,14890,9352,13425,9596,17975,10961,16053,16705,20452,15484,13022,13006,16889,9971,14133,16871,9552,13617,14031,25052,6441,0,17101,21257,14147,8426,16201,24230,8459,14924,15279,16254,10555,13193,21591,16011,16236,10415,9278,3284,23697,17446,7729,3480,9544,9824,21282,3186,8964,16183,6640,16970,6361,9838,9568,18031,14642,14564,15967,19505,10238,18294,17767,3301,16172,20398,6708,17806,20614,6818,15459,11219,892,8549,16262,21199,18570,18273,7839,15065,15902,20282,13004,19812,9044,16102,13842,10403,13230,15657,1049,14439,22764,16149,7764,8146,20657,16934,14588,18076,18173,21842,17792,15398,177,23907,14066,17959,12794,16774,19419,17566,18409,16524,12994,13674,14474,9285,19716,7669,16025,8954,5790,15813,10916,15334,13759,18580,16269,13137,15926,4020,8629,13546,6762,8056,7784,18879,15114,10939,687,9740,21502,17612,9034,22545,20720,3655,17534,8121,10136,7932,18432,10100,14521,23724,17479,15960,14902,6914,16610,16031,16273,17820,16243,3339,12902,18517,16541,13911,14706,16882,8758,13619,10830,13868,3360,22156,1707,18069,8980,8067,6877,13881,19963,17351
20649,11647,18625,24501,21821,7631,7069,21612,21453,8564,1135,6888,8838,16188,9136,23759,17148,19410,19558,7903,9136,9966,17191,8010,5323,17101,8885,17051,24368,3245,1246,2638,26792,5969,13567,20686,9684,3454,1410,19228,12820,15631,6727,9331,16885,2170,8468,1282,968,9603,19499,10650,26582,6860,28489,8558,10967,16210,8083,21222,8939,8886,10362,10446,15877,23378,30332,16841,1353,10355,4389,9415,19350,7879,9502,5235,1009,10609,7066,993,10190,8854,6964,10290,9976,18848,0,21739,6376,17495,2066,7392,17552,2812,7728,2101,11419,8844,7093,15487,1069,9699,15614,22630,21649,7498,18383,16875,12677,15516,6850,20540,22019,13500,9419,3508,10413,15444,14480,2530,9388,7518,8627,6970,16397,777,13232,20867,16506,19069,18582,13976,12975,18906,8494,22161,18818,14920,15582,22195,983,2418,17166,9476,10550,20936,9484,2206,17482,4335,8963,20722,4919,10129,18709,4308,19894,3890,21208,19624,14677,130,15586,3779,2178,21159,10675,9670,17044,24689,2741,2177,28667,21259,2457,7156,18234,21165,9474,21141,4276,19970,21116,17117,5681,15276,10530,10217,11050,2779,27727,2780,15692,8827,9223,18588,19157,8850,9371,19472,21236,17509,19013,23773,18705,19120,23751,7110,16718,15870,17748,16733,14868,18165,18955,19450,2690,16581,4276,20298,14926,10447,20552,16732,671,9714,1003,2754,7572,17120,8998,2835,731,8900,18323,7047,10795,8229,23829,8943,16047,19256,17453,4131,22142,17678,18502,8930,21410,13723
25742,12556,23132,15170,2174,29828,16211,161,13424,13605,20923,16309,14482,9564,16184,622,21350,13485,4516,24304,14684,17492,6564,26973,24999,22521,14607,13988,45943,19248,22926,22193,17466,25565,12624,15360,17944,18855,23193,13524,11878,15884,26148,19962,11573,21444,30090,22891,22746,18644,13231,11830,45637,28946,16404,31408,16241,7575,16343,10095,15901,15485,11866,12068,7041,15419,18680,11515,20551,19151,18577,12620,3719,14048,14626,18315,20781,21266,16135,21341,19596,15578,14790,32919,23508,23428,23961,0,17094,11220,21822,21129,11162,23777,26963,20276,17011,16081,27614,7337,20897,21422,10399,21812,464,26949,14611,19430,16872,11741,21295,22005,13061,11278,25599,22192,26381,10574,11590,21988,12811,14993,13478,27568,9644,23243,11106,23777,7216,4040,13755,10090,12033,13251,14002,13322,22862,14641,8382,2072,22851,20532,12455,12521,10930,987,14617,20403,10728,18540,14260,9339,18738,11516,23376,20260,2135,18679,13192,12874,13523,23834,7267,26898,22628,2875,10445,12102,23643,739,22942,20401,17473,7868,26090,29720,3661,7750,16155,10046,20336,13335,2667,14421,25376,11659,22657,11388,14777,20963,18562,22549,7134,16108,13037,22037,11043,13688,25430,12065,13212,6930,8613,13945,21867,9183,640,29711,11482,39001,3369,19313,8219,10995,9110,12837,20484,9387,18459,2318,8209,10217,7639,13589,21176,12867,21308,19880,29851,17783,14831,22450,21140,14604,7441,14478,17885,14968,14187,16058,24551,2797,21101,24157,13637,12075,14978,14595,2076,11501
14841,6925,13612,20546,15421,10585,3068,17003,13299,3406,5549,2888,3908,8829,4453,16948,13605,14598,15592,10270,4453,5583,10850,10964,8276,15769,3955,11233,25532,4765,5039,5897,22761,8922,10388,14515,5301,2913,5154,12160,9642,10347,9680,6893,7611,5124,11421,5075,5901,5219,13330,5720,27841,9813,22062,11512,7132,12330,3133,14726,4920,3957,5432,5517,13245,16584,23596,7554,4753,6518,2636,6600,16027,4090,4820,1232,5942,6483,3066,5498,6867,3924,2964,15433,10830,15819,5883,18841,0,10793,4101,11002,10825,5765,10681,4462,6697,3915,11089,13541,5699,7261,7989,16823,18842,10451,11622,16150,8293,7780,10110,15310,13806,8445,9939,6921,11041,7796,8503,5749,6573,3415,5812,10966,14283,5710,8870,17099,10336,15867,10603,8334,9797,11254,3564,15430,15511,8688,11270,15847,5916,5015,11221,6661,7735,16185,4802,5412,15736,2582,4033,14347,1147,7314,13764,3275,15486,3424,12052,14828,11959,5753,13471,7834,4786,14685,7861,6856,13610,17735,4950,5384,21918,13622,8130,10110,13492,14886,4792,13286,2523,15211,16116,9984,8635,9357,12383,7403,6327,3877,23813,4838,13338,3897,6408,13219,16051,3920,9890,11676,12072,11314,14056,16977,13436,14716,18757,10064,8556,18326,13233,16325,9274,9868,14585,13281,5897,14025,2524,16075,9203,7633,15080,10489,5604,6900,6218,4044,10526,17809,4700,6094,5664,3971,14494,4232,6411,5414,15458,4013,11046,14820,13364,9665,13925,11686,10527,4000,14907,8852
15746,5250,7820,7465,10112,20238,9022,12295,2575,8422,16609,8841,7268,2388,8141,12071,7688,2630,8065,16035,8141,10202,7088,21691,19154,7009,6934,2155,34917,15185,17898,17284,8083,19300,14743,2921,9775,14326,16458,2105,13149,3322,19467,11064,2984,16024,19752,17882,16700,8771,2202,6104,31406,21885,8699,24030,7565,4864,9152,3821,7289,6493,5370,5454,5779,3940,9503,2982,16304,10707,13977,13891,8440,8316,8507,11294,18510,10206,8898,18869,10590,7344,8918,27820,15167,7540,19282,12062,11258,0,15778,21097,179,17776,19701,17748,5659,7429,24582,6076,16473,11432,2605,10644,12478,19965,1674,5791,8200,3117,18758,9986,2663,12549,13511,16458,14212,2780,3458,18749,11804,8826,13010,22232,2526,18522,12378,10101,7740,8280,2437,11361,13304,1485,7257,3105,7435,3848,5453,10818,16741,18138,2175,11514,10434,11794,8489,17239,337,15409,6710,2691,11519,10708,7902,13768,10125,15539,1998,2476,14794,19097,6006,18708,18076,9500,11037,11416,7717,12890,16692,18986,7905,4744,22008,22076,8365,4641,8479,3771,13836,2661,9376,3398,21054,2948,12560,10796,6020,16258,9193,18277,5873,7412,12031,9851,229,6980,14795,1250,2017,7430,3652,4948,8227,1842,12261,22093,3028,31045,8434,5421,7868,1477,2355,2165,19363,3032,15288,11064,7797,10809,4676,2644,18588,11860,18456,17423,22325,5044,8387,19349,18519,6949,4089,11434,8859,12612,4188,6992,10130,9776,8477,19478,3103,1261,2606,6979,9722,12772
20129,10029,17610,24925,17870,7736,5451,19674,17841,6947,1315,5270,7220,15858,7518,19618,17917,19608,17410,7821,7518,8349,15042,8115,5427,17757,7267,17066,25504,1627,1006,2207,25220,6074,10911,20951,8067,1836,1121,19412,10165,15540,6831,9248,13571,2275,8573,1042,1624,7986,17864,9032,25247,6965,26402,8663,9898,15742,6465,17385,7321,7268,8744,8828,13939,21595,28646,14915,720,10272,2771,7611,15615,6592,7885,3617,1665,9249,5448,1821,10107,8024,5346,11437,9894,17856,2206,19800,4758,17390,0,7311,17466,2949,7832,430,9802,7226,8240,14938,1464,9617,13850,21520,21728,7602,18472,17204,11059,15194,6409,21548,20184,9408,9337,3230,10330,13687,11608,1882,7770,5900,7009,8117,16087,1367,9650,19822,11612,16931,16837,11320,10320,17122,6876,18329,16118,14652,13645,18216,1639,897,17053,7858,8932,18992,7867,1736,15752,2717,7345,18688,3301,8511,16075,2691,19799,2272,19407,19819,12022,2076,15046,4985,753,19024,9058,8053,17821,22551,2501,1707,24464,19151,4453,7261,16287,17295,7857,17313,2658,20208,18980,15429,5786,14932,10448,8600,9432,1162,28859,1162,15161,7209,7605,16066,17277,7854,9288,17627,19435,15363,18891,21981,16147,15523,21619,7215,14804,16125,17425,17041,10470,16277,15360,17814,2220,16268,2658,20260,10400,8830,16734,16684,1927,8097,2476,439,7677,17484,7764,2403,1987,7282,18087,5429,9177,6611,22050,7325,13920,17324,16506,5988,20358,16003,16744,7312,17489,9631
24541,15033,21733,26706,17022,13808,11884,19000,21574,13262,7056,11703,13738,19069,14037,18947,22051,21545,16257,16534,14037,14664,14046,14563,11314,23965,13955,19582,31441,7943,8414,5701,31899,11960,11616,24711,14383,8355,8529,23582,10869,20296,12718,15081,16899,9683,15217,8450,7408,14301,23741,14156,34383,13247,28014,15990,14662,15770,12984,19465,13840,13957,15970,16186,15188,25662,29881,16867,6848,15600,9290,12890,15314,12907,14403,10136,7448,14067,11882,7005,15533,14339,11780,14384,17734,21984,7390,19171,11277,19142,7476,0,19271,10357,14504,7838,17971,13745,11187,16474,7205,14931,17055,25050,20886,14009,22643,22785,14874,17201,904,25110,24047,11548,19327,5963,19703,16952,18083,5552,11825,12150,13406,11064,19272,7216,11281,27846,14958,15037,21294,12025,11024,19410,13395,23310,21811,17279,16464,18961,7423,6599,20919,11535,11873,18606,14385,5157,19036,9236,14034,21284,9820,11787,24095,9209,18904,8791,23479,21617,12726,7260,16557,10577,6650,18391,13337,11402,24238,19808,9909,5148,28320,20796,6998,13937,17841,18868,14375,19405,9177,21992,18390,20194,12707,17001,17749,11659,15477,7680,30009,6345,15052,13728,13308,22003,19099,14169,17318,19572,21324,15528,19196,25986,22046,20006,18824,15310,18562,20615,15424,22609,13522,18214,19714,21493,5102,19268,9177,17253,13096,13109,18268,21096,7111,11881,7724,7452,15238,23078,14283,4779,7171,13971,17984,11825,15207,13008,23697,14014,22141,16624,20850,8532,22196,21578,21152,14001,16896,11771
14111,5192,7762,7719,10367,20226,8964,12549,2396,8363,18371,8783,7210,2645,8083,12326,7630,2451,8320,17625,8083,10143,7343,19657,19169,6951,6876,2097,31562,16814,16294,19146,7904,19304,13549,3263,9717,14390,18199,1926,13404,3263,21448,11006,3241,17700,21736,17943,16767,8713,2024,6045,31287,21885,8953,24016,7507,5119,9094,4075,7231,6435,5311,5396,6034,3761,8968,3239,16366,10649,14041,11169,8695,8258,8449,11236,18582,10148,8840,18934,10532,7286,8859,27854,13672,7482,19345,12316,11200,179,15847,21240,0,17814,21689,17819,5601,7371,24605,6330,16530,11374,2862,10586,12733,21987,1495,5733,8142,2774,20809,9928,2484,12804,13423,16531,14122,3037,3399,17097,12059,8768,10381,24526,2780,16864,12632,10042,7995,8534,2379,11616,13559,1427,7199,3360,7377,3790,5707,11073,18524,16522,1995,11768,10688,12048,8431,19089,591,14046,6651,2946,11461,10962,7843,15246,10379,14163,1819,2297,15049,17384,6261,20642,18147,9755,11292,11671,7659,13145,16729,17307,7726,4998,22076,22059,8620,4895,8421,4026,13900,2482,9631,3340,19107,2890,12502,11050,5962,14819,9014,18353,6128,7353,12286,9793,171,6922,14702,1192,1838,7685,3907,4769,8169,2097,12516,20031,2970,31006,8688,5363,8122,1297,2610,1986,19456,3289,13936,11319,8052,11064,4930,2586,16924,12114,16799,15876,22311,4985,8329,17642,18583,6891,4344,11689,8800,9983,4009,6934,10071,10031,8419,19520,2924,1203,2548,6921,9977,13027
16439,10876,14732,25959,21767,5484,6613,23656,19751,7991,2016,6433,8066,16560,8364,21408,14967,17859,17344,6182,8364,9394,15304,5863,3175,14969,8113,15441,22843,3649,2715,4229,25136,3822,12213,19222,9348,2707,1501,17672,11466,15414,4579,7609,14044,811,6321,1386,2692,9031,19809,10698,22585,4713,27475,6411,11301,17119,7311,20139,8168,8115,9590,9675,16856,21651,25805,14003,1941,8633,2978,8655,19183,7637,8731,4463,2732,8887,6611,2239,8468,9069,6509,9185,8255,16448,2072,21573,5604,16128,3243,9333,16163,0,5580,1990,10648,8073,5988,16393,1968,7977,14370,18397,23728,5351,18567,16457,12104,15651,8441,18396,18498,10453,7698,5252,8691,14185,12454,4081,8896,7026,8135,5865,16790,2198,10695,20668,14665,17166,15274,10657,11621,17214,7722,18855,16447,13420,16530,22189,2707,2307,15759,8984,10058,20711,8713,3929,17792,3564,8191,17740,4148,9637,16309,3562,21858,3144,17715,18109,14137,1942,16505,2733,2067,19080,10184,9178,14856,24499,2170,3901,26806,20390,4627,5009,19834,20270,8703,20057,3504,20323,19029,13884,3534,15382,8809,9726,10278,3184,26030,2549,16644,8055,8731,16144,17632,8898,7649,17878,17742,15658,19889,20015,16271,17899,23630,4963,15285,15332,19417,16308,14601,15118,16131,17924,4413,17049,3505,22402,13287,9956,17865,16714,2442,9223,1493,3158,5425,15168,8611,4425,2502,8129,17538,6555,10223,7737,20046,8171,11179,19176,15038,4503,20427,16232,15219,8158,21279,10676
15057,16830,16739,30617,27858,990,13160,29618,20927,14781,7551,12979,11544,19105,11055,26818,16848,22980,22542,3541,11055,9771,22777,734,2812,17261,12324,18390,18706,9184,7775,10087,27525,2298,17577,24690,8896,8314,7054,20656,19610,18658,1448,7157,19775,5831,740,6921,7450,9316,21030,16651,16721,1886,32158,3039,10849,20421,12026,24880,11523,14822,16697,15198,22392,22510,27968,17902,7476,8181,8585,16503,25204,13685,11422,12563,7491,8435,13036,6997,8016,12016,13056,10232,7334,16840,6830,29718,13704,21714,8548,15986,19678,5573,0,7525,14259,11593,6699,21901,7503,7526,18318,18824,29720,520,21966,16689,10838,19839,13628,18754,23877,16247,7868,11035,6488,19963,18647,9439,17000,12964,14154,6708,19303,7733,19501,19298,22071,24963,20178,19469,19821,18778,13269,22576,15488,18541,20030,28318,7465,7841,19252,15642,16794,26050,11404,8687,19782,9170,13337,24147,12787,18221,16715,9169,27934,8751,20784,21191,19477,6700,19973,4051,7602,27058,16659,15926,16672,30423,9751,8659,26621,25493,7148,683,23361,25333,11394,22497,9111,23656,26991,16836,2297,17763,8265,18270,14212,8719,28251,8084,22177,11537,16689,14655,21529,13604,7876,21587,22938,23233,22381,25242,16369,20376,29635,729,17725,9403,25455,18291,18711,20671,20351,23128,10160,19631,9112,28559,20652,16679,24824,20124,7201,15643,7094,8867,1006,18590,11302,9725,7261,12112,22201,15083,10110,13458,25209,12069,11803,24680,15439,5294,21479,21602,20179,12082,24773,18542
20061,10267,16037,25372,20227,7664,5689,20151,19983,7185,1243,5508,7458,14749,7756,22149,17973,18078,17916,7749,7756,8586,14115,8043,5355,17845,7505,17360,27662,1865,934,2445,28097,6002,11149,21293,8304,2074,1049,17899,10403,14352,6759,9176,15330,2203,8501,970,1552,8223,20013,9270,27380,6893,24365,8591,10136,14715,6703,17781,7559,7506,8982,9066,15850,19881,26248,15287,649,10201,3009,7849,16092,6830,8122,3855,1593,9487,5686,1559,10035,8262,5584,11365,9822,17915,1944,22348,4996,16103,1459,7549,16168,2877,7760,0,10039,7464,8168,15420,1392,9545,14195,21617,20193,7530,18790,17385,11297,15558,6647,19633,20520,9646,9265,3468,10258,15461,11845,2120,8008,6138,7247,8045,14957,1295,10814,21956,13491,15839,17138,11558,10558,15821,7114,18681,16187,13581,15525,18700,1567,825,15788,8096,9170,19465,8104,1972,16082,2955,7583,19110,3539,8749,17776,2928,18445,2510,17901,18278,12259,1814,14090,4913,681,17739,9295,8290,17872,23076,2429,1944,27253,17797,4192,7189,18471,17713,8094,19517,2896,18628,19506,15708,5714,15294,10376,8837,9670,1399,26446,1398,14196,7447,7843,17735,17630,7470,9216,17967,17926,14410,17538,20234,17832,17520,20094,7143,13764,17238,17951,17223,10708,16633,17347,18108,2457,15131,2896,18866,10638,9067,17156,15415,1665,8334,2404,1374,7605,16025,8002,2641,1725,7520,16831,5667,9415,6849,22366,7563,15317,17804,16550,5726,18758,17978,17050,7550,17967,9869
13217,2516,10209,13831,15991,16374,5906,15424,6254,5393,11492,5725,3485,4872,3760,16950,10077,6309,10902,10805,3760,5886,9307,15689,15455,9398,2889,4489,29282,10648,10982,13394,15267,15491,12700,7225,5449,8856,11097,5614,11953,3427,15570,6683,3673,11066,14276,11017,11844,4390,5978,3981,26291,14565,16774,18097,3185,7477,4772,8535,3506,3597,3229,3432,7538,7390,16019,3616,10696,6326,8579,8657,10784,5581,4127,6914,11884,5826,5782,11441,6210,4460,5802,22322,10598,9928,11826,15434,6877,4966,10043,16305,4999,11708,15716,10405,0,3560,17213,7194,11641,7051,4051,13032,17204,14561,5343,8180,3820,3844,17330,13318,6638,10698,10270,12620,11295,3858,3588,11515,8630,5710,7869,17137,5290,11652,11182,12489,9113,10623,3860,10166,12109,4181,4373,7744,9823,2568,7207,16558,11859,10958,4942,8718,9792,14439,4108,11355,5502,8525,2805,7326,7138,9370,10290,8753,15989,8932,5773,6155,13599,11696,7264,15029,10729,15040,10114,8912,10105,17584,10893,11327,11687,8584,17082,14633,11201,8466,4099,8486,8466,6340,13551,3063,15278,3531,10028,9459,974,9820,14752,10781,7632,3543,8465,11286,5169,4096,10221,5397,5793,9648,8367,8731,10615,6016,17179,16149,4264,22676,10777,7810,10459,4042,6008,5941,15011,5516,8466,16901,10388,9886,8167,3727,11547,8956,12160,9987,16392,7432,3308,15047,11607,2873,7760,6954,4478,7471,8048,2830,9112,15323,11430,14691,7018,5407,3764,2843,13819,11577
13981,3885,11560,16909,13882,13705,1967,14526,9493,1454,8291,1786,389,6223,728,15952,11553,9548,13709,8231,728,3724,8096,12346,11440,13717,1056,8193,30021,6709,7975,8621,19195,12086,8714,10464,3297,5531,8090,9121,7967,7182,12844,4890,5005,8287,13749,8010,8836,2294,9218,3768,26961,12977,18437,14511,3352,10447,733,12310,368,1350,2826,2910,11362,11040,18225,4947,7689,4515,5255,4717,10576,1641,515,3535,8877,4480,1842,8434,4863,1836,1862,17376,8826,13767,8818,14591,3272,7753,7036,13725,7786,8929,12042,7398,3676,0,16019,8572,8441,5258,5383,15449,14654,12132,8582,14098,3547,5173,12833,13234,9877,6758,7936,9644,9037,5190,5464,8296,4690,1771,3929,15945,6642,8645,7243,13303,7661,10337,7564,6227,8122,8215,1856,8788,13459,5649,8516,13629,8852,7950,8182,4778,5852,15025,497,8348,7499,5201,1621,12464,3760,5431,11712,5375,13894,5608,9013,9395,9612,8688,8641,10997,7721,13270,6174,4973,11558,16754,8114,8320,16685,13265,11066,13273,12135,13162,473,12261,5142,9579,13146,6818,11798,6318,8659,5520,3288,6495,20283,7774,11455,17,4525,11167,7956,1766,7887,8636,9032,8560,12174,11970,11384,7019,14596,13227,7051,23408,12551,14273,6519,6829,12702,9180,8832,6867,5142,15315,6449,5946,13197,7450,8540,5017,9153,7012,13689,11137,407,8817,8600,1041,12611,3014,4359,3531,11287,998,8994,13546,11312,12600,10722,8647,7487,1011,13492,7637
21935,17609,19457,29849,25701,3979,14708,27492,26392,14793,7926,14684,14664,21292,16295,27436,21615,26318,23516,8900,16295,15652,21414,5090,3766,21870,14970,23611,20340,10530,8161,7698,30982,3252,16840,27897,14777,9268,8008,23687,19089,19947,3291,13039,20276,6785,5580,7875,7883,15197,24015,17195,20118,3180,34415,3440,16704,24028,15864,27078,14720,17019,17337,19221,23734,28254,31560,20235,8430,14063,9539,15282,25823,14197,16119,11024,7924,14316,14787,6708,13897,14967,13291,3257,11558,19590,7281,30435,12165,22304,8981,11278,22324,6527,4808,8479,18972,14534,0,21123,7984,13407,20613,25528,27537,4578,22888,22477,16386,20414,10736,23117,27089,16355,12461,8632,11080,22510,19332,7836,17611,13440,14622,51,21500,7691,19257,23595,20783,25547,21283,18012,19259,23887,15068,27639,21734,21520,21239,26050,7898,9269,21912,17714,18836,26790,14647,7826,22334,10124,15423,26479,10708,18598,21458,10123,28430,9705,23759,24160,17084,6412,23393,3826,9319,27646,18568,17936,21456,28274,8201,7818,30126,27325,5286,4211,24078,27207,16196,24493,10065,24474,27599,21876,3279,22230,13342,16870,18642,9694,31811,9015,23525,14517,15733,19084,22163,16963,12469,24625,23786,23949,26829,28673,21222,24819,27440,4165,20091,8196,23628,22348,19320,21302,24707,26415,7771,21747,10065,26216,19368,18667,24156,23359,7586,17921,6337,10038,3919,22709,14452,7336,7646,16516,23829,13554,15866,15645,26026,15046,18198,25151,18288,3432,27051,24638,23417,16553,25311,17180
20809,5261,14243,9554,5304,20083,8382,7545,8148,8400,16103,8201,6795,3832,7286,7444,14621,8203,3610,18721,7286,9606,2336,19873,18267,13775,6461,7429,37779,12532,15856,14424,15023,20628,7205,9119,9179,11339,14629,7776,6458,7152,19191,10772,4279,16254,22206,15827,15943,8176,7872,4535,37473,19386,10788,21574,7577,781,7587,5270,6816,6020,4571,4774,355,9695,17778,4221,15704,10397,11062,5721,3813,8045,7071,9397,14594,10218,7961,16623,10602,6765,8277,23681,17756,14527,17069,7385,10538,5888,13553,14947,5830,14873,19871,13991,8022,6956,23281,0,14539,11140,4668,15794,7851,21960,7237,11065,8212,4447,14785,15960,8532,5292,17444,15484,16534,4463,4296,14188,5476,8260,6143,21067,3912,14794,5734,17285,2453,3574,7193,4029,6613,6560,6678,6629,14052,5784,1238,6010,16027,14297,6836,5185,4361,7167,7053,14558,5396,11008,6236,4272,9621,4379,14460,11236,5317,11415,7668,8049,8103,15346,70,17707,14274,4877,4708,5088,16196,8312,14016,14551,14626,3735,19525,19954,3742,3616,7029,5221,10949,8234,4754,6825,18520,4365,16835,4467,6260,13064,17814,14304,462,6938,5703,15200,5711,6401,15671,6732,7687,2677,4787,11916,15062,3464,7634,19952,4188,31298,3806,10695,2699,5264,3392,7835,14758,3655,10949,6257,2628,4480,3523,7001,14875,5531,16437,13617,22157,10317,6965,16187,16341,6476,4203,7766,8870,7398,9942,6519,15103,5153,15609,19635,8676,6743,7039,6506,5100,6128
19866,11050,16027,23511,20924,7170,6472,20774,18445,7967,188,6291,8241,15174,8539,20719,16286,20269,16843,7255,8539,9369,16219,7549,4862,16209,8288,17674,24488,2648,440,2770,25777,5508,11932,19664,9087,2857,387,20069,11185,14619,6265,8682,14300,1709,8007,476,1100,9006,18479,10053,24233,6399,27403,8097,10919,15252,7486,18258,8342,8289,9764,9849,16461,20191,26510,15717,940,9707,3792,8818,16712,7612,8905,4638,1141,9960,6469,647,9541,9044,6367,10871,9328,17895,1031,23032,5779,18156,2198,7524,18219,2383,7266,989,10822,8247,7674,16025,0,9051,14596,21645,20819,7037,19137,15910,12079,15976,6982,19652,20893,10429,8771,4251,9764,15898,14833,2903,8791,6921,8030,7551,15383,296,10670,22002,15528,18143,17461,12341,11341,16134,7897,21039,16192,13899,16136,21312,1115,1305,17793,8879,9953,20079,8887,2337,18142,3738,8366,17796,4322,9532,16110,3711,19077,3293,20083,20504,13042,902,14639,4419,1066,18365,10078,9073,16188,23760,1935,2309,27552,20189,3279,6695,17369,18228,8877,20043,3679,18949,18322,16001,5220,14254,9882,9620,10453,2182,26716,1547,16256,8230,8626,16033,16360,8253,8722,16645,18247,15020,18018,20550,17779,18007,20722,6649,15592,16499,16910,15766,11491,15459,17846,20312,2821,15571,3679,19507,11421,9850,17676,15714,462,9117,820,2157,7111,16157,8401,2966,365,8303,19123,6450,10198,7632,20601,8346,15187,18433,16513,4814,19070,16655,15769,8333,18593,10651
11518,5834,9546,21321,18035,11650,5809,21358,11442,5296,9651,5628,4433,9351,3704,21301,9540,11497,16390,4441,3704,2420,13319,8555,10856,10242,4575,10142,24650,8465,9334,10377,21391,11502,12603,13956,1544,7208,9208,11070,11856,9472,12260,621,8133,8701,9324,9075,10196,1965,11166,5851,22089,12473,22862,11352,3498,14289,4675,14202,4171,4179,5654,5739,10857,15599,19978,8075,9048,700,6931,8560,17188,5484,4071,5212,10237,1187,5685,9793,1570,4665,5705,16185,5036,12187,10178,19437,6353,9702,8396,13547,9734,8198,8251,8757,5606,4289,15012,10513,9657,0,8511,13869,21506,8342,10531,12085,3486,8301,14590,14154,11826,10601,4145,11401,5247,8318,7412,10052,8533,5613,7772,15049,9770,10005,11085,14346,11503,15422,9513,10069,12011,10163,4520,15523,9984,7598,10525,18507,10211,9310,10130,8621,9695,20356,4053,9708,10542,6877,4491,14876,5436,9273,9699,7051,19921,7284,10962,11343,13502,10048,10583,10414,9081,18987,10017,8815,9544,20038,8534,9679,18545,14916,12425,8485,15903,14751,4043,14126,6818,11528,17149,8893,11215,8267,4869,9362,5237,8172,22295,9133,10950,4186,8368,9463,9905,4595,4096,10585,10981,15224,15459,16026,9679,10751,21445,8531,8999,16986,15841,12260,10362,8778,10744,11129,10192,9995,6819,18773,10291,9789,14338,9399,9899,8859,9268,8339,11591,14177,3950,10574,9959,4560,14026,6857,2779,7374,14532,4517,6980,17416,9298,12183,12671,10596,9436,4530,17435,11480
14643,3601,9507,8058,9321,20691,6605,11504,4561,5899,14723,6425,4852,837,5343,11281,9375,4616,7274,16354,5343,7663,6292,18303,19292,8696,4517,3842,31172,13251,15841,16847,10173,19531,13105,5532,7236,9877,14598,4189,12358,3605,19800,8829,433,15717,18433,15823,14779,6232,4286,3616,30895,20180,9292,20331,5917,4068,5644,5200,4873,4077,2628,2831,4983,6108,11237,431,15878,8453,9601,8704,7649,5793,5128,7935,16398,8558,6481,15232,8942,4822,6501,23489,12765,9227,17210,11271,7911,2901,15265,18797,2843,15838,20189,15645,4438,5012,22719,4268,16087,9197,0,12331,11688,20421,3650,7478,6552,860,16677,12616,4945,11759,11874,14509,13470,229,1425,16549,9418,6410,7916,22644,1553,16443,11587,11788,6944,7410,3609,10570,12513,2973,4734,3699,9122,2200,4490,10027,16339,16030,3250,9127,11411,11003,5110,15260,2409,9547,4293,3281,8160,8321,9588,9775,9334,9954,4081,4463,14004,17028,4338,17029,15973,8709,8651,9030,9404,12100,13400,16807,9995,4957,18066,20482,7574,4839,5086,5151,9488,4647,8586,3241,19312,781,12718,8410,4799,10841,11283,14653,5077,4995,8512,11538,2724,4457,11826,3704,4101,6634,4358,7038,9914,1930,11471,18595,604,29599,7643,7108,6641,1897,2170,4248,15576,1481,9488,10274,6571,8423,4540,3415,16513,9474,16409,15303,18791,6731,5022,15557,16446,4533,4133,6984,7210,7518,6356,4576,11844,8985,10164,17673,5089,3715,3452,4563,8932,11981
7091,12764,3417,16716,23787,21814,15364,24106,10523,15898,21863,16740,17747,12203,17259,21840,3408,9579,17996,16310,17259,15226,17956,20686,20124,3210,16383,8527,27631,21037,19348,21583,11023,19754,21454,9425,14356,19961,21467,9917,20764,9693,21363,15949,11754,20227,20369,19353,20242,15520,10436,13488,24816,20009,17810,23345,14159,15512,18229,15357,17726,17734,12884,12968,17732,8248,11260,11697,19685,15573,19649,19423,19696,14796,17626,15958,20265,12301,15349,22357,11882,18220,16858,28989,9414,3260,20532,24041,15263,10527,19525,27609,10560,20277,20747,19613,12654,17797,23162,17408,19638,16317,11379,0,22109,19384,9830,5425,14147,11925,24392,285,9905,20391,9612,22372,9333,11939,11669,23490,18719,16712,18795,23077,12339,20003,19970,511,17654,19695,8809,20045,20955,8919,18075,12954,2951,10650,16013,24353,22289,19947,9940,17399,19934,23019,17608,21294,11145,19692,16103,15848,16147,17870,3379,19492,21534,17921,10771,10162,23206,20363,15836,19956,21888,20745,18377,19515,3150,22160,19303,21277,10018,15587,22892,19494,19387,16927,17598,13894,19538,9669,20640,9770,21599,11055,8120,19874,13015,18618,12132,22278,15994,17814,18551,5411,10730,18150,9734,10157,10791,20379,13986,8144,3660,11841,24395,19536,11135,25893,21958,5600,19481,10222,16086,10399,21742,12201,19588,22429,17613,18172,15407,9015,22066,16836,19700,21492,21824,5440,17505,21815,21988,16398,15278,15399,13361,17917,8053,16128,5690,21051,4037,23798,9070,10168,8978,16141,22991,19735
25976,13351,21229,15666,2183,29810,14706,440,15156,13636,20841,14800,16034,10061,14762,631,23800,13811,5013,26846,14762,19348,7061,26975,24952,20682,14690,15718,41791,19168,22846,20006,19702,28140,13121,15856,18012,20715,20969,15261,12374,14650,28799,20036,12069,23585,30103,22811,22642,16995,14945,12326,41514,28913,16900,31378,18040,8072,14893,10592,15974,15580,12362,12565,7537,15814,21040,12012,22559,19213,18522,13117,3728,14064,16196,18295,22800,21364,16133,23423,19683,15652,14789,29758,23632,21500,23861,497,17095,11717,19714,18950,11659,21528,26965,22256,15609,16151,30350,7834,22946,19512,10896,24368,0,26939,14947,17888,18737,12238,19118,24579,13558,11775,23350,22081,24057,11071,12087,21849,13308,16528,13975,27492,10141,23150,11603,21877,7713,4049,14023,10586,12529,13527,15506,13819,20989,13501,8879,2080,22748,22531,12952,13018,11427,1484,14686,22355,11225,20372,15819,9835,16980,12013,23642,20202,2143,18622,14914,13460,14020,21537,7764,24355,22532,2884,13748,12599,21693,1236,20783,22352,19701,8365,25958,26953,3867,8247,16236,10542,20276,15070,2676,14657,25344,12156,25121,11885,14935,20885,18974,22444,7631,14678,13534,24546,11540,13759,23193,12561,14908,7427,9110,14309,24362,9680,648,26944,11979,35365,3378,19597,8715,11492,9607,14933,22433,9884,20285,2327,8705,13520,8136,15270,23246,13364,23401,21818,29832,18047,14899,20237,23208,14688,7938,15954,19854,13553,16038,16153,22465,2805,23500,24070,13976,12572,15272,16180,2209,11998
15713,15474,17337,30835,25225,470,11700,29597,23434,14824,7030,11519,12234,19301,11746,29536,15839,23351,22563,4231,11746,10461,20648,973,2291,17841,13014,20634,17435,8664,7255,9471,30798,1777,17339,25043,9586,7794,6534,20993,19388,19015,928,7848,18156,5311,1431,6401,6930,10006,21360,15270,18944,1365,29374,1877,11539,22590,12716,25073,12213,14972,16894,15386,20367,25202,28409,19968,6955,8872,8065,16382,22830,12723,12112,9550,6970,9125,11697,6477,8706,14606,11595,6973,7656,15829,6310,29702,10691,22005,8028,15441,19949,5052,690,7005,16049,12283,3776,19925,6983,8216,18528,21364,29691,0,22322,18881,11528,18228,12509,19318,21983,16117,8559,10419,7178,20196,17142,8919,16922,11965,14062,3653,19501,7207,19316,21879,22051,24916,18629,19372,17778,21037,14740,22831,17660,17093,20078,25634,6945,7321,19523,17144,18400,28707,12094,8167,22086,8650,14866,24359,9234,16437,17319,8648,25297,8230,21111,21518,17454,6180,22074,3493,7081,24513,18233,15828,17284,27592,6726,8139,29808,25632,6532,151,25732,25478,12084,22673,8591,21798,26952,18911,1776,17989,8956,16475,14470,8198,31617,7563,20172,12301,16615,15227,21824,13708,8567,21905,21139,21049,24855,25633,16994,20569,29603,197,17944,8655,23054,17033,18665,20949,20531,23491,9544,19817,8591,25845,18695,16574,22643,18573,6680,15583,6574,8172,485,17315,11992,9109,6740,13029,24599,11641,10800,14768,23233,12759,12494,24634,16036,4677,24052,19888,20526,12772,24737,16732
12126,5703,7315,11180,12341,20555,9475,14681,1684,8875,17514,9294,7721,4544,8594,13290,7183,1740,10295,17748,8594,10655,9428,21936,19704,6504,7387,1650,34171,16181,18862,18393,7332,21779,15056,2691,10228,15279,17321,1343,14181,2816,19834,11517,3996,18461,21946,18850,19468,9224,1409,6557,33871,20274,12414,24376,8018,7203,9605,5974,7742,6946,5823,5907,8118,3267,8396,3939,17230,11160,14932,11680,10669,8769,8960,11748,19560,10659,9351,18024,11043,7797,9371,28544,14797,7034,20261,13257,11711,2018,16759,20544,1839,16846,19930,17048,6112,7882,25226,7695,17363,11885,3719,10138,13561,20253,0,5285,8653,4167,22168,9481,2104,14779,13674,19255,13871,4181,3911,18116,11653,9279,10892,25143,4679,17709,13311,9595,10080,10509,1932,13591,15793,1938,7710,4051,6929,4301,7707,13645,17694,19184,2280,11741,12856,14023,8942,20174,2336,16469,7163,5000,11972,13129,7396,16235,12354,15052,1204,1586,16047,20073,8345,19299,19114,11730,13459,11935,7211,14987,15855,20159,7154,6897,20879,20327,10594,6794,8932,5925,14795,1770,11606,2893,21565,3401,12054,13218,6473,17337,8442,17559,8212,7865,11488,9345,2010,7433,13796,1583,1224,9769,5806,4197,7721,4182,13590,20348,3481,28269,10663,4915,9859,2563,4648,1372,18660,5188,14833,13979,9788,13231,6829,2138,19577,11979,17604,18494,20572,4538,8840,20568,17696,7402,6243,9960,9312,10494,3515,7445,9624,12006,7971,22306,2213,1593,2101,7432,11952,15002
7629,7906,3197,15223,17168,17491,11678,17665,5487,11078,16095,11497,9924,7345,10797,17628,3381,6732,13541,15575,10797,15755,13293,18349,18982,2580,9590,3669,28967,16655,17225,17561,11436,17055,18395,6892,14885,14135,17405,4819,15984,4835,16904,12853,6896,16382,16523,17224,16412,11427,5212,8630,26012,17448,15086,20945,10221,9872,11808,8776,9945,9149,8026,8110,11214,6595,12499,6839,17512,13107,13822,13883,15146,10972,11163,18138,18140,12117,11554,16577,11699,10000,11574,25922,9951,3232,18599,17629,13914,5669,15610,20673,5702,14932,18394,15773,7798,10085,20393,10915,17535,13221,7274,6426,19716,17131,4972,0,10856,7067,20071,5679,6207,13735,9030,16378,9871,7081,6811,19049,13856,11482,13095,20312,7481,17939,15184,5793,13175,16666,3951,14762,16172,4061,9913,8671,3127,5792,10927,17687,16411,16124,5082,13944,14659,18367,11145,19107,6287,15267,9366,7646,18362,14597,3278,13655,18884,15350,5007,5389,17945,18407,11440,18666,17682,16314,13597,14138,3687,19885,15403,19090,11257,9699,21312,18984,16446,9596,11135,8726,13705,5573,17866,4912,18599,6754,7937,14604,8159,16131,12545,16355,11307,10068,13691,5228,5872,9636,9152,5299,5027,15250,8607,8191,4197,6983,19725,19019,6277,27134,15382,178,13079,5364,7450,5175,19575,7343,13750,18017,13008,14758,9631,4157,16308,14182,16044,15600,19293,797,11043,19629,17897,9605,9044,12163,13890,12697,7368,9648,5506,18305,3854,20159,6223,5310,4120,9635,18127,17803
10287,3527,8748,16035,15707,14283,5084,18559,9134,4572,10209,4903,3427,7044,2938,16790,8741,9189,11592,7117,2938,2978,11213,11231,13130,10906,3138,7835,27377,9024,9893,10751,17790,13776,11879,10106,2542,7767,10008,8763,11132,6950,11946,3776,5825,9977,12000,9928,10754,2512,8859,4992,24562,15149,19212,14047,559,8488,3950,10974,3406,3424,4240,4443,8549,10681,16775,5768,9607,3419,7490,7835,14681,4759,3305,5771,10795,2919,4960,10352,3302,3899,4980,17925,8767,10956,10736,18596,6911,7395,8954,16394,7427,10619,10927,9316,3487,3437,14867,8205,10359,4144,6203,12637,17001,11018,8224,11286,0,5994,15669,12922,9518,9876,6821,11774,7923,6010,5105,10426,7808,4888,7047,16301,7462,10563,10360,13115,10699,11556,7205,9345,11287,7856,3754,10173,10647,5291,8218,17863,10770,9868,7823,7896,8970,15883,3287,10266,8235,7436,3055,9754,5995,8549,8901,7610,17332,7843,8654,9036,12777,10606,8275,12688,9639,16381,9292,8090,8746,19217,9804,10238,15306,10730,13362,11181,13475,10612,3277,10924,7377,9220,16284,6586,13488,5959,7520,8638,2929,8731,18745,9692,8643,3420,7643,8356,7598,3852,6773,8278,8674,10660,10795,11611,8572,8444,18695,11227,6692,22435,14959,11462,9637,6470,8437,8822,10750,7688,7377,16500,9567,9064,10314,7091,10458,8134,11071,8898,14267,12946,3185,10948,10518,3123,9907,6132,1548,6649,10929,3080,6182,15089,8500,14518,10363,8288,7129,3093,16593,10755
14070,3800,9246,8335,9988,18483,6809,12301,4300,6103,14629,6628,5055,1410,5546,12127,9114,4355,8061,15940,5546,7867,7023,17984,19051,8435,4721,3581,33804,11789,15723,15282,9912,19258,13830,5271,7440,10081,14487,3928,13083,3767,17687,9033,1061,15533,19945,15706,14709,6436,4024,3326,30394,18049,9569,22092,6116,4799,5847,4803,5076,4281,2832,3035,5714,5846,11332,1060,15783,8657,9804,8908,8496,5997,5332,8139,14805,8757,6685,15139,9141,5025,6689,25703,13530,8965,17102,12068,8114,2130,13786,18959,2162,14201,18000,14116,4637,5216,22500,6010,14495,9401,682,12069,12534,20091,3389,7217,6751,0,18514,12355,4684,12739,12078,15938,14226,857,1629,16542,8881,6613,8120,20344,1829,16339,12312,11565,7675,8257,3362,11295,13238,2712,4938,3975,8897,2399,5374,10694,14751,15946,2386,8969,12136,11850,5314,16794,2686,9751,4497,3557,8363,9205,9327,9978,10001,10158,3819,4201,14729,16918,5940,16823,15886,9496,9535,9163,9142,12946,12118,15225,9733,5726,17984,20155,8361,5564,5289,4753,9691,4386,9372,3440,17274,980,12959,12594,4998,11045,11021,16080,5807,5199,8716,11276,2332,4661,12029,2699,3839,7364,4634,6777,9652,2207,12317,20170,803,26521,8490,6846,7789,986,2446,3987,17156,2054,9692,10940,7718,9307,5265,3153,14886,9207,16285,15228,20391,6469,5225,17142,16338,4737,4858,7188,7409,7722,6094,4779,11555,9772,9902,17530,5570,2710,3191,4767,9718,12706
23761,14547,21035,24105,18943,12502,11252,19155,21154,12630,6413,11071,12824,16963,13123,19102,21348,23280,17893,14128,13123,14032,14008,15084,10671,21064,12872,21056,33695,7311,6992,4525,28548,11317,11916,24299,13750,7441,7107,20969,11169,17902,12075,15234,18191,8330,15803,7027,6765,13669,21128,15088,33423,12208,25318,13662,15462,15605,12070,21220,12926,12873,15446,15658,15049,22877,29465,16471,6205,14968,8376,11841,16959,12275,13157,9222,6806,14665,11249,6362,13321,13707,11148,13741,16903,23457,6747,19321,10363,20675,6053,823,18880,8934,15020,6415,15724,12831,10544,16296,6563,15602,18381,26884,21071,12846,20113,22121,14216,16798,0,26945,21430,11849,18416,5320,17039,18258,17601,4596,12126,11903,12774,10421,18905,6574,11581,24620,14886,16653,20774,12325,11324,18961,12481,22978,23281,16803,14790,19169,6780,5956,18577,11835,12173,18719,13139,4514,18662,8322,12950,21009,8906,12087,23321,8295,19081,7877,20887,21210,13026,6617,14865,9934,6007,16810,13637,11702,23458,19965,8486,4505,27906,20644,6355,12505,17901,18718,13115,21151,8263,21584,18520,19628,12064,18286,18669,11959,14918,6766,32627,5702,16428,12814,12259,21278,18708,13537,16492,19163,20908,14085,20925,25547,21327,17858,18995,12459,18115,21858,15510,21946,13823,19634,17604,23233,4459,18925,8263,19242,13396,13409,18120,20581,6468,13437,7082,6820,12517,22413,12973,4136,6528,12887,17828,11193,15994,12376,23291,12930,21298,16765,20133,7889,24005,19170,18725,12917,18763,12071
7625,14829,3751,18659,21765,19728,15443,24317,10226,16004,21879,16826,18008,14269,17520,22031,3742,9913,18175,14736,17520,15486,19970,20608,22142,3543,16644,10592,27422,19117,21339,21615,11357,19710,23772,9759,14617,18142,19488,10251,20884,11758,19328,16210,13819,20227,18403,21345,22332,15780,10438,15554,24627,19957,19866,23267,14420,15684,18490,15575,17987,16732,14949,15033,16257,8582,11593,13762,21716,15834,19686,19540,21899,16405,17886,17648,20283,12635,15429,20296,12216,13248,15374,28938,9747,3593,22639,24253,16874,12593,19551,27675,12625,20275,20670,21639,14719,14586,25479,17591,21659,16578,13444,334,22301,21292,11895,5873,14408,13990,24447,0,10239,20519,9548,22400,9667,13619,13734,23526,18844,16795,18903,25385,14404,22061,22147,845,19632,19867,10874,20190,21076,10984,14652,13288,3285,12715,16179,22279,20241,19966,12005,17513,18210,23229,17868,23499,13210,17901,16364,14667,17852,17992,3713,17721,21717,19788,10773,10164,23335,20371,17637,19928,21908,23065,20388,19642,3483,22355,17517,23481,10351,17394,22891,21414,19566,17141,17930,15531,19576,9708,22949,11835,21552,13120,8454,18153,15080,20554,12466,20234,17812,18075,18673,5745,12795,14638,9670,12222,10793,20560,15631,8478,3993,13906,22325,19472,13200,25780,20097,6049,17821,12287,16420,10401,23995,14266,17808,22612,17759,20164,15598,11081,22079,18684,21722,19524,19737,7505,17766,24077,19962,16659,15467,17062,13622,18019,8387,16389,6024,21232,4371,21577,9403,12233,11043,16402,23192,19872
14305,7010,8604,6944,12447,24560,10782,14738,865,10182,19101,10601,9028,4785,9901,14587,8472,920,10459,19658,9901,11962,9482,21636,21400,7793,8694,2991,32551,17727,18713,21913,5706,21472,15976,646,11535,16843,20859,1258,16599,4158,23760,13665,5304,18399,23858,20611,19226,10532,1293,7864,32280,24238,8178,26281,9326,7258,10913,4984,9049,8254,7130,7215,8173,1691,6769,5246,18808,13418,18180,12987,10955,10076,10268,15474,19314,11967,10658,21616,12351,9105,10662,30390,15113,8324,19978,14577,15217,2479,18313,21818,2300,20388,21663,18618,7119,10439,24578,8469,18956,13496,5002,10033,14994,24229,2176,6575,9961,4514,23619,10096,0,14624,14888,19009,15557,5177,5218,21610,14146,10586,12199,27008,4867,19297,15636,9960,10134,10716,3273,13755,16744,3246,9018,2337,8255,5114,7846,14810,21229,20913,3588,13855,12775,14309,10250,19817,2797,18188,8470,3760,15877,13049,8685,17953,12460,16616,1446,767,15460,19808,8400,20986,20846,11894,13378,13757,8501,15406,19297,21827,5527,6706,22467,22056,10758,6602,10311,4934,18027,951,11770,4234,21277,4709,14058,13137,7480,19048,6816,19116,8267,10456,12795,10635,2471,8741,16350,2124,1466,9824,5788,2571,9011,4184,14777,22077,4789,30002,10949,6205,9998,3037,4696,1256,22218,5429,18067,13769,9927,13150,7248,3480,19353,14201,19210,20211,24578,5828,10147,22211,19288,8710,6520,11268,10619,11801,1939,8753,10914,12170,9261,24116,1394,2155,3442,8740,12116,15166
19890,8494,15896,16823,9612,17819,4518,11283,14649,4537,10456,4337,5791,10968,6260,11182,16270,14704,9657,14349,6260,8727,4829,16269,15302,17257,6342,11917,35520,8453,9719,8340,22416,16029,2880,13796,8445,7834,9834,12845,2133,11247,15239,10038,9341,10031,16699,9754,10808,8364,14551,5945,31956,15258,16484,19296,10277,6204,6132,10572,5892,6157,7251,7336,5581,16307,21357,9283,9433,9663,7557,1342,8523,4182,6123,5533,10783,9628,4097,10405,10011,5614,4414,18571,16486,17837,10790,11123,6674,12897,8781,10489,12838,10673,17907,9142,9118,5797,18026,5305,10605,10406,11803,18501,11589,17764,12306,15138,11438,9509,10242,18617,13268,0,14683,9363,15298,9526,9187,8191,1612,4397,2279,16312,11048,10616,1362,20459,4394,8363,11288,2075,2288,11628,5527,13800,17457,9373,5249,10318,10757,9999,13264,1322,1445,10905,6105,8733,12405,7503,6487,11015,5757,1359,16082,8009,9625,7910,12736,14551,3779,10660,5375,14629,10050,9000,2330,824,17940,12050,9858,8761,19805,10309,11400,17761,7865,10191,6081,10523,7444,14912,8876,10886,14364,10041,14434,1231,9099,8985,21445,9745,5674,5780,1759,18247,12720,5444,15960,13741,12756,5293,11453,16582,18190,10587,11372,16097,10285,26899,8281,13575,3253,12399,10514,14514,9518,10791,7445,10565,3182,2102,9892,11173,10511,1668,11124,8756,17842,15422,5939,8536,10571,6358,9485,3902,9556,3534,16748,6401,17085,9276,16945,12935,13772,13752,11211,6388,9222,1343
7391,10099,6119,24118,24265,9550,9590,23191,14048,10240,9168,9409,7974,15022,7486,23141,6112,15389,20559,3893,7486,6201,19117,8193,10473,7968,8840,13095,20379,10802,9998,11381,19943,11119,18856,15595,5326,9466,8672,15182,16866,14262,10284,3588,12393,8164,7224,8539,9760,5746,15642,10383,20073,10373,23255,9252,7762,16104,8456,18830,7953,7961,10812,11015,17938,15420,20257,12335,9093,4612,9737,14740,19606,10398,7852,8993,9801,4884,11990,9307,4466,8447,9470,15719,1060,8018,9531,23226,10134,14891,10075,17536,14795,7814,7889,9143,9871,8023,12912,15827,9120,3956,12770,9700,25735,7979,14399,8657,7751,12561,16709,9985,16409,16184,0,12161,1292,12578,11677,11056,13310,9394,12726,12949,15199,9529,18058,10178,16769,19459,13377,17015,18829,13488,10372,16333,7710,11863,16037,24808,9775,9459,14508,15084,14814,24510,7834,10997,13663,10323,8756,16284,9217,14527,6272,10321,24292,9903,15400,15834,16949,9401,15919,10031,9219,21179,16401,14040,6117,26223,7997,10969,19006,19958,13292,8123,21827,17915,7824,17013,10263,14568,23249,14338,10831,12531,1183,14642,9501,9852,20564,9701,16094,7967,13322,5159,14677,8376,190,14726,15430,19693,16959,17426,5376,16360,23309,8169,13264,15530,21885,8833,15883,13042,16465,15598,11481,14211,10264,25123,15871,14785,19393,13584,9423,13376,8731,10019,9491,10008,7732,14685,9483,8824,19078,11795,7023,12328,15733,8781,3553,21396,5871,11800,15994,14736,13546,8794,21376,16243
18994,10314,16748,25545,18170,7993,5735,22047,20446,7231,977,5554,7504,15027,7803,21986,18765,20391,16218,8486,7803,8633,14044,8850,6162,18608,7551,16210,28438,1912,1672,1277,28591,6808,10485,21713,8351,2120,1596,20197,9739,14834,7566,9914,14239,3010,9307,1707,1445,8270,18570,9317,28158,7699,24508,9397,10183,14794,6750,17969,7606,7553,9028,9113,15898,22379,26721,15651,885,9568,3056,8082,17587,6546,7837,3902,714,9533,5733,1042,9917,7521,5631,11943,10559,18704,1427,20135,5042,18139,733,5886,18220,3614,8567,1053,10086,7511,8746,14049,1127,10282,15992,20298,20034,8337,17470,18051,11343,14461,5344,20324,20951,9693,10002,0,10975,14350,13460,1170,8055,6424,7294,8623,16791,1253,10150,20595,14803,17302,15999,10894,9894,17908,7161,20915,16889,14007,15576,18501,688,636,16161,8143,9217,19348,7819,845,18103,3002,7630,17561,3586,8795,18565,2975,18269,2557,20186,18686,11595,1297,14146,4899,687,17586,9342,8337,16937,20796,3166,817,27764,19737,3674,7996,16655,19655,7795,17897,2943,20986,17549,16239,6521,15678,11113,8884,9717,1446,26911,382,15699,7494,7890,18549,18030,7517,9953,16688,20213,14312,17721,22761,16912,17793,19932,7950,15545,16080,17793,16229,10755,15449,17604,20413,1329,15385,2943,20561,10685,9114,17266,17477,1148,8381,1761,1420,8008,18331,7653,1474,1208,7567,18675,5713,9462,6896,20718,7610,14667,19438,15743,5209,21141,18403,15912,7597,17814,9916
7458,10629,6871,22583,22715,8656,10219,23899,16215,10770,9797,10039,8603,15811,8115,23849,8233,14626,21339,5038,8115,6830,19881,7299,10730,8035,9566,13162,19590,11431,10916,13443,22605,10216,19486,16261,5955,10095,9301,14439,19245,14328,9390,4217,12923,8793,6329,9168,10389,6375,16377,10262,19285,9478,26401,8358,7908,16816,9085,17798,8582,8590,11343,11545,16983,17703,20798,12865,9723,5241,10367,15409,22375,10928,8481,9622,10430,5415,10095,9936,4996,9076,10115,15525,509,8085,10229,23936,10763,15664,10705,17877,15565,8444,6995,9772,10401,8652,12017,18224,9750,4585,14846,9767,26514,7085,15289,10321,7897,13091,18780,10130,17146,16861,1316,12790,0,13263,12207,13232,15367,10024,13257,12055,15988,9980,18732,10244,17459,22211,13444,17730,19485,13554,8931,18767,7777,12393,16743,25577,10404,10088,13712,15775,15449,25292,8463,11627,15834,10952,9286,18733,9847,16710,6833,10950,22740,10532,16137,15033,19324,10099,18325,10660,9848,21880,15507,16165,8262,24503,8627,11598,19569,20748,14753,7709,22601,18632,8453,19537,10892,16785,21794,14405,10230,13061,1713,16835,10032,10481,21110,10330,18518,8596,13666,5885,14017,9005,1438,15282,16167,20454,19479,16451,6102,15558,24015,7755,13794,14992,20552,10497,16557,14819,17254,14819,13455,16452,10893,25890,18236,16991,18312,13651,10052,15448,9361,10648,8671,10075,8361,14980,10112,9355,19868,12325,7169,12859,16369,9312,4968,22094,7286,12429,16716,13879,13613,9325,22077,16947
15964,3538,9444,8113,9350,18570,6542,11663,4498,5836,16040,6361,4788,1189,5279,11489,9312,4553,7423,14628,5279,7600,6385,19946,19079,8633,4454,3779,30968,11522,14200,15137,10110,17523,13197,5469,7173,9814,15898,4126,12450,3505,19578,8766,370,14075,18225,15632,16107,6169,4222,3553,33827,19960,9347,20129,5854,4160,5580,5293,4809,4014,2565,2768,5075,6045,11173,368,15692,8390,9537,8641,7858,5730,5065,7872,16216,8495,6418,15062,8879,4758,6422,23304,13268,9164,17022,11430,7847,2956,15085,18684,2898,15634,18112,14028,4375,4949,20423,4360,14424,9134,226,12268,11896,18324,3587,7415,6489,797,16566,12553,4882,12106,11811,15816,14618,0,1362,14866,8614,6346,7853,20354,1608,16256,11679,11763,7037,7698,3546,10663,12606,2910,4671,3754,9095,2137,4582,10056,16157,14378,3015,9220,11503,11212,5047,15108,2465,9484,4230,3336,8096,8414,9525,9711,9362,9891,4018,4400,14096,16840,5302,18558,15789,8858,8743,8896,9341,12308,11851,16638,9931,5049,19728,20258,7723,4931,5022,5243,9424,4584,8734,3178,17324,718,12697,8502,4736,10778,11220,15971,5169,4932,8449,11474,2780,4394,11762,3641,4037,6726,4413,6975,9851,1985,11679,20271,541,29371,7851,7045,6733,1834,2225,4185,15427,1833,9425,10302,6663,8515,4632,3352,14812,9566,16217,15122,18588,6667,4958,16983,14750,4470,4225,6921,7147,7455,6292,4512,11781,9134,10100,17493,5768,3652,3389,4500,9080,12074
14963,2937,9495,9286,9564,19173,5847,11927,4765,5140,13595,5666,4093,2362,4584,11704,9363,4820,8462,13407,4584,7954,7424,16903,16199,8684,3759,3776,32822,10589,11299,14319,10378,18057,11152,5736,7517,9173,13443,4393,10406,3105,18294,9110,1178,11384,17021,11335,15092,6459,4490,2862,29502,16960,10520,18957,5253,4765,4885,6332,4114,3318,1870,2072,4826,6312,13502,1120,13292,8734,8896,7946,8072,5034,4369,7177,13785,7894,5723,15547,8278,4063,5743,24520,12667,9215,15959,11694,7152,3026,10361,16406,3058,12025,16919,10722,3976,4254,21307,4483,13458,9478,1556,12319,12110,18894,3854,7466,5888,1348,15969,12604,5149,9790,12339,14835,13363,1363,0,14044,7919,5651,7158,19262,2781,13791,9682,11815,6480,7912,3146,11702,10561,3177,3976,4927,9146,1536,4495,10270,15135,13447,3282,8007,9080,11426,4351,15713,3638,8842,3535,4509,7401,8659,9577,9016,9577,9249,4285,4667,12051,15775,4553,15740,14758,9898,9206,8201,9392,12523,11210,15699,10199,6089,18688,18958,8762,5970,4327,6283,8783,4851,9774,2779,16185,1021,12096,8748,4337,10137,15043,13577,4920,4237,7753,11526,3228,3699,12290,3908,4305,7766,5586,7242,9902,3158,11893,18972,1691,25445,8066,7096,6647,1782,3398,4453,16087,3006,8784,10516,6576,8978,5672,3032,13851,8245,13731,10304,19193,6719,4263,14589,13788,3774,5265,6226,6546,6760,6560,3817,11180,10173,10152,16469,6035,3919,3069,3804,10120,10197
20162,11509,19621,25820,19764,9552,6845,19809,21153,8223,2191,6664,8699,15478,8997,19754,18089,21103,17858,9656,8997,9625,13993,10409,7721,17912,8746,16913,29622,2904,2842,330,29326,8367,9583,20283,9343,3315,2957,18976,8836,15573,9125,11084,16275,4180,12314,2877,2615,9262,19200,10930,29344,9654,27261,10174,11175,16488,7944,18278,8801,8748,10223,10308,16025,23085,30224,16234,2055,10560,4250,8887,17412,7868,9032,5096,2655,10525,6843,2212,10909,9300,6741,10996,11729,19873,2597,19949,6237,17011,1903,5084,18844,4784,10126,2265,11281,8706,7799,15637,2297,11452,15015,21313,19824,9896,19966,17284,12335,15009,4543,21345,19607,9516,11172,1170,14584,16385,15479,0,9128,7497,8367,7676,17284,2423,9248,21594,14767,17119,18394,9992,8991,18632,8355,19437,17931,16169,14252,20098,2630,1806,18452,9216,9841,21164,9014,540,16962,4197,8825,19752,4781,9869,17906,4170,18037,3752,20883,21280,10693,2467,15740,6984,1857,17392,10415,9410,19846,22717,4336,569,25882,19952,3405,9555,16540,19886,8989,20069,4137,21679,17363,17055,7691,16289,14591,9626,10911,2641,27600,1552,14366,8688,8963,17923,18653,9130,11123,17287,18971,15670,19865,23457,17997,16547,19716,9509,16145,16816,17603,17132,11490,16012,18024,19151,1509,17415,4138,18370,11063,10187,19248,16538,2318,9454,3153,2412,10866,19334,8848,527,2378,8762,17147,6787,10454,7969,23543,8804,17421,17420,18538,4939,21849,17296,16592,8792,19418,9739
18362,6357,15821,14761,10539,17018,3536,12283,11225,3555,9127,3355,4808,8657,5278,12109,16233,11280,8120,13241,5278,8365,4764,15440,14680,15561,5360,9925,34257,7686,8810,9954,21174,15319,4494,12088,7606,6684,8925,10853,3747,9255,16002,9199,7438,9265,17443,8845,9672,6603,10949,4376,33956,16094,16041,16843,8035,6139,5150,11499,4910,5361,5259,5344,5515,14993,20195,7381,8524,8823,6407,996,7244,3200,5141,4688,9712,8788,3115,9269,9172,3620,3431,18382,14977,16138,9653,12050,5724,14912,7871,12103,14853,9906,15424,8233,8486,4815,15979,5240,9276,9567,7816,16984,12516,15353,10314,13616,8229,7607,11856,17097,11609,2359,14670,10977,13943,7623,7195,9805,0,3415,1297,17557,11975,9480,2976,18797,4329,7084,9296,2248,3902,9946,3533,15723,14298,7381,5184,11245,9687,8785,9742,517,1649,11832,5123,9183,14420,6353,5504,13030,4912,1228,14540,6527,10552,6760,10744,11126,5392,9524,5310,11975,8556,9927,1775,848,14735,12928,9091,9155,18637,13831,13014,16931,8792,11118,5098,11450,6294,11311,9803,8894,15112,8049,13274,1317,8117,7648,20301,8609,5609,4798,244,15015,14735,3450,13467,10368,10764,5228,12740,13873,14963,13399,12299,15349,7539,23744,7238,13246,3188,8561,13268,10912,11132,11718,6294,11492,3117,1547,10819,9182,9375,326,9988,7815,17041,12868,4957,10150,9435,5375,10412,2920,9194,2552,14010,5418,15420,10203,15248,14549,12454,10379,9219,5405,10150,2957
17140,5930,13793,16764,14694,11102,1340,14902,10609,2618,6544,1159,3120,11361,3418,14847,13787,10664,12750,9755,3418,5249,8008,11958,9271,14489,3167,9310,27439,5085,6034,6997,21443,9917,7660,11473,4822,3908,6149,10237,6913,8639,10675,6414,6823,6118,16433,6069,6895,3818,10334,4841,29941,10808,19977,14950,5250,9488,2365,11352,3221,3169,4644,4728,10403,15194,20291,6766,5748,6039,3631,3759,13186,2223,3453,1912,6936,6004,1337,6493,6388,3136,1235,15838,10351,16001,6877,16524,2940,13387,5095,11751,13329,6760,11676,5457,5702,3127,11970,10700,6693,6783,7201,15163,14996,11446,9698,16332,5444,6992,11210,15238,10993,5603,9460,8021,10562,7008,6580,6672,3732,0,2971,11847,11441,6704,6142,15342,7573,13025,8680,5493,7069,9331,2776,14128,15693,6765,8429,15170,6911,6009,9126,3820,4894,15522,3435,6407,12895,3577,3245,11505,2136,4473,13946,3751,13395,3984,10129,10511,8559,6747,10630,8829,5780,13172,5019,4014,13792,15633,5945,6379,18744,12307,9125,11105,12037,12203,3410,11303,3518,10695,13048,8989,9629,7434,10183,4561,5332,4872,20460,5833,10497,3109,3567,13401,13210,3132,9411,9753,10149,8473,11215,14121,13618,11874,16444,11059,7768,20424,13179,16507,6432,7945,11744,10297,6891,11184,3518,15427,6362,4791,12238,8566,6599,4058,7212,5039,11117,17991,3268,7194,6659,3183,11652,1391,6593,2573,14202,3225,11227,13448,13545,10659,11838,9763,8603,3212,13394,6124
19822,6446,14205,15989,11242,15582,2470,12985,11168,2488,8060,2289,3742,11820,4211,12812,16058,11223,8823,13037,4211,7299,5467,15620,11351,15466,4294,9868,30008,6620,7744,8493,22056,11997,5005,14872,6540,5618,7859,10796,4259,9198,12755,8133,7292,8198,14578,7779,8605,5536,10892,5195,29736,14636,17288,17110,6968,9947,4084,11810,3844,4295,5203,5287,6218,14355,20954,7235,7458,7757,5341,1217,7947,2133,4075,3622,8646,7722,2049,8203,8106,3565,2365,18771,12778,14487,8587,12753,4658,13845,6805,10642,13787,8840,15600,7167,7420,3749,16115,5942,8210,8501,7670,17052,13219,15498,10257,17867,7163,7461,10395,17151,11552,3061,12450,9516,13474,7477,7139,8344,1190,2348,0,14572,11900,8414,3487,18921,5032,7708,9239,2951,4414,9890,3478,14586,14184,7324,5887,11948,8620,7719,9685,1278,2352,12535,4057,8117,13354,5287,4438,11964,3846,1931,15847,5461,11255,5694,10688,11070,5904,8457,6012,10909,7490,10630,2477,1472,16047,15080,8025,8089,19394,12765,11554,14066,9495,12662,4032,11761,5228,11254,10506,8837,11709,7993,12207,2020,7051,6581,21079,7543,6312,3731,1025,14777,13669,3395,12401,10311,10707,5931,11674,14647,16253,12333,13002,14053,8237,22427,7941,13189,3890,8504,12202,10855,8601,11642,5228,12194,3820,2249,12697,9125,8309,1516,8922,6923,15605,12812,3891,8689,8369,4309,12111,1854,8128,902,14768,4352,14920,10906,14974,13088,14629,10322,9162,4339,10852,3469
19817,17539,19372,29785,28280,3856,13286,27446,23870,14732,7804,14619,16089,21224,16220,30189,21521,23803,23464,7710,16220,15823,23547,4451,3643,21777,16424,21347,22374,10037,8038,7575,34061,3129,16811,27815,14948,8788,6622,23612,17287,21901,3168,13209,22271,6305,5750,7395,7760,15368,26386,18877,22129,3057,34345,3610,15080,23965,15790,27007,14654,15374,19033,17370,23673,28170,31480,22227,7950,14233,9059,15235,23383,14137,16045,10544,7801,14590,14722,6585,14068,14901,13232,3320,11729,21497,7159,30385,11685,24504,8858,11155,22252,6047,4169,7999,18888,14467,51,23219,7861,13578,20545,25434,30301,3939,22813,22387,14790,22423,10613,23032,24504,17979,12632,8509,11251,22434,21230,7713,15929,12960,16061,0,21432,7569,19216,25912,20733,23133,23375,19803,19223,23805,16536,27562,21641,21440,23347,28665,7775,9146,21839,17662,18787,29475,14580,7704,22263,9644,16924,23959,10228,16829,19384,9643,28382,9224,26104,24085,17053,6289,21168,3703,9196,27596,16804,17885,19382,28228,7721,7695,33116,24732,5164,3597,26485,24625,16121,26924,9585,24399,24995,19772,3156,20099,14611,18544,18560,9571,31732,8892,21289,14451,17285,18999,24348,15325,12640,22270,23711,23897,26759,28590,19170,24745,27395,3551,22067,8366,25992,20195,21241,23400,22352,23892,7648,23896,9585,26174,21294,18618,24096,23276,7463,17865,6215,9545,3871,22619,15854,7213,7523,16441,23769,13496,15779,14141,25949,14977,18104,27672,20063,3309,26967,22281,23334,16478,25266,17134
17097,4650,9847,7936,8659,21756,11137,10972,5044,11149,17087,10956,5929,774,7541,10798,9715,5099,6732,17476,7541,9602,5694,19290,20292,9036,5595,4182,32200,15422,15169,17578,10513,20559,12501,5457,9175,14335,15398,4529,11754,4617,20854,10768,1370,15121,21415,16699,15528,8172,4625,5175,35185,21219,9170,23470,6966,3470,6721,3549,5950,5154,3706,3908,4384,6448,11576,1368,15177,10392,14058,12752,7167,10794,6205,12152,15633,9607,10716,17645,9991,5899,11033,24342,15494,9567,18072,10739,10658,2779,14596,17486,2721,15233,21275,16486,5487,6090,23696,4681,16955,11136,991,12671,11205,21493,3990,7818,7601,1876,17153,12052,5285,11410,13790,15234,14506,1166,2554,15682,8973,11016,12097,23622,0,15698,10983,12166,6346,7007,3963,9966,11909,3313,5812,3577,9498,3249,4045,9365,17171,15303,3021,8682,10807,10521,6187,15951,2287,14004,5371,2797,12376,7876,9928,14510,8671,14411,4421,4946,13400,16235,4611,17925,15255,8167,8206,8585,9743,11617,15730,17568,10334,4472,18827,19555,7032,4369,6163,3499,13945,5130,8043,4290,20340,2045,13809,11265,5848,14970,11623,16970,4478,6073,9200,11877,2602,5535,15072,3623,4440,6035,3380,7378,10254,1182,10988,21564,1677,30696,7161,7448,6196,1587,1193,4588,17909,577,13945,9611,6125,7978,3936,3755,15765,9029,15689,16131,19758,7070,7787,16220,15705,5610,3529,10521,8259,11699,6695,5653,12156,8443,10503,18503,6171,3634,3792,5640,8389,11377
20238,11238,16390,26231,19160,6950,6660,20963,18791,8156,174,6479,8429,17072,8727,23044,18349,18736,17069,7443,8727,9557,14929,7807,5119,18267,8476,16386,27102,2836,629,2659,26129,5765,11867,22046,10609,3045,531,20451,11120,16502,6523,8871,14626,1966,8264,664,989,9194,20746,10241,24337,6656,27717,8354,11107,15514,7674,18553,8530,8477,9953,10037,15186,22636,26866,16077,693,9895,3980,8820,16904,7801,8761,4826,1030,10251,6657,536,9729,9233,6555,11067,9516,16598,920,21089,5967,16805,2087,7413,18587,2571,7524,1177,11010,8435,7870,16306,287,9239,14919,22047,21004,7294,19518,16276,12268,14825,6871,20016,21268,10617,8959,3528,9931,14749,15200,2551,8979,7348,8218,7747,17302,0,10859,20328,15766,18352,16192,12276,11275,16480,8085,19410,16555,14243,14892,19506,1004,1493,18163,9067,10141,22350,8743,2226,18506,3926,8554,19948,4510,9720,16472,3899,21222,3481,18566,18947,12977,790,16415,3787,1254,18551,10266,9261,16549,23971,2123,2198,25352,18590,3168,6953,17573,20394,8719,20367,3867,21265,18510,16391,5478,14584,10070,9808,10641,2370,29836,1735,16533,8418,8814,16391,16694,8441,8910,16984,18592,15224,20182,20895,16490,16647,23041,6907,15954,14898,17099,16132,11679,17405,16497,20691,2710,15880,3867,21681,11609,10038,17949,17704,212,9305,701,2345,6965,16524,8577,2855,114,8491,17624,6638,10386,7820,23088,8534,15573,20515,16910,4702,19417,16994,16117,8521,18779,10840
23745,10209,17478,15353,9724,17551,6233,11396,14191,6252,11034,6052,7506,11080,7975,11294,19679,14189,9769,17593,7975,10521,4816,17720,16713,18972,8057,14803,37300,11275,11747,9033,23315,17499,1518,16155,10239,9628,11862,14083,771,12962,18320,11832,12294,11825,18177,11782,11501,10158,15542,7739,33572,18292,18179,18840,12071,9155,7847,10685,7607,7872,8966,9051,6057,15732,22216,12293,10941,11457,9351,3136,8636,5897,7838,7248,11477,11422,5812,11098,11805,7329,6129,21507,16659,19582,13481,11235,8389,13054,10808,11385,12996,12467,17694,11170,10833,7512,17472,5782,11184,12200,11916,22011,11701,17526,14671,16735,13232,9993,10935,20094,14186,1794,16385,10057,16996,12091,10902,8885,3327,6112,3994,17435,11160,11310,0,22050,4381,8475,15085,2232,926,14133,7242,13912,19185,11088,5726,10430,11451,10693,14262,3037,2119,11156,7820,9427,12562,9297,8202,11172,7472,2032,17668,9803,9737,9704,13902,15573,2417,11353,5852,14546,10743,9112,3582,2983,17869,12162,11652,9455,22792,10422,14640,19305,7977,10303,7796,10635,9238,14497,8989,12601,15704,12970,16138,1904,10814,11013,22279,10439,6151,7495,3553,18170,12877,7159,17834,13898,13917,5280,10882,17581,19960,10699,11484,17496,9734,25716,8394,15026,3730,12512,10627,14060,10212,10903,9239,10677,3303,3354,10004,15483,11204,3383,11818,10784,19367,15437,7654,9230,11264,8073,9598,5617,11350,5249,16119,8116,18932,9388,16994,15390,16264,13909,15521,8103,9335,2017
7565,12945,3598,17985,23581,20257,15533,21637,9876,16037,20159,15361,14607,12385,17459,23813,3589,9572,17825,15262,17459,15426,19677,21210,20541,3391,16583,8708,28243,21352,19672,24099,11016,22251,21518,9418,14556,18396,21830,9859,20809,9875,21860,16149,11936,20615,20903,19677,22653,15720,10088,13670,27963,20455,17392,21656,14359,16944,18430,15069,13245,16672,13065,13150,15965,8241,11253,11878,22043,15774,18107,19526,19550,16466,17826,16190,22682,12482,15516,20613,12064,14648,17048,26737,9595,3441,22999,21573,15514,10709,21847,25265,10741,18752,21270,19921,12836,14662,26006,15683,19962,16517,11560,687,24112,19851,10012,5721,14348,11880,27135,750,9898,18563,9395,22699,9515,11735,11850,23800,17055,16909,17167,23510,12520,22405,20006,0,19364,21555,8990,20054,20997,9101,14692,12947,3133,10831,17523,21906,22634,20258,10121,17467,19975,22765,17808,23792,11326,18145,16303,15841,16391,17913,3561,19795,23524,20062,10046,9814,23265,22811,15721,22442,20171,20564,20305,19583,3331,24146,17858,23773,10011,16908,23243,21999,21181,16655,17869,13634,18003,9368,20458,9951,22075,11237,8302,19922,13197,18902,12125,22616,17498,13293,16911,5593,10912,14656,9517,10339,10066,18383,15137,8137,3841,12023,24143,22046,11316,26421,21794,5897,19441,10404,16079,10051,22031,12382,19893,22240,17575,20076,16732,9197,20347,18624,20034,19799,20266,5621,17706,24358,22349,16599,16601,17150,13561,16389,8046,16329,5871,20872,4219,24216,9063,10349,9160,16342,22785,19772
20425,7435,17506,11220,4571,22178,7378,6129,10377,7397,14131,7197,7758,6052,8228,5927,17928,10432,3954,17470,8228,12208,651,22082,19940,17039,9202,10374,38651,13912,15399,15003,17009,18636,5745,11246,11926,10389,14215,10705,4999,9325,19208,13518,6452,16022,22454,13942,13900,10445,10279,6709,34792,19331,12454,23763,9750,2960,7847,6200,7860,7982,6745,6947,2402,13924,18130,6394,15166,13143,10112,5741,3079,7042,8091,8393,14038,13108,6957,14573,13492,7439,7274,23165,18795,17824,14976,6186,9534,8625,13445,13571,8566,16164,20025,14869,10195,7765,22906,2409,14089,13887,6887,19457,6161,20007,10166,14010,10926,6620,13506,17812,10465,4399,18482,13431,19242,7062,6469,13398,4472,7257,5139,22852,6132,14305,4227,17569,0,2840,10656,2953,5154,9704,7415,9365,15720,7791,2353,5277,15417,13768,8347,4181,3357,7970,8073,13815,8133,10058,8312,6743,8617,3375,16096,10232,4583,10465,10596,10279,6644,16367,2628,17504,13758,4144,3705,4084,17994,8976,15306,15220,16636,5605,17052,20023,3009,5281,8049,6151,9999,10463,4020,8998,18446,6538,16296,3463,8433,13649,18152,13727,2495,7748,4699,18502,8448,7269,16596,9469,10405,1115,6453,13581,16667,5671,5831,22060,6361,31352,3073,13640,1478,7483,5598,10242,15383,5874,9946,5523,1273,3477,5188,9175,15860,4528,14488,13421,22200,13263,7907,15280,14349,9217,4973,6762,13037,6394,13729,9260,18140,4420,17307,19144,10906,9480,9212,9247,4366,4622
22852,8998,20084,11612,2066,25025,10244,3624,11434,10262,18170,10063,10624,7109,11093,3422,18601,11489,3011,20169,11093,13421,2689,24977,20589,17753,10197,11431,41639,14811,16367,15724,17679,23339,9988,11802,15320,15905,16609,11549,9241,10888,24011,17565,8015,17037,23016,16335,16200,11912,11336,8272,37502,21879,12846,24118,11313,4017,10712,6537,10725,9757,8308,8511,3483,14451,18856,7957,16113,15071,15604,10238,259,9907,10956,11259,18012,16919,9823,16902,15639,10305,10139,25434,19743,18507,17301,3681,12399,9682,15361,16573,9623,18920,22649,17457,11264,10630,23179,3779,16461,16997,7944,21707,3656,22606,11118,15122,11948,8184,15110,21897,12137,8896,21447,15698,20153,8119,8032,15532,7338,10338,8005,25497,7189,16651,8469,19557,3341,0,11713,7453,9396,10761,10280,9764,18032,9355,4507,2772,17959,16093,9404,7047,8293,3755,10938,17613,9190,15562,9973,7800,11483,6241,20323,15392,2079,15715,11442,11336,10886,17186,3710,22034,16092,1820,6570,6950,18675,4207,16429,17609,19226,5613,19247,22618,1535,5494,10914,6488,14033,11520,1577,10562,20988,8102,20908,6329,9997,16077,20748,16021,3577,10613,7565,21136,9505,10135,21259,10526,11462,3056,6152,14108,19041,6728,3439,22608,7924,34186,624,16523,4344,8540,6655,11299,16072,6931,14040,3018,4334,6342,5195,10738,18448,7393,18596,15442,22726,15321,10772,17592,16703,10212,4980,9628,15641,9260,14738,10255,20951,1968,19983,21733,15353,10537,10775,10242,2520,8864
11459,4469,6648,9555,14752,20866,9506,15206,2721,8510,15998,9325,6487,3917,7360,13760,6516,3966,9601,14492,7360,9421,9365,18281,18097,5837,6153,1362,32674,16209,15588,18701,8904,19996,15662,4155,8994,13788,15791,2053,14751,1494,20071,10283,3459,15180,18294,15578,17823,7990,2446,5193,29372,20559,10789,22586,6784,7141,8371,5911,6508,5712,4589,4673,7711,3981,10324,3402,15723,10211,13444,11315,10838,8404,7726,10514,17909,9425,9382,18193,9809,7432,9401,24304,12809,6367,16860,15160,10477,2855,15277,19320,2887,16834,18308,15549,4361,7897,23458,7367,15842,10651,3837,9471,15456,20532,2206,4261,7419,3630,18848,8850,3676,14972,13007,17634,12728,3644,3374,16689,11288,9310,10527,21208,4616,17846,14545,8965,9286,10678,0,13528,14932,703,7345,5196,6299,2355,7380,13901,17852,15908,2218,11376,12450,12988,7708,16856,3423,14833,5929,4778,10738,12028,6729,13245,13341,13563,2241,2623,13738,18393,7437,17698,15842,11036,11541,11570,6544,14157,15741,16842,8725,6835,21338,20614,9901,6731,7698,5862,14668,3762,10912,1571,17949,3074,11387,12117,4722,14249,10013,17715,7805,7915,11123,8678,3057,7068,13129,2435,2261,9706,5743,5425,7054,4119,15471,18724,3154,29382,10832,4249,9795,2500,4515,2409,17225,4561,13348,15687,9724,11313,6766,253,16243,10582,17713,16855,20883,3871,7606,17235,17829,6168,6180,9595,8078,10129,4602,6837,8957,11312,7304,18673,3457,2446,215,6850,11258,14939
22149,8092,17486,13614,8783,17651,6812,10455,12717,5579,11645,6632,5531,8939,6000,10354,17905,12773,6573,15504,6000,11101,3217,19489,15457,17144,6064,12714,36737,11886,12358,9644,21101,17717,3719,13586,10819,10207,12472,12833,2973,10844,16726,12411,7736,12405,18078,12393,12112,7411,12619,7136,33058,16784,16321,20975,8504,7066,5619,8930,5632,5808,6849,6933,3969,15120,20203,7678,11552,12036,9930,3715,5698,5198,5863,7827,12087,12001,6392,11709,12385,5212,6708,20285,15718,16156,12094,10294,8968,10965,11419,11996,10907,13046,17664,11781,8956,5537,19852,3693,11794,12779,9774,18186,10761,17576,12506,13394,8698,7904,11546,18319,12806,2373,15438,10667,16086,9950,7753,9495,3907,6691,4574,17967,9019,11921,2201,18195,2782,5459,12997,0,3128,12044,5187,11706,15767,8970,3637,9489,12062,11304,12174,3616,984,10076,5845,10038,10473,9877,6138,9083,8052,2611,16062,10382,8796,10284,12726,12619,4618,11964,3763,16371,11354,8172,3305,3562,17935,11221,12231,10066,20573,9885,15565,19377,7036,9782,5821,8881,9817,12803,8048,10484,17514,7823,15099,2483,8095,11623,20268,11050,4062,5520,4133,16622,10788,5042,15244,11809,12745,3681,8793,13937,16544,9452,10544,17567,7645,25934,7453,14591,1641,11502,9322,12582,10428,8762,9818,9736,1570,3077,9064,12608,11815,3962,12429,11395,19478,15034,5679,9840,11875,6079,9230,6197,11929,5829,14106,6122,15831,8447,17044,14552,13246,11820,13166,6109,8394,2596
22421,10870,20296,16157,10317,17778,6894,11989,16759,6913,11695,6713,8167,11673,8636,11887,20710,15203,10362,16458,8636,11182,5409,18013,15308,20020,8718,13844,34320,11936,12408,9694,22141,17706,935,15656,10900,10289,12523,15099,155,13623,16852,12493,12887,12486,20387,12443,12162,10819,16658,8400,37530,16785,19028,20960,12732,9748,8255,11277,8268,8533,9627,9712,6650,18449,23210,12886,11602,12118,10012,3797,9228,6558,8499,7909,12138,12083,6473,11760,12466,7990,6790,19380,19127,18703,12144,11828,9050,13647,11469,12046,13588,13128,17983,11831,11494,8173,17474,6375,11845,12861,12508,23096,12294,19594,14329,17825,13893,10586,11596,23229,15192,2455,17084,10718,17678,12683,11563,9546,3988,6773,4655,17442,11753,11971,1265,23142,4974,9068,13547,2825,0,14794,7903,15370,18351,11749,6319,11023,12112,11354,14855,3698,2780,11749,8481,10088,13155,9958,8863,11765,8133,2693,20503,10464,10330,10365,14916,16688,1834,12014,6444,14687,11404,9705,4243,3644,18800,12755,12313,10116,23891,11014,12755,19575,8570,10896,8457,11228,9899,17092,9581,13262,15898,10504,16874,2565,10874,11674,23269,11100,6744,8156,4214,19085,13470,7820,16877,13232,14931,5873,11475,18687,20975,11292,12077,17737,10327,25857,8986,17650,4322,13104,11219,16612,10479,11496,9900,11270,3896,4015,10597,13340,11865,4044,12479,11445,19617,16427,8315,9891,11926,8734,10190,6278,12011,5910,17125,8777,18025,9981,19734,13961,15769,13233,14748,8764,9928,2678
11685,4649,6874,8746,10838,21364,9686,13297,2482,8690,17949,9505,6668,3671,7540,14617,6742,2537,8791,14990,7540,9601,8422,20668,20382,6063,6333,1443,30225,14958,15884,18938,8094,20458,15555,3345,9174,15489,17735,2110,13265,2060,18651,10463,3040,17108,18777,15873,16438,8171,2206,5601,33012,19082,9980,20946,6965,6197,8552,5102,6688,5893,4614,4854,7112,4029,9514,2983,17637,10106,13707,11495,9895,8584,7907,10694,16520,9606,9562,16795,9990,7613,9582,24677,13035,6594,17154,14605,10657,2045,15535,21393,2077,15619,20696,17438,4566,8078,21673,6739,17782,10832,2847,9698,14909,19087,1571,4487,7600,3210,20898,9077,2866,14138,13234,16248,12955,3225,2955,16905,11468,9490,10707,21599,3806,18163,13711,9191,9074,9735,931,12694,13423,0,7526,4365,6526,2535,6751,14822,18150,17832,1408,11556,13535,12039,7889,18833,2613,13718,6109,3968,10918,10583,6956,13505,10851,15239,2002,2384,13631,18717,7339,18083,16115,10226,10912,11751,6771,13643,16122,18818,7915,6025,21658,21116,9091,5922,7879,5052,13570,2568,10102,2137,20243,2445,11614,10671,4927,15988,9204,18004,7206,8022,10295,8905,2247,7249,13356,1625,2021,8763,4933,4959,7281,3123,13543,21138,2525,27156,9888,4475,9166,1690,3636,2169,19229,4315,13608,13782,9096,10684,5957,783,16533,10762,18046,15555,19400,4098,7787,17451,16467,6349,5370,9776,8258,10309,4276,7018,9184,10502,7531,19010,3568,1636,887,7031,10449,14105
15736,3228,11908,14790,14550,14951,2490,13939,7953,1730,8258,2309,1246,5386,1715,15305,11901,8009,13526,8579,1715,4072,8764,14622,12147,14066,927,6654,30641,7416,7942,9328,18830,12793,8436,8925,3646,5815,8056,7582,7690,5984,13551,5238,4167,8994,13508,7977,8803,2642,7678,2185,27524,13684,16173,15093,3700,10264,1334,12128,1347,621,1988,2073,6895,9500,17920,4110,7656,4863,5539,4535,11244,1624,1578,3819,8844,4828,2365,8401,5212,145,2385,19713,9175,14116,8785,15432,3795,6214,7003,13818,6246,9636,14625,7365,3637,1252,16608,6552,8408,5606,4545,15797,14069,13373,7043,9987,3895,4336,13571,13294,8337,6379,8284,10108,11013,4352,3924,9003,4508,2294,3747,15003,5804,8612,6918,13330,8329,11084,6025,6895,7845,6675,0,7951,13807,4110,6564,15256,8818,7917,6471,4596,5670,15842,1560,8315,6661,5485,1005,7532,4044,5249,12061,5659,14562,5892,7473,7855,10007,8655,6621,11705,7688,13938,5795,4790,11906,16104,8821,8287,16372,13082,11033,13412,12803,12979,1536,12078,5426,8039,13814,5649,12506,4814,9746,5337,3232,6779,18088,7741,6989,1235,4343,11516,6417,468,8235,7097,7493,9228,11991,10430,11732,6182,14011,13415,4728,21830,13219,9974,7187,5289,6422,7641,8799,6030,5426,13330,7117,5567,8655,5910,8507,4834,9120,6947,14973,9597,1394,9525,8567,942,12428,2815,4708,3349,9748,985,9342,14214,11660,12567,9182,7107,6194,972,14160,6900
16472,7002,10791,4676,10994,23098,13435,12695,3052,13447,19215,13254,8276,3494,9893,12472,10659,3107,8947,18920,9893,11762,8821,24861,21948,9980,7942,5178,37870,17727,18868,21717,7127,24386,14795,2002,11528,18637,21044,3445,13839,6344,22318,16060,4090,20661,24947,18851,19259,10524,2954,7003,37569,25012,5910,27182,9318,5915,9068,3914,8297,7501,6053,6255,7511,3229,8190,4088,20826,15622,18253,15183,9769,13092,8552,14085,21339,15034,13015,19723,15374,8246,13331,27975,16577,10511,20107,12462,14000,3300,20201,21149,3241,20781,24883,20589,7839,8437,25077,7808,19089,14084,3711,13613,12879,25164,3837,8404,9953,4223,20848,13676,2337,14134,18001,18976,17028,3886,4907,21423,13190,13529,14395,25008,3576,21393,13707,13541,9473,9609,5460,12690,13945,4906,8159,0,10442,5601,6503,11700,19308,19029,4545,12899,11819,12194,8534,19703,2808,18251,7718,2609,14477,12093,10872,16348,11006,16684,3288,2954,14260,19943,7738,21487,20917,10382,12422,12802,10688,13339,17880,19692,6948,5348,22553,25233,9246,5244,8510,3865,16418,3138,10258,6421,24167,4201,15545,12181,8200,17310,8236,21086,7605,8420,13417,12821,3123,7882,16254,3688,3308,9162,4430,4085,11198,2893,12662,25249,4024,34223,9763,8392,8918,4091,3406,2917,22048,4138,16451,11946,10466,12194,6112,5667,21465,13245,19384,20242,25478,8014,8446,19976,21397,7957,5526,12819,10611,13997,3477,8000,15426,10658,11447,24432,2952,3719,5629,7987,10604,14101
4595,10156,441,16930,20185,16423,14499,22894,7738,15084,18067,14318,13963,9031,13474,22851,648,8982,16554,11673,13474,10986,17762,17013,16661,602,11841,5919,25784,17302,15900,18198,14019,16314,20672,9378,10116,16232,17661,7070,18150,7086,17608,10464,9147,14880,16740,15907,16813,11477,7462,10881,25491,18285,18175,17846,9919,13935,14486,11026,13942,11400,10276,10361,15883,8998,14536,9089,17911,10718,15931,16352,18077,15242,13841,13369,16831,9728,16834,18553,9310,12251,14395,25199,6917,796,17073,20743,14510,7969,17764,24040,8002,14923,17070,17841,10047,14012,19719,15488,17846,10832,8771,3784,23134,16023,7223,2797,9908,9317,21123,3686,8790,15839,6641,18615,6837,9332,9061,19763,15759,15964,15633,19635,9731,18247,17407,3801,17326,19874,6201,17378,20226,6312,11835,10290,0,8042,15738,20705,16789,16517,7332,14721,15536,19770,13823,17891,8537,15977,11616,9893,13594,15295,403,14321,22218,14544,7257,7639,18400,18632,15554,16482,18106,21299,17397,15050,653,21174,14047,17874,13294,16194,19419,16130,17918,14466,13813,10977,15826,8778,21186,7162,17803,8448,5548,15451,10408,16789,14723,18505,14284,14029,15555,2839,8172,11887,6763,7550,7277,16667,10858,10442,1163,9234,20993,17822,8527,25202,20191,2973,17068,7615,9629,7425,20218,9593,14406,23181,17012,15598,15850,6408,18263,15643,16242,17732,16433,2832,13721,18424,18186,11856,15637,16639,9234,13329,9619,13625,3117,21614,1465,18110,8473,7560,6371,13638,19468,16944
13097,2853,8286,10050,10351,19146,7890,14654,4349,6893,14049,7709,4871,2742,5744,14609,8154,4405,8305,12789,5744,7869,7790,18518,16358,7475,5279,2566,29102,12121,15046,14948,9962,16469,14603,5321,7378,10893,15276,3691,13856,1896,16610,8667,1544,14681,16871,15033,14197,6374,4074,3577,31770,18751,11284,20870,5168,5566,6755,6699,4892,4096,2972,3057,5906,5619,11025,1486,15170,8595,10617,9699,9264,6787,6110,8897,14280,7809,7765,16046,8193,5816,7769,24802,12585,8006,16444,13284,8861,2837,13294,19045,2869,14791,16823,14969,2732,6281,19526,5562,15319,9035,1922,11110,14881,18840,3439,5899,5803,1714,18520,10489,4733,11543,11712,15438,13278,1729,1458,14670,9672,7694,8911,19452,3181,15699,13085,10603,7481,9104,1937,12068,14011,2588,5729,5691,7937,0,5575,11057,14227,13939,3038,9760,10833,11692,6092,16365,3373,10563,4312,5273,9122,10412,8367,10737,10364,10970,3869,4251,15502,14749,5632,17558,15293,9740,10959,9954,8183,13759,12931,14835,9783,6455,19194,18912,8604,6337,6082,6649,10504,4435,9616,1535,16272,1402,12433,10501,3093,11857,11071,14093,6000,6225,9506,10317,3040,5452,11663,3493,3889,8132,6238,6826,8693,3887,13494,17176,2135,25286,9257,5887,7990,1913,3879,4037,16764,3386,10504,13450,7919,10731,6038,1823,14298,9998,15588,13313,19165,5510,5990,16770,15686,5264,5631,7979,6461,8513,6144,5221,11096,10015,8943,16802,5095,3503,1860,5234,9962,13479
19108,5846,14470,9427,5069,22299,8653,7310,8585,8672,14708,8472,7380,4417,7871,7208,16366,8640,3374,17168,7871,9998,2100,20033,18397,14002,7046,8582,34481,12804,15971,15966,15147,20781,7075,9454,9764,11610,14734,8361,6329,7737,19339,11357,4863,16391,20312,15941,14554,8761,8457,5120,37699,21522,10661,23939,8162,955,8172,4641,7401,6605,5156,5359,331,12132,17922,4806,15810,10981,11333,5993,3577,8317,7656,9668,14684,10753,8232,16728,11137,7350,8549,26210,16319,14754,17174,7149,10809,6832,15039,14938,6774,14998,22076,14086,8112,7541,23409,628,14640,11725,5253,17649,7615,22129,7822,11860,8797,5032,16301,17832,8673,5564,17675,14132,18454,5048,4881,15708,5747,8747,6414,21183,4497,16413,5557,15899,1551,3338,7777,4300,6484,7145,7263,7573,14279,6203,0,5775,14632,14390,6713,5457,4632,7070,7638,16123,6341,11280,6821,4951,9892,4650,16187,11507,5081,11687,8252,8487,7974,15443,558,17834,14368,4809,4980,5359,16447,8076,15593,14621,16269,3813,17797,20106,3674,3694,7614,4592,11220,8671,4686,7410,18659,4950,15488,4739,6845,12574,17953,15862,425,7523,5974,17004,6656,6986,15879,7677,8272,2442,4661,11789,16852,3878,7398,22157,4773,31466,3571,11848,2567,5849,3806,8420,16336,4240,11221,6021,2496,4752,3396,7586,14972,5803,15017,13710,22321,11470,7550,14748,14925,7061,3181,8037,9455,7669,11937,7104,15329,5085,15860,19750,9113,7688,7624,7091,5032,5952
28234,11186,20920,13800,941,25722,13459,1959,15399,12450,21325,13568,14914,9005,15199,1757,23469,14022,5951,23257,13790,16509,4877,25707,25950,22497,15143,14159,40859,17685,19261,18408,18733,24162,14059,14860,18723,19139,19500,14033,13313,14369,24798,19023,10203,20003,26074,19228,20967,17648,13791,10460,44729,27410,15034,27115,15574,6205,15292,8725,14856,11944,10496,10698,5671,14768,19942,10145,18976,20015,18853,14310,2818,12095,13690,16858,19169,20310,14761,19745,18718,16593,13548,28195,22793,23365,20138,2016,17466,10661,20077,17203,10602,20132,25693,20610,15023,15021,28711,5967,19337,20398,9840,22096,1804,28253,15039,19494,16207,10371,17392,24555,13437,12968,22509,20391,23206,10015,10220,18235,9526,13764,10193,26008,9085,21499,12541,24144,5529,3138,15321,11525,13468,13448,16569,11952,22820,11542,6695,0,21076,18936,11300,9235,12365,2024,13684,20615,10169,17064,14810,8779,17263,8429,21140,18648,902,17202,15132,13710,14958,22078,5898,22941,20877,1740,8758,9137,23564,2490,19426,18702,20554,7514,21971,25642,3325,7395,15145,8676,16985,15389,1826,14363,23977,10290,22000,12823,15735,19277,21884,18841,5765,13654,9753,24158,10484,16423,22342,11505,15129,5244,8054,14776,23992,8623,1882,28249,10112,37493,2460,19362,6532,10436,8551,15181,18755,8827,18725,290,6522,8530,7097,15118,19595,9581,19755,18301,25742,19691,15310,18632,21562,13740,6882,11816,18974,11448,16547,15114,24148,1888,20915,22563,15727,11516,15128,13736,1291,12936
20631,11169,16634,23609,18785,7533,6473,20604,20694,8086,583,6293,8359,16942,8658,22648,18627,18724,18477,8027,8658,9488,14607,8390,5703,16798,8406,16399,27706,2767,1212,2160,28811,6349,11368,19961,9206,2975,1086,18545,10621,15001,7107,9454,16027,2550,8848,1248,490,9125,20724,10172,24885,7240,27499,8938,10489,16835,7605,18379,8461,8408,9883,9968,16450,20527,29645,15984,800,10478,3910,8750,18241,7731,8692,4757,26,10835,6847,532,10313,9163,6369,11063,10100,16848,916,20732,5897,18451,1588,6914,16806,3155,8108,1950,10941,8366,7866,14541,732,9823,14825,20223,20639,7878,19502,18088,12198,16258,6372,22309,19261,10548,9543,3029,10536,14659,13732,2052,8910,7278,8149,7743,15579,743,11033,20536,13988,16294,16197,11777,10776,16468,8016,21280,18505,15681,16127,19122,0,2478,18106,8998,10072,19934,8674,1727,16718,3857,8485,19781,4441,9650,16722,3830,20810,3412,18546,20856,12478,786,14640,4389,1301,20047,10197,9192,16805,23579,2707,1699,25375,20246,3164,7536,18995,18289,8650,20177,3798,21243,20004,16423,6061,14513,10654,9739,10571,2301,27095,2301,16248,8349,8745,16669,18334,8993,9494,18674,18572,14888,19987,20880,18473,16511,22637,7490,14399,16958,18451,17927,11610,17336,18021,20669,2211,15747,3798,19281,11539,9969,17728,16062,638,9236,1251,2275,7549,18364,8508,2356,698,8422,17404,6568,10317,7751,20939,8465,14446,18244,15603,4698,21387,18685,16117,8452,20298,10771
20370,10626,18035,23348,18594,7450,6166,22489,18488,7544,560,5985,7817,15094,8115,22428,18331,20319,18229,7944,8115,8946,15859,8307,5620,16523,7864,17755,25111,2224,1129,2804,25851,6266,11509,21684,8664,2433,1027,20122,10762,14711,7024,9371,14260,2467,8765,1165,870,8583,20406,10251,27396,7157,24690,8855,10495,16561,7062,19964,7918,7866,9341,9425,16184,22306,26607,14221,288,10395,3368,8208,18018,7189,8149,4214,910,10752,6163,877,10230,8621,6061,11408,10016,16579,1262,22629,5355,16457,1818,7558,18209,3072,8025,565,10399,7823,8211,15758,710,9739,14544,21985,20443,7795,17406,17771,11656,14468,7016,22006,18974,10006,9460,3827,10453,15847,14821,2479,8414,6736,7653,8088,16866,612,10247,22328,15175,17738,17533,11918,10917,16179,7473,20973,18204,15363,15860,20871,885,0,17792,8502,9576,21743,8131,2107,18114,3314,7942,19483,3898,9155,16453,3288,18689,2870,20123,18635,12619,1132,15867,5178,77,17991,9702,8697,16538,21193,2624,2079,25085,19967,3509,7453,18764,19876,8107,19884,3255,20925,17951,14610,5978,14229,10570,9244,10029,1759,26805,317,15982,7806,8249,16406,16350,8451,9411,18359,18283,14677,19695,22695,16497,16237,20343,7407,15558,17073,16541,17610,11114,15445,16079,18465,2591,15473,3256,19099,11043,9473,17474,17384,983,8741,1197,1733,7466,18048,7965,3000,1043,7879,18902,6026,9775,7255,22760,7922,15646,19895,16904,5044,21069,16667,17444,7909,18219,10228
13821,4537,9061,8956,10697,19801,8309,13470,4115,8578,16284,8128,6555,2529,7428,13246,8929,4170,8651,15564,7428,9489,8142,21195,18754,8250,6221,3396,34360,14882,17531,17016,9727,20814,13364,5086,9062,15442,16122,3743,14202,4481,19037,10654,2648,17256,21266,15892,18065,8058,3840,5391,30901,19434,10190,21365,6852,5918,8439,5312,6576,5780,4657,4741,6833,5662,10791,2647,17617,10279,13662,11383,9615,8472,7794,10581,16481,9493,8185,18511,9877,7500,8204,24864,13261,8781,18919,13237,10545,2255,15472,18980,2288,17369,21218,17401,5352,7965,24150,7129,16143,11023,2269,11885,13653,21518,3204,6674,7487,2589,20475,11264,4499,13858,13700,17812,15113,2445,2745,16742,11356,8113,10595,24071,3431,16480,13431,11378,8794,9455,3177,12414,14357,2527,7413,4576,8712,3135,6493,11403,16428,16142,0,11444,13255,12969,7776,18690,2823,15064,5997,4179,10806,10324,9142,14829,10710,13784,3635,4017,15848,18734,7059,18315,17728,10086,10654,11638,8958,14065,16282,18676,9549,6235,19647,19589,8950,6132,7766,5263,13522,4201,9962,4155,18687,2235,14117,10413,5713,14443,10837,16276,6926,7983,11191,11092,2458,7136,13651,2825,3655,8483,5144,6592,9468,2896,13436,19606,2315,30535,9609,6662,8908,1113,2888,3802,17295,3173,14943,11650,8837,10426,6167,2969,16538,10650,16409,15499,21843,6285,7674,17287,16474,6236,5581,9663,8145,10197,5909,6905,11370,10362,9718,21074,5385,2836,3006,6918,10308,13825
18782,7526,16287,16402,10155,17229,3550,11826,12248,3569,9197,3369,4822,11511,5292,11725,15151,12303,7736,13540,5292,8380,4379,17260,13462,14540,5374,10949,34603,7700,8687,9491,21506,14065,4031,13219,7620,6561,8802,11876,3285,10278,14707,9213,8372,9279,17700,8723,9549,6617,11973,4850,34302,16282,16145,17018,7796,5754,5164,11115,4924,5189,6283,6367,5131,13921,20506,8315,8401,8838,6284,896,6860,3214,5155,4565,9590,8803,3129,9146,9186,4646,3446,18425,15389,16604,9531,11665,5706,13322,7749,11843,13264,9920,17240,8110,8150,4829,16072,4855,9347,9581,8750,19177,12132,15555,11337,14281,7990,8541,11393,19303,12632,1974,13685,10514,14313,8557,8219,9342,474,3429,1311,16024,11591,9358,2513,19252,3944,6700,10319,1864,3440,10970,4559,14342,16225,8404,4800,10861,9564,8663,10765,0,1265,11447,5137,9885,12830,6230,5519,11440,4789,844,16492,6404,10167,6637,11768,12150,4930,9401,4925,11989,8434,9543,1390,385,16707,12592,9105,9913,18949,10852,12552,15560,8408,10733,5113,11066,6171,12334,9419,9944,15298,9073,14777,932,7529,7525,20607,8486,5225,4812,871,15438,13145,4476,14863,11391,11788,4844,11150,14185,16957,11809,11915,17135,9317,23921,6854,14269,2803,9584,11679,11936,10670,11333,6172,11107,2733,1162,10435,10205,9252,549,9866,7692,15653,13892,4971,9687,9312,5389,10028,2934,9208,2566,15790,5432,14405,9819,14257,14086,13451,11402,10488,5419,9765,2495
19730,8459,15612,14369,9527,16762,4483,11199,13954,4502,10130,4302,5755,7825,6225,11097,15990,14009,7108,14720,6225,9312,3752,18531,14547,16906,6307,11881,32575,8633,9620,10331,19563,16724,4406,15753,9030,7494,9735,14069,3660,11211,15836,10623,9305,10211,17220,9655,10482,7550,13856,5852,35601,17507,15588,19985,8728,5127,5844,10488,5857,6121,7216,7300,4504,14057,20596,9248,9334,10248,7217,1823,6233,4147,6088,5498,10522,10213,4062,10079,10597,5579,4378,19364,16634,17527,10464,11038,6639,12201,8681,12683,12143,10853,18510,9043,9083,5762,17090,4228,10279,10991,8660,18086,11504,16694,13638,13301,8923,9474,12233,20070,14042,2416,16327,11354,17027,9490,9152,10182,1577,4361,2244,17045,7905,10290,2888,18123,3317,5994,11252,1236,3815,11903,5491,13715,17123,9337,4172,10233,10497,9595,13410,1286,0,10959,6070,10725,11709,7163,6451,10320,5722,1502,15804,7337,9540,7570,13962,13856,5305,10334,4298,13942,9366,8915,1832,1189,17642,11965,10038,10753,19048,10225,13392,18402,7780,10106,6045,10438,7104,14040,8792,10850,14991,8358,14513,1591,8462,8458,22788,9419,4597,5745,1804,17989,12024,5408,14616,13046,13982,4216,10030,15757,16256,10689,11287,16682,8180,27593,6226,15202,2176,10517,7384,13818,11510,7647,7104,10480,2105,1604,9807,11138,10185,1566,10798,8625,18498,13554,5904,10527,10245,6322,9401,3867,10141,3499,14453,6365,15400,9191,15150,13629,14482,13056,11175,6352,9138,266
27292,12377,22057,14991,2248,28841,13804,1237,12795,15558,22165,13888,14904,9386,13716,1327,20376,12850,4338,25735,15118,16533,6386,26058,26604,21450,13636,12791,40700,20316,19975,19395,18565,24688,12446,15182,16981,19854,22283,13122,11699,14806,27836,20936,11395,20582,29073,19944,19842,15947,12696,11652,40423,27976,16225,30432,15252,7397,13868,9917,13466,15576,11688,11890,6862,17830,19902,11337,19738,18191,19541,12697,3782,15203,13664,15727,19983,20191,13735,20536,18622,14980,13884,32061,24820,22354,23075,1077,17839,11042,20932,20507,10984,22827,28712,21454,15914,13632,29527,7216,22130,18469,10221,20885,1541,26046,12583,16665,17505,11563,20632,21076,12883,11355,22238,21324,22948,10396,11412,19202,12633,14083,13300,26743,9466,20278,10928,20655,7038,6792,13074,9912,11855,12121,14955,13144,21790,12734,8204,2146,21971,19728,11682,12343,10752,0,15049,19647,10550,19502,13285,9161,16116,11338,20233,19323,2209,19656,13014,12696,13345,22945,7089,23548,21738,2705,10267,12544,22568,1949,19939,19644,16809,7896,22912,28728,3606,7777,15092,9868,19399,12881,2707,13442,24497,11481,23879,11210,13782,20051,19789,21673,6956,15051,13115,23209,10865,14810,22085,11886,13034,6752,8435,17487,20889,9005,1276,28720,11304,38018,3424,16557,8041,10817,8932,12659,21760,9209,17611,2392,8031,10039,7478,12685,20365,12689,20485,19070,28864,18541,13869,21639,20328,15026,7263,14961,18621,14555,13384,14987,23455,2852,20115,23347,13323,11897,12723,15015,2021,11323
13796,3859,11387,15248,14090,12712,2192,16042,9467,1662,7961,2011,215,6051,556,14503,11380,9522,13934,8059,556,3552,8304,12173,10881,13545,884,8167,27177,6935,7644,8503,17228,11528,8922,10438,3125,5518,7759,9095,8176,7497,12285,4718,4832,7729,13577,7680,8506,2121,9192,2850,26900,12419,18336,14576,3180,10672,560,12536,194,1178,2653,2738,11587,11014,18032,4775,7358,4342,5241,4943,10785,1833,18,3522,8547,4307,2068,8103,4691,1664,2088,17504,8654,13595,8488,16110,3497,7727,6706,14132,7760,8370,11869,7068,3503,226,16143,8780,8111,5086,5210,15276,16187,11960,8556,13925,3374,5001,13885,15562,9851,6787,7763,9282,8865,5017,5438,8178,4916,1996,4155,16069,6469,8315,7451,15754,7869,10625,7538,6436,8331,8189,2081,8594,13287,5623,7229,15082,8521,7620,7984,5004,6078,13654,0,8018,7326,5188,1409,12689,3746,5657,11540,5361,14600,5595,8987,9369,9821,8358,11814,10439,7391,13478,6203,5198,11385,16779,7555,7990,16493,13491,10736,12715,12343,13388,299,12487,5128,9553,13355,6918,11240,6328,8487,5745,3262,6482,20072,7444,11681,208,4751,10995,7930,1594,7714,8610,9006,8769,12399,11944,11212,6847,16125,12669,5777,23459,12760,11488,6728,6803,7087,9154,8502,6695,5129,15379,6658,5975,13423,7424,8209,5242,8823,6649,12727,11111,235,8699,8269,868,12836,3240,4187,3757,11261,826,8821,13754,11139,12270,10696,8621,7707,839,13701,7308
20000,11167,19566,26196,20275,8846,6472,20265,21363,8084,1874,6291,8358,15745,8656,20210,18031,21311,18314,9339,8656,9486,15887,9703,7015,17882,8405,18818,29109,2765,2525,393,26788,7661,9856,22594,9204,2974,2449,19162,9109,17322,8419,10767,15003,3863,10160,2560,2298,9123,21377,10170,28833,8552,27646,10114,10487,16888,7603,20498,8459,8406,9881,9966,14917,21136,30405,16494,1738,10422,3909,8748,16245,7730,8690,4755,2339,10387,6845,1895,10770,9162,6367,10936,11412,17976,2280,22488,5896,19000,1586,5024,17320,4467,9420,1948,10939,8364,7739,16046,1980,11135,16820,23469,20283,9190,18304,17336,12196,15237,4483,21321,21841,9788,10855,853,11848,16651,14257,540,8908,7277,8147,7616,17580,2107,9521,21586,15226,15980,18578,10265,9264,17087,8014,21716,19719,14848,14628,18704,2313,1489,16957,8996,10070,21655,8672,0,17196,3855,8483,18223,4439,9649,19674,3828,18500,3410,19141,21500,10966,2150,14653,6924,1540,17847,10195,9190,17944,21065,4019,28,26051,20344,3345,8849,18712,18395,8648,20420,3796,19865,19636,17212,7374,15005,11966,9737,10570,2299,30608,1235,16248,8347,8743,17840,18898,8991,10806,19283,19166,14649,20219,21478,17922,18553,22238,8803,14878,17964,16421,17186,11762,17894,18348,19346,469,16082,3796,18842,11336,9967,17819,18416,2001,9234,2976,2273,8861,17592,8506,604,2061,8420,17500,6567,10315,7749,21551,8463,15679,19706,16751,4879,22059,17504,16764,8450,18074,10011
14519,4453,7906,8317,10410,20307,8225,12040,2853,7625,18290,8044,6471,2689,7344,11888,7774,2908,8363,16139,7344,9405,7993,19763,19191,7095,6137,2241,31863,15156,17887,18995,8338,21327,14801,3697,8978,14305,16450,2359,14054,3408,19530,10571,2564,17676,19843,17870,18380,7974,2457,5307,31588,21947,9551,21871,6768,5769,8356,4673,6492,5697,4573,4657,6684,4273,9758,2563,17950,10195,13956,10430,9467,7519,7710,10498,18485,9410,8101,17105,9794,6548,8105,27840,13915,7626,19268,11879,10461,492,17361,20981,434,16143,21803,17725,5268,7882,24616,6981,16460,10939,2186,10730,12295,20038,1929,5519,7403,2506,20569,10109,3110,13710,15059,16425,14367,2361,2661,18695,10403,8029,9642,24538,2845,16790,13283,10223,8646,9307,2523,12266,14209,1571,6131,3937,7558,3052,6358,11116,18426,16435,1727,12366,13107,11750,7692,18953,0,15385,5913,3540,10722,11560,7988,15150,10423,14078,2253,2755,15699,19084,6911,20654,16380,9798,11890,10685,7803,12707,16711,17184,8159,5597,19950,20101,8663,5493,7682,4624,15226,2939,9674,3484,19152,2152,12646,11648,5629,14725,9448,18247,6778,7899,10238,9937,315,6183,13573,1336,2272,8335,4505,5203,8313,2695,12078,20117,2231,28261,9460,5507,8509,1029,3048,2420,19311,3333,15264,11363,8439,11662,5528,2730,16852,10729,18448,17395,22401,5130,7590,19295,18504,6153,4942,8710,8062,9244,4520,6195,10216,10074,8563,21474,3382,1347,2693,6182,10021,13677
18657,9005,14376,23091,18393,7524,4426,20308,16025,5693,2773,4246,6195,14375,6494,18370,14669,15973,15855,7688,6494,7916,11022,8381,5694,14472,6243,15061,25545,2263,2457,3315,25792,6340,10674,17201,7634,331,2572,15796,9847,11715,7098,9115,9898,2541,8839,2492,3318,6893,16049,8008,27864,7231,22304,8929,8325,12502,5441,15698,6297,6244,7719,7804,13417,17777,24172,9841,2171,8851,117,6773,15829,5237,6528,2593,3359,8816,4424,2916,9200,6212,4322,11590,9760,14609,3300,20434,3414,13981,1518,8069,15481,3183,8099,1880,8777,6202,8393,13714,2923,9483,10276,17867,18483,7869,14943,13852,8520,10067,7527,19730,16502,8617,9204,4338,10197,10083,9655,2990,6746,5115,5985,8270,14455,3127,9156,19998,10587,14119,13458,8507,10002,15119,5852,16560,14496,9841,11443,18807,3333,2432,13667,6834,7908,17694,6510,2830,13959,0,6321,15239,2277,7487,14484,594,18486,407,15793,17819,12245,3170,13644,5252,2203,17669,8033,7028,14591,19197,2368,2802,22645,17378,5548,7527,14978,15676,6486,17221,230,16520,15983,12064,6052,10509,10314,7575,8408,1294,24365,2256,13511,6185,6581,14533,15292,6208,9155,15633,17434,11487,15457,19980,14599,13787,20271,7481,10843,16995,14570,13702,9446,11021,15030,15999,3314,14198,195,17252,9376,7805,15127,13319,3022,7072,3438,1462,7540,14109,6344,3511,3082,6258,14801,4405,8745,5587,18189,6301,13379,17766,14785,7082,16654,15644,14740,6288,16259,9138
14849,3143,11604,16012,15081,15106,2711,15661,8751,2654,8480,2530,957,5754,1448,14158,11597,8806,14453,8275,1448,3768,9295,14691,11400,13761,623,7451,30249,7453,8163,8969,18049,12046,9913,9722,3342,6037,8278,8379,9167,6781,12804,4934,4536,8248,14909,8198,9025,2338,8476,2554,27168,12937,15920,16809,3031,11191,1749,13055,978,1076,2389,2473,7264,10352,18938,4478,7877,4559,5760,5462,11776,2351,1233,4041,9065,4397,2587,8622,4781,1569,2606,20176,8870,13811,9007,15717,4016,7011,7225,14651,7044,8889,14700,7586,2934,1118,16999,6920,8629,5302,4914,15493,14353,13488,7840,10784,3225,4704,14404,15778,9135,7306,7980,9801,9082,4721,4722,8696,5435,2515,4674,15355,6173,8833,8442,15971,8599,11616,6822,7427,9322,7473,1424,8319,13503,4907,6933,13437,9040,8139,7268,5523,6596,14642,1215,8536,7851,5706,0,7901,4265,6175,11756,5880,15094,6113,8271,8653,10812,8877,6990,10958,7910,14470,6722,5717,11602,16370,8074,8508,17241,14009,11254,14918,13334,13906,1191,13005,5647,8837,14346,6076,11759,5612,8703,6264,2546,7001,19135,7962,7358,1101,5270,11212,7214,1504,7931,7894,8291,9760,12918,11228,11428,6550,14303,14925,6309,24144,13751,10772,7719,6087,6790,8438,9021,6398,5648,15120,7649,6494,9024,6708,8728,5761,9341,7168,13725,10395,1127,9218,8788,638,13355,3759,4404,4276,10545,681,9038,14746,11356,12789,9980,7905,6991,668,14430,7826
19161,6661,10528,5863,9102,22336,13358,10681,4005,13370,17905,13177,8598,3816,9552,10580,10396,4060,7055,20342,9552,12276,7453,21896,20961,9717,7600,4863,34613,18020,19392,18180,10712,21227,13857,4288,11186,17185,19649,4398,13110,6030,21512,15442,3748,17624,24289,17574,19717,10846,3907,6662,34337,24064,7097,23889,8976,5870,8727,1966,7956,7160,6375,5914,6144,5370,12131,3747,19364,13483,15248,14108,8401,13015,8211,14373,18001,11568,12937,20287,14819,7905,13253,26826,18237,10248,18801,10521,15514,3114,16956,19311,3056,19552,21909,17339,7498,8095,24025,6498,19614,13497,3370,14812,10987,22101,4790,8141,9612,4545,19061,13307,4093,12766,17948,19355,16997,3545,4565,17921,13112,13452,14318,26407,3052,18099,12339,14740,8105,8241,5145,11322,13265,4193,8481,2408,10179,5260,6031,9808,17947,17677,4867,12821,12163,10303,8856,20085,2622,16796,7376,0,14597,12015,10610,16569,9114,16940,4241,3907,14756,20548,6371,20464,19436,8490,12345,12724,10425,11399,16790,20074,10533,3688,23359,22154,7355,3585,8832,1917,16647,4091,8366,6106,23176,4719,15557,12621,8522,17588,11821,17749,6238,8742,13339,15126,2937,8204,16179,4113,4261,7827,2771,6307,14909,2368,10770,22163,4345,33569,7771,8129,9047,4261,1742,3869,18493,2914,16679,10054,12334,12117,4231,5352,20026,13168,18119,17002,24638,7752,10462,20336,19963,8279,3634,12742,10933,13920,5618,8322,14428,8766,11185,23107,4533,4144,5314,8309,8712,12734
15734,6847,13179,20894,15254,9118,2152,18627,15357,3535,4367,1971,4038,8959,4336,18566,13172,13883,14789,9281,4336,5150,9933,9975,7287,15336,4085,10227,28683,3857,4050,4856,23498,7933,9585,15103,4868,1924,4165,15107,8838,9557,8691,6460,7741,4135,10432,4086,4912,4891,13956,5758,25754,8824,22397,10523,6167,11413,3283,13688,4139,4086,5561,5646,12328,17289,24362,7683,3764,6085,1647,5684,15110,3683,4370,316,4953,6050,2525,4509,6434,4054,2047,15037,10397,15386,4894,17001,1457,9787,3112,10013,9819,4776,9692,3473,6619,4044,9986,12682,4516,6828,8118,17797,18714,9462,10616,15717,7860,7909,9068,16197,14405,7528,9506,5932,10608,7925,7497,4584,5657,2417,4896,9863,9378,4721,8067,18066,9498,14950,9598,8308,8993,10248,3694,15956,15078,7683,10353,15663,4927,4026,10044,5745,6818,17762,4352,4423,14820,1593,4163,13430,0,6397,13331,1786,16893,2000,13699,15511,11155,4764,12555,6845,3797,14547,6944,5939,13177,19453,3961,4395,22673,15255,7141,9121,13405,15141,4328,15004,1534,14426,14490,9906,7646,8352,11950,6486,6250,2888,22291,3849,12422,4027,5492,12848,15135,4050,9457,10670,15127,10397,13452,17674,13064,13799,18623,9075,8685,20264,14632,15892,8357,8863,13669,13906,4908,13109,1535,15877,8286,6716,14163,9804,4615,5983,5450,3055,9133,17376,4186,5053,4675,4100,13577,3315,5978,4498,16099,4143,10613,16163,12931,8676,16051,10681,9767,4130,14772,8048
21455,9457,16938,15905,9503,16509,5481,11175,13930,5500,10809,5300,6753,7801,7223,11073,17354,13985,7084,15913,7223,9822,3728,16550,14309,16643,7305,13926,32290,9548,11522,8808,21476,16453,3348,15728,9540,8929,11636,14083,2602,12209,17175,11133,8247,11126,18685,11557,11276,9563,13831,6917,32017,15638,17263,19712,11372,5103,7095,10464,6855,7120,8214,8298,4479,15384,22605,8189,10716,10757,8652,2437,6209,5145,7086,6496,11317,10722,5060,10873,11106,6577,5377,21132,14805,17257,11258,11014,7637,12177,10583,11160,12119,11768,16532,10945,10081,6760,16874,4204,10958,11501,8636,19696,11480,18116,13718,20389,12532,8415,10710,19830,14018,1095,16011,9831,15161,8432,8264,8659,2575,5360,3242,18548,7881,11085,1830,19744,3293,6048,12250,1212,2757,13256,6490,13691,16857,10335,4148,10209,11291,10468,10096,2284,613,10796,7068,9202,11685,8598,7450,10296,6720,0,17148,9104,9516,9005,14149,13831,4247,11128,4274,13707,10518,8891,511,733,17370,11941,10953,9230,20897,10200,11869,16440,7756,10082,7044,10414,8539,14016,8767,11849,14744,8333,14228,128,9460,10787,20594,10214,4573,6743,2802,16069,12000,6407,14329,13022,14169,4192,10005,15653,16006,7433,11263,16426,8156,27321,6202,17192,2152,9232,7360,13794,9592,7623,8539,10456,2081,283,9783,12136,10979,2631,11593,10559,18218,13343,6902,9004,11039,7320,9376,4865,10651,4497,15823,7363,16675,9167,14895,14792,14458,13032,12173,7350,9114,1812
4192,10503,443,19255,20620,16118,14209,21235,8084,15400,16312,14028,13217,9942,12729,21196,246,9329,18726,11270,12729,10696,18190,16656,18116,948,14196,6265,25185,15671,17434,18170,14730,17703,18984,9489,9826,16207,17563,7416,18398,7432,15695,9454,9493,16267,14846,17443,18460,11094,7808,11227,24892,16319,18718,19314,9629,14363,13301,13699,13196,11746,10622,10707,16339,9191,14883,9435,16183,11034,15916,15050,18490,15558,13096,13079,16762,10045,14207,16745,9626,13466,14105,22609,6515,1004,16975,21209,14220,8316,17717,21862,8348,14798,15165,16128,10395,13267,19469,15937,17756,9822,9118,3381,21450,15714,7569,3278,9618,9663,21160,3284,9137,17724,6713,16844,6434,9678,9407,19735,16025,14475,14378,21365,10077,18155,19473,3398,17741,18439,6547,17703,18602,6658,15532,10636,690,8388,14687,23300,18430,18134,7678,14963,17419,22300,13078,17850,8883,15964,13916,10243,13304,15559,0,15776,22700,16011,7604,7985,18639,18525,16005,17940,16362,19758,17682,16859,251,21646,15364,19655,12892,16733,21264,17439,18349,14956,13068,15038,14350,9124,19656,7508,17529,8794,5864,15714,10755,15209,15249,18442,14694,13284,15812,4093,8518,13102,6835,7896,7623,17056,13680,11018,761,9580,21452,15864,8874,22448,20648,3454,15823,7961,9975,7771,20177,9939,14396,21466,15774,15861,16378,6754,18168,15920,17796,16043,17776,3178,12976,20270,18091,13984,14662,16955,8831,14888,10927,13942,3434,22089,1781,17944,8819,7906,6717,13955,19905,15646
16794,9319,14204,20749,16540,7838,4623,20135,15812,6007,3087,4443,6509,14689,6808,18213,14499,17371,14212,8001,6808,8230,11336,8695,6008,15754,6556,13453,28194,2577,2770,3576,23189,6654,10988,16987,7948,644,2885,17175,10241,12029,7412,9429,10212,2855,9153,2806,3632,7207,17454,8230,27902,7545,24361,9243,8639,12816,5755,17077,6611,6558,8033,8118,13731,17564,26409,10155,2485,10453,308,7087,14207,5551,6842,2906,3673,9130,4997,3229,10288,6526,4519,12017,10074,15914,3614,18382,3728,15174,1832,8733,13833,3496,8412,2194,9091,6516,8820,14085,3237,9797,10590,17685,18329,8183,14730,15050,10940,10381,7789,19531,16289,8931,9517,4652,10511,10397,9969,3304,7060,5428,6299,8697,14769,3441,9470,17960,10901,13965,14599,8821,10396,14885,6166,18019,15784,10155,11756,16919,3647,2746,13454,7148,8222,17532,6824,3144,13746,314,6635,15033,2591,7800,14314,0,16623,721,15579,17584,12559,3484,13958,5565,2517,17500,8347,7342,15896,19038,2681,3116,24725,15572,5862,7841,14815,15479,6799,16996,215,17972,17446,12378,6366,10823,10628,7889,8721,1608,24153,2570,13825,6499,6895,15840,13661,6522,9469,13971,15605,11800,16812,17915,15910,13578,18238,7795,11157,18876,15889,14883,9760,11334,14801,15786,3628,14512,216,17110,9689,8119,14931,11955,3335,7386,4170,1775,7854,13911,6658,3773,3395,6572,16097,4718,9059,5901,19813,6615,13693,15969,13249,7396,18121,13981,11993,6602,16105,9451
25078,10493,22457,13107,127,25393,11738,1866,14777,11757,19094,11557,12119,8603,14709,1664,22868,13458,4083,22853,14709,17729,4184,27948,23250,19864,13290,13599,40415,17425,20934,20078,18216,26288,11482,13297,16559,18823,19234,13468,10735,15231,24472,20492,9510,19702,25714,20898,20703,17163,12008,9767,44239,24556,14341,29536,16634,5512,13442,8032,12220,11251,9803,10005,4978,14211,19424,9452,18721,17740,16812,11733,2125,11402,14608,16482,18928,17983,11317,21491,20143,11800,11634,27982,24605,20654,21926,1923,17068,9831,17964,17152,9773,19832,25345,20330,14507,12125,25794,5331,21026,18074,9439,23734,1898,27882,11372,17133,15726,9678,17312,23936,13631,10391,22040,20135,25063,9614,9527,19880,8832,14764,9499,25751,8683,19254,9964,21343,4836,2445,14704,8948,10891,10910,11775,11259,20158,10849,6002,720,18881,20599,10899,8542,9788,2202,13247,20390,9339,16773,11467,7950,15327,7736,20596,18322,0,18639,11803,11485,12381,21805,5204,22649,20602,1047,8065,8444,20835,2449,19108,18498,18121,6685,23993,27894,2495,6566,13301,7983,18395,13400,1133,13815,23665,9596,23721,7824,15177,17218,21317,18603,5071,12108,9059,23563,9654,11630,21875,10675,11823,4550,7224,15675,23394,8222,1569,27882,9419,37142,1767,18753,5839,10035,8149,11970,20461,8426,16696,966,5829,7837,6267,12233,21319,8821,21484,19891,25414,17311,13455,18445,21282,14647,6052,11122,16736,10754,14458,13261,23578,1195,22462,22317,15107,10686,12270,14642,858,10359
16936,8717,15893,21085,18545,7420,4021,20461,16134,5405,2824,3840,5907,14087,6205,18509,14711,16083,14526,7583,6205,7628,10734,8277,5590,14522,5954,15176,28045,2314,2507,3313,25909,6236,10386,19085,7346,229,2622,17530,9639,11427,6994,9011,9610,2437,8735,2543,3369,6605,16160,7628,25182,7127,22438,8825,8037,12214,5152,17448,6009,5956,7431,7516,13129,17886,24275,9553,2221,10035,104,6485,15983,4949,6240,2219,3410,8528,4395,2966,9870,5923,3917,11599,9656,14652,3351,20588,3424,14099,1569,8470,15610,3079,7995,1930,8489,5914,8402,13483,2973,9379,9988,19752,20525,7765,16590,13928,10338,9779,7526,17954,18314,8329,9099,4389,10093,9795,9367,3041,6458,4587,5697,8280,14167,3178,8868,18203,10299,14258,14949,8218,9794,13827,5563,18388,16030,9552,11154,18959,3384,2483,15192,6546,7619,17834,6222,2881,15517,240,6033,15370,1904,7198,14527,604,16911,0,15903,16279,11956,3221,13355,5147,2254,17822,7745,6740,16127,19336,2264,2852,25073,15904,5598,7423,15117,17428,6197,17367,218,16630,17769,11776,5948,10221,10210,7287,8119,1345,24468,2307,13223,5896,6292,16056,13992,5919,9051,15759,15929,11198,15590,18238,14635,15337,18531,7377,10555,18584,16211,15185,9158,10732,13767,16110,3365,13909,183,19166,9087,7517,15264,14797,3072,6784,3333,1512,7436,14183,6056,3510,3132,5970,14938,4116,8456,5299,20168,6012,13091,16258,14826,7133,16763,15770,13480,6000,18073,8849
13504,6198,8219,7632,14585,23604,11234,14641,480,10238,20248,11054,9072,5039,9089,13256,8087,535,10159,16941,9089,11149,9922,20756,22677,7408,8738,2606,31659,18767,17973,21187,6370,20629,15668,1617,10723,16130,18182,873,16285,3772,20698,12012,4491,17618,22879,19797,18515,9719,205,7051,31387,21141,8866,25324,8513,7698,10100,5196,9093,8297,6317,6402,8613,1846,7433,4433,18085,11655,15783,13044,11396,10132,9455,14705,20499,11154,11110,18881,11538,9161,11130,26769,14198,7939,19242,13674,12206,2675,17608,21302,2496,19525,22907,19730,6582,9626,26186,8190,18221,12380,4214,11043,13531,23268,1364,5832,9148,4661,23021,10210,1692,15529,13973,18315,14641,4676,4405,18947,12034,11039,12256,23684,5174,20463,15323,10074,10108,11235,2888,14085,16440,2433,9074,3024,7870,4796,8202,13729,20441,18258,2775,13104,13268,13406,9437,21097,2993,17406,8514,3973,15099,13542,8300,17171,12218,17528,0,382,16712,19071,8840,22231,18196,11594,13871,13299,8116,13512,18432,21082,6191,6918,23958,23350,10458,6815,9427,5147,17243,566,11470,3849,22522,3896,12959,13630,6943,18271,7479,18409,8707,9643,11843,10250,2667,8797,13920,2320,20,10296,6000,2916,8626,4676,14955,23374,3976,32079,11389,5820,10353,3057,5072,168,19493,5683,15683,14063,10283,13643,7324,3095,20522,12311,20351,19430,21432,5443,9335,19493,18554,8609,6738,11324,9806,11858,2093,8566,10528,11869,8876,23263,1009,2351,3057,8579,11816,15496
15195,6234,8343,9911,12242,21823,11271,13872,604,10275,18752,11090,9109,5075,9125,13720,8211,659,10195,17347,9125,11186,9959,21163,20977,7532,8774,2729,32012,17399,20232,19584,6063,23183,17530,1310,10759,18192,18566,997,16536,3896,23261,12048,4527,19852,23327,20219,18890,9756,517,7088,31741,23747,11145,25772,8550,7735,10137,5509,9130,8334,6354,6438,8650,1538,7126,4470,18464,11691,17809,13080,11432,10169,9492,15114,20914,11191,11147,19262,11575,9198,11167,29943,16081,8062,21629,13711,13454,3449,17982,23825,2655,19959,23356,20146,6619,9663,26628,8226,18603,12416,4251,9840,14835,23717,1400,5956,9185,4698,23377,9903,1385,15566,14366,20595,16569,4712,4442,19308,13053,11075,12292,26546,5210,20882,14129,9767,10145,11272,3012,14122,15141,2470,9111,3089,7994,4833,8239,15111,18923,20539,2812,13141,13304,13443,9474,19507,4017,16167,8550,4285,14073,13578,8424,15954,12255,17942,852,0,15396,19454,8876,22673,18573,11630,13908,13335,8239,13414,18866,21485,5884,7429,24378,23799,10495,7325,9464,5459,16020,690,11506,3973,20839,3933,14917,13666,6980,18683,7172,20702,8744,9680,12888,10373,2826,8834,14315,2399,872,10333,6337,2609,8749,4713,13501,23823,4013,29511,11426,5943,10390,3094,5109,480,21884,5719,17698,14043,10319,13679,7360,3218,19002,12347,20775,19843,24070,5566,9371,19854,18936,8645,6774,11361,9843,11894,1786,8603,10652,11906,8999,21498,944,2410,3181,8615,11853,15533
24692,11016,18455,16559,10462,17446,7040,12134,17030,7058,11840,6859,8312,11818,8781,12033,20752,15448,10507,17882,8781,11328,5554,19511,14954,18220,8864,15468,37552,12082,12553,9840,24730,15723,446,15937,11046,10434,12668,15339,334,13267,18210,12638,13032,12632,20054,12589,12308,11069,15364,8545,33802,18123,19481,20578,12877,9893,8401,11423,8414,8678,9773,9857,6796,17004,23497,13031,11748,12263,10157,3942,9374,6703,8645,8055,12348,12228,6619,11905,12612,8135,6935,18964,18976,18742,12289,11973,9195,13792,11615,12192,13734,13273,17671,11976,11640,8319,18830,6520,11990,13007,12654,21055,12440,19237,14560,16281,14038,10731,11742,21172,17039,2600,18680,10863,17533,12829,11708,9691,4134,6918,4801,18795,11898,12116,1410,21109,5119,9214,15142,2970,489,15024,8048,15717,20280,11894,6464,11168,12323,11499,14114,3843,2925,11755,8627,10233,13300,10104,9008,11910,8279,2839,20543,10610,10475,10511,15163,16969,0,12159,6590,15798,11550,9851,4389,3789,20757,12900,12458,10261,24203,11160,12900,17434,8715,11041,8602,11374,10044,15764,9727,13407,15558,10649,18473,2711,11019,11819,23561,11245,6889,8301,4360,21054,13615,7965,18450,14844,15179,6018,11620,17227,21001,11437,12223,17410,10472,25498,9132,16122,4468,13250,11365,15323,11018,11641,10045,11415,4041,4161,10743,14915,12011,4189,12624,11590,19252,16538,8461,10036,12071,8879,10336,6424,12156,6056,17393,8922,17986,10126,19749,13572,16022,13470,14961,8909,10073,2823
18584,11517,18440,24348,21701,7024,6822,23694,19294,8434,882,6641,8708,17664,9006,23633,18716,21204,17616,7774,9006,9836,17054,7880,5193,16932,8755,16879,24341,3115,1116,2508,26620,5839,13697,22612,9554,3324,1280,21004,12950,15458,6597,9201,15154,2040,8338,1152,838,9578,19329,10428,26551,6730,25697,8428,11386,16066,7953,19100,8809,8756,10232,10316,17345,23189,27347,16659,1223,10225,4259,9098,19222,8079,9040,5105,879,10582,7195,863,10060,8724,6717,10420,9846,18664,130,21624,6246,17327,1936,7262,19160,2682,7598,1971,11289,8714,7223,16914,939,9569,15450,22443,23737,7368,18212,16701,12547,15350,6721,22452,21832,10896,9289,3378,10283,15279,14312,2401,9258,7388,8497,7100,17894,647,13362,20697,14850,18942,16688,14106,13105,16982,8364,21981,16905,16256,17021,20032,853,2288,16997,9346,10420,20818,9022,2076,17315,4205,8833,18643,4789,9999,16807,4178,19784,3760,21019,21441,14807,0,17023,3649,2048,21034,10545,9540,18602,24562,2705,2047,28476,21097,2726,7027,18113,21002,8998,19027,4146,19799,19044,16926,5551,16653,10400,10087,10920,2649,27554,2650,15553,8697,9093,16701,17214,8720,9241,17498,21048,15765,20785,23584,16806,17188,21438,6980,16534,14452,17634,16559,14732,17980,18781,19279,2560,18099,4146,20194,13419,10317,20391,16561,541,9584,873,2624,7039,16946,8856,2705,601,8770,18175,6917,10665,8099,21448,8813,15872,19145,17270,4261,21953,19297,18313,8800,19312,11119
20883,5285,15765,9773,5235,22248,8312,7476,8171,8331,16212,8131,6818,3856,7309,7374,16182,8226,3593,17086,7309,9630,2897,22016,18370,13834,6484,7452,34371,12462,14486,16001,14993,18818,7135,8532,9203,11269,16234,7799,6388,7175,21265,10795,4302,16367,20250,14460,16051,8199,7896,4559,37577,19489,11007,23892,7600,776,7610,4698,6839,6043,4595,4798,285,9718,17749,4244,14347,10420,10992,5652,3743,7976,7094,9327,16193,10242,7891,15181,10625,6788,8207,23780,17857,16078,17178,7315,10468,5911,13652,15022,5853,14975,22014,15529,7551,6979,21224,70,16135,11164,4691,17454,7781,20028,7260,10730,8235,4470,16383,16002,8555,5223,17545,15591,16627,4487,4319,14281,5406,8406,6073,23331,3936,14894,5664,17327,2463,3583,7216,3959,6543,6583,6701,6652,14112,5642,1307,5941,16135,14396,6152,5115,4291,7097,7076,16150,5419,10938,6260,4295,9551,4309,14521,11185,5247,11345,7691,8073,8033,15445,0,19628,15841,4975,4639,5018,16264,8242,15561,16142,16093,3870,19632,20057,3840,3751,7052,4649,10879,8257,4851,6849,20525,4389,16934,4397,6284,12233,16133,14401,392,6962,5633,15265,5734,6424,15763,6756,7711,2640,4717,11846,16671,3488,7564,22104,4211,28499,3736,10718,2893,5287,3415,7859,14852,3679,10879,6187,2822,4411,3453,7025,16504,5461,15013,13715,20206,10341,6988,14780,14926,6499,3237,7696,8894,7328,9966,6542,16732,5251,15684,19746,9441,6766,7062,6529,5198,6058
18974,14017,17904,28990,22565,3064,9487,24293,22439,10865,4818,9306,10940,17717,11238,26714,16430,22366,20187,7179,11238,12676,19996,3921,1233,16579,11559,19664,23096,6451,5043,7031,30239,1880,14166,23937,11801,5581,4321,20103,14513,18040,2637,10063,18393,3098,4379,4188,4765,12325,20427,15010,20708,2771,30513,4469,13754,18358,10185,21023,11041,11560,15159,15268,18129,22055,28038,18349,4743,11087,5852,11529,22299,10510,11605,7337,4805,11443,9485,4264,10921,11942,9383,6849,10708,16400,4097,24405,8703,20619,6045,10540,18728,2840,3638,4792,13636,10946,3652,19516,4770,10431,18769,21995,26843,3408,21271,16936,13743,18542,9998,21964,23130,13273,10151,7895,10126,16838,17348,6706,11770,10139,11009,3529,19756,4994,16033,20362,19293,19991,19506,14854,16188,19930,10596,23682,18166,15930,19656,25284,4780,5109,20187,11858,15366,25954,11587,6002,18740,6437,11637,22554,7022,15107,16277,6436,24963,6018,20171,20571,14333,3967,17809,0,4869,24142,13739,12052,16298,25060,4514,5974,29306,23478,4021,3067,22960,21188,11230,20947,6378,20887,24088,16268,2626,16578,11262,13721,14682,5986,28282,5351,17937,10929,11605,17611,20464,11772,10102,18747,20198,18492,22926,24727,17777,20887,24264,3021,16502,10858,20442,18531,16080,19516,20785,22460,7034,20038,6379,23127,16121,13802,22781,19404,4468,12096,4295,5960,3079,18908,11484,6598,4528,11574,22420,9429,13096,10611,22448,11617,14843,21995,15097,2167,20960,20675,19463,11604,22132,15441
18386,10549,16273,25694,20497,7162,5854,20404,20307,7466,543,5673,7740,15047,8038,20348,18231,20249,16526,8045,8038,8869,15849,8019,5332,18113,7787,16042,25040,2147,841,2727,28419,5978,11431,21619,8587,2356,1010,20051,10685,16138,6736,9472,15658,2179,8477,877,852,8610,20338,9461,24786,6869,27175,8567,10418,15000,6985,19922,7841,7788,9264,9348,14662,20175,29249,14167,293,10496,3291,8130,18016,7111,8072,4137,893,9769,6227,860,10331,8543,5750,11185,10118,16488,1244,20530,5278,16400,1741,7831,16465,2783,7737,488,10322,7746,7989,15732,693,9841,14492,19859,20443,7507,17342,16043,11579,14413,6939,19877,18914,9928,9561,3750,10554,14326,13390,2402,8290,6659,7529,7866,16813,595,10169,22232,15163,17736,17460,11840,10840,17762,7396,18978,16427,13876,15836,18942,867,77,16084,8378,9452,19723,8054,2090,18053,3237,7865,17635,3821,9031,18034,3211,18692,2792,20055,20471,12542,1114,14372,4890,0,17991,9578,8573,16447,21191,2725,2061,25017,18086,3492,7165,18758,19842,8030,19842,3178,20856,17950,16027,5690,14174,10672,9120,9952,1682,29468,368,15957,7729,8125,16314,16293,8373,9512,16597,18221,14671,17831,22626,18081,16192,20344,7119,14061,17036,18230,15897,10990,16960,16036,20283,2574,15428,3178,21057,10920,9350,19227,15708,966,8617,1396,1656,7178,17959,7888,2923,1026,7802,18869,5949,9697,7131,22689,7845,15542,19896,16803,5026,20999,16607,15762,7832,18219,10151
24233,10048,19538,12662,956,24615,11294,2543,10953,11313,20266,11113,13530,7544,13999,2396,19912,11008,3452,22019,13999,16801,3739,24562,24801,20976,11247,10949,43603,18422,18274,19374,17718,25448,10677,12852,17319,18012,20407,11280,9930,11938,23696,19559,9065,18950,24911,20106,19941,14721,11377,9322,39284,23791,13896,26030,14229,5068,13618,7588,13631,10807,9358,9561,4533,13553,18919,9008,18014,16899,16070,10927,1630,10958,13862,15617,20099,18880,10873,18800,19204,13211,11189,30106,21463,19818,19198,2383,16185,9200,17261,16686,9142,21029,24550,19552,13646,13536,25083,4887,20241,17227,8379,22865,2556,27017,10741,17980,14863,9234,18527,20927,11041,9586,23343,19383,24115,8554,9082,19169,8388,11388,9055,25038,7624,20446,9159,22665,4391,1951,11232,8142,10085,10279,13186,10815,19324,10405,5558,1662,18188,19829,9840,8097,8983,2347,13844,19670,8708,16032,11023,7319,16033,7291,21777,15878,969,16170,11172,10854,11575,19084,4760,21904,19829,0,7621,8000,22040,2981,20216,17844,19382,6054,23273,24525,1864,5935,13820,7538,17575,11039,236,11612,25241,9152,22770,7379,11047,18180,18851,19743,4627,13519,8615,22634,9023,13041,23162,10044,11192,4106,6593,13580,22467,7163,2339,24516,8974,36293,1273,17847,5394,8975,7090,11340,19758,7367,15953,1909,5384,7393,5636,11143,20543,8377,20696,19114,24635,18180,13678,17812,18604,11263,5421,10678,15873,10310,15225,11306,20533,280,19531,21617,11481,10055,11180,11293,646,9553
21959,9130,15854,14761,9621,18297,5154,11293,15588,5173,10349,4973,6426,10977,6896,11191,16230,15643,9666,16174,6896,9363,4838,16679,14346,17186,6978,12553,35869,9089,11062,8349,22001,16524,2889,14799,9081,8469,11177,14776,2142,11882,17275,10674,9976,10667,18846,11098,10817,9104,15489,6580,35568,15706,17607,19789,10912,6213,6768,10582,6528,6793,7887,7971,5590,14448,23136,9919,10257,10298,8193,1977,8533,4818,6759,6169,10857,10263,4733,10414,10647,6250,5049,21033,15158,16143,10799,11132,7310,12908,10124,10701,12850,11308,18361,10486,9754,6433,16847,5314,10499,11042,11812,20255,11598,16543,14449,14986,12073,10145,10251,18498,16181,636,14881,9372,17091,11988,9823,8200,2248,5033,2915,18520,11057,10626,1371,18423,4403,8372,11923,2086,2297,12574,6163,13809,15784,10008,5258,10327,10832,10008,13273,1957,1454,10914,6741,8742,12416,8139,7123,11027,6393,1368,16043,8645,9634,8546,14880,15489,3788,10669,5384,15142,10059,9009,0,1102,16243,12059,10493,8771,19443,10318,11409,18232,7874,10200,6717,10532,8080,15674,8885,11521,16325,10677,16095,1240,9133,10328,21073,9754,5684,6416,2395,18234,12731,6080,14681,13753,14900,5302,10708,16190,18168,10596,11381,16527,9266,24856,8290,13438,3262,12408,10523,15452,9133,10800,8080,10574,3191,2738,9901,11809,10520,2303,11355,10100,18321,13852,6575,8545,10580,6993,9494,4538,10192,4170,14845,7036,17159,9285,16938,14740,13438,13763,11846,7023,9232,1352
19130,7808,15110,16385,10002,15899,3832,11674,12530,3851,9286,3651,5104,8300,5574,11572,17066,12585,7583,15283,5574,8662,4227,15944,13699,14866,5656,11231,31728,7982,8969,9535,21678,14317,4075,13501,8380,6843,9084,12158,3328,10560,14973,9972,8654,9054,18021,9005,9831,6899,12255,5303,31455,15027,16116,17274,8331,5602,5446,10963,5206,5471,6565,6649,4978,15538,20673,8597,8683,9597,6566,1526,6707,3496,5437,4847,9872,9562,3411,9428,9946,4928,3728,20488,14317,16971,9813,11513,5988,12676,8031,11887,12618,9695,17553,8392,8432,5111,16273,4703,9435,10341,9032,17706,11979,17445,11619,14563,8926,8823,11437,17822,12914,868,15475,10558,14666,8839,8501,9386,926,3711,1593,16227,8380,9640,2557,17768,3792,6547,10601,1711,3484,11252,4841,14190,16588,8686,4647,10708,9846,8945,11047,635,1112,11295,5419,9929,12184,6512,5801,10795,5071,691,15296,6705,10015,6919,12050,12432,4974,9683,4773,11764,8716,9390,680,0,17076,12440,8880,9957,21072,10699,12596,15831,8255,10581,5395,10913,6453,12616,9266,10200,14133,9355,13764,780,7811,7807,20769,8768,5072,5094,1153,17390,12499,4758,13840,11673,12070,4691,10504,15822,15724,7931,11762,15817,9599,24177,6701,14551,2651,9866,7859,12218,10714,8122,6454,10955,2580,1010,10282,10487,9534,983,10148,7974,17546,14174,5253,9731,9594,5671,9875,3216,9490,2848,15982,5714,14758,9666,16090,14130,13733,11684,10770,5701,9613,2539
3942,10933,910,17703,22990,16089,13959,21477,8514,15149,18065,13778,12967,10373,12479,21438,1359,9759,18990,11020,12479,10445,16736,15072,16449,1416,13946,6696,22645,17382,17520,18269,13524,17701,19174,10155,9576,14807,16009,7846,18595,7862,15679,9203,9924,16334,14796,15904,18554,10844,8239,11658,24666,17973,20885,19271,9379,14601,13051,15367,12946,12954,11053,11138,16600,9622,13644,9866,16266,10784,16033,16794,18726,15307,12845,12829,18566,9794,13956,16819,9375,13440,13854,22605,6264,1470,18786,21452,13970,8746,16169,21991,8778,16374,15127,16215,10823,13016,19467,14695,17842,9572,9548,3554,23909,15682,8000,3904,9367,10094,21284,3457,9567,16277,6463,18667,6184,10109,9838,18006,16241,14224,14559,21363,10508,18239,19694,3571,16326,20582,6978,16272,20720,7088,15282,11088,1162,8819,14922,21379,18522,18227,8109,15158,16007,20476,12827,19777,9314,16082,13666,10673,13053,15760,872,14423,22964,14632,8034,8416,18833,16878,14757,17963,18127,19997,17903,15493,0,21890,14007,19758,14103,17002,19351,17405,18588,15200,12817,15306,14457,9555,19896,7939,17530,9224,5613,17541,11184,15311,15408,16820,16455,13034,14540,3843,8949,13369,6585,8327,8054,19055,13924,12229,510,10010,21694,15834,9304,22352,18970,4079,17683,8392,10477,8202,20282,10370,15986,21705,15996,16062,16647,7185,16560,16139,16218,16135,16099,4165,12725,18488,18175,13734,16429,16705,8581,13685,12139,13691,3183,22352,1530,19821,9250,8337,7147,13704,22203,15850
28862,13744,21425,15820,3122,30540,15350,780,15121,14234,21584,15438,15092,10215,16848,870,24010,15191,5167,27465,16848,18103,7215,27612,28274,20861,16758,15853,46578,19908,23653,22922,17499,26216,13275,16010,20446,19513,21703,15243,12528,16375,26795,22666,12223,24356,30790,23618,23475,19306,14905,14751,41983,29663,17054,29145,16806,8226,15437,10746,16572,16142,14913,13596,7691,14211,18712,12166,21211,21780,19234,13526,4341,16182,16790,17264,21442,21919,16843,24250,22253,16249,15431,33649,26533,21691,22401,619,19547,11871,20460,21831,11813,22228,27603,20937,15954,15201,31163,8045,21557,22085,11050,24424,1083,30411,13598,18042,17436,12392,22005,24639,13712,12184,23792,22921,27006,11225,12241,20611,13462,17230,13682,31112,10295,21749,11757,21908,7867,4661,15604,10741,12684,15037,14611,13973,23337,15164,9033,2630,21394,23358,12511,13172,11581,1357,15224,23217,11379,21158,14853,9989,17650,12167,23858,20983,3135,21312,14892,14784,14174,22285,7918,27621,23356,3263,13902,13373,24126,0,21467,21062,17542,8725,26820,27609,4139,8606,16822,10696,19107,14998,3349,16388,26027,12310,23213,12039,16880,19679,20480,23278,7785,15226,13943,22485,11694,14295,23641,12715,14884,7581,9264,14149,22310,9834,1254,27602,12133,39715,3983,19773,8869,11646,9761,14896,21145,10038,19115,2877,8859,13674,8307,15426,24068,13451,21968,22640,30563,20049,15439,21030,21801,15202,8092,16665,18448,14231,15863,15167,25103,3411,21565,24817,15326,12726,13995,15192,2554,12152
15751,12981,15283,22615,19030,5582,6558,20711,18658,7936,2642,6378,8011,15500,10645,20655,14112,16867,18222,5320,10645,9361,14528,6439,3751,15521,8058,15925,23041,4275,3184,4855,24147,4397,12158,20095,8486,2652,1925,18384,11411,16619,5155,6747,15281,1350,6897,1725,2946,9010,16982,10643,25105,5289,23994,6987,10439,14659,7256,19105,8113,8060,9535,9620,14442,18653,27355,15223,2567,7772,2923,8600,16662,7582,11012,4408,2987,8128,6932,2493,7606,9014,6454,9647,7393,15503,2717,20816,5381,15145,3261,9959,15178,1093,6156,2616,12754,8018,6450,15448,2594,7116,14769,17513,22907,5926,17475,13975,10428,15449,9067,19307,17508,10398,6836,5878,7829,15466,14560,4530,8841,6971,8080,6327,14272,2824,10640,19682,13887,18108,14282,10602,11566,14627,7667,19706,15482,14745,14147,21410,2961,2932,14773,8929,10003,21976,10994,4183,15162,3509,11639,18505,4093,9582,13940,3507,21060,3089,16724,17118,14082,2587,14118,3309,2693,18342,10129,9123,15438,23660,0,4155,25717,17597,5125,5585,17226,17483,10984,19022,3449,17448,18288,16040,4110,15414,7947,9671,12384,3038,25043,3175,15704,8000,8676,15236,16547,8843,6787,16789,18462,14900,17110,19024,15354,16846,20698,5539,16147,14593,18604,15252,11541,15580,15182,16932,4667,15997,3450,21633,11471,9900,18697,14173,2609,9167,1917,3205,5597,15666,10892,5051,2669,8074,18336,6500,9700,7682,21001,8116,10317,20333,12635,5079,17542,15244,14227,8103,18568,10621
19983,11158,17735,26187,20273,8837,6463,22332,21348,8075,1822,6282,8349,15734,8647,20207,18014,21296,18308,9330,8647,9477,15881,9694,7006,17865,8396,18802,29095,2756,2516,421,26775,7653,9884,20487,9196,2965,2441,19148,9137,15702,8410,10758,14991,3854,10152,2551,2289,9219,19382,10070,28819,8544,27637,10142,11027,15315,7594,20488,8450,8397,9873,9957,16433,23281,30390,16481,1729,10413,3900,8739,16241,7720,8681,4746,2330,10378,6836,1886,10762,8365,6359,10759,11403,19793,2271,22485,5887,17226,1578,5053,19075,4458,9411,1939,10931,8355,7562,16038,1971,11126,15249,23451,20280,9181,18290,17320,12188,16781,4511,21304,19804,9817,10846,844,11840,15096,14244,568,8899,7029,8138,7439,15939,2098,9549,21570,13809,15977,18563,10293,9292,17074,8005,21703,19700,16350,16115,20613,2304,1481,16945,8987,10061,21651,8663,28,18940,3846,8474,18213,4430,9640,17833,3820,20387,3401,19128,19494,10994,2141,14646,6952,1531,19667,10187,9181,17927,23214,4010,0,26037,20335,3373,8840,16974,18386,8639,18518,3787,21881,17813,17196,7365,16524,11957,9729,10561,2290,30592,1227,14734,8338,8734,19644,17134,8361,10797,19269,21109,16141,18336,23658,19734,16822,22235,8794,14866,17957,18095,18924,11790,16223,16637,19333,500,16071,3787,18841,11364,9959,17811,16696,1992,9226,2827,2265,8852,19372,8497,636,2052,8411,17492,6558,10306,7740,21538,8454,15662,19703,16734,4907,22044,19279,16750,8441,19917,10039
17348,13465,12748,10689,20089,27395,18772,19410,6322,19081,27730,20571,18270,11942,16242,17602,12738,6378,15398,22595,16242,19836,18276,29297,26932,12540,17673,8762,34878,26339,24738,26160,1115,26854,22481,5225,19843,22973,24934,6716,21553,9928,29509,20843,10246,24235,29170,24729,25352,17129,6236,14258,34622,27290,11923,31876,15104,15350,18411,9946,18227,17382,13956,15184,14650,4062,1242,10189,24894,18894,22630,21544,17306,17907,18206,20233,25427,17957,20636,25666,18208,18088,20671,36606,19169,12590,26010,19258,19886,9167,26963,31213,8104,24321,29340,24727,12768,18389,33203,16120,24998,20440,12159,9849,17875,27045,7119,11988,16869,10417,30757,9912,5705,21828,20947,25191,21568,12334,10161,28526,20541,20659,21375,30047,12024,27942,20679,9776,18336,17444,9044,18666,21676,8188,18045,8744,12282,10552,14761,18649,27968,27648,8530,20885,20995,18526,18178,28713,11256,24959,15642,10225,20572,18960,12710,22433,19972,22749,6571,5962,21959,25837,14602,26589,27573,17585,21430,19119,12480,19334,23333,28697,0,12438,31425,27135,18296,12335,18066,9897,22496,6176,19274,10005,26667,9651,19980,21063,14932,23438,1552,25258,16177,18395,18636,13268,8275,17807,19018,8118,6590,18688,11347,4438,12990,12006,17957,27165,9731,38061,19232,11976,17476,8813,11876,6199,26419,11886,22536,20895,17389,21169,12370,9250,27995,20238,25209,26979,30209,11598,18313,29128,25332,17652,11784,18682,15731,20912,3868,17584,17035,17902,13315,27727,6025,8128,9213,15975,17593,20759
19734,8656,14961,7289,6707,25849,12583,8359,6743,12595,18402,12402,13848,4257,14318,8185,16876,6798,4660,21946,14318,17298,5450,23124,21837,14372,14407,6739,36556,16773,20000,18344,12184,22205,11832,7611,14953,16117,20265,6896,11086,7906,24899,15443,5743,18378,23329,19973,18299,17039,6644,7900,36279,25182,8523,27534,10972,3597,13937,2870,13950,14215,7936,8138,3762,10128,13387,5742,19890,14801,17399,12083,5618,12240,14181,14802,20304,16120,12162,18886,16468,13672,12478,30253,20257,15219,19289,8126,15014,4990,17376,18869,4932,18500,23130,19616,9493,13855,24792,4115,18317,16440,5365,17180,8592,23256,6531,10018,11607,5877,18730,15782,6831,10741,18108,17907,18825,5540,6561,18102,12337,12461,13542,27259,4337,20489,10314,15341,6102,5458,7022,9298,11241,6069,13585,5731,14693,7255,5162,7413,18369,18116,6199,12046,10138,7908,14163,18459,4498,15767,14545,3109,13841,10724,15182,17163,6720,17529,6789,6644,12731,19142,3988,21302,19933,6095,11570,11930,15426,9053,19394,18450,12005,0,23780,25677,4960,269,14139,2821,15644,6829,5971,7983,24255,6051,17432,10596,9854,18103,14711,18143,3855,13838,12501,16049,4813,13502,17984,5834,6808,5445,2383,9785,17482,3477,8375,25681,5677,31698,5376,10005,7105,5527,3347,6607,18675,4079,17267,7659,7095,11342,799,7228,18667,12392,20583,17434,25871,9628,13997,18609,20517,14422,868,11967,18127,13144,9933,14465,16576,6371,15192,23772,7271,5845,7191,14452,6317,10709
22909,15266,19228,26839,23878,6712,9192,25938,21961,10804,3252,9011,11078,18619,11376,25877,19462,21907,19848,10395,11376,12206,19461,7569,4882,19463,11125,19552,27103,5485,3486,3323,32287,5528,12138,25540,11924,5694,3360,21726,11391,18133,6286,11822,17779,4811,8027,3522,3208,11948,24241,16150,26842,6419,28173,7836,13462,18463,10323,21619,11179,11126,14875,16554,19936,26130,30022,19553,3593,12846,6629,13412,19510,10449,11410,7475,3249,13203,9189,3324,12681,11881,9087,8453,13402,21403,2607,23672,8616,19968,4306,6903,20030,5516,7287,4668,15499,11084,5256,17715,3309,12191,19912,25230,23552,7057,23013,19336,14728,19821,6361,25230,24763,12070,14650,4271,13385,17899,16956,3461,13604,9758,10867,5133,20751,3017,13283,25618,18794,21213,19360,14123,11546,19650,10734,24857,21403,17415,19615,24216,3223,4908,21654,13313,12395,25253,11392,3452,21988,6575,11203,21194,7159,12309,19293,6548,21769,6130,21737,22118,13248,2737,17812,4144,4111,21116,13859,11924,21328,24334,5075,3443,28512,21575,0,6715,22304,21501,11368,23748,6516,22465,21084,19874,6274,19557,13803,12181,16496,5019,30229,4654,17908,11067,11463,19132,21888,11711,11862,20154,21763,19733,23556,24066,21218,21778,23446,6669,17633,13550,19688,19196,17132,20892,21600,24186,3396,20937,6516,24366,15604,13631,20934,21197,2911,13659,3746,4994,6728,19579,11226,2961,2971,11140,22718,9287,13035,10469,24118,11183,16750,23309,18138,2100,24895,22224,19286,11170,23523,13330
15836,15529,15837,28030,27813,540,11770,26869,23518,14855,7101,11589,12225,21331,11737,29553,17577,23435,24894,4223,11737,10453,22776,986,2362,16293,13005,20717,19294,8734,7326,9637,30895,1848,17316,22795,9577,7864,6604,21069,19369,19097,999,7839,18213,5381,1422,6471,7048,10102,23625,15318,19023,1436,32433,1948,11531,22626,12309,22798,12204,15021,15379,15438,20395,22945,31412,18173,7026,8863,8135,16384,22843,12793,12104,9620,7088,9219,12144,6547,8698,14649,11666,7043,8245,15938,6380,26965,10986,20029,8328,15360,20015,5123,682,7075,16127,12275,3846,21992,7053,8207,18584,21485,29707,454,22403,17224,11519,18287,12675,19429,24310,16114,9147,10585,7767,18380,17201,8989,15361,12036,15503,3723,21552,6856,17516,19960,22069,24929,18703,17581,17760,19159,14783,22894,17778,17159,22160,28262,7063,7392,21591,17149,16697,26065,12086,8285,22155,8720,13535,24417,9305,18120,15822,8719,25308,8301,21186,21593,19215,6251,22106,3602,7152,27031,16542,17449,15792,30430,6797,8257,29907,23297,6698,0,25751,23158,12076,25044,8661,21874,26967,17233,1847,19891,9544,16477,14535,8269,28777,7634,20200,12292,15084,16906,19867,15152,7873,19943,21214,23215,24909,25719,17117,20621,26872,46,18002,8451,23066,17125,20585,21018,22685,23574,9710,21898,8662,28494,20619,18268,25000,20551,6751,15592,6645,8243,556,17409,11983,9275,6811,12794,24643,11712,10791,14780,23313,12751,13082,27163,16154,4844,21900,19956,18696,12764,27278,16736
22819,9081,19982,11063,2491,25861,13051,4049,9798,13069,19181,12870,12696,6390,13165,3847,20394,9854,2290,22853,13280,13936,2585,23370,21422,19428,10280,9795,42115,17331,17263,16740,16790,24220,9958,11254,14398,16861,17506,9914,9211,10971,24854,18103,7604,19691,23700,17232,17143,14757,10011,8355,37934,22671,12297,27445,11397,4101,12899,5989,12797,9840,8391,8594,3566,13902,19816,7602,18771,17187,16547,10208,1518,12714,13143,14066,17284,17400,12630,19654,16084,12492,12946,29095,20087,20290,20097,4106,14870,8046,17951,16188,7988,17995,25748,16759,11842,12817,26538,3920,19143,17527,7225,21368,4082,23347,9483,14921,14851,8267,16241,21565,9887,8867,19804,18357,20506,7400,8115,18230,10145,13145,10812,24030,6470,19368,8439,19217,4167,1839,10078,7423,9366,9125,12467,9216,19749,9438,5333,3197,17235,17025,8686,9854,8263,5537,13125,16978,7554,16508,10056,6164,14775,8850,20223,16329,2504,16662,9807,9700,10856,19964,3793,20831,17019,1879,6467,9690,20487,6682,18985,18708,16600,4899,20237,23364,0,4781,12986,5940,14885,9884,1756,10645,24011,8185,21241,8721,10080,17061,19764,18700,3660,12800,10626,19123,7869,12322,19642,8890,10037,3881,5439,13559,18973,6009,3752,25742,8007,35036,1161,14799,4240,7821,5936,9663,17087,6213,14894,3444,4230,6238,4482,9989,19463,10134,17775,16365,23484,16650,12959,16982,19421,10296,4267,12435,15966,12067,13708,10339,21070,2155,18115,20641,10190,8901,10026,10326,2102,8834
21501,8553,16240,7186,6588,25699,12480,8240,6640,12492,20186,12299,13745,4125,14215,8067,15085,6695,4541,21764,14215,17195,5332,25326,21720,15589,14304,6636,36357,18396,18054,18286,12081,22079,11714,7508,14781,17663,20163,6793,10967,7803,22457,16838,5352,20136,23179,19872,18219,16936,6541,7781,36080,22719,8420,24847,10869,3478,13834,2767,13847,14112,7817,7806,3643,10025,13144,5639,17961,16140,17297,11964,5500,12137,14078,13327,18342,14455,12059,20721,14771,13569,12375,27355,20044,14993,19203,8007,13506,4887,19061,20795,4829,18391,22985,19523,9390,13752,24685,3997,20090,16258,5262,15358,8474,23116,6428,9915,11504,5774,20631,15552,6728,10623,19745,17833,20535,5148,6457,18043,11901,12358,13439,27141,4218,18504,10183,15112,5984,5339,6919,9179,11122,5966,13482,5628,15944,7152,5044,7294,20157,18034,6096,11610,10020,7789,14060,20274,4395,17277,9482,3005,13738,10606,16484,17060,6601,15812,6686,6541,12600,19055,3870,23352,18003,5976,11467,11811,16752,8934,19269,20265,11902,269,23697,25524,4841,0,14036,2717,17140,6725,5853,7880,21881,5948,17236,10478,9751,16339,13190,18065,3737,13735,12382,17440,4710,13399,19610,5731,6705,5326,2280,9682,15636,3374,8257,23163,5574,31553,5258,9902,6545,5490,3244,6504,20518,3961,15574,7541,6976,11238,645,7125,20479,11877,20481,19124,25720,9525,13894,18552,20421,14319,749,11864,18024,13041,9830,14362,18032,6252,14969,23668,7031,5742,7088,14349,6199,10577
13673,3576,11251,15215,14619,12872,2352,14598,9184,2295,8121,2171,375,5914,419,14546,11244,9239,14208,7922,419,3415,8937,14410,11042,13408,747,7885,29888,7095,7804,8610,18880,11688,9602,10155,2989,5678,7919,9010,8855,7214,12446,4581,4696,7889,13440,7840,8666,1985,8909,2714,29583,12579,18301,16084,3242,10832,646,12696,354,1041,2517,2601,11747,10785,17929,4638,7519,4219,5401,5103,13634,1993,178,3682,8707,4171,2228,8263,4555,1527,2248,19356,8517,13458,8648,14658,3657,7445,6866,13767,7477,8530,14106,7228,3367,386,14694,8940,8271,4949,5074,15140,14731,14196,8273,11217,3639,4864,12823,15425,9568,6947,7627,9686,8729,4881,5155,8338,5076,2156,4315,14627,6333,8475,7611,15618,8030,13002,7255,6596,8538,7906,1382,8458,13150,5340,7093,13742,8681,7695,7701,5164,6238,13693,160,8178,7190,5348,1273,12850,3906,5817,11403,5540,14660,5755,8704,9086,10028,8518,11974,10599,7551,13639,6364,5358,11249,15263,7716,8150,16391,13651,10896,12875,12503,13548,0,12647,5289,9270,13515,6635,11400,6045,8350,5906,2979,6642,18110,7604,11841,368,4911,10920,7647,1457,7578,8327,8724,8929,12559,11661,11136,6710,16175,12829,6742,21289,12920,11205,6888,6520,6950,8871,8662,6558,5289,15445,6818,6135,13583,7141,8369,5402,9204,6809,13291,10828,320,8807,8429,732,12996,2773,4051,3917,10979,689,8685,13915,11003,12430,10413,8338,7424,702,13861,7468
20051,7601,14796,5647,7271,22898,11527,8923,5142,11539,20155,11346,12793,3562,13262,8749,13765,5197,5224,19101,13262,16243,5925,22486,23648,10538,13351,5684,35371,16706,17992,18462,10541,23972,12026,5837,15961,15977,20090,5535,11280,6850,22063,16139,4688,19927,22645,19806,18245,15984,5043,8072,35095,24652,6881,26943,9916,4039,12882,49,12894,13159,6651,6854,4313,8486,11961,4687,19778,15525,15636,12277,6571,11184,13125,12542,18361,15185,11106,18784,15533,12616,11423,27255,19042,15071,19181,8690,14643,3935,19082,21387,3876,18197,24796,17708,8438,12799,26995,4667,18185,15569,4309,15313,9156,24989,5927,8962,10551,4821,19190,14091,5230,10935,18751,19726,17726,4484,5505,18208,11282,11406,12487,24428,3642,18479,10508,15027,6577,6332,5966,9492,11435,5014,12529,3799,17075,6199,5335,7977,18307,18041,5143,10991,10332,8472,13107,18527,3443,15624,8316,2053,13613,10185,13644,15420,7284,15757,5378,5044,12925,20970,4540,23087,18002,6659,10514,10893,13887,9617,17259,20410,10363,2457,21547,22722,5524,2354,13083,0,17075,5228,6535,6927,23753,4996,17961,10790,8799,16326,11651,19949,4407,12782,11508,16015,3758,12446,18630,4779,5398,5996,1026,8143,14335,2422,8939,22730,4622,34229,5940,8950,7216,4538,2291,5006,18782,3384,17105,8223,10503,10286,2389,6173,20447,11337,20410,19136,25258,8572,12941,18732,18496,13367,1803,10911,17071,12089,8291,13410,16771,6935,13726,21383,9388,4790,6135,13397,6881,10903
18531,8562,14240,22948,16606,7679,3983,18337,17499,5250,2928,3802,5752,13932,6051,20149,16019,15825,14283,7842,6051,7473,10579,8536,5848,14333,5799,13516,28151,2417,2611,3417,23252,6494,10231,18797,7191,485,2726,17246,9484,11272,7252,9269,9455,2695,8993,2646,3473,6450,15901,7473,25277,7385,22175,9083,8489,12059,4998,17156,5854,5801,7276,7361,12974,17629,26478,9398,2325,10294,109,6330,15733,4794,6085,2096,3513,8373,3981,3070,10128,5769,3879,11858,9915,15953,3455,18451,3269,15249,1672,8573,15321,3337,8253,2034,8334,5759,8661,13328,3077,9638,9833,17726,18397,8023,16306,15106,10183,9624,7629,17762,16356,8174,9358,4286,10351,9640,9212,3144,6303,4671,5542,8538,14012,3281,8713,19842,10144,15467,13309,8064,9639,14956,5409,18096,14359,9398,10999,18720,3488,2587,14903,6391,7465,17601,6067,2984,13814,154,5878,15104,1780,7043,15816,287,16690,414,15645,17657,11802,3325,13201,5406,2358,15946,7590,6585,15935,21059,2522,2956,24794,17242,5702,7682,16405,15551,6042,15492,0,18044,15897,11621,6207,10103,10469,7132,7964,1449,26690,2410,13068,5742,6138,14403,15131,5765,9309,14037,15670,11043,16892,19817,14467,13650,20176,7636,10400,18806,15963,14939,9003,10577,14880,17471,3468,13755,35,17175,8932,7362,15004,11198,3176,6629,4011,1616,7694,13962,5901,3613,3236,5815,16177,3961,8302,5144,19884,5858,12936,17674,14639,7237,18192,14047,11236,5845,16173,8694
15208,6644,8316,9785,14852,22107,11681,14793,690,10685,19099,11500,8662,5207,9535,14765,8184,633,14301,17601,9535,11596,14661,21435,21289,7505,9267,2703,35407,17754,18701,21983,5937,21335,17937,1184,11169,16857,18909,971,16941,3870,21395,13487,4937,18343,21428,20599,21208,10165,927,7498,31854,21842,11019,26083,8959,7680,10546,5406,8683,7887,6670,6848,8595,1237,7357,4880,18812,14634,18197,13490,15307,10579,9901,14068,19326,11601,11557,21612,11984,9607,11576,27489,14788,8036,22010,14698,13801,2885,18335,24238,2706,18439,21464,20531,6831,10073,26975,8636,20885,13130,4660,9714,13674,24025,1810,5930,9594,5108,23789,9777,1259,13530,16056,19041,15229,5122,4852,19669,12481,11485,12702,26892,5289,19293,15978,9641,10554,15068,2986,18228,15508,2879,9520,2963,7968,5243,8648,13962,19273,18985,3221,18253,17174,17549,9883,21895,3203,18207,8104,4182,15900,17447,8398,16306,14769,18329,1158,913,17375,21821,8822,23021,18923,15736,17777,13745,8213,13607,19230,19852,5758,7128,24760,24109,14601,7025,9873,5356,16372,0,15612,3946,21141,4342,13730,17535,7192,17305,7046,21091,8689,10090,12290,10347,2876,9243,16005,2529,1178,10278,6210,2483,8723,4606,13718,24133,4422,32801,15300,5917,10800,3504,5001,890,20216,5151,16410,14294,10729,17549,11466,3192,21324,12757,21153,18356,24383,5540,9781,20215,21252,9282,10880,11770,10253,12304,1660,9012,10626,16012,8973,24062,305,2560,3155,9025,15958,19639
24133,9924,21423,12538,1042,24558,11170,2420,10829,11189,18346,10989,13291,7420,13760,2273,21834,10884,3328,24189,13760,16717,3616,27003,24746,18930,11124,10825,39480,16672,20092,17550,17622,25389,10553,12728,15637,16295,18472,10944,9806,11815,26054,19474,8941,18899,24847,18198,19899,16138,10730,9198,39203,26162,13772,28629,15586,4944,13380,7464,13392,10683,9234,9437,4409,14823,18823,8884,19809,18542,17658,10803,1623,10834,13623,14111,18198,18791,10749,18760,19115,13087,11066,30068,23562,21730,19158,2259,14622,9076,17220,16685,9018,20973,24489,17698,14935,13297,25041,4763,20194,18901,8255,22749,2432,24454,10617,16210,14775,9110,16804,20822,10917,9462,21094,19342,24021,8430,8959,19136,8264,11264,8931,27549,7500,20401,9035,22549,4268,1944,11108,8018,9961,10155,13000,10691,19222,10281,5434,1748,18150,19785,9716,7973,8859,2223,13605,17816,8584,17616,10899,7195,15970,7167,21665,15829,1055,16122,10837,10730,11451,20990,4636,21855,19784,233,7497,7876,21928,2857,20156,19633,17487,5930,23238,24467,1740,5811,13581,7414,17521,10915,0,11488,22848,9028,22673,9317,10923,18131,20671,19701,4503,13280,8491,22523,8899,12917,20930,9921,10856,3982,6469,13477,22356,7039,2215,24457,8851,32873,1265,17733,5270,8851,6966,10693,17898,7243,17529,1995,5260,7269,5513,10719,20498,8320,20649,19069,24578,18066,13439,17784,18562,11139,5297,10554,15785,10186,15111,11182,22525,397,19432,23782,11220,9931,10757,11169,683,9429
13168,3771,8356,10625,13843,19246,8608,15919,4420,7812,14679,8427,6687,4020,6462,14404,8225,4475,10144,13507,6462,8587,9048,16809,16658,7545,6287,2116,31295,13440,14258,15754,10032,18393,13640,5391,8096,11611,14455,3762,14608,279,16746,9688,2801,15203,16823,14249,16400,7092,4145,5236,28119,18949,11859,20966,5886,6834,7473,6981,6708,5871,4485,3976,7949,5537,11096,2744,15888,9326,11335,10617,10405,7706,6828,9615,14952,8527,8483,16737,8911,6735,8503,25220,13300,8076,15530,15894,9579,4095,13999,18322,4127,15303,18556,14252,3314,6999,19848,7606,14518,10057,3179,11180,16154,17158,3509,5970,6521,2972,17809,10562,4804,12462,12972,14734,13996,2986,2716,15474,9608,8412,9829,21792,4438,14872,13884,10676,9524,10166,2008,13326,14763,2348,6648,6266,8008,1697,7618,15831,14900,16103,3109,10678,11752,14815,6810,15616,4492,11281,6007,5848,9840,11331,8438,11473,15226,11688,3940,4322,16253,15357,7675,17930,14541,11465,11878,10873,8253,14869,13649,15602,9854,7904,18032,18993,10330,7801,6800,6932,11222,4506,11341,0,18180,3312,12729,11420,3675,12575,11142,14789,8043,6943,9417,10387,4298,6371,12923,3563,3959,9422,6813,6897,8763,5189,14657,19017,3392,27765,10399,5957,9769,3170,5137,4107,17633,4664,11222,14691,9699,11650,7296,1893,16444,9884,16236,14010,19264,5580,6708,17654,14852,6076,7250,8898,7179,9431,6214,6033,11814,13273,9013,17288,5165,3574,1931,6046,11687,12869
16482,15956,17515,26895,25996,1810,10401,27853,20608,11779,5732,10220,11854,20114,13328,25216,16048,20538,21076,5813,13328,12043,19086,2555,1795,17940,11901,18071,19522,7365,5956,7945,30350,158,15416,24263,11168,6495,5235,22424,17323,18288,1068,9430,18920,4012,3013,5102,5678,11692,22803,14162,21243,1453,31175,3151,13121,21092,11099,21627,11955,11902,14264,14345,20888,24546,28084,18876,5657,10454,6766,12443,21222,11424,12186,8251,5719,10810,10398,5178,10288,12856,10297,6476,9238,17663,5011,27968,9617,19102,6959,12650,21059,3754,2272,5706,13862,11860,3279,20412,5684,9798,17522,19597,27933,2042,19566,16875,13110,19039,12108,19554,23450,15831,9513,8968,8760,19094,17838,7620,13712,11052,11923,3156,18455,5908,17309,20029,20330,23133,19783,15891,17523,18366,11510,21927,16153,17935,20565,26427,5694,6022,20596,13880,16522,27000,12168,6916,21109,7351,11979,21028,7935,16251,15905,7349,26082,6931,20435,22968,17148,4881,18623,2226,5783,22901,14811,15577,15905,28686,5428,6887,29392,22006,6131,1706,21785,24116,12144,21551,7292,23301,25182,16495,0,17031,10538,16279,13641,6899,28342,6264,20674,11843,13441,15530,20887,12686,9464,21036,22553,21448,21415,22656,15698,21494,27838,1660,16968,9959,21438,18474,18798,18116,21419,22750,9143,18738,7292,24175,17092,14859,23565,19697,5381,13960,5275,6874,1825,17081,12002,8708,5441,11916,23205,10342,12403,11525,24968,11959,14076,23006,14724,4277,21194,21049,19755,11946,25490,16582
13981,3082,8974,8777,9547,20107,6319,11838,4028,5612,15858,6138,4565,1853,5973,11687,8842,4083,7906,14234,5973,8034,6899,19560,18782,8163,4231,3309,33603,11299,15457,15052,9641,18989,11136,4999,7607,9645,15700,3656,10389,3049,17446,9200,1072,13849,17861,14008,15950,6604,3753,3328,30212,17806,10011,21827,5398,4749,5357,5245,4586,3790,2341,2544,4810,5575,10704,1015,14080,8838,9368,8417,8055,5506,4841,7649,14566,8039,6195,16421,8423,4535,6214,23076,12812,8694,16836,11677,7624,2416,13548,18738,2448,13956,19578,13877,3919,4726,20169,4466,15711,9568,1612,11798,12094,19827,3117,6587,6033,1243,16591,11179,4412,9224,12483,14225,13508,1257,1021,14779,8390,6123,7629,22153,2271,16074,9665,11294,6464,7895,3090,7960,10544,2440,4448,4397,8626,1681,4479,10253,15995,15683,2673,8478,8292,11409,4823,16537,3128,9314,4006,4000,7873,8310,9056,9507,9560,9721,3548,3930,12034,15109,4536,18272,15622,9288,8640,8673,8871,12554,11682,14992,9462,6125,17744,18047,8153,6065,4799,5196,9255,4114,9164,2722,18770,0,12241,8398,4280,10609,10750,15819,4904,4708,8225,11005,2619,4171,12435,3172,3568,6953,5077,6505,9381,2649,11877,18060,253,26286,8049,6575,6894,1273,2889,3716,16902,2497,9255,10500,6823,8412,5707,2605,14646,8717,14533,13578,20126,6198,4735,15323,16073,4246,5301,6698,6691,7231,5823,4289,11325,9564,9631,17287,5298,3182,2642,4276,9510,10059
7531,9448,5639,21109,23699,10351,10666,24939,13470,9589,10890,10485,8254,12966,7766,24885,5632,13525,18094,5626,7766,6481,16859,8994,12042,6335,8385,11652,19128,12526,11590,14845,21013,11911,16946,14762,5606,11269,10394,12802,16657,13086,11213,4969,11747,9886,8025,10261,11482,6130,13360,9733,18851,11174,22477,10054,7111,17104,8991,18039,8447,8474,10162,10364,17325,14566,19380,11690,10816,5223,10993,12864,21060,9747,8132,9273,11523,4234,11339,11029,3815,8941,10561,18144,1516,6391,11253,24972,10414,13316,12457,19562,13348,9383,8690,10865,9220,8518,14706,15275,10843,5337,12125,10156,22792,8781,12955,8177,7100,11916,16938,8670,15494,15909,934,14127,1713,11932,11026,13239,12837,10470,12076,13257,13384,11073,17787,8785,17961,18970,11934,16642,18598,12044,9722,17133,6076,11212,17070,24248,11498,11181,13573,13408,15996,21666,8114,12631,14156,10939,8105,17147,9498,15682,5791,11131,21522,11346,12990,13534,16761,11123,15365,11600,10942,20659,14603,15171,5637,25585,9720,12603,18128,19213,15213,8924,19273,18996,8318,16296,10880,15133,20572,12507,11926,11917,0,15816,8851,12233,21698,11423,17129,8461,12672,5308,13519,8870,1056,14199,13010,17389,16249,16484,5524,14134,25080,8970,12613,18084,21337,8352,15469,12392,15697,14682,13519,14900,10880,22291,15452,14495,18662,12140,11145,13163,10454,12401,10292,8438,8226,13642,11206,8401,16652,11144,6393,11678,16395,8131,3073,20884,5391,13369,13668,14210,12103,8144,22982,15899
21617,9546,17110,14529,9592,16542,5570,11263,14018,5588,10681,5389,6842,7889,7312,11162,15901,14074,7173,16000,7312,9694,3817,18291,14325,15258,7394,14015,35682,9420,11394,8680,21640,16480,3220,15817,9412,8801,11508,14134,2474,12298,15616,11005,8335,10998,17004,11429,11148,9435,14231,6911,32102,17264,15756,17911,11244,5191,7184,10552,6944,7208,8303,8387,4568,15552,22771,8278,10588,10642,8524,2308,6297,5233,7175,6585,11189,10594,5149,10745,10978,6665,5465,21105,16445,17428,11130,11103,7726,12266,10455,11032,12208,11640,16576,10817,10170,6849,18594,4293,10830,11373,8725,18032,11569,18158,13703,13250,12404,8504,10582,20008,14107,967,16138,9703,15274,8520,8353,8531,2664,5448,3331,16825,7969,10957,1702,18076,3382,6137,12339,1301,2629,10617,6578,13779,17030,10424,4237,10298,11163,10340,10185,2373,702,10885,7157,9074,11774,8470,7538,10384,6809,128,17319,8976,9605,8877,14027,13920,4119,11000,4362,15122,10390,8980,383,861,15915,12030,10825,9102,19110,10289,11741,18160,7845,10170,7132,10503,8411,14104,8856,11937,14770,8422,14350,0,9549,10659,22863,10086,4662,6831,2726,17878,12089,6495,14444,13110,14046,4281,10094,14354,17810,7521,11352,18144,8245,24814,6291,20437,2240,9541,7449,14194,9464,7712,8411,10544,2170,155,9872,11058,10851,2719,11465,10431,16563,13505,6991,8876,10911,7409,9465,4954,10523,4586,14508,7452,16831,9256,16584,13410,14410,13121,11096,7439,9202,1684
12398,1696,10859,15055,13766,14744,5087,16265,7020,4574,10727,4906,3166,5214,2941,16214,10852,7075,9815,9986,2941,5066,8807,15642,15142,10145,2766,5237,29824,9829,10217,11023,14328,13838,11881,7991,4575,8091,10332,6362,11134,4124,15406,6168,3996,10301,15738,10252,11078,3571,6744,3161,29519,15849,16594,16308,2365,6657,3952,9144,3187,2777,2410,2612,6719,8137,16604,3938,9931,5805,7814,7838,9964,4727,3307,6095,11119,5006,4963,10676,5390,3641,4982,19911,9779,10676,11060,16287,6058,5714,9278,17058,5746,10943,15663,9640,1422,3478,16914,6375,10876,6536,4373,14748,16460,15949,6109,8570,3000,4164,16442,15033,7404,9682,9451,11892,10475,4181,3275,10750,7811,4891,7050,16840,5633,10887,10363,15226,8294,9725,4607,9347,11289,5258,3554,8492,12758,3316,6387,14277,11094,10192,5971,7899,8972,15190,3289,10590,6554,7760,2486,8074,6319,8551,11011,7953,13770,8167,6540,6921,12780,10930,6445,13321,9963,11197,9098,8093,10857,15316,10128,10562,13548,8901,14967,16020,10062,8782,3279,9095,7701,7106,11073,3811,15035,4165,9208,8640,0,9054,16826,10016,6813,3422,7645,10528,5917,3277,9402,6163,6559,8862,8438,9497,10744,6763,16429,14551,5011,25021,9958,8557,9640,4790,6756,6707,11074,5858,7701,16073,9569,8870,8483,4814,10782,8137,11395,9222,16269,8180,3187,11219,10842,2555,8077,6134,3659,6652,8814,2512,8293,11473,10611,15715,7765,6174,4777,2525,11419,10757
17552,8964,15105,23851,17128,7674,4386,18899,16811,5652,2899,4205,6155,14740,6453,20769,16965,18473,14938,7837,6453,7875,10981,8530,5843,16769,6202,14457,25591,2389,2583,3389,26664,6489,10633,19816,7593,667,2697,18278,9887,11674,7247,9264,9858,2690,8988,2618,3444,6853,18554,7875,27917,7380,25334,9078,8891,13351,5400,18075,6256,6203,7678,7763,13376,20460,24966,9800,2297,8823,938,6732,14836,5196,6487,2552,3485,8775,4383,3042,9159,6171,4281,11853,9910,16901,3426,19020,3693,14751,1644,8545,16333,3332,8248,2006,8736,6161,8656,13730,3049,9633,10235,20520,18949,8018,15730,14636,10585,10026,7601,18649,17283,8576,9353,4464,10346,10043,9614,3116,6705,5074,5944,8533,13582,3253,9115,20834,10547,14587,15705,8466,10042,14506,5811,19079,15233,9800,11402,17490,3459,2558,15919,6793,7867,18192,6469,2956,16230,1652,6280,15958,2236,7446,16763,1522,18977,1104,16578,16951,12204,3296,13603,5401,2329,16495,7992,6987,16875,21689,2517,2928,25833,16425,5674,7677,15480,18008,6445,17994,1593,19072,16450,12023,6201,10505,10464,7534,8367,0,25158,2382,13470,6144,6540,15236,16143,6167,9304,14963,18299,11446,16156,18914,15307,15999,18854,7631,10802,16667,16573,15966,9405,15143,14359,18499,3440,13752,1016,17667,9335,7764,15784,14110,3147,7031,3982,1588,7689,16413,6303,3585,3208,6217,15459,4364,8704,5546,18977,6260,13338,16570,14128,7208,19223,14973,14164,6247,16722,9097
16926,16731,13722,11593,19454,29041,22579,20622,7226,19021,26878,20379,18294,12846,19797,18706,15205,7438,18492,24212,19797,19708,19913,31092,31542,14092,17754,9666,39750,28235,29158,27879,931,28527,26549,6129,21722,24693,29373,7776,25516,10832,28431,22690,11150,25945,28081,29148,27072,20767,7140,17599,35813,28955,12827,33683,18531,15442,20306,10850,18255,17488,17269,15490,17815,5694,310,11093,26613,22690,26838,23384,18673,19618,18237,24195,27146,21642,20436,30181,21915,18128,20469,38470,22835,15165,30560,20458,21606,9187,26184,33075,9008,28689,31137,29148,16259,18403,35061,16163,29445,20228,13063,11401,20912,28686,8023,12864,17008,11321,29603,11464,6609,23636,22665,29660,23267,13238,13649,30420,22375,22550,23233,34973,12928,27070,24555,11329,20007,18825,9948,22339,25646,9092,19936,9648,13358,11455,16288,19855,29863,29543,9434,22712,20676,17954,18212,27770,12160,26854,17361,11129,24569,22699,13836,26621,19341,26968,7475,6865,25969,30369,17782,31171,26737,20777,23226,22890,13980,18582,27601,27757,1552,13347,33318,31717,17932,13239,19961,10800,24216,7079,18755,10909,31237,10555,19686,20744,15266,27728,0,26977,17856,18408,20306,14667,9179,17870,22687,9022,7494,18419,12251,5342,15888,12910,21011,31751,10635,39781,20725,12851,19045,9717,12780,7103,31013,12790,26734,22216,20895,22966,15039,10154,27118,20022,26926,28874,29054,12474,20208,31022,29814,17735,13761,22478,17416,20673,5499,19479,18669,21121,14794,29435,6929,9032,10117,17694,20769,22552
18797,10821,18340,23395,20396,7686,6126,22406,20546,7738,684,5945,8012,15189,8310,20274,16911,20490,16508,8186,8310,9140,14344,8543,5855,16792,8059,16278,28002,2419,1253,2999,26017,6502,11703,21836,8858,2628,1151,18413,10957,14889,7259,9614,15844,2703,9001,1289,1165,8882,20572,9824,25152,7393,27258,9091,10690,15041,7257,20029,8113,8060,9536,9620,16185,20393,29519,15801,592,10638,3563,8589,17941,7383,8344,4409,1206,10891,6123,762,10473,8028,6021,11088,10259,16858,1147,20459,5550,16583,2263,8103,16651,3307,8260,760,10593,8018,7891,15765,834,9982,16150,20213,20363,8030,19353,18025,11851,14590,7211,22302,21069,10200,9702,3778,10696,14490,14965,2674,8562,6931,7801,7768,15397,736,11368,20519,15130,17658,16073,10323,11112,16335,7668,19131,16790,15533,14391,20766,1180,343,17939,8650,9724,19664,8326,2402,16556,3509,8137,19563,4093,9303,16732,3482,20503,3064,20290,18783,12813,1017,15873,4619,394,17913,9849,8844,18538,21120,2866,2374,27838,19996,3394,7689,16967,19910,8302,18100,3450,19136,17875,16299,6214,14352,10813,9391,10224,1953,29734,0,15984,8001,8397,16696,18163,8024,9653,16796,20317,16115,19757,20744,16784,16320,20262,7643,15690,17287,16467,16207,11262,17163,17806,20517,2886,15558,3450,20939,11192,9621,17502,17563,868,8888,1538,1928,7701,18304,8160,3195,928,8074,17178,6221,9969,7403,22932,8117,14499,17967,17217,4929,21239,18523,15990,8104,18141,10423
21076,5421,14477,10505,6217,22404,8228,7775,8307,8247,14817,8047,6955,3992,7446,8941,14855,8363,5160,17248,7446,9766,2814,20124,18499,15435,6620,7588,38073,12378,16090,14600,15059,18953,7098,8669,9339,11185,14842,7936,6351,7311,19435,10932,4438,16505,22485,16060,14665,8335,8032,4695,34267,21630,11739,21817,7737,2201,7747,5430,6975,6180,4731,4934,396,9854,16175,4381,14454,10569,10908,5568,4725,7892,7231,9243,16306,10378,7807,15287,10762,6925,8124,26330,16377,14761,17295,7832,10384,6048,13756,16590,5989,15101,20121,15646,8182,7115,21344,260,14749,11300,4827,17628,7807,22233,7397,10867,8372,4607,14905,16161,8691,5139,17738,14244,16801,4623,4455,15834,5322,8107,5989,23464,4072,15001,5580,15876,2379,4565,7352,3875,6506,6720,6837,6788,15743,5778,1733,6923,14742,14500,6288,5031,4207,8664,7213,14742,5556,10854,6396,4432,9467,4225,16195,11101,6230,11261,7827,8209,7997,17142,264,19769,14478,5790,4555,4934,14930,9808,14249,16240,14677,5187,19738,22264,4655,5068,7189,5381,10795,8393,5666,6985,18758,4525,15541,4313,6420,12149,16201,14502,0,7098,5549,17017,5871,6560,17566,6892,7847,3278,5015,13001,15300,3624,7478,20198,4347,31570,4719,10854,2809,5643,3551,7995,16462,3815,10796,7169,2738,4327,4770,7161,15082,5378,16671,15232,20348,10477,7125,16380,15034,6636,4363,7612,9030,7244,10102,6679,15359,6066,14406,18027,9577,6903,7199,6666,6012,5975
13962,3868,11543,16929,13899,12504,1984,14550,9476,1471,7753,1803,372,6206,711,15979,11536,9531,13840,8214,711,3707,8113,14701,10673,13700,1039,8176,27213,6726,7436,8242,17422,11319,8778,10447,3280,5310,7551,9301,8031,7506,12077,4873,4988,7520,13732,7471,8298,2277,9200,3005,29689,12210,18457,15971,3534,10464,836,12328,351,1333,2808,2893,11379,11077,18230,4930,7150,4511,5033,4735,12810,1624,498,3314,8338,4462,1860,7895,4846,1819,1879,19134,8809,13750,8280,14615,3289,7736,6497,13398,7768,8162,14397,6859,3659,17,16000,8589,7902,5241,5365,15432,16178,14488,8565,14081,3930,5156,12454,15717,9860,6579,7919,9318,9020,5172,5446,7969,4708,1788,3947,15927,6625,8106,7260,14652,7678,12650,7547,6244,8186,8197,1873,8750,13442,5632,8533,15049,8313,7327,7993,4796,5869,13656,480,7809,7481,4979,1564,12481,3538,5448,11695,5172,13912,5386,8996,9377,9677,8150,8659,10231,7182,13287,5995,4990,11541,16781,7347,7781,16690,13282,10527,12507,12152,13179,456,12278,4920,9562,13163,6927,11032,6337,8642,5537,3271,6274,20289,7235,11473,0,4542,11211,7939,1749,7870,8619,9015,8577,12191,11953,11428,7002,16114,12461,7033,23384,12568,11497,6537,6812,7242,9163,8293,6850,4920,13920,6466,5767,13214,7433,8001,5034,8836,6441,12922,11119,390,8438,8061,1024,12628,2404,4342,3549,11270,981,8977,13563,11294,12062,10705,8630,7716,994,13509,7654
19991,6166,14163,16435,10808,16714,3365,12552,11033,3384,8819,3184,4638,8466,5107,12379,14536,11089,10598,13881,5107,8195,5033,16707,11740,13937,5189,9734,30793,7516,8502,10079,19222,15022,4619,12005,7913,6376,8617,10662,3872,9064,14243,9506,7247,8587,17130,8538,9364,6432,10758,4185,33638,14331,17855,16571,7486,10842,4979,12706,4739,5004,5068,5153,5785,13599,20195,7190,8217,9143,6099,831,7514,3029,4970,4380,9405,9095,2944,8961,9479,3429,3261,20011,13314,14450,9346,12319,5521,9294,7564,12431,14683,9228,15142,7926,7965,4644,17340,5509,8969,9874,7625,16832,12786,15075,10123,13067,8460,7416,11981,16942,11417,2628,13346,11102,15063,7432,7004,9930,244,3244,1126,15683,12795,9173,3101,18638,4598,7275,9105,2518,4028,9755,3342,15482,14113,7190,5453,11514,9379,8393,9551,708,1919,12101,4952,8876,14249,6046,5334,12860,4604,1497,14347,6238,10821,6453,10553,10935,6190,9216,5579,11297,8249,10197,2044,1039,16025,13246,8413,8848,20540,13661,13140,16625,9061,13558,4928,12657,5987,11119,10073,8703,14815,7895,13103,1586,6169,7340,22381,8302,5879,4627,0,14810,14564,3259,13297,10177,10573,5497,12569,13874,16269,13228,12569,15072,7347,23471,9478,13054,3457,8369,13098,10721,9360,12538,5987,11761,3386,1816,11089,8990,9067,520,9902,7507,15186,12677,4786,10275,9127,5205,10682,2749,9024,2381,14007,5248,13755,10472,15020,14674,12236,10187,9274,5235,10419,3083
3615,11045,986,18411,23585,17238,13632,22059,8626,15200,17897,13451,12641,10485,12152,22019,1409,8682,17774,10693,12152,10119,18972,16090,17751,1491,13996,6808,21912,17293,15741,18182,15682,17282,19428,10267,9250,16241,17464,7958,18878,7975,16820,9854,10036,16110,14299,17360,16702,10517,8351,12510,23858,15900,21671,17010,9052,16681,12724,14588,12620,14085,11165,11250,15576,9734,14328,9978,16129,10834,15967,15480,19236,15358,12519,12503,18414,9845,13630,18356,9426,13113,13528,24483,5938,1547,16865,24289,13643,8858,17708,24251,8923,14647,16152,16091,10936,12690,21034,16753,17671,10222,9660,3918,22271,16782,8112,3954,9041,10206,23452,3721,9679,16556,6136,16830,5857,10221,9950,19754,16549,13898,16286,20940,10620,18066,20026,3835,16787,19177,7090,18320,21035,7201,15332,11626,1233,8931,15428,21919,18372,18082,8221,17015,16321,21057,12501,19663,9426,16018,13716,13724,12727,17710,948,14372,21379,14567,8146,8528,19103,18407,16825,15979,17981,20536,16544,15778,907,24782,13824,17823,14624,17688,21086,15339,21076,15823,12491,14531,15875,8712,20435,8051,17117,9336,5664,16221,11297,16793,16165,18401,15440,12707,16324,0,9094,13043,6258,8439,8166,19582,16050,12076,217,10123,24544,16954,9416,21751,19482,4130,18133,8504,10589,8314,18302,10482,15926,24515,16406,16369,15713,7297,18073,16463,17684,17666,17247,4215,12399,20274,17997,14012,15508,16755,8254,15304,11967,13742,3234,20815,1581,17714,9362,8449,7259,13755,22801,17822
14092,5021,7591,8255,10348,20076,10058,11977,2538,9062,16498,9877,7039,3181,7912,11826,7459,2593,8301,15857,7912,9973,7931,21506,19010,6780,7644,1926,31480,16624,17772,17197,8241,21105,13393,2884,9546,14219,18011,2103,13992,3093,19309,11139,3314,15894,21581,16110,18291,8542,2201,5875,34393,19702,9489,23852,7336,5707,8923,4611,7060,6264,5047,5225,6622,4176,9305,3257,17849,10776,13870,11867,9404,8956,8278,11066,18393,9978,9934,18746,10361,7984,9953,27673,13566,7311,17382,11816,11029,443,15675,21051,475,15998,19534,15996,5406,8450,24427,6976,18031,11507,3398,10415,12233,19801,1672,5204,7971,2873,20619,9796,3013,13647,13316,16358,15449,3573,3229,16924,11840,9862,11079,22091,3316,18399,13220,9911,8583,9165,2208,12204,14147,1256,7897,3874,7243,3620,6295,11054,16635,18020,2094,12557,13044,11549,8260,17146,979,13874,6481,3660,11290,11751,7673,15057,10360,15421,1996,2440,15637,18972,6849,18567,17958,9736,12081,12460,7488,12645,15013,18884,8062,5534,19859,21896,8601,5431,8250,4562,13729,2624,9612,3169,18951,2720,12331,11839,5767,14647,9351,16479,6716,8467,11675,9622,0,7620,14582,1021,2016,8305,4443,5106,7998,2633,12016,21914,2799,27993,9398,5192,8447,1397,3028,2164,19265,3178,13764,11300,8376,11852,5466,2415,16753,12903,18328,17308,22147,4815,8158,17468,16690,7659,4880,10147,8630,10681,4423,7389,9901,10012,8248,19353,2929,1032,2378,7402,9958,13615
15870,3214,12021,14464,14584,13900,2794,15019,8117,1764,9033,2613,1366,5278,2019,13575,12014,8172,13674,8692,2019,4185,8798,14991,12181,14179,1040,6817,28093,7450,8716,9362,18581,12827,8470,9088,3759,6831,8831,7942,7724,6147,13585,5351,4060,9029,13841,8752,9578,2755,7841,2078,30658,13302,15846,17003,4534,10298,1638,12162,1387,784,2151,2236,6788,9718,19515,4003,8430,4989,6554,4569,13495,1658,1882,4480,9619,4941,2436,9175,5325,449,2689,20058,9288,14229,9560,15087,4099,6377,7778,14055,6409,9670,14994,8139,3746,1556,15391,6444,9182,5719,4438,15910,15165,15109,7206,10150,4409,4229,13605,13281,8501,6413,8397,10386,11317,4245,4087,9038,3567,2598,3781,16891,5697,9387,7945,13298,8363,13335,6188,6929,8871,6838,362,7843,13920,4273,6457,15290,9593,8692,6634,4630,5704,15876,1864,9090,6554,6501,1114,12315,4704,5283,12174,6338,14596,6908,7637,8018,10041,9430,6514,11739,8463,13972,5829,4824,12019,15756,8855,9061,16156,13116,11807,13747,12837,13013,1840,12112,6441,8203,13848,5786,12540,4978,10050,5371,3217,7795,19696,8516,6882,1539,3376,11690,6580,0,8348,7260,7656,9262,12025,10594,11907,6075,13703,13750,5005,22164,13253,10138,7221,5453,6314,7804,9574,5922,6442,15536,7151,5601,13048,6074,9281,3843,10116,7753,13919,9760,1698,9559,9341,1055,12462,2849,4821,3383,9911,1098,9455,14248,11773,13342,9346,7271,6357,1085,14194,6934
7584,9760,6523,21795,24082,9484,9524,23035,14000,9901,9102,9343,7907,13512,7419,22986,6517,13914,18498,3827,7419,6135,17174,8126,10253,8161,8698,13287,20536,10735,9801,11315,19953,11043,18623,15545,5259,9400,8605,13726,16659,14454,10217,3521,12060,8098,7157,8472,9646,5784,15586,10045,20230,10306,25537,9186,7213,17585,8390,16975,7886,7894,10474,10676,16119,16960,22352,12002,9027,4545,9671,13176,21423,10059,7786,8927,9687,4546,9400,9193,4127,8380,9420,17180,1015,8211,9465,23073,10068,13424,10009,19088,13339,7595,7822,9076,9532,7957,12845,17272,9054,3889,12437,9892,25562,7913,14591,9062,7201,12228,18177,10177,14834,14480,190,12338,1226,12244,11339,10990,13149,9328,12388,12883,13675,9284,16181,10370,18291,19289,13570,16802,18601,13680,8235,17914,7902,11524,17502,24624,9661,9393,14701,13485,16109,24341,7768,10843,14960,10256,8417,17832,9151,15793,6676,10255,24110,9836,15342,15777,16740,9335,17373,9811,9153,21015,16181,15254,6522,26056,7931,10815,20961,19821,11825,8537,21648,17792,7758,16903,10197,14522,23068,14531,11058,12229,1375,15919,9163,9785,20584,9635,15938,7901,12984,5352,13230,8310,0,14918,13947,19503,18568,15779,5568,16236,23151,8583,12926,15514,21699,9237,15700,12704,16337,15542,11327,15533,10197,24937,17292,16076,19252,13776,9309,13475,8665,9953,9425,10201,7666,11511,9369,8486,17180,11456,6494,11990,15704,8443,3957,23399,6275,11580,15948,14929,13739,8456,23379,14541
15037,4726,7933,8161,10253,20161,9763,13093,2126,8767,16789,9582,6745,3087,7617,12941,7801,2181,8207,15849,7617,9678,7837,21561,21134,7122,7349,2268,31226,15406,18080,19357,7563,21252,13968,2472,9251,14526,18316,2519,13897,3434,19410,10844,3682,16120,21612,16391,16908,8248,2027,5580,30952,21846,9395,21725,7042,5613,8629,4517,6765,5970,4753,4931,6528,3491,8983,3681,18178,10482,15626,11572,9310,8661,7984,10771,18733,9683,9639,17300,10067,7690,9659,25314,13415,7652,17667,12932,10734,744,15993,21572,566,16221,19586,16301,5541,8155,22343,6881,18346,11212,3304,10757,13348,19875,1762,5546,7677,2779,21121,10138,2214,13553,14292,18393,13865,3479,2934,19053,12754,9567,10784,24545,3222,18720,13126,10252,8489,9071,2550,12109,14584,1598,7603,3450,7584,3325,6201,10959,16943,16657,2000,12463,12950,12664,7966,17495,1069,14184,6186,3383,10995,11657,8014,15398,10266,14298,2362,2027,13468,19286,6754,20662,18293,9642,11986,12366,7829,13761,15233,17483,7385,5440,22213,21981,8506,5337,7956,4468,15472,2212,9518,3511,19086,2425,12672,13408,5902,16492,8673,18512,6621,8172,10372,9963,736,7326,14414,0,2382,8211,4348,4428,8339,2538,13131,22001,2505,30868,9304,5534,8616,1302,2934,1990,19661,3084,14074,11206,8546,11758,5372,2756,18783,12809,18630,17655,22239,5156,7864,17833,18711,7365,4786,12384,8335,10386,3739,7095,10242,9917,8589,21595,2517,84,2719,7108,9864,13521
13523,6178,8199,7612,14584,23635,11215,13278,460,10219,18397,11034,9052,5019,9069,13250,8067,516,10139,18702,9069,11130,10499,20784,22707,7388,8801,2586,31683,18795,19838,19248,6350,20656,15684,1598,10703,17806,18208,854,16301,3753,20726,12296,4471,19448,20786,19825,18540,9699,185,7032,31411,21168,8846,23004,8493,7545,10080,5177,9073,8278,6204,6382,8460,1826,7770,4414,19961,11933,15808,13024,11145,10113,9435,13367,18624,11135,11091,18907,11518,9141,11110,26796,14225,7919,19268,13605,12186,2656,17633,23502,2477,19554,20811,19758,6562,9607,26216,8170,20111,12664,4194,10127,13526,23299,1344,5813,9128,4642,23044,10190,1672,15509,14000,18340,14668,4656,4386,20909,12997,11019,12236,26134,5154,20491,15339,10055,10088,10905,2868,14066,16457,2413,9054,3004,7851,4777,8182,13727,20469,20151,2755,13085,13331,13387,9417,21124,2974,15818,8494,3953,13725,13605,8281,17199,12198,17556,425,362,16729,19097,8240,22261,20083,11574,13934,13279,8096,13504,16750,19153,6171,6899,23986,23381,10439,6796,9407,5127,17271,546,11450,3829,20462,3876,12939,13693,6923,16603,7460,18434,8554,9624,12832,10230,2647,8777,15372,2300,0,10143,5981,2896,8606,4657,13563,21235,3956,29133,11138,5800,10334,3038,5052,148,21512,5016,15708,14060,10263,13706,7304,3075,18646,12291,18491,17654,21460,5423,9315,21511,18580,8816,6718,11304,9787,11838,2073,8546,10509,11850,8856,23292,989,2331,3038,8559,11796,15477
21422,7820,16842,11178,4534,23318,8214,6092,10281,8233,16592,8033,8479,5955,8949,5891,17223,10336,4067,18563,8949,13044,464,23245,19085,18074,9019,10277,39867,14743,14914,15895,17272,19649,6581,11368,12762,11171,16705,10396,5835,9710,22307,15791,6837,15529,21437,14883,14797,10360,10182,7094,39562,20348,12412,22583,10136,2864,8568,6103,8581,8579,7130,7333,2305,14017,20301,6780,16182,13462,10894,6577,3043,7878,8812,9229,14937,15149,7793,17066,15466,8275,8110,24055,18152,17129,15886,6149,10370,8528,13939,14089,8470,17258,21079,15882,10581,8486,21729,2602,16554,13813,6790,18490,6125,23199,9965,13837,10771,7006,15524,18654,10369,5235,17867,15774,18558,6966,7191,14217,5308,8308,5975,21682,6035,16779,5063,20261,1116,2803,9751,4008,5990,9607,8188,9331,18369,8054,3189,5240,16409,16176,8251,5017,4193,7570,8794,16146,8036,10840,8795,6647,9453,4211,18799,11068,4547,11247,10289,10182,7480,17376,2532,20381,16170,4289,4541,4920,17288,8715,16422,14645,16955,5509,17904,21063,2972,5390,8770,6054,10781,10367,3984,9384,19460,6924,19165,4299,8819,14485,20301,14621,2399,8469,5535,17767,8351,8105,17695,9373,10308,0,6356,13674,19442,5574,5908,23205,6746,32487,3036,15100,2314,7386,5501,10145,14768,5778,10782,5487,2109,4313,5092,9560,15310,5297,17002,15449,23341,14047,8628,16165,16832,9035,4876,7598,13872,7230,13822,9078,17504,4436,16698,20161,10672,9383,9597,9065,4330,5458
18231,7393,14836,5740,7063,22773,11319,8715,5479,11331,19970,11138,12585,3354,13054,8542,15214,5534,5016,19006,13054,16035,5887,24657,21313,10330,13143,5476,38946,16533,19648,20144,10634,21614,11988,5930,15753,15810,18063,5594,11241,6643,21935,16031,4480,17928,22535,19624,18072,15776,5381,7583,38641,22234,6974,26804,9708,3576,12674,312,12687,12951,6443,6646,4275,8568,12054,4479,19591,13976,17050,12239,6532,10976,12918,12334,18188,15083,10898,18615,15432,12408,11215,27095,17224,13713,20955,8482,13475,3727,17140,21157,3669,18046,24668,19329,8230,12592,24342,4571,19859,14026,4102,15415,8948,22551,5163,8754,10343,4614,18985,14182,5568,10897,18691,19531,17673,4277,5297,18023,11074,11413,12279,24278,3434,18311,10470,13734,6539,5735,5758,9453,11396,4806,12321,3892,10756,5992,4845,7769,18134,17869,4935,10783,10294,8264,12900,18345,3235,17036,8108,1845,14827,9977,15078,15254,7076,17183,5487,5381,12887,18859,4502,20801,19653,6451,10306,10685,15346,9409,18858,20209,10456,2250,21372,22600,5316,2147,12875,263,15326,5565,6327,6719,23603,4788,17909,10065,8591,17807,11744,17926,4369,12574,11301,14562,3550,12238,16847,4571,5507,5958,0,8236,14368,2214,8731,22608,4414,30943,5733,8742,7178,4264,2084,5344,20497,3176,15353,8016,10465,10078,2182,5965,20262,11063,20229,18947,25120,8365,12734,20441,20201,13159,1595,10703,16864,11881,8384,13202,16764,6727,13743,23389,9481,4582,5928,13189,6674,10865
15844,7791,9837,8744,14309,25983,15569,15485,1861,10963,22815,15462,9809,6632,10682,15464,9705,1996,13260,20934,10682,13714,13621,22871,25158,9026,9475,4224,36405,21342,22374,21559,5143,22848,17745,1536,13791,18464,20507,2334,18545,5391,25217,14962,6084,19921,25174,22361,20849,11312,2074,8645,32763,25727,9978,27696,10106,11735,11254,8003,9830,9034,7911,7995,12009,475,6206,6027,20417,14795,19969,14785,14266,13243,11048,15679,20933,13998,14073,21211,14278,9885,14115,32012,16018,9557,21569,15369,15403,4188,19943,23577,4009,22060,22902,22302,8353,11220,26016,12305,22649,14541,5807,8807,15771,23257,2957,7450,10741,6255,23179,8870,1610,15045,15811,20651,18132,6269,5999,21283,15290,15563,16143,25940,6767,23030,15951,8735,14273,14027,4506,15361,16955,4026,9469,3315,9489,6390,9795,16286,23013,20592,4368,15634,14296,16508,11030,23673,4506,18128,9251,5469,16035,14202,9919,19745,14222,20101,2409,1800,18987,21398,12236,22434,20529,14967,14689,14355,9734,15594,20967,21465,4964,10494,26525,23335,13560,10391,11020,7954,17980,1638,14853,5467,24970,5489,14956,15820,8714,20846,6252,22863,12103,11237,15292,11868,4180,9521,17391,3832,2428,13692,9402,0,10244,6270,15835,25746,5569,34311,14260,7438,15276,4651,6665,2037,21830,6629,19859,16645,18198,14452,10426,4713,20949,14987,22913,19964,26000,7061,10928,24059,20883,9490,9840,14022,11400,15711,522,10159,12147,13901,10494,25804,1487,3863,4676,10172,15018,15521
3682,11073,1013,20041,23418,17447,13699,21890,8654,15227,18004,13518,12707,10512,12219,24083,1437,9899,17620,10760,12219,10185,17086,14796,17925,1518,14024,6835,22162,17374,17457,18258,15402,17469,19386,10294,9316,14806,17575,7986,20748,8002,17020,9920,10063,16235,14503,17468,16793,10583,8378,12538,21897,17721,19431,18966,9118,14986,12791,15861,12686,14112,11193,11277,15434,9761,14077,10006,16221,10862,16040,15441,21048,15385,12585,12569,18516,9872,13696,16756,9453,13180,13594,24675,6004,1574,16971,24101,13710,8886,17797,24299,8918,14763,14852,16179,10965,12756,19255,16601,16131,10288,9688,3846,22104,15419,8139,3982,9107,10234,23506,3748,9707,16504,6203,18640,5924,10248,9978,19836,16491,13964,14747,21128,10647,18175,18110,3863,18369,20986,7118,18234,19031,7228,15360,11206,1260,8959,15290,21768,16761,18182,8249,15386,17917,23023,12567,19753,9454,16090,13743,13527,12793,17641,975,14435,21226,16130,8174,8556,19055,18523,15126,16129,16405,20385,16484,17330,934,24590,13930,17904,13356,15862,19251,15530,20911,17234,12557,15799,15946,9695,20284,8079,17302,9364,5691,16159,11326,16871,14415,18498,16863,12774,14761,3583,9088,13109,6325,8466,8193,17640,15836,11500,0,10150,24361,17164,9444,21984,19342,4157,16352,8531,10546,8341,18382,10510,15997,22092,17971,16307,15532,7324,18184,14879,17799,16110,17457,4243,12465,18473,16429,13812,15330,16783,8321,13861,11392,13769,3261,20666,1608,19673,9389,8477,7287,13782,22632,17748
16325,5424,9720,7406,8089,20804,10385,10402,4514,10397,18133,10204,6698,1827,8315,10228,9588,4569,6336,16937,8315,10376,5952,20363,19444,8909,6364,4055,33228,14917,17779,18527,12242,19701,12053,4926,9949,14139,18034,4211,11306,5221,19981,11238,2511,16126,22603,16111,16456,8946,4309,6028,36318,20305,8640,22357,7740,3021,7490,2581,6719,5923,4475,4677,3936,5879,13305,2510,16121,10881,15202,12303,6597,10042,6974,11400,18257,10381,9964,16956,10765,6668,10280,27926,16652,9440,17348,10169,12541,2305,17109,18151,2247,16240,22458,15896,6261,6859,22518,4233,16338,10777,2133,12544,10635,22670,3780,7333,8375,2645,19682,11925,4602,10962,14843,16144,17147,2308,3329,18238,10139,10479,11345,22452,1357,18348,10535,12039,6604,6358,4337,9518,11461,3385,6581,3025,9371,4023,3610,8795,18198,17896,2797,9848,10359,9951,8664,16833,1814,15195,6139,1632,11624,9042,9801,14966,8102,13916,4104,4416,12951,18944,4163,18951,17847,7657,9372,9751,9616,11096,15285,18541,12063,3504,19759,22728,6522,3401,6932,2532,15044,4600,7533,5064,19502,2819,15578,9130,6622,14516,13352,17987,4030,6842,10366,11750,2129,6304,14731,3150,4124,5620,2413,7055,10126,0,10418,20631,2445,31881,6591,7321,6025,2343,395,4272,17117,1219,13680,9041,5954,9144,3436,4544,16716,10128,16653,17156,20822,6943,8561,17082,18359,6379,2850,9769,9033,10947,6372,6422,12029,7933,10376,21476,4905,3160,4506,6409,7880,10929
28629,13321,23400,15451,2259,26964,14629,575,13791,14955,20742,14724,15970,9846,14708,374,23802,15265,4798,26777,16211,19283,6846,29647,24862,20686,16134,14276,41745,21019,20632,21930,19798,25445,12906,15641,19789,18702,23006,15301,12159,16148,26047,19981,11854,23487,27239,20600,22531,18671,13600,12111,45704,28818,16685,31285,16329,7857,16351,10377,14436,14084,12147,12350,7322,15874,19177,11797,22451,21111,18430,13157,3478,15422,14638,18205,22690,19333,14561,21153,19631,15589,16216,29654,26002,23699,21549,632,17019,11502,19615,20748,11444,21439,26888,22147,15587,16087,30243,7619,22839,19457,10681,22134,608,26859,14979,17897,16962,12023,20935,24606,13343,11815,25690,21968,26469,10856,12208,21731,13093,14920,13760,30194,9926,20905,11388,21905,7498,3798,14037,10372,12315,14927,15443,13604,23137,14873,8664,1767,20539,22422,12142,12803,11212,1269,14630,20176,11010,18392,15765,9620,16897,11798,23643,20102,2272,20424,13569,14880,13805,23628,7549,26743,22423,2400,13533,12639,23910,1158,22812,20174,19791,8356,25841,29618,3610,8237,14676,10327,18306,15119,2486,16155,25258,11941,22755,11670,14906,20780,19063,22332,7416,14620,13574,22269,11325,15103,25516,12346,14949,7212,8895,14367,22103,9465,0,29608,11764,35281,3120,17788,8500,11277,9392,13588,22314,9669,20184,2014,8490,13305,7938,15283,20993,13082,23294,19697,29742,19902,16359,22184,23100,16132,7723,14398,17975,14846,14609,16096,24741,2548,21316,26420,15453,12357,13869,14628,1951,11783
17511,17128,17500,30904,27801,586,11816,26860,23542,14852,7147,11635,12271,19364,11783,26805,15990,21285,22581,4269,11783,10499,22767,1032,2408,16332,13051,18818,17551,8780,7372,8764,28060,1894,19056,22815,9623,7910,6650,21091,17551,17348,1045,7885,20087,5427,1468,6517,7094,10148,23649,16891,17305,1482,29436,1994,11577,20529,12753,22807,12250,15028,15388,17026,20393,22969,28532,18185,7072,8909,8181,16367,22833,12839,12150,9666,7135,9162,11814,6593,8744,14653,11712,7089,8199,15979,6426,26957,11032,20045,8519,13891,22078,5169,728,7121,14652,12321,3892,21990,7099,8253,20495,21532,29697,500,22427,17256,11565,18300,12721,21461,24332,17742,7968,10631,7721,18392,17213,9035,16918,12082,15488,3769,19565,7329,19283,20002,20015,24917,20637,19362,19549,19179,14786,22909,16170,18931,20103,25630,7109,7438,21609,15546,18386,26058,12132,8331,22172,8766,13542,24428,9351,18105,17485,8765,25297,8347,21207,21614,19189,6297,20055,3648,7198,27020,18215,17433,17451,30421,6843,8303,29940,23301,6744,46,23356,25529,12122,25053,8707,21896,26956,17254,1893,19905,9498,16462,16037,8315,28808,7680,22261,12338,16612,15382,19883,15155,7919,19961,23404,21054,24917,23359,15573,22739,26863,0,19854,8405,25411,17156,18667,21034,22694,21410,9757,19878,8708,25840,18698,16560,22686,20573,6797,17173,6624,8463,602,19223,12029,9321,6857,12840,22362,11758,10858,14768,23337,12797,13036,24635,14698,4890,21923,22015,20629,12810,27268,18431
14105,2998,9354,9096,10083,20054,8034,12323,4573,6090,15738,7854,5042,2172,5888,12222,9222,4628,8329,15673,5888,7949,7945,19519,16969,8543,4708,3634,33658,12777,15341,14921,10185,17166,14046,5544,7523,10984,15585,4201,13300,3030,19170,8812,987,13760,17831,15323,15823,6519,4298,3868,33353,17748,10330,19755,5313,5020,6900,6142,5063,4267,2819,3022,5350,6120,11249,930,15396,8455,10707,8895,8591,5984,6255,9042,14452,7954,7910,14790,8338,5012,7930,22988,12727,9074,15168,12163,9005,2834,13431,16842,2866,13868,19536,15170,3834,6426,22144,5006,14147,9180,1365,12178,12629,19778,3662,6967,5948,1158,16436,11559,4957,12955,12399,14104,13423,1172,1493,14648,7886,7839,8107,20022,2590,14475,12528,11674,6924,8352,3005,11512,13455,2985,4925,4715,9005,1596,5018,10789,15870,14116,3090,8956,8832,11945,6237,16398,3447,10654,4484,4318,9266,8850,9435,10882,10095,11061,4093,4475,14945,15002,5076,18188,15498,9550,9179,9150,9251,13041,13021,16385,10007,5899,19434,19841,8516,5780,6227,6093,10594,4659,9527,2638,18701,178,12156,8938,4195,11948,11295,14236,5443,6443,7694,11385,3036,4648,12350,3716,4113,7608,5395,7050,9761,2968,12412,18014,0,28938,8584,6955,7433,1591,3208,4261,15206,2816,10595,11035,7363,8951,5482,2520,16023,8162,14429,14838,20074,6577,6135,15193,14475,4723,5075,7175,6606,7709,6368,5460,11241,9927,10011,17192,5843,3727,2557,5472,9873,12923
21008,23817,24824,36320,37058,8268,22808,35286,32213,24161,15015,20617,21364,30479,23505,38830,24831,29146,31027,12004,21326,20395,32059,9114,10089,23101,21471,29444,14427,16565,14976,16770,35466,9575,25314,30735,18189,18425,14754,31911,25684,25280,8736,16487,29180,15474,8684,15012,15499,21268,32343,23674,14323,9163,37719,7213,22966,31925,21038,31133,23611,22017,23710,26182,31785,33877,39442,26436,16937,16974,16950,23197,31247,23601,23441,20687,16920,17410,22885,16241,17102,21707,22723,11624,16948,24848,14399,35386,20198,28167,17772,22721,28132,13911,8831,15640,24993,21238,8384,28397,14970,18721,26856,28538,38978,8602,31157,24619,20356,29230,19832,28413,33067,24405,17117,17723,16524,26649,28045,18534,26170,22511,24718,8261,27850,16420,28343,29120,28446,31017,26659,28584,28498,29930,24060,31051,22866,27869,28549,34018,15386,15491,27705,26365,25035,34494,21284,16299,31148,18732,21906,30457,18386,24788,24742,17126,33699,16861,29105,32526,28103,15928,31411,11329,15457,32928,27395,26647,24635,36033,16083,16292,34533,34937,14934,8122,31788,34777,23464,31056,17062,29761,36231,25192,9585,28971,16408,27349,22702,18370,36094,15685,28643,21216,25869,23974,30853,24429,17099,28006,32109,29476,34105,31130,24230,28926,38886,8076,26255,0,34681,24547,27079,30025,28908,29300,18162,28185,17062,37714,27113,24904,31090,29348,16321,26436,14541,17666,8283,24762,21067,18355,16334,21481,30767,20923,21563,24040,31079,21533,19263,33039,21385,10521,29750,28020,26675,21506,36541,27651
23164,9241,18516,11855,2011,23154,10486,3569,10627,10505,18664,10306,10752,7352,11221,3368,18894,10682,3126,22706,11221,13845,2932,23108,21040,19880,10440,10623,42096,16819,16817,16162,17660,23835,10230,12045,14322,16401,17058,10954,9484,11131,24506,18029,8258,17487,23461,18500,18347,14710,10528,8515,41791,22329,13089,27078,11556,4260,10841,6780,10853,9999,8551,8753,3726,14694,20769,8200,18253,15496,16101,10481,502,10150,11085,11501,18505,17373,10066,19123,16053,10548,10382,25878,20141,18799,19562,3626,14585,8874,15809,17000,8816,17617,23095,16287,12001,10759,26042,4022,18638,17460,8187,19923,3602,25409,10415,16953,13572,8426,17094,22150,12379,9139,19857,16144,22652,8362,8611,15971,7581,10581,8248,23582,7432,18846,8712,19774,3584,822,11172,7696,9639,9953,10461,10007,18319,9597,4750,2717,16741,18231,9647,7290,8536,3905,11066,18099,8382,16058,10216,6993,11726,6484,18734,14416,2024,14709,10846,10528,11129,19435,3953,22530,16540,1766,6813,7192,20908,4152,16879,16418,17449,5728,21700,25423,1538,5609,11042,6731,14484,10713,1523,10805,23629,8345,19359,6572,10240,15037,18804,18150,3820,10741,7808,21472,8697,10378,19688,9718,10866,3299,6267,14351,21318,6970,3385,23056,8167,31467,0,15254,4587,8783,6898,10491,18196,7174,15971,2964,4577,6585,5310,10981,18942,7570,17322,15890,25543,17168,10900,18073,18903,10455,5095,9871,14578,9503,13444,10498,21333,1913,18446,22227,15596,9729,11018,10485,2074,9107
7384,8234,3130,13775,17048,17391,13271,19352,5815,11406,15951,13090,10253,7109,11125,19311,3314,7060,13420,15665,11125,13308,13154,16555,17103,2514,9918,3997,28978,16489,17067,17409,11973,18673,18219,7456,12439,15415,15649,5147,15825,5164,18515,12786,7225,14728,18114,17066,16266,11756,5540,9699,26022,17339,16594,18906,10550,10200,11697,9104,10273,9478,8354,8439,11542,6923,13037,7167,17352,13040,13672,20681,15017,11300,11492,15692,17979,12051,13147,18113,11632,10329,13167,23400,9607,3166,18442,17523,16833,6047,15461,20513,6079,14796,16595,15627,8126,11663,20276,11839,17377,13154,6849,5710,17780,18773,5301,178,12230,7395,19912,5612,6868,14962,8964,17887,9526,7410,7139,18882,13202,13075,19893,22258,7809,17780,16561,5726,13806,14991,4279,13238,16014,4390,9912,8367,3061,6120,10831,17567,16265,15978,5410,20742,17561,18249,11474,18942,6615,15101,9694,7970,15916,21394,3212,13504,17014,13777,5335,5717,17769,18250,11769,16813,17521,16193,14811,20936,3343,17940,13838,17170,11794,10027,21157,18874,16311,9924,11464,9055,13555,6856,16090,5240,16761,6525,7870,16348,8487,14486,13083,17863,11636,11680,13011,5161,6250,9965,9086,5628,5355,13700,8936,8450,3853,7312,19605,18909,6605,27055,16812,0,13246,5693,7707,5503,19408,7671,13599,19726,13176,14583,9959,4486,17816,13478,15902,17031,19182,1130,11372,19462,17739,9934,9373,18961,11444,19495,7697,10603,5440,18171,3787,20013,6551,5638,4448,10616,17996,18132
20021,9300,15617,15692,6551,18765,6358,11400,13926,6377,12518,6177,6624,7000,7093,11227,16001,13981,5935,17977,7093,11974,2437,20637,16673,15248,8182,13922,37506,12759,13231,10517,19742,19006,4489,14794,11692,9369,13346,14041,3742,10320,19669,13285,7446,13278,19085,13266,12985,11715,14138,7794,33754,17945,14643,22244,10620,4941,6713,10617,6725,6963,8057,8141,3484,18531,18998,7389,12425,12909,9093,4588,5059,6022,6956,7373,13026,12874,5938,12583,13258,6420,6254,23884,17818,15908,13489,11168,8514,12173,12292,12666,12115,13247,20622,12654,9924,6630,21294,3404,12668,13653,7836,17675,8141,20572,13610,17201,14684,7615,12420,19642,14014,3246,17505,11541,18248,7631,7800,10369,3453,6453,4119,19272,7080,12794,3075,17639,2002,4899,10361,2019,3897,13252,6333,12892,15486,8786,3348,7257,13000,12177,9296,3162,2860,10949,6938,10911,11681,9039,7293,10291,7598,2356,17440,9213,6564,9446,13934,13827,5387,13366,3473,17723,12228,6305,2685,3064,16044,12094,13104,10939,19261,10354,15544,18677,4989,10990,6914,10568,8980,14011,6000,9993,17056,7533,17049,2444,9303,12497,20991,11923,3578,6613,3679,16452,11996,6250,17304,13017,13953,2901,10001,18188,18022,6632,11417,20574,7356,29846,5053,17188,0,8432,6560,14101,11696,6823,8980,7503,932,2457,9937,10169,12689,3508,13524,12268,18786,16811,6772,10714,12749,8198,9530,5742,12803,5375,18336,8241,15897,6453,15327,17514,14317,13028,10207,8228,6346,3469
13973,3877,8280,8278,9850,21243,7419,12141,3174,6712,15596,7238,5665,1395,6768,11990,8149,3229,8097,15132,6768,8829,8143,18736,20012,7469,5330,2615,31017,15624,16781,16286,9740,18314,13814,5099,8403,13314,17022,2801,13068,3881,20385,9995,1533,16547,18822,16764,15689,7399,2898,4428,33882,20805,9512,20838,6193,4783,7780,4763,5686,4890,3441,3644,5698,5675,10804,1531,15291,9335,11587,9517,8359,6606,7135,9922,15782,8834,7294,16107,9218,5635,7314,26709,14441,8000,16481,11980,9885,1141,14768,20075,1173,16663,18755,15091,4714,7306,23478,5994,17038,10363,1154,11104,12397,19007,3217,5894,6828,1474,17814,10486,4512,12723,13279,17028,13446,1329,1782,17648,8766,7223,8729,21231,1813,15792,12296,10600,8365,8120,3885,11280,13223,2540,5547,3898,7932,2476,5578,10556,15729,17022,1398,9578,12120,11713,7117,16235,1981,11534,5106,3501,10146,11009,8362,11761,9863,11941,2694,3076,14713,16313,5925,17707,15388,9748,11338,9772,8177,12809,14136,17880,9562,5686,18955,19070,8284,5583,7107,4714,11474,3260,9295,3518,19967,1273,13036,12578,5075,13740,10850,15572,5792,7323,8575,10311,1344,5270,13230,1711,2713,7811,4595,6605,8687,2190,12180,19085,1352,27242,8352,5881,7994,0,2183,2861,18261,2039,11475,10803,7923,11110,5249,2982,17471,9043,17339,16309,19292,5504,7015,16557,17402,5346,5032,7797,7486,8331,5923,5389,10590,9695,8937,18465,5398,1721,3019,5376,9641,12691
18260,5417,10115,7801,7864,22881,10312,10177,4909,10324,16303,10131,6690,1908,8308,10003,9983,4965,6111,18687,8308,10369,5727,20339,21336,9304,6356,4450,36759,14754,17622,18312,12479,19632,11828,5322,9942,13989,17879,4569,11081,5421,19930,11534,2504,16015,22589,15969,16294,8938,4666,6021,36454,22311,9035,22310,7732,2796,11666,2510,6711,5916,4467,4670,3711,6275,13543,2503,15968,10874,15039,12078,6372,9969,8674,11327,18080,10373,9891,16805,10757,6660,10208,27793,15207,9835,17198,9944,12468,2701,16929,17886,2643,17779,22430,15739,6254,11584,22417,4008,16192,10770,2125,12939,10410,22629,4138,7729,8367,2637,19402,12321,4998,10737,14939,15972,15655,2300,3321,16353,10066,10406,11272,24635,1752,18182,10310,12435,6379,6133,4733,9293,11236,3780,6573,3421,9730,4015,3385,8570,16350,17721,2888,9776,10134,9726,8656,16647,2209,13637,6132,1758,11551,8970,10197,13429,7876,15173,4462,4811,12726,17040,3938,18858,17674,7432,9299,9678,10012,10871,16733,18336,12301,3433,19598,20582,6297,3330,6924,2461,13501,4995,7308,5057,19433,2812,14242,9058,6615,15826,13589,16155,3805,11567,10293,12146,2524,6296,14823,3545,4481,5394,2342,7412,10522,395,10193,20591,2438,31862,6366,7716,5800,2434,0,4629,16924,1614,14912,8816,5729,9071,3365,4290,16567,10055,18200,15405,22901,7339,8554,18611,18195,6372,2779,9696,9026,10874,6730,6414,14698,7708,10772,19357,5301,3556,4327,6402,7654,10704
13603,6292,8077,10076,13280,23828,11329,14659,338,10333,18578,11148,8310,5133,9183,13273,7945,393,10253,18888,9183,11244,10614,23097,22906,7266,7976,2464,31806,18994,18181,21412,6228,22964,17447,1475,10817,18006,20269,731,16458,3630,20902,12410,4586,17827,23098,18169,20634,9814,62,7146,34756,21346,11310,23179,8608,7659,10195,5054,8331,7536,6319,6497,8574,1703,7647,4528,18292,11749,17623,13138,11259,10227,9550,14932,18806,11249,11205,19089,11633,9256,11225,29733,15845,7796,21437,13719,14637,2533,19634,23688,2354,19755,20984,19958,6593,9721,23967,8284,18429,11645,4309,10900,13549,21314,1458,5690,9243,4756,21080,10068,1549,15624,14153,18521,16333,4770,4500,21107,12129,11133,12350,26332,5268,18773,15496,9932,10203,11020,2746,14180,15072,2528,9169,3254,7728,4891,8297,13774,18753,20351,2870,13199,15021,13501,9532,21322,2851,17634,7752,3831,15326,13719,8158,17399,12313,17756,919,240,16888,21248,8801,20378,18403,11588,14048,13393,7973,13516,18662,21308,6049,6776,21944,21388,10553,6673,9522,5005,15851,424,11564,3707,20641,3991,13321,13807,6954,16784,7337,18615,8668,9738,11938,10107,2525,8892,14101,2177,939,10258,5858,2774,8483,4771,14977,23597,4071,32294,11253,5678,10448,3152,5167,0,21710,5131,15889,15548,10377,13820,7419,2952,20751,12405,18673,19658,23845,5300,9429,21709,18762,7992,6832,11419,9901,11952,1951,8661,10386,11964,8733,23492,866,2209,2915,8674,11911,15591
22561,12016,18208,24000,20343,9218,7385,20342,19737,8764,2679,7205,9206,17684,9505,22359,18488,21703,16761,10188,9505,10166,14548,10075,7387,18333,9253,17446,26748,3444,3374,612,27149,8033,10995,20837,9884,3822,3488,21513,10248,16098,8791,11615,16892,4711,10532,3409,3146,9907,21764,11470,26498,9320,27893,9871,11715,15531,8452,18852,9308,9255,11478,11562,15109,21491,30814,15289,2586,11101,4757,9428,16338,8409,9539,5603,3187,11066,7383,2744,11450,9841,7281,10662,14728,20315,3128,22577,6744,17568,2435,4750,17653,5316,9792,2797,13619,9213,7465,16266,2829,11984,17168,23963,20354,9562,20566,17760,12876,15566,4209,21770,20159,9744,11704,1702,14829,17003,14596,750,9668,8037,8907,7342,16249,2955,9477,24282,13957,17714,18984,10221,10403,17447,8863,20004,18344,15210,14822,20671,3162,2338,19062,9756,10069,19743,9521,1072,17521,4704,9332,20383,5288,9983,18307,4677,18564,4259,21485,19856,10922,2998,16369,6650,2389,17926,10956,9951,18402,23305,4868,1222,29118,20583,3071,9221,18832,18616,9496,20700,4644,22282,19726,15999,8780,15335,14900,9855,11418,3148,28138,2084,14936,9196,9503,20172,17479,9670,11655,17838,19518,16277,18597,24060,20260,18866,20245,9175,16759,16479,16509,17609,11718,16568,18654,19697,0,18042,4645,20815,11292,10728,18037,18820,2850,9995,3463,2953,9233,19857,9355,167,2910,9269,19530,7327,10995,8509,21906,9312,16147,17950,18969,4605,20369,19670,18880,9299,20007,9967
17602,5026,10223,8247,8305,22097,11014,10618,5355,11026,15686,10833,6305,532,7917,10444,10091,5410,6552,16221,7917,9978,6168,21623,20583,9412,5971,4558,32633,15601,16932,17706,13395,18937,12269,5768,9551,14739,17187,4905,11522,5030,19223,10840,1746,16923,21789,16911,17297,8548,5002,5109,35662,21539,9481,21601,7342,3237,7098,3426,6326,5531,4082,4285,4152,6824,14458,1745,16924,10484,13935,12519,6813,10671,8284,12029,15801,9983,10593,17844,10367,6275,10910,24566,14479,9943,18275,10385,13170,3090,14760,17482,3032,15469,21636,16677,5863,6466,23969,4449,17161,10379,1367,13047,10851,21841,4366,7836,7977,2252,17171,12428,5661,11178,15663,16957,14927,1542,2931,15801,8741,11108,11974,21681,577,17503,10751,12543,6820,6574,5034,9734,11677,3689,6188,3866,9838,3625,3812,9011,17356,17054,3156,8450,10574,10167,8266,17725,2598,13881,5747,2674,12253,7644,10305,14476,8317,14288,4797,5257,13167,16421,4379,18181,17004,7873,7973,8353,10120,11312,14514,17713,13216,4349,18996,19868,6738,4246,8256,3377,13822,5441,7749,4666,20652,2421,13519,11032,6224,15157,14505,17148,4246,6449,8968,12254,2913,5911,14093,3934,4817,5835,3257,7754,10630,1198,10634,21908,2053,31065,6807,7824,6227,1963,1070,4965,16370,0,13823,9257,6157,7745,3704,4131,17578,8730,15885,16315,22117,7447,8164,16336,15890,5987,3695,10398,8635,11576,7072,6030,12533,8149,10880,18715,6547,3945,4168,6017,8095,11145
16858,9160,15746,22977,18309,7679,4581,18345,17541,6193,2928,4400,6350,14530,6648,20158,16070,17484,15757,7842,6648,8071,11177,8536,5849,15849,6397,14941,25563,2418,2611,3417,23292,6495,10716,18837,7789,485,2726,17289,9969,12798,7252,9270,10053,2696,8994,2647,3473,7812,15939,8162,27883,7386,22200,9084,9087,12657,5595,17186,6452,6399,7874,7959,13572,17667,26522,9996,2326,10294,92,6928,14282,5392,6683,2131,3514,8971,4579,3070,10129,6366,4477,11858,9915,16004,3455,20345,3304,13871,1673,8171,15360,3337,8253,2035,9225,6357,8661,13868,3078,9638,10431,17773,18404,8024,16348,15155,10781,10222,7630,19627,16393,8772,9358,4493,10352,10238,10738,3145,6901,5269,6140,8538,14610,3282,9198,18049,10663,15475,14712,8661,10124,14999,6007,18132,15877,10923,11597,16990,3488,2587,13558,6989,8062,19410,6665,2985,13849,155,6476,15133,1815,7641,15867,322,18402,389,17285,16058,12591,3325,13799,5406,2358,17583,8188,7183,14504,21068,2522,2957,24838,15667,5703,7682,16416,17166,6640,15519,35,18086,15904,12219,6207,11628,10469,7730,8562,1449,24256,2411,13666,6339,6736,14450,15171,6362,9309,15512,17313,11641,16921,18018,14514,15077,18313,7636,10998,18805,14491,14989,9601,12103,13530,17513,3469,14353,0,17179,9530,7960,15026,12724,3176,7227,4011,1616,7695,15438,6499,3614,3236,6413,14700,4559,8899,5742,19926,6456,13534,16042,13328,7237,16544,15523,14619,6443,17833,9179
28590,11432,21246,14046,1188,28578,13689,2206,15766,12697,19515,15211,15209,9115,14064,2004,21620,15822,6428,25910,14064,16771,5123,25927,26158,22858,15448,14492,41130,19680,21420,18539,19036,26848,14537,15222,17251,17550,19673,14366,13790,16199,27559,19288,10449,22259,26299,21384,19181,17946,14124,10706,45028,25069,15280,30105,15867,6452,15587,8972,15152,13478,10742,10945,5917,16638,20246,10392,19143,18420,17294,14787,3064,12342,13959,17097,21302,20611,13623,21940,18990,13461,15186,28335,25436,21525,22372,2263,17717,10771,18382,19016,10713,20325,25912,20794,15334,13896,28894,6214,21500,20691,9950,24721,2320,28486,15407,19858,18185,10618,17458,24922,15175,13445,22794,18655,23490,10125,10803,20246,9772,13997,10439,28848,9195,19671,13018,24513,5776,3385,14233,12002,13945,15190,14691,12199,21032,14825,6942,295,21251,21050,11410,9481,12842,2271,13954,20767,10279,19015,13718,8889,17499,8675,23659,18858,1148,17389,15499,15478,15435,22257,6144,25490,19106,1987,9005,9384,23922,2737,19628,20765,18958,7624,22107,25853,3435,7506,14013,8922,18930,15755,2072,16192,26645,10536,24569,13300,14583,19472,20157,18998,6011,15343,9999,22243,10594,16901,22626,11615,15497,5490,8164,15102,24349,8734,2129,28480,10359,34218,2707,17897,6778,10546,8661,14107,18886,8937,18934,0,6768,8777,7207,14049,19760,9828,19926,18467,25950,18197,15606,20677,21745,15448,6992,14833,17507,11694,15340,13990,24491,2134,21236,22724,14601,11626,15495,15445,1538,13413
19980,7709,17158,12434,5730,20718,6519,7287,10595,6538,12679,6338,6785,6280,7254,7086,17581,10650,5113,16321,7254,12135,1623,18750,16713,15196,8343,10084,37508,12920,13392,10678,17824,19046,4650,11458,11853,9530,13507,10223,3903,9599,19705,13445,6726,13439,21061,13427,13146,11876,10320,6983,33755,17981,13668,20217,10024,4119,6873,7359,6886,7124,7019,7221,2663,15273,18911,6668,12586,13070,9253,4749,4238,6183,7117,7534,13187,13035,6098,12744,13419,6581,6415,21726,17805,15859,13542,7345,8675,8335,12453,13030,8277,14645,18738,12815,10469,6791,21347,2683,12829,13814,7115,19412,7320,20605,9684,13363,14845,6894,12581,19573,10979,3407,17492,11702,16546,6911,7079,10530,3613,6613,4280,19320,6360,12955,3236,19370,1189,3999,9640,2180,4058,9007,6494,9055,15435,8065,2627,6436,13161,12338,8575,3323,3021,8990,7099,11072,7843,9200,7454,10452,7758,2517,17386,9373,5742,9607,10115,10497,5548,14790,2753,17768,12389,5484,2846,3225,17630,10135,13265,11100,19166,6764,17198,18708,4167,6646,7075,7310,9141,10681,5179,9272,18838,6812,17031,2605,8707,12658,18958,12084,2757,6774,3840,18082,8158,6411,15689,9179,10134,2088,10162,14929,16305,5912,7103,20608,6635,29883,4232,13350,599,7931,5839,10282,11463,6102,9141,6682,0,2618,6347,9449,12849,3669,13684,12429,20741,12973,6933,10875,12910,8359,6132,5903,12964,5535,15078,8402,15864,5632,16844,17571,11865,9190,9486,8389,5525,3630
19763,8521,15670,16043,9798,16638,4545,11469,14016,4564,10526,4364,5818,7887,6287,11368,17687,14071,7171,14642,6287,9539,3814,18405,14408,15404,6369,11944,32503,9265,11239,8525,19725,15042,3065,16023,9257,8646,11354,14131,2319,11273,15711,10850,8333,10843,17111,11274,10993,9281,14229,5915,35523,17363,15775,19841,11089,5189,5906,10758,5919,6184,7278,7363,4566,15664,22876,8276,10433,10475,8369,2154,6295,4209,6150,5560,11034,10440,4124,10591,10823,5641,4441,21161,16602,17590,10975,11308,6701,12264,10300,10877,12206,11485,18384,10662,9145,5824,16937,4290,10676,11218,8722,20029,11775,18267,13700,13390,12249,8502,10427,18295,14105,812,16295,9549,15416,8518,9214,8377,1639,4639,2306,16892,7967,10802,1547,18215,3380,6056,11314,1299,2474,11965,5554,13985,17191,9399,4235,10504,11008,10185,10183,1349,431,11090,6132,8919,11772,8315,6514,10382,5784,344,17481,7399,9810,8722,14024,13918,3964,10845,4360,15212,10235,9186,228,1251,17703,12235,10670,8947,19207,10495,11586,16575,8051,10376,6108,10709,8256,14102,9062,10939,16378,8420,15976,216,8524,10505,20837,9931,4660,5807,1866,18041,12087,5471,14586,13108,14044,4279,10092,15929,17973,10773,11558,18252,8242,27449,6289,13231,2238,9318,10700,14192,9310,7710,8257,10750,2168,0,10078,11200,10696,1628,11531,10276,18361,13644,5966,8722,10757,6385,9671,3929,10368,3561,16101,6427,15420,9462,15195,14848,19574,13119,11238,6415,9408,329
21391,8164,14639,7538,6120,22837,12177,7772,6337,12189,17760,11996,13442,3670,13912,7599,14995,6392,4073,21308,13912,16892,4864,24818,23373,14064,14001,6333,36061,16131,17505,19515,12433,21579,11246,7205,16610,15476,17746,6490,10499,7500,21972,14866,4884,19555,25051,19267,17657,16633,6238,7313,35783,22224,8772,26852,10480,2901,13531,2464,13544,8798,7349,7552,3175,10378,13669,4883,17405,15663,15146,11496,5032,11834,13775,13192,19598,15495,11756,18244,15843,13266,12072,29547,19694,16424,18647,7539,14332,4584,18444,20134,4526,19690,22523,18909,9001,13449,26624,3471,19482,15803,4505,16981,8006,24956,6059,9612,11115,5390,19971,17192,6425,10155,17595,19030,20183,4681,6069,17464,11433,12271,12100,26558,3750,19783,9728,15181,5516,4793,6616,8711,10654,5663,13179,5304,14380,6474,4576,6826,19539,19260,5793,11142,9552,7321,13757,19640,4092,16672,9014,2703,13416,10138,14860,16457,6133,16823,6383,6238,12144,18500,3402,20669,17444,5508,7824,10979,15104,8466,16964,19631,12254,684,23073,22683,4373,566,13733,2415,16537,6423,5385,7577,21381,5559,16932,10010,9362,17396,13645,19290,3269,13432,11914,17318,4407,13096,17467,5428,6402,4858,1977,10034,17119,3071,7789,25004,5191,34266,4790,9599,6519,5101,2941,6201,19879,3493,16562,7073,6509,7595,0,6822,19868,11422,18034,18508,22856,9222,13591,17971,17975,14016,281,11561,17721,12738,10183,14059,17808,5784,16342,20928,6728,5439,6785,14046,5731,10122
11544,4216,6733,9641,11733,20800,9253,13628,2806,8257,17490,9072,7239,4566,7107,13592,6601,4051,9686,14461,7107,9168,10047,18233,18009,5922,6839,1581,32745,16054,15462,18534,8989,18066,15436,4348,8741,15046,17267,2138,15401,1474,18145,10030,3416,16609,18253,15451,16035,7737,2531,5976,29436,20480,10875,20434,6531,7092,8119,5997,7574,6316,4930,4420,7458,3914,10053,3358,17184,9673,14666,11062,10692,8151,7473,10261,16114,9173,9129,18051,9556,7179,9149,26680,12894,6453,18442,14977,10224,2940,15138,19140,2972,15165,18259,16990,4108,7645,21193,7114,17320,10398,3794,9557,13854,20471,2292,4346,7166,3586,18673,8938,3761,15057,13092,15857,12813,3601,3330,18228,10053,9057,10274,21118,4702,16063,14630,9053,9033,10453,272,13613,14703,788,7092,5260,6384,2102,7127,13717,17703,15773,2303,11123,12197,12934,7455,16709,3508,14680,6559,4863,10485,11776,6814,12100,11746,13426,2326,2708,13532,18253,7184,17606,17313,11021,12322,11317,6630,13996,15621,18401,8810,6920,19232,18646,9986,6817,7445,5947,11813,3847,10998,1551,17872,2821,11473,11864,4469,15551,10099,15935,7552,7662,9862,8764,3143,6815,13214,2520,2346,9691,5828,5510,7140,4204,13866,18666,2901,26628,10686,4334,9542,3106,4600,2494,17075,4564,11813,15484,9471,12094,6852,0,17761,10329,17576,16703,18889,3957,7353,18829,16048,6627,6265,9342,7825,9876,4687,6584,9042,11397,7390,20457,3542,2531,37,6597,11344,15024
20227,11487,18079,23873,19249,6883,6909,21051,18844,8101,341,6728,8678,15556,8976,23140,16660,20709,18905,7483,8976,9504,16548,7740,5052,16591,8725,18116,24515,2782,575,2478,28853,5698,12984,20060,10649,3294,449,20510,12237,15021,6456,8911,14688,1900,8197,610,809,9245,18878,10808,24262,6589,25222,8288,11053,15593,7923,20528,8779,8726,10202,10286,16827,22695,29662,14649,1074,9935,4229,8765,16991,7746,9010,5075,849,10188,6906,356,9770,9178,6804,10681,9556,18307,740,23340,6216,16865,1907,7232,18653,2541,7457,1123,11552,8684,7484,16394,398,9279,14983,20020,21092,7227,17762,17974,12214,16407,6691,20032,21331,10563,8999,3348,9993,16325,15266,2371,9228,7597,8467,7362,17375,106,11466,22426,14390,16738,17903,12210,12392,18222,8334,19475,16570,15758,16502,21597,824,1439,18228,9316,10390,22446,8992,2046,18573,4175,8803,18170,4759,9969,16484,4149,19343,3731,18620,20943,12911,610,14974,4610,1200,18639,10516,9511,18251,21837,2163,2018,25400,20574,2988,6886,17659,18580,8968,18552,4116,19348,18598,14920,5411,16142,10110,10058,10890,2620,29888,1682,16622,8667,9063,16398,18465,9008,8950,17042,20551,16874,18384,23089,16498,18423,23138,6840,14537,14808,17186,16165,11929,15852,18259,18828,2530,15949,4117,21779,11858,10288,18026,16115,0,9555,835,2291,6898,18246,8826,2675,60,8740,17701,6887,10332,8069,21001,8783,14128,18702,15353,4522,19470,18794,17821,8770,20794,10786
20184,7838,14257,15917,10685,17278,3862,12429,12560,3881,9316,3681,5134,9903,5604,12256,14632,12615,10475,13399,5604,8692,4910,17258,14967,14007,5686,11261,34411,8013,8999,10022,18930,14148,4562,13531,8410,6873,9114,12188,3815,10590,14756,10002,8684,9084,17673,9035,9861,8433,12285,4653,30947,16366,17328,17088,9158,6285,5223,11646,5236,5501,6595,6679,5662,13331,19919,8627,8713,9627,6596,1351,7391,3526,5467,4877,9902,9592,3441,9458,9976,4958,3758,20587,13655,14545,9843,12196,6018,15238,8061,12374,15180,9725,17241,8422,8462,5141,16259,5386,9465,10371,9062,18556,12663,17175,11649,14594,8703,8853,11924,16952,12944,2505,14743,11045,14016,8869,8531,9873,326,3956,1623,16209,12122,9670,3044,16898,4475,7231,10631,2395,3970,11282,4871,15957,14193,8716,5330,11391,9876,8975,11077,585,1796,11978,5449,9373,14746,6542,5831,13356,5101,1374,14445,6716,10698,6950,12080,12462,5461,9713,5456,11794,8746,10074,1921,916,14643,13123,8910,9344,18362,11383,13082,17185,8938,11264,5425,11597,6483,12646,9950,10230,15386,9421,13600,1463,7841,7837,22068,8799,5756,5124,520,14937,15061,4788,13794,11703,12100,5374,13066,13597,16399,13725,12446,15581,7815,23986,9355,14581,3334,9896,13595,12248,9857,8806,6484,11638,3263,1693,10966,10517,9564,0,10399,8004,17301,14204,5283,10218,9624,5702,10559,3246,9521,2878,13737,5744,13965,10349,13760,14617,13763,11714,10801,5731,10296,3025
17957,11738,16069,23851,21383,6623,7160,23350,20593,8655,1063,6979,8929,17062,9227,21130,16321,18628,18998,7398,9227,10057,16661,7480,4792,17931,8976,17920,24115,3336,1297,2729,25997,5438,13120,19921,10564,3545,451,20330,12373,16348,6196,8826,14586,1640,7937,1333,1059,9799,20635,10741,23861,6329,25207,8028,11607,15620,8174,18592,9030,8977,10452,10537,15312,20428,26716,16033,1509,9850,4480,9319,18872,8300,9261,5326,1100,10103,7157,606,9685,9732,7055,10932,9471,17935,991,23485,6467,16746,2157,7483,18515,2281,7197,1558,11803,8935,7735,14913,1536,9194,14888,21712,21232,6967,19402,17683,12767,14775,6941,19708,21172,11117,8914,3599,9908,14714,15133,2621,9479,7848,8718,7612,17292,828,11602,22080,15968,16872,16071,12346,12529,16374,8585,21364,17902,14143,16552,21774,1074,1874,18085,9567,10641,22578,9243,2296,16738,4426,9054,19970,5010,10220,16147,4399,19493,3981,18465,18849,13047,861,16547,3575,1635,18778,10766,9761,17875,24212,2078,2268,27785,18675,3238,6626,19590,18583,9219,18518,4367,19192,18735,14731,5151,16018,10025,10308,11141,2870,29677,2871,15125,8918,9314,16045,16629,9562,8865,16903,20380,15426,18354,20789,16149,18355,21135,6580,15904,16026,19091,17527,12179,15732,16513,20580,2781,17507,4367,21962,12109,10538,19877,15947,722,9805,0,2845,6638,17953,9077,2925,782,8991,19518,7138,10886,8320,20836,9034,13754,20774,16543,4773,21281,16914,16001,9021,20947,11339
18210,10997,17576,24983,17954,7284,6735,21773,19686,8113,1271,6554,8187,14428,8485,21712,16223,19630,15868,7777,8485,9515,13723,8141,5453,17727,8234,17082,25404,3857,963,3250,27815,6099,12334,19034,9233,2828,1078,19434,11587,14110,6857,9205,13604,2301,8598,998,1580,9256,17885,10819,25147,6990,24009,8689,11064,14344,7433,17435,8289,8236,10827,10911,15435,21617,26003,14951,677,10229,3100,8777,17299,7758,8520,4584,1621,10482,6732,1588,10063,9190,6630,11463,9850,16168,1972,21911,6113,15808,2678,8004,17498,2905,7858,386,11062,8194,8266,15008,1421,9573,13885,19500,19796,7628,16779,17194,12225,13816,7463,21519,18337,10574,9293,4120,10286,13721,12763,3143,9017,7386,8256,8143,14636,1323,10816,21822,12780,17020,15293,10778,11742,17144,7844,18366,16089,14673,15111,20171,1595,854,17083,9105,10179,21019,8502,2818,15783,3685,8313,18739,4269,9758,17682,3683,18047,2992,17629,18004,14259,1842,15117,5011,709,17343,10305,9300,17784,20541,2457,2789,24478,19215,4220,7287,18037,17352,8477,17362,3625,20231,17302,15441,5812,14966,10404,9847,10399,3391,26198,1096,13820,8177,8852,16028,15704,9020,9244,16018,19458,14017,17190,22004,17756,15566,21710,7241,13463,16028,17514,15452,11717,14797,16979,17836,3302,14802,3626,20354,11647,10077,16792,15155,1694,9344,2124,0,7299,17473,8336,3447,1754,8250,16468,6676,10344,7858,22072,8293,15290,19185,16467,5754,18491,17665,16763,8280,17571,10797
17805,15736,17791,31115,27928,15,11564,26985,21586,15017,6894,11383,12555,21554,12067,26931,17915,21512,22721,4552,12067,10782,20784,1294,2155,18289,13281,20990,17618,8528,7119,8511,31195,1641,19110,23038,9907,7658,6398,21318,19414,17573,916,8169,18423,5175,1752,6265,6841,10432,23897,15510,19149,1229,32654,1968,11860,22799,12262,22993,12534,13813,15577,15640,20543,25570,31719,18383,6819,9193,7929,16476,22953,12587,12433,9414,6882,9446,11561,6341,9027,14841,11459,6837,7828,17903,6174,27084,10779,20255,8267,13826,20243,4916,1011,6869,14873,12604,3640,20103,6846,8537,20711,19801,27067,781,22673,17504,11849,18501,12469,21754,22300,16189,8252,10379,7350,20488,17414,8783,15462,11829,14159,3517,21776,7076,17572,22337,20143,25048,18948,17672,17799,21382,13585,23116,18112,17388,20252,28372,6856,7185,19818,17252,16783,26188,12415,8078,20325,8514,15127,22354,9098,16530,16128,8512,28010,8094,23622,21839,17467,6044,22270,3395,6945,27152,16622,15920,17743,27730,6590,8050,27409,23473,6491,414,25883,23336,12405,22916,8455,22123,27089,17478,1764,18261,9128,18255,14761,8062,32023,7427,22426,12622,16737,15648,20094,15342,8203,20177,23652,21177,22792,23590,15839,22949,26985,368,18213,8667,23175,17404,20705,21263,20778,21635,9504,20067,8455,28601,18818,16659,25191,20818,6544,15697,6372,8036,0,19498,12313,9069,6604,13292,22532,11505,11142,14898,23569,13347,12815,27281,14961,4637,24414,20190,18939,14680,24860,16827
8122,7754,3114,15265,17347,17678,12791,17822,5335,11795,16343,12610,9772,7194,10645,19603,3179,6580,15126,15283,10645,15463,14885,16825,19218,2498,9438,3517,28981,16936,15875,17819,11493,17260,18680,6975,14594,14391,17676,4667,17897,4683,17099,12770,6744,15101,18397,15874,16664,11275,5060,9219,28684,17647,16657,21146,10069,9720,11657,8624,9793,8998,7874,7958,10635,6443,12556,6687,16139,13024,15516,14600,16909,11689,11011,17847,18416,12035,12667,16824,11616,10718,12687,23732,9472,3030,18869,19600,13762,5567,15863,20939,5599,16718,16867,17662,7646,11183,20604,10931,17808,13138,7122,6135,19891,19084,4820,636,10705,6915,20336,5516,6388,13993,8948,16632,9391,6929,6659,17542,13591,12595,13812,20522,7329,18212,17014,5630,13326,16886,3799,13641,18105,3909,10630,7887,2925,5640,10351,17866,16662,16375,4930,14661,14939,16823,10993,19389,6135,15550,9214,7490,18071,14706,3196,15333,19080,15632,4855,5237,18227,18677,10861,17155,16294,16495,15267,14855,3207,18190,14214,17576,11314,9547,21579,19187,15106,9444,10984,8575,15388,6376,16391,4760,18826,6045,7854,14885,8007,14892,12602,16607,10728,11126,13400,5145,5770,10353,9070,5147,4875,15483,8455,7970,3717,6831,18057,17441,6125,27292,15576,624,12766,5212,7227,5023,18017,7191,14007,20056,12696,15038,9479,4005,16555,13867,16289,15854,17691,0,10891,18067,16485,9454,8893,12880,13599,13414,7216,10122,5424,18506,3771,20415,6071,5158,3968,10135,18325,14737
13694,4011,11302,15453,13416,12471,2273,14769,9619,1760,7720,2092,612,6008,471,14717,11296,9674,14129,7974,471,3467,8402,12088,10640,13460,799,8319,26972,7016,7403,8209,17358,11287,9067,10590,3040,5277,7518,9247,8321,7649,12044,4633,4790,7488,13729,7439,8265,2036,9343,2808,26695,12178,18563,15831,3294,10753,378,12617,591,1136,2611,2695,11668,11166,18152,4732,7117,4257,5000,5024,13100,1914,577,3281,8306,4222,2149,7862,4606,1622,2169,19087,8569,13510,8247,16346,3244,7879,6465,12963,7911,8129,11784,6827,3418,662,15928,8878,7870,5001,5168,15192,16422,11875,8708,13841,3927,4959,12422,15477,10003,6868,7678,9285,10166,4975,5590,7937,4997,2077,4236,14384,6427,8074,7549,15669,7967,12940,7690,6534,8476,8341,1476,8552,13202,5775,8823,13890,8280,7379,8136,5085,6159,15286,559,7777,7284,4947,1324,12771,3505,5738,11455,5120,14830,5354,9139,9521,9966,8117,8948,10198,7150,13476,6285,5279,11301,17016,7314,7749,16616,13572,10495,12474,12441,13469,534,12568,4887,9705,13453,7070,10999,6480,8402,5827,3414,6241,18335,7203,11762,606,4832,10910,8082,1509,7629,8762,9158,8867,12480,12096,11127,6762,14842,12428,7177,23220,12858,11640,6826,6955,7002,9306,8261,6610,4888,14159,6756,6056,13504,7896,7968,5323,8582,6408,12890,11263,0,8406,8028,783,12917,3321,4102,3838,11413,741,8736,13852,11054,12029,10821,8773,7859,754,13799,7944
20586,11778,20159,23940,18337,9051,7218,22293,21755,8596,2442,7037,8969,17653,9267,22232,20471,19693,18372,9950,9267,9999,14452,9908,7220,18409,9016,17458,26930,3277,3136,445,29928,7866,10831,20828,9717,3585,3061,21516,10085,16117,8624,11378,15310,4612,10365,3171,2909,9740,21764,11418,29407,8757,27823,9703,11548,15463,8214,20723,9070,9017,11311,11395,16570,21491,27968,16833,2349,10934,4520,9260,17886,8241,9301,5366,2950,10899,7592,2506,11283,9673,7114,10290,14875,20408,2891,20369,6507,17556,2197,4583,19445,5216,9625,2559,13652,8975,7093,14687,2591,11746,17146,24043,22304,9395,18662,17810,12709,15553,4042,21845,20152,9581,13324,1464,13592,15409,16080,583,9501,7870,8740,6970,17878,2718,9313,22100,13864,15961,18995,10057,10240,19234,8625,22017,20306,15216,16255,20536,2924,2100,19053,9589,9906,19633,9283,645,17506,4466,9094,18451,5050,9819,18391,4439,20330,4021,21484,21882,10758,2761,16290,6483,2151,19631,10788,9783,20377,23179,4630,636,26428,20510,2904,9054,18716,20447,9259,20646,4407,22280,19601,16018,8613,16889,15036,9691,11181,2910,28146,1847,14862,8958,9336,18395,19253,9503,11417,19655,19517,14667,18546,21829,20360,18827,20127,9008,16745,16654,16398,17658,11555,18249,16886,19697,1008,18006,4407,18760,11129,10560,19807,17084,2612,9827,3447,2786,9066,19913,9117,0,2672,9031,19459,7160,10828,8342,21907,9074,16252,17833,19066,4438,20370,19664,17138,9061,18037,9804
20155,11124,18002,23819,19216,6836,6663,23162,20697,8041,280,6482,8315,15496,8613,20960,16590,20637,17110,7329,8613,9443,14974,7693,5005,18208,8362,16370,24493,2722,515,3302,26112,5651,13193,19995,9162,2931,728,18542,12446,16481,6409,8757,16121,1853,8150,550,1528,9185,18812,10863,24240,6542,25168,8241,10993,15544,7560,20467,8416,8363,9839,9923,15219,20525,29587,14587,1014,9781,3866,8705,18688,7686,8647,4712,1569,10137,7037,1536,9615,9118,6559,11015,9402,18230,1920,23300,5853,16802,2316,8410,16860,2494,7410,1063,11189,8321,7818,14826,338,9125,14921,19950,21057,7180,19504,16238,12154,14823,7514,22002,21259,10503,8845,4325,9838,16257,15196,2977,8946,7315,8185,7695,17309,292,11675,20277,15815,18409,16177,12419,12602,18150,7971,19414,16500,14232,16450,19563,1543,1379,18157,9034,10108,22404,8629,2830,16789,3812,8440,18112,4396,9687,16414,3786,19310,3367,20450,20871,13120,1790,16451,4563,1140,20504,10233,9228,16490,24028,2009,2802,27920,18616,4168,6839,17621,18528,8605,20386,3753,19282,20459,16369,5364,14583,9956,9775,10527,2256,27050,1621,16570,8304,8781,16329,18395,8948,8796,16977,20479,15272,18328,23016,18107,16657,20959,6793,15954,14820,17151,16094,11646,15788,16509,20679,3314,17513,3753,19729,11576,10005,19811,17688,1641,9272,2061,2231,6851,18169,8463,3498,0,8377,17649,6605,10272,7787,23073,8420,14061,18668,15283,5702,21386,16987,17748,8407,20756,10726
13425,3200,11060,14965,13256,14629,2771,16036,8808,2713,8540,2590,1017,5578,1860,15979,11053,8863,10184,7731,1860,3225,9355,11846,11460,13218,15,7508,29897,7513,8223,9029,16757,12106,10020,9779,2798,6097,8338,8436,9274,6623,12864,4390,4360,8307,11118,8258,9085,1794,8532,2378,26849,15764,16357,16331,2866,7027,1116,13115,1038,706,2181,2265,7088,10409,19345,4303,7937,4028,5820,5522,14053,2411,996,4101,9125,3980,2647,8682,4364,1199,2650,17871,8327,13268,9066,16096,4076,7068,7284,14533,7100,8949,11542,7646,2991,1082,14985,6744,8689,4759,4738,14949,16189,11633,7897,13598,3448,4529,13932,15313,9192,7366,7436,10449,8538,4545,4779,9100,5495,2575,4734,14917,5997,8893,8502,15533,8920,13893,6879,7487,9429,7530,1054,8122,12959,4964,6757,15143,9100,8198,7325,5583,6656,13633,978,8596,6854,5766,896,8398,4325,6235,11213,5940,13289,6173,8328,8710,10919,8937,6814,11018,7969,14530,6782,5777,11058,16755,8134,8568,16016,14069,11314,11795,13394,13966,954,13065,5707,8894,14406,6259,11818,5669,8159,6324,2603,7061,19547,8022,7182,1025,5329,10668,7271,1128,7387,7951,8347,9820,12978,11285,10884,6375,14636,11841,6366,23676,13811,10829,7779,6144,6614,8495,9080,6222,5707,14016,7709,6554,8848,7085,8788,5821,9623,7228,14650,10452,790,9225,8848,0,13415,3818,3860,4336,10602,43,8494,14805,10812,12849,10037,7962,7048,30,14752,8897
19207,7961,14441,7309,5930,24812,11947,7582,6107,11959,17435,11766,13210,3467,13680,7408,14799,6162,3883,20964,13680,16663,4673,22196,23012,15291,9035,6104,35781,17422,18934,19167,12204,23424,11042,6976,16381,16698,17420,6435,10296,7271,21647,14555,4681,19195,24699,17155,17334,16404,6009,7110,39131,24135,8543,24038,10277,2710,13299,2235,13312,8594,7146,7348,2984,10148,13777,4679,17081,13895,16334,11293,4841,11604,13543,12962,19241,13752,11527,19750,15504,13036,11843,26482,19380,16209,20195,7349,14103,4355,16410,19821,4297,19329,24469,18551,8798,13217,26263,3281,17351,15459,4302,16839,8208,22319,5896,9382,10912,5187,19649,17047,6196,9951,17309,16944,18026,4477,5865,18899,11230,12041,11896,26197,3547,19424,9524,15062,5325,4681,6386,8508,10451,5434,12949,5074,14188,6271,4372,6636,19182,17150,5563,10939,9348,7131,13525,19288,3863,16313,8811,2473,13186,9934,16160,14605,5942,16464,6327,6009,11941,20032,3211,20342,17120,5318,7633,11140,14906,8276,16636,19279,12025,1052,20612,22359,4183,934,13500,2185,14678,6193,5194,7347,21054,5356,18354,9806,9159,17038,15167,18933,3078,13199,11711,17092,4178,12866,18935,5199,6346,5040,1748,9805,16896,2842,7598,24647,4988,33911,4599,9370,5623,4898,2712,5972,17720,3289,16202,6882,5553,7405,823,6593,19509,11219,17708,18151,24834,8993,13359,17655,19453,9050,0,11331,17492,12509,9954,9093,17540,5594,16102,22707,6498,5210,6556,9080,5540,9919
17588,5560,13878,18101,12872,11224,1047,14385,10083,1590,6473,866,2611,7515,3080,14330,13871,10138,11952,10500,3080,5849,7097,12081,9393,16035,2641,8783,27994,5170,6156,7082,19374,10039,6749,11054,5567,4030,6271,9711,6002,8113,10797,7159,6297,6241,15924,6192,7018,4356,9807,4314,30552,10931,17776,14052,5414,8577,2700,10440,2712,2642,4117,4202,9491,15095,20235,6239,5870,6784,3753,2847,12274,903,2943,2034,7059,6749,432,6615,7133,2610,943,16198,11666,16085,7000,15957,3175,12475,5218,12238,12417,6882,11798,5579,5350,2617,14939,9788,6622,7528,6674,16972,14475,11568,9172,12116,6010,6465,11789,15481,10467,4692,10205,8105,12362,6481,6053,6757,2820,911,2059,14875,10530,6827,5231,15560,6662,12114,8154,4581,6157,8804,2267,13195,15777,6239,7517,13578,7033,6132,8600,2908,3982,13574,2925,6530,11983,3699,2719,10594,2258,3561,14030,3873,12885,4106,9603,9984,7647,6870,9718,8951,5903,12260,4108,3103,13876,15120,6067,6501,20591,11395,9247,11227,11125,11292,2901,10391,3640,10169,12136,7778,9752,6944,11095,3650,4962,4994,20394,5956,9585,2600,2655,13485,12298,2497,10156,9226,9622,7561,10303,15455,13702,10963,15869,11181,7241,23060,12268,12104,5521,7419,10832,9770,7014,10272,3641,13458,5450,3880,11327,8360,6721,3147,7335,5161,11239,11726,2759,7278,6781,2656,10741,0,6678,1661,15554,2699,11312,12536,13630,10782,11285,9237,8323,2686,12482,5212
8805,5399,7266,16915,16717,18979,7544,17851,16369,6486,10853,7363,5383,8916,4894,19621,7259,16424,14676,8094,4894,3622,13128,17621,13773,9424,5187,14550,26267,9667,10536,11342,18287,14419,14039,11978,3161,8410,10651,15701,13292,8822,15177,4753,7698,10620,16652,10571,11398,3259,16094,6567,23554,19801,20178,13380,2351,16394,5466,18258,5362,5369,6113,6316,17309,17477,18922,7641,10250,4391,8133,10482,14326,6640,5261,6414,11438,3518,7917,10995,3901,5855,7439,17490,7285,9474,11380,19712,7555,9268,9597,16760,9300,11262,17317,9959,5360,5432,14395,10078,11002,5122,8076,11155,18013,17408,10096,9804,1947,7867,14511,11519,11391,12280,7131,12418,8561,7883,6978,11069,10489,6803,9727,14316,9335,11206,12521,11739,12614,14192,9078,11260,13447,14943,5710,12024,9165,7163,10091,17215,11413,10512,9524,10576,11650,16895,5243,10909,10108,8079,4907,18411,6638,11229,7419,8253,18446,8486,15889,16271,15969,11250,17536,13331,10283,17494,11776,10771,7264,20333,10447,10881,17338,19212,13627,18032,14486,19109,5233,18208,8020,16455,17398,8458,14132,7868,6037,11318,4802,9374,19195,10335,17403,5376,10323,6935,9470,5785,7253,10150,15908,13592,18121,19313,7152,10317,19811,18078,8565,19564,16067,9980,11552,8343,10309,16056,11393,9560,8020,19296,11481,11548,19144,9285,11101,10815,11714,9541,18920,11464,5141,11538,11161,4976,18558,8147,0,9329,19204,4933,4700,16098,7018,15162,17104,10161,9247,4946,17706,12502
18804,6492,14702,17704,12386,14876,4110,13477,14164,2535,7898,3929,3786,10386,4255,14793,13700,14219,11889,13031,4255,7207,6611,13473,11046,17394,4410,9915,29148,6315,7581,8228,19624,11692,6263,15032,6925,5696,7696,10842,5516,9244,12450,8518,7428,7894,13852,7617,8443,6948,10939,5446,28875,12584,17389,14917,6759,8513,3874,10377,3887,4155,5249,5333,9428,15373,22631,7371,7295,8142,5419,2362,9092,2180,4118,5125,8484,8107,2576,8040,8491,3612,2931,16713,12825,15010,8425,13580,6266,12411,6643,11711,12353,8535,14832,7005,7116,3792,14195,7087,8048,8886,7806,16256,14938,13399,10303,13248,7354,7597,11261,16349,11598,4206,12496,9251,13521,7613,7185,7903,2335,2899,1574,15586,10466,8252,4745,18063,6176,8932,9285,4095,5671,9936,3525,13152,14690,7370,7031,13092,8458,7557,9731,2423,3496,13679,4100,7955,11920,5366,4485,10530,5349,3075,13508,5960,12399,5773,10734,14066,7162,8295,9654,10604,7328,11774,3622,2617,15083,15684,7720,7927,18974,11331,12420,13410,10639,11228,4076,10327,5307,14250,11651,8910,11405,8075,12254,3164,6495,6847,22785,7381,9521,3775,2170,13885,12235,3442,12448,13256,10754,7075,10240,14255,15277,10899,13470,13399,8373,21812,11056,13235,5035,8550,10768,10902,8439,10208,5307,13339,4964,3394,11263,9492,8146,2661,8981,6619,13517,12858,3934,8424,8206,4426,10677,3494,8036,0,15830,4469,12670,12050,14988,13954,12417,13266,9454,4456,11997,4726
15647,7995,9602,9639,14545,25960,15664,14292,2065,11166,20753,15554,10013,6836,10886,15731,9470,1761,14155,20887,10886,15141,14105,25174,22834,8791,9679,3989,36248,19429,22428,21637,5762,22846,19739,1739,13806,20417,22655,2099,16994,5155,25202,16475,6288,21991,22803,20338,23045,11516,2278,8848,32621,25718,10873,27672,10310,12219,11458,8896,10034,9238,8114,8199,12493,326,7182,6230,22564,16309,20035,14918,14627,13334,11252,17355,20991,13984,15607,21263,15718,10089,15650,29062,15937,9322,21620,15637,17037,5209,20006,26118,4213,22094,22872,20292,8118,11423,28684,12790,22705,16016,6666,9427,14551,25607,3161,7215,10945,6458,25671,9490,1814,15195,17340,22834,18041,6473,6202,21361,15442,15653,16277,28600,6971,20948,17766,9355,14757,13372,4271,15547,18874,4230,9673,3518,9253,6593,9999,15013,23078,20650,4572,14326,15930,14752,11234,23753,4710,20047,9454,5673,17744,14356,9683,17976,15935,18298,2612,2003,19170,23639,12720,24741,20586,13814,16361,14501,9499,14392,19054,23738,5214,11388,26582,25695,14455,11285,11296,8846,18041,1842,13710,5232,22654,5693,14876,15991,8479,20915,6872,20806,12587,11440,15439,11632,4383,9725,17308,4159,2632,14177,9412,2127,10009,6473,16102,25722,5773,34254,14817,7203,12150,4854,6869,2241,24144,6833,18079,16907,12080,14608,11320,4478,23146,15141,22964,20026,25977,6825,11132,24145,20934,9694,10734,14112,11603,14363,0,10457,11911,15579,10258,25841,1252,4170,4440,10470,15277,15694
14780,3157,11103,14907,15098,14690,2728,15999,8765,2671,8497,2547,974,5536,1903,14464,11096,8820,10142,7774,1903,3267,9312,11889,11417,13260,58,7465,27155,7470,8180,9382,16696,12063,9930,9736,2841,6054,8295,8393,9184,6580,12821,4433,4317,8265,11161,8215,9042,1837,8490,2335,29624,12954,16300,14873,2823,6984,1073,13072,995,663,2138,2223,7045,10366,19278,4260,7894,4071,5777,5479,14010,2368,953,4058,9082,4023,2604,8639,4407,1156,2608,19765,8369,13310,9024,14570,4033,7025,7242,14490,7058,8906,11585,7603,2948,1039,16583,6702,8646,4801,4695,14992,14656,11675,7854,10798,3491,4486,13889,15355,9149,7323,7479,10406,8581,4502,4736,9057,5452,2532,4691,16508,5954,8850,8459,15576,8878,13850,6836,7444,9339,7487,1011,8079,13002,4921,6714,13713,9057,8156,7282,5540,6614,13598,935,8553,6811,5723,854,8355,4282,6192,11255,5897,14616,6130,8285,8667,10829,8894,6771,10975,7927,14487,6739,5734,11101,16716,8091,8525,15954,14026,11271,11838,13351,13923,911,13022,5664,8851,14363,6216,11776,5626,8202,6281,2560,7018,17673,7979,7139,982,5287,10711,7228,1091,7430,7908,8305,9777,12935,11242,10927,6332,14604,11884,6323,23733,13768,10786,7736,6101,6572,8452,9038,6180,5665,15420,7666,6511,8805,7043,8745,5778,9580,7185,14711,10409,747,9579,8805,43,13372,3776,3903,4293,10559,0,8537,14763,10855,12806,9994,7919,7005,13,14709,8854
4680,12000,2788,21589,23581,12936,11556,22273,10619,12141,15416,11375,10805,11913,10317,22229,2781,10674,17830,8178,10317,9033,16953,11578,14954,3484,10937,8800,20382,13593,14868,17695,16409,14495,18254,12259,7173,12422,13573,9951,17811,9967,13669,7521,14299,12438,10609,13502,15969,8682,10344,12316,22164,13316,20904,14409,6976,15180,10889,16842,10784,11026,12713,12916,17102,11727,18312,14241,13910,7775,12146,15779,21057,12299,10684,10426,15960,6785,13891,15846,6366,11278,11452,19635,3852,3832,14560,22275,11567,10851,15342,20089,10883,12082,11274,13897,11772,10855,16511,16646,13780,7889,11653,5917,24760,11365,10104,5326,6965,14467,19324,5819,11672,15502,3698,16166,4574,14484,13578,15806,13991,12481,13537,16425,12613,14129,17177,6040,16459,19009,9083,17448,19867,9193,12273,13996,3225,10924,16895,21910,15922,14196,10214,15877,16974,21281,10666,17281,11419,12092,10657,15902,10651,15129,2940,12266,21393,12499,10139,10521,19823,14401,15181,13467,14101,22630,15568,16266,2786,22776,12271,17262,15456,18269,18461,11528,19117,16361,10727,15216,12033,11633,20437,10044,14952,11329,2605,15271,11402,13386,16938,15980,16929,10872,15160,2457,11054,11208,3820,10431,10159,19292,15210,13571,2673,12115,22448,11574,11409,21232,19356,5501,17521,10496,13335,10306,17796,12475,12033,22221,17485,16995,16158,9289,15572,15391,15159,13873,12876,5587,10563,17913,15497,10725,15914,13696,6178,14229,13463,10682,0,22914,2540,16819,11328,10442,9252,10695,22820,15274
24511,10077,21847,12691,1143,24731,11322,2548,11245,11341,18452,11142,12592,7836,13061,2421,20196,11300,3744,22188,13061,17000,3768,24693,22595,21293,11276,11242,39760,16781,20221,17602,19873,25562,11066,12881,15899,16427,20487,11572,10320,14637,26243,19766,9094,20992,25048,20186,20002,14915,11669,9351,39483,23897,13925,26139,14456,5096,12681,7616,12693,10835,9387,9589,4562,13874,19234,9036,18079,18823,17810,11317,1709,10986,12924,15751,20161,17328,10902,18860,19420,12418,11218,30151,23895,20102,21223,2407,16335,9492,19093,18323,9434,21135,27201,19623,13903,12598,27721,4858,20316,19195,8672,23202,2973,27151,11034,16608,16631,9262,18478,23401,11333,9975,23582,17636,24352,8847,9447,19200,8417,11417,9084,25107,7916,18614,9548,23004,4420,2029,11524,8532,10475,10572,12331,10843,19610,10433,5586,1849,20108,18051,10132,8126,9372,2371,12906,17879,9000,16119,11052,7611,14665,7320,20041,17600,1156,17919,11464,11147,11965,21101,4789,24242,18052,631,7649,8028,20280,3005,18449,17877,19731,6346,21149,24645,2156,6227,12882,7567,16036,11331,561,14629,25356,9181,23017,7408,11076,18263,19163,19803,4656,12581,8644,22942,9315,12248,21230,10337,11484,4135,6886,15322,22777,7455,2364,27152,9003,36415,1351,16486,5423,9268,7382,11632,19784,7659,17681,2096,5413,7421,5929,11135,20613,8406,18848,17406,24752,16791,12740,19655,20575,11291,5713,10707,17743,10339,14135,11334,20790,0,21829,21678,14692,10347,11693,11321,355,9943
4420,11313,1051,19642,20395,14952,13971,21115,8894,14442,16736,13790,13321,10187,12833,23227,1044,8949,16779,12069,12833,10458,16144,15381,15255,1747,13238,7075,24541,14585,16191,17082,15728,14881,20105,10534,9589,15017,16314,8226,19505,8242,16004,9822,10303,14998,15101,14698,15633,10983,8618,14586,24244,15141,19105,18038,9391,15575,13405,13785,13300,13327,11432,11517,14548,10001,14470,10245,15064,10077,13369,14292,20058,14600,13199,12842,17241,9087,16192,15612,8668,13794,13867,23618,7313,2096,15835,23256,13982,9126,14976,22981,9190,13644,14007,15016,11205,13371,20157,14162,14982,10191,9928,4180,21322,14549,8379,3589,9380,10473,22190,4082,9947,15374,6000,17351,7233,10488,10113,16820,13834,15323,13586,18204,10887,15342,18730,4303,15703,18131,7357,15464,17905,7468,14575,11446,1489,9198,14390,23052,17198,15337,8488,15714,16698,22170,13181,18463,9693,13414,13120,11722,13066,16417,1204,14602,20380,13452,8414,8795,17919,15669,14230,16639,15246,21527,15368,14598,1049,23768,14573,18444,14676,16744,19991,14657,19966,16499,13171,15128,13282,9934,21417,8318,16228,9604,4906,15047,11565,15571,16306,15621,15878,13388,13627,2197,9361,13724,6122,8706,8433,18404,15147,11835,1559,10390,23494,16200,9684,23569,20330,3765,16893,8771,10785,8581,17210,10749,14690,23405,15283,16748,14827,7564,16921,15166,15009,14941,16490,3850,13079,17299,16844,13027,14609,15997,8594,16531,11726,13145,2476,19805,0,16773,9629,8716,7527,13158,21699,16534
19155,14750,19723,29455,24492,4613,11036,24031,21314,12414,5731,10855,12489,18294,12787,23975,18106,23425,20127,8728,12787,14225,19833,5470,2782,20037,12536,18842,22738,7964,5965,5802,31458,3428,13333,24911,13349,7130,5839,21068,15217,17389,4186,11611,19132,4647,5927,5737,5687,13874,23547,14235,22498,4319,28085,5736,15303,18521,11734,21457,12590,12537,14417,14541,20075,23043,32194,19088,6072,12635,7401,13078,19972,12059,12821,8886,5728,12992,11409,5803,12470,13491,10931,6353,12256,19915,5086,26625,10252,21468,6785,9382,21514,4388,5187,6341,16192,12495,3157,17815,5788,11979,19478,21592,26529,4957,20239,18290,15291,19321,8840,23782,21881,14549,11699,6750,11675,19280,18151,5940,14826,11687,12558,3034,20394,5496,13963,21971,17370,19718,20580,16039,15387,20952,13404,22168,19960,18518,17919,24868,5702,7386,19120,14535,15021,25733,12803,5930,19484,7986,12614,20965,8570,13421,19777,7984,24597,7566,21106,23695,14959,5241,17915,2045,6418,23826,13374,14402,17984,27353,6063,5922,30560,21569,2863,4616,22750,21474,12779,23567,7927,21831,21577,19054,4175,19053,12810,14780,14258,7498,32443,7132,19869,12478,13154,19524,21330,13321,11651,19594,21133,18293,21221,23412,17849,19486,23971,4570,18948,10527,20166,18158,15891,20352,21334,21315,5875,20627,7927,25045,15942,13471,23067,18561,5390,14882,3914,7472,4628,18523,12637,5440,5450,12551,20602,10977,14645,12160,23445,12594,15260,23893,18487,0,21930,19605,20517,12581,24077,13726
13596,6631,8193,9830,15190,22135,11668,13724,995,9803,19222,11487,8649,5472,9522,15098,8061,509,10592,19395,9522,11583,10952,23641,23537,7382,8315,2580,35256,19720,20743,22155,5982,21387,18219,1229,11156,18725,19026,847,17227,3747,23621,13518,4924,20323,23623,20730,19374,10152,1240,7485,31718,21887,11064,23692,8946,7998,10094,5711,8670,7874,6751,6835,8913,931,7401,4867,18939,13331,18344,13448,11598,9697,9888,14209,19457,11588,11544,19732,11971,8725,11547,30384,16232,7913,20090,15030,15348,3054,18471,24464,2875,18534,23674,20675,6709,10060,24543,8623,21019,13117,5302,11017,15404,21823,1797,5806,9581,5095,21780,9822,1304,15179,14511,19181,15167,5109,4839,19824,11599,11472,13273,24468,5607,21400,14757,9686,10541,11358,2862,14519,17380,3158,8309,3008,7844,4703,8635,14269,19405,19116,3208,18298,17218,13840,9870,20014,3144,18355,8091,4487,14563,17492,8275,16441,13707,18476,1035,1417,17659,19918,8693,23101,19053,12027,14811,12863,8090,13906,19334,20001,5803,7825,22587,24137,10892,7722,9860,5662,16506,305,11903,3823,23359,4329,15064,17580,7070,17441,7091,19271,9007,10077,11408,10224,3046,8361,14469,2391,1055,10596,6515,2458,8600,5110,14021,24163,4409,32789,11591,5794,10787,3491,5505,1203,22450,5469,18234,16093,10716,17594,7757,3069,21459,11875,19308,20380,22151,5417,9768,22451,19404,8330,7171,10888,10240,11422,1705,8999,10503,13330,8850,24171,0,2401,3031,8360,12249,15930
15051,5327,7898,8126,10218,20173,9100,12936,2091,8499,18515,8919,7346,3051,8218,12785,7766,2146,8171,15863,8218,10279,8508,21576,19187,7087,7011,2233,34431,16991,16414,17571,7528,21266,15397,2437,9852,14535,16628,2484,13862,3399,19422,11445,3647,16131,21627,16401,16918,8849,1992,6181,34129,21860,9360,21738,7643,5578,8790,4482,7367,6571,5447,5532,6493,3456,8948,3646,16503,11070,14187,14860,9153,8393,8585,11372,18744,10284,10240,19078,10668,7422,10260,25325,13429,7617,19484,12775,11335,709,17638,19578,530,17890,19599,16311,6142,8756,22354,6789,18357,11813,3268,10721,13584,21920,1394,5511,8278,2744,21128,10103,2179,13518,13731,16698,15297,3444,3535,19063,12719,10168,10516,24558,3187,18731,13091,10324,9160,8914,2515,12074,14585,1562,7006,3745,7549,3926,6166,10924,16953,18369,1965,12428,12915,12507,8567,19293,1034,14194,6787,4021,11596,11622,7979,15409,10231,14308,2327,1992,14846,17508,6719,18759,18304,9606,11951,12330,7794,13652,16801,17492,7350,5405,20164,21995,8471,5302,8629,4432,15482,2177,9483,3476,19098,3026,12637,13373,6503,16503,8638,16806,6586,8773,10104,9928,701,7058,13853,168,2347,8176,4313,4393,8304,2503,12975,19974,3106,30882,9147,5499,8317,1267,2899,1955,17847,3049,14084,11171,8247,11723,5337,2721,17052,12708,18642,16028,22253,5121,8465,17842,18723,7027,4750,12348,8936,10118,3704,7696,10207,9882,8554,21607,2482,0,2684,7709,9829,13485
11507,4253,6696,9603,11696,18923,9290,15022,2769,8777,15923,9109,6272,4233,7144,13594,6564,2824,9649,15990,7144,9205,10009,18282,19907,5885,6970,1544,32778,14620,17101,16870,8952,19969,14047,4311,8778,13706,15720,2101,15364,1437,20055,10371,2870,15124,18302,17089,17733,7775,2494,6014,29466,18633,10837,20484,6569,7055,7716,5959,6293,5497,4373,4458,7495,3877,10372,2812,15645,9711,14726,11099,10655,8188,7511,10298,17821,9210,9166,18111,9594,7217,9170,24260,12856,6415,16787,13589,10261,2902,15192,19191,2935,16774,18308,15469,4145,7682,21246,7152,17380,10739,3247,9519,13856,18623,2254,4309,7204,3040,20638,8901,3724,15019,12529,17537,12776,3054,3368,18287,10090,9094,10311,21171,4664,17764,14592,9122,9070,10416,309,13576,13381,751,7130,5223,6347,2139,7164,13726,17763,15827,2265,11160,12234,12897,7493,18476,3470,13374,5713,5499,10522,10996,6777,12137,11709,14857,2289,2671,13574,16615,7222,17659,17373,11084,11325,11355,6592,15425,15681,18461,8773,6882,21257,20606,9949,6779,7554,5910,11850,3810,10960,1514,17924,2858,11435,11084,4506,15611,10061,17623,7589,7699,9899,8726,3105,6853,12651,2483,2309,9653,5791,5403,7102,4167,15286,18716,2938,29400,10648,4296,9316,2804,4562,2456,17129,4526,13264,14058,9245,11097,6814,37,16169,10366,17636,15209,20874,3919,7391,18889,16103,6758,6228,9380,7862,9913,4650,6715,9005,11360,7352,18615,3505,2493,0,6728,11306,14987
13402,3170,11090,14935,13252,13300,2741,16026,8778,2684,8510,2560,987,5548,1890,15969,11083,8833,10155,7761,1890,3254,9325,11876,11430,13247,45,7478,27132,7483,8193,9395,16717,12076,9943,9749,2828,6067,8308,8406,9197,6808,12834,4420,4330,8278,11148,8228,9055,1824,8503,2348,26855,15794,16328,16362,2836,6997,1086,13085,1008,676,2151,2236,7058,10379,19300,4273,7907,4058,5790,5492,14023,2381,966,4071,9095,4010,2617,8652,4394,1169,2621,17907,8357,13298,9037,16086,4046,7038,7255,14503,7071,8919,11572,7616,2961,1052,15019,6715,8659,4788,4708,14979,14680,11662,7867,10811,3478,4499,13902,15264,9162,7336,7466,10419,8568,4515,4749,9070,5465,2545,4704,14950,5967,8863,8472,15563,8891,13863,6849,7457,9352,7500,1024,8092,12989,4934,6727,15139,9070,8169,7295,5553,6626,13623,948,8566,6824,5736,866,8368,4295,6205,11242,5910,13284,6143,8298,8680,10842,8907,6784,10988,7940,14500,6752,5747,11088,16744,8104,8538,17607,14039,11284,11825,13364,13936,924,13035,5677,8864,14376,6229,11789,5639,8189,6294,2573,7031,19502,7992,7152,995,5300,10698,7241,1099,7417,7921,8317,9790,12948,11255,10914,6345,16123,11871,5275,23703,13781,10799,7749,6114,6585,8465,9050,6192,5678,14013,7679,6524,8818,7056,8758,5791,9593,7198,13319,10422,760,9592,8818,30,13385,3789,3890,4306,10572,13,8524,14775,10842,12819,10007,7932,7018,0,14722,8867
24386,10270,21696,12440,815,24840,11516,2051,11175,11535,20517,11335,13634,7766,14103,1927,22107,11230,3674,22234,14103,15454,3962,24785,22729,21133,11470,11172,39765,16942,18502,17804,19523,23315,10899,12630,17550,18263,20658,11502,10152,12338,26365,19790,8980,21136,27700,18470,20192,14928,11599,9545,43522,24017,13674,26256,15894,5290,13723,7365,13736,11029,9581,9783,4755,13605,20850,8979,20106,18858,16297,11149,2302,11180,13967,15865,20350,17335,11095,20972,19430,13433,11412,30356,21660,22003,19425,1911,16430,9422,19276,18622,9364,19307,27304,19803,15231,13641,27897,5052,20492,19217,8601,20860,2477,27264,10963,16447,15054,9456,17024,21042,11263,9808,23560,19634,24332,8777,9641,17618,8610,11610,9277,27847,7846,20697,9381,20673,4614,2622,11454,8364,10307,10501,13346,10592,21457,10627,5780,1355,18416,20080,10062,8320,9205,1875,13949,19920,8930,17920,11245,7541,16281,7513,21938,17751,826,16398,11394,11077,11798,21285,4982,24393,20080,505,7843,8222,20144,2509,20465,18071,19390,6276,21342,24750,2086,6157,13924,7316,17825,11261,424,11901,23127,9374,20852,9663,11269,18431,18844,19994,4849,13623,8837,20687,9245,13263,21212,10267,11414,4328,6816,13626,20535,7385,1867,24740,9197,33154,1944,16327,5617,9198,7312,11562,18152,7589,16180,1602,5607,7615,5859,11065,18866,8599,19006,19366,27400,16626,13783,19880,18832,11485,5643,10900,16065,10532,13861,11528,20704,669,19688,21845,11566,10277,11623,11515,0,9775
19591,8545,17032,15630,7471,18523,4569,11017,13700,4588,12078,4389,5839,7505,6308,10844,17449,13755,6855,16204,6308,9399,3498,16841,14612,15173,6394,11968,32546,8720,9707,10077,19349,16785,4106,15499,9117,7580,9821,14028,3359,11298,17503,10710,8017,10298,19002,9742,12545,9140,13602,5939,32272,15938,15405,20042,8812,4873,5928,10234,5940,6208,7302,7387,4250,13844,22464,7960,11985,10348,7304,1909,5979,4233,6171,5584,12586,10299,4149,12143,10683,5665,4465,21466,15016,15743,12527,10785,6725,11948,8768,12429,11890,10940,16823,9130,9169,5845,18935,3974,12228,11078,8416,17905,11644,18441,13489,15301,9408,8186,11980,18030,13789,2162,14737,11101,15376,8202,9238,9929,1664,4664,2331,18885,7651,12354,2635,17939,3064,5740,11339,983,3514,13027,5578,13461,15373,9424,3919,8177,12560,11737,9867,1373,236,10566,6153,10471,11456,7250,6538,10066,5809,1249,17244,7424,7484,7657,13920,13602,5004,12397,4044,14010,11788,8662,1578,1275,17469,11711,9912,10499,18834,9971,14692,18446,7527,9852,6129,10185,7191,13786,8538,10963,15045,8104,14426,1337,8549,8544,20462,11483,4344,5828,1891,16170,11771,5495,16026,12792,13728,3963,9776,14082,16103,10435,11034,16722,7926,25088,5973,16963,1922,9012,7130,13565,11256,7394,7191,8423,1852,1350,9554,11225,12249,1653,12862,8811,18546,13371,5987,10274,12309,6409,9147,3954,10228,3586,14239,6452,16835,8938,15001,15129,14091,12803,11262,6439,8884,0
