0,25627,26895,28918,21662,20058,26689,24742,17164,22741,19872,17654,20311,16321,26239,25503,20098,21571,23608,23010,23393,28196,23006,26304,23933,17442,22745,22060,25896,18437,27506,22187,19300,18338,23223,19199,27489,16106,28240,23574,19906,18519,23691,26405,26123,23374,23146,18661,26332,26387,21336,24656,19706,24789,25834,16940,24990,28981,15315,22114,23910,23415,26129,18559,23001,23475,27890,23627,28205,22809,17070,24543,21168,17347,24355,20034,21642,28853,27177,22324,24809,20835,20922,22055,25436,28834,24595,16247,17852,28406,28555,19609,24167,20732,16366,23222,22242,26502,25895,21747,22798,27659,18248,22234,26721,25546,25922,19107,23677,19641,16533,22843,24761,24064,28894,24858,24422,25760,20879,23067,20095,25904,25840,18403,24210,25045,20770,23586,25237,21263,24680,21304,28277,28799,24759,23926,26181,28799,24032,17559,22936,24074,21787,20403,24626,28084,24744,24616,27168,16679,23554,24171,22172,21673,25044,26240,19792,25806,28314,24629,25804,23365,17133,18374,19477,26107,18139,25710,26342,22294,29034,28370,26765,27674,23503,19600,23771,20132,18040,19521,18426,17724,24315,20326,27791,19080,19163,17785,23806,27612,20759,24000,18310,17468,22642,23247,25535,17527,20238,24878,22150,24602,22091,28487,23291,22238,21847,28376,21528,17711,17321,19779,26314,17423,19943,25852,28845,24661,25399,22966,19818,18875,27933,25343,22936,25614,27360,18463,26594,17292,21819,27244,23894,22676,23825,28744,19058,23289,19554,25194,17886,22672,23631,16035,23335,16247,19747,18048,23106,16438
28246,0,4217,13990,15212,9715,20870,10969,6448,4280,13646,6076,17573,14187,9643,17071,6979,14845,13326,3814,11068,4669,1174,3189,2804,10547,10334,17150,3025,10877,4952,10969,7493,5764,10556,7566,4952,7241,11901,16401,9920,10751,16196,979,14073,4465,17582,7936,13752,14143,7376,10927,6669,20870,108,6851,3332,16182,8138,10313,10552,1374,14073,11143,14707,10558,2400,643,2933,8658,10583,4228,11641,13393,5876,9322,6904,21113,13482,17218,3981,7019,24811,22750,1656,2407,2035,8368,7276,1840,13991,15120,24300,17419,8376,1165,6668,1547,13991,8836,9019,13295,6028,10322,20870,2933,3025,14277,15432,15241,8773,16998,20678,13178,14073,4280,24577,1600,8065,4280,17356,13870,14719,7403,13536,4952,15929,0,4280,8316,3888,6902,13295,4607,10556,20870,2628,14073,0,7151,4044,4173,9870,9670,4155,13900,3836,17306,2558,7179,17582,4190,6766,9355,1982,0,7047,1503,12503,14653,3013,1465,10197,8379,8005,9643,15920,10560,18040,13249,17763,13394,20638,17023,707,9547,3672,10190,17142,6896,7798,6813,20870,9560,4974,16260,10340,9410,16039,12508,9931,16850,7338,7578,6538,13869,11271,7962,6774,1822,6453,20870,4015,14879,1529,10556,13031,21113,14661,14758,10737,11500,15013,10241,6487,9643,1206,10556,10556,7922,6830,10197,2877,12515,17582,11961,5028,17709,20870,7512,22501,13166,0,14684,22778,12460,10320,13583,6169,3072,7191,10940,22943,7013,4010,8537,7496,7389,10556,7140
24402,4222,0,18078,20669,10866,17597,11850,8113,5343,18619,7717,17535,15069,7789,21311,7327,22370,15105,5933,11950,1833,4097,3178,1812,11698,11216,18635,3609,12028,2115,11850,8644,7405,11438,7682,2115,8906,10048,20279,10661,11633,20707,3237,18715,6157,18653,9087,18370,18144,9179,11809,7017,17947,4114,8517,1607,24951,9803,11194,11433,3508,16133,14861,22003,11440,2826,4096,3517,9540,11464,0,16184,12172,9670,10204,7252,19274,21831,18587,880,8822,29276,27695,6762,7904,6416,10033,8917,7311,16441,12974,27034,17678,10041,4089,7016,4470,15085,9718,9901,17600,7669,15406,17956,3517,3609,12001,19468,12974,10576,23339,21293,15874,16595,5343,30103,3281,8946,5343,17411,22522,12866,9044,19164,2115,17678,4222,5343,9197,973,10621,18600,2074,11438,18395,8118,17321,4222,8954,6164,67,10752,10551,999,15748,5956,19792,2663,8845,20172,84,7114,10236,3582,4222,8688,4427,13385,21633,3597,4388,11348,9530,9156,7789,17411,11442,22818,18903,19326,19961,21053,23171,3630,10698,748,11342,17411,7244,8950,8454,19524,10441,2137,17727,11491,10561,22072,13390,10813,22893,9003,8730,10029,19826,12153,9627,8576,3423,6801,17888,6135,20080,4452,11438,16757,19373,22164,12974,11888,14327,18374,11392,6835,7789,6738,11438,11438,8804,7178,11348,1924,13397,20314,10107,2192,17535,17660,9177,30219,18027,4222,19853,27620,10606,11471,19569,7810,2475,8832,11822,30560,8679,6130,10202,8647,8540,11438,8806
26238,15419,18258,0,26912,7088,26654,19019,16082,16464,27252,13262,16192,19692,13173,30508,11206,29257,23926,15423,18390,17621,15481,18970,19460,8390,20474,25001,19509,8719,17903,17540,11842,12342,15553,10255,17903,15317,14876,26508,7326,18254,29925,16589,23675,13391,27689,9231,2442,49,10437,17606,10896,27070,16763,14496,17939,29207,15530,17892,16703,16063,25171,18073,26145,17691,18726,16745,19417,20075,18684,18270,22911,8655,15292,18145,10374,25930,29053,24981,18529,11245,38449,37012,15108,17156,13585,17320,13488,16376,21628,9457,36318,16335,17215,16365,11384,14964,24020,17698,17738,24953,12606,22304,27041,19417,15517,8484,28370,9457,10090,30333,28540,22491,23297,16464,36635,16490,18556,16464,16068,27048,17694,12628,25501,17903,16335,14594,16464,16468,18622,17807,25963,17222,18500,24937,19224,24011,13670,10792,15622,18214,19911,20096,18647,20995,16679,24373,19629,14964,27353,18232,11298,19454,17592,13454,13259,16105,19515,28858,19497,16128,8040,8914,9797,13173,16068,18253,29384,25736,3398,29294,28269,29634,16242,8483,18397,7825,16068,10668,10170,12380,24304,18120,17925,16384,8182,8345,28975,21755,19677,29783,15151,11933,18772,26264,21227,15450,10299,17433,12077,26994,14764,29428,16080,18619,22913,28662,29055,9457,8852,22620,2446,8083,12111,13173,15581,18040,15476,18754,10822,8039,18193,19788,27432,14936,17980,16192,24238,15564,36696,25352,14000,26003,36873,15435,8162,28678,12910,18375,13404,17150,33532,14441,15411,17628,9887,9780,17193,16702
23875,16767,22780,29661,0,20749,4916,11170,15303,18583,9690,16085,26905,12550,25861,1472,18084,272,10695,12784,11269,23637,15058,19730,17588,20996,8730,2695,17950,21251,20810,11170,18547,16714,10758,20436,20909,14166,24941,463,22682,12701,3213,15907,11442,13640,3621,18440,26766,29864,20238,11128,19722,4916,14876,15707,18241,4876,15978,10514,10753,17214,11442,12090,893,10759,17439,17114,18184,9009,12532,19864,8805,21337,10810,9620,20239,5160,4233,2764,18799,19457,10162,10896,15365,9732,15157,15764,16929,13242,11360,25661,7838,24523,15772,16493,19424,13298,11360,10164,9365,10664,14988,8925,4916,16579,16926,22190,1488,23410,17937,1349,4725,10546,11442,19956,7915,17317,10087,19139,24120,4357,23312,15464,3060,20316,27168,14606,19270,10338,18707,10037,10664,20207,10758,4916,9556,11442,14456,19144,12670,21020,10072,9967,18897,11268,13224,2852,17402,16035,3621,22370,17969,10442,18604,16013,16529,14598,11332,4480,18123,16189,22218,20476,17541,23379,24212,10762,4922,8472,28626,4442,4685,3049,17010,22034,20563,23832,23828,18185,18091,15307,4916,9857,20212,25068,19736,22172,567,11332,10133,84,16193,17074,11109,2459,11473,15357,19345,16867,19098,4916,13856,4442,15983,10758,8254,5160,470,22900,23237,9171,26656,22863,19152,25357,14256,10758,10758,9945,19920,19905,18164,11325,3621,27371,19942,27045,4916,15630,11071,10534,14084,1093,11071,25819,22819,2642,16277,19510,15239,11141,10113,13582,13109,15933,19577,19633,10758,15996
18199,9746,11738,7117,22869,0,21185,14286,7389,9150,20255,6174,7113,14749,17824,24021,4492,22496,18730,8328,14385,12398,8881,11675,12679,1301,13652,19225,11512,1631,12680,14286,4754,5254,13874,3541,12680,8182,19528,20331,238,14068,23702,9465,19489,8758,21661,2516,7408,7183,3723,14244,4181,19720,9638,7793,12172,26387,7930,13258,13869,8938,18842,14289,21912,13875,10887,9620,11419,11976,13900,11749,14673,1749,12105,12639,3660,23455,21139,21257,11446,4156,30345,29312,9352,16120,9006,9309,6400,15288,17824,2551,28682,7257,9317,9241,4670,9622,19780,12153,12336,18295,5518,14506,21511,11419,11512,1578,19694,2551,3002,23786,20791,19614,19230,9150,29007,9365,11382,9150,6989,24340,22346,5540,21628,12680,7257,9746,9150,11633,11539,13056,21189,13446,13874,19743,14839,21772,9746,3704,8559,11694,13260,12987,11564,17164,8351,20694,10301,8121,19526,11711,4584,12672,10468,9746,6171,9579,17774,23130,11499,9540,951,2200,2709,17824,6989,13878,24097,17265,8364,23867,22529,26404,9118,1395,11876,919,6989,3954,3082,5292,19353,12877,12702,7306,1094,1257,20198,17652,13249,20874,8279,4845,12465,22745,15865,8903,3211,10308,4989,19602,8241,21786,9604,13874,16761,23363,22309,2551,1491,14625,7413,995,5023,17824,13535,13874,13874,11240,4108,951,12489,17833,19394,19587,12757,7113,19237,7932,28987,18444,9746,19681,29099,20086,1074,22534,5822,11167,6316,14257,29136,7954,8525,9478,2798,2692,13874,8082
24215,20619,19395,24183,4982,19221,0,14772,18905,17314,13292,22374,25505,16587,20301,4294,15879,6150,14296,16386,14871,20047,20006,14064,14306,19674,12331,4184,22385,19891,19423,14772,15303,13368,14359,18308,19550,19698,22095,6230,19075,16302,2794,20338,15044,16599,3589,18350,26449,26847,16377,14730,15785,0,20511,19308,14760,3258,13719,14116,14355,19812,15044,16935,6619,14361,15199,20493,22292,12611,16134,18373,12407,22111,14412,13221,17968,848,683,3968,15424,17366,16409,14908,20478,6413,20132,20608,15120,6796,14961,22055,11850,25544,20617,20114,15366,20587,14961,13765,12967,14266,21717,12527,0,22292,22385,23123,5538,24454,18420,3892,191,14148,15044,16795,11927,20239,13688,17895,25203,964,20219,14188,4256,17053,23308,20619,16422,13939,15353,13638,14266,18383,14359,0,6212,15044,20619,15843,16272,19911,13673,13569,15578,14870,16825,3880,13915,19636,3589,17239,17360,14044,13235,20619,13323,20630,14933,436,22373,20413,18863,18596,15987,22302,25338,14363,3303,12073,25460,954,232,3761,19991,18520,17112,20143,22593,17794,18017,13706,0,13459,16896,23717,20227,20557,5876,14933,13734,5065,19795,17157,14711,3468,15074,20202,15803,13263,16616,0,17184,954,20605,14359,11855,848,5994,23871,21820,12773,23878,19410,15172,19873,7576,14359,14359,13546,17573,20498,14587,14927,3589,21976,18395,23273,0,13300,15083,14136,20619,6008,15083,22983,19400,3185,22022,15551,13587,14743,14125,19944,16711,20778,16147,17814,14359,19597
22448,10405,12165,17256,10864,14301,14673,0,8733,12058,8233,10894,16879,9566,14772,11927,13228,10591,5361,6214,1480,12825,9908,12334,13106,14861,4138,10953,12171,15464,13107,0,12080,9974,2700,12727,13107,9526,15164,10670,13743,6130,12317,10124,5677,6427,11385,12522,17068,19211,12538,42,12917,14673,10297,9137,12599,14633,10423,1238,2695,9597,5677,7813,11059,2702,11546,10279,12078,2496,5962,12176,5219,13894,4240,3156,12698,14916,13990,11021,11873,12181,19790,17777,10390,2905,9917,10653,9588,2800,5595,17476,17080,16855,10661,9900,11937,10281,5595,3700,3163,4899,10238,4125,14673,12078,12171,14831,9978,17621,13376,11804,14482,5213,5677,12058,17337,10024,3517,12058,16624,14113,14665,11526,12052,13107,18723,10405,12058,3768,11966,3573,4899,13873,2700,14673,2873,5677,10405,11754,6100,12121,2014,3504,11991,5504,6654,11110,10960,9465,11385,12138,13320,2857,11127,10405,9359,10238,2915,14237,12158,10199,14784,12966,12592,14694,18480,2704,14679,7052,16170,14198,14441,13776,9777,14134,12303,13810,18044,12590,12385,11277,14673,3393,13129,17380,14927,13996,10316,2920,3186,10948,9623,12165,4539,11563,1683,10247,11741,10967,11722,14673,7012,14198,10263,2700,6834,14916,10434,17039,15024,5079,18679,14828,11756,18342,3404,2700,2700,3374,12844,14784,12916,2927,11385,15045,13184,18749,14673,9797,19313,5201,10405,9588,17789,16053,14589,11443,8481,13467,9503,29,17947,9298,6539,10822,12082,11976,2700,9426
18918,6622,8600,14592,14912,7758,18721,8772,0,6184,12281,1802,14352,6517,14777,15291,5613,14639,11178,4358,8871,9260,5742,8552,9541,8479,8186,15002,8388,6645,9542,8772,3634,2997,7075,6072,9542,2205,17035,14718,7370,7246,14989,6342,11925,4892,15434,5867,14496,16288,5883,8730,5303,18721,6515,829,9034,17728,3102,7294,7070,5815,11925,7596,15107,7077,7763,6497,8296,6509,7078,8611,8288,9064,5127,6120,6042,15068,13323,15070,8307,5525,20296,20980,6214,7073,5867,3332,2800,6679,11843,9866,18423,14495,3340,6117,5302,6499,11843,5477,6869,11147,3261,8174,18721,8296,8388,8893,14026,9866,4969,15057,18530,11030,11925,6184,18714,6242,5402,6184,14228,15797,19853,2928,16101,9542,14495,6622,6184,5409,8400,5627,11147,10308,7075,18721,7139,11925,6622,5381,4225,8555,7721,6468,8426,11752,4699,15158,7178,1157,15434,8573,5470,6466,7345,6622,2571,6455,10306,18285,8376,6417,8129,6310,5937,14777,14228,7079,17895,11100,15286,13926,18490,16041,5995,9659,8738,8234,14228,5934,5730,2337,18721,6358,9564,14545,7193,9521,14365,10312,6827,14996,1316,3719,5790,15611,9075,2926,5438,7185,5087,18721,4375,15495,6480,7075,10882,13523,14482,9866,9262,8148,15874,8173,5120,14777,6870,7075,7075,5544,5463,7050,9351,10318,15434,17095,9618,14352,18721,2476,20661,11017,6622,13637,20821,15068,8251,15491,1693,8044,2716,8743,18958,1977,4827,3501,5427,5321,7075,1118
25065,4938,5869,16085,20481,9284,15709,10815,6321,0,18176,5925,15953,14033,12046,21245,5803,20072,13237,4515,10914,6529,4441,7874,6810,10117,10180,18291,6704,10447,6811,10815,7063,5259,10402,6158,6811,7114,14304,20046,9079,10597,20622,4657,16833,5166,18374,7505,16376,16151,5962,10773,5492,16091,4830,6725,6303,22852,8012,10158,10398,4131,14465,13825,17857,10404,6079,4812,6611,8504,10428,5880,11486,10590,8634,9168,5727,17478,19716,18253,5576,7163,27088,28144,4923,6915,4451,8242,7125,6314,14641,11392,27419,16097,8250,4433,5492,4814,14815,8682,8865,14206,5523,10168,16060,6611,6704,10419,19167,11392,8723,21084,19200,14023,16438,0,27729,4558,7910,0,15829,18577,17122,6509,17112,6811,16097,4938,0,8161,5669,9585,16676,7577,10402,18148,7113,17194,4938,7101,4745,5824,9716,9516,5695,13746,4538,15942,5493,7053,18022,5842,5589,9200,5660,4938,6896,4771,12349,17711,6692,4732,9767,7949,7575,12046,15829,10406,20911,16582,17333,18108,18932,23352,4310,9117,6007,9760,15829,5719,7368,6662,15830,9405,6833,16146,9910,8979,19780,12354,9777,20597,7211,7148,8993,17825,11117,7835,6724,5501,5276,16020,4716,20093,4796,10402,16133,19333,18026,11392,10307,11346,16381,9811,5310,12046,5865,10402,10402,7768,5653,9767,6620,12361,16441,14364,6887,15953,15764,7386,25256,14546,4938,19550,25452,14863,9889,19371,6018,7171,7041,10786,28167,6887,4711,8411,7065,6959,10402,7014
21903,15041,20522,24726,2662,18378,6471,10297,14430,16491,0,16784,22009,12214,23613,3725,17447,2388,9821,11910,10396,21443,15647,16205,15648,20505,7856,2751,16165,18612,18798,10297,15951,15864,9884,16235,20822,15223,25124,2468,18206,11827,4115,14064,10568,12124,3183,16111,27103,24911,16065,10255,15623,6471,16036,14833,16372,6431,19655,9641,9880,15132,10568,10626,2857,9886,15656,13669,16333,8136,11659,19689,9958,18941,9937,8746,16079,6714,5788,2819,18604,15346,10245,10980,16003,8811,15657,15428,18125,8993,10486,23013,7921,22127,15436,15639,15384,16020,10486,9290,8492,9791,16128,8052,6471,14889,15235,21810,1776,23153,17134,3602,6279,9673,10568,17655,7999,13813,9213,18793,23936,5911,21250,17265,3850,20210,22253,16144,18917,9464,18494,9163,9791,18334,9884,6471,8662,10568,16144,16545,11797,18930,9198,9094,18687,10395,12350,2907,17136,15161,3183,18245,17324,10042,16647,16144,17896,15977,10458,6034,14798,15938,19582,17895,15186,23513,24036,9888,6477,7598,26263,5996,6239,5574,13565,17616,16648,21210,21426,17523,17367,17016,6471,8984,20118,24988,17353,19553,2114,10458,9259,2745,15320,16219,10236,3361,10599,15022,15223,16612,15090,6471,12709,5996,16002,9884,7380,6714,2232,20499,20598,10324,24484,20229,16675,23101,9728,9884,9884,9071,15804,17516,18007,10451,3183,25010,17963,22136,6471,15494,11155,9661,16144,1386,11155,26084,20182,3240,17547,15888,18040,10268,10197,14995,12236,15597,15414,17049,9884,15122
19458,6536,8254,12793,14594,5981,22162,12261,1830,6098,15722,0,14565,6935,14431,17182,4346,14247,14619,4016,12360,8914,6039,8466,7612,7416,11627,18442,8302,4904,9196,12261,2367,925,11849,4611,9196,2623,16690,15625,5593,7167,16834,6255,13469,4550,13414,4600,13085,12859,4421,12219,4036,13539,6429,2234,8689,17702,3520,11605,11844,5729,15366,8014,13748,11851,7677,6411,8210,9951,6998,8266,12933,7287,10081,10614,4581,15119,16429,18510,7962,4064,24328,22963,6521,7362,6049,3750,1534,6889,15284,8089,20223,14708,3759,6031,4035,6412,15284,5398,10311,14588,1061,11614,13310,8210,8302,7116,13507,8089,3702,15384,16056,14470,13255,6098,22610,6156,9357,6098,14441,17490,19508,1661,14779,9196,14708,6536,6098,9608,8055,5547,14588,9962,11849,14897,7466,15107,6536,3604,4247,8210,11163,10962,8081,15192,4358,18599,7091,2562,14651,8227,4203,6386,7258,6536,1305,6369,13795,14754,8290,6330,6862,5044,4670,14431,14441,11853,17858,14541,14041,17025,15662,17732,5908,6212,8392,6457,14441,4473,4463,1070,22162,10852,9218,14758,5453,6074,14023,13801,11224,14716,2720,2452,5710,15873,12564,3344,3661,7099,3820,13413,4034,15579,6394,11849,14323,15009,14073,8089,7485,12792,13089,6906,3854,14431,6928,11849,11849,9215,4727,5310,7763,13807,18874,16749,9273,14565,22162,2894,22643,14458,6536,13565,22801,17248,6984,15659,549,7958,1449,12232,20754,2396,4486,3920,4160,4054,11849,2523
18428,15944,18470,13253,24411,10018,23141,18603,14121,16108,24258,12662,0,14546,28036,25523,12282,26544,23094,14684,18596,19130,14648,15970,17589,7210,17143,23005,15350,7309,19412,18723,11436,11985,15888,10273,19412,11918,29739,23992,6971,13501,27877,13509,23471,15490,23492,9248,13544,13319,11593,18877,11972,23651,15292,14524,18904,30624,11747,19004,17702,15706,25166,14982,23520,18087,15088,13495,14814,18585,15449,18481,18431,6926,15094,18189,10391,27800,27564,23084,18177,11235,30554,29855,15802,20448,15214,12116,13132,17786,24050,8985,29320,186,12124,13583,12460,15848,24184,15975,18133,22274,12249,18353,23428,16195,17816,9269,25792,8985,7996,25297,24682,21752,25591,16108,29616,16134,17388,16108,687,25986,32557,12272,23375,19412,186,14255,16108,17252,18271,15884,25571,20178,18189,23628,18774,26157,14839,10386,13443,18426,17235,16746,18296,23322,15148,24907,17069,12433,23397,18443,12375,16839,13863,14547,12903,15530,22172,24861,15110,15390,7215,8932,9440,28036,687,18452,27937,20991,14500,25564,24318,30549,13452,7992,18608,9382,687,11644,9813,12023,25651,18311,19434,236,7208,7854,23886,20012,16585,24538,12591,11527,15781,26932,21883,11710,10443,13686,12068,25931,14899,28321,14054,18166,22568,25124,26365,8985,6940,20320,13549,7339,12101,28036,19169,16119,17342,17535,11899,7065,17740,20175,23230,29799,19489,0,23152,11285,29559,22408,15019,23305,32653,30298,7227,26735,12554,13340,13047,16899,32663,11451,13483,12285,9530,9424,15865,12394
17989,14664,16424,17866,12847,15074,16656,10410,7452,16063,10216,8217,16032,0,16724,13911,14593,12574,11733,10403,10509,13474,14052,16594,17366,16509,8741,12937,16430,10965,17367,10410,10049,10917,8713,14093,17367,6514,16109,12654,14686,6503,14300,14383,12480,10617,13369,13461,19585,18053,13903,10368,14283,16656,14557,8088,16859,13523,7172,8931,8708,13857,12480,4167,11265,8715,15805,14539,16338,8147,5928,16436,6055,16380,8430,7803,14063,16900,15973,13005,16132,13546,18764,17388,14523,7509,14177,6712,9216,7290,12398,13416,16722,16164,6720,14159,14771,14632,12398,6817,8507,11702,11181,7917,16656,16338,16430,16209,11961,14927,10236,13788,16465,11584,12480,16063,17044,14284,7706,16063,14254,16097,16444,8920,14036,17367,16303,14664,16063,7957,16225,6843,11702,18132,8713,16656,7501,12480,14664,12697,10290,16380,9359,7902,16251,12306,10843,13093,15219,7029,13369,16398,14685,8103,15386,14664,8987,14675,12370,16220,16418,14699,15681,14243,13829,16603,15810,8717,15053,8362,18882,16182,16425,14608,14036,12155,16563,15550,15389,13955,13390,8753,16656,7795,17389,15211,11513,12017,12300,12370,8615,12931,7187,10218,8637,13546,10712,6306,12754,15227,14378,16656,11202,16182,14650,8713,8144,16900,12417,17182,16578,6421,17676,15725,14412,14697,7718,8713,8713,7564,14209,11370,17175,12363,13369,17658,17443,14673,16656,6137,15485,11572,14664,11572,15624,18668,15803,13426,8109,17727,9131,10381,15688,6048,10729,6881,13359,13253,8713,6990
28920,10000,7285,13316,23464,17908,22375,13403,15239,12015,21424,14389,28322,15174,0,24087,15523,23091,19623,12605,18621,6648,9875,7622,8487,26648,15027,23602,8536,19539,6930,13731,15316,14077,18110,15769,6930,16032,4479,23076,18146,13855,25863,9190,21568,13256,21406,15759,13608,13383,15579,13769,15213,22738,9892,15643,6966,27932,16929,14099,18105,9286,18699,15256,22764,18112,7753,9874,8444,16151,14151,7297,19276,26519,16342,16203,15448,24154,22526,21361,7556,15222,35340,30499,10357,9697,13088,13242,15588,9121,17467,26065,29839,28466,17168,9867,15212,10248,17639,14313,15628,18599,14341,18491,20664,8444,8536,26349,24535,26065,16976,26404,22026,18560,19168,12015,33195,9059,13248,12015,28198,25475,7297,14762,24191,6930,28466,10000,12015,15869,7649,15977,19493,6249,18110,21121,9917,19919,10000,15354,12836,7241,14325,16228,7674,16855,12628,20727,8656,15971,21039,7259,15310,15347,8690,10000,15360,10205,16869,24626,8524,10166,18859,16202,15828,0,28198,18114,25524,19952,14564,24951,24052,28569,9408,19303,7423,18644,28198,15440,15621,15125,20415,14624,6952,28515,19002,19165,22820,15602,14282,25973,16129,15486,13504,22588,16596,16753,14977,8533,14997,22682,12806,25079,10230,18110,21559,24290,22905,26065,26717,17130,13612,18903,15031,0,8477,18110,18110,14807,15374,18859,7220,17218,23353,4538,7006,28322,22449,16303,30222,19016,10000,24971,30422,5037,18982,24608,14481,7402,15504,13262,33647,15805,12801,14864,15318,15212,18110,15932
23139,15489,23488,27680,1519,21795,3586,12280,13874,19275,10800,15589,28130,14352,26548,0,20894,1523,11805,13698,12380,22030,15604,18253,19999,22085,9840,3448,18288,22462,21415,12280,17851,17761,11868,19485,21520,16829,25669,1715,21629,13811,1006,18067,12552,15782,2853,21398,30333,27861,21262,12239,20710,3586,15371,15529,20646,3546,15650,11624,11863,16145,12552,14699,2144,11870,17864,16030,18569,10120,13642,22553,9915,22437,11921,10730,21243,3830,2904,3232,19331,18599,11559,12294,15912,9779,14323,18373,18016,13382,12470,26892,9235,25620,18381,15485,18481,15054,12470,11274,10476,11774,15943,10036,3586,16938,15609,23306,2762,24528,20974,709,3395,11657,12552,18798,9313,16247,11197,19826,25234,3027,23957,16529,3520,23028,28379,15075,19974,11448,19246,11147,11774,22804,11868,3586,9589,12552,16391,20275,13515,23917,11182,11078,21436,12379,14334,3143,17887,13727,2853,23081,18838,12026,19070,16500,17604,16626,12442,3150,16768,15184,23419,19573,18563,26460,25332,11872,3592,9582,29422,3112,3355,1719,15944,23195,19270,22682,27494,21051,19074,17967,3586,10967,22893,28839,20807,23335,1841,12442,11243,1603,14951,18103,12220,1760,12583,15070,18531,17306,18184,3586,15929,3112,14997,11868,9364,3830,1703,24012,24446,10281,27409,24059,20110,26052,14412,11868,11868,11055,20903,23137,18619,12435,2853,25557,22618,25652,3586,16876,12469,11645,14497,2344,12469,26552,21795,2449,15758,18149,16222,12252,11511,14693,13732,18542,18773,20738,11868,15057
22151,6606,8274,12700,19932,5887,17502,12859,5983,6167,15830,4768,14471,14548,14451,18957,0,17724,14898,6464,12958,8934,6109,8535,7681,5946,12224,16301,8372,5797,9216,12859,4023,3848,12446,1686,9216,6776,16710,19478,5499,12629,20419,6325,15855,6894,18253,3302,12991,12766,1491,12817,730,18000,6498,6387,8708,22907,6525,12203,12442,5798,16688,14088,19046,12448,7747,6480,8279,10548,12460,8285,13531,7193,10678,11212,1255,19654,19769,16316,7982,1726,25909,24599,6591,7993,6118,7759,4995,7415,15491,7995,26423,14615,7767,6101,442,6482,15640,10713,10909,16201,4112,12212,17858,8279,8372,7023,16944,7995,4595,20695,17530,14323,15556,6167,26742,6225,9955,6167,14347,18773,19528,4135,18478,9216,14615,6606,6167,10206,8075,11629,15636,9982,12446,16514,8162,16147,6606,2973,6694,8230,11760,11560,8100,14761,6701,15745,7161,6715,16342,8247,288,11245,7328,6606,4766,6439,14393,17771,8359,6400,5596,3308,3670,14451,14347,12450,20951,14521,13947,18322,17225,21013,5978,5601,8412,6363,14347,1247,3231,3886,16008,11449,9238,14664,5739,5464,19267,14398,11821,18200,6873,4114,11037,19442,13161,7497,2595,7168,1289,16233,6377,18451,6464,12446,14059,17812,19337,7995,7391,13390,12996,5640,1323,14451,7139,12446,12446,9812,1181,5596,7832,14405,16313,16769,9293,14471,15913,6527,24312,14927,6606,17122,26969,17268,5719,17418,4416,8027,4910,12830,24545,6549,6660,7928,3357,3250,12446,6676
23775,16362,20296,26545,272,20410,5288,10897,15030,18212,9417,15702,24084,11385,25450,1476,19535,0,10421,12511,10996,23226,14684,17530,17214,22776,8456,2422,15917,20887,22524,10897,18169,14812,10484,20047,20536,15249,27083,190,22309,12427,2940,15533,11169,14623,3348,18091,26398,29459,18007,10855,17536,5288,15983,15433,19693,5248,14177,10241,10480,15244,11169,11817,619,10486,18809,16702,17775,8736,12259,19490,8532,23153,10537,9346,19846,5531,4605,2490,18425,19068,9888,10623,14953,9466,13378,15491,16545,9735,11086,25301,7565,24193,15499,14590,17262,16620,11086,9890,9092,10391,14636,8652,5288,16208,14991,21864,1215,25442,19404,1354,5096,10273,11169,19547,7642,15338,9814,20686,26224,4728,25284,15127,2786,21980,26805,14232,18899,10065,18333,9763,10391,19833,10484,5288,9292,11169,14084,18767,12397,22758,9798,9694,18523,10995,12950,2578,18768,15761,3348,21959,19407,10642,18193,15601,14647,14224,11058,4851,16073,14315,21852,18231,18955,23006,23886,10488,5294,8198,25603,4813,5056,3053,16597,19654,18283,21287,23502,17829,17742,14960,5288,9584,19838,24739,21383,19779,293,11058,9859,355,15920,16732,10836,2186,11199,15084,18961,16494,18700,5288,14859,4813,15571,10484,7980,5531,197,24879,22873,8898,26288,20411,18755,22634,13897,10484,10484,9671,17715,21573,19608,11052,3348,26964,21568,26685,5288,15271,10798,10261,15112,819,10798,25450,20372,2369,15893,19098,16411,10868,9840,13252,12836,15660,17418,19252,10484,15722
26020,12957,16649,21708,10386,16994,14195,5364,10079,14590,7755,12240,20953,8257,17804,11450,13517,10113,0,7560,5005,17294,12460,14887,15658,17500,4670,10475,14723,15918,15126,5364,14633,11320,4046,15766,15242,10872,21616,10192,18577,7477,11839,12676,2518,7774,10907,14378,21519,21883,15496,5322,14819,14195,12850,10483,15152,14155,11770,5222,4042,12150,2518,7858,10581,4048,14098,12832,14631,4949,7308,14174,5917,19726,5587,4502,15396,14439,13512,10544,14425,14844,18370,15787,12816,4693,12470,12000,14938,5015,2436,19886,13613,20967,12008,12452,14490,12833,2436,5046,5305,1740,11584,4875,14195,14631,14723,20749,9500,22064,16097,11327,14004,144,2518,14356,13839,12577,4863,15165,20685,13635,17724,14078,11574,16042,21099,12957,15376,5114,14518,4919,1740,14188,4046,14195,4509,2518,12957,15051,7447,15580,3360,4850,14544,2345,8000,10632,13512,10811,10907,16256,14755,4204,13679,12957,14709,12790,2437,13759,14711,12751,18411,16115,15199,17738,22942,4050,14201,6537,22720,13720,13963,13299,12329,16315,14856,19752,22504,13817,15532,13830,14195,4740,15869,23699,16174,16447,9838,2437,4533,10470,10969,14758,5886,11085,3681,11593,13554,13520,14275,14195,8359,13720,12815,4046,6319,14439,9956,19489,17632,5776,23585,18996,14308,17377,5793,4046,4046,4721,14988,18119,15468,2430,10907,19493,14192,21086,14195,11143,15541,155,12957,9111,15893,20501,17234,10965,9827,16157,14854,5335,16114,10645,7885,12169,13930,15359,4046,10772
20877,3796,7516,13993,12397,8403,16206,6304,4324,5100,9765,4171,13323,9244,13693,15097,5928,12123,7540,0,6403,8176,2794,5740,5070,9802,5670,12486,5576,9324,8458,6304,5752,3859,4502,7201,8458,5117,15951,12203,8015,5807,13850,3529,8274,573,12918,7191,13829,15622,7011,6262,5618,16206,3688,4728,5325,16838,6014,4721,4498,3188,8274,8428,12591,4504,4951,3670,5484,3993,5639,7527,6977,9709,2392,4681,5852,16449,15523,12554,7223,6654,23963,20052,3266,4421,2920,6244,5179,3961,8192,10511,19383,13289,6252,3138,5617,3375,8192,4038,4354,7496,4123,5658,16206,5484,5576,9538,11510,10511,7648,13548,16014,7391,8274,5100,21667,3615,2667,5100,14873,15646,18769,5306,13585,8458,14793,3796,5100,2674,7316,4188,7496,9224,4502,16206,4524,8274,3796,6026,202,7471,5205,5029,7342,8100,436,12642,4550,5056,12918,7489,5714,3893,4532,3796,4950,3418,7838,15769,5564,3441,9452,7634,7260,13693,14873,4506,15450,8585,16463,15731,15974,15643,3367,8802,7654,8879,14873,5844,7053,4716,16206,4919,8480,13810,9595,8664,11849,7843,4404,12480,5214,5838,3054,13096,6606,5838,6083,4373,5402,16206,889,15731,3393,4502,8367,16449,11967,10511,9907,6836,13715,9496,5435,13693,4076,4502,4502,2809,5778,9452,5221,7850,12918,16011,8534,13455,16206,5388,21798,7379,3796,11121,19992,16510,9575,12975,4072,5417,5094,6275,22166,4890,321,6414,6750,6644,4502,5017
25783,10504,12264,16685,10963,14230,14772,1480,8832,12157,8332,10993,16873,9666,18441,12026,13132,10690,5003,6313,0,12924,10007,12433,13205,14928,4237,11052,12270,15563,13206,1480,12179,10073,2799,12632,13206,9625,14564,10769,13842,6229,12416,10223,5319,6526,11484,12621,18168,16856,12442,1438,12822,14772,10396,9236,12698,14732,10522,1337,2794,9696,5319,7912,11158,2801,11645,10378,12177,2595,6061,12275,5318,15387,4339,3255,12602,15016,14089,11121,11972,12085,20915,18854,10489,2099,10017,10752,9687,1919,5236,17511,18152,16821,10760,9999,12036,10380,5236,3799,3262,4541,10337,4224,14772,12177,12270,14896,10077,16018,13475,11904,14581,4854,5319,12157,18405,10124,3616,12157,16629,14212,23517,11625,12151,13206,16953,10504,12157,3867,12065,3672,4541,13972,2799,14772,2106,5319,10504,11853,6199,12220,2113,3603,12090,5145,6753,11209,11059,9564,11484,12237,13224,2956,11226,10504,9458,10337,2556,14336,12258,10298,14883,13065,12691,18441,18495,2803,14778,7151,17139,14297,14540,14715,9876,14233,12402,13798,16388,12494,12484,11376,14772,3492,13228,17333,15026,14095,10415,2562,3285,11047,9722,12264,4638,11662,1325,10346,11840,11066,11821,14772,7112,14297,10362,2799,6933,15016,10533,17079,15101,5178,18032,14642,11855,18441,2501,2799,2799,3474,12748,14883,13015,2568,11484,14441,13283,18741,14772,9896,18604,4842,10504,9687,20807,17028,14673,11542,8580,13566,9602,1451,20988,9398,6638,10921,12181,12075,2799,9525
25582,4998,1340,16953,21446,11593,18189,12577,8840,6070,19455,8444,18262,14851,6664,24281,8054,21073,15691,6660,12677,0,4872,3315,2542,12425,11943,21343,3746,12755,475,12577,9371,8132,12165,8409,475,9633,8922,21064,11388,12347,21389,4046,19211,7311,21300,9814,17245,17019,9906,12536,7744,18510,4890,9244,1640,25602,10530,11921,12160,4028,18251,13505,20767,12167,2963,4872,3653,10267,12179,1352,17127,12899,10397,10931,7979,19783,22505,19302,1188,9549,30217,28573,5354,8089,7143,10760,9644,7510,16892,13701,30755,18405,10768,4864,7743,5245,15499,10432,10628,18148,8396,14779,20448,3653,3746,12728,20237,13701,11303,24145,21949,18121,18768,6070,31059,3800,9673,6070,18138,20991,11740,9771,21940,475,18405,4998,6070,9924,1281,11348,19130,1227,12165,20962,8308,17781,4998,9681,6891,1296,11479,11278,1307,16219,6683,18663,3398,9572,18946,1314,7841,10963,3899,4998,9415,5202,14112,22304,3733,5163,12075,10257,9883,6664,18138,12169,23411,19793,18201,22610,21733,26270,4405,11425,1479,12068,18138,7971,9677,9180,18302,11168,497,18454,12218,11288,22923,13463,11540,23746,9730,9456,10756,20514,12880,10354,9303,3740,7528,18462,6862,22738,5227,12165,19379,21946,20886,13701,12615,16699,17249,12119,7562,6664,6876,12165,12165,9531,7905,12075,2429,13482,19112,8982,552,18262,18258,9904,31189,18614,4998,20670,31423,9481,12198,22319,8537,2612,9559,12549,28626,9405,6857,10929,9374,9267,12165,9533
25357,1159,6406,15767,16597,8967,19854,9953,5432,3671,13414,5060,13291,13159,12584,17198,5964,16184,12310,2798,10052,7066,0,3103,2701,9800,9319,16134,2939,10129,7349,9953,6745,4748,9541,7198,7349,6225,14842,16183,8904,9723,14956,893,13057,3449,16566,7188,16059,15833,7009,9911,5653,19854,1051,5836,2956,16836,7122,9297,9536,773,13057,10701,14411,9542,2315,1033,2847,7643,9554,6418,10625,10273,4860,8306,5888,14859,15442,16202,6114,6651,24121,24599,500,3988,862,7352,6260,3401,12975,11075,23848,15779,7360,297,5653,609,12975,7808,8003,12280,5012,9306,19854,2847,2939,10102,15258,11075,8405,17067,13518,12162,13057,3671,24144,1514,7049,3671,15512,16125,17660,6388,13492,7349,13310,1159,3671,7300,3512,6461,12280,4521,9541,19854,4166,13057,1159,6783,3028,6362,8855,8654,6233,12884,2821,16291,2181,6164,16566,6380,5750,8339,1896,1159,6031,635,11487,13830,2927,596,9449,7631,7257,12584,14596,9545,18755,12233,17015,14157,14666,17405,1004,8799,3569,9443,15512,5880,7051,5797,19854,8544,7371,13662,9592,8662,15877,11492,8916,15153,6322,6831,5523,14082,10256,6946,6406,1736,5437,19854,2999,14276,627,9541,12015,14958,15978,11075,9989,10484,16063,9493,5471,12584,3133,9541,9541,6907,5814,9449,2852,11499,16566,14901,7425,14788,19854,6496,22052,12150,1159,14330,24563,15400,9572,15230,5153,3048,6176,9924,24709,5998,2994,7522,6748,6641,9541,6125
28991,3457,3231,17955,17901,11862,15501,15515,8606,9008,17861,8234,14490,18734,7666,20118,9848,19321,17873,5971,15614,3068,3332,0,2446,12695,14881,17277,1693,13024,3350,15515,9641,7922,15103,10093,3350,9399,9924,19347,12392,15298,19276,2505,18620,6623,17009,10083,18246,18021,9904,15473,9538,15762,3349,9009,1836,19035,10296,14859,15098,3099,18620,17700,17346,15105,1167,3331,1601,13205,15129,3243,16187,13168,13335,13869,9772,15421,16317,17150,2587,9546,30110,27955,3814,4523,4160,10526,9434,3985,18538,15218,27188,14292,10534,3323,9537,3705,18538,13383,13565,17842,8186,14868,15912,1601,1693,12997,18388,13917,11301,20030,17384,17724,18620,9008,27472,2971,12611,9008,14331,18438,12742,9087,16251,3350,15879,3457,9008,12862,2680,14286,17842,2669,15103,16507,4746,14694,3457,9679,6202,3187,14417,14216,2729,18446,5994,16424,2173,9337,16495,3205,9634,13901,2359,3457,9205,3661,17049,16130,1681,3623,12345,10526,10153,7666,14513,15107,19221,14625,19203,17912,15645,19845,2865,11695,3516,12338,14177,9764,9946,8971,14164,14106,3372,14694,12487,11557,17240,17055,14478,17983,9496,9726,8696,18351,15818,10120,9301,1947,9322,14282,6173,16358,3687,15103,14343,17214,17344,14858,12884,16046,18251,12389,9355,7666,3273,15103,15103,12469,9698,12345,1586,17062,15249,9984,3427,16096,15597,9670,27672,17712,3457,17302,27959,10483,12467,18040,8327,1781,9349,15486,25520,9171,6168,10695,9643,9537,15103,9298
26379,2771,2172,20186,19385,10720,15768,13413,7656,5286,17247,7284,17389,16619,9091,18146,8706,18973,15770,5022,13512,2782,2645,2603,0,11553,12778,17067,2494,11883,3064,13413,8499,6972,13000,8952,3064,8449,11349,18969,10515,13182,17497,1786,15023,5673,15433,8941,20478,20253,8762,13371,8396,16133,2663,8059,1296,21325,9346,12757,12996,2057,16517,16423,18659,13002,1864,2645,2401,11102,13014,2184,14084,12026,11232,11766,8631,15940,16532,15418,1594,8405,26539,27333,3127,5424,3497,9576,8484,4825,16435,12828,24123,17533,9584,2637,8395,3018,16435,11267,11463,15739,7236,12766,14669,2401,2494,11856,18049,12828,10159,18026,17669,15622,14597,5286,24395,1830,10508,5286,17265,18872,14167,8611,17668,3064,17533,2771,5286,10759,1500,12183,13533,3024,13000,15129,5632,13974,2771,8537,5252,2128,12314,12114,1767,16344,5044,16286,1211,8387,15053,2146,8493,11798,2131,2771,8255,2975,14947,18020,2481,2936,11203,9385,9011,9091,17265,13004,19529,14128,21434,18348,15830,21979,2178,10553,1628,11196,17265,8623,8804,8021,15894,12003,3086,17582,11346,10415,16937,14952,12375,19491,8546,8584,11591,16623,13715,9170,8160,1971,8180,16075,5223,18477,3000,13000,13770,16052,17027,12828,11743,13944,20482,11247,8214,9091,4312,13000,13000,10366,8557,11203,1883,14959,16775,11408,3141,17389,15842,8720,24529,15609,2771,18562,24755,11907,11326,16358,7377,2078,8399,13384,27423,8221,5218,9745,8501,8395,13000,8348
19224,10988,12981,8681,23141,1596,21684,13483,8632,10393,18605,7417,7207,14829,27466,24341,5103,20664,19288,9571,13544,13641,10123,12918,13922,0,15075,19551,12754,2033,13923,13575,5721,6496,15116,4152,13923,7522,29170,20577,1481,11485,24069,10708,22087,10001,20027,3127,8972,8747,4334,13719,4792,22248,10881,9035,13415,26804,6855,15230,15112,10181,19421,14369,20113,15118,12129,10863,12662,14769,11316,12992,16511,391,13348,13882,4271,23985,21540,19626,12689,5520,30289,29362,10595,16957,10249,8653,7643,14641,18432,1964,26085,7351,8661,10483,5281,10704,20444,11673,13579,18837,6760,16406,19960,12662,12754,991,19969,1964,3404,24097,21212,18297,21820,10393,29076,10608,12625,10393,7083,24817,31988,6783,21966,13923,7351,10988,10393,12876,12782,11699,21779,14689,15116,22218,15591,22368,10988,4671,9801,12937,13798,13281,12807,19591,9808,21090,11544,9363,19929,12954,5195,13406,11711,10988,7414,10747,18510,23577,12742,10770,1007,2811,3951,27466,7083,14785,26972,19345,9929,22096,20849,24270,10361,1156,13119,956,7083,4565,3251,6534,19806,14120,13945,7400,1496,1019,20461,18351,14491,23280,9522,5812,13750,20978,16534,8246,4728,11551,6352,22111,9484,22228,10722,15116,18781,21658,22593,1964,190,16504,8977,445,6386,27466,14341,15116,15116,12482,4719,1353,13732,16824,21784,29229,14000,7207,21695,6857,26345,20895,10988,19904,26432,29728,527,22921,7065,12410,7558,14898,29158,7165,9767,8822,4041,3935,15116,9324
20637,8287,10047,18576,10172,12183,13981,4079,6573,9940,7541,10042,18894,7406,16562,11236,10915,9899,5359,4054,4178,10707,7790,10216,10988,13678,0,10261,10053,13346,10989,4079,9962,9121,2321,10415,10989,7366,16561,9978,11978,3970,11625,8006,6093,4267,10693,10405,20296,18757,10225,4037,10605,13981,8179,6976,10481,13941,8263,2540,2317,7480,6093,7090,10367,2323,9428,8161,9960,1769,3802,10058,4752,15505,2080,2432,10385,14225,13298,10330,9755,9868,17567,15677,8272,4627,7800,8493,10268,4587,6011,17701,16523,17175,8501,7782,9819,8163,6011,2055,635,5315,9385,3433,13981,9960,10053,14990,9286,16193,11622,11113,13790,5210,6093,9940,15258,7907,1356,9940,16870,13421,16400,9408,11360,10989,19075,8287,9940,1608,9848,2849,5315,11755,2321,13981,4559,6093,8287,10000,3940,10003,2981,2780,9873,5919,4493,10418,8842,7304,10693,10020,11007,1712,9009,8287,10039,8120,5613,13545,10041,8081,12666,10848,10474,14942,18730,2325,13987,6360,19384,13506,13749,13085,7659,12016,10185,15586,18293,10277,10267,9160,13981,2670,11011,19525,12809,11879,9624,5619,2223,10256,7463,10047,2379,10871,4382,8087,9623,8850,9604,13981,4852,13506,8145,2321,6142,14225,9742,17264,13803,4612,20171,13413,9638,16059,5210,2321,2321,1214,10531,12666,10798,5625,10693,16449,11066,19040,13981,7637,16988,5198,8287,8897,15657,19226,13406,10751,9690,11349,10184,4050,15798,7138,4379,8662,9964,9858,2321,7265
24314,16958,20539,27555,2763,21189,4243,11111,15243,16595,9631,18469,25355,13734,21415,3615,17967,2489,10635,12724,11210,19365,16345,15675,15485,21549,8670,0,15474,19683,20660,11111,15273,13494,10698,18578,18849,16036,25337,2569,21010,12641,1964,13752,11382,12938,672,18520,27380,27755,18357,11069,17791,4243,16850,15647,16092,4203,20469,10454,10694,14870,11382,13274,2957,10700,16808,13384,14270,8950,12472,19612,8745,21947,10751,9560,18330,4486,3560,216,18382,15973,11779,12513,16817,7990,16470,17164,13747,8271,11300,21887,9455,25447,17172,16453,15820,16834,11300,10104,9306,10604,14687,8866,4243,14355,18724,22921,1876,22018,16507,3213,4051,10487,11382,16118,9533,14979,10027,18898,22719,3683,23456,15417,595,20092,25589,16958,19060,10278,18285,9977,10604,18054,10698,4243,7814,11382,16958,15819,12611,19020,10012,9908,16790,11209,13164,304,16806,15975,672,20131,17834,10382,16189,16958,13368,16791,11272,3806,14204,16752,20630,16972,17616,23514,25155,10702,4249,8412,26467,3768,4011,3918,13295,18483,18293,22178,24725,16458,18150,13708,4243,9797,18111,23634,18259,18612,2215,11272,10073,2846,16133,15529,11050,1742,11413,16757,15923,16185,15524,4243,13523,3768,16816,10698,8194,4486,2333,21497,19653,9111,24729,19293,17181,20964,9040,10698,10698,9885,17983,20345,15992,11265,672,25214,17857,25499,4243,20471,12688,10475,16958,2346,12688,23871,21232,1012,18361,17111,15012,11082,11730,15809,13050,17333,17837,16222,10698,15936
28542,3065,3527,18668,16286,11465,22635,12735,8214,6030,14666,7842,16918,15953,8379,16593,9451,17544,14075,5579,12834,3781,2939,1360,2459,12298,12100,14040,0,12627,4063,12735,9273,7530,12322,9696,4063,9006,10637,15948,12000,12517,17426,2113,14809,6231,13761,9686,18959,18734,9507,12693,9140,22635,2957,8617,1849,19088,9904,12079,12318,2707,14809,12598,15761,12324,986,2939,266,10424,12348,3538,13406,12771,7641,11088,9375,15095,16105,15337,2498,9149,25817,23797,3421,3235,3791,10134,9042,2685,14727,16066,25457,15187,10142,2931,9140,3313,14727,10602,10785,14031,7794,12088,22635,266,0,15194,15072,14694,10903,18209,14064,13927,14809,6030,23351,2457,7917,6030,16716,15008,13455,9169,14620,4063,15309,3065,6030,10082,2405,9438,14031,3382,12322,13283,3458,14809,3065,9282,5810,3482,11636,11436,2671,14636,5602,14609,1781,8945,14638,3500,9237,9143,1967,3065,8813,3269,14269,14426,12,3231,11948,10129,9755,8379,15344,12326,19293,15015,19916,14532,15370,18149,2473,11297,3041,11941,16519,9367,9549,8579,22635,11325,4085,15624,12090,11160,17222,14274,11697,18036,9103,9442,8304,14979,13037,9727,8904,1458,8924,22635,5781,16133,3294,12322,14797,13896,15733,15681,12487,13266,18964,11991,8958,8379,1995,12322,12322,9688,9301,11947,1599,14281,13583,10697,4140,17051,22635,9278,23545,13915,3065,17336,23815,11196,12070,14695,7935,1794,8957,12706,26425,8779,5776,10303,9246,9139,12322,8906
16728,11055,13048,8748,19281,1935,18047,15596,8698,10460,16887,7483,7083,14895,19455,20379,4958,18951,17544,9638,15695,13708,10190,12985,13989,1492,14961,17858,12821,0,13990,15596,3227,6563,15183,4007,13990,6113,21159,18862,1548,11552,20146,10774,18496,10067,20228,2982,9039,8814,4188,15554,4647,20465,10947,9102,13482,22646,5446,14939,15178,10248,17906,14435,18396,15185,12196,10930,12729,13285,11383,13059,14641,1863,13415,13949,4126,20153,19880,19770,12755,5587,28445,24934,10662,14166,10315,7244,7710,13448,18687,3436,24374,7227,7252,10550,5136,10771,17064,11740,13646,19051,6827,14949,20198,12729,12821,2463,18260,3436,1143,22215,19563,18416,20137,10460,24670,10675,12691,10460,6959,20874,23977,6850,20092,13990,7227,11055,10460,12942,12848,11765,18202,14756,15183,18507,14353,18740,11055,4737,9868,13003,14497,14297,12874,17968,9875,17456,11610,6870,18270,13021,5050,13026,11777,11055,7481,10814,16976,19734,12809,10849,905,2666,4018,19455,6959,15187,25126,15847,9995,22549,19193,22571,10427,1541,13186,2411,6959,4419,3106,6601,20037,14186,14012,7276,899,1403,18750,16765,14558,19408,7028,3318,13774,19289,15147,6837,4795,11618,6419,18439,9551,20591,10789,15183,16899,22081,20705,3436,1681,13293,9044,1377,6453,19455,14594,15183,15183,12549,4574,756,13799,15399,18091,21218,14066,7083,19898,5448,27156,19155,11055,20044,24729,21717,1264,19112,7131,12477,7625,15567,24756,5756,9834,7413,4108,4002,15183,6831
24957,4502,891,17235,22936,11143,17623,12128,8390,5621,20719,7994,17812,15334,6946,23603,7604,20436,16672,6210,12227,475,6568,3597,2093,11976,11493,18745,4028,12305,0,12128,8922,7682,11715,7959,0,9183,9205,20424,10938,11897,20787,3517,18656,6862,18727,9364,17527,17301,9185,12086,7294,17956,4395,8794,1922,24981,10080,11472,11711,3789,16066,15138,20121,11717,3245,4377,3936,9817,11729,902,14876,12449,9947,10481,7529,21220,21873,18688,1161,8827,29531,30755,7040,7778,6693,10310,9194,7191,16356,13251,30020,17955,10318,4369,7293,4750,15010,9982,10178,17568,7946,14132,19822,3936,4028,12278,21606,13251,10581,21287,19348,17507,16532,5621,30325,3561,9223,5621,17688,22529,12023,9321,21252,0,17955,4502,5621,9474,1254,10898,16839,1509,11715,20324,7995,17273,4502,8960,6441,846,11029,10829,1279,15673,6233,19896,2943,9122,18359,864,7391,10513,4182,4502,8965,4707,13662,19664,4016,4668,11626,9807,9433,6946,17688,11719,25180,19079,18483,19966,21098,23241,3910,10975,1029,11619,17688,7521,9227,8731,17738,10718,350,18005,11768,10838,22223,13667,11090,23046,9280,9007,10306,19910,12430,9904,8582,4022,7078,17904,6412,22135,4732,11715,18658,21348,22318,13251,12165,14497,17531,11669,7112,6946,6587,11715,11715,9081,7455,11625,2711,13674,20401,9264,102,17812,17690,9454,30451,18018,4502,22065,30682,9763,11748,19649,8087,2894,9109,12099,27951,8956,6407,10480,8924,8817,11715,9083
24454,10405,12165,19332,10864,14131,14673,0,8733,12058,8233,10894,16988,9566,15134,11927,13033,10591,5223,6214,1480,12825,9908,12334,13106,14962,4138,10953,12171,15464,13107,0,12080,9974,2700,12533,13107,9526,17038,10670,13743,6130,12317,10124,5677,6427,11385,12522,17357,19526,12343,42,12723,14673,10297,9137,12599,14633,10423,1238,2695,9597,5677,7813,11059,2702,11546,10279,12078,2496,5962,12176,5219,13983,4240,3156,12503,14916,13990,11021,11873,11986,21356,17374,10390,3170,9917,10653,9588,3093,5595,17583,16677,18708,10661,9900,11937,10281,5595,3700,3163,4899,10238,4125,14673,12078,12171,14919,9978,17729,13376,11804,14482,5074,5677,12058,16935,10024,3517,12058,18439,14113,13626,11526,12052,13107,17106,10405,12058,3768,11966,3573,4899,13873,2700,14673,3125,5677,10405,11754,6100,12121,2014,3504,11991,5504,6654,11110,10960,9465,11385,12138,13125,2857,11127,10405,9359,10238,2915,14237,12158,10199,14784,12966,12592,15053,18593,2704,14679,7052,18151,14198,14441,13776,9777,14134,12303,15348,18156,12395,12385,11277,14673,3393,13129,19290,14927,13996,10316,2920,3186,10948,9623,12165,4539,11563,1683,10247,11741,10967,11722,14673,7012,14198,10263,2700,6834,14916,10434,15557,15120,5079,18998,14670,11756,14650,3711,2700,2700,3374,12649,14784,12916,2927,11385,16908,13184,17120,14673,9797,18867,5062,10405,9588,19158,18017,13323,11443,8481,13467,9503,29,17539,9298,6539,10822,12082,11976,2700,9426
17511,6748,9528,10878,16828,4066,16866,11283,3712,6310,14473,2254,12650,10846,15706,19675,2931,16485,13689,6119,11383,10188,6251,8678,10470,4781,10698,16834,8514,3414,10471,11283,0,2554,9586,2431,10471,4505,17964,16409,3678,7503,19345,6467,17281,6548,17305,1799,11170,10945,2241,11242,2621,15811,6641,4116,9963,19990,4173,9805,9582,5941,16620,10386,15969,9588,7889,6623,8422,9020,7334,9540,12283,5372,9303,8210,2401,19161,17194,16899,9236,1884,26435,22881,6733,8642,6261,5633,2723,8118,14122,6174,22287,12794,5641,6243,3109,6624,14231,7691,9381,14472,2818,10732,17184,8422,8514,5202,17368,6174,2212,19443,18576,13921,15447,6310,24888,6368,8580,6310,12526,20008,20782,1864,17278,10471,12794,6748,6310,8831,9329,7716,16965,11236,9586,17418,8774,15929,6748,1984,6349,9484,10232,8558,9355,14845,6356,14822,7303,4444,17173,9502,3023,8977,7470,6748,2495,6581,12818,18783,8502,6542,3968,2612,2167,15706,12526,9590,22204,14687,12126,19540,16498,20006,6120,4604,9667,4542,12526,2293,1728,1986,17012,8447,10493,12843,3963,4467,17929,12823,9488,16951,4602,295,9510,18387,11586,5226,1092,7311,2716,17291,6032,17860,6606,9586,14372,17285,17980,6174,5570,12649,11174,4474,2750,15706,8024,9586,9586,8438,2547,3820,7975,12830,17019,18024,10547,12650,16879,4175,24896,16074,6748,17389,25033,18522,4553,18176,2145,8170,2639,11255,25090,4278,6315,5802,1729,1622,9586,4405
20212,5634,7843,11891,15165,5078,14733,11358,2997,5195,14818,943,13662,8102,14020,16114,3434,16325,13715,3605,11457,8503,5137,7563,8784,6513,10723,14873,7400,5525,8786,11358,2428,0,10945,4097,8786,3790,16279,14750,4690,11128,17366,5353,13671,4139,15271,3465,12182,11957,3908,11316,3124,13864,5526,3401,8278,18130,4688,10702,10941,4826,14462,10276,15800,10947,6775,5508,7307,9047,10959,7855,12029,6384,9177,9711,4067,17000,16876,14917,7551,3550,22822,23735,5619,7191,5146,4918,3198,6688,14380,7187,20916,13806,4926,5129,3132,5510,14380,9212,9408,13684,286,10757,15063,7307,7400,6214,15491,7187,4323,15918,16477,13567,14804,5195,21206,5253,8454,5195,13538,17895,19097,1867,15349,8786,13806,5634,5195,8705,7644,6036,13393,9551,10945,13907,7311,13926,5634,2701,3836,7799,10259,10059,7670,14289,3947,17695,6189,3729,15100,7817,3299,9744,6356,5634,2969,5467,12892,15155,7387,5428,6030,4140,3834,14020,13538,10949,18290,13638,13138,17418,14609,18228,5006,6473,7981,5554,13538,3959,3395,1619,13499,9948,8807,13855,6172,6336,16070,12897,10255,16846,3887,2513,9536,16397,11660,4511,2758,6196,2908,13746,3623,15935,5492,10945,13420,16909,14636,7187,6582,11889,12187,6074,2942,14020,6660,10945,10945,8311,4214,6030,8594,12904,13599,16338,8862,13662,13385,4061,23417,13555,5634,15609,21398,16837,6152,16172,2091,7055,3114,11329,23663,3563,4075,5087,3257,3150,10945,3690
25596,8546,10306,17142,10647,12272,14456,3524,6874,10199,8016,9035,17511,7708,16483,11711,11174,10374,4865,4355,3623,10966,8049,10475,11247,13275,3921,10736,10312,13605,11248,3524,10221,8115,0,10674,11248,7667,14804,10453,11885,4272,12100,8265,5599,4568,11168,10664,16920,15724,10484,3482,10864,14456,8438,7278,10740,15191,8564,543,5,7739,5599,8333,10842,0,9687,8420,10219,2279,4103,10317,5002,13578,2381,2939,10644,14700,13773,10805,10014,10127,23964,21774,8531,2334,8059,8794,7729,1939,5517,14923,19059,17440,8802,8041,10078,8422,5517,2356,1709,4821,8379,3955,14456,10219,10312,15377,9761,16591,11517,11588,14265,4716,5599,10199,21291,8166,1658,10199,15651,13896,21560,9667,11835,11248,17584,8546,10199,1909,10107,4093,4821,12014,0,14456,2421,5599,8546,9895,4241,10262,2715,3287,10132,5425,4795,10893,9101,7606,11168,10279,11266,1218,9268,8546,7500,8379,5058,14020,10300,8340,12925,11107,10733,16483,15806,4,15392,6835,14420,13981,14224,14427,7918,13369,10444,12748,15416,10536,10526,9418,14456,3176,11270,16329,13068,13231,10099,5064,1729,10731,7764,10306,2680,11346,3827,8388,9882,9108,10677,14456,5154,13981,8404,0,6617,14700,10217,14535,13465,4862,15228,12969,10711,16483,2275,4,0,1516,10790,12925,11057,5071,11168,14669,11325,17655,14456,7938,21493,4704,8546,9372,21782,15781,13048,11226,6622,11745,7644,3495,19918,7440,4680,8964,10223,10117,0,7567
21161,6860,8528,11819,18542,3782,16611,12522,5646,6422,17893,4431,13590,13630,14705,21476,1305,18189,14305,6564,12621,9188,6363,8789,7935,4615,11887,16856,8626,5390,9470,12522,3142,3511,12109,0,9470,6439,16964,19978,4619,10324,21062,6579,18431,6994,17186,1872,12110,11885,190,12480,995,17085,6752,6050,8962,21445,6188,11866,12105,6052,17681,13207,19520,12111,8001,6734,8533,10211,10155,8539,13194,5088,10341,10875,473,18615,18611,18615,8236,846,28673,24829,6845,8835,6373,7567,4658,8265,16522,5890,26696,13734,7575,6355,1483,6736,16663,10377,10572,15547,3775,11921,16923,8533,8626,4917,19212,5890,3714,19291,18229,15111,16444,6422,24513,6480,9618,6422,13466,21488,19782,3798,17295,9470,13734,6860,6422,9869,8329,11292,16482,10236,12109,18954,8997,17002,6860,2092,6794,8484,11423,11223,8354,14328,6801,18011,7415,6378,18743,8501,1397,10908,7582,6860,4429,6693,13237,18451,8613,6654,4265,1977,2789,14705,13466,12113,23816,14997,13067,21001,17904,23793,6232,4708,8666,4258,13466,437,2351,3549,16741,11113,9492,13783,4407,4571,19792,14061,11419,18661,6536,3233,10701,18228,12824,7160,1714,7422,1978,18712,6477,19184,6718,12109,14516,20464,18013,5890,4804,13053,12115,4308,2012,14705,8020,12109,12109,9475,921,4264,8086,14670,18663,17023,9547,13590,18336,6190,24538,15737,6860,19327,24677,17522,4387,18018,4080,8281,4573,12493,24738,6212,6760,7736,2476,2370,12109,6339
24941,4502,891,17235,23046,11143,17738,12128,8390,5621,18892,7994,17812,15334,6946,23719,7604,22634,16799,6210,12227,475,4377,3297,2093,11976,11493,20775,4028,12305,0,12128,8922,7682,11715,9374,0,9183,9205,22620,10938,11897,23031,3517,17049,6862,18836,9364,17527,17301,9185,12086,7294,19919,4395,8794,1922,22780,10080,11472,11711,3789,16189,15138,22284,11717,3245,4377,3936,9817,11729,902,16496,12449,9947,10481,7529,19373,19959,20713,1161,8827,32637,27993,7040,7876,6693,10310,9194,7289,14965,13251,30119,17955,10318,4369,7293,4750,16681,9982,10178,16060,7946,15683,19949,3936,4028,12278,19704,13251,10581,21391,21451,16001,18357,5621,30425,3561,9223,5621,17688,20558,12023,9321,21365,0,17955,4502,5621,9474,1254,10898,18693,1509,11715,18553,8093,19172,4502,8960,6441,846,11029,10829,1279,14344,6233,18158,2943,9122,18470,864,7391,10513,4182,4502,8965,4707,13662,21798,4016,4668,11626,9807,9433,6946,17688,11719,25307,17407,18483,20083,21223,25737,3910,12069,1029,11619,17688,7521,9227,8731,19677,10718,350,18005,11768,11932,20263,13667,11025,21010,9280,9007,10306,22063,12430,9904,8582,4022,7078,19861,6412,22264,4732,11715,17023,19487,22429,13251,12165,14592,17531,11669,7112,6946,6686,11715,11715,9081,7455,11625,2711,13674,18619,9264,102,17812,19623,9454,27717,18148,4502,20115,27925,9763,11748,19757,8087,2894,9109,12099,30902,8956,6407,10480,8924,8817,11715,9083
17752,7663,9640,13897,15613,8153,23824,9813,2069,7225,17384,2197,11443,5203,15817,15269,6008,13835,16280,5399,9912,10300,7166,9593,10581,6588,13289,20104,9429,5447,10582,9813,4938,3393,8116,6273,10582,0,18076,13747,7765,8287,15058,7382,13860,5933,14670,6262,13832,14084,6083,9771,5698,15085,7555,2704,10075,19395,1547,8334,8111,6856,14748,6282,14640,8117,8804,7538,9337,11613,8119,9652,9329,6959,6168,7161,6243,16855,16388,20172,9348,5726,21084,20011,7522,8205,7176,2019,3196,7776,11805,8532,21410,11586,2027,7158,5697,7539,11805,6518,7998,11109,3657,13323,13396,9337,9429,7559,19129,8532,4719,16580,16076,16132,15094,7225,19720,7283,6443,7225,11319,17535,20894,3471,21203,10582,11586,7663,7225,11270,9441,6667,14899,11348,8116,13525,8287,14064,7663,5776,5266,9596,12825,7509,9467,11714,5740,20261,8218,1645,13268,9613,5865,7506,8385,7663,2967,7496,11347,14730,9417,7457,6001,6705,6332,15817,11319,8120,19556,16203,13306,17097,14195,19254,7035,6637,9778,8629,11319,6135,6125,2732,14630,7398,10604,11636,5996,6500,15028,11352,8018,15753,1803,5023,6830,15662,10115,1612,5833,8226,5482,14930,5416,17243,7521,8116,15985,15128,15068,8532,6777,9188,13750,6473,5516,15817,7895,8116,8116,10877,6389,5853,10391,11359,20536,18135,10659,11443,23824,798,19717,16120,7663,18739,19834,18634,6360,14042,2089,9085,3111,9784,21912,466,5868,2188,5822,5716,8116,1606
25622,12174,9556,14204,27490,18796,24352,16714,17509,14286,22796,17138,30017,17755,4470,28291,16269,24572,19613,14875,16051,8918,12048,10320,10758,28343,18253,22988,10766,20427,9200,15459,17616,16826,13432,18039,9200,18302,0,27049,19034,16303,25115,11364,21542,15527,23076,18029,14496,14270,17850,17104,15959,22462,12066,17913,9236,27127,19200,15815,16133,11460,20699,17938,26664,15348,9927,12048,10673,16195,15154,9567,20775,28214,18612,16157,16194,23815,26766,22959,9826,17492,36513,34976,12530,14998,15358,14018,17892,14219,19486,27759,34270,30160,13915,12040,15958,12422,21660,15725,15718,22614,17090,20115,24742,10673,10766,28043,26186,27759,19246,25518,26243,22473,23322,14286,31378,11233,16318,14286,29893,27500,1162,17032,25899,9200,30160,12174,14286,15894,9919,17475,21430,8520,16193,22865,16846,21881,12174,17625,15106,9511,17635,17886,9944,20782,14898,22344,10830,14609,25079,9529,16056,17181,10864,12174,17663,12378,17365,24107,10754,12340,19747,18472,18098,4470,29893,14441,27305,23574,15452,26980,25984,27593,11581,20191,9694,19532,29893,16186,17892,16784,24484,17764,9222,30210,19890,20053,26795,17598,15830,25049,13441,17701,15018,24229,18859,13799,17247,10707,15743,22397,15077,24600,12403,14807,23105,26342,26879,27759,28412,20452,14500,19791,15777,4470,14795,14276,14724,16519,16120,19747,9393,17644,22846,484,9277,30017,22153,18573,34663,23025,12174,24061,34855,669,19870,26430,17230,9576,17808,15052,34950,18075,15072,14287,17589,17482,13482,14836
21389,14881,22351,29216,463,22408,5549,10976,15109,18188,9496,14177,26443,11324,25434,1668,17673,190,10501,12590,11075,23216,14683,17554,17210,22679,8536,2501,17578,20789,22511,10976,18086,16257,10564,18126,20523,15152,24541,0,22221,12507,3201,15540,11248,13248,2572,18023,26363,29419,19781,10934,17481,5549,14508,15513,17872,5509,15518,10320,10559,15246,11248,11672,474,10566,18825,16708,17803,8815,12338,21470,9875,23055,10616,9426,19783,5793,4866,2570,20306,17238,9743,10477,13574,9515,13375,15345,14943,9777,11166,25200,7419,26566,15353,14593,17213,16699,11166,9970,9171,10470,16062,8754,5549,17891,16565,21771,1294,25340,17518,1545,5358,10352,11248,19521,7497,16905,9893,18745,23701,4989,22922,16582,3048,21971,24231,14242,20801,10144,18331,9843,10470,21865,10564,5549,9343,11248,14102,18683,12476,22733,9878,9773,18520,11075,13030,2658,17035,15841,2572,19906,17558,10248,16522,15617,14580,14232,11138,5113,16102,14321,19739,18160,18872,22990,26224,10568,5555,8278,28185,5074,5520,3245,16602,19573,18271,21204,25802,19586,19479,16411,5752,9663,19832,24650,21291,21710,536,11138,9939,547,15999,18358,10915,2447,11279,14939,17135,18193,18646,5752,13475,5277,15579,10564,8060,5996,276,22481,22776,10241,26254,20324,16966,22617,13949,10564,10564,9751,19465,19486,17800,11131,2572,24434,19561,24119,5752,13762,10652,10340,15132,674,10652,28015,22357,2630,15817,19111,16336,10947,9694,15675,12915,15515,17345,17395,10564,15802
18061,9351,11500,10098,20580,3298,21024,14048,7151,8912,20066,5936,11957,17254,17677,23839,4254,20241,16855,8090,14147,12160,8854,11280,12441,4131,13414,19063,11117,3551,12442,14048,4516,5015,13636,3303,12442,7944,19936,20161,0,13818,21344,9070,19357,8520,19496,2278,10390,10165,3485,14006,3943,19575,9243,7554,11934,23785,7692,13392,13631,8543,18716,14581,19710,13637,10492,9225,11024,11738,13649,11511,15990,4604,11867,12401,3422,21138,23130,19126,11208,3918,30140,26412,9114,16027,8768,9071,6162,15198,19512,5406,25841,12100,9079,8845,4432,9227,19645,11903,12098,18162,5279,15815,21348,11024,11117,4433,21522,5406,3065,21415,22749,17656,19102,8912,28807,8970,11144,8912,11833,21935,22754,5302,19459,12442,12100,9351,8912,11395,11301,12818,19091,13208,13636,21593,16260,19621,9351,3466,8321,11456,12950,12749,11326,18785,8327,18617,9906,7883,19373,11473,4346,12434,10073,9351,5933,9184,17655,22961,11104,9145,3781,1962,2470,17677,11833,13640,26387,18846,11346,23704,22361,26224,8723,2289,11638,3774,11833,3716,2844,5054,21169,12639,12464,12150,3923,2151,22076,15900,12945,22820,8041,4607,12227,22568,15757,8665,2920,9913,4751,19456,8003,21638,9209,13636,18289,21052,20073,5406,4320,14465,10394,3824,4784,17677,14841,13636,13636,11002,3870,3780,12251,17708,19237,19995,12519,11957,19090,7694,26117,18307,9351,21503,26218,20494,3903,22358,5584,10772,6078,14019,26252,7716,8287,9240,2560,2454,13636,7844
16802,10858,12618,16562,12744,11268,16553,6604,7819,11843,10113,8031,14880,5252,15270,13807,10787,12471,7944,6597,6703,13278,10361,12788,13560,12703,6018,12833,12624,12189,13561,6604,9941,7111,4907,10287,13561,8612,14792,12550,10880,0,14197,10577,8678,6811,13265,9655,16462,16749,10097,6562,10477,16553,10751,8223,13053,14367,9509,5125,4902,10051,8678,6331,12939,4909,11999,10733,12532,4341,575,12630,5698,12574,4624,3530,10257,16797,15870,12902,12326,9740,18338,17051,10843,7073,10371,8876,10068,6786,8596,13376,18117,14989,8884,10353,10965,10734,8596,3011,4789,7900,7375,6052,16553,12532,12624,12403,11858,13376,10513,13685,16362,7796,8678,11843,18438,10478,3900,11843,17738,15993,13599,8604,13932,13561,13727,10858,11843,4151,12419,3037,7900,14326,4907,16553,7092,8678,10858,8891,6484,12574,5553,3878,12445,8505,7037,12990,11413,8551,13265,12592,10879,4297,11580,10858,9839,10691,8138,16117,12612,10652,12220,10437,10063,13744,13312,4911,14511,8932,15816,16078,16321,14220,10230,12663,12757,11744,17738,10149,9856,8356,16553,3989,13583,15591,12362,12526,12196,8143,4809,12828,8709,10032,4831,13443,6906,8470,8948,11421,10572,16553,7396,16078,10716,4907,8714,16797,12314,13376,12772,5558,18039,12263,10606,13378,7136,4907,4907,3758,10403,12219,13369,8150,13265,14703,13637,15022,16553,8883,16761,7784,10858,11468,16908,15623,12342,13323,8961,14058,9983,6575,18712,8384,6923,9045,9553,9447,4907,8512
26111,14695,22823,27151,3504,21505,2831,12300,13600,18711,10820,15273,25293,14775,23466,2084,18526,3230,11824,13913,12399,23574,16485,17489,19284,21838,9859,1958,15810,22204,22911,12300,17552,15756,11887,19109,20896,16597,27680,3310,23524,13830,0,15706,12571,13764,1363,19067,26985,27331,20836,12258,18378,2831,16195,13830,19886,2791,15489,11643,11882,15485,12571,14315,3699,11889,17139,16925,16086,10139,13661,19833,9934,22200,11940,10749,20800,3074,2148,1742,18663,20090,12450,13184,15172,9114,15096,17988,17656,9470,12489,24175,10126,27966,17996,16337,18038,18115,12489,11293,10495,11793,15589,10077,2831,16180,14802,25442,3312,24305,18794,1682,2639,11676,12571,18234,10204,15590,11216,21223,25007,2271,23351,17937,2030,22319,25503,15854,19415,11467,18583,11166,11793,19991,11887,2831,8918,12571,14151,18098,13800,23279,11201,11097,18793,12398,14353,1654,17196,14871,1363,22419,20284,11571,16579,15722,15638,15876,12461,2394,15994,14508,23151,19242,18260,23390,27677,11891,2836,9601,28806,2356,2599,2038,16835,22887,18652,22404,24721,18701,18735,17616,2831,10986,22172,25920,22643,20894,2956,12461,11262,3587,14700,17808,12239,937,12602,14878,20048,16590,17742,2831,13842,2356,14323,11887,9383,3074,3074,23785,21940,10300,29615,23783,17813,25374,13565,11887,11887,11074,20445,22865,17910,12454,1363,25001,21911,28020,2831,16674,13360,11664,13778,3387,13360,28657,23753,959,17014,19218,17516,12271,12401,14492,14239,18157,20344,20384,11887,13446
23957,1018,3221,16502,17532,9702,20589,10688,6167,3984,15501,5795,14889,13894,8731,16392,6699,17120,13045,3533,10787,3947,893,2277,1809,10534,10054,15157,2113,10864,4229,10688,7480,5483,10276,7285,4229,6960,10989,17127,9953,10458,17311,0,13792,4184,15033,7923,16794,16568,7096,10646,6388,20589,910,6571,2063,19273,7857,10032,10271,660,13792,10862,15288,10277,1488,892,2021,8378,10289,3232,11360,11008,5595,9041,6623,15472,16186,13669,2712,6738,27649,23238,1375,4007,1754,8087,6995,3406,13710,11810,22551,13371,8095,885,6387,1266,13710,8543,8738,13015,5747,10088,20589,2021,2113,10837,14689,11810,8492,16286,15623,12897,13792,3984,22817,621,7784,3984,14671,15242,13807,7122,15772,4229,13495,1018,3984,8035,2619,6621,13015,3549,10276,13294,4208,13792,1018,6870,3763,3177,9590,9389,2886,13619,3556,17025,1288,6899,13235,3194,6485,9074,1069,1018,6766,1223,12222,15984,2101,1184,10184,8366,7992,8731,13484,10280,17669,12968,17750,14766,13989,19984,426,10628,2677,10177,16247,6615,7786,6532,20589,9279,4251,13829,10327,10490,15250,12227,9585,15998,7057,7565,6257,16357,10990,7681,6493,910,6172,20589,3734,16402,1248,10276,12750,15609,16914,11810,10724,11219,16798,10228,6206,8731,2966,10276,10276,7642,6549,10184,1960,12234,14807,11049,4306,13632,20589,7231,22974,12885,1018,16773,25588,11548,10307,14570,5888,2155,6911,10659,23355,6732,3729,8256,7483,7376,10276,6860
28792,13659,16980,26093,11088,21480,14896,5679,10774,15273,8456,14845,25869,11608,19569,12151,17475,10814,2607,8255,5321,17431,13162,15588,13631,20040,5371,11177,15424,20386,16926,5679,15679,15068,4741,16723,18791,15276,23743,10894,21335,8172,12540,13378,0,8469,11609,18559,23467,26279,16465,5637,15821,14896,13551,11178,15346,14856,16016,5537,4736,12851,0,8559,11282,4743,14800,13533,15332,4537,8003,15991,6618,22532,6282,5197,16349,15140,14214,11245,16143,15914,17174,16065,13518,5341,13171,12695,15532,5826,82,24715,15293,25863,12703,13153,15328,13535,77,5741,6006,804,14930,5598,14896,15332,15424,23561,10201,24861,18959,12028,14705,2459,0,14820,14060,13278,5558,15764,23210,14337,21531,16241,12276,17983,26009,13659,17615,5809,14594,5614,804,17369,4741,14896,5122,0,13659,16200,8142,17515,4055,5545,16353,173,8695,11333,14214,11506,11609,16640,17330,4899,14381,13659,15095,13491,2753,14460,15412,13453,21228,18849,16326,19516,25732,4745,14902,7238,22516,14422,14665,14000,13031,20757,14920,20417,22949,16208,18265,15544,14896,5435,17774,23996,20628,20903,10540,2753,5228,11171,11664,17573,6581,11786,3996,12288,16042,14221,15051,14896,9054,14422,13517,4741,7020,15140,10658,22027,20179,6478,25727,19775,16720,19168,6581,4741,4741,5416,15963,20936,15080,2746,11609,21417,17600,26015,14896,15519,15864,2447,13659,9812,14758,22424,21803,11666,13587,16858,13960,5650,16527,14775,8580,12864,18128,18124,4741,11467
21207,3302,6879,14759,15033,7767,17309,7303,3906,4464,10869,3535,14361,9578,13056,14319,5291,13268,9766,1433,7402,7539,2301,5246,4577,8947,6774,13589,5082,9277,7821,7303,5116,3223,5606,6346,7821,4699,15315,14602,7379,6142,15170,3036,10513,0,14021,6336,14871,13570,6157,7261,4981,17309,3194,4310,4831,15847,5597,5824,5601,2694,10513,8762,13695,5608,4457,3176,4990,5097,5973,6890,7184,9073,3495,5016,5216,17553,16626,13658,6587,5799,22402,22827,2772,4445,2426,5827,4735,3942,10431,9875,20041,14504,5835,2644,4980,2881,10431,4372,5457,9735,3487,6808,17309,4990,5082,8902,12614,9875,7011,14174,17118,9618,10513,4464,20317,3121,3770,4464,14237,15149,18133,4862,14689,7821,14504,3302,4464,3777,6680,4522,9735,8587,5606,17309,4569,10513,3302,5389,1664,6835,6309,5363,6705,10340,1512,13746,4056,4638,14021,6852,5078,4996,4038,3302,4506,2924,8837,16873,5070,2948,8597,6779,6405,13056,14237,5610,17657,9688,15827,14640,17077,17904,2873,9041,7017,8243,14237,5208,6199,4271,17309,5253,7843,13455,8740,8903,12952,8843,5508,13743,4796,5201,4158,14199,7606,5420,5447,3879,4765,17309,1255,13409,2899,5606,9470,17553,13070,9875,9270,7043,14875,8641,4799,13056,3960,5606,5606,3913,5142,8597,4728,8849,14021,15374,7898,14361,17309,4971,20437,9605,3302,12225,22762,15873,8720,14079,3628,4923,4650,7274,22894,4472,1640,5996,5896,5789,5606,4599
25511,17390,20559,25122,3195,19653,3648,11543,15676,16670,10063,14784,25892,13358,23593,3020,16561,2921,11067,13156,11642,19326,16893,15433,17010,22073,9102,672,15167,18353,20641,11543,15701,13855,11130,18942,20761,13310,25433,3001,21488,13073,1369,13640,11814,13370,0,17168,27502,25302,16972,11501,16427,3648,17282,16079,17608,3608,13798,10886,11126,14791,11814,13706,3389,11132,16615,13290,15462,9382,12904,19589,9177,22482,11183,9992,18658,3891,2965,455,18293,16311,12211,12945,17249,7620,16903,17380,14146,7953,11732,24671,9887,25964,17388,16885,16066,17266,11732,10536,9738,11036,15093,9320,3648,15565,19156,23472,2308,22515,17003,2618,3456,10919,11814,16194,9965,13526,10459,17213,25581,3088,23470,15951,1027,20045,26108,17390,19152,10710,18205,10409,11036,19756,11130,3648,7431,11814,17390,16247,13043,19074,10444,10340,18438,11641,13596,367,16675,16407,0,20155,16437,10815,15997,17390,13759,17223,11704,3211,15365,17184,21160,17358,16404,23511,23321,11134,3654,8844,24094,3173,3416,3323,16762,20857,16595,20562,22928,16761,18565,15560,3648,10229,19896,24103,20633,19054,2647,11704,10505,3278,16565,17591,11482,1147,11845,16973,17962,16008,17382,3648,13955,3173,17248,11130,8626,3891,2765,21990,20136,9543,27374,21784,17467,23106,8731,11130,11130,10317,18291,20872,15844,11697,0,25306,17817,26036,3648,13413,13120,10907,17390,2778,13120,26411,19743,418,14958,16941,15449,11514,12162,16241,13482,17549,16590,16620,11130,16368
20567,7997,10146,9504,20324,2703,16649,12694,5797,7558,17757,4582,11362,15900,16323,19415,2768,19939,15847,6736,12793,10806,7500,9926,11087,3536,12060,16803,9763,3866,11088,12694,2597,3661,12282,1818,11088,6590,18582,19864,2498,12464,21015,7716,16839,7166,18922,0,9795,9570,1999,12652,2458,17134,7889,6201,10580,23631,6338,12038,12277,7189,16179,12662,17597,12283,9138,7871,9670,10384,12295,10157,13366,4009,10513,11047,1936,20588,18617,16846,9854,2710,28385,24620,7760,9059,7414,7717,4808,8497,15150,4811,26474,11506,7725,7492,2946,7873,15274,10549,10744,17252,3925,12094,16954,9670,9763,3839,19117,4811,2765,21178,18248,16734,18265,7558,24312,7616,9790,7558,11238,19526,21400,3948,18989,11088,11506,7997,7558,10041,9947,11464,18279,11854,12282,18967,9215,18858,7997,1547,6967,10102,11596,11395,9972,15969,6973,17977,8552,6529,18745,10119,2861,11080,8719,7997,4579,7830,13446,20345,9750,7791,3186,343,1116,16323,11238,12286,21601,14909,10752,19089,17913,21538,7369,3630,10284,3179,11238,2120,452,3700,16780,11285,11110,11555,3329,3492,19689,13337,11591,20457,6687,2688,10873,18190,12996,7311,707,8559,3441,18761,6649,19220,7855,12282,15893,18615,19747,4811,3726,13225,9800,3230,3475,16323,8281,12282,12282,9648,2385,3186,10897,13500,16912,18641,11165,11362,18374,6861,26813,17437,7997,19194,26957,19140,3309,19823,4230,9418,4724,12665,27018,6362,6933,7886,1072,965,12282,6490
29022,15157,18587,2052,29500,7417,23998,18812,15977,16683,24590,13481,13170,17769,13501,27522,11534,29095,23718,15242,16484,17949,15700,19351,19789,8718,18415,24842,19741,9048,18231,19130,12736,12561,15352,10584,18231,15246,15205,29056,7655,18144,29742,16808,25865,16065,24952,9559,0,2118,10765,19200,11224,26861,16981,14406,18267,31991,14043,19520,16525,16282,24938,17968,28660,15848,18958,16963,19649,18052,16846,18598,20649,8983,16651,17992,10702,25733,28855,24819,18857,11475,38346,33467,13507,16922,14764,17226,13707,16144,23602,9785,32835,13313,17119,16043,11712,16258,21581,19342,17575,22439,12825,22136,24350,19649,15251,8812,25591,9785,10418,30161,28337,24578,23088,16683,33122,16709,18373,16683,13046,29603,18023,12847,27934,18231,13313,17089,16683,16297,18950,17664,25739,17551,16597,24758,18967,23805,14829,11686,14010,18543,19716,19922,18976,22907,14942,26682,19709,16395,24642,18560,11627,19259,19895,13241,13478,16324,19295,28659,19729,16347,8368,9243,10016,13501,13046,16360,29202,23206,956,26388,28071,29466,16461,8811,18725,8153,13046,10996,9692,12599,26582,19798,18253,13362,8511,8674,28812,21521,17689,26875,16601,12827,18595,26098,19040,15374,10266,19735,12207,24304,15548,26510,16298,16708,22772,28450,26214,9785,9181,20377,4,8412,12241,13501,16908,16180,15277,16851,11151,8368,18424,19572,27246,15264,18308,13170,24054,14064,36571,22806,13786,28507,33345,15763,8490,28493,13129,18607,13623,18693,36839,14371,15225,17531,9738,9631,15400,15068
29083,15588,18325,49,27096,7154,24358,17430,14779,16421,27456,13219,12907,19898,13239,30708,11272,26729,24118,14174,18578,17687,15437,19089,19526,8456,20673,25182,19479,8785,17969,17716,12474,12298,17330,10321,17969,15522,14943,26692,7392,18460,30124,16546,23843,14956,27887,9297,2508,0,10503,19597,10962,27262,16719,14683,18005,29384,15734,18069,16880,16019,25355,20126,26329,17878,18696,16701,19387,20274,18890,18336,20972,8721,15468,20200,10440,28768,29248,27733,18595,11213,38655,37218,13878,19080,15165,17526,13445,16533,21794,9523,36523,13051,15807,16322,11450,15130,21960,17881,17918,25141,12562,22505,24710,19387,15684,8550,28572,9523,10156,30534,28734,24980,23465,16421,33426,16447,17016,16421,12783,27222,17761,12585,28306,17969,13051,13408,16421,16647,18688,17991,23726,17288,16960,25114,17598,24180,15248,11423,15821,18280,20106,20296,18713,21162,15307,24554,19447,16699,24995,18298,11364,17828,19633,13620,13216,13325,21688,29053,19467,16084,8106,8980,9753,13239,12783,16732,32580,23534,3464,26752,25826,32860,16199,8549,18463,7891,12783,10734,9429,12336,24479,18302,17991,13100,8248,8412,29177,21938,19876,29985,15338,12564,17213,29145,19422,15637,10004,19473,11945,24667,13571,29619,13369,17068,23097,28853,26545,9523,8918,20707,2512,8149,11979,13239,17340,18233,15647,17196,10888,8105,18162,19953,27630,15002,18046,12907,26908,14307,36901,25542,15613,28863,33642,15501,8228,28876,12867,18345,13360,17324,33719,16122,14162,17834,9476,9369,15771,15341
19359,6670,8339,11629,18362,4817,18050,12332,5457,6232,17706,4242,13401,13440,14516,19291,1389,19847,14060,6374,12431,8999,6173,8600,7745,5531,11698,16656,8436,5200,9281,12332,2952,3322,11920,190,9281,6250,16774,17947,4429,10134,18904,6389,18147,6804,18706,2232,11921,11695,0,12290,1079,18568,6563,5861,8773,21225,5998,11676,11915,5863,15778,13018,19327,11922,7811,6545,8344,10022,9966,8350,13004,6123,10152,10686,235,20249,18388,18390,8046,656,25913,27223,6655,8614,6183,7377,4468,8043,14721,6925,26548,13544,7385,6165,1567,6546,16368,10187,10382,16854,3586,11732,18396,8344,8436,5952,17245,6925,3524,19099,19840,16385,17836,6232,26869,6290,9428,6232,13277,21232,19592,3608,18847,9281,13544,6670,6232,9679,8139,11103,17885,10047,11920,16972,8777,16746,6670,1902,6605,8294,11234,11033,8165,15495,6611,17781,7225,6189,18499,8312,1481,10718,7392,6670,4239,6503,13866,18226,8424,6464,5181,2575,2600,14516,13277,11924,23574,16325,12877,18820,17680,23569,6042,5625,8477,5293,13277,244,2161,3360,18193,10923,9303,13594,5324,5487,17773,13872,11230,20369,6347,3043,10511,19863,12635,6971,1525,7233,2062,18451,6288,20886,6528,11920,15799,18329,17830,6925,6321,12863,11925,5225,2096,14516,7796,11920,11920,9286,1005,5181,7896,13878,16720,16834,9357,13401,18080,6000,24409,17071,6670,19139,27060,17333,5304,19629,3890,8092,4384,12303,24617,6023,6571,7546,2286,2180,11920,6150
22370,10363,12123,19404,10822,14089,14631,42,8691,12016,8191,10852,17127,9525,15176,11885,12991,10549,5083,6172,1438,12783,9866,12292,13064,15120,4096,10911,12129,15422,13065,42,12038,9932,2658,12491,13065,9484,15518,10628,13701,6088,12275,10082,5635,6385,11343,12480,17420,17781,12301,0,12681,14631,10255,9095,12557,14591,10381,1196,2653,9555,5635,7771,11017,2660,11504,10237,12036,2454,5920,12134,5177,15571,4198,3114,12461,14875,13948,10980,11831,11944,19435,17412,10348,3052,9876,10611,9546,2992,5553,16096,16714,18858,10619,9858,11895,10239,5553,3658,3121,4857,10196,4130,14631,12036,12129,16603,9936,17886,13334,11763,14440,4934,5635,12016,16970,9983,3475,12016,16870,14071,15066,11484,12010,13065,19004,10363,12016,3726,11924,3531,4857,13831,2658,14631,3001,5635,10363,11712,6058,12079,1972,3462,11949,5462,6612,11068,10918,9423,11343,12096,13083,2815,11085,10363,9317,10196,2873,14195,12117,10157,14742,12924,12550,13697,18749,2662,14637,7010,16525,14156,14399,13734,9735,15186,12261,14063,16614,12353,12343,11235,14631,3351,13087,17637,14885,15048,10274,2878,3144,10906,9581,12123,4497,11521,1641,10205,11699,10925,12494,14631,6971,14156,10221,2658,6792,14875,10392,15699,15280,5037,17300,14830,12528,13332,3625,2658,2658,3333,12607,14742,12874,2885,11343,16973,13142,19023,14631,9755,18911,4922,10363,9546,17426,18083,14845,11401,8439,13562,9461,13,17585,9257,6497,10781,12040,11934,2658,9384
21719,5915,7583,12009,17894,5196,17398,12168,5292,5476,17219,4077,13780,13819,13760,18790,408,19327,13445,5773,12267,8243,5418,7844,6990,5255,11533,16142,7681,5106,8525,12168,3332,3157,11755,995,8525,6085,16019,19267,4808,11938,20255,5634,17437,6380,18105,2611,12300,12075,800,12126,0,16247,5807,5696,8017,20664,5834,11512,11751,5107,15122,13397,18826,11757,7056,5789,7588,9857,11769,7594,12840,6502,9987,10521,564,19575,19642,17814,7291,1036,28244,26834,5900,8077,5428,7213,4304,7505,14053,7305,23726,13924,7221,5410,562,5791,15634,10022,10218,14655,3421,11567,17750,7588,7681,6332,16762,7305,3904,18605,19204,15708,15531,5476,26469,5534,9264,5476,13656,20585,18837,3444,16597,8525,13924,5915,5476,9515,7384,10938,17184,9291,11755,18077,8240,16107,5915,2282,6003,7539,11069,10869,7409,13390,6188,17194,6470,6024,16222,7556,500,10554,6637,5915,4075,5748,13702,17657,7668,5709,4905,2617,2979,13760,13656,11759,22958,15800,13256,18229,17111,22993,5287,5349,7721,5672,13656,556,2540,3195,15914,10758,8547,13973,5048,5211,19063,13707,11065,19851,6182,3423,10346,19280,12470,6806,1904,6477,1313,16144,5864,20234,5773,11755,13866,19539,19130,7305,5445,12699,12305,4949,1347,13760,7257,11755,11755,9121,490,4905,7141,13714,17829,16078,8602,13780,15816,5836,26516,16385,5915,16918,24211,16577,5028,19040,3726,7336,4219,12139,26764,5858,6316,7382,2666,2559,11755,5985
27321,20619,19780,24560,4982,21735,0,14772,18905,17735,13292,14922,26067,16205,20630,4294,16332,6151,14296,16386,14871,20401,20006,14301,14638,20186,12331,4184,22385,18568,19791,14772,17427,15280,14359,18830,18073,13687,24757,6230,21575,16302,2794,20338,15044,16599,3589,18885,24371,24735,16847,14730,17907,0,20511,19308,16597,3258,15732,14116,14355,19812,15044,15806,6619,14361,15501,20493,22292,12611,16134,17005,12407,22678,14412,13221,16766,848,683,3968,15736,17894,16603,14908,20478,6514,20132,20609,15678,6926,14961,22568,11850,26100,20617,20114,15816,20587,14961,13765,12967,14266,13718,12549,0,22292,22385,21497,5538,25020,17237,3892,191,14148,15044,15622,11927,20239,13688,16611,25766,964,20558,16219,4256,19152,23813,20619,18521,13939,15669,13638,14266,18695,14359,0,6307,15044,20619,16350,16272,18428,13673,13569,17523,14870,16825,3880,14216,19636,3589,19389,16203,14044,13512,20619,15241,20452,14933,436,22373,20413,19378,19137,16492,22668,25903,14363,3303,12073,25859,954,232,3761,19991,19024,17495,22753,25466,18308,16837,15668,0,13459,17213,26695,18863,19156,5876,14933,13734,5065,19795,17718,14711,3468,15074,20203,16294,13548,17113,0,17184,954,20477,14359,11855,848,5994,24436,20311,12773,24250,21956,17223,20207,7703,14359,14359,13546,18079,19113,14870,14927,3589,22342,17016,26213,0,15266,15083,14136,20619,6008,15083,23350,21948,3185,13678,15863,14092,14743,14125,19944,16711,20778,18348,16660,14359,19597
23440,108,4464,16675,16396,9875,20762,10861,6340,4172,14322,5968,13875,14067,9535,16941,6872,14502,13218,3706,10960,4562,1066,3081,2679,10708,10227,17042,2918,11037,4844,10861,7654,5656,10449,7458,4844,7133,11794,15990,9670,10631,14694,871,13966,4357,17474,8096,16967,16741,7269,10819,6561,20762,0,6744,2934,18195,8030,10205,10444,1267,13966,11035,15711,10450,2293,536,2825,8551,10462,4475,11533,11181,5768,9214,6796,21005,13698,17110,3583,6911,26524,24475,1548,3557,1927,8260,7168,2966,13883,11983,21520,13763,8268,1058,6561,1439,13883,8728,8911,13188,5920,10261,20762,2825,2918,10742,13658,11983,8665,15262,20570,13070,13966,4172,24011,1492,7957,4172,15058,14279,15176,7322,13283,4844,15310,108,4172,8208,3490,6795,13188,4499,10449,20762,3740,13966,108,7044,3936,4419,9763,9562,3757,13792,3729,17199,2159,7072,17474,4437,6658,9247,1874,108,6966,1396,12395,13515,2906,1357,10090,8271,7897,10100,13829,10453,16690,13141,17655,15214,20530,17127,599,10533,3547,10083,13452,6788,7703,6732,20762,9452,5202,14241,10232,10396,15672,12401,9759,14967,7230,7471,6431,15238,11164,7854,6666,1714,6345,20762,3907,13921,1421,10449,12923,21005,15777,11715,10629,11392,16703,10133,6379,10100,2686,10449,10449,7815,6722,10089,2770,12407,17474,12418,5256,14002,20762,7404,21943,13058,108,14186,24453,12917,10212,13557,6088,2965,7110,10832,22326,6906,3902,8430,7388,7281,10449,7033
18671,7011,9003,15977,15316,8162,19125,9176,829,6588,12685,2206,16746,6920,15180,14090,6017,15043,10516,4762,9275,9663,6146,8940,9944,9597,8590,15405,8777,6919,9945,9176,4037,3401,7479,6281,9945,2608,17439,15122,7774,7650,15243,6730,11250,5296,15837,6283,15877,16183,6092,9134,5706,19125,6903,0,9438,17997,3506,7697,7474,6204,11250,7999,15511,7480,8152,6885,8684,6913,7482,9015,8692,9468,5531,6524,6251,13943,14961,15474,8711,5734,22472,19165,6617,7282,6271,3736,3204,6883,11168,10270,20453,16889,3744,6506,5705,6726,11168,5881,7361,10472,3665,8624,19125,8684,8777,9297,14430,10270,5373,13874,13274,10368,11250,6588,18849,6631,5806,6588,16622,14593,20257,3332,16504,9945,16889,7011,6588,5812,8804,6030,10472,10711,7479,19125,7351,11250,7011,5784,4629,8959,8125,6872,8830,11077,5103,15562,7566,664,15837,8976,5873,6869,7733,7011,2975,6770,10710,13431,8765,6805,8532,6714,6340,15180,16622,7483,18162,11504,15206,15637,18893,16265,6383,8976,9141,8638,16622,6143,6146,2741,19125,6761,9967,16938,7467,8838,14768,10715,7381,15400,822,4122,6193,16015,9478,3329,5842,7573,5490,19125,4779,14320,6744,7479,11286,15199,14886,10270,9665,8551,15777,8576,5524,15180,7063,7479,7479,5948,5867,7324,9754,10722,15837,17498,10022,16746,19125,2880,20802,10356,7011,14040,20956,13595,8655,15895,2097,8432,3120,9147,21026,2381,5231,3905,5831,5724,7479,625
27543,3052,1607,17419,20105,11862,16268,12847,9110,6340,18045,8714,18531,16066,7130,18732,9848,17867,15205,5303,12946,1675,2927,2005,1330,12695,12213,17736,1896,13025,1957,12847,9641,8401,12435,10094,1957,9903,9388,19698,11657,12630,18043,2062,13923,5954,15976,10096,17711,17485,9904,12805,9538,15058,2944,9513,0,19791,10800,12191,12430,2338,15952,15094,19413,12437,1132,2926,1804,10537,12461,1618,13519,13168,10667,11201,9773,17962,17003,17645,931,9547,30138,25542,3409,5442,3788,11030,9913,4858,15870,13971,27398,18675,11038,2919,9537,3300,15870,10715,10897,15174,8665,12247,16673,1804,1896,12998,17024,13971,11301,18626,16485,15056,14898,6340,25126,2111,9943,6340,18407,19321,12206,9087,18350,1957,18675,3052,6340,10194,838,11618,13860,2004,12435,15618,5660,14276,3052,9679,5534,1563,11749,11548,925,15778,5326,16929,1708,9841,17155,1580,9635,11233,2050,3052,9685,3257,14381,16819,1884,3218,12345,10527,10153,7130,18407,12439,19974,14829,18667,18795,16310,20463,2460,12789,1474,12338,18407,9765,9959,9450,16389,11438,1979,18724,12488,12651,17585,14387,11745,18333,10000,9726,11026,18934,13150,10624,9302,1890,9322,16552,5505,17166,3282,12435,15974,18121,17680,13971,12885,13378,17715,12389,9356,7130,4250,12435,12435,9801,9699,12345,902,14393,15772,9448,2034,18531,14835,10174,27857,14791,3052,17539,28117,9947,12468,18635,8806,1257,9829,12818,25645,9675,5500,11199,9643,9537,12435,9802
26295,17835,22638,32191,6501,23941,3297,14849,16085,20734,13369,19511,27785,14905,25343,4307,20784,6227,14373,15278,14948,23229,18556,20980,19348,24320,12408,4261,17318,24960,22665,14849,22032,19983,13783,23636,25107,17597,29899,6307,26215,15835,2871,17486,15120,17465,3666,21440,29025,32386,23394,14807,22775,3297,16508,16329,21813,0,18069,14193,14432,19098,15120,15883,6696,13332,20724,17167,19459,12688,13839,21713,12484,27214,13919,13298,23335,3541,2614,4045,22552,20574,14186,14921,17197,14640,15637,17146,18431,13865,15038,26677,11862,27850,15567,16671,22353,16065,15038,13842,13044,14343,19807,12626,3297,19575,17907,28204,5615,26808,21296,3905,3106,14225,15120,20261,11940,19224,13765,21265,30313,2738,27842,20683,4333,24351,27981,17820,21446,14016,22475,13715,14343,23917,14436,3297,9824,15120,15862,20536,16649,25461,13750,13646,22725,14947,14100,3957,18947,17652,3666,24556,20658,14594,20115,17649,18042,16213,15010,2861,17526,16327,25892,21637,20692,25277,27614,14440,46,12150,31009,2823,3065,3774,17099,25586,22668,24851,27221,21007,21120,20285,3297,13536,21936,28395,23013,25729,5953,15010,13811,6584,15869,20250,14788,3545,15151,17719,20574,18285,22029,3297,15815,2823,16146,14436,11932,3541,6071,26284,24429,12849,28906,24058,22123,27461,14888,14436,15243,13623,22958,23230,19607,15003,3666,29768,23951,27916,3297,19499,15096,14213,17078,6085,15096,30878,26492,3262,19683,19130,18302,14820,14138,18784,15255,16844,23008,20903,15117,15987
16880,8322,10299,14090,14497,6365,15121,14053,2727,7884,17514,3492,10579,5479,16476,17249,6138,15625,16410,6057,14152,10959,7441,10251,11240,5921,13419,20234,10088,4780,11241,14053,4270,4241,8774,6403,11241,1547,18734,14079,5977,8946,17071,8041,14531,6591,15207,6405,15477,14275,6213,14011,5828,14274,8214,3363,10733,19915,0,13397,8770,7514,14081,6557,14989,8776,9463,8196,9995,11743,8777,10310,9988,6292,6826,7820,6373,15885,16950,14670,10007,5856,23212,22151,7913,8839,7567,2677,4468,8413,13311,7865,21525,10722,2685,7817,5827,8022,14753,7176,12103,13310,4505,13453,13961,9995,10088,6892,14898,7865,4051,16990,15119,16262,14383,7884,19825,7942,11149,7884,10455,18128,22759,2804,13535,12447,10722,8322,7884,11400,11306,7326,15626,13213,8774,15495,8918,14724,8322,5906,5924,11461,12955,8167,11331,16984,6398,20391,8877,2304,13788,11478,5995,8165,9044,8322,4239,8155,15587,15246,10076,8116,5334,6835,6462,17682,10455,8778,20071,16333,13573,16061,14716,17869,7694,5970,11643,6840,10455,6265,6267,3730,15266,8057,12469,10772,5328,5832,13988,15592,8676,14626,2462,4355,7489,14655,14356,2271,5963,8884,5612,15571,6075,16194,8180,8774,16115,15700,15449,7865,6110,9847,15394,5806,5646,17682,8535,8774,8774,11007,5988,5185,12256,15599,14915,20000,12524,10579,15107,882,19803,13285,8322,13380,19903,14711,5693,15981,3384,9743,4384,14024,21974,1189,6527,2846,5952,5846,8774,2265
24373,8764,10524,19720,10208,14612,14017,1238,7092,10418,7577,9254,17243,7926,15539,11271,11392,9935,4469,4573,1337,11184,8267,10694,11465,13819,3482,10297,10530,13823,11467,1238,10440,8333,543,10892,11467,7885,17431,10014,12103,4490,11661,8483,5203,4787,10729,10894,17710,19914,10703,1196,11082,14017,8657,7496,10959,13977,8783,0,538,7957,5203,7157,10403,545,9905,8639,10438,1840,4321,10536,4563,14225,2600,2500,10862,14260,13334,10365,10232,10345,19022,18745,8749,3329,8277,9013,7947,3292,5121,16200,17977,18996,9021,8259,10297,8640,5121,2575,1928,4425,8597,3516,14017,10438,10530,15160,9322,16333,11735,11148,13825,4320,5203,10418,18260,8384,1876,10418,18717,13457,13992,9885,11396,11467,19142,8764,10418,2127,10325,2917,4425,12232,543,14017,3268,5203,8764,10113,4460,10480,1358,2847,10351,5029,5013,10454,9319,7824,10729,10498,11485,1436,9486,8764,7718,8597,2772,13580,10518,8558,13144,11325,10951,14025,17120,547,14023,6396,18545,13542,13785,13120,8136,13587,10663,14186,16723,10755,10757,9637,14017,2737,11489,17765,13286,13450,9660,2778,1948,10292,7982,10525,2899,10907,1541,8606,10100,9327,10896,14017,5372,13542,8622,543,6178,14260,9778,17418,13960,4422,17591,13554,10930,13658,3935,543,543,1734,11009,13143,11275,2785,10729,17301,11543,19150,14017,8156,18464,4308,8764,8932,17018,18410,13564,10787,6840,11827,7863,1209,18931,7658,4899,9182,10442,10335,543,7785
21693,8541,10301,18410,10642,12268,14451,3520,6869,10195,8011,9030,16061,7703,16478,11706,11169,10369,4860,4350,3619,10961,8044,10470,11242,13271,3916,10732,10307,13600,11244,3520,10216,8110,5,10669,11244,7662,14637,10449,11880,4267,12095,8260,5594,4564,11164,10671,18214,18605,10480,3478,10859,14451,8433,7273,10736,14411,8560,538,0,7734,5594,8328,10837,6,9682,8416,10215,2274,4098,10313,4998,13574,2377,2934,10639,14695,13768,10800,10009,10122,19813,19729,8526,3395,8054,8790,7724,3194,5512,16563,17211,16046,8798,8036,10074,8417,5512,2352,1705,4816,8374,3950,14451,10215,10307,15426,9756,16709,11512,11583,14260,4712,5594,10195,17475,8161,1653,10195,15803,13892,21555,9662,11831,11244,16179,8541,10195,1904,10102,4088,4816,12009,5,14451,3394,5594,8541,9890,4237,10257,2711,3282,10128,5421,4790,10888,9096,7601,11164,10275,11262,1213,9263,8541,7495,8374,5054,14015,10295,8335,12920,11102,10728,16478,17573,9,14457,6831,15653,13977,14220,14126,7913,13364,10439,12744,15547,10531,10534,9414,14451,3172,11265,18267,13063,13226,10095,5059,1725,10726,7759,10302,2676,11341,3822,8383,9877,9104,10672,14451,5149,13977,8399,5,6613,14695,10212,16126,13460,4857,18084,12964,10706,16478,3702,5,5,1511,10786,12920,11052,5066,11164,14521,11320,16193,14451,7933,17638,4699,8541,9367,17888,17111,13043,11221,6617,11741,7640,3491,18033,7435,4675,8959,10219,10112,5,7562
25807,1123,3725,15842,15619,9041,20037,10137,5971,3607,13730,5599,15710,13355,8807,17795,5541,16802,12494,3336,10236,4033,696,2896,1941,9874,9502,13492,2733,10204,4315,10137,6820,5287,9724,7273,4315,6763,11066,16804,8836,9919,17067,620,13241,3988,13420,7275,16134,15908,7083,10095,5231,20037,1015,6374,2195,17328,7661,9481,9720,0,13241,11240,16510,9726,2074,998,2641,7826,9750,3736,10808,10347,5398,8490,5465,15358,15994,14789,2844,6726,27233,25238,1178,4127,1558,7891,6825,3529,13159,11149,22215,15854,7899,688,5230,1070,13159,8004,8187,12463,5551,9536,20037,2641,2733,10177,14403,11149,8480,17668,15442,12346,13241,3607,24781,485,7232,3607,15586,15106,13884,6953,15477,4315,15854,1123,3607,7483,2751,6999,12463,3681,9724,20037,4318,13241,1123,6858,3567,3681,9038,8838,3018,13068,3359,16474,1421,6702,16750,3698,5328,8523,1689,1123,6596,1026,11671,14329,2721,988,9524,7706,7332,8807,15586,9728,19298,12417,17090,16126,15220,19757,531,9968,2809,9517,15586,5457,7138,6362,20037,8727,4337,14928,9667,9830,14964,11676,9034,17317,6860,6905,6061,14613,10439,7484,6481,1530,5015,20037,3538,14749,1051,9724,12199,14038,15057,11149,10064,10668,16138,9568,5049,8807,3167,9724,9724,7090,5391,9524,2092,11683,16750,11125,4391,14688,20037,7035,22632,12334,1123,14901,22868,11624,9647,14347,5718,2287,6741,10108,23002,6536,3533,8060,6822,6716,9724,6663
28799,12446,17781,22838,11088,20767,14896,5679,10774,15943,8456,10630,22834,11608,20610,12151,15141,10814,2607,8255,5321,16559,11949,14375,15147,21405,5371,11177,14212,19736,17707,5679,15079,12015,4741,16042,17843,13381,22814,10894,20628,8172,12540,12165,0,8469,11609,17832,22627,23004,17390,5637,16667,14896,12338,11178,14641,14856,15520,5537,4736,11639,0,8559,11282,4743,13587,12320,14120,4537,8003,15135,6618,19828,6282,5197,15652,15140,14214,11245,13777,16806,17924,15368,12305,4640,11959,12695,14879,5133,82,21800,16162,25147,12703,11941,14612,12322,77,5741,6006,804,12279,5598,14896,14120,14212,22885,10201,21932,16630,12028,14705,2459,0,14017,16374,12066,5558,16475,22576,14337,20580,15644,12276,15449,25293,12446,15172,5809,13727,5614,804,14867,4741,14896,4420,0,12446,15592,8142,16679,4055,5545,13973,173,8695,11333,13001,11506,11609,15797,15009,4899,13168,12446,11400,12279,2753,14460,14200,12240,18652,18133,15711,18648,25037,4745,14902,7238,21666,14422,14665,14000,11818,18201,14079,19769,24600,17101,17549,13517,14896,5435,16813,25727,19949,20207,10540,2753,5228,11171,11664,15342,6581,11786,3996,12288,15399,13009,14340,14896,9054,14422,12304,4741,7020,15140,10658,21403,21563,6478,24800,21113,15943,18303,5883,4741,4741,5416,15260,20267,14957,2746,11609,20574,15105,22966,14896,15014,16729,2447,12446,9812,15535,23784,19168,11666,10522,15646,13368,5650,17376,11340,8580,12864,17437,17427,4741,11467
16838,11786,13546,19920,12027,14441,15836,6611,7374,13184,9396,8139,16513,1484,16815,13090,13960,11754,7970,6711,6710,14884,11173,13715,14487,15876,4978,12116,13552,11080,14488,6611,9971,10284,5834,13460,14488,6436,16276,10904,14053,7218,13480,11505,8717,6925,12548,12828,19803,18260,13270,6569,13650,15836,11678,8010,13980,15796,7094,5955,5830,10978,8717,0,10572,5836,12927,11660,13459,4417,6643,13557,4518,15747,5325,4551,13430,16079,15153,12185,13254,12913,18579,17107,11645,7172,11299,6634,9138,6976,8635,13855,14904,15092,6642,11281,14138,11754,8635,3597,5614,7939,10548,4181,15836,13459,13552,15576,11141,15412,10351,12968,15645,7822,8717,13184,16747,11406,4828,13184,14692,15276,15015,8842,13215,14488,15219,11786,13184,5079,13347,4355,7939,15254,5834,15836,7155,8717,11786,12064,6598,13502,5512,4899,13372,8544,7151,12273,12341,6951,12548,13519,14052,5225,12508,11786,8909,11619,8607,15400,13539,11580,15048,13610,13196,15149,16297,5838,15842,8053,17303,15361,15604,13665,11158,15491,13684,14917,14402,13322,12757,8675,15836,4788,14510,15638,15190,15354,11479,8607,5736,12111,7109,10056,5053,12726,6913,6228,12121,12348,13745,15836,7510,15361,11772,5834,7835,16079,11597,14848,15945,4378,17871,15092,13779,16290,7434,5834,5834,4686,13576,15048,14297,8600,12548,16184,14565,15110,15836,6059,15232,7810,11786,10751,16956,17115,15170,12606,8031,14985,9053,6582,17038,5970,7036,6804,12726,12620,5834,6912
20869,16209,19963,28816,893,19880,5959,11392,15525,19681,9912,15152,25923,11800,25090,2097,17280,619,10917,13006,11491,22889,15884,19118,16929,22168,8952,3045,17371,20276,22177,11392,17600,14335,10980,17710,20218,13283,24193,474,21723,12922,3408,16849,11664,13219,3477,19394,26003,29019,17536,11350,17081,5959,14255,15929,17613,5919,13599,10736,10975,14979,11664,11340,0,10981,18568,14901,17578,9231,12754,19180,9544,20451,11032,9841,19337,6202,5276,3113,20004,16822,9768,10503,14684,9450,16752,15230,14516,9689,11582,24678,7445,23636,15238,15794,16827,17115,11582,10385,9587,10886,14157,9169,5959,16025,16383,23475,1838,22518,18797,1974,5767,10768,11664,19158,7522,15069,10309,18416,23228,5399,22602,16083,4144,21649,26190,13999,20431,10560,18054,10258,10886,19579,10980,5959,9284,11664,13879,18195,12892,20296,10294,10189,20102,11490,13446,3201,18494,16257,3477,21591,17167,10664,17954,13936,15604,13983,11554,5522,17532,15506,19275,19538,18386,22677,23319,10984,5965,8694,27802,5484,5727,5229,14802,19120,17968,20749,25280,17365,19006,15937,5959,10079,21543,26652,20786,21210,743,11554,10355,976,16415,17870,11331,2654,11694,14824,16708,17931,18221,5959,13804,5484,13882,10980,8476,6202,706,24258,22262,9909,25895,19862,18270,24582,13823,10980,10980,10167,17262,20967,19348,11547,3477,26548,19268,26063,5959,14647,10678,10756,13509,342,10678,25067,19820,3534,13924,18844,14396,11363,9720,16091,13331,15399,18635,16960,10980,16218
25873,8548,10308,16051,10649,12274,14458,3526,6876,10201,8018,9037,16410,7709,16485,11712,11176,10376,4866,4357,3625,10968,8051,10477,11249,13277,3923,10738,10313,13607,11250,3526,10223,8117,0,10676,11250,7669,13925,10455,11886,4273,12102,8267,5600,4570,11170,10678,17467,16221,10486,3484,10865,14458,8440,7279,10742,14694,8566,545,6,7740,5600,8335,10844,0,9689,8422,10221,2281,4105,10319,5004,14916,2383,2941,10646,14701,13775,10806,10015,10129,23699,19469,8533,2060,8060,8796,7730,1743,5518,17020,20687,18018,8804,8042,10080,8424,5518,2358,1711,4823,8381,3957,14458,10221,10313,15944,9763,17163,11519,11589,14266,4718,5600,10201,19024,8167,1659,10201,16172,13898,21561,9669,11837,11250,16479,8548,10201,1911,10108,4094,4823,12016,0,14458,2120,5600,8548,9897,4243,10264,2717,3288,10134,5427,4796,10895,9103,7607,11170,10281,11268,1219,9270,8548,7501,8380,5060,14021,10301,8342,12927,11108,10735,16485,17994,0,14896,6837,16432,13983,14226,14012,7920,13370,10446,13338,17564,10538,10541,9420,14458,3178,11272,18576,13070,13233,10101,5065,1731,10732,7766,10308,2682,11348,3828,8390,9883,9110,10679,14458,5155,13983,8406,0,6619,14701,10219,15053,14633,4863,17330,12971,10713,16485,2203,2,2,1517,10792,12927,11059,5072,11170,13802,11327,18231,14458,7940,21180,4706,8548,9373,19487,16323,13049,11228,6623,11610,7646,3497,19648,7441,4682,8965,10225,10119,2,7568
25304,2387,2777,17888,19221,10670,13790,14018,7535,5235,17256,7164,13689,17236,7599,19689,8656,17066,16375,4901,14117,2961,2261,1062,1796,11503,13383,15250,1027,11832,3243,14018,8449,6852,13605,8901,3243,8328,9857,17080,10465,13800,18891,1435,17122,5553,15075,8903,18179,17954,8712,13976,8346,14064,2279,7939,1132,18803,9226,13362,13601,2029,17122,11725,16847,13607,0,2261,934,11707,13631,2789,14689,11976,6963,12371,8580,16818,16041,16699,1781,8354,29445,24829,2743,4567,3123,9456,8364,3990,17040,12778,24139,13506,9464,2253,8345,2634,17040,11885,12068,16344,7116,13417,15608,934,1027,11805,16220,12778,10109,19585,17096,16227,17122,5235,26894,1779,7238,5235,13520,16522,12675,8491,15816,3243,13625,2387,5235,11365,1688,8564,16344,2563,13605,14673,4787,17122,2387,8487,5132,2733,12919,12719,2275,16949,4924,15977,1103,8267,16133,2751,8442,12404,1288,2387,8135,2591,15552,17475,1014,2552,11153,9334,8961,7599,15100,13609,18987,15530,19136,17684,15356,21529,1794,11596,2323,11146,14720,8572,8766,7900,13896,12608,3265,13925,11295,11459,18494,15557,12980,17526,8425,8534,7626,17949,14320,9049,8109,780,8130,14032,5103,17806,2616,13605,15191,15424,18604,12778,11692,14549,18184,11197,8163,7599,3359,13605,13605,10971,8506,11153,882,15564,14880,9917,3320,13806,15287,8600,24568,16215,2387,18503,24817,10415,11275,16009,7257,1077,8279,13989,27511,8101,5098,9625,8451,8345,13605,8228
26041,1039,3928,16240,15528,9439,20610,10709,6188,4004,15066,5816,14874,13927,9000,17668,6719,15154,13066,3554,10808,4362,914,2546,2144,10272,10075,14752,2382,10602,4644,10709,7218,5504,10297,7670,4644,6981,11258,15159,9234,10491,15356,335,13813,4205,14647,7673,16531,16306,7481,10667,6409,20610,931,6591,2399,18920,7878,10053,10292,681,13813,11457,16424,10298,1757,0,2290,8399,10323,3939,11381,10745,5616,9062,6644,15152,15824,13305,3048,7124,24679,22842,1414,3918,1775,8108,7042,3319,13731,11547,22156,13369,8116,906,6408,1287,13731,8576,8759,13035,5768,10108,20610,2290,2382,10574,14311,11547,8878,15920,15267,12918,13813,4004,24714,957,7805,4004,14649,14934,14076,7170,15363,4644,13495,1039,4004,8056,2955,7217,13035,3963,10297,20610,4112,13813,1039,6891,3784,3884,9610,9410,3221,13640,3576,17046,1624,6919,17322,3901,6506,9095,1338,1039,6814,1244,12243,15623,2370,1205,9922,8103,7730,9000,14837,10301,17348,12989,17488,15935,15054,17788,447,10365,3012,9915,15984,6636,7535,6579,20610,9300,4666,13836,10065,10228,14872,12248,9606,15620,7078,7303,6278,14487,11011,7702,6878,1179,6193,20610,3755,16064,1269,10297,12771,15277,16496,11547,10461,11240,16536,9966,6227,9000,2945,10297,10297,7663,6570,9922,2234,12255,17322,11318,4721,15012,20610,7252,22577,12906,1039,14829,22817,11816,10044,15671,5935,2429,6958,10680,22954,6753,3750,8277,7220,7114,10297,6880
25590,2972,3286,18576,16498,11256,22543,12642,8121,5821,14819,7749,16327,15861,8286,16848,9242,16127,13983,5487,12741,3688,2847,1267,2421,12089,12008,15728,266,12418,3971,12642,9064,7437,12230,9487,3971,8914,10545,16152,11051,12425,17730,2021,14717,6138,14029,9489,18867,18642,9298,12600,8931,22543,2865,8525,1756,17655,9812,11986,12225,2615,14717,12505,15948,12232,893,2847,0,10332,12256,3297,13314,12562,7549,10996,9166,15500,16450,15601,2405,8940,28598,23971,3329,3578,3709,10042,8976,3012,14635,14048,25652,14649,10050,2839,8931,3220,14635,10510,10690,13939,7701,12042,22543,0,266,13264,15281,14164,10694,18481,14384,13834,14717,5821,23531,2365,7824,5821,16127,15356,13363,8480,16362,3971,14770,2972,5821,9989,2312,9345,13939,3290,12230,13580,3799,14717,2972,9072,5718,3242,11544,11343,2579,14543,5510,13496,1688,8853,14951,3259,9028,9050,1874,2972,8747,3177,14176,14739,254,3138,11738,9920,9546,8286,16323,12234,19663,14588,19823,16399,15707,20332,2380,12182,2948,11732,15932,9158,9352,8513,22543,11233,3993,16625,11881,12044,17455,14182,9562,16579,9011,9149,8212,16803,12945,9635,8695,1365,8715,22543,5689,16517,3202,12230,14704,15704,17571,15100,12278,13173,18871,11782,8749,8286,2357,12230,12230,9596,9092,11738,1506,14189,15259,10604,4047,16459,22543,9185,23716,13822,2972,15907,26429,11103,11861,14964,7869,1702,8891,12613,26599,8687,5684,10211,9037,8930,12230,8814
20695,8013,9773,18214,9898,11909,13707,3116,6298,9666,7267,9767,16862,7132,14654,10961,10641,9625,4457,3779,3216,10433,7516,9942,10714,13400,3172,9987,9778,13072,10715,3116,9688,8847,1643,10141,10715,7091,17850,9704,11704,3696,11351,7732,5191,3993,10419,10143,19896,18395,9951,3075,10330,13707,7905,6702,10207,13667,7989,1862,1638,7205,5191,6816,10093,1645,9154,7887,9686,0,3527,9784,4478,15202,1806,2158,10111,13950,13024,10055,9480,9594,19759,16047,7998,4461,7525,8219,9994,4393,5109,17398,16932,18613,8227,7507,9545,7889,5109,1781,360,4413,9111,3206,13707,9686,9778,16222,9012,15917,11348,10838,13515,4308,5191,9666,17226,7632,1082,9666,16590,13147,14508,9134,11086,10715,18759,8013,9666,1333,9573,2575,4413,11481,1643,13707,4404,5191,8013,9726,3666,9729,2018,2506,9599,5017,4219,10143,8568,7030,10419,9746,10733,1423,8735,8013,9765,7845,4651,13270,9766,7807,12392,10573,10200,14570,16717,1647,13713,6086,18980,13232,13475,13382,7385,12835,9911,13850,16320,10003,10006,8885,13707,2395,10737,19208,12535,12698,9350,4656,1237,9981,7188,9773,2105,10597,3419,7812,9348,8575,10144,13707,4578,13232,7871,1643,5868,13950,9468,16959,14910,4337,17938,12436,10178,14198,4995,1643,1643,940,10257,12392,10524,4663,10419,17727,10792,16994,13707,7362,15783,4296,8013,8622,16025,18824,12514,10477,9416,11212,9909,3088,16166,6864,4105,8388,9690,9584,1643,6991
18814,10283,12043,16952,12169,10693,15978,6028,7243,11268,9537,7455,14017,5083,15597,13232,10212,11895,8434,6022,6127,12703,9786,12212,12984,12128,5442,12258,12049,11139,12985,6028,9366,6535,4331,9712,12985,8036,16702,11975,10305,575,13622,10002,8103,6235,12690,9080,18567,17139,9522,5986,9901,15978,10175,7647,12477,15253,8934,4550,4327,9475,8103,6702,12363,4333,11424,10157,11956,3765,0,12054,5123,11999,4048,2955,9682,16221,15295,12326,11751,9165,19814,16638,10142,6877,9796,9164,9492,6618,8021,12801,17654,14112,9172,9778,10390,10159,8021,2436,4214,7325,6799,5476,15978,11956,12049,11828,11282,12801,9937,13109,15786,8286,8103,11268,16308,9903,3325,11268,15132,15418,15326,8029,13357,12985,15695,10283,11268,3576,11844,2461,7325,13751,4331,15978,6886,8103,10283,8315,5908,11999,4977,3302,11869,7929,6462,12414,10838,7975,12690,12016,10304,3722,11005,10283,9263,10116,7563,15541,12037,10077,11644,9861,9487,15477,15243,4335,13983,8357,17834,15503,15746,13701,9655,12088,12181,11169,14815,9574,9293,7780,15978,3414,13007,14658,11787,11950,11621,7568,4233,12252,8133,9456,4255,12868,6331,8757,8373,10845,9997,15978,6821,15503,10141,4331,8139,16221,11739,12801,12196,4982,16749,11688,10031,15071,7005,4331,4331,3183,9828,11644,12794,7575,12690,15062,13062,14146,15978,8307,18020,8274,10283,10893,18190,17626,11767,12747,8385,13482,9408,5999,18273,7809,6347,9333,8978,8871,4331,7936
27050,4233,0,18090,21893,10877,16670,11862,8124,5355,17864,7728,17546,15080,7801,20463,7339,21482,15622,5944,11961,1844,4108,3190,1823,11710,11227,17794,3620,12039,2126,11862,8656,7416,11449,9108,2126,8917,10059,19480,10672,11644,21860,3248,17624,6596,17773,9111,18381,18156,8919,11820,7028,18743,4126,8528,1618,23931,9815,11206,11445,3520,16681,14873,21140,11451,2837,4108,3528,9551,11476,0,13947,12183,9681,10215,7263,20179,20822,19547,892,8562,31556,29737,4590,7113,6427,10045,8928,6522,15334,12985,26312,17689,10053,4100,7028,4481,14082,9729,9912,14997,7680,11261,17032,3528,3620,12012,20563,12985,10316,20336,18395,16459,15600,5355,29304,3292,8958,5355,17422,19491,12877,9055,18332,2126,17689,4233,5355,9209,985,10632,15898,2086,11449,17486,7328,18004,4233,8694,6175,78,10763,10563,1010,14647,5967,17099,2674,8856,19182,96,7125,10248,3593,4233,8699,4438,13396,20622,3608,4399,11360,9541,9168,7801,17422,11453,24130,18043,19338,19016,20047,24564,3641,11803,760,11353,17422,7255,8973,8465,18500,10453,2148,17739,11503,11666,19217,13401,10759,19963,9014,8741,10041,20893,12164,9638,8316,3434,6812,18684,6146,19133,4463,11449,17626,20303,21276,12985,11899,14946,18386,11404,6846,7801,5940,11449,11449,8815,7189,11360,1935,13408,19350,10118,2203,17546,16737,9188,26706,15400,4233,21030,26918,10617,11482,18695,7821,2486,8844,11833,27034,8690,6141,10214,8658,8552,11449,8817
19206,12381,14684,20787,7519,16172,11328,5726,9508,13780,4888,11236,20314,6624,17490,8582,15009,7246,7085,8148,5825,15540,11884,14311,15082,14981,4094,7608,14147,13284,16395,5726,13146,10315,5314,14509,14967,9855,18849,7325,14508,8209,8972,12100,7832,8361,8040,14511,22758,23114,14320,5684,14699,11328,12274,9912,14576,11288,10440,5070,5309,11574,7832,6164,7714,5315,13522,12256,14055,3532,7634,15372,0,15339,6174,3666,14479,11572,10645,7677,13849,13962,16334,15837,12240,6583,11894,10054,14362,6619,7750,19081,12779,18517,10062,11876,13914,12257,7750,4210,4729,7055,10579,2000,11328,14055,14147,17878,6633,17442,13718,8460,11137,6937,7832,13780,12856,12001,5451,13780,18144,10768,17310,13502,8707,14429,18646,12381,13780,5702,13942,4083,7055,15969,5314,11328,6483,7832,12381,12096,8034,14986,4628,4014,13968,7659,8588,7765,12936,10240,8040,15772,15102,5471,13103,12381,14133,12214,7722,10892,14135,12175,15591,14942,14568,17397,18248,5318,11334,3034,21913,10853,11096,10431,11753,15348,14280,17154,17858,14372,14374,13254,11328,3904,14355,19064,13694,15489,6971,7722,4689,7603,10398,13237,6473,8218,6028,9647,12153,12944,14513,11328,8947,10853,12239,5314,2816,11572,7089,18651,15080,747,22640,14723,14547,18762,7280,5314,5314,5309,14626,13888,14892,7715,8040,18745,15492,20457,11328,9478,16012,6925,12381,6243,16012,19720,16194,8098,9256,15581,14278,5697,15054,9389,8473,10223,14059,13952,5314,10201
19119,14761,13237,8937,23517,1599,20062,15314,8887,10649,20876,7672,6898,15084,27469,24729,5676,21007,17897,9827,13961,13897,10379,13017,14178,377,14068,19912,12853,2289,14179,15411,5977,6752,13824,4725,14179,7629,29172,20918,1737,11741,24468,10806,20444,10257,20398,3701,9228,9003,4907,14128,5366,20576,10980,9291,13671,24691,6963,15678,13820,10280,21854,14624,22540,13534,12228,10962,12761,13793,11572,13248,16906,0,13604,14793,4844,24417,24157,19990,12944,5776,27728,26921,10851,15804,10504,8760,7899,16598,18843,1966,26370,7041,8768,10582,5854,10960,20896,11929,14758,21205,7016,16819,22424,12761,13636,666,22394,1966,3511,24483,21593,18693,20204,10649,29390,10707,12880,10649,6774,22900,31990,7039,22358,14179,7041,11087,10649,13131,13037,11954,22222,14945,13536,20539,16010,20697,11087,4926,10057,13192,15652,15067,13063,18186,10064,21496,11642,9619,22381,13210,5768,13810,11809,11087,7670,11003,18969,21770,12841,11026,1320,3385,4207,27469,6774,15244,24843,17904,10185,24777,23396,24627,10459,1730,13375,959,6774,5138,3825,6790,22257,14922,14201,7091,1752,1592,20807,17064,13523,21464,9777,6067,14006,21342,18683,8354,4984,11650,6608,20451,9740,22613,10978,13500,19167,22046,20843,1966,245,15342,9233,895,6642,27469,16265,13824,13824,12738,5292,1609,13988,19000,20136,29232,14255,6898,20071,6965,26625,21334,11087,22307,26707,29731,783,21162,7321,12509,7814,15352,29458,7272,10192,8929,4297,4191,13824,9580
22097,5858,10205,16855,10387,12026,14196,4294,4966,6865,7756,4822,16637,7461,16382,11451,11073,10114,5530,2422,4393,10865,4857,7802,11146,13461,3661,10476,7638,12947,11147,4294,6654,7869,2493,10573,11147,5759,18640,10193,11638,4025,11840,5591,6265,2635,10908,10575,15107,17048,10383,4252,10762,14196,5750,5370,10639,15341,6656,2711,2488,5250,6265,6482,10582,2495,7013,5732,7546,1984,3857,10216,4715,13332,0,2648,10543,14440,13513,10545,9912,10026,21256,19378,5328,3181,4982,6886,5821,2798,6183,14100,20601,16589,6894,5200,9977,5437,6183,2110,2375,5487,8133,3695,14196,7546,7638,13162,9501,15685,11271,11328,14005,5382,6265,6865,18957,5677,657,6865,14848,13637,21458,5948,11576,11147,16734,5858,6865,406,10005,2241,5487,11913,2493,14196,3255,6265,5858,9649,2308,10161,3196,2995,10031,6091,2862,10633,6612,5698,10908,10178,11165,1884,6594,5858,5592,5480,5828,13760,7626,5504,12824,11005,10632,16382,14998,2497,15537,6575,14217,13722,13965,14430,5429,13267,10343,12502,14604,10435,10438,5358,14196,2885,11169,15567,12967,13130,9839,5834,2395,10471,5856,10790,1045,11086,4597,6480,9706,6435,10576,14196,3221,13722,5455,2493,6357,14440,9957,13708,13530,4574,16519,12868,10610,16382,3095,2493,2493,800,10689,12977,10956,5840,10908,18700,11224,15226,14196,6030,21068,5370,5858,9112,21337,15537,13100,10966,4714,11507,5736,4265,21493,5532,2747,7056,10122,10016,2493,5659
22081,8702,10463,19999,8912,12267,12721,3284,6133,10356,6281,5989,16503,4267,14701,9976,11331,8639,5178,4087,3383,11123,8206,10632,11404,13432,2186,9001,10468,13187,11405,3284,10940,8109,2872,10831,11405,6926,17808,8718,11879,4266,10365,8422,5925,4300,9433,10833,19831,18328,10641,3242,11020,12721,8595,6536,10897,12681,7823,2628,2867,7895,5925,3868,9107,2873,9843,8577,10376,1090,4097,10474,2793,13422,2808,0,10801,12965,12038,9070,10170,10284,17677,17501,8687,4912,8215,8053,6987,4813,5843,16989,15202,16542,8061,8197,10235,8579,5843,835,1450,5147,8373,2220,12721,10376,10468,14340,8026,15547,11511,9853,12530,5029,5925,10356,15474,8322,1745,10356,16227,12161,16022,7115,10100,11405,16674,8702,10356,1996,10263,708,5147,12171,2872,12721,4865,5925,8702,9889,3973,10418,2186,377,10289,5751,4526,9158,9258,6864,9433,10436,11423,2141,9425,8702,6758,8535,5815,12285,10456,8497,13082,11263,10890,16105,18020,2876,12727,5100,17187,12246,12489,11825,8075,13525,10601,14897,17583,10693,10695,6524,12721,270,11427,17084,13225,13388,8364,5815,2653,8996,7023,11030,2428,9611,3586,7647,9947,9265,10834,12721,4885,12246,8561,2872,4882,12965,8482,16552,13770,2653,17881,13126,10868,15693,5385,2872,2872,1602,10947,13082,11214,5808,9433,17688,11481,18334,12721,7197,15609,5017,8702,7637,15838,17036,13204,9491,5880,11765,6903,3255,15968,6698,4412,8222,10380,10274,2872,6825
19636,6363,8032,10701,18363,3901,16302,12492,5617,5925,17722,4402,13561,13600,14209,19274,875,18007,13968,6534,12591,8692,5866,8293,7439,4733,11858,16631,8129,4886,8974,12492,3112,3481,12080,425,8974,6410,16467,17949,4589,10294,18872,6083,18020,6964,16928,1990,10993,10767,235,12450,564,18479,6256,6020,8466,21172,6158,11836,12075,5556,17251,13177,17544,12081,7504,6238,8037,10182,10125,8043,13164,5207,10311,10845,0,18283,20204,16656,7739,816,26002,24759,6348,8460,5876,7537,4628,7886,14584,6009,24143,13704,7545,5858,1053,6240,14716,10359,10542,15183,3745,11892,18318,8037,8129,5036,17238,6009,3684,19086,17937,16284,16061,5925,24433,5983,9588,5925,13437,19193,19285,3768,17082,8974,13704,6363,5925,9839,7833,10507,17766,9740,12080,16912,8625,18334,6363,2062,6765,7988,11394,11193,7858,15343,6771,17741,6919,6348,18439,8005,967,10878,7086,6363,4399,6196,14026,18167,8117,6158,4383,2095,2760,14209,13437,12084,23517,14808,11949,18746,17621,21355,5736,4827,8170,4377,13437,184,2321,3519,18110,11083,8996,13753,4526,4689,17769,14031,11389,20369,6507,3203,10671,19826,12794,7131,1684,6926,1547,16663,6447,18876,6221,12080,14335,20112,19650,6009,4923,13023,10997,4427,1581,14209,7624,12080,12080,9446,491,4383,7590,14038,16677,16527,9051,13561,16332,6681,24469,16963,6363,19152,24617,17026,4506,19588,4050,7785,4543,12463,24685,6182,6731,7706,2446,2340,12080,6309
26179,20862,21243,28579,5225,21281,848,15015,13671,19263,13535,16663,25223,16448,21915,4537,17832,6394,14539,16629,15114,21804,13482,16996,17568,21761,12574,4427,13696,22212,19253,15015,17385,15424,14602,20517,21352,15292,26248,6473,23298,16545,3037,14038,15287,16842,3832,18680,28362,26102,18372,14973,17760,848,20754,15367,16297,3501,17507,14359,14598,13934,15287,16049,6862,14604,15259,13747,14063,12854,16377,18308,12650,22154,14655,13464,20151,0,926,4211,18737,17774,15187,15151,20721,7233,20375,13386,15796,7701,15204,24146,12093,25247,14734,13289,19081,20830,15204,14008,13210,14509,15282,12792,848,14175,22628,25435,5781,26759,20749,4135,656,14391,15287,17015,12170,15491,13931,17988,27501,1207,21861,16309,4499,18658,25379,20862,18191,14183,18671,13881,14509,20022,14602,848,7016,15287,20862,19752,16515,19780,13916,13812,18932,15113,17068,4123,15463,15107,3832,20858,19511,14287,14716,20862,16972,20873,15176,695,15337,20656,23098,20848,19906,24090,27640,14606,3547,12316,27338,1197,616,4004,15091,22695,18961,24474,27203,18131,20266,17403,848,13702,18480,25785,20437,20723,6119,15176,13977,5309,14975,19453,14954,3711,15317,13930,17847,14766,18766,848,17427,1197,20848,14602,12098,0,6237,26175,24125,13016,28226,23693,17132,23700,8464,14602,14602,13789,19744,22806,17722,15170,3832,26113,20173,25356,848,17040,15326,14379,20862,6251,15326,27225,23687,3428,15255,15603,17264,14986,14368,16298,16954,21237,20071,18220,14602,13732
24658,14859,19808,26360,4299,23299,683,14089,14684,17888,12609,14906,25009,15522,24827,3611,17937,5468,13613,15703,14188,20419,14011,17984,18221,23741,11648,3501,14612,21911,19846,14089,18950,15311,13676,20513,21999,14869,24285,5273,20986,15619,2111,14686,14361,15916,2906,20519,26180,26537,20267,14047,17821,683,15097,13574,18740,2575,15379,13433,13672,14511,14361,15123,5661,13678,17680,14358,14925,11928,15451,18892,11724,21918,13729,12538,18331,926,0,3285,19464,19557,14583,14491,19795,8084,19449,20142,17222,8484,14278,23907,11167,25064,20150,13852,19213,19904,14278,13082,12284,13583,16703,11866,683,16562,13565,25154,4855,26495,18533,3209,492,13465,14361,17415,11244,14624,13006,18421,27256,629,24728,16001,3573,19282,27770,13364,20499,13257,19384,12955,13583,18927,13676,683,7879,14361,19936,19551,15589,22332,12990,12886,17810,14187,16142,3197,17808,13281,2906,21434,19630,13361,17067,19936,16791,13403,14250,247,16324,14896,22834,18820,19719,22457,24844,13680,2621,11390,25295,511,451,3078,14287,22505,19550,22053,24450,20023,18301,17197,683,12776,19130,28225,20228,22649,4919,14250,13051,5550,19112,17456,14028,2942,14391,14758,17755,15511,17139,683,16501,511,13332,13676,11173,926,5037,25915,21655,12090,28724,21278,18985,24351,9263,13676,13676,12863,17986,20454,16835,14244,2906,26636,18917,25141,683,14986,14666,13453,19936,5325,14666,25173,21260,2502,15058,18029,17078,14060,13708,14328,16028,20311,18068,18093,13676,13268
24605,17769,20486,27533,3573,19286,4027,11921,16054,16561,10441,19280,25442,14134,23543,3399,17983,3300,11446,13535,12020,21274,17272,15560,16993,21631,9481,216,13916,17938,20597,11921,15333,13535,11509,16890,18793,16847,25305,3379,21080,13452,1748,15065,12193,13749,455,18567,27355,25162,16686,11880,16163,4027,17661,16458,16009,3987,13310,11265,11504,13418,12193,14090,3768,11511,15151,14664,14155,9761,13283,17735,9556,22032,11562,10371,18357,4270,3344,0,18300,17643,12590,13590,17628,7857,17281,17975,15208,8150,12111,24213,10266,23162,17983,17263,15830,17645,12111,10915,10116,11415,13368,9699,4027,14242,19534,23011,2687,24357,18281,2997,3835,11298,12193,16084,10343,13519,10838,18858,22799,3467,21233,15500,1406,18165,25671,17769,17262,11089,16518,10788,11415,17968,11509,4027,7677,12193,17769,17502,13422,18982,10823,10719,18429,12020,13975,187,16713,16786,455,20079,16194,11667,16081,17769,14787,17601,12083,3590,15523,17563,20714,18760,17680,21282,22905,11513,4033,9223,23983,3552,3795,3506,17141,18548,18234,20187,22514,18169,16514,13762,4027,10608,18043,23708,18329,20585,3026,12083,10884,3657,16944,17183,11861,1526,12224,17568,15968,16080,15535,4027,14334,3552,17627,11509,9005,4270,3143,21577,19730,9922,24705,19366,17197,20912,8922,11509,11509,10696,16336,18534,17526,12076,455,22847,19612,25586,4027,21282,13765,11286,17769,3157,13765,26280,21316,796,19172,15432,15068,11892,12807,16620,13861,18144,17897,17936,11509,16747
27344,3641,883,17744,20720,11138,16999,12123,8386,5616,16879,7989,17807,15342,7499,21306,9124,20307,14481,6206,12222,1191,3516,2537,1231,11971,11658,16678,2967,12301,1473,12123,8917,7677,11711,9370,1473,9179,9758,18424,10933,11906,20570,2656,14647,6429,16598,9372,18035,17810,9180,12081,8814,17344,3533,8789,965,20461,10076,11467,11706,2927,15185,14370,18150,11713,2184,3515,2875,9813,11737,894,12543,12444,9943,10477,9049,17000,17660,16604,0,8823,30623,26036,4016,6030,4377,10306,9189,5442,15146,13247,27949,17951,10314,3507,8813,3889,15146,9990,10173,15080,7941,11523,15789,2875,2967,12274,17584,13247,10577,19217,18902,13670,14246,5616,28247,2700,9219,5616,17683,18214,12576,9317,18988,1473,17951,3641,5616,9470,91,10894,14572,1433,11711,16266,6246,16529,3641,8955,6436,839,11025,10824,176,15054,6229,15959,2082,9117,16202,856,9216,10509,3001,3641,8960,3845,13657,19262,2955,3807,11621,9803,9429,7499,17683,11715,22753,16921,18992,17738,16962,21097,3049,12065,1021,11614,17683,9041,9235,8726,17123,10714,1495,18000,11764,11927,19999,13663,11021,18894,9276,9002,10302,19612,12426,9900,8578,2841,8598,15691,6407,17853,3871,11711,15001,17132,18238,13247,12161,12402,18040,11665,8632,7499,4845,11711,11711,9077,8975,11621,1282,13669,18063,9817,1550,17807,17078,9450,28399,14109,3641,19912,25994,10316,11744,17526,8082,1833,9105,12094,26121,8951,6402,10475,8919,8813,11711,9078
18903,6019,7687,10978,17653,4166,15756,11681,4806,5581,16914,3591,10760,12789,13865,20499,1383,17301,13468,5723,11780,8347,5522,7948,7094,4880,11216,17604,7785,4075,8630,11681,2301,2670,11269,882,8630,5599,16123,18999,3778,9483,18228,5738,17539,6153,17977,1581,11270,11044,693,11639,1072,16236,5911,5209,8122,22676,5347,11025,11264,5212,15248,12367,18541,11271,7160,5893,7693,9371,9314,7699,12101,5472,9500,10034,853,19590,17744,16008,7395,0,25165,26405,6004,8367,5532,6726,3817,7809,14215,6274,25732,10903,6734,5514,1561,5895,15805,9548,9731,16235,2934,11081,16065,7693,7785,5301,18234,6274,2873,18404,19141,15731,17242,5581,23638,5639,8777,5581,10636,20542,18941,2957,16409,8630,10903,6019,5581,9028,7488,9697,15663,9395,11269,16332,8520,17841,6019,1251,5954,7643,10583,10382,7514,14939,5960,15463,6574,5537,17785,7661,1475,10067,6741,6019,3588,5852,13215,19380,7773,5813,4530,1924,1949,13865,10636,11273,20736,15550,12226,18198,18778,20705,5391,4974,7826,4642,10636,745,1510,2709,17510,10272,8652,10952,4673,4836,17069,13221,10579,17773,5696,2392,9860,17348,11984,6320,874,6582,2055,16126,5636,18329,5877,11269,15020,17717,17124,6274,5070,11960,11274,4574,2089,13865,7612,11269,11269,8635,999,4530,7245,13227,17697,16182,8706,10760,15780,5870,26085,14906,6019,16648,23808,16681,4653,18890,3239,7440,3733,11652,23872,5371,5920,6895,1828,1722,11269,5498
23060,27346,32268,34885,10347,27532,14888,21811,22370,29856,17130,22073,33675,17025,32064,12393,28556,10073,16667,21742,23051,33304,26585,27319,29250,27481,19362,12099,28454,25809,32548,19376,23985,25154,21743,26015,29611,23238,33128,9928,27346,20211,13540,25086,18928,24691,12531,25754,34792,35072,28561,21421,25626,15064,24065,20389,27345,14158,21060,20965,21837,24709,19755,16857,9953,21503,26716,27201,25947,17928,17978,28631,14820,30561,23427,19482,28659,16739,13231,12167,27784,27736,0,3656,25524,25091,22803,21136,22822,25406,20689,32457,7042,30769,21237,26552,25543,22803,20516,17961,18355,18860,22635,15784,16072,26010,27545,28418,10991,32579,24595,11991,13778,17997,19401,26634,7120,24780,21229,27646,33351,15275,35095,24789,13198,29134,34035,26299,27711,21803,27676,19513,18537,29285,22270,13910,24855,16879,26263,26970,21557,29489,20575,17766,27826,20856,21598,12256,29255,21957,15095,28905,28455,18969,28847,23843,22540,26248,20385,13372,25939,23884,29409,25776,24656,31962,33396,23115,14204,15912,37642,15568,14941,11378,24567,26766,30216,28270,29965,25815,27974,22730,16383,19655,32057,31285,29117,26870,10197,19627,20157,10430,19735,24183,18923,12576,20462,19472,27444,28796,25265,14953,25168,15566,26124,22012,15694,16163,10333,32091,27512,15322,38244,30053,27841,31590,26491,22602,23904,21029,25813,26470,30149,21868,12531,33038,28764,30665,14758,20924,3832,18118,25867,9789,3832,33961,27189,12589,24534,29672,22728,22072,3081,20513,21883,18894,24930,27573,21626,19738
24308,25074,30525,33581,10876,26595,14728,19594,19036,25535,17660,20835,32905,15776,33615,12923,27113,10603,14324,22100,20780,31492,22319,25363,24800,26641,17279,12629,26228,27482,27904,19148,25219,21535,19756,27366,30853,22055,31734,10458,29111,18793,14070,25612,14576,20711,13061,27135,36887,33768,24700,19191,24347,14728,22207,21123,28151,14688,20098,17008,17900,22898,16938,15521,10483,21458,27366,25175,26420,17687,18338,26981,16775,29671,21358,15879,27288,14972,14045,12697,28696,23957,5298,0,23456,20506,20998,18003,21601,22983,16288,28732,6194,30039,19928,22261,24196,20786,17770,16220,16499,16112,23530,13879,14728,24044,25251,30498,11520,28849,26080,12521,14537,13910,15020,25069,6272,25328,19207,26096,32579,14169,30305,23594,13728,30271,33237,21972,26187,17925,28584,17647,15704,30311,20077,14728,22348,15721,21883,25781,19865,27964,16677,17545,26103,18179,19698,12785,27245,20626,13061,27321,27001,18748,26756,21925,21287,21943,18024,14292,26384,22022,25820,24681,23575,30404,32642,18923,14734,16442,32766,14253,14496,11908,22737,28461,28394,30183,29263,24573,24250,23719,14728,17636,30190,33693,25501,25935,10726,17290,18095,10960,18529,23098,17116,13106,19974,18360,23744,24245,23909,14728,21060,14253,21837,17997,16224,14972,10863,28380,26690,14837,36777,26411,23923,33098,21860,20443,19719,17241,27039,28207,28117,17484,13061,34869,29859,33035,14728,19903,175,13949,21516,10319,175,32588,29037,13118,21020,25062,23692,17999,2233,19424,20164,19520,26270,26354,19646,18557
23078,1558,4884,13708,13941,9467,20354,10453,5795,4295,13914,5398,14337,13671,9956,14437,6464,13567,12810,3298,10552,5318,500,3501,3100,10299,9819,16634,3338,10629,5600,10453,7245,5086,10041,7225,5600,6588,12214,14961,9262,10235,13766,1291,13557,3521,17066,7700,14887,15296,7036,10411,6153,20354,1450,6198,3354,15603,7485,9797,10036,1637,13557,11201,13323,10042,2713,1432,3246,8143,10067,4895,10873,10773,5360,8806,6388,20597,19671,16702,4003,6678,23158,21282,0,3199,346,7715,6598,2643,13475,13418,20594,15703,7723,490,6153,109,13475,8320,8503,12780,5350,9853,20354,3246,3338,10602,15659,14929,8432,14327,20162,12662,13557,4295,20859,1913,7549,4295,14113,14754,15032,6726,17733,5600,15846,1558,4295,7800,3910,6961,12780,4919,10041,20354,3357,13557,1558,6810,3528,4840,9355,9154,4177,13384,3321,16790,2580,6526,17066,4857,6556,8839,2294,1558,6369,152,11987,19917,3326,175,9949,8131,7757,9956,14275,10045,17396,12733,17515,19879,20122,17858,1403,10393,3968,9943,15310,6380,7563,6135,20354,9044,5622,14740,10092,10255,13284,11992,9351,15466,6684,7331,6022,17244,10755,7308,6433,2135,5937,20354,3499,19879,127,10041,12515,20597,13380,11575,10489,10732,13383,9993,5971,9956,2549,10041,10041,7407,6314,9949,3251,11999,17066,12273,5677,15944,20354,6859,23167,12650,1558,14609,23437,12772,10072,17124,5491,3446,6514,10424,23594,6360,3494,7884,7248,7141,10041,6487
26161,2407,7904,18909,9732,14626,6413,2905,7073,6915,8811,7362,18552,7509,9697,9779,7993,9466,4693,4421,2099,8089,3988,4523,5424,15385,4627,7990,3235,15613,7778,3170,8642,7191,2334,8835,7876,8205,16531,9515,14541,7073,9114,4007,5341,4445,7620,9059,18651,17312,8614,3052,8077,6514,3557,7282,5442,13283,8839,3329,3395,4127,4640,7172,9450,2060,4567,3918,3578,4461,6877,7113,6583,17419,3181,4912,8460,7233,8084,7857,6030,8367,22766,22601,3199,0,3671,7572,7605,601,3701,17646,21819,20337,7492,3772,7607,2064,3842,5017,4331,4807,7160,5688,6693,3673,2379,16722,8846,17772,9896,9760,7651,5097,5000,6624,20028,4226,4023,7213,18332,8272,9715,8384,8436,7289,20479,3261,7413,3706,6011,5333,5380,6714,2818,7152,224,5622,2833,8953,4405,8374,3625,4675,6208,3323,2973,7365,4874,7370,7201,7678,7896,3581,4204,3046,7353,3379,2051,7943,3421,3477,16244,9316,8999,9670,20386,2143,14846,7621,17540,7917,7613,15728,3927,15572,6430,15512,19965,8393,8943,7659,6474,4696,7117,18936,14147,14253,9243,2497,4307,9775,7382,8819,4299,8531,1909,7895,8610,4282,7443,6524,3895,7989,3401,3002,7531,7424,9333,19031,15555,6087,18508,15137,7569,9424,1254,2861,2475,4077,8144,15973,5199,2406,7517,14868,7051,18680,6492,8484,22347,5245,2672,9471,22687,15857,15183,8309,7384,4858,7520,2714,20774,8058,4221,7536,9006,8965,2403,7523
22315,1904,6787,14972,13752,9347,20235,10334,5675,4052,13794,5279,13804,13552,12964,15786,6344,14745,12691,3179,10433,7447,846,3848,3446,10180,9699,16515,3684,10510,7729,10334,7126,4967,9921,7106,7729,6468,15223,14741,9142,10116,13696,1638,13438,3402,16947,7581,13396,13759,6916,10292,6034,20235,1796,6079,3701,17235,7366,9678,9917,1983,13438,11082,16620,9923,3059,1778,3592,8023,9948,6798,10753,10653,5241,8687,6269,20478,19552,16583,6495,6559,25133,23143,346,3671,0,7596,6479,3141,13356,11456,20316,15132,7604,836,6033,455,13356,8201,8384,12660,5231,9733,20235,3592,3684,10483,15539,11456,8313,14198,20043,12543,13438,4052,22689,2259,7430,4052,14958,14839,18041,6607,17614,7729,13860,1904,4052,7681,4257,6842,12660,5266,9921,20235,3812,13438,1904,6691,3409,6743,9235,9035,6613,13265,3201,16671,2926,6407,16947,6760,6437,8720,2641,1904,6250,498,11868,19798,3672,522,9830,8012,7638,12964,15133,9925,17431,12614,17396,19760,20003,17806,1749,10274,4314,9823,13342,6261,7444,6016,20235,8925,7751,14231,9973,10136,15878,11873,9231,15263,6565,7211,5903,17125,10636,7189,6314,2481,5818,20235,3380,19760,473,9921,12396,20478,15996,11456,10370,10613,13275,9874,5852,12964,3110,9921,9921,7288,6195,9830,3597,11880,16947,15282,7806,13934,20235,6739,20730,12531,1904,15150,20964,15781,9953,17004,5372,3792,6395,10305,21097,6241,3375,7765,7128,7022,9921,6368
17907,8666,10643,15715,16785,8276,20594,10863,3072,8228,14154,3837,11968,5728,14595,17849,7647,16512,12156,6402,10962,11303,7786,10595,11584,7832,10228,16874,10432,6692,11585,10863,6182,5032,9119,7912,11585,2133,15450,16591,7888,9290,18238,8385,12890,6936,17307,7914,15629,15902,7723,10821,7337,20594,8558,3707,11077,15557,2791,9337,9114,7859,12890,6807,16980,9120,9807,8540,10340,8553,9121,10654,10332,8204,7170,8164,7882,14754,19911,16943,10351,7365,19177,19842,8257,7572,7911,0,4835,7230,12808,9777,17405,12111,11,8161,7336,8366,12808,7521,8911,12112,5296,10093,20594,10340,10432,8804,15899,9777,5963,17726,20403,12008,12890,8228,17699,8286,7446,8228,11844,13930,21897,4715,17974,11585,12111,8666,8228,8038,10444,7670,12112,12351,9119,20594,7615,12890,8666,7415,5975,10599,9765,8512,10469,12717,6743,17031,9221,2648,17307,10616,7504,8509,9388,8666,4606,8410,12397,20158,10420,8433,7246,8345,7971,16820,11844,9123,17303,12973,15032,14930,20363,15389,8038,7882,10781,8769,11844,7774,7777,4372,20594,8401,11607,12161,7240,7744,16238,12402,9021,16869,2806,6267,7833,17484,11165,406,7473,9229,7121,20594,6419,13678,8384,9119,12755,20838,16355,9777,8022,10191,17127,7717,7155,16820,7500,9119,9119,7588,8028,7097,11394,12409,17307,13936,11662,11968,20594,2165,19520,11996,8666,15510,19664,16344,7605,17364,3728,10088,4751,10834,19727,1667,6871,161,7462,7355,9119,2609
19675,6936,9553,13143,15360,6331,13718,12101,2362,6498,15562,904,12925,7467,15730,16346,4186,15012,14458,4811,12200,10213,6696,8865,10494,7052,11636,15152,8702,4744,10495,12101,2207,2289,11689,4220,10495,3155,17988,16470,5943,11883,16019,6655,14093,5345,15592,4453,13435,13209,4030,12059,3876,14224,6828,2766,9987,20314,3822,11445,11684,6128,13500,8546,15999,11690,8077,6810,8609,9791,11715,9564,12520,7637,9920,10454,4190,17410,15626,13798,9261,3673,25154,23808,7167,7605,6821,4283,0,7105,15123,8439,23136,13068,4291,6431,3875,6812,15123,9968,10151,14427,2553,11501,15441,8609,8702,7466,15727,8439,3542,16143,16840,14310,15281,6498,21283,6556,9197,6498,12801,18267,20806,1501,15611,10495,13068,6936,6498,9448,9354,6079,13804,11261,11689,15684,7722,14340,6936,3954,4678,9509,11003,10802,9379,15032,5152,13276,7491,3094,14013,9526,4043,10487,7658,6936,889,6769,13635,17053,8689,6730,6702,4883,4510,15730,12801,11693,18589,14381,14391,16147,16452,18482,6308,5934,9691,6807,12801,4102,4315,404,15265,10692,10517,13118,5292,5796,14787,13640,10998,17063,3252,2292,10280,16693,12403,3876,4011,7498,3660,15544,4828,17942,6794,11689,14163,15699,16354,8439,7835,12380,13439,6746,3693,15730,7083,11689,11689,9055,4036,5149,10304,13647,15307,18048,10572,12925,13732,3426,23488,14298,6936,15799,23644,18547,6824,16475,917,8357,1034,12072,23715,2928,5280,4452,4000,3894,11689,3055
25773,1840,7311,18049,14595,13871,6796,2800,6679,6314,8993,6889,19603,7290,9121,14750,7415,9735,5015,3961,1919,7510,3401,3985,4825,16137,4587,8271,2685,14822,7191,3093,8118,6688,1939,8265,7289,7776,15671,9777,13790,6786,9470,3406,5826,3942,7953,8497,17793,18222,8043,2992,7505,6926,2966,6883,4858,15282,8413,3292,3194,3529,5133,6976,9689,1743,3990,3319,3012,4393,6618,6522,6619,15059,2798,4813,7886,7701,8484,8150,5442,7809,23051,20853,2643,601,3141,7230,7105,0,4189,16888,22203,17681,7147,3183,7031,1527,4328,4871,4218,5238,6663,5740,7078,3105,1837,17606,9107,18753,9371,14704,8057,5462,5494,6024,20383,3628,3824,6612,17569,8718,9134,7903,8717,6704,19629,2672,6812,3471,5421,5184,5841,6153,2641,7521,808,6104,2240,8419,3958,7777,3592,4597,5617,3780,2559,7654,4282,6993,7552,7083,7319,3496,3619,2455,6862,2793,2525,8343,2866,2891,14004,8757,8461,9092,19545,1937,15488,7793,16687,8361,7999,16304,3330,14753,5831,16260,19126,7821,8387,7163,6862,4605,6534,20018,13413,14889,9512,2899,4208,13306,7014,8292,4113,8870,2360,7536,8061,3693,6871,6926,3364,8437,2820,2837,7673,7873,9600,18198,14812,6136,17651,14394,6999,8844,780,2619,2078,3896,7569,15167,4623,2842,7838,15528,6463,17914,6871,8062,22723,5654,2091,9697,23051,15080,15918,8650,6904,4278,7024,2601,21097,7652,3753,7210,8461,8418,2022,7153
25908,12364,14917,23838,11005,19645,14814,5597,10692,13284,8374,10548,21821,11526,19251,12069,14055,10732,2525,8173,5239,15327,11867,14293,15065,20316,5289,11095,14130,16955,14840,5597,15565,11933,4659,14990,16493,11485,21477,10812,17703,8090,12458,12083,82,8387,11527,16698,21414,24020,16225,5555,15489,14814,12256,11096,14558,14774,14671,5455,4654,11557,82,9773,11200,4661,13505,12238,14038,4455,7921,13913,6536,20769,6199,5115,16073,15058,14131,11163,13832,15668,18771,17952,12223,3701,11877,12613,11547,4189,0,20803,17171,21790,12621,11859,14907,12240,0,5659,5924,722,12197,5516,14814,14038,14130,19781,10119,20935,17306,11946,14623,2377,82,13763,17397,11984,5476,13759,21568,14255,19227,13310,12194,15673,24163,12364,15417,5727,13925,5532,722,15015,4659,14814,3482,82,12364,14624,8060,17053,3973,5463,13950,91,8613,11251,12919,11424,11527,16075,13923,4817,13086,12364,11318,12197,2671,14378,14118,12158,17679,15435,14735,17417,23931,4663,14820,7156,22537,14340,14583,13918,11736,17202,14262,20665,23495,14453,14907,13237,14814,5353,15455,24591,18866,17334,10458,2671,5145,11089,11582,14383,6499,11704,3914,12206,15862,12927,13258,14814,8972,14340,12222,4659,6938,15058,10575,22493,18581,6396,21288,20026,14758,18818,4941,4659,4659,5334,14185,17416,14875,2664,11527,21337,13878,21953,14814,11756,17729,2365,12364,9730,18109,22445,18186,11584,10440,15426,11462,5568,18352,11258,8498,12782,16347,16329,4659,11385
17791,16664,13879,9559,23282,2282,24308,15856,9530,11517,20880,8315,8618,14787,28152,24399,6633,22956,21918,10469,15888,14539,10534,13808,14820,1829,16061,24124,14577,3913,14822,15953,7429,7395,16448,5682,14822,10323,29856,22864,2379,13193,26645,11606,22424,10899,22384,4658,9850,9625,5864,17740,6323,24874,11779,9934,14314,29402,8976,17855,15028,11080,24027,15271,22391,15442,13028,11761,15483,15785,13024,13891,17312,1700,15541,15414,5801,26613,26350,21969,13587,7228,29448,31667,14788,19449,10659,11451,8541,18614,22928,0,31075,8761,11459,11382,6811,14928,20921,14885,15381,21222,7659,17248,24620,15355,15350,1529,22276,0,5219,24172,23585,20683,24445,11517,28491,11507,14721,11517,8494,27435,32674,7681,24528,14822,8761,13371,11517,14612,13680,16297,24409,15587,15489,24832,17860,22680,15385,6378,10700,13835,16183,17264,13706,22202,15616,23682,12442,10262,24574,13853,6725,15790,12609,13665,8312,11158,21091,26187,15809,11181,2738,4341,4850,28152,8494,15757,26828,19868,10807,24473,23218,29313,11259,3182,14017,1643,8494,6095,5235,7433,24454,17118,14843,8811,3376,3044,25085,19010,15513,23410,10420,7519,16219,25703,18875,11044,5299,12450,8060,24736,10383,24605,11133,17039,19352,26495,22794,9836,1897,19094,9855,2347,8094,28152,18223,15111,14766,14850,6249,3234,14630,19179,22121,29916,14898,8618,22064,8977,28435,23525,14122,22175,28505,30415,2235,23143,7963,13308,8457,15884,28516,10096,10835,11620,4940,4833,16418,10223
21927,22048,29796,32951,7880,26023,13352,18825,20305,24878,14664,22289,32315,15172,32887,10590,23974,7607,15004,21363,20007,27904,21637,24667,26587,28750,14991,9633,23097,26865,27238,18381,24564,23053,21007,24221,27328,19425,31093,7461,28481,16438,11074,24855,13876,22089,10065,24020,36190,33138,24088,18422,26149,13352,23718,18557,24858,13312,19530,16310,18969,24485,14664,16426,7487,18770,26605,24420,23274,15362,16018,29000,13779,29064,18691,16755,26609,13596,12670,9701,25358,23347,6041,6274,22698,19796,22392,19184,20991,20145,15579,28194,0,32512,17481,23781,25974,20088,15415,17138,17431,15331,20730,13921,13352,23348,22207,29901,8524,31205,23095,10187,13161,15520,15781,26905,78,24576,16744,25439,29024,12793,32677,22945,10732,26794,32642,23456,25533,19002,25256,16914,13545,26819,19311,13352,19566,14952,23354,25130,19196,27310,15982,15237,28025,17396,19008,9789,24034,18110,10065,29384,26311,16317,25994,21234,20673,23426,17313,12916,25614,21335,27843,26548,25332,32783,32056,18223,13358,13446,32126,12878,13121,9574,22052,27831,27657,26821,31663,26405,23651,20912,13352,15321,26718,33099,27482,25364,7730,18272,15733,7964,19757,24806,18117,10109,17412,17771,23142,23556,23278,13352,22464,12878,23310,17302,13228,13596,7867,30684,28807,14145,36079,25853,23295,32370,21152,19678,20968,18250,26354,27588,24824,16773,10065,30995,26420,29439,13352,21300,6449,14593,20821,7392,6449,31950,28424,10122,22493,24374,20885,17301,5491,20761,19492,17112,25616,23316,18950,19793
18810,15804,18613,13396,27028,10162,23176,18577,14264,16251,24387,12806,186,14666,27890,28237,12426,26665,23109,14647,18540,19273,15268,15752,19554,7353,18929,23088,16739,7453,19555,16974,11580,12129,15823,10416,19555,11772,29593,24104,7115,13599,25374,14737,23466,15633,23558,9392,13688,13462,11736,17110,12116,23680,15169,14668,19048,30695,12059,17235,17685,15814,22816,16634,26051,16348,14886,14735,16145,16888,15553,18625,20409,7070,15051,18232,10535,27826,27625,25528,18321,11379,33913,33108,14248,18452,13730,11970,13275,19488,24017,9128,29498,0,11978,14849,12604,17367,21914,17651,16473,24548,12393,18414,25864,16012,17657,9412,25903,9128,7805,25397,24729,21767,23206,16251,32839,16241,15781,16251,831,28688,32411,12415,23466,19555,0,15592,16251,17242,18414,17562,23202,20321,18156,26097,20586,23731,14728,10529,14784,18569,17236,16779,18440,23288,16637,24984,17176,12287,23452,18586,12518,18557,13694,14437,13046,13985,20061,24914,16471,13856,7358,9075,9584,27890,831,16690,28003,21087,14644,28220,26860,30647,13329,8135,18751,9526,831,11788,9969,12167,25689,16647,19577,175,7352,7998,26443,19972,18301,24650,12445,11670,15796,27018,21820,11564,10587,13519,12211,25967,14820,25736,15377,16458,22676,25156,26483,9128,7084,20399,13692,7483,12245,27890,19031,17729,17274,17543,12042,7209,19364,20130,23296,29653,19632,186,23189,11139,32782,24709,14916,23424,32861,30152,7370,24331,12697,18042,13191,16870,29828,11306,14816,12140,9674,9567,17419,12248
18038,8674,10651,15620,16793,8284,20602,10871,3080,8236,14162,3845,11976,5736,16828,17857,7656,16520,12164,6410,10970,11311,7794,10603,11592,7840,10236,16882,10440,6700,11593,10871,6190,5040,9127,7920,11593,2141,15337,16599,7896,9298,18246,8393,12898,6944,17315,7922,15532,17421,7731,10829,7345,20602,8566,3715,11085,17158,2800,9345,9122,7867,12898,6815,16988,9128,9815,8549,10348,8561,9130,10663,10340,8212,7179,8172,7890,13368,19919,16951,10359,7373,19269,18081,8265,7492,7919,5,4843,7147,12816,9785,19267,12119,0,8169,7344,8374,12816,7529,8919,12120,5304,10101,20602,10348,10440,8812,15907,9785,5971,17734,20411,12016,12898,8236,17774,8294,7454,8236,11852,13926,21905,4723,17982,11593,12119,8674,8236,8046,10452,7678,12120,12359,9127,20602,7536,12898,8674,7423,5983,10607,9773,8520,10478,12725,6751,17039,9229,2656,17315,10624,7512,8517,9396,8674,4614,8418,12405,20166,10428,8441,7254,8353,7979,16828,11852,9131,17316,12981,14930,14922,20371,16990,8046,7890,10789,8777,11852,7782,7785,4380,20602,8409,11615,12169,7248,7752,16246,12410,9029,16877,2814,6275,7841,17492,11173,415,7481,9237,7129,20602,6427,13671,8392,9127,12763,20846,16363,9785,8030,10199,17020,7725,7163,16828,7412,9127,9127,7596,8037,7105,11402,12417,17315,13832,11670,11976,20602,2173,17789,12004,8674,15518,17922,14728,7613,17372,3736,10096,4759,10842,19817,1675,6879,161,7470,7363,9127,2617
25595,1067,4394,16141,14964,9340,20227,10326,5805,3805,13787,5272,14970,13545,9465,17067,6337,16081,12684,3171,10425,4828,436,3011,2610,10173,9692,16507,2848,10502,5110,10326,7119,4960,9914,7098,5110,6598,11724,16084,9135,10109,14823,801,13431,3395,16939,7574,16432,16207,6909,10284,6027,20227,960,6209,2864,18374,7495,9670,9909,1147,13431,11074,14330,9916,2223,942,2756,8016,9940,4405,10746,10646,5233,8680,6261,14647,15267,16576,3513,6551,24091,24535,490,3772,836,7726,6472,3183,13349,11448,21577,13472,7734,0,6026,381,13349,8194,8376,12653,5224,9726,20227,2756,2848,10475,15153,11448,8306,16941,14717,12535,13431,3805,24076,1422,7422,3805,13369,14453,14542,6599,14752,5110,14990,1067,3805,7673,3420,6834,12653,4429,9914,20227,3952,13431,1067,6684,3402,4350,9228,9027,3687,13257,3194,16664,2090,6537,16939,4367,6429,8712,1804,1067,6243,338,11860,13670,2836,299,9823,8004,7631,9465,13536,9918,16851,12606,17388,15407,19995,19028,912,10266,3478,9816,15885,6253,7436,6008,20227,8917,5132,15377,9965,10129,14309,11866,9224,15057,6695,7204,5896,15377,10629,7319,6306,1645,5811,20227,3373,14097,363,9914,12388,13388,15875,11448,10362,10605,16437,9867,5844,9465,2910,9914,9914,7280,6187,9823,2761,11872,16939,11783,5186,15110,20227,6869,24243,12523,1067,14255,24506,12282,9945,15083,5365,2956,6387,10297,24656,6371,3367,7895,7121,7015,9914,6498
20180,6128,7796,12497,17623,4911,16936,12345,5469,5690,16956,4254,12278,15563,13973,20369,411,19025,14702,5772,12444,8456,5631,8057,7203,5743,11710,17436,7894,6068,8739,12345,3820,3334,11932,1483,8739,6262,16232,18972,5297,12127,19881,5847,16894,6202,17707,3000,12788,12563,1288,12303,586,17431,6020,5873,8231,20281,6011,11688,11927,5321,16105,13885,18546,11934,7269,6002,7801,10034,11958,7808,12764,6217,10164,10698,1053,17312,17432,17448,7504,1524,28153,26668,6113,7607,5641,7390,4480,7031,13525,7019,23566,12422,7398,5623,0,6004,13661,10212,10395,14173,3598,11744,15692,7801,7894,6046,16477,7019,4392,20173,17021,15213,15027,5690,26291,5748,9440,5690,12155,20126,19050,3620,17953,8739,12422,6128,5690,9691,7597,11115,16654,9504,11932,16008,7774,15620,6128,2770,6003,7752,11246,11046,7623,15276,6009,16814,6683,6201,17458,7770,240,10730,6850,6128,4251,5961,13879,17265,7882,5922,5393,3105,4083,13973,12155,11936,22538,14059,13745,17808,18428,22623,5500,5837,7934,5386,12155,1045,3029,3372,15494,10935,8760,12471,5536,5699,18755,13884,11242,17738,6359,3911,10523,18903,12647,6983,2392,6691,919,17324,5685,19769,5986,11932,13602,17295,18826,7019,5933,12623,12793,5437,953,13973,6770,11932,11932,9298,978,5393,7354,13891,17435,16291,8815,12278,15401,6533,26352,15876,6128,18376,24073,16790,5516,18656,3902,7549,4396,12316,24152,6035,5969,7559,3347,3241,11932,6162
24045,1449,4775,16493,14657,9721,20608,10708,6186,4186,14168,5815,17467,13926,9847,13658,6718,16526,13065,3552,10807,5209,609,3393,2991,10554,10073,16888,3229,10884,5491,10708,7500,5503,10295,7480,5491,6979,12105,16605,9516,10490,18252,1182,13812,3776,17320,7955,14751,16676,7290,10666,6408,20608,1341,6590,3245,14576,7877,10051,10290,1528,13812,11651,16994,10297,2604,1323,3137,8397,10321,4786,11127,11027,5614,9061,6643,20852,19925,16957,3895,6933,25133,22910,109,2064,455,8107,7015,1527,13730,16454,22140,15757,8115,381,6407,0,13730,8575,8758,13034,5767,10107,20608,3137,3229,13997,15913,16594,8687,13574,20417,12917,13812,4186,22421,1804,5889,4186,15624,20049,14923,7142,17988,5491,17510,1449,4186,8054,3801,7410,13034,4810,10295,20608,2217,13812,1449,7065,3783,4731,9609,9409,4068,13639,3575,17045,2471,6918,17320,4748,6810,7115,2185,1449,6786,43,12242,20172,3217,66,10204,8386,8012,9847,15786,10299,16268,12987,13788,20134,20377,15299,1294,10632,3859,10197,15402,6634,7818,6551,20608,9298,5513,16248,10331,10495,16251,12247,7627,13379,7076,7570,6277,17498,11010,7700,7145,2026,6192,20608,3754,20134,18,10295,12769,20852,16369,16034,10728,10986,16118,10232,6226,9847,1610,10295,10295,7661,6568,10188,3142,12254,17320,12165,5568,17609,20608,7250,22631,12904,1449,15524,20802,15101,10311,17378,5908,3337,6930,10679,23102,6752,3749,8276,7487,7381,10295,6879
28541,12364,16626,21794,11005,17946,14814,5597,10692,13441,8374,10548,21942,11526,19442,12069,14191,10732,2525,8173,5239,17083,11867,14293,15065,18549,5289,11095,14130,18807,16544,5597,15685,11933,4659,15118,15135,11485,19652,10812,17824,8090,12458,12083,77,8387,11527,16834,23785,24203,14850,5555,14185,14814,12256,11096,14558,14774,13385,5455,4654,11557,77,8477,11200,4661,13505,12238,14038,4455,7921,15521,6536,18959,6199,5115,16219,15058,14131,11163,13832,14340,18614,16123,12223,3842,11877,12613,11547,4328,0,23058,16990,24153,12621,11859,15056,12240,0,5659,5924,722,12197,5516,14814,14038,14130,21929,10119,23204,15806,11946,14623,2377,77,13763,15618,11984,5476,15340,23904,14255,17616,13405,12194,14392,22047,12364,14146,5727,13925,5532,722,15210,4659,14814,3623,77,12364,16241,8060,17235,3973,5463,13950,91,8613,11251,12919,11424,11527,14751,14058,4817,13086,12364,11318,12197,2671,14378,14118,12158,17792,15557,14848,17590,24063,4663,14820,7156,20616,14340,14583,14216,11736,19089,14262,20800,23626,16073,15028,13237,14814,5353,15645,24729,18993,17452,10458,2671,5145,11089,11582,15974,6529,11704,3914,12206,15993,12927,13392,14814,8972,14340,12222,4659,6938,15058,10575,22622,20606,6396,21455,18285,13523,19007,5081,4659,4659,5334,14318,17529,14875,2664,11527,21521,14049,22074,14814,11756,15922,2365,12364,9730,16268,20532,18301,11584,10440,15564,11462,5568,18174,11258,8498,12782,16474,14933,4659,11385
19731,8576,10336,19506,10462,12473,14271,4369,5664,10230,7831,5520,17607,4019,15775,11525,11204,10189,6728,3618,4468,10996,8079,10506,11277,13306,3905,10551,10342,13635,11279,4369,10813,7983,2625,10704,11279,6457,17331,10268,11753,4140,11915,8295,7475,3831,10983,10706,17549,19708,10515,4327,10894,14271,8469,6068,10771,14231,7354,2843,2620,7769,7475,3621,10657,2626,9717,8451,10250,2059,3971,10348,3122,13779,2339,1755,10674,14514,13588,10619,10044,10157,19796,17878,8561,5017,8089,7584,6519,4871,7393,16406,15550,16015,7592,8071,10109,8452,7393,0,2419,6697,8247,2828,14271,10250,10342,13810,9576,15018,11385,11403,14080,6579,7475,10230,17442,8196,1618,10230,17303,13711,15585,6646,11650,11279,16147,8576,10230,1869,10137,460,6697,12044,2625,14271,4987,7475,8576,9763,3504,10292,3271,1606,10163,7301,4058,10708,9131,6396,10983,10310,11297,2015,9298,8576,6290,8409,5903,13835,10330,8370,12956,11137,10763,14222,15821,2629,14277,6650,18468,13796,14039,13374,7948,13399,10475,12949,15424,10567,10569,6055,14271,1499,11301,18249,13098,13261,9914,5908,2527,10546,6554,10904,1959,11161,4671,7178,9912,9139,9894,14271,4417,13796,8434,2625,6432,14514,10032,14489,13495,2982,17439,12999,9927,15263,5400,2625,2625,1476,10821,12955,11087,5915,10983,17213,11355,16107,14271,6728,15948,6567,8576,9186,16167,18298,13078,11041,5412,11776,6434,4340,17955,6230,3943,7753,10254,10147,2625,6357
20685,7651,9411,19550,19679,11548,23488,13587,10621,9305,17048,9406,16452,16805,14180,20742,10280,19406,15944,7896,13686,10071,7154,9581,10353,12381,12953,19768,9417,12710,10354,13587,9327,8486,13175,9779,10354,11414,17324,19485,11343,13369,21132,7370,16691,8119,20200,9781,19371,19749,9590,13545,9969,23488,7544,11025,9846,23448,11163,12931,13170,6844,16691,15772,19874,13176,8792,7526,9325,11277,13201,9423,14006,13390,11406,11940,9750,23731,22805,19836,9119,9232,20230,18184,7636,4331,7164,12542,9632,4218,16609,16952,15815,18156,12550,7146,9184,7527,16609,11454,0,15914,8750,12987,23488,9325,9417,15781,18793,17098,10987,20619,23296,15796,16691,9305,16084,7271,10683,9305,16182,22928,14032,8773,20867,10354,16605,7651,9305,10934,9212,12357,15914,11119,13175,23488,4291,16691,7651,9365,8126,9367,12489,12288,9238,16518,7919,19924,8206,11353,20200,9385,10372,11973,8373,7651,9403,7484,15121,23051,9405,7445,12031,10212,9838,15535,16311,13179,23494,15867,18454,23013,23256,22591,7023,12474,9550,13431,17539,9642,9644,8524,23488,12178,10376,17011,12173,12337,19131,15126,12484,19762,11511,9412,11809,20378,13889,12135,8987,8214,8969,23488,8097,23013,7509,13175,15649,23731,19249,16514,12570,13866,17461,12074,9003,15125,4787,13175,13175,10541,9896,12030,10162,15133,20200,15606,10430,16585,23488,11685,17891,15784,7651,18403,16472,16602,12153,20257,9054,10851,9548,13558,18306,11187,8092,12711,9329,9223,13175,11314
25095,11662,15968,22640,10304,20165,14113,4896,9990,15657,7672,9847,24549,10824,20499,11367,14699,10030,1824,7471,4537,16466,11165,13592,14363,20762,4587,10393,13428,17285,15940,4896,15951,11231,3957,17135,17701,10783,20518,10110,20018,7388,11757,11381,798,7685,10825,15652,24731,22810,15292,4854,16152,14113,11555,10394,13857,14073,14670,4753,3953,10855,798,7775,10498,3959,12803,11537,13336,3753,7219,16529,5834,19239,5498,4413,16734,14356,13430,10461,13682,14730,17112,14618,11521,4807,11175,11911,10845,5238,716,23390,13910,22273,11919,11157,15621,11538,716,4957,5223,0,11495,4815,14113,13336,13428,20172,9417,23536,15988,11244,13921,1675,798,15151,15556,11282,4774,14708,24259,13553,18549,14898,11492,16909,22405,11662,14917,5025,15015,4830,0,14850,3957,14113,4597,798,11662,14995,7358,16484,3271,4761,13861,625,7911,10549,12217,10722,10825,17218,14568,4115,12384,11662,10616,11495,1969,13676,13416,11456,19898,17536,16668,18541,24409,3961,14119,6454,21502,13638,13881,13216,11034,17634,13900,21187,23970,16575,16952,12535,14113,4651,16712,22804,19301,17767,9756,1969,4444,10387,10880,16243,5827,11003,3213,11504,14849,12225,13894,14113,8270,13638,11520,3957,6236,14356,9874,20824,20913,5694,22315,20469,14010,18188,6012,3957,3957,4632,14800,19606,14173,1962,10825,20394,14988,24695,14113,11054,15890,1663,11662,9028,14763,23589,20475,10882,9738,14862,10761,4867,14984,10556,7797,12080,16806,15246,3957,10683
20112,5898,8479,12155,16520,5342,21522,11622,3261,5459,15082,1079,13926,8366,14657,17571,3707,16131,13979,3869,11721,9139,5401,7827,6973,6644,11157,13326,7664,5169,9422,11622,2692,286,11209,4361,9422,4054,16915,14573,4954,11404,17182,5617,13546,4403,13694,3729,12446,12221,4172,11580,3396,15120,5790,3665,8914,17971,4952,10966,11205,5090,14726,9445,15603,11211,7039,5772,7571,9311,11235,8491,12041,6648,9441,9975,4331,16844,15155,14734,8187,3814,24948,21349,5883,7160,5410,5182,3462,6663,14644,7451,22848,14070,5190,5393,3396,5774,14644,9489,9672,13948,0,11021,14897,7571,7664,6478,13881,7451,4587,15745,16308,13831,13311,5459,21020,5517,8718,5459,13802,17728,19733,2131,13755,9422,14070,5898,5459,8969,8280,6416,13263,10188,11209,15158,7276,13798,5898,2965,4100,8435,10523,10323,8306,14553,4211,17959,6453,3993,13544,8453,3563,10008,6620,5898,3233,5731,13156,14999,7651,5692,6294,4511,4137,14657,13802,11213,19983,13902,13402,15654,14453,19905,5270,6737,8618,5818,13802,4223,3943,1883,14715,10212,9444,14119,6436,6600,15877,13161,10519,16652,4151,2777,9843,14712,11924,4775,3022,6460,3180,14989,3887,15785,5756,11209,13684,15196,14460,7451,6846,11901,12451,6338,3214,14657,6651,11209,11209,8575,4478,6294,7124,13168,13437,16975,9498,13926,14588,4325,21060,13819,5898,13983,21212,17473,6416,15991,2355,7319,3378,11593,23458,3827,4339,5351,3627,3521,11209,3954
20173,10324,13978,20236,8782,15988,12591,4477,8609,11722,6151,12078,20228,5705,16777,9845,12952,8509,4579,6090,4576,16289,9827,12253,13025,14885,2036,8871,12090,15383,15576,4477,11999,11158,4064,12452,14229,9402,18250,8588,14349,6007,10235,10043,5326,6304,9303,12454,20085,20419,12262,4435,12642,12591,10216,9013,12518,12551,10300,3820,4059,9516,5326,5306,8977,4066,11465,10198,11997,2316,5838,12095,1999,15260,4117,2695,12422,12835,11908,8940,11791,11905,17396,15297,10183,5688,9836,10530,12305,5740,5244,19010,14042,20295,10538,9819,11856,10200,5244,3239,2672,4548,11422,0,12591,11997,12090,17814,7896,17379,13659,9723,12400,4431,5326,11722,14837,9943,3393,11722,19918,12031,16619,11445,9970,13654,20439,10324,11722,3644,11885,3112,4548,15019,4064,12591,5585,5326,10324,12037,5977,15786,3378,3043,11910,5153,6530,9028,10879,9341,9303,14994,13044,3748,11046,10324,12076,10157,5216,12155,12077,10118,15496,12885,12511,16690,20043,4068,12597,4652,21250,12116,12359,11694,9696,13777,12222,15415,19609,12314,12317,11196,12591,2932,13563,20896,14963,13907,8234,5216,3439,8866,9499,12084,4446,9481,4779,10123,11660,10886,12455,12591,6889,12116,10182,4064,4434,12835,8352,18576,14997,1858,19974,16117,12489,16317,6416,4064,4064,3251,12568,15207,12835,5209,9303,18141,13280,18484,12591,9674,13615,4419,10324,7506,13859,19129,16096,9361,11727,13523,12220,4448,15432,9175,6416,10699,12001,11895,4064,9302
24244,20619,19791,24534,6149,19517,0,14772,18905,17701,13292,14670,25821,16205,22775,4294,16203,5876,14296,16386,14871,18553,20122,14437,16167,21999,12331,4184,22385,18325,17985,14772,15591,13666,14359,18651,18099,14765,22449,5956,19369,16302,2836,20338,15044,16599,3589,18686,26838,27234,16691,14730,16104,0,20511,19308,15128,3258,15387,14116,14355,19812,15044,15806,6344,14361,14161,20493,22292,12611,16134,18772,12407,20345,14412,13221,16620,848,683,3968,17402,17706,14582,14908,20478,6693,20132,20825,14010,7078,14961,22338,11850,23467,20833,20114,17295,20587,14961,13765,12967,14266,13516,12549,0,22292,22385,23433,5538,22470,18723,3892,191,14148,15044,15589,11927,20239,13688,16588,23152,964,22682,15937,4256,17417,23599,20619,16773,13939,17324,13638,14266,17048,14359,0,6492,15044,20619,17781,16272,20303,13673,13569,15942,14870,16825,3880,14283,19636,3589,17598,16075,14517,13605,20619,15006,20452,14933,436,22373,20413,19145,17173,17942,22701,25651,14363,3303,12073,25851,954,232,3761,19991,18811,17508,20438,25214,16461,16649,13995,0,13459,17261,24008,18639,20878,5602,14933,13734,6233,19795,15855,14741,3625,15074,20419,16105,13633,16974,0,17184,954,20477,14359,11855,848,5719,21941,20081,12773,24230,19695,17077,22302,7858,14359,14359,13546,17926,18881,14956,14927,3589,24611,18795,25967,0,14930,15083,14136,20619,6008,15083,25722,21695,3185,13455,15959,13878,14743,14125,19470,16711,20994,16442,18141,14359,19597
28156,3104,3286,19382,18273,11387,26037,16136,8253,5953,16410,7881,14694,19354,8286,18668,9373,17864,17476,5619,16235,3688,2979,1267,2421,12220,15671,15822,266,12550,3971,16136,9196,7569,15724,9619,3971,9046,10545,16232,11182,15918,17834,2153,18210,5842,14122,9621,19674,19448,9429,16094,9063,26037,2996,8657,1756,17761,9943,15480,15719,2746,18210,12637,17662,15725,905,2978,0,13826,15750,3297,16555,12693,7681,14489,9298,15623,15027,15697,2405,9072,28668,26500,3479,3673,3825,10173,9081,3105,18128,13932,25733,14528,10181,2971,9062,3352,18128,14003,14186,17433,7833,15536,26037,0,266,12523,16931,15483,10826,16856,14487,17328,18210,5953,26017,2497,7956,5953,15996,17043,13363,8612,16456,3971,14649,3104,5953,13483,2312,9477,17433,3290,15724,13678,3895,18210,3104,9204,5849,3242,15038,14837,2579,18037,5642,13583,1820,8985,13661,3259,9466,9182,2006,3104,8852,3309,17670,14841,254,3270,11903,10052,9678,8286,16192,15728,17946,13307,20630,14986,15817,18546,2512,12314,2948,11863,15802,9290,9484,8364,26037,14727,3993,14961,12013,12176,15919,17675,9694,18363,9143,9281,8344,15338,16438,9767,8827,1365,8847,26037,5820,16637,3334,15724,18198,14357,17660,14973,12410,16415,19678,11914,8881,8286,2455,15724,15724,13090,9224,11870,1506,17682,13937,10604,4047,16327,26037,9317,26218,17316,3104,17614,24050,11103,11993,16596,7974,1702,8997,16107,24203,8819,5815,10343,9168,9062,15724,8946
28570,3196,3378,14079,15357,11480,26129,16228,8345,6045,13823,7974,16165,19447,8379,17203,9466,16522,17569,5711,16327,3781,3071,1360,2513,12313,15763,22409,0,12642,4063,16228,9288,7661,15816,9711,4063,9138,10637,15030,11275,16011,16315,2245,18303,5935,22841,9713,13837,14230,9522,16186,9155,26129,3089,8749,1849,16247,10036,15572,15811,2839,18303,12730,14865,15818,998,3071,266,13918,15842,3390,16648,15029,7773,14582,9390,26373,14951,22478,2498,9164,24992,22910,3571,2379,3918,10266,9173,1837,18221,16918,24476,16020,10274,3063,9155,3444,18221,14096,14276,17525,7925,15628,26129,266,0,14516,15594,17051,10918,17136,25938,17420,18303,6045,22456,2589,8048,6045,17602,15352,13455,8704,15072,4063,17794,3196,6045,13575,2405,9569,17525,3382,15816,26129,2603,18303,3196,9297,5942,3334,15130,14929,2671,18129,5734,22566,1913,9077,22841,3352,9558,9274,2098,3196,8945,3401,17762,13378,12,3362,11995,10144,9770,8379,17793,15820,16433,18508,20723,14828,25897,18863,2604,12406,3041,11956,17391,9382,9576,8456,26129,14819,4085,18155,12105,12268,16199,17768,15155,17007,9235,9373,8436,13983,16531,9859,8919,1458,8939,26129,5913,14942,3426,15816,18290,26373,16321,14990,13404,16507,15107,12006,8973,8379,1142,15816,15816,13182,9316,11962,1599,17775,22841,10697,4140,17952,26129,9409,22663,17408,3196,16363,25287,11196,12085,13696,8066,1794,9089,16199,23111,8911,5908,10435,9261,9154,15816,9038
17336,15735,13071,8750,24457,1474,20980,16347,8722,10483,19788,7507,7562,15035,27344,25687,5825,24097,18826,9661,16418,13731,10214,13008,14012,1020,16521,20796,13785,3105,14013,16443,6620,6587,13952,4874,14013,9515,29048,23996,1571,11729,23084,10798,21377,10091,21296,3849,9042,8817,5056,15064,5514,23693,10971,9126,13505,25589,7927,16709,13996,10271,20764,14613,21299,14466,12220,10953,14619,14718,11561,13082,16220,664,13438,15805,4993,23077,22823,20878,12779,5489,31322,27671,10685,18431,10339,10642,7733,15974,21802,1842,27129,7705,10650,10574,6003,15427,19896,15221,14318,22233,6851,16163,21261,12752,15999,0,23347,1842,4410,23080,22504,19621,21139,10483,30228,10698,15068,10483,7438,26246,31866,6873,21162,14013,7705,11079,10483,14962,12872,15107,21094,14779,14473,21448,18660,23839,11079,5570,9892,13027,15134,16083,12897,21077,9898,20398,11634,9454,21212,13044,5917,14745,11801,11079,7504,10837,18146,24993,14944,10861,1930,3533,4042,27344,7438,14766,25740,20694,9998,23396,22135,28109,10451,2374,13209,834,7438,5287,4427,6625,23269,14460,14035,7755,2568,2236,23880,18001,14450,24598,9612,6711,15053,24500,17886,10236,4544,11641,6322,23553,9574,25932,10812,14437,20125,22966,21701,1842,909,17894,9046,1539,6356,27344,15658,14100,15200,15207,5441,2425,13822,18176,21034,29107,14090,7562,23132,7929,27375,22358,11079,21083,30252,29606,1426,24306,7155,12500,7649,16385,27462,9287,10026,10811,4131,4025,15342,9415
21482,14001,21457,25740,1377,21706,4836,11387,20204,17390,9907,14887,23401,12542,22261,2053,18675,1058,10911,13000,11486,22305,13844,16683,16376,22010,8946,2408,16612,20126,19603,11387,15758,14055,10974,17431,21717,16313,23759,1137,19527,12917,2442,16189,11658,13214,1813,17345,28205,25923,19006,11345,18475,4836,15053,20607,18763,4796,13517,10731,10970,15874,11658,12895,1526,10976,17877,15773,16842,9226,12748,18656,9022,20318,11027,9836,18999,5080,4153,2192,19381,16543,10795,11530,17093,8846,16747,17440,14269,9107,11576,24552,8471,23502,17448,13748,18160,17110,11576,10380,9582,10880,15299,9164,4836,15362,14148,21183,0,24693,16912,1930,4645,10763,11658,16914,8549,15978,10303,19780,23112,4277,24372,14419,2288,19106,26044,14755,18080,10554,19280,10253,10880,18989,10974,4836,8674,11658,14590,17967,12887,21851,10288,10184,19491,11485,13440,2104,17838,20935,1813,21046,16827,10659,15660,13309,15320,13380,11548,4400,16783,14847,19132,17493,16471,24442,23208,10978,4842,8688,27321,4362,4605,3902,15669,18941,17451,20577,25154,17061,17000,14221,4836,10073,20941,24049,18697,21015,783,11548,10349,1461,21094,17644,11356,1688,11689,17033,16459,17247,16181,4836,13799,4362,14641,10974,8470,5080,901,24127,20062,9387,25480,21728,17893,21804,9871,10974,10974,10161,16940,18877,16945,11541,1813,26066,18732,23529,4836,20747,11705,10751,17234,1726,11705,27155,21689,1871,13679,18167,14146,11358,10747,16085,13326,17609,18391,16732,10974,20896
17820,16798,13879,9559,25802,2282,22187,15988,9530,11517,21007,8315,8618,13543,28152,27034,6633,23084,20019,10469,17655,14539,10534,15339,14820,1829,17847,24267,16196,3913,14822,16085,7429,7395,15053,5682,14822,10323,29856,22991,2379,13193,26789,11606,22556,10899,24815,4658,9850,9625,5864,16228,6323,22701,11779,9934,14314,29547,8976,18001,15160,11080,24173,13983,24818,15572,13028,11761,15611,17544,13024,13891,19224,1700,14231,17135,5801,24278,24039,22099,13587,6298,29559,31796,13545,19588,10659,11451,8541,17014,23074,0,28313,8761,11459,11382,6811,15056,21053,16552,15513,21355,7659,19155,24766,14048,15470,1529,22404,0,5219,24301,23717,22942,24591,11517,28609,11507,14853,11517,8494,27581,32674,7681,24671,14822,8761,13496,11517,14745,13680,16443,22279,15587,17217,22662,17987,25143,15522,6378,10700,13835,17982,15796,13706,22347,14299,23826,12442,10262,24719,13853,6725,17549,12609,15198,8312,13327,21235,26332,15938,11681,2738,4341,4850,28152,8494,17511,29713,22040,10807,24605,25735,26726,11259,3182,14017,1643,8494,6095,5235,7433,24600,17264,14843,8811,3376,3044,25226,21097,15646,25942,10420,7519,16365,25846,20947,11044,5352,12450,7130,22576,10383,27265,14641,15592,21471,26641,25263,9836,1897,17455,9855,2347,7164,28152,16658,16800,16418,14983,6249,3234,14630,21283,22253,29916,14898,8618,22196,8977,31470,21477,15704,24580,28621,30415,2235,23274,7963,13308,8457,16016,28632,10096,10666,11620,4940,4833,16561,10223
18223,9967,11960,10005,19769,3193,16713,14508,5831,9372,15546,4373,8157,8359,18137,19030,4473,17605,14605,8550,14607,12620,9102,11897,13162,2749,14043,18193,11733,1609,12902,14508,2348,5475,14095,3522,12902,5392,22417,19308,2805,9653,20714,9686,17202,8980,18740,2497,10297,10071,3703,14466,4162,18998,9860,6235,12394,23472,4726,13852,14091,9160,18329,12537,17054,14097,11108,9842,11641,12197,9485,11971,14927,3120,12327,12861,3641,18825,20427,16586,11667,4414,27108,23663,9574,9896,9228,6523,4842,9371,15702,4694,25454,8301,6531,9462,4651,9683,17421,12375,12558,17621,5739,13907,16988,11641,11733,3721,18640,4694,0,20728,18220,15393,16986,9372,25780,9587,11603,9372,8033,19533,25235,3982,18603,12902,8301,9967,9372,11855,11760,9867,18626,13668,14095,18917,14626,17439,9967,3573,8780,11915,13409,13209,11786,16591,8787,16105,10522,6149,18653,11933,4565,12894,10689,9967,4613,9726,14207,18388,11721,9749,2163,2181,2930,18137,8033,14099,21447,14497,11253,21073,19671,21220,9339,2799,12098,3669,8033,3935,2621,4118,16845,13098,12924,8350,2157,2661,19181,13985,13470,18063,6308,2439,12729,19770,15381,6116,3204,10530,5145,18854,8463,19252,9701,14095,13984,20611,19222,4694,2939,14787,10301,2634,5179,18137,9269,14095,14095,11461,4089,2014,12711,14182,16741,22476,12978,8157,16717,4727,25755,16068,9967,16846,25864,22975,2522,19575,4264,11389,4758,14479,25900,5035,8915,6692,2667,2561,14095,6110
25177,15423,21176,27522,1349,21581,3826,12152,13661,19130,10672,16956,27882,14251,23956,362,18777,1354,11677,14932,12251,21907,15485,18173,19867,21864,9712,4037,16522,20156,23462,12152,17641,17544,11740,21262,23576,15044,28125,1545,23603,13683,1246,17949,12424,15622,3442,19215,27366,27704,21051,12110,20506,3826,16821,15291,20529,3786,15415,11496,11735,16030,12424,13853,1974,11742,17770,17547,16768,9991,13514,22413,9787,22213,11792,10602,21036,4070,3143,3821,21180,20284,11799,12799,15791,9760,15649,18656,17792,13341,12342,26642,9475,27992,18664,15371,18303,14961,12342,11146,10347,11646,17354,9930,3826,18578,15547,25438,2503,26784,18807,0,3635,11529,12424,20558,9553,16130,11069,19682,27563,3267,26256,17977,4109,22893,25525,14970,19826,11320,19130,11019,11646,20586,11740,3826,9572,12424,16287,18186,13365,21557,11054,10949,19331,12251,14206,3732,19598,13507,3442,20805,20564,11424,17209,16391,15771,14977,12314,3390,16693,15075,23175,21347,18354,23876,25105,11744,3832,9454,29257,3351,3594,1959,15832,22958,21095,22467,27244,18911,18872,16097,3826,10839,22762,25944,20588,23098,1582,12314,11115,1433,13344,19720,12122,2000,12455,13442,18330,18967,19846,3826,14323,3351,14888,11740,9236,4070,1533,26217,21957,10153,30038,23816,18066,23505,15836,11740,11740,10927,20700,22893,18520,12307,3442,25407,20398,28024,3826,15081,12974,11516,15875,2175,12974,29098,23777,3037,15554,19895,17655,12123,12016,15943,14976,18825,20462,18610,11740,14810
27290,20427,19320,25894,5958,22915,191,14580,18713,17420,13100,14568,27203,16013,24277,4103,19321,5685,14105,16194,14679,19915,14899,15772,16032,23379,12140,3993,15501,21562,21325,14580,16854,14950,14168,20092,19463,14586,23811,5764,20640,16111,2645,14175,14852,16408,3398,20112,25711,26070,18001,14538,17424,191,20320,14630,18169,3066,16663,13924,14163,14011,14852,15615,6153,14170,15511,13852,15854,12420,15942,20274,12215,23799,14221,13030,19769,656,492,3777,17150,17366,15185,14717,20287,7651,19940,20634,15279,8057,14770,25995,11658,27256,20642,13353,18760,20304,14770,13574,12775,14074,14797,12358,191,15967,22193,24803,5346,26140,20082,3700,0,13957,14852,16948,11736,14125,13497,17949,26897,772,24184,17291,4065,18779,24861,20427,18133,13748,17079,13447,14074,20282,14168,191,7445,14852,20427,19175,16081,21804,13482,13377,19072,14679,16634,3688,17238,19445,3398,20898,17402,14326,16484,20427,14885,20260,14742,245,15722,20222,22476,18459,19339,21959,27027,14172,3112,11882,27353,762,85,3570,13783,22129,17248,23926,26591,17776,19770,15260,191,13267,20525,25272,19895,20209,5410,14742,13543,6042,19603,17117,14550,3434,14883,20227,17392,14986,18439,191,16993,762,20285,14168,11664,656,5528,23189,21330,12581,28206,23089,16820,23804,8835,14168,14168,13355,19383,20129,16310,14735,3398,26113,18415,24813,191,16220,14892,13945,20427,5816,14892,24699,23073,2993,14717,17450,15148,14551,13934,14053,16519,20803,17717,19551,14168,19406
26522,12809,17495,24788,10238,17796,14047,5215,9931,15455,7607,9787,23974,10765,20456,11301,15786,9965,144,7412,4857,16441,12312,14738,15510,20166,4521,10327,14575,16709,15885,5215,15343,11172,3898,16654,17636,10724,20390,10044,19460,7328,11691,12528,2370,7625,10759,15183,22300,22664,14866,5173,14252,14047,12701,10335,15003,14007,11621,5073,3893,12002,2370,7710,10433,3900,13950,12683,14482,3694,7160,14934,5769,20603,5438,4354,14775,14290,13364,10395,15066,14273,16329,15331,12668,5097,12322,11851,10786,5462,2288,22796,15498,23991,11859,12304,13803,12685,2288,4898,5157,1592,11436,4749,14047,14482,14575,21625,9352,20816,16965,11178,13855,0,2370,14940,14786,12429,4715,14542,23678,13487,20374,13930,11426,15307,21900,12809,14736,4966,13601,4771,1592,16433,3898,14047,4902,2370,12809,15929,7298,18027,3212,4702,15242,2196,7852,10484,13364,10663,10759,15519,15643,4055,13531,12809,10557,12642,2289,13610,14563,12603,19287,15424,16079,20385,23821,3902,14053,6388,23574,13572,13815,13150,12181,17115,13801,18722,21215,14623,14895,13682,14047,4591,15145,24582,18705,17247,9690,2289,4384,10321,10821,15635,5768,10937,3532,11445,15823,13371,13517,14047,8211,13572,12667,3898,6170,14290,9808,22358,18428,5628,24444,18032,15014,19988,6242,3898,3898,4573,14405,18995,15320,2282,10759,20269,16473,24120,14047,10995,13696,6,12809,8962,15462,21278,19872,10817,9679,16009,10701,5186,14240,10497,7737,12021,14730,14737,3898,10624
26215,12446,18291,25678,11088,21195,14896,5679,10774,14915,8456,14609,23219,11608,21127,12151,17145,10814,2607,8255,5321,17029,11949,14375,13244,19798,5371,11177,14212,18270,18221,5679,17025,13432,4741,18124,16655,13695,21161,10894,21054,8172,12540,12165,0,8469,11609,16572,25446,25862,16182,5637,17118,14896,12338,11178,13517,14856,15852,5537,4736,11639,0,8559,11282,4743,13587,12320,14120,4537,8003,17194,6618,22268,6282,5197,17701,15140,14214,11245,15702,15644,17602,16554,12305,5000,11959,12695,13864,5494,82,22179,14318,25577,12703,11941,16563,12322,77,5741,6006,804,14671,5598,14896,14120,14212,23298,10201,22311,18721,12028,14705,2459,0,14465,15987,12066,5558,16974,25305,14337,19139,16021,12276,15917,25723,12446,17219,5809,14195,5614,804,15341,4741,14896,4780,0,12446,15964,8142,17139,4055,5545,14441,173,8695,11333,13001,11506,11609,16258,15424,4899,13168,12446,13469,12279,2753,14460,14200,12240,20968,18562,16085,19117,25458,4745,14902,7238,22130,14422,14665,14298,11818,18583,14540,20158,25020,15922,17978,15296,14896,5435,17331,26159,20363,20628,10540,2753,5228,11171,11664,17316,6611,11786,3996,12288,15785,13009,14753,14896,9054,14422,12304,4741,7020,15140,10658,24008,21976,6478,22962,19533,14877,18771,6244,4741,4741,5416,17272,18760,13269,2746,11609,23184,15572,25737,14896,15350,16350,2447,12446,9812,16749,24294,21539,11666,13368,15646,15135,5650,17007,13253,8580,12864,17856,16193,4741,11467
22554,4938,5869,16085,18107,9284,15239,10815,6321,0,16019,5925,17943,14033,12046,20719,5746,17735,13172,4515,10914,6529,4441,8950,6810,10117,10180,17765,6704,10447,6811,10815,7063,5259,10402,7516,6811,7114,14304,17712,9079,10597,20097,4657,16334,4739,17849,7518,16376,16151,7326,10773,5436,17218,4830,6725,6303,22331,8012,10158,10398,4131,15449,13061,17382,10404,6079,4812,6611,8504,10428,5880,11234,10590,8634,9168,5670,18753,19194,17727,5576,6969,29355,27630,4923,6624,4451,8242,7125,6024,13837,11392,24411,18087,8250,4433,5435,4814,13837,8682,8865,13747,5523,10214,17181,6611,6704,10419,18642,11392,8723,18653,18680,13555,15943,0,27213,4558,7910,0,17819,18108,17122,6509,18334,6811,18087,4938,0,8161,5669,9585,16172,7577,10402,15992,6818,16693,4938,7101,4745,5824,9716,9516,5695,13746,4538,17045,5493,7053,17499,5842,5838,9200,5660,4938,6896,4771,12349,17238,6692,4732,9767,7949,7575,12046,17819,10406,20438,16059,17333,19442,16703,22827,4310,10211,6007,9760,17819,5662,7381,6260,16929,9405,6833,18136,9910,10073,17470,12354,9712,18212,7211,7148,9036,17348,11117,7835,6724,5501,5220,15551,4716,19577,4796,10402,15611,18819,19343,11392,10307,11093,16381,9811,5254,12046,5599,10402,10402,7768,5596,9767,6620,12361,17596,14364,6887,17943,15293,7386,24790,14082,4938,17264,27541,14863,9889,17099,6018,7308,7041,10786,25093,6887,4711,8411,7065,6959,10402,7014
22158,22299,27313,33239,7958,26318,13430,19108,20626,25158,14742,20514,32642,15464,30118,10668,24263,7685,15253,19659,20285,28180,21906,24925,26887,26381,16817,9710,25736,27191,27514,18665,22581,23372,19317,27017,27605,21734,34584,7539,26137,16729,11152,25148,15497,22392,10142,26796,36506,36841,24379,18704,24015,13430,21785,20775,27693,13390,21851,16568,19260,22484,14857,15194,7565,20967,24401,22423,25935,15630,17974,26588,13857,26666,20893,17055,26929,13674,12747,9779,25629,26053,6119,6352,22990,22075,20585,19507,23457,22466,15784,31401,78,29795,19590,21844,23854,20343,17214,15825,17727,14114,23168,13462,13430,23605,24750,27426,8602,31532,23390,10265,13239,13415,14505,24691,0,24872,17014,28347,32315,12870,32985,21112,10809,27069,29913,21546,25815,17508,25528,15624,13735,27088,17779,13430,21819,13747,23640,25454,21461,27591,17900,17091,28325,15997,19272,9867,26784,18403,10142,29691,26629,16579,26283,23692,23106,23718,19325,12994,25895,21600,28169,26871,25656,30023,29380,18476,13436,13523,32411,12955,13198,9652,24599,25546,25369,29887,29024,24248,26390,21204,13430,15591,29750,33425,27807,25660,7808,18520,17636,8042,18218,22801,16708,10187,17636,19911,25829,26253,23566,13430,22762,12955,21415,17562,13305,13674,7945,31010,26433,14222,33022,26149,25993,29649,23578,18115,19284,16828,24201,27914,25090,18731,10142,31280,29422,29735,13430,19621,6527,14819,23235,7400,6527,35529,26085,10200,22814,27156,23340,17557,5569,21085,19766,19184,25940,26022,21171,20115
23372,1902,5615,15743,15712,8943,19939,10038,5878,3508,15225,5506,17602,13256,11792,17907,6929,16905,12395,3244,10137,6275,2118,3676,2720,9775,9404,13591,3512,10105,6557,10038,6721,5194,9626,7174,6557,6671,14050,15338,8738,9820,17183,1399,13142,3468,14908,7176,16035,15809,6985,9996,6618,19939,1795,6282,2974,17442,7568,9382,9621,837,13142,12285,16608,9627,2853,1777,3420,7728,9652,5626,10457,10249,5306,8391,6853,14055,16118,14900,5322,6627,27312,22980,2589,4226,2243,7798,6706,3628,13060,11051,22298,17745,7806,2194,6617,2698,13060,7905,8088,12364,5458,9437,19939,3420,3512,10078,14497,11051,8381,17778,15568,12247,13142,3508,22567,0,7134,3508,17478,16779,16868,6834,15585,6557,17745,1902,3508,7385,5415,6907,12364,7323,9626,19939,4418,13142,1902,6759,3474,5570,8939,8739,5441,12969,3267,16375,2200,6610,16651,5588,7021,8424,2468,1902,6477,2532,11572,14442,3500,2493,9425,7607,7233,11792,17478,9630,17623,12318,16991,14749,15344,18033,1310,9869,3588,9419,17478,6845,7039,6243,19939,8629,6579,13418,9568,9731,16597,11577,8935,15806,6768,6806,5969,16221,10340,7392,6382,2309,6402,19939,3445,16386,2557,9626,12100,15603,15151,11051,9965,10317,16039,9469,6436,11792,3262,9626,9626,6992,6779,9425,2871,11584,13314,14110,6633,17602,19939,6942,22713,12235,1902,14989,25291,14609,9548,14452,5599,3066,6622,10009,25438,6444,3440,7968,6724,6617,9626,6571
23012,7787,9547,16836,9730,11369,13539,3637,5970,9441,7099,8131,15776,6804,14602,10793,10415,9457,5995,2697,3736,10207,7290,9716,10488,12517,3173,9819,9553,11195,10490,3637,10042,7211,1836,9915,10490,6763,14806,9536,10981,3368,11183,7506,6743,2911,10251,9917,16670,18754,9726,3595,10105,13539,7679,6374,9982,13499,7661,2054,1831,6980,6743,6648,9925,1837,8928,7661,9461,1326,3199,9559,4058,12675,724,1990,9885,13782,12856,9887,9255,9368,19261,17426,5603,4023,5257,7891,6825,3824,6660,16225,18455,17393,7899,7282,9320,7663,6660,1453,1718,5965,7475,3038,13539,9461,9553,13671,8844,16371,10613,10670,13347,5847,6743,9441,18752,7407,0,9441,17096,12979,20801,6953,10918,10490,15913,7787,9441,251,9348,2407,5965,11255,1836,13539,4018,6743,7787,8991,2584,9503,2538,2338,9374,6569,3137,9976,8342,6702,10251,9521,10508,1226,8509,7787,6596,7620,5171,13102,9541,7581,12166,10348,9974,15724,15646,1840,13545,5918,17447,13064,13307,12642,7159,12610,9685,11845,16806,9777,9780,6362,13539,2228,10511,16315,12309,12472,9182,5176,1738,9813,6860,10132,388,10429,3939,7484,9049,8350,9104,13539,3496,13064,7645,1836,5700,13782,9300,14323,12872,3917,18247,12210,9138,15724,4317,1836,1836,142,10032,12166,10298,5183,10251,14693,10566,15909,13539,7034,17159,5835,7787,8454,19173,15691,12289,10309,5718,10987,6741,3608,19322,6536,3022,8060,9465,9358,1836,6663
25424,4938,5869,16085,21095,9284,16236,10815,6321,0,17051,5925,17943,14033,12046,21852,5746,18768,13759,4515,10914,6529,4441,8950,6810,10117,10180,17146,6704,10447,6811,10815,7063,5259,10402,7516,6811,7114,14304,20660,9079,10597,19256,4657,17375,4739,18972,7518,16376,16151,7326,10773,5436,18309,4830,6725,6303,23437,8012,10158,10398,4131,14948,13061,20297,10404,6079,4812,6611,8504,10428,5880,11234,10590,8634,9168,5670,19826,20303,17110,5576,6969,30470,28762,4923,7213,4451,8242,7125,6612,15164,11392,28038,18087,8250,4433,5435,4814,13918,8682,8865,16210,5523,10214,18283,6611,6704,10419,17946,11392,8723,21693,19783,16027,15401,0,25719,4558,7910,0,17819,19099,17122,6509,17664,6811,18087,4938,0,8161,5669,9585,17226,7577,10402,18737,7416,17739,4938,7101,4745,5824,9716,9516,5695,13746,4538,16490,5493,7053,18614,5842,5838,9200,5660,4938,6896,4771,12349,20107,6692,4732,9767,7949,7575,12046,17819,10406,23633,17198,17333,20533,19520,21731,4310,10211,6007,9760,17819,5662,7381,6260,16356,9405,6833,18136,9910,10073,20393,12354,9712,21210,7211,7148,9036,18371,11117,7835,6724,5501,5220,16543,4716,20667,4796,10402,15198,19903,18583,11392,10307,11093,16381,9811,5254,12046,6131,10402,10402,7768,5596,9767,6620,12361,18720,14364,6887,17943,16292,7386,25817,15057,4938,20167,26013,14863,9889,18120,6018,7308,7041,10786,26117,6887,4711,8411,7065,6959,10402,7014
18232,15747,18346,13129,26584,9894,22867,18323,13997,15984,21718,12538,687,15710,27622,27812,12158,23793,22798,14832,18328,19006,15001,15795,19287,7086,18593,25040,15167,7185,19288,16730,11312,11861,17249,10149,19288,11504,29326,26122,6847,17076,27561,13311,25581,15366,23210,9124,13420,13195,11469,18593,11848,23378,13662,14400,18780,27503,11792,16982,17418,15546,24883,16193,25601,17824,14901,13291,14632,18285,13729,18357,19998,6802,16365,17885,10267,24952,24729,25128,18054,11111,30259,29559,15555,20205,13572,11703,13008,19363,23772,8861,31989,831,11711,14735,12336,17220,21688,15699,17836,22011,12125,18072,25517,14514,15970,9145,25473,8861,7872,25008,24404,21483,22960,15984,29320,15973,15512,15984,0,28335,32144,12148,23088,19288,831,14041,15984,16965,18147,17200,22937,20054,16251,23349,20448,25866,14626,10262,15062,18302,18705,16473,18172,20908,16429,22315,16909,12019,25480,18319,12251,16576,13684,15798,12779,15292,21906,27092,14929,13748,7091,8808,9316,27622,0,18184,27655,20703,14376,25288,26495,30232,14599,7868,18484,9258,0,11521,9702,11899,22999,16340,19310,880,7084,7730,26007,19764,17982,26724,12178,11403,15513,24150,21617,11296,10319,13506,11944,25630,13285,25420,15250,16228,22249,24850,23630,8861,6816,20007,13425,7216,11978,27622,18941,17491,17079,17242,11775,6941,19097,21965,22948,29675,19365,687,25214,10872,32252,24403,14801,23012,32327,30174,7103,26421,12430,17775,12923,18348,29339,11038,13237,11872,9406,9300,17223,11980
28551,15287,20435,29812,5590,22084,951,14212,14333,20475,12732,15869,28641,16053,23114,3735,20691,5317,13737,15826,14311,23135,14630,16728,17122,22517,11772,3624,16542,23007,20441,14212,18153,16236,13800,19496,22658,15909,24951,5396,24175,15743,2234,16799,14484,13745,3030,21521,26859,30004,19264,14170,18677,951,15738,16084,17530,2698,16448,13556,13795,16649,14484,15271,5785,13801,18210,16459,16924,12051,15574,21482,11847,25239,13852,12662,21154,1195,629,3408,20075,18638,13859,14348,13386,8272,13464,15354,16574,8718,14402,24892,11290,26029,15349,15929,18260,19935,14402,13206,12407,13706,16085,11990,951,15463,13929,23813,4978,25024,21528,3332,760,13588,14484,19958,11368,15223,13129,21050,25709,0,25398,17002,3697,21888,26160,15353,19291,13380,20003,13079,13706,19424,13800,951,8058,14484,13602,18695,15712,23054,13114,13009,18380,14310,16266,3320,16690,15782,3030,22131,18645,13957,17604,13763,17832,13983,14374,515,15220,14100,23917,21761,18843,25405,25828,13804,2744,11514,28601,10,720,3201,14871,21375,20237,23003,28031,19034,19220,18249,951,12899,19692,26571,23364,21506,5042,14374,13175,5673,14186,20298,14182,3065,14515,14466,20584,17649,17970,951,13655,10,13921,13800,11296,1195,5160,24496,24948,12213,26738,22253,19911,25010,9489,13800,13800,12987,20761,21436,17333,14367,3030,27367,21491,26118,951,17683,14523,13576,14591,5473,14523,25839,24512,2625,17652,18577,16442,14183,13565,15379,16151,15068,19009,20972,13800,14319
28480,11541,8923,14378,25694,18970,22284,13306,16876,13653,23421,16026,29384,14920,3837,26405,15693,22940,19534,14242,20259,8285,11416,9260,10125,27856,14880,21282,10133,20601,8567,15019,16983,15714,19747,16933,8567,17669,6082,25264,19208,14988,25736,10378,19535,14894,21295,17409,14670,14444,16744,13670,15383,22658,11433,17280,8603,25261,18567,15421,19743,10827,18672,16550,24912,19749,9294,11415,10040,15990,13906,8934,19079,27726,17979,14537,15618,24095,22436,23402,8488,16386,31841,33401,11898,9715,14432,18797,17259,9134,17445,27272,29648,29528,18805,11407,15382,11789,19416,14140,15466,20444,15978,18317,20579,10040,10133,27556,22113,27272,18140,23822,21943,18485,21095,13653,29928,10600,17256,13653,29260,23044,0,16400,21811,8567,29528,11541,13653,17507,8581,14313,21435,7887,19747,21027,9934,21913,11541,16519,14473,8879,15660,16059,8606,16827,14265,22708,10197,17608,20938,8896,15786,15216,10231,11541,17030,11745,15295,22255,10121,11707,19954,17839,17466,3837,29260,19751,25441,21811,15626,22569,23951,28449,10949,20365,9061,19706,29260,15610,17271,16151,22412,14468,8589,29577,20064,20227,22671,15572,15581,25807,17766,17068,13350,22470,15045,18390,16141,10074,15167,22598,14444,22687,11771,19747,21372,24219,25079,27272,27924,16964,14674,19965,15201,3837,8506,19747,19747,14647,15544,19921,8760,15600,21074,6142,8644,29384,20284,17941,30026,20890,11541,22490,33309,6640,20044,24482,16119,8943,17175,20131,30325,17442,14439,18966,16956,16850,19747,17569
16697,7139,9131,12722,17044,5909,15637,11679,2928,6076,15140,1470,14493,7802,15308,18218,3764,16673,14037,5721,11778,9791,6274,9068,10072,6630,11045,13988,8905,4234,10074,11679,2150,1867,11267,3798,10074,3487,17567,15045,5522,9227,16274,6858,14736,6151,14473,4031,13013,12788,3608,11637,3454,14716,7031,3332,9566,18766,2820,11023,11262,6332,14194,12110,14592,11269,8280,7013,8812,9369,9058,9143,12099,7215,9499,10033,3768,17975,17636,14063,8839,3251,22491,21407,6746,8384,6399,4618,1939,7903,14670,8018,20818,14637,4626,6634,3453,6854,14775,9547,9729,13517,2131,11079,14460,8812,8905,7045,15893,8018,3485,16311,15689,13888,14536,6076,23269,6759,8775,6076,14369,18739,20385,0,14369,10074,14637,7139,6076,9026,8932,6645,14421,10839,11267,14631,8491,16492,7139,3532,5952,9087,10581,10380,8958,14610,5958,14963,7694,3660,14391,9105,3621,10065,7861,7139,1710,6898,13213,17475,8893,6933,4789,4462,4088,15308,14369,11271,20849,13959,13969,18286,16879,18708,6511,5424,9269,6385,14369,3660,3894,1201,14320,10270,10095,14686,4783,5287,16442,13219,10577,15589,3818,2235,9901,15415,11982,4211,3589,7702,3238,14584,5635,16723,6873,11267,13741,17829,16488,8018,7413,11958,13018,6324,3272,15308,7918,11267,11267,8633,3614,4640,9882,13226,14210,17626,10150,14493,15641,2822,23271,14962,7139,14392,23403,18125,6403,15235,1361,8560,1855,11650,23457,3130,5918,4787,3578,3472,11267,3621
21966,14919,21122,28106,2168,19624,4315,10515,14648,18860,9035,13409,25764,12331,21948,3231,16765,1894,10040,12129,10615,19906,14870,17911,16030,19930,8075,595,16114,18229,19282,10515,15676,13926,10103,19062,19385,15441,23498,1974,21447,12046,2036,14310,10787,12343,1027,17229,25345,25683,17100,10474,18293,4315,14640,15052,16649,4275,14918,9859,10098,14042,10787,12684,2362,10105,17432,13939,14846,8355,11877,20204,8150,20286,10156,8965,18827,4558,3632,663,17228,18086,11184,12184,16222,8436,15875,16569,14164,8717,10705,22254,8860,25863,16577,13384,16289,16239,10705,9509,8711,10009,15160,8293,4315,14930,13675,23324,1281,22384,16878,3093,4123,9892,10787,16635,8937,14140,9432,19469,25447,3755,24039,15837,0,18771,26005,16363,19627,9683,17139,9382,10009,18612,10103,4315,8260,10787,16363,16222,12016,21537,9417,9313,17337,10614,12569,752,15806,15380,1027,20713,18346,9787,15256,16363,13788,16196,10677,3879,14783,16157,19094,17390,16387,24101,23189,10107,4321,7817,27031,3840,4083,3794,15263,20806,17132,22611,22801,18635,16890,15564,4315,9202,20562,26465,18645,20946,1620,10677,9478,2251,15538,15930,10485,1623,10818,16162,16346,15250,17626,4315,12928,3840,16221,10103,7599,4558,1738,24100,20028,8516,25232,19672,16053,23691,9486,10103,10103,9290,18486,20761,16555,10670,1027,25777,20278,23505,4315,19876,12359,9880,16363,1751,12359,26871,19641,1085,14964,17733,15473,10487,11401,15214,12455,16738,16594,16635,10103,15341
27604,4502,891,18353,22392,11143,18795,12128,8390,5621,18337,7994,19802,15346,7257,20893,9129,19942,14555,6210,12227,475,4377,3297,2093,11976,11493,18229,4028,12305,0,12128,8922,7682,11715,8901,0,9183,9515,19934,10938,11910,20250,3517,16316,6862,18187,9376,18644,18419,8712,12086,8818,17377,4395,8794,1922,22094,10080,11472,11711,3789,17028,14374,19642,11717,3245,4377,3936,9817,11741,902,15903,12449,9947,10481,9053,20564,21252,20021,1471,8354,32111,27465,7040,7289,6693,10310,9194,6704,14220,13251,29531,19945,10318,4369,8818,4750,15862,9995,10178,15341,7946,15049,19196,3936,4028,12278,21058,13251,10108,20771,20697,16871,17544,5621,29834,3561,9223,5621,19678,19859,12333,8367,20689,0,19945,4502,5621,9474,1564,10898,17895,1509,11715,19708,7506,18367,4502,8487,6441,846,11029,10829,1589,14994,6233,17526,2943,9122,17807,864,9221,10513,3862,4502,8965,4707,13662,21051,4016,4668,11658,9807,9433,7257,19678,11719,22276,16834,19601,21363,20480,25015,3910,12069,1029,11619,19678,9045,9239,8731,17166,10718,350,19995,11768,11932,19667,13667,11025,20414,9280,9007,10349,19375,12430,9904,8109,3944,8602,17327,6412,21491,4732,11715,16463,20700,21774,13251,12165,15465,18649,11669,8636,7257,6092,11715,11715,9081,8979,11625,2239,13674,19809,9575,102,19802,18871,9454,29969,17369,4502,19546,27407,10074,11748,19112,8087,2894,9109,12099,27525,8956,6407,10480,8924,8817,11715,9083
18845,17556,18613,13396,24650,10162,25689,16988,14264,16251,24526,12806,186,14792,28179,25748,12426,24320,23255,13422,18685,19273,14670,14407,19554,7353,17307,23217,16873,7453,19555,18854,11580,12129,15954,10416,19555,11772,29883,26706,7115,15130,28109,14874,23598,15434,23688,9392,13688,13462,11736,17243,12116,26245,13891,14668,19048,30839,12059,17367,17832,15814,22949,16774,23763,18162,15017,14874,16279,17020,14240,18625,20551,7070,15183,18377,10535,27972,25196,23291,18321,11379,30880,30156,14377,18580,15276,11970,13275,17810,21923,9273,29616,0,11978,13600,12604,15886,24299,17797,18301,24694,12393,18545,26009,16145,16144,9557,23630,9273,7805,28133,27401,24137,23339,16251,32969,16241,17539,16251,831,28833,32701,12415,23595,19555,0,14275,16251,15777,18414,17707,23334,20321,18302,23809,20728,26301,14856,10529,13546,18569,19143,16911,18440,23434,15226,22799,17176,12287,25993,18586,12518,16970,15226,14565,13046,14113,20192,27604,15066,13985,7358,9075,9584,28179,831,18540,31008,23383,14644,28365,27005,30789,13456,8252,18751,9671,831,11788,9969,12167,25835,18493,19577,175,7352,8114,26584,20104,18447,27308,12445,11670,15928,24643,19929,11564,10587,13640,12211,26112,14964,25868,15518,16591,20702,27872,26624,9273,7084,18638,13692,7483,12245,28179,19170,16218,17419,16050,12042,7209,19364,22332,25820,29942,19632,186,25704,11139,32911,22551,16581,23550,32989,30441,7370,26960,12697,13270,13191,17002,29943,11306,13575,12140,9674,9567,15935,12248
25995,0,4571,13241,16098,9715,20870,10969,6448,4280,14429,6076,15712,14187,9643,16615,7700,15686,13326,3814,11068,5005,1174,3189,2787,10547,10334,17150,3025,10877,5287,10969,7493,5764,10556,7473,5287,7241,11901,15697,9509,10751,14384,979,14073,4465,17582,7948,16807,14778,7283,10927,7390,20870,108,6851,3042,16168,8138,10313,10552,1374,14073,10894,15430,10558,2400,643,2933,8658,10583,4583,11388,11020,5876,9322,7625,21113,14730,17218,3691,6926,23862,24216,1656,3261,2035,8368,7276,2672,13991,14737,21282,14147,8376,1165,7389,1547,13991,8836,9019,13295,6028,10368,20870,2933,3025,10850,13387,14874,8680,16500,20678,13178,14073,4280,23747,1600,6151,4280,15475,13930,14719,7403,18249,5287,15733,0,4280,8316,3598,7672,13295,4607,10556,20870,3442,14073,0,7058,4044,4527,9870,9670,3864,13900,3836,17306,2267,7179,17582,4544,7793,7377,1982,0,7047,1503,12503,20433,3013,1465,10230,8379,8005,9643,14207,10560,18020,13249,17763,14828,20638,16808,707,10641,3655,10190,15242,7617,7811,6813,20870,9560,5309,14626,10340,10503,13948,12508,7888,14695,7338,7578,6538,13519,11271,7962,6681,1822,7174,20870,4015,13570,1529,10556,13031,21113,14045,11823,10737,11248,16811,10241,7208,9643,2420,10556,10556,7922,7551,10197,2877,12515,17582,11961,5364,14382,20870,7512,21710,13166,0,13936,24201,12460,10320,13248,6169,3072,7191,10940,22102,7013,4010,8537,7496,7389,10556,7140
22898,4938,5869,16085,21238,9284,18100,10815,6321,0,17164,5925,17943,14033,12046,22015,5746,20830,13951,4515,10914,6529,4441,8950,6810,10117,10180,17293,6704,10447,6811,10815,7063,5259,10402,7043,6811,7114,14304,18873,9079,10597,21399,4657,15982,5166,17377,7518,16376,16151,6853,10773,5436,16804,4830,6725,6303,23637,8012,10158,10398,4131,16722,13061,18538,10404,6079,4812,6611,8504,10428,5880,11234,10590,8634,9168,5670,20049,18599,19025,5576,6496,30542,28863,4923,7413,4451,8242,7125,6812,13988,11392,28142,18087,8250,4433,5435,4814,15591,8682,8865,16442,5523,10214,18486,6611,6704,10419,19927,11392,8250,21852,19985,16242,15622,0,28452,4558,7910,0,17819,21261,17122,6509,17807,6811,18087,4938,0,8161,5669,9585,17460,7577,10402,17177,7614,17977,4938,6628,4745,5824,9716,9516,5695,14704,4538,16645,5493,7053,18804,5842,5838,9200,5660,4938,6896,4771,12349,20304,6692,4732,9767,7949,7575,12046,17819,10406,23831,15727,17333,20745,19716,24130,4310,10211,6007,9760,17819,5662,7381,6260,16543,9405,6833,18136,9910,10073,20539,12354,9712,21355,7211,7148,9036,20422,11117,7835,6250,5501,5220,18443,4716,20879,4796,10402,15315,18254,20626,11392,10307,11093,16381,9811,5254,12046,6339,10402,10402,7768,5596,9767,6620,12361,18899,14364,6887,17943,16477,7386,28554,16818,4938,20297,28766,14863,9889,18281,6018,7308,7041,10786,28877,6887,4711,8411,7065,6959,10402,7014
23435,8038,9798,18151,9981,11620,13790,3888,5576,7147,7350,5432,15652,7055,15975,11044,10666,9708,5228,2704,3987,10458,5139,9967,10739,12768,3255,10070,9804,12067,10741,3888,10293,7462,2087,10166,10741,6368,14420,9787,11232,3619,11434,7757,5962,2918,10502,10168,17962,18348,9977,3846,10356,13790,7930,5979,10233,13750,7266,2305,2082,7231,5962,5880,10176,2088,9179,7913,9712,1577,3450,9810,4309,12926,406,2241,10136,14033,13107,10138,9506,9619,19782,19756,5611,3706,5264,7496,6430,3471,5880,16105,17241,15644,7504,5482,9571,5720,5880,1704,1969,5184,7726,3289,13790,9712,9804,13575,9095,16251,10864,10921,13598,5080,5962,7147,19297,7658,251,7147,15393,13230,21052,6558,11169,10741,17388,8038,7147,0,9599,2658,5184,11506,2087,13790,3716,5962,8038,9242,2591,9754,2789,2589,9625,5789,3144,10227,8593,6307,10502,9772,10759,1477,8760,8038,6201,5763,5422,13354,9792,5786,12450,10599,10225,15975,15531,2091,13796,6169,17018,13315,13558,12893,7410,12861,9936,12096,15134,10028,10031,5967,13790,2479,10762,16174,12560,12723,9433,5427,1989,10065,6465,10384,639,10680,4190,7089,9300,8601,9355,13790,3503,13315,5738,2087,5951,14033,9551,15668,13123,4168,16180,12461,9389,15975,3936,2087,2087,393,10283,12417,10549,5434,10502,15767,10817,17398,13790,6640,19464,5068,8038,8705,17900,16871,12540,10560,5323,11238,6346,3859,18038,6141,3030,7665,9716,9609,2087,6268
27202,3550,973,18686,20618,11229,16921,12214,8476,5707,16780,8080,19888,15432,7590,21212,9215,20206,14571,6296,12313,1281,3425,2627,1140,12062,11579,16590,2452,12391,1564,12214,9008,7768,11801,8987,1564,9269,9848,20204,11024,11996,20481,2565,16085,6948,16517,9463,18978,18752,8798,12172,8905,17270,3443,8880,1056,20392,10167,11558,11797,2836,15130,14461,19899,11803,1688,3425,2360,9903,11828,985,12633,12535,10033,10567,9139,16940,17587,18206,93,8440,30503,25934,3925,6011,4271,10397,9280,5421,15236,13337,27837,20031,10405,3417,8904,3798,15236,10081,10264,13623,8032,11613,15718,2360,2452,12364,17493,13337,10195,21084,18824,14991,15646,5707,28136,2609,9310,5707,19764,18149,12666,8454,18890,1564,20031,3550,5707,9561,0,10984,15998,1523,11801,17846,6226,16469,3550,8573,6527,929,11115,10915,267,15145,6319,15874,1991,9208,17772,947,9307,10600,2910,3550,9051,3755,13748,19182,2440,3716,11745,9893,9520,7590,19764,11805,20574,15256,19934,19478,18614,23166,2958,12155,1103,11705,19764,9131,9325,8817,15465,10805,1586,20081,11855,12018,19898,13753,11111,18802,9366,9093,10435,17712,12516,9990,8195,2751,8689,15622,6498,17788,3780,11801,16424,17068,19999,13337,12251,12493,18982,11756,8723,7590,4834,11801,11801,9167,9065,11712,1372,13760,16307,9908,1640,19888,16999,9540,25664,15481,3550,19805,28536,10407,11834,17445,8173,1924,9196,12185,28675,9042,6493,10566,9010,8904,11801,9169
19330,8702,10462,19626,9329,12266,13138,3701,5673,10430,6698,5530,17506,3769,14496,10393,11330,9056,5595,3627,3800,11122,8205,10631,11403,13431,2603,9418,10468,13187,11404,3701,10939,8109,2751,10830,11404,6466,15855,9135,11878,2302,10782,8421,6342,3841,9850,10832,19469,19829,10640,3659,11020,13138,8594,6077,10896,13098,7364,2969,2746,7895,6342,3371,9524,2752,9843,8576,10376,1507,2133,10473,2872,13572,2348,708,10800,13382,12455,9487,10170,10283,17704,16012,8561,5333,8215,7594,6528,5184,6260,14787,15346,15934,7602,8197,10235,8578,6260,514,1867,5564,8373,2637,13138,10376,10468,13706,8443,14919,11511,10270,12947,5446,6342,10430,17220,8322,1744,10430,15605,12579,15775,6655,10517,11404,16066,8702,10430,1995,10263,0,5564,12170,2751,13138,5303,6342,8702,9889,3514,10418,2603,1056,10288,6168,4067,9575,9257,6405,9850,10435,11422,2141,9424,8702,6299,8535,6232,12702,10456,8496,13081,11263,10889,15874,15723,2754,13144,5517,18613,12663,12906,12242,8074,13525,10600,12742,16894,10692,10695,6065,13138,945,11426,18162,13224,13387,8781,6232,2653,9413,6563,11030,1969,10028,4003,7187,9946,9265,10833,13138,4426,12663,8560,2751,5299,13382,8899,14391,13621,2731,17556,13125,10867,14028,5707,2751,2751,1602,10946,13081,11213,6225,9850,17359,11481,17651,13138,6737,15736,5434,8702,8054,15948,18437,13204,9908,5421,11902,6444,3672,17706,6239,3953,7763,10380,10273,2751,6366
25656,11662,16876,23556,10304,19225,14113,4896,9990,15130,7672,9847,23201,10824,21484,11367,17234,10030,1824,7471,4537,17357,11165,13592,14915,19761,4587,10393,13428,20061,18559,4896,15393,14761,3957,18165,16960,13518,23620,10110,21041,7388,11757,11381,798,7685,10825,16585,23353,26150,16227,4854,15591,14113,11555,10394,15276,14073,14178,4753,3953,10855,798,8052,10498,3959,12803,11537,13336,3753,7219,17523,5834,20162,5498,4413,16119,14356,13430,10461,16061,17264,16819,14248,11521,5380,11175,11911,15214,5841,716,22146,14929,25572,11919,11157,15111,11538,716,4957,5223,0,14618,4815,14113,13336,13428,23249,9417,24555,16900,11244,13921,1675,798,14673,15139,11282,4774,15630,25280,13553,19448,15894,11492,16236,25718,11662,15842,5025,14516,4830,0,15718,3957,14113,5164,798,11662,17544,7358,17399,3271,4761,16263,625,7911,10549,12217,10722,10825,18221,15505,4334,12384,11662,13406,11495,1969,13676,13416,11456,18975,16841,16046,21422,25428,3961,14119,6454,24701,13638,13881,13514,11034,20457,16323,20153,24990,15975,16311,13810,14113,4651,16053,23734,20319,20603,9756,1969,4444,10387,10880,17257,5827,11003,3213,11504,15778,12225,14831,14113,8270,13638,11520,3957,6236,14356,9874,23970,21930,5694,25602,19495,16474,19086,6606,3957,3957,4632,17345,20621,15026,1962,10825,23483,15885,25717,14113,13730,14060,1663,11662,9028,14420,24595,21492,10882,13290,14862,15068,4867,14653,10556,7797,12080,17827,17826,3957,10683
26129,5261,1649,18702,22271,11901,16679,12886,9148,6379,20207,8752,20560,16104,8717,20690,9887,21859,15637,6968,12985,2871,7326,4217,2851,12734,12252,19898,4647,13064,3154,12886,9709,8440,12474,9659,3154,9941,10975,19838,11696,12668,22034,4276,15759,7620,17924,10135,18993,18768,9470,12844,9577,16962,5153,9552,2646,21700,10839,12230,12469,4547,16386,15133,21579,12475,3808,5135,4555,10576,12500,1660,14489,13207,10705,11239,9630,18166,20860,19804,1919,9113,32277,27501,7798,6714,7452,11069,9952,6153,13623,14009,29559,20704,11077,7686,9576,7907,13800,10753,10936,16367,8704,13627,18790,4555,4647,13036,20929,14009,10867,22689,18402,14910,16908,6379,29855,4320,9982,6379,20436,21409,13793,9126,20513,3154,20704,5261,6379,10233,2012,11656,17323,0,12474,17550,6937,17764,5261,9245,7199,1605,11787,11587,2038,15817,6991,19086,3702,9880,17504,1622,9979,11272,4621,5261,9723,7950,14420,20656,4635,7985,12417,10565,10192,8717,20436,12478,24120,18509,19950,18947,18237,22402,4669,12827,1787,12377,20436,9803,9997,8877,18501,11477,3176,20753,12527,12690,19550,14425,11783,20298,10038,9794,11107,19130,13188,10662,8867,4461,9361,16927,7170,19059,7925,12474,18136,20200,21653,14009,12923,15474,18998,12428,9395,8717,5478,12474,12474,9840,9737,12384,2962,14432,17723,11035,3230,20560,18468,10212,30017,16876,5261,21496,27468,11534,12506,20783,8845,3651,9868,12857,27600,9714,7165,11238,9682,9576,12474,9841
22464,8546,10306,16785,10647,12442,14456,3524,6874,10274,8016,9035,16503,7708,16483,11711,11174,10374,4865,4355,3623,10966,8049,10475,11247,13275,3921,10736,10312,13605,11248,3524,10221,8115,0,10674,11248,7667,14692,10453,11885,4272,12100,8265,5599,4568,11168,10676,18293,18693,10484,3482,10864,14456,8438,7278,10740,14416,8564,543,5,7739,5599,7315,10842,0,9687,8420,10219,2279,4103,10317,5002,14919,2381,2939,10644,14700,13773,10805,10014,10127,20205,18216,8531,2818,8059,8794,7729,2641,5517,17072,17521,16473,8802,8041,10078,8422,5517,2356,1709,4821,8379,3955,14456,10219,10312,15952,9761,15621,11517,11588,14265,4716,5599,10274,19595,8166,1658,10274,17912,13896,21560,9667,11835,11248,16605,8546,10274,1909,10107,4093,4821,12014,0,14456,2813,5599,8546,9895,4241,10262,2715,3287,10132,5425,4795,10893,9101,7606,11168,10279,11266,1218,9268,8546,7500,8379,5058,14020,10300,8340,12958,11107,10733,16483,18072,0,14462,6835,15696,13981,14224,13560,7918,13369,10444,14804,17636,10536,10539,9418,14456,3176,11270,18731,13068,13231,10099,5064,1729,10731,7764,11036,2711,11346,3827,8388,9882,9108,9863,14456,5154,13981,8404,0,6617,14700,10217,15094,13273,4862,18160,12969,9897,16483,3191,4,0,1516,10790,12925,11057,5071,11168,14572,11325,18335,14456,7938,17960,4704,8546,9372,18223,17172,13048,11226,6622,11745,7644,3495,18378,7440,4680,8964,10223,10117,3,7567
26370,20619,20274,27485,6149,21761,0,14772,18905,16466,13292,13517,26042,16229,23278,4294,18201,5876,14296,16386,14871,19019,20006,14977,16675,20159,12331,4184,14640,20398,18440,14772,15803,15328,14359,17197,20448,14907,25201,5956,19592,16302,2836,14653,15044,16599,3589,17209,27287,27680,18706,14730,16401,0,20511,19308,17214,3258,14059,14116,14355,19812,15044,15831,6344,14361,16172,20493,14967,12611,16134,19273,12407,22637,14412,13221,18640,848,683,3968,17928,18000,15331,14908,20478,7152,20132,20825,14230,7521,14961,22530,11850,23678,20833,20114,17643,20587,14961,13765,12967,14266,13753,12549,0,15076,22385,23639,5538,24977,17163,3892,191,14148,15044,17626,11927,20239,13688,17000,25735,964,23175,16126,4256,17881,26242,20619,18932,13939,16192,13638,14266,19343,14359,0,6954,15044,20619,18017,16272,20769,13673,13569,18088,14870,16825,3880,14771,19636,3589,18034,16387,14517,15557,20619,15252,20452,14933,436,14851,20413,21314,19196,16498,21051,23467,14363,3303,12073,26315,954,232,3761,19991,20972,17995,20660,25428,18460,16896,15662,0,13459,17733,24221,20768,21116,5602,14933,13734,6233,19795,17707,14741,3468,15074,20419,16351,15581,17321,0,17184,954,20605,14359,11855,848,5719,24396,20275,12773,24640,19895,17417,20687,8301,14359,14359,13546,18257,19075,15460,14927,3589,25072,17515,23760,0,13656,15083,14136,20619,6032,15083,26180,21911,3185,13666,16515,15540,14743,14125,19470,16711,20994,16671,16693,14359,19597
28855,2628,8118,17442,9556,16356,6212,2873,7139,7113,8662,7466,20692,7501,9917,9589,8162,9292,4509,4524,2106,8308,4166,4746,5632,17183,4559,7814,3458,15819,7995,3125,8774,7311,2421,8997,8093,8287,15284,9343,14752,7092,8918,4208,5122,4569,7431,9215,17209,19396,8777,3001,8240,6307,3740,7351,5660,9824,8918,3268,3394,4318,4420,7155,9284,2120,4787,4112,3799,4404,6886,7328,6483,17645,3255,4865,8625,7016,7879,7677,6246,8520,22551,20276,3357,224,3812,7615,7722,808,3482,19685,21564,18678,7536,3952,7774,2217,3623,4987,4291,4597,7276,5585,6492,3895,2603,16930,8674,19825,13270,9572,7445,4902,4780,6818,19796,4418,4018,7416,18552,8058,9934,8491,8260,7506,18807,3442,7614,3716,6226,5303,5164,6937,2813,6954,0,5403,3020,9089,4501,8585,3560,4621,6423,3109,3061,7187,5088,7429,7007,7890,8065,3536,4421,3230,7467,3557,1837,7739,3644,3656,16462,9470,9138,9890,18715,2161,9965,7476,16202,7704,7412,13999,4118,15798,6638,17336,20205,8556,9094,7774,6273,4646,7335,19164,14346,15936,9069,2299,4262,9599,7436,8953,4287,8340,1701,7945,8757,4498,7607,6319,4036,7776,3575,2991,7395,7210,9160,17480,17370,5984,18824,16908,7731,9643,1477,2881,2561,4064,8309,14689,5419,2200,7330,15154,7268,20834,6293,8562,22096,5040,2849,9309,20358,17793,15385,8118,7492,5077,7637,2687,20551,8129,4329,7572,9149,9111,2484,7577
26130,12446,19091,26464,11088,19754,14896,5679,10774,15600,8456,13707,23732,11608,21954,12151,17797,10814,2607,8255,5321,19598,11949,13332,15401,20295,5371,11177,14212,20654,19037,5679,17556,15349,4741,18739,17395,15501,24116,10894,21625,8172,12540,12165,0,8469,11609,17110,26238,26650,18457,5637,17752,14896,12338,11178,15735,14856,16228,5537,4736,11639,0,8835,11282,4743,13587,12320,14120,4537,8003,16335,6618,22811,6282,5197,16635,15140,14214,11245,14997,16187,18603,14264,12305,5622,11959,12695,15805,6104,82,24997,13566,26155,12703,11941,17216,12322,77,5741,6006,804,15207,5598,14896,14120,14212,21629,10201,22812,19221,12028,14705,2459,0,15145,15151,12066,5558,16095,23469,14337,19882,14963,12276,16664,23863,12446,16310,5809,14943,5614,804,16117,4741,14896,5403,0,12446,18133,8142,19676,4055,5545,15185,173,8695,11333,14826,11506,11609,18715,16015,5118,13168,12446,13943,12279,2753,14460,14200,12240,19510,19144,16580,19865,23604,4745,14902,7238,25192,14422,14665,14298,11818,21043,15259,20682,23206,18177,18559,15814,14896,5435,18160,24262,20908,21189,10540,2753,5228,11171,11664,17848,6611,11786,3996,12288,16307,13009,15342,14896,9054,14422,12304,4741,7020,15140,10658,22282,20432,6478,26100,20029,15459,21510,6860,4741,4741,5416,16251,21212,14039,2746,11609,21756,17983,26303,14896,15735,15524,2447,12446,9812,15929,22764,20034,11666,13828,13564,14208,5650,14692,14991,8580,12864,18413,18411,4741,11467
26487,0,4571,15067,15933,9715,20870,10969,6448,4280,14429,6076,16355,14187,9643,14871,7700,15523,13326,3814,11068,5005,1174,3189,2787,10547,10334,17150,3025,10877,5287,10969,7493,5764,10556,7473,5287,7241,11901,15542,9509,10751,15597,979,14073,4465,17582,7948,13454,13835,7283,10927,7390,20870,108,6851,3042,17482,8138,10313,10552,1374,14073,10894,15297,10558,2400,643,2933,8658,10583,4583,11388,11020,5876,9322,7625,21113,20187,17218,3691,6926,23829,24119,1656,2833,2035,8368,7276,2240,13991,13959,21189,16233,8376,1165,7389,1547,13991,8836,9019,13295,6028,10368,20870,2933,3025,10850,13238,14084,8680,14777,20678,13178,14073,4280,21449,1600,6151,4280,16120,14991,14719,7403,18249,5287,16373,0,4280,8316,3598,7672,13295,4607,10556,20870,3020,14073,0,7058,4044,4527,9870,9670,3864,13900,3836,17306,2267,7179,17582,4544,7793,7377,1982,0,7047,1503,12503,20433,3013,1465,10230,8379,8005,9643,14793,10560,17684,13249,17763,20395,20638,16554,707,10641,3655,10190,14416,7617,7811,6813,20870,9560,5309,15206,10340,10503,15206,12508,7888,16028,7338,7578,6538,14653,11271,7962,6681,1822,7174,20870,4015,13239,1529,10556,13031,21113,15318,14974,10737,11248,13328,10241,7208,9643,1974,10556,10556,7922,7551,10197,2877,12515,17582,11961,5364,14966,20870,7512,23835,13166,0,15241,21882,12460,10320,17639,6169,3072,7191,10940,22033,7013,4010,8537,7496,7389,10556,7140
19353,7425,11803,10110,17369,3310,17461,14351,4329,6987,15011,2870,11969,12183,17980,18396,4316,17027,13656,8393,14450,12463,6928,9355,8500,3853,13717,17436,9191,2204,12745,14351,1572,5319,10961,3365,12745,5122,20239,16951,3105,8877,19947,7144,17856,8823,17907,2341,10402,10176,3547,14309,4006,18020,7318,4732,12237,22634,4990,13695,10956,6618,17185,11760,16509,10962,8566,7300,9099,12041,8708,11814,14771,4616,12170,12704,3484,17921,17738,15879,11511,2561,24470,23391,7284,8953,6938,6249,3340,8419,16118,5418,22801,12112,6257,6920,4494,7301,14735,9065,12401,16527,5583,13751,16133,9099,9191,4445,16302,5418,1404,20044,17397,14453,17595,6987,23094,7045,11447,6987,11845,20605,23057,2480,17879,12745,12112,7425,6987,11698,11604,9090,15918,13511,10961,16347,9089,16452,7425,0,8624,11759,13253,13052,11629,15397,8630,16938,7980,5060,17773,11776,4408,10351,8147,7425,3111,7258,15885,19383,9179,7219,3267,2024,2773,17980,11845,10965,20692,13870,11358,18270,18783,20552,6797,3903,11941,3786,11845,3778,2465,2603,15975,12942,12767,12162,3261,3765,18528,15890,10863,17493,5219,1663,12573,17229,14654,5843,1769,7988,3393,17885,8306,20282,7283,10961,13369,19645,16856,5418,4043,14630,10406,3738,3427,17980,8297,10961,10961,11305,3932,3118,12554,15897,15987,20298,12822,11969,17475,4992,23098,15113,7425,17983,25591,20797,3626,17037,2762,8847,3255,14322,23268,4894,8590,6418,2511,2404,10961,5021
20810,4026,7604,14174,12314,8839,16122,6116,4241,5033,9682,4097,14816,9160,13781,14896,6044,12040,8579,202,6215,8264,3025,5970,5301,9672,5587,12403,5807,10002,8546,6116,5929,3947,4419,6597,8546,5034,16039,12120,8417,5724,13766,3760,9326,804,12835,7073,15442,14354,6408,6074,5733,16122,3918,4645,5555,15106,5931,4638,4415,3418,9326,7327,12508,4421,5182,3901,5714,3910,5556,7615,6641,10145,2308,4598,5968,16366,15440,12471,7311,6051,23760,21895,3497,4405,3150,6161,5096,3958,9244,10947,21157,13413,6169,3322,5733,3606,9244,3955,4301,8548,4211,5621,16122,5714,5807,9974,11427,10947,8050,14730,15931,8431,9326,5033,19472,3845,2584,5033,17265,15563,18857,5223,13502,8546,14929,4026,5033,3176,7404,4105,8548,9312,4419,16122,4501,9326,4026,6428,0,7559,5122,4946,7430,9153,642,12559,4781,4973,12835,7577,6136,3810,4763,4026,4867,3649,7650,15686,5795,3672,9355,7503,7130,13781,14699,4423,15278,8502,16888,15648,15891,17043,3598,9765,7742,9315,17265,5960,6935,4632,16122,4836,8568,13936,9465,9628,11766,7656,4321,12397,5131,6014,2971,13012,6419,5755,5805,4603,5518,16122,1096,15648,3624,4419,8284,16366,11883,10947,9861,6501,13896,9366,5551,13781,4100,4419,4419,2726,5894,9322,5452,7662,12835,16099,8622,13575,16122,5305,19591,8419,4026,11038,21830,16597,9444,12892,3989,5647,5011,6087,19925,4806,528,6330,6620,6514,4419,4934
26533,4178,67,18841,23167,10821,18065,11806,8069,5299,20864,7673,19481,15025,7745,21700,8807,20648,17172,5889,11905,1789,4053,3134,1768,11654,11172,20964,3621,11984,2071,11806,8600,7361,11394,8580,2071,8862,10003,20625,10616,11589,21121,3193,19305,6540,21023,9055,19133,18907,8390,11764,8497,20311,4070,8472,1563,23101,9759,11150,11389,3464,18383,14053,22370,11396,2782,4052,3528,9496,11420,78,16517,12127,9626,10160,8732,21801,20262,20921,836,8033,32501,30821,4553,8374,6372,9989,8872,7777,15473,12930,30100,19624,9997,4045,8496,4426,15637,9674,9856,18168,7625,14322,18421,3528,3621,11957,19826,12930,9787,23760,19783,16356,18890,5299,30410,3237,8902,5299,19357,20917,12822,9000,19541,2071,19624,4178,5299,9153,929,10577,19176,2030,11394,18844,8585,17852,4178,8165,6119,0,10708,10507,955,14838,5912,18359,2619,8800,20655,0,8900,10192,3538,4178,8644,4383,14738,20083,3608,4344,11337,9486,9112,7745,19357,11398,23279,17484,20089,20445,21550,23593,3586,11748,704,11297,19357,8724,8918,8409,18184,10397,2093,19673,11447,11610,22464,14969,10704,23282,8959,8685,10028,20237,12109,9583,7788,3378,8281,20241,6090,22667,4408,11394,17078,21895,22553,12930,11844,16151,19137,11348,8315,7745,7223,11394,11394,8760,8658,11304,1880,15027,20773,10063,2147,19481,19976,9133,30513,16855,4178,22239,27877,10562,11427,19984,7765,2431,8788,11777,27979,8634,6085,10158,8602,8496,11394,8761
24013,8391,10151,18065,9718,14614,13527,2017,6719,10119,7087,8880,18996,7553,15788,10781,11019,9445,3357,4200,2116,10811,7894,10320,11092,15207,2992,9807,10157,13450,11093,2017,10066,7960,686,10519,11093,7512,16001,9524,11730,4117,11171,8110,4092,4413,10239,10521,17888,18243,10329,1975,10709,13527,8283,7123,10585,13487,8409,904,681,7584,4092,5649,9913,688,9532,8265,10064,1350,3948,10162,4046,14201,2226,2010,10489,13770,12844,9875,9859,9972,18668,18381,8376,3625,7904,8640,7574,3592,4009,17836,17615,18997,8648,7886,9924,8267,4009,2202,1324,3314,8224,3026,13527,10064,10157,16680,8832,16315,11362,10658,13335,3209,4092,10119,16241,8011,1503,10119,16971,12967,14208,9512,10906,11093,17369,8391,10119,1754,9952,2427,3314,11859,686,13527,3560,4092,8391,9740,4087,10107,0,2358,9977,3918,4640,9964,8946,7451,10239,10124,11111,844,9113,8391,7345,8224,3551,13091,10145,8185,12803,10952,10578,15704,17106,690,13533,5906,17016,13052,13295,12662,7763,13214,10289,15637,16709,10381,10384,9264,13527,2247,11115,19584,12913,13076,9170,3556,1172,9802,7609,10881,2556,10417,2320,8233,9798,8954,9708,13527,4999,13052,8249,686,5688,13770,9288,17398,15360,3932,19586,13533,9742,13880,4231,686,686,1361,10635,12770,10902,3563,10239,15884,11170,17367,13527,7783,16421,3197,8391,8442,18386,16889,14922,10297,6467,11591,7489,1988,18557,7285,4525,8809,10069,9962,686,7412
22487,8801,10561,18233,9260,12365,13069,3632,6480,10529,6629,6337,18457,4676,14724,10323,11429,8987,5525,4540,3731,11221,8304,10730,11502,14638,2534,9349,10567,13860,11503,3632,11038,8208,2850,10929,11503,7273,16228,9066,11977,4364,10713,8520,6273,4754,9781,10931,18076,18415,10740,3590,11119,13069,8693,6884,10995,13029,8171,3068,2845,7994,6273,4278,9455,2851,9942,8675,10475,1438,4196,10572,3141,13671,2567,446,10899,13312,12386,9417,10269,10382,19581,15919,8786,4675,8314,8401,7335,4597,6190,15663,16794,18493,8409,8296,10334,8677,6190,1183,1798,5495,8472,2568,13069,10475,10567,14592,8374,17410,11610,10200,12877,5377,6273,10529,15507,8421,1843,10529,18156,12509,14570,7463,10448,11503,18638,8801,10529,2094,10362,1056,5495,12269,2850,13069,4621,6273,8801,9988,4427,10517,2533,0,10387,6099,4980,9506,9356,7212,9781,10534,11521,2240,9523,8801,7106,8634,6162,12632,10555,8595,13213,11362,10988,14638,18293,2854,13075,5448,19019,12594,12837,12204,8173,13624,10699,13746,17855,10791,10794,6872,13069,107,11525,19089,13323,13486,8712,6162,2752,9344,7370,11129,2804,9959,3934,7994,10045,9364,10118,13069,5339,12594,8659,2850,5230,13312,8830,15266,14776,3000,19798,13224,10152,15722,5190,2850,2850,1701,11046,13180,11312,6156,9781,16118,11580,18603,13069,7544,15652,5365,8801,7984,17512,18858,13303,9839,6228,12001,7251,3603,16025,7046,4865,8570,10479,10372,2850,7173
27141,3817,999,18711,20828,11254,17169,12239,8502,5732,16955,8106,19913,15458,7616,19449,9240,20416,14597,6322,12338,1307,3692,2653,1407,12087,11605,18506,2821,12417,1589,12239,9063,7793,11235,9013,1589,9295,9874,20412,11049,12022,20713,2832,14837,6546,16729,9488,19003,18778,8823,12197,8930,15898,3709,8905,925,20618,10192,11583,11230,3103,15401,14486,18238,11236,2057,3691,2729,9929,11853,1010,12659,12560,10059,10593,8983,17177,19629,16721,174,8466,30669,28770,4192,6208,4538,10422,9305,5617,15262,13363,25427,20057,10430,3684,8929,4065,15262,10107,10289,15277,8057,11639,17571,2729,2821,12390,17684,13363,10220,21306,17304,13829,15916,5732,25699,2876,9335,5732,19790,20257,12692,8479,19108,1589,20057,3817,5732,9586,267,11010,14756,1549,11235,16412,6423,16737,3817,8598,6552,955,11141,10940,0,15170,6345,16079,2258,9233,18011,972,9333,10625,3177,3817,9077,4022,13773,19428,2809,3983,11770,9919,9545,7616,19790,11239,20800,17014,19959,17904,18858,21233,3225,12181,1137,11730,19790,9157,9351,8842,17294,10830,1611,20106,11880,12043,18245,13779,11137,18993,9392,9148,10461,19752,12542,10016,8221,3017,8714,17469,6523,19861,4047,11235,16617,19069,20210,13363,12277,12518,19007,11781,8748,7616,5033,11235,11235,9193,9091,11737,1398,13785,16517,9933,1666,19913,15647,9566,25832,15738,3817,20004,28718,10432,11860,19459,8198,1949,9221,12210,28855,9067,6518,10591,9035,8929,11235,9194
25480,12273,14289,23140,10914,18917,14723,5506,10601,13926,8283,10457,21160,11434,18577,11977,13392,10641,2434,8082,5148,14715,11776,14202,15235,17775,5198,11003,14039,16302,14220,5506,13469,11842,4568,15791,15809,11394,18856,10720,17043,7998,12367,11992,173,8295,11435,14489,20783,23324,14058,5464,14758,14723,12165,11005,14467,14683,12291,5364,4563,11465,173,8662,11109,4569,13414,12147,13946,4364,7830,13289,6445,20044,6108,5024,13921,14967,14040,11072,13741,13554,18922,16494,12132,3323,11785,12521,14254,3780,91,20144,15784,21129,12529,11768,13805,12149,91,6083,5833,631,12106,5425,14723,13946,14039,19123,10028,20276,15053,11855,14532,2286,173,13926,17631,11892,5385,13926,23044,14163,18546,13394,12102,13604,21261,12273,13341,5636,13834,5441,631,15741,4568,14723,3109,173,12273,13969,7968,16354,3882,5372,13859,0,8522,11160,12828,11333,11435,15379,14614,4725,12995,12273,14025,12106,2579,14287,14026,12067,17023,14775,15518,18520,23204,4572,14729,7065,21847,14248,14491,13858,11645,18233,14171,18088,22768,15199,15702,13145,14723,5261,14781,21650,18142,18378,10366,2579,5054,10998,11491,15133,6438,11613,3823,12115,15135,12835,13590,14723,8880,14248,12131,4568,6847,14967,10484,19749,17923,6304,20657,17512,13624,18139,4545,4568,4568,5242,13522,18473,14784,2572,11435,18730,13260,23467,14723,11665,16284,2274,12273,9638,16619,21752,17529,11493,10349,15472,14169,5477,18551,11166,8407,12690,14174,14157,4568,11294
22450,3818,7713,15133,12836,8948,16645,6639,4740,5297,10205,4368,16696,9683,13890,13900,6125,12563,9102,436,6738,8373,2817,5762,5093,9781,6110,12925,5599,10111,8655,6639,5950,4056,4942,6707,8655,5533,16148,12642,8212,6247,14289,3552,9849,596,13358,7182,16469,16870,6517,6597,5815,16645,3711,5144,8147,15541,6430,5161,4937,3211,9849,7850,13031,4944,4974,3693,5507,4433,6079,7724,7164,10254,2831,5121,6049,16889,15962,12994,7420,6160,23805,21710,3289,2973,2943,6660,5568,2559,9767,14169,20950,15094,6668,3114,5814,3398,9767,4478,4824,9071,4320,6144,16645,5507,5599,10083,11950,15760,7845,13777,16454,8954,9849,5297,21241,3638,3106,5297,14906,16086,18966,5626,14025,8655,16782,3818,5297,3699,7514,4627,9071,9421,4942,16645,3061,9849,3818,6223,642,7669,5645,5469,7539,9676,0,13082,4573,5472,13358,7686,6217,4333,4555,3818,5339,3441,8173,16209,5587,3464,9464,7613,7239,13890,16597,4946,14279,9024,14038,16171,16414,14651,3390,9875,7851,9424,14667,6041,7045,5105,16645,5359,8677,15606,9574,9737,12289,8179,4844,12920,5630,6035,3494,13535,6942,6254,5914,4396,5599,16645,511,16171,3416,4942,8806,16889,12406,13778,9971,7023,16336,9475,5633,13890,2817,4942,4942,3249,5975,9431,5244,8185,13358,16208,8732,15279,16645,5804,19436,8941,3818,11561,19685,15346,9553,13415,4461,5439,5484,6610,19829,5306,130,6830,6729,6623,4942,5433
22334,17680,17957,26864,3485,18776,3938,11833,20650,17571,10353,19192,22598,13649,22844,3311,17354,3212,11358,13447,11932,20570,17183,14901,14776,19135,9393,304,13255,19239,18052,11833,16336,18515,11421,16342,20013,16759,24626,3291,20519,13364,1660,17399,12105,13660,367,16311,24209,27062,16133,11791,15600,3938,17573,21054,15360,3898,21192,11177,11416,16873,12105,13997,3680,11423,14496,17555,14875,9672,13195,18846,9468,19504,11473,10283,16097,4182,3255,88,17589,17043,12501,13236,17539,7365,17193,17671,14632,7654,12023,21487,10177,22668,17679,17175,15255,17556,12023,10827,10028,11327,18779,9611,3938,14971,19446,22482,2599,21618,17750,2909,3747,11209,12105,15465,10255,17300,10750,18175,24594,3379,20603,13576,1318,19316,25128,17680,18345,11001,17496,10700,11327,17317,11421,3938,7187,12105,17680,15368,13333,20234,10735,10630,17721,11932,13887,0,14514,21382,367,17589,15622,11105,15359,17680,19432,17513,11995,3502,13424,17474,18306,16493,15527,20649,22424,11425,3944,9135,23367,3464,3707,3613,17052,19886,15910,19681,22031,17554,17615,13243,3938,10520,19179,23214,19654,18172,2937,11995,10796,3569,21540,16621,11803,1438,12136,17264,17014,15360,16488,3938,14246,3464,17538,11421,8917,4182,3055,23249,19242,9834,26556,18874,16567,20279,8425,11421,11421,10608,15771,18044,16806,11988,367,24502,17154,25051,3938,21194,13411,11197,17680,3069,13411,25602,20777,708,19083,14779,19577,11804,12453,16532,13772,17840,15718,17360,11421,21343
24650,2391,2622,18991,19180,10341,15337,11436,7276,4906,15547,6905,19000,14655,7895,19714,8327,17028,12777,4642,11535,2930,2266,1798,908,11174,10971,15248,1763,11503,3212,11436,8149,6592,11024,8099,3212,8069,10154,18775,10136,11219,18953,1710,13511,4866,15129,8575,19283,19057,7910,11394,8017,15669,2284,7680,1151,20883,8967,10780,11019,1677,13511,11722,16780,11026,653,2266,1671,9126,11050,2634,11856,11647,6704,9790,8069,17043,16157,15164,1742,7552,26543,24719,2766,4874,3112,9197,8104,4282,13429,12449,26490,19143,9205,2258,8016,2639,13429,9303,9484,12733,6856,10836,15742,1671,1763,11476,16184,12449,9307,17781,15641,12628,13511,4906,24301,1450,8532,4906,18876,18395,12972,7566,17421,3212,19143,2391,4906,8783,1649,8500,12733,2859,11024,16281,5088,13451,2391,7685,4873,2578,10338,10137,1915,13337,4665,15997,0,8008,16221,2595,8419,9822,1563,2391,7876,2596,12970,15973,1751,2557,10856,9005,8632,7895,18876,11028,21085,15430,20239,17869,17043,21619,1799,11267,1776,10817,18876,8243,8437,7317,14025,10027,3234,19193,10966,11130,16745,12976,10334,19280,8166,8234,7367,18000,11739,8790,7307,1404,7801,14175,4844,16327,2621,11024,15066,15603,16841,12449,11363,11715,19287,10868,7834,7895,3712,11024,11024,8390,8177,10824,1130,12982,16450,10213,3289,19000,15418,8340,26952,12616,2391,18415,27216,10712,10946,17701,6997,1325,8020,11407,27366,7842,4839,9366,8122,8016,11024,7969
18383,7354,9331,16493,15473,8490,19282,9551,1157,6916,12842,2534,11951,5711,15508,15130,6345,15200,10891,5090,9650,9991,6474,9284,10272,7422,8916,15563,9120,6281,10274,9551,4365,3729,7807,6609,10274,1399,13255,15280,8102,7978,13492,7073,11626,5624,15995,6611,14875,15151,6420,9509,6034,19282,7247,664,9766,16016,2296,8025,7802,6547,11626,6790,15668,7809,8495,7229,9028,7241,7810,9343,9020,9796,5859,6852,6579,13707,14638,15631,9039,6062,19922,18714,6946,7370,6599,2526,3532,6993,11543,10598,19961,12094,2534,6849,6033,7054,11543,6209,7599,10848,3993,8781,19282,9028,9120,9625,14587,10598,5701,14887,19091,10743,11626,6916,20283,6974,6134,6916,11827,14319,20585,3660,16662,10274,12094,7354,6916,7051,9132,6358,10848,11039,7807,19282,7429,11626,7354,6112,4957,9287,8453,7200,9158,11452,5431,15719,7909,0,15995,9305,6437,7197,8076,7354,3303,7187,11085,18846,9108,7148,6835,7042,6668,15508,11827,7811,17814,11662,14270,15343,19051,17541,6726,7471,9469,8966,11827,6471,6474,3069,19282,7089,10295,12143,6830,7334,14926,11090,7709,15557,151,4450,6521,16172,9853,2120,6170,7917,5818,19282,5107,14054,7072,7807,11444,13539,15043,10598,7611,8879,14785,7307,5852,15508,7209,7807,7807,6276,6195,6687,10082,11097,15995,17826,10350,11951,19282,1670,18423,10731,7354,14198,20456,15506,7194,16052,2425,8776,3448,9522,20524,1171,5559,2695,6159,6052,7807,35
25960,17390,18302,24817,3195,21521,3648,11543,20360,16351,10063,13293,25788,13359,23189,3020,18011,2921,11067,13156,11642,20881,16893,14966,16591,21965,9102,672,13281,20136,20234,11543,15581,13701,11130,17005,20357,14623,22755,3001,21352,13073,1369,14587,11814,13370,0,17007,27159,27549,16784,11501,17879,3648,17282,20763,15565,3608,15197,10886,11126,16582,11814,13706,3389,11132,14638,17264,13565,9382,12904,17404,9177,20306,11183,9992,16729,3891,2965,455,17857,16136,13696,13211,17249,7201,16903,17380,15445,7552,11732,22296,9887,25848,17388,16885,15839,17266,11732,10536,9738,11036,14927,9320,3648,15057,19156,23379,2308,22428,16924,2618,3456,10919,11814,15876,9965,17010,10459,16889,23118,3088,23077,15861,1027,19626,23583,17390,17061,10710,16125,10409,11036,19292,11130,3648,7007,11814,17390,16126,13043,18740,10444,10340,16341,11641,13596,367,14718,21091,0,19771,17873,10815,14078,17390,15014,17223,11704,3211,13467,17184,21058,18967,17942,23110,23233,11134,3654,8844,26197,3173,3416,3323,16762,20728,17896,22529,25172,18257,18396,15420,3648,10229,17664,26448,20517,20872,2647,11704,10505,3278,21249,17462,11512,1147,11845,16974,16145,15536,15546,3648,13955,3173,17248,11130,8626,3891,2765,21901,20043,9543,27030,21675,17227,22707,8331,11130,11130,10317,16387,18843,15417,11697,0,22638,17440,23529,3648,14759,13386,10907,17390,2778,13386,26058,21656,418,13446,16469,15301,11514,12428,16241,13482,17549,16456,16481,11130,21052
26640,4195,84,18858,20296,10839,19001,11824,8086,5317,20109,7690,19498,15042,7763,20941,8825,19924,14749,5906,11923,1806,4070,3152,1785,11672,11189,18265,3638,12001,2088,11824,8647,7378,11411,8597,2088,8879,10021,21940,10634,11606,20340,3210,18340,6130,18287,9073,19150,18925,8408,11782,8515,17592,4088,8490,1580,22279,9776,11168,11407,3482,17411,14070,19590,11413,2799,4070,3546,9513,11437,96,14310,12145,9643,10177,8567,18925,19447,18218,854,8050,31858,30113,4570,7678,6389,10007,8890,7083,14585,12947,26660,19641,10015,4062,8514,4443,16258,9691,9874,15622,7642,13605,19395,3546,3638,11974,19096,12947,9805,22931,18961,17104,17919,5317,26939,3254,8920,5317,19374,20080,12839,9017,18793,2088,19641,4195,5317,9171,947,10594,16532,2048,11411,19876,7890,16980,4195,8183,6137,0,10725,10525,972,13953,5929,19386,2636,8818,17938,0,8917,10210,3555,4195,8661,4400,13358,21235,3626,4361,11354,9503,9130,7763,19374,11415,24753,16777,20106,19607,20655,25135,3603,11765,722,11315,19374,8741,8935,8427,17357,10414,2110,19691,11464,11628,21662,13363,10721,20398,8976,8732,10045,21447,12126,9600,7805,3396,8299,17532,6108,21741,4425,11411,16383,19021,21754,12947,11861,15379,19154,11366,8332,7763,6523,11411,11411,8777,8675,11322,1897,13370,19910,10080,2165,19498,17301,9150,27044,16005,4195,21470,30030,10579,11444,21164,7783,2448,8805,11795,30149,8652,6103,10176,8620,8514,11411,8779
20117,6317,7986,12411,19804,4825,15751,12570,5695,5879,15718,4480,14183,14222,14163,20763,179,17608,13387,6341,12669,8646,5820,8247,7392,5658,12105,16181,8083,5982,8928,12570,3734,3560,12158,1397,8928,6488,16421,19351,5211,12353,18404,6036,15723,6771,18117,2915,12703,12477,1202,12528,500,17858,6210,6099,8420,22769,6236,11914,12153,5510,16542,13800,18921,12160,7458,6192,7991,10260,12184,7997,12990,6131,10390,10924,967,17702,17810,17849,7693,1438,25817,24498,6176,7896,5830,7615,4706,7319,15345,6933,23872,14326,7623,5812,240,6193,15494,10438,10620,16056,3824,11970,17717,7991,8083,5960,18546,6933,4306,18658,19180,14193,17000,5879,24160,5937,9666,5879,14059,20549,19239,3846,16646,8928,14326,6317,5879,9917,7786,11130,17089,9694,12158,18061,8065,17651,6317,2684,6572,7941,11472,11271,7812,13260,6578,17218,6872,6427,16216,7959,0,10956,7039,6317,4477,6150,14104,19447,8071,6111,5340,3020,3998,14163,14059,12162,20825,15877,13659,18193,17099,20891,5689,5751,8124,5301,14059,959,2943,3598,17502,11161,8950,14376,5450,5614,19139,14110,11468,19932,6585,3825,10792,17517,12873,7209,2307,6880,1078,17750,6254,18322,6175,12158,15369,19489,19209,6933,5847,12849,12707,5351,1112,14163,7047,12158,12158,9524,893,5307,7543,14116,16190,16481,9004,14183,17397,6238,24211,16308,6317,17009,24370,16980,5430,17295,4128,7739,4622,12541,24446,6260,6537,7784,3261,3155,12158,6388
23888,8101,9862,17650,10008,11998,13816,2307,6430,9829,7376,8591,18559,7263,13925,11071,10730,9734,3647,3910,2406,10522,7604,10031,10803,14776,3281,10097,9867,13161,10804,2307,9777,7670,610,10229,10804,7223,15589,9814,11440,3827,11460,7821,4381,4124,10529,10232,17474,19649,10040,2265,10419,13816,7994,6833,10296,13776,8120,828,605,7294,4381,5939,10202,611,9242,7976,9775,1639,3659,9873,4363,15221,1937,2299,10200,14060,13134,10165,9569,9683,20906,17010,8086,3581,7614,8350,7284,3496,4299,17403,17984,16837,8358,7596,9634,7978,4299,1912,1247,3603,7934,3315,13816,9775,9867,16251,9121,15922,11073,10948,13625,3499,4381,9829,18272,7721,1213,9829,18270,13257,13805,9223,11196,10804,18703,8101,9829,1464,9662,2716,3603,11570,610,13816,3536,4381,8101,9451,3797,9817,1498,2647,9688,4208,4350,10253,8657,7161,10529,9835,10822,0,8824,8101,7055,7934,3841,13380,9855,7896,12514,10662,10289,13848,16713,614,13822,6196,16605,13342,13585,12951,7474,12924,10000,15197,16315,10092,10094,8974,13816,2537,10826,19143,12624,12787,9460,3846,1096,10091,7320,10592,2266,10706,2609,7944,9508,8664,9419,13816,4709,13342,7959,610,5978,14060,9577,16965,13546,4222,19130,12525,9453,13479,4100,610,610,1071,10346,12481,10613,3853,10529,15473,10880,16971,13816,7494,18463,3486,8101,8732,18745,18160,12603,10586,6177,11301,7200,2278,18911,6995,4236,8519,9779,9673,610,7122
27602,2381,3401,19549,16879,10665,14587,12051,7530,5230,15104,7158,15279,15270,8453,17303,8651,16507,13392,4896,12150,3855,2256,1434,2005,11497,11586,14689,1271,11827,4138,12051,8473,6846,11639,8423,4138,8323,10712,18209,10460,11834,18273,1430,14126,5120,14514,8898,19841,19615,8233,12009,8340,14892,2274,7934,1872,18250,9220,11395,11634,2023,14126,11976,16290,11641,940,2256,1179,9741,11665,3413,12471,11971,6958,10405,8393,16220,15485,14590,2521,7876,26173,24276,2756,4204,3102,9451,8358,3619,14044,12773,23585,15093,9459,2248,8339,2629,14044,9919,10099,13348,7110,11451,14995,1179,1271,11800,17260,12773,9630,18967,14956,13243,14126,5230,23847,1774,7233,5230,15082,15972,13530,7889,16814,4138,13815,2381,5230,9398,2428,8754,13348,3457,11639,14115,4421,14126,2381,8008,5127,3357,10953,10752,2695,13952,4919,13935,1097,8262,15517,3375,8743,8459,0,2381,8129,2586,13585,16862,1259,2547,11180,9329,8955,8453,15279,11643,18434,13536,20797,15495,16310,20913,1789,11591,3064,11141,13510,8567,8761,7895,13341,10642,4159,15569,11290,11453,16220,13591,10978,18700,8420,8558,7621,15725,12354,9044,7631,808,8124,14856,5098,15606,2611,11639,13232,16395,17987,12773,11687,12330,19845,11191,8158,8453,3020,11639,11639,9005,8501,11147,1417,13598,14319,10771,4214,15411,13314,8594,24015,13231,2381,16232,24265,11270,11270,15448,7251,1612,8274,12022,24410,8096,5092,9620,8446,8339,11639,8223
23808,0,4862,14829,14528,9715,20870,10969,6448,4280,14429,6076,16034,14187,9643,14970,7700,14155,13326,3814,11068,5005,1174,3189,2804,10547,10334,17150,3025,10877,5287,10969,7493,5764,10556,7473,5287,7241,11901,14169,9509,10751,14265,979,14073,4465,17582,7948,14594,15011,7283,10927,7390,20870,108,6851,3332,16013,8138,10313,10552,1374,14073,10894,15360,10558,2400,643,2933,8658,10583,4873,11388,11020,5876,9322,7625,21113,20187,17218,3981,6926,26279,24165,1656,3046,2035,8368,7276,2455,13991,15061,23403,15912,8376,1165,7389,1547,13991,8836,9019,13295,6028,10368,20870,2933,3025,10850,14669,13790,8680,14871,20678,13178,14073,4280,21495,1600,6151,4280,14333,15170,15284,7403,18249,5287,16053,0,4280,8316,3888,7672,13295,4607,10556,20870,3230,14073,0,7058,4044,4818,9870,9670,4155,13900,3836,17306,2558,7179,17582,4835,7793,7377,1982,0,7047,1503,12503,20433,3013,1465,10230,8379,8005,10208,15981,10560,17850,13249,17763,14645,20638,16679,707,10641,4524,10190,15565,7617,7811,6813,20870,9560,5309,16440,10340,10503,15286,12508,7888,16109,7338,7578,6538,13404,11271,7962,6681,1822,7174,20870,4015,14772,1529,10556,13031,21113,15396,14649,10737,11248,16811,10241,7208,10208,2197,10556,10556,7922,7551,10197,2877,12515,17582,12526,5364,14674,20870,7512,21666,13166,0,13879,24158,13025,10320,17639,6169,3072,7191,10940,24320,7013,4010,8537,7496,7389,10556,7140
17958,7655,9805,13395,14997,6583,14684,12353,2996,7217,15813,1538,15167,8101,15982,15973,4438,16143,14710,5444,12452,10465,6947,9585,10746,7304,11718,14734,9421,5852,10747,12353,2840,2541,11940,4471,10747,3789,18240,16070,6195,8333,17235,7375,13696,5978,15165,4704,13687,13461,4282,12311,4127,13828,7548,3399,10239,19886,4686,11697,11936,6848,15457,9180,14157,11942,8796,7530,9329,10042,8164,9816,12772,7889,10172,10706,4442,15399,15235,13417,9512,3925,24843,23462,7419,7353,7073,4916,778,6862,15375,8691,22786,15310,4924,7150,4127,7528,15375,6563,10403,14679,2805,11752,13615,9329,9421,7718,13900,8691,4176,17382,16406,14562,14845,7217,20964,7275,9449,7217,15043,16179,21058,2065,15197,10747,15310,7655,7217,9700,9606,6713,14776,10707,11940,13838,7467,15367,7655,4206,5311,9761,11254,11054,9631,15284,5785,18690,8211,3728,13622,9778,4530,10739,8378,7655,0,7571,13887,16621,9409,7450,6986,5135,4761,15982,15043,11944,18200,14633,14643,17361,14535,18103,7028,7397,9943,7059,15043,4334,4567,1037,14829,10944,10769,15360,7096,7260,15893,13892,11250,15118,3886,2925,10574,16271,12655,4510,4263,8218,3911,15107,5462,17507,7546,11940,14415,16866,15951,8691,8087,12632,13691,6997,3945,15982,6860,11940,11940,9306,4288,6953,10556,13899,13501,18300,10824,15167,13336,4060,23143,14550,7655,15407,21144,18799,7076,16052,1429,9077,693,12324,21212,3561,5914,5085,4252,4145,11940,3689
23414,1405,5022,16463,16090,9663,20565,10664,6143,4143,14125,5771,14091,13883,9803,15085,6675,15678,13022,3509,10763,5166,774,3349,2965,10496,10199,16845,3186,10825,5448,10664,7471,5459,10252,7421,5448,6936,12062,15686,9458,10447,14405,1139,12739,3733,17277,7896,16755,14686,7232,10622,6365,20565,1298,6547,3493,17869,7833,10008,10247,1485,12739,10589,15411,10254,2561,1280,3094,8354,10278,5034,11084,10969,5571,9018,7391,20809,14772,16914,4142,6874,23815,24185,152,3379,498,8064,6971,2793,12657,11771,21255,15413,8072,338,6364,43,12657,8532,8714,11961,5723,10064,20565,3094,3186,10798,14747,14688,8628,16507,20374,12873,12739,4143,21520,1760,5846,4143,13875,15412,14880,7099,17944,5448,15555,1405,4143,8011,4049,7367,11961,4767,10252,20565,3557,12739,1405,7006,3740,4978,9566,9365,4315,12565,3532,17002,2718,6875,17277,4996,6767,7072,2142,1405,6742,0,12198,20129,3174,23,10178,8327,7953,9803,15475,10256,18070,12944,17711,13508,20333,16835,1250,10589,4685,10139,13662,6591,7759,6508,20565,9255,5470,14466,10288,10451,15365,12204,7584,16189,7033,7556,6234,13537,10967,7657,6629,1983,6149,20565,3711,13625,25,10252,12726,20809,14037,11771,10685,10943,16759,10189,6182,9803,2557,10252,10252,7618,6525,10145,3389,12211,17277,12121,5524,14218,20565,7207,21680,12861,1405,15337,24165,12620,10268,13268,5864,3584,6887,10635,22067,6709,3706,8233,7444,7337,10252,6836
25690,11939,13699,21509,10904,16127,14713,2915,10267,13667,8273,10123,20117,11101,15305,11967,14567,10631,2434,7748,2556,14359,11442,13868,14640,16794,5188,10993,13705,15402,14641,2915,13614,11508,4234,14589,14641,11060,19140,10710,16018,7665,12357,11658,2750,7961,11425,14820,21266,19678,13877,2873,14257,14713,11831,10671,14133,14673,11957,2772,4229,11132,2750,8328,11099,4236,13080,11813,13612,4030,7496,13710,6753,17210,5774,4690,14037,14956,14030,11061,13407,13520,22467,19865,11798,2051,11452,12187,11122,2525,2668,19136,19081,22110,12195,11434,13471,11815,2668,5234,4872,1972,11772,5706,14713,13612,13705,19999,10018,19266,15659,11844,14522,2286,2750,13667,17534,11559,5051,13667,19875,14153,16857,13060,12092,14641,22255,11939,13667,5302,13500,5107,1972,15407,4234,14713,1837,2750,11939,13288,7634,13372,3548,5038,13525,2577,8188,11150,12494,10999,11425,13672,14659,4611,12661,11939,10893,11772,0,14277,13693,11733,17717,13753,14126,16818,20027,4238,14719,7055,18316,14238,14481,13848,11311,15546,13837,18784,21641,13929,13232,12811,14713,4927,14663,20570,17082,17277,10356,0,4720,10988,11157,13699,6104,11603,1232,11781,13976,12501,13256,14713,8547,14238,11797,4234,6837,14956,10474,20660,18683,6613,19167,18224,13290,16444,3280,4234,4234,4909,14183,17433,14450,15,11425,18999,14718,20248,14713,11331,17805,2274,11939,9628,18129,18239,16562,11483,10015,15138,11037,2886,18333,10833,8073,12357,13616,13510,4234,10960
27145,13295,19627,26183,5713,20986,436,14484,18617,19520,13004,16262,27401,15871,22344,3858,19586,5440,14009,16098,14583,20237,15243,17778,16350,21392,12044,3748,15899,21750,21673,14484,17042,16703,14072,20336,19778,16235,26570,5519,20833,16014,2358,14502,14756,16311,3153,18459,26003,26360,20089,14442,19461,436,14896,14804,18537,2821,16804,13828,14067,15793,14756,15370,5908,14073,15855,14175,16245,12323,15846,18711,12119,23994,14124,12933,20023,695,247,3532,17477,17584,14738,14737,20190,7943,19844,20537,15472,8343,14674,23760,11413,27459,20545,15067,19029,20299,14674,13478,12679,13978,16531,12262,436,16357,14745,22676,5101,23891,20267,3455,245,13860,14756,18999,11491,15917,13401,18243,24581,527,24529,15855,3820,19100,25045,20331,18422,13652,17404,13351,13978,18742,14072,436,7739,14756,20331,17586,15984,22135,13386,13281,17627,14582,16538,3443,17605,19349,3153,19267,17644,14229,15299,20331,15081,20164,14646,0,14624,13332,22671,20571,19551,24551,27220,14076,2867,11786,27682,517,205,3325,14104,20267,19351,21901,24302,19844,19998,15450,436,13171,20883,28059,22129,20398,5165,14646,13447,5797,19507,19072,14454,3189,14786,14613,19396,15326,16972,436,16897,517,20189,14072,11568,695,5283,25752,21506,12485,25884,23287,18802,21912,9122,14072,14072,13259,17821,22381,16650,14639,3153,23989,20649,27545,436,16368,14912,13848,20331,5571,14912,27549,23269,2748,16429,17825,15342,14455,13954,14191,16423,20707,19744,19770,14072,19310
28440,3053,3366,19463,16443,11336,22623,12723,8201,5901,16309,7830,16654,15941,8367,18481,9322,17715,14063,5567,12822,3769,2927,1348,2501,12169,12088,15656,26,12498,4051,12723,9144,7518,12310,9094,4051,8994,10625,17747,11206,12505,17628,2101,14797,5791,13941,9569,19754,19529,8905,12681,9012,22623,2945,8605,1837,19317,9892,12066,12305,2651,14797,12586,15907,12312,985,2927,254,10412,12336,3377,13142,12642,7629,11076,9064,13915,14811,14084,2486,8547,28589,23938,3427,3421,3774,10122,9056,2866,14715,14344,23240,14945,10130,2919,9011,3300,14715,10590,10770,14019,7782,12122,22623,254,16,13559,15228,14460,10301,18398,14265,13915,14797,5901,23495,2445,7904,5901,16454,16775,13443,8561,16293,4051,16605,3053,5901,10069,2393,9425,14019,3370,12310,13474,3644,14797,3053,8680,5798,3322,11624,11424,2659,14624,5590,14795,1769,8933,14843,3339,9414,11108,1954,3053,8827,3257,14257,16118,0,3218,11851,10000,9626,8367,15106,12314,17712,15002,20710,14743,15585,18342,2460,12262,3028,11812,14751,8957,9432,8593,22623,11313,4073,16950,11961,12125,17395,14262,11649,18211,9091,9229,8292,15159,13025,9715,8302,1446,8796,22623,5769,16367,3282,12310,14784,15551,17512,13996,12358,13001,19759,11862,8829,8367,2187,12310,12310,9676,9172,11818,1587,14269,15167,10685,4127,15230,22623,9266,26105,13902,3053,15871,23952,11183,11941,16395,7949,1782,8972,12694,26573,8767,5764,10291,9117,9011,12310,8894
25752,1367,4983,16425,14689,9624,20526,10626,6104,4104,14086,5733,13964,13844,9765,16735,6636,15777,11966,3470,10725,5127,735,3311,2926,10457,10160,16806,3147,10786,5409,10626,7432,5421,10213,7382,5409,6897,12023,15785,9419,10408,15991,1100,12700,3694,17238,7857,16716,16491,7193,10584,6326,20526,1259,6508,3454,17995,7795,9969,10208,1446,12700,10550,14069,10215,2522,1241,3055,8315,10239,4995,11045,10930,5532,8979,7352,20770,13515,16875,4103,6835,26324,24272,175,3477,522,8025,6933,2891,12618,11732,23514,15272,8033,299,6325,66,12618,8493,8676,11922,5685,10025,20526,3055,3147,10759,13471,11732,8589,16615,20335,11818,12700,4104,23807,1722,5807,4104,15153,15541,14841,7060,17906,5409,15413,1367,4104,7972,4010,7328,11922,4728,10213,20526,3656,12700,1367,6968,3701,4939,9527,9327,4277,12527,3493,16963,2679,6836,17238,4957,6728,7033,2103,1367,6704,23,12160,14694,3135,0,10139,8288,7914,9765,13914,10217,18195,12905,17672,13625,20295,18673,1212,10550,4646,10100,13536,6552,7720,6469,20526,9216,5431,15802,10249,10413,14032,12165,7545,16290,6994,7517,6195,13640,10928,7618,6590,1944,6110,20526,3672,15147,48,10213,12687,20770,15571,11732,10646,10904,16720,10150,6144,10330,2644,10213,10213,7579,6486,10106,3350,12172,17238,12647,5486,15530,20526,7168,23981,11805,1367,15430,24250,13146,10229,13371,5826,3546,6848,10597,24404,6670,3667,8194,7405,7299,10213,6797
18883,10251,12401,8101,20158,1288,20790,14949,8051,9813,17767,6836,6898,14211,18808,21249,4840,19827,16705,8991,15048,13061,9543,12181,11326,805,14483,18718,12017,1453,13343,14949,5141,5916,14536,3889,13343,6653,20512,21756,901,10905,21005,9970,19260,9421,19199,2865,8392,8167,4079,14907,4530,21357,10144,8455,12835,23492,5986,14292,14532,9444,20558,13788,21244,14538,11392,10126,11925,12638,10736,12412,14146,1176,12768,13302,4008,20957,20717,18794,12108,4940,26683,28458,10015,14738,9669,7784,7063,15435,19485,2749,25262,7042,7792,9746,5018,10124,19610,11093,12996,18054,6180,14060,21101,11925,12017,1776,21087,2749,2824,21027,20393,17500,19024,9813,25557,9871,12044,9813,6645,21700,23330,6203,21045,13343,7042,10251,9813,12295,12201,11118,20913,14109,14536,19338,14936,21504,10251,4090,9312,12356,13850,13650,12227,18762,9228,20176,10806,8783,19106,12374,4932,12379,10973,10251,6834,10167,16075,20569,12005,10045,0,2549,3371,18808,6645,14540,23644,16716,9349,21281,20027,23435,9623,894,12539,1741,6645,4302,2989,5954,20936,13539,13365,6962,916,756,21629,15911,13911,22357,8941,5231,13170,20146,17433,7377,3572,10814,5772,21219,8904,21413,10142,14536,16203,22978,19661,2749,994,14144,8397,690,5806,18808,13745,14536,14536,11902,4456,773,13152,16092,18937,20572,13419,6769,20799,5988,28133,20020,10251,19066,28232,21070,577,22005,6485,11673,6978,14920,28260,6296,9187,7953,3461,3355,14536,8744
20251,8440,10589,9188,18578,2387,16872,13137,6240,8002,16236,5025,11112,16356,16766,21572,2873,20094,14621,7179,13236,11249,7732,10369,11530,3220,12503,18706,10206,2649,11532,13137,2940,4105,12725,1923,11532,7033,19025,20015,2182,12920,21208,8159,17102,7609,19131,343,9479,9254,2112,13095,2563,17363,8332,6644,11024,23847,6782,12481,12720,7633,16452,13005,17727,12727,9581,8314,10113,10827,12751,10601,13809,3795,10957,11491,2041,18916,20743,17021,10297,2815,28410,27203,8204,9316,7857,8160,5251,8757,17012,4495,24087,11255,8168,7935,3051,8312,17146,11004,11187,15911,4369,12537,18927,10113,10206,3522,19280,4495,2164,19369,20345,17000,16841,8002,24380,8060,10233,8002,10988,19743,21843,4391,19167,11532,11255,8440,8002,10484,10390,12741,18562,12297,12725,17417,9470,17369,8440,1890,7501,10545,12039,11838,10416,16284,7416,18179,8995,6972,17209,10563,2966,11523,9162,8440,5022,8273,15158,18664,10194,8234,2903,0,1560,16766,10988,12729,21796,16596,10436,19310,18118,23925,7812,3313,10727,2863,10988,2335,795,4143,18740,11728,11553,11305,3013,3176,19848,13631,12035,18700,7130,3031,11359,20244,13493,7754,1050,9002,3546,19010,7093,21427,8330,12725,16052,20768,18058,4495,3409,13668,9484,2914,3580,16766,8550,12725,12725,10091,2490,2870,11340,15208,17101,19084,11608,11112,18617,7304,26880,17709,8440,17541,27017,19583,2992,18167,4673,9861,5167,13108,27074,6806,7376,8330,1050,943,12725,6933
17672,11921,14071,9771,19333,2959,17620,16619,9722,11483,16737,8506,11608,19837,30759,20460,6824,17198,13790,10661,16718,14731,11213,13851,15273,4394,15984,15983,13687,4590,15013,16619,7087,7586,16206,5874,15013,10514,32463,17123,2571,16401,20126,11641,17994,11091,18080,4849,10062,9837,6063,16577,6514,18177,11814,10125,14505,22806,10263,15963,16202,11114,17316,17152,16682,16208,13062,11796,13595,14308,16232,14082,17291,4366,14438,14972,5992,18061,17891,16041,13778,6489,27175,25984,11685,8999,11339,11642,8733,8461,16241,5067,22984,11752,11650,11416,7002,11794,16365,14486,14666,15123,7850,16018,16279,13595,13687,4094,18154,5067,5636,20229,17547,14588,17729,11483,23278,11541,13715,11483,11484,20768,35281,7873,18062,15013,11752,11921,11483,13966,13872,16222,17686,15779,16206,18183,9138,18274,11921,6037,10982,14027,15520,15320,13897,14080,10898,17114,12477,10453,16279,14044,6917,15005,12643,11921,8504,11837,18153,17738,13675,11715,3943,4533,0,30759,11484,16210,22978,14038,11019,20298,17194,20716,11293,4354,14209,3435,11484,6286,5427,7624,16119,15209,15035,11801,4053,4216,18715,18158,15581,17664,10611,7178,14840,17390,16921,11235,5490,12484,7321,16371,10574,18548,11812,16206,13539,19803,18766,5067,4462,17150,10067,3954,7355,30759,8326,16206,16206,13572,6441,3910,14822,18165,17794,32522,15090,11608,16001,10265,25661,16804,11921,16490,25795,33021,4032,17197,8155,13343,8648,16590,25849,10287,10857,11811,5131,5025,16206,10414
28775,9903,7285,12510,25768,17101,20234,13332,14785,12015,21333,14400,28322,15064,0,24008,15454,25357,19550,12605,18621,6648,9778,7622,8487,26794,16469,21334,8495,18732,6930,13658,15346,14077,18110,15296,6930,15578,4479,25339,17339,15148,25780,9093,21510,13256,21332,15771,12801,12576,15106,15097,15143,20566,9796,15188,6966,27859,16475,15458,18105,9190,20554,16697,24993,18112,7657,9778,8403,16059,14043,7297,19175,26766,16342,14612,15266,21857,24751,23456,6850,14749,35227,33510,10260,9670,13088,16705,15639,9092,19197,26210,29744,28466,16713,9770,15143,10151,19387,15675,14095,20436,14341,18395,20596,8403,8495,26494,22177,26210,16503,26315,24203,18495,21070,12015,33091,8962,15618,12015,28198,23051,7297,14762,21867,6930,28466,9903,12015,15869,6944,14403,19437,6249,18110,23201,9890,21895,9903,14881,12927,7241,14248,16133,6969,16804,12628,22758,8560,15517,20967,7259,15361,15262,8593,9903,15411,10108,15259,22275,8483,10069,18085,16202,15828,0,28198,18114,25458,21893,13757,22575,23976,25847,9311,18496,7423,17837,28198,15158,15634,14514,22428,16022,6952,28515,18195,18358,25058,15550,14198,23481,15675,15431,13418,24811,15010,16299,14504,8436,14927,22610,12806,22692,10133,18110,21460,21977,25151,26210,26862,17041,12806,18096,14961,0,8452,18110,18110,13350,15412,18052,7123,15572,21113,4538,7006,28322,20301,15849,33203,18955,9903,24873,30325,5037,18175,22252,14532,7306,15555,18493,33539,15350,12801,13371,15318,15212,18110,15477
19992,17546,18346,13129,26685,9894,22989,16767,13997,15984,21808,12538,687,14344,27912,27920,11100,26327,20816,14832,16781,19006,13243,15996,19287,7086,16994,22824,16911,7185,19288,16870,11312,11861,17420,10149,19288,11611,29615,23793,6847,14672,25111,14861,23346,15366,25704,9124,13420,13195,10338,17011,10789,23502,15242,14400,18780,30435,11104,18869,15944,15546,22717,14786,25701,16326,13700,13461,14810,18425,13830,18357,20112,6802,16530,16349,10267,25078,27382,25245,18054,11111,30300,29617,15733,18496,13730,11809,13008,17733,21713,9006,29084,831,11817,14919,11277,17399,21832,17437,17978,22146,12125,18185,23273,14691,16144,9290,25579,9006,7872,27670,24522,21613,23098,15984,32382,15973,17244,15984,0,28467,32433,12148,25558,19288,831,15659,15984,17118,18147,17330,23071,20054,16397,25864,20627,26015,16304,10262,13337,18302,18854,16597,18172,21053,15059,24715,16909,12126,25607,18319,11192,18420,13862,14500,12779,14041,22074,24697,16649,15336,7091,8808,9316,27912,0,16650,27765,22927,14376,28005,24155,30344,14786,7985,18484,9404,0,10561,9702,11899,23122,18147,19310,880,7084,7847,23691,21947,16444,26826,12284,11403,17242,24257,19766,11403,10319,15082,11944,23378,13442,25541,15432,16371,20286,24974,23724,9006,6816,18262,13425,7216,11978,27912,19128,16016,17249,17388,10716,6941,19097,22130,25415,29675,19365,687,25349,10978,32316,22273,14966,23101,29385,30174,7103,26540,12430,13355,12923,18508,29393,11145,14753,11979,9406,9300,15781,12087
23326,8550,10310,16561,10651,12446,14460,3528,6878,10278,8020,9039,16741,7712,16487,11715,11178,10378,4869,4359,3627,10970,8053,10479,11251,13415,3925,10740,10316,13609,11252,3528,10949,8119,2,10678,11252,7671,15916,10457,11889,4276,12104,8269,5603,4572,11172,10680,18032,18441,10488,3486,10868,14460,8442,7282,10744,14420,8568,547,9,7743,5603,7319,10846,0,9691,8424,10223,2283,4107,10321,5006,13831,2319,2943,10648,14704,13777,10809,10018,10131,20972,20856,8535,2143,8063,8798,7733,1937,5521,17367,20084,18395,8806,8045,10082,8426,5521,2360,1713,4825,8383,3959,14460,10223,10316,16275,9765,15888,11521,11592,14269,4720,5603,10278,20363,8170,1662,10278,16498,13900,21564,9671,11839,11252,16821,8550,10278,1913,10111,4097,4825,12018,0,14460,2161,5603,8550,9899,4245,10266,2552,3291,10136,5429,4799,10897,9105,7610,11172,10283,11270,1222,9272,8550,7504,8383,5062,14024,10304,8344,12962,11111,10737,16487,18351,0,14466,6839,17005,13985,14228,14828,7922,13373,10448,13667,17918,10540,10543,9422,14460,3180,11274,18959,13072,13235,10103,5068,1733,10735,7768,11040,2684,11350,3831,8392,9956,9112,9867,14460,5158,13985,8408,2,6621,14704,10221,15366,14959,4866,17896,12973,9901,16487,2495,4,2,1520,10794,12929,11061,5075,11172,14318,11329,16873,14460,7942,18672,4708,8550,9376,20880,15326,13052,11230,6626,11749,7648,3499,21060,7444,4684,8968,10227,10121,2,7571
29033,16368,25149,32386,6272,26559,3343,15043,16236,23047,13563,19683,30791,13658,28132,4353,23092,5999,14568,17028,15142,25803,17016,21184,21525,24472,12603,4307,17504,22797,22846,15043,20146,20159,13965,21608,22961,17743,30095,6078,23941,15993,2895,19474,15315,16020,3712,23808,32186,29560,21389,15001,20830,3343,18395,16478,22015,46,18210,14387,14626,17509,15315,17131,6467,13515,20927,19121,17841,12882,15411,21893,12678,27381,14097,13493,21337,3587,2660,4091,20644,22855,14255,14990,15784,13470,15816,15699,20488,14052,15233,29569,11931,30864,15711,18573,20449,14760,15233,14037,13238,14537,18130,12821,3343,19780,18112,28369,5660,26959,23638,3951,3152,14420,15315,22526,12009,19424,13960,21442,30480,2783,28040,18917,4379,24551,28134,16350,21622,14211,22676,13910,14537,21884,14631,3343,9965,15315,16045,22806,16838,25657,13945,13840,22925,15142,15738,4003,19130,16163,3712,22459,22953,14315,20318,16195,20060,16395,15205,2907,19521,16508,26060,24023,20848,28058,30602,14635,0,12345,31206,2868,3111,3820,19046,25757,20746,25007,30169,23335,21280,18561,3343,13730,24377,31465,23166,23499,5724,15205,14119,6356,17652,20406,15013,3748,15346,16218,20734,20355,22214,3343,17626,2868,16327,14631,12127,3587,5842,26435,24581,13044,29083,26684,20239,25096,16615,14631,15442,13818,20996,23383,19791,15198,3712,27187,21913,30936,3343,17835,15165,14407,15678,6130,15165,31074,26660,3308,18015,19314,18459,15014,14207,18944,17005,17000,23181,23213,13897,16133
20228,12496,17150,23351,6883,19029,10692,6649,15466,15045,4252,14008,23136,8607,21990,7947,16005,6610,6168,8263,6748,17958,11999,16119,15571,17552,4209,6972,14262,17466,17310,6649,13326,13331,6237,16529,19185,16259,21388,6689,17099,8179,8336,12215,6915,8476,7404,16432,25577,25939,14812,6607,14335,10692,12388,15870,16344,10652,16008,5993,6232,11689,6915,7085,7078,6238,14091,12371,13236,4488,8011,16370,2673,19733,6289,5649,16321,10936,10009,7041,15353,14109,14467,15467,12355,7621,12009,12036,14477,7793,6833,21898,12143,23241,12045,11991,15495,12372,6833,6193,4844,6137,13595,4420,10692,14666,14262,18776,5997,19997,15978,7824,10501,6019,6915,14570,12221,12116,5566,15604,22818,10133,19790,13617,8071,18554,21215,12496,17334,5817,16814,6066,6137,16793,6237,10692,7476,6915,12496,15287,8149,19271,5551,5997,15436,6741,8703,7129,13999,16198,7404,18491,14405,5921,14919,12496,14248,12329,6805,10256,14250,12290,18423,15058,15473,19864,20802,6241,10698,0,22420,10217,10460,9827,11868,18201,16706,20005,20415,16125,14564,13369,10692,5886,16742,21633,17936,18341,6335,6805,5612,6967,16356,14963,6588,7582,8048,11630,15456,13509,15170,10692,9062,10217,12354,6237,2188,10936,6453,21471,19450,3039,23097,17296,13814,21482,8525,6237,6237,5424,15996,16459,14783,6798,7404,21282,16460,23278,10692,16009,15642,6007,12496,5608,15642,22264,17262,7462,13899,14330,14393,6620,14684,16032,8588,12206,15708,14297,6237,16159
26343,18003,19543,3009,25972,8373,23100,17821,13869,17534,23829,14188,16418,17132,14457,26695,12491,28219,20614,16585,15550,18905,16650,20362,20745,9674,17587,24014,20794,10004,19188,16468,14381,13511,15893,11540,19188,14666,16161,25573,8611,17432,26136,17722,24816,17015,26556,10515,956,3075,11729,18214,12180,23462,17895,13796,19223,28135,14959,16826,17252,17196,23880,19071,25225,14908,20011,17877,20702,17221,16181,19554,19882,10041,15669,18943,11659,24804,27879,26434,19813,12432,34153,36113,17122,15914,16775,16567,14657,15140,20448,10742,35408,16562,16455,17498,12669,15196,22722,16756,16744,23699,13775,19280,23455,20702,20794,9769,24789,10742,11530,26545,24817,21389,24391,17534,35722,17623,15830,17534,16294,25950,18979,13798,24525,19188,16562,18003,17534,15441,19906,16888,22411,18507,17299,23876,17857,22857,18003,11961,16907,19499,18754,17256,19932,19822,15472,25754,20762,15728,23769,19516,12583,18301,18725,18003,14428,17274,20187,25116,20782,17297,9357,10199,10966,14457,16294,15428,28313,24711,0,28081,24585,31535,17375,9768,19681,9109,16294,11953,10648,13549,23218,18898,19210,16611,9467,9630,25342,18565,16855,26080,14456,14466,16044,27830,19908,14805,11222,18566,13246,23399,16499,25598,17249,15815,24243,24896,28015,10742,10137,19588,948,9368,13280,14457,14322,16842,15817,16012,12107,9324,19477,18604,26304,16221,19264,16418,25525,14947,32482,24118,18003,27658,35991,16720,9447,27555,14079,19660,14573,16053,36086,13828,16951,16866,11056,10949,14472,14473
25740,14763,22000,26578,5675,21654,915,14446,15349,19958,12966,15447,28176,15729,22638,3820,20194,5401,13970,16059,14545,20515,15603,16252,16647,24353,12005,3709,16017,20459,22006,14446,17729,15803,14033,19054,22135,15512,24479,5481,21506,15976,2319,16274,14717,13283,3114,21040,29084,29485,20743,14404,20092,915,13804,14188,17053,2783,17702,13790,14029,14631,14717,15331,5870,14035,16045,14458,14879,12285,15807,20959,12081,22481,14086,12895,20661,1159,714,3493,19550,20058,14125,14433,20152,7917,19806,13546,17797,8361,14635,26974,11375,25604,13539,13979,19628,20169,14635,13439,12641,13940,17253,12223,915,16517,13454,25786,5063,27119,19120,3417,724,13822,14717,17640,11453,16256,13362,18629,27872,10,24875,16591,3782,19383,25736,13454,18822,13613,17673,13312,13940,20883,14033,915,7704,14717,20293,20136,15946,22534,13347,13243,19733,14544,16499,3405,16213,13921,3114,21610,20052,14191,17078,13287,15752,14888,14607,479,16250,15017,23455,21282,18416,24882,25409,14037,2829,11747,25478,0,684,3286,14396,23089,19716,22575,27568,18588,18786,17781,915,13133,21179,28817,22898,21080,5127,14607,13408,5758,15199,19830,14415,3150,14748,15522,18241,15535,19308,915,16858,0,14820,14033,11529,1159,5245,24077,22216,12446,28951,21832,19415,22217,9132,14033,14033,13220,20267,21016,18577,14600,3114,26847,20967,25696,915,17252,14608,13810,20293,5533,14608,25367,21820,2710,17184,18051,17652,14417,13650,16517,16385,13290,20478,18597,14033,15349
24284,20561,19101,25649,5918,20441,232,14714,18846,17177,13234,14210,26802,15997,21823,4063,18985,5644,14238,16327,14813,19719,13306,17243,17447,22979,12273,3952,13945,21153,19143,14714,18183,16101,14301,19733,19256,15645,23575,5724,20288,16244,2562,15419,14985,16541,3357,19743,25469,28464,19486,14672,18859,232,20453,19250,17976,3026,16220,14057,14296,13809,14985,15599,6113,14303,16924,13658,14251,12553,16075,18189,12348,21227,14354,13163,19421,616,451,3736,18695,17037,13556,14676,20420,7613,20073,20767,14927,7999,14903,25590,11618,24370,20775,20056,16720,20437,14903,13707,12909,14207,15930,12491,232,14351,22327,24396,5306,23350,17847,3660,40,14090,14985,18410,11695,13921,13630,17710,24039,732,21731,15315,4025,18581,24502,20561,17888,13881,16889,13580,14207,20100,14301,232,7412,14985,20561,17042,16214,19553,13615,13511,17110,14812,16767,3648,15463,19578,3357,18740,18846,14459,14798,20561,16020,20394,14875,205,14140,20355,22073,19969,18950,21754,26623,14305,3072,12015,27097,722,0,3529,14974,19723,17032,21356,26187,17458,17598,14906,232,13400,20314,27459,19534,21882,5370,14875,13676,6001,19736,16760,14683,3393,15016,20360,18795,16337,18105,232,17126,722,20419,14301,11797,616,5488,25154,23106,12714,25350,22689,16514,23575,8779,14301,14301,13488,17275,21783,17796,14868,3357,25854,20077,24450,232,14319,14851,14078,20561,5801,14851,26963,22671,2953,14361,17271,16308,14685,13893,15053,16653,20936,17369,17392,14301,19539
25109,18763,25538,32662,3198,23956,3594,14280,17680,21188,12800,19544,27717,13254,25921,2510,23160,3202,13804,17241,13351,23835,19183,21872,19942,26750,11839,3805,20004,24877,25616,14280,22049,20091,15901,21587,23351,17469,30412,3394,23793,15672,1887,18132,14551,16245,3210,23738,32477,29814,21384,14238,20862,3594,18876,17927,22553,3554,19695,13623,13862,17925,14551,13197,5219,15444,19533,19606,18447,12119,15101,22287,12530,27143,15904,12729,23537,3838,2911,3589,23252,22820,11186,12186,16202,14270,16156,16962,20371,14793,14469,26596,8862,27806,15415,17264,20526,16861,14469,13273,12475,13773,18060,12057,3594,20440,17115,25504,5158,29456,23387,2108,3403,13656,14551,20711,8940,19876,13196,23951,27430,3035,25812,20619,3877,22696,27935,18525,21893,13447,21019,13146,13773,24691,13867,3594,15430,14551,18245,22651,15463,26003,13181,13077,23403,14378,16148,3500,19615,15915,3210,22805,23025,14025,18974,18383,19953,18555,14441,3158,20216,16942,25829,21708,22832,28488,27531,13454,3600,11581,28612,3120,3363,0,17710,23212,21112,27390,27142,23348,21203,20327,3594,12966,24861,31249,25331,25724,4936,14441,13242,3282,15756,22330,14249,2641,14582,17510,22769,20933,22297,3594,17973,3120,16757,13867,11363,3838,5054,26208,26858,12896,32349,24012,20300,25480,15824,13403,14452,13054,21034,23177,22391,14434,3210,27478,24608,30691,3594,19313,12361,13644,17835,5367,12361,31389,26432,2806,17898,19840,20231,14251,11403,18623,17252,15104,20918,20957,14347,15858
25904,692,4018,16089,15433,9289,20163,10262,6195,3688,14951,5219,14827,13481,9090,17573,7274,15059,12619,3107,10361,4452,467,2636,2234,10121,9628,14653,2473,10451,4734,10262,7067,4895,9850,7047,4734,6988,11348,15063,9083,10044,15274,426,13367,3758,16875,7522,16381,16155,6857,10220,6964,20163,584,6598,2489,18846,7885,9606,9845,771,13367,9992,16315,9852,1848,566,2380,7952,9876,4030,10934,10696,5169,8615,7017,13692,15746,16511,3138,6500,27077,25059,949,3927,1328,8115,6407,3330,13284,11397,24305,14691,8123,459,6963,840,13284,8129,8312,12589,5159,9662,20163,2380,2473,10424,14216,11397,8254,17449,15191,12471,13367,3688,22319,1047,5444,3688,13246,16390,14166,6535,13848,4734,14831,692,3688,7609,3045,6770,12589,4054,9850,20163,4118,13367,692,6632,3428,3974,9164,8963,3312,13193,3130,16600,1714,6926,16875,3992,7181,6670,1429,692,6179,797,11796,15545,2460,758,9804,7953,7579,9090,13415,9854,17280,12542,17337,15867,13586,19520,0,10215,3102,9764,17824,6909,7385,5944,20163,8853,4756,15209,9914,10077,14777,11802,9225,15525,7085,7152,5832,14404,10565,7709,6255,1269,6748,20163,3308,15996,822,9850,12324,15211,16391,11397,10311,10793,16385,9815,6782,9090,2977,9850,9850,7216,7125,9771,2385,11808,16875,11408,4811,14965,20163,7259,22471,12459,692,14728,25031,11907,9894,14137,5300,2581,6323,10233,25181,6760,3303,8284,7070,6963,9850,6887
17783,10089,12082,7931,19992,1119,20412,14630,7733,9494,19416,6517,9779,14079,18639,21045,4267,21662,17982,8672,14729,12742,9224,11862,13284,1211,13995,20371,11855,1541,13024,14630,4971,5597,14217,3316,13024,8525,20342,21572,731,10735,20765,9809,18833,9102,18924,2291,8223,7997,3505,14588,3956,20967,9982,8136,12516,23214,6074,13974,14213,9282,20061,13619,21074,14219,11073,9807,11763,12319,10566,12093,13925,1582,12449,12983,3435,20591,20419,20443,11789,4208,29500,25823,9696,14129,9350,9653,6744,13385,18959,3155,25251,9923,9661,9584,4445,9805,17320,12497,12680,19436,5861,15185,20733,11763,11855,2183,20876,3155,2856,20830,20078,18863,20482,9494,28156,9709,11726,9494,9655,23559,23160,5884,18877,13024,9923,10089,9494,11977,11883,10949,18561,13790,14217,19028,14334,19092,10089,3921,8993,12038,13531,13331,11908,16543,8909,18042,10645,8464,18806,12055,4359,13016,10811,10089,6515,9848,17134,22338,11843,9871,861,1975,3052,18639,9655,14221,23369,16514,9179,20949,21738,25583,9461,0,12220,1595,9655,3728,2415,5635,20557,13220,13046,9972,1004,138,19443,15410,13592,22172,8622,5062,12851,21931,16847,9246,2998,10652,5332,20834,8585,21080,9823,14217,16008,20499,19485,3155,1401,15307,8227,905,5366,18639,9894,14217,14217,11583,3883,861,12833,15582,20571,20402,13101,9779,18533,6076,25528,17769,10089,20853,25630,20901,984,21723,6166,11511,6659,14601,28287,8298,8868,9822,2461,2355,14217,8425
26199,3672,748,19023,18657,11004,15526,11989,8251,5482,18348,7866,19663,15207,7927,21238,8990,20151,14346,6071,12088,2384,3547,3317,1268,11837,11354,16598,3208,12166,2666,11989,8812,7543,11576,8762,2666,9044,10186,20138,10874,11771,20558,2687,16444,6723,18291,9237,19315,19089,8573,11947,8679,15874,3564,8655,1464,20567,9941,11333,11572,2958,15518,14235,19804,11578,2444,3546,3116,9678,11602,760,12660,12411,9808,10342,8732,17203,17738,16543,1196,8215,27415,25762,4047,6430,4398,10171,9106,5831,15011,13112,25093,19806,10180,3538,8679,3920,15011,9856,10039,15320,7807,11388,15885,3116,3208,12139,19234,13112,9969,19139,19010,15211,16025,5482,27961,2731,9084,5482,19539,18362,13004,8228,18883,2666,19806,3672,5482,9336,1103,11592,14810,2626,11576,16327,6638,16818,3672,8348,6393,704,10890,10690,1369,14920,6094,17535,2113,8983,16237,722,8897,10375,3032,3672,8877,3876,13523,17557,3196,3838,11519,9668,9294,7927,19539,11580,22866,15157,20271,17888,18772,23269,3080,11930,0,11480,19539,8624,9100,7980,17240,10579,2688,19856,11629,11793,19850,13528,10951,18757,9141,8897,10210,19589,12291,9765,7970,2872,8463,17431,6273,19847,3902,11576,16287,17300,18097,13112,12026,12520,19319,11530,8497,7927,5310,11576,11576,8942,8879,11486,2475,13535,18049,10245,2743,19663,17181,9315,25487,15743,3672,19692,28325,10744,11609,19303,7999,2569,9021,11960,25815,8817,6268,10341,8785,8678,11576,8944
18266,10419,12412,8091,21623,815,22201,15221,8063,10050,19244,6847,7923,15242,27309,25000,5165,23461,17921,9002,15208,13072,9554,12349,11495,1134,14141,20122,12185,2446,13354,13926,5428,5927,14547,4215,13354,7646,29013,23371,912,11898,24693,10139,22502,9432,22662,3190,8383,8157,4404,15499,4855,20644,10312,8466,12846,27390,6979,15635,14543,9612,21789,14782,22869,14701,11560,10294,12093,15265,11730,12423,15564,1107,12779,13516,4333,22206,24306,22250,12119,4830,31159,27385,10026,17097,9680,9983,7074,14752,18749,1807,29562,8067,9991,9914,5343,10135,18872,12827,14803,19223,6191,16989,22526,12093,12185,834,22679,1807,3972,24762,21709,20635,22217,10050,27117,10039,12056,10050,7799,25353,31831,6214,20516,13354,8067,10419,10050,12307,12213,12490,22212,14120,13432,22771,15729,22795,10419,4378,9323,12368,14188,15151,12238,19936,9239,21692,10975,8794,20441,12385,5258,13788,11141,10419,6845,10252,17043,24138,12173,10213,1799,2874,3382,27309,7799,15063,27562,18151,9339,24882,23538,24851,9791,2210,12550,0,7799,4627,3768,5965,22347,13615,13376,8116,1909,2072,23230,18669,13563,23971,8952,5519,13181,21538,18495,9576,3831,10982,5662,20525,8915,22707,10277,14784,17644,24381,23276,1807,1203,15527,8387,1653,5696,27309,15864,14547,14547,11913,4782,1766,13163,17100,22376,29073,13431,7923,20159,6981,27090,21351,10419,22646,29961,29572,1540,23530,6496,11841,6989,15241,27213,7289,9198,10152,3472,3366,14547,8755
19883,15553,18346,13129,26263,9894,24901,16371,13997,15984,23615,12538,687,13962,27912,24945,11100,25904,20418,14832,18063,19006,15001,15625,19287,7086,16597,22433,14987,7185,19288,16473,11312,11861,16990,10149,19288,11611,29615,23410,6847,17076,27247,16073,25293,15366,25270,9124,13420,13195,10338,18312,10789,23105,14827,14400,18780,30002,11104,18431,17135,15546,22320,15873,22937,15936,13355,16228,14455,17987,13441,18357,19683,6802,16096,15953,10267,24681,26947,24814,18054,11111,33026,32253,13891,18114,14706,11809,13008,17353,21317,9006,28728,831,11817,15848,11277,16976,21436,17000,15914,21748,12125,17791,22877,14337,15779,9290,22822,9006,7872,24719,24126,23383,22701,15984,31989,15973,15248,15984,0,25432,32433,12148,25130,19288,831,13829,15984,16680,18147,15328,22673,20054,16001,23071,18332,25577,15889,10262,15153,18302,18416,16200,18172,20657,16165,24282,16909,12126,22838,18319,11192,17982,14890,14122,12779,15058,19635,26785,16258,14919,7091,8808,9316,27912,0,16257,27372,22500,14376,25013,23760,29915,15726,7985,18484,9404,0,10561,9702,11899,25047,17709,19310,880,7084,7847,23306,19518,16046,23956,12284,11403,15246,23866,21353,11403,10319,14693,11944,25329,14849,27714,15013,17607,21931,27088,25724,9006,6816,17869,13425,7216,11978,27912,16982,17217,15260,15379,10716,6941,19097,19685,24981,29675,19365,687,22602,10978,28967,21875,16076,25042,29034,30174,7103,23688,12430,17775,12923,18072,29044,11145,15301,11979,9406,9300,15390,12087
21516,6605,8274,11564,20043,4752,16144,12268,5392,6167,15899,4177,13336,13413,14451,19099,1059,19650,15228,6310,12367,8934,6108,8535,7681,5466,11633,18140,8371,5136,9216,12268,2888,3257,11263,437,9216,6185,16709,17771,4364,10069,20612,6325,17864,6739,18473,2167,11856,11630,244,12226,748,16611,6498,5796,8708,23153,5934,11611,11258,5798,15516,12953,19139,11265,7746,6480,8279,9957,9901,8285,12939,6160,10087,10621,184,19983,18167,16484,7981,591,28452,27083,6590,8393,6118,7312,4403,7821,15929,6860,23957,13480,7321,6100,1236,6482,14584,10135,10318,15038,3521,11667,18143,8279,8371,5887,18804,6860,3459,20843,19592,16117,17549,6167,26725,6225,9363,6167,13212,20979,19527,3543,16907,9216,13480,6605,6167,9614,8075,10283,17607,9982,11263,16749,8556,16492,6605,1837,6631,8230,11169,10969,8100,13790,6547,15927,7161,6124,16565,8247,1151,10653,7327,6605,4174,6438,13802,18004,8359,6400,5149,2279,2535,14451,13212,11267,21172,14630,12812,20487,19242,21184,5978,5560,8412,5228,13212,0,2096,3295,17937,10858,9238,13529,5259,5422,17592,13807,11230,20173,6282,2979,10489,17818,12570,6906,1460,7168,1731,18193,6223,20630,6463,11263,15603,18093,19454,6860,6256,12799,11860,5160,1765,14451,7572,11263,11263,9221,675,5116,7832,13814,18196,16769,9293,13336,17825,5936,26764,16799,6605,18954,24430,17268,5239,19401,3825,8027,4319,12239,27001,5958,6506,7482,2415,2308,11263,6085
20308,7859,10009,9810,19939,3009,16347,12557,5660,7421,15757,4445,11668,15775,16186,21023,3220,19555,14092,6599,12656,10669,7151,9789,10950,3842,11922,16468,9625,3115,10951,12557,2526,3524,12144,2269,10951,6453,18444,17673,2804,12339,20649,7579,16572,7029,16844,452,10101,9876,2459,12515,2910,18557,7752,6063,10443,23278,6201,11901,12140,7052,15923,12591,17245,12146,9000,7734,9533,10246,12171,10020,13229,4417,10376,10910,2388,18388,20171,18201,9717,1928,25381,26728,7623,8943,7277,7580,4671,8387,16430,5117,26067,11812,7588,7354,3398,7732,16563,10424,10607,15381,3788,11956,18350,9533,9625,4144,18736,5117,2630,20800,17938,16417,16311,7421,23944,7479,9653,7421,11544,21184,21262,3811,18615,10951,11812,7859,7421,9904,9810,12160,17978,11717,12144,18623,9094,16839,7859,1476,6921,9965,11458,11258,9835,14247,6836,15983,8415,6391,16691,9982,3312,10943,8582,7859,4442,7775,14584,18144,9613,7654,3525,795,979,16186,11544,12148,23454,16052,11058,20705,19396,23369,7232,2419,10147,3485,11544,2682,0,3562,18162,11148,10973,11861,3635,2281,17518,14096,11454,18212,6550,2617,10778,19683,12859,7174,636,8422,2761,18431,6512,20849,7750,12144,15511,18317,17569,5117,4031,13088,10106,3536,2794,16186,8195,12144,12144,9510,2836,3492,10760,13273,16587,18504,11028,11668,18039,6724,23958,17126,7859,17061,26549,19003,3614,17657,4093,9281,4586,12528,24143,6225,6795,7749,716,610,12144,6352
19535,6618,8768,12358,16871,5546,15107,11316,2244,6180,14776,786,14130,7349,14945,16302,3400,16488,13673,5358,11415,9428,5910,8548,9709,6266,10681,15109,8384,4916,9710,11316,1904,1504,10903,3665,9710,3037,17203,14890,5158,11098,15983,6337,14103,5788,14117,3667,12649,12424,3476,11274,3090,14215,6511,2648,9202,18404,3519,10659,10899,5811,14898,11865,14460,10905,7759,6493,8292,9005,10929,8779,11987,6953,9135,9669,3635,15790,15603,15168,8475,3118,25052,21521,6382,7659,6036,4165,991,7163,14338,7654,23049,14273,4173,6113,3089,6491,14338,9183,9366,13642,1768,10715,15425,8292,8384,6681,15674,7654,3239,17742,16819,13525,13879,6180,23371,6238,8411,6180,14006,16558,20021,1129,14121,9710,14273,6618,6180,8662,8568,5962,15221,10476,10903,14210,7774,14348,6618,3168,5679,8723,10217,10017,8594,14247,5595,14596,7173,2976,13990,8741,3307,9701,7340,6618,762,6451,12850,17029,8372,6412,5949,4098,3724,14945,14006,10907,20457,13595,13606,16133,16429,18443,5990,6360,8906,6022,14006,3527,3530,0,15252,9906,9732,14322,6059,6222,16242,12855,10278,17005,3134,1989,9537,15110,11618,3758,3226,7181,2874,15532,5271,16264,6476,10903,13377,15689,16297,7654,7049,11847,12654,5960,2908,14945,7149,10903,10903,8269,3781,5916,9519,12862,15274,17263,9786,14130,13718,3309,21230,13512,6618,14277,23553,17762,6039,14915,800,8040,907,11287,23622,2810,5554,4334,3215,3108,10903,2937
26799,20768,17714,26787,6149,21330,0,14920,19053,17448,13440,22279,23273,16204,22501,4294,17643,5876,14445,16534,15019,20172,20271,15611,14421,21830,12480,4184,22533,18180,19550,14920,15435,14878,14508,18451,17853,13274,22214,5956,19207,16451,2794,20487,15192,16748,3589,18494,24118,26980,16506,14878,17540,0,20660,19457,14870,3258,13851,14264,14503,19960,15192,15805,6344,14510,15316,20642,22441,12760,16282,16785,12555,20194,14561,13370,16432,848,683,3968,15535,15887,14865,14931,20627,6474,20280,20974,13850,6862,15110,22187,11873,23308,20982,20262,17077,20644,15110,13914,13115,14414,13351,12698,0,22441,22533,21112,5538,22319,18566,3892,191,14297,15192,15360,11950,20387,13837,18027,25349,964,20334,15783,4256,18920,23440,20768,18233,14088,17045,13787,14414,16786,14508,0,6273,15192,20768,17607,16421,20042,13822,13717,15691,15019,16974,3880,15458,19785,3589,19130,15879,14666,14704,20768,13455,20600,15082,436,22521,20562,18995,17003,17766,20349,25484,14512,3303,12222,25591,954,232,3761,20140,18652,15642,20275,22725,16274,16478,13839,0,13607,18747,26285,18485,20703,5602,15082,13996,6233,19943,15699,14890,3625,15223,20567,17563,14737,15204,0,17333,954,20626,14508,12004,848,5719,24016,19929,12921,23998,19542,15300,19988,7642,14508,14508,13695,16073,20644,14694,15075,3589,24352,16803,23406,0,14804,15106,14285,20768,6008,15106,25463,19533,3185,14658,15670,15120,14891,14148,19619,16859,21143,17942,17959,14508,19746
22402,8694,10454,19971,9218,12258,13027,3590,6438,10422,6587,9021,16614,4634,16118,10281,11322,8945,5484,4433,3689,11114,8197,10623,11395,13423,2492,9307,10460,13179,11396,3590,10931,8101,2743,10822,11396,7231,16118,9024,11870,4257,10671,8413,6231,4647,9739,10824,17963,20171,10633,3548,11012,13027,8586,6842,10888,12987,8129,2961,2738,7887,6231,4236,9413,2744,9835,8568,10368,1396,4089,10465,3099,13538,2393,339,10792,13270,12344,9375,10162,10275,17833,16001,8679,4696,8207,8359,7293,4605,6149,15531,16886,18347,8367,8189,10227,8570,6149,1141,1756,5453,8365,2526,13027,10368,10460,15937,8332,15663,11503,10158,12836,5335,6231,10422,17184,8314,1736,10422,18010,12467,15946,7421,10406,11396,16779,8694,10422,1987,10255,1014,5453,12162,2743,13027,4646,6231,8694,9881,4320,10410,2491,107,10280,6057,4873,9464,9249,7170,9739,10427,11414,2133,9416,8694,7064,8527,6121,12591,10448,8488,13106,11255,10881,14537,16465,2747,13033,5406,17146,12552,12795,12162,8066,13517,10592,15005,16068,10684,10687,6830,13027,0,11418,18943,13216,13379,8670,6121,2645,9302,7328,11022,2666,9917,3892,7952,9938,9257,10825,13027,5232,12552,8552,2743,5188,13270,8788,15134,13274,2958,19674,13117,10859,15611,5187,2743,2743,1594,10938,13073,11205,6114,9739,16008,11473,18457,13027,7503,17341,5323,8694,7942,15968,18736,13196,9797,6186,11894,7209,3561,17747,7004,4758,8528,10372,10265,2743,7131
25215,4701,1095,18254,22277,11347,18623,12332,8594,5825,18253,8210,20006,15550,7158,20771,9333,21864,14398,6414,12431,376,6772,3198,2297,12180,11697,19961,3985,12509,229,12332,9155,7886,11919,9105,229,9387,9416,21859,11142,12114,20117,3716,16126,7066,18052,9581,18545,18320,8916,12290,9023,18972,4593,8998,1823,24177,10284,11676,11915,3987,15255,14578,19546,11921,3146,4575,3892,10021,11945,1106,15822,12754,10151,10685,9075,20369,21085,19886,1372,8558,29085,27392,7244,7117,6897,10515,9449,6534,14023,13455,29448,20149,10523,4567,9022,7353,14195,10199,10382,15163,8150,14948,19025,3892,3985,12482,19000,13455,10095,20652,18623,16693,15724,5825,26992,3760,9428,5825,19882,21704,12234,8572,18656,229,20149,4701,5825,9679,1465,11935,17693,1411,11919,19545,7335,16477,4701,8691,6736,1051,11233,11033,1490,13411,6437,17401,3142,9326,19469,1068,9240,10718,4061,4701,9220,4906,13866,18947,3972,4867,11862,10011,9638,7158,19882,11923,22118,18452,19502,19216,18431,22557,4109,12273,1233,11823,19882,8968,9443,8323,17009,10922,0,20199,11972,12136,21559,13871,11294,22383,9484,9240,10553,19244,12634,10108,8313,3926,8807,17166,6616,21307,7371,11919,18050,20513,19651,13455,12369,15372,18550,11874,8840,7158,5912,11919,11919,9285,9222,11830,2140,13878,17840,9476,306,20006,16967,9658,29890,17181,4701,21443,30132,9975,11952,18978,8342,2795,9364,12303,30265,9160,6611,10684,9128,9022,11919,9287
21029,17921,18663,13445,27630,10211,26140,19155,14313,16300,22672,12855,236,16765,28228,26166,11416,27266,21502,15221,19104,19323,15058,16195,19604,7403,17715,26049,17220,7502,19605,17502,11629,12178,17997,10465,19605,11927,29932,27168,7164,14145,28568,15242,26447,14829,26565,9441,13737,13511,10655,19438,11106,24220,15696,14717,19097,31296,11421,19580,16574,13545,23342,17235,24182,16854,15348,15250,15084,17427,16156,18674,21011,7119,17158,18829,10584,28419,25608,26130,18370,11428,34482,30569,16245,20870,15685,12126,13325,18163,22311,9323,30031,175,12134,13951,11594,17908,22436,16557,18748,25134,12442,18959,26461,16490,16472,9607,26506,9323,8189,28594,27854,22304,23734,16300,30327,14788,17982,16300,880,29286,32750,12465,24012,19605,175,16121,16300,17826,18463,16478,26158,20371,16994,26695,21122,26741,16759,10579,15359,18618,17769,17319,18489,23862,17200,25586,17225,12442,23996,18636,11508,17369,14126,14916,13096,15944,22671,25458,15379,14337,7407,9125,9633,28228,880,17202,28549,23843,14693,26145,24914,28353,13799,8301,18801,9720,880,10878,10019,12216,23849,17187,19627,0,7401,8164,24538,22582,18894,25195,12601,11720,18001,27620,22381,11720,10636,13952,12260,26562,13949,28962,14435,16982,21120,28321,27085,9323,7133,19054,13741,7532,12294,28228,19545,18302,16180,16452,11032,7258,13331,22753,23842,29992,19681,236,23730,11295,33366,25298,16972,26418,30344,30490,7420,24877,12747,13567,13240,19168,33456,11461,15386,14647,9723,9617,16311,12403
17387,10113,12262,7963,21753,1150,18352,14810,7913,9675,19126,6698,7437,14110,18670,22932,4702,19401,17827,8853,14910,12922,9405,12042,13464,1144,14176,20125,11879,2194,13205,14810,5002,5778,14398,3751,13205,8706,20374,19317,762,10767,20544,9832,18716,9282,18720,2727,8254,8029,3941,14769,4392,20790,10005,8317,12697,25364,6727,14154,14393,9306,18100,13650,18860,14400,11254,9988,11787,12500,10598,12274,15093,1515,12630,13164,3870,22525,22294,20202,11970,4802,26418,28107,9877,15593,9530,9834,6925,14783,17117,3088,24934,7580,9842,9608,4880,9986,17232,10955,12858,17512,6042,13576,20543,11787,11879,2115,20607,3088,3291,22692,21928,16971,18475,9675,25230,9733,11906,9675,7313,21198,23192,6065,20550,13205,7580,10113,9675,12157,12063,10980,18435,13970,14398,18843,15812,18970,10113,3952,9174,12218,13712,13511,12089,16460,9090,17832,10668,8645,18615,12236,4794,12241,10835,10113,6696,10029,15499,20078,11867,9907,668,2410,3233,18670,7313,14402,25533,16274,9210,20776,21530,22983,9485,756,12401,1626,7313,4164,2851,5816,20373,13401,13227,7630,0,618,19194,15342,13773,19862,8803,5093,13032,21692,15240,9427,3434,10676,5634,18739,8766,23044,10004,14398,17375,22413,19234,3088,1333,13673,8259,837,5668,18670,9938,14398,14398,11764,4318,1514,13013,17106,20345,20433,13281,7437,18363,6729,25206,19434,10113,20561,27889,20932,916,19496,6346,11535,6840,14782,25336,8479,9049,10003,3323,3217,14398,8606
19602,9952,11944,7793,20116,981,18652,14492,7595,9357,17740,6380,9707,13941,18501,21172,4129,21800,18128,8534,14591,12604,9087,11724,13146,1073,13858,20513,11561,1403,12886,14492,4833,5460,14080,3178,12886,8388,20205,19697,593,10597,23028,9514,18965,8964,21001,2154,8085,7859,3368,14450,3819,21113,9687,7999,12378,23344,5937,13836,14075,8987,18334,13481,19244,14081,11093,9826,11625,12182,10429,11955,14053,1445,12311,12845,3297,22840,20550,18677,11652,4070,29615,28585,9558,15709,9212,9515,6606,13509,19104,3018,27956,9851,9523,9290,4307,9667,19235,12359,12542,19582,5724,15328,18943,11625,11718,2045,19067,3018,2718,20957,22274,19009,18716,9357,28281,9572,11588,9357,9583,23704,23023,5746,19005,12886,9851,9952,9357,11839,11745,10811,18693,13652,14080,19159,14459,19225,9952,3783,8856,11900,13394,13193,11770,16675,8771,20028,10507,8327,18937,11917,4221,12878,10674,9952,6377,9710,15676,22482,11705,9734,723,1837,2915,18501,9583,14084,25900,16641,9041,23234,19854,23340,9324,138,12082,1457,9583,3591,2278,5498,18784,13083,12908,9900,866,0,21568,17129,13455,22309,8485,4924,12714,20027,15416,9109,2861,10514,5195,19035,8447,21212,9685,14080,16134,20631,21614,3018,1263,14017,8089,767,5229,18501,9984,14080,14080,11446,3745,723,12695,15713,18794,20264,12963,9707,18665,5938,28260,19731,9952,19043,28371,20763,846,21866,6028,11373,6522,14463,28408,8161,8731,9684,2324,2217,14080,8288
21599,14552,20026,26289,567,22261,5216,10622,19439,17946,9142,15456,26327,12567,25151,1794,17481,293,10147,12236,10721,20798,14405,19001,18667,22552,8182,2147,15626,20665,20163,10622,16267,14580,10210,17957,22334,13635,24312,373,20030,12153,2665,16808,10894,12450,2036,17864,26141,26473,19589,10580,17296,5216,14219,19843,19381,5176,15417,9966,10205,16493,10894,12107,743,10212,16780,16391,15837,8461,11984,21180,8257,22932,10262,9072,19585,5460,4533,2216,18146,18813,10012,11012,14641,9243,15982,15781,16297,9512,10812,22760,7688,23992,15789,15771,17016,16345,10812,9616,8817,10116,14405,8400,5216,17545,14697,21667,940,22888,17403,1671,5025,9999,10894,19255,7765,15058,9539,18502,23596,4656,24987,14918,2512,21676,24119,15373,18635,9790,18054,9489,10116,21547,10210,5216,9069,10894,13796,16810,12123,20382,9524,9419,20109,10721,12676,2304,18456,20171,2036,19654,17365,9894,17877,13869,14420,13941,10784,4780,15782,15466,19624,18008,16980,22735,26111,10214,5222,7924,27931,4741,4984,3371,16287,21429,18010,21077,25687,19389,19307,14736,5216,9309,19561,27045,21155,19568,0,10784,9585,650,20329,16516,10562,1911,10925,15374,18712,17864,16721,5216,13035,4741,15260,10210,7706,5460,137,24661,20552,8623,28690,20207,18486,24648,13601,10210,10210,9397,17475,21348,19294,10777,2036,24203,21264,26468,5216,13661,11187,9986,13424,1109,11187,27764,22230,2094,15646,17043,16162,10593,10229,20005,12561,15950,18955,19008,10210,20132
25052,11944,13704,19738,12403,16016,16212,2920,10272,13672,9772,12433,22057,11106,17196,13467,14572,12130,2434,7753,2562,14839,11447,13873,14645,16650,5188,12493,13710,15211,14646,2920,13619,11513,4239,14072,14646,11065,19396,12210,17525,7670,13856,11663,3168,7967,12925,14699,19526,19905,13883,2878,14262,16212,11836,10676,14139,16172,11963,2778,4234,11137,3168,8334,12598,4241,13085,11818,13618,4035,7501,13716,6759,18807,5780,4695,14042,16456,15529,12561,13412,13525,21633,19056,11803,2497,11457,12193,11127,2899,3086,20952,16579,22012,12201,11439,13477,11820,3086,5239,4479,2391,11777,5711,16212,13618,13710,19840,11517,19141,15413,13344,16021,2286,3168,13672,16803,11564,5056,13672,21784,15653,17163,13065,13592,14646,22158,11944,13672,5307,13505,5112,2391,15412,4239,16212,2299,3168,11944,13293,7640,13581,3553,5043,13531,2995,8193,12649,12499,11004,12925,13677,14665,4397,12666,11944,10898,11777,0,15776,13698,11738,17537,15024,14131,17139,19912,4243,16218,7055,20462,15738,15981,15347,11316,16985,13842,16938,21512,13934,13937,12817,16212,4933,14668,20488,16910,15542,11856,0,4726,12487,11162,13705,6079,13102,1237,11786,13280,12507,14075,16212,8552,15738,11802,4239,6837,16456,11973,18616,16802,6618,21382,18063,14109,15204,3675,4239,4239,4914,14189,15651,14455,15,12925,19258,14723,22202,16212,11336,18811,2274,11944,11128,17387,20366,16410,12982,10020,15144,11043,2891,17588,10838,8078,12362,13622,13515,4239,10965
22880,7804,9564,17853,9689,11701,13498,3190,6089,9532,7057,8250,18279,6923,15741,10752,10433,9415,4530,3570,3289,10224,7307,9734,10506,12534,2962,9778,9570,12863,10507,3190,10160,7330,1492,9932,10507,6882,17447,9495,11100,3487,11142,7523,5264,3783,10210,9934,19497,18033,9743,3148,10122,13498,7697,6493,9999,13458,7779,1711,1488,6997,5264,5844,9883,1494,8945,7679,9478,1285,3318,9576,4269,14905,1596,1949,9903,13741,12815,9846,9272,9385,18289,16418,7789,4307,7317,8010,6944,4208,5182,17098,17341,16605,8018,7299,9337,7680,5182,1572,151,4486,7594,2996,13498,9478,9570,15927,8802,17244,10732,10629,13306,4382,5264,9532,16001,7424,873,9532,16315,12938,14137,8926,10877,10507,16737,7804,9532,1124,9365,2366,4486,11272,1492,13498,4262,5264,7804,9110,3457,9520,2124,2297,9391,5091,4010,9934,8359,6821,10210,9538,10719,1285,8526,7804,6715,7637,4724,13061,9558,7598,12216,10365,9991,15648,18124,1496,13504,5877,18577,13023,13266,12632,7176,12627,9703,14949,17685,9989,9797,8677,13498,2186,10529,17143,12326,12490,9141,4729,0,9772,6979,10251,1926,10388,3492,7603,9841,8367,9122,13498,4369,13023,7662,1492,5659,13741,9259,15116,13258,4128,17575,12227,9156,15238,4788,1492,1492,731,10243,12183,10315,4736,10210,15718,10583,18425,13498,7153,16153,4369,7804,8413,16394,18422,12306,10267,5837,11004,6859,3161,16534,6655,3895,8179,9482,9376,1492,6782
21776,15288,20771,27022,84,23007,5000,11254,20071,18688,9774,16219,27045,12634,23565,1556,20059,355,10778,12867,11353,21545,16701,19820,17684,21123,8813,2779,16365,21390,20909,11254,18683,15284,10841,20568,23156,14293,27608,547,20705,12784,3297,17632,11525,15147,3211,18561,29621,27206,18481,11212,18011,5000,16496,20474,20206,4960,16120,10598,10837,15712,11525,11046,976,10843,19316,17216,18273,9093,12616,22003,8889,23657,10894,9703,18481,5243,4317,2847,20824,19589,10245,10980,14032,9775,13849,15848,15481,14666,11443,25802,7921,27168,15856,16596,19550,14746,11443,10247,9449,10748,15108,9031,5000,16661,15431,22318,1572,23538,19909,1433,4808,10630,11525,20072,7999,17421,10170,19244,24247,4440,23415,17182,3143,22500,24777,16196,19376,10421,20723,10120,10748,22372,10841,5000,9599,11525,14542,19280,12754,21124,10155,10051,20934,11352,13307,2935,17493,20802,3211,22482,18084,10526,16966,14616,16662,14689,11415,4564,16523,14780,20285,20610,19469,25880,24339,10845,5006,8555,28744,4525,4768,3133,17112,20116,20673,21749,26404,18303,20073,15429,5000,9941,20308,27769,21891,20241,650,11415,10216,0,20961,18955,11223,2543,11556,15441,17673,18687,17443,5000,15379,4525,16084,10841,8337,5243,554,23027,23377,9254,26766,20870,17492,25469,15786,10841,10841,10028,20048,22078,20118,11408,3211,24941,22088,27186,5000,15770,11155,10618,14169,1176,11155,25927,20830,3268,14890,17790,15360,11225,10197,13708,13193,16017,19713,17936,10841,20763
16613,7512,9489,16699,15802,8536,19611,9709,1316,7074,13171,2692,12109,5869,15667,13566,6503,15529,11050,5248,9808,10149,6632,9442,10691,7580,9076,15891,9278,6440,10432,9709,4524,3887,7965,6767,10432,1557,14814,15608,8260,8136,13338,7232,11784,5782,16323,6769,15062,16905,6578,9667,6192,19611,7405,822,9924,17490,2454,8183,7960,6705,11784,6948,15997,7967,8653,7387,9186,7399,7968,9501,9178,9943,6168,7010,6737,13587,18928,15960,9197,6220,21751,20422,7104,7382,6757,2684,3690,7014,11702,10644,17926,12252,2692,7007,6192,7213,11702,6367,7757,11006,4151,8879,19611,9186,9278,9671,14916,10644,5859,14707,19420,10901,11784,7074,20080,7132,6443,7074,11985,15635,20743,3818,16991,10432,12252,7512,7074,7210,9290,6517,11006,11197,7965,19611,7436,11784,7512,6271,5570,9445,8611,7358,9316,11610,5589,16048,8068,151,16323,9463,6360,7355,8234,7512,3461,7256,11243,19175,9266,7279,6994,7200,6826,15667,11985,7969,16016,11990,15933,13790,19379,17366,6884,7629,9628,9012,11985,6630,6632,3227,19611,7248,10454,12301,6988,7492,15254,11249,7867,15886,0,4609,6831,16501,10012,2278,6328,8075,5976,19611,5265,15345,7231,7965,11772,14784,15372,10644,7770,9038,14972,7465,6010,15667,7245,7965,7965,6816,6884,6845,10240,11255,16323,14722,10508,12109,19611,1828,20101,10889,7512,14527,20251,14255,7353,16381,2583,8934,3606,9680,20318,1330,5444,2853,6317,6210,7965,193
19253,6501,9281,10631,18819,3819,15567,11633,3803,6063,14716,2345,12403,11111,15458,19953,2684,18442,13390,5871,11732,9941,6004,8430,10222,5034,11195,17115,8267,3894,10223,11633,334,2645,9888,2184,10223,4596,17717,16656,3431,7805,19628,6220,15944,6301,15961,1552,10923,10697,1994,11591,2374,16076,6393,4207,9715,22319,4493,10107,9884,5694,16910,10688,16213,9890,7642,6375,8175,9322,7636,9293,12585,5227,9649,8512,2154,17650,19239,15590,8989,1637,26654,25458,6486,8819,6014,5723,2814,8292,15853,5927,22507,12546,5732,5996,2862,6377,14493,7993,9683,14737,2909,11229,17475,8175,8267,4954,16008,5927,2303,17892,18865,14186,15711,6063,25130,6121,8925,6063,12279,18416,20535,1954,17557,10223,12546,6501,6063,9176,9082,8018,15658,10989,9888,16066,8953,16193,6501,1737,6193,9237,10534,8860,9107,13730,6108,15080,7056,4535,15843,9254,2776,9279,7223,6501,2585,6334,13167,17304,8255,6295,4448,2365,1991,15458,12279,9892,22491,13576,11879,17992,18472,20261,5873,5083,9419,4295,12279,2046,1481,2077,17303,8749,10245,12596,4442,4946,18203,13172,9790,17198,4693,0,10051,16940,11935,5317,845,7064,2469,15953,5785,18124,6359,9888,13891,17549,18254,5927,5323,10539,10927,4227,2503,15458,8187,9888,9888,8783,2300,4299,7727,13179,15701,17776,10300,12403,15579,4495,22805,14849,6501,16020,22927,18275,4807,18460,2236,7922,2730,11604,22976,4369,6068,5893,1482,1375,9888,4496
20543,8721,10481,17032,10607,11087,14416,4514,5689,10449,7976,7850,17393,6523,14884,11670,10606,10333,6872,3529,4613,11141,5964,10650,11422,12522,3881,10696,10487,12008,11423,4514,9760,6930,2769,10106,11423,6482,16552,10413,10700,3086,12060,8440,7619,3743,11128,9474,16871,18971,9917,4472,10296,14416,8613,6093,10915,14376,7379,2988,2765,7914,7619,6130,10802,2771,9862,8595,10394,2203,2918,10492,5187,12495,1490,1860,10076,14659,13733,10764,10189,9559,20856,18865,6435,4299,6089,7609,6544,4113,7537,14716,16437,17410,7617,8216,10784,8597,7537,1171,2564,6841,7194,3914,14416,10394,10487,13658,9721,14848,10332,11547,14224,6724,7619,10449,18415,8341,1076,10449,17098,13856,14714,6671,11795,11423,17555,8721,10449,1083,10282,2908,6841,12189,2769,14416,4287,7619,8721,8710,3416,10437,3415,1959,10307,7446,3969,10852,9276,6421,11128,10454,10699,2160,9443,8721,6315,8554,6048,13979,10475,8515,12072,10256,9882,14789,15644,2773,14422,6795,17684,13941,14184,13550,8093,12482,10619,11563,16804,9968,9404,6081,14416,1852,11445,16332,12182,12345,10059,6053,2671,10690,6579,9851,0,11306,4816,7203,8767,9283,10392,14416,4328,13941,8579,2769,6577,14659,10177,15781,12591,5046,16758,12083,10425,16658,4615,2769,2769,899,10223,12039,11232,6060,11128,16430,11500,15913,14416,6753,16848,6712,8721,9331,18824,17525,12161,11185,5437,11921,6459,4485,17211,6255,3855,7779,9372,9266,2769,6382
25622,15286,21852,28947,3096,20636,3631,11892,20708,19646,10412,14402,24436,13175,24895,2402,17640,2822,11416,13505,11991,22609,15520,16650,18321,23121,9451,1730,16510,21260,21944,11892,16683,14877,11479,20090,20018,14210,26704,2902,20476,13422,1192,14841,12163,13719,1135,20048,28764,26444,18022,11850,17493,3631,13826,21112,17179,3591,16152,11235,11474,16106,12163,12777,3291,11481,16285,15967,15246,9731,13253,18956,9526,23522,11532,10341,17988,3874,2948,1514,17794,19120,12411,13146,17598,8531,17251,17580,15146,8870,12081,23320,10087,24513,17588,13951,17151,17615,12081,10885,10087,11385,16215,9669,3631,16905,15411,22229,2891,23450,17938,2000,3439,11268,12163,19121,10165,14718,10808,20248,26618,3071,24766,16990,1610,21355,27161,14901,18529,11059,19521,10758,11385,21084,11479,3631,8340,12163,13295,18989,13392,22304,10793,10689,17921,11990,13945,1426,16332,21440,1135,19459,19307,11163,17331,14774,14763,14920,12053,3195,16708,15033,22204,18367,19167,22511,26735,11483,3637,9193,25250,3156,3399,2774,15876,19899,17773,23738,26304,19638,17859,16654,3631,10578,21210,25059,19681,22074,2548,12053,10854,3179,21598,18671,11861,0,12194,17173,19082,17341,16855,3631,14304,3156,13454,11479,8975,3874,2666,22929,23235,9892,28637,22835,18656,24405,9649,11479,11479,10666,17664,19886,18793,12046,1135,24115,20947,24566,3631,15748,13321,11256,17739,2979,13321,25115,20692,1193,14564,16579,16552,11863,12363,13648,13831,17749,17586,19422,11479,21401
28144,10707,12467,19259,11166,17486,14975,1683,9035,12435,8535,11196,19855,9869,15057,12230,13335,10893,3678,6516,1325,13127,10210,12636,13408,18224,4440,11256,12473,16694,13410,1683,13107,10276,3002,12835,13410,9828,17111,10973,17367,6433,12619,10426,4412,6730,11688,12837,20985,21407,12646,1641,13025,14975,10599,9439,12902,14935,10726,1541,2998,9900,4412,7097,11361,3004,11848,10582,12381,2798,6264,12479,5522,16951,4543,3458,12805,15219,14292,11324,12175,12288,22553,18123,10566,1909,10220,10956,9890,2360,4330,20804,19191,19798,10964,10202,12240,10583,4330,4002,3640,3634,10540,4474,14975,12381,12473,19713,10280,19006,13955,12107,14784,3530,4412,12435,19437,10327,3819,12435,19614,14416,16582,11828,12355,13410,21965,10707,12435,4070,12268,3875,3634,14175,3002,14975,1701,4412,10707,12056,6403,12423,2316,3806,12294,4239,6956,11412,11262,9767,11688,12441,13428,3160,11429,10707,9661,10540,1232,14539,12461,10501,15817,14871,12894,16544,21785,3006,14981,7355,18063,14501,14744,14110,10079,15286,12605,16781,19374,12697,12700,11580,14975,3696,13431,20307,16797,16991,10619,1237,3489,11250,9925,13197,4842,11865,0,10549,12744,11270,12024,14975,7315,14501,10565,3002,7137,15219,10736,18484,18397,5381,20845,16275,12058,14670,3124,3002,3002,3677,12952,15559,13218,1244,11688,16983,13486,19986,14975,10099,19730,3518,10707,9891,20083,17985,17969,11745,8783,13907,9806,1654,20305,9601,6841,11125,12385,12278,3002,9728
15902,8244,10237,17029,16379,7955,20188,10456,2665,7821,13748,3430,11561,5322,16414,13673,7241,16106,12644,5995,10556,10897,7379,10174,11439,7511,9653,16468,10010,6370,11179,10456,5776,4626,8712,7506,11179,1726,15209,16185,7567,8884,13499,7964,13392,6529,16900,7508,16944,17235,7316,10415,6931,20188,8137,3301,10671,16076,2385,8931,8708,7437,13392,6400,16574,8714,9385,8119,9918,8146,8715,10248,9926,7882,6916,7757,7476,15353,13390,16536,9944,6959,21461,20236,7851,7895,7505,406,4429,7536,13309,9455,19587,11705,415,7739,6930,7960,13309,7114,8504,12614,4890,9631,20188,9918,10010,8482,15493,9455,6132,14815,19996,12496,13392,7821,18065,7864,7191,7821,11437,15944,21490,4309,17567,11179,11705,8244,7821,7957,10038,7264,12614,11138,8712,20188,7945,13392,8244,7009,5568,10193,9358,8105,10063,13218,6336,16625,8799,2242,16900,10210,7098,8103,8966,8244,4200,8003,11991,13258,9998,8026,6924,7938,7565,16414,11437,8716,17874,12567,16318,14083,19956,15887,7616,7560,10375,8448,11437,7368,7371,3965,20188,7995,11201,11754,6919,7423,15831,11996,8614,16462,2400,5861,7578,17078,10759,0,7066,8807,6715,20188,6013,15668,7978,8712,12349,15135,15949,9455,7700,9785,15287,7396,6749,16414,7777,8712,8712,7333,7622,6776,10988,12003,16900,15123,11256,11561,20188,1759,18067,12484,8244,15103,18188,16088,7283,16958,3322,9666,4344,10428,18238,1260,6192,576,7055,6949,8712,2203
18362,6156,7825,10567,17552,3352,17418,12653,4943,5718,16778,3728,12338,12415,14002,20424,2339,17203,14939,6695,12752,8485,5659,8086,7231,4185,12018,17550,7922,4138,8767,12653,1890,2808,12240,1839,8767,5736,16260,18886,3366,9072,18190,5875,17681,7125,16297,707,10858,10633,1649,12611,2029,17959,6049,5347,8259,22676,5184,11997,12236,5349,16972,11955,18415,12242,7297,6031,7830,10342,8903,7836,13325,4760,10472,11006,1809,19671,19569,17600,7532,1292,24900,26170,6141,8610,5669,6863,3954,8061,14392,5460,25506,12482,6871,5651,2517,6032,14511,10520,10703,16366,3072,12052,17750,7830,7922,4488,18140,5460,2461,20203,19169,14357,17398,5718,23434,5776,9749,5718,12214,18676,19078,3094,18016,8767,12482,6156,5718,10000,7625,9285,17390,9533,12240,18021,8757,17973,6156,840,7016,7780,11554,11354,7651,13732,6932,15436,6711,5675,17794,7798,2431,11039,6878,6156,3725,5989,14187,17598,7910,5950,3868,1050,1075,14002,12214,12244,22852,14023,11814,20105,17052,20658,5528,4279,7963,3828,12214,1701,636,2846,15935,11243,8789,12531,3978,4141,16978,14192,11615,19479,5833,1981,10874,17313,12955,6457,0,6719,2124,17832,6608,20249,6014,12240,13533,19590,17029,5460,4375,13184,10862,3879,2158,14002,7895,12240,12240,9606,1955,3835,7383,14199,17680,16320,8843,12338,15823,5186,25849,15002,6156,18215,23586,16819,3958,17111,3376,7578,3870,12624,23644,5509,6891,7033,762,499,12240,5636
27419,1865,3418,19566,18590,10148,14618,11244,7014,4714,15072,6654,15084,11797,8470,19074,8134,18179,12584,4380,11343,3562,1740,1451,2022,10981,10609,14685,1288,11311,3844,11244,7957,6330,10831,7907,3844,7807,10729,16507,10019,11026,18285,914,13318,4603,14524,8382,19858,19632,7717,11202,7824,14932,1757,7418,1889,20153,8704,10588,10827,1507,13318,11398,16269,10833,957,1739,1195,8933,10857,3430,11916,11556,6442,9597,7877,16274,17096,14590,2538,7360,26127,26723,2222,4282,2568,8934,7869,3693,13236,12257,25962,14900,8942,1732,7823,2113,13236,9111,9294,12540,6594,10643,15026,1195,1288,11284,15648,12257,9114,17209,16517,12436,13318,4714,23819,1258,6717,4714,14886,16013,13547,7373,16808,3844,15033,1865,4714,8591,2445,8238,12540,3163,10831,14137,4498,13318,1865,7492,4701,3374,10145,9945,2712,13145,4403,13936,1114,7746,14095,3392,8041,7943,217,1865,7640,2070,12778,16892,1276,2031,10664,8813,8439,8470,13684,10835,18469,14889,20814,17123,14823,18993,1273,11075,3081,10624,13331,7769,8245,7406,13371,9834,3866,15378,10774,10937,16208,12783,10206,16955,7904,8042,7105,15733,11546,8528,7115,0,7608,13512,4581,15648,2095,10831,13306,14919,16307,12257,11171,11775,19862,10675,7642,8470,3112,10831,10831,8197,7985,10631,1785,12790,15791,10788,3920,15216,14704,8078,23984,12424,1865,17864,26707,11287,10754,17038,6762,1981,7784,11215,24375,7580,4576,9104,7929,7823,10831,7707
20096,5699,7367,12123,17328,5311,15076,11939,5064,5261,16632,3849,13895,15158,13544,20042,1623,16966,14296,5557,12038,8027,5202,7628,6774,6025,11305,17110,7465,5694,8309,11939,3446,2928,11527,1978,8309,5857,15803,16918,4923,11721,19555,5418,16588,5987,15771,2726,12415,12189,1783,11897,1313,15527,5591,5467,7801,19987,5605,11283,11522,4891,15805,13512,16532,11528,6840,5573,7372,9629,11553,7378,12611,6718,9758,10292,1547,17026,18890,17122,7075,2019,27847,26352,5684,7443,5212,6984,4075,6871,14612,7419,25657,14038,6992,5194,919,5575,14761,9806,9989,15313,3192,11339,15401,7372,7465,6446,17834,7419,4018,18007,16729,14898,16260,5261,25974,5318,9035,5261,13771,19806,18621,3215,15992,8309,14038,5699,5261,9286,7168,11543,16346,9075,11527,15715,7607,16909,5699,2396,5879,7323,10841,10640,7193,13840,5794,14960,6254,5795,17134,7340,1087,10325,6421,5699,3846,5532,13473,18706,7452,5493,5708,3069,3094,13544,13771,11531,20155,13763,13371,17519,16427,20230,5071,6119,7505,5787,13771,1539,2655,2967,16758,10530,8331,14088,5818,5981,18429,13479,10902,19225,5954,3537,10161,18577,12242,6578,2019,6261,0,15429,5470,17647,5557,11527,13306,17007,16786,7419,6814,12470,12419,5719,219,13544,6628,11527,11527,8893,1473,5675,6925,13485,15524,15862,8386,13895,15110,5607,23623,14121,5699,16378,23787,16361,5798,16631,3497,7120,3991,11910,26306,5629,5753,7153,2973,2867,11527,5756
27115,20768,19716,24492,6149,21605,0,14920,19053,17657,13440,14784,23528,16204,20579,4257,17892,5876,14445,16534,15019,20348,20155,15741,14585,20062,12480,4184,22533,20323,19733,14920,15688,15151,14508,16977,18020,13546,24685,5956,21444,16451,2794,20487,15192,16748,3589,17022,26787,27187,16741,14878,17794,0,20660,19457,15018,3258,14128,14264,14503,19960,15192,15805,6344,14510,15466,20642,22441,12760,16282,16952,12555,22540,14561,13370,18365,848,683,3968,17294,17773,16480,14931,20627,6524,20280,20974,14103,6926,15110,22443,11873,23560,20982,20262,15718,20644,15110,13914,13115,14414,13600,12698,0,22441,22533,21370,5538,24882,17107,3854,191,14297,15192,17139,11950,20387,13837,18233,23254,964,20503,16074,4256,19098,23692,20768,16733,14088,17218,13787,14414,18657,14508,0,6319,15192,20768,16227,16421,18365,13822,13717,15850,15019,16974,3880,15623,19785,3589,19323,16104,14666,13479,20768,13706,20600,15082,436,22521,20562,19252,17248,18043,20514,25766,14512,3303,12222,25789,954,232,3761,20140,18903,15815,22622,22981,16506,16722,14092,0,13607,18920,24100,20654,20980,5602,15082,13996,6233,19943,17583,14890,3468,15223,20567,16179,14892,17005,0,17333,954,20626,14508,12004,848,5719,22046,20186,12921,26654,21820,15527,22214,7705,14508,14508,13695,17968,20927,16350,15075,3589,24553,18699,23660,0,13707,15106,14285,20768,6008,15106,25664,21811,3185,13554,15824,15398,14891,14148,19619,16859,21143,18217,18232,14508,19746
24348,4112,5872,13396,15271,8009,19948,10048,7082,5765,13508,5867,13518,13266,12049,14452,6935,13482,12405,4356,10147,6532,3499,6041,6813,8841,9413,16229,5878,9171,6814,10048,5787,4946,9635,6435,6814,7875,14308,14851,7803,9830,15256,3831,13152,4580,16661,6242,15101,14958,6245,10006,6625,19948,4004,7485,6306,17431,7623,9392,9631,3305,13152,12294,16334,9637,5253,3986,5785,7737,9661,5883,10719,9416,7867,8401,6405,20192,19265,16297,5580,5888,22835,23212,3971,3895,3625,9002,6093,3364,13070,10117,20381,13446,9010,3607,5645,3988,13070,7915,8098,12374,5210,9447,19948,5785,5878,9144,15253,10117,8064,15786,19757,12257,13152,5765,20652,3732,7143,5765,14642,15050,17126,5233,17328,6814,13577,4112,5765,7394,5673,9651,11344,7580,9635,19948,4036,12122,4112,5988,4678,5828,8949,8749,5698,11949,4379,16385,4667,7814,16661,5845,7027,8433,4834,4112,5864,3945,11582,19512,5866,3906,8524,6673,6299,12049,14816,9639,15992,12328,16057,19474,19717,16307,3484,8935,6010,8484,16544,6297,6105,4985,19948,8638,6836,15374,8634,8797,15592,11587,9010,13954,7972,5872,8269,16838,10350,8596,5610,4675,5429,19948,0,13309,3970,9635,12110,20192,13295,10117,9031,10579,15105,8535,5463,12049,3323,9635,9635,7001,6551,8491,6623,11594,16661,14367,6891,13648,19948,7625,20791,12244,4112,14864,23168,14866,8614,16718,5515,7174,6009,10019,23310,7647,4553,9171,5790,5683,9635,7775
25846,13499,22131,26700,5675,24012,915,14446,14058,18231,12966,17170,25696,15729,22755,3782,20336,5401,13970,16059,14545,20630,15735,18029,16765,24499,12005,3709,14637,22695,20083,14446,19685,17563,14033,21144,20200,15644,27113,5481,23849,15976,2319,14881,14717,14779,3114,21184,29218,26874,18950,14404,18358,915,15344,15783,18920,2783,17848,13790,14029,16256,14717,15331,5870,14035,16155,14575,14986,12285,15807,21088,12081,24923,14086,12895,20804,1159,714,3493,19677,20201,14123,14456,20152,7989,19806,15076,16279,8437,14635,27119,11398,28365,15068,15537,17937,20169,14635,13439,12641,13940,17398,12223,915,15094,13557,23528,5063,24738,21219,3380,724,13822,14717,17762,11476,14867,13362,18751,28017,10,25004,18431,3782,19499,28510,14957,18944,13613,19605,13312,13940,21006,14033,915,7776,14717,14591,18402,15946,20566,13347,13243,18020,14544,16499,3405,17995,15489,3114,19726,20194,14191,17201,13402,15884,15017,14607,479,14850,13743,23601,19441,20443,25010,28151,14037,2829,11747,28213,0,684,3286,14513,23234,18007,25027,25145,18718,18916,17926,915,13133,19332,26277,20908,23379,5127,14607,13408,5758,13923,19976,14415,2993,14748,14216,18372,17246,19450,915,14669,0,13564,14033,11529,1159,5245,26682,24632,12446,26388,24208,19556,22334,9207,14033,14033,13220,18517,21149,18700,14600,3114,24479,19140,28467,915,15785,14632,13810,20293,5533,14632,28092,24195,2710,15723,18174,17797,14417,13673,15119,16385,14793,18711,20642,14033,14059
25671,1431,4757,16488,14502,9688,21142,11241,6168,4168,14701,5808,15490,14459,10393,16530,7674,14128,12581,3534,11340,5191,627,3375,2973,10521,10606,17422,3211,10850,5473,11241,7496,5484,10828,7446,5473,6961,12652,14135,9955,11023,15786,1164,13315,3758,17854,7921,16780,14735,7257,11199,7363,21142,1323,6572,3227,17795,7859,10585,10824,1510,13315,10614,15300,10830,2586,1305,3119,8930,10855,4768,11913,11095,5596,9594,7416,21385,14694,17490,3876,6899,23702,24068,127,3401,473,8089,7023,2820,13233,11796,21149,13951,8097,363,7363,18,13233,9108,9291,12537,5748,10640,21142,3119,3211,10823,13284,13284,8653,16409,20950,12433,13315,4168,23603,1786,5871,4168,13836,15344,15470,7081,18521,5473,14080,1431,4168,8588,3783,7392,12537,4792,10828,21142,3575,13315,1431,7032,3856,4713,10142,9942,4050,13142,3557,17578,2453,6900,17854,4730,7581,7097,2167,1431,6794,25,12775,20705,3199,48,10203,8352,7978,10393,14002,10832,17995,13521,17736,13447,20910,18469,1276,10614,3841,10164,13622,7308,7784,6560,21142,9832,5495,15910,10313,10476,13845,12780,10203,14593,7058,7581,6259,14828,11543,7682,6654,2008,7147,21142,3736,14950,0,10828,13303,21385,13941,11796,10710,11772,16784,10214,7181,10393,2609,10828,10828,8194,7524,10170,3124,12787,17854,12711,5550,14182,21142,7232,21573,12421,1431,15225,24047,13210,10293,17911,5916,3319,6939,11212,24202,6734,3731,8258,7469,7362,10828,6861
24510,8546,10306,16893,10647,12442,14456,3524,6874,10274,8016,9035,16482,7708,16483,11711,11369,10374,4865,4355,3623,10966,8049,10475,11247,13275,3921,10736,10312,13605,11248,3524,10945,8115,0,10869,11248,7667,16320,10453,11885,4272,12100,8265,5599,4568,11168,10676,18415,18812,10679,3482,11058,14456,8438,7278,10740,14416,8564,543,5,7739,5599,7315,10842,0,9687,8420,10219,2279,4103,10317,5002,14879,2315,2939,10839,14700,13773,10805,10014,10322,19971,19836,8531,3002,8059,8794,7729,2837,5517,15460,19070,18140,8802,8041,10078,8422,5517,2356,1709,4821,8379,3955,14456,10219,10312,15912,9761,17185,11517,11588,14265,4716,5599,10274,19356,8166,1658,10274,17886,13896,21560,9667,11835,11248,18285,8546,10274,1909,10107,4093,4821,12014,0,14456,2991,5599,8546,9895,4241,10262,2715,3287,10132,5425,4795,10893,9101,7606,11168,10279,11461,1218,9268,8546,7500,8379,5058,14020,10300,8340,12958,11107,10733,16483,18044,4,14462,6835,17431,13981,14224,13591,7918,13369,10444,13413,15975,10731,10539,9418,14456,3176,11270,18717,13068,13231,10099,5064,1729,10731,7764,11036,2680,11346,3827,8388,9952,9108,9863,14456,5154,13981,8404,0,6617,14700,10217,15064,14589,4862,18283,12969,9897,16483,3391,4,0,1516,10985,12925,11057,5071,11168,16190,11325,16614,14456,7938,17740,4704,8546,9372,17999,15696,13048,11226,6622,11745,7644,3495,20007,7440,4680,8964,10223,10117,0,7567
19822,12997,18468,25254,7384,18473,11193,7132,12854,14638,4753,14508,20476,7985,19560,8447,15495,7111,6668,8764,7231,17583,12500,15809,15177,17040,4709,7473,14763,15333,16929,7132,14702,13831,6821,15999,18762,13647,20964,7190,16594,10252,8837,12716,7415,8977,7905,14420,25098,25457,14334,7090,15283,11193,12889,13258,14493,11153,16508,6476,6816,12190,7415,7586,7579,6823,13783,12871,14670,4989,10083,15992,3173,17390,6790,5599,15800,11436,10510,7541,16533,13627,14968,15702,12856,7531,12510,12537,14978,7673,7333,21329,12644,20574,12545,12492,14991,12873,7333,6143,5345,6638,14095,4921,11193,14670,14763,18259,6498,19481,15412,8324,11002,6520,7415,14164,12721,12617,6066,16750,20187,10633,19391,14118,8572,18145,22817,12997,16880,6317,14901,6016,6638,16455,6821,11193,7395,7415,12997,14735,8650,18822,6135,5947,15077,7242,9203,7630,13669,13586,7905,18057,13944,6979,14584,12997,14749,12830,7305,10757,14751,12791,17858,14564,14922,19471,22358,6825,11199,501,21996,10718,10961,10328,12369,17644,14777,19447,19898,14157,14073,13870,11193,5837,16377,23278,15765,17783,6836,7305,7307,7468,13744,14787,8660,8083,8549,12131,14916,13559,14666,11193,9562,10718,12855,6821,0,11436,6954,20903,17134,3539,22664,18499,13353,21048,8392,6821,6821,5924,14046,17576,14460,7298,7905,20858,16089,20605,11193,16510,15877,6508,12997,6108,15877,24068,16749,7963,14400,15444,14894,7103,14919,13420,9089,12706,13755,15212,6821,13547
25746,21011,21352,26006,6393,21198,848,15163,14905,17541,13683,16543,27691,16447,22038,4500,19632,6119,14688,16777,15263,19911,13572,15618,17691,23871,12723,4427,15316,20034,19369,15163,19051,15342,14751,18567,21478,16674,23900,6199,23203,16694,3037,14162,15435,16991,3832,20517,25813,26179,20201,15122,17728,848,20903,13790,16441,3501,17304,14507,14746,15472,15435,16048,6587,14753,16999,13860,14249,13003,16525,18421,12798,24299,14804,13613,18248,0,926,4211,18882,19527,14665,15151,20870,7424,20523,21217,17303,7873,15353,24039,12093,27726,21225,14756,19062,20887,15353,14157,13358,14657,16748,12941,848,15824,22776,25312,5781,24172,18700,4097,656,14540,15435,17074,12170,14157,14080,18058,27389,1207,21974,16176,4499,18782,25288,21011,20119,14331,18812,14030,14657,18328,14751,848,7210,15435,21011,17824,16664,19865,14065,13961,17302,15262,17217,4123,17197,14922,3832,20964,17683,14909,14876,21011,15303,20843,15325,695,14110,20805,20848,18843,17967,24222,27525,14755,3547,12465,27439,1197,616,4004,13801,22594,19068,22121,24577,19941,20188,17291,848,13850,18611,25696,20335,22739,5845,15325,14239,6476,13414,19342,15133,3711,15466,13732,17774,16443,18745,848,17576,1197,20869,14751,12247,0,5962,26058,21782,13164,28316,21393,18855,23829,8643,14751,14751,13938,17885,22686,16237,15318,3832,23779,20306,25256,848,15283,15326,14528,21011,6251,15326,27320,21385,3428,15150,17370,17157,15135,14368,16106,17103,21386,18124,18138,14751,14939
23728,16159,20110,26362,470,20241,5334,10740,19557,19868,9260,15511,23921,11555,25245,1656,17544,197,10265,12354,10839,23020,14497,19116,18767,20499,8300,2265,17340,18786,20250,10740,16314,16131,10328,19853,20350,13671,24388,276,22123,12271,2783,15346,11012,12567,2154,17916,28893,29257,19652,10698,17357,5334,14315,19961,19487,5294,14017,10084,10323,16596,11012,11903,706,10329,16879,14967,15942,8579,12102,19304,8375,22972,10380,9189,17829,5577,4651,2334,20101,18874,9975,10709,14747,9333,16100,15577,14838,9600,10930,25122,7651,24029,15585,14403,17081,16463,10930,9734,8935,10234,15937,8518,5334,16023,14808,23918,1058,22922,17440,1533,5143,10116,11012,17550,7728,16699,9657,20481,26044,4774,22754,14959,2629,19755,24156,15480,18714,9908,18146,9607,10234,19646,10328,5334,9160,11012,13898,18578,12240,20463,9642,9537,18336,10838,12794,2422,18562,20289,2154,19737,17428,10012,16320,13969,14473,15472,10902,4898,15888,14128,21670,19903,17027,22820,26148,10332,5340,8042,25418,4859,5102,3233,14872,21476,19945,21119,23340,17651,19364,14787,5334,9427,21658,24575,21199,19611,137,10902,9703,554,20447,16562,10710,2029,11043,15170,18769,17973,18501,5334,14653,4859,15365,10328,7824,5577,0,22410,22692,8741,26105,22314,16836,22447,15118,10328,10328,9515,17536,19408,19402,10895,2154,26760,21362,26506,5334,15093,10884,10104,13525,906,10884,27847,20207,2212,15702,18893,16219,10711,9926,15439,12679,15746,17246,19062,10328,20250
19521,16265,13621,8747,25239,5512,21658,15460,9272,11259,22593,8057,11145,15695,27075,26465,6375,22573,21480,10211,15496,14281,10276,13481,12740,5208,15663,23694,14228,3614,14563,17146,6587,7136,16020,5424,14563,10065,28779,24778,2123,12352,26215,11384,24277,10641,24237,4399,9038,8813,5613,17303,6064,22171,11557,9676,14055,28969,9813,15803,14631,10858,23590,13471,22010,16591,12806,11539,13700,15387,12183,13632,16923,5180,15108,15018,5543,23748,23512,23782,13329,6387,29116,31279,10747,17267,10401,11192,8283,16511,20408,4624,27840,11288,11200,11160,6553,14547,20525,15969,14983,22952,7400,16854,24183,13585,16522,4908,21890,4624,5186,23787,25558,20285,21782,11259,28136,11285,15787,11259,11021,26999,31597,7423,21866,14563,11288,11665,11259,14215,13422,15861,21748,15329,16637,22135,19266,24559,13586,5537,10533,13577,15785,16826,13447,21767,15186,21094,12220,10004,24139,13594,6467,15393,12387,13291,8054,10899,18745,23365,15426,10923,2967,4083,4591,27075,11021,16936,29136,19481,9995,26537,22823,28885,11037,3378,13759,5022,11021,5837,4977,7175,21790,16680,14585,11337,3077,3240,22375,20518,16660,25380,10162,6678,14318,25272,20373,10786,5041,12228,7219,24299,10124,24209,10874,16603,18965,23642,24699,0,5276,18662,9043,2978,7253,27075,16165,14717,15846,15929,5991,2934,12891,20706,21728,28838,14640,11145,23881,9815,28084,23086,15150,24021,31032,29337,3057,22751,7705,13086,8199,17072,31047,9837,10408,11361,4681,4575,14507,9965
19091,11312,13304,8749,21083,1680,19797,13631,8955,10942,18689,7740,6912,14897,27550,22180,5489,20753,19434,9894,13701,13964,9959,13241,12387,190,15213,21661,13078,2102,14246,13719,5789,6819,15440,4538,14246,7302,29254,20664,1549,11553,24181,11031,22240,10324,22193,3514,9041,8816,4728,13864,5179,22386,11204,9359,13738,26925,6635,15387,15435,10504,19564,14437,20198,13277,12453,11186,12985,13528,11385,13315,16621,406,13671,14205,4657,21889,23867,21746,13012,5588,30323,29417,10430,17145,10084,8432,7966,16325,20479,2048,26137,7055,8441,10806,5667,10539,18696,12039,13902,18975,7083,16529,22132,12985,14774,1075,22112,2048,3407,24200,23509,20311,19939,10942,29134,10931,12948,10942,6788,22636,32072,7106,22074,14246,7055,11312,10942,13199,13105,12146,19897,15012,14630,22347,15760,22519,11312,4739,10216,13260,13936,13406,13130,19754,10131,21208,11867,9687,22091,13277,5581,14930,12034,11312,7737,10582,16951,23704,13065,10606,1133,3197,4274,27550,6788,13572,27093,17647,9997,24486,20964,24369,10684,1543,13442,1040,6788,4951,3637,6858,21966,14630,14268,7105,1565,1405,22651,18519,14612,21210,9845,5880,14074,21082,16692,8026,4221,11874,6421,22248,9807,22349,10557,13237,18884,24007,20588,2048,0,15081,9045,708,6455,27550,16001,15440,15440,12806,5105,1422,12538,18713,19874,29313,14323,6912,21830,6637,26394,19091,11312,19987,26478,29812,595,23037,7388,12733,7882,15063,26500,6945,10091,8602,4364,4258,15440,9648
21800,10892,15791,20524,7893,16120,11702,5045,7870,12290,5261,12403,18436,4557,18880,8956,13715,7619,5596,6658,5144,15151,10395,12821,13854,14974,2604,7982,12658,14651,15978,5045,12596,11726,4632,13214,16082,8663,18557,7699,15943,6575,9346,10611,6343,6872,8414,13022,22459,22823,13025,5003,13404,11702,10784,8274,13086,11662,10814,4388,4627,10084,6343,4158,8087,4634,12033,10766,12565,2884,6406,13561,755,16909,4685,2543,13185,11945,11019,8050,12360,12667,16888,13462,10877,6087,10404,10211,12873,6136,6261,17325,13152,18508,10219,10387,12424,10768,6261,3087,3240,5565,11990,1547,11702,12565,12658,16236,7006,19239,14389,8833,11510,5447,6343,12290,13230,10511,3961,12290,18152,11142,18697,12013,9081,14032,20542,10892,12290,4212,12453,2960,5565,14040,4632,11702,5984,6343,10892,12768,6545,14654,3946,2890,12478,6169,7098,8138,11447,8602,8414,13953,13807,4316,11614,10892,12644,10725,6233,11265,12645,10686,15589,13453,13079,18782,20127,4636,11708,3407,21589,11227,11470,10836,10264,13888,12790,17113,19695,13077,12885,11764,11702,2780,13947,21000,15070,15449,7345,6233,4007,7976,8760,12681,5014,8592,5347,9805,12928,11454,12209,11702,7457,11227,10750,4632,3189,11945,7463,16932,16621,0,20268,16217,12243,18370,6807,4632,4632,3819,13331,15301,13403,6226,8414,20335,13658,20464,11702,8934,16386,5435,10892,6617,14802,19433,16190,8471,12295,13954,12788,5016,14953,8435,6984,10380,12569,12463,4632,8563
29003,13622,17218,2057,29379,7421,26317,16948,14403,16582,26985,13236,15466,19482,12132,30209,11539,28974,21399,15116,16360,16581,15698,18037,18420,8722,18302,27255,18469,9052,16863,17237,12060,12559,16784,10588,16863,15155,13836,28936,7659,16367,26870,16707,23342,16063,24836,9563,4,2123,10778,19067,11228,26727,16880,14315,16899,31859,13967,19389,16407,16181,22501,19697,28541,15724,17686,16863,18377,19771,18460,17230,20542,9089,14988,19708,10707,25610,26061,27229,17488,11462,34699,33368,14750,16792,14632,15539,13705,16014,23463,9790,32734,15610,15442,16483,11717,14624,23646,19221,19245,24595,12823,22014,26706,18377,13706,8817,28083,9790,10357,27253,25591,22178,25308,16582,36395,16608,16555,16582,15342,29470,16654,12846,27810,16863,15610,16988,16582,17833,17582,19349,23229,16182,16476,27157,17079,23681,14689,11009,15316,17174,17770,17963,17607,22768,14821,24094,18437,16295,24524,17191,11631,17357,17710,16988,13477,16322,21126,28528,18457,16345,8405,9247,10014,12132,15342,16237,32055,25457,948,26267,27940,29351,16360,8816,17356,8157,15342,11001,9696,12597,26449,17851,16885,15659,8515,8678,26031,19400,19371,29500,16501,12150,18470,25983,18913,16849,10463,17551,12294,24183,15547,29084,16297,16588,24980,25691,28772,9790,9185,22338,0,8416,12328,12132,16765,17701,16702,18446,11155,8372,17152,19446,27118,13896,16939,15466,26379,13984,36461,25001,13660,28389,33247,14395,8495,28366,13127,17335,13621,16839,36732,14287,13698,15816,10104,9998,15277,14979
19203,10675,12824,8270,20743,1879,21393,15372,8475,10237,18354,7260,7490,14417,18977,21829,5009,22496,17235,9414,13285,13484,9967,12604,14026,302,14783,21264,12441,1622,13766,13311,5310,6340,14960,4058,13766,6822,20681,22401,1070,11074,21579,10394,21795,9844,19765,3034,8561,8336,4248,13455,4699,19921,10567,8879,13258,26516,6155,14939,14955,9868,19156,13957,21891,14962,11816,10549,12348,13062,10905,12835,16227,674,13192,13726,4177,21497,23452,21345,12532,5109,27267,29110,10438,16683,10092,7953,7486,15864,18169,2247,28495,7634,7961,10170,5187,10547,20153,11262,13420,18572,6604,14623,21708,12348,12441,1274,19714,2247,2927,21608,20949,19874,21529,10237,28821,10295,12468,10237,7366,24526,23499,6626,21682,13766,7634,10675,10237,12719,12625,11287,21487,14532,14960,21928,15341,22076,10675,4259,9736,12780,14915,14073,12650,19301,9651,20803,11230,9207,19666,12797,5101,12548,11397,10675,7257,10591,16534,21129,12429,10469,619,2717,3795,18977,7366,14964,24211,19063,9517,24062,20586,26466,10047,1063,12962,1239,7366,4471,3158,6378,21539,13963,13788,7683,1085,925,22272,16388,14335,23002,9365,5400,13594,20718,17938,7546,3741,11237,5941,19797,9328,21964,10565,14960,16784,23579,20245,2247,492,14713,8566,0,5975,18977,15542,14960,14960,12326,4625,942,13575,18256,19504,20740,13843,7490,19420,6157,28784,20603,10675,21662,26205,21239,448,22634,6908,12096,7402,14609,26230,6465,9611,8122,3204,3097,14960,9168
21980,5733,7401,12157,17377,5345,16722,11973,5098,5294,15129,3883,13929,15191,13578,18246,1657,17016,13313,5747,12072,8061,5236,7662,6808,6852,11339,15589,7499,5728,8343,11973,3480,2962,11561,2012,8343,5891,15837,18700,4957,11755,19633,5452,15171,6198,15848,2760,12449,12223,1817,11931,1347,15627,5625,5501,7835,20072,5639,11317,11556,4925,14465,13546,16576,11562,6874,5607,7406,9663,11587,7412,12645,6752,9792,10326,1581,18882,17225,15603,7109,2052,25260,26368,5718,7569,5245,7018,4109,6999,13390,7453,25675,14072,7026,5228,953,5609,14905,9840,10023,15441,3226,11373,15494,7406,7499,6480,16235,7453,4052,19911,18538,13622,16397,5294,23583,5352,9069,5294,13805,18065,18655,3249,17693,8343,14072,5733,5294,9320,7202,11576,14947,9109,11561,15803,7731,17039,5733,2430,6068,7357,10875,10674,7227,13874,6006,15032,6288,5829,15630,7374,1121,10359,6455,5733,3880,5566,13507,17059,7486,5527,6534,3103,3128,13578,13805,11565,22307,15225,13405,17615,18201,22374,5105,6945,7539,5821,13805,1573,2689,3000,16864,10564,8365,14122,6644,6808,16773,13512,10936,19280,5988,3571,10195,16927,12275,6612,2053,6295,219,17113,5682,17744,5591,11561,14717,17107,18557,7453,6848,12504,12453,6545,0,13578,6761,11561,11561,8927,1507,6501,6959,13519,17194,15896,8420,13929,16758,5641,23636,15684,5733,18097,26229,16395,6624,18411,3531,7154,4024,11944,26315,5663,5943,7187,3800,3694,11561,5790
28494,9788,7285,12510,23006,17101,21903,18522,14785,12015,20959,14400,28322,16199,0,23637,15523,24946,19152,12605,18621,6648,9663,7622,8487,18402,14570,23105,8592,18732,6930,13292,15346,14077,18110,15296,6930,15578,4479,24928,17339,14745,23022,8837,21127,12829,20964,15771,12801,12576,15106,14694,15213,22272,9681,15188,6966,24915,16475,15053,18105,9286,20173,14780,22303,18112,7753,9663,8500,15648,13674,7297,17023,26766,16342,14239,15266,21503,22094,23048,6850,14749,34817,30030,10145,9424,13088,16705,15639,8844,17074,26210,29370,28466,16713,9655,14951,10036,17245,13848,13723,20047,14341,17984,20234,8500,8592,26494,24032,26210,16503,25906,21598,18136,20689,12015,32678,9059,15618,12015,28198,22692,7297,14762,21495,6930,28466,9788,12015,15869,6944,15462,21035,6249,18110,22800,9643,19516,9788,14881,12927,7241,15298,14265,6969,16458,12628,22351,8656,15517,20602,7259,15119,14856,8690,9788,15411,9993,14920,24151,8580,9954,18085,16202,15828,0,28198,18114,27660,19490,13757,24487,21390,28083,9196,18496,7423,17837,28198,15158,15634,14514,22030,14164,6952,28515,18195,18358,22363,16757,13826,23108,15675,15431,16744,22143,16169,16299,14504,8533,14997,20154,12806,24616,10018,18110,19097,21620,24741,26210,26862,16667,12806,18096,15031,0,8212,18110,18110,15476,15412,18052,7220,16784,20745,4538,7006,28322,19939,15849,32791,20499,9788,24461,29951,5037,18175,24119,14532,7402,15555,18493,30057,15350,12801,16874,15318,15212,18110,15477
26171,1206,6738,17172,15713,14917,7576,3404,6870,5865,9728,6928,17392,7718,8477,15884,7139,15316,5793,4076,2501,6876,3133,3273,4312,15807,5210,9040,1995,13241,6587,3711,8024,6660,2275,8020,6686,7895,13424,15374,13465,7136,14951,2966,6581,3960,8731,8281,15341,15733,7796,3625,7257,7703,2686,7063,4250,16409,8535,3935,3702,3167,5883,7434,15235,2203,3359,2945,2357,4995,7005,5940,7280,14758,3095,5385,7624,8464,9263,8922,4845,7612,24035,24093,2549,1254,3110,7500,7083,780,4941,16534,23313,17267,7412,2910,6770,1610,5081,5400,4787,6012,6651,6416,7858,2455,1142,17257,9871,18359,9269,14368,8835,6242,6244,5599,21393,3262,4317,6131,17186,9489,8506,7918,9486,6092,17393,2420,6339,3936,4834,5707,6606,5478,3191,8301,1477,6860,1974,8297,4100,7223,4231,5190,5033,4545,2817,8425,3712,7209,8331,6523,7047,4100,3020,2197,6860,2557,3280,9122,2187,2644,15149,8550,8326,8452,17355,2495,15075,8525,15786,9132,8779,17441,2977,9894,5310,14394,18717,7572,8195,7149,7642,5187,5912,17733,9938,9984,14991,3675,4788,14322,7245,8187,4615,9649,3124,7777,7895,3112,6628,7705,3323,9207,2609,3391,8392,8643,13717,17816,14518,6807,15211,14102,6761,8212,0,3106,2399,4406,7309,14890,3987,3611,8615,14651,5864,17517,7651,8193,23830,6431,1921,13828,21916,14274,14159,9429,6927,3655,7008,3205,22096,7815,3856,7501,8306,8255,2371,7381
22375,8546,10306,16368,10647,12272,14456,3524,6874,10274,8016,9035,17766,7708,16483,11711,11174,10374,4865,4355,3623,10966,8049,10475,11247,13275,3921,10736,10312,13605,11248,3524,10945,8115,2,10674,11248,7667,15735,10453,11885,4272,12100,8265,5599,4568,11168,10676,17833,16543,10484,3482,10864,14456,8438,7278,10740,14416,8564,543,5,7739,5599,7315,10842,2,9687,8420,10219,2279,4103,10317,5002,13680,2381,2939,10644,14700,13773,10805,10014,10127,20507,18548,8531,2861,8059,8794,7729,2619,5517,16655,17854,16085,8802,8041,10078,8422,5517,2356,1709,4821,8379,3955,14456,10219,10312,15541,9761,15243,11517,11588,14265,4716,5599,10274,19965,8166,1658,10274,15869,13896,21560,9667,11835,11248,17874,8546,10274,1909,10107,4093,4821,12014,2,14456,2881,5599,8546,9895,4241,10262,2715,3287,10132,5425,4795,10893,9101,7606,11168,10279,10246,1218,9268,8546,7500,8379,5058,14020,10300,8340,12958,11107,10733,16483,17652,4,14462,6835,15281,13981,14224,14773,7918,13369,10444,12748,15621,10536,10539,9418,14456,3176,11270,16605,13068,13231,10099,5064,1729,10731,7764,11036,2711,11346,3827,8388,9952,9108,9863,14456,5154,13981,8404,2,6617,14700,10217,16221,13776,4862,16060,12969,9897,16483,3106,0,0,1516,10790,12925,11057,5071,11168,14157,11325,16251,14456,7938,20159,4704,8546,9372,18547,16714,13048,11226,6622,11745,7644,3495,18699,7440,4680,8964,10223,10117,0,7567
23045,8546,10306,17057,10647,12272,14456,3524,6874,10274,8016,9035,15734,7708,16483,11711,11174,10374,4865,4355,3623,10966,8049,10475,11247,13275,3921,10736,10312,13605,11248,3524,10945,8115,0,10674,11248,7667,13359,10453,11885,4272,12100,8265,5599,4568,11168,10676,16838,17245,10484,3482,10864,14456,8438,7278,10740,13830,8564,543,5,7739,5599,7315,10842,4,9687,8420,10219,2279,4103,10317,5002,13680,2381,2939,10644,14700,13773,10805,10014,10127,21688,21734,8531,2475,8059,8794,7729,2078,5517,16275,19024,15673,8802,8041,10078,8422,5517,2356,1709,4821,8379,3955,14456,10219,10312,13791,9761,14896,11517,11588,14265,4716,5599,10274,21254,8166,1658,10274,15496,13896,21560,9667,11835,11248,15804,8546,10274,1909,10107,4093,4821,12014,0,14456,2561,5599,8546,9895,4241,10262,2715,3287,10132,5425,4795,10893,9101,7606,11168,10279,10246,1218,9268,8546,7500,8379,5058,14020,10300,8340,12958,11107,10733,16483,15651,4,14011,6835,14351,13981,14224,15929,7918,13369,10444,12748,16819,10536,10539,9418,14456,3176,11270,17833,13068,13231,10099,5064,1729,10731,7764,11036,2711,11346,3827,8388,9952,9108,9863,14456,5154,13981,8404,0,6617,14700,10217,14377,13776,4862,15154,12969,9897,16483,2399,0,0,1516,10790,12925,11057,5071,11168,13237,11325,15865,14456,7938,19462,4704,8546,9372,21737,15701,13048,11226,6622,11745,7644,3495,19875,7440,4680,8964,10223,10117,0,7567
20837,7486,9246,17016,10348,11229,14157,4255,5831,9214,7717,7992,15909,6664,13434,11411,10114,10075,6613,3251,4354,9906,6989,9415,10187,12215,3622,10437,9252,12545,10188,4255,9902,7071,2454,9614,10188,6623,14988,10154,10841,3228,11801,7205,7361,3465,10869,9616,18572,18953,9424,4213,9804,14157,7378,6234,9680,14117,7521,2672,2449,6679,7361,6271,10543,2455,8627,7360,9160,1944,3059,9257,4928,12637,1278,2608,9584,14400,13474,10505,8954,9067,19080,19002,7471,4077,6999,7751,6685,3896,7278,16368,16558,15917,7759,6981,9019,7362,7278,1313,2336,6583,7335,3656,14157,9160,9252,13798,9462,16514,10473,11288,13965,6465,7361,9214,18547,7106,554,9214,15644,13597,13289,8607,11536,10188,17690,7486,9214,805,9047,3049,6583,10954,2454,14157,4064,7361,7486,8852,3138,9202,3156,2100,9072,7187,3661,10594,8041,6562,10869,9219,9186,1844,8208,7486,6456,7319,5789,13721,9240,7280,11898,10047,9673,14714,15777,2458,14163,6536,17648,13682,13925,13292,6858,12309,9384,11705,16950,9476,9479,8359,14157,1993,10210,18133,12008,12171,9800,5794,2356,10432,6720,9993,1667,11047,4557,7344,8909,8049,8803,14157,4050,13682,7344,2454,6318,14400,9918,14453,12733,4787,16736,11909,8837,15423,4406,2454,2454,0,9730,11865,9997,5801,10869,16395,10265,17681,14157,6895,18708,6453,7486,9072,17211,17494,11988,10927,5578,10686,6601,4226,19119,6396,3546,7920,9164,9057,2454,6523
21843,6075,7744,11935,18073,5123,15944,12638,5763,5637,17419,4548,13707,13784,13921,18965,801,19525,13598,6094,12737,8404,5578,8005,7150,5182,12004,16316,7841,5506,8686,12638,3258,3628,12226,889,8686,6556,16179,17661,4735,10440,18550,5794,17594,6541,16596,2439,12227,12001,692,12596,490,16404,5968,6167,8178,20830,6304,11982,12221,5268,16819,13324,19025,12228,7216,5950,7749,10328,10272,7755,13310,6530,10458,10992,457,17914,19823,18005,7451,962,28451,24533,5934,8144,5588,7683,4774,7569,15634,7231,23911,13850,7691,5570,988,5951,15781,10506,10688,16312,3892,12038,16265,7749,7841,6258,18671,7231,3604,18781,17586,15876,15671,5637,26674,5695,9734,5637,13583,18837,18997,3914,16773,8686,13850,6075,5637,9985,7544,10654,15737,9452,12226,16565,8309,17911,6075,2208,6416,7699,11540,11339,7570,14904,6348,17382,6630,6495,18061,7717,893,11024,6797,6075,4545,5908,14172,19642,7829,5869,4864,2544,2906,13921,13583,12230,23141,14514,13183,18388,19040,23183,5447,5275,7882,5599,13583,483,2467,3666,17716,11229,8708,13900,4974,5138,19260,14178,11601,18190,6653,3349,10860,19469,12941,7277,1831,6638,1473,16302,6024,20409,5933,12226,15481,19712,19327,7231,6627,13169,12231,4876,1507,13921,7309,12226,12226,9592,0,4832,7302,14184,18016,16239,8762,13707,15976,6306,26721,16550,6075,17099,24397,16738,4954,17445,4196,7497,4690,12609,26969,6328,6290,7852,2592,2486,12226,6456
17126,10142,12291,7991,21939,1179,18598,14839,7942,9704,19305,6727,7112,14139,18699,20992,4731,19573,16440,8881,14938,12951,9434,12071,13493,1227,14205,18459,11908,756,13233,14839,5031,5807,14427,3780,13233,5956,20403,21477,791,10795,20745,9861,18995,9311,18937,2755,8283,8057,3970,14797,4420,21065,10034,8346,12726,25604,5290,14183,14422,9335,18388,13679,19024,14429,11283,10016,11815,12529,10627,12303,15307,1599,12659,13193,3899,20692,22544,20428,11999,4830,29175,25592,9905,14493,9559,7087,6953,13761,19196,3172,25031,7256,7095,9637,4909,10014,19320,10984,12889,17789,6071,13797,20810,11815,11908,2199,20806,3172,2061,20771,22186,17234,20677,9704,25327,9762,11935,9704,6988,23626,23221,6093,18837,13233,7256,10142,9704,12186,12092,11009,18710,13999,14427,21024,16190,19245,10142,3981,9203,12247,13741,13540,12118,16761,9118,19888,10697,6714,20768,12264,4823,12270,10864,10142,6724,10058,15817,20306,11896,9936,697,2439,3262,18699,6988,14431,25771,18141,9239,23164,19764,25545,9514,784,12429,1655,6988,4193,2879,5845,18730,13430,13255,7305,143,647,19369,17250,13802,20032,6872,5122,13061,21917,17149,6681,3463,10704,5663,18987,8795,23309,10032,14427,15947,20583,21390,3172,1417,13883,8287,866,5696,18699,13510,14427,14427,11793,4347,0,13042,17449,20584,20462,13310,7112,18607,5292,25297,17899,10142,20738,25389,20961,1000,19705,6375,11563,6869,14810,25416,5599,9078,7256,3352,3245,14427,6675
25344,2790,2420,17993,20019,10917,16077,13661,7852,5482,16337,7492,19576,16879,6898,20522,8903,17790,15001,5218,13760,2169,2665,1629,1501,11750,13026,17626,1538,12079,2452,13661,8725,7168,13248,8675,2452,8645,9156,19619,10787,13443,19740,1839,13682,5442,17462,9151,18285,18059,8486,13619,8593,16389,2683,8256,891,21610,9543,13004,13243,2253,15735,15845,17554,13250,755,2665,1446,11350,13274,2432,14332,12324,11480,12014,8645,16079,18555,15901,1540,8128,27355,25511,3165,5199,3527,9773,9001,4623,15653,13025,27360,19719,9781,2657,8592,3038,15653,11528,11708,14957,7432,13060,16484,1446,1538,12052,18676,13025,9882,20412,17976,14853,14624,5482,27653,2026,10756,5482,19452,19103,11974,8142,18246,2452,19719,2790,5482,11007,1447,12431,13634,1771,13248,17039,5419,15473,2790,8261,5540,2376,12562,12362,1714,15562,5241,15248,1506,8584,16993,2394,8810,12046,1692,2790,8772,2995,15195,18351,1526,2956,11432,9581,9208,6898,19452,13252,21813,16293,19241,16855,16146,20315,2198,11843,2083,11393,19452,8538,9013,7893,16195,12251,2474,14693,11542,11706,17506,15200,12623,18253,8742,8810,11882,17051,13963,9366,7883,1533,8377,14835,5420,16967,3020,13248,15938,17896,17603,13025,11939,14192,18289,11444,8410,6898,3987,13248,13248,10614,8753,11400,0,15207,17243,9215,2528,13241,16163,8916,27827,14840,2790,19274,28094,9714,11522,18491,7600,404,8917,13632,25628,8418,5415,9942,8698,8592,13248,8545
27932,11951,13711,21809,12410,16180,16219,2927,10279,13679,9779,12440,22236,11113,15622,13474,14579,12137,2427,7760,2568,14859,11338,13880,14913,18543,5181,12499,13717,16973,14653,2927,13626,11520,4246,13311,14653,11072,19446,12216,16066,7677,13863,11670,3162,7973,12931,14879,21572,21991,13889,2885,14269,16219,11843,10683,14145,16179,11969,2785,4241,11144,3162,8340,12605,4248,13092,11825,13624,4042,7508,13722,6765,17239,5786,4702,14049,16463,15536,12568,13419,13532,19841,19270,11810,2406,11464,12199,11134,2842,3079,21139,18487,22186,12207,11446,13483,11827,3079,5246,4884,2384,11784,5408,16219,13624,13717,20033,11524,19310,15631,13351,16028,2279,3162,13679,16995,11571,5063,13679,19929,15659,17193,13072,13598,14653,20262,11951,13679,5314,13512,5119,2384,15419,4246,16219,2200,3162,11951,13300,7646,13634,3560,5050,13537,2988,8200,12656,12506,11011,12931,13684,14671,4404,12673,11951,10905,11784,7,15783,13705,11745,17736,13798,14138,17163,20078,4250,16225,7048,20505,15744,15987,15354,11323,17174,13849,18848,21696,13941,14630,12824,16219,4940,14675,20644,15520,17318,11862,7,4732,12494,11169,13711,6116,13109,1244,11793,13988,12513,13268,16219,8559,15744,11809,4246,6830,16463,11980,18786,16978,6625,21433,16563,13302,15229,3611,4246,4246,4921,14195,15832,14462,0,12931,17517,14730,20307,16219,11343,19028,2267,11951,11135,19385,18522,18282,12989,10027,15151,11049,2898,19608,10845,8085,12369,13232,13522,4246,10972
25280,17390,18431,24889,3195,21375,3648,11543,20360,18121,10063,18901,25604,12975,21189,3020,17980,2921,11067,13156,11642,21064,16893,16807,15220,19765,9102,672,14971,19939,18510,11543,15441,14989,11130,16933,20521,21327,25180,3001,21202,13073,1369,13435,11814,13370,0,18640,24720,25069,18428,11501,16177,3648,17282,20763,17384,3608,13533,10886,11126,16582,11814,12576,3389,11132,16400,17264,13845,9382,12904,17556,9177,22193,11183,9992,18381,3891,2965,455,16389,16056,12211,12945,17375,7517,16903,17380,13888,7838,11732,24381,9887,25677,17388,16885,15819,17266,11732,10536,9738,11036,14810,9320,3648,15361,19156,23183,2308,24526,18451,2618,3456,10919,11814,15965,9965,14674,10459,16985,25292,3088,23227,15662,1027,17973,23427,17390,17147,10710,17973,10409,11036,19534,11130,3648,7330,11814,17390,17621,13043,18848,10444,10340,18205,11641,13596,367,14925,21091,0,18065,17844,11288,15782,17390,14880,17223,11704,3211,13761,17184,20872,18848,16145,23270,23059,11134,3654,8844,23866,3173,3416,3323,16762,18664,16376,20302,22666,16509,18282,13859,3648,10229,19663,26277,18459,20714,2647,11704,10505,3278,21249,17305,11512,1147,11845,16973,16041,14327,17110,3648,13955,3173,17248,11130,8626,3891,2765,23948,21905,9543,24605,21496,15600,22865,8615,11130,11130,10317,16346,18676,15645,11697,0,25054,19402,25748,3648,20903,13120,10907,17390,2778,13120,23733,19482,418,14672,16723,15165,11514,12162,21099,13482,17549,16332,18034,11130,21052
28231,12118,9615,14176,24834,18767,24221,16582,17115,14345,22692,16730,30076,16021,4529,28168,17853,24464,21484,14935,15916,8977,11993,9952,10817,28548,18130,22877,10866,20398,9260,15341,17675,16406,13309,17626,9260,17908,484,26931,19005,16206,27555,11167,23605,15586,22961,18101,14467,14242,17436,15400,17543,24624,12010,17518,9295,27009,18805,15698,16005,11616,22675,17838,24087,15212,10083,11992,10774,16083,16601,9626,20660,28520,18671,16048,17596,23692,24167,25181,9180,17079,36414,31637,12475,16387,15125,15360,17952,14089,19360,27964,34162,30220,15246,11985,17281,12366,19526,15618,17201,22478,16670,19995,22330,10774,10866,28248,23650,27964,18833,28003,23692,22340,21035,14345,34476,11389,16194,14345,29953,24830,1221,17092,23387,9260,30220,12118,14345,14306,9273,15750,21307,8579,16061,22748,16703,23979,12118,17211,15256,9571,17507,17764,9299,20643,14958,22231,10986,17846,24951,9588,17449,17053,11020,12118,17723,12323,17238,26440,10854,12284,19751,18532,18158,4529,29953,15781,29964,23456,15424,24359,23457,30285,11526,20162,9753,19504,29953,17488,17964,16843,22095,17643,9282,30269,19861,20024,26676,17473,17324,27490,13358,17761,14907,26578,18718,13721,16834,10860,17327,22277,15136,26980,12348,14689,22989,26208,24280,27964,28616,18450,14472,19762,17361,4529,13293,15603,14589,14875,17742,19718,9549,19307,22731,0,9336,30076,24285,18179,34556,20768,12118,23956,31528,1042,19841,23866,16811,9732,17867,14931,31616,17680,15131,14204,17648,17542,14724,14746
24824,4395,789,17842,21980,11041,16690,12026,8288,5519,19798,7904,19700,15244,7857,20522,9027,19569,15642,6108,12125,2011,6466,3357,1991,11874,11391,19681,3843,12203,2293,12026,8849,7580,11613,8799,2293,9081,10115,21559,10836,11808,19880,3410,15968,6332,19638,9275,18133,17908,8610,11984,8717,18755,4287,8692,1786,21731,9979,11370,11609,3681,16649,14211,21236,11615,3004,4269,3751,9715,11639,800,14056,12448,9845,10379,8769,18303,20850,17794,1059,8252,31703,27091,6938,7051,6591,10209,9143,6463,15296,13149,29120,19843,10217,6826,8716,7207,15485,9893,10076,16519,7844,14637,17053,3751,3843,12176,20646,13149,10007,22482,20297,14946,17163,5519,26695,3454,9122,5519,19576,19499,12933,8266,18398,2293,19843,4395,5519,9373,1152,11629,17507,2253,11613,19305,7268,16316,4395,8385,6430,745,10927,10727,1178,14615,6131,18907,2836,9020,19221,762,8934,10412,3755,4395,8914,7164,13560,18735,3831,7125,11556,9705,9332,7857,19576,11617,24151,18142,19089,19024,18216,22327,3803,11967,927,11517,19576,8662,9137,8017,18520,10617,2315,19893,11666,11830,19293,13565,10988,20040,9178,8934,10247,19005,12328,9802,8007,3595,8501,16966,6310,21096,7189,11613,17733,18424,19382,13149,12545,15053,18138,11568,8534,7857,5864,11613,11613,8979,8877,11524,2102,13572,17603,10175,0,19700,18470,9352,29558,15402,4395,21131,27034,10673,11646,18742,8036,2654,9058,11997,29927,8854,6305,10378,8822,8716,11613,8981
20349,16068,18470,13253,24538,10018,25651,17011,14121,16108,24398,12662,0,16172,27746,28272,12282,24211,23240,14829,17004,19130,13418,14604,19411,7210,17275,23135,15470,7309,19412,18869,11436,11985,16018,10273,19412,11735,29450,26584,6971,13630,25423,15025,23604,15490,23623,9248,13544,13319,11593,17259,11972,23783,15432,14524,18904,30768,11228,17375,17848,13327,25312,16654,23647,16541,15216,13621,14934,18730,15591,18481,18561,6926,16782,16635,10391,27946,27709,23214,18177,11235,33798,29973,14466,20589,15357,11933,13132,19744,24195,9130,32446,186,11941,13709,12460,15977,24329,17752,18279,22406,12249,20372,23560,14814,16288,9414,25933,9130,8474,25426,27348,21884,23351,16108,32773,16097,17534,16108,687,28786,32268,12272,25906,19412,186,15852,16108,15785,18271,16015,23333,20178,16635,26187,18903,23865,16495,10386,14961,18426,19142,16878,18296,21292,16840,22729,17033,12250,25933,18443,12375,18705,13982,16173,12903,15671,22316,24992,16786,14091,7215,8932,9440,27746,687,18596,28068,21120,14500,28321,26947,27846,13578,8109,18608,9527,687,11644,9826,12023,25797,16746,19434,236,7208,7971,24014,20144,16717,24666,12408,11527,17539,27075,22027,11527,10443,13805,12068,26077,15042,25828,15631,18312,22710,27837,24049,9130,6940,18567,13549,7339,12101,27746,19307,17912,17486,16042,11899,7065,14593,22381,23361,29509,19489,0,25663,11102,32709,22541,16694,23431,29743,30008,7227,24387,12554,14831,13047,17031,29752,11269,13615,12102,9530,9424,15996,12211
24128,20768,19464,26714,4945,21203,0,14920,19053,17375,13440,22279,25517,16204,20368,4257,17538,6151,14445,16534,15019,20123,20271,14151,14374,19684,12480,4184,22533,18053,19497,14920,15315,14753,14508,16636,17804,19846,24416,6230,21040,16451,2794,20487,15192,16748,3589,16671,26511,24414,16404,14878,17431,0,20660,19457,16350,3258,13707,14264,14503,19960,15192,15805,6619,14510,13870,20642,22441,12760,16282,18446,12555,22121,14561,13370,18000,848,683,3968,15495,17392,16266,14931,20627,6492,20280,20974,15135,6871,15110,24318,11873,25558,20982,20262,16974,20644,15110,13914,13115,14414,13236,12698,0,22441,22533,20988,5538,24464,18425,3854,191,14297,15192,16855,11950,20387,13837,17957,22877,964,22356,14191,4256,17122,23321,20768,18160,14088,15424,13787,14414,16756,14508,0,6293,15192,20768,15855,16421,18124,13822,13717,17246,15019,16974,3880,13989,19785,3589,19069,15785,14666,14674,20768,14699,20600,15082,436,22521,20562,18871,16891,17635,22375,22999,14512,3303,12222,23159,954,232,3761,20140,20427,15589,22218,24911,16173,16367,15120,0,13607,18700,26155,20239,20572,5876,15082,13996,5028,19943,17170,14890,3625,15223,20567,17439,13341,16654,0,17333,954,20626,14508,12004,848,5994,21667,19806,12921,23934,21404,15205,21976,7651,14508,14508,13695,17608,20508,14665,15075,3589,22034,16758,23284,0,13290,15106,14285,20768,6008,15106,25395,21393,3185,22170,14188,14989,14891,14148,19619,16859,21143,17814,16179,14508,19746
15689,7767,9759,14122,14181,6451,14658,14747,2187,7344,18207,2952,11562,5322,15936,15312,6831,13856,16087,5518,14846,10419,6902,9696,10961,6008,14112,20927,9533,4867,10701,14747,4272,4148,8235,7096,10701,798,18195,15168,6064,8406,15129,7486,14080,6051,14784,7098,15501,15769,6906,14705,6521,13851,7659,2823,10193,17692,882,8453,8230,6959,13622,6401,13290,8236,8908,7641,9440,12436,8237,9770,9448,6379,6438,7280,7066,15460,16517,20996,9467,6549,23062,21936,7373,8484,7027,2137,4470,8062,16739,7952,19326,11705,2145,7262,6520,7482,16739,6637,12794,16043,4412,9153,13546,9440,9533,6979,19952,7952,4629,16621,14716,15939,13927,7344,21625,7386,6713,7344,11438,16044,21013,2806,22027,10701,11705,7767,7344,12093,9560,6786,15133,11467,8235,15051,8562,14277,7767,6605,5091,9715,13648,7627,9585,16648,5859,21084,8322,1764,13391,9732,6688,7625,8489,7767,4241,7525,16281,14851,9520,7549,5421,7529,7155,15936,11438,8239,19657,17026,13561,15653,15782,17523,7139,6057,9897,6927,11438,6958,6961,3732,13432,7517,10723,11755,5415,5919,15057,16286,8137,14309,1922,4357,7101,14289,15049,1731,6662,8329,6305,15107,5535,17398,7500,8235,16808,16844,13694,7952,6197,9307,15413,5893,6339,15936,8193,8235,8235,11700,7212,5272,10510,16293,21360,18254,10778,11562,14648,0,21612,15926,7767,19563,21731,13341,5780,14127,2844,9188,4386,14718,21777,650,5714,2307,6646,6539,8235,1725
24048,24800,27418,33294,11102,26300,14903,17523,18746,27836,17835,20544,32579,17067,33309,13098,26796,10829,14101,19778,20504,28298,24305,25107,27035,29037,15413,12804,25951,24639,27629,17118,22588,21246,19500,27045,30549,21731,31450,10683,28786,18474,14035,25321,14393,22525,13236,24328,33181,33481,26903,17158,24058,14903,24185,18874,25275,14863,21826,16753,19441,24944,15178,16788,10709,19217,27078,24883,26139,17395,16349,29435,16950,29345,19115,17204,26969,15147,14220,12872,25767,23667,5473,175,21019,20276,22848,17711,21311,20616,16086,31341,6369,29743,19606,21996,23909,20533,17549,17577,16233,14417,23212,15006,14903,23788,24979,30172,11696,28553,23368,12696,14712,15096,14834,27323,6447,25033,18912,28454,29263,14344,33093,21114,13903,27191,29860,23928,25907,17660,28286,17344,15497,27234,19795,14903,20047,14085,21625,25458,21593,27685,18098,17251,28471,17947,21422,12960,24454,20305,13236,29807,26684,16751,26468,23879,20998,23895,19624,14467,23685,21758,25525,24388,23282,30126,29320,20580,14909,16617,35800,14429,14672,12083,24767,28136,28091,29858,31926,24283,26406,23399,14903,15733,27119,30273,27782,25640,10952,17067,17803,11186,18238,25135,18569,13281,17901,19913,23453,26434,26036,14903,22915,14429,23777,19552,16399,15147,11089,30953,29091,17316,33082,26116,26051,29752,21621,18290,21451,16974,24244,27881,25247,17264,13236,31353,26818,29677,14903,19608,0,13746,23430,10545,0,35603,26050,13294,20730,24799,21206,19559,2408,21085,21924,19199,23543,23619,19390,20132
24719,11591,16356,23002,10226,20329,14035,5203,9919,16032,7595,9775,24698,10752,20959,11289,16452,9952,155,7400,4845,16889,10978,13520,14553,18958,4509,10315,13357,17380,16348,5203,14584,11160,3886,17345,16466,10712,20890,10032,20177,7316,11679,11310,2358,7613,10747,15821,25136,23174,15489,5161,14866,14035,11483,10322,13420,13995,14642,3540,3881,10783,2358,7980,10421,3887,12732,11465,13264,3682,7148,16973,5757,19356,5426,4342,15391,14278,13352,10383,15551,16429,16439,15374,11450,5245,11103,11839,13572,5654,2276,21344,13240,22419,11847,11085,14405,11559,2276,5401,4523,1580,11424,4737,14035,13264,13357,20285,9340,23671,17710,11166,13843,6,2358,15521,13445,11210,4703,16596,22141,13475,18954,13575,11414,15759,24855,11591,15259,4954,14046,4759,1580,15312,3886,14035,5040,2358,11591,16657,7286,18577,3200,4690,14279,2184,7839,10471,12146,10651,10747,17640,14797,4043,12313,11591,13343,11424,2277,13598,13344,11385,18164,16068,15246,20891,24548,3890,14041,6376,21883,13560,13803,13169,10963,19584,14284,19372,24110,15242,15538,12463,14035,4579,15589,22953,17632,17902,9678,2277,4372,10309,10809,16366,5756,10925,3520,11433,16534,12153,15564,14035,8198,13560,11449,3886,6158,14278,9796,20946,21041,5616,22684,18693,14230,18598,6431,3886,3886,4560,15016,19728,14102,2270,10747,22890,16975,24844,14035,10983,15151,0,11591,8950,15531,21777,20603,10804,9666,14653,13487,5174,15775,10484,7725,12008,16955,15387,3886,10612
26336,0,4571,15430,15523,9715,21421,11520,6448,4280,14981,6087,16553,14739,10208,15978,7700,13711,12860,3814,11619,4879,1174,3189,2787,10547,10886,17701,3025,10877,5161,11520,7493,5764,11108,7473,5161,7241,12466,13730,9509,11302,15185,979,13595,4037,18133,7948,15195,14165,7283,11478,7390,21421,108,6851,3042,15495,8138,10864,11103,1374,13595,10894,14889,11110,2400,643,2933,9210,11134,4583,12192,11020,5876,9873,7625,21664,20738,17769,3691,6926,23470,23714,1656,2672,2035,8368,7302,2091,13513,15565,22949,16440,8376,1165,7389,1547,13513,9387,9570,12817,6028,10920,21421,2933,3025,10850,16726,14248,8680,14403,21229,12712,13595,4280,21081,1600,6151,4280,16313,13239,15284,7430,18800,5161,15044,0,4280,8867,3598,7672,12817,4607,11108,21421,2849,13595,0,7058,4135,4527,10422,10221,3864,13421,3901,17858,2267,7179,18133,4544,7793,7377,1982,0,7073,1503,13054,20985,3013,1465,10230,8379,8005,10208,16495,11112,17280,13800,17763,20946,21189,16182,707,10641,3655,10190,14586,7617,7811,6839,21421,10111,5183,15399,10340,10503,14795,13060,10483,15617,7338,7578,6538,18311,11823,7962,6681,1822,7174,21421,4015,20946,1529,11108,13582,21664,14907,13746,11218,12051,15056,10241,7208,10208,1921,11108,11108,8474,7551,10197,2938,13066,18133,12526,5238,15147,21421,7512,21258,12700,0,13459,21517,13025,10320,18191,6195,3133,7218,11491,23882,7013,4010,8537,7496,7389,11108,7140
20574,16184,21882,28660,1093,21692,6066,9894,14027,17738,8414,14951,25686,10828,22656,2736,18871,819,9419,11508,9993,22781,15794,19070,16841,21938,7454,2346,15729,18186,20019,9894,15777,14163,9482,17536,22170,14820,26520,674,19510,11425,3710,15218,10166,11722,2778,17415,25865,26188,17365,9853,18646,6066,15635,14431,19331,6026,14747,9238,9477,16424,10166,11176,342,9484,16788,16344,17532,7734,11256,19081,7529,20239,9535,8344,17377,6310,5383,2415,18066,18348,9604,10339,13255,9471,15254,14849,14334,9697,10084,24440,7280,25817,14857,15711,16673,15618,10084,8888,8089,9388,15412,7672,6066,15982,14846,23237,1371,22301,18567,2613,5875,9271,10166,19028,7358,16520,8811,18298,25363,5507,24788,15863,3445,21543,25956,15360,18416,9062,17969,8761,9388,19504,9482,6066,9309,10166,13828,16316,11395,20178,8796,8692,18150,9993,11948,2503,16708,14759,2778,19480,18747,9166,17891,15297,13979,13916,10056,5630,17493,13999,21014,19333,18175,22567,25461,9486,6072,7196,25094,5592,5834,5065,16233,18920,17867,20547,22720,17197,18804,15735,6066,8581,19455,23969,18655,20989,943,10056,8857,1176,14917,17657,9864,2956,10197,14443,16526,16208,18052,6066,12307,5592,13813,9482,6978,6310,1079,21795,22029,7895,25758,19654,16420,22194,15240,9482,9482,8669,18846,18816,17488,10049,2778,26404,19172,25825,6066,19255,10514,9259,14834,0,10514,24934,19611,2836,13742,17033,15668,9866,9556,14593,11834,15018,16718,16773,9482,14720
21616,25105,30441,33455,11052,26401,16524,19606,18891,28052,17835,20688,29626,17220,33530,13098,24469,10778,14420,22035,18878,28510,22286,25367,27284,29132,17256,12804,26248,27256,27838,17382,22713,23584,19763,27198,30778,21860,31624,10633,28897,18636,14035,23216,16265,20652,13236,24458,36752,37079,24552,19206,26684,16524,22186,19014,25511,16484,21936,18757,19715,25204,17122,15385,10658,21478,27352,25148,23979,17662,16504,29669,16950,29435,19360,17456,27132,16767,15841,12872,28650,26240,5473,175,21265,20584,23106,17841,21452,20914,16430,31417,6369,29815,19753,22234,26532,22927,17930,17819,18154,16271,23379,15275,16524,26507,22943,27448,11696,31545,23466,12696,16332,14029,15196,24988,6447,22947,17396,28671,29330,15964,30222,21234,13903,30207,29931,21958,26099,19729,25890,17577,15893,30274,20084,16524,22438,14452,24118,23219,19806,30726,16682,15889,26056,18317,21696,12960,24693,18560,13236,27246,26859,17008,26745,21918,23304,21925,19981,16087,26399,22002,25615,24513,23404,33423,32387,18945,16530,16617,32655,16049,16292,12083,22710,28248,25699,27184,32000,26926,24088,21370,16524,17599,27339,33444,25304,25741,10902,19164,18069,11135,18374,25269,17079,13281,18222,20046,25996,24232,26218,16524,21020,16049,21818,19838,16399,16767,11038,28156,29183,13430,36643,28882,23798,33011,24155,20442,19722,18969,26890,27982,25490,17588,13236,34749,29796,32782,16524,19717,0,14091,23715,10494,0,32474,26137,13294,23007,25044,23530,19855,2408,19249,20111,19344,23666,23744,19651,18398
26080,12520,10114,15570,28457,20161,25331,17693,13671,14844,23666,17229,30575,16937,5028,29265,19271,28050,22595,15434,15449,9476,12395,10932,11316,21462,17444,26310,11268,21792,9759,16347,19094,16905,14318,19044,9759,18406,669,25418,20399,17219,26001,11569,24715,15657,23963,19519,15861,15636,18854,16407,18961,25736,12413,14984,9794,28016,13348,16704,15525,12018,21580,18863,27628,14810,10485,12395,11176,17079,15992,10125,21735,28918,14096,18777,19014,24701,27745,23844,9679,18497,37431,35917,12877,17477,15624,14829,18468,16621,20364,28463,35214,30719,16233,12387,18699,13702,22629,16602,18298,21403,17169,21084,23337,11176,11268,28747,24638,28463,20251,26400,27223,23452,22042,14844,32235,11791,17294,14844,30451,28478,1720,18510,24380,9759,30719,12520,14844,15307,9772,16728,22315,9078,15580,23753,16144,25090,12520,18629,15755,10070,18614,17110,9798,19735,13923,23229,11388,14068,23642,10087,19364,16476,11422,12520,18239,12725,20103,24995,11256,12686,21145,19950,19576,5028,30451,16892,28194,24539,16817,27959,24463,28479,11928,21556,10252,20897,30451,18906,19382,18262,23103,16999,9781,30768,21255,21418,25190,18478,16714,28576,15711,19179,15901,27680,19823,14597,18252,11263,18745,23285,15635,25488,12750,17299,21837,24788,25266,28463,29115,21418,15866,21156,18779,5028,15732,15164,14246,15873,19160,21112,9952,20414,26157,1042,9835,30575,23041,14704,32303,24002,12520,27481,35792,0,21235,24866,17361,10134,18384,17568,32559,15005,15630,15101,19067,18960,15836,15728
17291,11258,13250,9222,20704,1804,21382,13237,8901,10888,18311,7686,7415,14844,27674,24022,5435,22454,18995,9841,13313,13910,10393,13187,12333,228,14776,19264,13024,2048,14193,14684,5736,6766,13584,4485,14193,7248,29378,20285,2042,11500,21551,10977,19782,10270,21761,3460,9513,9288,4666,13469,5125,19914,11150,9305,13685,24037,6582,14949,13579,10451,21126,14384,21845,13585,12399,11133,12932,13488,11331,13262,14693,599,13618,14152,4603,21491,23432,19340,12958,5535,29967,26345,10865,16734,10518,8379,7913,14443,20044,2172,25789,7559,8387,10753,5613,11134,20171,11985,13849,18577,7030,14604,19684,12932,13024,1199,19678,2172,3353,21573,20934,18030,19542,10888,28750,10878,12894,10888,7291,22240,32196,7053,21647,14193,7559,11258,10888,13145,13051,12092,19500,14959,13584,19880,16957,22081,11258,4686,10162,13206,13539,14500,13077,19320,10078,18851,11813,9633,19649,13224,5528,12974,11980,11258,7684,11091,18254,21112,13012,11052,1079,3155,4221,27674,7291,13588,24189,19026,10469,24049,20569,23982,10630,1489,13389,1164,7291,4897,3584,6804,21528,14389,14215,7608,1511,1351,20170,18087,13486,22958,9791,5827,14020,22806,16304,7973,4167,11821,6367,19789,9754,21952,11116,13584,18461,23570,22272,2172,417,14689,9518,113,6401,27674,15606,13584,13584,12752,5052,1368,12484,16587,21472,29437,14269,7415,19410,6583,28711,18693,11258,21614,28807,29936,0,22606,7334,12680,7828,13273,26161,6891,10037,8548,3630,3524,13584,9594
25668,14971,21568,26020,3252,20445,3243,11600,20417,17576,10120,14208,24257,13032,22327,3091,19197,2979,11125,13214,11699,20250,13818,16368,18030,20796,9160,1012,16196,21064,21656,11600,16491,14673,11188,19859,21776,15477,23980,3058,20286,13131,965,16059,11872,13427,418,17986,25852,26200,17809,11558,17275,3243,14942,20821,16907,3203,14499,10944,11183,15812,11872,12634,3447,11190,17645,14219,16493,9439,12962,20605,9235,23324,11240,10050,17772,3487,2561,796,19317,17139,12268,13003,17306,8309,16960,17437,14948,8650,11790,25508,9944,26817,17445,13685,16927,17323,11790,10594,9795,11094,14508,9378,3243,15057,15095,22053,2366,25652,17761,2688,3052,10976,11872,18846,10022,15929,10517,19971,23972,2684,22212,16791,1085,21064,24461,14602,20148,10768,19227,10467,11094,18857,11188,3243,8118,11872,17447,18778,13100,22026,10502,10397,17655,11699,13654,708,16060,21149,418,19202,19062,10872,17027,17447,14564,14623,11762,2807,14876,14737,19965,20024,18954,24525,24080,11192,3249,8902,25001,2769,3012,2918,15581,19710,17514,21349,26108,17603,19461,16439,3243,10287,20917,27418,21488,19839,2704,11762,10563,3336,21307,16749,11570,1205,11903,17031,18859,15458,18330,3243,14013,2769,17305,11188,8684,3487,2822,25076,20902,9601,25737,20536,16704,21884,9429,11188,11188,10375,19228,21718,16777,11755,418,26304,20656,26879,3243,15571,13178,10964,17447,2836,13178,27407,20511,0,14369,16304,16334,11571,12220,13483,13539,17606,17390,17424,11188,21110
17742,6528,9535,13125,14768,6313,21984,12083,1815,6090,15544,1141,14897,6920,15712,17368,4168,14420,14440,4264,12182,10195,6677,8457,7603,7034,11449,18264,8294,5070,10477,12083,2189,2213,11671,4627,10477,2608,17970,14351,5925,7152,15437,6247,14975,4798,13571,4434,13417,13191,4437,12041,3857,15075,6420,2219,9969,17858,3505,11427,11666,5721,14157,7999,15346,11672,7669,6402,8202,9773,6983,9546,8194,7619,5032,6026,4597,16814,16597,18332,9243,4080,22260,23168,7149,7384,6803,3736,1355,6904,14075,8421,20408,15040,3744,6023,3857,7258,14075,5383,10133,13379,2477,11482,14829,8202,8294,7448,15076,8421,3524,17143,16220,14292,14734,6090,20700,6148,9179,6090,14773,16016,20788,1483,13576,10477,15040,6528,6090,9430,9336,5532,14647,11243,11671,15063,7492,15241,6528,3936,4585,9491,10984,6374,9361,13984,4605,18420,7083,2547,14819,9508,4260,6371,7250,6528,1126,6361,13617,14906,8282,6322,6716,4865,4491,15712,14773,11675,19855,14363,14373,15592,15829,19726,5900,7127,9673,6789,14773,4489,4297,892,13299,6263,10499,15090,5618,6990,14196,13622,6883,16411,2705,2274,5695,16052,12385,3329,3993,7091,3642,14939,4281,17330,7276,11671,14145,16698,14247,8421,7817,8053,13421,6728,3675,15712,6927,11671,11671,9037,4018,5475,10286,13629,13312,18030,10554,14897,21984,2879,22848,13263,6528,15146,20874,18529,6806,15837,0,7949,1271,12054,23080,2381,4460,3905,3982,3876,11671,2508
27768,2801,2254,18497,17701,10751,14110,13494,7686,5316,17512,7326,14703,16713,7401,20004,8737,17328,14835,5052,13593,2562,2676,1895,1335,11584,13029,15525,1804,11913,2844,13494,8559,7002,13082,8509,2844,8479,9660,17339,10546,13277,17437,2104,15569,5276,15371,8984,18789,18563,8320,13452,8426,14392,2693,8090,725,21084,9376,12838,13077,2087,15569,15679,17097,13084,1021,2675,1711,11184,13108,2265,14166,12057,11314,11848,8479,17197,16358,17009,1374,7962,26921,27623,3158,4858,3537,9606,8835,4278,15487,12859,26865,19553,9614,2668,8426,3049,15487,11362,11544,14791,7266,12894,14480,1711,1804,11886,16483,12859,9716,18051,15833,14686,15569,5316,24639,1860,10590,5316,19286,16855,12478,7975,16089,2844,14626,2801,5316,10841,1281,12265,14791,2365,13082,14984,5077,14950,2801,8094,5374,2210,12396,12195,1547,15395,5139,16289,1457,8418,14943,2227,8829,11880,1958,2801,8606,3006,15028,16173,1792,2967,11266,9415,9041,7401,14720,13086,21287,15794,19745,16378,15670,21867,2209,11677,1916,11227,19286,8653,8847,7727,14217,12085,2866,14953,11376,11539,18784,15034,12457,19608,8576,8644,11716,18273,13797,9200,7717,1798,8210,14357,5253,16490,3031,13082,14013,15760,17141,12859,11773,14025,18793,11277,8244,7401,3655,13082,13082,10448,8587,11233,475,15041,15173,9719,2921,13456,15637,8750,27333,14674,2801,18773,27603,10218,11356,17970,7434,0,8751,13465,25184,8252,5248,9776,8532,8425,13082,8379
19713,7119,9111,12702,16796,5890,14975,11660,2302,6524,15120,844,14474,7407,15289,17879,3744,14890,14017,4751,11759,9771,6254,9048,10053,6610,11025,13621,8885,5028,10054,11660,2147,1847,10655,4204,10054,3095,17547,14822,5502,7639,15892,6838,15387,5285,14017,4011,12993,12768,4014,11618,3434,15532,7011,2706,9546,20171,3993,11003,10650,6312,14734,8486,15867,10657,8260,6994,8793,9349,7471,9123,12331,7196,9479,10013,4174,15664,15495,13671,8819,3657,25050,21496,6726,7520,6379,4223,84,7024,14682,7998,23019,14617,4231,6614,3433,6835,14682,5870,9710,13986,2111,11059,15296,8793,8885,7025,15591,7998,3482,16019,16695,13869,13732,6524,21176,6739,8755,6524,14350,18122,20365,1441,14038,10054,14617,7119,6524,9006,8912,6020,13671,10820,11247,14100,7637,15659,7119,3512,4324,9067,10561,10361,8938,14591,5092,17997,7674,3034,13883,9085,3601,10045,7841,7119,830,6878,13194,16909,8873,6913,6293,4442,4068,15289,14350,11251,20345,13939,13950,16015,14797,18356,6491,6704,9250,6366,14350,4066,3874,344,13718,10250,10076,14666,6403,6566,14664,13199,10622,16929,3192,2232,9881,15018,11962,3816,3570,7682,3218,13971,4768,16147,6853,11247,13721,15567,14716,7998,7393,12191,12998,6304,3252,15289,7008,11247,11247,8613,3595,6260,9862,13206,13759,17607,10130,14474,13600,3367,23372,13856,7119,14216,21349,18105,6383,14820,858,8541,0,11631,21415,2868,4947,4392,3558,3452,11247,2995
24988,10376,12136,18903,10835,14272,14644,29,8704,12104,8204,10865,18626,9538,14617,11898,12219,10562,5332,6185,1451,12796,9763,12305,13077,13517,4109,10924,12142,15435,13078,29,12051,9945,2671,12504,13078,9497,16589,10641,13714,6101,12288,10095,6066,6398,11356,12506,16960,19094,12314,13,11909,14644,10268,9108,12570,14604,10394,1209,2666,9568,6066,6765,11030,2673,11517,10250,12049,2467,5933,12147,5190,13929,4211,3127,12474,14888,13961,10993,11844,11957,20026,19838,10235,2714,9889,10624,9559,2601,5984,17507,19069,18593,10632,9871,11908,10252,5984,3671,3308,5288,10209,4143,14644,12049,12142,14867,9949,17652,13347,11776,14453,5184,6066,12104,19350,9996,3488,12104,16647,14084,23389,11497,12023,13078,18739,10376,12104,3739,11937,3544,5288,13844,2671,14644,2687,6066,10376,11725,6071,12092,1985,3475,11962,5893,6625,11081,10931,9436,11356,12109,12312,2828,11098,10376,9330,10209,2886,14208,12130,10170,14788,12937,12563,18313,16792,2675,14650,7023,17693,14169,14412,13779,9748,15199,12274,13828,16397,12366,12369,11248,14644,3364,13100,17392,14898,15061,10287,2891,3157,10919,9594,12866,4541,11534,1654,10218,12465,10938,11693,14644,6984,14169,10234,2671,6805,14888,10405,15489,13667,5050,18559,13254,11727,18313,3205,2671,2671,3346,12620,14755,12887,2898,11356,16457,13155,18771,14644,9768,17746,5172,10376,9559,18015,15940,14630,11414,8452,13575,9474,0,20031,9270,6510,10794,12053,11947,2671,9397
21441,25287,27727,36958,10093,26436,15566,19780,20895,25556,16877,22874,29635,17291,30528,12687,27053,9820,14621,20111,19042,31550,22419,28127,24881,26455,17412,11846,23975,27285,30807,19331,22764,21470,21953,27266,28037,19881,31711,9674,28934,16978,13077,25741,14995,20772,12278,24514,33424,37164,27132,19381,24283,15566,24607,19077,28265,15526,19937,17176,19875,25352,15766,15459,9700,21656,24961,25300,24134,17817,16580,29796,15992,26727,19501,17599,27207,15809,14883,11914,28790,26311,3804,4174,21407,22897,23253,17898,21516,23252,16651,31429,5411,32875,17980,22371,26620,20961,16489,16290,16609,16515,21283,14002,15566,26676,25472,30268,10737,31557,23499,11738,15374,15695,15431,27657,5489,23080,17531,28785,32337,15006,33423,21283,12945,30337,33002,24360,26200,19881,26017,16065,16149,30419,20255,15566,22650,16193,24284,25645,21961,30837,16837,17662,26180,16832,21855,12002,24829,18621,12278,27354,26944,17158,26904,22065,23379,24321,20206,15129,24110,22142,25640,24564,23453,30430,32396,19107,15572,15659,32741,15091,15334,11125,22847,25664,28453,29993,32011,24498,26609,21433,15566,16102,27460,30355,27924,25775,9943,19385,18223,10177,18435,25324,18969,12323,18422,20101,26059,26865,23868,15566,21149,15091,21958,18153,15441,15809,10080,28169,29207,13567,33327,28910,23876,33127,24353,20609,21906,17347,24469,28013,28247,17791,12278,34846,27153,32791,15566,19758,4349,14312,21668,9536,4349,35885,28833,12335,20940,27757,23602,18174,0,19297,22301,17608,26140,26228,19806,18456
17673,7182,9174,15917,14969,6759,19296,9347,1603,6812,12856,2368,10977,4737,15351,16194,6178,14606,10687,4933,9446,9834,6317,9111,10376,6315,8761,15576,8948,5175,10116,9347,4580,3563,7650,6212,10116,466,17610,15293,6371,7821,15973,6901,13405,5467,16008,6445,15840,14628,6023,9305,5868,19296,7074,2238,9608,17043,1189,7868,7645,6374,11421,5816,15682,7651,8323,7056,8855,7084,7652,9185,8863,6686,5853,6695,6182,14787,15792,15644,8882,5665,22609,21408,6788,8058,6442,1553,3366,7652,11339,8260,18837,11120,1561,6677,5867,6897,11339,6052,7442,10643,3827,8563,19296,8855,8948,7287,14601,8260,4936,14465,15489,10539,14607,6812,19131,6802,6128,6812,10853,16950,20428,3113,16675,10116,11120,7182,6812,6894,8975,6201,10643,10882,7650,19296,8129,13601,7182,6044,4506,9130,8295,7043,9000,11248,5274,15733,7737,1179,16008,9147,6035,7040,7904,7182,3137,6940,10881,15641,8936,6964,5729,6876,6502,15351,10853,7654,17188,11675,15240,14986,13658,16897,6554,6365,9312,7235,10853,6075,6308,2903,19296,6932,10138,11170,5723,6227,14939,10886,7552,15109,1337,4665,6516,15042,9649,1146,6101,7744,5652,19296,4950,16663,6915,7650,11457,14613,15057,8260,6505,8722,15747,6200,5686,15351,7815,7650,7650,6501,6029,5580,9925,10893,16008,17669,10193,10977,19296,563,19130,10527,7182,14211,21216,13614,6088,14861,2259,8603,3282,9318,21269,0,5129,1722,5993,5886,7650,1140
21172,3833,7410,13983,12775,8612,16584,6578,4702,4840,10144,4077,14861,9622,13587,15134,6631,12502,7918,325,6677,8070,2832,5777,5107,9478,6049,12864,5613,9808,8352,6578,5961,3753,4881,6404,8352,5495,15846,12581,8224,6186,14228,3566,8652,610,13296,6879,13813,15609,6214,6536,6321,16584,3725,5106,5362,16814,6393,5099,4876,3225,8652,7788,12970,4882,4988,3707,5521,4372,6017,7421,7228,9918,2770,5060,6556,16827,15901,12932,7118,5857,24119,22224,3303,4221,2957,6623,5557,3753,8570,10720,21483,13443,6631,3175,6320,3412,8570,4416,4763,7874,4017,6083,16584,5521,5613,9747,11889,10720,7856,13587,16393,7770,8652,4840,21786,3652,3045,4840,14589,16024,18664,5685,13963,8352,14961,3833,4840,3052,7211,4566,7874,9118,4881,16584,4329,8652,3833,6234,528,7366,5583,5407,7236,8479,130,13021,4587,5434,13296,7383,6724,4271,4569,3833,5328,3455,8112,16148,5601,3479,9161,7310,6936,13587,13386,4885,15429,8963,16672,16109,16352,15653,3404,9572,7548,9088,17072,6548,6742,5094,16584,5297,8374,13960,9271,9434,12227,8117,4783,12859,5592,6046,3433,13474,6880,6216,5612,4410,6105,16584,639,16109,3430,4881,8745,16827,12345,10720,10115,7087,15097,9172,6139,13587,3856,4881,4881,3187,6482,9128,5258,8124,13296,15905,8429,15006,16584,5766,19892,7758,3833,11499,22166,16404,9251,13354,4450,5454,5473,6549,20233,5268,0,6792,6426,6320,4881,5395
17906,8820,10812,15994,17125,9962,20934,11032,3241,8450,14494,4006,12102,5897,13486,18189,7817,16852,12372,6571,11131,11472,7955,10749,12014,8087,10399,17214,10586,6946,11755,11032,6351,5201,9288,7850,11755,2302,15747,16931,9574,9459,18578,8539,13107,7105,17646,8083,15906,16181,7661,10990,7506,20934,8712,3876,11247,15283,2961,9506,9283,8013,13107,6976,17320,9290,9961,8694,10494,8722,9291,10824,10501,8458,7491,8333,7821,21178,20251,17283,10520,7304,20825,17711,8427,7536,8080,161,5004,7210,13025,10031,18861,12246,161,8315,7506,8536,13025,7690,9080,12329,5465,10207,20934,10494,10586,9058,16239,10031,6708,18066,20743,12224,13107,8450,17405,8440,7766,8450,11978,13671,22066,4885,18313,11755,12246,8820,8450,8532,10613,7839,12329,12520,9288,20934,7572,13107,8820,7584,6144,10768,9934,8681,10639,12933,6912,17371,9375,2817,17646,10786,7673,8678,9542,8820,4775,8579,12566,20498,10574,8602,7500,8514,8140,14737,11978,9292,15424,13313,15302,14648,20702,16648,8192,8136,10951,10438,11978,7713,7946,4541,20934,8571,11777,13289,7494,7998,16577,12572,9190,17209,2975,6436,8154,17824,11335,576,7642,9383,7290,20934,6588,13422,8554,9288,13095,21178,16695,10031,8276,10361,17432,7972,7324,16990,7501,9288,9288,8139,7667,7351,11563,12578,17646,15655,11831,12102,20934,2334,17419,12212,8820,15850,17550,16644,7859,17704,3897,10241,4920,11003,19407,1836,6767,0,7631,7524,9288,2778
17917,6604,9726,9857,17763,3056,17797,12274,5376,6166,16988,4161,11715,12863,15903,20691,2787,19197,15353,6316,12373,10386,6868,8534,10928,3889,11639,16184,8370,3161,10668,12274,2338,3241,11861,2287,10668,6169,18161,19117,3815,9520,18458,6324,16448,6746,18285,854,10149,9923,2098,12232,2477,16647,6497,5780,10160,20875,5918,11617,11857,5797,15821,12403,16908,11863,7745,6479,8278,9963,9351,9737,12945,4362,10093,10627,2257,18210,19914,16238,9433,1740,27477,23835,7340,9006,6994,7297,4388,8461,14831,5165,23242,11859,7305,6099,2965,7449,14947,10141,10324,15248,3505,11673,18122,8278,8370,4192,16686,5165,2676,18566,19527,16235,16200,6166,23535,6224,9369,6166,11591,20951,20979,3528,18289,10668,11859,6604,6166,9620,9526,9733,16174,11434,11861,18374,9149,16706,6604,1288,6637,9681,11175,10975,9552,15622,6553,17324,7160,6108,18137,9699,2880,10659,7327,6604,4159,7492,13808,17914,8358,7515,3572,1050,696,15903,11591,11865,21032,14252,11105,18580,19143,23055,6948,3983,9864,3532,11591,2149,716,3279,16279,10864,10690,11908,3682,3845,17198,13813,11236,17885,6266,2429,10495,19383,12576,6890,794,8139,2573,16528,6229,20623,7467,11861,15160,19976,19008,5165,4079,12805,10153,3583,2606,15903,8306,11861,11861,9227,2404,3539,10477,14584,18000,18221,10744,11715,16163,5920,25948,15383,7576,18426,26084,18720,3662,19167,3810,8998,4303,12245,23717,5942,6512,7466,0,173,11861,6069
19892,7470,9619,9751,17813,2950,16163,12167,5270,7032,15468,4055,11609,12757,15796,18816,2681,17467,13936,6209,12266,10279,6762,9399,10560,3783,11533,17879,9236,3055,10562,12167,2232,3135,11755,2181,10562,6063,18055,19172,3708,9413,18495,7189,16444,6639,18318,747,10042,9817,1991,12125,2371,18362,7362,5674,10054,23038,5812,11511,11750,6663,15812,12297,18693,11757,8611,7344,9143,9857,9245,9631,12839,4256,9987,10521,2151,20082,19941,16274,9327,1634,25018,23911,7233,8965,6887,7190,4281,8418,14816,5058,25698,11753,7198,6965,2859,7342,16458,10034,10217,16804,3399,11567,16460,9143,9236,4085,18442,5058,2570,20511,17738,16242,17848,7032,23609,7090,9263,7032,11485,19028,20873,3421,18335,10562,11753,7470,7032,9514,9420,9627,16174,11327,11755,18398,9111,16705,7470,1181,6531,9575,11069,10868,9446,15604,6446,15751,8025,6002,18164,9593,2773,10553,8192,7470,4052,7386,13701,17938,9224,7409,3466,943,590,15796,11485,11759,21061,15758,10999,20497,19169,23098,6842,3876,9757,3426,11485,2043,610,3173,16294,10758,10583,11802,3576,3739,17246,13707,11130,19768,6160,2323,10389,17621,12470,6784,688,8032,2466,16542,6123,18728,7360,11755,13802,19991,17295,5058,3972,12698,10047,3477,2500,15796,8255,11755,11755,9121,2297,3433,10370,13713,16362,18114,10638,11609,17832,5814,26032,16959,7470,18487,26170,18613,3555,19204,3703,8891,4197,12138,23797,5836,6406,7360,173,0,11755,5963
25467,8546,10306,15600,10647,12272,14456,3524,6874,10274,8016,9035,17486,7708,16483,11711,10389,10374,4865,4355,3623,10966,8049,10475,11247,13275,3921,10736,10312,13605,11248,3524,10945,8115,0,10674,11248,7667,14859,10453,11885,4272,12100,8265,5599,4568,11168,10676,16973,17382,10484,3482,10079,14456,8438,7278,10740,13716,8564,543,5,7739,5599,7315,10842,2,9687,8420,10219,2279,4103,10317,5002,13578,2381,2939,10644,14700,13773,10805,10014,10127,23836,21653,8531,2403,8059,8794,7729,2022,5517,14896,20886,15804,8802,8041,10078,8422,5517,2356,1709,4821,8379,3955,14456,10219,10312,13920,9761,15026,11517,11588,14265,4716,5599,10274,19208,8166,1658,10274,15627,13896,21560,9667,11835,11248,17563,8546,10274,1909,10107,4093,4821,12014,2,14456,2484,5599,8546,9895,4241,10262,2715,3287,10132,5425,4795,10893,9101,7606,11168,10279,10482,1218,9268,8546,7500,8379,5058,14020,10300,8340,12958,11107,10733,16483,17393,2,15317,6835,15950,13981,14224,15813,7918,13369,10444,12748,16962,10536,10539,9418,14456,3176,11270,17978,13068,13231,10099,5064,1729,10731,7764,11036,2711,11346,3827,8388,9952,9108,9863,14456,5154,13981,8404,0,6617,14700,10217,15989,13776,4862,16838,12969,9897,16483,2371,0,0,1516,10790,12925,11057,5071,11168,13359,11325,17630,14456,7938,21371,4704,8546,9372,21659,14368,13048,11226,6622,11745,7644,3495,21829,7440,4680,8964,10223,10117,0,7567
18117,7315,9292,15154,15605,8451,19414,9465,1118,6877,12974,2495,11911,5672,15469,13661,6306,15332,10805,5051,9564,9952,6435,9245,10494,7383,8879,15694,9081,6242,10235,9465,4326,3690,7768,6570,10235,1360,13461,15411,8063,7939,14819,7034,11539,5585,16126,6572,16608,16908,6381,9423,5995,19414,7208,625,9727,17621,2257,7986,7763,6508,11539,6751,15800,7770,8456,7190,8989,7202,7771,9304,8981,9757,5820,6813,6540,15135,14623,15763,9000,6023,21754,20453,6907,7523,6560,2487,3493,7153,11457,10559,17958,12055,2495,6810,5994,7015,11457,6170,7560,10761,3954,8682,19414,8989,9081,9586,14719,10559,5662,13437,19223,10657,11539,6877,18251,6935,6095,6877,11788,15782,20546,3621,16793,10235,12055,7315,6877,7012,9093,6319,10761,11000,7768,19414,7577,11539,7315,6073,4624,9248,8414,7161,9119,11366,5392,15851,7870,35,16126,9266,6398,7158,8037,7315,3264,7059,10999,18978,9069,7082,6796,7003,6629,15469,11788,7772,17781,11793,15952,13926,19182,17478,6687,7432,9430,8927,11788,6432,6435,3030,19414,7050,10256,12104,6791,7295,15057,11004,7670,15689,193,4411,6482,16304,9767,2081,6131,7878,5779,19414,5068,15495,7033,7768,11575,13554,15175,10559,7572,8840,16509,7268,5813,15469,7381,7768,7768,6619,6156,6648,10043,11011,16126,13379,10311,11911,19414,1631,18266,10645,7315,14329,20277,14270,7155,16184,2386,8737,3409,9436,20341,1132,5247,2656,6120,6013,7768,0
