0,3251,4563,5054,4536,3927,5071,1523,1867,3001,1808,7298,4954,4971,1759,8437,6668,6590,3720,9078,3025,2977,8414,7285,5800,5956,3530,2693,5469,8096,2116,4646,4806,1889,5624,7649,3838,5674,1897,5399,4918,5703,1685,2889,5282,2240,3109,3032,2279,3599,2293,2405,4868,2251,3109,2643,5066,5276,4845,4950,4543,5520,7261,1945,3109,1800,5429,4570,4878,3814,7526,2530,4951,3684,3109,6298,2033,5738,3004,2789,4412,6633,2861,5392,3601,5122,2343,5773,1603,4785,5789,2919,4401,4680,5187,5591,4246,3109,5865,5261,2287,6467,5643,6285,4388,7127,5950,2660,3621,4915,6406,5611,4936,2359,3119,6091,2659,5588,3631,1881,4777,3358,5876,6004,8406,5289,2691,2192,2064,5261,2726,3297,3109,3099,2910,2480,3955,5011,6049,4031,7079,4182,3109,3125,3070,2600,7213,3047,5173,8096,4162,5187,8763,1948,1093,5555,7168,6014,2552,4325,7222,3832,7099,5187,5261,2864,2958,4577,3611,3935,4279,6056,5136,6862,5115,6174,4851,2696,2933,4943,3925,3904,4628,5363,5781,4014,3556,7009,5381,3906,5594,3258,2887,7520,2866,4312,3270,3439,2384,5011,3590,5681,4477,4332,4089,3251,5232,4332,5259,4371,6965,5056,3695,7201,7001,2338,4568,2494,5181,8941,7141,5793,1633,2615,4303,3081,4432,4402,6656,5274,7072,3611,6037,5578,5338,7002,2977,3095,6544,5167,3109,1733,6781,2197,6235,5261,4950,2113,4718,5106
2579,0,5973,5924,8470,7861,5941,3636,3373,3334,3921,9223,3513,6084,3871,8961,7192,7114,4053,9602,227,3310,9203,9210,4359,9890,4400,3563,5993,6655,4228,7806,8740,3678,8468,8173,4754,9608,3685,6269,5788,6227,1723,3222,6151,2763,5222,698,2605,4469,3799,2738,8802,4039,5222,4464,5590,9210,5950,3509,5648,6930,7785,3733,5222,1711,5953,5846,8812,4752,8050,2863,5821,4554,5222,7317,4145,6607,3336,3122,5822,7157,3194,6629,4517,5992,3213,6704,3109,5655,9723,3602,5507,6090,3746,6752,5656,5222,6735,3820,4075,6991,9577,6900,5504,7651,9884,3530,4491,8849,6930,6135,6041,2955,3452,10025,4290,6458,4501,3633,5884,4228,9025,6874,9454,6526,3561,4305,3852,3820,693,4702,5222,3432,3243,4592,5097,3570,9983,4986,7603,5500,5222,528,385,3469,9138,3916,6042,6655,5032,3746,9287,4060,3206,6079,7693,6841,2878,8259,7746,4722,8604,3746,3820,3733,3290,5988,3943,4805,8227,6926,6006,7387,5985,7044,5656,3602,3286,5812,4795,4773,6039,6233,9715,7948,4425,7533,6251,5316,6118,317,3571,8044,687,5722,3603,4309,4496,3570,4460,6551,5584,8266,5196,0,6101,8266,7683,5778,8820,5926,7628,7725,7525,3208,5978,3244,5705,9465,9066,6276,3139,3521,5713,296,5302,8045,7180,6143,8811,3943,9971,6357,6208,7526,3310,3936,7068,6472,5222,3388,7305,3238,6759,3820,3509,3901,5588,5976
4557,5463,0,626,4064,3530,643,7195,6997,6160,7480,5097,8981,2973,7430,5042,3176,4389,6879,6819,5236,6136,7163,5084,6615,5358,1840,2612,2924,8911,5026,2637,3385,3829,2041,4309,1571,5076,4060,3552,2149,4300,3897,6048,1601,3017,8781,5243,3472,1595,7423,5564,4057,3934,8781,5073,2563,3651,2839,8977,2537,1938,2593,3884,8781,4421,4026,2735,3457,2124,3476,5689,285,1993,8781,4097,5556,2762,6163,5949,916,3140,6020,1006,1623,131,2956,989,6733,1585,5317,6078,2396,1097,7961,1098,586,8781,1481,8035,4227,4208,5171,3049,2393,4868,4893,2484,1709,3494,3367,4208,2930,2860,6278,5493,4899,804,1290,6965,2772,1668,2042,1658,5583,903,2084,6968,4003,8035,4938,2450,8781,6258,6069,4720,1585,9038,5452,1149,2482,2389,8781,5336,5281,2043,5012,2221,1492,8911,2157,7961,6504,6723,6765,4152,4909,1230,3746,3854,3078,1230,4898,7961,8035,1820,6117,357,6770,1930,2734,1315,124,3009,687,1390,1263,3074,6092,212,1323,1899,233,2388,5184,3617,1865,4612,2073,700,4186,5470,6047,3470,5078,1105,6429,1412,5907,9038,1581,2706,2473,3935,2085,5463,804,3935,3249,2046,4764,628,3298,3150,2857,2680,985,3296,3778,5450,4940,2210,6763,2993,492,5292,2887,2857,4455,845,4999,6770,5439,1995,549,4743,6136,2296,3403,3172,8781,3322,4580,6064,3976,8035,8977,4052,2170,3499
4993,5899,1152,0,4002,3468,108,7703,7505,6596,7988,5044,9841,3092,7938,4989,3041,4367,7315,7255,5672,6572,6500,5030,7475,5295,2275,3048,3360,9770,5462,2767,3323,4265,2527,4439,2430,5014,4495,3489,2086,4808,4333,6484,1538,3453,9289,5679,3908,2030,7931,6000,3994,4370,9289,5509,2999,3589,3031,9836,2973,1892,2709,4320,9289,4857,4534,3171,3394,2560,3606,6125,764,2429,9289,4372,5992,2700,6599,6384,1352,3270,6456,479,2482,935,3392,751,7241,2350,5255,6514,2832,1622,8821,859,1316,9289,856,8895,4663,4644,5109,2986,2828,5040,4830,2920,2145,3431,3368,4716,3122,3296,6714,5430,5335,566,1726,7473,3208,2104,1803,994,5755,477,3032,7403,4439,8895,5374,2885,9289,6694,6505,5156,2021,9898,5389,1585,2348,2825,9289,5772,5717,2479,4959,3169,1429,9770,2593,8821,6940,7159,7273,4660,5081,992,4181,3791,2943,1665,4845,8821,8895,2255,6553,1000,7206,2366,2671,1076,983,3139,93,1152,1793,3510,6528,755,1759,2335,955,2326,5121,3554,2301,4589,2010,1135,4621,5906,6482,3600,5513,1541,6865,2185,6343,9898,2017,2643,2908,3873,2521,5899,178,3873,3328,2482,4265,288,3235,3280,2723,3116,1510,3732,4286,5621,4886,2128,7271,3429,928,5728,2825,2795,4401,220,4372,7206,5377,1914,783,4914,6572,2732,3539,3607,9289,3656,4527,6500,4412,8895,9836,4488,2108,3436
5065,5492,4945,4563,0,1916,4368,6068,5871,5936,6353,9057,8526,7105,6303,9002,7552,8379,6655,12088,5265,5912,11689,9043,6160,1583,4974,4262,7066,8455,6667,6780,1286,6565,6560,10659,4315,1301,6591,1315,3126,8713,4209,5824,3808,3911,7654,5272,3174,5737,6296,5340,495,6671,7654,7194,6705,903,6982,8521,6680,5555,6660,6620,7654,4197,8439,6878,1399,5258,7619,5465,4471,5128,7654,8240,6584,2330,5938,5724,5058,9643,5796,4152,4367,4641,4605,4228,5606,6286,1416,5853,6539,5616,7506,5027,5022,7654,3996,7580,6963,9477,1270,1913,6535,10137,1577,4997,5852,1178,9416,8621,7073,3819,6054,1718,7210,4665,5075,6119,6915,4802,6266,3746,11937,4049,4286,6743,6739,7580,4967,5844,7654,6034,5845,7031,5399,8583,1677,5292,6858,6320,7654,5366,5310,4556,8971,4423,3699,8455,6300,7506,11773,6499,5638,8565,10179,3998,3448,2232,7454,5372,8857,7506,7580,4562,5893,5065,6546,6073,2148,4450,4645,7152,4624,5615,5787,5810,5868,4462,5466,6042,4883,2525,1408,2003,4999,8602,2550,4842,8604,5499,5822,7612,5107,5248,6205,4883,6935,8583,5724,2147,6615,2321,6227,5492,4395,2321,7392,6188,8278,4186,1683,7293,7233,5416,5504,3413,8191,11949,8899,6080,5637,5729,4635,5321,2066,2077,8414,4312,8385,6546,1664,5865,4847,10012,5912,4765,9554,7314,7654,5597,8540,5840,9245,7580,8521,6789,3262,2310
3882,4309,3848,4609,1308,0,4415,4885,4688,4753,5170,10526,7343,6007,5120,10264,8495,8417,5472,10905,4082,4729,10506,10513,4977,2727,3728,3078,7296,7272,5484,5682,1578,5382,5462,9476,3068,2446,5613,2459,3173,7530,3026,4641,2562,2728,6471,4089,1991,4640,5113,4157,1639,5488,6471,6011,6893,2047,5885,7338,5582,5602,6707,5437,6471,3014,7256,5780,1649,4012,6521,4282,3373,3881,6471,8620,5401,2946,4755,4541,3961,8460,4613,4199,3120,3544,3422,3115,4423,5189,2560,4670,5441,4518,6323,3914,3925,6471,4043,6397,5780,8294,2414,3057,6806,8954,2722,3814,4289,1686,8233,7438,5976,2636,4871,2862,6027,3552,3829,4936,5818,3556,6312,3792,10757,4096,3435,5560,5556,6397,3784,4952,6471,4851,4662,5848,4153,7400,2821,4229,5704,5434,6471,4183,4127,3373,10441,3562,2453,7272,5203,6323,10590,5316,4455,7382,8996,4045,2265,1097,9049,4050,9907,6323,6397,3379,4710,5111,5363,4976,965,3337,4691,8690,4670,5661,4689,4627,4685,3365,4123,4944,3786,2571,2553,328,3753,8836,2596,3745,7421,4316,4639,6515,3924,4151,5022,3637,5752,7400,4592,2889,5518,646,5130,4309,3282,646,6295,5091,10123,4233,401,6196,8828,4233,4406,2230,7008,10768,10368,6126,4454,4546,3538,4138,2113,894,8483,3199,10114,5363,2809,5912,4894,8829,4729,3582,8371,7775,6471,4414,8608,4657,8062,6397,7338,5606,1964,3454
4878,5784,1124,108,3852,3448,0,7588,7391,6481,7873,5418,7897,3200,7824,5364,3150,4475,7200,7140,5558,6457,6392,5405,7305,5146,2161,2934,3245,9600,5348,2875,3173,4150,2738,4547,2260,4864,4381,3340,2066,4693,4218,6370,1519,3339,9174,5564,3794,1916,7816,5886,3845,4256,9174,5394,2884,3439,3161,7892,2858,2000,2817,4206,9174,4742,4420,3056,3245,2445,3714,6011,649,2315,9174,4419,5878,2550,6484,6270,1237,3378,6342,459,2312,820,3277,859,7127,2520,5105,6399,2717,1794,8651,968,1201,9174,836,8725,4548,4529,4959,2837,2714,5190,4681,2805,2031,3282,3477,4602,3252,3181,6600,5281,5220,674,1612,7358,3094,1990,1911,974,5905,457,3012,7289,4325,8725,5259,2771,9174,6580,6390,5041,1907,7954,5240,1471,2456,2710,9174,5658,5602,2364,5333,3149,1410,9600,2479,8651,6825,7045,7158,4545,5231,1100,4067,3642,3052,1551,5219,8651,8725,2141,6438,1109,7091,2252,2651,1185,1092,3247,201,1260,1965,3396,6413,641,1645,2220,1062,2176,4972,3535,2187,4698,1861,1021,4507,5791,6368,3708,5399,1427,6750,2070,6229,7954,1903,2494,2794,3853,2406,5784,158,3853,3437,2367,4374,173,3215,3388,2831,3002,1682,3617,4172,5771,5261,2237,7157,3315,814,5613,2805,2775,4776,200,5321,7091,5227,2022,891,5064,6457,2617,3648,3493,9174,3541,4901,6386,4297,8725,7892,4374,2088,3287
1416,3821,5883,6374,5376,4767,7311,0,1790,2740,711,9539,4901,6298,661,9277,7508,9818,3465,12331,3594,2681,8643,9525,5747,6795,4850,4182,6308,8043,2345,8121,5646,3607,8784,8488,5205,6514,3234,6527,6547,6542,4178,2593,6618,3241,2012,3601,3118,4919,2240,3245,5707,3571,2012,2873,5906,6115,6164,4897,5862,6840,8100,3265,2012,4165,6269,6622,5717,5134,8366,2545,6271,5004,2012,9675,2263,7014,2743,3629,6272,7472,2751,7096,4967,6442,3663,7171,1526,6105,6628,3758,5721,6000,5134,7970,5566,2012,7202,5208,3359,9569,6482,7125,6005,9871,6790,3981,5039,5754,7245,6451,6255,3679,2864,6930,2889,7608,4951,2721,6901,4679,9341,7860,10586,6993,4011,2422,3348,5208,3317,4617,2012,2845,2649,2710,5276,4958,6889,5436,7919,5502,2012,3691,3639,3920,9453,4367,6509,8043,5482,5134,12016,2178,1030,6394,9912,7308,3392,5165,8061,5173,8919,5134,5208,4482,2661,5897,3356,5255,5133,7393,6456,7702,6435,7495,6106,4016,3772,6263,5246,5224,5948,6639,6621,4854,4876,9752,6664,5767,6433,3827,3727,8360,3435,5632,3015,4759,2614,4958,4911,6957,6718,5172,5409,3821,7338,5172,7999,5672,9135,7129,4534,8040,7841,3658,5888,3333,6021,9778,9381,6726,1556,3935,5623,3650,5855,4950,9954,7255,9127,3356,6877,6807,6659,9745,2681,4387,7384,6788,2012,3884,10079,2119,7075,5208,4897,3561,6020,7522
1663,3038,7645,7596,9075,8466,7613,2075,0,1957,2359,10895,4118,7756,2310,10633,8864,8786,2682,11274,2811,1898,8965,10882,4964,10495,6072,5235,7665,7260,2667,9478,9345,3929,10140,9845,6426,10213,3555,10226,7460,7899,3395,1810,7823,4435,3661,2818,4277,6141,1457,4410,9407,5711,3661,3194,7262,9815,7622,4114,7320,10786,9457,5405,3661,3383,7625,7518,9417,6424,9722,1762,7493,6225,3661,8989,2584,8279,1960,4035,7494,8829,1968,8301,6189,7664,4885,8376,856,7327,10328,4207,7179,7762,4351,8424,7328,3661,8407,4425,3681,8663,10182,10824,7175,9323,10489,5202,6260,9454,8602,7807,7713,4627,2081,10630,3210,8130,6173,2345,7555,5900,10697,8546,11123,8198,5233,2743,3669,4425,2534,6374,3661,2062,1866,3031,6768,4175,10588,6658,9275,7172,3661,2908,2856,5141,10810,5588,7714,7260,6703,4351,10959,2499,1645,7751,9364,8513,4550,8864,9418,6394,10276,4351,4425,5405,1878,7660,2573,6477,8832,8598,7678,9058,7657,8716,7327,5274,3891,7484,6467,6445,7711,7905,10320,8553,6097,9205,7923,6988,7790,3044,4176,9716,2652,7394,2232,5981,2935,4175,6132,8222,7255,8871,6868,3038,7773,8871,9355,7450,10492,7598,8233,9397,9197,4880,7650,4492,7377,11135,10737,10648,886,5193,7385,2867,6974,8650,8852,7815,10483,2573,10576,10434,7880,9198,1898,5608,8740,8144,3661,5060,8977,1336,8431,4425,4114,3883,7260,7648
3105,2813,6499,6450,5388,4779,6467,4109,2173,0,3428,9749,4926,6610,4344,9488,7719,7640,1442,10129,2587,1439,9729,9736,5772,6808,6408,4089,6519,8068,3736,8332,5658,4204,8995,8699,5281,6526,4211,6540,6315,6753,2249,1352,6678,3289,4730,2594,3131,4995,2499,646,5720,4565,4730,4263,6116,6128,6477,4922,6174,9640,8311,4259,4730,2237,6480,6372,5730,6286,8577,521,7443,6562,4730,7844,3653,7134,313,855,7242,7683,727,7931,5043,7614,3739,7231,1925,7075,6641,985,6033,7510,5159,8411,7076,4730,7262,5233,4602,7518,6495,7138,6030,8178,6802,4057,6008,5767,7456,6662,6568,3482,841,6943,4279,8118,6509,4159,6410,6237,9551,7400,9978,7828,4087,3812,4378,5233,2288,5228,4730,821,219,4100,6517,4983,6902,6406,8130,6026,4730,2687,2632,3996,9664,4443,6569,8068,6466,5159,9814,3568,2714,6605,8219,7368,3404,5178,8272,6731,9130,5159,5233,4148,1420,7408,1332,5331,5145,7452,7666,7913,7645,9499,7076,4128,999,7435,5322,6305,7459,6760,6633,4866,6434,8059,6777,6736,6644,2820,953,8570,2428,7142,992,6317,4004,4983,5880,7077,6110,5184,5722,2813,7761,5184,8210,6305,9346,7586,4547,8251,8051,3734,7398,3346,6231,9989,9592,9503,1955,4047,7133,2643,5828,4963,7706,7803,9338,1332,6889,9288,7868,8052,1439,4462,7595,6809,4730,3915,7832,621,7286,5233,4922,4427,6114,6502
1553,4138,6560,6751,5512,4903,7448,414,2107,3058,0,9675,5219,8583,133,9413,7644,9955,3783,10054,3911,2998,8780,9662,6065,6932,5285,4318,6445,8360,2482,8258,5783,3744,8920,8625,5640,6650,3371,6664,6683,6679,3142,2910,6755,3378,1815,3918,3255,5056,2557,3381,5844,3707,1815,3009,6042,6252,6301,5214,5998,7517,8237,3402,1815,4483,6405,6759,5854,5569,8503,3507,6611,5439,1815,9811,2400,7150,3060,3766,6409,7609,3838,7232,5402,6781,3800,7308,1843,6242,6765,3895,6752,6677,5451,8107,6243,1815,7339,5525,3496,9706,6619,7262,6142,10007,6926,4117,5176,5891,7382,6588,6392,3570,3182,7067,3025,7745,5386,2857,7037,5114,9477,7997,9903,7129,4148,2559,3484,5525,3634,4754,1815,3162,2967,2846,5684,5276,7026,5573,8055,5639,1815,4009,3956,4057,9590,4504,6646,8360,5619,5451,9739,2315,1311,6531,10049,7445,3528,5302,8198,5608,9056,5451,5525,4619,2979,6575,3673,5392,5269,7530,6833,7839,6812,7871,6243,4153,3909,6602,5681,5360,6626,6776,6757,4990,5311,9889,6801,5903,6570,4145,3864,8496,3753,6309,3333,5195,2751,5276,5047,7093,6855,5308,5546,4138,7475,5308,8136,5808,9272,7266,4671,8177,7977,3795,6565,3470,6157,9915,9518,6863,1874,4072,6300,3967,5775,5087,7632,7392,9263,3673,7013,9214,7035,9882,2998,4822,7520,6924,1815,4021,7758,2437,7211,5525,5214,3698,6157,6563
6126,7812,4417,4478,8629,8095,4586,7130,6932,8256,7415,0,9925,2674,7365,252,2339,1366,8975,5131,7586,8232,3500,809,10771,9922,4860,5631,2323,13067,5786,2416,7950,4589,3979,1490,5250,9641,4819,8116,6713,3896,6336,8144,6165,6005,8716,7592,7534,3336,7358,7660,8621,4765,8716,5832,2712,8216,2353,9921,2344,3875,3017,4644,8716,6450,3623,2637,8021,3925,2005,7785,5083,4111,8716,1395,6316,7327,8259,8045,4881,2304,8116,4956,5013,4718,6107,4782,6668,3318,9882,8174,2629,3716,10158,3954,4100,8716,5333,10232,4987,1823,9736,7613,2811,1578,9467,4776,3648,8058,2077,3805,2467,6123,8374,10057,5658,4598,4967,6899,2105,4689,4172,5472,2754,5467,5549,7799,4763,10232,7287,3662,8716,8354,8165,5480,4156,9982,10016,4045,2750,2848,8716,7686,7630,5062,85,5686,6056,13067,3284,10158,4816,7554,6700,3748,1619,4973,7807,8418,2893,4359,1221,10158,10232,4839,8213,4567,8866,3405,7298,4890,4550,2788,4520,4236,3478,5247,8188,5074,5000,3127,4522,6953,9748,8182,4886,1589,6637,4376,3207,7819,8143,1999,7427,3795,8525,4770,6667,9982,3520,7270,2733,8500,2941,7812,4655,8500,3068,2960,1087,5225,7862,2308,2672,4933,3604,6315,3375,2621,158,3556,6698,5165,4372,7642,7452,7422,1040,4697,1322,8866,10004,3342,4350,1437,8232,5315,2215,2802,8716,5659,1165,7261,2237,10232,9921,4812,6735,8063
4124,2911,8412,8602,8071,7462,8619,5128,4930,4879,5412,10768,0,7629,5363,10507,8738,8659,5598,11147,2684,4855,10748,10755,3960,9490,7427,5108,7538,6256,5720,9351,8341,5223,10013,9718,6300,9209,5230,9222,7334,7772,3268,4767,7697,4308,6714,2691,4150,6014,5356,4283,8402,5584,6714,6247,7135,8810,7496,5,7193,10659,9330,5278,6714,3256,7499,7391,8412,7305,9596,4408,8462,7581,6714,8863,5637,8153,4882,3052,8261,8702,4739,8950,6062,8633,4758,8250,4666,8094,9323,3224,7052,8529,3346,9430,8095,6714,8281,3420,5621,8537,9177,9820,7049,9197,9485,5076,7027,8449,8475,7681,7587,4501,4997,9625,6263,9137,7528,5178,7429,7256,10570,10555,10997,8847,5106,5796,5397,3420,2407,6247,6714,4977,4788,6084,7536,57,9584,7425,9149,7045,6714,2782,2729,5015,10683,5462,7588,6256,7485,3346,10833,5552,4698,7624,9238,8387,4423,7860,9291,7750,10149,3346,3420,5167,4836,8427,5489,6350,7828,8471,8685,8932,8664,10518,8095,5147,2908,8454,6340,7324,8478,7779,9316,7549,7453,9078,9359,7755,7663,2918,3193,9589,2526,8161,5148,7336,5988,57,6899,8096,7129,7867,6741,2911,8780,7867,9229,7324,10365,8605,7229,9270,9070,4753,8417,4365,7250,11008,10611,10522,4696,5066,8152,2740,6847,7645,8725,8822,10357,5489,9572,10307,8887,9071,4855,5481,8614,8018,6714,4934,8851,4783,8305,3420,5,5446,7133,7521
5128,6034,2737,3350,6756,6222,3367,6778,6580,7904,7063,2647,8147,0,7013,2592,1372,1970,8623,5711,5807,7881,4104,2634,8993,8049,3643,4019,1680,11288,5597,647,6077,4400,2648,2042,3638,7768,4631,6243,4840,3883,4468,7793,4292,4136,8364,5814,4879,1627,7006,7309,6748,4505,8364,5644,2146,6343,819,8142,785,3293,625,4455,8364,4582,3609,1491,6148,2052,1209,7434,2861,2238,8364,1975,6127,5454,7907,7693,3008,526,7765,3697,3400,3095,4239,3167,6316,2020,8009,7822,1152,2455,8379,3138,2581,8364,3760,8453,4798,2427,7863,5740,1976,2643,7594,3606,1775,6185,754,3792,910,4255,8023,8184,5470,2982,3093,6548,869,3471,3205,3902,3358,3594,3937,7447,4574,8453,5509,2482,8364,8003,7813,5291,2283,8204,8143,2172,1783,1145,8364,5908,5852,3511,2562,3639,4183,11288,1575,8379,5396,7203,6348,3735,2684,3408,5152,6545,1926,2486,2448,8379,8453,3226,7861,2687,8514,1696,5425,3492,2927,396,3411,3420,2021,3379,7836,3201,3126,1553,2642,5080,7875,6308,3668,2193,4764,2503,3787,6041,7791,1203,5649,2086,8173,3216,6479,8204,1647,5397,1387,6627,1237,6034,3247,6627,2252,1251,1869,3352,5989,884,1705,3065,2343,4703,3361,3224,2490,2740,6347,3297,2639,5863,5579,5549,2005,3164,1976,8514,8131,2525,2726,2517,7881,3702,790,1099,8364,3791,2130,6910,2599,8453,8142,4624,4862,6190
1630,4215,6637,6827,5589,4980,7525,490,2184,3134,133,9752,5295,8660,0,9490,7721,10032,3859,10131,3988,3075,8857,9739,6141,7009,5362,4395,6522,8437,2559,8335,5859,3821,8997,8702,5717,6727,3448,6741,6760,6756,3219,2987,6832,3455,1765,3995,3332,5133,2634,3458,5921,3784,1765,3086,6119,6329,6378,5291,6075,7594,8314,3478,1765,4560,6482,6836,5931,5646,8579,3583,6687,5516,1765,9888,2476,7227,3137,3843,6486,7686,3914,7309,5479,6858,3877,7385,1920,6319,6842,3972,6829,6754,5528,8184,6320,1765,7416,5602,3573,9782,6696,7338,6219,10084,7003,4194,5252,5968,7459,6664,6469,3647,3259,7144,3102,7821,5463,2934,7114,5191,9554,8074,9980,7206,4225,2636,3561,5602,3711,4831,1765,3239,3043,2923,5761,5352,7102,5650,8132,5716,1765,4085,4033,4133,9667,4580,6723,8437,5696,5528,9816,2392,1388,6608,10126,7522,3605,5378,8275,5685,9133,5528,5602,4696,3056,6652,3750,5469,5346,7606,6910,7916,6889,7948,6320,4230,3986,6679,5758,5437,6703,6853,6834,5067,5388,9966,6878,5980,6647,4222,3941,8573,3830,6386,3410,5271,2828,5352,5124,7170,6932,5385,5623,4215,7552,5385,8212,5885,9349,7343,4748,8254,8054,3872,6642,3547,6234,9992,9594,6940,1950,4149,6377,4044,5852,5164,7709,7469,9340,3750,7090,9291,7112,9959,3075,4899,7597,7001,1765,3267,7834,2513,7288,5602,5291,3775,6234,6640
6040,7726,4330,4391,8542,8008,4499,7043,6845,8169,7328,252,9838,2587,7278,0,2259,1279,8888,5044,7499,8145,3413,722,10684,9836,4774,5544,2236,12980,5699,2329,7863,4502,3535,1410,5163,9554,4733,8030,6626,3810,6249,8058,6079,5918,8629,7506,7447,3249,7271,7573,8534,4679,8629,5746,2625,8129,2267,9834,2257,4181,2851,4557,8629,6363,3536,2550,7934,3838,1919,7699,4996,4024,8629,1308,6229,7240,8172,7958,4795,2224,8030,4869,4926,4632,6021,4696,6581,3231,9795,8087,2543,3629,10071,3867,4013,8629,5246,10145,4900,1736,9649,7526,2724,1491,9380,4690,3561,7971,1997,3718,2381,6036,8287,9971,5572,4511,4880,6813,2018,4602,4092,5385,2667,5381,5463,7712,4676,10145,7200,3576,8629,8268,8078,5393,4069,9895,9929,3958,2670,2762,8629,7599,7544,4975,167,5600,5970,12980,3197,10071,4729,7468,6613,3662,1532,4887,7720,8331,2813,4272,704,10071,10145,4752,8126,4480,8779,3319,7211,4803,4463,2453,4434,4149,3391,5160,8101,4988,4913,3040,4436,6866,9661,8095,4799,1502,6550,4289,3120,7732,8056,1464,7340,3709,8438,5002,6580,9895,3433,7183,2646,8413,2854,7726,4568,8413,2981,2873,1000,5139,7775,2221,2592,4846,3517,6228,3288,2534,160,3470,6611,5079,4285,7555,7365,7335,953,4610,1236,8779,9917,3255,4263,1350,8145,5228,2135,2715,8629,5573,1078,7174,2150,10145,9834,4725,6648,7976
6097,7783,3252,3205,9762,9153,3314,7100,6902,8226,7385,2752,9896,1284,7335,2491,0,2247,8946,6105,7556,8203,4262,2739,10742,11181,5019,5790,2100,13037,7692,1203,6649,5073,1865,1702,5409,10900,5304,6815,5412,4381,6223,8115,4865,5891,8686,7563,7505,2184,7328,7631,7080,5250,8686,6317,3744,6978,1239,9891,1205,2511,1182,5128,8686,6337,4107,1911,6720,2609,1486,7756,3429,2795,8686,2252,7610,6026,8229,8015,3581,554,8087,3684,5172,3446,5994,3510,6638,2136,11014,8144,1572,2551,10128,2772,2935,8686,4061,10202,5471,2704,10868,6072,3844,2920,11176,4935,2331,6757,327,4289,1330,6038,8345,11316,6143,3325,3666,6870,1289,4848,2422,4180,2981,3682,5708,7769,5247,10202,7258,3840,8686,8325,8135,5964,2839,9953,11275,2729,1000,1565,8686,7656,7601,5221,2667,5410,4756,13037,2131,10128,5790,7525,6670,4233,2961,3686,7778,9551,1143,3042,2133,10128,10202,4998,8183,3255,8836,2253,5997,3455,3278,784,3248,2370,2296,5134,8159,3527,3699,2109,3210,5652,11007,9240,5045,2470,5336,3075,4379,7790,8113,1480,7398,3006,8496,4929,7961,9953,2203,5969,1806,9558,1657,7783,3383,9558,1080,1808,2145,3493,8920,1160,922,4819,2439,7719,3859,2992,2595,2373,6669,5052,3207,7612,6151,6121,2281,3425,2341,8836,11263,2159,3077,3468,8203,5474,465,1518,8686,5546,2407,7232,2876,10202,9891,5297,5434,6522
5488,7174,3921,3981,7991,7456,4090,6491,6294,7618,6776,1626,9287,2178,6727,1571,3277,0,8337,4239,6948,7594,2515,936,10133,9284,4878,4993,1684,12429,5148,1920,7312,3951,3482,2427,4612,9003,4181,7478,6075,3258,5698,7506,5527,5366,8078,6954,6896,2840,6720,7022,7983,4127,8078,5194,2073,7577,1857,9282,1848,3379,2521,4006,8078,5812,2985,1998,7383,3287,2137,7147,4445,3473,8078,757,5678,6689,7621,7407,4243,2423,7478,4460,4374,4222,5469,4286,6030,2822,9243,7536,1991,3219,9519,3458,3604,8078,4837,9594,4348,838,9097,6975,2173,588,8828,4138,3010,7420,3014,3167,1971,5485,7736,9419,5020,4101,4328,6261,1609,4706,4391,4975,1769,4829,4911,7160,4125,9594,6649,3024,8078,7716,7527,4841,3518,9344,9378,3407,3688,2210,8078,7048,6992,4424,1541,4613,5418,12429,2787,9519,3924,6916,6062,3110,629,4477,7169,7780,2772,3721,1427,9519,9594,4200,7575,4071,8228,2909,6660,4394,4054,2292,4024,3740,2982,4609,7550,4436,4361,2489,4026,6314,9110,7543,4903,253,5999,3738,2247,7181,7504,2131,6789,3299,7887,4787,6029,9344,2882,6632,2094,7862,2303,7174,4159,7862,2572,2464,1293,4587,7224,1811,3609,4295,3108,5677,2737,1636,1468,3060,6060,4527,3876,7003,6814,6784,156,4201,1528,8228,9366,2846,3853,447,7594,4676,3153,2164,8078,5021,282,6623,1010,9594,9282,4174,6096,7425
3830,3539,8118,8308,6113,5504,8325,3869,2898,1442,4153,10474,4174,7335,4104,10213,8444,8365,0,10854,3312,2164,10454,10461,4996,7533,5651,4814,7244,7292,4461,9057,6384,4929,9720,9424,6006,7251,4936,7265,7040,7478,2974,2077,7403,4014,5455,3319,3856,5720,3224,1371,6445,5290,5455,4988,6841,6853,7202,4169,6899,10365,9036,4984,5455,2962,7205,7097,6455,7011,9302,1246,8169,5805,5455,8569,4378,7859,1444,1580,7967,8408,859,8656,5768,8339,4464,7956,2650,7800,7366,1812,6758,8235,4383,9136,7801,5455,7987,4457,5327,8243,7220,7863,6755,8903,7527,4782,6733,6492,8181,7387,7293,4207,601,7668,5004,8843,5752,4884,7135,5480,10277,8125,10703,8553,4812,4537,5103,4457,3013,5953,5455,621,1351,4825,7242,4231,7627,7131,8855,6751,5455,3412,3357,4721,10389,5168,7294,7292,7191,4383,10539,4293,3439,7330,8944,8093,4129,5903,8997,5974,9855,4383,4457,4873,2145,8133,169,6056,5870,8177,8391,8638,8370,10224,7801,4853,953,8160,6047,6025,8184,7485,7358,5591,5677,8784,7502,7461,7369,3545,1781,9295,3153,7867,1123,5560,4729,4231,6605,7802,6835,5909,6447,3539,8486,5909,8935,7030,10071,8311,5272,8976,8776,4459,8123,4071,6956,10714,10317,10228,2680,4772,7858,3368,6553,5688,8431,8528,10063,169,7614,10013,8593,8777,2164,5187,8320,7724,5455,4640,8557,1346,8011,4457,4169,5152,6839,7227
7094,9856,11853,12056,11047,10438,12982,5994,7849,8800,5815,15216,10937,11417,5747,14955,13185,9627,10237,0,9629,8740,11654,15203,11782,12466,10820,9853,11986,14078,6260,11092,11317,7522,12913,14166,11175,12185,7148,12198,12218,12220,8693,8652,12290,9503,5699,9636,8790,10045,8275,8922,11379,8316,5699,6787,11583,11786,10520,10932,10218,12810,13778,8010,5699,8807,11946,10246,11388,11104,11931,9048,11953,10974,5699,9373,5674,12685,8802,9307,11702,13150,9379,12767,10937,12124,10197,12842,7585,12444,12300,9436,10077,11969,11169,13641,11536,5699,12873,11243,7274,9047,12154,12796,10073,9707,12461,10537,10066,11425,12923,12129,10611,9411,9636,12601,6803,13279,10921,8399,10453,10648,13827,13531,14924,12664,9062,6267,7262,11243,9352,9743,5699,9617,8709,6624,11245,10994,12560,11321,13597,10069,5699,9726,9674,10147,15131,10337,12181,14078,10607,11169,11343,316,6961,12072,9748,12980,9063,10836,13739,11142,14597,11169,11243,10154,8721,11867,10128,10380,10804,13064,12138,13380,12117,13176,12141,8761,9450,11944,11215,10349,11918,12311,12292,10525,10845,9589,12335,11196,12358,9863,9405,11924,9471,11602,9787,10729,6025,10994,10036,12628,10153,10843,9765,9856,13009,10843,11704,12346,14813,12801,10205,11605,13518,8621,11858,9005,11698,15458,15059,13083,7616,8680,11593,9685,11527,10621,9762,12927,14804,10128,12548,12868,12340,9582,8740,10356,13062,10852,5699,7798,9888,8179,8815,11243,10932,7476,11692,13193
2352,227,5746,5937,4635,4026,5954,3356,3158,3107,3641,8996,3287,5857,3591,8735,6966,6887,3826,9376,0,3083,8976,8983,4132,6055,4173,3336,5766,6428,3948,7579,4906,3451,8242,7946,4528,5773,3458,6042,5562,6000,1496,2995,5925,2536,4942,556,2378,4242,3584,2511,4967,3812,4942,4237,5364,5375,5724,3282,5421,6704,7558,3506,4942,1484,5727,5619,4977,4525,7824,2636,5797,4327,4942,7091,3865,6381,3110,2896,5595,6930,2967,6284,4290,5968,2986,6478,2894,5428,5888,3025,5280,5863,3519,6765,5430,4942,6509,3593,3849,6765,5742,6673,5277,7425,6049,3304,4362,5014,6703,5909,5815,2729,3225,6190,4063,6471,4274,3406,5657,4002,8799,6647,9225,6181,3334,4025,3625,3593,466,4475,4942,3205,3016,3884,4870,3344,6149,4759,7377,5273,4942,340,158,3243,8911,3690,5816,6428,4805,3519,9061,3780,2926,5852,7466,6615,2651,4425,7519,4496,8377,3519,3593,3395,3064,6096,3717,4578,4922,6699,6019,7160,5998,7057,5429,3376,3039,5788,4569,4547,5813,6007,5880,4113,4199,7306,6024,5090,5999,234,2994,7817,460,5496,3376,4082,4216,3344,4234,6324,5357,4431,4969,227,6114,4431,7457,5552,8593,5939,3794,7498,7299,2981,5751,3017,5479,9236,8839,8750,2924,3295,5486,230,5076,4210,6953,6156,8585,3717,6136,8535,6221,7299,3083,3710,6842,6246,4942,3162,7079,3011,6533,3593,3282,3675,5361,5749
2672,4020,9521,9711,10057,9448,9728,3084,2114,1439,3369,10472,5101,7333,3319,10210,8441,8363,2497,12256,3793,0,10452,10459,5946,11477,8536,6217,8647,8242,3676,9055,10328,4938,9717,9422,7409,11195,4565,11209,8443,8881,4377,88,8806,5417,4670,3800,5259,7123,2439,1182,10389,4837,4670,4203,8244,10797,7149,5096,8302,10363,9034,4531,4670,4365,8607,8500,10399,7406,9300,1307,9571,8690,4670,8566,3593,9262,1442,1566,9370,8406,1638,10059,7171,9742,5867,7953,1865,9203,11310,1696,8161,9637,5333,9134,9204,4670,7934,5407,4690,8240,11164,11807,8158,8900,11471,6185,8136,10436,8179,8790,7290,5610,1896,11612,4219,8790,8637,3354,7082,8364,10274,8123,10700,9956,6215,3753,4678,5407,3516,7356,4670,1876,1348,4040,8644,5158,11571,8534,8852,8154,4670,3890,3838,6124,10387,6571,8697,8242,8594,5333,11941,3509,2654,8733,8942,8091,5532,9847,8995,8859,9853,5333,5407,6276,11,9536,2388,7459,9814,8175,9794,8636,9773,10222,9203,6256,1710,9563,7449,7428,9587,8888,11302,9535,8562,8782,8905,8864,8772,4027,1664,9293,3635,9270,1714,8445,3945,5158,8008,9205,8238,9853,7850,4020,9889,9853,8933,8433,10069,9714,9216,8974,8774,5862,9526,5474,8359,10712,10315,10226,1895,6175,9261,3849,7956,9632,8429,9931,10060,2388,11558,10011,9996,8775,0,6590,8317,9127,4670,6043,8554,818,8008,5407,5096,4892,8242,8630
7585,9271,5915,5976,11250,10641,6084,8589,8391,9715,8874,3620,11384,4172,8824,3565,4038,2426,10434,5578,9045,9691,0,3342,12230,12670,6320,7090,3439,14526,7245,3914,9268,6048,5477,3189,6709,12388,6278,9434,7890,5355,7523,9604,7428,7191,10175,9051,8993,4834,8817,9119,11582,6224,10175,7292,3974,9534,3852,11380,3842,5373,4516,6103,10175,7637,5082,4099,9339,5188,4131,9245,6346,6473,10175,2283,7775,8654,9718,9504,6144,4003,9576,6454,6472,6217,7294,6281,8127,4816,12503,9633,4092,5214,11617,5452,5598,10175,6831,11691,6446,2177,12357,8946,4074,2479,12664,6236,4911,9376,3776,5264,3965,7338,9833,12805,7117,6096,6421,8358,3603,6148,5871,6970,2386,6730,7008,9258,6222,11691,8746,5140,10175,9814,9624,6939,5419,11441,12764,5308,4449,4311,10175,9145,9089,6521,3535,7145,7319,14526,4782,11617,5263,9013,8159,5207,2520,6472,9266,11040,4592,5622,3421,11617,11691,6298,9672,6065,10325,4903,8475,6388,6048,4286,6019,5734,5021,6434,9647,6337,6262,4589,6020,8280,12495,10728,6345,2360,7899,5638,3586,9278,9602,4125,8886,5294,9984,6229,8126,11441,4782,8597,4195,11046,4294,9271,6153,11046,4566,4458,3287,6488,10409,3806,4371,6120,5102,7774,4834,2397,3463,5055,8157,6352,5870,9101,9090,8599,2562,6195,3522,10325,12751,4840,5848,2353,9691,6774,3914,4156,10175,6846,2687,8720,2349,11691,11380,6271,7912,8772
5983,7669,4274,4334,8486,7951,4443,6987,6789,8113,7271,890,9782,2531,7222,835,2541,1223,8832,4988,7443,8089,3357,0,10628,9779,4717,5488,2179,12924,5643,2273,7807,4446,3817,1692,5107,9498,4676,7973,6570,3753,6193,8001,6022,5861,8573,7449,7391,3193,7215,7517,8478,4622,8573,5689,2568,8073,2210,9777,2201,4463,3133,4501,8573,6307,3480,2493,7878,3782,1862,7642,4940,3968,8573,1252,6173,7184,8116,7902,4738,2506,7973,4813,4869,4575,5964,4639,6525,3175,9738,8031,2486,3572,10014,3811,3957,8573,5190,10089,4843,1680,9592,7470,2668,1435,9323,4633,3505,7915,2279,3662,2324,5980,8231,9914,5515,4454,4823,6756,1962,4546,4374,5328,2611,5324,5406,7655,4620,10089,7144,3519,8573,8211,8022,5336,4013,9839,9873,3902,2952,2705,8573,7543,7487,4919,805,5543,5913,12924,3140,10014,4673,7411,6557,3605,1476,4830,7664,8275,3095,4216,691,10014,10089,4695,8070,4424,8723,3262,7155,4747,4407,2735,4377,4093,3335,5104,8045,4931,4856,2984,4379,6809,9605,8038,4743,1446,6494,4233,3064,7676,8000,1856,7284,3652,8382,4945,6524,9839,3377,7127,2589,8357,2798,7669,4512,8357,2925,2817,801,5082,7719,2164,2874,4790,3461,6172,3232,2477,733,3413,6555,5022,4229,7498,7309,7279,897,4554,792,8723,9861,3199,4206,1294,8089,5172,2417,2659,8573,5516,1022,7118,2094,10089,9777,4669,6591,7920
5522,4309,6448,7147,5017,4408,6952,6399,6136,5009,6684,12166,3479,9027,6634,11904,10135,10057,5386,12545,4082,6253,12146,12153,0,6436,6522,5555,8936,3202,6991,10749,5287,6621,8615,11116,5638,6155,6628,6168,6188,9170,4666,6165,6260,5204,7985,4089,4468,7412,6562,4537,5349,6982,7985,7518,8533,5756,8893,3475,8591,9007,10728,6676,7985,4653,8896,8620,5358,6806,10993,4487,5974,6676,7985,10260,6908,6655,5011,4153,6561,10100,4527,6737,5690,6144,5899,6812,5872,8146,6270,4325,8450,7671,2460,7611,6525,7985,6843,2534,7018,9934,6124,6766,8446,10594,6431,6239,8425,5395,9873,9078,8984,5112,4785,6571,7534,7249,6623,6576,8826,6350,8919,7501,12394,6634,5912,7068,6795,2534,3805,7645,7985,4765,6185,7355,6947,3536,6530,7023,10546,8443,7985,4179,4127,5849,12081,6038,6151,3202,7974,2460,12230,6823,5969,9022,10635,6950,4741,4806,10689,6844,11547,2460,2534,5855,6233,7683,5277,7748,4774,7034,7229,10329,7208,8267,7842,6545,4010,7047,6917,7716,7468,6281,6262,4495,6547,10476,6305,6898,9168,4315,4294,10987,3923,7304,4936,6431,7259,3536,8297,6598,8526,4813,8139,4309,6979,4813,10626,8721,11763,6771,4175,10668,10468,6151,7559,4706,8648,12406,12008,9836,5902,6464,7219,4138,5497,4591,10123,6897,11754,5277,6518,9621,7466,10469,6253,6058,10011,9415,7985,6331,10248,6181,9702,2534,3475,6844,5662,7163
6004,6431,5753,5370,3382,2855,5175,7008,6810,6875,7292,9864,9465,7912,7243,12387,10618,9187,7594,13028,6205,6851,12628,9851,7099,0,5719,5201,7874,9395,7606,7587,2108,7523,7286,11598,5059,667,7530,2136,3871,9652,5148,6764,4553,4850,8594,6211,4114,6545,7236,6279,1317,7610,8594,8133,9015,1725,7790,9460,7487,6363,7468,7578,8594,5136,9379,7516,2221,6003,8426,6405,5278,5872,8594,10248,7523,3152,6878,6664,5866,10582,6736,4960,5111,5449,5545,5035,6546,7096,2202,6793,7346,6423,8445,5834,5830,8594,4804,8519,7921,10417,2056,2734,7343,11077,2042,5885,6659,1999,10355,9561,7881,4757,6993,849,8149,5472,5820,7058,7723,5547,7073,4553,12879,4857,5093,7683,7697,8519,5906,8127,8594,6973,6784,7970,6144,9522,1276,6099,7666,7127,8594,6305,6249,5390,9779,5230,4444,9395,7107,8445,12713,7438,6578,9504,11118,4751,4387,3172,8261,6180,9665,8445,8519,5501,6832,5872,7485,6881,3088,4950,5452,7959,5431,6422,6594,6750,6807,5270,6273,6849,5691,3332,774,2942,5744,9410,3357,5650,9651,6438,6762,8420,6046,6056,7144,5628,7874,9522,6531,2969,7423,3260,7035,6431,5202,3260,8087,6996,9086,4994,2623,8100,8041,6356,6311,4352,9130,12891,9706,6887,6576,6669,5442,6261,2873,3016,9322,5120,9193,7485,81,6673,5654,10951,6851,5704,10494,8122,8594,6536,9447,6780,10185,8519,9460,7746,4178,3131
3196,4102,2377,2567,4767,4092,2584,5427,5230,6554,5712,4128,6214,2245,5663,4073,2821,3419,7273,5908,3875,6530,5509,4115,7060,6187,0,1911,2298,9356,3665,1920,4088,2468,3438,4929,1530,5905,2698,4255,2711,2532,2535,6442,2776,2204,7013,3882,2771,873,5655,5958,4753,2573,7013,3711,1896,4354,2118,6210,1815,3334,2522,2523,7013,2650,2259,2013,4160,392,2759,6083,2427,279,7013,3623,4195,3474,6557,6342,2226,2423,6414,2915,1292,2598,2307,3287,4966,2114,6020,6472,1674,2493,6447,3405,2060,7013,3423,6521,2866,3297,5874,3767,1671,3957,6181,1056,669,4197,2650,2441,2208,2322,6672,6322,3537,3102,1241,5197,2051,968,4338,3562,4672,2812,1404,6096,2642,6521,3577,870,7013,6652,6463,3359,1500,6271,6281,1390,3879,1667,7013,3975,3920,1341,4043,1530,2667,9356,1435,6447,5593,5852,4997,2384,3998,3529,3044,4557,2732,1462,3929,6447,6521,1118,6511,2726,7164,1209,3296,3614,2650,2292,2629,3687,2665,1447,6486,2419,1562,1177,2443,3100,6012,4179,1165,3838,3117,1720,2423,4108,6440,2753,3716,2126,6823,1049,4546,6271,864,3417,1751,4497,1363,4102,2745,4497,2532,1625,3795,2570,3859,2433,3115,1132,2382,2594,2011,4538,3970,2976,4996,1365,2117,3931,3449,3419,3485,2787,4030,7164,6268,2761,2765,3831,6530,1594,3010,2450,7013,1859,3611,5559,3065,6521,6210,2691,2732,3592
2701,3607,2857,2485,2921,2312,3195,4309,4112,4177,4594,5724,5720,4039,4545,5669,4825,5016,4896,7504,3380,4153,7105,5711,5268,4340,1596,0,3798,7564,3885,3714,2539,2710,3690,8900,1951,4059,2940,2706,2431,4128,2041,4065,2502,1034,5895,3387,1489,2469,4537,3581,3252,2815,5895,3931,3492,2805,3714,5715,3411,3586,3868,2765,5895,2438,3855,3609,2611,1880,4553,3706,2382,1750,5895,4724,4825,3194,4180,3965,2478,4217,4037,2980,1713,2553,973,3055,3848,3418,4173,4095,3270,2746,6615,3854,2312,5895,3086,6689,3108,4893,4027,3557,3267,5553,4335,1314,2157,2647,7657,4037,3804,877,4295,4475,3757,3492,1697,4360,3647,1425,4257,3225,6268,2876,986,4984,2884,6689,3082,2502,5895,4275,4086,3578,2022,7691,4434,2098,4131,3263,5895,3481,3425,924,5639,1113,2393,7564,3031,6615,7189,4740,3879,3980,5594,3192,1763,2710,4727,1919,5525,6615,6689,930,4134,2987,4787,2805,1586,3277,2568,4086,2547,3606,2917,1955,4109,2374,1992,2773,2795,2820,4166,2399,1622,5434,2845,1972,4127,3614,4063,4547,3222,2378,4446,1505,5176,7691,2460,3137,3347,2717,2959,3607,3222,2717,4326,3122,5391,3013,2079,4227,4506,1561,2634,995,3607,6134,5566,3859,3878,1874,2547,3436,1739,1709,5082,3139,5626,4787,4422,3644,2770,5427,4153,1132,7795,4046,5895,1964,5207,4081,4661,6689,7630,2933,1904,3954
5377,5808,2515,3131,6537,6003,3148,6380,6182,7506,6665,2032,7921,1528,6615,1978,2559,1324,8225,4230,5582,7482,3458,2019,8767,7830,3424,3793,0,11063,4046,1658,5858,2849,3177,2834,3412,7549,3079,6024,4621,2156,4242,7395,4074,3911,7966,5588,4653,1401,6608,6910,6529,4280,7966,4092,871,6124,1208,7916,1198,3074,2260,2904,7966,4356,1883,535,5929,1833,1488,7036,2991,2019,7966,1475,4576,5385,7509,7295,2790,2161,7367,3111,3175,2873,4013,2945,5918,1853,7790,7424,528,2233,8153,3111,2246,7966,3538,8228,3246,1569,7644,5521,598,2229,7375,3380,1556,5966,2388,2065,1322,4029,7624,7966,3918,2760,2875,6150,813,3252,4045,3680,2944,3375,3286,7049,3023,8228,5283,1571,7966,7605,7415,3739,2064,7978,7924,1953,2931,747,7966,5682,5626,3286,1947,3413,3965,11063,1187,8153,3915,6804,5950,2008,2270,3186,4927,6326,2470,2267,1833,8153,8228,3001,7463,2465,8116,1471,5206,3270,2705,2030,3192,3393,1799,3153,7438,2954,2908,1025,2420,4861,7656,6090,3449,1547,4545,2284,2131,5815,7393,1481,5423,1865,7775,2997,4927,7978,1428,5328,631,6408,839,5808,3025,6408,2270,1025,1699,3133,5770,1162,2853,2839,2121,4477,1635,2810,1875,2714,5948,3071,2417,5637,5679,5330,1390,2942,1935,8116,7912,2499,2504,2103,7482,3477,2294,701,7966,3565,1515,7411,1337,8228,7916,3072,4643,5971
3157,3584,4162,3779,1815,1206,3585,4160,3962,4027,4445,9801,7732,6661,4395,9539,7770,7692,4746,10180,3357,4003,9781,9787,5366,3235,3320,2353,6570,0,4758,5438,2085,4657,5414,8750,2436,2953,4887,2967,2820,6804,2300,3916,2892,2003,5746,3364,1266,4193,4388,3431,2147,4762,5746,5285,6168,2555,6528,7727,6226,5640,8362,4712,5746,2288,6531,6424,2157,3604,8628,3557,3687,3474,5746,7895,4675,3453,4030,3816,4202,7735,3888,3369,2488,3858,2697,3445,3698,5142,3068,3945,6085,4470,6712,4244,4239,5746,3476,6786,5055,7569,2922,3564,6267,8229,3229,3038,3881,2194,7507,6713,6619,1909,4145,3370,5301,3881,3421,4210,6461,3149,5551,3614,10029,3266,2710,4835,4831,6786,3059,5280,5746,4126,3936,5122,3745,7789,3328,3821,8181,6077,5746,3457,3402,2647,9715,2837,2783,151,4755,6712,9865,4591,3730,6656,8270,3582,1539,1604,8323,3643,9181,6712,6786,2654,3984,4316,4637,4529,1461,3666,3862,7964,3841,4856,4641,3902,3959,3679,3715,4497,4100,3079,3060,1293,3346,8110,3104,3696,6803,3590,3914,8622,3198,4102,4296,3229,5027,7789,4184,3396,6161,1611,5773,3584,3612,1611,8261,4846,8067,3403,974,8302,8103,3508,4358,1505,6283,10041,9643,5583,3728,3821,3851,3413,2129,1390,7758,3529,9389,4637,3316,5368,4098,8103,4003,2856,7646,7050,5746,3688,7883,3932,7337,6786,7727,4880,2294,3961
2335,4140,5289,5166,7276,6667,5183,3620,4078,5028,3905,7030,6253,5163,3855,6975,5733,6321,5685,8810,3914,4969,8410,7016,7099,8695,4192,3582,5114,9395,0,4832,7546,1262,6350,9273,4070,8414,889,8427,5030,5434,2574,4881,5393,3129,5573,3921,5018,3785,4504,4370,7607,2056,5573,717,4798,8015,5030,6249,4727,6246,5434,1445,5573,2689,5161,4925,7617,4068,5671,4495,5063,4345,5573,6525,824,5849,5031,4754,5138,5335,4826,5871,3833,5234,3232,5946,3814,4971,8528,4883,4586,5405,6486,5994,4972,5573,5977,6560,1014,6199,8382,6142,4583,6859,8690,2846,3807,7654,8030,5343,5120,3248,5084,8830,543,5700,4293,3846,4963,4020,6937,6116,7574,5768,2803,2157,1002,6560,3615,3483,5573,5064,4937,364,4412,6310,8789,4302,6791,4579,5573,4014,3959,2711,6945,3232,5284,9395,4347,6486,8495,1756,3190,5286,6900,6083,5292,7065,5644,4514,6831,6486,6560,2938,4950,5304,5576,4121,7033,6168,5248,5204,5227,6286,4971,2501,4898,5054,4111,4089,5475,5475,8521,6754,3741,6740,5493,4632,5433,4147,4852,5665,3755,5038,5235,4101,1176,6310,3776,5792,4663,7072,4275,4140,5343,7072,5444,4537,6697,5168,6434,5345,6027,2361,5294,5233,4913,7440,6872,5592,3844,2421,5029,3970,5461,6850,6387,5385,6932,5576,8777,5673,5450,6733,4969,3252,8169,5362,5573,1539,6513,4407,5967,6560,6249,1216,4830,5218
5105,6010,2713,3326,6732,6198,3343,7339,7142,8466,7624,2277,8123,325,7574,2222,1507,1600,9185,5340,5784,8442,3733,2263,8969,8026,3619,3995,1506,11265,5574,0,6053,4377,2792,1672,3614,7744,4607,6220,4817,4106,4444,8354,4269,4113,8925,5790,4856,1604,7567,7870,6724,4482,8925,5620,2921,6319,1167,8119,1157,2688,602,4432,8925,4558,3832,1523,6125,2029,839,7995,3186,2215,8925,1605,6104,5580,8468,8254,2985,503,8326,3674,3377,3071,4216,3143,6877,2131,7985,8383,1524,2529,8356,2767,2444,8925,3736,8430,4774,2057,7839,5717,3021,2273,7570,3582,1751,6162,730,4015,1015,4231,8584,8161,5446,2958,3070,7109,918,3448,3340,3878,2988,3571,3488,8008,4551,8430,5485,2459,8925,8564,8375,5267,2259,8180,8120,2149,1918,1359,8925,5884,5828,3488,2192,3615,4160,11265,1551,8356,5025,7764,6909,3958,2314,3384,5129,6521,2060,2462,2078,8356,8430,3203,8423,2664,9075,1673,5402,3703,2903,372,3388,3050,2291,3355,8398,3152,3103,1529,2619,5206,7851,6285,3645,1823,4740,2479,3417,6017,8352,833,5625,2063,8735,3192,6455,8180,1623,5523,1438,6603,1609,6010,3223,6603,1881,1228,1498,3329,5965,513,1840,3041,2417,4679,3584,2854,2119,2370,6908,3273,2616,5840,5875,5525,1735,3141,1605,9075,8107,2155,2702,2147,8442,3679,766,1471,8925,3768,1860,7471,2229,8430,8119,4600,4838,6167
4761,5188,3744,3362,1009,1611,3167,5764,5566,5631,6049,7856,8221,5904,5999,7801,6310,7178,6350,9681,4961,5608,9281,7842,5855,2121,3773,3957,5866,8151,6362,5579,0,5584,5359,10354,3114,1839,5815,849,1925,6305,3904,5520,2607,3607,7350,4968,2870,4536,5992,5036,1341,5690,7350,6889,5504,437,5781,8217,5479,4354,5459,5639,7350,3892,6032,5677,113,4057,6418,5161,3270,3927,7350,7039,6280,1698,5634,5420,3857,6082,5492,2952,3166,3440,4301,3027,5302,5087,1887,5549,5338,4415,7201,3826,3821,7350,2795,7276,5982,7070,1741,1756,5334,7851,1676,3993,4651,108,9112,6214,5872,3513,5750,2256,6905,3464,3874,5814,5714,3601,5065,2545,11633,2848,3085,6439,5758,7276,4663,4643,7350,5730,5540,6727,4198,8278,2215,4091,5616,5119,7350,5061,5006,3381,7770,3222,2498,8151,5099,7201,9366,6195,5334,6157,7893,2797,3143,799,6211,4171,7656,7201,7276,3609,5588,3864,6241,4872,861,3249,3444,5951,3423,4414,4586,4829,5563,3261,4168,4841,3682,1324,1946,1698,3798,7401,1349,3641,6304,5195,5518,6412,4803,4047,5901,3682,6631,8278,4523,1641,5414,2016,5026,5188,3194,2016,6191,4987,7077,2985,1379,6092,5991,4435,4303,3109,5784,11645,7698,4879,5333,4748,3434,5017,865,805,7313,3111,7184,6241,2202,4664,3646,7726,5608,3475,9250,6113,7350,4467,7439,5536,6838,7276,8217,5808,2062,2153
1889,3695,4386,4577,5596,4987,4593,3335,3679,4520,3620,6127,5808,4254,3570,6072,4830,5419,5239,7907,3468,4496,7508,6114,6654,7016,3289,2676,4211,8950,1990,3929,5215,0,5447,6928,3168,6734,373,5382,4349,4531,2129,4409,4414,2462,4921,3475,3536,2882,4105,3924,5928,1154,4921,2036,3895,5481,4127,5803,3824,5343,4516,326,4921,2243,4258,4022,5286,3165,4768,4050,4437,3443,4921,5622,2520,5351,4523,4309,4235,4432,4381,4924,2930,4607,2564,5296,3415,4066,6849,4438,3683,4503,6040,5414,4069,4921,4998,6114,541,5296,6703,5644,3680,5956,7010,1943,2904,5322,4659,4440,4218,2580,4638,7151,1862,5111,3390,3401,4060,3117,6348,5136,6671,4821,2170,3852,317,6114,3170,2580,4921,4619,4429,1683,3510,5865,7110,3399,5888,3676,4921,3569,3513,1872,6042,2330,4305,8950,3445,6040,7592,3451,2905,4383,5997,5104,3809,5386,4742,3611,5928,6040,6114,2035,4477,4401,5130,3218,4261,5189,4659,4301,4638,5696,4674,1599,4452,4428,3208,3186,4452,4977,6841,5074,3314,5837,4995,3729,4530,3702,4407,4762,3310,4135,4789,3198,2871,5865,2873,5294,3760,5392,3372,3695,4754,5392,4542,3634,5794,4579,4755,4442,5124,1458,4391,3359,4010,6538,5969,4688,3445,1518,4126,3524,4415,4385,5485,4796,6029,5130,7097,4770,4774,5831,4496,2349,4696,4459,4921,888,5610,4425,5064,6114,5803,366,4332,4719
8116,7618,2259,2018,6031,5497,2126,9119,8921,8339,9404,4920,10948,2968,9354,4865,2019,4243,9059,8101,7392,8316,6281,4907,8582,7193,3995,4768,4106,10877,7182,2643,5352,5985,0,3721,3537,6912,6215,5519,4115,6400,6612,8228,3568,5173,10705,7398,5628,3750,9347,7744,5892,6090,10705,7228,4718,5790,2907,10943,3189,1323,2585,6040,10705,6600,6126,3917,5423,4279,3482,7869,2484,4149,10705,4248,7712,4879,8342,8128,3071,2573,8200,2496,3589,2259,5112,2323,8657,2354,6959,8257,3578,2182,9928,2031,2566,10705,2873,10002,6382,4700,6813,4884,4548,4916,6738,4588,3865,5460,2346,6308,2998,5016,8458,7328,7054,2138,3446,8889,3273,3824,1234,2992,4999,2494,4051,9147,6159,10002,7093,4605,10705,8438,8248,6875,3741,11005,7287,3305,1148,3359,10705,7492,7436,4198,4835,4188,3459,10877,3534,9928,7786,8903,8689,6252,4957,2499,5901,5820,1921,3385,4721,9928,10002,3975,8296,2107,8949,3656,4700,2267,2090,3015,2061,1182,2825,5230,8272,2340,3479,3512,2062,4505,7019,5584,4021,4466,4039,2706,6398,7625,8226,3476,7233,2637,8609,3568,8063,11005,3737,4822,3813,5902,3641,7618,2195,5902,3204,3211,4142,2306,5264,3156,1700,4836,2070,5185,5878,5011,4762,2005,8687,5149,2648,7448,5174,4824,4378,2237,4249,8949,7275,1790,1890,4790,8316,3800,2484,3502,10705,5433,4503,8244,4872,10002,10943,6208,4137,5334
6257,7943,3512,3466,9922,9313,3574,7261,7063,8387,7545,2913,10056,1788,7496,2651,849,2468,9106,6326,7717,8363,4423,2900,10902,8641,4475,5951,2321,13198,7853,1463,6909,5234,2125,0,5570,8360,5464,7076,5673,4541,5284,8275,5125,4953,8847,7723,7665,2444,7489,7791,7340,5410,8847,6477,3905,7238,1764,10052,1426,2771,1442,5289,8847,5399,4268,2132,6980,2869,1708,7916,3689,3055,8847,2473,7770,6286,8390,8176,3841,814,8247,3944,5332,3706,5056,3771,6799,2396,11175,8305,1793,2811,10289,3032,3195,8847,4321,10363,5632,2925,11029,6332,2617,3141,8186,5096,2591,7017,587,4450,1855,5071,8505,8776,6303,3586,3926,7030,1511,4304,2682,4440,3141,3942,5444,7929,5408,10363,7418,4000,8847,8485,8296,6124,3100,10113,8735,2989,1260,2199,8847,7817,7761,5381,2828,5570,5016,13198,2391,10289,6011,7685,6831,4393,3182,3947,7938,9712,1403,3302,2294,10289,10363,5158,8344,3515,8997,2513,6258,3715,3538,1044,3509,2630,3454,4196,8319,3788,3959,2369,3471,5912,8467,9400,4501,2691,5596,3335,4540,7950,8274,1701,7558,3266,8656,4048,8121,10113,2463,6229,2028,9718,1878,7943,3643,9718,1341,2068,2367,3754,9081,1382,1182,3881,2699,7880,4020,3153,2755,2634,6829,4114,3467,7772,6731,6381,2603,3685,2501,8997,8723,2419,3338,3629,8363,5634,725,1740,8847,4608,2729,8291,3097,10363,10052,5457,5694,6782
4085,4991,2096,1724,3893,3218,1741,6316,6119,6004,6601,5017,8612,3332,6552,4962,4118,4309,6723,6797,4764,5980,6398,5004,6246,5313,889,2879,3091,8542,4554,3007,3214,3357,2983,5818,0,5031,3587,3381,1836,3421,3424,5892,1902,3093,7902,4771,3243,1762,6544,5408,4225,3462,7902,4600,2785,3480,3007,8607,2704,2879,2963,3412,7902,3539,3148,2902,3285,1173,3846,5533,1621,1043,7902,4512,5084,2600,6007,5792,1771,3510,5864,2062,282,1792,3196,2443,5855,2569,5146,5922,2563,2039,7592,2552,1605,7902,2486,7666,3755,4186,5000,2892,2560,4846,5307,2699,1450,3322,3737,3330,3097,3127,6122,5448,4426,2258,990,6086,2940,718,3496,2624,5561,1959,1715,6811,3531,7666,4466,1759,7902,6102,5913,4248,1315,8669,5406,1390,3424,2556,7902,4864,4809,2011,4932,1852,1793,8542,2324,7592,6482,6567,5886,3273,4887,2684,3516,3682,4020,1212,4818,7592,7666,2086,5961,2226,6614,2098,2421,2769,1806,3379,1785,2844,2210,2336,5936,1613,1284,2066,2034,2226,5138,3305,915,4727,2243,1265,3420,4997,5890,3840,4605,1671,6273,798,5435,8669,1753,2543,2640,3623,2252,4991,1902,3623,3619,2415,4684,1726,2985,3520,3799,2021,1927,2849,2900,5427,4859,3152,5885,2254,1785,4820,3036,2545,4375,1944,4919,6614,5394,2937,2008,4720,5980,796,4097,3339,7902,2748,4500,5908,3954,7666,8607,3580,1858,3321
6070,6497,5819,5436,3448,2921,5241,7074,6876,6941,7358,9930,9531,7978,7309,9875,10684,9253,7660,13094,6271,6917,12694,9917,7165,1015,5785,5267,7940,9461,7672,7653,2174,7571,7352,11664,5125,0,7596,2202,3937,9718,5214,6829,4842,4916,8660,6277,4180,6611,7302,6345,1383,7676,8660,8199,9081,1790,7856,9526,7553,6429,7534,7626,8660,5202,9445,7582,2287,6069,8492,6471,5344,5938,8660,9113,7589,3218,6944,6730,5932,10648,6802,5026,5177,5515,5611,5101,6612,7162,2268,6859,7412,6489,8511,5900,5896,8660,4870,8585,7968,10483,2122,2800,7409,11143,2113,5951,6725,2065,10421,9627,7947,4823,7059,1150,8215,5538,5886,7124,7789,5613,7139,4619,12945,4923,5159,7749,7745,8585,5972,8193,8660,7039,6850,8036,6210,9588,1342,6165,7732,7193,8660,6371,6315,5456,9845,5296,4733,9461,7173,8511,12779,7504,6644,9570,11184,4872,4453,3238,8327,6246,9731,8511,8585,5567,6898,5938,7551,6947,3154,5071,5518,8025,5497,6488,6660,6816,6873,5336,6339,6915,5757,3398,107,3008,5810,9476,3423,5716,9717,6504,6828,8486,6112,6122,7210,5694,7940,9588,6597,3034,7489,3326,7101,6497,5268,3326,8153,7062,9152,5060,2688,8166,8107,6422,6377,4418,9196,12957,9772,6953,6642,6735,5508,6327,2939,3082,9388,5186,9259,7551,1096,6739,5720,11017,6917,5770,10560,8188,8660,6602,9513,6846,10251,8585,9526,7794,4244,3197
1897,3702,4617,4807,5827,5218,4824,3342,3686,4527,3627,6357,5815,4491,3577,6303,5060,5649,5247,8137,3476,4504,7738,6344,6661,7246,3519,2906,4442,8957,1183,4160,6025,373,5677,7159,3398,6965,0,5612,4592,4762,2136,4416,4955,2691,6461,3482,3766,3112,4112,3932,6158,1384,6461,1229,4125,5711,4357,5811,4055,5574,4746,556,6461,2250,4488,4253,6097,3395,4999,4057,4667,3673,6461,5852,1713,5411,4530,4316,4465,4663,4388,5155,3160,4838,2794,5526,3422,4297,7079,4445,3914,4733,6048,5645,4300,6461,5539,6122,199,5526,6933,5703,3910,6186,7241,2174,3134,6134,4890,4670,4448,3154,4646,7381,1055,5341,3620,3408,4290,3348,6578,5677,6902,5051,2365,3046,114,6122,3177,2811,6461,4626,4436,877,3740,5872,7340,3629,6119,3907,6461,3576,3520,2103,6272,2560,4846,8957,3675,6048,7822,2645,2912,4614,6228,5645,4039,5616,4972,3842,6158,6048,6122,2265,4484,4966,5137,3448,4870,5852,4889,4532,4868,5927,4904,1829,4460,4659,3439,3417,4683,5037,7072,5305,3545,6068,5054,3960,4760,3709,4414,4992,3317,4366,4797,3428,2064,5872,3104,5354,3990,5623,3603,3702,4985,5623,4772,3865,6024,4809,4985,4673,5354,1688,4621,3590,4240,6768,6200,4918,3452,1748,4356,3532,4645,4993,5715,5027,6260,5137,7328,5001,5004,6061,4504,2580,5256,4689,6461,1118,5840,4432,5294,6122,5811,327,4392,4779
5800,6226,3911,3528,1889,2650,3334,6803,6605,6670,7088,8022,9260,6070,7038,7967,6476,7345,7389,9927,6000,6646,9448,8009,6894,2335,3939,3728,6032,9190,7401,5745,884,5751,5525,7417,3280,2054,5981,0,2092,6472,4943,6559,2774,3740,8389,6007,3909,4703,7031,6074,1034,5856,8389,7928,5671,412,5948,9256,5645,4521,5626,5806,8389,4931,6198,5843,997,4224,6584,6200,3436,4093,8389,7206,7318,1752,6673,6459,4024,6248,6531,3118,3332,3607,3679,3194,6341,5254,2101,6588,5504,4581,8240,3993,3988,8389,2962,8314,6149,7316,1955,1334,5501,8018,1705,4211,4818,776,6475,6380,6039,3583,6788,2470,7944,3630,4041,6853,5881,3768,5231,2711,8733,3015,3251,7478,5925,8314,5701,4809,8389,6769,6579,7765,4365,9317,2429,4258,5783,5285,8389,6100,6045,3548,7937,3388,2665,9190,5266,8240,9612,7234,6373,6324,8059,2964,4182,1678,6531,4338,7823,8240,8314,3776,6627,4030,7280,5039,1741,3164,3611,6117,3589,4580,4721,4996,6602,3428,4432,5007,3849,1491,2161,2737,3965,7568,1515,3808,6363,6233,6557,6578,5841,4214,6939,3849,7670,9317,4689,1808,5581,3055,5193,6226,3361,3055,6358,5154,7244,3152,2418,6259,6310,4602,4438,4148,5950,8600,7865,5046,6371,4915,3600,6056,1032,1685,7480,3278,7351,7280,2417,4831,3813,7893,6646,3642,6512,6280,8389,4634,7605,6575,7084,8314,9256,5974,2337,1731
4806,5712,2377,2006,2604,2432,1784,6511,6313,6378,6796,6489,8987,4537,6746,6434,5096,5812,7098,8165,5485,6355,7766,6475,6621,4024,2257,2861,4499,8916,5275,4212,1925,4078,3961,5884,1598,3742,4308,2092,0,4789,4651,6267,1092,3266,8097,5492,3617,3169,6739,5783,2936,4183,8097,5322,4153,2191,4414,8982,4112,3857,4710,4133,8097,4639,4516,4310,1997,2541,5051,5908,1903,2411,8097,5672,7027,1311,6381,6167,2491,4715,6239,1569,1650,2074,3205,1644,6049,3504,3857,6296,3971,3016,7967,2443,2455,8097,1675,8041,4476,5554,3711,1604,3967,6214,4018,2733,2818,2034,4942,4698,4505,3109,6497,4159,5148,2081,2358,6562,4347,2086,3777,1483,6929,1466,1996,7186,4252,8041,5187,3127,8097,6477,6287,4969,2683,9044,4118,2759,4402,3752,8097,5585,5530,2292,6404,2133,983,8916,3732,7967,7850,6942,6081,4641,6255,1782,3890,2394,4997,2580,6290,7967,8041,2298,6335,2393,6988,3505,1635,1866,2088,4584,2067,3126,3188,3323,6311,1894,2653,3474,2315,937,3850,2519,2283,6035,955,2274,4788,5719,6265,5045,5327,2680,6648,2166,7378,9044,3156,1254,4047,2837,3660,5712,1812,2837,4824,3621,5710,1603,2199,4725,4777,2929,2905,3224,4268,6795,6331,4130,6080,3242,2067,5541,1747,1759,5947,1729,5817,6988,4105,3915,2290,6089,6355,1861,4978,4747,8097,3378,6072,6283,5322,8041,8982,4301,569,2032
2162,3968,4491,4681,6328,5719,4698,3608,3952,4793,3893,6152,6081,4365,3843,6098,4934,5444,5512,7932,3741,4769,7533,6139,6927,7748,3377,3409,4316,9222,2262,4034,6325,1065,5551,6954,3767,7466,1296,6492,4948,0,2402,4681,5013,2957,5194,3748,4269,2987,4377,4197,6660,1242,5194,2309,3920,6591,4231,6076,3929,5448,4622,1120,5194,2516,4283,4127,6397,3661,4873,4322,4541,3531,5194,5647,2792,5711,4796,4582,4340,4537,4653,5029,3529,4712,3060,5566,3687,4172,7581,4711,3788,4607,6313,5519,4174,5194,5597,6387,1463,5321,7435,6004,3696,5981,7742,3364,3008,6434,5094,4466,4322,3075,4911,7883,2135,5216,3478,3673,4165,3205,6452,5735,6697,4926,3407,4125,1239,6387,3443,2606,5194,4891,4702,1956,3802,6138,7841,3503,5993,3781,5194,3841,3786,3293,6067,3767,4904,9222,3549,6313,7617,3724,3178,4409,6023,5703,4543,6117,4846,3699,5953,6313,6387,3355,4750,4840,5403,3323,5533,5787,4763,4406,4742,5801,4173,3019,4725,4533,3799,3291,4954,5337,7573,5806,3402,5863,5354,3834,4555,3975,4680,4866,3583,4240,5062,3286,3143,6138,2978,5654,3865,6124,3477,3968,4859,6124,4646,4075,5820,4683,5487,4547,6368,3183,4495,4093,4035,6563,5995,4794,3718,2938,4230,3797,5149,5656,5510,4901,6055,5403,7829,4875,4879,5856,4769,3831,5130,4475,5194,2308,5635,4697,5089,6387,6076,1288,4969,6432
1120,1967,5408,5598,3909,3300,5615,2124,1926,2411,2408,7764,5013,4625,2359,7503,5734,5655,3130,8143,1740,2387,7744,7751,5859,5328,4423,3442,4534,8155,2716,6347,4179,2639,7009,6714,4813,5047,2646,5060,5994,4768,0,2299,6059,2990,3710,1747,1652,4033,2352,1815,4241,3000,3710,3243,4131,4648,4492,5008,4189,7655,6326,2694,3710,114,4495,4387,4251,4707,6592,1940,5458,4577,3710,5859,2633,5547,2413,2199,5257,5698,2271,5946,4575,5629,3093,6318,1662,5090,5162,2328,4048,5525,5245,6436,5091,3710,6454,5320,3037,5533,5016,5658,4231,6193,5323,3410,4023,4288,5471,4677,4583,3108,2529,5464,3259,6133,4524,2174,4425,4252,7566,6593,7993,5843,3440,2792,2813,5320,1442,3243,3710,2509,2320,3080,4532,5070,5422,4421,6145,4041,3710,1841,1785,3349,7679,3199,5950,8155,4481,5245,7829,2548,1694,4620,6234,6561,1925,3698,6287,4746,7145,5245,5320,4401,2368,5757,3021,4369,3666,6645,5681,5928,5660,7514,5091,3482,2343,5450,4845,4320,5871,5173,5154,3387,4449,6074,5197,4751,4767,1974,2297,6585,1582,5157,2680,4332,2984,5070,3895,5490,4125,3705,3737,1967,5776,3705,6225,4320,6031,5601,3067,6266,6066,3088,5413,1867,4246,8004,7607,7518,1692,3401,5148,1796,4389,3484,5721,5818,6266,3021,5410,7303,5796,6067,2387,3218,5610,5014,3710,2482,5847,2255,5301,5320,5008,2862,4554,6055
2585,3932,8540,8730,9970,9361,8747,2996,2026,1352,3281,10384,5013,7245,3231,10123,8354,8275,2409,10463,3706,88,10364,10371,5859,11389,7096,6129,6854,8154,3588,8967,10240,3755,9630,9334,7451,11108,4477,11121,8355,7088,4289,0,8718,5330,4582,3712,5171,7035,2351,1094,10301,4116,4582,4116,6451,10709,7061,5008,6509,10275,8946,3811,4582,4277,6814,6538,10311,7318,9212,1220,8590,7250,4582,7984,3506,9174,1354,1479,8388,8318,1550,9195,7213,8761,5780,7866,1777,8221,11222,1608,6368,8656,5245,7752,8223,4582,7846,5319,4602,8153,11076,11719,6551,8813,11384,6097,7057,10348,8091,6997,7203,5522,1808,11524,4132,7398,7197,3266,6994,6925,10187,8035,10613,9092,6127,3665,4591,5319,3428,5563,4582,1788,1261,3953,7663,5070,11483,7552,8765,6361,4582,3803,3750,6036,10299,6483,8609,8154,7598,5245,10148,3421,2566,6940,8854,8003,5444,9759,8907,7398,9765,5245,5319,6188,68,8554,2300,7371,9727,8087,8812,8548,8791,10134,8222,6169,1622,8582,7492,7340,9003,8800,11215,9448,7122,8694,8817,7883,6979,3939,1577,9205,3547,8289,1627,7005,3857,5070,7027,9117,6445,9766,6057,3932,8908,9766,8845,6640,8651,8732,9128,8886,8687,5775,8544,5386,6566,10624,10227,10138,1808,6088,8279,3761,7869,9544,8341,8950,8886,2300,11471,9923,9015,8687,88,6633,8230,7333,4582,5955,8467,731,7921,5319,5008,4804,8155,8542
4911,5816,2301,1930,3037,2362,1708,6435,6237,6302,6720,6309,8911,4461,6670,6254,5020,5736,7022,8089,5590,6279,7690,6296,6545,4457,2181,2785,4423,8840,5023,4136,2358,4002,3885,5808,1522,4175,4232,2525,981,4713,4575,6191,0,3190,8021,5596,3541,3093,6663,5707,3369,4107,8021,5070,4077,2624,4338,8906,4036,3781,4634,4057,8021,4563,4440,4234,2430,2465,4975,5832,1827,2335,8021,5804,5553,1744,6305,6091,2415,4639,6163,1493,1574,1998,3129,1568,5973,3428,4290,6220,3895,2940,7891,2367,2379,8021,1599,7965,4400,5478,4144,2037,3891,6138,4451,2657,2742,2467,4866,4622,4429,3033,6421,4592,4896,2005,2282,6486,4271,2010,3701,1738,6853,1390,1926,7110,4176,7965,5291,3051,8021,6401,6211,4717,2607,8968,4551,2683,4326,3888,8021,5690,5634,2223,6224,2063,324,8840,3656,7891,7774,6866,6005,4565,6179,1706,3814,2827,4921,2504,6110,7891,7965,2222,6259,2317,6912,3429,1566,1790,2012,4508,1991,3050,3112,3247,6235,1818,2577,3398,2239,1370,4283,2449,2207,5959,1388,2198,4712,5823,6189,4969,5431,2604,6572,2090,5904,8968,3080,1687,3971,2767,3584,5816,1736,2767,4748,3545,5634,1527,2130,4649,4701,2853,2829,3148,4192,6719,6151,4054,6004,3166,1991,5646,1719,1689,5667,1653,5741,6912,4538,3839,2214,6013,6279,1785,4902,4671,8021,3309,5792,6207,5246,7965,8906,4225,1002,2465
2249,2793,3024,3215,3522,2913,3231,3694,4038,3826,3979,5837,4906,3971,3929,5782,7569,5129,4545,7617,2567,3803,7218,5824,5752,4942,1991,1034,3922,8048,3432,3640,3574,2481,4085,8549,2346,4660,2711,3740,3465,4242,1227,3715,3537,0,5280,2573,1139,2592,4464,3231,3854,2586,5280,3479,3605,3840,3837,4901,3535,3981,4228,2536,5280,1341,3968,3733,3645,2275,4479,3356,3075,2145,5280,5332,3962,4228,3829,3615,2873,7534,3687,4014,2108,3245,591,4089,3774,3778,4775,3744,3394,3141,5138,4052,2707,5280,4120,5213,2878,5006,4629,4591,3390,5666,4936,1760,2614,3681,7307,4150,3928,192,3945,5077,3304,3749,2092,4009,3770,1820,4986,4259,6382,3911,1684,4634,2655,5213,2268,2290,5280,3925,3735,3126,2417,4963,5035,2493,4526,3387,5280,2667,2611,1593,5752,1508,3428,8048,3155,5138,7302,4390,3264,4094,5708,4227,1412,3311,4452,2314,5638,5138,5213,1325,3783,3373,4436,2928,2620,4311,3297,4012,3276,4335,3312,1726,3758,3066,2387,2897,3090,3854,4767,3000,2017,5548,3879,2367,4240,2800,3713,4472,2408,2773,4096,1900,4313,4963,2584,4171,3470,3318,3083,2793,3392,3318,4252,3680,5504,4048,2681,4153,4901,1332,3029,962,3720,6248,5680,4254,3804,1645,2764,2622,2774,2744,5195,3434,5740,4436,5023,4039,3412,5541,3803,1528,7445,4169,5280,1512,5320,3731,4774,5213,4901,2704,2939,4099
3151,5913,7917,8107,7111,6502,9046,2012,3706,4656,1832,9873,6994,10181,1765,11012,9243,9164,5381,11653,5687,4596,10378,9859,7840,8530,6884,5748,8043,10135,4081,9856,7381,4945,10519,10223,7238,8249,4969,8262,8282,8277,4741,4509,8353,5296,0,5693,4853,6654,4332,4980,7442,5306,0,4608,7641,7850,9854,6989,8743,8874,9835,5000,0,4855,8004,8357,7452,7168,10101,5105,8006,7037,0,8873,3998,8749,4659,5364,7766,9207,5436,8831,7001,8177,5398,8906,3442,7840,8363,5493,8350,8033,7226,8945,7600,0,8937,7300,5094,9042,8217,8860,7740,9702,8525,5716,6676,7489,8980,8186,9945,5414,4780,8665,4624,9343,6985,4456,8636,6712,11076,9595,11504,8728,5746,4157,5083,7300,5409,6352,0,4760,4565,4445,7309,7051,8624,7171,9654,8595,0,5784,5731,5655,9788,6102,8244,10135,7217,7226,11338,3913,2910,8129,9743,9043,5127,6900,9796,7185,10654,7226,7300,6217,4577,7931,5272,6990,6868,9128,8189,9437,8168,9227,8204,5751,5508,7998,7279,6959,7982,8374,8356,6589,6909,9583,8399,7260,8168,5920,5462,10095,5528,7666,4931,6793,4349,7051,6646,8692,8453,6907,8291,5913,9073,6907,9734,7426,9540,8865,6269,9775,9576,5393,7921,5068,7756,11516,9715,11027,3472,5670,7656,5742,7590,6685,9230,8990,9775,5272,8612,10812,8392,9576,4596,6420,9119,8523,0,4788,9356,4035,8810,7300,6989,5168,7755,8161
2282,548,5266,5627,4565,3956,5644,3416,3153,3037,3701,8926,3293,5787,3651,8664,6895,6817,3756,9305,556,3013,8906,8913,4139,5985,4233,3266,5696,6435,4008,7509,4835,3381,8171,7876,4587,5703,3388,5972,5491,5930,1426,2925,5854,2466,5002,0,2308,4172,3579,2441,4897,3742,5002,4167,5293,5305,5653,3289,5351,6223,7488,3436,5002,1414,5656,5380,4907,4455,7753,2566,5524,4386,5002,7020,3925,6310,3039,2825,5525,6860,2897,6332,4350,5695,2916,6407,2889,5358,5818,2954,5210,5382,3526,6294,4949,5002,6438,3600,3778,6694,5672,6603,5393,7354,5979,3233,4194,4944,6633,5838,5744,2658,3155,6120,3993,6161,4334,3336,5587,4061,8728,6577,9154,6229,3264,4085,3555,3600,279,4405,5002,3135,2946,3814,4800,3350,6078,4689,7306,5203,5002,165,600,3172,8841,3619,5745,6435,4735,3526,8990,3840,2986,5782,7396,6544,2581,4354,7449,4555,8307,3526,3600,3325,2993,5280,3646,4508,4322,6629,5709,7090,5688,6576,5359,3305,2969,5515,4628,4476,5331,5936,5810,4043,4258,7236,5954,5019,5821,301,2923,7747,467,5425,3306,4142,4276,3350,4163,6254,5287,4361,4899,548,5804,4361,7386,5481,7192,5629,3723,7428,7228,2911,5270,2947,5408,9166,8769,8680,2919,3224,5005,222,5005,4140,6883,5846,7428,3646,6066,8465,5911,7229,3013,3769,6771,6175,5002,3091,7008,2941,6462,3600,3289,3604,5291,5679
3512,3939,4879,4496,2366,1757,4302,4515,4318,4383,4800,10156,7042,7017,4750,9894,8125,8047,5102,10535,3712,4359,10136,10143,4676,3786,3675,2709,6926,6972,5114,8739,2636,5031,5769,9106,2936,3504,5038,3518,3537,7160,2656,4271,3609,2358,6101,3719,0,4548,4743,3787,2698,5118,6101,5641,6523,3106,6883,7037,6581,6660,8718,5086,6101,2644,6886,6610,2708,3959,8983,3912,4404,3829,6101,7755,5031,4004,4385,4171,4992,8090,4243,4086,2988,4575,3052,4162,4053,5300,3619,4300,6440,4825,6022,4961,4956,6101,4193,6096,5428,7924,3473,4115,6623,8584,3780,3393,4237,2745,7863,7068,6974,2265,4501,3921,5657,4598,3776,4566,6817,3504,6268,4331,10384,3983,3066,5190,5205,6096,3414,5635,6101,4481,4292,5478,4101,7099,3879,4177,8536,6433,6101,3813,3757,3003,10071,3192,3500,6972,5111,6022,10220,4946,4085,7012,8626,4299,383,2155,8679,3977,9537,6022,6096,3009,4340,5033,4993,4884,2123,4383,4579,8320,4558,5617,4996,4257,4315,4396,4071,4853,4817,3630,3611,1844,3701,8466,3655,4052,7051,3946,4269,8977,3554,5151,4652,3585,5382,7099,4539,3947,6517,2162,6129,3939,4329,2162,8616,5202,8422,4120,1525,8658,8458,3863,4713,1860,6638,10396,9999,7185,4084,4176,4569,3768,2846,1941,8113,4246,8658,4993,3867,6970,4815,8459,4359,3212,8001,7405,6101,4044,8238,4287,7692,6096,7037,5254,3011,4512
3575,4481,1611,1802,5349,4673,1819,5600,5403,6727,5885,3503,6594,1379,5836,3448,2286,2794,7446,5329,4254,6703,5569,3489,7440,6501,1335,2466,1330,9735,4044,1385,4670,2847,2672,4304,2085,6219,3078,4836,3292,2705,2915,6615,2744,2583,7186,4261,3326,0,5828,6131,5200,2952,7186,4091,968,5098,1245,6589,943,2569,1742,2902,7186,3029,2432,1141,4741,504,2224,6256,1662,690,7186,2503,4574,4056,6729,6515,1460,1888,6587,2149,1847,1832,2686,2521,5139,1293,6601,6644,802,1728,6826,2639,1295,7186,2658,6900,3245,2667,6455,4192,798,3328,6045,2104,227,4778,2108,2614,1336,2702,6845,6636,3917,2336,1545,5370,1179,1923,3573,2796,4043,2046,1959,6269,3021,6900,3956,929,7186,6825,6636,3738,735,6651,6595,624,3113,583,7186,4354,4299,1958,3417,2086,2635,9735,563,6826,5014,6025,5170,2557,3369,2764,3599,5138,2197,938,3303,6826,6900,1673,6684,1960,7337,336,3877,2847,1884,1757,1863,2922,1294,1826,6659,1653,1578,305,1915,3681,6327,4760,2120,3209,3216,954,2591,4488,6613,2218,4096,1360,6996,1227,4925,6651,98,3999,878,5078,490,4481,1979,5078,1997,753,3170,1804,4441,1898,3488,1512,1616,3150,2184,3909,3345,1914,5169,1744,1351,4310,4030,4000,2860,2021,3405,7337,6582,2034,1999,3202,6703,2149,2144,1577,7186,2238,2986,6631,2435,6900,6589,3071,3313,4642
2949,1735,5932,6533,7618,7009,6550,3952,3754,3703,4237,9593,2661,6454,4187,9331,7562,7484,4422,9972,1509,3680,9573,9580,3507,9038,4899,3933,6363,5803,4544,8176,7888,4048,8838,8543,5254,8756,4055,8770,6158,6597,2093,3592,8861,3133,5538,1516,2975,4839,0,3108,7950,4409,5538,4834,5960,8358,6320,2657,6018,9484,8154,4103,5538,2080,6323,6046,7960,5122,8420,3233,6393,5053,5538,7687,4462,9256,3706,2578,6192,7527,3564,9338,5017,6564,3583,9414,3490,6025,8871,2750,5877,6049,2894,6960,5616,5538,9445,2968,4445,7361,8725,9368,6060,8021,9032,3900,4861,7997,7300,6505,6411,3325,3822,9173,4660,7068,5001,4003,6253,4728,9395,10103,9821,9235,3931,4621,4222,2968,1232,5072,5538,3802,3612,4481,5466,2718,9132,5356,7973,5870,5538,1606,1554,3839,9508,4286,8752,5803,5401,2894,9657,4377,3522,6449,8062,9551,3248,7408,8116,5201,8974,2894,2968,3991,3660,5947,4313,5175,7375,9635,6616,7756,6595,9343,6025,3972,2435,6385,5295,5143,5998,8882,8863,7096,4925,7903,8907,5686,6488,1742,2719,8414,1350,6092,3973,4809,4813,2718,4830,9199,5953,7414,5566,1735,6711,7414,8053,6148,7859,9372,6777,8095,7895,3578,5937,3189,6075,9833,9435,9346,3521,3891,5672,1565,8098,7193,7550,6753,8095,4313,9119,9132,6818,7896,3680,4436,7438,6842,5538,3758,7675,3608,7129,2968,2657,4271,8263,6346
2459,2167,5443,5804,4742,4133,5821,3462,3264,646,3747,9103,4280,5964,3697,8841,7072,6994,1315,9482,1940,1369,9083,9090,5126,6161,4410,3443,5873,7422,4054,7686,5012,3558,8348,8053,4764,5880,3565,6149,5668,6107,1603,1282,6031,2643,5048,1947,2485,4349,3690,0,5074,3919,5048,4344,5470,5481,5830,4275,5528,6400,7665,3613,5048,1590,5833,5557,5083,4632,7930,125,5701,4563,5048,7197,3972,6487,649,384,5702,7037,456,6509,4527,5872,3093,6584,3000,5535,5995,514,5387,5559,4512,6471,5126,5048,6615,4586,3955,6871,5849,6780,5570,7531,6156,3410,4371,5120,6810,6015,5921,2835,714,6296,4170,6578,4511,3513,5763,4238,8905,6754,9331,6406,3441,4131,3732,4586,1642,4582,5048,694,555,3991,4976,4337,6255,4866,7483,5380,5048,2041,1985,3349,9018,3796,5922,7422,4911,4512,9167,3887,3032,5959,7572,6721,2758,4531,7626,4732,8484,4512,4586,3502,1350,5457,1206,4685,4499,6806,6126,7266,6105,6753,5535,3482,528,5692,4805,4653,5508,6113,5987,4220,4435,7413,6131,5196,5998,2174,482,7924,1782,5602,865,4319,4323,4337,4340,6430,5463,4538,5076,2167,6221,4538,7563,5658,7369,6046,3900,7605,7405,3088,5447,3124,5585,9343,8945,8856,3031,3401,5182,1996,5182,4316,7060,6263,7605,1206,6243,8642,6328,7406,1369,3946,6948,6352,5048,3268,7185,551,6639,4586,4275,3781,5468,5856
5896,6323,4436,4053,1800,2747,3859,6899,6702,6767,7184,8547,9357,6595,7134,8492,7043,7870,7486,10452,6096,6743,9973,8534,6991,2432,4464,5092,6557,9286,7498,6270,791,6276,6019,11490,3805,2150,6506,820,2617,6997,5040,6655,3299,4742,8485,6103,4005,5228,7127,6171,0,6381,8485,8025,6196,408,6473,9352,6170,5046,6151,6331,8485,5028,6723,6199,904,4749,7109,6296,3961,4618,8485,7730,7415,1835,6769,6555,4549,6773,6627,3643,3857,4132,4204,3719,6437,5563,1519,6684,6029,5075,8337,4518,4513,8485,3487,8411,6674,7841,1373,1418,6026,8543,1337,4736,5343,683,10247,6905,6564,4649,6885,2567,8041,4155,4566,6950,6406,4293,5756,3236,9258,3540,3776,7574,6450,8411,5798,5334,8485,6865,6676,7862,4890,9414,2525,4783,6349,5810,8485,6197,6141,4073,8462,3913,3190,9286,5791,8337,10137,7330,6469,6849,8584,3489,4279,1590,6945,4863,8348,8337,8411,4301,6724,4555,7377,5564,1652,3689,4135,6642,4114,5105,5246,5521,6699,3953,4957,5532,4374,2016,2257,2834,4490,8093,2040,4333,6888,6330,6653,7103,5938,4739,7036,4374,7766,9414,5214,1652,6106,3152,5718,6323,3886,3152,6883,5679,7769,3677,2514,6784,6724,5127,4963,4244,6475,9125,8390,5571,6468,5440,4125,6152,1557,1596,8005,3803,7876,7377,2513,5356,4338,8418,6743,4167,7037,6805,8485,5159,8130,6671,7609,8411,9352,6499,2862,1814
2358,4060,3692,3883,6260,5585,3900,3804,4148,4989,4089,4959,6173,2835,4039,4904,4190,4251,5708,7188,3833,4965,6789,4946,7019,7680,2633,2715,2786,9314,2458,3290,5581,1261,4753,5761,3022,7398,1492,5748,4203,3813,2494,4877,4269,2988,5390,3840,3575,2242,4573,4393,6592,0,5390,2505,3176,5847,2701,6168,2399,4650,3878,1316,5390,2608,3539,2428,5652,2917,4129,4518,3743,2787,5390,4903,2988,4967,4992,4778,3541,3793,4849,4230,2785,3913,3058,4822,3884,3428,7513,4907,2258,3809,6405,4720,3376,5390,4853,6479,1659,4577,7367,5259,2255,5237,7674,2057,2362,5689,3564,3721,2792,2962,5107,7815,2331,4417,2734,3869,2635,2461,5654,4991,5953,4127,2218,4321,1435,6479,3535,1861,5390,5087,4898,2152,3058,6230,7773,3134,5194,2251,5390,3933,3878,1911,4874,2369,4160,9314,2805,6405,6873,3920,3374,3665,5279,4959,3848,6049,4102,2955,4760,6405,6479,2611,4946,4041,5599,2578,4788,5043,3965,3662,3944,5003,3980,1638,4921,3734,3055,2547,3757,4593,7505,5672,2658,5119,4610,3035,3811,4067,4876,4122,3675,3441,5258,2542,3340,6230,2234,4910,2335,5990,1947,4060,4060,5990,3902,3330,4626,3885,5352,3803,5569,1497,3697,3398,3291,5819,4802,4922,3914,1557,3432,3889,4942,4912,4317,4102,4861,5599,7761,4707,4080,5112,4965,3087,3600,3034,5390,927,4442,4893,4345,6479,6168,1485,4225,4633
3151,5913,7917,8107,7111,6502,9046,2012,3706,4656,1832,9873,6994,10181,1765,11012,9243,9164,5381,11653,5687,4596,10378,9859,7840,8530,6884,5748,8043,10135,4081,9856,7381,4945,10519,10223,7238,8249,4969,8262,8282,8277,4741,4509,8353,5296,0,5693,4853,6654,4332,4980,7442,5306,0,4608,7641,7850,9854,6989,8743,8874,9835,5000,0,4855,8004,8357,7452,7168,10101,5105,7967,7037,0,8873,3998,8749,4659,5364,7766,9207,5436,8831,7001,8138,5398,8906,3442,7840,8363,5493,8350,8033,7226,8945,7600,0,8937,7300,5094,9042,8217,8860,7740,9702,8525,5716,6676,7489,8980,8186,9945,5414,4780,8665,4624,9343,6985,4456,8636,6712,11076,9076,11504,8728,5746,4157,5083,7300,5409,6352,0,4760,4565,4445,7309,7051,8624,7171,9654,8595,0,5784,5731,5655,9788,6102,8244,10135,7217,7226,11338,3913,2910,8129,9743,9043,5127,6900,9796,7185,10654,7226,7300,6217,4577,7931,5272,6990,6868,9128,8189,9437,8168,9227,8204,5751,5508,7959,7279,6959,7982,8374,8356,6589,6909,9583,8399,7260,8168,5920,5462,10095,5528,7666,4931,6793,4349,7051,6646,8692,8453,6907,8291,5913,9073,6907,9734,7426,9540,8865,6269,9775,9576,5393,7921,5068,7756,11516,9715,11027,3472,5670,7656,5742,7590,6685,9230,8990,9775,5272,8612,10812,8392,9576,4596,6420,9119,8523,0,4788,9356,4035,8810,7300,6989,5168,7755,8161
2676,4481,5592,5507,7993,7384,5523,4337,4795,5306,4622,7371,6594,5504,4572,7316,6074,6662,6026,9150,4255,5686,8751,7357,7440,9412,4532,3923,5455,9736,1012,5173,8263,1603,6653,9614,4922,9131,1229,6971,5371,5775,2915,5598,5734,3470,6290,4261,5736,4126,5221,4711,8325,2397,6290,0,5138,8732,5370,6590,5068,6549,5761,2091,6290,3029,5501,5097,8334,4816,6012,4836,5404,4686,6290,6866,1541,6190,5309,5095,5479,5676,5167,6211,4684,5574,3573,6287,4531,5311,9246,5224,4927,5746,6827,6334,5275,6290,6318,6901,1355,6539,9100,6482,4924,7200,9407,3261,4147,8371,8371,5684,5461,3589,5425,9547,174,6041,4633,4187,5304,4361,7278,6456,7915,6108,3144,2874,1343,6901,3956,3824,6290,5405,5215,705,4958,6651,9506,4642,7132,4709,6290,4355,4299,3052,7285,3573,5625,9736,4688,6827,8835,2473,3907,5627,7241,6424,6009,7782,5985,4855,7171,6827,6901,3278,5667,5645,5916,4462,7750,6509,5589,5545,5568,6627,5312,2842,5239,5395,4452,4430,5816,5816,9238,7471,4558,7081,5833,4973,5666,4488,5193,6005,4096,5379,5576,4442,935,6651,4117,6133,5004,7789,4616,4481,5684,7789,5785,4898,7038,5509,7151,5686,8966,2702,5634,5951,5253,7781,7213,5933,4562,2761,5369,4311,5802,7567,6728,5726,7273,5916,9494,6014,5791,7074,5686,3593,8510,5703,6290,1879,6854,5125,6307,6901,6590,1557,5171,5558
5121,5554,2685,2875,6422,5747,2892,6124,5926,7250,6409,2687,7667,1902,6359,2632,3084,1979,7969,4409,5328,7226,3660,2674,8821,7574,3168,4109,766,11117,4354,2229,5743,3157,3745,3489,3777,7293,3388,5909,4365,2465,3988,7139,3818,3657,7710,5334,4402,1817,6352,6654,6273,3334,7710,4401,0,6009,1768,7662,1466,3642,2506,3212,7710,4102,2191,1080,5814,1577,2599,6780,2735,1763,7710,1687,4884,5129,7253,7039,2533,2407,7111,3223,2923,2906,3759,3594,5662,2422,7675,7168,1073,2801,7899,3713,2368,7710,3731,7974,3555,1798,7529,5265,463,2458,7119,2687,1300,5851,2631,2373,1859,3775,7368,7709,4227,3409,2619,5894,1359,2996,4646,3869,3173,3119,3035,6793,3331,7974,5029,1314,7710,7349,7159,4048,1808,7724,7668,1697,4187,1318,7710,5428,5372,3032,2602,3162,3708,11117,1758,7899,4094,6548,5694,2317,2499,3837,4676,6211,3041,2011,2488,7899,7974,2750,7207,3034,7860,2153,4950,3920,2957,2276,2936,3995,2972,2899,7182,2727,2652,2122,3148,4755,7400,5834,3193,2340,4289,2028,1776,5561,7137,2593,5169,2434,7519,2741,5235,7724,1172,5072,1176,6152,1014,5554,3053,6152,2841,1596,2354,2877,5514,2848,3416,2585,2689,4226,1943,3040,2530,2987,5692,2817,2424,5383,5565,5074,2045,3095,2589,7860,7656,3700,3072,2333,7226,3182,2667,1246,7710,3311,2170,7155,1566,7974,7662,3380,4387,5715
5202,5629,4010,3628,1447,2052,3433,6205,6007,6072,6490,8122,8662,6170,6440,8067,6760,7444,6792,10027,5402,6049,9547,8108,6297,1738,4039,4398,6132,8592,6803,5845,437,5850,5625,10796,3380,1456,6081,412,2191,6571,4345,5961,2873,4048,7791,5409,3311,4802,6433,5477,1872,5955,7791,7330,5770,0,6047,8658,5745,4620,5725,5905,7791,4333,6298,5773,550,4323,6684,5602,3536,4193,7791,7305,6721,1851,6075,5861,4123,6348,5933,3217,3432,3706,3778,3293,5743,5168,1503,5990,5604,4681,7643,4092,4087,7791,3061,7717,6248,7416,1357,1434,5600,8117,1293,4259,4917,329,9553,6480,6138,3954,6191,1873,7346,3730,4140,6256,5980,3867,5331,2811,8833,3114,3351,6880,6024,7717,5104,4909,7791,6171,5982,7168,4793,8719,1831,4357,6066,5385,7791,5502,5447,3647,8036,3488,2764,8592,5365,7643,9712,6636,5775,6423,8159,3063,3584,1236,6662,4437,7922,7643,7717,3875,6029,4072,6682,5138,1298,3263,3710,6217,3689,4680,4852,5095,6005,3527,4531,5107,3948,1590,1563,2139,4064,7667,1615,3907,6462,5636,5959,6677,5244,4313,6342,3948,7072,8719,4789,1907,5680,2458,5292,5629,3597,2458,6457,5253,7343,3251,1820,6358,6441,4701,4569,3550,6049,12086,7964,5145,5774,5014,3700,5458,1131,1243,7579,3639,7450,6682,1819,4930,3946,7992,6049,3741,9691,6379,7791,4733,7705,5977,7184,7717,8658,6074,2436,1831
4501,5407,2532,2723,6270,5595,2740,6684,6486,7810,6969,3096,7520,470,6919,3041,1652,2419,8530,5207,5180,7787,4553,3083,8669,7422,3016,3962,1197,10965,4970,1096,5591,3773,1968,2760,3625,7141,4004,5757,4213,3789,3841,7699,3665,3509,8270,5187,4252,1000,6912,7215,6121,3879,8270,5017,1663,5857,0,7515,302,1864,1074,3828,8270,3955,3515,1009,5662,1425,1659,7340,2583,1611,8270,2424,5500,4977,7813,7599,2381,976,7671,3071,2773,2754,3612,2772,6222,1307,7523,7728,670,1705,7752,1943,2216,8270,3579,7826,4171,2876,7377,5113,1493,3092,6967,3030,1148,5699,1199,3698,88,3628,7929,7557,4843,2587,2467,6454,387,2844,2877,3717,3807,2967,2885,7353,3947,7826,4882,1855,8270,7909,7719,4664,1656,7577,7516,1545,2063,756,8270,5281,5225,2884,3011,3012,3556,10965,948,7752,4892,7109,6254,3641,3133,3000,4525,6059,2206,1859,2897,7752,7826,2599,7767,2060,8420,1069,4798,2879,2540,845,2784,2226,1394,2752,7743,2574,2500,926,2015,4603,7248,5682,3041,2642,4137,1876,3286,5414,7697,1652,5022,1460,8080,2589,5852,7577,1020,4920,904,6000,755,5407,2901,6000,2143,624,2318,2725,5362,1333,1985,2438,1593,4076,3267,3674,2939,1546,6253,2670,2272,5236,5413,4922,2554,2943,2425,8420,7504,1331,2339,2967,7787,3075,1236,616,8270,3164,2680,7715,2313,7826,7515,3997,4235,5563
4120,2906,7514,7465,8066,7457,7481,5123,4734,4874,5408,10764,5,7625,5358,10502,8733,8655,5593,11143,2680,4850,10744,10750,3955,9486,6070,5103,7533,6251,5715,9347,8336,5218,10009,9713,6425,9204,5226,9217,7329,7767,3263,4763,7606,4304,6709,2686,4145,6010,5160,4278,8398,5580,6709,6005,7131,8806,7491,0,7189,10655,9325,5274,6709,3251,7494,7847,8408,6292,9591,4404,7564,6224,6709,8858,5632,8148,4877,3047,7363,8698,4735,8083,6187,7735,4754,8159,4470,7195,9319,3219,7048,7630,3342,8542,7197,6709,8190,3416,5616,8532,9173,9815,7044,9192,9480,5071,6129,8445,8471,7676,7582,4496,4992,9621,5831,7999,6171,5173,7424,5899,10566,8328,10992,7980,5102,5792,5393,3416,2403,6243,6709,4973,4783,5652,6637,62,9579,6526,9144,7041,6709,2777,2724,5010,10679,5457,7497,6251,6572,3342,10828,5548,4693,7619,9233,8296,4419,7855,9287,6393,10144,3342,3416,5162,4831,7529,5484,6346,7823,8380,7547,8927,7526,10514,7196,5143,2903,7556,6466,6314,7977,7774,9311,7544,6096,9074,9355,6857,7659,2913,3188,9585,2521,7263,5143,5980,5984,62,6001,8091,7124,7862,6736,2906,7642,7862,9224,7319,9030,7467,7225,9265,9066,4749,7518,4784,7246,11004,10606,10517,4500,5062,7253,2736,6843,7641,8721,7684,9265,5484,9567,10303,7749,9067,4850,5607,8609,8013,6709,4929,8846,4779,8300,3416,0,5442,7129,7516
4990,5688,2554,2744,6291,5616,2761,5993,5795,7119,6278,3062,7801,436,6228,3007,1618,2385,7838,4905,5462,7096,4518,3049,8647,7444,3037,4243,895,10943,5252,712,5612,4055,2274,2726,3292,7162,4285,5779,4234,3098,4122,7008,3687,3791,7579,5468,4533,1281,6221,6524,6142,4160,7579,5298,1361,5878,302,7796,0,2171,1040,4110,7579,4236,2824,706,5684,1446,1624,6649,2604,1632,7579,2390,6502,4998,7122,6908,2403,941,6980,3092,3055,2775,3893,3078,5531,1614,7544,7037,367,2011,8033,2250,2237,7579,3600,8108,4452,2243,7398,5134,1191,2903,6988,3311,1169,5721,1165,3007,393,3909,7238,7579,5124,2893,2488,5763,366,2866,3183,3739,3618,2989,3166,6662,4229,8108,5163,1184,7579,7218,7028,4945,1677,7858,7537,1566,2029,360,7579,5562,5506,3166,2977,3293,3578,10943,1229,8033,4590,6418,5563,2950,2944,3306,4807,6080,2171,1880,2863,8033,8108,2881,7076,2342,7729,1351,4819,3186,2846,810,2806,2532,1675,3033,7051,2596,2521,639,2297,4624,7269,5703,3063,2608,4158,1897,2984,5695,7006,1618,5303,1741,7388,2610,6854,7858,1041,4941,602,6021,452,5688,2922,6021,1364,905,2284,2747,5383,1298,1951,2719,1899,4357,2576,3639,2904,1852,5562,2951,2294,5517,4973,4943,2520,2964,2391,7729,7525,1637,2645,2932,7096,3357,1201,314,7579,3445,2645,7024,2011,8108,7796,4278,4256,5584
5510,6416,1356,1115,5269,4594,1223,8226,8029,7436,8511,3875,10044,1924,8461,3820,2101,3198,8155,7056,6189,7412,5332,3862,7679,6421,2793,3566,3053,9974,5979,1599,4590,4782,966,3270,2634,6140,5013,4756,3212,5331,5709,7325,2665,3971,9812,6196,4426,2548,8454,6840,5120,4888,9812,6026,3516,4856,1863,10040,2144,0,1540,4837,9812,5697,5058,2864,4661,3077,2438,6966,1580,2947,9812,3203,6509,3976,7439,7225,2168,2101,7297,1593,2686,1355,3909,1419,7764,1449,6522,7354,2525,1129,9025,1128,1513,9812,1970,9099,5180,3655,6376,4112,3346,3871,5956,3386,2663,4698,2329,5240,1954,3813,7554,6556,5852,1235,2244,7996,2228,2621,331,2154,4586,1591,3148,8244,4956,9099,5891,3397,9812,7535,7345,5673,2539,10101,6515,2102,1407,2306,9812,6290,6234,2996,3790,3285,2556,9974,2490,9025,6741,8000,7796,5183,3912,1661,4699,5058,2003,2183,3676,9025,9099,2773,7393,1204,8046,2612,3797,1745,1187,1971,1157,775,1402,4294,7368,1436,2277,2468,1159,3602,6247,4681,2818,3421,3136,1653,5015,6423,7323,2431,6031,1584,7705,2366,6861,10101,2534,3919,2759,4999,2596,6416,1292,4999,2160,2166,3097,1402,4361,2112,1782,3980,1017,4282,4810,4453,3718,960,7795,3946,1744,6245,4412,3921,3333,1334,3204,8046,6503,745,987,3746,7412,2897,2365,2458,9812,4530,3459,7341,3827,9099,10040,5006,3234,4562
4503,5409,2112,2725,6272,5596,2742,6686,6488,7812,6971,3398,7522,772,6921,3343,1953,2720,8531,5514,5182,7788,4854,3384,8368,7424,3018,3964,1504,10663,4972,1397,5593,3775,2774,3061,3627,7143,4005,5759,4215,3791,3843,7701,3667,3511,8272,5189,4254,1002,6914,7216,6123,3880,8272,5019,1970,5859,322,7517,604,2670,0,3830,8272,3957,3517,1315,5664,1427,1960,7342,2585,1613,8272,2726,5502,4979,7815,7601,2383,1277,7673,3072,2775,2755,3614,2542,6224,1394,7524,7730,976,1830,7754,2268,2218,8272,3581,7828,4173,3178,7378,5115,1800,3393,6959,3032,1150,5701,1501,3699,413,3630,7930,7559,4845,2357,2468,6456,688,2846,3202,3719,4109,2969,2887,7355,3949,7828,4884,1857,8272,7911,7721,4666,1658,7579,7518,1547,2364,757,8272,5282,5227,2886,3312,3013,3558,10663,949,7754,5199,7110,6256,3643,3435,3687,4527,6061,2507,1861,3198,7754,7828,2601,7769,2062,8422,1071,4800,2867,2302,1146,2786,2551,1395,2754,7744,2576,2501,927,2017,4605,7250,5683,3043,2943,4139,1878,3789,5416,7699,1954,5024,1461,8081,2590,5853,7579,1021,4922,1211,6001,1056,5409,2902,6001,2463,626,2619,2727,5364,1634,2286,2439,1718,4077,3269,3975,3240,1871,6254,2672,2274,5238,5414,4924,2856,2944,2726,8422,7506,1656,2101,3268,7788,3033,1537,917,8272,3166,2981,7717,2620,7828,7517,3998,4236,5565
1945,3750,4441,4632,5890,5281,4649,3390,3734,4575,3675,6182,5863,4315,3625,6127,4885,5474,5294,7962,3524,4552,7563,6169,6709,7309,3344,2969,4266,9005,2045,3984,5509,326,5502,5656,3223,7028,556,5675,4404,4587,2184,4464,4469,2517,4976,3530,3591,2937,4160,3980,6222,1209,4976,2091,3950,5774,4182,5858,3880,5399,4571,0,4976,2298,4313,3908,5580,3220,4823,4105,4492,3498,4976,5677,2575,5271,4578,4364,4290,4487,4436,4979,2985,4662,2619,5351,3470,4177,7143,4493,3739,4558,6095,5469,4125,4976,5488,6170,724,5351,6997,5564,3735,6011,7304,2073,3057,5616,4714,4495,4273,2635,4694,7444,1917,5166,3445,3456,4115,3172,6403,5626,6726,4876,2225,3907,500,6170,3225,2635,4976,4674,4484,1738,3565,5920,7403,3454,5943,3521,4976,3624,3568,1927,6097,2385,4360,9005,3500,6095,7647,3506,2960,4439,6052,5594,3864,5679,4797,3667,5983,6095,6170,2090,4532,4790,5185,3273,4555,5677,4714,4356,4693,5752,4729,1654,4507,4483,3263,3242,4904,4897,7135,5368,3370,5893,4915,3784,4585,3757,4462,4817,3365,4190,4844,3253,2926,5920,2928,5214,3815,5686,3427,3750,4809,5686,4597,3709,5849,4634,5048,4498,6318,1513,4446,3414,4065,6593,6025,4743,3500,1573,4181,3579,4708,4678,5540,4851,6084,5185,7391,4825,4829,5886,4552,2404,5081,4514,4976,943,5665,4480,5119,6170,5858,246,4252,4639
3151,5913,7917,8109,7111,6502,8126,2012,3706,4656,1832,9873,6994,10181,1765,11012,9243,9164,6294,11653,5687,4596,10378,9859,7840,8530,6884,5748,8043,10135,4081,9856,7381,4945,10519,10223,7238,8249,4969,8262,8282,8277,4741,4509,8353,4976,0,5693,4853,6654,4332,4980,7442,5306,0,4608,7641,7850,9854,6989,8743,8874,9835,5000,0,4855,8004,8357,7452,7168,10101,5105,8006,7037,0,8873,3998,8749,4659,5364,7766,9207,5436,8831,7001,8177,5398,8906,3442,7895,8363,5493,8350,8033,7226,8937,7600,0,8937,7300,5094,9042,8217,8860,7740,9702,8525,5716,6676,7489,8980,8186,9945,5169,5694,8665,4624,9343,6985,4456,8636,6712,11076,9076,10981,8728,5746,4157,5083,7300,5409,6352,0,5674,4565,4445,7309,7051,8624,7171,9654,7237,0,5784,5731,5655,9788,6400,8244,10135,7217,7226,11338,3913,2910,8129,9743,9043,5127,6900,9796,7206,10654,7226,7300,5807,4577,7931,6185,6990,6868,9128,8192,9437,8171,9230,8204,5751,5508,7998,7279,6959,7982,8374,8356,6589,6909,9583,8399,7260,8168,5920,5462,10095,5528,7666,5845,6793,4349,7051,6646,8692,8453,6907,8291,5913,8287,6907,9734,7426,9540,8865,6269,9775,9576,5393,7921,5068,7756,11516,9715,8461,3472,5670,7656,5742,7590,6685,9230,8329,9775,6185,8612,10812,8394,9576,4596,6420,9119,8523,0,4788,9356,4035,8810,7300,6989,5168,7755,8161
1108,3075,5396,5586,5054,4445,5603,2111,1914,3519,2396,7752,5001,4613,2347,7491,5721,5643,4238,8131,2848,3495,7732,7739,5847,6473,4411,3430,4522,8143,2704,6335,5324,2627,6997,6702,4801,6192,2634,6205,5982,4756,114,3407,6047,2978,3697,2855,2797,4021,2340,2923,5386,2988,3697,3231,4119,5793,4480,4996,4177,7643,6314,2682,3697,0,4482,4206,5395,4695,6580,3048,5446,4565,3697,5847,2621,6692,3521,3307,5245,5686,3379,5934,4563,5617,3081,6306,1650,5447,6307,3436,4036,5512,5233,6424,5079,3697,6442,5308,3025,5520,6161,6803,4033,6181,6468,3398,4011,5432,5459,4665,4570,3096,3637,6608,3247,6121,4512,2162,4413,4239,7554,6581,7981,5831,3428,2780,2801,5308,2550,3231,3697,3617,3428,3068,4519,5058,6567,4409,6133,4029,3697,2948,2893,3327,7667,3784,5938,8143,4469,5233,7816,2536,1681,4608,6222,6548,3070,4843,6275,4734,7133,5233,5308,4389,3475,5745,4128,4357,4811,6631,5669,5916,5648,7502,5684,3470,3451,5438,4833,4325,5859,6318,6299,4532,4437,6062,6342,4739,4754,3082,3405,6573,2690,5145,3788,4320,2972,5058,3883,6635,4113,4850,3725,3075,5764,4850,6213,4308,6019,5589,4212,6254,6054,3076,5401,3012,4234,7992,6194,7506,1680,3389,5136,2904,5534,4628,5709,5806,6254,4128,6555,7291,5784,6055,3495,3934,5598,4812,3697,2470,5835,2243,5288,5308,4996,2850,5699,5843
2387,4192,4715,5059,6552,5944,5076,3832,4176,5017,4117,6377,6305,4589,4067,6322,5159,5668,5736,8157,3966,4993,7758,6364,7151,7972,3601,3634,4547,9447,2487,4258,6550,1290,5776,7178,3991,7690,1520,6716,5172,597,2626,4906,5237,3181,5418,3972,4494,3211,4602,4422,6884,1466,5418,2533,4145,6815,4456,6300,4153,5672,4846,1345,5418,2740,0,4182,6621,3885,5097,4547,4957,3755,5418,5872,3017,5936,5020,4806,4564,4761,4878,5253,3753,5127,3284,5779,3912,4397,7805,4935,4012,4832,6537,5743,4398,5418,5821,6612,1687,5546,7659,6228,3223,6206,7967,3588,3331,6658,4988,223,4547,3300,5136,8107,2359,5594,3702,3898,4389,3430,6677,5960,6921,5150,3632,4349,1464,6612,3667,2830,5418,5116,4926,2180,4027,6362,8066,3728,6217,3794,5418,4066,4010,3517,6292,3992,5128,9447,3774,6537,7842,3948,3402,167,6247,5927,4767,6342,5071,3924,6178,6537,6612,3579,4974,5064,5627,3547,5219,6012,5142,4630,5121,6025,5003,3244,4949,4948,4023,3515,5369,5561,7798,6031,3627,6087,5579,4058,4780,4199,4904,5091,3807,4464,5286,3510,3368,6362,3202,5879,4089,6349,3701,4192,5237,6349,4871,3983,6044,5062,5711,4771,6592,3103,4720,4317,4260,6787,6219,5018,3942,3163,4455,4021,5373,5343,5734,5279,6279,5627,8053,5099,5344,6080,4993,4055,5355,4002,5418,2533,5860,4922,5314,6612,6300,1513,5193,6656
5018,5619,2326,2773,6320,5644,2790,6022,5824,7148,6306,2718,7732,1126,6257,2663,2308,2009,7867,4544,5393,7124,4434,2704,8578,7472,3066,4174,535,10874,5183,1469,5641,3986,2947,3519,3675,7191,4216,5807,4263,3127,4053,7036,3715,3722,7608,5399,4465,1213,6250,6552,6171,4091,7608,5229,1389,5907,991,7728,690,2843,1730,4041,7608,4167,2853,0,5712,1475,2308,6677,2633,1661,7608,1718,6531,5027,7151,6937,2431,1631,7008,3120,2986,2804,3825,2756,5560,1664,7573,7066,339,2044,7965,2922,2266,7608,3629,8039,4383,1883,7427,5163,649,2543,7016,3191,1198,5749,1855,3035,1082,3840,7266,7607,5055,2571,2516,5791,604,2894,3856,3767,3258,3017,3097,6690,4160,8039,5094,1212,7608,7246,7057,4876,1706,7789,7566,1595,2719,558,7608,5493,5437,3097,2633,3224,3606,10874,998,7965,4229,6446,5592,2979,2584,2997,4738,6109,2282,1909,2519,7965,8039,2812,7105,2276,7758,1282,4848,3082,2516,1500,2834,3205,1610,2964,7080,2624,2549,836,2232,4653,7298,5731,3091,2424,4187,1926,2621,5626,7035,2302,5234,1676,7417,2638,6882,7789,1070,4970,96,6050,481,5619,2950,6050,2081,837,2385,2775,5412,1982,2640,2650,1932,4288,2605,3124,2560,2525,5590,2882,2322,5449,5462,4972,2075,2992,2620,7758,7554,2310,2315,2417,7124,3288,1891,512,7608,3377,2201,7052,1651,8039,7728,4209,4284,5613
4832,5259,3816,3433,1081,1683,3239,5835,5638,5703,6120,7927,8293,5975,6071,7872,6565,7250,6422,9832,5033,5679,9353,7914,5927,2234,3844,4029,5937,8223,6434,5650,113,5656,5430,10426,3185,1952,5886,962,1997,6377,3976,5591,2679,3678,7421,5039,2942,4608,6063,5107,1413,5761,7421,6961,5576,550,5853,8288,5550,4426,5531,5711,7421,3964,6103,5579,0,4128,6489,5232,3341,3998,7421,7110,6351,1769,5706,5491,3929,6153,5563,3023,3237,3512,3584,3099,5374,4974,1999,5621,5409,4486,7273,3898,3893,7421,2867,7347,6053,7221,1854,1848,5406,7923,1789,4116,4723,221,9183,6285,5943,3585,5821,2369,6977,3535,3945,5886,5786,3673,5136,2616,8638,2920,3156,6510,5830,7347,4734,4714,7421,5801,5612,6798,4599,8350,2328,4162,5872,5190,7421,5133,5077,3453,7842,3293,2570,8223,5170,7273,9517,6266,5405,6229,7964,2869,3215,870,6467,4243,7728,7273,7347,3681,5660,3877,6313,4944,932,3068,3515,6022,3494,4485,4657,4901,5635,3333,4337,4912,3754,1395,2059,1770,3870,7473,1420,3713,6268,5266,5589,6483,4874,4119,5972,3754,6702,8350,4594,1713,5486,2088,5098,5259,3402,2088,6263,5059,7149,3057,1450,6164,6246,4507,4374,3180,5855,11716,7769,4950,5404,4820,3505,5088,937,877,7385,3444,7256,6313,2315,4736,3752,7797,5679,3546,9321,6185,7421,4539,7510,5607,6989,7347,8288,5879,2133,2245
3504,4410,1779,1970,5516,4841,1986,6188,5990,5766,6473,4007,6522,1882,6423,3952,3975,3298,6485,5728,4183,5742,4980,3993,7916,6669,375,2219,1864,10212,3973,1547,4837,2776,2840,4808,1838,6387,3006,5004,3460,3293,2843,5655,2912,2512,7774,4190,3079,504,6416,5170,5368,2881,7774,4019,1472,5103,1749,6518,1446,2736,1910,2831,7774,2958,3019,1475,4909,0,2386,5296,1830,186,7774,3007,4503,4223,5769,5555,1628,2049,5627,2317,1600,2000,2615,2689,5726,1516,6769,5684,1305,1896,6755,2807,1462,7774,2826,6829,3174,3118,6623,4360,1302,3778,6204,1364,277,4946,2611,3201,1840,2466,5884,6804,3845,2504,1713,5958,1682,2091,3741,2964,4493,2214,1712,6857,2950,6829,3884,1359,7774,5865,5675,3667,903,6579,6763,792,3281,1087,7774,4283,4228,1649,3921,1838,2803,10212,1067,6755,5414,6612,5758,3145,3819,2932,3352,5306,2359,1105,3807,6755,6829,1426,5723,1794,6376,840,4045,3014,2052,1919,2031,3089,2067,1755,5698,1821,1746,809,1845,3849,6494,4928,2288,3521,3383,1122,3095,4416,5653,2379,4024,1528,6035,1395,4854,6579,504,4167,1382,5246,994,4410,2147,5246,2159,1363,3674,1972,4609,2060,3656,1440,1784,2902,2771,4359,3849,2082,5756,1673,1519,4239,4659,4168,3364,2189,3909,6376,6750,2201,2254,3652,5742,1858,2648,2081,7774,2167,3490,5671,2886,6829,6518,2999,3481,4810
6124,7809,3532,3592,7720,7045,3701,7127,6929,8253,7412,2064,9922,1788,7362,2009,1999,1387,8972,5128,7583,8229,3521,2051,10768,8873,4466,5412,1294,13064,5783,1531,7041,4586,3093,1150,4462,8591,4816,7208,5664,3894,5291,8142,5116,4960,8713,7590,5703,2451,7355,7657,7572,4762,8713,5830,2709,7307,1468,9918,1458,2990,2132,4641,8713,5406,3620,1824,7113,2876,0,7783,3708,3062,8713,1392,6313,6427,8256,8042,3832,1964,8114,4071,4224,3833,5063,3897,6665,2433,8973,8171,1826,2830,10155,3069,3215,8713,4448,10229,4984,1844,8827,6564,2808,2060,8417,4430,2599,7150,1737,3802,1584,5078,8371,9008,5656,3712,3917,6897,1220,4295,4002,4586,2775,4069,4336,7796,4760,10229,7284,3660,8713,8352,8162,5477,3107,9979,8967,2996,2410,1819,8713,7683,7628,4335,1979,4462,5007,13064,2398,10155,4813,7551,6697,3746,2101,4125,5976,7510,2553,3310,1865,10155,10229,4050,8210,3535,8863,2520,6249,4005,3665,1903,3635,3351,2637,4203,8185,3914,3950,2376,3490,6053,8699,7132,4492,1610,5587,3326,3204,7816,8140,312,7424,2910,8522,4039,6664,9979,2470,6371,1740,7450,1911,7809,3770,7450,2183,2075,1189,3880,6813,1422,2332,3888,2718,5526,3372,2642,1907,2671,6695,4121,3487,7639,6863,6372,1522,3812,1296,8863,8954,2456,3464,1935,8229,4526,1875,1772,8713,4615,1648,8158,2016,10229,9918,4809,5685,7014
2584,2292,5978,5929,4867,4258,5946,3587,1978,521,3872,9228,4405,6089,3823,8967,7197,7119,1265,9607,2066,1244,9208,9215,5251,6287,4535,3568,5998,7547,4180,7811,5137,3683,8473,8178,4890,6005,3690,6274,5793,6232,1728,1156,6070,2768,5173,2072,3425,4474,2303,125,5199,4044,5173,4469,5595,6373,5956,4401,5653,6936,7790,3738,5173,1716,5958,6312,5209,4757,8056,0,5826,4689,5173,7322,4097,6613,524,334,5827,7162,406,6547,4652,5997,3218,6623,1729,5660,6120,463,5512,6095,4638,7006,5661,5173,6654,4712,4081,6996,5974,6905,5509,7656,6281,3535,4594,5246,6935,6141,6046,2961,664,6422,4295,6463,4636,3638,5889,4363,9030,6792,9457,6444,3566,4256,3857,4712,1767,4707,5173,644,430,4116,5102,4462,6380,4991,7609,5505,5173,2166,2110,3475,9143,3922,5961,7547,5037,4638,9292,4012,3157,6084,7698,6760,3699,4656,7751,4857,8609,4638,4712,3627,1225,5993,1156,4810,5154,6845,6011,7392,5990,7289,5661,3607,478,5818,4930,4779,6044,6238,6112,4345,4560,7538,6256,5321,6123,2299,432,8049,1907,5727,815,4444,4448,4462,4465,6556,5589,4663,5201,2292,6107,4663,7689,5246,7495,5931,4026,7730,7530,3213,5983,3249,5710,9468,9071,6281,1760,3526,5718,2122,5307,5277,7185,6149,7730,1156,6368,8767,6213,7531,1244,4071,7073,6478,5173,3393,7311,426,6764,4712,4401,3906,5593,5981
4543,5449,789,1243,4029,3354,1260,6279,6081,6146,6563,5083,8778,2959,6514,5028,3507,4375,6865,6805,5222,6122,6056,5070,6412,5449,1826,2598,2910,8708,5012,2623,3350,3815,2372,5885,1368,5167,4046,3517,1973,4358,4419,6034,2186,3003,7865,5229,3458,1581,6507,5550,4067,3920,7865,5059,2549,3616,2825,8774,2523,2268,2550,3870,7865,4407,4084,2552,3422,2110,3462,5675,0,1979,7865,4083,5542,2736,6149,5935,902,3126,6006,1591,1420,485,2942,1963,5817,1915,5282,6064,2382,1428,7758,2339,866,7865,2099,7832,4213,4194,5136,3633,2379,4854,4912,2470,1695,3459,3834,4267,2916,2846,6264,5584,4885,1778,1276,7023,2759,1654,3273,2238,5569,1488,1881,6954,3989,7832,4924,2436,7865,6244,6055,4706,1571,8835,5543,1135,2813,2163,7865,5322,5267,2029,4998,2018,2077,8708,2143,7758,6490,6709,5849,4210,4895,2205,3732,3819,3409,1216,4884,7758,7832,1806,6103,850,6756,1917,2558,2288,1326,2995,1305,2621,1599,3060,6078,306,1309,1885,727,2362,5274,3441,1851,4598,2657,686,4172,5456,6033,3456,5064,1092,6415,1398,5893,8835,1567,2679,2459,3759,2071,5449,1421,3759,3236,2032,4750,1246,3121,3136,3188,2666,1316,3282,3836,5436,4926,2579,5847,2979,478,5278,2711,2681,4441,1463,4985,6756,5530,2365,1528,4729,6122,1631,3972,3158,7865,3264,4566,6050,3962,7832,8774,4038,1994,3457
3469,4375,1965,2155,5046,4366,2172,5701,5503,6827,5986,4192,6488,2068,5936,4138,4161,3484,7547,6181,4149,6804,5782,4179,7334,6855,274,2184,2019,9630,3939,1732,4362,2742,3026,4994,1803,6573,2972,4528,2984,2806,2809,6716,3098,2478,7287,4155,3044,690,5929,6232,5553,2847,7287,3985,1658,4628,1935,6484,1632,2922,2096,2797,7287,2923,2532,1661,4433,186,2571,6357,1968,0,7287,3193,4469,3748,6830,6616,1814,2235,6688,2456,1566,2186,2580,2875,5239,1702,6299,6745,1492,2034,6720,2946,1601,7287,2964,6795,3139,3570,6153,4498,1488,4231,6460,1330,463,4470,2462,2715,2026,2596,6946,6601,3811,2643,672,5471,1868,454,3879,3103,4946,2353,1677,6370,2916,6795,3850,1143,7287,6926,6736,3632,725,6545,6559,801,3420,1273,7287,4249,4193,1615,4316,1804,2942,9630,1253,6720,5866,6126,5271,2658,4272,3070,3318,4835,2545,763,4202,6720,6795,1392,6784,2267,7437,1026,3569,3155,2191,2105,2170,3228,2206,1720,6760,1960,1276,994,2222,3374,6291,4524,547,4112,3522,1261,2804,4382,6714,2565,3990,1507,7097,397,4820,6545,677,3691,1568,4842,1180,4375,2286,4842,2345,1549,4069,2111,4205,2246,3795,1406,1923,2868,2284,4812,4244,2268,5270,1638,1658,4204,3723,3693,3759,2328,4304,7437,6547,2933,2306,4105,6804,1824,2834,2267,7287,2132,3885,5833,3338,6795,6484,2965,3006,4948
3151,5913,7917,8120,7111,6502,8137,2012,3706,4656,1832,9873,6994,10181,1765,11012,9243,9164,5381,11653,5687,4596,10378,9859,7840,8530,6884,5917,8043,10135,4081,9856,7381,4945,10519,10223,7238,8249,4969,8262,7974,8277,4741,4509,8353,4976,0,5693,4853,6654,4332,4980,7442,5306,0,4608,7641,7850,10157,6989,8743,8874,9835,5000,0,4855,8004,8357,7452,7168,10101,5105,8017,7037,0,8873,3998,8749,4659,5364,7766,9207,5436,8831,7001,8187,5398,8906,3442,7895,8363,5493,8350,8033,7226,8945,7600,0,8937,7300,5094,9042,8217,8860,7740,11606,8525,5716,6676,7489,8980,8186,10248,5169,4780,8665,4624,8654,6985,4456,8636,6712,11076,9076,10981,8728,5746,4157,5083,7300,5409,6352,0,4760,4565,4445,7309,7051,8624,7385,9654,7238,0,5784,5731,5655,9788,6400,8244,10135,7217,7226,11338,3913,2910,8129,11647,9043,5127,6900,9796,7206,10654,7226,7300,6217,4577,7931,5272,6990,6868,9128,8202,9437,8181,9240,8204,5751,5508,8008,7279,6959,7982,8374,8356,6589,6909,11487,8399,7260,8168,5920,5462,10095,5528,7666,4931,6793,4349,7051,6646,8692,8453,6907,8291,5913,8297,6907,9734,7426,9540,8865,6269,9775,9576,5393,7921,5068,7756,11513,9715,8461,3472,5670,7656,5742,7590,6685,9230,8339,9775,5272,8612,8932,8404,11480,4596,6420,9119,8523,0,4788,9356,4035,8810,7300,6989,5168,7755,8161
5298,6984,3759,3820,7941,8354,3928,6301,6103,7427,6586,2072,9096,2016,6536,2017,3722,272,8146,3861,6757,7403,2387,1187,9942,9094,4032,4803,1494,12238,4957,1758,7262,3760,3321,2873,4421,8812,3991,7429,5884,3068,5507,7316,5337,5176,7887,6764,6705,2679,6529,6831,7792,3937,7887,5004,1883,7690,1696,9092,1686,3218,2360,3815,7887,5621,2794,1808,7334,3097,1430,6957,4254,3282,7887,0,5487,6648,7430,7216,4053,2261,7288,4742,4184,4061,5279,4242,5839,2557,8859,7345,1801,3058,9329,3296,3443,7887,4676,9403,4158,460,8713,6784,1982,927,8638,3948,2819,7371,3460,2976,1811,5294,7545,9229,4830,4057,4138,6071,1448,3860,4230,4977,1642,4639,4296,6970,3934,9403,6459,2834,7887,7526,7336,4651,3327,9153,9187,3216,4133,2020,7887,6857,6802,4233,1986,4422,5228,12238,2626,9329,3546,6726,5871,2920,968,4483,6979,7730,2610,3530,1872,9329,9403,4010,7384,3763,8037,2748,6470,4233,3893,2130,3863,3579,2762,4418,7359,4246,4171,2298,3718,6274,8919,8440,4057,504,5808,3547,1869,6990,7314,1424,6598,3138,7696,4260,5838,9153,2691,6591,1904,8759,2112,6984,3998,8759,2410,2303,1298,4397,8121,1650,4055,4104,2946,5486,2546,1508,1914,2899,5869,4337,3715,6813,7084,6593,407,4040,1405,8037,9175,2684,3692,697,7403,4486,3598,1973,7887,4831,532,6433,506,9403,9092,3983,5906,7234
2737,5499,7496,7886,6689,6081,7903,3034,3492,4442,3319,8555,6579,6688,3269,12599,10830,7847,5880,10335,5272,4383,8820,8542,7425,8109,6463,5496,6726,9721,1525,6357,6960,2787,8556,11810,6817,7827,2414,7841,7644,6960,5360,4295,7716,5145,4987,5279,4432,5310,3918,4565,7021,3582,4987,1282,6323,7429,6555,6575,6253,8453,11422,3276,4987,5348,6686,6281,7031,6747,7196,4690,7783,6616,4987,7555,0,8327,4445,4950,7345,10794,5021,8193,6580,7954,5839,8268,3228,6496,7942,5079,6112,7612,6812,8524,7179,4987,8299,6886,2539,7724,7796,8439,5339,8384,8104,4372,5332,7068,10567,6868,6646,5052,5279,8244,1262,8420,6564,4041,6488,6291,9457,8438,13089,8090,4328,1910,2528,6886,4995,5008,4987,5259,4351,1890,6888,6636,8203,6964,11241,5894,4987,5369,5317,4237,8470,5979,7607,9721,5873,6812,10020,1170,2604,6812,8425,8405,4706,6479,11383,6785,12241,6812,6886,5796,4364,7510,5771,5646,6447,8490,7968,11024,7947,8806,7783,4027,5093,7774,6858,5615,7561,7953,7935,6168,6488,8266,7978,6839,6958,5506,5048,7190,5114,7245,4717,6372,347,6636,5301,8271,6188,6486,5800,5499,8063,6486,6970,6082,8222,8227,5848,6871,11163,3886,7500,4647,6438,13100,8398,8725,3258,3946,7235,5328,7169,6264,7913,8105,8457,5771,8190,8511,8170,8259,4383,5999,10706,6118,4987,3064,8038,3821,7492,6886,6575,2741,7117,8836
5907,6812,3202,2820,2515,3117,2625,7270,7072,7138,7555,7497,9727,5362,7505,7442,5952,6637,7857,9163,6586,7114,8764,7484,7362,3140,3256,4010,5324,9657,6019,5037,1836,5422,4817,6709,2597,2859,5287,1694,1408,5788,5411,7026,2090,4415,8856,6593,4376,3994,7498,6542,1839,5527,8856,6066,4963,1737,5239,9723,4937,3813,4918,5477,8856,5398,5515,5135,1908,3540,5876,6667,2728,3410,8856,6497,7786,0,7140,6926,3316,5540,6998,2410,2649,2899,4354,2485,6808,4360,2906,7055,4796,3873,8708,3284,3280,8856,2253,8782,5819,6552,2760,853,4792,7213,2685,3831,4109,1945,6279,5697,5330,4258,7256,3275,5892,2922,3357,7321,5172,3084,4591,2003,7928,2307,2922,7945,5596,8782,6287,4126,8856,7236,7047,5713,3681,9784,3234,3757,5258,4577,8856,6686,6631,3219,7412,3059,1981,9657,4557,8708,8848,7701,6840,5640,7254,2256,4649,2305,5854,3578,7298,8708,8782,3447,7094,3322,7747,4330,2367,2707,2902,5409,2881,3940,4044,4667,7070,2719,3651,4299,3140,808,2966,3204,3281,6860,807,3099,5787,6819,7024,5870,6427,3505,7407,3165,8137,9784,3981,504,4872,3523,4485,6812,2789,3523,5649,4446,6535,2444,2885,5550,5633,4273,3761,4615,5266,7794,7339,4337,6839,4586,2892,6642,1658,2311,6855,2831,6642,7747,3222,4122,3104,7087,7114,3312,6127,5571,8856,4305,6980,7042,6321,8782,9723,5645,1454,507
3108,2816,6502,6693,5391,4782,6709,4111,2176,313,4396,9752,4929,6613,4346,9490,7721,7643,1444,10131,2590,1442,9732,9739,5775,6811,5059,4092,6522,8071,4703,8335,5661,4207,8997,8702,5413,6529,4214,6798,6317,6756,2252,1354,6594,3292,5697,2596,3134,4998,2501,649,5723,4568,5697,4993,6119,6131,6479,4925,6177,9643,8314,4262,5697,2240,6482,6206,5733,5281,8579,524,6350,5213,5697,7352,4621,7136,0,858,6351,7686,730,7071,5176,6521,3742,7147,1927,6184,6644,987,6036,6619,5162,7530,6185,5697,7178,5236,4605,7520,6498,7429,6219,8180,6805,4059,5117,5770,7459,6664,6570,3484,843,6946,4819,7227,5160,4162,6413,4887,9554,7316,9980,6968,4090,4780,4381,5236,2291,5231,5697,824,94,4640,5626,4986,6904,5515,8132,6029,5697,2690,2634,3998,9667,4446,6485,8071,5561,5162,9816,4536,3681,6608,8222,7284,3407,5180,8275,5381,9133,5162,5236,4151,1423,6517,1335,5334,5678,7369,6775,7916,6754,9502,6185,4131,824,6341,5454,5302,6568,6762,6636,4869,5084,8062,6780,5845,6754,2823,956,8573,2431,6251,994,4968,4972,4986,4989,7080,6113,5187,5725,2816,6870,5187,8212,5770,8018,7105,4550,8254,8054,3737,6507,3773,6234,9992,9595,6805,1958,4050,6242,2645,5831,4966,7709,6912,8254,1335,6892,9291,6977,8055,1442,4595,7597,6998,5697,3917,7834,624,7288,5236,4925,4430,5996,6505
2843,2551,6237,6428,5126,4517,6445,3847,3649,799,4131,9487,4664,6348,4082,9226,7457,7378,930,9867,2325,1522,9467,9474,5510,6546,4794,3827,6257,7806,4439,8070,5396,3942,8733,8437,5149,6264,3949,6533,6053,6491,1987,1434,6329,3027,5433,2332,2869,4733,4075,384,5458,4303,5433,4728,5854,5866,6215,4660,5912,9378,8049,3997,5433,1975,6218,5941,5468,5016,8315,334,6085,4948,5433,7087,4356,6872,802,0,6086,7421,72,6807,4911,6256,3477,6882,3385,5919,6379,385,5771,6354,4897,7265,5921,5433,6913,4971,4340,7256,6233,7164,5954,7916,6540,3795,4853,5505,7194,6400,6306,3220,330,6681,4554,6962,4895,3897,6148,4622,9289,7052,9716,6704,3825,4515,4116,4971,2026,4966,5433,310,708,4375,5361,4721,6640,5250,7868,5764,5433,2425,2370,3734,9402,4181,6220,7806,5296,4897,9552,4271,3417,6343,7957,7019,3142,4916,8010,5117,8868,4897,4971,3886,1503,6253,821,5069,5413,7104,6510,7651,6489,9237,5920,3866,143,6077,5189,5038,6304,6498,6371,4604,4820,7797,6515,5581,6490,2558,354,8308,2166,5986,480,4703,4707,4721,4725,6815,5848,4922,5460,2551,6605,4922,7948,5505,7754,6840,4285,7989,7789,3472,6242,3508,5969,9727,9330,9241,3415,3785,5977,2381,5566,4701,7444,6647,7989,821,6627,9026,6712,7790,1522,4330,7333,6733,5433,3653,7570,703,7024,4971,4660,4165,5731,6240
4720,5626,1750,1368,4016,3482,1173,6447,6249,6314,6732,6045,8922,3910,6682,5990,4500,5336,7033,7767,5399,6290,7680,6032,6556,5309,2171,2775,3872,8852,5123,3585,3337,3992,3365,5230,1512,5028,4223,3503,2100,4703,4587,6203,1553,3456,8033,5406,3636,2542,6675,5718,4008,4097,8033,5169,3510,3906,3787,8918,3485,3228,3543,4047,8033,4575,4430,3513,3408,2455,4424,5844,1276,2325,8033,5045,5653,2714,6317,6103,0,4088,6175,958,1564,1447,3559,1435,5985,2908,5075,6232,3344,2421,7903,2196,1827,8033,1466,7977,4390,5156,4929,3000,3340,5816,4844,2647,2657,3445,4827,4612,3878,3023,6432,5445,4995,1902,2238,6497,3720,2000,3139,1609,6531,854,2025,7122,4166,7977,5101,3397,8033,6413,6223,4816,2533,8979,5403,2097,3806,3125,8033,5499,5444,2322,5960,2162,1444,8852,3105,7903,7452,6878,6017,4556,5857,1572,3909,3805,4402,2177,5846,7903,7977,2212,6271,1870,6924,2878,2685,1657,1450,3957,1429,2488,2592,3237,6246,1267,2271,2847,1688,2340,5135,3569,2197,5559,2024,1647,4702,5633,6201,4418,5241,2053,6583,2081,6004,8979,2529,2657,3420,3887,3032,5626,1337,3887,4197,2993,5712,991,3249,4098,4181,2843,2309,3160,4182,6397,5887,3534,6015,3156,1440,5455,3158,2809,5402,1379,5947,6924,5391,3319,1652,5691,6290,1836,4965,4119,8033,3408,5528,6219,4924,7977,8918,4216,2122,3450
6502,6037,2740,3305,6900,6225,3413,7506,7308,8632,7791,2650,8150,698,7741,2595,1341,1973,9351,5714,5810,8608,4107,2637,8996,8052,3646,4592,1836,11291,5600,650,6221,4403,1965,2108,3641,7771,4634,6387,4843,4786,4471,8521,4295,4139,9092,5817,4882,1630,7734,8036,6751,4508,9092,5647,2302,6649,950,8145,941,2610,628,4458,9092,4585,4513,1648,6292,2055,1212,8162,3213,2241,9092,1978,6130,5607,8635,8421,3011,0,8493,3784,3403,3546,4242,3170,7044,2078,7818,8550,1309,2650,8382,3141,2471,9092,4161,8456,4801,2430,7672,5743,2132,2646,7597,3609,1778,6329,227,4695,1041,4258,8750,8187,5473,2985,3096,7275,1026,3474,2522,3905,3361,3597,3515,8175,4577,8456,5512,2485,9092,8730,8541,5294,2286,8207,8146,2175,1100,1386,9092,5910,5855,3514,2565,3642,4186,11291,1578,8382,5399,7930,7076,4638,2687,3411,5155,6689,1242,2489,2451,8382,8456,3229,8589,2690,9242,1699,5428,3554,3378,230,3348,2469,2023,3382,8564,3204,3129,1556,2645,5233,7878,6311,3671,2196,4767,2506,3790,6044,8519,1206,5652,2089,8901,3218,6482,8207,1650,5550,1543,6630,1394,6037,3483,6630,1180,1254,1872,3355,5992,887,1022,3068,2538,4706,4265,3227,2493,2473,7074,3300,2642,5866,5582,5552,2108,3525,1979,9242,8134,2258,3177,2520,8608,3705,263,1255,9092,3794,2233,7637,2602,8456,8145,4627,4864,6193
3116,2824,6510,6700,5399,4790,6717,4119,2184,727,4404,8359,3315,6621,4354,9498,7729,7651,859,10139,2597,1450,9740,8346,4138,6818,5067,4100,6530,6434,4711,8343,5669,4215,9005,8710,5421,6537,4222,6806,6325,6764,2260,1362,6602,3300,5705,2604,3142,5006,2509,657,5731,4576,5705,5001,6127,6138,6487,3311,6185,9651,8322,4270,5705,2248,6490,6840,5741,5289,8587,532,6358,5220,5705,7359,4629,7144,730,866,6359,7694,0,7079,5184,6529,3750,7155,1935,6192,6652,953,6044,6627,3524,7538,6193,5705,7186,3598,4612,7528,6506,7437,6227,8188,6813,4067,5125,5778,7467,6672,6578,3492,258,6953,4827,7235,5168,4170,6420,4895,9562,7324,9988,6976,4098,4788,4389,3598,2299,5239,5705,238,636,4648,5634,3372,6912,5523,8140,6037,5705,2698,2642,4006,8274,4453,6493,6434,5569,3524,9824,4544,3689,6616,8230,7292,3415,5188,8283,5389,9141,3524,3598,4159,1431,6525,749,5342,5686,7376,6783,7924,6762,9510,6193,4139,95,6349,5462,5310,6576,6770,6644,4877,5092,8070,6788,5853,6762,2831,922,8581,2439,6259,409,4976,4980,3372,4997,7087,6120,5195,5733,2824,6878,5195,8220,5778,8026,7113,4557,8262,8062,3745,6515,3781,6242,10000,8202,6813,1965,4058,6250,2653,5839,4973,7717,6920,8262,749,6900,9299,6985,8063,1450,4603,7605,7006,5705,3925,7842,632,7296,3598,3311,4438,6004,6513
4930,5836,1176,479,3950,3416,599,7568,7371,6533,7853,5471,9155,3336,7804,5416,3926,4762,7252,7193,5610,6510,6444,5457,6790,5244,2213,2986,3328,9085,5400,3011,3271,4203,2790,6272,1745,4962,4433,3438,2035,4673,4270,6422,1487,3391,9154,5616,3846,1968,7796,5938,3943,4308,9154,5446,2936,3840,3213,9151,2911,2370,2968,4258,9154,4794,4400,2939,3343,2497,3850,6063,702,2367,9154,4471,5930,2799,6536,6322,1289,3513,6394,0,1797,872,3494,773,7107,2334,5010,6451,2769,1846,8136,1338,1253,9154,804,8210,4600,4582,4864,2935,2766,5242,4779,2857,2083,3380,4252,4582,3304,3234,6652,5379,5272,1210,1664,7338,3146,2042,2282,943,5957,103,2258,7341,4377,8210,5311,2823,9154,6632,6442,5093,1959,9212,5338,1523,3232,2551,9154,5710,5654,2416,5385,2395,1378,9085,2531,8136,6878,7097,7138,4525,5283,910,4119,3740,3827,1603,5271,8136,8210,2193,6490,1238,7143,2304,2620,995,876,3383,571,1630,2018,3448,6465,693,1697,2273,1114,2424,5070,3503,2239,4985,1958,1073,4559,5843,6420,3843,5451,1479,6803,1786,6281,9212,1955,2742,2846,3821,2458,5836,342,3821,3623,2419,5138,417,3184,3524,3607,3054,1735,3669,4152,5823,5313,2960,7137,3367,866,5665,2773,2743,4828,259,5373,7143,5325,2745,1427,5116,6510,2625,4391,3545,9154,3594,4954,6438,4350,8210,9151,4426,2056,3385
3803,4709,1640,2031,4200,3525,2048,6034,5837,5476,6319,4735,6822,3050,6270,4680,3836,4027,6195,6515,4482,5452,6116,4722,6553,5620,607,1928,3012,8849,4272,2725,3521,3075,2701,5536,962,5338,3305,3687,2143,3139,3143,5364,2209,2333,7620,4489,2788,1682,6263,4880,4238,3180,7620,4319,2372,3787,2927,6817,2625,2597,2681,3130,7620,3257,2866,2653,3592,891,3564,5005,1928,761,7620,4230,4802,2907,5478,5264,1489,3228,5336,2369,0,2099,2436,2750,5573,2287,5453,5393,2484,1757,7899,2668,1323,7620,2793,7973,3473,3904,5307,3199,2480,4564,5614,1800,1599,3629,3455,3048,3018,2176,5594,5755,4145,2565,708,5804,2860,436,3602,2931,5279,2266,1261,6703,3249,7973,4184,1477,7620,5574,5385,3966,1033,6878,5713,1109,3142,2265,7620,4582,4527,1359,4650,1398,2100,8849,2245,7899,6200,6459,5604,2991,4605,2899,3061,3989,3738,930,4536,7899,7973,1365,5433,1989,6086,2018,2728,3076,2113,3097,2092,2950,1928,2054,5408,1919,1003,1987,1706,2533,5445,3612,633,4445,2550,983,3031,4716,5362,3558,4323,1389,5745,516,5153,6878,1471,2850,2560,3930,2172,4709,2208,3930,3337,2133,4402,2033,3292,3238,3517,1739,1645,2612,2618,5145,4577,2870,5603,1972,1380,4538,2882,2852,4093,2250,4637,6086,5701,2655,2028,4439,5452,989,3491,3259,7620,2466,4218,5380,3672,7973,6817,3298,2165,3627
4467,5373,383,1271,4818,4143,1288,6203,6005,6070,6487,5007,7486,2872,6438,4952,3188,4147,6789,6729,5146,6046,7073,4994,6859,5971,1750,2522,2834,9155,4936,2547,4139,3739,2053,4890,1815,5689,3970,4306,2761,4210,4343,5958,2214,2928,7789,5153,3383,1505,6431,5474,4669,3844,7789,4983,2473,4567,2749,7481,2447,1950,2226,3794,7789,4331,3936,2645,4210,2034,3386,5599,447,1904,8774,4007,5466,3525,6073,5859,930,3050,5930,1619,1867,0,3030,1259,5741,1597,5736,5988,2306,1109,8205,2020,455,7789,1853,8279,4137,4118,5590,3661,2303,4778,5506,2394,1619,4247,3515,4118,2840,2770,6188,6106,4809,1074,1200,6875,2683,1578,2312,1994,5493,1516,2015,6878,3913,8279,4848,2360,7789,6168,5979,4630,1495,7543,6064,1059,2494,2087,8774,5246,5191,1953,4922,2142,2105,9155,2067,8205,6414,6633,5773,4062,4819,1500,3656,4607,3090,1140,4808,8205,8279,1730,6027,398,6680,1841,3346,1585,507,2919,1332,2303,1276,3256,6002,374,1233,1809,449,3151,5796,4230,1775,4522,2685,610,4096,5380,5957,3380,4988,755,6339,1322,5817,7543,1491,3468,2383,4548,1995,5373,1449,4548,3160,1956,4046,1273,3910,3060,2869,2590,997,3206,3688,5360,4850,2222,5771,3175,225,5202,3500,3470,4365,1257,4909,6680,6052,2007,819,4653,6046,2162,3653,3082,8774,3130,4490,5974,3886,8279,7481,3963,2783,4111
2381,3287,2836,3226,3757,3148,3243,3827,4171,3943,4112,5970,5400,4103,4062,5915,7685,5262,4662,7750,3060,3919,7351,5957,6105,5176,1803,836,4075,8400,3565,3772,3375,2613,3897,8666,2158,4895,2843,3542,3267,4374,1721,3831,3338,317,5413,3067,1255,2725,4596,3347,4089,2718,5413,3611,3738,3641,3970,5395,3667,3793,3877,2668,5413,1835,4101,3865,3447,2087,4611,3472,3123,1957,5413,4970,4095,4030,3946,3731,2685,4275,3803,3816,1920,3294,0,3891,3907,3482,5010,3861,3526,2953,5632,3864,2519,5413,3922,5706,3011,5139,4864,4393,3513,5799,5171,1521,2747,3483,7423,4283,4061,255,4061,5311,3437,4328,1904,3892,3903,1631,4798,4061,6514,3713,1193,4750,2787,5706,2762,2423,5413,4041,3852,3258,2228,5457,5270,2304,4338,3308,5413,3161,3105,1130,5885,1320,3229,8400,3288,5632,7435,4506,3397,4226,5840,4028,1529,3546,4933,2126,5771,5632,5706,1137,3900,3185,4553,3061,2422,4113,3309,4144,3288,4146,3124,1858,3875,3115,2198,3029,3140,3656,5002,3235,1829,5680,3681,2179,4373,3294,3829,4605,2902,2585,4212,1712,4446,5457,2716,3973,3603,3553,3215,3287,3404,3553,4385,3329,5637,3849,2915,4285,4713,1464,2841,1079,3853,6380,5812,4066,3937,1777,2576,3116,2575,2545,5328,3446,5872,4553,5258,3851,3224,5674,3919,1339,7561,4292,5413,1644,5453,3847,4907,5706,5395,2836,2740,4751
5604,6509,1023,781,3680,3164,890,7236,7038,7103,7521,5351,9711,3399,7471,5296,3349,4674,7822,7738,6283,7079,6808,5338,7345,4992,2759,3532,2945,9641,5825,3075,3001,5227,2437,5051,2301,4710,5457,3545,1782,5291,5376,6992,1235,3937,8822,6289,4392,2514,7464,6507,3690,5332,8822,5871,3482,3588,3339,9707,2558,2199,3016,5282,8822,5364,5018,2756,3073,3043,3913,6633,1247,2913,8822,4679,6355,2378,7106,6892,1835,3903,6964,773,2353,1022,3875,0,6774,1980,4757,7021,2417,1493,8691,1167,1259,8822,553,8766,5624,5127,4611,2682,3312,5347,4527,3238,2629,3110,3676,5200,3430,3779,7221,5127,5697,437,2210,7956,2794,2587,2111,735,6062,762,2728,7911,5401,8766,5984,3369,8822,7202,7012,5519,2505,9768,5085,2394,2655,2198,8822,6383,6327,2962,5266,2865,1126,9641,3076,8691,7423,7667,6806,5143,5388,241,4665,3470,3251,2149,5152,8691,8766,2739,7060,871,7713,2850,2367,326,854,3447,824,1459,1664,4205,7035,1103,2243,2818,826,2004,4817,3251,2784,4897,1688,1619,5105,6516,6990,3907,6124,2025,7372,2332,6706,9768,2500,2321,2652,3569,3004,6509,688,3569,3636,2067,4573,1075,2931,3588,3030,3891,1381,3949,4769,5929,5194,2436,6804,4124,1411,6339,2521,2491,4809,605,4680,7713,5073,2221,653,5222,7079,2625,3814,4091,8822,4110,4935,7008,4895,8766,9707,5450,1804,3132
2340,2862,6374,6565,4843,4234,6582,3343,3145,3306,3628,8731,4975,5592,3578,8469,6700,6622,4025,9110,2635,3282,8711,8717,5821,6262,5389,3649,5500,8117,3935,7314,5113,3858,7976,7680,5779,5981,3865,5994,6708,5734,3513,3194,5869,3299,4929,2642,2586,4999,3571,2710,5175,4219,4929,4462,5098,5582,5458,4970,5156,8622,7292,3913,4929,3501,5461,5814,5184,5673,7558,2835,6425,5543,4929,6825,3852,6481,3309,3094,6223,6665,3166,6346,5541,6596,3993,6422,0,6056,6096,3224,5015,6491,5207,7402,6058,4929,6453,5281,4009,6499,5950,6592,5197,7159,6257,4333,4990,5222,6438,5643,5549,3205,3424,6397,4478,7099,5490,1284,5391,5218,8533,7327,8959,6243,4006,4012,4032,5281,2337,4210,4929,3404,3215,4299,5498,5032,6356,5387,7111,5008,4929,2736,2680,3943,8646,4133,5760,8117,5609,5207,8795,3767,2913,5586,7200,6559,2859,4632,7254,5712,8111,5207,5281,3950,3263,6723,3916,5335,4600,6643,6647,6894,6626,8481,6057,4665,3238,6416,5811,5286,6441,6107,6088,4321,5415,7040,6131,5718,5733,2869,3192,7552,2477,6123,3575,5299,4204,5032,4862,6424,5091,4639,4703,2862,6742,4639,7191,5286,6997,6567,4001,7232,7033,4307,6379,2801,5213,8971,8573,8484,2911,4584,6114,2691,5323,4417,6688,6784,7232,3916,6344,8270,6849,7034,3282,4152,6576,5980,4929,3702,6813,3210,6267,5281,4970,4082,5271,6989
4758,5664,1106,1912,5323,4648,2021,6858,6660,6389,7143,3374,7777,1423,7093,3319,2548,2697,7109,5772,5437,6366,4831,3361,7723,6476,2069,2842,1762,10019,5228,1098,4644,4030,1413,2769,2461,6194,4261,4811,3267,3963,4098,6278,2719,3247,8444,5444,3702,1257,7086,5794,5174,4136,8444,5274,2226,5072,1362,7772,1375,1466,1039,4086,8444,4212,3689,1573,4716,1650,1937,5919,1283,2223,8444,2702,5757,4030,6392,6178,1435,1600,6250,2124,2223,2153,3350,2217,6396,0,6576,6307,1234,668,8009,1389,790,8444,2632,8083,4428,3154,6430,4167,2055,3370,6011,2662,1372,4753,1828,3871,1453,3090,6508,6611,5100,2032,1520,6627,1611,1898,2322,2952,4085,2021,2335,7197,4205,8083,5139,2112,8444,6488,6298,4921,1248,7834,6570,1137,1855,1015,8444,5538,5482,2272,3289,2462,2610,10019,1207,8009,5457,6953,6428,3815,3411,2458,3975,5113,2450,1459,3175,8009,8083,2049,6346,1122,6999,1329,3852,2325,1985,1470,1955,1671,199,3009,6322,1628,1553,1185,1172,3656,6301,4735,2095,2920,3190,929,3848,5671,6276,1930,5279,860,6659,1642,6109,7834,1244,3973,1469,5053,1748,5664,2090,5053,1696,884,2596,1779,4415,1611,2229,2695,556,3525,3441,3952,3217,991,6426,2927,1061,5493,4005,3975,2832,2132,2703,6999,6557,776,1784,3245,6366,2481,1864,1957,8444,3421,2958,6294,2878,8083,7772,4254,3288,4616
6216,6642,4687,4305,2665,3066,4110,7219,7021,7086,7504,8982,9676,6847,7454,8927,7294,8121,7805,10704,6416,7062,10224,8968,7310,1506,4716,5412,6809,9606,7817,6522,1043,6527,6302,11809,4057,1225,6392,1071,2868,7248,5359,6975,3550,5062,8805,6423,4325,5479,7447,6490,251,6633,8805,8344,6447,659,6724,9672,6422,5297,6402,6582,8805,5347,6975,6450,1155,5000,7361,6616,4213,4870,8805,7982,7734,2086,7089,6875,4800,7025,6947,3895,4109,4383,4455,3970,6757,6028,0,7004,6281,5358,8656,4769,4764,8805,3738,8730,6925,8093,1078,1669,6277,8753,1385,4936,5594,934,10566,7157,6815,4968,7204,1641,8360,4407,4817,7269,6657,4544,6008,3488,9468,3791,4028,7894,6701,8730,6117,5586,8805,7185,6995,8181,5141,9733,1600,5359,6601,6062,8805,6516,6461,4324,8897,4165,3441,9606,6042,8656,10389,7650,6789,7100,8794,3740,4598,2455,7196,5114,8783,8656,8730,4552,7043,4807,7696,5815,1904,4192,4387,6894,4366,5194,5529,5772,7018,4204,5208,5784,4625,2267,1332,3153,4741,8344,2292,4584,7139,6649,6973,7355,6257,4990,7355,4625,8086,9733,5466,1903,6357,3471,5969,6642,4274,3471,7134,5930,8020,3928,2834,7035,6975,5378,5246,4564,6727,9334,8824,5822,6787,5691,4377,6472,1808,1848,8339,4316,8127,7696,1588,5607,4589,8627,7062,4418,10705,7056,8805,5410,8465,6991,7861,8730,9672,6751,3113,2066
2973,2681,5826,6217,5255,4646,6233,3976,3778,985,4261,9617,4794,6477,4211,9355,7586,7507,1316,9996,2454,1707,9596,9603,5639,6675,4793,3956,6386,7935,4568,8200,5526,4071,8862,8566,5148,6393,4078,6662,6182,6620,2116,1620,6459,3157,5562,2461,2998,4862,4204,514,5587,4432,5562,4857,5853,5995,6344,4789,6042,9507,8178,4126,5562,2104,6347,6700,5597,5077,8444,463,6114,4947,5562,7216,4485,7001,987,385,5675,7550,457,6936,4910,6284,3607,7011,3514,6048,6508,0,5900,5943,5026,6854,5509,5562,7042,5100,4222,7385,6362,7293,6083,8045,6669,3924,4884,5634,7323,6529,6435,3349,715,6810,4683,6751,4894,4026,6277,4622,9419,7181,9845,6833,3954,4645,4245,5100,2156,5095,5562,695,894,4505,5219,4851,6769,5379,7997,5893,5562,2554,2499,3853,9531,4310,6350,7935,5425,5026,9681,4400,3546,6472,8086,7148,3271,5045,8139,5116,8997,5026,5100,4015,1688,5840,1206,5198,5542,7233,6299,7780,6278,9366,6049,3996,529,6105,5189,5167,5891,6627,6501,4733,4819,7926,6644,5169,6511,2688,31,8438,2296,5575,866,4702,4836,4851,4854,6944,5977,5052,5589,2681,6394,5052,8077,6172,7883,6970,4414,8118,7919,3602,5831,3637,6099,9856,9459,9370,3544,3915,5566,2510,5696,4830,7573,6436,8118,1206,6756,9155,6214,7919,1707,4330,7462,6866,5562,3782,7699,889,7153,5100,4789,4295,5860,6369
4849,5280,1987,2596,6143,5468,2613,5852,5654,6978,6137,2711,7393,1455,6087,2656,2031,2002,7697,4537,5054,6955,4302,2697,8239,7296,2889,3835,528,10535,4844,1130,5464,3647,2608,3512,2889,7014,3877,5631,4087,2957,3714,6867,3539,3383,7438,5060,4131,874,6080,6383,5994,3752,7438,4890,1220,5892,1553,7389,1341,2505,1732,3702,7438,3828,2683,339,5536,1299,1969,6508,2456,1485,7438,1782,5374,4850,6981,6767,2255,1633,6839,2944,2652,2345,3486,2417,5390,1325,7396,6896,0,1705,7626,2583,2089,7438,3452,7700,4044,1876,7250,4987,642,2536,6840,2416,1021,5573,1860,2865,1668,3501,7097,7431,4716,2232,2340,5622,377,2718,3517,3152,3251,2841,2763,6521,3821,7700,4755,1043,7438,7077,6887,4537,1529,7450,7390,1419,3049,219,7438,5154,5098,2758,2625,2890,3430,10535,659,7626,4222,6277,5422,2809,2577,2658,4404,5933,1943,1732,2512,7626,7700,2478,6935,1938,7588,943,4672,2743,2177,1502,2658,2866,1271,2625,6910,2448,2373,497,1893,4476,7121,5555,2915,2417,4010,1749,2843,5287,6865,1963,4895,1337,7247,2462,5725,7450,893,4793,235,5873,311,5280,2774,5873,1743,498,2378,2599,5235,1643,3424,2311,1593,3954,2435,3117,2553,2186,5421,2544,2146,5110,4825,4795,2068,2816,2613,7588,7377,1971,1976,2410,6955,2910,1897,173,7438,3038,2194,5984,1644,7700,7389,3870,4108,5437
4533,5439,853,1523,5070,4395,1540,6269,6071,6136,6554,4066,7552,2114,6504,4011,2703,3389,6855,6085,5213,6113,5522,4053,7470,6223,1816,2589,2076,9765,5003,1789,4391,3806,1568,4405,2208,5941,4036,4558,3014,4348,3873,6025,2466,2994,7855,5219,3449,1571,6497,5541,4921,3911,7855,5049,2539,4819,1991,7548,1689,1465,1746,3861,7855,4397,4075,1887,4463,2100,2628,5666,1030,1970,7855,3394,5533,3777,6139,5925,1182,2292,5997,1871,1970,1264,3097,1336,5807,1296,6323,6054,1548,0,7785,1535,536,7855,1929,7859,4203,3846,6177,3913,2369,4062,5758,2409,1686,4500,3030,4257,2082,2836,6255,6358,4875,1151,1267,7013,1925,1645,2469,2071,4777,1768,2082,6944,3980,7859,4914,2426,7855,6235,6045,4696,1562,7609,6316,1126,2009,1329,7855,5313,5257,2019,3981,2208,2357,9765,1521,7785,5771,6700,5839,4200,4103,1577,3722,4860,2605,1206,3867,7785,7859,1796,6093,856,6746,1643,3599,1662,1096,2161,1585,1818,795,3263,6068,1375,1300,1875,812,3403,6048,4482,1842,3612,2937,676,4162,5446,6023,2622,5054,607,6406,1389,5884,7609,1558,3720,1783,4800,2061,5439,1701,4800,2402,1198,3288,1526,4162,2302,2384,2657,512,3272,3827,4643,3908,1737,5838,2970,808,5268,3752,3722,3524,1743,3395,6746,6304,1522,895,3936,6113,2228,3168,2430,7855,3196,3649,6041,3192,7859,7548,4029,3035,4363
4365,4792,4455,4083,3024,2415,4959,5368,5171,5236,5653,11009,8258,7870,5604,10747,8978,8900,5955,11388,4565,5212,10989,10996,6574,4443,4528,3562,7779,1208,5967,9592,3294,5884,6070,9959,3644,4162,5891,4175,4889,8013,3509,5124,4266,3211,6954,4572,2475,5247,5596,4640,3355,5971,6954,6494,7376,3763,7736,8253,7434,5966,9571,5939,6954,3497,7739,7463,3365,4813,9836,4765,3981,4682,6954,8609,5884,4662,5239,5024,4568,8943,5096,4744,3697,4151,3905,4819,4907,5796,4276,5154,7293,5125,0,4911,4532,6954,4850,7994,6281,8777,4130,4773,7476,9437,4438,4246,5090,3402,8716,7921,7827,3118,5354,4578,6510,5256,4630,5419,7670,4357,5855,5508,11237,4641,3919,6043,6058,7994,4267,6488,6954,5334,5145,6331,4954,8315,4537,5030,9389,7286,6954,4666,4610,3856,10924,4045,4157,1208,5810,7920,11073,5799,4938,7865,9479,4956,2748,2813,9532,4851,10390,7920,7994,3862,5193,4517,5846,5583,2781,5041,4166,9173,4145,5204,5297,5110,5168,3972,4924,5552,4393,4287,4269,2502,4554,9319,4312,4352,7904,4799,5122,9830,4407,4758,5505,4438,6235,8315,5392,4605,7370,2820,6982,4792,4261,2820,9469,5698,9275,4777,2182,9511,9311,4716,5014,2713,7491,11249,10852,6239,4937,5030,4145,4621,3503,2598,8966,4303,9511,5846,4525,6024,4368,9312,5212,4065,8854,8258,6954,4897,9091,5140,8545,7994,8253,6107,3668,5170
5797,6703,1344,1102,4465,3979,1211,7557,7359,7424,7842,4184,10032,2233,7792,4129,2693,3507,8143,7365,6476,7400,5641,4171,7666,5714,3080,3852,3354,9962,6232,1908,3786,5069,1668,4395,2622,5433,5300,3953,2598,5612,5697,7313,2050,4258,9143,6483,4713,2835,7785,6828,4413,5175,9143,6279,3803,4311,2172,10028,2453,744,1849,5124,9143,5685,5339,3165,3858,3364,2747,6954,1568,3234,9143,3512,6762,3163,7427,7213,2156,2410,7285,1589,2674,1343,4196,919,7095,1758,5480,7342,2826,1438,9012,0,1822,9143,1369,9086,5467,3964,5334,3405,3633,4180,5249,3673,2950,3895,3020,5521,2263,4100,7542,5849,6105,1356,2530,8277,2537,2908,1455,1550,4895,1754,3135,8232,5243,9086,6178,3690,9143,7522,7333,5926,2825,10089,5808,2715,2000,2607,9143,6577,6521,3283,4099,3272,1941,9962,2799,9012,7050,7987,7127,5464,4221,1019,4986,4255,2595,2470,3985,9012,9086,3060,7381,1192,8034,2921,3183,936,1175,2280,1145,804,2081,4526,7356,1424,2563,2777,1147,2789,5540,4066,3105,3730,2474,1940,5318,6710,7311,2740,6318,1893,7693,2653,7114,10089,2821,3107,3060,4384,3325,6703,1280,4384,2469,2475,3406,1891,3747,2421,2374,4212,1326,4270,5090,4762,4027,1269,7125,4444,1732,6532,3608,3306,3642,1322,3513,8034,5796,1054,974,4055,7400,2946,2998,2767,9143,4518,3768,7329,4136,9086,10028,5293,2619,3855
4348,5254,317,943,4381,3847,960,7058,6861,5951,7343,4261,7367,2309,7293,4206,2903,3584,6670,6611,5027,5927,5718,4248,6932,5675,1631,2404,2271,9228,4817,1985,3702,3620,1768,4605,2022,5393,3851,4228,2466,4163,3688,5840,1918,2809,8644,5034,3264,1386,7286,5355,4373,3726,8644,4864,2355,4271,2187,7362,1885,1665,1941,3675,8644,4212,3890,2082,3774,1915,2823,5481,523,1785,8644,3589,5347,3079,5954,5740,808,2487,5812,1323,1785,448,2911,1193,6596,1312,5441,5869,1743,824,8278,1735,0,8644,1787,8352,4018,4000,5295,3366,2184,4257,5210,2224,1501,3811,3230,4072,2278,2651,6069,5810,4690,1008,1082,6828,2120,1459,2669,1928,4972,1220,1897,6759,3794,8352,4729,2241,8644,6050,5860,4511,1377,7424,5769,940,2209,1524,8644,5128,5072,1834,4176,2023,1809,9228,1949,8278,6296,6515,6628,4015,4298,1434,3537,4171,2805,1021,4062,8278,8352,1611,5908,332,6561,1722,3051,1519,441,2357,1004,2018,990,3077,5883,451,1115,1691,383,2705,5500,3934,1656,3807,2389,491,4162,5261,5838,2817,4869,633,6220,1204,5699,7424,1373,3022,1978,4252,1876,5254,1120,4252,2597,1393,3483,945,3615,2498,2584,2471,712,3087,3642,4839,4104,1937,6627,2784,302,5083,3204,3174,3719,1162,3590,6561,5756,1722,753,4132,5927,2043,3368,2963,8644,3011,3845,5856,3768,8352,7362,3844,2487,3816
3151,5913,7917,8120,7111,6502,9046,2012,3706,4656,1832,11274,6994,10181,1765,11012,9243,9164,6294,11653,5687,4596,10378,11260,7840,8530,6884,5917,8043,10135,4081,9856,7381,4945,8977,10223,7238,8249,4969,8262,8282,8277,4741,4509,8353,4976,0,5693,4853,6654,4332,4980,7442,5306,0,4608,7641,7850,10157,6989,8743,8874,9835,5000,0,4855,8004,8357,7452,7168,10101,5105,8017,7037,0,8873,3998,8749,4659,5364,7766,9207,5436,8831,7001,8187,5398,8906,3442,7840,8363,5493,8350,8033,7226,8945,7600,0,8937,7300,5094,9042,8217,8860,7740,9702,8525,5716,6676,7489,8980,8186,10248,5169,5694,8665,4624,9343,6985,4456,8636,6712,11076,9595,10981,8728,5746,4157,5083,7300,5409,6352,0,5674,4565,4445,7309,7051,8624,7385,9654,7238,0,5784,5731,5655,11188,6400,8244,10135,7217,7226,11338,3913,2910,8129,9743,9043,5127,6900,9796,7206,10654,7226,7300,6217,4577,7931,6185,6990,6868,9128,8202,9437,8181,9227,8204,5751,5508,8008,7279,6959,7982,8374,8356,6589,6909,9583,8399,7260,8168,5920,5462,10095,5528,7666,5845,6793,4349,7051,6646,8692,8453,6907,8291,5913,8297,6907,9734,7426,9540,8865,6269,9775,9576,5393,7921,5068,7756,11513,11116,8461,3472,5670,7656,5742,7590,6685,9230,8339,9775,6185,8612,8932,8404,9576,4596,6420,9119,8523,0,4788,9356,4035,8810,7300,6989,5296,7755,9257
5808,6714,1927,1464,3134,3736,1349,7430,7233,7298,7715,6221,9906,4086,7666,6166,3971,5513,8017,7943,6488,7274,7194,6208,7540,4422,2964,3736,4048,9836,5917,3761,2455,4953,3541,5673,2416,4140,5184,2622,2018,5496,5571,7186,1327,4142,9016,6494,4597,2719,7658,6702,3120,5058,9016,5964,3687,2721,3963,9901,3661,2732,3837,5008,9016,5559,5222,3859,2527,3248,4600,6827,1452,3118,9016,5221,6447,1832,7301,7086,2040,4264,7158,952,2468,1623,4080,690,6969,3085,4387,7216,3520,2597,8886,1487,2004,9016,0,8960,5351,5332,4241,2112,3517,5992,3957,3557,2833,2564,4298,5405,4054,3984,7416,4557,5790,1127,2414,8161,3897,2792,2801,136,6708,1031,2820,8105,5127,8960,6189,3574,9016,7396,7207,5611,2709,9963,4515,2599,3277,3301,9016,6588,6532,3167,6136,2957,1218,9836,3281,8886,7628,7861,7000,5348,6034,485,4870,2924,3873,2354,6022,8886,8960,2944,7255,1561,7908,3055,2460,685,1544,4133,1605,2149,2768,4410,7230,1444,2447,3023,1516,1458,4247,3823,2989,5736,1142,1824,5310,6721,7184,4594,6329,2230,7567,2536,6798,9963,2705,1775,3597,4141,3209,6714,1066,4141,4374,3170,5888,1168,3504,4274,3652,4096,2485,4143,4974,6574,6064,3257,6999,4328,1616,6543,2277,2583,5579,983,6124,7908,4503,3042,1343,5867,7274,2740,4436,4296,9016,4203,5704,7202,5100,8960,9901,5177,1896,2562
4981,3768,7835,8193,7133,6524,9069,5858,5595,4468,6143,11625,2938,8486,6093,11363,9594,9516,4845,12004,3541,5712,11605,11612,3022,8553,6802,5965,8395,5318,6450,10208,7404,6080,10870,10575,7156,8271,6087,8285,8998,8629,4125,5624,8376,5165,7444,3548,5007,6871,6021,3997,7465,6441,7444,6866,7992,7873,8352,2934,8050,11516,10187,6135,7444,4113,8355,8709,7475,7086,10452,3946,8090,6955,7444,9224,6367,8771,4470,3612,7684,9559,3986,8853,6919,8261,5615,8929,5331,8057,8386,3785,7909,7951,431,9021,7518,7444,8960,0,6231,9393,8240,8883,8092,10053,8547,5932,6893,7512,9332,8537,8443,5357,4244,8688,6692,9365,6903,6035,8285,6630,11427,9618,11332,8750,5963,6527,6254,0,3264,7104,7444,4224,4377,6513,7227,2995,8647,7388,10005,7902,7444,3638,3586,5861,11540,6318,8267,5318,7433,431,11689,6282,5428,8481,10094,9066,5280,6923,10148,7124,11006,431,0,6024,5692,8626,4736,7207,6890,9151,8275,9788,8254,9314,8057,6004,3469,8082,7197,7175,8503,8397,8378,6611,6827,9935,8422,7178,8520,3774,3753,10446,3382,7584,4395,6711,6718,2995,6862,8714,7985,6929,7598,3768,9233,6929,10085,8180,9891,8887,6292,10127,9927,5610,7839,6823,8107,11865,11467,11378,5361,5923,7574,3597,7613,6708,9582,9275,10127,4736,8634,11164,8478,9928,5712,6338,9470,8874,7444,5790,9707,4372,9161,0,2934,6303,7778,9280
2041,3847,4176,4567,8230,7621,4584,4574,5032,4672,4859,6458,5960,4585,4809,6403,5160,5749,5391,8237,3620,4648,7838,6444,6806,9650,3619,3006,4563,9102,1249,4260,6170,473,5237,7259,3498,9368,270,6134,4737,4862,2281,4561,5100,2836,6160,3627,3866,3213,5458,4076,8562,1484,6160,1295,4225,6234,4457,5955,4155,5134,4848,656,6160,2395,4588,4184,6241,3903,5099,4202,4464,3773,6160,5458,1779,5556,4675,4461,4025,4763,4533,4714,3260,4634,2939,5286,4768,4398,9483,4590,4014,4293,6192,5204,3860,6160,5684,6266,0,5626,9337,5848,4001,6287,9644,2298,3234,6278,4990,4771,4548,2954,4790,9785,1121,5101,3720,3553,4390,3448,6138,5822,7002,4611,2509,3450,156,6266,3322,2911,6160,4771,4581,942,4045,6017,9743,3729,5678,3796,6160,3721,3665,2203,6372,2660,4991,9102,3775,6192,7922,2710,4144,4714,6328,5790,4139,8019,5072,3942,6258,6192,6266,2365,4629,4525,5282,3548,5014,5874,4649,4632,4628,5487,4399,1929,4604,4455,3539,3517,4242,5182,9475,7708,3645,6168,5199,3520,4860,3854,4559,5092,3462,3926,4941,3529,2130,6017,3204,5499,4091,8026,3703,3847,4744,8026,4872,3985,6125,4569,7388,4773,6053,1789,4181,3690,4340,6868,6300,5019,4799,1848,3916,3676,5168,5138,5815,4786,6360,5282,9731,5101,4851,6161,4648,2680,5026,4780,6160,1218,5941,5362,5394,6266,5955,427,4536,4924
5306,6992,4118,4309,8970,8361,4326,6309,6111,7435,6594,2145,9104,2697,6544,2090,3796,952,8154,3401,6765,7411,2280,1867,9950,10390,4040,4810,1466,12246,4965,2439,6988,3768,4002,2947,4429,10108,3998,7155,5610,3076,5243,7324,5251,4911,7895,6772,6713,3251,6537,6839,9302,3944,7895,5012,1797,7254,2377,9100,2367,3899,3041,3823,7895,5357,2802,1780,7059,3011,2057,6965,4169,3197,7895,676,5495,6374,7438,7224,3967,3761,7296,4656,4192,4339,5014,5028,5847,3341,10223,7353,1773,3739,9337,3977,3802,7895,5165,9411,4166,0,10077,6699,1897,1010,10385,3956,2734,7096,3534,2984,2492,5058,7553,10525,4838,4843,4141,6079,2128,3868,4911,5303,1725,4553,4304,6978,3942,9411,6466,2860,7895,7534,7344,4659,3242,9161,10484,3131,4207,1992,7895,6865,6810,4241,2060,4430,5142,12246,2594,9337,3086,6733,5879,2928,1051,5271,6986,8760,4350,3445,1946,9337,9411,4018,7392,4467,8045,2715,6195,5355,4391,2811,4370,4260,3043,4154,7367,4160,4085,2270,4185,6000,10216,7079,4065,891,5723,3461,1166,6998,7322,2105,6606,3867,7704,3949,5846,9161,2605,6317,1876,7397,2447,6992,4486,7397,3091,2270,1812,4311,6759,2331,4129,3840,4123,5494,2554,1591,1988,3580,5877,4072,3858,6821,6349,6319,1087,4528,2048,8045,10471,3365,4506,884,7411,4494,3672,1945,7895,4566,1212,6440,172,9411,9100,3991,5632,7149
5118,5545,4998,4535,2496,1969,4421,6121,5924,5989,6406,10361,8579,7096,6356,11500,9731,8371,6708,12141,5318,5965,11742,10348,6213,1633,5027,4315,7150,8508,6720,6771,1584,6637,6613,10712,4368,1351,7608,1198,3179,8766,4262,5877,3861,3964,7707,5325,3227,5790,6349,5393,378,6724,7707,7247,8129,786,7036,8574,6733,5608,6713,6692,7707,4250,8492,6761,1656,5311,7610,5518,4524,5181,7707,9361,6637,2213,5991,5777,5111,9696,5849,4205,4420,4694,4658,4281,5659,6156,127,5906,6592,5669,7559,5080,5075,7707,4049,7633,7733,9530,0,1796,6588,10190,1512,4999,5905,1693,9469,8674,7126,3871,6107,1768,7263,4718,5128,6172,6968,4855,6319,3799,11469,4102,4339,6796,6811,7633,5020,7241,7707,6087,5898,7084,5452,8636,1727,5670,6911,6373,7707,5419,5363,4635,10276,4476,3752,8508,6353,7559,11826,6552,5691,8618,10232,4051,3501,2285,7507,5425,11143,7559,7633,4615,5946,5118,6599,6126,2115,4503,4698,7144,4677,5504,5840,5863,5921,4515,5519,6095,4936,2578,1459,2056,5052,8594,2603,4895,8764,5552,5875,7604,5160,5301,6258,4936,6988,8636,5777,2030,6668,2374,6280,5545,4585,2374,7333,6241,8270,4239,1736,7285,7286,5469,5557,3466,8244,12002,10204,6133,5690,5782,4688,5374,2119,2130,9719,4627,8377,6599,1714,5918,4900,10065,5965,4818,9607,7367,7707,5650,9844,5893,9298,7633,8574,6860,3424,2193
5995,6795,2931,2468,2244,2846,2354,6999,6801,6866,7284,7226,9456,5091,7234,7171,5538,6365,7585,8892,6569,6842,8493,7212,7090,2871,2984,3588,5083,9386,7597,4766,1565,4805,4545,7240,2325,2589,5036,1424,1137,5517,5139,6755,1819,3994,8585,6575,4105,3723,7227,6270,1570,4911,8585,5847,4691,1467,4968,9451,4666,3541,4646,4860,8585,5127,5243,4863,1636,3268,5605,6396,2457,3138,8585,6226,7514,417,6869,6655,3044,5268,6727,2138,2377,2627,3932,2214,6537,4089,2637,6784,4525,3601,8436,3013,3008,8585,1982,8510,5203,6281,2491,0,4521,6941,2415,3409,3838,1673,5865,5425,5059,3836,6984,3006,5875,2650,3085,7049,4901,2813,4320,1731,7656,2035,2905,7674,4979,8510,6270,3854,8585,6965,6775,5696,3410,9513,2965,3603,4844,4305,8585,6669,6613,3202,7140,3042,1710,9386,4286,8436,8577,7429,6569,5369,6982,1984,4378,2033,5440,3358,7026,8436,8510,3025,6823,3050,7476,4059,2096,2435,2631,5138,2610,3669,3773,4050,6798,2448,3452,4027,2869,537,2696,2933,3010,6588,535,2828,5408,6802,6753,5598,6410,3234,7135,2894,7866,9513,3710,234,4601,3251,4213,6795,2518,3251,5378,4174,6264,2172,2614,5279,5219,3656,3490,4344,4995,7523,7068,4066,6567,3969,2621,6625,1387,2040,6583,2560,6371,7476,2952,3851,2833,6816,6842,2650,6003,5300,8585,4288,6709,6771,6049,8510,9451,5029,1183,1012
4845,5279,2409,2600,6147,5471,2617,5848,5651,6975,6133,2893,7392,1627,6084,2838,2808,2184,7694,4614,5052,6951,3866,2879,8238,7299,2893,3267,598,10533,4560,1772,5468,3363,3470,3694,2886,7017,3593,5634,4090,2670,3713,6863,3542,3381,7435,5059,4127,1542,6077,6379,5998,3750,7435,4404,358,5733,1493,7387,1191,3367,2231,3418,7435,3827,2397,649,5539,1302,1902,6504,2460,1488,7435,1893,5090,4854,6978,6763,2258,2275,6835,2947,2648,2630,3484,3319,5387,2091,7399,6893,642,2526,7624,3437,2093,7435,3456,7698,3760,2003,7253,4990,0,2664,6843,2412,1025,5576,2356,2579,1584,3500,7093,7434,4432,3134,2343,5618,928,2721,4371,3594,3379,2844,2760,6517,3537,7698,4754,1039,7435,7073,6884,4253,1533,7449,7393,1422,3911,861,7435,5152,5097,2697,2807,2887,3433,10533,1301,7624,4299,6273,5418,2522,2705,3562,4400,5936,2585,1736,2693,7624,7698,2474,6932,2758,7585,1585,4675,3646,2682,2144,2661,3720,2092,2624,6907,2451,2376,1140,2713,4479,7125,5558,2918,2545,4014,1752,1981,5286,6861,1896,4894,2158,7244,2465,5441,7449,896,4797,745,5876,738,5279,2777,5876,2385,1140,2560,2602,5239,1576,3141,2310,2414,3951,2148,3245,2735,2828,5417,2542,2149,5108,4828,4798,2250,2819,2795,7585,7380,2613,2797,2538,6951,2906,2392,815,7435,3036,2376,6879,1771,7698,7387,3586,4111,5440
6161,7847,4387,4448,9826,7847,4556,7164,6966,8291,7449,2596,10054,2644,7399,2138,3084,858,9010,4256,7620,8267,2500,1385,10900,11245,4895,5666,2343,13195,5820,2386,7843,4623,4360,2234,5285,10964,4854,8010,6466,3931,6098,8179,6107,5767,8750,7627,7569,3307,7392,7695,10158,4800,8750,5665,2653,8109,2349,10049,2314,5005,3676,4678,8750,6212,3657,2657,7915,3866,2026,7820,5024,5049,8750,936,6350,7229,8293,8079,4822,3048,8151,5512,5047,4689,5870,4870,6702,3289,11078,8208,2650,3686,10286,3925,4071,8750,6020,10360,5021,855,10932,7522,2752,0,11240,4811,3589,7952,2821,3839,2440,5913,8409,11380,5693,4685,4996,6934,2076,4723,4917,6158,941,5408,5159,7833,4797,10360,7322,3715,8750,8389,8200,5514,4097,10111,11339,3986,3495,2869,8750,7720,7665,5096,2511,5285,5997,13195,3254,10286,3941,7589,6734,3783,41,4944,7842,9615,3637,4300,1977,10286,10360,4873,8247,4391,8900,3376,7051,4861,4521,3278,5225,4207,3493,5009,8223,5016,4941,3147,4346,6855,11071,7934,4921,650,6873,4317,2264,7854,8177,2019,7462,3766,8560,4804,6702,10111,3461,7172,2753,8252,2961,7847,4626,8252,3575,2931,1781,5166,7614,2278,3417,4695,3574,6349,3409,807,2438,3527,6733,4927,4343,7676,7204,7174,605,4668,2016,8900,11327,3312,4320,296,8267,5349,2960,2822,8750,5422,731,7296,1027,10360,10049,4847,6487,7347
5907,6334,5787,5325,3285,2758,5210,6911,6713,6778,7195,9838,9368,7886,7146,12290,10521,9160,7497,12931,6108,6754,12531,9824,7002,2422,5816,5104,7939,9298,7509,7561,2374,7426,7402,11501,5157,2141,8398,1705,3968,9555,5051,6666,4651,4753,8497,6114,4017,6579,7139,6182,1167,7513,8497,8036,8918,1293,7825,9363,7522,6398,7503,7481,8497,5039,9282,7551,2445,6100,8400,6308,5313,5970,8497,9082,7426,3002,6781,6567,5901,10485,6639,4995,5209,5484,5448,5070,6449,6946,916,6696,7381,6458,8348,5869,5865,8497,4838,8422,8523,10320,770,2585,7377,10980,0,5788,6694,1568,10258,9464,7916,4660,6896,1722,8052,5507,5917,6961,7757,5645,7108,4588,12259,4892,5128,7586,7600,8422,5809,8030,8497,6876,6687,7873,6242,9425,2219,6459,7701,7162,8497,6208,6152,5424,9752,5265,4542,9298,7142,8348,12616,7341,6481,9407,11021,4841,4290,3075,8296,6214,11932,8348,8422,5404,6735,5907,7388,6915,3102,5292,5487,7933,5466,6294,6629,6653,6710,5304,6308,6884,5726,3367,2248,2845,5842,9383,3392,5685,9554,6341,6665,8393,5949,6090,7047,5725,7777,9425,6566,3684,7458,3163,7070,6334,5374,3163,8122,7031,9059,5029,2525,8074,8076,6259,6346,4255,9033,12791,9680,6922,6479,6572,5477,6164,2908,2919,9295,5416,9166,7388,2504,6708,5689,10854,6754,5607,10397,8157,8497,6439,9421,6683,10088,8422,9363,7649,3989,2982
2391,3297,2887,3078,4269,3731,3095,3837,4181,3742,4122,4628,5410,2756,4072,4573,3331,3920,4461,6408,3070,3718,6009,4615,6256,5689,1329,1349,2799,8551,2860,2431,3888,1663,3948,5430,1815,5407,1894,4055,2996,3033,1731,3631,3061,1399,5423,3077,2209,1383,4606,3147,4601,1769,5423,2705,2396,4154,2628,5405,2326,3845,3019,1718,5423,1845,2759,2354,3959,1666,3270,3272,2938,1483,5423,3628,3390,3759,3745,3531,2736,2933,3603,3425,1577,3109,1502,3797,3916,2625,5522,3660,2185,3004,5642,3915,2571,5423,3934,5716,2061,3797,5376,4052,2181,4457,5683,0,1405,3995,3161,2941,2719,1518,3861,5824,2733,3612,1430,3902,2561,1157,4849,4072,5173,3322,1045,5062,1837,5716,2772,1081,5423,3841,3651,2554,2011,5467,5783,1900,4390,1967,5423,3171,3115,748,4543,1205,2952,8551,1946,5642,6093,4322,3407,2885,4499,4040,2482,4059,3243,1651,4429,5642,5716,499,3699,3237,4352,1719,2934,4125,3160,2803,3139,4198,2570,908,3674,2929,1724,1688,3192,3385,5514,3818,1354,4143,3403,2231,3031,3304,3629,3263,2912,2637,4011,1238,3742,5467,1375,3702,2261,4136,1873,3297,3255,4136,3043,2155,4295,3080,3498,2944,4764,514,2892,2032,2511,5039,4471,3190,3947,827,2627,3126,3088,3058,3986,3297,4531,4352,5770,3272,3275,4332,3718,894,3197,2960,5423,1054,4111,3647,3565,5716,5405,1887,3072,3460
3728,4633,1502,1692,5239,4564,1709,5827,5629,5079,6112,3729,6746,1606,6062,3674,3697,3021,5798,5451,4407,5055,4702,3716,7639,6392,1226,2758,1586,9934,4197,1269,4560,3000,2562,4531,2377,6110,3230,4727,3182,2932,3067,4967,2635,2736,7413,4413,3618,227,6055,4483,5090,3105,7413,4041,1195,4826,1472,6742,1170,2459,1633,3055,7413,3182,2658,1198,4631,277,2108,4608,1552,463,7413,2729,4727,3946,5082,4867,1351,1772,4939,2040,2139,1723,2839,2411,5365,1183,6492,4997,1029,1618,6979,2530,1185,7413,2548,7053,3397,2840,6346,4082,1025,3500,5927,2578,0,4668,1999,2841,1563,2854,5197,6527,4069,2227,1436,5597,1405,1814,3463,2687,4216,1937,2251,6496,3174,7053,4108,1082,7413,5177,4988,3890,625,6803,6485,514,3004,810,7413,4507,4452,2188,3644,2377,2526,9934,789,6979,5136,6252,5397,2784,3542,2654,3891,5028,2082,828,3530,6979,7053,1965,5036,1851,5689,563,3767,2737,1775,1641,1753,2812,1184,1979,5011,1544,1469,531,1806,3572,6217,4651,2011,3244,3106,845,2818,4640,4965,2102,4248,1251,5348,1558,5078,6803,213,3889,1105,4969,717,4633,1870,4969,1882,1086,3396,1694,4331,1782,3379,1664,1506,3441,2410,4082,3572,1805,5396,1897,1241,4463,3921,3891,3087,1912,3632,5689,6473,2517,1890,3375,5055,2397,2371,1804,7413,2391,3212,5959,2608,7053,6742,3223,3204,4532
4869,5296,3853,3390,1118,1720,3276,5872,5675,5740,6157,8147,8330,6012,6108,8092,6460,7287,6459,9789,5070,5716,9390,8134,5964,2012,3881,4066,6004,8260,6471,5687,108,5693,5467,10463,3222,1731,5558,741,2034,6414,4013,5628,2716,3715,7458,5076,2979,4645,6100,5144,1450,5798,7458,6998,5613,329,5890,8325,5587,4463,5568,5748,7458,4001,6140,5616,221,4165,6526,5269,3378,4035,7458,7147,6388,1806,5743,5528,3966,6190,5600,3060,3274,3549,3621,3136,5411,5011,1778,5658,5446,4523,7310,3935,3930,7458,2904,7384,6090,7178,1632,1627,5443,7838,1568,4102,4760,0,9220,6322,5980,3622,5858,2147,7014,3572,3982,5923,5823,3710,5242,2653,8553,2957,3193,6547,5867,7384,4771,4751,7458,5838,5649,6835,4307,8387,2106,4525,5766,5227,7458,5170,5114,3490,8062,3330,2607,8260,5207,7310,9474,6303,5442,6266,7879,2906,3252,907,6361,4280,7948,7310,7384,3718,5697,3972,6350,4981,969,3357,3552,6059,3531,4359,4694,4938,5672,3370,4374,4949,3791,1432,1838,1807,3907,7510,1457,3750,6305,5303,5626,6520,4911,4156,6009,3791,6739,8387,4631,1750,5523,2125,5135,5296,3439,2125,6300,5096,7186,3094,1487,6201,6141,4544,4411,3217,5892,11753,7990,4987,5441,4857,3542,5125,974,914,7505,3481,7293,6350,2094,4773,3755,7713,5716,3583,9358,6222,7458,4576,7630,5644,6946,7384,8325,5916,1983,2024
6377,8063,3124,3078,7065,6650,3186,7381,7183,8507,7666,2877,10270,925,7616,2822,1113,2200,9226,5941,7837,8483,4543,2864,11116,8254,4072,5018,2060,13412,7973,1075,6385,4829,1738,1983,4463,7972,5060,6807,5269,4661,4897,8395,4721,4565,8967,7843,7785,2056,7609,7911,6952,4934,8967,5871,3024,6850,1376,10266,1165,2383,1054,4884,8967,5011,4388,1871,6457,2481,1439,8037,3301,2667,8967,2205,7890,5762,8510,8296,3437,227,8368,3556,4226,3319,4668,3383,6919,2008,8019,8425,1532,2423,10503,2644,2808,8967,3933,10577,5227,2657,7873,5944,2854,2873,7798,4035,2204,6494,0,4570,1467,4684,8625,8389,5899,3198,3522,7150,1249,3900,2295,4072,2740,3555,4337,8050,5003,10577,7538,2911,8967,8605,8416,5720,2712,10327,8347,2601,873,1811,8967,7937,7881,3940,2792,4464,4612,13412,2003,10503,5626,7805,6951,4513,2914,3624,8058,6854,1015,2915,2678,10503,10577,4052,8464,3128,9117,2125,5854,3580,3151,457,3121,2242,2168,3808,8439,3400,3555,1981,3083,5388,8079,6737,4097,2423,5073,2932,4660,8070,8394,1433,7678,2878,8776,3644,8241,10327,2076,5706,1767,7056,1617,8063,3255,7056,953,1680,2099,3366,6418,1114,795,3493,2311,5528,4140,3273,2720,2246,6949,3726,3080,7893,6207,5978,2335,3297,2206,9117,8335,2031,2950,2748,8483,4528,138,1479,8967,4220,2460,7512,2829,10577,10266,5052,5290,6394
2569,4374,4843,5242,6735,6126,5258,4014,4358,5199,4299,6559,6487,3986,4249,6504,5341,5851,5919,8339,4148,5176,7940,6546,7333,8154,3783,3816,3967,9629,2669,4440,6732,1472,5904,7360,4173,7873,1702,6898,5354,779,2808,5088,5420,3363,5600,4154,4477,3393,4784,4604,7066,1648,5600,2513,4327,6998,3852,6483,3550,5800,5028,1527,5600,2922,223,4019,6803,4067,5279,4729,5139,3937,5600,5559,3199,6118,5202,4988,4692,4943,5060,5580,3935,5309,3466,5961,4094,4579,7987,5117,3409,4959,6720,5871,4526,5600,6003,6794,1869,5728,7841,6410,3405,6388,8149,3699,3415,6840,8264,0,3943,3482,5318,8289,2541,5776,3884,4080,3785,3612,7013,6142,7103,5477,3814,4871,1646,6794,3849,3012,5600,5298,5108,2362,4209,6544,8248,3910,6345,3977,5600,4248,4192,3985,6474,4174,5311,9629,3956,6720,8024,4130,3584,52,6429,6110,4751,6524,5253,4106,6360,6720,6794,3761,5156,5192,5809,3729,5939,6194,5324,4812,5303,6362,4580,3426,5132,5130,4205,3698,4908,5744,7980,6213,3809,6269,5761,4186,4855,4381,5086,5273,3989,4592,5469,3693,3550,6544,3384,6061,3485,6531,3097,4374,5419,6531,5053,4165,6226,5244,5893,4954,6720,3583,4848,4499,4442,6970,6401,5200,4124,3345,4583,4204,6093,6063,5917,5461,6461,5809,8236,5281,5526,6263,5176,4238,4751,4184,5600,2715,6042,5104,5496,6794,6483,1695,5375,6838
4772,5678,2352,2413,6541,5866,2521,6955,6758,8082,7240,3578,7791,952,7190,3523,2133,2901,8801,5688,5452,8058,5034,3564,8637,7694,3287,4233,1679,10933,5242,351,5862,4045,1914,3241,3679,7412,4275,6029,4484,4060,4112,7970,3937,3781,8541,5458,4920,1271,7183,7486,6392,4150,8541,5086,2240,6290,502,7786,784,1811,1556,4100,8541,4226,3787,1490,5934,1696,2140,7611,2529,1882,8541,2906,5772,5248,8084,7870,2653,1457,7942,2891,3441,2654,3883,2835,6493,1253,7794,7999,1151,1651,8023,1889,2036,8541,3268,8098,4442,3026,7648,5384,2069,3573,7238,3250,1419,5971,1681,3969,0,3899,8200,7829,5114,2650,2738,6725,868,3116,2823,3570,4289,3239,3553,7624,4219,8098,5153,2126,8541,8180,7991,4935,1927,7848,7787,1816,2355,1027,8541,5552,5496,3156,3492,3679,3828,10933,1219,8023,5373,7380,6525,3912,3615,3076,5193,6330,2951,2130,3379,8023,8098,3267,8039,2355,8692,1341,5069,2825,2486,1326,2456,2172,1413,3023,8014,2735,2771,1197,2311,4874,7519,5953,3313,3123,4408,2147,4059,5685,7968,2134,5293,2106,8351,2860,6123,7848,1291,5191,1385,6271,1236,5678,2590,6271,1003,895,2799,2997,5633,1814,2730,2709,1539,4743,3539,4155,3420,1492,6524,2941,2307,5507,5223,5193,3036,2632,2906,8692,7775,1277,2285,3448,8058,3743,1717,1097,8541,3435,3161,7087,2794,8098,7786,4268,4506,5834
2367,2985,2877,3267,3346,3259,3284,4771,3713,3778,5056,5972,5098,4482,5006,5917,7520,5263,4497,7751,2759,3754,7352,5958,6145,4766,1844,877,4142,8441,4509,4158,3416,2599,3937,8501,2198,4484,2829,3583,3307,4376,1419,3666,3379,192,6357,2766,1090,2716,4138,3182,3678,2704,6357,3395,3739,3682,3961,5094,3659,3834,4113,2654,6357,1534,4103,3688,3488,2128,4996,3307,3164,1998,6357,4972,4426,4071,3781,3566,2726,7485,3638,3856,1961,3335,558,3932,3449,3664,4599,3696,3518,2993,5331,3905,2560,6357,3963,5405,2997,5140,4453,4434,3515,5801,4761,1561,2405,3524,7258,4285,4052,0,3896,4901,3423,4369,1945,3961,3894,1672,4838,4101,6516,3753,1234,4585,2773,5405,2460,2409,6357,3876,3687,3244,2269,5155,4860,2345,4379,3300,6357,2859,2804,1171,5886,1360,3270,8441,3279,5331,7436,4341,4341,4228,5842,4069,1364,3136,4974,2166,5772,5331,5405,1177,3735,3226,4388,3052,2463,4154,3349,4530,3328,4187,3164,1844,3710,3156,2239,3021,3181,3697,4592,3346,1869,5682,3722,2220,4267,2992,3664,4990,2600,2626,4047,1753,4777,5155,2708,4014,3594,3664,3207,2985,3445,3664,4770,3566,5639,3890,3027,4671,4754,1450,2882,914,3854,6382,5814,4106,3479,1763,2616,2815,2616,2586,5329,3487,5874,4388,4847,3892,3265,5675,3754,1380,7396,4294,6357,1630,5455,3682,4909,5405,5094,2822,2781,3649
3230,2938,6213,6574,5512,4903,6591,3268,2297,841,3553,8473,3573,6734,3503,9612,7843,7764,601,10253,2711,1563,9853,8459,4396,6932,5180,4213,6643,6691,3860,8457,5783,4328,9119,8823,5358,6650,4335,6919,6439,6877,2373,1476,6802,3414,4854,2718,3255,5119,2623,771,5844,4689,4854,4387,6241,6252,6601,3569,6299,9764,8435,4383,4854,2361,6604,6954,5854,5464,8701,645,6471,5334,4854,7473,3777,7258,843,980,6062,7807,258,7279,5121,6642,3864,7355,2049,6305,6765,1211,6157,6330,3782,7402,5896,4854,7386,3856,4726,7642,6619,7550,6340,8302,6926,4181,5141,5891,7580,6786,6692,3606,0,7067,4403,7109,5281,3538,6534,5009,9676,7524,10102,7176,4211,3937,4502,3856,2413,5352,4854,20,750,4224,5606,3630,7026,5636,8254,6150,4854,2811,2756,4120,8388,4697,6693,6691,5682,3782,9938,3692,2838,6729,8343,7492,3528,5302,8396,5503,9254,3782,3856,4272,1544,6227,492,5455,5799,7576,6657,8037,6636,7695,6306,4253,352,6463,5576,5424,6884,6884,6758,4990,5206,8183,6901,5556,6768,2945,1180,8695,2553,5962,522,5089,4128,3630,5111,7201,6234,5309,5846,2938,6752,5309,8334,5891,8140,6577,4671,8375,8176,3859,6218,3894,6356,10113,8315,9627,2079,4172,5953,2767,5953,5923,7830,6794,8375,492,7013,9412,6859,8176,1563,4716,7719,7119,4854,4039,7956,745,7410,3856,3569,4552,6204,6626
6313,6740,6193,5731,3691,3164,5616,7316,7119,7184,7601,10243,9774,8292,7552,12695,8800,9566,7903,13336,6514,7160,12937,10230,7408,849,6222,5510,8345,9704,7915,7967,2779,7813,7808,11907,5563,802,8803,2445,4374,9961,5457,7072,5056,5159,8902,6520,4423,6985,7544,6588,1626,7919,8902,8442,9324,2033,8231,9769,7928,6803,7908,7869,8902,5445,9687,8126,2851,6506,8806,6713,5719,6376,8902,10557,7832,3460,7187,6972,6306,10891,7044,5401,5615,5890,5853,5476,6855,7351,1593,7102,7787,6864,8754,6275,6270,8902,5244,8828,8211,10725,1447,3043,7783,11385,1722,6194,7100,2308,10664,9870,8322,5066,7302,0,8458,5913,6323,7367,8163,6050,7514,4994,12665,5297,5534,7991,7988,8828,6215,7092,8902,7282,7093,8279,6647,9831,1585,6540,8107,7568,8902,6614,6558,5804,10158,5671,4947,9704,7548,8754,13021,7747,6886,9813,11427,5246,4696,3481,8702,6620,10044,8754,8828,5810,7141,6255,7794,7321,3508,5446,5893,8339,5872,6700,7035,7059,7116,5710,6714,7290,6131,3773,909,3251,6248,9789,3798,6090,9852,6747,7070,8799,6355,6496,7453,6131,8183,9831,6972,3277,7863,3569,7475,6740,5780,3569,8528,7436,9465,5434,2931,8480,8481,6665,6752,4661,9439,13197,10086,7328,6885,6978,5883,6569,3314,3325,9701,5822,9572,7794,931,7113,6095,11260,7160,6013,10802,8562,8902,6845,9827,7088,10493,8828,9769,8037,4395,3440
2502,4307,5704,5332,7819,7210,5349,4163,4621,5132,4448,7197,6420,5324,4398,7142,8460,6488,5851,8976,4081,5512,8577,7183,7266,9238,4358,3749,4542,9562,837,4999,8089,1429,5976,9440,4117,8957,1055,6595,5197,5601,2741,5424,5560,3296,5749,4087,5562,3952,5047,4537,8151,2223,5749,174,4964,8558,5196,6416,4894,5873,5587,1917,5749,2855,5327,4594,8160,4642,5838,4662,5230,4512,5749,6197,1367,6016,5135,4921,4764,8424,4993,6037,3879,5400,3399,6113,4357,5137,9072,5050,4753,5032,6653,6160,4599,5749,6144,6727,1181,6365,8926,6308,3980,7026,9233,3013,3973,8197,8197,5510,5287,3415,5251,9373,0,5867,4459,4013,5130,4187,7104,6282,7741,5934,2970,3039,1169,6727,3782,3650,5749,5231,5041,531,4784,6477,9332,4468,6417,4535,5749,4181,4125,2878,7111,3399,5451,9562,4514,6653,8661,2299,3733,5453,7067,6250,5835,7608,5811,4681,6997,6653,6727,3104,5493,5835,5742,4288,5475,6335,5415,5371,5394,6453,5138,2668,5064,5221,4278,4256,5642,5642,9064,7297,4384,6907,5659,4259,5599,4314,5019,5831,3922,4665,5402,4268,915,6477,3943,5959,4830,7615,4442,4307,5510,7615,5611,4724,6864,5335,6977,5512,8792,2528,4920,5776,5079,7607,7039,5759,4388,2587,5394,4136,5628,5598,6554,5552,7099,5742,9320,5840,5617,6900,5512,3419,8336,4759,5749,1705,6680,4951,6133,6727,6416,1383,4962,5384
5770,6675,838,596,4117,3600,705,7051,6853,6918,7336,5166,9526,3215,7286,5111,3164,4489,7613,7553,6449,6894,6805,5153,7160,5428,2574,3347,2760,9456,6239,2890,3597,5042,2252,4866,2116,5147,5272,3982,2219,5106,5191,6807,1671,3752,8637,6456,4207,2329,7279,6322,4127,5147,8637,6083,3297,4025,3154,9522,2373,2014,2831,5097,8637,5179,4833,2571,3668,2858,3729,6448,1062,2728,8637,4831,7566,2983,6921,6707,1650,3718,6779,602,2168,837,3690,437,6589,1796,5194,6836,2232,1308,8507,982,1074,8637,990,8581,5439,4942,5048,3119,3127,5162,4963,3053,2444,3705,3491,5015,3245,3594,7036,5563,6111,0,2025,7771,2609,2402,1926,1171,5877,600,2629,7726,5216,8581,6150,3184,8637,7017,6827,5932,2320,9583,5522,1883,2470,2013,8637,6549,6494,2777,5081,2766,1562,9456,2892,8507,7238,7482,6621,4958,5203,678,4480,4065,3066,1964,4967,8507,8581,2554,6875,686,7528,2665,2804,762,669,3262,639,1274,1479,4021,6850,918,2058,2633,641,2609,5254,3687,2600,4712,2143,1434,4920,6682,6805,3722,6290,1840,7187,2147,7918,9583,2315,2926,3207,4005,2819,6675,774,4005,3451,1882,4388,884,3368,3403,2845,3706,1196,4030,4585,5744,5009,2251,6619,3939,1226,6505,2958,2928,4624,434,4495,7528,5510,2036,468,5037,6894,2440,3629,3906,8637,4433,4750,6823,4710,8581,9522,5265,2240,3569
3781,4687,1307,1498,4815,4140,1514,5639,5441,5506,5924,4754,6799,2618,5874,4699,3503,4045,6225,6493,4460,5482,6094,4740,7168,6235,585,1959,2611,9464,4250,2294,4136,3053,2368,3965,1577,5953,3283,4303,2758,3117,3779,5395,2440,2364,7225,4467,2819,1251,5867,4910,5147,3158,7225,4094,2481,4402,2496,6795,2194,2264,2249,3108,7225,3767,2844,2222,4207,869,3132,5036,1358,588,7225,3754,6154,3522,5509,5295,1156,2796,5367,1845,1340,1528,2302,2217,5177,1800,6068,5424,2052,1424,7032,2335,990,7225,2354,7106,3451,3882,5922,3888,2049,4542,6229,1779,1366,4244,3830,3026,2587,2206,5624,6370,4122,2032,0,5782,2429,273,3537,2492,5257,1742,1452,6314,3227,7106,4162,1455,7225,5605,5415,3944,601,6856,6328,694,2809,1833,7225,4560,4505,1389,4668,1578,2331,9464,1814,7032,6178,6069,5209,2969,4583,2460,3092,4604,3405,291,4554,7032,7106,1166,5463,1656,6116,1587,3343,2544,1580,2666,1559,2617,1595,2032,5438,1349,670,1555,1611,3148,6060,4227,365,4268,2911,650,3116,4693,5393,3126,4301,1056,5775,192,6506,6856,1238,3465,2129,4545,1741,4687,1675,4545,2906,1702,4421,1500,3907,2807,3184,1717,1312,2642,2596,5123,4596,2576,5207,1950,1047,4516,3497,3467,4111,1717,4656,6116,6316,2361,1695,4416,5482,1642,3384,2828,7225,2444,4237,5411,3650,7106,6795,3276,2780,4338
2770,1578,4365,4568,3559,2950,4584,3773,3551,2022,4058,9414,3691,6275,4008,9152,7383,7305,2741,9793,1351,1998,9394,9401,4537,4978,3332,2365,6184,6832,4687,7997,3829,3869,5425,8364,3542,4697,3876,4710,4513,6418,1914,1910,4585,2014,5359,1358,1301,4204,3977,1426,3890,4230,5359,5214,5781,4298,6141,3686,5839,5322,7976,3924,5359,1902,6144,6498,3900,3616,8241,1551,4415,3485,5359,7013,4604,5197,2024,1810,4214,7348,1882,5062,3305,4586,2709,5137,3287,5152,4811,1939,5698,4481,3923,5393,4048,5359,5168,3997,4267,7182,4665,5308,5881,7842,4973,3049,3893,3937,7121,6326,6232,1921,2140,5113,5230,5102,3433,0,6075,3160,6326,5307,9121,4959,2722,4764,4043,3997,1053,4893,5359,2120,1931,5051,3757,3748,5072,3833,7794,5691,5359,1451,1396,2659,9329,2848,4476,6832,4767,3923,9478,4520,3343,6270,7884,5275,1575,3348,7937,3633,8795,3923,3997,2665,1978,4379,2631,4540,3316,5359,4650,7578,4629,5675,4652,3914,1954,4407,3727,4509,4430,4822,4804,3037,3357,7724,4847,3708,6309,1585,1908,8235,1193,4114,2291,3241,4956,3748,4196,5140,5775,3355,5387,1578,4745,3355,7874,5054,7680,5096,2717,7916,7716,3520,4369,1516,5896,9654,9257,5594,3317,3833,4104,1407,4038,3133,7371,4787,9002,2631,5060,5380,4752,7717,1998,2868,7259,6663,5359,3700,7496,1926,6950,3997,3686,4092,3987,5705
5225,5773,2476,3089,6494,5960,3106,6228,6031,7355,6513,3146,7886,520,6464,3092,1702,2469,8074,4823,5546,7331,4603,3133,8731,7788,3381,4154,813,11027,5336,797,5815,4139,2360,2810,3377,7506,4369,5982,4579,3333,4207,7243,4031,3875,7814,5553,5014,1366,6457,6759,6487,4244,7814,5181,1596,6081,387,7881,352,2256,1124,4194,7814,4321,3060,604,5887,1791,1709,6884,2949,1977,7814,2067,5866,5343,7358,7143,2747,1374,7215,3436,3139,2834,3978,2906,5767,1699,7747,7273,377,2097,8118,2335,2320,7814,3945,8192,4537,2161,7601,5479,928,2821,7332,3345,1514,5924,1440,3242,478,3993,7473,7923,5209,2721,2832,5998,0,3210,3535,4083,3536,3333,3647,6897,4313,8192,5248,1419,7814,7453,7264,5030,2022,7943,7882,1911,2113,596,7814,5646,5591,3250,3061,3774,3922,11027,1313,8118,4508,6653,5798,3185,2862,3147,5288,6284,2256,2225,2947,8118,8192,3362,7312,2426,7965,1435,5164,3231,2666,895,3150,2618,1759,3118,7287,2940,2865,874,2381,4968,7614,6047,3407,2692,4503,2241,2899,5780,7241,1702,5388,1825,7624,2954,6217,7943,1385,5286,520,6365,688,5773,3266,6365,1449,990,2368,3091,5728,1184,2035,2803,2082,4838,2812,3403,2989,1938,5797,3036,2378,5602,5317,5287,2604,3308,2475,7965,7869,1723,2465,2696,7331,3838,1286,549,7814,3530,2730,6360,1929,8192,7881,4362,4600,5929
3508,4414,1510,1700,5018,4343,1717,5740,5542,5709,6025,4532,6527,2565,5975,4477,3706,3823,6428,6220,4187,5685,5821,4518,7371,6437,313,2161,2611,9667,3978,2233,4339,2780,2571,5333,1780,6156,3011,4505,2961,2845,2848,5597,2643,2517,7326,4194,3021,1185,5968,5113,5350,2886,7326,3822,2208,4605,2431,6522,2129,2467,2386,2836,7326,2962,2571,2597,4410,597,3071,5238,1560,466,7326,3532,4508,3725,5712,5498,1359,2735,5569,2048,1543,1731,2619,2420,5278,1937,6271,5627,1988,1626,6759,2538,1193,7326,2556,6833,3178,3609,6125,4091,1984,4269,6432,1982,874,4447,3294,2753,2522,2409,5827,6573,3850,2235,273,5510,2364,0,3740,2695,4985,1945,1654,6409,2955,6833,3889,1182,7326,5807,5618,3671,738,6584,6531,814,3012,1769,7326,4288,4232,1592,4446,1781,2534,9667,1748,6759,5905,6165,5310,2697,4311,2663,3295,4807,3607,494,4332,6759,6833,1369,5666,1859,6319,1521,3546,2747,1783,2605,1762,2820,1798,1759,5641,1552,872,1490,1814,3351,6263,4429,197,4151,3114,853,2843,4421,5596,3065,4029,1259,5978,81,4859,6584,1177,3668,2063,4748,1675,4414,1878,4748,2845,1839,4199,1703,4110,2746,3387,1445,1515,2845,2323,4851,4374,2778,5308,1677,1250,4243,3700,3670,3889,1920,4434,6319,6519,2564,1898,4144,5685,1845,3330,2763,7326,2171,4015,5613,3377,6833,6522,3004,2983,4540
5957,6862,1025,783,4938,4263,892,7238,7040,7105,7523,3855,9713,1903,7473,3800,2473,3178,7824,6918,6636,7081,5311,3841,7347,6090,2761,3534,3024,9643,6426,1578,4259,5229,1338,3250,2303,5809,5459,4425,2881,5293,5378,6994,2333,3939,8824,6642,4394,2516,7466,6509,4789,5334,8824,6270,3484,4525,1842,9709,2123,415,1520,5284,8824,5366,5020,2835,4330,3045,2417,6635,1249,2915,8824,3183,7753,3645,7108,6894,1837,2081,6966,1262,2355,1024,3877,1088,6776,1429,6191,7023,2496,1108,8693,796,1493,8824,1642,8768,5626,3635,6045,3781,3314,3850,5625,3240,2631,4367,2800,5202,1933,3781,7223,6225,6298,903,2212,7958,2208,2589,0,1823,4566,1260,2816,7913,5403,8768,6337,3371,8824,7204,7014,6119,2507,9770,6184,2070,1780,2277,8824,6736,6680,2964,3769,2953,2224,9643,2469,8693,6603,7669,6808,5145,3892,1329,4667,4727,2375,2151,3656,8693,8768,2741,7062,873,7715,2591,3466,1414,856,1950,826,444,1751,4207,7037,1105,2245,2820,828,3271,5916,4349,2786,3400,2805,1621,5107,6869,6992,2411,6477,1563,7374,2334,8105,9770,2502,3588,2731,4668,3006,6862,961,4668,2139,2146,3076,1071,4030,2091,2155,3893,996,3951,4772,4432,3697,939,6806,4126,1413,6692,3620,3590,3313,1003,3183,7715,6172,725,655,3725,7081,2627,2668,2437,8824,4620,3438,7010,3807,8768,9709,5452,2902,4231
6789,6778,1673,1655,3037,3639,1541,7792,7594,7659,8077,6412,9996,4180,8027,6357,3931,5455,8378,8134,6551,7636,7385,6399,7630,4325,3155,3928,4269,9925,8390,3855,2358,5144,3087,5633,2607,4043,5375,2525,1921,5687,5932,7548,1518,4333,9378,6558,4898,2910,8020,7064,3023,5250,9378,5953,3878,2921,4119,9991,3852,2849,3797,5199,9378,5920,5414,3881,2430,3439,4694,7189,1643,3309,9378,5412,8308,1735,7662,7448,2231,4358,7520,1096,2659,1814,4271,650,7330,2630,4091,7577,3711,2143,8976,1447,2195,9378,448,9050,5542,5523,3945,2016,3708,6128,3869,3748,3025,2467,4258,5596,4210,4175,7778,4460,5981,1086,2606,7842,4088,2983,2760,0,6843,1222,3011,8467,5318,9050,6253,3765,9378,7758,7568,5802,2901,10053,4419,2464,3237,3493,9378,6652,6596,3358,6327,3148,1409,9925,3472,8976,7819,8223,7362,5539,6169,445,5171,2827,3833,2545,6213,8976,9050,3135,7616,1521,8269,3246,2651,645,1504,4227,1749,2109,2314,4601,7591,1635,2639,3214,1476,1361,4150,3726,3180,5678,1045,2015,5501,6785,7546,4688,6393,2421,7929,2728,8659,10053,2896,1678,3788,4044,3400,6778,1210,4044,4417,3361,5354,1359,3407,4368,3612,4287,2031,4233,5165,6709,6255,3217,7361,4520,1807,6607,2180,2833,5770,1127,6315,8269,4406,3002,1303,6002,7636,2931,4396,4487,9378,4394,5895,7564,5291,9050,9991,5368,1967,2466
6895,8581,5305,5259,10559,8581,5367,7898,7700,9024,8183,2155,10693,3299,8133,1893,2643,1813,9743,4990,8354,9000,3233,2142,11539,11979,5629,6399,2826,13835,6554,3256,8577,5357,3919,1793,6018,11697,5588,8744,7199,4665,6832,8913,6840,6500,9484,8361,8302,4221,8126,8428,10891,5534,9484,6399,3386,8843,3239,10689,3229,4564,3235,5412,9484,6946,4391,3486,8648,4600,2973,8554,5758,5783,9484,1670,7084,7963,9027,8813,5556,2607,8885,6245,5781,5500,6603,5564,7436,4203,11812,8942,3479,4604,10926,4839,4989,9484,6754,11000,5755,1589,11666,8255,3486,1353,11974,5545,4323,8685,2380,4573,3354,6647,9142,12114,6427,5379,5730,7668,2990,5457,4476,6233,0,6142,6318,8567,5531,11000,8055,4449,9484,9123,8933,6248,4831,10750,12073,4720,3054,3698,9484,8454,8399,5830,2070,6455,6731,13835,4169,10926,4675,8322,7468,4517,1394,5740,8575,10349,3196,5034,1536,10926,11000,5607,8981,5309,9634,4290,7784,5775,5332,2837,5302,4423,4363,5743,8956,5749,5674,3976,5264,7589,11805,8668,5654,1710,7606,5050,2998,8587,8911,2967,8195,5059,9293,5538,7435,10750,4194,7906,3582,8986,3681,8581,5437,8986,3134,3845,2066,5900,8348,3193,2976,5429,4492,7083,4143,735,1997,4427,7466,5661,5261,8410,7938,7908,1471,5479,2057,9634,12060,4212,5131,1211,9000,6083,2519,3543,9484,6155,1596,8029,1761,11000,10689,5580,7221,8683
5306,6212,1073,610,3650,3116,496,7537,7340,6430,7822,5367,9052,3232,7773,5313,3822,4659,7149,7089,5985,6406,6341,5354,6686,4944,2110,2883,3225,8982,5775,2908,2971,4578,2687,5525,1642,4662,4808,3138,1734,4642,4703,6319,1187,3288,9123,5992,3743,1865,7765,5835,3642,4683,9123,5619,2833,3540,3110,9048,2807,2584,3476,4633,9123,4691,4369,2836,3042,2394,3746,5960,598,2264,9123,4368,6305,2348,6433,6219,1186,3410,6291,103,1694,769,3227,771,7076,2414,4903,6348,2666,1743,8032,1518,1150,9123,802,8107,4976,4478,4757,2634,2663,5332,4479,2589,1980,3079,4149,4551,3201,3130,6549,5079,5647,1225,1561,7307,3043,1939,2462,941,6047,0,2155,7238,4752,8107,5687,2720,9123,6529,6339,5469,1856,9109,5037,1420,3129,2448,9123,6085,6030,2313,5282,2292,1078,8982,2428,8032,6774,6994,7107,4494,5373,909,4016,3439,3724,1500,5168,8032,8107,2090,6387,1134,7040,2201,2319,993,773,3280,752,1811,1914,3557,6362,590,1594,2169,1011,1974,4769,3203,2136,4882,1658,970,4456,6218,6317,3740,5826,1376,6699,1683,6656,9109,1852,2291,2743,3521,2355,6212,340,3521,3520,2316,5035,314,2883,3421,3504,3242,1632,3566,4121,5914,5210,2895,7106,3475,763,6041,2473,2443,4725,257,5270,7040,5025,2681,975,5207,6406,1966,4288,3442,9123,3969,4850,6335,4246,8107,9048,4801,1756,3084
2984,3890,2735,2363,4138,3301,2380,4430,4774,4991,4715,5196,6003,3320,4665,5141,4297,4488,5710,6976,3664,4967,6577,5183,6849,5477,1068,1443,3367,9145,3097,2988,3459,2499,3162,5998,1147,5195,2365,3625,2227,3601,2324,4879,2591,1848,6016,3670,2303,1941,5199,4395,4176,2417,6016,2942,2964,3725,3187,5998,2885,3059,3338,2555,6016,2438,3327,2912,3530,1352,3827,4520,2260,1222,6016,4691,3627,3047,4993,4779,1950,3491,4851,2701,910,2431,1787,3082,4510,2944,5390,4908,2743,2218,6235,3191,1785,6016,3174,6310,2508,4365,5244,3339,2739,5025,5021,1108,1963,3566,4624,3509,3278,1691,5109,5612,2970,2897,1169,4495,3119,897,4135,3886,5741,2598,0,5299,2674,6310,3365,2297,6016,5089,4900,2791,1494,6060,5571,1570,3603,2525,6016,3764,3708,296,5111,137,2482,9145,2504,6235,6661,4559,4000,3453,5066,3281,2576,3927,4199,1370,4997,6235,6310,1183,4947,2796,5600,2277,2505,3408,2445,3360,2424,3483,2389,1745,4923,2252,1464,2246,2673,2672,5303,3388,1094,4907,2690,1445,3599,3897,4877,3821,3505,1851,5260,978,3978,6060,1932,2990,2819,3706,2431,3890,2541,3706,3601,2791,4863,2365,3069,3502,3978,1350,2106,2127,3079,5607,5039,3370,4540,1664,2424,3719,2659,2629,4554,2583,5099,5600,5558,3155,2647,4900,4967,605,4086,3518,6016,1382,4679,4895,4133,6310,5998,2723,2027,3767
1782,4544,6541,6744,5735,5126,6761,2079,2538,3488,2364,9905,5625,8813,2315,9643,7874,7796,4926,10284,4318,3428,9933,9891,6471,7155,5508,4541,6674,8767,2164,8488,6005,3426,7602,8854,5863,6873,3053,6887,7600,6908,4406,3341,6761,4191,3665,4324,3478,6779,2963,3611,6067,4221,3665,2692,6272,6475,8789,5620,7722,7499,8466,3915,3665,4394,6635,6988,6077,5792,8732,3736,6641,5662,3665,7504,1579,7373,3491,3995,6390,7839,4067,7238,5625,6812,4885,7314,2274,7328,6988,4124,6981,6658,5857,7569,6224,3665,7345,5931,3178,7673,6842,7485,6371,8333,7149,5226,6070,6114,7611,6817,8879,4097,4325,7290,2708,7279,5609,3087,7267,5337,8516,8220,9612,7135,4898,0,3167,5931,4040,4984,3665,4305,3397,2529,5934,5682,7249,6010,8285,6964,3665,4415,4362,4836,9819,5025,6652,8767,7342,5857,9969,1809,1649,6760,8374,7451,3751,5525,8427,5810,9285,5857,5931,4842,3409,6555,4816,7115,5492,7536,6827,8068,6805,7865,6829,4666,4139,6633,5904,7084,7054,6999,6980,5213,5534,8214,7024,5884,6800,4551,4093,8726,4159,6290,4476,5417,1930,5682,6372,7316,7084,5531,6922,4544,6922,5531,8365,7230,9502,7272,4894,8406,8207,4025,6546,3693,6387,10145,9747,7771,2304,4585,6281,4374,6540,5310,7862,6964,9493,4816,7236,7556,7029,8207,3428,5045,7750,7154,3665,3703,7987,2867,7441,5931,5620,3380,6163,7881
2064,3869,4522,4921,6009,5400,4938,3509,3853,4694,3794,6239,5982,4435,3744,6184,5004,5530,5413,8018,3643,4671,7619,6225,6828,7428,3463,3088,4409,9124,1297,4103,5628,317,5583,9002,3853,7147,114,5794,5034,4643,2303,4583,5099,2636,5095,3649,3948,3056,4279,4099,6341,1328,5095,1141,4006,5893,4302,5977,4000,5480,4690,500,5095,2417,4369,3698,5699,3747,4942,4224,4818,3617,5095,5239,1827,5525,4697,4483,4371,4606,4555,5060,3615,4989,2738,5652,3589,4241,7262,4612,3858,4639,6214,5550,4206,5095,5683,6289,228,5407,7116,5817,3085,6068,7423,2118,3078,5735,7759,4552,4393,2754,4813,7563,1169,5456,3564,3575,4234,3291,6484,5821,6783,4957,2478,3498,0,6289,3344,2692,5095,4793,4603,990,3888,6039,7522,3964,6024,3640,5095,3743,3687,2046,6153,2504,4990,9124,3619,6214,7703,2758,3079,4495,6109,5789,4221,5798,4916,3786,6039,6214,6289,2209,4651,4872,5304,3392,4674,5874,5003,4475,4982,5833,4810,1773,4626,4810,3885,3361,4588,5151,7254,5487,3489,5949,5168,3866,4534,3876,4581,4936,3484,4272,4963,3372,2178,6039,3047,5468,3934,5805,3546,3869,5099,5805,4716,3828,5906,4923,5167,4617,6399,1632,4527,3772,4121,6649,6081,4862,3619,1692,4262,3698,4827,4797,5596,5141,6141,5304,7510,4944,4910,5942,4671,2523,5201,3864,5095,1062,5722,4599,5175,6289,5977,271,4505,4893
4981,3768,8565,8193,7133,6524,9069,5858,5595,4764,6143,11625,2938,8486,6093,11363,9594,9516,5141,12004,3541,5712,11605,11612,3022,8553,6802,5965,8395,5318,6450,10208,7404,6080,10870,10575,7110,8271,6087,8285,8998,8629,4125,5624,8376,5165,7444,3548,5007,6871,6021,4293,7465,6441,7444,6977,7992,7873,8352,2934,8050,11516,10187,6135,7444,4113,8355,8709,7475,7086,10452,4242,8090,6955,7444,9224,6367,8771,4766,3908,7684,9559,4282,8853,6872,8261,5615,8929,5331,8057,8386,4081,7909,7951,431,9021,7518,7444,8960,0,6477,9393,8240,8883,8092,10053,8547,5932,6893,7512,9332,8537,8443,5357,4540,8688,6692,9365,6903,6035,8285,6630,11427,9618,11332,8750,5963,6527,6254,0,3264,7104,7444,4520,4673,6814,7227,2995,8647,7388,10005,7902,7444,3638,3586,5871,11540,6318,8267,5318,7433,431,11689,6282,5428,8481,10094,9066,5280,6923,10148,7103,11006,431,0,6024,5692,8626,5032,7207,6890,9151,8275,9788,8254,9314,8122,6004,3765,8082,7197,7175,8503,8397,8378,6611,6827,9935,8422,7178,8627,3774,4049,10446,3382,7584,4691,6711,6718,2995,6862,8714,7985,6929,7598,3768,8371,6929,10085,8180,9891,8887,6292,10127,9927,5610,7839,6823,8107,11865,11467,11378,5361,5923,8254,3597,7938,6708,9582,8413,11213,5032,8634,11164,8478,9928,5712,6338,9470,8874,7444,5790,9707,4668,9161,0,2934,6303,7778,9280
2001,690,4855,5346,4284,3675,5363,3004,2807,2756,3289,8645,3200,5506,3240,8383,6614,6536,3475,9024,463,2732,8625,8632,4046,5704,3822,2985,5415,6342,3597,7228,4554,3100,7890,7595,4130,5422,3107,5691,5210,5649,1145,2644,5574,2185,4590,279,2842,3891,3232,2160,4616,3461,4590,3684,5012,5024,5372,3196,5070,5812,7207,3155,4590,1133,5375,5729,4626,4106,7473,2285,5243,3976,4590,6245,3514,6030,2758,2544,4704,6579,2616,6051,3892,5414,2635,6126,2543,5077,5537,2673,4929,4971,3433,6174,4538,4590,6157,3507,3498,6413,5391,6322,5112,7073,5698,2952,3913,4663,6352,5558,5463,2378,2874,5839,3712,5880,3923,3055,5306,3650,8447,6296,8353,5948,2983,3673,3274,3507,0,3589,4590,2854,2665,3533,4247,3257,5797,4408,7026,4474,4590,431,508,2892,8560,3339,5465,6342,4454,3433,8709,3429,2574,5501,7115,6264,3116,4073,7168,4123,8026,3433,3507,3044,2713,4869,3366,4227,4571,6348,5428,6809,5407,6466,5078,3024,2688,5235,4217,4196,5656,5655,5529,3762,3847,6955,5673,4198,5647,567,2642,7466,374,4604,3025,3731,3865,3257,3882,5973,5006,4080,4618,690,5523,4080,7106,4663,6912,5348,3443,7147,6947,2630,4860,2666,5127,8885,8488,5698,2573,2943,4595,460,4724,4694,6602,5565,8233,3366,5785,8184,5630,6948,2732,3358,6490,5895,4590,2810,6728,2660,6181,3507,3196,3323,4976,5398
4044,5730,2402,2593,5322,4647,2610,5047,4849,6173,5332,3744,7842,1620,5282,3689,2801,3035,6892,5527,5503,6149,5128,3730,8688,6742,1695,2465,1601,10984,4041,1947,4643,2844,3463,4545,2084,6460,3075,4809,3265,2152,3187,6062,3535,2856,6633,5510,3325,1535,5275,5578,5654,3021,6633,3886,1209,4909,1486,7838,1184,3360,2224,2899,6633,3302,1878,1653,4714,1295,2808,5703,2453,1848,6633,3242,5556,4029,6176,5962,2251,2125,6034,2940,1847,2624,2959,3312,4585,2084,6575,6091,1043,2519,8075,3430,2086,6633,3449,8149,3242,2916,6429,4321,1039,3576,6736,1611,1018,4751,2539,2060,1577,2713,6292,6877,3914,3127,1796,4817,1419,1523,4632,3587,4292,2837,1958,5716,3018,8149,5205,0,6633,6272,6082,3735,1526,7899,6835,1415,3904,1036,6633,5603,5548,1896,3659,2085,3426,10984,2098,8075,5212,5472,4617,2004,3618,3555,3599,5111,3355,1729,3545,8075,8149,1673,6130,2751,6783,1871,3850,3639,2675,1994,2654,3713,2085,2099,6105,2444,2117,1840,2707,3655,6567,4734,1720,3458,3672,1746,2150,5737,6060,2802,5344,2151,6442,1604,5908,7899,889,3972,1119,5052,731,5730,2770,5052,2559,1314,3411,2595,4414,2482,3134,1784,2407,3149,1630,4158,3586,2705,4615,2017,2142,5559,4004,3974,3101,2812,3646,6783,6823,3456,2790,3451,6149,2149,2385,1818,6633,2511,3227,6078,2684,8149,7838,3068,3287,4749
3151,5913,7917,8120,7111,6502,8137,2012,3907,4857,1832,11274,6994,10181,1765,11012,9243,9164,6294,11653,5687,4797,10378,11260,7840,8530,6884,5917,8043,10135,4081,9856,7381,4945,8977,10223,7238,8249,4969,8262,8065,8277,4741,4710,8137,4976,0,5693,4853,6654,4332,4980,7442,5306,0,4608,7641,7850,10157,6989,8743,8874,9835,5000,0,4855,8004,8357,7452,7168,10101,5105,8017,7037,0,8873,3998,8749,4860,5364,7766,9207,5436,8614,7001,8187,5398,8906,3642,7840,8363,5493,8350,8033,7226,8948,7600,0,8720,7300,5094,9042,8217,8860,7740,9702,8525,5716,6676,7489,8980,8186,9945,5169,5694,8665,4624,8654,6985,4456,8632,6712,11076,9076,10981,8728,5746,4157,5083,7300,5409,6352,0,5674,4766,4445,7309,7051,8624,7385,9654,7238,0,5784,5731,5655,9788,6400,8244,10135,7217,7226,11338,3913,2910,8129,9743,9043,5127,6900,9796,7185,10654,7226,7300,6217,4778,7931,6185,6990,6868,9128,8202,9437,8181,9240,8204,5788,5508,8008,7279,6959,7982,8374,8356,6589,6909,9583,8399,7260,8168,5920,5462,10095,5528,7666,5845,6793,4349,7051,6646,8692,8450,6907,8291,5913,8297,6907,9734,7426,9540,8865,6269,9775,9576,5393,7921,5068,7756,11513,9715,11027,3673,5707,7656,5742,7916,6685,9230,8339,10862,6185,8612,10812,8404,9576,4797,6420,9119,8519,0,4788,9356,4236,8810,7300,6989,5168,7755,9257
3210,2891,6063,6555,5493,4884,6571,4213,2278,821,4498,8453,3523,6715,4448,9592,7823,7745,621,10233,2664,1544,9834,8440,4699,6912,5030,4193,6623,6994,4805,8437,5763,4308,9099,8803,5339,6631,4316,6644,6419,6857,2353,1456,6782,3394,5799,2671,3235,5100,2603,751,5824,4670,5799,4893,6221,6232,6581,3518,6279,9745,8415,4364,5799,2341,6584,6307,5834,5315,8681,626,6452,5184,5799,7453,4722,7238,824,960,5912,7788,238,7259,5101,6622,3844,7274,2029,7179,6745,1191,6138,6180,4085,7382,5747,5799,7366,4159,4459,7622,6599,7530,6134,8282,6907,4161,5121,5871,7561,6766,6672,3586,20,7047,4921,7089,5131,4263,6514,4859,9656,7504,9561,7156,4192,4882,4483,4159,2366,5333,5799,0,730,4742,5456,3580,7006,6510,8234,6131,5799,2765,2709,4100,8368,4547,6673,6994,5662,4085,9918,4638,3783,6709,8323,7472,3509,5282,8377,5332,8254,4085,4159,4252,1524,6941,511,5436,5779,7557,6637,8017,6616,7675,6351,4233,333,6443,5426,5404,6864,6864,6738,4971,5056,8163,6881,5407,6856,2898,1160,8675,2506,5813,502,4940,5074,3580,5985,7181,6214,5289,5826,2891,6732,5289,8314,6409,8120,6557,4651,8355,8156,3839,6068,3874,6336,10094,8296,9607,2059,4152,6616,2720,5933,5067,7811,6774,8355,511,6994,9393,6839,8157,1544,4567,7699,6913,5799,4019,7936,725,7390,4159,3518,4532,6219,6606
3014,2696,5868,6359,5297,4688,6376,4018,2082,219,4302,8258,4809,6519,4253,9397,7628,7549,1351,10038,2469,1348,9638,8244,5655,6717,4835,3998,6428,7950,4610,8241,5567,4113,8904,8608,5143,6435,4120,6449,6224,6662,2158,1261,6587,3198,5604,2476,3040,4904,2408,555,5629,4474,5604,4697,6025,6037,6386,4804,6083,9549,8220,4168,5604,2146,6389,6112,5639,5119,8486,430,6256,4989,5604,7258,4527,7043,94,764,5717,7592,636,7064,4906,6427,3648,7078,1834,6984,6550,894,5942,5985,5041,7187,5551,5604,7171,5115,4264,7427,6404,7335,5939,8087,6711,3966,4926,5676,7365,6571,6477,3391,750,6852,4725,6894,4936,4068,6319,4664,9460,7309,9366,6961,3996,4686,4287,5115,2171,5137,5604,730,0,4546,5261,4866,6811,6315,8039,5935,5604,2569,2514,3905,8172,4352,6478,7950,5467,5041,9723,4442,3588,6514,8128,7277,3313,5087,8181,5137,8059,5041,5115,4057,1329,6746,1241,5240,5584,7361,6441,7822,6420,7479,6156,4037,731,6248,5231,5209,6669,6669,6542,4775,4861,7968,6686,5211,6553,2703,862,8479,2311,5617,901,4744,4878,4866,5789,6986,6019,5093,5631,2696,6537,5093,8119,6214,7925,6361,4456,8160,7960,3643,5873,3679,6140,9898,8100,9412,1864,3956,6420,2525,5737,4872,7615,6579,8160,1241,6798,9197,6644,7961,1348,4371,7504,6718,5604,3824,7741,530,7195,5115,4804,4336,6023,6411
2323,4128,5239,5154,7640,7031,5170,3984,4442,4954,4269,6955,6241,4382,4219,6900,8281,6247,5673,8735,3902,5333,8336,6942,7087,9060,4179,3570,4363,9383,659,4836,7910,1250,6300,9261,3938,8778,877,6618,5018,5360,2562,5245,5381,3117,5570,3908,5383,3789,4868,4358,7972,2044,5570,705,4723,8379,4248,6237,3946,6196,5438,1738,5570,2676,5086,3974,7982,4464,5675,4483,5051,4333,5570,5955,1189,5837,4956,4742,5088,8245,4814,5492,3700,5221,3220,5873,4178,4974,8893,4871,3805,5356,6474,5981,4922,5570,5965,6548,1002,6124,8747,6130,3801,6784,9054,2858,3811,8019,8018,5268,4339,3236,5072,9195,531,5688,4281,3834,4181,4008,6925,6104,7499,5389,2791,2860,990,6548,3603,3408,5570,5052,4863,0,4605,6298,9153,4681,6741,4373,5570,4002,3946,2699,6870,3220,5272,9383,4352,6474,8420,2120,3554,5212,6825,6071,5656,7429,5649,4502,6756,6474,6548,2925,5314,5541,5563,4125,5296,6156,5236,5209,5215,6274,5527,2489,4886,5042,4601,4094,5463,5463,8885,7118,4205,6666,5481,4582,5358,4135,4840,5669,3743,4988,5223,4089,1540,6298,3781,5780,3881,7436,3493,4128,5331,7436,5449,4561,6622,5156,6798,5350,8614,2349,5244,5598,4838,7366,6798,6469,4209,2408,5215,3958,5449,5419,6313,5373,6857,5563,9141,6254,5438,6659,5333,3240,8157,4580,5570,1526,6438,4772,5892,6548,6237,1204,4818,5205
4236,5142,1278,1468,5015,4340,1485,6113,5915,5755,6398,4237,7254,2102,6348,4182,3474,3529,6474,5959,4915,5731,5211,4224,7415,6168,685,2208,2095,9710,4705,1777,4336,3508,2338,3449,1826,5886,3738,4721,2958,3218,3575,5644,2411,2613,7699,4922,3068,735,6341,5159,4866,3613,7699,4549,1703,4764,1980,7250,1678,2235,1733,3563,7699,3690,2944,1706,4408,969,2616,5285,1328,725,7699,3506,5235,3722,5758,5544,1127,2280,5616,1816,1589,1499,2551,2188,5651,1284,5933,5673,1537,1394,7487,2306,961,7699,2324,7561,3906,3348,5787,3858,1533,4008,5712,2028,850,4445,2507,3126,2071,2455,5873,6303,4577,2003,601,5882,1913,659,3508,2463,4724,1713,1701,6563,3682,7561,4617,1590,7699,5854,5664,4399,0,7311,6261,161,2780,1318,7699,5015,4960,1638,4152,1827,2302,9710,1298,7487,5644,6319,5683,3070,4050,2430,3341,4805,3375,251,4038,7487,7561,1415,5712,1293,6365,1071,3544,2513,1551,2149,1530,2588,1566,2487,5687,1320,919,1039,1344,3348,5993,4427,751,3752,2882,621,3216,5148,5642,2610,4756,867,6024,578,5586,7311,721,3665,1613,4745,1225,5142,1646,4745,2390,1186,3904,1471,4107,2291,3155,2172,1283,2891,2696,4590,4080,2546,5681,2405,1018,4971,3697,3667,3595,1688,4140,6365,6249,2332,1753,3883,5731,1891,2868,2312,7699,2899,3720,5660,3116,7561,7250,3731,2980,4308
4181,2968,7035,7526,8128,7519,7543,5058,4796,3964,5343,9425,57,7686,5293,10564,8795,8716,4341,11204,2741,4912,10805,9411,4017,9547,6002,5165,7595,6313,5650,9408,8398,5280,10070,9775,6310,9266,5287,9279,7391,7829,3325,4824,7754,4365,6644,2748,4207,6071,5221,3493,8459,5641,6644,6177,7192,8867,7553,62,7250,10716,9387,5335,6644,3313,7556,7279,8469,6286,9653,3443,7423,6156,6644,8425,5568,8210,3967,3108,6884,8759,3483,8231,6073,7594,4815,8245,4531,8151,9380,3281,7109,7152,3403,8354,6718,6644,8338,3477,5431,8594,9234,9877,7106,9254,9542,5133,6093,8506,8532,7738,7644,4558,3740,9682,6193,8060,6103,5328,7486,5831,10627,8476,10533,8128,5163,5727,5454,3477,2464,6304,6644,3721,3873,6014,6428,0,9641,7482,9206,7102,6644,2838,2786,5072,9339,5519,7645,6313,6634,3403,10890,5483,4628,7681,9295,8444,4480,7917,9348,6304,9225,3403,3477,5224,4893,7913,4232,6407,7885,8528,7608,8989,7587,8646,7323,5204,2965,7415,6397,6376,7836,7836,9373,7606,6028,9135,7853,6378,7828,2975,3250,9646,2583,6784,3891,5911,5919,0,6956,8153,7186,7924,6798,2968,7704,7924,9286,7381,9092,7528,7286,9327,9127,4810,7040,4846,7307,11065,9267,10579,4562,5123,6775,2797,6904,7702,8782,7746,9327,4232,9629,10364,7811,9128,4912,5538,8671,7885,6644,4991,8908,3868,8362,3477,62,5503,7190,7578
4726,5153,4606,4143,2104,1577,4029,5729,5532,5597,6014,9969,8187,6766,5964,11108,9339,8040,6316,11749,4926,5573,11350,9956,5821,3524,4635,3922,6758,8116,6328,6441,1192,6245,6221,10320,3975,3242,6252,2072,2787,8374,3870,5485,3469,3572,7315,4933,2835,5398,5957,5001,2436,6332,7315,6855,7737,1630,6643,8182,6341,5216,6321,6300,7315,3858,8100,6369,1264,4919,7280,5126,4132,4789,7315,8969,6245,2560,5599,5385,4719,9304,5457,3813,4028,4302,4266,3889,5267,5764,3357,5514,6200,5277,7167,4688,4683,7315,3657,7241,6395,9138,3211,2923,6196,9798,3518,4607,5513,1301,9077,8282,6734,3479,5715,3659,6871,4326,4736,5780,6576,4463,5424,3407,11077,3710,3947,6404,6419,7241,4628,6849,7315,5695,5506,6692,5060,8244,0,5278,6519,5981,7315,5027,4971,4243,9884,4084,3360,8116,5961,7167,11434,6160,5299,8226,9840,3659,3109,1893,7115,5033,9770,7167,7241,4223,5554,4621,6207,5734,1809,4111,4306,6813,4285,5275,5448,5471,5529,4123,5127,5703,4544,2186,3349,1664,4660,9680,2211,4503,8372,5160,5483,7273,4768,4909,5866,4544,6596,8244,5385,2503,6276,1982,5888,5153,4193,1982,7053,5849,7939,3847,1344,6954,6894,5077,5165,3074,7852,11610,9812,5741,5298,5390,4296,4982,1727,1738,9327,3973,8046,6207,3605,5526,4542,9673,5573,4426,9215,6975,7315,5258,9452,5501,8906,7241,8182,6468,3032,3280
4073,4979,1439,1630,5176,4501,1646,6256,6058,6243,6541,4074,7091,1939,6491,4019,3635,3366,6962,5796,4752,6219,5048,4061,7576,6329,1922,2695,1932,9872,4542,1614,4497,3345,2500,3286,2314,6047,3575,4883,3120,3361,3412,6131,2572,3100,7842,4759,3555,572,6484,5647,5028,3450,7842,4386,1540,4925,1817,7087,1515,2396,1570,3400,7842,3527,3087,1543,4569,591,2453,5772,1490,777,7842,3343,5072,3883,6245,6031,1288,2117,6103,1977,2076,1660,3039,2349,5794,1121,6095,6160,1374,1556,7324,2467,1122,7842,2486,7398,3743,3185,5949,4020,1370,3845,5873,2516,330,4606,2344,3269,1908,2943,6361,6464,4414,2164,1373,6025,1750,1751,3669,2624,4561,1874,2188,6925,3519,7398,4454,1427,7842,6341,6152,4236,563,7148,6423,0,2941,1155,7842,4852,4797,2125,3989,2315,2463,9872,1135,7324,5481,6680,5826,3213,3887,2592,3828,4966,3537,766,3875,7324,7398,1902,6200,1454,6853,908,3705,2674,1712,1986,1691,2749,1727,2324,6175,1481,1406,876,1505,3509,6155,4588,1948,3589,3043,782,3163,4985,6129,2447,4593,1188,6512,1495,5423,7148,558,3827,1450,4906,1062,4979,1807,4906,2227,1023,3741,1632,4269,2128,3316,2009,1444,3379,2839,4427,3917,1742,5824,2242,1179,4808,3858,3828,3432,1849,3977,6853,6410,2493,1914,3720,6219,2378,2705,2149,7842,2736,3557,6147,2953,7398,7087,3568,3141,4470
6935,8621,2392,2349,6468,5934,2457,7938,7740,9064,8223,3590,10734,2477,8173,3329,838,3085,9784,6943,8394,9041,5100,3577,9009,7525,3355,4128,2938,11305,8530,2152,5789,5911,1005,2540,3964,7243,6142,6078,4553,5219,5540,8953,4005,4533,9524,8401,4988,3110,8166,8469,6223,6088,9524,6953,4582,6121,2417,10729,2043,1654,2094,5966,9524,5654,4945,2749,5861,3639,2324,8594,2569,3509,9524,3090,8448,5166,9067,8853,2721,1392,8925,2828,3509,2590,4472,2654,7476,1864,7721,8982,2410,1691,10966,2602,2076,9524,3205,11040,6309,3542,7575,5216,3908,3758,7069,3949,3225,5898,1165,5127,2507,4376,9183,7660,6981,2469,2806,7708,2127,3184,1566,3389,3298,2826,3621,8607,6085,11040,8096,3965,9524,9163,8973,6802,3101,10791,7618,2990,0,2852,9524,8494,8439,3558,3505,3748,3896,11305,3060,10966,6628,8363,7508,5071,3799,2895,5261,6258,740,2745,2971,10966,11040,3335,9021,2439,9674,3182,5138,2598,2422,1621,2392,1513,2334,4802,8997,2671,2839,3415,2394,4792,7350,6021,3381,3308,4476,2215,5217,8628,8951,2318,8236,2146,9334,2928,8799,10791,3097,5109,2644,6339,2495,8621,2527,6339,1280,2737,3187,2637,5702,1998,519,4487,1579,4812,4697,3830,3433,1514,7507,4720,2348,8450,5611,5261,3220,2569,3179,9674,7606,1299,2221,4306,9041,3811,1303,2356,9524,4736,3345,8070,3714,11040,10729,6135,4574,5665
4156,5061,2187,2377,5783,5249,2394,5954,5756,7080,6239,2930,7174,796,6189,2875,1978,2511,7799,4756,4835,7056,4644,2916,8020,7077,2670,3443,747,10316,4625,911,5104,3428,2430,3086,3062,6795,3658,5271,3868,3059,3495,6968,3320,3164,7540,4841,4303,655,6182,6484,5775,3533,7540,4469,1321,5370,662,7170,360,2327,1400,3483,7540,3609,2785,558,5175,1080,1750,6609,2237,1266,7540,2001,5155,4481,7083,6869,2036,1301,6940,2725,2824,2408,3267,2198,5492,1051,7036,6998,219,1486,7407,2364,1870,7540,3233,7481,3825,2095,6890,4768,861,2755,6621,2614,802,5212,1525,2967,753,3282,7198,7212,4497,2013,2121,5723,596,2499,3600,3372,3470,2622,2936,6623,3602,7481,4536,1510,7540,7178,6989,4318,1310,7231,7171,1200,2389,0,7540,4935,4879,2539,2845,3063,3211,10316,440,7407,4441,6378,5524,2911,2796,3340,4576,5572,2531,1513,2731,7407,7481,2650,7037,1718,7690,724,4453,2524,1958,1171,2439,2647,1052,2406,7012,2229,2154,278,1674,4107,6902,5336,2696,2734,3791,1530,2833,5068,6967,1744,4676,1118,7349,2243,5506,7231,674,4424,454,5654,843,5061,2555,5654,1523,279,2410,2380,5016,1424,2311,2092,1374,4126,2537,3336,2772,1967,5522,2324,1670,4891,4926,4576,2287,2597,2517,7690,7158,1752,1757,2629,7056,3126,1561,1101,7540,2819,2413,6085,1863,7481,7170,3651,3889,5217
3151,5913,7917,8120,7111,6502,8137,2012,3907,4857,1832,9873,6994,9899,1765,11012,9243,9164,6294,11653,5687,4797,10378,9859,7840,8530,6884,5917,8043,10135,4081,9856,7381,4945,10519,10223,7238,8249,4969,8262,8282,8277,4741,4710,8353,4976,0,5693,4853,6654,4332,4980,7442,5306,0,4608,7641,7850,9854,6989,9819,8874,9835,5000,0,4855,8004,8354,7452,7168,10101,5105,8017,7037,0,8873,3998,8749,4860,5364,7766,9207,5436,8831,6656,8187,5398,8906,3642,7839,8363,5493,8346,8033,7226,8945,7600,0,8937,7300,5094,9042,8217,8860,7740,9702,8525,5716,6676,7489,8980,8186,9945,5169,5694,8665,4624,8654,6985,4456,8632,6712,11076,9076,10981,8728,5746,4157,5083,7300,5409,6352,0,5674,4766,4445,7309,7051,8624,7385,9654,7238,0,5784,5731,5655,9788,6400,8244,10135,7217,7226,11338,3913,2910,8129,9743,9043,5127,6900,9796,7185,10654,7226,7300,6217,4778,7931,6185,6990,6868,9128,8202,9437,8181,9240,8204,5788,5508,8008,7279,6959,7982,8374,8356,6589,6909,9583,8399,7260,8276,5920,5462,10095,5528,7666,5845,6793,4349,7051,6646,8692,8450,6907,8291,5913,8297,6907,9734,7426,9540,8865,6269,9775,9576,5393,7921,5068,7756,11513,9715,11027,3673,5707,7656,5742,7916,6685,9230,8339,10862,6185,8612,10812,8404,9576,4797,6420,9119,8519,0,4788,9356,4236,8810,7300,6989,5168,7755,9257
2376,528,5229,5720,4658,4050,5737,3509,3247,3130,3794,7619,3387,5880,3744,8758,6989,6911,3849,9399,340,3106,9000,7606,4233,6078,4196,3359,5789,6528,4101,7603,4929,3474,8265,7969,4505,5796,3482,6065,5585,6023,1519,3019,5948,2560,5095,165,3217,4265,3673,2534,4990,3835,5095,4059,5387,5398,5747,3382,5445,8910,7581,3529,5095,1507,5750,5473,5000,4480,7847,2660,5618,4350,5095,6619,4019,6404,3133,2919,5078,6954,2991,6059,4267,5788,3010,6440,2983,5450,5911,3476,5304,5346,3619,6548,4913,5095,6532,3693,3625,6788,5765,6696,5300,7448,6073,3327,4287,5037,6726,5932,5838,2752,3248,6213,4087,6255,4297,3429,5680,4025,8822,6670,8727,5956,3357,4178,3648,3693,431,4499,5095,3229,3039,3908,4622,3444,6172,4782,7400,5296,5095,0,384,3266,7534,3713,5839,6528,4828,3619,9084,3934,3079,5875,7489,6638,3490,4448,7542,4498,8400,3619,3693,3530,3087,6107,3740,4601,4945,6722,5803,7183,5782,6841,5517,3399,3160,5609,4592,4570,6030,6030,5904,4136,4222,7329,6047,4573,6022,281,3445,7841,560,4978,3399,4106,4370,3444,4257,6347,5380,4455,4992,528,5898,4455,7480,5575,7286,5723,3817,7521,7322,3005,5234,3040,5502,9260,7461,8773,3013,3318,5782,234,5099,5069,6977,5940,7521,3740,6159,8558,6005,7322,3106,3733,6865,6079,5095,3185,7102,3035,6556,3693,3382,3698,5385,5772
2397,385,5251,5742,4680,4071,5759,3454,3191,3152,3739,7640,3331,5902,3689,8779,7010,6932,3871,9420,158,3128,9021,7627,4177,6100,4218,3381,5811,6473,4046,7624,4950,3496,8286,7991,4526,5818,3503,6087,5606,6045,1541,3040,5970,2581,5040,600,3238,4287,3617,2556,5012,3857,5040,4080,5408,5420,5768,3327,5466,8932,7603,3551,5040,1529,5771,5495,5022,4502,7868,2681,5639,4372,5040,6641,3963,6425,3154,3248,5100,6975,3012,6080,4288,5810,3031,6461,2927,5471,5933,3420,5325,5367,3564,6570,4934,5040,6553,3638,3647,6809,5787,6718,5322,7469,6094,3348,4309,5059,6748,5953,5859,2773,3270,6235,4108,6276,4319,3724,5702,4046,8843,6692,8749,5977,3379,4123,3670,3638,511,4520,5040,3250,3061,4410,4643,3388,6193,4804,7421,5318,5040,384,0,3288,7555,3735,5861,6473,4850,3564,9105,3878,3024,5897,7511,6660,3512,4469,7564,4519,7441,3564,3638,3552,3109,6129,3762,4623,4967,6744,5824,7205,5803,6862,5539,3420,3104,5630,4613,4591,6052,6051,5925,4158,4243,7351,6069,4594,6043,391,3389,7862,505,5000,3421,4127,4314,3388,4278,6369,5402,4476,5014,385,5919,4476,7501,5596,7307,5744,3839,7543,7343,3026,5256,3062,5523,9281,7483,8795,2958,3339,5803,275,5120,5090,6998,5961,7543,3762,6181,8580,6026,7344,3128,3754,6886,6101,5040,3206,7123,3056,6577,3638,3327,3719,5406,5794
2875,3781,2083,2473,3724,3115,2490,4483,4286,4351,4768,5178,5894,3688,4718,5123,4278,4469,5070,6957,3554,4327,6558,5164,6072,5143,1050,803,3282,8367,2998,3363,3249,2163,3143,9074,1404,4862,2394,3509,2605,3582,2624,4239,2969,1208,6069,3561,1663,1922,4711,3755,4056,2269,6069,2843,2945,3608,3566,5889,3263,3040,3321,2219,6069,2612,3308,2893,3320,1334,4202,3880,2370,1203,6069,4178,3528,3424,4353,4139,1932,3866,4211,2621,1167,2541,1147,3192,4021,2927,4977,4268,2724,2199,6126,3111,1766,6069,3129,6200,2561,4346,4831,3717,2720,5006,5138,767,1611,3357,7831,3491,3657,1051,4469,5278,2871,3007,1151,4534,3100,878,4313,3268,5722,2518,378,5158,2338,6200,3256,1956,6069,4449,4260,2692,1475,5951,5237,1551,3585,2903,6069,3654,3599,0,5092,566,2860,8367,2485,6126,6642,4914,4053,3434,5048,3235,1936,3513,4180,1351,4978,6126,6200,383,4308,2432,4961,2258,2389,3320,2555,3735,2534,3393,2370,1409,4283,2362,1445,2227,2387,3050,4969,3202,1075,4888,3068,1426,3580,3788,4237,4196,3396,1832,4620,959,3880,5951,1914,3368,2800,3520,2412,3781,2650,3520,3976,2772,4845,2475,2882,3877,3959,1014,2087,1487,3060,5588,5020,3351,4052,1328,1822,3610,2542,2512,4535,2692,5080,4961,5225,3136,2470,4881,4327,586,7969,3499,6069,1284,4661,4255,4114,6200,5889,2387,2405,2793
6041,7727,4332,5138,8543,9097,5155,7044,6847,8171,7329,85,9840,2588,7280,167,2399,1281,8890,5046,7500,8147,3414,724,10686,9837,4775,5546,2237,12982,5701,2331,7864,4504,3893,1550,5165,9556,4734,8031,6628,3811,6251,8059,6080,5919,8630,7507,7449,3251,7272,7575,8536,4680,8630,5545,2626,8130,2268,9835,2258,3790,2991,4559,8630,6365,3538,2551,7936,3840,1920,7700,4998,4026,8630,1310,6231,7241,8174,7959,4796,2364,8031,5485,4927,4742,6022,4814,6583,3233,9796,8089,2544,3630,10072,3869,4015,8630,5994,10146,4901,1738,9650,7528,2726,1954,9381,4691,3563,7973,2137,3720,2384,5794,8289,9972,5573,4629,4881,6814,2020,4604,4232,6132,2669,5382,5464,7713,4678,10146,7202,3577,8630,8269,8080,5394,4071,9897,9931,3960,2810,2763,8630,7601,7545,4976,0,5601,5971,12982,3198,10072,4731,7469,6614,3663,1995,4888,7722,8333,2953,4274,1136,10072,10146,4753,8128,4335,8781,3320,7213,4805,4574,2593,5199,4151,3393,5162,8103,4989,4914,3042,4290,6867,9663,9184,4801,1504,6552,4290,3122,7734,8057,1914,7342,3710,8440,4684,6582,9897,3434,7185,2647,9502,2855,7727,5315,9502,2983,2875,1002,5140,8865,2222,2732,4848,3519,6230,3290,2535,72,3471,6613,5080,4287,7556,7686,7337,955,5357,1109,8781,9919,3256,4374,1351,8147,5229,2275,2717,8630,5574,1080,7176,2152,10146,9835,4727,6649,7978
2773,3679,1964,2355,3749,3211,2372,4509,4311,4376,4794,5059,5792,3374,4744,5004,4160,4351,5095,6839,3452,4352,6440,5046,6097,5169,931,828,3164,8393,3242,3049,3274,2045,3025,5861,1286,4887,2276,3534,2467,3464,2649,4265,2533,1234,6095,3459,1689,1804,4737,3780,4081,2151,6095,3087,2827,3634,3050,5787,2748,2922,3203,2100,6095,2637,3190,2775,3345,1215,3888,3906,2252,1085,6095,4059,3772,3470,4379,4165,1813,3552,4237,2502,1049,2423,1172,3074,4047,2809,5002,4294,2606,2081,6024,2992,1648,6095,3116,6098,2443,4228,4856,3762,2602,4888,5163,649,1493,3382,4487,3372,3141,1076,4494,5304,3115,2889,1032,4559,2982,760,4195,3255,5604,2399,322,5184,2219,6098,3154,1838,6095,4474,4285,2936,1357,5849,5262,1433,3466,2388,6095,3553,3497,259,4974,0,2424,8393,2367,6024,6524,4939,4079,3316,4930,3223,1962,3538,4062,1254,4860,6024,6098,265,4333,2314,4986,2140,2414,3307,2437,3421,2416,3275,2252,1290,4308,2243,1327,2109,2269,3096,4994,3298,957,4770,3113,1308,3462,3686,4263,3882,3294,1714,4645,841,4124,5849,1795,3413,2682,3616,2294,3679,2532,3616,3662,2458,4726,2357,2978,3562,3841,896,1969,1512,2942,5470,4902,3233,4077,1209,1704,3508,2568,2538,4417,2574,4962,4986,5250,3018,2352,4763,4352,468,4140,3381,6095,1436,4542,4281,3996,6098,5787,2269,2450,2838
4951,5492,1843,1460,2713,2038,1266,5955,5757,5822,6240,6137,8430,4002,6190,6082,4592,5429,6541,7859,5266,5798,7366,6124,6064,4133,1857,2461,3994,8360,4699,3677,2034,4102,3457,6294,1198,3851,3967,2201,657,4389,4095,5711,573,2866,7541,5272,3061,2635,6183,5226,3045,4207,7541,4544,3603,2300,3880,8426,3577,3320,3635,4157,7541,4083,4116,3606,2106,2141,4516,5352,1368,2011,7541,5137,6470,1420,5825,5611,1956,4180,5683,1050,1250,1539,2805,1126,5493,3241,3966,5740,3436,2513,7410,1925,1920,7541,1157,7484,4499,5248,3820,1713,3433,6102,4128,2282,2750,2143,4919,4298,3971,2709,5940,4268,4572,1562,1958,6005,3813,1686,3232,1295,6817,947,1602,6630,4276,7484,4967,2727,7541,5920,5731,4393,2283,8487,4227,2515,3899,3217,7541,5366,5310,1899,6052,1739,0,8360,3198,7410,7544,6385,5525,4241,6143,1263,3334,2503,4494,2270,5938,7410,7484,1898,5779,1858,6432,2971,1242,1347,1542,4049,1521,2580,2684,3347,5754,1360,2253,2939,1781,1046,3959,2125,1883,5652,1064,1740,4388,5499,5709,4510,5107,2146,6091,1766,6822,8487,2621,1364,3513,2443,3125,5492,1429,2443,4290,3086,5804,1084,1806,4191,4273,2953,2401,2668,3868,6683,5980,3665,5523,3266,1532,5322,1395,1365,5495,1210,6040,6432,4214,3450,1779,5977,5798,1522,5058,4212,7541,2985,5620,5727,5016,7484,8426,4325,678,2141
3228,4385,3318,2946,1886,1277,2963,4231,4033,4098,4516,8471,7802,5477,4466,9610,7841,7763,4817,10251,4158,4074,9852,8458,5437,3306,3391,2424,5469,71,4829,5152,2156,4728,4932,8821,2507,3024,4958,3037,3057,6875,2371,3987,3129,2074,5817,4165,1337,4110,4459,3502,2218,4833,5817,5356,6239,2626,5354,7798,5052,4806,5110,4783,5817,2359,6602,5081,2228,3675,5991,3628,2843,3545,5817,7471,4746,3524,4101,3887,3431,7806,3959,3606,2559,3014,2768,3682,3769,4476,3139,4016,4911,3988,6783,3774,3395,5817,3713,6857,5126,7640,2993,3635,4908,8300,3300,3109,3952,2265,7578,6784,5445,1980,4216,3441,5372,4118,3492,4281,5287,3219,4718,3851,9579,3503,2781,4906,4902,6857,3860,4538,5817,4197,4007,5193,3816,7859,3399,3892,5373,4692,5817,4259,4203,2718,8386,2908,3020,0,4672,6783,9936,4662,3801,6727,8341,3819,1610,1675,5969,3693,8272,6783,6857,2725,4055,3333,4708,4445,1643,3903,3028,8035,3007,4066,4159,3973,4030,2835,3786,4414,3256,3150,3131,1364,3417,8181,3175,3215,6874,4392,3985,5985,4000,3620,4367,3300,5098,7859,4096,3467,4988,1682,4600,4385,3123,1682,5764,4561,8138,3640,1045,5665,5748,3579,3876,1576,6354,10111,8313,5101,3799,3892,3007,4214,2691,1461,7829,3165,8373,4708,3387,4886,3230,8174,4074,2927,7717,5687,5817,3759,7954,4003,7408,6857,7798,4951,2531,4032
4066,4972,2097,2288,5694,5160,2305,6249,6051,7375,6534,3099,7085,1147,6484,3044,1722,2421,8095,5790,4745,7352,4555,3085,7931,6987,2581,3353,1419,10226,4535,822,5015,3338,2341,2493,2576,6706,3569,5181,3778,3354,3406,7264,3230,3074,7835,4752,4214,565,6477,6780,5686,3444,7835,4380,1533,5281,1335,7080,1033,2237,1423,3393,7835,3520,3080,1230,5086,990,1661,6905,2148,1176,7835,2426,5065,4392,7378,7164,1946,1325,7236,2636,2338,2319,3177,2109,5787,961,6947,7293,892,1397,7317,2275,1781,7835,3144,7391,3736,2879,6801,4678,1363,3094,6532,2525,713,5123,1552,3263,1426,3193,5536,7122,4408,1924,2032,6019,1268,2409,3510,3282,3810,2532,2847,6918,3512,7391,4447,1420,7835,5516,5326,4229,1221,7142,7081,1110,2741,672,7835,4846,4790,2784,3013,2973,3121,10226,0,7317,5475,6674,5819,3206,3136,2350,4487,5483,1634,1424,2899,7317,7391,2561,5374,1629,6027,634,4363,2434,1869,1194,2349,2557,962,2317,5349,2139,2065,491,1584,4018,6813,5247,2606,2644,3702,1441,3352,4979,5304,1654,4587,1028,5686,2154,5417,7142,585,4335,1126,5565,1055,4972,2189,5565,1434,189,2320,2290,4927,1335,3116,2003,1285,4037,2832,3676,2941,1877,5818,2235,1581,4801,4836,4487,2556,2106,2427,6027,7069,1663,1668,2969,5393,2993,1912,2142,7835,2729,2682,6381,2947,7391,7080,3562,3800,5128
4075,4502,4165,3793,2733,2125,3810,5078,4881,4946,5363,9318,7968,6325,5313,10457,8688,8610,5665,11098,4275,4922,10699,9305,6284,4153,4238,3272,7489,918,5677,6000,3004,5594,5779,9669,3354,3871,5601,3885,3739,7723,3219,4834,3810,2921,6664,4282,2184,4957,5306,4350,3065,5681,6664,6204,7086,3473,6202,7963,5900,5676,9281,5649,6664,3207,7449,7173,3075,4522,9546,4475,3691,4392,6664,8318,5594,4371,4948,4734,4278,8653,4806,4288,3406,3861,3615,4363,4616,5323,3986,4863,7003,4835,7630,4621,4242,6664,4394,7704,5745,8487,3840,4483,7186,9147,4148,3956,5072,3112,8426,7631,6293,2828,5064,4288,6220,4800,4339,5129,7380,4067,5565,4533,10426,4185,3629,5753,5768,7704,3977,6198,6664,5044,4855,6041,4664,8025,4247,4740,9099,5539,6664,4376,4320,3566,9233,3755,3701,918,5520,0,10783,5509,4648,7575,9189,4500,2458,2523,9242,4540,10100,7630,7704,3572,4903,4180,5556,5293,2491,4585,3876,8883,3855,4914,5007,4820,4878,3682,4634,5262,4103,3997,3979,2212,4264,9029,4022,4062,7614,4509,4832,9540,4117,4468,5215,4148,5945,8025,4944,4315,7080,2530,6692,4502,3971,2530,6612,5408,8985,3796,1892,9221,9021,4426,4724,2423,7201,10959,9161,5949,4647,4739,3855,4331,3539,2308,8676,4013,9221,5556,4234,5734,4078,9022,4922,3775,8564,7965,6664,4607,8801,4850,8255,7704,7963,5817,3212,4880
3134,5896,7893,8096,7087,6478,8113,3431,3889,4839,3716,11256,6976,6316,3666,10994,9225,9147,6277,315,5669,4780,9217,11243,7822,8506,6860,5893,6298,10118,1923,6771,7357,3184,8953,10206,7214,8225,2811,8238,6953,8260,4497,4692,8113,5542,5017,5676,4830,5724,4315,4962,7419,3979,5017,2450,7623,7826,6183,6972,5880,8850,9818,3673,5017,5745,7986,5909,7428,7144,10083,5088,7993,7014,5017,8856,635,8725,4842,5347,7742,9190,5419,8590,6977,8164,6237,8666,3625,8680,8339,5476,5739,8009,7209,8921,7576,5017,8696,7283,2936,9024,8193,8836,5736,9684,8501,4792,5746,7465,8963,8168,6274,5449,5676,8641,2466,8630,6961,4438,6116,6688,9867,8835,10964,8487,4725,2307,2925,7283,5392,5343,5017,5656,4748,2287,7285,7033,8600,7361,9636,6307,5017,5766,5714,4634,11171,6376,8004,10118,6287,7209,0,635,3001,8112,9726,8803,5103,6876,9779,7161,10637,7209,7283,6193,4761,8242,6168,6060,6844,8887,8178,9420,8157,9216,8180,4424,5490,7984,7255,6028,7958,8351,8332,6565,6885,9566,8375,7236,8258,5903,5445,10077,5511,7642,5827,6769,987,7033,5715,8668,5816,6883,5428,5896,8273,6883,7383,6496,9522,8098,6245,9758,9558,4283,7897,5044,7738,11498,11099,9122,3655,4343,7632,5725,7892,6661,9213,8315,10844,6168,8588,8908,8281,9559,4780,6396,9101,6515,5017,3461,9338,4219,8792,7283,6972,3138,7515,9233
6778,9540,11537,11740,10731,10122,11757,5990,7534,8484,5810,14901,10621,13526,5743,14639,12870,9312,9922,11342,9314,8424,11338,14887,11467,12151,10504,9537,12518,13763,5944,13484,11001,7206,12598,13850,10859,11869,6833,11883,11685,11904,8368,8337,11757,9187,5695,9320,8474,9745,7959,8607,11063,8000,5695,6471,11268,11471,13481,10616,9902,12494,13462,7694,5695,9390,11631,11981,11073,10788,13728,8732,11637,10658,5695,9057,5359,12369,8487,8991,11386,12835,9063,12234,10621,11808,9881,12310,7270,12324,11984,9120,9761,11654,10853,12565,11220,5695,12341,10927,6958,8731,11838,12480,11367,9391,12145,8814,9767,11110,12607,11813,13572,9093,9321,12286,6487,12275,10605,8083,10137,10333,13512,12479,10107,12131,8747,5952,6946,10927,9036,9364,5695,9301,8393,6308,10930,10678,12244,11006,13281,12358,5695,9411,9358,9832,14815,10021,11648,13763,10309,10853,11027,0,6645,11756,9433,12447,8747,10520,13423,10806,14281,10853,10927,9838,8405,11551,9812,10081,10488,12532,11822,13064,11801,12860,11825,8446,9135,11629,10900,10050,11602,11995,11976,10209,10530,9273,12020,10880,11795,9547,9089,13722,9155,11286,8759,10413,5710,10678,9737,12312,9838,10527,9450,9540,11918,10527,13361,12226,13167,11742,9890,13402,13203,8305,11542,8689,11383,9973,14743,12767,7300,8365,11277,9369,11536,10306,9447,11960,14489,9812,12232,12552,12025,9266,8424,10041,12746,12146,5695,7483,9572,7863,8499,10927,10616,7160,11159,12877
4394,7156,12033,12236,11227,10618,12253,695,5150,6100,980,12517,8237,11142,930,12255,10486,10408,7538,12896,6930,6041,11622,12503,9083,12646,11000,10033,10134,11379,6063,11100,11497,7325,13094,11466,11355,12365,6951,12378,12181,9520,5984,5953,12253,6219,2281,6936,8970,7897,5576,6223,11559,8119,2281,6590,8884,11966,11097,8232,11063,12990,11078,7813,2281,6098,9247,9597,11569,11284,11344,6348,12133,11154,2281,10611,5477,12865,6103,6607,11882,10451,6679,12730,11117,12304,6642,12806,4886,12820,12480,6736,9590,12149,8469,13061,11716,2281,12837,8543,7077,10285,12334,12976,8983,10945,12641,6959,7919,11606,10224,9429,11188,9589,6937,12781,6606,12770,11101,5699,9875,10828,12319,12975,12224,12627,8865,6447,7065,8543,6652,7596,2281,6917,6009,6427,11425,8294,12740,11501,10897,8481,2281,7027,6974,8774,12431,10517,12144,11379,8461,8469,12581,5707,0,9372,10986,12943,9243,11016,11040,11301,11897,8469,8543,10334,6021,12047,7429,8233,10984,13027,12318,10680,12297,13356,12321,8564,6751,12124,11395,8202,12098,12491,12472,10705,11025,10826,12515,11376,9412,7163,6705,11338,6771,11782,6375,10909,5828,8294,7889,12808,9693,11023,9534,7156,12413,11023,10977,8670,10783,12238,10385,11018,10819,6637,12038,9185,8999,12757,12359,13263,4916,8483,11773,6986,12032,10801,10474,12455,12105,7429,12728,13048,12520,10820,6041,10536,10362,9762,2281,7601,10599,5479,10053,8543,8232,7279,11655,13373
2512,4318,4786,5185,6678,6069,5202,3958,4302,4763,4243,6502,6431,4709,4193,6448,5284,5794,5482,8282,4091,4739,7883,6489,7277,8098,3727,3759,3910,9572,2612,4384,6675,1415,5847,7304,4116,7816,1645,6842,5297,723,2752,4652,5363,3307,5544,4098,4421,3336,4727,4167,7010,1591,5544,2457,4270,6941,3795,6426,3493,5744,4970,1470,5544,2866,167,3522,6746,4011,5223,4293,5082,3881,5544,5503,3142,6061,4766,4552,4635,4887,4624,5324,3879,5253,3409,5916,4037,4521,7931,4681,3352,4903,6663,5814,4470,5544,5947,6737,1813,5671,7785,6353,3349,6331,8092,3643,3358,6783,8208,52,3886,3425,4881,8233,2485,5719,3828,4023,3729,3555,7016,6085,7047,5221,3757,4814,1589,6737,3793,2956,5544,4862,4672,2306,4152,6488,8191,3853,6288,3920,5544,4191,4136,3643,6417,4553,5254,9572,3900,6663,7967,4074,3528,0,6373,6053,4694,6467,5196,4049,6303,6663,6737,3705,4720,5135,5373,3672,5882,6137,5267,4756,5246,6097,5074,3369,4695,5074,4149,3641,4852,5687,7923,6156,3752,6213,5704,4129,4905,4325,4650,5216,3933,4535,5032,3636,3493,6488,3328,6004,3429,6474,3041,4318,5363,6474,4996,4109,6169,5187,5837,4897,6663,3527,4791,4443,4385,6913,6345,5142,4068,3288,4526,4147,6036,6006,5860,5405,6405,5373,8179,5801,5174,6206,4739,4137,5150,4128,5544,2658,5985,4668,5439,6737,6426,1638,5319,6782
6202,7888,4429,5205,9867,9258,5222,7205,7008,8332,7490,2637,10001,2838,7441,2375,3125,900,9051,4297,7661,8308,2541,1427,10847,11287,4936,5707,1953,13237,5862,2428,7884,4665,4401,2276,5326,11005,4895,8051,6507,3972,6139,8220,6148,5808,8791,7668,7610,3348,7433,7736,10199,4841,8791,5706,2694,8150,2365,9996,2356,5047,3717,4720,8791,6254,3699,2698,7956,3908,2067,7861,5065,5090,8791,977,6392,7271,8334,8120,4864,3090,8192,5553,5088,5236,5911,4911,6744,3330,11120,8250,2691,3727,10327,3966,4112,8791,6061,10401,5062,897,10974,7595,2793,41,11281,4852,3630,7993,2863,3881,2481,5955,8450,11422,5734,4727,5037,6975,2117,4765,4958,6200,982,5450,5625,7874,4839,10401,7363,3756,8791,8430,8241,5555,4138,10152,11380,4027,3536,2910,8791,7762,7706,5137,2552,5762,6039,13237,3295,10327,3982,7630,6775,3824,0,5153,7883,9656,3679,4341,2018,10327,10401,4914,8289,4432,8942,3417,7092,4902,4671,3319,5267,4906,3534,5051,8264,5057,4982,3188,4387,6896,11112,9345,4962,692,6619,4358,2306,7895,8218,2060,7503,3807,8601,4845,6743,10152,3502,7214,2794,9663,3002,7888,5383,9663,3616,2972,1822,5208,9026,2319,3458,4736,3616,6391,3450,848,2480,3568,6774,4969,4755,7717,7245,7215,647,5425,2057,8942,11368,3354,4471,337,8308,5390,3001,2864,8791,5463,772,7337,1068,10401,10090,4888,6528,7991
5717,6623,1264,1023,3475,3301,942,8338,7279,7344,8623,6257,9952,3720,8573,6203,3590,4994,8063,8084,6396,7320,7128,6244,7587,4763,3000,3773,4115,9882,6187,3395,2796,4989,2678,5292,2542,4481,5220,3316,1920,5544,5057,7233,1372,4178,9924,6403,4633,2755,7705,6748,3461,5095,9924,6031,3723,3359,3659,9948,2799,2440,3337,5045,9924,5171,5270,3726,2868,3284,4234,6874,1488,3154,9924,5258,7992,2173,7347,7133,2076,4144,7205,910,2594,1263,4116,241,7015,2222,4529,7262,2658,1734,8933,1040,2040,9924,349,9007,5387,5368,4383,2454,3553,5667,4307,3593,2870,2905,3917,5452,3750,4020,7462,4898,6059,678,2451,8208,3035,2828,2352,487,6050,1076,2865,8152,5164,9007,6098,3610,9924,7443,7253,5880,2746,10009,4857,2635,2896,2439,9924,6497,6441,3203,6172,3002,1263,9882,3318,8933,7769,7908,7908,5396,5709,0,4906,3265,3492,2390,6058,8933,9007,2980,7301,1112,7954,3091,2505,200,1095,3767,1054,1700,1905,4235,7276,1344,2484,3059,1067,1799,4588,3388,3026,5217,1484,1860,5346,6630,7231,4227,6238,2266,7613,2573,8344,10009,2741,2117,3633,3706,3245,6623,825,3706,3956,2308,4893,1213,3068,3908,3271,3840,1622,4190,5022,6582,6100,2756,7045,4154,1652,6452,2618,2628,5615,742,5000,7954,4844,2541,895,5542,7320,2866,4055,4332,9924,4247,5740,7249,5136,9007,9948,5213,1941,2904
3129,3556,3364,2992,1983,1374,3009,4132,3934,4000,4417,8372,6659,5523,4367,9511,7742,7664,4719,10152,3329,3976,9753,8359,4293,3403,3292,2325,6543,6589,4730,5198,2253,4647,4978,8723,2553,3121,4655,3134,2937,6777,2273,3888,3009,1975,5718,3336,1238,4156,4360,3404,2315,4734,5718,5257,6140,2723,6500,6654,6198,4852,8334,4703,5718,2260,6503,6853,2325,3576,8600,3529,2889,3446,5718,7372,4648,3621,4002,3788,3477,7707,3860,3486,2605,3060,2669,3562,3670,4522,3236,3917,6057,4034,5639,3820,3441,5718,3593,5713,4798,7541,3090,3732,6240,8201,3397,3010,3854,2362,7480,6685,6591,1882,4118,3538,5274,3998,3393,4183,6433,3121,4764,3731,9480,3383,2682,4807,4822,5713,3031,5252,5718,4098,3909,5095,3718,6716,3496,3794,8153,4738,5718,3429,3374,2620,8287,2809,2900,6589,4719,5639,9837,4563,3702,6629,8242,3699,0,1772,8296,3594,9154,5639,5713,2626,3956,3379,4609,4492,1740,3783,3074,7936,3053,4112,4205,3874,3932,2881,3688,4460,3302,3247,3228,1461,3318,8083,3272,3261,6775,3563,3886,8594,3171,3667,4269,3202,4999,6716,4142,3564,6133,1779,5746,3556,3169,1779,8233,4607,8039,2994,1141,8274,8075,3480,3922,1477,6255,10013,8215,5147,3701,3793,3053,3385,2788,1558,7730,3211,8275,4609,3484,4932,3276,8076,3976,2829,7618,7019,5718,3660,7855,3904,7309,5713,6654,4871,2411,4129
5112,5539,4993,4530,211,1963,4415,6977,5918,5983,7261,9043,8573,7091,7212,11495,7600,8365,6702,12136,5313,5959,11736,9029,6207,1630,4958,4309,7144,8503,6714,6766,1579,6613,6607,10706,4299,1349,7603,1362,3174,8760,4256,5872,3793,3959,8563,5319,3222,5785,6344,5387,542,6718,8563,7241,8124,950,7029,8569,6727,5603,6708,6668,8563,4244,8487,6925,1650,5242,7605,5513,4518,5112,8563,9851,6631,2377,5986,5772,5106,9690,5844,4200,4351,4689,4653,4275,5654,6151,1463,5901,6586,5663,7553,5074,5070,8563,4044,7627,7010,9525,1317,1960,6583,10185,1625,4993,5899,1225,9463,8669,7120,3865,6101,1765,7257,4712,5059,6166,6963,4787,6313,3793,11464,4097,4333,6791,6787,7627,5014,7235,8563,6082,5892,7078,5384,8630,1724,5665,6906,6367,8563,5413,5358,4603,8957,4470,3684,8503,6348,7553,11821,6546,6547,8612,10226,4046,3495,0,7501,5420,11137,7553,7627,4610,5940,5146,6593,6121,2307,4497,4692,7138,4671,5662,5834,5858,5915,4510,5513,6089,4931,2572,1456,2050,4984,10066,2597,4890,8759,5546,5870,7599,5154,5296,6252,4867,6983,8630,5771,2194,6663,2368,6275,5539,4442,2368,7327,6236,8264,4234,1731,7279,7281,5464,5551,3461,8239,11999,8885,6127,5684,5777,4682,5369,2114,2124,8501,4360,8371,6593,1712,5913,4929,10059,5959,4812,9602,7362,8563,5644,8626,5888,9293,7627,8569,6836,3195,2357
8294,9980,4291,4253,8116,7832,4362,9297,9100,10424,9582,3221,12187,3312,9532,2959,2373,3764,11143,7529,9753,10400,5271,3207,10907,9304,5254,6026,4470,13203,9889,2987,7437,7270,2904,2830,5645,9022,7501,7858,6451,6578,6808,10312,5903,6432,10883,9760,6887,3968,9525,9828,8003,6846,10883,8312,5110,7901,3288,12182,3569,3559,2966,7326,10883,6923,6304,4281,7508,4393,3826,9953,4468,5408,10883,3793,9807,6814,10426,10212,4619,2927,10284,4732,5408,4494,6370,4558,8835,3762,9070,10341,3942,3589,12419,4266,3974,10883,5109,12493,7668,4222,8924,6995,4766,4437,8848,5847,4115,7545,2700,6487,3379,6274,10542,9439,8340,4373,4704,9067,3654,5082,3470,5293,3469,4730,5519,9966,7445,12493,9455,4823,10883,10522,10333,8161,4999,12244,9398,4889,671,3723,10883,9853,9798,5457,3135,5646,5794,13203,3915,12419,7214,9722,8867,6430,4479,4799,7160,7905,0,4644,2601,12419,12493,5234,10380,4294,11033,4037,7036,4494,4326,3036,4296,3409,4233,5720,10356,4575,4737,3893,4249,6440,9130,7919,5279,3987,6124,4114,6576,9987,10310,3820,9595,4045,10693,4826,10158,12244,3987,6757,4177,8238,4022,9980,4431,8238,2855,3592,3132,4541,7600,3500,2697,5405,3478,6710,6056,4001,3063,3412,8866,5638,4246,9809,7258,7160,3438,4473,3123,11033,9385,3198,4125,3835,10400,5710,2839,3883,10883,6132,3564,9429,4393,12493,12182,7494,6472,7445
3970,4875,1262,1453,5000,4324,1470,5578,5380,5445,5863,4413,6988,2278,5813,4358,3458,3704,6164,6134,4649,5421,5386,4399,7107,6152,723,1898,2270,9403,4312,1953,4321,3114,2323,5214,1517,5871,3345,4706,2943,3255,3309,5334,2395,2303,7164,4656,2758,910,5806,4849,4851,3220,7164,4156,1878,4749,2155,6984,1853,2220,1908,3170,7164,3706,2981,1881,4392,1007,2792,4975,1313,763,7164,3681,6093,3707,5448,5234,1111,2455,5306,1800,1279,1484,2241,2278,5116,1514,5918,5363,1711,1379,7221,2290,946,7164,2309,7295,3512,3524,5772,3843,1708,4184,5696,1604,695,4429,3785,3164,2246,2145,5563,6287,4184,1906,291,5920,2088,494,3493,2447,4899,1697,1391,6253,3289,7295,4350,1765,7164,5544,5354,4005,251,7045,6246,365,2764,1493,7164,4749,4694,1328,4327,1517,2286,9403,1473,7221,5820,6009,5148,3107,4225,2415,3031,4789,3360,0,4213,7221,7295,1105,5402,1612,6055,1246,3528,2500,1535,2325,1514,2573,1550,2169,5377,1304,609,1215,1567,3333,5978,4411,586,3927,2867,606,3254,4882,5332,2785,4490,1012,5714,413,6445,7045,897,3650,1788,4730,1400,4875,1630,4730,2565,1361,4080,1455,4092,2466,3139,1855,1267,2581,2733,4765,4255,2531,5146,2087,1002,4705,3682,3652,3770,1672,4315,6055,6234,2316,1650,4058,5421,1581,3043,2487,7164,2505,3896,5350,3292,7295,6984,3338,2964,4293
6550,8236,4598,4551,10214,9605,4660,7553,7355,8679,7838,704,10348,2591,7788,443,1935,1248,9398,5013,8009,8655,3382,691,11194,11634,5472,6243,2205,13490,8145,2549,7832,4471,3211,1086,5862,11352,4701,7998,7043,3779,6675,8568,6048,6344,9139,8016,7957,3218,7781,8083,10546,4647,9139,5513,2594,8401,2236,10344,2226,3857,2527,4526,9139,6790,3505,2519,7903,3807,1450,8209,4965,3993,9139,1277,8062,7807,8682,8468,4764,1900,8540,5453,5624,4792,6447,4895,7091,3200,11467,8597,2512,3896,10581,3836,4281,9139,5961,10655,4869,1705,11321,7495,2693,1460,11629,5388,3530,7940,1673,3687,2351,6491,8797,11769,5541,4896,4849,7323,1987,5301,3768,6100,1825,5350,6161,8222,4645,10655,7710,4292,9139,8778,8588,5362,4038,10405,11728,3927,2346,2731,9139,8109,8054,5673,619,6298,5939,13490,3166,10581,4698,7977,7123,3631,1501,5032,8230,10004,2489,4241,0,10581,10655,5450,8636,4601,9289,3287,7628,4801,4624,2129,4594,3716,3405,5587,8611,4957,4882,3009,4556,7432,11460,9692,5498,1471,6519,4258,3089,8242,8566,1139,7850,4352,8948,5381,8414,10405,3402,7750,2615,10011,2823,8236,4729,10011,2426,2842,615,5107,9373,2190,2268,5272,3785,8172,3257,2358,547,3719,7121,5505,4654,8065,7654,7751,922,4771,607,9289,11715,3505,4423,1319,8655,5926,1811,2684,9139,5999,1047,7684,1695,10655,10344,4694,7064,7945
4428,4855,4518,4147,3087,2478,4163,5431,5234,5299,5716,9672,8321,6678,5667,10811,9041,8963,6018,11451,4629,5275,11052,9658,6637,4506,4592,3625,7842,1272,6030,6353,3357,5947,6133,10022,3708,4225,5954,4238,4952,8076,3572,5187,4164,3274,7017,4635,2538,5310,5660,4703,3419,6034,7017,6557,7439,3826,6555,8316,6253,6029,9634,6002,7017,3560,7802,8152,3428,4876,9900,4828,4044,4745,7017,8672,5947,4725,5302,5088,4631,9006,5159,4641,3760,4214,3969,4716,4970,5676,4339,5217,7356,5189,7983,4974,4595,7017,4747,8057,6098,8840,4194,4836,7539,9501,4501,4309,5425,3465,8779,7985,6646,3181,5417,4641,6567,5153,4693,5482,7733,4420,5918,4886,10780,4538,3982,6100,6121,8057,4330,6551,7017,5397,5208,6388,5017,8378,4600,5093,9453,5893,7017,4729,4673,3919,9586,4108,4055,1272,5874,7983,11136,5856,5001,7928,9542,4853,2811,2876,9595,4893,10453,0,8057,3925,5256,4534,5909,5646,2844,4938,4229,9236,4208,5267,5360,5174,5231,4035,4987,5615,4456,4351,4332,2565,4617,9382,4375,4415,7967,4862,5186,9893,4470,4821,5568,4501,6292,8378,5297,4668,7433,2883,7045,4855,4324,2883,6965,5761,9339,4149,2245,9574,9374,4780,5077,2776,7554,11312,9514,6302,5000,5093,4208,4684,3401,2661,9029,4366,9574,5909,4588,6087,4431,9375,5275,4128,8918,8318,7017,4960,9155,5203,8608,8057,8316,6152,3565,5233
4981,3768,8565,8193,7133,6524,8210,5858,5595,4764,6143,10224,2938,10533,6093,11363,9594,9516,5141,12004,3541,5712,11605,10211,3022,8553,6802,5965,8395,5318,6450,10208,7404,6080,10870,10575,7754,8271,6087,8285,8138,8629,4125,5624,8210,5165,7444,3548,5007,6871,6021,4293,7465,6441,7444,6977,7992,7873,8352,2934,8050,11516,10187,6135,7444,4113,8355,8705,7475,7086,10452,4242,8090,6955,7444,9224,6367,8771,4766,3908,7684,9559,4282,8687,7806,8261,5615,8763,5331,8950,8386,4081,7909,7951,431,9021,7518,7444,8794,0,6231,9393,8240,8883,8092,10053,8547,5932,7884,7512,9332,8537,8443,5357,4540,8688,6957,8728,6903,6128,8285,6630,11427,8932,11332,8584,5963,6527,6254,0,3264,7104,7444,4520,4673,6814,7227,2995,8647,8281,10005,7902,7444,3638,3586,5871,10139,6318,8101,5318,7433,431,11689,6282,5428,8481,10094,8900,5280,6923,10148,7103,11006,431,0,6135,5692,8580,5032,7207,6890,8985,8275,9788,8254,9314,8122,6004,3765,8082,7197,7175,8503,8397,8378,6611,6827,9739,8422,7178,8520,3774,4049,10446,3382,7584,4691,6711,6718,2995,7756,8714,7985,6929,7598,3768,8371,6929,10085,8180,9891,8195,6292,10127,9927,5610,7839,6823,8107,11865,10067,11378,5361,5923,8254,3597,7938,6708,9582,8413,10127,5032,8634,11164,8478,9928,5712,6338,9470,8871,7444,5790,9707,4668,9161,0,2934,6303,7612,9280
2794,3700,1944,2334,3770,3232,2351,4530,4332,4397,4814,5039,5813,3025,4765,4984,4958,4330,5116,6819,3473,4373,6419,5025,6118,5190,911,849,3013,8414,3263,2700,3295,2066,3005,5840,1266,4908,2297,3555,2447,3443,2134,4286,2512,1255,6116,3480,1710,1653,4758,3801,4102,2171,6116,3108,2806,3655,2899,5808,2596,2901,3754,2121,6116,2658,3170,2624,3366,1195,3539,3927,2231,1065,6116,4039,3793,3210,4400,4186,1793,3203,4258,2482,1028,2402,1193,2772,4068,2548,5023,4315,2455,2060,6045,2972,1627,6116,2990,6119,2464,4208,4877,3503,2451,4868,5184,499,1472,3403,3430,3352,2990,1097,4515,5325,3136,2588,1012,4580,2832,739,4174,3129,5583,2379,834,5198,2240,6119,3175,1351,6116,4495,4306,2957,1336,5870,5283,1412,4265,2236,6116,3574,3518,280,4954,997,2403,8414,2216,6045,6504,4954,4100,3295,4909,3097,1983,3559,3513,1233,4840,6045,6119,0,4354,2293,5007,1989,2435,3181,2532,3072,2395,3254,2232,1311,4329,2223,1306,1957,2248,2836,5015,3319,936,4553,2854,1287,3442,3707,4284,3533,3315,1693,4666,820,4145,5870,1644,3153,2531,3637,2143,3700,2512,3637,3313,2437,4706,2336,2999,3213,4640,917,1949,1533,2922,5449,4881,3174,4098,1230,1684,3529,2589,2559,4396,2554,4941,5007,5271,2959,2332,4742,4373,476,3467,3230,6116,1457,4522,4302,3976,6119,5808,2290,2754,3931
2653,4001,6796,6999,5990,5381,7016,3065,2094,1420,3350,9052,5081,9361,3300,10191,8422,8344,2478,10532,3774,11,9955,9039,5927,7409,5763,4796,6922,8223,3657,9036,6260,4919,9698,9403,6118,7128,4546,7141,6944,7156,4358,68,7016,3855,4651,3781,3733,5561,2420,1163,6322,5713,4651,4184,6520,6729,7130,5077,6578,10344,9015,5407,4651,4346,6883,7233,6331,6047,9280,1288,6896,5917,4651,8052,3574,7628,1423,1547,6645,8387,1619,7493,5880,7067,4305,7934,1846,7583,7243,1676,6437,6912,5314,7691,6479,4651,7915,5388,4671,8221,7097,7739,6619,8881,7404,4623,5583,6368,8160,7065,7271,4048,1877,7544,4200,7637,5864,3335,7063,5591,10255,8104,10160,7390,4653,3734,4659,5388,3497,5632,4651,1857,1329,4021,6188,5138,7503,6264,8833,6429,4651,3871,3819,4562,8967,5279,6907,8223,6124,5314,10217,3489,2635,7008,8922,8071,4006,5779,8976,6064,9834,5314,5388,5097,0,7145,2368,5897,5747,8156,7081,8616,7060,10203,7084,4694,1691,6887,6158,5866,6862,7254,7235,5468,5788,8567,7278,6139,7048,4008,1645,9274,3616,6545,1695,5672,3925,5138,5553,7571,6513,5786,6125,4001,7176,5786,8913,6708,8719,7001,5148,8955,8755,4300,6801,3947,6635,10693,8895,10206,1876,4613,6536,3830,6795,5564,8410,7218,8955,2368,7491,9992,7184,8756,11,5299,8298,7398,4651,4481,8535,799,7989,5388,5077,4873,6418,8136
4662,5568,292,922,4502,3826,939,6270,6073,6138,6555,4212,7681,2261,6506,4158,3673,3535,6857,6232,5341,6114,5669,4199,6911,5654,1817,2590,2222,9207,5575,1936,3823,4378,1719,3607,1867,5372,4608,4208,2445,4394,4002,6026,1897,2995,7856,5348,3450,1605,6498,5542,4353,4483,7856,5419,2573,4250,2138,7676,1836,1616,2507,4433,7856,4116,4120,2034,3894,2102,2775,5667,578,1971,7856,3540,6786,3209,6141,5926,995,2439,5998,1091,1919,424,2934,925,5809,1263,5420,6056,1695,775,8257,1686,381,7856,1479,8331,4776,3992,5274,3345,2403,4208,5198,2297,1720,3931,2666,4302,2229,2838,6256,5789,5447,740,1268,7058,2071,1646,1978,1660,4924,1199,2380,6945,4552,8331,5043,2460,7856,6236,6047,5269,1596,7738,5748,1127,2979,1476,7856,5442,5386,2021,4127,2517,1788,9207,1668,8257,5917,6701,5840,4246,4249,1166,3723,4291,3575,1207,4013,8257,8331,1797,6095,0,6748,1941,3030,1251,420,2308,983,1326,942,3357,6070,505,1301,1909,219,2834,5480,3913,1843,3758,2368,710,4392,5575,6024,2768,5183,820,6407,1390,7137,7738,1591,3152,1929,4231,2095,5568,1006,4231,3127,1344,3434,924,3594,2449,3354,3042,663,3274,3872,4790,4055,1927,5839,3275,326,5397,3644,3153,3670,923,3541,6748,5735,1712,485,4083,6114,2229,2702,2577,7856,3769,3796,6042,3986,8331,7676,4601,2466,3795
3721,3403,6575,7066,6004,5395,7083,3759,2789,1332,4044,8965,4065,9273,3995,10104,8334,8256,169,10744,3176,2055,10345,8951,5240,7424,5542,4705,7135,7536,4352,8948,6274,4820,9610,9315,5897,7142,4827,7156,6930,7369,2865,1967,7294,3905,5345,3183,3747,5611,3114,1262,6336,5181,5345,4879,6732,6744,7093,4060,6790,10256,8927,4875,5345,2853,7095,7445,6346,5826,9193,1137,6963,5696,5345,7965,4269,7750,1335,1471,6424,8299,749,7404,5659,7134,4355,7846,2540,7746,7257,1703,6649,6692,4627,7603,6258,5345,7877,4701,4971,8133,7111,8042,6832,8794,7418,4672,6624,6383,8072,7278,7183,4098,492,7559,4895,7600,5643,4030,7026,5370,10167,8016,10073,7301,4703,4428,4994,4701,2878,5844,5345,511,1241,4716,5967,4122,7517,7022,8746,6642,5345,3276,3221,4612,8879,5059,7185,7536,6174,4627,10429,4184,3329,7221,8835,7984,4020,5793,8888,5844,9746,4627,4701,4876,2036,6590,0,5947,6291,8068,7148,8529,7127,10115,6863,4744,844,6955,5937,5916,6641,7375,7249,5482,5568,8479,7393,5918,7260,3409,1671,9186,3017,6324,1014,5451,4620,4122,6496,7693,6726,5800,6338,3403,7244,5800,8826,6921,8632,7068,5163,8867,8667,4350,6580,3962,6847,10605,8807,10119,2571,4663,6315,3232,6444,5579,8322,7286,8867,0,7505,9904,6963,8668,2055,5078,8211,7611,5345,4530,8448,1237,7901,4701,4060,5043,6730,7118
3943,4849,1974,2165,5571,5037,2182,6126,5928,5294,6411,3326,6962,1183,6361,3271,2365,2649,6013,5144,4622,5270,4782,3313,7808,6864,2458,2834,1134,10103,4412,1049,4892,3215,2527,2721,2453,6583,3446,5418,3655,3231,3283,5183,3107,2951,7712,4629,3694,442,6354,4698,5563,3320,7712,4257,1410,5461,1050,6957,747,2423,1651,3270,7712,3397,2957,945,4963,867,1888,4824,2025,1053,7712,2654,4942,4419,5297,5083,1823,1552,5155,2512,2215,2196,3054,2336,5664,1189,6823,5212,606,1624,7194,2502,1658,7712,3021,7268,3613,3106,6677,4555,1240,3322,6408,2421,590,5000,2103,3140,1141,3070,5412,6999,4285,2151,1908,5896,983,2286,3436,3159,4037,2409,2327,6795,3389,7268,4324,1297,7712,5393,5203,4106,1098,7019,6958,987,2776,387,7712,4722,4667,2326,3241,2454,2998,10103,227,7194,4829,6551,5696,3083,3363,2577,3967,5360,1862,1301,3127,7194,7268,2041,5251,1856,5904,0,4240,3212,2096,1421,2226,2785,1190,2194,5226,2016,1941,205,1812,4045,6690,5123,2483,2872,3579,1318,3229,4856,5181,1882,4464,1256,5563,2030,5294,7019,462,4362,841,5442,932,4849,2342,5442,1661,417,2548,2167,4804,1562,2698,1880,1512,3518,2709,3903,3168,2105,5695,2112,1714,4678,4713,4364,2784,2384,2655,5904,6946,1890,1895,3196,5270,2473,1949,1489,7712,2606,2909,6258,2250,7268,6957,3439,3676,5005
4216,4643,3086,2624,1540,1078,2509,5219,5021,5086,5504,7381,7676,5246,5454,7326,5652,6520,5805,8889,4416,5062,8490,7367,5310,2960,2982,3412,5238,7606,5811,4921,861,4520,4701,9809,2322,2678,4751,1710,1744,5514,3359,4975,1816,3062,6805,4423,2325,3878,5447,4490,1680,4626,6805,6338,4846,1298,5123,7672,4821,4568,5450,4576,6805,3347,5240,5019,932,3266,5760,4616,2612,3136,6805,6381,5728,2229,5089,4875,3199,5424,4947,2294,2375,2782,2560,2369,4757,4244,2793,5004,4680,3757,6656,3168,3163,6805,2400,6730,4918,6278,2647,2596,4676,7193,2537,2901,3993,969,8566,5423,5214,2968,5204,3095,6354,2806,3083,5269,5056,2810,4480,2539,7909,2190,2690,5888,4695,6730,4117,3851,6805,5185,4995,6175,3407,7733,3053,3758,4958,4461,6805,4516,4461,2986,7296,2827,1707,7606,4441,6656,8574,5643,4789,5366,7235,2506,2598,1329,5553,3513,7182,6656,6730,2517,5043,3240,5696,4214,0,2591,2786,5293,2765,3828,3928,3766,5018,2603,3377,4183,3024,1855,2785,1165,3007,6743,1879,2983,5512,4649,4973,5753,4257,3389,5355,2891,6080,7733,3865,2172,4756,1483,4368,4643,2536,1483,5533,4329,6419,2327,846,5434,5333,3372,3645,2564,4992,7775,7223,4870,4787,3685,2776,4472,1053,204,6738,2453,6526,5696,3041,4655,3022,7068,5062,2647,8705,5455,6805,3552,6864,4991,6046,6730,7672,4744,1218,2993
5917,6823,1464,1161,3675,3500,1141,8434,7376,7441,8719,5418,10049,3467,8669,5363,3286,4741,8160,8284,6596,7417,6875,5405,7683,4963,3200,3972,4314,9979,6386,3142,2996,5189,2878,4988,2742,4681,5419,3516,2119,5743,5257,7329,1571,4377,10020,6603,4832,2954,7801,6845,3661,5294,10020,6231,3923,3559,3406,10044,3897,2640,3083,5244,10020,5371,5470,4095,3067,3484,3981,6970,1688,3353,10020,5457,6916,2373,7444,7229,2276,3840,7301,1110,2794,1463,4316,441,7112,2421,4729,7359,3756,1934,9029,922,2240,10020,548,9103,5587,5568,4583,2654,3752,5414,4507,3793,3069,3104,3613,5652,3497,4220,7559,5098,6259,877,2650,8408,4133,3028,2551,730,5746,1099,3065,8248,5363,9103,6298,3809,10020,7539,7350,6080,2945,10106,5057,2834,2592,3537,10020,6696,6641,3403,5333,3202,1462,9979,3517,9029,7969,8004,8004,5595,5455,200,5106,3464,3188,2589,5219,9029,9103,3180,7398,1312,8051,3290,2704,0,1295,3514,1254,1900,2105,4434,7373,1544,2683,3259,1267,1999,4788,3587,3225,4964,1683,2059,5438,6830,7327,3974,6438,2465,7710,2772,7267,10106,2941,2316,3832,3906,3445,6823,1025,3906,3703,3406,4640,1412,3268,3655,2967,4040,1822,4656,5222,6278,5261,2503,7142,4353,1852,6652,2818,2828,4876,942,4747,8051,5044,2288,1094,5289,7417,3066,3751,4532,10020,4447,5002,7345,5336,9103,10044,5412,2140,3104
4749,5655,450,502,4082,3406,519,6358,6160,6225,6642,5162,7768,3027,6593,5107,3512,4454,6944,6989,5429,6201,6135,5149,6491,5234,1905,2677,3019,8787,5630,2702,3403,4433,2482,5964,1447,4953,4663,3788,2025,4448,4089,6113,1477,3083,7944,5435,3538,1660,6586,5629,3933,4538,7944,5474,2628,3831,2905,7764,2603,2379,3270,4488,7944,4203,4175,2631,3474,2189,3541,5755,393,2059,7944,4431,6160,2789,6228,6014,981,3205,6086,882,1499,168,3021,1221,5896,2026,5000,6143,2462,1538,7837,1330,945,7944,1391,7911,4830,4273,4854,2925,2458,5127,4778,2384,1774,3511,3432,4357,2996,2925,6343,5369,5502,1036,1355,7113,2838,1733,2274,1534,5842,779,1960,7033,4607,7911,5130,2515,7944,6323,6134,5323,1650,7825,5328,1214,2818,2243,7944,5529,5473,2108,5077,2097,1368,8787,2222,7837,6674,6788,5928,4300,5168,1462,3811,3871,3414,1295,4963,7837,7911,1885,6182,533,6835,1996,2610,1581,0,3074,563,1622,1709,3411,6157,249,1388,1964,410,2415,5060,3493,1930,4677,1949,765,4447,5662,6112,3535,5270,1171,6494,1477,6511,7825,1646,2732,2538,3811,2150,5655,680,3811,3315,2111,4829,504,3174,3215,3193,3097,1426,3361,3927,5708,5005,2690,5926,3330,557,5484,3224,2734,4520,722,5065,6835,5316,2475,787,5001,6201,1771,3469,3237,7944,3343,4645,6130,4041,7911,7764,4656,2046,3375
5000,5906,2609,3222,6628,6094,3239,7903,7706,6351,8188,2519,8019,567,8139,2464,1570,1842,7071,5583,5679,6328,3976,2506,8865,7922,3515,3891,1706,11161,5469,519,5949,4272,2194,1914,3510,7640,4503,6475,4712,4348,4340,6240,4165,4008,9490,5686,4751,1499,8132,5756,6620,4378,9490,5314,3164,6518,820,8014,810,2840,497,4328,9490,4454,4075,1517,6020,1924,1081,5881,3082,2110,9490,1847,5999,5476,6354,6140,2881,230,6212,3570,3272,2967,4111,3039,7442,1947,7881,6269,1178,2327,8251,2766,2453,9490,3592,8325,4670,2299,7735,5612,2001,2515,7466,3478,1647,6057,457,4257,911,4127,6470,8057,5342,2854,2966,7673,895,3343,2751,3774,3230,3467,3809,8572,4447,8325,5381,2354,9490,6450,6260,5163,2155,8076,8015,2044,1329,1255,9490,5780,5724,3384,2434,3511,4056,11161,1447,8251,5268,8328,7473,4200,2556,3280,5024,6417,1472,2358,2320,8251,8325,3098,6308,2559,6961,1568,5297,3365,2799,0,3283,2699,1893,3251,6284,3074,2999,1424,2515,5102,7747,6181,3541,2065,4636,2375,3659,5913,6238,1075,5521,1959,6621,3088,6351,8076,1519,5419,1412,6499,1263,5906,3119,6499,1410,1123,1741,3224,5861,756,1251,2937,2215,4575,3827,3097,2362,2368,7472,3169,2511,5735,5771,5421,1977,3036,1848,6961,8003,2153,2598,2390,6328,3530,493,1124,9490,3663,2103,8035,2471,8325,8014,4496,4734,6062
5046,5952,593,351,4506,3830,459,7642,8101,6649,7927,5586,9281,3078,7878,5531,2949,4353,7368,7413,5725,6625,6559,5573,6915,5658,2329,3101,3443,9211,5515,2753,3827,4318,2028,4651,1871,5376,4549,4212,2449,4789,4386,6537,1901,3506,9228,5732,3961,2084,8526,6053,4357,4423,9228,5360,3052,4254,3017,9277,2150,1799,2695,4373,9228,4500,4515,3055,3898,2613,3592,6178,817,2482,9228,4586,6045,3213,6652,6438,1405,3503,6509,824,1923,592,3445,658,6320,1572,5424,6567,2009,1084,8261,767,1369,9228,1211,8335,4716,4697,5278,3349,2882,5026,5202,2922,2198,3935,3275,4697,3108,3349,6767,5793,5388,473,1779,7454,2385,2157,1710,1393,5408,822,2384,7457,4492,8335,5427,2939,9228,6747,6558,5209,2074,9338,5752,1963,2255,1790,9228,5825,5770,2532,5501,2521,1792,9211,2646,8261,7098,7212,7212,4641,5067,899,4235,4295,2851,1719,5387,8261,8335,2309,6606,441,7259,2420,3034,984,424,3125,0,1059,1255,3563,6581,673,1812,2388,396,2838,5484,3917,2354,4576,2373,1189,4567,5959,6536,3586,5567,1595,6918,1901,6396,9338,2070,3156,2962,4235,2574,5952,738,4235,3315,1658,4252,639,3598,3267,2630,3169,972,3785,4267,5941,5429,2115,6350,3482,981,5781,3648,3157,4944,655,5488,7259,5739,1900,223,4900,6625,2195,3414,3661,9228,3709,5069,6553,4465,8335,9277,4541,2470,3799
6408,7314,1955,1713,4914,5192,1821,9268,9071,8035,9553,4379,10643,2427,9503,4324,2168,3702,8754,7442,7087,8011,5835,4365,8277,7251,3691,4463,3548,10573,6877,2102,4235,5680,1646,3870,3233,6969,5911,5804,3811,6549,5748,7923,3263,4868,10854,7094,5323,3446,9496,7439,5949,5785,10854,6722,4414,5847,2366,10639,2647,1018,2044,5735,10854,5862,6275,3359,4306,3975,2941,7564,2179,3844,10854,3707,7407,4575,8038,7824,2767,2722,7895,2192,3285,1954,4807,1320,8806,1953,7016,7953,3020,1632,9623,1726,2017,10854,1769,9697,6078,4159,6870,4941,4244,4375,6795,4284,3560,4343,2495,6458,2457,4711,8153,7386,6750,1833,3141,9038,2732,3519,930,1950,4628,2190,3746,8843,5854,9697,6789,4301,10854,8133,7944,6571,3436,10700,7344,3325,1474,2801,10854,7187,7132,3894,4294,3883,3154,10573,2993,9623,7127,8598,8838,6401,4416,1457,5597,4703,2070,3081,4180,9623,9697,3671,7992,1803,8645,3115,4396,1225,1786,2474,1756,0,2275,4925,7967,2035,3174,2971,1758,4200,7076,5279,3716,3925,2922,2551,6547,7321,7922,2935,6929,2087,8304,3263,7758,10700,3432,4518,3255,5597,3936,7314,1891,5597,2663,2670,3600,2001,4960,2615,1849,4531,1520,5147,6027,5160,4221,1463,8837,4844,2343,7143,4056,4519,3837,1933,3707,8645,7332,1249,1585,4249,8011,3557,2633,2961,10854,5071,3962,7939,4331,9697,10639,5903,3832,5391
4977,5883,1169,1839,5386,4711,1856,6585,6388,6453,6870,3505,7996,1553,6820,3450,3455,2827,7172,6402,5656,6429,4961,3491,7786,6539,2132,2905,2392,10082,5319,1228,4707,4122,1884,2900,2741,6257,4352,5092,3330,4676,4317,6341,2782,3310,8171,5663,3765,1887,6813,5857,5238,4227,8171,5163,2855,5135,1492,7991,2005,1781,1170,4177,8171,4431,4402,2203,4779,2416,2067,5982,1346,2286,8171,2832,5849,4093,6455,6241,1498,1731,6313,2187,2286,1580,3249,1652,6123,515,6305,6370,1864,468,8228,1283,853,8171,2205,8302,4519,3285,6159,4230,2685,3500,6083,2611,2002,4816,2282,4585,1583,3153,6571,6674,5191,1467,1583,7341,2241,1961,2216,2387,4216,2084,2398,7260,4296,8302,5358,2742,8171,6551,6362,5012,1878,8053,6633,1442,2761,1645,8171,5756,5701,2335,3419,2525,2673,10082,1837,8228,6087,7016,6155,4528,3542,1893,4038,5176,3357,1522,3305,8228,8302,2112,6410,1173,7063,2223,3915,2219,1412,1600,1901,1565,0,3639,6385,1691,1616,2192,1128,3719,6364,4798,2158,3050,3253,992,4478,5890,6339,2060,5498,923,6722,1705,6200,8053,1874,4036,2099,5116,2377,5883,1732,5116,1789,1514,2726,1842,4479,1741,3136,3325,356,3589,4154,4082,3347,1341,6154,3557,1125,5712,4529,4038,2962,1650,2833,7063,6620,1877,1211,3375,6429,2544,2318,2087,8171,3513,3088,6357,3508,8302,7991,4345,3351,4680
2744,3650,3116,3306,4866,4328,3323,4190,4534,4096,4475,5397,5763,3524,4425,5342,4100,4688,4815,7177,3424,4072,6777,5383,6609,6286,2083,1945,3502,8905,2820,3199,4391,1623,4176,6198,2437,6004,1854,4651,3618,3801,2084,3984,3684,1753,5776,3430,2805,2152,4960,3500,5198,1729,5776,2665,3164,4751,3398,5758,3095,4073,3801,1678,5776,2198,3528,3554,4462,2367,4038,3625,3166,2236,5776,4397,3350,4486,4098,3884,2965,3702,3956,3654,2200,3337,1855,3944,4270,3336,6119,4013,2954,3232,5995,4144,2799,5776,4162,6070,2021,4566,5973,4778,2940,5226,6280,1213,2174,4499,3929,3710,3488,1871,4214,6421,2693,3759,2184,4256,3331,1911,5077,4301,5941,3551,1439,5022,1798,6070,3125,1850,5776,4194,4005,2514,2508,5820,6379,2669,5436,2735,5776,3524,3468,1142,5312,1599,3575,8905,2714,5995,6862,4282,3760,3653,5267,4268,3079,4655,4011,2384,5198,5995,6070,1304,4052,3465,4705,2488,3531,4353,3704,3571,3367,4426,3403,0,4028,3158,2478,2456,3420,4112,6111,4414,2108,4911,4129,2459,3800,3657,3982,4032,3265,2865,4365,1992,3702,5820,2143,4429,3020,4733,2632,3650,3484,4733,3811,2924,5064,3308,4095,3712,5811,399,3120,2629,3280,5807,5239,4345,4300,157,2855,3479,3685,3655,4754,3526,5299,4705,6367,4131,3503,5100,4072,1648,3965,3719,5776,1116,4880,4000,4334,6070,5758,1847,3466,3854
2987,2668,5840,6332,5270,4661,6348,3990,3792,999,4275,8230,3221,8539,4225,9369,7600,7522,1919,10010,2442,1722,9611,8217,4396,6689,4807,3971,6400,6692,4582,8214,5540,4086,8876,8580,5162,6408,4093,6421,6196,6635,2130,1634,6559,3171,5576,2448,3013,4877,4218,528,5601,4447,5576,5109,5998,6009,6358,3216,6056,9522,8192,4141,5576,2118,6361,6711,5611,5092,8458,478,6229,4961,5576,7230,4500,7015,1002,143,5689,7565,1060,6670,4925,6399,3621,7112,3528,7011,6522,529,5915,5957,3783,6869,5524,5576,7143,3857,4236,7399,6376,7308,6097,8059,6684,3938,5890,5648,7338,6543,6449,3363,1318,6824,5089,6866,4909,4041,6291,4636,9433,7281,9338,6567,3969,4659,4260,3857,2143,5110,5576,1298,908,4946,5233,3278,6783,6287,8011,5908,5576,2542,2486,3877,8145,4324,6450,6692,5439,3783,9695,4415,3560,6487,8100,7249,3286,5059,8154,5109,9011,3783,3857,4141,1702,5856,1810,5213,5556,7334,6414,7794,6393,9381,6128,4010,0,6220,5203,5181,5907,6641,6515,4748,4833,7745,6658,5184,6526,2675,497,8452,2283,5590,1274,4717,4851,3278,5762,6958,5991,5066,5603,2668,6509,5066,8091,6186,7897,6334,4428,8132,7933,3616,5845,3227,6113,9871,8073,9384,3559,3929,5580,2497,5710,4844,7588,6551,8132,1810,6771,9170,6228,7934,1722,4344,7476,6877,5576,3796,7713,903,7167,5088,4776,4309,5996,6383
4467,5373,585,1040,4586,3911,1056,6075,5877,5942,6360,4879,7485,2755,6310,4825,4122,4171,6661,6706,5146,5918,5853,4866,6658,5739,1622,2395,2706,8954,4809,2420,3907,3611,2168,5681,1614,5457,3842,4074,2530,4166,3806,5831,1982,2800,7661,5153,3255,1377,6303,5347,4438,3717,7661,4653,2345,4335,2622,7481,2319,2065,2956,3667,7661,3921,3892,2517,3979,1906,3258,5472,132,1776,7661,3880,5339,3293,5945,5731,698,2922,5803,1387,1666,174,2738,1865,5613,1926,5839,5860,2178,1224,8004,2135,662,7661,1896,8079,4009,3990,5693,3430,2175,4844,5274,2215,1492,4016,3149,4074,2713,2642,6061,5874,4681,1574,1073,6831,2555,1451,3069,2034,5559,1284,2127,6750,3786,8079,4847,2232,7661,6041,5851,4502,1368,7542,5833,932,3252,1959,7661,5246,5191,1825,4794,2264,1873,8954,1940,8004,6391,6506,5645,4018,4885,2002,3528,4376,4024,1012,4680,8004,8079,1602,5899,539,6552,1713,3115,2086,1122,2792,1101,2418,1395,3129,5874,0,1106,1681,416,2919,5565,3998,1648,4394,2453,482,3968,5379,5829,3252,4987,888,6211,1195,5690,7542,1364,3237,2413,4316,1867,5373,1217,4316,3032,1828,4547,1042,3679,2933,3803,2463,1112,3078,3644,5426,4722,2376,5643,2776,275,5202,3729,3238,4237,1259,4782,6552,5820,2161,1495,4719,5918,2034,3186,2954,7661,3002,4362,5847,3758,8079,7481,3835,2551,3880
4734,5639,883,1074,4620,3945,1090,7202,7118,6209,7487,5146,7752,2501,7438,5091,3898,3765,6928,6973,5413,6185,6119,5133,7020,5773,1889,2661,2452,9316,5075,2165,3941,3878,1944,3837,1975,5491,4109,4108,2564,4421,4073,6098,2016,3067,8789,5419,3522,1644,7544,5613,4472,3984,8789,4920,2612,4369,2367,7748,2065,1840,2732,3933,8789,4187,4148,2263,4013,2173,3004,5739,934,2043,8789,4146,5605,3327,6212,5998,732,2668,6070,1421,2028,1104,3005,1899,6854,1487,5873,6127,1924,1000,8366,1911,566,8789,1930,8440,4276,4257,5727,3464,2442,4437,5308,2482,1759,4050,2895,4330,2458,2909,6327,5908,4948,1527,1339,7086,2300,1717,2845,2068,5153,1318,2489,7017,4052,8440,5114,2499,8789,6308,6118,4769,1634,7809,5867,1524,3027,1705,8789,5513,5457,2092,5061,2626,1907,9316,2206,8366,6658,6772,6773,4273,4479,2036,3795,4410,3799,1279,4947,8366,8440,1869,6166,897,6819,1980,3149,2120,1156,2537,1135,2193,1171,3123,6141,925,0,1948,948,2953,5599,4032,1914,3987,2487,226,4420,5646,6096,2998,5254,637,6478,1462,5957,7809,1630,3271,2158,4350,2134,5639,1251,4350,2777,1573,3663,1076,3713,2678,3579,2729,888,3345,3899,5019,4989,2152,6885,3042,623,5469,3763,3272,4504,1293,3770,6819,5854,1937,1271,4312,6185,2301,2931,3221,8789,3269,4629,6114,4025,8440,7748,4102,2585,3914
3880,4785,1916,2106,5512,4994,2123,5675,5478,6802,5960,3357,6898,1074,5910,3302,2256,2680,7521,5299,4559,6778,4551,3344,7744,6806,2399,3172,1025,10040,4349,1081,4833,3152,2558,2752,3008,6524,3382,5000,3596,2780,3219,6690,3049,2888,7261,4565,4032,473,5903,6206,5504,3257,7261,4193,1043,5402,941,6894,639,2455,1679,3207,7261,3333,2507,836,4904,809,1919,6331,1966,994,7261,2578,4879,4210,6804,6590,1765,1929,6662,2454,2152,2137,2991,2744,5213,1220,6765,6719,497,2032,7131,2534,1599,7261,2962,7205,3549,2688,6619,4496,873,3353,6926,2338,531,4941,1994,2689,1032,3006,6920,6941,4221,2559,1850,5445,874,2228,3467,3101,4068,2351,2665,6344,3326,7205,4260,1234,7261,6900,6711,4042,1039,6955,6899,928,2667,278,7261,4659,4603,2263,3272,2791,2940,10040,258,7131,4984,6100,5245,2632,3394,3068,4305,5301,1893,1242,3158,7131,7205,2379,6758,2265,7411,283,4198,3153,2504,1449,2168,2816,1221,2130,6734,1958,1883,0,2220,3836,6631,5081,2425,2903,3520,1259,2666,4792,6688,1913,4400,1665,7071,1972,5230,6955,403,4153,732,5399,565,4785,2284,5399,1693,448,2579,2109,4762,1594,2589,1816,1921,3855,2258,3935,3200,2136,5244,2049,1656,4615,4655,4322,2815,2326,2686,7411,6887,1921,2304,3228,6778,2811,1840,1652,7261,2543,2941,5807,2456,7205,6894,3375,3618,4946
4888,5794,203,833,4412,3737,849,7357,6298,6363,7642,4327,9188,2386,7592,4272,3787,3649,7082,6346,5567,6340,5783,4313,6822,5565,2043,2816,2337,9118,5230,2050,3733,4033,1833,3722,1777,5283,4263,3900,2356,4575,4227,6252,1808,3221,8943,5574,3676,1798,6724,5768,4263,4138,8943,5074,2766,4161,2252,9183,1950,1730,2621,4088,8943,4342,4302,2148,3805,2327,2889,5893,488,2197,8943,3654,5760,3119,6366,6152,1119,2553,6224,1213,1829,335,3160,973,6034,1377,5330,6281,1809,889,8168,1801,485,8943,1721,8242,4430,4107,5185,3256,2596,4322,5100,2636,1913,3842,2780,4484,2343,3063,6482,5700,5102,788,1494,7240,2185,1872,2025,1708,5038,1110,2291,7171,4207,8242,5269,2653,8943,6462,6272,4923,1789,9245,5659,1353,2917,1590,8943,5667,5612,2246,4241,2428,1699,9118,1782,8168,6031,6927,6927,4427,4364,1214,3949,4202,3689,1433,4127,8168,8242,2023,6320,107,6973,2134,2941,1299,331,2422,894,1374,1056,3278,6295,416,1527,2102,0,2745,5390,3824,2069,3872,2279,903,4574,5800,6250,2882,5408,924,6632,1616,6111,9245,1785,3062,2043,4142,2288,5794,1053,4142,2662,1458,3548,835,3504,2563,3468,2884,777,3499,4054,4904,4169,2041,6064,3197,393,5623,3555,3064,3784,970,3655,6973,5646,1826,532,4197,6340,2102,2816,2691,8943,3423,3910,6268,3452,8242,9183,4256,2377,3705
6418,7400,3688,3225,2913,3269,3111,8282,7224,7289,8567,7982,9879,5858,8517,7927,6189,7122,8008,9809,7173,7265,9159,7969,7513,2954,3651,4597,5809,9809,8020,5522,1934,6009,5302,7194,2992,2672,6239,1507,1803,6183,5562,7177,2485,5264,9868,7180,4528,4480,7649,6693,1652,6114,9868,6451,5448,1550,5725,9874,5422,4275,5380,6064,9868,5550,5910,5620,2046,3935,6361,6818,3213,3805,9868,6982,7937,374,7292,7077,3801,6025,7149,2895,3044,3384,4941,2971,6960,4846,2720,7207,5281,4358,8859,3770,3765,9868,2739,8933,6407,7093,2574,666,5278,7795,2489,4418,4595,1825,6516,6092,5816,5171,7407,3089,6479,3407,4176,7472,5658,3479,5081,2488,8510,2792,3509,8096,6183,8933,6875,5335,9868,7387,7198,6300,4471,9936,3048,4360,5496,5062,9868,7273,7218,3806,7897,3646,2376,9809,5042,8859,9494,7852,7852,6035,7836,3108,4801,2703,6091,4115,7783,8859,8933,4034,7246,3703,7899,4816,2795,3192,3387,5894,3366,4430,4529,5254,7221,3205,4209,4784,3626,0,2779,3356,3676,7345,1202,3585,6182,7406,7175,6355,7014,3991,7558,3560,8288,9936,4466,317,5358,3674,4970,7400,3138,3674,6135,4931,7021,2929,3036,6036,5870,4860,4246,4766,5661,8376,7825,4799,6990,5173,3377,7229,2056,2739,7340,3055,7885,7899,3035,4585,3624,7669,7265,4114,6289,6057,9868,4892,7465,7193,6861,8933,9874,6232,2486,1095
5963,6390,5662,5199,3341,2814,5085,7827,6769,6834,8112,9957,9424,7942,8062,9902,10576,9216,7553,12986,6163,6810,12587,9943,7058,907,5872,5160,7783,9354,7565,7617,2067,7463,7277,11557,5213,515,8453,2095,4024,9611,5107,6722,4706,4809,9413,6170,4073,6454,7194,6238,1275,7569,9413,8092,7422,1683,7699,9419,7397,6453,7558,7519,9413,5095,9337,7595,2501,6156,8456,6363,5188,6026,9413,8957,7482,3110,6837,6622,5775,10541,6694,4869,5265,5358,5503,4945,6505,7003,2161,6752,7256,6332,8404,5744,5739,9413,4713,8478,7861,10375,2015,2693,7252,11035,2006,5844,6569,1958,10314,9520,7790,4716,6952,1042,8002,5381,5973,7017,7632,5700,7164,4309,12315,4766,5184,7641,7638,8478,5865,6742,9413,6932,6743,7929,6445,9481,1235,6334,7757,7037,9413,6264,6208,5454,9871,5321,4597,9354,7017,8404,12671,7397,7397,9463,11077,4896,4346,3131,8352,6089,9757,8404,8478,5460,6791,5677,7444,6790,3157,5167,5362,7989,5341,6350,6504,6709,6766,5179,6183,6759,5600,3423,0,2901,5897,9449,3448,5559,9502,6397,6720,8449,6005,5965,7103,5781,7833,9481,6441,2927,7332,3219,6944,6390,5112,3219,8178,6905,9115,4903,2581,8130,8131,6314,6221,4311,9089,12849,9799,6978,6535,6628,5352,6219,2964,2975,9314,5029,9222,7444,989,6763,5598,10910,6810,5663,10452,8031,9413,6495,9440,6738,10143,8478,9419,7687,4269,3090
4018,4445,3984,3505,1443,377,3391,5021,4823,4888,5306,9261,7478,6154,5256,10400,8631,8553,5607,11041,4218,4865,10642,9248,5112,2863,3863,3214,6105,7408,5613,5818,1714,5518,5598,9611,3204,2581,5748,2595,2626,7665,3161,4777,2698,2864,6607,4225,2127,4776,5249,4293,1775,5623,6607,6140,7029,2183,6021,7474,5718,5738,6843,5573,6607,3149,7392,5916,1785,4147,6657,4418,3509,4017,6607,8261,5530,3081,4891,4677,4097,8596,4749,3175,3256,3680,3558,3251,4559,5142,2696,4806,5577,4654,6458,4050,4061,6607,3282,6533,5916,8430,2550,3193,5574,9090,2857,3899,4891,1822,8369,7574,6111,2770,5007,2998,6050,3687,3964,5071,5954,3692,5361,3928,10369,3072,3571,5690,5692,6533,3920,6141,6607,4987,4797,5977,4289,7535,2957,4656,9042,5358,6607,4318,4263,3509,9176,3698,2589,7408,5338,6458,10726,5446,4591,7518,9131,3388,2400,1233,9185,4483,10042,6458,6533,3515,4845,3999,5498,5112,1101,3472,3668,8825,3647,4710,4825,4763,4820,3501,4577,5080,3922,2707,2689,0,3889,8972,2732,3881,7664,4452,4775,6651,4060,4287,5158,3773,5882,7535,4762,3024,5654,564,5266,4445,3418,564,6431,5227,8928,3209,537,6331,8964,4369,4542,2366,7144,10904,9104,6262,4590,4682,3673,4274,2248,1030,8619,3335,9163,5498,2944,6048,3904,8965,4865,3717,8507,6353,6607,4549,8744,4793,8198,6533,7474,5741,2100,3590
3664,4570,1561,1751,5069,4393,1768,5896,5698,5760,6180,4596,6683,2748,6131,4541,3312,3888,6479,6376,4343,5736,5977,4583,7481,6488,468,2212,2699,9776,4133,2412,4390,2936,2621,5398,1831,6207,3166,4556,3012,3000,3004,5648,2694,2617,7482,4350,3072,1369,6124,5164,5107,3041,7482,3978,2364,4656,2614,6678,2312,2518,2368,2991,7482,3118,2727,2510,4461,752,3251,5289,1611,505,7482,3596,4663,3776,5763,5548,1410,2915,5620,2099,1593,1782,2556,2389,5434,1918,6322,5678,2171,1677,6915,2589,1244,7482,2607,6989,3334,3765,6176,4141,2167,4425,6483,2033,1030,4498,3142,2909,2705,2460,5878,6623,4006,2204,323,5665,2547,156,3522,2746,5140,1996,1705,6564,3110,6989,4045,1338,7482,5858,5669,3827,719,6740,6582,795,3705,1952,7482,4443,4388,1643,4511,1832,2585,9776,1932,6915,6061,6320,5466,2853,4466,2630,3346,4858,3224,545,4397,6915,6989,1419,5717,1910,6370,1705,3597,2715,2149,2784,1813,2871,1849,1915,5692,1603,923,1674,1865,3402,6314,4480,0,4111,3165,904,2999,4577,5646,3244,4185,1310,6029,132,5014,6740,1356,3719,2247,4799,1859,4570,1929,4799,3024,1820,4263,1754,4161,2925,4256,1600,1566,2896,2479,5007,4439,2829,5464,1833,1301,4399,3751,3721,3954,1971,4498,6370,6570,2615,1949,4300,5736,1896,3178,2946,7482,2327,4079,6027,3533,6989,6678,3159,3033,4496
5573,7259,3899,3960,8076,7259,4068,6576,6379,7703,6861,1604,9372,2156,6812,1549,3255,370,8422,4080,7033,7679,2356,1285,10218,9369,4307,5078,1423,12514,5233,1898,7397,4036,3461,2406,4697,9088,4266,7563,5878,3343,5511,7591,5612,5179,8162,7039,6981,2819,6805,7107,8068,4212,8162,5077,2158,7662,1836,9367,1826,3358,2500,4091,8162,5625,3070,2083,7468,3372,1570,7232,4530,3558,8162,641,5763,6774,7706,7491,4328,3220,7563,5017,4459,4201,5282,4382,6115,2800,9328,7621,2076,3198,9604,3436,3583,8162,5526,9679,4433,679,9182,7060,2258,689,9490,4223,3095,7505,2993,3252,1951,5326,7821,9504,5105,4197,4413,6346,1588,4136,4370,5117,1405,4914,4996,7245,4210,9679,6734,3128,8162,7801,7612,4926,3603,9429,9463,3492,3666,2186,8162,7133,7077,4509,1519,4698,5503,12514,2766,9604,3765,7001,6146,3195,731,4623,7254,7865,3809,3806,1405,9604,9679,4285,7660,3903,8313,2888,6463,4373,4033,2270,4003,3719,2960,4422,7635,4521,4446,2465,3858,6399,9195,7346,4333,0,6084,3823,2088,7266,7589,1564,6874,3278,7972,4217,6114,9429,2967,6717,2179,7664,2279,7259,4138,7664,2550,2443,1271,4672,7027,1790,3588,4107,3086,5762,2822,1271,1447,3039,6145,4340,3855,7088,6617,6587,505,4180,1507,8313,9451,2824,3832,564,7679,4761,3131,2140,8162,4834,631,6708,851,9679,9367,4259,5899,7510
5789,6589,2420,1957,2038,2640,1843,7653,6595,6660,7938,6714,9250,4590,7888,6659,5027,6006,7379,8541,6362,6636,7687,6701,6884,3377,2769,3373,4541,9180,7391,4254,1359,4590,4034,5926,2110,3096,4821,1525,922,5301,4933,6548,1820,3778,9239,6369,3899,3212,7020,6064,2076,4695,9239,5640,4180,1625,4457,9245,4154,3030,4135,4645,9239,4921,5028,4352,1430,3053,5093,6189,1945,2923,9239,5714,7308,736,6663,6448,2533,4757,6520,1627,2162,2116,3717,1703,6331,3578,3291,6578,4013,3090,8230,2502,2497,9239,1471,8304,4988,5825,3145,1028,4010,6679,3452,3194,3327,1467,5354,5210,4548,3621,6778,3512,5668,2139,2908,6843,4390,2598,3813,1220,7394,1524,2699,7467,4764,8304,6064,4067,9239,6758,6569,5489,3203,9307,3471,3092,4333,3794,9239,6463,6407,2995,6629,2836,1711,9180,3774,8230,8226,7223,7223,5153,6720,1473,4172,1827,4929,2847,6515,8230,8304,2810,6617,2435,7270,3548,1889,1924,2119,4626,2098,3162,3261,3835,6592,1937,2941,3516,2358,362,3203,2727,2795,6229,0,2317,5300,6596,6546,5087,6204,2723,6929,2678,7659,9307,3198,679,4090,3045,3702,6589,1870,3045,4867,3663,5753,1661,2407,4768,4708,3441,2978,4137,4780,7260,6557,3554,6361,3754,2109,6418,1180,1834,6072,1787,6617,7270,3459,3340,2356,6553,6636,2434,5021,4789,9239,4081,6197,6564,5593,8304,9245,4813,968,1456
4044,4950,716,847,4394,3719,864,5652,5455,5520,5937,4457,7063,2322,5888,4402,3731,3749,6239,6179,4723,5496,5430,4444,6794,5547,1200,1972,2314,9089,4386,1997,3715,3189,1777,3669,1749,5265,3419,3882,2337,3732,3384,5408,1790,2377,7238,4730,2832,954,5881,4924,4245,3294,7238,4231,1923,4143,2199,7058,1897,1674,2565,3244,7238,3781,3458,2095,3787,1484,2836,5049,707,1353,7238,3457,4916,3101,5523,5309,506,2500,5380,1195,1354,878,2316,1672,5191,1503,5312,5438,1756,833,8140,1744,400,7238,1703,8214,3587,3568,5166,3237,1752,4422,5082,1679,1069,3824,2727,3640,2290,2220,5638,5682,4259,1382,650,6397,2133,1028,2946,1842,5137,1092,1465,6327,3363,8214,4425,1810,7238,5618,5429,4080,945,7120,5640,509,2860,1537,7238,4824,4768,1403,4372,1592,1681,9089,1517,8140,5864,6083,5222,3584,4463,1809,3106,4183,3633,589,4258,8140,8214,1180,5477,731,6130,1290,2923,1894,930,2369,909,2027,1004,2706,5452,699,683,1259,781,2727,5372,3806,1225,3972,2261,0,3545,4957,5407,2830,4565,465,5789,772,5267,7120,941,3044,1833,4124,1445,4950,1025,4124,2609,1406,4124,850,3486,2510,3412,2392,721,2656,3210,5003,4299,1985,5221,2624,456,4779,3537,3046,3815,1067,4359,6130,5628,1770,1104,4296,5496,1656,2763,2532,7238,2580,3940,5424,3336,7369,7058,3412,2359,3687
4651,6337,3948,4139,8315,7706,4156,5654,5456,6780,5939,3035,8449,3166,5889,2980,4685,1869,7499,3076,6110,6756,3217,3021,9295,9735,3385,4155,2053,11591,4310,3357,6333,3113,5009,3836,3774,9453,3343,6500,4955,2421,4450,6669,5081,4561,7240,6117,6058,3081,5882,6184,8647,3289,7240,4155,1627,6599,3032,8445,2730,4906,3770,3168,7240,4564,2147,2367,6404,2841,2946,6310,3999,3538,7240,1615,4840,5719,6783,6569,3797,4650,6641,4486,3537,4170,4499,4964,5192,3685,9568,6698,2360,4065,8682,4976,3632,7240,4995,8756,3511,1289,9422,6011,1727,1949,9730,3301,2564,6441,4423,2329,3123,4403,6898,9870,4183,4592,3486,5424,2645,3213,5910,5133,2664,4383,3649,6323,3287,8756,5811,2205,7240,6879,6689,4004,3072,8506,9829,2961,5097,2579,7240,6210,6155,3586,2949,3775,4972,11591,3181,8682,2761,6078,5224,2273,1990,5101,6331,8105,5239,3275,2835,8682,8756,3363,6737,4297,7390,3417,5540,5185,4537,3540,4200,5259,4236,3499,6712,3990,3807,2857,4253,5345,9561,7793,3410,1830,5362,3292,0,6343,6667,2940,5951,3697,7049,3294,5191,8506,2435,5662,2463,8112,2277,6337,4316,8112,4102,2857,2702,4141,7474,3249,5018,3185,3953,4839,1899,2531,2877,4251,5222,3417,3688,6166,5694,5664,2004,4358,2937,7390,9816,5002,4336,1824,6756,3795,4562,2533,7240,3911,2130,5785,1057,8756,8445,3336,4977,6439
2586,317,5440,5931,4869,4260,5948,3643,3380,3340,3927,7829,3520,7855,3878,8968,7199,7121,4060,9609,234,3317,9210,7816,4366,6288,4407,3570,6848,6662,4235,7813,5139,3685,8475,8180,4761,6007,3692,6276,5795,6234,1730,3229,6072,2770,5229,301,2612,4476,3806,2745,5201,4046,5229,4762,5597,5608,5957,3515,5655,6397,7792,3740,5229,1718,5960,5684,5210,4691,8057,2870,5828,4560,5229,6829,4152,6614,3343,3129,5289,7164,3201,6549,4524,5999,3220,6625,3116,5717,6122,3609,5514,5556,3752,6468,5123,5229,6656,3827,3836,6998,5976,6907,5697,7658,6283,3537,4498,5248,6937,6142,6048,2962,3459,6423,4672,6465,4508,3913,5890,4235,9032,6794,8937,6446,3568,4311,3859,3827,567,4709,5229,3439,3249,4599,4832,3577,6382,4993,7610,5507,5229,281,391,3476,7744,3923,5963,6662,5039,3752,9294,4067,3213,6086,7700,6762,2885,4658,7753,4708,8611,3752,3827,3629,3297,5789,3950,4812,5156,6846,6013,7394,5992,7051,5727,3609,3293,5819,4802,4780,5506,6240,6114,4347,4432,7540,6258,4783,6232,0,3578,8051,694,5189,3610,4316,4503,3577,4467,6557,5590,4665,5203,317,6108,4665,7690,5785,7496,5933,4027,7732,7532,3215,5444,3251,5712,9472,7672,8983,3146,3528,5179,154,5309,5279,7187,6150,7732,3950,6370,8769,5827,7533,3317,3943,7075,6476,5229,3395,7312,3245,6766,3827,3515,3908,5595,5983
2941,2623,5795,6286,5224,4615,6303,3945,3747,953,4229,8185,4736,8211,4180,9324,7555,7476,1284,9965,2396,1676,9565,8171,5582,6644,4762,3925,7203,7877,4537,8168,5494,4040,8831,8535,5117,6362,4047,6376,6151,6589,2085,1589,6514,3125,5531,2403,2967,4831,4173,482,5556,4401,5531,5064,5952,5964,6313,4731,6010,9476,8147,4095,5531,2073,6316,6665,5566,5046,8413,432,6183,4916,5531,7185,4454,6970,956,354,5644,7519,426,6991,4879,6354,3575,7067,3483,6966,6477,31,5869,5912,4968,6823,5478,5531,7098,5042,4191,7354,6331,7262,6052,8014,6638,3893,5844,5603,7292,6498,6404,3318,684,6779,4974,6821,4863,3995,6246,4591,9387,7236,9293,6888,3923,4613,4214,5042,2098,5064,5531,664,862,4901,5188,4793,6738,6242,7966,5862,5531,2496,2441,3832,8099,4279,6405,7877,5394,4968,9650,4369,3515,6441,8055,7204,3240,5014,8108,5064,8966,4968,5042,3984,1657,6144,1175,5167,5511,7288,6368,7749,6347,9335,6083,3964,497,6175,5158,5136,5861,6596,6469,4702,4788,7895,6613,5138,6588,2630,0,8406,2238,5544,834,4671,4805,4793,5716,6913,5946,5020,5558,2623,6464,5020,8046,6141,7852,6288,4383,8087,7887,3570,5800,3182,6067,9827,8027,9339,3513,3883,5535,2452,5664,4799,7542,6506,8087,1175,6725,9124,6183,7888,1676,4298,7431,6831,5531,3751,7668,858,7122,5042,4731,4263,5950,6338
6303,7989,3645,3706,7693,9359,3814,7306,7109,8433,7591,1759,10102,1902,7541,1497,1688,1372,9152,5113,7762,8409,3506,1745,10948,8987,5226,5996,1383,13244,7898,1644,7014,4571,2964,839,5615,8705,4801,7181,5778,3879,5405,8321,5230,5074,8892,7769,7711,2565,7534,7837,7685,4747,8892,5613,2694,7280,1582,10097,1572,3104,2281,4626,8892,5519,3605,1938,7086,2990,296,7962,3822,3176,8892,1377,7816,6391,8435,8221,3946,1653,8293,4185,5378,3947,5177,4128,6844,2546,8946,8350,1939,2944,10334,3182,3329,8892,4721,10408,4969,1829,8800,6678,2793,2045,9107,5142,2712,7123,1426,3787,1698,6244,8551,9122,5641,3943,4031,7076,1334,5054,3521,4863,2760,4532,5490,7975,4745,10408,7464,2756,8892,8531,8342,5462,3220,10159,9081,3110,2100,1932,8892,7863,7807,5427,1674,5616,5121,13244,2512,10334,4798,7731,6876,3731,2086,4369,7984,7482,2242,3423,1139,10334,10408,5204,8390,3649,9043,2634,6363,4119,3779,1883,3749,3465,2707,4316,8365,4028,4064,2211,3604,6017,8812,9446,5251,1595,5701,3440,3189,7996,8319,0,7604,3024,8702,4153,8167,10159,2584,6334,1854,9764,2025,7989,3884,9764,2296,2189,934,3994,9126,1536,2021,4002,2832,7926,3357,2627,1601,2785,6875,4235,3601,7818,6836,6486,1507,3926,925,9043,9068,2570,3578,1798,8409,5680,1565,1886,8892,4729,1633,7438,2001,10408,10097,4794,5799,7128
2194,687,5048,5539,4477,3868,5556,3251,2988,2948,3535,7437,3128,7463,3486,8576,6807,6729,3667,9217,460,2925,8818,7424,3974,5896,4015,3178,6456,6270,3843,7421,4747,3293,8083,7788,4369,5615,3300,5884,5403,5842,1338,2837,5680,2378,4837,467,2220,4084,3414,2353,4809,3654,4837,4370,5205,5216,5565,3123,5263,6135,7400,3348,4837,1325,5568,5292,4818,4429,7665,2478,5436,4298,4837,6437,3760,6222,2951,2737,5026,6772,2809,6244,4262,5606,2828,6319,2724,5268,5730,3217,5122,5294,3360,6206,4861,4837,6350,3435,3444,6606,5584,6515,5305,7266,5891,3145,4106,4855,6545,5750,5656,2570,3067,6031,4386,6073,4246,3521,5498,3973,8640,6489,8545,6140,3176,3919,3467,3435,377,4317,4837,3047,2857,4207,4570,3185,5990,4601,7218,5115,4837,560,505,3084,7352,3531,5657,6270,4647,3360,8902,3675,2821,5694,7307,6456,3308,4266,7361,4446,7238,3360,3435,3237,2905,5193,3558,4420,4763,6541,5621,7001,5600,6659,5465,3217,2901,5427,4540,4388,5244,5848,5722,3955,4170,7148,5866,4521,5733,694,3186,7659,0,4927,3218,4054,4111,3185,4075,6165,5198,4273,4811,687,5716,4273,7298,4856,7104,5541,3635,7340,7140,2823,5182,2859,5320,9080,7280,8591,2754,3136,4917,516,4917,4887,6795,5758,7340,3558,5978,8377,5565,7141,2925,3681,6683,6084,4837,3003,6920,2853,6374,3435,3123,3516,5203,5591
4402,5307,807,1264,4811,4136,1281,6010,5812,5877,6295,4814,7420,2690,6245,4759,3269,4106,6596,6641,5081,5853,5787,4801,7211,5964,1557,2330,2641,9506,4744,2354,4132,3546,2134,4971,1948,5682,3777,4299,2754,4101,3741,5766,2207,2735,7596,5087,3190,1312,6238,5281,4662,3652,7596,4790,2280,4560,2557,7416,2254,2031,2310,3602,7596,4138,3827,2452,4203,1841,3193,5407,771,1711,7596,3814,5273,3518,5880,5666,923,2857,5738,1612,1711,1295,2673,1902,5548,1916,6064,5795,2113,1190,7653,2102,491,7596,2120,7727,3944,3925,5918,3654,2110,4779,6225,2150,1427,4240,3596,4009,2648,2577,5995,6099,4616,1717,1008,6765,2490,1385,3035,2259,5494,1509,1823,6685,3721,7727,4782,2167,7596,5976,5786,4437,1257,7477,6057,866,2576,1894,7596,5181,5125,1760,4729,1949,2098,9506,1875,7653,6326,6441,5580,3953,4820,2143,3463,4600,3171,947,4615,7653,7727,1537,5834,824,6487,1648,3339,2228,1662,2726,1325,2384,1361,3064,5809,1116,1041,1616,875,3144,5789,4223,1583,4329,2678,417,3903,5314,5764,3187,4922,0,6146,1130,5625,7477,1298,3461,2190,4541,1802,5307,1442,4541,2967,1763,4481,1266,3903,2868,2950,2397,1078,3013,3579,5360,4657,2342,5578,2710,549,5137,3954,3463,4172,1484,4717,6487,6045,2127,1461,4654,5853,2013,3735,2889,7596,2937,4297,5782,3693,7727,7416,3770,2776,4104
3380,3062,6364,6725,5663,5054,6742,3419,2448,992,3703,8624,3724,8932,3654,9763,7994,7915,1123,10404,2835,1714,10004,8610,4546,7083,5331,4364,7642,6842,4011,8607,5934,4479,9270,8974,5686,6801,4486,6815,6590,7028,2524,1627,6953,3564,5005,2842,3406,5270,2774,922,5995,4840,5005,4538,6392,6403,6752,3719,6449,9915,8586,4534,5005,2512,6755,7105,6005,5615,8852,796,6622,5485,5005,7624,3928,7409,994,1131,6213,7958,409,7430,5448,6793,4014,7506,2200,6510,6916,1362,6308,6481,3933,7392,6047,5005,7537,4007,4630,7793,6770,7701,6491,8453,7077,4332,5292,6042,7731,6937,6843,3757,522,7218,4554,7260,5432,3689,6685,5160,9827,7675,9732,7327,4362,4087,4653,4007,2537,5503,5005,502,901,4375,5757,3781,7177,6681,8405,6301,5005,2935,2880,4271,8539,4718,6844,6842,5834,3933,10089,3843,2989,6880,8494,7643,3679,5453,8547,5633,9405,3933,4007,4423,1695,6379,1014,5606,5950,7727,6808,8188,6786,9774,6652,4404,503,6614,5726,5575,6430,7035,6908,5141,5357,8334,7052,5707,6919,3069,1331,8845,2677,6113,0,5240,4279,3781,6155,7352,6385,5459,5997,3062,6903,5459,8485,6580,8291,6727,4822,8526,8327,4009,6369,4045,6507,10267,8466,9778,2230,4323,6104,2891,6104,5238,7981,6945,8526,1014,7164,9563,6752,8327,1714,4867,7870,7270,5005,4190,8107,896,7561,4007,3719,4703,6389,6777
3589,4495,1429,1620,4937,4262,1636,5821,5623,5628,6106,4521,6608,2639,6056,4466,3625,3813,6347,6301,4268,5604,5902,4508,7290,6357,393,2081,2590,9586,4058,2303,4258,2861,2490,5323,1699,6075,3092,4425,2880,2926,2929,5517,2562,2486,7407,4275,2941,1261,6049,5032,5269,2966,7407,4105,2289,4524,2506,6603,2203,2386,2259,2916,7407,3043,2652,2401,4329,677,3142,5158,1480,397,7407,3521,4588,3644,5631,5417,1278,2806,5489,1967,1462,1650,2424,2258,5359,1865,6190,5546,2062,1546,6840,2457,1112,7407,2476,6914,3259,3690,6044,4010,2059,4350,6351,1901,955,4366,3033,2834,2597,2328,5746,6492,3931,2073,192,5590,2439,81,3391,2614,5065,1864,1574,6490,3035,6914,3970,1263,7407,5727,5537,3752,611,6665,6450,687,2931,1843,7407,4368,4313,1511,4436,1700,2453,9586,1824,6840,5986,6245,5391,2778,4391,2499,3214,4726,3527,413,4322,6840,6914,1288,5585,1778,6238,1597,3465,2583,2018,2675,1681,2739,1717,1840,5560,1471,792,1565,1733,3270,6182,4349,173,4036,3033,772,2924,4502,5515,3136,4110,1178,5897,0,4939,6665,1247,3587,2139,4667,1751,4495,1797,4667,2916,1712,4188,1622,4029,2817,3306,1525,1434,2764,2404,4932,4364,2698,5389,1758,1169,4324,3619,3589,3879,1839,4423,6238,6438,2483,1817,4225,5604,1764,3070,2838,7407,2252,4004,5533,3458,6914,6603,3085,2902,4365
3088,5850,6358,6272,7041,6432,6289,3385,3843,4794,3670,8074,6931,6280,3620,8019,9179,7366,6231,9854,5623,4734,9455,8061,7776,8460,5298,5847,5482,10072,1877,5955,7311,2369,7418,10160,5688,8179,1995,8192,6137,6478,3681,4646,6500,5497,4971,5630,4784,4908,4269,4916,7373,3163,4971,935,5842,7780,6154,6926,5851,7315,6542,2857,4971,3795,6205,5093,7382,5582,6794,5042,6170,5452,4971,7074,347,6956,4796,5301,6207,9144,5373,6977,5450,6340,4339,7053,3579,6148,8294,5430,4924,6474,7163,7386,6041,4971,7084,7237,2121,7243,8148,8790,4920,7903,8455,3953,4930,7419,8917,6387,6245,5403,5630,8595,915,6807,5399,4393,5300,5127,8044,7222,8618,6874,3909,2261,2109,7237,5346,4527,4971,5611,4703,1471,5724,6987,8554,5800,9591,5491,4971,5720,5668,3818,7989,4387,6391,10072,5471,7163,9539,1521,2955,6330,7944,7190,5057,6830,9733,5621,7875,7163,7237,4092,4715,6373,6122,5244,6798,7275,6355,9374,6334,7393,6645,3608,5444,6161,5720,5213,6424,6582,8286,6519,5324,7784,6599,5701,6369,5857,5399,6788,5465,6107,5781,5208,0,6987,4899,6899,5000,6837,4612,5850,6450,6837,6568,5680,7741,6275,6199,6468,9512,3467,6363,4999,5957,8484,7916,6714,3610,3527,6097,5679,7846,6615,7432,6492,7976,6122,8542,7373,6557,7777,4734,4407,9055,5699,4971,2645,7557,4173,7011,7237,6926,2323,5937,6324
4181,2968,7165,7526,8128,7519,7543,5058,4796,4936,5343,9425,57,9733,5293,10564,8795,8716,4341,11204,2741,4912,10805,9411,4017,9547,6132,5165,8443,6313,5650,9408,8398,5280,10070,9775,6487,9266,5287,9279,7391,7829,3325,4824,7754,4365,6644,2748,4207,6071,5221,4340,8459,5641,6644,6177,7192,8867,7553,62,7250,10716,9387,5335,6644,3313,7556,7905,8469,6416,9653,4465,7423,6286,6644,8425,5568,8210,4939,3108,7014,8759,3483,8231,6249,7594,4815,8307,4531,7256,9380,3281,7109,7282,3403,8193,6848,6644,8338,3477,5431,8594,9234,9877,7292,9254,9542,5133,6093,8506,8532,7738,7644,4558,3740,9682,6193,8060,6233,5328,7486,5960,10627,8476,10533,8128,5163,5727,5454,3477,2464,6304,6644,3721,4845,6014,6557,0,9641,7482,9206,7102,6644,2838,2786,5072,9339,5519,7645,6313,6634,3403,10890,5483,4628,7681,9295,8444,4480,7917,9348,6434,10206,3403,3477,5224,4893,7180,4232,6407,7885,8528,7608,8989,7587,8646,7453,5204,2965,7415,6527,6376,7231,7836,9373,7606,6158,9135,7853,6508,7720,2975,3250,9646,2583,6914,3891,6041,5919,0,6956,8153,7186,7924,6798,2968,7704,7924,9286,7381,9092,7528,7286,9327,9127,4810,7170,4846,7307,11067,9267,10579,4562,5123,6905,2797,6904,7702,8782,7746,9327,4232,9629,10364,7553,9128,4912,5668,8671,8071,6644,4991,8908,4840,8362,3477,62,5503,7190,7578
3599,4505,1513,1703,5250,4575,1720,5782,5585,6909,6067,3601,6618,1466,6017,3546,3709,2893,7628,5428,4279,6885,4574,3588,7650,6403,1996,2769,1458,9945,4069,1141,4571,2872,2573,4402,2388,6121,3102,4738,3194,2887,2939,6797,2646,2608,7368,4285,3629,98,6010,6313,5101,2977,7368,4115,1067,4999,1340,6613,1037,2470,1644,2927,7368,3053,2614,1070,4643,406,1980,6438,1563,591,7368,2870,4599,3957,6911,6697,1362,1644,6769,2051,2150,1734,2710,2341,5320,1250,6503,6826,900,1629,6850,2541,1196,7368,2559,6925,3269,2712,6357,4093,896,3566,6664,1509,128,4680,1871,2796,1430,2726,7027,6538,3941,2157,1447,5552,1276,1825,3474,2698,4281,1948,2262,6451,3046,6925,3980,953,7368,7007,6818,3762,636,6675,6496,526,3015,677,7368,4379,4323,2199,3516,2388,2537,9945,662,6850,5113,6207,5352,2739,3607,2665,3902,5040,1953,839,3402,6850,6925,1976,6866,1862,7519,434,3779,2750,1786,1513,1765,2823,1195,1850,6841,1555,1480,403,1817,3583,6228,4662,2022,3116,3117,856,2689,4512,6795,1974,4120,1262,7178,1569,4950,6675,0,3900,976,4980,589,4505,1881,4980,1753,866,3268,1706,4342,1654,3390,1536,1518,3452,2366,4147,3443,1816,5351,1768,1253,4334,4393,3902,2959,1923,3503,7519,6484,1982,1901,3440,6885,2452,1907,1676,7368,2262,3084,5914,2480,6925,6613,3095,3215,4543
6101,7082,3371,2908,2596,2952,2793,7965,6906,6972,8250,7665,9562,5541,8200,7610,6120,6737,7691,9492,6856,6948,8842,7652,7196,2637,3334,4280,5492,9491,7702,5137,1616,5497,4985,6809,2674,2355,5727,1190,1486,5866,5245,6860,2168,4947,9551,6862,4210,4163,7332,6376,1335,5602,9551,6336,5131,1233,5407,9557,5105,3974,5079,5552,9551,5232,5592,5303,1729,3618,5976,6501,2896,3487,9551,6665,7620,767,6974,6760,3484,5640,6832,2578,2726,3067,4624,2653,6642,4529,2402,6889,4964,4041,8542,3452,3448,9551,2421,8616,5895,6776,2256,349,4961,7410,2564,4101,4277,1508,6447,5774,5498,4528,7090,2772,6162,3090,3858,7155,5341,3162,4685,2171,8125,2475,3192,7779,5671,8616,6557,5018,9551,7070,6881,5983,4107,9619,2730,3717,5426,4745,9551,6956,6900,3489,7580,3329,2059,9491,4726,8542,9177,7535,7535,5718,7451,2417,4484,2385,6022,3797,7466,8542,8616,3717,6928,3386,7581,4498,2448,2875,3070,5509,3049,4033,4212,4742,6904,2888,3891,4467,3309,886,2462,3038,3359,6960,885,3268,5757,7089,6858,5970,6697,3673,7241,3243,7971,9619,4149,0,5041,3357,4653,7082,2820,3357,5817,4614,6636,2612,2719,5650,5801,4348,3929,4449,5344,7991,7508,4499,6673,4661,3060,6912,1739,2392,7023,2738,6743,7581,2718,4284,3307,7284,6948,3797,5904,5740,9551,4575,7148,6876,6544,8616,9557,5720,2169,777
4925,5359,2221,2680,6085,5568,2697,5929,5731,7055,6213,2814,7472,1041,6164,2759,2223,2106,7774,4641,5132,7031,4239,2801,8318,7379,2973,3745,631,10613,4922,1365,5406,3725,2884,3615,2966,7098,3956,5573,4170,3033,3793,6943,3622,3461,7515,5139,4605,1108,6157,6459,6078,3830,7515,4969,1296,5672,907,7467,606,2780,1646,3780,7515,3907,2760,96,5478,1382,2204,6584,2540,1568,7515,1885,6438,4783,7058,6844,2338,1896,6915,3027,2728,2580,3564,2652,5467,1560,7338,6973,235,1940,7704,2851,2173,7515,3536,7778,4123,1979,7192,5070,745,2639,7500,2492,1105,5515,1961,2942,998,3580,7173,7514,4795,2467,2423,5698,520,2801,3785,3386,3354,2924,3265,6597,3899,7778,4834,1119,7515,7153,6964,4616,1613,7529,7473,1502,2634,454,7515,5232,5177,2836,2729,3365,3513,10613,894,7704,4326,6353,5499,2885,2680,2893,4879,5875,2177,1816,2615,7704,7778,2953,7012,2172,7665,1177,4772,2977,2412,1416,2741,3133,1505,2704,6987,2531,2456,732,2127,4409,7205,5655,2998,2328,4094,1833,2649,5366,6942,2197,4974,1571,7324,2545,6789,7529,976,4727,0,5973,388,5359,2857,5973,1977,732,2481,2682,5335,1878,2556,2390,1828,4429,2512,3220,2656,2126,5497,2622,2229,5188,5228,4895,2172,2899,2716,7665,7461,2206,2211,2513,7031,2993,1807,407,7515,3116,2297,6060,1747,7778,7467,3949,4191,5520
4336,4763,4302,3823,1761,695,3709,5339,5141,5207,5624,9579,7797,6472,5574,10718,8949,8871,5926,11359,4536,5183,10960,9566,5431,3181,4181,3532,6423,7726,5937,6136,2032,5836,5916,9930,3522,2899,5862,2913,2944,7984,3480,5095,3016,3182,6925,4543,2445,5094,5567,4611,2093,5941,6925,6465,7347,2501,6339,7792,6036,6056,7161,5891,6925,3467,7710,6234,2103,4466,6975,4736,3827,4335,6925,8579,5855,3399,5209,4995,4415,8914,5067,3493,3574,3998,3876,3569,4877,5460,3014,5124,5895,4972,6777,4368,4379,6925,3600,6851,6234,8748,2868,3511,5892,9408,3176,4217,5209,2140,8687,7892,6430,3089,5325,3316,6481,4005,4283,5390,6272,4010,5680,4246,10687,3390,3889,6014,6010,6851,4238,6459,6925,5305,5116,6302,4607,7854,3275,4683,6358,5676,6925,4636,4581,3827,9494,4016,2907,7726,5657,6777,11044,5770,4909,7836,9449,3706,2719,1551,6953,4504,10361,6777,6851,3833,5163,4317,5816,5430,1419,3791,4013,9143,3992,5028,5143,5081,5139,3819,4577,5398,4240,3025,3007,564,4207,9290,3050,4199,7875,4770,5093,6969,4378,4605,5476,4091,6206,7854,5080,3343,5972,0,5584,4763,3736,0,6749,5545,9246,3527,855,6650,6732,4687,4860,2684,7462,11222,9422,6580,4908,5000,3991,4592,2567,1348,8937,3653,10568,5816,3262,6366,4222,9283,5183,4036,8825,6671,6925,4867,9062,5111,8516,6851,7792,6060,2418,3908
4537,6223,2101,2292,5698,5180,2309,5541,5343,6667,5826,3443,8336,888,5776,3388,2070,2734,7386,5269,5997,6643,4416,3430,9182,6991,2585,2959,839,11478,4534,1164,5019,3337,2734,4244,2578,6710,3568,5185,3782,2646,3405,6555,3234,3073,7127,6003,3819,1234,5769,6071,5690,3443,7127,4581,909,5285,755,8332,452,2631,1492,3392,7127,3519,2372,481,5090,994,2003,6197,2152,1180,7127,2711,6050,4396,6670,6456,1950,1394,6528,2639,2340,2323,3176,2502,5079,1410,6950,6585,311,1790,8569,2702,1785,7127,3148,8643,3735,2554,6804,4682,738,3407,7112,2104,717,5127,1617,2554,846,3192,6785,7126,4407,2317,2035,5310,688,2413,3635,3286,4123,2536,2877,6210,3511,8643,5698,731,7127,6765,6576,4228,1225,8393,7085,1114,2481,304,7127,6097,6041,2448,3358,2579,3125,11478,744,8569,4955,5965,5111,2498,3449,2743,4092,5487,2624,1428,3244,8569,8643,2166,6624,2023,7277,1028,4384,3339,2262,1263,2353,2984,1356,2316,6599,2143,2068,583,1978,4021,6817,5267,2610,2957,3706,1445,2531,6230,6554,1997,5838,1851,6936,2157,6401,8393,589,4339,388,5585,0,6223,2469,5585,1828,583,3110,2294,4948,1677,2403,2002,1678,3643,2124,3989,3285,1976,5109,2234,1841,6053,4537,4507,2800,2511,3345,7277,7073,2090,2061,3282,6643,2605,1654,1517,7127,2728,2926,5672,2322,8643,8332,3561,3803,5132
2579,0,5563,5924,4862,4253,5941,3636,3373,3334,3921,7822,3513,8131,3871,8961,7192,7114,4053,9602,227,3310,9203,7809,4359,6282,4530,3563,6841,6655,4228,7806,5132,3678,8468,8173,4884,6000,3685,6269,5788,6227,1723,3222,6151,2763,5222,698,3420,4469,3799,2738,5194,4039,5222,4755,5590,5602,5950,3509,5648,6520,7785,3733,5222,1711,5953,6303,5204,4814,8050,2863,5821,4683,5222,6822,4145,6607,3336,3122,5412,7157,3194,6629,4647,5992,3213,6704,3109,5709,6115,3602,5507,5679,3746,6591,5246,5222,6735,3820,3829,6991,5969,6900,5690,7651,6276,3530,4491,5241,6930,6135,6041,2955,3452,6417,4771,6458,4631,3906,5884,4358,9025,6874,8930,6526,3561,4305,3852,3820,693,4702,5222,3432,3243,4592,4955,3570,6375,4986,7603,5500,5222,528,385,3469,7737,3916,6042,6655,5032,3746,9287,4060,3206,6079,7693,6841,3693,4651,7746,4831,7623,3746,3820,3622,3290,5578,3943,4805,5149,6926,6006,7387,5985,7044,5850,3602,3286,5812,4925,4773,5629,6233,6107,4340,4555,7533,6251,4906,6118,317,3571,8044,687,5312,3603,4439,4496,3570,4460,6551,5584,4658,5196,0,6101,4658,7683,5241,7489,5926,4020,7725,7525,3208,5567,3244,5705,9465,7665,8977,3139,3521,5302,296,5302,5272,7180,6143,7725,3943,6363,8762,5950,7526,3310,4066,7068,6469,5222,3388,7305,3238,6759,3820,3509,3901,5588,5976
5042,5948,1288,178,4006,3331,158,7639,7555,6645,7923,5582,8061,3349,7874,5527,3219,4623,7364,7409,5721,6621,6555,5569,7513,5159,2325,3098,3439,9809,5511,3024,3327,4314,2871,4921,2491,4877,4545,3494,1949,4857,4382,6534,1402,3503,9225,5728,3958,2080,7980,6049,3857,4420,9225,5558,3048,3755,3325,8056,3022,2069,2965,4369,9225,4496,4584,3051,3398,2609,3863,6175,813,2479,9225,4582,6041,2713,6648,6434,1401,3773,6506,342,2543,984,3441,688,7290,2414,5259,6563,2881,1927,8859,1037,1365,9225,719,8934,4712,4693,5113,2849,2878,5296,5420,2918,2195,3435,3546,4766,3415,3345,6763,5294,5384,743,1776,7522,3258,2153,1981,857,6011,340,2982,7453,4488,8934,5423,2935,9225,6744,6554,5205,2071,8118,5252,1634,2525,2662,9225,5822,5766,2528,5497,3119,1293,9809,2643,8859,7094,7208,7209,4709,5337,825,4231,3795,3121,1715,5383,8859,8934,2305,6602,1178,7255,2416,2534,909,1161,3396,270,1329,2098,3559,6577,805,1809,2384,1133,2339,4984,3418,2350,4846,1873,1185,4563,5955,6532,3856,5563,1591,6914,1898,6393,8118,2066,2656,2958,3736,2570,5948,0,3736,3585,2531,4522,337,3098,3537,2900,3165,1815,3781,4335,5878,5425,2385,7321,3478,977,5777,3149,2658,4940,83,5485,7255,5240,2170,960,5171,6621,2815,3684,3657,9225,3705,5065,6550,4461,8934,8056,4538,1971,3299
4336,4763,4302,3823,1761,695,3709,5339,5141,5207,5624,9579,7797,6472,5574,10718,8949,8871,5926,11359,4536,5183,10960,9566,5431,3181,4181,3532,6423,7726,5937,6136,2032,5836,5916,9930,3522,2899,5862,2913,2944,7984,3480,5095,3016,3182,6925,4543,2445,5094,5567,4611,2093,5941,6925,6465,7347,2501,6339,7792,6036,6056,7161,5891,6925,3467,7710,6234,2103,4466,6975,4736,3827,4335,6925,8579,5855,3399,5209,4995,4415,8914,5067,3493,3574,3998,3876,3569,4877,5460,3014,5124,5895,4972,6777,4368,4379,6925,3600,6851,6234,8748,2868,3511,5892,9408,3176,4217,5209,2140,8687,7892,6430,3089,5325,3316,6481,4005,4283,5390,6272,4010,5680,4246,10687,3390,3889,6014,6010,6851,4238,6459,6925,5305,5116,6302,4607,7854,3275,4683,6358,5676,6925,4636,4581,3827,9494,4016,2907,7726,5657,6777,11044,5770,4909,7836,9449,3706,2719,1551,6953,4504,10361,6777,6851,3833,5163,4317,5816,5430,1419,3791,4013,9143,3992,5028,5143,5081,5139,3819,4577,5398,4240,3025,3007,564,4207,9290,3050,4199,7875,4770,5093,6969,4378,4605,5476,4091,6206,7854,5080,3343,5972,0,5584,4763,3736,0,6749,5545,9246,3527,855,6650,6732,4687,4860,2684,7462,11222,9422,6580,4908,5000,3991,4592,2567,1348,8937,3653,10568,5816,3262,6366,4222,9283,5183,4036,8825,6671,6925,4867,9062,5111,8516,6851,7792,6060,2418,3908
7254,8940,3024,3694,7099,6565,3711,8258,8060,6815,8542,3910,8483,3109,8493,3648,1157,3404,7534,7145,8714,6791,5420,3897,8987,8399,3986,4759,3257,11936,8850,2784,6420,6231,1637,2860,4378,8117,6461,6587,5184,5538,6044,6704,4636,5164,9844,8720,5619,3741,8486,6219,7097,6407,9844,7474,4902,6995,3048,8478,2362,2528,2725,6286,9844,6158,5265,3068,6492,4271,2644,6345,3200,4140,9844,3409,8767,5797,6818,6604,3352,1711,6676,3672,4140,3434,5103,3506,7796,2495,8352,6733,2729,2322,8715,3234,2707,9844,4100,8789,6628,3861,8206,6090,4539,4077,7934,4580,3856,6529,1484,5447,3139,5007,6933,7875,7300,3321,3437,8027,2446,3815,2440,4241,3617,3938,4252,8926,6405,8789,8415,4596,9844,6914,6724,7121,3732,8540,8493,3296,1469,3499,9844,8814,8758,4190,3825,4379,4527,11936,3692,8715,6830,8682,7828,5390,4118,3747,5893,6889,1069,3376,3291,8715,8789,3966,6772,3027,7425,3813,5769,3472,3266,1941,3755,2388,2965,5493,6747,3515,3470,4046,2982,5423,8224,6652,4012,3627,5107,2846,5429,8947,6702,2637,8555,2778,7084,3559,9118,8540,3728,5741,2964,6970,2814,8940,3587,6970,0,3368,3507,3696,6333,2318,1605,4827,2210,5443,5017,4152,3752,699,7826,5140,2979,8769,6242,5892,3539,3504,3498,7425,8480,1930,3066,3952,6791,4443,1623,2676,9844,5367,3665,8389,4033,8789,8478,6454,5205,6540
3877,4783,1908,2099,5646,4987,2116,6060,5862,7186,6345,3879,6896,1279,6295,3824,2461,3170,7905,5705,4556,7162,4852,3865,7742,6798,2392,3164,1230,10037,4346,1285,4967,3149,2969,4680,2387,6517,3379,5133,3589,3165,3217,7075,3041,2885,7646,4563,4024,376,6288,6590,5497,3254,7646,4393,1344,5233,1146,6891,843,2866,1883,3204,7646,3331,2891,1041,5038,801,2124,6716,1959,987,7646,3147,4876,4353,7189,6975,1757,1785,7047,2446,2149,2130,2988,2737,5598,1645,6898,7104,702,2025,7128,2936,1592,7646,2955,7202,3547,2990,6752,4489,1174,3843,7060,2336,524,5075,2008,3073,1237,3004,7304,6933,4219,2552,1842,5830,1079,2220,3870,3093,4558,2343,2657,6729,3323,7202,4258,1231,7646,7285,7095,4040,1032,6953,6892,921,3410,483,7646,4656,4601,2260,3793,2784,2932,10037,323,7128,5390,6484,5630,3017,3884,2978,4298,5435,4006,1235,3679,7128,7202,2372,5185,2257,7796,445,4191,3145,2181,1654,2160,3219,1591,2128,5160,1950,1875,301,2213,3979,6624,5074,2417,3393,3513,1252,3163,4790,5115,2118,4398,1657,5497,1964,5227,6953,395,4296,937,5392,866,4783,2276,5392,1898,0,3546,2101,4754,1799,3785,1813,1913,3848,2643,4425,3721,2341,5628,2046,1648,4612,4647,4314,3236,2318,3781,5838,6880,2126,2296,3718,5204,2414,2045,1953,7646,2540,3362,6191,2758,7202,6891,3372,3610,4939
6223,7909,3675,3736,9888,7804,3844,7226,7029,8353,7511,814,10022,1932,7462,759,1609,1358,9072,5122,7682,8329,3491,801,10868,11308,4852,5623,1932,13164,5778,1674,7800,4581,2884,759,5242,11026,4811,7967,6423,3888,6055,8241,6157,5724,8812,7689,7631,2595,7454,7757,10220,4757,8812,5824,2703,8066,1612,10017,1602,3530,2201,4636,8812,6170,3615,2628,7872,3917,1230,7882,3852,4103,8812,1387,7736,7186,8355,8141,4873,1573,8213,5562,5004,3977,5827,4132,6765,2473,11141,8270,2621,2974,10254,3212,3359,8812,4621,10328,4978,1815,10995,7605,2803,1570,11302,4768,3640,7909,1346,3797,1727,5871,8471,11443,5650,3973,4958,6996,1364,4681,3441,4763,2746,5459,5541,7895,4755,10328,7384,3672,8812,8451,8262,5471,4148,10079,11401,4037,2020,1962,8812,7783,7727,5053,729,5678,6048,13164,2542,10254,4808,7651,6796,3740,1611,4269,7904,9677,2162,4351,615,10254,10328,4830,8310,3679,8963,2664,7008,4149,3809,1803,3779,3389,2736,4967,8285,5066,4991,2241,3634,6812,11133,7891,4878,1581,6628,4367,3199,7916,8239,934,7524,3054,8622,4761,8087,10079,3511,7130,2724,8209,2055,7909,3914,8209,2100,2219,0,5217,7572,1566,1941,4652,2862,7846,3366,2612,656,2815,6795,4885,3631,7738,7161,7131,1031,3956,106,8963,11389,2600,3608,1428,8329,5269,1485,1916,8812,5379,1157,7358,1987,10328,10017,4804,6444,8055
4824,5730,942,288,3671,3137,173,7293,7220,6300,7578,5237,7843,3113,7528,5182,3660,4528,7019,7063,5503,6276,6210,5223,7123,4964,1979,2752,3064,9419,5166,2777,2992,3969,2525,5362,2078,4683,4199,3158,1755,4523,4164,6188,1208,3157,8879,5510,3612,1734,7646,5704,3663,4074,8879,5212,2702,3561,2979,7838,2677,2181,2733,4024,8879,4278,4249,2705,3063,2263,3616,5829,468,2133,8879,4237,5696,2519,6302,6088,1055,3280,6160,613,2130,638,3096,1040,6956,2069,4924,6217,2536,1581,8469,1149,1019,8879,1015,8543,4366,4348,4778,2655,2532,5201,4499,2573,1849,3100,3987,4432,3070,3000,6418,5099,5038,855,1430,7188,2912,1808,2092,1154,5917,509,2701,7107,4143,8543,5205,2589,8879,6398,6209,4859,1679,7900,5058,1289,2967,2317,8879,5603,5548,2182,5152,2372,1098,9419,2298,8469,6748,6863,6863,4375,5243,1121,3885,3460,3562,1369,5038,8469,8543,1959,6257,958,6910,2070,2340,1206,806,3149,382,1441,1752,3486,6232,459,1463,2039,880,2145,4790,3224,2005,4751,1679,839,4521,5737,6186,3609,5345,1245,6569,1552,6047,7900,1721,2462,2612,3542,2224,5730,337,3542,3389,2185,4904,0,2904,3290,3341,3172,1469,3436,4001,5783,5079,2733,6987,3404,632,5559,2813,2464,4594,379,5139,6910,5046,2518,605,5076,6276,2435,4126,3311,8879,3360,4720,6204,4116,8543,7838,4192,1777,3105
3698,4125,3648,3266,1124,450,3071,5562,4504,4569,5847,8942,7159,5819,5798,10081,8312,8233,5288,10721,3899,4545,10322,8928,4793,2544,3544,2895,5770,7089,5300,5483,1394,5199,5263,9292,2885,2262,6188,2275,2307,7346,2842,4457,2378,2544,7148,3905,1808,4440,4930,3973,1456,5304,7148,5827,6709,1864,5685,7154,5383,5418,6523,5254,7148,2830,7073,5581,1466,3828,6322,4098,3174,3698,7148,7942,5217,2762,4572,4358,3762,8276,4429,2856,2937,3345,3239,2931,4240,4807,2377,4487,5242,4319,6139,4098,3726,7148,2962,6213,6314,8111,2231,2873,5238,8771,2538,3579,4555,1503,8049,7255,5776,2451,4687,2679,5843,3368,3645,4752,5618,3372,5042,3101,10050,2753,3252,5377,5373,6213,3600,4414,7148,4667,4478,5664,3969,7216,2637,3995,5704,5023,7148,3999,3943,3189,8856,3378,2269,7089,5004,6139,10406,5132,5132,7198,8812,3068,2081,913,6300,4075,9723,6139,6213,3195,4526,3664,5179,4776,782,3153,3348,8506,3327,4391,4490,4444,4501,3165,3939,4745,3586,2388,2369,537,3569,8652,2412,3545,7345,4132,4456,6316,3740,3951,4838,3453,5568,7216,4427,2705,5318,855,4931,4125,3235,855,6095,4892,6981,2890,0,5996,6079,4050,4207,2046,6824,10584,8784,5943,4270,4363,3338,3954,1929,710,8299,3016,8844,5179,2625,5728,3585,8645,4545,3398,8188,6017,7148,4230,8425,4473,7879,6213,7154,5422,1780,3270
6249,6517,3143,3833,7239,6705,3850,7252,7054,8379,7537,2190,8630,1179,7487,2135,1686,1512,9098,5253,6291,8355,3646,2176,9476,8533,4126,4899,1419,11772,5908,1130,6560,4711,2705,1585,4121,8251,4942,6727,5324,4019,4951,8267,4776,4620,8838,6297,5759,2111,7480,7783,7231,4888,8838,5955,2834,6826,1080,8626,1070,2758,1109,4766,8838,5065,3745,1436,6632,2536,752,7908,3320,2722,8838,1518,6438,5937,8381,8167,3492,1010,8239,4181,3884,3554,4723,3600,6790,1941,8492,8296,1437,2442,8863,2680,2826,8838,4089,8937,5109,1970,8346,6224,1833,2185,8068,3522,2258,6669,1234,3927,1195,4738,8497,8668,5781,3441,3577,7022,831,3955,2965,4230,2901,4078,4421,7921,4885,8937,5992,2254,8838,8477,8288,5602,2767,8687,8627,2656,2097,1430,8838,6391,6335,3995,2104,4519,4667,11772,2058,8863,4938,7677,6822,3871,2227,3737,6032,7029,2240,2969,1991,8863,8937,4106,8335,3146,8988,2180,5909,3616,3386,879,3895,2962,2204,3862,8311,3685,3610,1708,3101,5563,8358,6792,4152,1735,5247,2986,3330,6524,8265,746,6132,2570,8648,3699,6790,8687,2130,5880,1351,7110,1522,6517,3706,7110,1794,1735,1411,3836,6473,0,2019,3548,2330,5583,3497,2767,2032,2283,6821,3781,3098,6347,6382,6032,1648,3623,1518,8988,8614,2068,3185,2060,8355,4148,1270,1384,8838,4275,1773,7384,2142,8937,8626,4935,5345,6674
6416,8102,2770,2724,6710,6312,2832,7419,7221,8545,7704,3071,10215,1847,7654,2810,319,2566,9264,6306,7875,8522,4581,3058,11061,7900,3733,4506,2419,13356,8011,1522,6031,5392,1383,2021,4125,7618,5623,6198,4931,4700,6542,8434,4383,4911,9005,7882,7823,2502,7647,7950,6598,5569,9005,6636,4063,6496,1558,10210,1523,2029,1500,5447,9005,6656,4426,2230,6103,2928,1805,8075,2947,3887,9005,2571,7929,5408,8548,8334,3099,873,8406,3202,3887,2965,4850,3068,6957,2241,7665,8463,1891,2069,10447,2980,2454,9005,3557,10521,5790,3023,7519,5590,2714,3239,7434,4326,2650,6140,646,4608,1649,4754,8664,8035,6462,3068,3184,7189,1608,3562,1940,3698,2779,3200,3999,8088,5566,10521,7577,4159,9005,8644,8454,6283,3479,10272,7993,3043,519,1884,9005,7975,7920,3936,2986,4126,4274,13356,2450,10447,5991,7844,6989,4552,3280,3205,8097,6500,221,3123,2452,10447,10521,3713,8502,2774,9155,2572,5516,2973,2796,1102,2767,1888,2342,5453,8477,3046,3217,2428,2729,5034,7725,6399,3759,2789,4718,2593,4698,8109,8432,1799,7717,2524,8815,3306,8280,10272,2522,5351,2125,6717,1976,8102,2901,6717,761,2126,2464,3012,6079,1479,0,5138,1957,5189,4178,3313,2914,1892,6988,5371,2725,7931,5853,5639,2701,2943,2659,9155,7981,1677,2596,3113,8522,4189,784,1837,9005,5865,2826,7551,3195,10521,10210,5616,4952,6040
2430,3336,2946,3137,4882,4273,3153,3876,5309,3781,4160,5227,5449,3354,4111,5172,7488,4519,4500,7007,3109,3757,6608,5214,6295,6301,1913,1891,3312,8590,2654,3029,4336,1457,4007,6029,2268,6020,1687,4597,3449,3632,1770,3670,3514,1438,5462,3116,2751,1982,5734,3185,5214,1562,5462,2700,2995,4774,3228,5444,2926,3903,3631,1512,5462,1884,3358,2953,4408,2197,3868,3311,2997,2067,5462,4227,3184,4842,3784,3570,2795,3532,3642,3484,2030,3167,1541,3775,5045,3167,6135,3699,2784,3063,5681,3974,2629,5462,3993,5755,1854,4396,5989,5134,2780,5056,6296,1044,2004,4445,7226,3540,3319,1557,3899,6436,2526,3590,2014,3941,3160,1742,4259,4131,5772,3381,1795,4855,1631,5755,2811,1680,5462,3880,3690,2347,2339,5506,6395,2415,4448,2566,5462,3209,3154,973,5142,1430,3405,8590,2546,5681,6692,4115,3446,3484,5097,4099,3024,4671,5044,2215,5028,5681,5755,1135,3738,3295,4391,2318,3477,4183,3219,3402,3198,4256,3234,399,3713,2988,2309,2287,3012,4467,6127,4360,1939,4742,4485,2289,3630,3343,3668,3862,2951,2695,4050,1822,3535,5506,1974,4785,2860,4678,2472,3336,3314,4678,3642,2754,4894,3139,4040,3543,4823,0,2951,2574,3110,5638,5070,4176,5075,317,2686,3165,3630,3600,4585,3356,5130,4391,6383,3961,3334,4931,3757,1478,3796,3559,5462,1093,4710,3686,4164,5755,5444,1680,3822,4210
5000,5906,1192,1863,5268,4751,1879,7469,6912,6476,7754,3528,8019,1576,7704,3473,3042,2851,7195,5940,5679,6452,4984,3514,7809,6688,2155,2928,1930,10105,5342,1251,4589,4145,1907,2923,2547,6406,4375,4756,3353,4214,4340,6364,2805,3333,9055,5686,3788,1425,7337,5880,5261,4250,9055,5388,2394,4855,1846,8014,1543,1383,1193,4200,9055,4454,3941,1741,4661,1818,2090,6005,1369,2309,9055,2856,5872,3966,6478,6264,1521,1754,6336,1841,2309,1603,3272,1675,6647,538,6521,6393,1402,144,8251,1306,876,9055,2268,8325,4543,3308,6375,4253,2223,3523,6682,2749,1540,4698,3369,4123,1936,3176,6594,6823,5214,1490,1606,6879,1779,1984,1591,2410,4239,2107,2421,7283,4319,8325,5381,2280,9055,6574,6385,5036,1855,8076,6782,1465,2349,1183,9055,5780,5724,2359,3442,2548,2696,10105,1375,8251,5625,7039,7039,4066,3565,1916,4061,5058,2944,1545,3329,8251,8325,2135,6433,1196,7086,1497,3954,2242,1435,1623,1924,1588,385,3177,6408,1714,1639,1353,1151,3592,6514,4838,2181,3073,3276,1015,4016,5913,6362,2084,5521,946,6745,1728,6223,8076,1412,3909,1637,5156,1916,5906,1755,5156,1812,1052,2749,1865,4518,1764,2723,2863,0,3612,3693,4105,3370,1364,6678,3095,1148,5735,4411,4078,2986,1673,2856,7086,6769,1900,1234,3398,6452,2611,3508,2285,9055,3536,3111,6380,3046,8325,8014,4368,3374,4703
2731,3274,3310,3501,2947,2338,3518,4595,3536,3601,4880,6405,7661,4927,4830,6350,7344,5697,4320,8185,3047,3577,7786,6392,5295,4367,2277,1021,4878,7591,4332,4591,3217,3614,4371,8324,2632,4085,3845,3727,3452,4810,1874,3490,3524,962,6181,3054,914,3548,3962,3005,3279,3720,6181,4859,4173,3687,4793,7656,4491,4268,4547,3669,6181,1862,4536,4689,3289,2561,5430,3131,3361,2431,6181,5405,4249,4215,3604,3390,3159,7308,3462,4001,2394,3532,1654,4076,3272,4097,4200,3519,4350,3427,6641,4338,2994,6181,4107,6715,4012,5574,4054,4697,4346,6234,4361,1995,3172,3326,7081,4718,4884,869,3719,4502,4875,3954,2378,3784,4727,2106,4624,4246,9082,3898,1667,4409,3788,6715,2749,3424,6181,3700,3510,4696,2703,7718,4461,2779,4812,4131,6181,3147,3092,1605,6320,1794,3415,7591,4112,6641,7870,4165,4165,4662,6275,4213,1187,2737,5408,2579,6206,6641,6715,1611,3558,3659,4211,3884,2607,4298,3583,7538,3562,4621,3598,2859,3533,3352,2673,3853,3377,3841,4192,2425,2303,5920,3866,2654,4808,3281,3488,5424,2889,3059,3870,2187,4601,7718,3535,4159,4427,2743,4039,3274,3678,2743,5203,4000,6072,3503,2106,5104,5187,2465,3315,0,4288,9617,6248,4540,3302,2778,3050,3103,2761,2731,5763,3720,6308,4211,4448,4325,3698,6109,3577,1814,7220,5126,6181,2646,5888,3506,5342,6715,7656,3838,2926,4184
2311,4117,4585,4984,7153,6478,5001,3757,4101,4562,4042,6301,6230,4508,3992,6247,5083,5593,5281,8081,3890,4538,7682,6288,7076,8573,3526,3558,4376,9371,2411,4183,6474,1214,5646,7103,3915,8291,1445,6641,5096,522,2551,4451,5162,3106,5343,3897,4418,3136,4526,3966,7485,1391,5343,2458,4069,6740,4381,6225,4079,5543,4784,1269,5343,2665,248,4018,6546,3810,5022,4092,4881,3680,5343,5302,2941,5860,4565,4351,4434,4686,4423,5322,3678,5052,3208,5800,3836,4320,8406,4480,3848,4702,6462,5613,4269,5343,5831,6536,1612,5470,8260,6152,3845,6130,8567,3442,3157,6583,4913,430,4472,3224,4680,8708,2284,5518,3627,3822,4225,3354,5899,5969,6846,5219,3556,4613,1388,6536,3592,2755,5343,4661,4471,2105,3951,6287,8667,4027,6087,3719,5343,3990,3935,3727,6216,4352,5053,9371,3699,6462,7766,3873,3327,374,6172,5937,4691,6942,4995,3848,6102,6462,6536,3504,4519,4934,5172,3471,5681,6022,5066,4555,5045,5896,4873,3168,4494,4873,3948,3440,4652,5486,8398,6565,3551,5816,5503,3928,4704,4124,4449,5015,3732,4334,4831,3435,3292,6287,3127,5803,3925,6883,3537,4117,5162,6883,4795,3908,5968,4986,6245,4696,6462,3326,4590,4242,0,6712,6144,4941,3867,3087,4325,3946,5835,5805,5659,5204,6204,5172,8654,5024,4973,6005,4538,3942,4949,4624,5343,2457,5784,4467,5238,6536,6225,1437,5118,6581
6159,7845,4972,5163,8526,7846,5179,7163,6965,8289,7448,2272,9958,2824,7398,2298,3048,1078,9008,4255,7619,8265,2498,1516,10804,9946,4894,5664,2091,13100,5819,2566,7842,4622,4323,2198,5283,9664,4852,8008,6464,3929,6097,8178,6105,5765,8749,7625,7567,3486,7391,7693,8858,4798,8749,5866,2651,8108,2503,9954,2494,4182,3640,4677,8749,6211,3656,2751,7913,3865,2238,7819,5023,5047,8749,935,6349,7228,8292,8078,4821,3012,8150,5510,5046,5193,5868,5023,6701,3365,9779,8207,2744,3866,10191,4104,4655,8749,6019,10265,5020,854,9633,7553,2751,617,9940,4810,3588,7950,2785,3838,2619,5884,8407,10081,5691,4865,4995,6932,2255,4722,4880,6157,904,5407,5582,7832,4796,10265,7320,3714,8749,8388,8198,5513,4096,10015,10039,3985,3459,2963,8749,7719,7663,5095,2187,5719,5996,13100,3434,10191,3940,7587,6733,3781,659,5123,7840,8310,3601,4299,2073,10191,10265,4872,8246,4570,8899,3555,7049,5040,4700,3242,5224,4386,3628,5008,8221,5014,5315,3241,4525,6854,9771,7933,4919,975,6576,4315,2263,7852,8176,2231,7460,4721,8558,4803,6700,10015,3459,7171,2847,8251,3055,7845,5340,8251,3218,3110,1939,5165,7613,2458,3380,4694,3754,6348,3408,0,2114,3706,6731,4926,4712,7675,7203,7173,736,5382,2174,8899,10027,3492,4500,476,8265,5310,2924,2917,8749,5420,861,7294,1026,10265,9954,4845,6486,7948
5969,7655,4259,4320,8471,7655,4428,6972,6774,8098,7257,158,9768,2516,7207,150,2913,1208,8818,4973,7428,8075,3342,651,10614,9765,4703,5474,1783,12909,5628,2258,7792,4431,3821,2064,5093,9483,4662,7959,6274,3739,5906,7987,6008,5575,8558,7435,7376,3179,7200,7503,8463,4608,8558,5675,2554,8058,2196,9763,2186,3874,3506,4486,8558,6020,3465,2479,7864,3768,1848,7628,4925,3954,8558,1237,6158,7037,8101,7887,4724,2878,7959,5413,4855,4561,5677,4716,6510,3057,9724,8016,2472,3558,10000,3796,3943,8558,5205,10074,4829,1666,9578,7456,2654,1420,9300,4619,3490,7901,2651,3647,2311,5721,8217,9900,5501,4557,4809,6742,1947,4531,4746,5347,2597,5310,5392,7641,4605,10074,7130,3523,8558,8197,8007,5322,3999,9825,9859,3888,3324,2691,8558,7528,7473,4904,72,5529,5899,12909,3126,10000,4658,7397,6542,3591,1462,4853,7650,8261,3467,4201,1063,10000,10074,4681,8055,4263,8708,3248,6859,4733,4393,3108,4363,4079,3320,4817,8031,4917,4842,2969,4218,6663,9590,7742,4728,1431,6479,4218,3050,7662,7985,1842,7270,3638,8368,4612,6510,9825,3362,6980,2575,8060,2783,7655,4498,8060,2910,2803,930,5068,7422,2150,3246,4503,3446,6157,3217,2463,0,3399,6541,4735,4215,7484,7012,6982,882,4539,1165,8708,9846,3184,4192,1279,8075,5120,2789,2645,8558,5229,1008,7104,1837,10074,9763,4655,6295,7906
5386,6291,1705,2375,5781,5263,2392,7664,7466,6988,7949,3313,8404,1361,7899,3258,3083,2636,7708,6377,6065,6965,4769,3300,8322,7201,2668,3441,2482,10618,5855,1036,5102,4658,1948,2708,3277,6919,4888,5269,3866,5142,4725,6877,3318,3846,9250,6071,4301,1980,7892,6393,5773,4763,9250,5901,2948,5368,1300,8400,1582,1845,978,4713,9250,4839,4869,2293,5174,2405,1875,6518,1882,2822,9250,2641,6385,4479,6991,6777,2034,1539,6849,2354,2822,2116,3785,2188,7202,1176,7034,6906,1954,1004,8637,1915,1389,9250,2781,8711,5055,3093,6888,4766,2778,3309,7195,3261,2128,5211,1766,5051,1391,3689,7107,7336,5727,2003,2119,7434,1666,2497,3118,2923,4024,2620,2934,7796,4832,8711,5766,2835,9250,7087,6897,5548,2414,8461,7294,1978,2389,1735,9250,6165,6109,2871,3228,3061,3209,10618,1927,8637,6062,7552,7234,4994,3350,2429,4574,5570,2985,2058,3114,8637,8711,2648,6945,1709,7598,2049,4467,2852,1948,1408,2437,2198,1277,3732,6921,2227,2152,1905,1664,4105,7026,5350,2694,2859,3789,1528,4453,6298,6875,1869,5906,1459,7258,2241,6736,8461,2000,4422,2189,5669,2034,6291,2268,5669,1284,1604,2535,2378,5031,1549,2764,3417,892,4124,4621,3890,3155,0,7232,3650,1660,6121,4924,4591,2771,2185,2642,7598,7282,348,1747,3183,6965,3124,1803,1895,9250,4049,2896,6893,3265,8711,8400,4881,3887,5216
2237,2759,6346,6745,4740,4131,6762,3240,3042,3203,3525,7227,4872,5489,3475,8366,6597,6519,3922,9007,2532,3179,8608,7214,5718,6159,5286,3546,6245,8014,3832,7211,5010,3755,7873,7577,5676,5878,3762,5891,6857,5631,3095,3091,6923,3196,4826,2539,2483,4896,3468,2607,5072,4116,4826,4359,4995,5479,5355,4867,5053,8519,7189,3810,4826,3083,5358,5081,5082,5164,7455,2732,6642,5440,4826,6227,3749,6378,3206,2991,6120,6562,3063,6809,5439,6813,3890,7464,2778,5953,5993,3121,4912,6463,5104,7374,6029,4826,7318,5178,3906,6396,5847,6489,4908,7056,6154,4230,4887,5119,6335,5540,5446,3102,3321,6294,4375,7279,5387,1181,5288,5115,8430,7456,8335,6706,3903,3909,3929,5178,2234,4107,4826,3301,3112,4196,5712,4929,6253,5284,7008,4905,4826,2633,2577,3840,7142,4030,6814,8014,5460,5104,8692,3664,2810,5483,7097,7424,2756,4529,7151,5609,7028,5104,5178,3847,3160,6360,3813,5232,4497,7508,6827,6791,6806,8378,5954,5401,3135,6633,5708,5201,6411,6004,5985,4218,5312,6742,6028,5615,5630,2766,3089,7449,2374,6095,3472,5196,4101,4929,4759,6321,4988,4536,4600,2759,6922,4536,7088,5183,6894,6747,3898,7129,6930,5086,6351,2698,5110,8870,7070,8381,0,5319,6086,2588,5545,4314,6585,6964,7129,3813,6241,8167,6734,6931,3179,4049,6473,6725,4826,3599,6710,3107,6164,5178,4867,3979,5168,6886
2617,3523,3010,3200,4760,4222,3217,4063,4407,3969,4348,5291,5636,3418,4298,5236,5206,4583,4688,7071,3297,3945,6672,5278,6482,6180,1977,1840,3375,8778,2715,3093,4285,1518,4071,6093,2332,5898,1748,4546,3513,3696,1957,3857,3578,1626,5649,3303,2700,2046,4833,3373,5092,1623,5649,2761,3059,4723,3292,5631,2990,3967,3695,1573,5649,2071,3422,3017,4357,2261,3932,3498,3060,2131,5649,4291,3245,4380,3971,3757,2859,3596,3829,3548,2094,3231,1728,3839,4143,3231,6013,3886,2848,3127,5868,4038,2693,5649,4056,5943,1915,4460,5867,4673,2844,5120,6174,1108,2068,4394,3823,3604,3383,1744,4087,6315,2587,3654,2078,4129,3224,1805,4323,4195,5835,3445,1334,4917,1692,5943,2998,1744,5649,4067,3878,2408,2402,5693,6274,2478,4512,2629,5649,3397,3341,1036,5206,1494,3469,8778,2609,5868,6756,4176,3633,3548,5161,4163,2973,4550,5108,2279,5092,5868,5943,1199,3925,3359,4578,2382,3426,4247,3283,3465,3262,4320,3298,157,3901,3052,2372,2351,3076,4006,6006,4309,2003,4806,4024,2353,3694,3530,3855,3926,3138,2759,4238,1886,3596,5693,2037,4323,2924,4627,2536,3523,3378,4627,3706,2818,4958,3203,3989,3607,4887,318,3015,2523,3174,5702,5134,4240,4173,0,2750,3352,3579,3549,4649,3420,5193,4578,6261,4025,3398,4995,3945,1542,3860,3623,5649,1011,4774,3873,4228,5943,5631,1741,3361,3748
4621,5527,545,1194,4184,3576,1211,7090,7017,6097,7375,5034,7640,2910,7325,4979,3457,4325,6816,6860,5300,6073,6007,5020,6634,5893,1776,2549,2891,8930,4963,2574,3921,3766,2322,5159,1589,5612,3996,4087,2194,4320,3961,5985,2136,2954,8676,5307,3409,1531,7443,5501,4592,3871,8676,5009,2499,4490,2776,7635,2474,2219,2530,3821,8676,4075,4047,2502,3992,1923,3413,5626,222,1930,8676,4034,5493,2958,6099,5885,852,3077,5957,1541,1642,263,2893,2019,6753,1866,5437,6014,2333,1378,7980,2290,816,8676,2050,8054,4164,4145,5291,3584,2329,4998,5428,2370,1646,4029,3784,4229,2867,2797,6215,6028,4835,1905,1227,6985,2709,1605,3492,2188,5714,1438,2103,6904,3940,8054,5002,2386,8676,6195,6006,4657,1476,7697,5987,1086,2764,2114,8676,5401,5345,1980,4949,2240,2027,8930,2095,7980,6545,6660,6660,4172,5040,2156,3682,3974,3359,1166,4835,7980,8054,1756,6054,628,6707,1867,2779,2241,1276,2946,1255,2572,1549,3283,6029,149,1260,1836,505,2584,5719,3663,1802,4548,2608,636,4319,5534,5983,3407,5142,1042,6366,1349,5844,7697,1518,2901,2409,3981,2021,5527,1372,3981,3186,1982,4701,1196,3343,3087,3139,2969,1266,3233,3798,5580,4876,2530,6784,3201,0,5356,2933,2903,4391,1413,4936,6707,5975,2316,1650,4873,6073,2232,3923,3108,8676,3157,4517,6001,3913,8054,7635,3989,2216,4034
2408,296,5262,5753,8299,7690,5770,3465,3202,3163,3750,7652,3342,7960,3700,8791,7022,6943,3882,9431,212,3139,9032,7638,4188,9719,4229,3392,6670,6484,4057,7635,8569,3507,8297,8002,4584,9437,3514,6098,5618,6056,1552,3051,5981,2592,5051,222,3249,4298,3628,2567,8631,3868,5051,4584,5419,9039,5780,3338,5477,6219,7614,3562,5051,1540,5782,5506,8641,4581,7880,2692,5650,4383,5051,6652,3974,6437,3166,2951,5111,6986,3023,6458,4346,5821,3042,6534,2938,5538,9552,3081,5336,5379,3575,6290,4945,5051,6564,3649,3658,6820,9406,6729,5519,7481,9713,3360,4320,8678,6759,5965,5870,2785,3281,9854,4600,6287,4330,3735,5713,4058,8854,6703,8760,6355,3390,4134,3681,3649,538,4531,5051,3261,3072,4421,4654,3399,9812,4815,7433,5329,5051,234,275,3299,7566,3746,5872,6484,4861,3575,9116,3890,3035,5908,7522,6671,3523,8088,7575,4531,8433,3575,3649,3451,3120,5277,3773,4634,4978,6755,5835,7216,5814,6572,5550,3431,3115,5642,4624,4603,5328,6063,9544,7777,4255,7362,6080,4605,6054,204,3049,7873,516,5011,3432,4138,4326,3399,4289,6380,5413,8095,5025,296,5931,8095,7513,5070,7319,5755,7458,7554,7354,3037,5267,3073,5534,9294,7494,8806,2969,3350,5002,0,5131,5101,7009,5973,7554,3773,9800,8591,5650,7355,3139,3765,6898,6298,5051,3218,7135,3067,6588,3649,3338,3730,5417,5805
5296,5346,3238,2855,1544,2146,2661,7160,6101,6166,7445,7533,8240,5409,7395,7478,5988,6824,6885,9041,5120,6142,8642,7519,5874,2884,3134,2762,5359,8170,6897,5073,865,4449,4853,6744,2474,2602,4680,1032,1747,5666,4439,6055,1968,2774,8746,5126,3405,4030,6527,5570,1582,4555,8746,7424,4998,1131,5275,8236,4973,4176,5281,4504,8746,4427,5392,5171,937,3418,5912,5696,2764,3287,8746,6533,6814,1520,6169,5955,3351,5576,6027,2445,2526,2934,2712,2521,5837,4396,2797,6084,4832,3909,7220,3688,3315,8746,2552,7294,4847,6430,2651,1883,4828,7090,2958,3053,4145,974,6314,5574,5366,2686,6284,3019,7440,2958,3235,6349,5208,2962,4632,2366,7806,2342,2907,6974,4623,7294,4821,4003,8746,6265,6075,7261,3559,8297,2977,3585,5294,4613,8746,5220,5164,3203,7447,3044,1859,8170,4593,7220,8726,6730,6730,5518,7132,2658,3678,1334,5889,3665,7333,7220,7294,2669,6123,3253,6776,4366,1052,2743,2938,5445,2917,3980,4080,3694,6098,2755,3529,4335,3176,1146,2709,2233,3159,7047,1170,3135,5664,5353,6053,5905,4961,3541,6435,3043,7166,8297,4017,1463,4908,2551,4520,5346,2825,2551,5685,4481,7200,2479,1914,5586,5669,3300,3797,2477,5144,7672,7375,4701,5867,3613,2928,5176,0,1175,6890,2605,7435,6776,2965,4486,3174,6965,6142,2799,5839,5607,8746,4289,7016,6071,6198,7294,8236,4673,1370,2280
5647,4507,3208,2825,1484,943,2631,5944,4886,4951,6229,7503,7541,5379,6179,7448,5958,6794,5670,9011,4280,4927,8612,7489,5175,2926,3104,3277,5329,7470,5682,5043,805,4419,4823,9674,2444,2644,6570,1654,1866,5636,3224,4839,1938,2926,7530,4287,2190,4000,5311,4355,1816,4525,7530,6209,4968,1243,5245,7536,4943,4829,5934,4474,7530,3212,5362,5141,877,3388,5882,4480,2734,3257,7530,6503,5599,2173,4953,4739,3321,8658,4811,2415,2496,2904,2682,2491,4621,4366,2737,4869,4802,3879,6521,3658,3285,7530,2522,6595,4817,6400,2591,2540,4798,7060,2898,3023,4115,914,8431,5544,5336,2833,5069,3061,6225,2928,3205,5134,5178,2932,4602,2660,7776,2312,2812,5758,4593,6595,3982,3973,7530,5049,4860,6046,3529,7598,3020,3555,5264,4583,7530,4381,4325,2633,7417,2949,1829,7470,4563,6521,8696,5514,5514,5488,7102,2628,2463,1274,5859,3635,7303,6521,6595,2639,4908,3223,5561,4336,204,2713,2908,5415,2887,3946,4050,3664,4883,2725,3499,4305,3146,1799,2797,1030,3129,6865,1824,3105,5634,4514,4837,5875,4122,3511,5220,3013,5950,7598,3987,2116,4878,1348,4490,4507,2658,1348,5655,4451,6541,2449,710,5556,5639,3270,3767,2428,5114,7642,7345,5354,6169,3583,2898,4336,1175,0,6860,2575,6648,5561,3053,5139,3144,6935,4927,2842,6423,5577,7530,3674,6986,4855,6168,6595,7536,4643,1340,2937
6211,7896,4501,5307,8577,7897,5324,7214,7016,8340,7499,1117,10009,2758,7449,1062,2768,1078,9059,4926,7670,8316,3202,780,10855,10007,4945,5715,2025,13151,5870,2500,8034,4673,4044,1919,5334,9725,4903,8200,6515,3980,6148,8229,6250,5816,8800,7676,7618,3420,7442,7744,8705,4849,8800,5917,2796,8471,2438,10005,2428,4690,3361,4728,8800,6262,3707,2721,8105,4009,2283,7870,5167,4195,8800,1479,6400,7279,8343,8129,4966,2733,8201,5655,5097,5338,5919,4984,6752,3299,9830,8258,2713,3800,10242,4038,4184,8800,6163,10316,5071,1525,9684,7697,2895,1224,9541,4861,3732,8142,2506,3889,2553,6033,8458,10142,5742,4799,5051,6983,2189,4773,4601,5718,2027,5552,5633,7883,4847,10316,7371,3765,8800,8439,8249,5564,4240,10066,10100,4129,3179,2933,8800,7770,7714,5146,1032,5770,6141,13151,3368,10242,4611,7638,6784,3832,1265,5225,7891,8366,3322,4443,918,10242,10316,4923,8297,4504,8950,3489,7100,4974,4634,2963,5368,4549,3562,5059,8272,5159,5084,3211,4459,6905,9832,7984,4970,871,6721,4460,3291,7903,8227,1973,7511,4255,8609,4854,6751,10066,3604,7222,2817,8302,3025,7896,5485,8302,3259,3044,1028,5309,7664,2392,3101,4745,3688,6399,3459,1894,960,3640,6782,4977,4856,7726,7254,7224,0,5527,1020,8950,10088,3426,4434,1083,8316,5399,2644,2886,8800,5471,125,7345,1697,10316,10005,4896,6537,8147
5084,5990,1330,220,3782,3248,200,7681,7524,6687,7965,5624,8103,3391,7916,5569,3261,4916,7406,7346,5763,6663,7149,5611,7431,5076,2367,3140,3481,9726,5553,3066,3103,4356,2944,4963,2408,4794,4587,3270,1867,4827,4424,6576,1319,3545,9267,5770,4000,2122,7950,6091,3774,4462,9267,5600,3090,3672,3367,8098,3064,2111,3007,4411,9267,4538,4553,3093,3175,2651,3905,6217,855,2521,9267,4624,6083,2630,6690,6476,1443,3815,6548,259,2460,1026,3483,605,7260,2488,5035,6605,2923,2000,8777,1079,1407,9267,636,8851,4754,4735,4889,2767,2920,5589,4611,2960,2237,3212,3588,4736,3457,3457,6805,5211,5426,785,1818,7492,3300,2195,2023,774,5721,257,2812,7495,4530,8851,5465,2977,9267,6786,6596,5247,2113,8160,5170,2002,2567,2704,9267,5864,5808,2570,5539,2949,1210,9726,2685,8777,7031,7250,7251,4679,5437,742,4273,3572,3163,1757,5425,8777,8851,2347,6644,1220,7297,2458,2452,827,1203,3438,312,1371,2171,3601,6619,847,1851,2426,1175,2256,4901,3335,2392,5139,1790,1227,4713,5997,6574,3898,5605,1633,6956,1940,6435,8160,2108,2573,3000,3653,2612,5990,83,3653,3627,2573,5291,379,3016,3579,2942,3207,1888,3823,4305,6253,5467,2427,7291,3520,1019,5819,2925,2575,4982,0,5527,7297,5157,2212,1002,5379,6663,2823,3726,3699,9267,3747,5107,6592,4503,8851,8098,4580,1888,3217
6215,7901,4263,4217,9880,9271,4325,7218,7021,8345,7503,806,10014,2039,7453,751,1600,1350,9064,5114,7674,8321,3483,792,10860,11299,4844,5615,1924,13155,5770,2214,7792,4572,2876,751,5234,11018,4803,7959,6415,3880,6047,8233,6149,5716,8804,7681,7623,2702,7446,7749,10212,4749,8804,5816,2695,8230,1719,10009,1709,3522,2193,4628,8804,6162,3607,2620,7864,3909,1236,7874,5067,4095,8804,1379,7728,7178,8347,8133,4865,1565,8205,5554,4996,5237,5819,4746,6756,2580,11133,8262,2613,3562,10246,3319,3946,8804,6063,10320,4970,1807,10987,7597,2795,1562,11294,4760,3632,7901,1338,3789,1834,5933,8463,11435,5642,4561,4950,6988,1470,4673,3433,5481,2347,5451,5533,7887,4747,10320,7376,3664,8804,8443,8254,5463,4140,10071,11393,4029,2012,2832,8804,7775,7719,5045,721,5670,6040,13155,2649,10246,4799,7643,6788,3732,1603,4987,7896,9669,2154,4343,607,10246,10320,4822,8302,4266,8955,2771,7000,4256,4289,1795,5268,3381,2843,4959,8277,5058,4983,3111,4222,6804,11125,9358,4870,1573,6620,4359,3191,7908,8231,925,7516,4017,8614,4753,8079,10071,3503,7122,2716,9676,2924,7901,4394,9676,2092,2326,107,5209,9038,1673,1933,4644,3450,7838,3358,2882,648,3385,6787,4877,4756,7730,7153,7123,1023,4436,0,8955,11381,3170,4089,1420,8321,5298,1477,2786,8804,5371,1149,7350,1979,10320,10009,4796,6436,8047
3721,3403,6575,7066,6004,5395,7083,3759,2789,1332,4044,8965,4034,9273,3995,10104,8334,8256,169,10744,3176,2055,10345,8951,4857,7424,5542,4705,7983,7153,4352,8948,6274,4820,9610,9315,5850,7142,4827,7411,6930,7369,2865,1967,7294,3905,5345,3183,3747,5611,3114,1262,6336,5181,5345,4879,6732,6744,7093,4030,6790,10256,8927,4875,5345,2853,7095,6819,6346,5826,9193,1137,6963,5696,5345,7965,4269,7750,1335,1471,6424,8299,749,7771,5613,7134,4355,7846,2540,7746,7257,1703,6649,6692,4243,7603,6258,5345,7877,4317,5218,8133,7111,8042,6832,8794,7418,4672,5633,6383,8072,7278,7183,4098,492,7559,4895,7600,5643,4030,7026,5370,10167,8016,10073,7668,4703,4428,4994,4317,2878,5844,5345,511,1241,4716,5967,4091,7517,6043,8746,6642,5345,3276,3221,4612,8879,5059,7185,7153,6174,4243,10429,4184,3329,7221,8835,7984,4020,5793,8888,5844,9746,4243,4317,4876,2036,6924,0,5947,6291,8068,7148,8529,7127,10115,6863,4744,844,6955,5937,5916,6641,7375,7249,5482,5568,8675,7393,5918,7260,3409,1671,9186,3017,6324,1014,5451,4620,4091,6496,7693,6726,5800,6338,3403,7244,5800,8826,6921,8632,7068,5163,8867,8667,4350,6580,4386,6847,10607,8807,10119,2571,4663,6315,3232,6444,6414,8322,7286,8739,0,7505,9904,6963,8668,2055,5107,8211,7611,5345,4530,8448,1237,7901,4317,4030,5043,6730,7118
7653,6513,5785,5402,3464,2936,5207,7950,8408,6956,8235,10016,9546,8064,8185,9961,8525,9339,7675,11902,6286,6933,11503,10003,7180,81,5994,5282,7906,9476,7687,7739,2189,7586,7500,9384,5335,748,8576,2218,4147,8527,5229,6845,4829,4932,9536,6293,4195,6577,8834,6361,1398,7691,9536,8214,7545,1806,7822,9542,7519,6576,7681,7641,9536,5217,8253,7717,2302,6279,8578,6486,5310,6148,9536,9079,7605,3233,6959,6745,5898,8242,6817,4992,5387,5481,5626,5067,8144,6943,2284,6874,7378,6455,8526,6300,5862,9536,4836,8601,7984,9291,2138,2816,7375,9951,2129,5967,6691,2081,8852,8435,7912,4840,7075,931,8230,5504,6095,8957,7755,5823,7286,4431,10667,4889,5306,7764,7760,8601,5988,6864,9536,7055,6865,8052,6420,9603,1358,6131,7831,7159,9536,6386,6331,5577,9931,5443,4720,9476,7140,8526,11587,7520,7520,8379,9993,5019,4468,3253,8427,6212,9817,8526,8601,5583,6913,5800,7566,6913,3280,5289,5484,8111,5463,6635,6626,6831,6888,5302,6390,6881,5723,3546,856,3023,6020,9562,3570,5682,8525,6520,6843,8572,6128,6088,7226,5904,7956,9603,6563,3050,7455,3341,7067,6513,5234,3341,8301,7028,9238,5026,2704,8252,8206,6437,6343,4434,8005,10533,9858,7101,8174,6750,5474,6342,3087,3098,9474,5152,9345,7566,0,6886,5721,9765,6933,5785,8990,8154,9536,6617,9599,6861,9059,8601,9542,7809,4392,3213
5298,6204,1803,1864,5879,5345,1972,7481,7283,7086,7766,3130,8317,1178,7716,3075,2500,2453,7805,6194,5977,7062,4586,3117,8419,7054,2766,3538,2299,10715,5767,853,5200,4570,1364,2498,3375,6772,4801,5366,3963,4959,4638,6975,3415,3944,9067,5984,4399,1797,7709,6490,5753,4675,9067,5814,2765,5650,1117,8312,1399,1418,795,4625,9067,4752,4686,2110,5271,2222,1692,6616,1980,2920,9067,2458,6297,4727,7089,6875,2131,1356,6947,2342,2920,2104,3882,2259,7019,704,6820,7004,1771,1102,8549,1340,1486,9067,2749,8623,4968,2910,6674,4745,2595,3126,6589,3359,1945,5308,1583,4868,1208,3856,7204,7189,5640,1983,2217,7251,1483,2594,2274,2890,3841,2340,3032,7894,4744,8623,5679,2652,9067,7185,6995,5461,2512,8374,7148,2401,1806,1552,9067,6077,6022,2969,3045,3158,3306,10715,1744,8549,5879,7649,7051,4811,3167,2396,4672,5668,2401,2156,2931,8549,8623,2746,7043,1806,7696,1866,4548,2276,1936,1225,1906,1622,908,3549,7018,2185,2250,1722,1761,4353,6880,5432,2791,2676,3887,1626,4270,6211,6973,1686,5819,1557,7355,2339,6648,8374,1817,4670,2006,5750,1851,6204,2041,5750,1415,1421,2352,2151,5112,1366,2181,3234,990,4222,4438,3707,2972,215,7049,3467,1758,6033,5021,4672,2588,2083,2459,7696,7135,0,1736,2879,7062,3222,1944,1712,9067,3961,2713,6991,3082,8623,8312,4793,3985,5195
4783,5689,351,1078,4372,3697,1058,7380,7838,6386,7664,4437,9147,2485,7615,4382,3079,3760,7105,7045,5462,6362,5893,4424,6781,5524,2066,2839,2447,9077,5252,2160,3693,4055,1944,4781,1737,5243,4286,3859,2315,4526,4123,6275,1767,3244,8966,5469,3699,1821,8264,5790,4223,4161,8966,5299,2789,4121,2363,9143,2060,2002,2732,4110,8966,4237,4252,2258,3764,2350,2999,5916,511,2220,8966,3765,5782,3079,6389,6175,1142,3633,6247,1026,1789,357,3182,861,7574,1487,5625,6304,1919,1000,8128,969,605,8966,1454,8202,4453,4434,5479,3215,2619,4433,5059,2710,1936,3801,3406,4435,2453,3156,6504,5659,5125,676,1517,7191,2296,1894,1913,1595,5148,1024,2250,7194,4229,8202,5164,2676,8966,6485,6295,4946,1766,9204,5618,1375,2385,1700,8966,5563,5507,2269,4352,2387,1658,9077,1892,8128,6730,6950,6950,4378,4474,1102,3972,4161,2981,1456,4238,8128,8202,2046,6343,218,6996,2157,2900,1186,290,2532,854,1262,1166,3300,6318,439,1550,2125,173,2705,5350,3783,2091,3983,2239,926,4412,5696,6273,2993,5304,1045,6655,1639,6134,9204,1807,3022,2154,4102,2311,5689,941,4102,2773,1569,3659,795,3464,2673,2760,2906,888,3522,4004,5014,4279,2152,7604,3219,550,5518,3515,3024,3895,858,3766,6996,5606,1937,0,4186,6362,2507,3544,3398,8966,3446,4020,6291,4202,8202,9143,4279,2337,3665
6122,7808,4349,5125,8489,7808,5142,7125,6928,8252,7410,2075,9921,2605,7360,2330,3080,819,8971,4217,7581,8228,2461,1347,10767,9908,4856,5627,1873,13063,5782,2348,7804,4585,4356,2231,5246,9627,4815,7971,6427,3892,6059,8140,6068,5728,8711,7588,7530,3268,7353,7656,8820,4761,8711,5828,2614,8242,2285,9916,2275,5002,3672,4640,8711,6174,3619,2618,7876,3827,2019,7781,4985,5010,8711,897,6312,7190,8254,8040,4784,3045,8112,5473,5008,5156,5831,4831,6663,3147,9741,8169,2611,3647,10153,3886,4032,8711,5981,10227,4982,816,9595,7515,2713,127,9903,4772,3550,7913,2818,3801,2401,5846,8370,10043,5654,4646,4957,6895,2037,4685,4913,6120,937,5370,5545,7794,4759,10227,7283,3676,8711,8350,8161,5475,4058,9978,10002,3947,3491,2830,8711,7682,7626,5057,1990,5682,5959,13063,3215,10153,3902,7550,6695,3744,168,5073,7803,8278,3634,4261,1876,10153,10227,4834,8209,4352,8862,3337,7012,4822,4482,3274,5186,4168,3410,4971,8184,4977,5278,3108,4307,6816,9734,7895,4882,612,6539,4278,2225,7815,8138,2013,7423,4103,8521,4765,6663,9978,3422,7134,2714,8213,2922,7808,5303,8213,3571,2892,1742,5127,7576,2239,3413,4656,3536,6311,3370,803,1917,3488,6694,4889,4674,7637,7165,7135,566,5345,1977,8862,9990,3273,4281,0,8228,5310,2956,2783,8711,5383,692,7257,988,10227,9916,4808,6448,7911
2672,4020,6815,7005,6009,5400,7114,3084,2114,1439,3369,9071,5101,7333,3319,10210,8441,8363,2497,10551,3793,0,9974,9058,5946,7429,5782,4815,7790,8242,3676,9055,6279,4938,9717,9422,5993,7147,4565,7160,7180,7176,4377,88,7252,3875,4670,3800,3752,5580,2439,1182,6341,5150,4670,4203,6539,6749,7149,5096,6597,10363,9034,4845,4670,4365,6902,6625,6351,6066,9300,1307,6866,5936,4670,8072,3593,7647,1442,1566,6664,8406,1638,7729,5755,7036,4325,7953,1865,7657,7262,1696,6456,6932,5333,7710,6498,4670,7934,5407,4690,8240,7116,7758,6639,8900,7423,4642,5602,6388,8179,7084,7290,4067,1896,7564,4219,7657,5883,3354,7082,5611,10274,8123,10180,7626,4672,3753,4678,5407,3516,5651,4670,1876,1348,4040,6208,5158,7522,6283,8852,6449,4670,3890,3838,4581,8986,5299,7143,8242,6144,5333,10236,3509,2654,7028,8942,8091,4025,5798,8995,6084,9853,5333,5407,5116,11,7164,2388,5916,5766,8175,7088,8636,7067,10222,7103,4714,1710,6857,6177,5885,6881,7273,7254,5487,5808,8782,7298,6158,7067,4027,1664,9293,3635,6564,1714,5691,3945,5158,6303,7590,6532,5805,6145,4020,7183,5805,8933,6727,8739,7008,5168,8974,8774,4320,6820,3967,6654,10714,8914,10226,1895,4633,6555,3849,6814,5584,8429,7225,8845,2388,7510,10011,7203,8775,0,5318,8317,7418,4670,4500,8554,818,8008,5407,5096,4892,6654,8155
3233,4139,1594,1984,4087,3478,2001,5702,6161,4709,5987,5334,6252,3210,5937,5279,3789,4626,5428,7192,3912,4685,6793,5321,6506,5506,1285,1161,3161,8802,3575,2874,3474,2378,2654,5491,915,5225,2608,3641,2096,3817,2573,4597,2162,1566,7288,3919,2021,1832,6586,4113,4418,2483,7288,3622,2800,3911,3077,6247,2774,2551,2830,2433,7288,2687,3544,2803,3545,1569,3713,4238,1881,1439,7288,4334,5357,2860,4712,4497,1443,3377,4569,2322,678,2052,1505,2703,5896,2198,5339,4627,2633,1710,6484,2622,1277,7288,2831,6558,2776,4582,5193,3152,2630,5242,5501,868,1947,3582,4116,3726,3168,1479,4827,5641,3448,2518,923,4744,3010,1113,3555,2969,5957,2219,654,5516,2552,6558,3614,2155,7288,4807,4618,3269,1172,6309,5600,1248,3096,2414,7288,4013,3957,592,5249,781,2053,8802,2395,6484,6878,5272,5272,3669,5283,2937,2295,3876,3691,862,5135,6484,6558,369,4666,1943,5319,2168,2681,3021,2066,3246,2045,2904,1881,1623,4641,1872,956,2136,1898,2486,5332,3565,1310,4849,2503,937,3816,4146,4595,3707,3754,1343,4978,1194,5708,6309,1818,2803,2710,3883,2322,4139,2161,3883,3487,2283,5001,1986,3245,3388,3470,1229,1598,1845,3295,5823,5177,2862,5927,1542,1333,3968,2835,2805,4692,2203,5237,5319,5588,2647,1981,5089,4685,0,3641,3409,7288,1769,4817,4613,4350,6558,6247,2601,2118,3580
6414,8100,3263,3216,7203,6805,3325,7417,7219,8543,7702,2914,10213,962,7652,2808,1252,2236,9262,5977,7873,8520,4579,2900,11059,8392,4226,4999,2096,13354,8009,913,6524,5390,1876,2019,5726,8110,5621,6946,5423,4698,4734,8432,4876,4403,9003,7880,7821,1894,7645,7948,7091,5567,9003,6634,2562,6989,1214,10208,1201,2522,892,5445,9003,4848,4424,1908,6595,2319,1476,8073,3440,2505,9003,2241,7927,6500,8546,8332,3591,263,8404,3911,5488,3457,4506,3746,6955,2734,8158,8461,1569,2562,10445,3473,2946,9003,4339,10519,5788,2694,8012,6083,2392,2909,7927,3923,2041,6632,138,4606,1305,4521,8662,8527,6460,3561,3677,7187,1286,4054,2433,4480,2777,3909,4492,8086,5564,10519,7575,2749,9003,8642,8452,6281,2550,10270,8486,2439,1011,1561,9003,7973,7918,3778,2828,4618,4766,13354,1841,10445,5662,7842,6987,4550,2951,3987,8095,6992,1154,2752,2714,10445,10519,4206,8500,3266,9153,1963,6008,3466,3289,493,3259,2381,2835,3645,8475,3538,3710,1819,3221,5527,8218,6892,4251,2459,5211,3086,4696,8107,8430,1469,7715,3017,8813,3799,8278,10270,1913,5844,1803,7210,1654,8100,3394,7210,1091,1518,2135,3504,6572,1150,933,3331,2450,8036,4176,3309,2756,2384,6986,3564,3218,7929,6346,6132,2371,3436,2242,9153,8473,2170,3088,2662,8520,4682,0,1515,9003,4058,2497,7549,2865,10519,10208,5614,5445,6533
4676,5110,1933,2430,5836,5302,2447,5679,5482,6806,5964,2883,7222,750,5914,2829,1931,2175,7525,4710,4883,6782,5106,2870,8068,7130,2723,3098,701,10364,4673,1025,5157,3476,2554,3039,2717,6848,3706,5324,3921,2784,3543,6694,3373,3212,7265,4890,3958,820,5907,6210,5828,3581,7265,4719,1047,5595,616,7218,314,2607,1354,3531,7265,3658,2511,512,5229,1133,1864,6335,2291,1319,7265,1955,6189,4684,6808,6594,2089,1255,6666,2778,2479,2461,3315,2364,5217,1272,7089,6723,173,1652,7455,2530,1923,7265,3286,7529,3874,2048,6943,4821,877,2708,6665,2243,855,5266,1669,2693,707,3330,6924,7265,4545,2179,2174,5449,549,2552,3463,3425,3424,2675,3016,6348,3650,7529,4585,870,7265,6904,6715,4367,1364,7279,7224,1253,2343,166,7265,4983,4928,2926,2798,3116,3264,10364,768,7455,4395,6104,5249,2636,2750,2605,4629,5626,2485,1566,2684,7455,7529,2703,6763,1884,7416,889,4506,2689,2123,1124,2492,2812,1217,2455,6738,2282,2207,444,1839,4310,6955,5389,2749,2398,3844,1583,2670,5116,6692,1858,4724,1283,7075,2296,6540,7279,727,4627,379,5707,139,5110,2608,5707,1689,444,2551,2433,5070,1539,2264,2140,1540,4180,2262,3290,2726,2132,5248,2373,1980,4939,4979,4629,2241,2650,2786,7416,7211,1918,1923,2583,6782,3179,1515,0,7265,2867,2366,5811,1816,7529,7218,3699,3942,5271
3151,5913,7917,8120,7111,6502,8137,2012,3706,4656,1832,11274,6994,10181,1765,11012,9243,9164,6294,11653,5687,4596,10378,11260,7840,8530,6884,5917,8891,10135,4081,9856,7381,4945,10519,10223,7094,8249,4969,8262,8282,8277,4439,4509,8353,4976,0,5693,4853,6682,4332,4980,7442,5306,0,4608,7641,7850,10157,6989,9819,8874,9835,5000,0,4554,8004,9205,7452,7168,10101,5105,7878,7037,0,8873,4913,8749,4659,5364,7766,9207,5436,8831,6857,8187,5426,8906,3442,8704,8363,5493,9198,8033,7226,8945,7600,0,8937,7300,5094,9042,8217,8860,7740,9702,8525,5744,6704,7489,8980,8186,10248,5169,5694,8665,4624,8642,6985,4456,9904,6712,11076,9076,11504,8728,5774,4157,5083,7300,5409,6380,0,5674,4565,4445,7309,7051,8624,7385,9654,7266,0,5784,5731,5683,11188,6400,8244,10135,7245,7226,11338,5143,2910,8129,9743,9043,5127,6900,9796,7185,10654,7226,7300,6217,4577,7931,6185,7018,6868,9128,8189,9437,8168,9227,8204,5815,5508,7959,7279,6987,7982,8374,8356,6589,6909,9583,8399,7260,8168,5920,5462,10095,5528,7666,5845,6793,5264,7051,6673,8692,8450,6907,8291,5913,8285,6907,9734,7454,10870,8109,6269,9775,9576,5421,7921,5068,7756,11516,11116,9146,3472,5734,7656,5742,7374,6685,9230,8327,10862,6185,8612,8932,8304,9576,4596,6420,9119,8519,0,4788,9356,4035,8810,7300,6989,5296,7755,9257
1733,3224,3216,3745,5722,4684,3762,3178,3522,3669,3463,5497,5337,3631,3414,5442,5412,4789,4389,7277,2997,3646,6878,5484,6183,7142,2183,2046,3612,8479,1833,3299,5043,1048,4277,6298,2530,6860,1100,5210,3610,3901,1658,3558,3973,2152,4764,3004,2906,2252,3948,3074,6054,1153,4764,1879,3265,5480,3498,5332,3195,4173,3901,1103,4764,1772,3628,3223,5114,2467,4138,3199,3643,2337,4764,4497,2363,4429,3672,3458,3065,3802,3530,4084,2292,3813,2389,4465,3258,3436,6975,3587,3053,3332,5569,4244,2899,4764,4557,5643,1244,4666,6829,4721,3050,5326,7136,1313,2274,5151,7114,3810,3589,2363,3788,7277,1705,4280,2284,3244,3430,2011,4529,4695,6041,3981,1382,4035,1222,5643,2699,1950,4764,3768,3578,1526,2608,5394,7235,2684,4718,2835,4764,3098,3042,1291,5412,1700,3864,8479,2815,5569,6962,3295,2748,3753,5367,4706,3179,5511,4112,2484,5298,5569,5643,1405,3626,3565,4279,2588,3887,4748,3828,3671,3807,4526,3504,969,3602,3634,2578,2557,3282,4055,6967,4771,2208,5012,4072,2559,3793,3231,3556,4132,2839,2965,3939,2092,2714,5394,2243,4372,3130,5089,2742,3224,3923,5089,3912,3024,5164,3748,4451,3812,5093,828,3221,2729,3380,5908,5339,4446,3288,888,2956,3053,4041,4011,4855,3965,5399,4279,7223,4231,3604,5201,3646,1748,4066,3829,4764,0,4980,3574,4434,5643,5332,1271,3410,3797
6085,7771,4376,4436,8446,7771,4545,7088,6891,8215,7373,992,9884,2632,7323,937,2643,953,8934,4801,7544,8191,3076,655,10730,9866,4819,5590,1899,13026,5745,2375,7767,4548,3919,1793,5209,9584,4778,7934,6390,3855,6022,8103,6124,5697,8674,7551,7493,3295,7316,7619,8580,4724,8674,5791,2670,8205,2312,9879,2302,4564,3235,4603,8674,6137,3582,2595,7839,3884,2158,7744,5042,4070,8674,1354,6275,7153,8217,8003,4840,2608,8075,5529,4971,4677,5800,4858,6626,3173,9699,8132,2588,3674,10116,3913,4059,8674,6038,10190,4945,1400,9553,7572,2770,1098,9861,4735,3607,7876,2380,3764,2428,5908,8333,10001,5617,4673,4925,6858,2064,4648,4476,5593,1902,5426,5508,7757,4722,10190,7246,3639,8674,8313,8124,5438,4115,9941,9960,4004,3054,2807,8674,7645,7589,5020,907,5645,6015,13026,3242,10116,4486,7513,6658,3707,1140,5099,7766,8236,3196,4318,793,10116,10190,4797,8172,4379,8825,3364,6975,4849,4509,2837,5243,4424,3437,4934,8147,5033,4958,3086,4334,6779,9692,7858,4845,745,6595,4334,3059,7778,8101,1847,7386,4130,8484,4728,6626,9941,3478,7097,2691,8176,2899,7771,4614,8176,3134,2919,903,5184,7539,2266,2976,4625,3562,6274,3333,1768,834,3515,6657,4852,4731,7600,7589,7098,560,4656,894,8825,9947,3300,4308,957,8191,5273,2519,2761,8674,5352,0,7220,1572,10190,9879,4771,6411,8022
3010,2691,5864,6355,5293,4684,6371,2523,1552,621,2807,8253,4539,8562,2758,9392,7623,7545,1346,10033,2465,818,9634,8240,5385,6712,4831,3994,7272,7681,3115,8237,6533,4109,8899,8604,5139,6431,4116,6700,6219,6658,2153,731,6582,3194,4109,2471,3036,4900,1878,551,5624,4470,4109,3642,6021,6032,6381,4534,6079,6821,8215,4164,4109,2141,6384,6734,6604,5115,8481,426,6252,4984,4109,7253,3032,7038,624,760,5712,7588,632,6693,4901,6422,3644,7074,1304,6979,6545,889,5938,5980,4771,6892,5547,4109,7166,4846,4506,7422,6399,7331,6121,8082,6707,3961,5913,6641,7361,6566,6472,3386,745,6847,3658,6889,4932,2793,6314,4659,9456,7304,9361,6590,3992,3191,4283,4846,2955,5133,4109,725,530,3479,5256,4596,6806,5332,8034,5931,4109,2565,2509,3900,8168,4347,6473,7681,5463,4771,9718,2947,2093,6510,8123,7315,3309,5082,8177,5132,8054,4771,4846,4164,799,5879,1237,5236,5579,7357,6437,7817,6416,7475,6151,4033,726,6243,5226,5204,5930,6664,6538,4771,4856,7768,6682,5207,6549,2698,858,8475,2306,5613,896,4740,3383,4596,5785,6981,6014,5089,5626,2691,6532,5089,8114,5672,7920,6357,4451,8155,7956,3639,5868,3674,6136,9896,8096,9407,1334,3952,5603,2520,5733,5703,7611,6574,8027,1237,6794,9193,6251,7957,818,4396,7499,6900,4109,3819,7736,0,7190,4846,4534,4332,6019,6406
5208,6894,4020,4211,7569,6894,4228,6211,6013,7337,6496,2000,9006,2456,6446,1945,3650,761,8056,3303,6667,7313,2440,1677,9852,8989,3942,4712,1305,12148,4867,2198,6890,3670,3761,2801,4331,8707,3901,7057,5512,2978,5145,7226,5153,4820,7797,6674,6615,3153,6439,6741,7901,3847,7797,4914,1699,7327,2136,9002,2126,3814,2800,3725,7797,5265,2704,1619,6961,2913,1870,6867,4071,3099,7797,506,5397,6276,7340,7126,3869,3615,7198,4558,4094,4241,4922,4930,5749,2997,8822,7255,1612,3498,9239,3736,3704,7797,5067,9313,4068,388,8676,6601,1799,937,8983,3858,2636,6998,3388,2886,2251,4932,7455,9124,4740,4745,3954,5981,1887,3770,4022,5205,1653,4455,4631,6880,3844,9313,6368,2762,7797,7436,7246,4561,3144,9063,9082,3033,4061,1831,7797,6767,6712,4143,1914,4768,5044,12148,2271,9239,2988,3623,5781,2830,979,5173,6888,7358,4204,3347,1800,9239,9313,3920,7294,4369,7947,2555,6097,5257,4293,2570,4272,4019,2883,4056,7269,4062,3987,2110,4324,5902,8814,6981,3967,819,5625,3363,1068,6900,7224,1864,6508,3769,7606,3851,5748,9063,2507,6219,1715,7299,1923,6894,4388,7299,2850,2110,1667,4213,6661,2090,3983,3742,3386,6830,2456,1519,1842,3339,5779,3974,3760,6723,6712,6221,896,4430,1902,7947,9070,3124,4408,812,7313,4396,3526,1785,7797,4468,1022,6342,0,9313,9002,3893,5534,7051
4981,3768,8565,8193,7133,6524,8210,5858,5595,5735,6143,10224,2938,10533,6093,11363,9594,9516,5141,12004,3541,5712,11605,10211,3022,8553,6802,5965,9243,5318,6450,10208,7404,6080,10870,10575,7110,8271,6087,8285,8138,8629,4125,5624,8210,5165,7444,3548,5007,6871,6021,5140,7465,6441,7444,6977,7992,7873,8352,2934,8050,8792,10187,6135,7444,4113,8355,8705,7475,7086,10452,5265,8090,6955,7444,9224,6367,8771,5738,3908,7684,9559,4282,8687,6872,8261,5615,8763,5331,8950,8386,4081,7909,7951,431,9021,7518,7444,8794,0,6477,9393,8240,8883,8092,10053,8547,5932,7884,7512,9332,8537,8443,5357,4540,8688,6993,8728,6903,6128,8285,6630,11427,8932,11332,8584,5963,6527,6254,0,3264,7104,7444,4520,5644,6814,7227,2995,8647,7303,10005,7902,7444,3638,3586,5871,10139,6318,8101,5318,7434,431,11689,6282,5428,8481,10094,8900,5280,6923,10148,7103,11006,431,0,6135,5692,8580,5032,7207,6890,8985,8275,9788,8254,9314,8122,6004,3765,8082,7197,7175,8503,8397,8378,6611,6827,9935,8422,7178,8520,3774,4049,10446,3382,7584,4691,6711,6718,2995,7756,8714,7985,6929,7598,3768,8371,6929,10085,8180,9891,8195,6292,10127,9927,5610,7839,6823,8107,11867,10067,11378,5361,5923,8254,3597,7447,6708,9582,8413,11213,5032,8634,11164,8478,9928,5712,6367,9470,8871,7444,5790,9707,5640,9161,0,2934,6303,7612,9280
4120,2906,6973,7465,8066,7457,7481,4997,4734,4874,5281,9363,5,9672,5232,10502,8733,8655,4280,11143,2680,4850,10744,9350,3955,9486,5940,5103,7533,6251,5589,9347,8336,5218,10009,9713,6249,9204,5226,9217,7329,7767,3263,4763,7692,4304,6583,2686,4145,6010,5160,4278,8398,5580,6583,6116,7131,8806,7491,0,7189,7931,9325,5274,6583,3251,7494,7844,8408,6225,9591,4404,7362,6094,6583,8363,5506,8148,4877,3047,6822,8698,3421,7803,6011,7532,4754,8184,4470,8089,9319,3219,7048,7090,3342,8001,6657,6583,8276,3416,5616,8532,9173,9815,7230,9192,9480,5071,7023,8445,8471,7676,7582,4496,3679,9621,6132,7999,6041,5267,7424,5769,10566,8414,10471,7700,5102,5665,5393,3416,2403,6243,6583,3659,4783,5953,6366,62,9579,6442,9144,7041,6583,2777,2724,5010,9278,5457,7583,6251,6573,3342,10828,5421,4567,7619,9233,8425,4419,7855,9287,6242,9164,3342,3416,5274,4831,7323,4170,6346,7823,8467,7547,8927,7526,8585,7261,5143,2903,7353,6336,6314,7040,7774,9311,7544,5966,9074,7791,6317,7659,2913,3188,9585,2521,6723,3830,5850,5857,62,6895,8091,7124,7862,6736,2906,7642,7862,9224,7319,9030,7467,7225,9265,9066,4749,6978,4784,7246,11006,9206,10517,4500,5062,6713,2736,6843,7641,8721,7684,10352,4170,9567,10303,7361,9067,4850,5506,8609,8010,6583,4929,8846,4779,8300,3416,0,5442,7129,7516
2113,3918,4572,4970,5820,5281,4987,3558,3902,4744,3843,6288,6031,4494,3794,6233,5070,5579,5463,8068,3692,4720,7668,6274,6877,7239,3512,2899,4393,9173,1510,4169,5438,366,5632,7089,3902,6958,327,5605,5083,4692,2352,4632,5148,2685,5144,3698,3759,3122,4328,4148,6151,1377,5144,1557,4056,5876,4368,6027,4065,5529,4771,246,5144,2466,4419,4093,5510,3796,5008,4273,4868,3666,5144,5288,2040,5846,4746,4532,4421,4672,4604,5110,3664,5038,2788,5690,3638,4306,7072,4661,3923,4688,6264,5600,4255,5144,5732,6338,495,5457,6926,6139,3831,6117,7234,2167,3144,5547,7808,4601,4459,2803,4862,7374,1383,5505,3613,3624,4300,3341,5885,5871,6832,5007,2692,3712,271,6338,3393,2741,5144,4842,4653,1204,3938,6088,7333,4014,6074,3705,5144,3792,3736,2096,6203,2553,5039,9173,3685,6264,7753,2972,3128,4544,6158,5931,4032,5609,4982,3835,6089,6264,6338,2370,4700,4921,5353,3458,4485,5923,5053,4541,5032,5882,4859,1822,4676,4859,3934,3426,4638,5472,7065,5368,3538,5802,5490,3915,4583,3925,4630,5002,3533,4321,5013,3421,2391,6088,3113,5790,4000,5686,3612,3918,5148,5686,4782,3894,5955,4973,5049,4682,6448,1681,4576,3583,4171,6698,6130,5801,3668,1741,4311,3748,4638,4608,5645,5190,6062,5353,7321,5587,4959,5991,4720,2601,4936,4610,5144,1111,5771,4231,5225,6338,6027,0,4555,4943
4779,5685,2191,1808,2619,2230,1614,7201,7659,6208,7486,6485,8816,4361,7436,6430,4940,5777,6927,7994,5458,6184,7595,6472,6450,4039,2086,2690,4312,8746,4892,4025,1940,3907,3805,5697,1427,3757,4138,2106,569,4618,4119,6096,921,3095,8787,5465,3550,2983,8085,5612,2951,4012,8787,4938,3951,2377,4228,8811,3925,3668,3983,3962,8787,4233,4345,3954,2011,2370,4864,5737,1716,2240,8787,5485,5422,1326,6210,5996,2304,4528,6068,1398,1479,1887,3034,1474,7395,3349,3872,6125,3784,2861,7796,2273,2268,8787,1505,7870,4305,5383,3726,1618,3781,6043,4033,2511,3098,2048,5267,4527,4319,3008,6326,4174,4764,1910,2187,7283,4161,1915,3580,1643,6758,1295,1794,7015,4081,7870,5160,2956,8787,6306,6117,4585,2512,8873,4132,2588,4247,3565,8787,5558,5503,2091,6400,1931,812,8746,3546,7796,7679,6771,6771,4470,6084,1611,3824,2408,4842,2409,6286,7796,7870,2127,6164,2206,6817,3319,1434,1695,1890,4397,1869,2928,3032,3152,6140,1708,2482,3287,2129,952,3864,2317,2112,6000,969,2088,4510,5692,6094,4858,5299,2494,6477,1995,5773,8873,2969,1269,3861,2635,3473,5685,1641,2635,4638,3434,6152,1432,1998,4539,4621,2758,2749,3053,4097,6625,6328,3974,7425,3071,1880,5514,1762,1558,5843,1558,6388,6817,4120,3760,2127,5918,6184,1993,4792,4560,8787,3177,5968,6112,5151,7870,8811,4130,0,2046
5399,6305,3260,2877,1965,2582,2682,7596,6537,6602,7881,7554,9192,5430,7831,7499,6009,6846,7321,9063,6078,6578,8663,7541,6826,3385,3155,3503,5381,9122,5512,5094,1286,4719,4874,6766,2496,3103,4950,1453,1466,5687,4739,6491,1990,3908,9182,6085,3841,4052,6963,6006,2003,4825,9182,5558,5020,1723,5296,9188,4994,3896,5001,4775,9182,4853,5414,5023,1357,3439,5933,6132,2785,3309,9182,6554,6042,508,6605,6391,3373,5597,6463,2467,2548,2956,3846,2542,6273,4418,3218,6520,4853,3930,8172,3341,3337,9182,2573,8246,5117,6452,3072,2303,4850,7112,3379,3323,4166,1394,6336,5596,5387,3821,6720,3520,5384,2979,3256,6785,5230,2984,4103,2086,7827,2364,2415,7410,4894,8246,5780,4025,9182,6701,6511,5205,3580,9249,3478,3656,5315,4634,9182,6179,6123,2711,7469,2552,1881,9122,4615,8172,8748,7166,7166,5539,7153,2679,4114,1754,5911,3785,7355,8172,8246,2939,6559,3275,7212,4387,1817,2764,2959,5466,2938,3997,4101,3965,6534,2777,3879,4356,3198,865,3210,2669,3181,7069,890,3157,5578,6312,6489,5927,5920,3562,6871,3064,6393,9249,4038,1182,4930,2987,4542,6305,2709,2987,5706,4503,7221,2501,2350,5607,5690,3570,3818,4080,5166,7693,7397,4420,6303,3884,2949,6134,1108,1761,6912,2627,7328,7212,3466,4205,3196,6986,6578,3048,5860,5629,9182,3797,7037,6507,6220,8246,9188,4943,1204,0
