0,2318,5343,5459,4691,6895,4094,835,2338,909,3994,5202,4974,1292,2311,1778,2701,2524,3190,2098,3599,4159,4379,2971,3626,922,5907,3182,6129,4654,4655,5005,1592,3625,4003,275,4447,3457,930,4823,4870,4599,4639,3582,5070,5061,5410,2424,2219,4707,2699,4981,3280,4225,4122,5216,5920,4609,3333,3357,3099,5388,5399,3494,3853,2975,2628,2216,4989,3494,2354,4562,4972,1972,4173,539,2815,3328,4412,2811,3123,4541,2915,5271,4451,2456,3818,4690,4713,2217,4873,4296,2573,5197,5183,2688,5142,5264,6589,4659,5034,2644,6010,4617,3494,2181,5396,4524,5302,5937,2999,2551,3658,2532,947,5990,3762,3621,3795,3674,4653,6367,2283,5939,5208,5928,3465,5343,6073,4873,4518,5406,4519,4428,5958,7052,4447,3762,2258,4145,2624,3636,2228,5029,4665,5064,2759,6024,3352,2217,4152,2771,6367,4733,3939,3599,4495,1925,4944,4823,6283,2264,1429,1399,3412,3355,2771,5323,3785,3416,5007,4014,5939,8256,2281,6515,2248,2909,4008,4313,5919,3416,973,4873,4238,4901,4915,3745,5322,1079,2248,3426,1199,4242,3112,2244,3885,4107,6680,3658,1716,4240,4161,1604,4549,4429,4218,510,2879,929,4692,4868,4824,2879,3397,3204,4989,2692,3723,6087,1358,6369,3496,5993,2497,5153,3124,5837,3097,3476,4004,4999,5180,5656,5026,1418,2121,4850,2330,799,2860,4489,4813,5925,3778,3357,4031,4942,2338,4891
2320,0,5405,4232,2422,9151,6891,3091,4121,2605,2412,6952,2707,3268,4204,3753,731,4307,1607,3881,2514,2330,6635,1121,6289,2592,5969,5226,7194,5778,3073,5068,3568,1377,1563,2531,7111,1363,3186,4886,5285,4865,4926,2497,5723,3554,7385,4207,1801,3125,3154,5247,5325,2643,2540,5278,8176,4671,1238,1798,1540,3806,5424,6156,6028,5638,4884,4472,6773,6156,4651,4828,6722,3947,5923,2796,675,1164,2143,1238,5786,4603,2830,5334,6759,1686,2235,6946,4776,2416,3290,3203,1638,7453,5477,4471,5452,3653,7655,6409,7291,1459,7986,3035,2413,5012,7146,2276,5568,7912,5661,765,1807,779,2869,4408,2180,1128,2565,1405,4912,5257,4540,6001,3626,7926,1371,5405,4491,3290,2270,7559,5817,2159,4376,7096,3367,1493,2943,6121,1436,2025,2912,5492,2396,6814,2590,7820,1216,2416,2225,2601,5257,6989,2089,2514,6751,2050,6920,4886,4701,1688,3405,2525,1800,1220,1198,3152,6041,1805,7263,1521,6001,6277,2966,4933,1458,769,2425,4579,4267,1805,2917,3290,2656,6652,7171,2162,5385,3335,2933,1406,3561,2659,5759,4027,6548,6741,6742,1807,1868,2658,6823,3860,6745,2160,6474,2766,1305,2905,2423,6618,2995,1305,1838,1645,6773,1935,5979,4505,2625,6820,1937,4342,887,2931,1891,4185,1859,1625,6260,3347,7509,4576,3946,2430,2774,3199,4586,3055,5005,2241,5765,8070,1928,1798,2946,3290,4121,5157
6012,5847,0,4382,6273,15504,7946,4810,3782,4831,3831,2168,5376,5048,5599,5044,5297,4182,4678,4423,3848,4867,10202,5161,8714,4844,1529,5530,15524,1449,4572,1327,4723,6011,5211,5431,11352,4666,4905,1145,714,1035,1186,3831,452,6514,6694,3568,5016,5274,7387,1417,5628,4901,4351,1538,12579,931,4541,4504,4143,3812,144,8558,6284,8303,7784,7372,4067,8558,6250,858,1566,5103,1652,5022,5113,5811,6283,4405,8519,862,7603,71,5402,4656,3269,10538,1035,5161,3838,5619,4772,11846,197,3327,913,4412,11911,1755,10191,4843,8074,4927,3575,5788,2075,6814,1156,6807,8286,5495,5194,5476,5621,2528,4222,4829,3984,5577,1171,1989,7440,1207,5775,8014,4674,0,2649,3838,6808,11952,2155,6299,2721,2302,4078,5634,6621,7835,4823,4540,6916,954,6247,3100,7362,8087,4963,5161,5611,7373,1989,11813,5475,3848,11782,5071,7008,1145,3198,5793,5185,4829,4316,4696,4601,7003,10393,4320,10856,5223,1207,7043,6969,3970,4840,4751,5019,1161,5265,4320,4895,3838,4467,2937,10071,4205,846,6235,6612,4954,5873,5037,8389,4569,8135,9143,2302,5194,5258,4469,8363,6233,7832,6011,10935,5336,4477,4830,6274,2904,5532,4477,4544,4351,4067,4648,10540,2350,4596,1051,4643,3250,5453,5554,5324,3001,5297,5012,10653,5497,11902,3342,4657,6106,4442,4098,7486,5722,7764,6855,657,8158,5314,4504,4252,3838,3782,1327
5144,3944,3430,0,3767,11780,9208,4131,5309,4287,1643,5968,2062,4380,7125,6570,3555,5708,2586,6109,1941,2361,9263,2957,9687,4273,3995,7056,10060,2603,1364,2069,6249,4152,2891,5159,9331,2759,4226,2274,3989,4309,3507,1924,3749,3200,11285,5094,3113,1616,6020,4691,7155,1507,1126,3004,10804,3495,2635,2598,2237,2097,3449,9531,7858,8371,7513,7100,8334,9531,7776,4132,5738,6629,3040,4750,3207,3952,3918,2499,9492,3426,5696,3359,7847,2757,1765,11208,3657,3258,450,2305,2552,10081,3502,4853,3477,1694,10521,5425,9919,2622,12341,1326,2000,7315,4126,4449,3977,11074,9260,3589,2687,3573,5349,1981,2130,2922,1376,3671,3521,3005,7168,4027,2117,12281,2767,3430,2064,450,4443,10187,2642,3935,1949,5122,1343,3375,5808,9098,2603,2061,5778,3518,3740,5831,5455,12026,2717,3258,3104,5467,3005,9502,2968,1941,9379,3168,11275,2274,1882,3891,4517,3605,2224,2605,2695,4496,8670,2228,11525,2938,4027,4993,5831,3224,2937,2845,1625,5080,2983,2228,3939,450,1445,5668,9799,2113,3410,5963,5799,3047,5601,1371,8285,6255,9922,10144,4768,2687,3737,1448,9974,5988,8575,3504,9102,5064,2570,4586,3767,5634,3025,2570,2638,2445,8334,2431,8607,2253,3372,4845,2737,2127,3711,2241,3421,1933,3394,2505,8888,1838,10137,1424,965,5295,3475,784,7214,5450,7926,4490,3931,12276,2808,2598,1264,450,5309,4602
4213,2713,6123,4013,0,10768,8366,4741,6057,4489,3129,9466,1952,5151,6087,5637,2652,6243,2650,5817,3939,1579,8252,1791,7906,4475,6687,7088,8166,6164,2918,5785,5369,2107,1200,4148,8320,2122,4836,5603,6540,6861,5644,3922,6441,1988,9269,6143,4344,3261,4126,7243,7303,2687,2676,5996,9793,5389,2811,2841,2584,3942,6142,7988,7629,7255,6501,6089,11281,7988,6268,6683,7392,5749,6602,4445,2596,1907,1873,2675,7403,5321,3801,6051,8695,3984,2953,8563,5493,4489,3426,2448,4101,9070,6194,6407,6169,3749,8626,6773,8907,4172,9869,3171,3936,6673,7688,2403,6544,14021,7278,2686,985,2701,3840,4544,2818,1583,3283,1771,5630,5393,6156,6719,3762,9809,2233,6123,4627,3426,2397,9279,6203,1889,4512,7814,4112,1330,3914,8004,3322,2379,3884,6210,1127,7179,3561,9883,2259,4489,835,3573,5393,8490,779,3939,8368,3935,8803,5603,4837,2659,5288,4278,2912,2263,2871,969,7658,2531,8880,1327,6719,6578,3937,5069,4168,2310,2805,6400,3513,2531,4879,3426,2774,7016,8788,2801,6102,4952,3905,3291,4147,2795,7376,5963,8380,8573,5892,985,3798,2776,8655,5260,9053,962,8091,4416,2746,4788,857,6983,2244,2746,2881,2688,11281,3976,7596,4641,4604,7537,2980,4478,2808,2177,4652,4322,3744,1157,7877,3483,9126,4981,3918,3401,4706,3335,6203,4705,6888,2445,6483,9953,1237,2841,3815,3426,6057,7153
7616,7015,15781,10770,9162,0,4956,6052,6637,6419,8959,13742,9254,6114,5005,5474,7714,7136,8154,7152,9011,9070,4040,7668,4720,6406,11302,6671,5049,9607,9660,10401,5750,8096,8056,5962,2030,7901,6147,10219,9971,9551,9591,8993,10022,9758,6813,7036,7359,9712,7170,9933,6570,9138,9127,10167,4049,10005,7776,8345,8088,10393,10757,4564,6122,4287,2979,3693,11884,4564,4670,9514,9924,5572,9125,6259,7213,7799,8883,8028,4525,9936,7385,10667,6123,7867,8783,3594,9742,7434,10557,9232,7984,1069,10136,7515,10094,10200,6266,9611,1225,8055,9188,9622,8951,5121,15242,8995,10062,11315,4292,7203,8354,7185,5418,19927,8727,7675,9206,8145,9606,19352,3761,15303,10213,8676,7909,15781,20048,10557,8989,1174,9471,8899,20120,15344,9905,8233,6404,5044,8035,8572,6698,9981,9136,14426,7230,9053,7716,7434,8848,7241,19352,1620,8636,9011,1382,7065,6347,10219,11288,6961,5816,6540,8052,7767,7988,9794,1930,8352,3319,8068,15303,21027,6752,21771,7389,7307,9257,9265,10814,8352,6496,10557,9225,14304,1495,8710,10718,6197,6395,7944,5670,9247,4395,6856,4877,4807,19701,8354,6786,9227,5119,4546,5628,8900,1483,6230,8096,5751,9163,14270,9734,8096,8385,8192,11884,8103,3371,19749,6770,14661,8484,10967,7714,9478,8535,10773,8508,8172,2634,9935,1125,11114,10484,5889,7262,9786,3690,6348,5014,8960,9765,8796,8475,8345,9442,10557,6637,9843
4971,5680,7804,7901,8145,6488,0,3611,3814,3808,6316,5765,7919,4115,2110,2579,5477,4554,5966,4329,6188,6935,2193,6333,1953,3822,9150,2757,6665,7227,7501,8951,2854,7079,6779,4196,3343,6234,3706,8770,7180,6467,7212,6171,7362,8423,1741,4213,5199,7553,6153,7142,2602,6979,6968,9162,3734,8555,6110,6134,5876,8234,8009,592,2252,1541,3366,2526,3907,592,2749,6522,5813,2676,6746,3787,5592,6782,7865,5588,1758,8487,6368,7879,2253,5045,6438,2529,8660,4993,7688,7073,5161,5085,8005,4692,8538,8040,7882,5782,5454,5232,2341,7463,6082,2298,7265,7978,7859,2268,1525,5327,7020,5309,4387,10149,6562,6397,6383,7128,7226,9610,2458,7326,8054,2259,6242,7804,10270,7688,7972,5190,7092,7882,10342,7367,7036,7216,5387,172,5212,6412,5681,8578,8119,6449,6213,2175,6080,4993,7513,6224,9610,3804,7301,6188,4383,4905,1275,8770,10819,5626,2993,4179,6188,6569,5548,8777,3632,6192,2847,6791,7326,10705,5735,9361,5229,5686,6576,6552,8696,6192,3674,7688,7066,6326,5335,6545,8467,3877,5377,5935,4639,7087,1340,4033,265,298,9923,7020,4493,7068,248,3042,1759,7883,4106,4102,5655,3857,8146,6293,7600,5655,6174,5981,3907,5280,2531,9971,3947,6684,6273,8769,5274,8143,5713,8613,5686,6838,3892,7775,5141,8245,7615,4872,4661,6820,3589,4487,1341,7943,7418,2425,7140,6134,6620,7688,3814,7052
1550,2259,4916,4886,4782,8108,3830,0,1912,482,3350,4775,4539,866,1802,1352,2056,2098,2545,1671,3173,3319,5592,2953,3560,496,5481,2755,6835,4228,4080,4579,1166,3738,3359,1487,5660,2813,95,4397,4593,4173,4213,3156,4644,5043,4984,1998,1779,4132,2772,4555,2854,3558,3547,4789,7132,4183,2689,2713,2455,4813,4935,3427,3344,2909,3841,3428,4575,3427,2287,4135,4546,1546,3746,761,2171,3525,4503,2167,3057,4114,2988,4845,4025,2030,3174,5903,4363,1573,4673,4573,2146,6409,4988,2262,4716,4410,7296,4232,6247,2217,5584,4042,3067,1991,4969,4636,4683,5511,2932,1906,3640,1888,1678,5415,3118,2977,3368,3725,4227,5940,3496,5513,4633,5524,2821,4916,5498,4673,4631,6515,4093,4519,5383,6625,4021,3854,2332,3719,2197,2991,2301,4603,4756,4638,2828,5597,2707,1573,4057,2840,5940,5946,3921,3173,5708,1484,4518,4397,5708,2205,1003,973,2767,2711,2127,5415,4998,2771,6220,3370,5513,7284,2354,5940,1808,2265,3363,3887,5275,2771,546,4673,3645,4475,6128,3101,4896,2292,2322,2494,1930,3666,3235,1818,3587,3809,6254,3640,1072,3647,4176,1905,3778,4520,5430,732,2234,503,4783,4442,3984,2234,2753,2560,4575,2265,4237,6302,932,5942,2852,5349,1853,4764,2698,5193,2671,3458,5217,4354,6466,5230,4600,2163,1662,3805,3543,1779,2603,4602,4386,5668,3761,2713,3605,4673,1912,4465
2922,3608,4598,6483,6173,8938,3998,1697,0,1718,3876,3664,5888,1935,1970,1415,3405,645,3894,844,3747,4767,5891,4303,3871,1732,5162,1901,8208,3116,4783,4260,1094,5087,4708,2318,6490,4162,1792,4078,3481,2899,3101,3730,3532,6392,5151,545,2964,4835,4145,3443,1999,4133,4250,3677,7431,3864,4038,4403,4043,5516,4617,3616,2702,3219,4672,4259,3122,3616,2620,3023,3434,1474,2635,1909,3520,4874,5780,3516,3368,3424,4361,4527,2572,2604,3998,5415,3252,2922,6270,5723,2721,7240,3645,1025,3604,5113,8669,3120,7078,2792,5752,4745,3642,2159,3858,5986,3571,4733,3243,3255,4989,3237,2508,6161,4121,4326,3943,5074,3115,5622,4327,5194,5336,5692,4170,4598,6282,6270,5980,7346,2981,5796,6354,5513,5618,5130,3704,3887,2772,4439,3674,3491,6146,3526,4201,5765,4412,2922,5406,4212,5622,6776,5270,3747,6538,2385,4686,4078,7284,3554,916,1739,4215,4595,3476,6805,5828,4219,5732,4719,5194,8633,3727,6643,2788,3614,4135,2775,6624,4219,1782,6270,4366,3363,6958,4104,4577,3122,3695,3495,2760,4369,3546,365,3755,3977,5935,4989,2168,4368,4699,2242,4185,5910,6261,2223,3583,1718,6173,3330,5431,3583,4443,4251,3122,2840,4996,5983,1506,4830,4542,6051,3202,6113,3272,5895,3245,4807,6047,5057,7296,6827,6197,2994,1352,4379,4373,2609,2771,5951,3526,5836,5110,4403,4179,6270,0,3353
1782,2467,4779,4564,4919,7591,3724,729,1775,0,2979,4638,4748,760,1697,1246,2265,1961,2754,1534,2851,3527,5075,3162,3454,14,5344,2618,6787,4091,3886,4442,1060,3853,3567,970,5143,3022,825,4260,4456,4036,4076,2833,4507,5251,4878,1861,1402,3938,2927,4418,2717,3456,3354,4652,6615,4046,2897,2921,2663,4619,4798,3322,3238,2803,3324,2911,4438,3322,2182,3998,4409,1440,3609,561,2379,3556,4640,2375,2951,3977,3142,4708,3888,1707,3101,5386,4226,1781,4351,4781,1824,5892,4851,2125,4579,4217,7450,4095,5730,1895,5479,3848,2745,1886,4832,4752,4546,5405,2826,2115,3848,2096,1161,6343,3225,3185,3046,3902,4090,5803,2979,5376,4439,5419,3030,4779,5304,4351,4746,5998,3956,4656,5189,6488,3699,3990,2161,3614,1875,3200,2456,4466,4893,4501,2987,5492,2916,1781,4266,2999,5803,5429,4130,2851,5191,1108,4412,4260,5514,2414,898,583,2976,2919,2336,5551,4481,2980,5703,3578,5376,7493,2509,5747,1431,2473,3239,3750,5483,2980,296,4351,3469,4338,5611,3207,4759,1775,2152,2117,1413,3473,3129,1681,3482,3704,6117,3848,967,3472,4070,1799,3672,4657,4914,876,2443,397,4920,4305,4192,2443,2961,2768,4438,1943,4418,6165,610,5805,3060,5155,2061,4972,2376,4999,2349,3666,4700,4161,5949,4908,4278,1646,1525,3483,3026,1262,2498,4717,4500,5563,3969,2921,3282,4351,1775,4328
3986,2959,3476,2704,3725,10852,6358,3145,3840,3359,0,6564,2396,3394,4331,3880,2756,4026,2122,3600,1293,3578,8336,2606,6231,3346,4040,4988,9411,3727,1698,3139,3694,3456,2656,4232,8404,2110,3240,2957,3894,4214,2998,1275,3794,3535,11007,3926,2127,1950,5371,4596,5086,1530,1460,3349,9877,2743,1986,1949,1588,2431,3495,5977,5789,5580,6586,6173,8380,5977,4981,4037,4745,4074,3464,3823,2558,3256,3728,1850,5728,2674,5047,3405,6478,1767,714,8647,2847,2272,2491,2639,1884,9154,3548,4190,3523,2028,9872,4935,8992,1955,12387,1660,1020,4520,5451,4258,3898,11120,5603,2606,2672,2587,4422,3233,1667,2274,282,3022,2983,4500,6241,4073,2451,12327,2118,3476,3316,2491,4253,9363,3967,3744,3201,5167,707,3078,4763,6247,1935,1984,4732,3563,3699,4962,4806,12072,2407,2272,3089,4818,4500,8575,2953,1293,8452,2183,11321,2957,3526,2905,3532,3279,1760,2141,2046,4358,7742,1764,8965,2667,4073,5327,4785,3558,1951,2196,1681,4340,3318,1764,3671,2491,1911,4799,8872,1649,3456,5036,4753,2399,4674,1705,5490,3746,6116,6338,4813,2672,2810,1913,6704,5061,6506,3463,8175,4137,1921,3659,3726,4766,4243,1921,1989,1796,8380,2003,7680,3330,2387,4891,2088,3204,2553,2575,2435,3010,2408,2490,7961,2172,9210,3048,2418,4908,2489,1102,6287,4523,5132,4300,3836,12084,2793,1949,901,2491,3840,4506
5924,5671,2804,7013,7545,15188,5728,4721,3534,4742,5614,0,7302,4959,5351,4796,5279,3467,5308,3756,5485,7319,9886,5716,6142,4756,4151,3916,15208,3646,6521,3952,4475,6500,6104,5342,11036,5576,4816,3770,1999,1517,3631,5468,2362,7805,6378,3320,4839,6573,7298,1961,3815,6971,5988,4207,12263,3556,5451,5475,5217,6434,3010,5986,4510,5731,7555,7283,3751,5986,5850,2433,863,4854,3165,4933,5681,6287,7266,4929,5947,3487,7514,3149,3648,4482,5894,10222,3782,4984,6800,7335,4276,9274,3055,3078,3538,7034,16678,832,9712,4347,7758,6483,5375,5399,1529,7399,3173,6491,5714,5314,6402,5328,5532,5150,5859,5739,6617,6528,3645,4610,7351,2327,7074,7698,5584,2804,5271,6800,7393,9380,3511,7282,5342,2368,6148,6616,6533,5618,4327,5754,6827,3579,7519,713,7359,7443,5764,4984,6820,7370,4610,8810,6684,5485,8572,5386,6692,3770,5819,5617,4461,4740,5530,5815,4890,8177,7821,5534,10540,6116,2327,12530,6880,9894,4763,5661,7090,2184,10304,5534,4979,6800,6104,591,9593,5842,3468,6146,6523,5050,5784,6107,5818,3903,6377,6571,4924,6402,5169,6106,5775,5623,5260,7283,8295,5247,4997,4742,7546,557,7983,4997,5515,5322,3751,4155,6967,4972,4508,1685,5614,5871,5435,7526,5010,5622,4983,6220,8081,6795,9330,7357,6727,6018,4353,7134,7397,5633,5192,7364,2684,7693,6523,5475,5917,6800,3534,1871
4106,4199,5994,3232,2398,20105,8039,4878,5928,4413,3001,7188,0,5075,6011,5561,2517,6114,2533,5688,3482,1451,8422,2270,8076,4399,5427,6933,9652,5639,2198,5105,5293,3593,2470,4317,8490,2005,4973,5475,6412,6732,5516,3464,6312,1164,9193,6015,3568,2480,5612,7114,7031,2559,2548,5867,9962,5260,2693,2724,2466,2932,6013,8158,7553,7424,6671,6258,11153,8158,6437,6555,7263,5673,6076,4582,2452,3393,3359,2557,7573,5192,5288,5923,8566,3454,2825,8733,5365,3422,2646,728,3406,9239,6066,6278,6041,2658,12857,6645,9077,3227,9793,2161,3808,6200,7162,3890,6160,13892,7448,2552,2299,2566,5327,3763,2689,2852,3044,3258,5501,4612,6326,6591,2981,9733,2115,5994,3846,2646,3884,9345,5678,3376,3731,7685,3102,2816,5401,7928,3204,2251,5370,6081,2372,7050,5047,9806,2142,3422,2013,5059,4612,8660,2093,3482,8538,3817,8727,5475,4056,4146,5212,4332,2430,2146,2753,3031,7828,2403,9050,2517,6591,4114,5423,3676,3225,2193,2677,6272,2105,2403,4724,2646,1914,6888,8958,2672,5974,5122,5391,3173,5634,2193,7546,5834,8549,8743,5111,2299,3863,1934,8385,5647,7987,2136,8260,4553,2629,4712,2369,6854,2115,2629,2763,2571,11153,3848,7765,3860,4433,7409,2863,3735,2673,769,3659,3541,3626,2471,8047,2703,9296,4200,3137,4888,4578,2325,6373,4841,6812,3931,6354,9877,1402,2724,2804,2646,5928,7024
2392,3101,5337,5322,5566,7210,2964,1033,1319,1229,3737,4836,5381,0,936,486,2898,1817,3387,1834,3609,5474,4857,3796,2837,1243,5901,2083,6406,4288,4922,4999,300,4500,4184,1617,5578,3655,1128,4817,4653,4233,4273,3592,4704,5885,4118,1717,2621,4974,3574,4615,2181,4400,4389,4849,6398,4760,3531,3555,3297,5655,5356,2582,2478,2186,2943,2530,3938,2582,1587,4195,4606,680,3807,1208,3013,4203,5287,3009,2334,4596,3790,5265,3406,2466,3860,4381,4424,2415,5109,5415,2583,5511,4817,2197,4776,5462,6450,4293,5349,2653,4718,4884,3503,1126,5030,5399,4743,4645,2209,2748,4482,2730,1808,6900,3983,3819,3804,4549,4287,6361,2464,5933,5475,4658,3663,5337,7021,5109,5393,5617,4153,5303,7093,6685,4457,4637,2808,2853,2634,3833,3103,4663,5540,4698,3634,4552,3843,2415,4899,3646,6361,5048,4763,3609,4810,2327,3652,4817,6124,3047,355,1601,3609,3990,2969,6198,4816,3613,4698,4195,5933,8126,3156,6782,2650,3107,3997,3947,6117,3613,1095,5109,4487,4535,5230,3966,4921,1394,2799,3336,2060,4509,2512,1537,2722,2943,6674,4482,1914,4489,3310,1205,2912,5304,4533,1523,3076,1279,5567,4502,6138,3076,3595,3402,3938,2702,3962,6722,1368,6002,3694,6191,2695,5606,3134,6035,3107,4300,4319,5196,5568,5666,5036,2293,2082,4241,2645,1909,1737,5364,4447,4802,4603,3555,4041,5109,1319,4525
3028,4184,5955,8117,6345,7156,2428,1669,1780,1865,5660,5260,6423,1104,0,469,3535,2278,4024,2295,5532,6253,4045,4837,2301,1879,6519,2066,7490,4750,5558,5617,744,5279,5486,2397,4659,4291,1764,5436,5114,4694,4734,5514,5165,7477,3582,2179,3257,5610,4353,5076,1965,8075,5025,5310,5585,5221,4167,4191,3933,6291,5974,2047,1942,1650,2639,1996,3402,2047,2117,4657,5067,566,4268,1845,4382,4982,6066,3645,1798,5058,4569,5884,2871,4388,6752,3846,4885,3051,7903,6051,4505,5457,5278,2658,5237,6098,7778,4754,5827,4576,4183,5520,5426,1666,5491,6178,5204,4109,1673,3384,5524,3366,2587,7518,5906,4455,5727,5328,4749,6979,1928,6551,6111,4100,4299,5955,7639,7903,6172,5563,4614,6082,7711,6862,7251,5416,3912,2318,4556,4470,3882,5124,6319,5159,4413,4017,4885,3051,6017,4425,6979,4993,5805,5532,4755,4169,3116,5436,8188,4130,934,3523,4245,4936,3605,6977,4004,4250,4163,5534,6551,8763,3935,7418,4573,4476,5920,4408,6753,4250,1731,7903,5123,4997,5707,5888,5382,1935,3903,5279,2839,5145,1977,1999,2186,2408,7292,5524,2550,5125,2774,1746,2376,6083,4478,2673,3713,2152,6346,4963,6918,3713,4231,4038,3402,4624,3150,7340,3291,6179,4330,8240,3331,6647,5057,7991,5030,5341,4264,5833,5513,8460,7830,3072,3136,6164,3059,2688,1202,6143,4908,4267,5644,4191,5963,7903,1780,4986
4266,3877,5514,7675,6038,7495,2768,1362,1339,1558,5219,4856,6116,662,740,0,4749,1837,5238,1854,5091,5946,4384,4530,2641,1572,6078,1903,6444,4308,6126,5176,303,4972,5179,2090,5105,5505,1457,4994,4673,4253,4293,5073,4724,7170,3922,1738,4383,6178,4046,4635,1960,5476,5593,4869,5925,4780,5381,5405,5147,6859,5533,2386,1938,1990,2978,2336,3397,2386,1391,4216,4626,302,3827,1538,4863,4675,5759,4859,2138,4617,4262,5442,2822,3947,6311,4185,4444,4265,7462,7265,4064,5797,4837,2217,4796,7312,6684,4313,5387,4135,4522,6088,4985,929,5050,5871,4763,4449,2013,4599,5217,4580,2280,7077,5464,5669,5286,5021,4308,6538,2268,6110,6679,4440,5513,5514,7198,7462,5865,5902,4173,5775,7270,6706,6810,5109,3605,2657,4115,5684,3575,4683,6012,4718,4106,4356,4578,4265,5710,4118,6538,5333,5498,5091,5095,3728,3456,4994,7747,3823,493,3082,5460,5840,4819,6671,4344,5464,4502,5227,6110,9977,3628,8519,4131,4957,5479,3967,7967,5464,1424,7462,5709,4556,5268,5447,4941,1628,3596,4838,2532,5713,2316,1558,2525,2747,6851,5217,3764,5711,3114,1439,2716,5776,4818,2366,4927,1845,6039,4522,6611,4927,5445,5252,3397,4183,3490,6899,2850,6023,5544,7799,4545,6340,4615,7550,4588,5034,4604,6400,5853,8019,7389,2766,2695,5723,2683,2381,1541,5836,4467,4606,5337,5405,5522,7462,1339,4545
1867,1996,5132,3643,2677,8698,6511,2638,3668,2152,2139,6499,2434,2815,3751,3300,0,3854,1334,3428,2399,2451,6182,848,6075,2139,5696,4773,7147,4916,2840,4794,3115,1632,1236,2078,6250,1247,2733,4612,6316,5896,4653,2381,5450,2937,6932,3755,2122,2892,3084,6278,4872,2318,2307,5005,7723,4398,1123,1525,1267,3573,5151,5918,5575,5185,4431,4019,6320,5918,4198,5859,6269,3495,5470,2343,680,1419,2077,1359,5333,4330,3300,5061,6306,2255,1962,6493,4503,1963,3057,2930,2207,7000,5204,4018,5178,3380,7608,5956,6838,2028,7533,2802,2298,4559,6693,2531,6407,9240,5208,312,1534,326,2008,4175,1907,854,2292,1603,4639,5024,4087,5728,3393,7473,1255,5132,4258,3057,2525,7106,5816,2093,4143,6823,3252,1748,2643,5668,2005,1751,2613,5219,2651,6361,2844,7367,943,1963,1951,2856,5024,6536,1815,2399,6298,1827,6467,4612,4468,1942,2952,2072,1231,947,1555,3309,5588,1531,6810,1248,5728,6004,2666,4700,2151,774,2152,5610,3994,1531,2464,3057,2405,6199,6718,1889,5112,2882,2634,1290,3262,2426,5306,3574,6310,6503,5523,1534,1415,2407,6585,3407,6983,2415,6021,2313,1430,2452,2677,6165,3115,1430,1565,1372,6320,2801,5834,4272,2172,7666,1664,4146,434,2658,1924,3953,1743,1352,5807,3114,7056,4612,3549,2130,2321,2966,4133,2602,4552,2496,5492,7617,1655,1525,2541,3057,3668,6188
3209,3895,4885,5748,6460,8669,4420,1984,575,2005,4163,4242,6175,2222,2392,1837,3692,0,4181,798,4034,5054,6313,4589,4293,2019,5449,2323,7865,3695,5070,4547,1516,5374,4978,2605,6221,4449,2079,4365,4060,3640,3680,4017,4111,6679,4400,623,3251,5122,4561,4022,2421,4420,4537,4256,7853,4151,4325,4690,4330,5803,4904,4038,3125,3642,4402,3989,2903,4038,3043,3602,4013,1896,3213,2196,3807,5161,6139,3803,3790,4083,4777,4813,2353,2891,4285,6672,3830,3209,5534,6209,3008,6970,4956,1740,4183,5400,8366,3699,6808,3079,6174,5032,3929,2581,4436,6272,4150,4513,3665,3542,5276,3524,2795,6448,4408,4613,4230,5361,3694,5909,3920,5481,5623,6114,4457,4885,6569,5534,6267,7076,3560,6155,6641,6092,4882,5490,4120,4309,3059,4726,4090,4070,6433,4105,4488,6187,4698,3209,5693,4499,5909,6506,5557,4034,6269,2672,5108,4365,7118,3841,1502,2026,4502,4882,3763,7092,5559,4506,6990,5006,5481,8920,4143,6930,3075,3901,4422,3354,6911,4506,2069,5534,4653,3942,6689,4391,4864,2853,4111,3782,3047,4656,3968,944,4177,4399,6222,5276,2455,4655,4479,2664,3965,6197,5991,2510,3870,2005,6460,3908,5718,3870,4730,4538,2903,3127,5418,6270,1793,5409,4829,6338,3489,6400,3559,6182,3532,5094,5778,5344,7027,6091,5461,3281,1639,4666,4104,2896,3193,6238,4104,6258,5397,4690,4466,5534,575,3932
3878,2851,3798,2269,2855,10675,6250,3037,3732,3182,804,6886,2511,3286,4223,3772,2172,3918,0,3492,1614,1449,8159,1631,6123,3168,4362,4880,8934,4049,1465,3460,3586,2979,1980,4054,8635,1659,3132,3278,4215,4536,3319,1597,4116,3179,11652,3818,2019,1517,4894,4918,4978,816,933,3671,9700,3064,1509,1493,1235,2198,3817,5869,5681,5472,6408,5996,8702,5869,5575,4358,5067,3966,3785,3646,2107,2779,3007,1373,5620,2996,4570,3726,6370,1659,628,8470,3168,2164,1683,2754,1776,8977,3869,4082,3844,1796,9395,4449,8814,1847,8005,1427,1040,4412,5773,3537,4219,11441,5495,2498,1776,2479,4245,2801,804,1796,958,2545,3305,3650,6063,4394,2018,7945,1641,3798,2883,1683,3532,9082,4289,3023,2769,5489,2565,2464,4682,6140,1827,1122,4652,3885,2829,4854,4329,7839,1391,2164,2193,4341,3650,8513,2057,1614,8275,2075,6938,3278,3093,2797,3424,3102,898,1278,1569,3488,7565,902,8787,1725,4394,5095,4705,3326,1843,1719,818,4661,3085,902,3494,1683,1049,4691,8695,787,3777,4859,4673,1943,4497,1052,5382,3638,6008,6230,4148,1776,2633,1051,6596,4884,6398,2593,7998,3960,1444,3481,2856,4658,2114,1444,1533,1340,8702,1895,7503,2897,2279,5212,1632,2772,2445,2689,2327,2578,2300,1594,7784,1740,9033,3238,2175,4730,2381,1591,6110,4346,5024,3579,4158,8089,1896,1493,1207,1683,3732,4828
3738,4424,4388,6550,7082,13496,4719,2513,1104,2534,4692,3730,6704,2751,2921,2366,4221,711,4710,0,4563,6721,6853,5118,5133,2548,4952,2486,9153,3183,5599,4050,2045,6016,5507,3134,7467,4978,2608,3869,3547,2965,3167,4546,3598,7208,4686,612,3855,5651,5090,3509,2584,6508,5066,3743,8393,3654,4854,4878,4620,7235,4407,4977,3298,4722,4931,4518,3189,4977,3572,3090,3500,2425,2701,2725,4336,5719,6803,4332,4938,3491,5306,4317,2639,3420,5993,6654,3318,3737,6336,8191,3537,8265,3711,765,3670,6785,9614,3187,7337,3608,6474,5561,6341,3110,3924,6915,3637,4799,4705,4071,5805,4053,3324,5951,4937,5141,6154,5890,3182,5412,4449,4984,6152,6414,4986,4388,6072,6336,6909,8371,3047,6819,6144,5580,5684,6154,4649,4608,3588,5156,4619,3557,7056,3592,5150,6308,4824,3737,6202,5162,5412,7801,6066,4563,7563,3201,5407,3869,7351,4370,2031,2555,5031,5411,4292,7715,6812,5035,6971,5535,4984,9449,4672,7393,3604,4430,6626,2841,7440,5035,2598,6336,5182,3430,7218,4920,3815,3382,4640,4311,3576,5185,4808,432,5368,5562,5725,5785,3237,5184,4765,3193,4251,6820,7286,3039,4399,2534,7083,3396,7513,4399,4918,4725,3189,3656,5958,5773,2322,4897,5017,6673,4018,6909,4088,7402,4061,5603,7072,5873,8321,6893,6263,3810,2168,6670,4633,3425,3722,6880,3592,5764,5905,4878,4995,6336,1104,3419
2907,2904,5278,3608,3512,9904,6038,3043,3927,2411,2019,4871,3341,3074,4010,3559,1319,4113,1347,3687,0,2121,7388,1755,5911,2398,5842,5032,8356,5154,2926,4620,3374,2539,2144,3284,7864,1615,3138,4825,4661,4241,4799,1873,4712,3845,7191,4013,1567,2978,4125,4623,5131,2276,2393,5556,8929,4544,1491,288,2186,3659,5297,5656,5552,5259,5637,5225,8105,5656,4804,4204,4641,3753,5729,2875,1720,2326,3232,969,5408,4476,3992,5207,6565,1453,2141,7699,4649,1284,3338,3374,1405,8206,4825,4277,5325,3256,8817,4328,8044,1225,7792,2888,1790,4199,5509,3438,4944,7718,5283,1353,2442,1367,3474,4261,2264,1778,2086,2527,4785,5110,5293,5874,3479,7732,1623,5278,4343,3338,3432,8312,5193,3249,4229,6721,2743,2583,3684,5927,1203,1793,3654,5365,3486,4734,3752,7626,1851,1284,2859,3763,5110,7742,2723,0,7504,1816,6726,4825,4554,2850,3211,2331,1569,1854,929,4144,6794,1573,8016,2155,5874,6086,3707,4786,1224,1700,2278,3955,4076,1573,2723,3338,2509,4571,7924,2247,5258,4088,3675,782,3726,2512,5169,3833,5795,6017,5608,2442,1862,2511,6383,4113,5986,3250,7227,3189,1036,2711,3512,4537,2785,1036,368,1362,8105,1702,6732,4358,2431,6038,427,4194,1474,3565,1415,4038,189,2260,7013,3200,8262,3952,3322,3959,2626,2522,5339,3575,4811,3403,4455,7876,2562,288,2322,3338,3927,4533
3744,3498,4544,2376,2506,10576,6996,3783,4478,3997,1550,7632,1880,4032,4969,4518,2155,4664,1694,4238,2149,0,8059,1882,6869,3984,4629,5626,8951,4528,1630,4206,4251,2892,1631,3955,8127,1642,3878,4024,4961,5282,4065,2132,4862,2830,12398,4564,2765,1682,4911,5664,5724,1108,1097,4417,9600,3810,1944,1928,1670,2363,4563,6615,6427,6218,6309,5896,9447,6615,6075,5104,5813,4630,4531,4461,2090,2692,2658,1808,6366,3742,4587,4472,7116,2405,1374,8370,3914,2910,1847,2123,2522,8877,4615,4828,4590,2170,9412,5194,8715,2593,8751,1592,1786,5158,6051,3188,4965,12187,6241,2189,1427,2204,4626,2965,1239,1674,1704,2556,4051,3814,5964,5140,2183,8691,1753,4544,3048,1847,3183,8983,4567,2674,2933,6235,2533,2115,4699,6885,2573,800,4669,4631,2480,5600,4346,13140,1779,2910,1844,4358,3814,8298,1708,2149,8175,2821,7684,4024,3258,3444,4170,3257,1332,1284,2004,3139,7466,952,8688,1678,5140,4834,4722,3490,2589,1830,1226,5407,2825,952,3496,1847,1195,5437,8595,1222,4523,4759,4690,2378,5312,1216,6128,4384,6754,6976,4313,1427,3448,1197,7342,5602,7144,2244,7898,4190,1879,4297,2507,5404,665,1879,1968,1775,9447,2397,7403,3062,3025,5669,2067,2936,2311,2058,3073,2743,3046,1245,7684,1904,8933,3402,2339,4186,3127,1756,6010,4479,5770,3230,4904,13389,1547,1928,2236,1847,4478,5574
7059,6845,10366,9989,8992,5176,2647,5699,5903,5896,8404,8328,9084,6203,4198,4667,7565,6401,8054,6418,8276,8900,0,7498,3000,5910,11713,4907,7420,8872,9589,9666,4943,7926,7887,6284,2820,8322,5795,9484,9743,8817,8857,8259,9924,9588,4303,6301,7288,9641,7000,9705,4753,9067,9056,9433,1497,11118,8198,8222,7964,10322,10572,2413,4402,2589,3270,3206,6470,2413,3572,8779,8376,4764,8391,5875,7043,7629,8713,7676,2805,11050,7216,10442,4403,7133,8527,701,9007,7081,9719,9161,7249,4317,10568,6781,11100,10129,8891,8345,4474,7320,5508,9551,8170,4387,9235,8825,9327,4830,2573,7415,8185,7397,5248,17030,8650,7505,8471,7975,8871,16455,3274,9889,10142,4995,8330,10366,17151,9719,8819,4423,8737,8729,17222,9930,9124,8063,6234,2735,7300,8500,6529,11141,8966,9011,7060,5372,7546,7081,8602,7072,16455,2599,8466,8276,3228,6993,3838,9484,17699,6791,5081,6267,8276,7598,7636,9624,3536,8280,751,7898,9889,21249,6582,18874,7317,7137,8664,8531,10784,8280,5762,9719,9154,8059,5218,8633,11030,5034,6225,7774,5500,9175,2676,6121,2568,2497,16804,8185,6581,9156,2810,4008,3909,8730,4010,6190,7743,5945,8993,8263,9565,7743,8262,8069,6470,7368,1987,16852,6035,9247,8361,18868,7362,9309,7801,10702,7774,8003,3570,9863,4373,10333,9703,5719,6749,8908,3933,6576,3240,8790,9281,5115,8305,8222,8708,9719,5903,9615
4242,2742,5388,3528,1750,10797,7096,4770,4986,3470,2395,6320,1586,4132,5068,4618,2681,5172,1590,4746,3204,1603,8281,0,8174,3456,5781,5990,8195,5993,2552,5050,4351,2136,601,4177,8757,2043,4865,4868,5805,5690,4909,3187,5706,2090,8250,5072,2626,2834,4155,6072,6089,2711,2700,5261,9822,4654,1751,1781,1523,3285,5407,8017,6610,7284,6530,6118,10547,8017,6297,5948,6221,4730,6430,4474,2625,1936,1902,1615,7432,4586,3831,5317,7623,2511,2218,8592,4759,2480,2999,2082,2463,9099,5460,5336,5434,2883,8656,5777,8937,2284,8851,2514,3202,5258,7516,2432,5810,8777,7307,2716,686,2730,3870,4117,2163,517,3398,1800,4895,4966,6186,5984,3335,8768,1883,5388,4200,2999,2427,9205,6032,1918,4085,7079,3456,1359,3943,6985,2261,2403,3913,5475,1724,6182,3590,8685,1199,2480,1104,3602,4966,8635,968,3204,8397,2875,7784,4868,4410,2688,4269,3390,1487,1203,1811,2383,7687,1787,8909,602,5984,5156,3966,4413,2283,1961,2829,5404,3146,1787,3781,2999,2267,6020,8817,2145,5368,4981,3934,2231,4562,2384,7405,4892,8409,8602,5465,686,2920,2288,7442,5289,7044,1488,8120,4445,1686,3769,1751,5986,2268,1686,1821,1628,10547,2760,7625,4214,3490,6803,1920,4088,2837,1810,2864,3895,2684,504,7906,3056,9155,4554,3491,3430,3685,2678,6232,4734,5870,2474,5748,8934,807,1781,3158,2999,4986,5982
4044,4753,6989,6975,7218,6229,1225,2685,2888,2882,5390,5684,6824,3188,1184,1653,4551,3386,5040,3403,5261,7126,3118,5404,0,2895,7553,2187,6110,5857,6297,6652,2261,6152,5793,3270,4243,5308,2780,6470,6222,5802,5842,5244,6273,7494,2379,3287,4273,6349,5226,6184,2032,5647,5764,6418,4658,6255,5183,5207,4950,7030,7008,843,1681,987,2242,1600,3826,843,1822,5765,5064,1750,5376,2861,4665,5855,6939,4661,1203,6187,5442,6918,1682,4118,5512,3429,5993,4067,6761,7067,4235,4530,7061,3766,6345,7114,7327,5862,4878,4306,2979,6259,5156,1372,5923,7051,6312,2906,456,4401,6091,4382,3460,8552,5635,5471,5457,6202,5857,8013,1532,7245,6850,2897,5316,6989,8674,6761,7046,4636,5722,6955,8745,7286,6109,6290,4785,1114,4286,5486,4755,6232,7192,6368,5287,2813,5154,4067,6508,5298,8013,4066,6372,5261,3828,3899,1913,6470,7776,4700,2067,3253,5262,5206,4622,7851,3077,5266,3746,5804,7245,9779,4808,8157,4302,4759,5649,5516,7769,5266,2747,6761,5880,4985,4758,5618,6969,2951,4776,5009,3712,5884,380,3107,982,1204,8326,6091,3567,5882,1571,2116,1188,6956,3551,3175,4729,2931,7219,4951,6674,4729,5247,5054,3826,4354,2223,8374,3020,6603,5346,7566,4348,7003,4786,7410,4759,5909,3337,6571,4586,7318,6688,3946,3734,5894,2663,3561,377,7017,6267,3063,6211,5207,5693,6761,2888,6094
1768,2454,4793,4550,4933,7605,3738,743,1788,14,2965,4652,4714,774,1710,1260,2251,1974,2740,1548,2837,3514,5088,3128,3911,0,5357,2632,6801,4105,3872,4456,1074,3867,3553,984,5565,3008,838,4274,4469,4049,4090,2820,4521,5218,4892,1875,1388,3924,2941,4431,2731,3223,3340,4666,6629,4060,2883,2907,2650,4606,4812,3357,3252,2817,3338,2925,4452,3357,2196,4012,4422,1454,3623,575,2365,3570,4653,2362,2965,3991,3156,4722,3902,1694,3088,5400,4240,1767,4337,4767,1810,5906,4865,2138,4592,4203,7464,4109,5744,1881,5493,3835,2731,1900,4846,4766,4560,5419,2840,2101,3814,2082,1175,5208,3211,3171,3032,3916,4104,5817,2993,5390,4425,5432,3016,4793,5290,4337,4760,6012,3969,4670,5176,6502,3685,4004,2175,3627,1861,3186,2469,4479,4907,4515,3001,5327,2902,1767,4232,3012,5817,5442,4096,2837,5204,1094,4426,4274,5500,2400,911,569,2962,2906,2322,5565,4495,2966,5717,3565,5390,7479,2522,5733,1417,2460,3225,3763,5469,2966,282,4337,3456,4352,5625,3194,4773,1789,2165,2585,1426,3459,2870,1695,3496,3717,6130,3814,953,3458,4084,1813,3686,4670,4927,890,2429,411,4933,4318,4178,2429,2947,2754,4452,1929,4432,5305,596,5819,3046,5141,2048,4938,2362,4985,2335,3632,4714,4147,5962,4894,4264,1660,1539,3469,3040,1275,2511,4731,4514,5576,3935,2907,3269,4337,1788,4342
6764,6392,4125,2853,5551,21185,13628,6878,7710,6071,3427,7933,3847,6733,7670,8972,5175,8109,4370,7932,3726,4145,15883,5039,13578,6057,0,9458,11844,5004,3044,4470,8651,5937,4675,6975,11148,4544,6973,3297,4542,4863,5908,3709,4443,4985,12375,7496,4940,3745,7804,5245,9556,3291,2910,5406,18261,4239,4419,4382,4021,2283,4144,13422,11965,8919,9329,8916,9749,13422,9095,4685,5394,9031,5442,6534,4991,5736,5703,4283,13383,4171,7480,4054,11084,4580,3549,16220,4343,5148,2309,4090,4693,11897,4197,7254,4222,2883,12305,7827,11735,4764,13756,3398,4533,7859,6528,6233,4963,12488,13151,5210,4472,5224,7134,999,3915,4707,3160,5455,5922,2543,8984,4728,4246,13673,4552,4125,1120,2309,6227,12003,5043,5719,1192,5822,3346,5160,7593,13517,4744,3845,7562,4262,5525,8232,7240,13769,4502,5148,4889,7251,2543,11318,4753,3726,11195,5476,12689,3297,1669,6338,6871,5991,4008,4389,4479,6183,10486,3997,16537,4723,4728,6239,7616,2661,4765,4629,3410,4989,4462,3997,6382,2309,3583,8069,11615,3898,4155,7780,7583,4832,7386,3508,13254,8079,13825,14035,773,4472,5521,3585,13211,7772,12696,5289,10928,6849,4355,6370,5552,8036,4810,4355,4422,4229,9749,4573,10423,821,5200,7647,4521,1721,5331,4025,5249,1472,5222,4289,10705,3968,11953,1813,2320,7080,5303,2569,9030,7235,8471,6275,4485,13840,4592,4382,3048,2309,7710,5155
4230,4939,5818,8179,7404,12228,2563,2871,1843,3068,5723,3779,6938,2336,1897,2121,4737,2341,5226,2358,5594,6808,4761,5590,3041,3081,7009,0,7754,4812,6630,6107,1800,6338,5979,3456,5482,5494,2966,5925,5177,4757,4797,5577,5228,7442,3743,2241,4811,6682,5412,5139,98,5980,6097,5373,6302,5711,5369,6250,5890,7363,6464,2885,1212,2630,4099,3456,1921,2885,2552,4719,3704,1367,4330,3047,4851,6041,7125,4847,2846,5120,5628,6373,1346,4451,5845,4562,4947,4253,7966,6332,4568,6173,5341,2721,5300,6960,8970,3673,6330,4639,4799,6592,5489,2101,4563,7237,5267,3531,2614,4587,6277,4568,3646,8008,5968,5657,5790,6388,4811,7468,3388,5340,7183,4739,5502,5818,8129,7966,7232,6279,4677,7141,8201,5381,7314,6476,4971,2452,4619,6286,4941,5187,7378,4463,5473,4484,5340,4253,6694,5484,7468,5709,6558,5594,5472,4232,3732,5925,8980,4886,1786,3586,6062,6442,4808,8037,4721,6066,4879,5990,5340,9965,4994,8490,4635,4945,5982,4471,7955,6066,2933,7966,6213,3625,6402,5951,5445,3137,4962,5342,3898,6216,2717,2061,2627,3470,7782,6277,3753,6215,3473,2845,1929,7142,5194,3361,4915,3117,7405,3591,7473,4915,5149,6097,1921,4687,3867,7830,3353,4698,6389,7898,4534,7162,5119,7742,5092,6095,4981,6904,6230,8523,7893,4132,3198,6226,3844,3747,1946,7203,5221,4734,6397,6250,6026,7966,1843,5049
6964,6864,11737,10410,11275,7970,6363,8182,8385,7239,8808,14016,9103,6879,6681,7150,7115,8884,8004,8900,8841,8033,5892,7517,5785,7225,12301,8400,0,11355,9663,11400,7425,7059,7266,6334,4369,7750,6912,11218,11719,11299,11339,8824,11770,13167,11800,8784,7255,9715,4283,11681,8245,9141,9130,11915,7432,11003,7626,8195,7937,10396,11756,5628,8223,6197,4385,4548,12158,5628,5976,11262,11550,7247,10873,6632,7062,6762,8036,7690,5590,10935,4468,11666,7187,7698,8632,6537,11490,7096,9881,9235,7815,4421,11884,9263,11842,10203,1857,11359,3736,7886,8478,9625,8801,6869,15515,7495,11810,11589,5357,6965,8204,6947,6184,10998,8576,7187,9037,7109,11354,11847,5747,15577,10216,8418,7758,11737,11081,9881,7625,4107,11219,8010,10966,15618,9754,7197,4937,6451,7866,8833,4947,11729,11228,14700,4896,8313,7565,7096,8459,4908,11847,4529,8485,8841,4291,6960,7412,11218,11291,6810,7564,7169,7901,7617,7650,11780,3787,8201,6227,7314,15577,17853,5167,11523,7284,7156,9260,11013,10858,8201,8244,9881,9228,13747,3616,8559,11717,7915,4947,7793,6435,9250,5460,8604,6020,6213,19974,8204,6548,9230,6295,5333,6693,7863,4150,6602,7758,6516,8126,14543,8698,7758,8234,8042,12158,7934,4778,11095,7269,14935,8334,10970,6912,9328,8366,10776,8339,8022,4625,9938,4404,11435,10333,5528,7454,9789,3760,6891,6333,7492,11764,8562,8324,8195,9273,9881,8385,11591
5528,5666,1483,3842,6060,17824,7233,4325,3138,4346,3650,3798,5184,4563,4955,4400,5189,3538,4497,3938,3667,4654,12522,4980,7647,4360,2048,4886,10966,0,5091,1146,4079,5831,5184,4946,9527,4485,4420,964,1818,2222,487,3650,1802,6384,9014,2924,4835,4969,6903,2604,4984,3800,4384,170,14899,750,4360,4323,3962,4331,1503,7490,5687,6204,7300,6887,6387,7490,5605,2044,2753,4459,870,4537,4932,5630,6212,4225,6353,586,7118,1412,5152,4391,3088,12859,414,4980,3572,5427,4186,9868,1555,2683,1178,4931,11426,3255,9706,4256,10394,4879,3634,5144,1956,6742,1333,9127,6228,5314,4981,5295,5137,3047,4041,4648,3446,5397,473,2507,6955,2080,5470,10334,4493,1483,3168,3572,6736,9974,126,6228,3240,3175,2977,5669,6137,7122,4237,4354,6431,1065,6034,3660,6963,10407,4782,4980,5398,6974,2507,9404,5262,3667,9166,4990,9328,964,3716,5613,4701,4344,4135,4515,4421,6692,8457,4139,13176,5232,2080,7561,6484,4489,4659,4570,3919,2347,5784,4139,4410,3572,4482,3498,9586,4024,1463,5751,6127,4773,5388,4503,6114,4085,7882,8075,2821,4981,5027,4484,7279,5227,6404,5798,8889,4851,4296,4346,6061,3464,5319,4296,4363,4170,6387,4065,8394,2869,4112,2898,4462,3768,5260,5362,5143,3519,5116,4798,8676,5191,9924,4186,3556,5622,3957,3906,7001,5237,5756,6784,1761,10478,5101,4323,4385,3572,3138,2514
5409,4545,5460,2064,4202,12209,7945,4732,5426,4716,2201,7894,1829,4981,5917,5467,3820,5612,2802,5186,2371,2799,9693,3174,7818,4702,3774,6574,10428,4528,0,3994,5199,4369,3107,5588,9761,3189,4827,4199,5877,6198,4981,2354,5778,2967,13570,5513,3714,1369,6388,6580,6672,1936,1326,4930,11233,4726,3064,3027,2666,974,5479,7685,7376,7167,7942,7529,10619,7685,7012,6021,6729,5579,4966,5179,3636,4168,4135,2928,7315,4658,6063,5389,8064,3354,2323,10004,4831,3859,1535,2072,3470,10511,5532,6778,5507,134,10888,7351,10348,3541,9699,1061,2734,6106,6052,4665,5902,13358,7190,3855,2802,3869,5779,2119,2347,3352,1933,4100,4967,2960,7597,6056,1870,9617,3197,5460,2201,1535,4659,10616,4567,4151,2087,7151,1991,3591,6176,7834,3521,2277,6146,5547,4176,7756,5823,14311,2933,3859,2817,5834,2960,9931,2681,2371,9809,3769,8633,4199,2411,4492,5118,4206,2440,2821,3124,4834,9099,2445,10321,3155,6056,4336,6199,1925,3538,3274,2066,5770,2327,2445,4445,1535,1207,7593,10229,2329,5440,6393,6166,3477,6031,1132,7077,5333,7703,7924,3459,2802,4166,1456,8291,6320,8093,3940,9532,5494,3000,5015,4172,7560,3464,3000,3067,2874,10619,3346,9037,2218,3973,6875,3166,1846,3976,2008,4022,1888,3995,2721,9318,1592,10567,2556,2027,5663,4076,1214,7644,5880,6718,4707,5820,14561,2750,3027,1693,1535,5426,6490
6795,4891,1362,3155,5373,17702,10144,5436,4249,5457,3832,4450,4496,5674,6066,5510,4501,4648,4192,5049,3529,3967,12400,4748,10912,5471,1926,5996,12076,1543,4229,0,5190,5758,4497,6057,13551,4347,5531,205,1779,2100,1681,3512,1680,5696,8892,4035,4059,4281,8013,2482,6095,3113,3697,1945,14778,1426,4223,4185,3825,4209,1381,10756,6798,10501,8411,7998,6266,10756,6716,1922,2631,5569,1981,5648,4795,5558,5524,4087,10717,1357,8229,1290,7601,3704,3656,12737,1530,4205,2884,4739,3498,10979,1433,3793,1408,4809,12537,2820,10817,3569,10272,4192,2946,6255,3066,6055,1783,9005,10485,4536,4293,4550,6247,2925,3736,4510,2759,5259,1667,2386,8066,1958,4782,10212,4355,1362,3046,2884,6049,11085,1582,5541,3118,3053,2289,4981,7248,10034,3549,3667,7542,1449,5346,3338,7043,10286,4323,4205,4710,7054,2386,14012,4574,3529,10277,4115,9206,205,3595,4837,5811,5455,3830,4211,4112,6005,12592,3834,13054,4544,1958,7439,7595,4367,3985,4432,3231,2225,5662,3834,5521,2884,3795,5011,10697,3719,1341,6861,7238,4635,6499,3816,10588,5195,10342,11341,2699,4293,4974,3797,10561,6338,10031,5110,10000,5962,4158,5456,5373,4978,4631,4158,4225,4032,6266,3377,12739,2747,5222,2776,4324,3647,4657,4675,4368,3398,4341,4111,9786,4504,11035,3498,2868,6733,5068,3218,8112,6348,6867,6096,1722,10356,4414,4185,3698,2884,4249,2392
2481,3190,5210,5411,5655,7203,2954,1121,1036,1318,3826,4553,5427,359,926,371,2987,1534,3476,1551,3698,4250,4847,3841,3128,1332,5775,1800,6399,4005,4733,4873,0,4589,4290,1706,5163,3744,1217,4691,4370,3950,3990,3681,4421,5930,4108,1434,2710,4785,3663,4332,1898,4084,4201,4566,6388,4477,3620,3644,3386,5466,5229,2573,2162,2176,2937,2524,3721,2573,1577,3912,4323,380,3524,1297,3102,4292,5376,3098,2324,4313,3878,5139,3146,2555,3948,5158,4141,2503,5198,5503,2671,5505,5282,1914,4493,5550,6444,4009,5343,2742,4709,4695,3592,1116,4747,5488,4460,4635,2199,2837,4527,2819,1897,6774,4072,3907,3893,4656,4004,6234,2461,5807,5286,4649,3752,5210,6895,5198,5482,5611,3870,5392,6967,6402,4546,4726,2897,2843,2722,3922,3191,4380,5629,4415,3723,4543,3590,2503,4945,3734,6234,5041,4809,3698,4803,2336,3642,4691,6212,3136,190,1689,3698,3642,3058,6287,4807,3702,5476,4301,5807,8215,3245,6594,2739,3196,4086,3664,6206,3702,1184,5198,4317,4252,5223,4055,4638,1387,2888,3445,2149,4320,2086,1254,2712,2934,6548,4527,2003,4319,3300,1199,2902,5393,4526,1612,3165,1367,5656,4219,4914,3165,3684,3491,3721,2790,3953,6596,1457,5719,3783,6338,2784,5651,3223,5846,3196,4345,4312,5008,5561,5755,5125,2382,2392,4330,2638,1998,1728,5453,4415,4793,4648,3644,4130,5198,1036,4242
3482,1982,5378,3953,1669,10037,7086,4010,4976,3460,2385,6310,2670,4122,5059,4608,1921,5162,1580,4736,3194,1576,7521,1063,7175,3446,5942,5981,7435,5629,3206,5041,4341,0,810,3417,7589,1755,4105,4859,5795,5680,4899,3177,5696,2800,8240,5062,2616,3258,3395,6062,6079,2685,2674,5847,9062,4644,1741,1771,1513,3939,5397,7042,6600,6524,5770,5358,10282,7042,5537,5939,6211,4721,6542,3715,1865,886,1389,1605,6672,4576,3071,5307,7614,2501,2208,7832,4749,2470,3424,3166,2453,8339,5450,5326,5425,3746,7896,5767,8177,2274,8841,3168,3192,5248,7628,1920,5800,8767,6547,1956,1770,1970,3110,4542,2153,731,2538,652,4885,5391,5426,5974,3759,8759,1873,5378,4624,3424,1914,8445,6144,1406,4510,7069,4110,740,3183,6976,2252,2377,3153,5465,1642,6173,2830,8854,1189,2470,2187,2842,5391,7760,2052,3194,7637,2865,7774,4859,4834,1928,4260,3380,1477,1193,1801,2301,6927,1778,8150,857,5974,7391,3206,5067,2273,1951,2803,5394,4230,1778,3772,3424,2772,6010,8057,2135,5358,4221,3174,2221,3802,2793,6645,4882,7434,7627,5889,1770,2910,2774,7709,4529,7034,1406,7360,3685,1676,3759,1669,5976,2241,1676,1811,1618,10282,2750,6865,4638,3480,6793,1910,4475,2077,2894,2854,4319,2674,1588,7146,3481,8395,4979,3916,2670,3675,3332,5472,3974,5860,1961,5738,8925,1891,1771,3812,3424,4976,5972
3313,1813,5253,4029,1295,9869,7681,3841,5105,3589,2259,6185,2078,4251,5614,4737,1752,5291,1455,4865,3069,1652,7352,591,7245,3575,5817,6210,7266,5504,3045,4915,4470,1359,0,3248,7828,1630,3936,4733,5670,5555,4774,3052,5571,2427,8872,5191,2491,3334,3226,5937,6308,2760,2749,5126,8893,4519,1616,1646,1388,3778,5272,7089,7156,6355,5602,5189,10411,7089,5368,5518,6086,4849,6907,3546,1696,1159,1125,1480,6503,4451,2902,5181,7743,2376,2083,7663,4623,2344,3500,2574,2328,8170,5324,5455,5299,3822,7727,5642,8008,2149,9472,3007,3066,5729,7704,1655,5674,9903,6378,1787,1179,1801,2941,4617,2027,382,2413,1297,4760,5466,5257,5849,3835,9390,1748,5253,4700,3500,1650,8276,6219,1141,4585,6944,4020,582,3015,7607,2126,1872,2984,5340,1269,6047,2661,9486,1064,2344,1134,2673,5466,7706,1460,3069,7468,2739,8406,4733,4910,1760,4389,3509,1352,1068,1676,1928,6758,1652,7981,47,5849,5649,3037,4905,2147,1791,2878,5269,3639,1652,3900,3500,2847,5885,7888,2010,5232,4052,3005,2096,3633,2869,6476,5011,7480,7674,5965,1179,2898,2849,7756,5154,7666,1033,7191,3516,1551,3888,1296,5851,2317,1551,1686,1493,10411,2625,6696,4714,3609,6667,1785,4551,1908,2303,2729,4395,2548,997,6977,3556,8226,5054,3991,2501,3804,3408,5303,3805,6491,1697,5613,9556,1300,1646,2662,3500,5105,5847
3285,3204,6385,6371,5352,6897,3933,1925,2288,2278,4786,5805,5444,1987,1905,1455,3791,2786,4280,2803,4658,5260,4380,3858,3467,2292,6950,3052,6092,5257,5815,6048,1399,4286,4493,0,4448,4548,2020,5866,5622,5202,5242,4641,5673,5947,5087,2686,3513,5867,3360,5584,3150,5293,5282,5818,5921,5652,4424,4448,4190,6548,6405,3335,3447,2816,2630,2217,4973,3335,1909,5164,5452,1723,4776,2174,3403,3989,5072,3902,2964,5584,3575,6314,4375,3515,4909,4691,5393,3307,6158,5940,3631,5198,6457,3166,5745,6354,6224,5261,5036,3702,5687,5777,4552,1904,5998,5185,5712,5614,2840,3641,4544,3623,1608,7949,5032,3864,4853,4335,5256,7409,2285,6982,6368,5627,4556,6385,8070,6158,5179,5304,5122,5089,7118,7654,5506,4423,2594,3822,3682,4726,2888,5632,5326,5667,3420,5521,3906,3307,4962,3431,7409,4734,4826,4658,4496,3219,4621,5866,7173,3151,1466,2649,4502,3957,3862,5984,3787,4506,5009,4258,6982,9019,2941,7675,3543,3497,5046,4916,7010,4506,2144,6158,5380,5504,4916,5015,6365,1080,2584,4134,1860,5401,2938,2506,3726,3920,7723,4544,2807,5382,4279,1218,3881,5089,4219,2144,3969,1624,5352,5471,5924,3969,4488,4295,4973,3750,3724,7771,2417,6971,4587,7083,3588,5668,4183,6927,4156,4362,4005,6089,5254,6715,6085,2079,3131,5290,2331,2160,2706,5150,5667,5771,4665,4448,5090,6158,2288,5494
5443,4984,8752,8740,7131,5114,3234,4084,4651,4451,6928,8060,7224,4146,2975,3444,5323,5149,6124,5166,7022,7039,2763,5638,2655,4437,9316,4695,4239,7620,7630,8414,3557,6066,6026,3931,0,5870,4179,8232,7985,7565,7605,7004,8036,7727,4749,5050,5672,7682,5139,7947,4540,7108,7097,8181,4303,8018,5746,6315,6057,8363,8771,2499,4517,2222,948,1663,6202,2499,2640,7528,7816,3541,7139,4229,5182,5768,6852,6060,2460,7950,5355,8681,4058,5881,6752,3074,7756,5466,8526,7202,5998,3415,8149,5529,8108,8169,5455,7625,3182,5967,5349,7592,6921,3135,8362,6964,8075,5276,2228,5173,6324,5154,3388,8965,6696,5644,7217,6115,7619,9776,1731,9348,8183,5289,5878,8752,9048,8526,6959,3521,7485,6868,8933,9662,7875,6203,4374,3322,5944,6541,4668,7995,7105,8030,5200,5183,5685,5466,6741,5211,9776,2951,6605,7022,2713,5377,4283,8232,9258,4930,3829,4510,6021,5737,6020,7764,1206,6321,3391,6037,9348,10794,4721,9490,5701,5277,6942,7279,8784,6321,4510,8526,7195,7867,3063,6679,8253,3515,4364,5913,3639,7216,2331,4869,2890,3084,10089,6324,4965,7197,3397,2515,3564,6869,1748,4199,6127,3783,7132,7834,7704,6127,6355,6162,6202,6117,1649,9062,4783,8979,6454,8936,5120,7448,6546,8742,6366,6142,2223,7904,3471,9084,8453,3859,5231,7756,1660,4318,2984,6930,8030,5433,6445,6315,7453,8526,4651,7857
2652,2399,4708,3163,2447,9484,6417,3422,4306,2790,1715,5297,2235,3453,4389,3939,1063,4492,911,4066,2314,2355,6968,1046,6860,2777,5273,5411,7852,4493,2416,4371,3753,1897,1096,2863,7444,0,3517,4189,5126,4667,4230,2296,5026,3579,7570,4393,1946,2468,3811,5049,5510,1895,1884,4582,8508,3975,426,1101,844,3149,4727,6704,5931,5970,5217,4804,9612,6704,4983,5269,5198,4133,4696,3254,477,1696,2168,935,6119,3906,3487,4637,6944,1832,1539,7279,4079,1800,2634,2909,1784,7785,4780,4656,4755,2956,8312,4754,7623,1605,8171,2378,2215,4578,6684,2699,5130,8097,5994,1098,1336,1112,3526,3751,1483,714,1868,1463,4215,4601,4872,5305,2929,8111,139,4708,3834,2634,2693,7891,5199,2184,3720,6399,3280,1519,3600,6306,1582,1328,3569,4796,2421,5159,3247,8005,520,1800,1753,3258,4601,7321,1617,2316,7084,2195,7105,4189,4004,2345,3590,2710,1104,523,1000,3080,6374,1108,7596,1108,5305,5621,3623,4236,1603,216,1729,4381,3611,1108,3102,2594,1959,4996,7504,1466,4688,3668,3590,1207,4218,1963,5548,4212,6174,7289,5059,1336,2241,1961,6762,4492,6365,2185,6806,3099,1007,3090,2448,4963,3020,1007,1141,949,9612,2081,6311,3808,2810,6123,1240,3683,1219,2460,1693,3489,1660,1154,6593,2651,7842,4148,3085,3087,3006,2502,4919,3387,5190,2740,5068,8255,1456,1101,2117,2594,4306,4959
1691,2400,5469,5220,4851,8192,4325,961,2465,699,3491,5328,4639,1361,2298,1847,2197,2650,2686,2224,3506,3460,5676,3053,4499,685,6034,3308,6976,4781,4221,5132,1661,3879,3500,1571,5744,2954,0,4950,5145,4726,4766,3489,5197,5143,5479,2551,1920,4273,2913,5108,3407,3699,3688,5342,7216,4736,2830,2854,2596,4954,5488,3944,3839,3404,3925,3512,5116,3944,2783,4688,4976,2041,4299,666,2312,3538,4572,2308,3552,4667,3129,5398,4578,2363,3314,5987,4916,1713,4438,4714,2480,6494,5310,2814,5269,4761,7437,4785,6331,2551,6080,4183,3401,2487,5522,5102,5236,6006,3427,2047,3740,2029,1762,5556,3259,3118,3644,3866,4780,6493,3580,6066,4774,5997,2962,5469,5639,4438,5096,6599,4645,4588,5524,7178,4354,3922,2473,4215,2531,3132,2442,5156,4825,5191,2969,5914,2848,1713,4157,2981,6493,6030,4021,3506,5792,1625,5013,4950,5849,2346,1499,1526,2908,2852,2268,5483,5082,2912,6304,3511,6066,7425,2495,6081,1949,2406,3504,4440,5416,2912,1099,4438,3786,5028,6212,3241,5414,2376,2463,3192,2014,3807,3457,2371,4083,4305,6807,3740,1213,3788,4671,2400,4273,4589,5515,637,2375,998,4852,4994,4125,2375,2894,2701,5116,2599,5328,5653,1485,6495,2993,5490,1994,4864,3031,5334,3004,3558,5301,4495,6550,5563,4933,2247,2215,4347,3627,1863,3099,4743,4939,6164,3860,2854,3938,4438,2465,5018
6844,5096,1180,3360,5578,17520,9963,5641,4454,5662,4037,4268,4758,5879,6271,5716,4706,4853,4397,5254,3734,4172,12218,4954,10731,5676,1744,6202,17540,1748,4788,205,5395,5963,4702,6262,13369,4552,5736,0,1597,1918,1499,3717,1498,5901,8710,4240,4265,4487,8218,2300,7605,3318,3902,2150,14596,1244,4428,4391,4030,4027,1199,10574,8300,10319,8281,7868,6084,10574,6921,1740,2449,5775,2186,5853,5000,5763,5729,4292,10536,1176,8434,1109,7419,3909,3582,12555,1348,4410,3147,5001,3703,13862,1252,3998,1226,4628,19011,2638,10687,3774,10091,4022,3151,6460,3272,6260,1601,8823,10303,4741,4498,4725,6452,2743,3942,4715,2964,5464,1485,2204,7799,1776,4988,10008,4560,1180,2864,3147,6254,13968,1787,5746,2936,2871,2495,5186,7453,9852,3754,3872,7747,1267,5552,4952,7248,10104,4468,4410,4916,7260,2204,13830,4780,3734,13798,4320,9024,0,3413,5043,5381,5660,4035,4355,4488,6210,12410,4023,12872,4750,1776,7258,7800,4623,4089,4638,3436,2043,5480,4023,5899,3147,4000,4829,10567,3924,1159,6731,7443,4841,6704,4021,10406,5400,10151,11159,2517,4498,5179,4002,10379,6543,9849,5316,12883,6167,4363,5662,5579,4796,4836,4363,4431,4238,6084,3583,12557,2565,5428,2595,4530,3465,4862,4937,4573,3216,4546,4316,12670,4709,13919,3704,3074,6938,5273,3481,7982,6553,7072,6301,1540,10174,4619,4391,3960,3147,4454,2210
5872,6229,1080,5325,6655,16501,8943,4670,3483,4691,4212,1868,5758,4908,5299,4744,5679,3882,5059,4283,4230,5249,11199,5543,7403,4704,1911,5230,11310,1831,4954,1709,4423,6393,5593,5290,12349,5048,4765,1527,0,735,1568,4212,1398,6979,7691,3268,5398,5656,7247,1117,5328,5283,4733,1920,13576,1313,4923,4886,4525,4194,1099,7247,6032,6992,7644,7232,5064,7247,5950,558,1267,4803,2034,4882,5495,6193,6665,4787,7208,1244,7463,1009,4909,5038,3651,11535,1417,5543,4220,6001,5154,10213,1152,3027,1295,4794,11771,1456,10050,5225,9071,5309,3957,5489,1775,7195,547,7804,6975,5876,5576,5858,5481,2910,4604,5211,4366,5959,1553,2370,7299,1736,6157,8989,5055,1080,3031,4220,7190,10318,1920,6681,3103,2831,4459,6016,6481,8832,5205,4922,6776,1336,6629,1974,7307,9084,5345,5543,5993,7319,2370,12810,5857,4230,9511,5335,8005,1527,3579,6175,4409,4689,4697,5078,4983,7287,8801,4702,11853,5604,1736,7424,6829,4789,5222,5133,5401,861,5647,4702,4928,4220,4848,2429,9931,4586,1228,6095,6472,5336,5733,4852,7078,4429,7638,7832,2684,5576,5118,4851,7035,5571,6521,6393,9244,5196,4858,4690,6656,2396,5914,4858,4926,4733,5064,5030,8228,2732,4456,1313,5025,3631,5835,5936,5706,3382,5679,5394,9020,5879,10269,3724,5038,5966,4301,4480,7346,5582,6100,7237,357,9155,5696,4886,4634,4220,3483,1028
5352,6058,1285,6441,8659,15888,8330,4149,2962,4170,4872,1255,7840,4387,4779,4224,5835,3362,5719,3762,4889,7253,10586,6712,6790,4184,2570,4710,10790,3074,5614,2368,3903,7053,7784,4770,11736,5707,4244,2186,893,0,3059,4872,975,8983,7078,2748,5393,6315,6727,855,4808,6400,6983,2579,12963,1972,5582,5545,5184,4853,1304,6634,5511,6379,7124,6711,4451,6634,5429,466,654,4283,2593,4361,5949,7356,7324,5447,6595,1904,6942,1213,4296,5033,4310,10923,2076,5351,6228,8083,5150,9692,1088,2507,1954,5454,11250,843,9530,5221,8458,5968,4616,4968,1255,7855,1207,7191,6362,5685,7580,5666,4961,3569,5263,5870,6046,6619,3074,3030,6779,2396,6817,8376,5715,1285,3690,6228,7849,9798,2939,7341,3762,3068,5576,6675,5961,8220,5201,6953,6255,1995,8633,1361,6787,8471,5850,5351,7997,6798,3030,12197,7861,4889,8990,4814,7392,2186,4239,6005,3889,4168,5357,5737,5906,9292,8281,5361,11240,6264,2396,8084,6308,5449,5218,5792,6518,124,6306,5361,4408,6228,5508,1817,9410,5246,1887,5575,5951,5924,5212,7103,6465,3909,7025,7219,3343,7580,4851,5510,6422,5051,5908,8397,8723,4675,5518,4170,8660,1783,7918,5518,5585,5392,4451,5381,7615,3391,3936,2385,5684,4291,5632,8019,5702,4042,5675,7398,8500,6538,9748,4383,6155,5446,3781,6562,6825,5061,5580,7896,913,8393,7700,5545,5293,6228,2962,765
5485,5403,1220,4499,5829,17561,10003,4282,3095,4303,3387,4309,5137,4520,4912,4357,5201,3495,4234,3895,3404,4423,12259,4717,10771,4317,1785,4843,10922,487,4439,883,4036,5568,4767,4903,13409,4222,4377,701,1638,1959,0,3387,1539,6153,8751,2881,4572,4491,6860,2341,4941,4457,3907,576,14636,487,4097,4060,3699,4068,1240,10615,5644,6161,7257,6844,6124,10615,5562,1781,2490,4416,466,4494,4669,5367,5839,3962,6310,323,7075,1149,7460,4212,2825,12596,151,4717,4286,5380,4329,9825,1292,2640,691,4668,11383,3212,9663,4399,10131,4402,3131,5101,1913,6370,846,8864,6185,5051,4750,5032,5094,2784,3778,4385,3540,5134,14,2244,6912,1817,4993,10049,4230,1220,2905,4286,6364,9931,576,5856,2977,2912,3634,5190,6094,9893,4380,4096,6388,578,5803,3617,6920,10144,4519,4717,5167,6931,2244,9246,5031,3404,9123,4627,9065,701,3453,5350,4658,4301,3872,4252,4158,6462,8414,3876,12913,4779,1817,7298,6441,4663,4396,4307,3792,2084,5521,3876,4541,4286,4023,3455,9543,3761,836,5707,6084,4510,5345,4026,6071,4042,10192,11200,2558,4750,4730,4025,10420,5184,9889,5567,8856,4808,4033,4303,5830,3421,5088,4033,4100,3907,6124,4204,12597,2606,4069,2635,4199,3505,4997,5316,4880,3256,4853,4568,8632,4714,9881,3598,4213,5579,3914,4620,6958,5194,5713,6411,1581,10215,4871,4060,3808,4286,3095,2251
3744,3371,4222,2716,3420,10544,6677,3682,4567,3051,963,7310,2667,3713,4649,4199,2155,4753,1535,4326,706,1725,8027,2019,6550,3037,4787,5672,8824,4007,1970,3885,4013,2869,2069,3923,8096,1523,3777,3703,4640,4818,3744,0,4540,3455,7831,4653,2207,2022,4784,5200,5770,1320,1437,4096,9568,3489,1399,1362,1001,2703,4241,6417,6191,5899,6277,5864,9126,6417,5443,4783,5492,4393,4210,3514,1971,2669,3141,1263,6047,3420,4460,4151,7204,2092,1085,8339,3593,2128,2187,2910,2044,8845,4294,4917,4269,2300,9285,4905,8683,1865,8431,1932,1496,4839,6138,3671,4388,11866,5922,2189,2051,2204,4114,3305,1080,1687,1030,2435,3729,4154,5932,4819,2523,8349,1531,4222,3388,2187,3665,8951,4653,3157,3273,5913,2077,2491,4573,6566,1842,1397,4542,4310,3394,5311,4219,8265,1820,2128,2469,4231,4154,8381,2333,706,8143,2455,7365,3703,3598,3318,3850,2970,1173,1554,1459,4052,7434,1177,8656,2080,4819,5599,4595,3830,1863,1609,1322,4532,3589,1177,3362,2187,1553,5148,8563,1062,4202,4727,4563,1812,4365,1556,5809,4473,6435,7002,4653,2051,2501,1555,7023,4752,6625,3158,7866,3828,1334,3350,3421,5114,2390,1334,1402,1209,9126,2108,7371,3402,3071,5637,1501,3276,2311,3175,2297,3082,2264,1869,7653,2244,8901,3742,2679,4059,3266,1467,5978,4214,5450,3713,4582,8515,2172,1362,1266,2187,4567,5110
5823,6180,658,5275,6606,15260,7702,4620,3433,4641,4163,1819,5708,4859,5250,4695,5630,3833,5010,4233,4180,5200,9958,5494,8470,4655,1862,5446,15280,1781,4905,1660,4374,6344,5544,5241,11108,4998,4715,1478,365,686,1518,4163,0,6930,6774,3219,5348,5607,7198,1068,5344,5234,4683,1870,12335,1263,4874,4837,4476,4145,1050,8314,6040,8059,7595,7182,3823,8314,5901,508,1217,4754,1985,4832,5446,6144,6616,4738,8275,1195,7413,960,5159,4988,3602,10295,1368,5493,4171,5951,5105,11602,814,2978,1246,4745,16750,1406,11939,5176,7830,5260,3908,5439,1726,7146,498,6563,8042,5827,5526,5809,5432,2861,4554,5162,4316,5910,1504,2321,7250,1687,6108,7748,5006,658,2982,4171,7140,11708,2488,6632,3053,2019,4410,5966,6432,7592,5156,4872,6726,1286,6580,1925,7258,7516,5295,5493,5944,7269,2321,11570,5808,4180,11538,5286,6764,1478,3530,6126,4360,4639,4648,5029,4934,7238,10149,4652,10612,5555,1687,7375,6780,4740,5172,5084,5352,812,5598,4652,4879,4171,4799,2380,11819,4537,1179,6046,6422,5287,5683,4803,8146,4380,7891,8899,2635,5526,5068,4801,8119,5522,7588,6344,10623,5147,4809,4641,6607,2346,5864,4809,4877,4684,3823,4980,10296,2683,4407,807,4976,3582,5786,5887,5656,3333,5629,5344,10410,5829,11658,3674,4989,5917,4252,4430,7297,5532,7520,7188,308,7765,5647,4837,4585,4171,3433,978
4466,4297,5689,2727,2496,20159,8398,5237,7840,4772,2806,8500,1365,5435,6371,5920,2877,8239,2892,5792,2977,1810,8781,2630,8674,4758,4922,7180,9750,5134,1694,4600,5653,3691,2367,4677,8849,2364,5332,4805,6520,6662,6038,2960,6008,0,9552,7626,4320,1975,5709,7044,7278,1948,1593,5536,10322,5110,3053,3083,2825,2427,5708,8303,7912,7784,7031,6618,10747,8303,6797,6663,8148,6033,5572,4942,2812,3490,3457,2917,7932,5041,5385,5618,10379,3960,2929,9092,5214,3782,2141,1083,3765,9599,5761,7384,5786,2036,10210,7957,9437,3586,10153,1656,3912,6560,6658,3987,6508,13487,7807,2911,1813,2926,5424,3259,2320,2639,2539,3355,5350,4108,6686,6440,2476,10071,2475,5689,3341,2141,3981,9705,5173,3473,3227,7534,2597,2913,5498,8288,3564,2250,5468,5827,2470,8362,5145,10166,2501,3782,1828,5156,4108,9020,1692,2977,8897,4177,9086,4805,3551,4243,5572,4692,2413,2505,3113,3128,8188,2417,9410,2911,6440,4271,5521,3554,3585,2552,2038,6376,2262,2417,5084,2141,1409,8199,9317,2302,5719,5481,5488,3533,5731,1526,7905,5939,8694,8888,4606,1813,4222,1429,8744,5757,8346,2234,8630,4912,2988,5071,2466,8166,2475,2988,3123,2930,10747,3952,8125,3355,4579,7258,3222,3230,3033,925,4166,3036,3986,1854,8406,2198,9655,3696,2633,4985,4682,1820,6732,5201,7172,4029,6463,10237,1761,3083,2299,2141,7840,6954
6267,6976,7187,11541,9441,11322,1793,4908,4812,5104,7613,5149,8975,5411,3406,3875,6774,4730,7263,5035,7484,8036,3868,7630,3249,5118,8534,3702,11342,8923,8797,8335,4484,8375,8018,5493,5019,7530,5003,8153,6781,6998,8194,7467,6745,9478,0,4634,6496,8849,7449,6526,3601,8275,8264,8546,8397,7939,7406,7430,7172,10817,7393,2661,4144,2838,4662,3847,3291,2661,4045,6960,5197,3973,7692,5084,6888,8078,9162,6884,3054,7870,7665,7263,3297,6341,10277,4205,8043,6290,11327,8369,6458,6381,7389,5343,7921,9337,12812,5166,6538,6529,1185,8759,7379,3595,6056,9274,7243,801,2821,6623,8316,6605,5683,9533,7858,7694,7680,8424,8179,8993,3755,6710,9350,1519,7538,7187,9654,11327,9268,6487,8038,9178,9725,6751,10675,8512,6683,1683,6509,7709,6978,7962,9415,5832,7509,989,7377,6290,8733,7521,8993,5480,8597,7484,5448,6202,600,8153,10202,6922,4289,5476,7484,7428,6844,10073,4928,7489,4522,8029,6710,15945,7031,14559,6525,6982,7872,6712,14968,7489,4970,11327,8362,5118,6699,7841,7851,5174,6674,7768,5935,8384,2636,4684,1982,3678,9307,8316,5789,8364,2210,4338,3650,9179,5470,5398,6952,5154,9442,5084,8701,6952,7470,7277,3291,6577,4206,9355,5243,6068,7569,10254,6570,9199,7009,10005,6982,8134,5188,9072,6437,10346,11254,6168,5875,8116,4885,5784,3582,9239,6801,1239,8437,7430,7916,11327,4812,6436
3127,3833,4802,6979,6263,12973,4196,1901,492,1922,4080,3410,6073,2139,2309,1754,3609,501,4099,715,3951,6090,6330,4487,4610,1936,5366,1962,8412,3612,4987,4464,1433,5271,4875,2522,7400,4366,1996,4282,3828,3557,3597,3934,4028,6576,4163,0,3168,5039,4349,3939,2061,4337,4454,4173,7870,4068,4242,4266,4008,5720,4821,4453,2775,4198,4319,3907,2666,4453,2960,3519,3180,1813,3131,2113,3724,4974,5984,3720,4415,3920,4565,4731,2116,2808,4202,6689,3748,3126,6766,6126,2925,7742,4141,1657,4100,5317,8873,3616,6725,2996,5543,4949,3846,2499,4039,6170,4067,4276,4182,3459,5173,3441,2712,6365,4325,4530,4147,5278,3611,5826,3837,5398,5540,5461,4374,4802,6486,6766,6164,7848,3477,6000,6558,5259,6114,5334,3908,4085,2976,4544,3878,3987,6237,4022,4405,5556,4616,3126,5590,4416,5826,7278,5454,3951,7040,2589,4477,4282,7780,3779,1419,1943,4320,4667,3680,6895,6289,4325,7006,4886,5398,8838,3931,6847,2992,3818,4339,3271,6828,4325,1986,6766,4570,3101,6606,4308,4245,2770,3899,3699,2964,4573,4285,861,4845,5039,6139,5173,2625,4572,4242,2581,3728,6001,6763,2427,3787,1922,6264,3067,6754,3787,4306,4113,2666,3044,5435,6187,1710,4576,4405,6592,3406,6297,3476,6100,3449,4991,6549,5261,7798,7323,6693,3198,1556,4584,4021,2813,3110,6135,3771,6034,5294,4266,4383,6766,492,3849
3047,2020,5360,3685,4397,9357,5490,2495,2873,1864,2100,5703,3705,2526,3462,3012,1818,3058,2217,2632,1972,2991,6840,2674,5220,1850,5924,4049,8328,5231,3007,4697,2826,3409,3335,2736,7317,2790,2590,4841,4589,4318,4881,1955,4789,4755,6644,2959,0,3059,4265,4700,4148,2358,2475,5633,8381,4626,2665,2628,2267,3741,5379,5108,4851,4569,5090,4677,5524,5108,3948,4281,5351,3206,4674,2327,1932,3196,4407,1838,4717,4558,4481,5289,4986,829,2223,7152,4731,1334,3225,3948,946,7658,5432,3222,5407,3338,8789,5160,7496,1016,7244,2970,1866,3652,5897,4308,5021,7171,4592,1668,3352,1649,2927,4343,2346,2953,2167,3702,4867,5192,4745,5956,3561,7162,2798,5360,4425,3225,4302,7764,5270,4424,4311,7051,2820,3758,3824,5379,997,2664,3794,5447,4371,5566,3926,7078,3087,1334,3769,3937,5192,7194,3633,1972,6956,660,6178,4841,4635,1967,2663,1141,2440,2820,1799,5030,6247,2444,7469,3347,5956,6637,3847,4868,1013,2026,2360,4032,4627,2444,1531,3225,2591,5403,7376,2329,5340,3541,3815,1720,3178,2594,4622,2779,5248,5469,5690,3352,1314,2593,5836,3565,5438,4135,6679,2641,1906,2163,4398,5369,3656,1906,2668,2475,5524,1065,5897,4440,1448,6870,2767,4276,1614,3884,1497,4120,1470,3169,6466,3282,7714,4029,3399,3412,1551,2604,4791,3027,4263,4273,4532,7328,3472,2628,2404,3225,2873,4610
6712,5967,3714,2438,5624,22079,13543,6154,7697,6138,3623,7849,3251,6403,9514,8959,5124,8097,4210,7920,3793,4222,16777,4766,13494,6125,2947,9445,11835,4992,2090,4458,8638,5776,4515,6923,17927,4611,6249,3205,4132,4452,4083,3776,4032,4389,12291,7483,5136,0,7795,4834,9543,3359,2749,5393,19154,3828,4487,4449,4089,1329,3733,13337,11881,10764,9277,8865,9664,13337,10165,4275,4983,9018,5429,6602,5058,5576,5542,4351,13299,3760,7470,3643,10999,4776,3745,17113,3933,5281,2409,3494,4893,11846,3786,7242,3811,1930,12295,5173,11683,4964,13671,2444,4728,9704,6515,6072,4552,12404,13066,5158,4224,5596,7201,1283,3754,4557,3356,5440,4069,2132,8932,4317,501,13589,4619,3714,1366,2409,6066,11951,5031,5558,1251,5412,3414,4999,7583,13432,4944,3684,7553,3851,5598,5691,7230,13684,4341,5281,4240,7242,2132,18388,4104,3793,11144,5191,12605,3205,1576,5914,6540,6058,3848,4228,4547,6256,10434,3852,17431,4562,4317,5758,7606,2195,4960,4696,3473,4578,3749,3852,5867,2409,2629,8410,11564,3737,3744,7728,7574,4899,7453,2555,13169,8066,13732,13922,2631,4224,5589,2631,13126,7840,12612,5362,10877,6916,4422,6438,5594,8376,4886,4422,4489,4296,9664,4768,17115,1380,5395,4839,4588,1255,5280,3430,5444,1061,5417,4129,10653,223,11902,1720,2228,7070,5498,2636,8979,7302,10315,6114,4074,13368,4173,4449,3116,2409,7697,4744
3201,3101,7641,6647,4362,8085,7116,3134,4637,3207,5045,7501,5364,3591,4906,4077,3353,4823,4241,4397,5079,4270,6645,3754,6538,3221,8206,5481,4791,6953,5900,7304,3809,3297,3503,2540,5775,3987,3229,7122,7318,6898,6938,5061,7369,5494,8164,4723,3492,5952,0,7280,5579,5378,5368,7514,8186,6908,3863,4432,4174,6633,7661,6381,6448,5648,4894,4482,7288,6381,4660,6860,7148,4189,6472,2838,3299,3000,4083,3927,5796,6839,705,7570,7274,3935,4869,6956,7089,3333,6118,5860,4052,6387,7482,4987,7441,6440,5252,6957,5855,4123,8765,5862,5038,5022,7695,3767,7601,8691,5671,3202,4464,3184,2233,7235,4813,3425,5274,3346,6952,8085,4549,8238,6453,8683,3995,7641,7318,6118,3897,7468,6818,4099,7203,9350,5991,3434,1144,7204,4103,5071,1154,7328,4336,7363,1103,8778,3802,3333,4696,1114,8085,5935,4722,5079,5697,3198,7699,7122,7528,3047,3728,3396,4138,3854,3888,4995,5307,4438,7273,3551,8238,10085,1373,7761,3521,3394,5497,6612,7095,4438,3272,6118,5465,7200,6977,4796,7621,3345,1154,4030,2925,5487,5769,4543,6773,6966,8979,4441,2785,5468,7279,3870,6959,4100,5555,2809,3995,3228,4363,7167,4935,3995,4472,4279,7288,4171,6297,7332,3496,8667,4571,7169,3149,5565,4604,7013,4576,4259,6270,6175,6443,7200,6570,1734,3691,6026,4042,3098,5784,3764,7112,8849,4562,4432,5510,6118,4637,7190
5624,6280,677,5076,6706,15626,8069,4422,3234,4442,4264,1620,5809,4660,5051,4496,5730,3634,5110,3457,4281,5300,10324,5594,8837,4456,1962,4982,10565,2348,5005,1760,4175,6444,5644,5042,11475,5099,4517,1578,38,487,1619,4264,366,7030,6816,3020,5449,5707,6999,0,5080,5034,4784,1971,12702,1364,4974,4937,4576,4245,696,8680,5784,8425,7061,6649,4190,8680,5702,310,1018,4555,1173,4633,5546,6244,6716,4838,8642,1295,7215,605,5525,5089,3702,10661,1468,5594,4271,6052,5205,11969,480,2779,1346,4845,11025,1208,9467,5276,8197,5360,4008,5241,1527,7246,598,6929,8409,5927,5627,5909,5233,2961,4655,5262,4417,6010,1604,2422,6716,1787,6208,8137,5107,677,3082,4271,7241,12074,2588,6732,3154,2386,4210,6067,6233,7958,5256,4973,6528,1387,6680,1726,7059,8210,5348,5594,6044,7071,2422,11936,5908,4281,11904,5087,7130,1578,3631,6226,4161,4440,4748,5129,5034,7339,10516,4753,10978,5655,1787,7475,6581,4840,5273,5184,5152,613,5698,4753,4507,4271,4900,2181,9348,4638,1279,5512,6224,5387,5485,4903,8512,3603,8266,9265,2735,5627,4870,4902,8485,5323,7955,6444,8661,4948,4910,4442,6707,2148,5965,4910,4977,4784,4190,5081,10663,2783,4208,936,5076,3683,5874,5987,5757,3434,5730,5445,10776,5930,12025,3775,4789,5718,4053,4531,6763,5334,5852,7288,59,8281,5747,4937,4685,4271,3234,386
4329,5038,5636,8277,7439,7771,2721,2969,1941,3166,5674,3678,7275,2435,1796,2219,4835,2439,5324,2456,5546,6906,4660,5689,2940,3180,7107,98,9075,4910,6581,6206,1898,6437,6077,3554,5381,5592,3064,6024,5126,4855,4895,5528,5326,7778,3875,2340,4763,6633,5511,5237,0,5932,6049,5471,6200,5809,5468,5492,5234,7314,5655,2784,1111,2529,3997,3379,1820,2784,2450,4818,3673,1465,4429,3145,4949,6140,7223,4946,2745,5741,5726,5564,1245,4402,5796,4461,5046,4351,8064,6431,4519,6072,5439,2819,5398,6912,8869,3642,6229,4590,4475,6543,5440,2000,4533,7336,5558,3430,2512,4685,6375,4666,3745,8106,5920,5755,5741,6486,4909,7567,3287,5239,7134,4393,5600,5636,8227,8064,7330,6178,4775,7240,8299,5280,7412,6574,4745,2610,4570,5770,5039,5285,7413,4361,5571,4309,5438,4351,6792,5582,7567,5608,6657,5546,5370,4184,3409,6024,9079,4984,1884,3537,5546,5490,4906,8071,4619,5550,4778,6089,5239,10063,5093,8442,4587,5044,5934,4569,8053,5550,3032,8064,6164,3594,6391,5902,5543,3235,4735,5293,3996,6168,2615,2159,2525,3369,7880,6375,3851,6167,3067,2743,2058,7177,5161,3460,5013,3215,7440,3561,7571,5013,5532,5339,1820,4638,3765,7928,3451,4597,5631,8828,4632,7499,5071,7694,5044,6193,4879,6856,6128,8621,7991,4230,3297,6178,3742,3845,1845,7301,5069,4559,6496,5492,5977,8064,1941,5147
3629,3384,4279,1958,2392,10627,6760,3765,4214,3134,1286,7368,1909,3796,4732,4282,2041,4399,1211,3973,1885,986,8111,1768,6633,3120,4210,5755,8837,4109,1211,3942,4096,2778,1516,4006,8179,1528,3861,3760,4697,5018,3801,1867,4597,2716,7914,4300,2501,1263,4796,5400,5853,0,678,4153,9651,3546,1461,1445,1187,1944,4298,6501,6274,5982,6360,5947,9183,6501,5527,4840,5549,4476,4267,3597,1975,2577,2544,1325,6130,3477,4472,4208,6327,2141,1110,8422,3650,2646,1429,2152,2258,8928,4351,4563,4326,1541,9297,4930,8766,1948,8515,1173,2093,4922,5633,3074,4445,11923,6005,2075,1312,2089,4197,2546,756,1559,1439,2442,3786,3395,6015,4876,1764,8455,1593,4279,2629,1429,3068,9034,4148,2560,2514,5970,2115,2000,4585,6649,1925,686,4554,4367,2366,5336,4232,8349,1665,2646,1730,4243,3395,8349,1594,1885,8227,2539,7448,3760,2839,3330,3934,3054,849,1230,1521,3024,7517,853,8739,1564,4876,4840,4608,3071,1947,1670,172,4557,2831,853,3445,1429,794,5173,8647,738,4259,4811,4575,1895,4449,798,5892,4120,6518,6739,3894,1312,2584,796,7106,4835,6708,2130,7959,3912,1396,3433,2393,5139,1650,1396,1485,1292,9183,2133,7454,2643,3154,5694,1584,2518,2196,2088,2528,2324,2348,1130,7736,1486,8985,2983,1920,4072,2863,1337,6062,4298,5534,3116,4639,8598,1433,1445,1817,1429,4214,5310
4854,3990,4905,1459,3603,11654,7390,4177,4871,4161,1645,7339,1230,4426,5362,4912,3265,5057,2189,4631,1816,2201,9138,2560,7263,4147,3711,6019,9814,3973,533,3439,4644,3755,2494,5033,9206,2755,4272,3644,5359,5643,4877,1799,5223,2286,12760,4958,3159,764,5774,6025,6117,1381,0,4375,10678,4171,2509,2472,2111,1266,4924,7130,6821,6612,7387,6974,9809,7130,6013,5465,6987,5024,4411,4624,3203,3555,3521,2373,6760,4103,5450,4834,6985,2799,1768,9449,4276,3304,930,1473,2915,9955,4977,6223,4952,668,10275,6796,9793,2986,9144,495,2179,5551,5496,4052,5347,12548,6635,3637,2204,3619,5224,2047,1733,2797,1378,3545,4891,2896,7042,5501,1265,9062,2642,4905,2130,930,4046,10061,4012,3537,2015,6596,1436,2978,5563,7279,2966,1663,5532,4992,3577,7201,5209,13501,2892,3304,2219,5221,2896,9376,2083,1816,9254,3214,8078,3644,2340,3936,4563,4081,1827,2207,2569,4236,8544,1831,9766,2541,5501,4162,5585,2393,2983,2719,1452,5215,2152,1831,3985,930,436,7038,9674,1716,4885,5838,5553,2922,5476,119,6522,4777,7147,7715,3395,2204,3611,438,7736,5862,7768,3341,8987,4939,2445,4460,3574,7005,2865,2445,2512,2319,9809,2791,8481,2144,3418,6320,2611,2019,3421,1409,3467,1825,3440,2108,8763,987,10012,2484,1421,5049,3521,659,7089,5325,6163,4093,5302,13751,2152,2472,1138,930,4871,5935
5288,5755,1572,4090,6308,17913,10355,4085,3970,4106,3739,4661,5432,4324,5786,5231,5205,4369,4586,3698,3756,4902,12611,5069,7687,4120,2137,5717,10726,170,5180,1235,4910,5919,5433,4706,8879,4574,4180,1053,1990,2311,576,3739,1890,6632,9103,3756,4924,5217,6663,2693,5816,4049,4632,0,14988,839,4449,4412,4051,4420,1591,7555,6519,7036,7060,6647,6476,7555,6437,2133,2842,5290,1042,4297,5021,5719,6191,4313,7184,675,6878,1501,7812,4564,3177,12947,502,5069,3820,5675,4434,9628,1644,3514,1267,5020,11186,4086,9466,4505,10483,4695,3483,5976,2787,6722,1422,9216,7059,5403,5229,5384,4897,3136,4130,4737,3695,5485,562,2596,6715,2169,5718,10423,4582,1572,3257,3820,6716,9734,93,6207,3328,3263,3225,5542,5897,10244,4485,4602,6191,1154,6282,4492,6723,10317,4871,5069,5646,6734,2596,9049,5510,3756,8926,4751,9417,1053,3805,5701,4461,4104,4224,4604,4509,6941,8217,4228,13265,5131,2169,7650,6245,5015,4748,4659,4167,2436,5873,4228,4170,3820,4375,4329,9347,4113,1552,5511,5887,4862,5148,4752,6946,3845,7572,8140,2910,5229,4787,4377,9938,6058,7467,6046,8659,4612,4385,4106,6309,4295,5567,4385,4452,4259,6476,4313,12949,2958,3872,2987,4551,3857,5349,5611,5232,3608,5205,5047,8436,5440,9684,4434,3804,5382,3717,4154,6762,4997,6587,6763,1932,10567,5349,4412,4634,3820,3970,2603
7676,7462,10882,10606,9609,4039,3264,6316,6519,6513,9021,8843,9701,6340,4815,5284,8182,7018,8671,7035,8893,9517,2250,8115,3617,6527,16162,5471,8037,9489,9928,12029,5560,8543,8504,6221,3415,8939,6412,11847,10258,9434,9474,8876,10439,10205,4920,6918,7905,9980,7617,10220,5369,9279,9396,10050,0,11633,8815,8839,8581,18718,11087,3030,5019,3206,3887,4052,6985,3030,4202,9396,8891,5381,9007,6492,7660,8246,9330,8293,3422,11565,7833,10957,5020,7750,9143,1009,9624,7698,10336,9778,7866,4236,11083,7397,11616,10259,9508,8860,4393,7937,4794,9890,8787,5003,9750,9442,10937,7705,3190,8032,8802,8014,5865,16316,9267,8122,9088,8592,9488,15742,3960,10404,10481,4282,8947,10882,16437,10336,9436,4342,9353,9346,16509,10445,9741,8680,6851,3352,7917,9117,7146,11656,9583,9527,7677,4807,8163,7698,9219,7689,15742,3058,9083,8893,3147,7531,4455,11847,16986,7408,5698,6884,8893,8215,8253,10241,4153,8897,1207,8515,10404,19547,7199,18161,7934,7754,9281,9148,18570,8897,6379,10336,9512,8812,4663,9250,11545,6127,6842,8391,6117,9515,3293,6738,3185,3114,16090,8802,7198,9514,3427,4625,4526,9347,3962,6497,8360,5977,9610,8779,10182,8360,8879,8686,6985,7985,2604,16138,6652,9762,8978,18155,7979,9926,8418,17906,8391,8620,4187,10203,4293,17130,10320,6336,7875,9525,4550,6513,3857,9407,9647,4522,8922,8839,9325,10336,6519,10130
5134,4969,2124,4064,5402,18464,7788,3931,3944,3952,2952,4603,4702,4169,5760,5205,4766,4343,3799,3544,2969,5255,8656,4282,7661,3966,2688,5691,10571,1037,4005,1787,4884,5133,4332,4552,8725,3787,4026,1605,2542,2862,1646,2952,2442,5752,9655,3729,4137,4057,6509,3244,5790,4022,3472,1254,15540,0,3663,3626,3265,4738,2143,7528,6493,7010,6906,6493,7028,7528,6411,2685,3393,5264,1675,4143,4235,4933,5405,3527,7158,1322,6724,2053,5958,3777,2391,13499,1495,4282,3794,4945,3894,9474,2196,3488,2171,4335,11032,4060,9312,3965,11035,3967,2697,5950,2761,5935,2612,9768,7033,4616,4349,4597,4743,3687,3343,3950,3105,4699,1631,3148,6561,2721,4558,10975,3795,2124,3809,3794,5929,9580,1277,5421,3880,3815,3199,4755,5743,7677,3945,3661,6037,2211,5376,4466,6483,10869,4084,4282,4766,6495,3148,9010,4630,2969,8772,4193,9968,1605,4357,4915,4307,3950,3437,3817,3723,6034,8063,3441,13816,4344,2721,8202,6090,5567,3961,3873,3357,2988,5624,3441,4016,3794,3588,4303,9192,3326,2104,5356,5733,4075,4994,3591,6920,3691,7546,8113,3461,4349,4820,3590,8084,5406,7440,5140,8505,4457,3598,3952,5403,4269,5919,3598,3665,3473,7028,3769,8000,3509,3718,3539,3764,4409,4563,4881,4445,4160,4418,4167,8281,4279,9530,4408,3778,5228,3563,4128,6607,4843,6561,5977,2484,11119,4469,3626,3374,3794,3944,3154
2646,2392,4702,3156,2441,9477,6066,3071,3956,2440,1708,5290,2229,3102,4039,3588,1057,4142,904,3716,2309,2235,6961,1040,5796,2426,5266,5061,7845,4486,2410,4364,3402,1890,1090,2857,7029,544,3167,4182,5119,4660,4223,2292,5020,2732,7220,4042,1596,2462,3805,5042,5159,1720,1877,4575,8502,3968,0,1095,837,3143,4721,5664,5580,5145,5211,4798,9861,5664,4833,4623,5191,3782,4690,2903,470,1690,2162,929,5293,3900,3481,4631,6069,1481,1532,7272,4073,1794,2627,2902,1433,7779,4774,4306,4748,2949,8306,4747,7617,1254,7821,2372,2208,4228,6136,2692,4868,7747,5168,1091,1329,1105,3520,3745,1476,707,1862,1456,4209,4594,4866,5298,2963,7761,132,4702,3828,2627,2686,7885,5193,2178,3713,6393,3162,1512,3593,5955,1231,1321,3563,4789,2415,5152,3240,7655,513,1794,1746,3252,4594,7315,1610,2309,7077,1845,6754,4182,4038,2338,3240,2360,1097,517,993,3073,6367,1101,7590,1101,5298,5614,3616,4270,1253,210,1722,4374,3605,1101,2751,2627,1953,4990,7497,1459,4681,3661,3584,1201,3755,1996,5198,3862,5824,6249,5093,1329,1890,1955,6412,4141,6014,2179,6810,3092,1000,2739,2442,4956,2900,1000,1135,942,9861,1730,6305,3842,2460,6117,1234,3716,1213,2453,1834,3522,1654,1147,6586,2684,7835,4182,3119,3080,2655,2536,4912,3381,4840,2734,5062,7905,1450,1095,2111,2627,3956,4952
2652,1658,5022,3353,3256,9649,5782,2787,3672,2156,1763,4616,3086,2818,3754,3304,1063,3857,1091,3431,1634,3164,7132,1500,5512,2142,5587,4777,7932,4898,2670,4364,3118,2705,1905,3028,7201,1359,2882,4570,4257,3986,4544,1617,4457,3589,6936,3758,1312,2722,3870,4367,4875,2020,2137,5300,8673,4289,1235,0,1001,3403,5041,5379,5296,4861,5382,4969,6323,5379,4240,3948,4264,3498,5336,2619,1465,2505,2977,713,5009,4220,3736,4951,5785,1197,1885,7444,4393,1041,3082,3611,1149,7950,4570,4021,5069,3000,8393,4073,7788,970,7536,2632,1534,3944,5254,3507,4689,7463,4884,1097,2186,1112,3219,4005,2008,1523,1830,2271,4529,4854,5037,5619,3223,7476,1367,5022,4088,3082,3501,8056,4937,2993,3973,6465,2488,2327,3429,5671,947,1537,3398,5110,3230,4478,3496,7370,1656,1041,2603,3507,4854,7486,2467,1634,7248,1560,6470,4570,4298,1604,2955,2075,1313,1660,673,3888,6539,1317,7761,1916,5619,5830,3451,4530,968,1445,2023,3700,3821,1317,2467,3082,2253,4315,7668,1991,5002,3832,3419,526,3470,2257,4914,3578,5540,5964,5353,2186,1606,2255,6128,3857,5730,2994,6981,2933,780,2455,3257,4282,3829,780,1299,1106,6323,1446,6476,4102,2176,5782,1398,3977,1219,3310,1159,3783,979,2004,6757,2944,8006,3697,3066,3704,2371,2267,5083,3319,4555,3549,4199,7620,2307,0,2066,3082,3672,4278
3147,2775,5005,4042,2824,9947,6081,3086,3970,2454,2012,5305,3008,3117,4053,3603,1559,4156,1208,3730,2324,2732,7431,1422,5811,2441,5569,5075,8228,5587,2742,5053,3417,2273,1472,3327,7499,927,3181,4486,4946,4675,4527,2306,5146,3955,7234,4057,1610,2794,4188,5057,5174,2220,2209,4878,8972,4272,803,765,0,3475,5024,5678,5595,5159,5681,5268,6622,5678,4538,4637,5206,3797,5772,2918,1375,2073,2545,667,5308,4203,3863,4934,6084,1496,1836,7742,4376,1531,2960,3235,1448,8249,5077,4320,5052,3282,8688,4762,8087,1269,7835,2704,2223,4242,7111,3075,5378,7762,5183,1593,2109,1607,3517,4077,1780,1090,2165,1839,4512,4926,5336,5602,3295,7775,935,5005,4160,2960,3069,8355,5626,2561,4045,6696,3177,1895,3976,5970,1246,1654,3946,5092,2798,5167,3623,7669,1224,1531,2526,3635,4926,7785,2390,2324,7547,1859,6769,4486,4370,2721,3254,2374,1429,1228,863,3456,6837,1434,8060,1484,5602,5947,3999,4602,1267,1012,2026,4389,3937,1434,2766,2960,2256,5004,7967,1763,4985,4131,3967,1215,3769,2329,5212,3876,5838,6263,5425,2109,1905,2258,6426,4156,6029,2562,7280,3232,738,2754,2825,4971,3396,738,823,613,6622,1745,6775,4174,2474,6420,904,4011,1715,3233,1848,3855,1668,1927,7056,3017,8305,4386,3755,3463,2670,2868,5382,3618,4854,3116,4888,7919,2229,765,2755,2960,3970,4967
6551,6178,3599,2639,5700,22332,13796,6489,7497,5858,3214,8102,3327,6520,9313,8758,4962,7896,4157,7719,3513,4297,17030,4713,14564,5844,2832,9244,11631,4791,2166,4257,8438,5723,4462,6730,18181,4330,6584,3097,4017,4338,3968,3495,3917,4465,12544,7283,4727,2867,7591,4719,9343,3078,2825,5193,19407,3713,4206,4169,3808,0,3618,14408,10046,10559,9084,8671,9917,14408,9964,4160,4869,8817,5228,6321,4778,5523,5489,4070,10707,3645,7267,3528,11253,4367,3336,17367,3818,4872,2096,3570,4480,11652,3671,7041,3696,2006,12092,5058,11490,4551,13924,2520,4319,9503,6314,6020,4437,12657,10582,4996,4300,5011,6921,1176,3702,4494,2947,5242,3954,2018,8739,4202,3369,13842,4338,3599,1259,2096,6014,11861,4830,5506,1144,5297,3133,4946,7380,13686,4531,3632,7349,3737,5674,5576,7026,13937,4288,4872,4315,7038,2018,18642,4180,3513,10950,5262,12858,3097,1469,6125,6657,5777,3795,4176,4266,6332,10241,3799,17684,4510,4202,6408,7402,1844,4551,4416,3196,4463,3825,3799,6169,2096,2705,8663,11370,3684,3629,7534,7370,4619,7172,2630,10473,7866,13994,14993,2516,4300,5308,2707,13379,7559,13682,5438,10683,6635,4141,6157,5670,8629,4962,4141,4209,4016,9917,4359,17368,1276,4987,4725,4308,904,5118,3506,5252,946,5071,4076,10460,3090,11708,1613,2121,6866,5089,2356,8785,7021,10115,6061,3959,13622,4248,4169,2835,2096,7497,4630
5868,5703,454,4799,6129,16807,9249,4665,4136,4686,3686,2325,5437,4904,5953,5398,5500,4536,4533,4278,3703,4723,11505,5017,9200,4700,1385,6992,11306,1304,4428,1183,5077,5867,5067,5286,12655,4521,4760,1001,871,1192,1041,3686,772,6453,7997,3922,4871,4791,7243,1574,6891,4757,4206,1393,13882,786,4397,4360,3999,3668,0,9043,7587,8788,7640,7227,5370,9043,6604,1014,1723,5457,1508,4877,4969,5667,6139,4261,9005,718,7458,382,6705,4511,3125,11841,891,5016,3694,5680,4628,10208,525,3681,769,4268,11766,1912,10046,4699,9377,4701,3431,6143,2232,6669,1292,8110,8772,5350,5049,5332,5477,2384,4077,4685,3840,5433,1027,1844,7295,1063,5292,9317,4529,454,2505,3694,6663,10314,2011,6155,2576,2157,3933,5489,6477,9138,4679,4395,6771,809,6103,2430,7217,9211,4818,5016,5467,7229,1844,13116,5331,3703,13085,4927,8311,1001,3053,5649,5041,4684,4171,4552,4457,6761,8797,4175,12159,5078,1063,6898,6825,4263,4696,4607,4875,1317,5121,4175,4750,3694,4322,2886,9927,4060,702,6091,6467,4810,5729,4326,8875,4425,9446,9628,2158,5049,5554,4324,8832,6140,8318,5867,9239,5192,4332,4686,6130,2852,5387,4332,4400,4207,5370,4503,11843,2206,4452,1579,4499,3105,5297,5615,5179,2856,5152,4867,9016,5013,10264,3197,4512,5962,4297,3953,7342,5577,6754,6711,814,9461,5170,4360,4108,3694,4136,1484
4703,5412,8038,7633,7863,5788,639,3343,3546,3540,6048,5999,7651,3847,1842,2311,5209,4298,5698,4061,5920,6472,1807,6065,1650,3554,8212,2448,7579,6516,7233,7310,2586,6890,6453,3928,2957,5966,3438,7128,6732,6460,6501,5902,7596,8155,2694,3945,4931,7285,5885,6842,2347,6711,6700,7076,3347,6914,5842,5866,5608,7966,8243,0,1997,1239,3063,2258,4141,0,2481,6423,5379,2408,6034,3519,5323,6514,7583,5320,1455,6845,6100,7576,1998,4776,6170,2143,6651,4725,7420,6805,4893,4476,7045,4424,8772,7772,9049,5348,4633,4964,3295,7195,5814,2030,6238,7789,7163,3221,1222,5059,6752,5040,4119,9211,6294,6129,6115,6878,6515,8671,2190,7560,7786,3213,5974,8038,9332,7420,7704,4582,6380,7600,9403,7601,6768,6934,5119,1197,4944,6144,5413,6890,7837,6683,5945,3129,5812,4725,7169,5956,8671,3418,7033,5920,3387,4637,2229,7128,8434,5358,2725,3911,5920,5864,5280,8495,3329,5924,2461,6465,7560,10437,5466,9093,4960,5418,6308,6174,8427,5924,3406,7420,6798,5300,4902,6276,7627,3609,5109,6204,4370,6819,1325,3765,391,959,8985,6752,4225,6800,667,2774,1503,7601,3803,3833,5387,3589,7863,5267,7136,5387,5905,5713,4141,5012,2145,9033,3679,6918,6005,8539,5006,7875,5445,8345,5418,6569,3589,7507,4532,7977,7347,4604,4393,6552,3774,4219,1085,7754,6674,3379,6872,5866,6351,7420,3546,6753
4625,5334,6329,8970,7738,7396,2346,3266,2634,3462,5971,4382,7574,3128,1749,2218,5132,3132,5621,3149,5842,6394,4285,5988,2566,3476,7800,1188,8701,5603,6878,6898,2591,6733,6376,3851,4900,5888,3361,6717,5819,5548,5588,5825,6019,8077,3500,3033,4854,6930,5807,5930,1086,6228,6345,6164,5826,6502,5764,5788,5530,7611,6348,2409,0,2154,3979,3332,2524,2409,2403,5511,4306,2158,5122,3442,5246,6436,7506,5242,2371,6434,6023,6257,2178,4699,6093,4086,5739,4648,8757,6727,4816,5698,6132,3512,6091,7695,10171,4275,5854,4887,4101,6840,5737,1953,5165,7632,6251,3946,2138,4981,6674,4963,4041,8799,6216,6052,6038,6800,5602,8260,3240,5943,7431,4019,5896,6329,8920,8757,7626,5803,5468,7522,8992,5984,8105,6856,5041,2236,4867,6067,5336,5978,7712,6013,5867,3935,5735,4648,7091,5879,8260,5234,6955,5842,4996,4480,3034,6717,9772,5280,2577,3834,5842,5786,5202,8370,4245,5847,4403,6387,5943,10360,5389,8738,4883,5340,6230,5262,8350,5847,3328,8757,6461,4227,6016,6199,6236,3532,5032,5590,4293,6464,2241,2852,2151,2994,8573,6674,4147,6463,2692,2696,1684,7476,4787,3756,5310,3512,7739,4194,7059,5310,5828,5635,2524,4935,3391,8621,4144,5301,5927,9521,4928,7798,5367,7990,5340,6492,4505,7152,5754,9314,8684,4526,3990,6474,3695,4142,1399,7597,5762,4185,6795,5788,6274,8757,2634,5840
4787,5496,8171,7717,7947,5583,1330,3427,3630,3624,6132,6133,7735,3931,1926,2395,5293,4432,5782,4146,6004,6556,2472,6149,728,3638,8296,2582,5465,6600,7317,7394,2671,6974,6538,4012,3087,6050,3523,7212,6816,6545,6585,5987,7729,8239,2822,4029,5016,7369,5969,6927,2480,6390,6784,7161,4013,6998,5926,5950,5692,8050,8377,596,2130,0,2165,1303,4275,596,1368,6507,5513,2492,6118,3603,5408,6598,7668,5404,290,6930,6184,7660,2131,4861,6254,2273,6735,4809,7504,6889,4977,3884,7129,4508,8905,7856,6681,5482,4041,5048,3422,7279,5898,2114,6372,7873,7248,3349,101,5143,6836,5125,4203,9295,6378,6213,6199,6962,6599,8755,1235,7694,7870,3340,6058,8171,9416,7504,7868,3990,6464,7684,9488,7735,6852,7018,5203,1418,5028,6228,5497,6975,7921,6816,6029,3256,5896,4809,7253,6040,8755,3420,7117,6004,3182,4642,2356,7212,8518,5442,2809,3995,6004,5948,5364,8579,2431,6008,2590,6549,7694,10521,5551,9177,5045,5502,6392,6259,8512,6008,3490,7504,6623,5434,4101,6361,7711,2674,5194,5751,4455,6903,404,3849,987,1181,9069,6836,4309,6884,1494,1819,1637,7685,2905,3918,5471,3673,7948,5400,7220,5471,5990,5797,4275,5096,1577,9117,3763,7052,6089,8623,5090,7960,5529,8429,5502,6654,2692,7591,3940,8061,7431,4688,4477,6636,2877,4304,751,7839,6758,3506,6956,5950,6436,7447,3630,6837
4882,4103,7827,7859,6250,5382,3395,3523,3726,3719,6228,7752,6342,4026,2094,2563,5389,4224,5878,4241,6099,6158,2924,4757,2816,3733,8391,3814,4208,6695,6749,7489,3099,5184,5145,3050,2507,4989,3618,7307,6911,6640,6680,6082,7111,6846,4462,4124,5111,6801,4258,7022,3659,6227,6216,7256,4464,7093,4865,6045,5787,7482,7846,2660,3636,1945,0,760,5894,2660,1737,6602,6891,2660,6214,3348,4301,4887,5971,5499,2093,7025,4474,7756,3750,4956,6350,3235,6831,4905,7588,6321,5073,3683,7224,4604,7183,7288,5424,6700,3151,5144,5062,6711,6040,2210,7437,6083,7343,4989,1968,5238,5443,5220,2507,9390,6473,4763,6295,5234,6694,8851,828,8423,7302,5002,4997,7827,9511,7588,6078,3522,6560,5987,8052,9092,6993,5322,3817,3197,5124,5660,3787,7070,6224,7105,4319,4896,4804,4905,5860,4330,8851,3231,5724,6099,2993,4817,3996,7307,8377,4049,2904,4091,5140,4856,5459,6883,1845,5440,3552,5156,8423,9913,3840,8609,5140,4396,6487,6354,7903,5440,3585,7588,6314,6942,3032,6456,7806,2634,3808,5032,2758,6335,2066,3944,3051,3245,9164,5443,4404,6316,3654,1634,3256,5988,2287,3318,5566,3769,6251,6909,6823,5566,6085,5892,5894,5192,2115,9212,3858,8409,6184,8055,5185,6567,5624,7861,5597,5261,2396,7023,3739,8203,7572,2978,4572,6731,706,3607,2081,6049,6854,5146,5564,6045,6531,7588,3726,6932
4752,4139,7697,7682,6286,5331,2675,3393,3596,3589,6097,8214,6379,3896,1891,2360,5258,4094,5747,4111,5969,6194,2204,4793,2097,3603,8261,3611,5969,6565,7282,7359,2969,5220,5181,3086,3181,6015,3488,7177,6781,6510,6550,5952,6981,6882,4190,3994,4981,7334,4294,6892,3456,6760,6749,7126,3745,6963,5891,5915,5657,8015,7716,1940,3499,1664,825,0,6356,1940,1200,6472,6760,2458,6084,3568,4337,4923,6007,5369,1902,6895,4510,7625,3500,4826,6220,2515,6701,4775,7412,6854,4942,3633,7094,4474,7053,7822,7439,6569,3691,5013,4791,7244,5863,2080,7306,6119,7213,4717,1669,5108,5479,5090,2543,9260,6343,4799,6164,5270,6564,8721,68,8293,7835,4731,6023,7697,9381,7412,6114,3738,6430,6023,8585,9816,6817,5358,3854,2763,4993,6193,3823,6940,6260,6975,4355,4625,4840,4775,5896,4366,8721,3169,5760,5969,2931,4686,3724,7177,8910,4085,2774,3960,5969,4892,5329,6919,2385,5973,2832,5192,8293,9949,3876,9142,5010,4432,6357,6224,7939,5973,3455,7412,6847,6812,3571,6326,7676,2649,3844,5068,2794,6868,1772,3814,2332,2525,9034,5479,4274,6849,2838,1623,3005,6024,2654,3883,5436,3639,6287,6779,6859,5436,5955,5762,6356,5062,1856,9082,3728,9133,6054,8589,5055,6603,5494,8395,5467,5297,2440,7556,3689,8026,7396,3014,4442,6601,1246,4269,1544,6085,6724,4875,5600,5915,6401,7412,3596,6802
5786,6629,4200,8449,8902,11777,4220,4561,3152,4582,7851,2161,8737,4799,3242,3711,6715,2757,6743,3374,7058,7517,6475,7151,4988,4595,5546,1963,11797,5936,8589,5347,3763,7936,7540,5181,7626,7011,4656,5165,3576,3906,5206,7041,3757,9241,2967,2915,6275,8145,7138,3538,1862,8407,7561,6153,8853,4951,6887,6911,6653,7829,4405,4831,2557,4576,6401,5562,0,4831,3897,3869,2105,3330,4600,4772,6541,7723,8629,6365,4793,4883,7354,4544,1676,5917,7290,6812,5056,5943,8178,7850,5712,8119,4401,4514,4934,8429,13268,2074,8557,5783,4348,8056,6811,3446,2964,8834,4255,3080,4560,6276,7838,6258,5372,6545,7432,7175,8053,7923,5192,6006,5494,3722,8646,4288,7019,4200,6666,8178,8829,8225,4946,8645,6738,3763,7584,7979,6372,4109,5763,7189,6667,4974,8876,2845,7198,4033,7260,5943,8255,7210,6006,8087,8119,7058,8055,5249,3281,5165,7215,6575,3749,4602,6965,7312,6325,9534,6667,6969,7129,7551,3722,13100,6720,11290,6198,7097,8525,3620,11699,6969,4842,8178,7677,2026,8438,7415,4863,5025,6363,6486,5624,7680,4663,3024,4417,5416,6319,7838,5031,7679,4636,4190,4106,8640,7209,5087,6432,4581,8903,1993,8182,6432,6951,6758,0,5591,6814,6367,4370,3080,7050,7267,6223,8962,6583,7018,6556,7656,6927,8368,8176,7359,8163,5857,4215,8512,5189,5473,4038,8800,4120,4283,7959,6911,7490,8178,3152,3448
4703,5412,8038,7633,7863,5788,639,3343,3546,3540,6048,5999,7651,3847,1842,2311,5209,4298,5698,4061,5920,6472,1807,6065,1650,3554,8212,2502,6488,6959,7233,7310,2586,6890,6511,3928,2957,5966,3438,7128,7175,6904,6944,5902,7596,8155,2370,3945,4931,7285,5885,7286,2347,6711,6700,7520,3347,6914,5842,5866,5608,7966,7666,0,1997,1239,3188,2258,4141,0,2481,6866,5379,2408,6477,3519,5323,6677,7583,5320,1455,6845,6100,7576,1998,4776,6170,2143,7094,4725,7363,6805,4893,4476,7488,4424,7447,7772,9049,5348,5277,4964,2971,7195,5814,2030,6238,7789,7607,2897,1222,5059,6752,5040,4119,9211,6294,6129,6115,6878,6958,8671,2190,7560,7786,2911,5974,8038,9332,7363,7783,4582,6824,7600,9403,7601,6768,6934,5119,851,4944,6144,5413,7334,7837,6683,5945,2805,5812,4725,7169,5956,8671,3418,7033,5920,3387,4637,1904,7128,8861,5358,2725,3911,5920,5864,5280,8495,3454,5924,2461,6523,7560,10437,5466,9093,4960,5418,6308,6618,8427,5924,3406,7363,6798,5300,5157,6276,7627,3609,5109,6315,4370,6819,1325,3765,391,613,8985,6752,4225,6800,667,2774,1503,7601,3928,3833,5387,3589,7863,5267,7136,5387,5905,5713,4141,5012,2145,9033,3679,6918,6005,8539,5006,7875,5445,8345,5418,6569,3715,7507,4532,7977,7347,4604,4393,6552,3900,4219,1085,7754,7117,3054,6872,5866,6351,7363,3546,7196
4023,4434,6968,6953,6582,6102,2668,2664,2867,2860,5369,7112,6674,2640,1235,1704,4530,3365,5019,3382,5240,5792,2991,5088,1956,2874,7532,2955,5237,6279,6276,6630,1980,5516,5476,2521,3712,5286,2759,6448,6495,6224,6264,5223,6695,7177,3822,3265,4252,6328,4058,6606,2800,5626,5743,6840,4532,6234,5162,5186,4928,7009,6987,1824,2777,1305,1769,1021,5254,1824,0,6187,6475,1801,5798,2840,4644,5219,6302,4640,1453,6166,4243,6897,3111,4097,5491,3370,6415,4046,6683,6125,4214,4403,6808,3745,7014,6606,6093,6284,4180,4285,4423,6238,5135,1351,7021,7330,6927,4349,1328,4379,5774,4361,2838,8531,5614,5094,5436,5565,6279,7992,1027,7564,6829,4362,5294,6968,8652,6683,7461,4509,6144,6319,8724,8714,6088,5653,3824,2557,4265,5465,4118,6654,6555,6689,4650,4257,5135,4046,6191,4661,7992,3939,6055,5240,3702,3878,3356,6448,7904,4381,2045,3232,5240,5187,4600,7214,2951,5245,3688,5488,7564,9758,4171,8136,4281,4738,5628,5938,7748,5245,2726,6683,5859,6527,4061,5597,6948,2426,3814,4988,3090,5862,1426,3085,2215,2409,8305,5774,3545,5861,3014,1150,2616,6319,3424,2797,4707,2277,6582,6493,6457,4707,5226,5033,5254,4333,2097,8353,2999,8031,5325,7582,4326,6898,4765,7388,4738,5592,3211,6550,4460,7297,6667,3309,3713,5872,1476,2812,1441,7328,6438,4506,5895,5186,5672,6683,2867,6516
5315,6021,819,4635,6848,15964,6431,4112,2925,4133,4406,1310,5951,4350,4742,4186,5797,3324,5252,3725,4423,5442,10663,5736,6845,4147,2104,4672,10752,2490,5147,1902,3866,6586,5786,4733,11813,5241,4207,1720,309,178,1761,4406,508,7172,7155,2711,5356,5849,6689,560,4771,5176,4926,2113,13040,1506,5116,5079,4718,4387,838,6689,5474,6434,7087,6674,4528,6689,5392,0,709,4245,1315,4324,5688,6386,6858,4980,6650,1437,6905,747,4351,4996,3844,10999,1610,5314,4413,6194,5113,9655,622,2469,1488,4987,11213,898,9493,5184,8535,5502,4150,4931,1218,7388,740,7268,6417,5647,5769,5629,4923,3103,4797,5404,4559,6152,1746,2564,6742,1929,6350,8475,5249,819,3224,4413,7383,9761,2730,6874,3296,2528,4352,6209,5924,6321,5164,5115,6218,1529,6822,1416,6749,8369,5384,5314,6186,6761,2564,12274,6050,4423,8953,4777,7468,1720,3773,5967,4487,4131,4891,5271,5176,7481,8243,4895,11316,5798,1929,7617,6271,4982,5180,5326,5294,303,5840,4895,4197,4413,5042,1872,9373,4780,1421,5537,5914,5529,5175,5045,6521,3871,7080,7274,2877,5769,4813,5044,6478,5014,5963,6586,8686,4638,5052,4132,6849,1838,6107,5052,5119,4926,4528,5232,7670,2925,3898,1316,5218,3825,5594,6129,5664,3576,5637,5587,8462,6072,9711,3917,4931,5409,3744,4673,6788,5024,5543,7430,251,8619,5889,5079,4827,4413,2925,470
6496,6243,1527,7586,8038,15256,7698,5293,4106,5314,5114,602,7874,5532,6721,5368,5852,3461,5880,4329,5132,7462,9954,6288,6137,5328,2813,5442,15276,2733,5856,2611,5047,7072,6677,5914,11104,6148,5388,2429,1135,654,2469,5114,1217,8378,6446,3892,5411,6558,7871,1097,5340,7544,5634,2821,12331,2214,6024,6048,5790,5096,1547,5980,6036,5725,7550,8280,3819,5980,7375,709,0,5427,3737,5505,6253,6859,7765,5502,5941,2146,8086,1456,3642,5054,4553,10290,2319,5557,5122,6987,4848,9268,1330,3651,2197,5696,16746,189,9706,4919,7826,6211,4859,6925,2101,7971,1449,6559,5709,5886,6975,5900,6105,3812,5506,6311,5268,7060,2455,3272,8212,2395,7059,7766,6156,1527,3933,5122,7965,9374,3439,7782,4005,2435,6720,7116,7105,7587,4899,6326,7399,2238,8012,707,7931,7660,6397,5557,7392,7942,3272,11565,7256,5132,8567,5467,6760,2429,4481,6189,5033,5312,6102,6449,5462,8671,7816,6106,10608,6688,2395,8326,7453,5254,5335,6233,7662,738,6549,6106,5552,5122,5750,1163,9587,5488,2130,6384,7095,5623,6356,6321,5812,4475,6371,6565,3586,6975,5741,5752,5769,6195,5255,7776,8358,5820,5569,5314,8039,1129,8127,5569,6087,5895,3819,4728,10292,3634,5080,1753,6186,4533,6007,8098,5720,4284,5692,6793,8076,6781,9325,4626,7299,6590,4925,5381,7635,6205,5187,7936,960,7910,7095,6048,5536,5122,4106,1007
2861,3570,5517,7679,6035,7764,2760,1501,1342,1698,4206,4859,5809,739,732,430,3367,1841,3856,1858,4078,4630,4653,4223,2933,1711,6082,1367,6436,4312,5113,5180,380,4969,4669,2086,5268,4124,1596,4998,4528,4257,4297,4060,4728,6313,3914,1741,3089,5165,4043,4639,1465,4464,4580,4873,6194,4784,3999,4023,3766,5846,5536,2378,1974,1978,2968,2324,3434,2378,1383,4219,4507,0,3830,1677,3481,4672,5755,3478,2738,4620,4258,5446,3203,2934,4328,4454,4447,2883,7409,4963,3051,6065,4841,2220,4800,5930,7292,4316,5380,3122,4514,5075,3972,922,5053,5867,4960,4441,2506,3217,4909,3198,2277,7081,4452,4287,4273,5036,4311,6541,2256,6114,5666,4454,4132,5517,7202,7409,5862,6171,4176,5772,7273,6709,6814,5106,3602,2649,3102,4302,3571,4687,6008,4722,4103,4349,3970,2883,5327,4114,6541,5601,5191,4078,5363,2795,3448,4998,8480,3516,569,2069,4078,4022,3438,6667,4612,4082,4771,4681,6114,8595,3624,6973,3118,3576,4466,3971,6585,4082,1563,7409,4696,4559,5260,4434,4945,1767,3592,4473,2528,4700,1892,1561,2518,3362,6855,4909,2383,4698,3106,1578,2708,5772,5155,1991,3545,1747,6035,4525,5294,3545,4063,3871,3434,3170,3758,6903,1837,6026,4162,6420,3164,6033,3603,6226,3575,4727,4873,5388,6121,8023,7393,2762,2698,4710,2675,2377,1533,5833,4470,4598,5030,4023,4509,7409,1342,4549
5019,5725,1687,4209,6427,18027,6723,3816,2629,3837,3853,3289,5550,4054,4446,3890,5501,3028,4700,3429,3870,5021,8857,5184,7137,3851,2251,4376,10456,581,5295,1349,3570,6034,5522,4437,8609,4688,3911,1168,1172,1493,466,3853,1372,6751,9217,2415,5060,5336,6393,1875,4475,4167,4751,1042,10398,953,4564,4527,4166,4534,1706,6981,5178,5695,6790,6378,6591,6981,5096,1315,2024,3949,0,4028,5136,5834,6579,4428,6942,790,6609,1616,4643,4758,3292,8658,617,5018,3939,5793,4552,9359,1759,2173,969,5135,10917,2745,9197,4623,10598,5246,4001,4635,1446,7109,1160,9330,5718,5351,5347,5333,4627,3250,4244,4851,3813,5600,481,2711,6446,2283,5837,10538,4696,1687,3371,3939,7103,9465,446,6595,3443,3378,3344,6035,5628,6613,4603,4721,5922,856,6401,3151,6453,10432,4985,5018,5765,6465,2711,8780,5629,3870,8657,4481,9531,1168,3920,5671,4191,3835,4338,4719,4624,7059,7947,4342,8975,5569,2283,7765,5975,5130,4884,4774,4286,1618,5987,4342,3901,3939,4849,2988,9077,4227,1114,5241,5618,4976,4879,4870,5605,3575,7372,7566,3024,5347,4517,4851,6770,4718,6255,6165,8390,4342,4499,3836,6428,2955,5685,4499,4566,4374,6591,4432,7962,3072,3602,3102,4666,3972,5298,5729,5368,3723,5341,5165,8166,5558,9415,4553,3923,5113,3448,4273,6492,4728,5247,7151,1114,10681,5468,4527,4752,3939,2629,1785
1681,2388,5460,5210,4841,8182,4316,952,2455,690,3481,5319,4627,1352,2288,1838,2188,2641,2677,2215,3497,3450,5666,3041,4489,676,6024,3299,6967,4771,4211,5122,1652,3869,3490,1562,5734,2945,1047,4940,4987,4716,4756,3480,5187,5131,5470,2541,1910,4263,2904,5098,3397,3690,3679,5332,7207,4726,2820,2844,2587,4944,5479,3934,3830,3533,3916,3503,5107,3934,2939,4679,4967,2032,4290,0,2302,3656,4562,2298,3682,4658,3119,5389,4568,2354,3305,5977,4907,1704,4429,4652,2470,6484,5300,2805,5259,4751,7427,4776,6322,2541,6070,4173,3391,2477,5513,5093,5419,5997,3557,2038,3728,2019,1752,5546,3249,3108,3634,3856,4771,6484,3571,6056,4764,6010,2953,5460,5629,4429,5087,6590,4636,4578,5515,7169,4345,3913,2463,4205,2521,3123,2433,5146,4815,5181,2960,5904,2839,1704,4145,2971,6484,6020,4009,3497,5782,1616,5004,4940,5839,2334,1489,1517,2899,2842,2259,5474,5072,2903,6295,3502,6056,7416,2486,6072,1939,2396,3495,4430,5406,2903,1090,4429,3776,5019,6202,3232,5439,2366,2453,3294,2004,3798,3448,2361,4073,4295,6797,3728,1203,3779,4662,2391,4264,4579,5515,627,2366,989,4842,4985,4115,2366,2884,2691,5107,2589,4723,5643,1475,6486,2983,5518,1984,4852,3022,5324,2995,3546,5291,4486,6540,5554,4924,2238,2205,4129,3617,1853,3089,4733,4930,6154,3848,2844,3929,4429,2455,5008
3073,2819,5129,3841,2868,9747,5880,2885,3770,2254,2136,5104,2656,2916,3852,3402,1484,3955,1331,3529,2123,2776,7230,1467,5753,2240,5693,4774,8272,5387,2797,4853,3216,2317,1517,3126,7298,971,2980,4610,4745,4474,4650,2105,5447,3160,7034,3856,1410,2849,4232,4856,4872,2147,2264,5788,8771,4395,847,1522,1264,3530,5148,5498,5394,5102,5480,5067,6421,5498,4646,4436,4752,3596,5824,2717,0,2117,2589,847,5250,4327,3908,5058,5883,1295,1960,7541,4500,1530,3014,3330,1247,8048,5201,4119,5176,3127,8733,4561,7886,1068,7634,2759,2022,4042,6910,3119,5177,7561,5125,1519,1756,1533,3317,4132,1904,1135,2289,1883,4636,4981,5135,5725,3350,7574,979,5129,4215,3014,3114,8154,5426,2605,4100,6820,2976,1939,4021,5769,1045,1749,3990,5216,2842,4966,3668,7468,940,1530,2174,3679,4981,7584,2038,2123,7346,1658,6568,4610,4425,2766,3053,2173,1524,944,807,3500,6637,1529,7859,1528,5725,6042,4043,4657,1066,94,2149,4188,4032,1529,2565,3014,2380,4804,7766,1887,5109,3930,4011,1015,3568,2383,5012,3676,5638,6482,5480,1756,1704,2382,6226,3955,5828,2606,7079,3031,914,2553,2869,4770,3441,914,1562,1369,6421,1544,6574,4229,2274,6544,1661,4103,1640,2880,1500,3909,1467,1574,6855,3071,8104,4185,3555,3802,2469,2923,5181,3417,4653,3161,4688,7718,1877,1522,2554,3014,3770,4766
2924,1629,5753,4328,2043,9684,7424,3695,4725,3209,2760,6099,3045,3872,4808,4357,1335,4911,1955,4485,3118,1951,7167,1725,6822,3196,6580,5730,7081,6382,3581,5848,4090,419,1184,3063,7236,1967,3790,6053,5740,5469,5274,3101,5940,3175,7989,4811,2405,3633,3041,5851,5828,3059,3049,6784,8708,5019,1842,2146,1888,4314,5772,6689,6350,6170,5417,5004,7377,6689,5183,5432,5747,4470,6527,3400,1279,0,864,1842,6319,4951,2717,5682,6838,2290,2583,7479,5124,2525,3799,3540,2242,7985,6053,5075,5800,3912,7542,5556,7823,2063,8590,3543,3017,4997,6737,1434,6172,8999,6194,1369,2145,1383,2756,4916,2528,1106,2913,357,5260,5766,5072,6349,4134,8530,1975,5753,4999,3799,1428,8091,6421,880,4884,7444,3971,1115,2830,6725,2040,2752,2799,5840,2017,5961,2477,8603,1564,2525,2377,2488,5766,7406,2426,3118,7284,2654,7524,6053,5209,1575,4009,3129,1852,1568,1802,2676,6574,2152,7796,1232,6349,7766,2853,5442,2062,1373,3178,5183,4605,2152,3521,3799,3146,5799,7704,2510,5733,3868,2820,2010,3448,3168,6292,4631,7080,7274,6264,2145,2472,3149,7587,4393,6784,1781,7016,3370,1909,3509,2044,5765,2616,1909,2186,1993,7377,2539,6511,5013,3229,6747,2285,4888,1491,3269,2643,4694,2463,1963,6793,3856,8041,5353,4550,2317,3378,3707,5119,3620,5609,1399,5683,8674,2266,2146,3550,3799,4725,5761
4155,2627,6433,4266,1981,17238,8326,4655,5918,4403,3439,7330,2982,5112,6427,5598,2566,6104,2526,5678,4038,1889,8166,1738,7820,4389,6518,7002,8333,6417,3519,6095,5330,1073,1148,4061,8234,2828,4750,5913,6850,6700,5954,4021,6751,3113,9685,6005,3562,3571,4040,7082,7100,2997,2986,6306,9706,5699,2687,2717,2459,4252,6452,7687,7969,7169,6415,6003,11591,7687,6181,6663,6978,5710,6855,4359,2510,873,0,2551,7317,5631,3715,6362,8032,3448,3263,8477,5804,3416,3737,3478,3400,8984,6505,6268,6479,3849,8083,6787,10550,3220,10286,3481,4246,6587,7941,538,6599,14331,7192,2600,2083,2615,3754,4854,3128,1530,3593,1011,5940,5703,6070,7029,4072,10226,2819,6433,4937,3737,532,10921,6456,130,4822,8124,4423,849,3828,8421,3198,2689,3798,6520,1955,7193,3475,10299,2135,3416,2315,3486,5703,8404,2364,4038,8282,3811,9220,5913,5147,2573,5249,4322,2424,2139,3033,2614,7572,2724,8794,1241,7029,7703,3851,5379,3219,2604,3115,6414,4543,2724,4792,3737,3084,7030,10431,3111,6412,4866,3819,3241,4446,3106,7290,5825,8079,8272,6202,2083,3712,3086,8354,5391,8480,1719,8015,4330,2622,4749,1982,6996,2554,2622,2757,2564,11591,4286,7510,4951,4423,7848,2856,4826,2722,3207,3874,4632,3694,1901,7791,3793,9040,5291,4228,3315,4618,3645,6117,4619,7305,579,6793,10370,2203,2717,4125,3737,5918,6992
2404,1405,4563,3046,2669,9236,5855,2860,3744,2228,1570,5079,2549,2891,3827,3376,816,3930,765,3504,2097,2577,6720,1267,6374,2215,5127,4749,7685,4347,2300,4226,3191,2118,1318,2615,6788,772,2955,4044,4980,4448,4084,2080,4881,3357,7008,3830,1368,2352,3622,4830,4847,1778,1767,4436,8260,3829,648,933,675,3033,4582,6241,5369,5723,4969,4556,6396,6241,4735,4411,4726,3570,4551,2880,1220,1918,2390,0,5871,3761,3838,4492,5857,1253,1393,7031,3934,788,2517,2792,1205,7538,4635,4094,4610,2840,8146,4535,7375,1026,7609,2262,1997,4016,6885,2920,5151,7535,5746,850,1954,864,2545,3635,1338,935,1723,1684,4070,4484,4624,5159,2853,7549,780,4563,3718,2517,2914,7643,5400,2406,3603,6254,2950,1740,3181,5744,1003,1211,3151,4650,2643,4941,3468,7443,1069,788,2371,3480,4484,7074,2235,2097,6836,1633,6543,4044,3928,1351,3028,2148,987,1073,321,3301,6126,991,7348,1329,5159,5504,3204,4160,1025,858,1583,4162,3495,991,2540,2517,1865,4778,7256,1320,4543,3420,3172,989,3054,1886,4986,3650,5612,6826,4983,1954,1679,1867,6200,3930,5803,2407,6569,2851,196,2528,2670,4745,3241,196,990,780,6396,1502,6064,3732,2248,5978,1072,3606,971,2728,1475,3413,1442,1772,6345,2574,7594,4072,3009,2668,2444,2426,4671,3140,4628,2962,4923,7693,2075,933,1972,2517,3744,4741
4018,4724,6962,6948,7128,5998,1590,2658,2861,2855,5363,6034,6964,3162,1157,1626,4524,3360,5013,3717,5235,6981,2887,5378,391,2868,7527,2237,5880,6274,6270,6625,1901,6126,5766,3243,3502,5281,2753,6443,6490,6219,6259,5217,6690,7467,2744,3260,4246,6322,5200,6600,2136,5621,5737,6835,4428,6229,5156,5180,5530,7003,6981,1011,2032,493,2028,1385,4176,1011,1796,6181,5414,1723,5792,2834,4638,5829,6912,4635,0,6160,5415,6891,2033,4091,5485,2688,6409,4040,6677,6120,4208,4300,6803,3739,6762,6600,7097,6278,4456,4279,3345,6232,5129,1345,6274,7024,6922,3271,502,4374,6064,4355,3434,8526,5609,5444,5430,6175,6273,7986,1318,7559,6823,3285,5289,6962,8647,6677,7019,4405,6138,6929,7573,7636,6083,6263,4759,1480,4259,5926,4728,6649,7102,6684,5260,3179,5127,4040,6481,5271,7986,3836,6345,5235,3598,3872,2279,6443,7749,4670,2040,3226,5702,5179,4595,7760,2847,5706,3005,5777,7559,9752,4781,8130,4276,4733,5623,5933,7742,5706,2720,6677,5853,5335,4550,5591,6942,2924,4749,4982,3685,5857,426,3080,1403,1596,8300,6064,3540,5855,1936,2089,1539,6866,3321,3148,4702,2904,7129,5302,7645,4702,5220,5028,4176,4327,1993,8348,2994,6953,5319,7577,4321,7188,4759,7383,4732,5882,3107,6545,4356,7292,6662,3919,3708,5867,2448,3534,465,6990,6432,3429,6185,5180,5666,6677,2861,6511
5245,5080,897,4176,5513,17237,9680,4042,3418,4063,3063,3985,4814,4281,5235,4680,4877,3818,3910,3655,3081,5366,11936,4394,10448,4077,1461,5166,10531,586,4116,560,4359,5244,4608,4663,13086,3898,4138,378,1315,1635,323,3063,1215,5863,8428,3204,4248,4168,6468,2017,5264,4134,3583,675,14313,163,3774,3737,3376,3745,916,10291,5968,10036,7017,6604,5801,10291,5886,1458,2166,4739,790,4254,4346,5044,5516,3638,10253,0,6683,826,7136,3888,2502,12272,173,4394,3905,5057,4005,9585,969,2963,944,4345,10991,2355,9423,4076,9808,4078,2808,5425,2236,6046,968,8541,10020,4727,4460,4709,4854,2460,3455,4062,3217,4810,309,1921,6672,1494,4669,9748,3906,897,2582,3905,6041,9691,676,5532,2653,2588,3310,4866,6027,9569,4056,3772,5996,902,5480,3941,6594,9642,4195,4394,4877,6606,1921,13547,4741,3081,8884,4304,8741,378,3130,5026,4418,4061,3548,3929,3834,6138,8174,3552,12589,4455,1494,6975,6049,3903,4073,3984,3469,1761,5197,3552,4128,3905,3699,3778,9304,3437,877,5468,6017,4187,5106,3703,10123,3802,9877,10876,2234,4460,4931,3701,10097,5465,9566,5244,8617,4569,3709,4063,5507,3744,4765,3709,3777,3584,5801,3880,12274,2282,3829,2312,3876,3182,4674,4993,4557,2933,4530,4278,8393,4391,9642,3274,3889,5339,3674,3685,6719,4955,6036,6088,1257,9892,4581,3737,3485,3905,3418,1927
2534,2434,7559,6190,3695,9079,6938,3051,4555,2809,4378,7418,4673,3471,4824,3957,2685,4740,3574,4314,4411,3603,6562,3087,6455,2795,8123,5398,6375,6871,5233,7222,3772,2629,2836,2458,6631,3320,3147,7040,7087,6816,6856,4394,7287,4827,8082,4641,2825,5285,2335,7197,5497,4711,4700,7432,8103,6826,3196,3765,3507,5966,7578,6299,6366,5488,4812,4399,7206,6299,4578,6778,7066,4151,6389,2756,2632,2332,3416,3386,5636,6757,0,7488,6668,3268,4202,6874,6930,2666,5451,5169,3385,7380,7400,4904,7606,5773,6835,6875,7218,3456,8683,5195,4371,4940,7612,3528,7519,8609,5511,2535,3774,2517,2151,6568,4146,2757,4607,2679,6870,7417,4467,8156,5786,8623,3328,7559,6651,5451,3523,7486,6735,3432,6536,9268,5324,2767,2225,6818,3436,3991,2194,7246,3669,7281,1770,8696,3183,2666,4191,1782,7417,6916,4055,4411,6679,2530,7616,7040,6861,2380,3609,2729,3767,3187,3220,4328,5969,3771,7191,2884,8156,9417,2248,7093,2854,2726,4830,6530,6234,3771,3189,5451,4798,7118,7099,4129,7539,3263,2215,3363,2843,4820,5609,4461,6690,6884,7916,3774,2118,4800,6966,3788,7364,3433,6411,2726,3328,3108,3696,7084,4268,3328,3804,3612,7206,3504,6215,6665,2829,8585,3904,6540,2482,4898,3936,6346,3909,3592,6188,5508,7436,6533,5903,1712,3024,5359,4514,3015,5702,3494,7029,8767,3894,3765,4843,5451,4555,7108
5959,5794,71,4890,6220,15579,8021,4756,3711,4777,3777,2097,5637,4995,5528,4973,5591,4111,4624,4369,3794,4814,10277,5108,8789,4791,1476,5765,15599,1395,4519,1274,4652,5958,5158,5377,11428,4612,4851,1092,643,964,1132,3777,380,6577,6769,3497,4962,4882,7182,1346,5664,4848,4297,1484,12654,877,4488,4451,4090,3759,91,8633,6359,8378,7731,7318,4142,8633,6179,786,1495,5032,1599,4968,5060,5758,6230,4352,8594,809,7397,0,5478,4602,3216,10614,982,5107,3785,5880,4719,11921,125,3256,860,4359,11705,1684,10137,4790,8149,4874,3522,5717,2004,6760,1064,6882,8362,5441,5174,5423,5568,2475,4168,4776,3930,5524,1118,1935,7386,1154,5383,8089,4620,71,2596,3785,6754,12027,2102,6246,2667,2248,4024,5580,6568,7911,4770,4486,6710,900,6194,3029,7308,7983,4909,5107,5591,7320,1935,11889,5455,3794,11857,5018,7083,1092,3144,5740,5132,4775,4262,4643,4548,6852,10468,4266,10931,5169,1154,6989,6763,3917,4786,4698,4183,1090,5212,4266,4841,3785,4413,2866,10018,4151,793,6182,6558,4901,5819,4417,8465,4516,8219,9218,2249,5174,5645,4415,8438,6179,7908,5958,11011,5283,4423,4777,6221,2833,5478,4423,4491,4298,4142,4594,10615,2297,4543,1126,4590,3196,5388,5816,5270,2947,5243,4992,10729,5104,11977,3288,4603,6053,4388,4044,7433,5668,6329,6802,586,8233,5295,4451,4199,3785,3711,1256
5098,5784,5558,8454,8356,11666,2357,3861,2464,3894,6052,3519,7850,3401,2344,2813,5581,2383,6070,2687,5923,7653,4296,6437,2576,3908,6904,1065,7289,5087,6959,6436,2865,7263,6826,4446,5017,6338,3956,6254,4599,4117,5072,5906,5116,8527,2856,2287,5140,7011,6402,4561,963,6309,6426,5648,5837,6310,6214,6579,6219,7692,5763,2420,1659,2165,3990,3151,1661,2420,2998,4994,3464,2431,4605,4037,5696,7050,7956,5692,2381,5395,6618,5633,0,4780,6174,4097,5222,5098,8184,7177,4897,5708,5760,2996,6292,7289,8505,3433,6078,4968,4112,6921,5818,2548,4323,8162,5735,3016,2149,5431,7124,5413,4636,7903,6297,6502,6119,7250,5086,7364,3083,5081,7512,4052,6346,5558,8025,8184,8156,5814,4952,7972,8096,5121,7589,7306,5636,2246,4948,6615,5931,6333,8330,4203,6462,3626,6185,5098,7541,6474,7364,5244,7405,5923,5007,4561,3045,6254,9255,5730,2851,3915,6391,6771,5652,8988,4256,6395,4414,6837,5081,14673,5984,8819,4964,5790,6311,4746,8800,6395,3923,8184,6542,3146,5958,6280,6222,4126,5627,5671,4888,6545,2252,2336,2554,3005,7677,7124,4344,6544,2209,3291,1695,8094,4798,4351,5759,3894,8357,3351,8317,5759,5478,6427,1661,5016,3402,7725,3682,4438,6718,8265,5378,8029,5448,8071,5421,6942,4516,7233,5764,8798,8168,5121,3528,6555,4701,4737,1627,8127,5245,3876,7244,6579,6355,8184,2464,4471
2472,1445,4889,3214,3927,9339,5472,2478,3362,1846,1630,4477,3234,2508,3445,2994,1243,3548,1746,3122,1501,2521,6823,2099,5341,1832,5453,4367,7753,4760,2537,4226,2808,2938,2864,2718,6891,2319,2573,4370,4118,3847,4411,1484,4318,4188,6626,3448,614,2589,3690,4229,4465,1887,2004,5162,8363,4155,2195,2157,1797,3270,4908,5208,4986,4690,5072,4660,6013,5208,4239,3810,4247,3188,5164,2309,1357,2725,3936,1493,4838,4087,3906,4818,5475,0,1752,7134,4260,759,2754,3477,475,7641,4961,3712,4936,2867,8214,3934,7478,546,7227,2499,1396,3634,5115,3837,4550,7153,4713,1093,2785,1074,2613,3872,1875,2482,1697,3231,4396,4721,4727,5486,3090,7167,2327,4889,3954,2754,3831,7746,4799,3953,3840,6580,2349,3287,3249,5362,526,2193,3219,4976,4190,4340,3746,7061,1894,759,3202,3758,4721,7177,3067,1501,6939,669,6160,4370,4165,1392,2646,1766,1969,1897,1328,4559,6229,1973,7451,2876,5486,6166,3272,4397,438,1451,1889,3561,4156,1973,2158,2754,2120,4177,7359,1858,4869,3523,3240,1249,3161,2123,4604,3268,5230,5793,5219,2785,1296,2122,5818,3548,5420,3954,6672,2624,1435,2145,4216,4143,3185,1435,2197,2004,6013,594,5879,3969,1866,5644,2296,3843,1039,3413,1026,3649,999,2603,6448,2811,7697,3558,2928,2736,2061,2133,4774,3010,4246,3802,4061,7311,2906,2157,1933,2754,3362,4139
3516,2489,4049,2471,3403,10383,5889,2676,3371,2890,790,4630,2422,2925,3861,3411,2019,3556,1518,3130,689,2974,7867,2002,5762,2876,4614,4518,8807,4615,1724,4081,3225,2852,2052,3762,7935,1507,2771,3530,4271,4000,3571,671,4367,3471,7043,3457,1658,1776,4767,4382,4617,1075,1192,3923,9408,3316,1382,1345,984,2457,4068,5906,5320,5111,6116,5704,6069,5906,5283,3963,4400,3605,4037,3354,1954,2652,3124,1246,5259,3247,4443,3978,5484,1298,0,8178,3420,1803,1942,2665,1415,8685,4121,3720,4096,2055,9268,4087,8522,1486,7643,1686,442,4051,6138,3654,4703,8418,5134,2137,2068,2118,3953,3059,1063,1670,857,2418,3556,3909,5771,4646,2277,7583,1514,4049,3142,1942,3649,8790,4654,3140,3027,5740,2204,2475,4293,5778,1466,1381,4263,4137,3377,4493,4203,7477,1804,1803,2485,4214,3909,8105,2350,689,7983,1713,6577,3530,3352,2436,3062,2810,1156,1537,1442,4036,7273,1161,8495,2063,4646,5354,4316,3585,1482,1592,1077,3714,3344,1161,3202,1942,1307,4330,8403,1045,4029,4567,4284,1795,4205,1311,5021,3277,5647,6491,4407,2068,2341,1310,6235,4592,6268,3141,7716,3668,1317,3189,3404,4296,3639,1317,1385,1192,6069,1290,7211,3156,1917,5464,1484,3031,2084,2601,1966,2837,1939,1886,7492,1999,8741,3496,2783,3780,2020,1294,5818,4054,4662,3696,4214,7727,2189,1345,1093,1942,3371,4292
6774,6560,10082,9705,8707,4700,2362,5415,5618,5611,8120,8043,8800,5918,3913,4382,7281,6116,7770,6133,7991,8615,1348,7214,2716,5769,10283,4623,7136,8587,9304,9381,4991,7642,7602,6000,2418,8037,5510,9200,8803,8532,8572,7974,9639,9303,4019,6017,7003,9356,6715,8914,4468,8782,8771,9148,1021,8985,7913,7937,7679,10037,10287,2128,4118,2304,2986,2922,6185,2128,3300,8495,7500,4480,8106,5591,6759,7345,8428,7391,2521,8917,6931,10157,4119,6848,8242,0,8723,6797,9434,8876,6965,3301,9116,6496,10816,9844,8606,7469,3458,7036,5285,9266,7886,4102,8359,8540,9235,4546,2288,7130,7900,7112,4964,15413,8365,7220,8187,7691,8586,14839,3058,9604,9857,4773,8045,10082,15535,9434,8535,3407,8452,8444,15606,9645,8839,7779,5950,2450,7016,8216,6244,8962,8681,8727,6776,5149,7261,6797,8317,6787,14839,2123,8181,7991,2212,6709,3553,9200,17526,6506,4796,5983,7992,7313,7351,9340,3252,7996,275,7613,9604,12509,6297,17258,7032,6853,8379,8246,10499,7996,5477,9434,8869,7183,3728,8348,9220,5681,5940,7489,5215,8891,2391,5836,2283,2213,15187,7900,6296,8871,2525,3723,3624,8445,3027,5905,7459,5661,8708,7216,9280,7459,7977,7784,6185,7084,1702,15235,5750,8962,8076,17252,7077,9024,7516,10417,7489,7718,3286,9579,3357,10048,9418,5435,6464,8623,3648,6291,2955,8506,8746,5013,8021,7937,8423,9434,5618,8824
5418,5253,1070,4348,5679,17410,9853,4215,3246,4236,3236,4158,4987,4454,5062,4507,5050,3645,4083,3828,3253,4273,12108,4567,10621,4250,1634,4993,10653,414,4289,732,4186,5417,4617,4836,13259,4071,4310,551,1487,1808,151,3236,1388,6002,8600,3032,4421,4341,6640,2190,5092,4307,3756,502,14486,336,3947,3910,3549,3917,1089,10464,5795,6312,7190,6777,5974,10464,5713,1630,2339,4566,617,4427,4519,5217,5689,3811,10426,173,6856,999,5260,4061,2675,12445,0,4566,4078,5230,4178,9758,1142,2790,842,4518,11164,3362,9596,4249,9981,4251,2981,5252,2063,6219,795,8713,10193,4900,4599,4882,5027,2633,3627,4234,3389,4983,136,2094,6845,1666,4842,9921,4079,1070,2754,4078,6213,9864,503,5705,2826,2761,3483,5039,6200,9742,4229,3945,6169,729,5653,3768,6767,9371,4368,4566,5017,6779,2094,13720,4881,3253,9056,4477,8914,551,3303,5199,4591,4234,3721,4102,4007,6311,8347,3725,12762,4628,1666,7148,6222,4075,4245,4157,3641,1934,5370,3725,4300,4078,3872,3605,9477,3610,1050,5641,6190,4360,5278,3875,6222,3975,10856,11049,2407,4599,5104,3874,10269,5335,9739,5417,8789,4742,3882,4236,5680,3572,4937,3882,3950,3757,5974,4053,12447,2455,4002,2485,4049,3355,4847,5165,4729,3106,4702,4417,8566,4563,9814,3447,4062,5512,3847,3858,6891,5127,5864,6261,1430,9620,4720,3910,3658,4078,3246,2100
2773,1304,5010,3424,3377,9604,6180,3544,3260,2554,2017,5010,3206,3217,4153,3702,1184,3446,1212,3020,2039,1986,7088,1621,6981,2541,5574,5075,8222,4795,2678,4673,3517,2405,2026,2984,7156,1480,3639,4491,5428,4380,4532,2022,5328,3710,7334,3346,992,2730,3991,4762,5173,2028,2145,4883,8629,4276,1356,1380,1122,3411,5029,6824,5695,6091,5338,4925,5912,6824,5104,4343,4658,3896,4998,3249,1586,2192,3098,960,6239,4208,3857,4939,5373,878,1841,7399,4381,0,2895,3240,830,7906,5082,3610,5057,3008,8682,4467,7744,651,7935,2640,1929,4342,6817,3304,5176,7861,6114,1218,2307,1232,2914,4013,1785,1644,2170,2392,4517,4862,4993,5607,3231,7875,1488,5010,4096,2895,3298,8012,5332,3114,3981,6701,2882,2448,3550,6070,628,1658,3519,5097,3351,4873,3617,7948,1777,0,2724,3628,4862,7327,2588,2039,7204,1048,6869,4491,4306,1250,3354,1529,1434,1781,794,4009,6494,1438,7717,2037,5607,5951,3572,4538,649,1566,2030,4094,3942,1438,2866,2895,2261,4710,7624,1768,4990,3788,3540,978,3423,2264,6212,3166,7216,7409,5361,2307,2005,2263,6526,4313,6129,3115,6937,3219,901,2854,3378,4676,2651,901,1420,1227,5912,1127,6432,4110,1852,6425,1519,3984,1340,3431,1564,3791,1537,2125,6713,2952,7962,4450,3387,3036,1954,2804,5039,3508,4954,3269,5370,8019,2428,1380,2419,2895,3260,4672
4746,3753,3578,599,3532,19919,9356,4684,5456,4053,1409,6116,1828,4715,7273,6718,3157,5856,2352,6256,1707,2126,9029,3020,9965,4039,4142,7204,9826,2751,1130,2217,6397,3918,2628,4925,9097,2525,4779,2422,4136,4457,3654,1690,3896,2966,11433,5242,2922,1381,5786,4839,7302,1273,892,3152,10570,3642,2401,2363,2003,1863,3597,9808,8006,8523,7279,6866,8482,9808,7924,4280,5886,6777,3188,4516,2973,3718,3684,2265,8671,3978,5462,3507,7470,2562,1531,9340,3805,3067,0,2071,2699,9847,3650,5001,3625,1460,10287,5573,9685,2770,12489,1092,2147,7462,4274,4215,4125,11222,8546,3191,2453,3205,5115,1916,1896,2688,1142,3437,3669,2940,6934,4175,1883,12429,2533,3578,1999,0,4209,9953,2790,3700,1884,5269,1328,3141,5574,9245,2750,1826,5544,3665,3506,5978,5221,12174,2822,3067,2817,5233,2940,9268,2681,1707,9145,3457,11423,2422,1817,3700,4852,3972,1990,2310,2461,4165,8435,1978,9658,2675,4175,4759,5597,2990,2746,2611,1391,5227,2749,1978,4364,0,1211,5816,9565,1879,3558,5729,5565,2813,5367,1137,8433,6403,10200,10393,3439,2453,3503,1214,9597,5754,8953,3270,8878,4830,2336,4352,3533,5782,2791,2336,2403,2211,8482,2579,8373,2188,3181,4993,2502,2062,3313,2007,3230,1869,3266,2271,8654,1604,9903,1360,729,5061,3284,550,6980,5216,8074,4256,4079,12424,2574,2363,1030,0,5456,4749
3757,3611,5645,2709,2786,10589,7690,4528,5579,4063,2652,6839,766,4726,5662,5211,2168,5765,2184,5339,3015,1101,8072,1921,7965,4050,4961,6584,9064,5173,1732,4639,4944,3005,1659,3968,8141,1656,4624,4844,6062,6209,5166,2998,5963,1270,8811,5665,3219,2014,4975,6591,6682,2209,2199,5574,9613,4911,2344,2374,2117,2465,5664,7809,7204,7075,6322,5909,10804,7809,6088,6171,6487,5324,5610,4233,2103,2805,2771,2208,7224,4843,4699,5574,7692,3105,2475,8384,5016,3073,2179,0,3057,8890,5717,5929,5692,2090,9524,6296,8728,2878,9444,1694,3459,5851,6696,3301,6547,13543,7099,2203,1104,2217,3898,3297,2340,1930,2578,2669,5152,4146,5977,6241,2515,9384,1766,5645,3380,2179,3295,8996,5212,2787,3265,7336,2636,2228,4534,7579,2855,1902,4503,5732,2760,6701,4459,9457,1793,3073,1119,4471,4146,8311,983,3015,8188,3468,8378,4844,3590,3557,4863,3983,2081,1796,2404,3418,7479,2053,8701,1706,6241,4336,4557,3593,2876,1843,2328,5923,2326,2053,4375,2179,1448,6539,8609,2323,5625,4773,4524,2824,4205,1565,7197,5485,8200,8472,4645,1104,3514,1468,8035,5298,7638,2524,7921,4203,2280,4363,2110,6505,1766,2280,2414,2221,10804,3498,7416,3394,4083,7060,2513,3337,2324,990,3457,3075,3277,1145,7698,2236,8946,3734,2671,4021,4279,1858,6024,4492,6463,3343,6005,9528,1052,2374,2338,2179,5579,6501
2531,1504,4814,3139,3908,9397,5531,2536,3420,1904,1555,4402,3159,2567,3503,3052,1301,3606,1671,3180,1426,2446,6881,2157,5399,1891,5378,4425,7811,4685,2462,4151,2867,2863,2789,2777,6949,2244,2631,4295,4043,3772,4335,1409,4243,4247,6684,3507,672,2514,3748,4154,4523,1812,1929,5087,8422,4080,2120,2082,1722,3195,4833,5267,5045,4748,5131,4718,6072,5267,4297,3735,4172,3247,5222,2368,1415,2650,3629,1418,4896,4012,3964,4743,5534,312,1677,7192,4185,817,2679,3402,0,7699,4886,3770,4861,2792,8272,3859,7537,471,7285,2424,1321,3692,5040,3762,4475,7211,4771,1151,2844,1132,2672,3797,1800,2407,1622,3156,4321,4646,4786,5410,3015,7225,2252,4814,3879,2679,3756,7805,4724,3645,3765,6505,2274,2979,3308,5420,451,2118,3277,4901,3882,4265,3804,7119,1952,817,3261,3816,4646,7235,3125,1426,6997,728,6219,4295,4090,1450,2704,1824,1894,1956,1253,4540,6287,1898,7510,2801,5410,6091,3330,4322,496,1510,1814,3486,4081,1898,2216,2679,2045,4102,7417,1783,4794,3581,3298,1174,3219,2048,4662,3326,5288,5852,5144,2844,1355,2047,5876,3606,5479,3646,6730,2682,1360,2204,3909,4068,3110,1360,2122,1929,6072,519,5938,3894,1924,5569,2221,3768,1098,3338,951,3574,989,2661,6506,2736,7755,3483,2853,2794,2120,2058,4832,3068,4304,3727,3986,7369,2964,2082,1858,2679,3420,4064
8115,7213,10531,10923,9360,2945,5155,6633,6836,6829,9338,14979,9453,6312,5204,5673,8499,7334,8353,7351,9209,9268,4239,7867,5132,6987,11501,6870,4679,9805,9859,10599,5949,8295,8501,6256,2229,8099,6728,10418,10021,9750,9790,9192,10221,9956,7226,7235,7558,9911,6180,10132,6769,9337,9326,10366,4808,10203,7975,8544,8286,10592,10550,4976,6746,4699,3178,3892,13121,4976,4869,9713,10001,5770,9324,6458,7411,7998,9081,8609,4937,10113,6365,10459,6535,8066,9460,3792,9941,8015,10652,9948,8183,0,10334,7714,10293,10398,5896,9810,877,8254,10197,9821,9104,5320,10547,10875,10453,12552,4705,8348,8553,8330,5617,21164,9583,7873,9405,8344,9804,20589,3960,16540,10412,9684,8107,10531,21285,10652,11005,548,9670,9097,11162,16581,10057,8432,6603,5243,8234,8770,6897,10180,9334,10215,7429,10061,7914,8015,8970,7440,20589,1818,8834,9209,1580,7264,6760,10418,11487,7159,6014,6739,8250,7966,8569,9993,2129,8550,3518,8266,16540,20657,6950,23008,7587,7506,9597,9464,11013,8550,6695,10652,9828,9599,1147,9566,10438,6395,6593,8142,5868,9445,4808,7054,5075,5005,20938,8553,7514,9830,5318,4744,6041,9098,1682,6428,8677,5949,9361,10019,9933,8677,8584,8391,13121,8302,3570,20986,6968,15898,8683,11165,8295,9677,8734,10971,8707,8371,2832,10133,226,11266,10636,6088,7682,9841,3534,6547,5213,10872,9964,9804,8674,8544,9641,10652,6836,10042
6082,5917,195,5012,6350,15515,7957,4879,4350,4900,3900,2237,5760,5117,6167,5612,5714,4750,4747,4492,3917,6203,10213,5230,8725,4914,1598,5701,15535,1518,4642,1396,5291,6081,5280,5500,11363,4735,4974,1214,784,1105,1255,3900,255,6700,6705,4136,5085,5005,7457,1487,5599,4970,4420,1607,12590,1000,4611,4574,4213,3882,214,8569,6295,8314,7854,7441,4078,8569,6818,927,1636,5671,1722,5091,5183,5881,6353,4475,8530,932,7672,123,5413,4725,3339,10549,1105,5230,3908,6003,4842,11857,0,3895,983,4482,11815,1825,10260,4913,8085,4997,3645,6356,2145,6883,1204,6818,8297,5564,5297,5545,5691,2597,4291,4898,4053,5647,1241,2058,7509,1276,5506,8025,4743,195,2719,3908,6877,11963,2225,6369,2790,2274,4147,5703,6691,7846,4893,4609,6985,1023,6324,3169,7431,7919,5032,5230,5714,7443,2058,11825,5578,3917,11793,5141,7019,1214,3267,5863,5255,4898,4385,4765,4671,6982,10404,4389,10867,5292,1276,7112,7038,4040,4909,4821,4305,1230,5334,4389,4964,3908,4536,3007,10140,4274,916,6304,6681,5023,5942,4539,8400,4639,8154,9154,2371,5297,5768,4538,8374,6302,7843,6088,10946,5405,4546,4900,6351,2973,6867,4546,4613,4421,4078,4717,10551,2419,4666,1062,4712,3319,5511,5939,5393,3070,5366,5115,10664,5227,11913,3411,4726,6176,4511,4167,7555,5791,7775,6925,726,8169,5417,4574,4322,3908,4350,1397
3391,4097,3814,5976,6527,13962,5120,2165,1688,2186,4344,3156,6336,2403,3339,2497,3873,1177,4363,1307,4215,5332,7319,4751,5599,2200,4378,2952,8676,2609,5251,3477,2176,5535,5139,2786,6958,4630,2260,3295,2825,2553,2594,4198,3025,6840,5152,1078,3508,5303,4613,2935,3050,5934,4718,3169,8859,3080,4506,4530,4272,6662,3354,5442,3764,5187,5140,4727,3655,5442,3990,2516,2926,2556,2127,2377,3988,5238,6248,4110,5404,2917,4829,3263,3105,3072,5435,7119,2744,3390,5705,5469,3189,7708,3138,0,3096,5581,9137,2613,7546,3260,6875,5213,5767,3529,3350,6778,3256,5265,5171,3723,5437,3705,2976,5377,4589,4794,5580,5542,2608,4838,4795,4411,5804,6815,4638,3814,5499,5705,6772,7814,2473,6264,5570,5006,5110,5598,4172,5009,3240,4808,4142,2983,6501,3018,4669,6709,4880,3390,5854,4680,4838,7244,5718,4215,7006,2853,5808,3295,6777,4043,1959,2207,4584,4931,3944,7159,6296,4588,7437,5150,4411,9101,4195,6819,3256,4082,6052,2267,7092,4588,2250,5705,4834,2856,7426,4572,3242,3590,4163,3963,3228,4837,5274,898,5834,6028,5151,5437,2889,4836,5231,3588,4717,6265,6739,2691,4051,2186,6528,2822,5996,4051,4570,4377,3655,3308,6424,5199,1974,4323,4669,6099,3670,6561,3740,6829,3713,5255,6515,5525,7764,6320,5689,3462,1820,6039,4841,3077,4141,6820,2767,6958,5558,4530,4647,5705,1688,2846
5533,5367,1184,4463,5801,17525,9967,4330,3451,4351,3351,4273,5101,4568,5268,4713,5165,3851,4198,3943,3368,5653,12223,4681,10735,4365,1749,5199,10767,619,4403,847,4392,5532,4731,4951,13374,4186,4425,665,1602,1923,356,3351,1503,6151,8715,3237,4536,4455,6907,2305,5297,4421,3871,708,14600,451,4061,4024,3664,4032,1204,10579,6001,6518,7305,6892,6088,10579,5919,1745,2454,4772,823,4542,4633,5331,5803,3926,10540,287,7123,1113,7424,4176,2789,12560,206,4681,4193,5344,4293,9873,1256,2996,0,4632,11266,3568,9711,4364,10095,4366,3095,5458,2269,6334,568,8828,6541,5015,4748,4996,5141,2748,3742,4349,3504,5098,342,2208,6960,1781,4957,10035,4194,1184,2869,4193,6328,9979,709,5820,2941,2876,3598,5154,6142,9857,4344,4060,6436,300,5775,3973,6882,9485,4483,4681,5165,6893,2208,9294,5029,3368,9171,4591,9029,665,3417,5314,4705,4349,3836,4216,4122,6433,8461,3840,12877,4743,1781,7262,6489,4190,4360,4271,3756,2048,5485,3840,4415,4193,3987,3811,9591,3725,558,5755,6132,4474,5393,3990,6428,3820,10156,11164,2522,4748,5219,3989,10384,5540,9853,5539,8904,4856,3997,4351,5801,3777,6318,3997,4064,3871,6088,4168,12561,2570,4116,2599,4163,3469,4962,5280,4844,3220,4817,4565,8680,4678,9929,3562,4177,5627,3962,4527,7006,5242,6069,6375,1545,9735,4868,4024,3772,4193,3451,2215
5114,4868,4386,2059,4096,12147,7883,4670,7172,4654,2139,7832,1723,4919,5855,5405,3525,7572,2695,5124,2309,2694,9631,3067,7756,4640,3619,6512,10321,4466,134,3932,5137,4262,2971,5526,9699,3012,4765,4137,5852,5994,5370,2292,4704,2862,12962,6958,3652,1307,6281,6555,6611,1874,1264,4868,11171,4664,3002,2965,2604,819,4405,7623,7314,7105,7880,7468,10336,7623,7047,5995,7480,5517,4904,5117,3460,4061,4028,2866,7253,4596,5956,4315,9711,3292,2261,9942,4769,3797,1473,1966,3408,10449,4458,6716,4483,0,10781,7289,10286,3479,14343,960,2672,6045,5990,4558,5840,13076,7128,3559,2697,3573,5717,1963,2240,3290,1871,3926,5384,2804,7535,5890,1808,14283,3135,4386,2045,1473,4552,10554,4505,4044,1931,6985,1929,3484,6069,7772,3459,2170,6039,4523,4070,7694,5716,14356,2766,3797,2712,5727,2804,9869,2576,2309,9747,3707,13276,4137,2255,4814,5056,4574,2333,2653,3062,4729,9037,2338,10259,3018,5890,4274,6092,1863,3476,3212,1993,5708,2265,2338,4966,1473,1145,7531,10167,2222,4416,6331,6059,3415,5969,1070,7015,5271,8015,8286,3303,2697,4104,1147,8229,6356,11323,3834,9480,5432,2938,4953,4067,7498,3358,2938,3005,2812,10336,3284,8975,2062,3911,6709,3104,1691,3681,1902,3960,1733,3933,2614,9256,1530,10431,2400,1965,5556,4014,1152,7582,5818,6656,4600,5795,13983,2645,2965,1631,1473,7172,6465
7426,7326,11897,10929,8588,7954,7637,7389,7797,7701,9270,15438,9565,7435,6673,7142,7578,8296,8466,8313,9363,8495,7166,7980,7059,7688,12461,8339,2552,11209,10125,11560,6909,7522,7729,6796,5723,8212,7484,11378,11425,11153,11194,9346,11624,9719,9152,8196,7717,10177,4745,11535,8238,9604,9593,11769,8707,11163,8088,8657,8399,10858,11916,6902,8461,6626,5347,5823,13580,6902,7411,11116,11404,7239,10727,7094,7524,7225,8558,8152,6864,11095,4930,11826,8462,8069,9094,7477,11344,7558,10343,10061,8277,5695,11738,8675,11944,10665,0,11213,5010,8105,9753,10087,9263,6789,11950,8017,11664,13011,6631,7428,8666,7409,6489,11460,9038,7650,9424,7571,11208,12310,5890,12494,10678,9693,8220,11897,11543,10343,8147,5381,11073,8532,11429,17040,10216,7659,5400,7725,8082,8883,5409,11583,8561,11618,5358,9766,8027,7558,9083,5370,12310,5803,8947,9363,5565,7423,8686,11378,11753,7272,6976,7631,8363,8079,8113,9220,5061,8663,7501,7776,12494,17751,5629,11986,7746,7619,9722,10867,11126,8663,7527,10343,9691,11456,4891,9021,11877,7284,5409,8255,6988,9712,6734,8016,7294,7487,12808,8666,7010,9693,7569,6213,7967,8325,5504,7064,8220,7072,8588,11422,9160,8220,8697,8504,13580,8396,6052,11557,7732,16357,8796,11432,7374,9790,8888,11238,8708,8484,5979,10400,5678,11426,10795,5990,7917,10251,5034,7353,7755,8014,11367,9837,8787,8657,9795,10343,7797,11445
6465,6212,1717,7554,8014,15324,7767,5262,4075,5283,6592,571,7843,5500,4999,5337,5820,3270,5849,4298,6164,7431,10022,6257,5946,5297,3002,3719,15344,4210,6045,4088,5016,7463,6662,5883,11173,6117,5357,3906,1324,843,3947,6146,1406,8347,6514,3861,5380,6747,7840,1286,3618,7513,6851,4299,12400,3692,5992,6016,5759,5285,1736,5789,4314,5534,7359,7824,3888,5789,5653,898,189,5396,3706,5474,6222,6828,7734,5596,5751,3624,8055,1645,3451,5023,6031,10359,3797,5525,7284,6956,4817,9077,1519,3620,3675,5885,16815,0,9515,4888,7895,6400,6337,5203,2070,8265,1638,6627,5518,5855,6944,5869,6074,4001,6538,6280,7159,7029,3933,3461,6452,2463,7248,7835,6125,1717,4122,7284,8259,9183,4052,7751,4194,2504,6689,7085,7074,7656,4868,6295,7368,3715,7987,516,7900,7908,6366,5525,7361,7911,3461,11634,7225,6164,8376,5436,6828,3906,4670,6158,5002,5281,6071,6451,5431,8646,7625,6075,10676,6674,2463,12405,7421,5443,5304,6202,7631,927,10440,6075,5347,7284,6949,1132,9396,6520,2319,6687,7064,5591,6325,6970,5621,4444,7955,6374,3775,6944,6293,6951,8183,6164,5064,7751,8167,5788,5538,5283,8014,1098,8096,5538,6056,5864,3888,4697,10361,3823,5049,1821,6155,4722,5976,8067,5688,4473,5661,6761,7885,6970,9134,4815,7268,6559,4894,7618,7938,6174,4996,8306,1149,7978,7064,6016,6595,7284,4075,1196
7973,7194,10512,10903,9341,2998,5135,6613,6817,6810,9318,10497,9433,6355,5185,5654,8479,7315,8334,7332,9190,9249,4220,7847,5093,6967,11983,6851,4363,9786,10225,11081,5929,8275,8482,6237,2210,8080,6709,10899,10002,9731,9771,9173,10202,9937,7186,7215,8202,10277,6161,10113,6749,9576,9693,10347,5452,10685,7956,8525,8267,10958,10531,4937,6495,4660,3158,3873,8639,4937,4850,9693,9981,5751,9304,6789,7392,7978,9062,8590,4898,10094,6346,10440,6496,8047,9441,3773,9921,7995,10633,9929,8163,720,10315,7695,10274,10556,5580,9790,0,8234,10115,10187,9084,5301,10527,10559,10241,12471,4665,8329,8534,8311,5597,11561,9564,7854,9385,8324,9785,20508,3940,12058,10778,9603,8088,10512,11643,10633,10689,406,9651,9078,11529,12099,10038,8412,6583,5224,8214,8751,6878,10161,9315,10196,7409,10128,7895,7995,8951,7421,20508,1799,8815,9190,1561,7828,6720,10899,11853,7140,5995,7181,8231,7947,8550,14267,2110,8531,3499,8247,12058,20341,6931,12086,8231,7486,9578,9445,10994,8531,6676,10633,9809,10033,639,9547,10419,6376,6574,8123,5849,9812,4768,7035,5056,4986,20856,8534,7495,9811,5299,4725,6001,9079,1662,6409,8657,5992,9342,9999,9914,8657,8565,8372,8639,8282,3551,11658,6949,11416,8664,11532,8276,9658,8715,11338,8688,8352,2813,10500,702,11247,10617,6068,8172,9822,3375,6528,5193,10556,9944,9723,8654,8525,9622,10633,6817,10023
2602,1575,4986,3312,3716,9469,5602,2607,3492,1976,1727,4574,3545,2638,3574,3124,1373,3678,1551,3252,1598,3624,6953,1959,5332,1962,5550,4496,7883,4857,2634,4323,2938,2743,2364,2848,7021,1819,2703,4467,4215,3944,4508,1581,4415,4049,6756,3578,744,2686,3820,4326,4595,1984,2101,5259,8493,4253,1695,1719,1461,3367,5005,5200,5116,4681,5202,4789,6143,5200,4369,3907,4222,3318,5295,2439,1487,2530,3437,1298,4829,4184,4036,4915,6130,224,1849,7264,4357,889,2851,3574,353,7770,5058,3842,5033,2964,8344,4031,7608,0,7357,2596,1493,3764,5212,3642,4647,9063,4704,1222,2646,1204,3039,3969,1972,1982,1794,2731,4493,4818,4857,5583,3187,7274,1827,4986,4052,2851,3637,7876,4896,3453,3937,6677,2446,2787,3379,5491,317,1997,3349,5073,3690,4437,3956,7370,2116,889,3063,3967,4818,7191,2927,1598,7069,799,6290,4467,4262,1521,2776,1280,1773,2154,1133,4348,6359,1777,7581,2376,5583,6290,3402,4494,568,1581,1986,3658,4281,1777,2287,2851,2217,4274,7489,1955,4966,3653,3370,1040,3291,2220,4734,3398,5360,5785,5317,2646,1426,2219,5948,3677,5550,3454,6801,2754,1240,2275,3717,4240,4288,1240,1759,1566,6143,691,6296,4066,1996,5741,1858,3940,1169,3770,1123,3746,1096,2464,6578,2908,7827,3655,3025,2866,1896,2230,4904,3140,4376,3608,4158,7440,2766,1719,2030,2851,3492,4236
6388,7097,7513,11866,9548,8781,1915,5029,5138,5225,7734,5474,9337,5532,3528,3997,6895,5056,7384,5360,7605,8966,3989,7751,3370,5383,8859,4028,12255,9249,8641,8660,4605,8496,8139,5614,5140,7652,5124,8478,7106,6176,8519,7588,7070,9840,1187,4960,6617,8693,7570,6851,3926,7991,8108,8871,4970,8264,7527,7551,7293,9374,7718,3214,3970,2959,4783,3944,3616,3214,4166,7286,5522,4094,8017,5205,7009,8199,9269,7005,3175,8196,7786,7588,3123,6462,7856,5442,8369,6411,11595,8490,6579,6502,7714,5669,8247,9458,13726,5491,6940,6650,0,8603,7500,3716,6382,9395,7568,1714,2943,6745,8437,6726,5804,9858,7979,7815,7801,8563,8505,9319,3876,7035,9194,685,7660,7513,9979,11595,9390,6608,9489,9285,10051,7076,11001,8620,6805,1804,6630,7830,7099,8287,9522,6158,7630,367,7498,6411,8854,7642,9319,5601,8719,7605,5800,6323,725,8478,10528,7044,4411,5597,7606,7986,6966,10181,5149,7610,5482,8151,7035,17283,7152,15472,6646,7103,7993,7037,15882,7610,5091,11595,8224,5205,6821,7962,8545,5295,6795,8001,6056,8227,2758,5009,2103,3799,9632,8437,5910,8226,2331,4460,3477,9286,5592,5519,7073,5275,9549,5410,9631,7073,7591,7398,3616,6698,4328,9680,5364,6393,7690,15466,6691,9561,7130,15217,7103,8255,5310,8915,6558,10672,11580,6290,6201,8238,5495,5905,2758,9361,7127,755,8558,7551,8037,11595,5138,6761
4438,4192,5295,1956,3421,11435,7568,4701,6814,3942,2036,7473,1048,4605,5541,5090,2849,7213,2020,5218,2206,2018,8919,2330,7441,3929,4151,6463,9645,4108,838,3574,4823,3586,2295,4815,8987,2336,4796,3779,5494,5891,4817,2189,5613,2186,8722,6600,3549,1205,5605,6273,6561,1192,837,4510,10460,4562,2269,2253,1996,1572,5314,7309,7083,6790,7168,6756,10199,7309,6335,5854,7121,5203,4545,4406,2784,3386,3352,2133,6939,4493,5280,5224,9352,3189,2158,9230,4666,2998,1370,1291,2936,9737,5367,6358,5342,973,10105,6930,9574,2756,9323,0,3141,5730,5631,3882,5482,12939,6814,2883,2021,2897,5005,2488,1564,2367,1769,3250,4802,3337,6823,5892,1706,9263,2401,5295,2570,1370,3876,9843,4147,3368,2456,6986,1826,2809,5393,7458,2734,1494,5363,5382,3394,7336,5040,9336,2090,2998,2036,5052,3337,9157,1900,2206,9035,3347,8257,3779,2781,4138,4742,3732,1658,1977,2329,4053,8325,1662,9547,2343,5892,3968,5416,2699,2755,2479,1283,5605,1958,1662,4254,1370,728,7173,9455,1547,5275,5619,5384,2703,5257,770,6700,5168,7757,7972,3835,2021,3393,674,7914,5644,7517,3158,8768,4720,2204,4242,3391,7140,2683,2204,2293,2100,10199,3181,8263,2585,3808,6710,2392,2443,3005,1226,3336,2265,3156,1939,8544,1427,9793,2925,1862,4880,3911,1049,6870,5106,6342,3924,5436,9407,1969,2253,1529,1370,6814,6183
3312,2285,4429,2865,3501,10179,5685,2471,3166,2686,1169,4426,2801,2721,3657,3206,2082,3352,1898,2926,1068,3354,7662,2381,5553,2672,4993,4314,8593,4410,2104,3876,3021,3232,2431,3558,7731,1886,2567,4081,4067,3796,3950,1051,4267,3851,6838,3252,1453,2156,4530,4178,4412,1454,1571,4812,9203,3695,1762,1724,1364,2837,4448,5701,5116,4902,5912,5499,7659,5701,4307,3758,4074,3400,4848,3149,2197,3031,3503,1626,5050,3627,4745,4357,5804,1093,439,7974,3799,1599,2594,3044,1210,8480,4380,3516,4475,2434,9053,3883,8318,1281,7439,2066,0,3846,5934,4034,4499,8738,4925,1932,2448,1914,3749,3439,1442,2049,1236,2798,3936,4288,5567,5025,2657,7379,1894,4429,3521,2594,4028,8586,4449,3520,3407,6276,1999,2854,4089,5574,1261,1760,4058,4516,3475,4288,4642,7452,2029,1599,2865,4654,4288,7901,2729,1068,7778,1509,6373,4081,3666,2231,2858,1990,1536,1916,1820,4133,7069,1540,8291,2443,5025,5733,4112,3964,1278,1971,1456,3510,3723,1540,2280,2594,1687,4126,8198,1425,4408,4363,4079,2174,4000,1690,4816,3072,5442,6287,4786,2448,2136,1689,6030,4387,6063,3239,7511,3463,1697,2985,3502,4092,4018,1697,1764,1571,7659,1086,7006,3536,1713,5593,1863,3410,1879,2980,1762,3216,1735,2265,7288,2378,8536,3208,2578,3576,1816,1673,5613,3849,4458,4075,4010,7523,2568,1724,1472,2594,3166,4088
2736,3445,5681,5666,5896,7459,2568,1376,1580,1573,4081,5540,5684,1880,541,1139,3242,2078,3731,2095,3953,5314,3835,4098,2244,1587,6245,2207,6238,4992,5266,5343,953,4844,4545,1961,4556,3999,1472,5161,5208,4937,4977,3936,5408,6188,3722,1978,2965,5318,3918,5319,2105,4744,4733,5553,5376,4947,3875,3899,3641,5999,5700,2585,2082,1593,3192,1939,3542,2585,972,4900,5188,1333,4511,1552,3357,4547,5617,3479,1741,4879,4133,5609,2676,2810,4359,4262,5051,2758,5396,4838,2926,5760,5521,2458,5480,5806,6699,4997,5188,2997,4323,5228,3847,0,5734,6147,5640,4249,1616,3092,4785,3074,2152,7244,4327,4163,4148,4911,4991,6704,1871,6277,5819,4263,4007,5681,7365,5396,6141,5866,4857,5633,7437,7389,4801,4967,3477,2458,2977,4177,3446,5367,5870,5402,3978,4157,4248,2758,5202,3990,6704,5181,5066,3953,5058,2670,3256,5161,6894,3391,758,1944,3953,4300,3313,6528,3894,3957,4579,4556,6277,8470,3500,7126,2994,3451,4341,4651,6461,3957,1439,5396,4831,5239,5068,4310,5660,1642,3467,4349,2404,4852,1700,1798,2757,3170,7018,4785,2258,4833,2914,809,2516,5634,4337,1867,3420,1622,5897,5206,5978,3420,3939,3746,3542,3045,2941,7066,1712,6707,4038,6535,3039,5909,3478,6379,3451,4603,4567,5540,5816,6010,5380,2637,2426,4585,2264,2253,1342,6189,5151,4407,4905,3899,4385,5396,1580,5229
4502,5208,3429,5591,7809,15710,6141,3299,2112,3320,6268,2772,6933,3537,3929,3373,4985,2511,5474,2334,5326,6403,8340,5862,6620,3334,3994,3860,9736,2224,6234,3092,3053,6636,6904,3920,8092,5741,3394,2910,2440,2169,2209,5309,2640,8133,6498,1898,4543,6486,5724,2551,3958,5549,5996,2785,9881,2696,5617,5983,5622,6277,2969,6464,4661,5174,6274,5861,6005,6464,4579,2131,2419,3432,1743,3511,5099,6423,7961,5095,6425,2532,5940,2878,4126,4183,5034,8141,2360,4501,5321,7176,4300,8842,2753,1656,2712,6565,9903,2229,8680,4371,7896,6196,5383,4118,0,8491,2679,6286,6193,4834,6730,4816,4110,4993,6173,5905,5195,6653,2223,4453,5452,4026,6987,7814,5749,3429,5114,5321,8485,8948,2089,7977,5186,4621,4726,7418,5283,6031,4351,6103,5253,2599,7783,2634,5937,7909,6699,4501,7147,5948,4453,8263,7011,5326,8140,3964,6830,2910,6393,5154,3039,3318,6266,6586,5055,8441,7430,6255,8458,6952,4026,9507,5306,6435,4367,5193,5668,1883,7854,6255,3384,5321,6231,2471,8560,6156,2857,4724,5274,5074,4362,6241,5088,2481,6855,7049,4767,6730,4000,6233,6487,4201,5738,7547,7873,3825,5162,3320,7810,2438,7068,5162,4882,5830,6005,4419,7445,4815,3085,3938,6122,5714,4781,7111,4851,5465,4824,6547,7649,6708,8898,5935,5305,4596,2931,5655,5975,4211,4730,8533,2383,7980,6850,5983,6134,5321,2112,2461
4252,3159,6964,4854,2012,16697,8727,5023,6053,4577,3971,7427,3514,5239,6175,5725,2663,6239,3058,5813,4446,2421,8567,2270,8460,4563,7049,7097,7790,7006,4051,6627,5458,1758,1680,4463,10720,3233,5118,6445,7068,6797,6486,4429,7283,3645,9357,6140,3733,4103,4590,7179,7196,3529,3518,6838,10108,6231,3170,3249,2991,4784,6983,8088,7717,7570,6817,6404,10661,8088,6583,6760,7075,5837,7444,4728,2607,1442,538,3083,7718,6162,4185,6893,8691,3618,3795,8878,6335,3853,4268,4010,3570,10692,7036,6403,7011,4381,7542,6884,10007,3391,9958,4013,4345,6988,8529,0,7500,9884,7593,2697,2615,2711,4286,5386,3862,2062,4124,1696,6472,6235,6472,7561,4604,9898,3303,6964,5469,4268,127,10379,7045,512,5354,8656,4954,1381,4624,8092,3368,3221,4329,7052,1866,7289,4007,9971,2667,3853,2668,4018,6235,10800,2896,4446,10562,3982,8891,6445,5679,3105,5376,4457,2955,2671,3130,2645,10058,3255,9196,1773,7561,7084,4383,5911,3390,2701,3647,6511,5074,3255,4888,4268,3616,7127,9888,3845,6944,5267,4634,3338,4593,3637,7691,5959,8480,8751,6734,2615,4027,3618,8755,5792,8151,1943,10421,4698,3238,4876,2514,7093,3085,3238,3289,3096,10661,3867,7911,5483,4557,8379,3388,5357,2819,3738,3971,5163,3791,2432,8192,4325,10675,5823,4760,3847,4792,4177,7040,4987,6977,38,7011,10041,2735,3249,4656,4268,6053,7089
5872,6058,909,5153,6491,17309,9751,4670,3482,4690,4041,2040,5586,4908,5299,4744,5508,3882,4888,3705,4058,6344,12007,5259,9702,4704,1739,5230,11107,1091,4783,1537,4423,6222,5421,5290,13157,4876,4765,1355,586,907,828,4041,1227,6841,8499,3268,5226,5146,7247,1289,5328,5111,4561,1180,14384,1141,4752,4714,4354,4023,928,9545,6032,9290,7644,7231,5872,9545,5950,729,1438,4803,1295,4881,5324,6021,6493,4616,9507,1073,7462,837,7207,4866,3479,12343,678,5371,4049,5829,4983,10212,980,3027,583,4623,11770,1627,10050,5054,9879,5138,3785,5489,1947,7024,0,8612,9274,5705,5438,5686,5481,2738,4432,5039,4194,5788,814,2199,7299,1565,5647,9797,4884,909,2860,4049,7018,10318,1181,6510,2931,2659,4288,5844,6481,9640,5034,4750,6776,564,6465,2972,7572,9892,5019,5371,5855,7584,2199,13619,5719,4058,9511,5281,8813,1355,3408,6004,5045,4688,4526,4906,4812,7123,8801,4530,12661,5433,1565,7253,6829,4180,5050,4961,4446,1032,5475,4530,4755,4049,4677,2809,9931,4415,490,6095,6472,5164,5733,4680,9377,3851,9937,10130,2512,5438,5854,4679,10168,5571,8820,6229,9244,5196,4687,4690,6492,2775,7008,4687,4754,4562,5872,4858,12345,2560,4456,2034,4853,3460,5652,5765,5534,3211,5507,5256,9020,5368,10269,3552,4867,5966,4301,4308,7346,5582,6100,7065,529,9519,5558,4714,4462,4049,3482,1199
6231,6940,6950,11303,9391,11085,1757,4871,4575,5068,7576,4911,9179,5375,3370,3839,6737,4493,7226,4797,7448,8808,3832,7593,3213,5225,8296,3465,11105,8686,8483,8098,4448,8339,7982,5456,4982,7494,4967,7916,6544,5613,7956,7431,6508,9683,211,4397,6460,8535,7413,6288,3364,7834,7951,8308,8160,7701,7370,7394,7136,14878,7155,3056,3907,2801,4626,3786,3053,3056,4009,6723,4960,3936,7455,5047,6852,8042,9112,6848,3018,7633,7628,7025,3059,6305,7698,4168,7806,6253,11033,8333,6421,6345,7151,5106,7684,9300,12575,4929,6783,6492,1149,8445,7342,3558,5819,9238,7006,0,2785,6587,8280,6569,5647,9295,7822,7657,7643,8406,7942,8756,3718,6472,9036,1483,7502,6950,9417,11033,9232,6451,8926,9128,9488,6513,10438,8462,6647,1646,6472,7672,6941,7725,9365,5595,7473,953,7340,6253,8697,7484,8756,5444,8561,7448,5643,6165,564,7916,9965,6886,4253,5439,7448,7829,6808,10023,4991,7452,4486,7993,6472,16132,6995,14321,6489,6946,7836,6474,14731,7452,4934,11033,8067,4642,6663,7805,7983,5137,6638,7844,5899,8070,2600,4447,1946,3641,9069,8280,5753,8069,2174,4302,3413,9129,5434,5362,6915,5117,9392,4847,9473,6915,7434,7241,3053,6540,4170,9117,5207,5830,7533,14315,6534,9404,6973,14066,6946,8098,5152,8758,6401,10109,11017,6132,5638,8080,5337,5748,3345,9203,6564,1202,8400,7394,7880,11033,4575,6198
4678,5387,8775,7608,7838,5590,1337,3318,3521,3515,6023,6737,7626,3822,1817,2286,5184,4020,5673,4036,5895,7255,2479,6040,619,3528,8186,2472,5472,6491,6930,7285,2561,6786,6428,3903,3094,5941,3413,7103,6707,6435,6475,5877,8333,8130,2712,3920,4906,6982,5860,6817,2371,6281,6397,7051,4020,6889,5816,5840,5583,7663,8981,603,2021,574,2172,2233,4879,603,2456,6398,6785,2383,6009,3494,5298,6489,7558,5295,424,6820,6075,7551,2022,4751,6145,2280,6626,4700,7337,6780,4868,3891,7020,4399,6978,7747,6688,6754,4228,4939,3313,6892,5789,2005,7644,7684,7138,3239,0,5034,6726,5015,4094,9186,6269,6104,6090,6853,6490,8646,2165,8298,7483,3253,5949,8775,9307,7337,7679,3997,6355,7575,8233,8339,6743,6909,5094,1448,4919,6119,5388,6865,7811,7420,5920,3326,5787,4700,7144,5931,8646,3312,7008,5895,3189,4532,2247,7103,8409,5333,2700,3886,5895,5839,5255,8470,2438,5899,2597,6440,8298,10412,5441,8790,4936,5393,6283,6149,8402,5899,3380,7337,6513,6468,4108,6251,7602,3604,5084,5642,4345,6517,294,3740,994,1188,8960,6726,4200,6515,1501,2749,1527,7575,2980,3808,5362,3564,7838,6672,7920,5362,5880,5688,4879,4987,1584,9007,3654,7656,5979,8535,4981,7850,5419,8043,5392,6544,2698,7205,3947,7952,7322,4579,4368,6527,2883,4194,859,7650,6649,3397,6847,5840,6326,7337,3521,6727
1873,2274,5093,3564,2832,8705,5785,2644,3675,2159,2099,6506,2712,2821,3757,3307,253,3861,1295,3434,2086,2626,6188,1126,6081,2145,5657,4780,7154,5350,2760,4816,3121,1910,1481,2084,6257,935,2739,4573,4709,4438,4614,2069,4909,3215,6939,3761,1373,2812,3091,4819,4878,2111,2228,4966,7729,4359,811,1486,1228,3494,5112,5633,5299,5114,4438,4025,6326,5633,4204,4400,6153,3501,5477,2349,368,1697,2553,936,5262,4291,3306,5022,6312,1259,1923,6500,4464,1969,2978,3207,1211,7006,5165,4025,5139,3091,7614,5963,6844,1032,7539,2723,1986,4566,6700,2809,5141,9246,5137,0,1812,14,2014,4096,2099,1098,2253,1847,4600,4945,4093,5689,3314,7479,943,5093,4178,2978,2803,7112,5389,2569,4064,6784,2939,1903,2650,5674,1009,1712,2619,5180,2806,6368,3122,7553,904,1969,2229,3134,4945,6427,2093,2086,6304,1834,6473,4573,4388,2220,2958,2078,1192,908,771,3464,5595,1492,6817,1492,5689,6005,2673,4621,1030,462,2113,4152,3996,1492,2470,2978,2344,6205,6724,2082,5072,2888,2640,978,2321,2347,5235,3581,6024,6218,5443,1812,1421,2346,6131,3413,5733,2570,6037,2319,878,2458,2833,6172,3291,878,1526,1333,6326,1508,5532,4193,2179,6508,1625,4067,440,2936,1464,3873,1431,1630,5814,3035,7062,4149,3518,2137,2328,2887,4139,2608,4558,2774,4651,7623,1933,1486,2518,2978,3675,4730
4060,2560,6152,3872,1536,10615,8260,4588,5557,4041,3159,6891,1873,5045,6361,5531,2499,5743,2161,5317,3470,1609,8099,1297,7753,4027,6068,6935,8013,6280,2777,5746,5264,1966,706,3995,8167,2024,4683,5633,6570,6261,5674,3453,6471,1948,9619,5643,3197,3121,3973,6643,7033,2717,2706,6681,9640,5419,2322,2352,2094,3510,6172,7621,7902,7102,6349,5936,11056,7621,6115,6224,6539,5643,6717,4293,2443,1766,1732,2186,7250,5351,3649,6081,8195,3082,2983,8410,5523,3051,3286,2369,3034,8917,6224,5907,6199,3108,8474,6348,8755,2855,10219,2801,3966,6520,7803,2263,6574,13796,7125,2534,0,2548,3688,4404,2848,1088,3312,1618,5660,5253,6004,6749,3622,10159,2134,6152,4487,3286,2257,9023,6319,1749,4372,7844,3743,1189,3761,8354,2832,2409,3731,6240,1510,6754,3408,10233,1722,3051,812,3420,5253,8338,669,3470,8215,3446,9153,5633,4697,2506,5183,3961,2058,1774,2382,2168,7505,2561,8728,754,6749,5443,3784,4637,2854,2212,2835,5975,3433,2561,4726,3286,2554,6591,8635,2830,6132,4799,3752,2802,4380,2825,7223,5463,8012,8284,5752,0,3491,2575,8288,5324,8413,1274,7948,4263,2257,4682,1506,6557,2273,2257,2392,2199,11056,4006,7443,4501,4061,7567,2491,4382,2655,2097,3435,4182,3255,708,7724,3343,8973,4841,3778,3248,4256,2965,6050,4552,7238,2304,6512,10303,787,2352,3445,3286,5557,6553
1887,2255,5074,3546,2813,8719,5799,2659,3689,2173,2081,5049,2693,2835,3771,3321,235,3875,1277,3449,2068,2608,6203,1107,6095,2159,5639,4794,7168,5332,2742,4798,3135,1891,1462,2098,6271,917,2754,4555,4690,4419,4596,2051,4890,3197,6953,3775,1355,2794,3105,4801,4892,2093,2209,4948,7743,4341,792,1467,1210,3475,5093,5647,5313,5128,4452,4039,6340,5647,4218,4382,4697,3515,5491,2363,349,1678,2534,918,5276,4272,3321,5003,6327,1240,1905,6514,4445,1983,2960,3189,1192,7020,5146,4039,5121,3072,7629,4506,6858,1013,7554,2704,1967,4580,6855,2790,5122,9260,5152,14,1794,0,2028,4077,2081,1080,2234,1828,4581,4926,4107,5671,3295,7494,925,5074,4160,2960,2784,7126,5371,2550,4045,6765,2921,1885,2664,5688,990,1694,2634,5162,2787,4911,3104,7567,886,1983,2211,3115,4926,6441,2075,2068,6319,1604,6487,4555,4370,2202,2973,2093,1174,889,752,3446,5609,1474,6831,1474,5671,5987,2687,4602,1012,443,2095,4133,3977,1474,2484,2960,2325,4749,6739,2063,5054,2903,2655,960,2335,2329,5249,3595,6038,6232,5425,1794,1436,2327,6145,3428,5747,2551,6051,2334,859,2472,2814,4715,3272,859,1507,1315,6340,1489,5546,4174,2193,6489,1606,4049,454,2917,1445,3855,1413,1611,5828,3016,7077,4130,3500,2151,2342,2868,4154,2622,4573,2755,4633,7638,1914,1467,2500,2960,3689,4711
2191,1847,5815,5603,4251,7335,5194,1307,2811,1381,3791,5674,4086,1765,3080,2251,2005,2996,2987,2570,3714,4103,4819,2500,4711,1395,6380,3654,6426,5127,4492,5478,2065,3275,2889,714,4887,2733,1403,5296,5343,5072,5112,3696,5543,4590,6262,2897,2144,4544,2363,5454,3753,3971,3960,5688,6359,5082,2609,3178,2920,5226,5834,4555,4622,3744,3068,2655,5462,4555,2834,5034,5322,2445,4645,1012,2045,3062,4071,2794,3892,5013,2578,5744,5448,2570,3615,5130,5262,2074,5332,4582,2687,5636,5656,3160,5862,5032,6886,5131,5474,2758,6862,4455,3784,3240,5868,4174,5775,7882,3768,1855,3187,1836,0,5828,3559,2507,3909,3255,5126,6839,2723,6412,5045,6780,2741,5815,5910,5332,4168,5742,4991,4088,5796,7524,4737,3422,1922,4997,2738,3404,1891,5502,4224,5537,2419,6876,2596,2074,3604,2430,6839,5057,3468,3714,4935,1850,5796,5296,6120,1793,1902,1372,2884,2600,2628,4883,4225,3184,5447,2900,6412,7656,1945,6353,2354,2139,3805,4786,5647,3184,1445,5332,4058,5374,5355,3542,5795,1519,1912,2776,502,4079,3866,2717,4946,5140,7153,3187,1618,4060,5222,2044,4677,3988,4668,983,2736,1402,4251,5340,4768,2736,3218,3025,5462,2806,4471,5925,1473,6841,3317,5799,1982,4311,3239,5605,3211,3005,4444,4767,5693,5946,5316,1409,2094,4346,2770,1271,3502,4139,5285,6567,3307,3178,4145,5332,2811,5364
5871,5650,3085,1542,4658,21449,11259,5066,6817,5178,2535,7219,2954,5841,6777,8079,4283,7104,3478,7040,2833,3252,10155,3849,11738,5165,2317,8565,11103,4112,2213,3578,7758,5044,3753,6051,10223,3794,5161,2308,3502,3823,3454,2816,3403,4092,11986,6603,4048,2507,7063,4205,8663,2399,2018,4513,18525,3199,3527,3489,3129,1453,3104,11581,9367,8022,8404,7992,9035,11581,7571,3645,4354,8138,4549,5642,4242,4844,4810,3391,8170,3130,6739,3013,9243,3688,2657,16484,3303,4193,1417,3197,3805,10973,3156,6362,3181,2053,11564,6934,10811,3876,13042,2218,3640,6966,5635,5340,3556,11774,8045,4317,3579,4331,6241,0,3022,3826,2268,4708,3439,1503,8060,3687,3008,12982,3659,3085,121,1417,5335,11079,4151,4826,299,4782,2454,4267,6851,11148,3856,2952,6821,3222,4632,7339,6498,12727,3548,4193,3996,6510,1503,10394,3860,2833,10271,4103,11975,2308,680,5596,5978,5098,3116,3436,3587,5291,9561,3120,16801,3801,3687,6129,6874,1566,3872,3736,2517,3948,3875,3120,5490,1417,2337,7177,10691,3005,3114,6855,6842,3939,6493,2263,7936,7186,11973,12166,386,3579,4629,2339,11370,6880,10856,4396,10004,5956,3462,5478,4659,7143,3917,3462,3529,3337,9035,3680,9499,751,4307,4210,3628,625,4438,3133,4356,431,4329,3397,9780,2730,10956,824,1332,6338,4410,1676,8106,6342,7578,5382,3445,12977,3699,3489,2156,1417,6817,4115
3169,2797,4373,2830,2846,9991,6124,3129,4014,2498,1380,5377,2738,3160,4096,3646,1581,4200,575,3774,2367,2754,7474,1444,5993,2484,4937,5119,8250,4157,2041,4035,3460,2295,1494,3370,7543,949,3225,3854,4790,4718,3894,2350,4691,3977,7278,4100,1654,2093,4210,5100,5217,1611,1508,4246,9015,3639,825,809,551,2774,4392,6141,5638,5342,5724,5311,6665,6141,4891,4681,4996,3840,4361,2961,1396,2094,2566,689,5490,3571,3885,4302,6651,1539,1203,7786,3744,1553,2258,2981,1491,8292,4445,4364,4420,2371,8710,4805,8130,1312,7879,2003,2266,4286,5807,3097,4539,9585,5365,1615,2131,1629,3561,3376,0,1112,1533,1861,3880,4225,5379,4969,2594,7819,957,4373,3458,2258,3091,8398,4864,2583,3344,6064,3220,1917,3998,6013,1289,1465,3968,4460,2820,5210,3645,7892,1246,1553,2548,3656,4225,7713,2412,2367,7591,1903,6812,3854,3669,2743,3297,2418,1241,1250,885,3478,6881,1245,8103,1506,4969,5670,4021,3901,1311,1034,1393,4432,3660,1245,2809,2258,1624,5048,8011,17,4353,4175,3989,1259,3813,1627,5256,3920,6532,6726,4723,2131,1948,1626,6470,4199,6072,2583,7323,3276,760,2797,2846,5014,3418,760,866,656,6665,1788,6818,3473,2518,5788,948,3347,1736,2917,1744,3153,1712,1949,7100,2315,8349,3813,2750,3485,2713,2167,5426,3662,4897,3138,4733,7962,2251,809,1782,2258,4014,5010
3660,2159,4870,3328,1683,10215,6579,3584,4469,2953,1877,5832,2141,3615,4551,4101,1760,4654,1073,4228,2822,1535,7698,555,6752,2939,5435,5473,7612,4655,2538,4533,3833,1741,382,3594,7766,1248,3679,4351,5444,5173,4392,2804,5189,2814,7733,4555,2109,2590,3572,5555,5571,2108,2006,4744,9239,4137,1234,1264,1006,3271,4890,6596,6093,6701,5948,5535,9774,6596,5714,5135,5704,4213,4858,3416,2043,1541,1507,1098,6849,4069,3248,4799,7106,1994,1701,8009,4241,1962,2756,2637,1946,8516,4942,4818,4917,2869,8073,5260,8354,1767,8333,2500,2721,4741,6441,2037,5876,8260,6724,1795,1242,1809,3287,3873,1645,0,2031,1525,4378,4723,5603,5467,3091,8273,1366,4870,3956,2756,2032,8622,4744,1523,3842,6562,3675,964,3361,6468,1744,1490,3330,4958,1657,5665,3007,8347,682,1962,1659,3019,4723,7937,1523,2822,7814,2357,7267,4351,4166,2106,3752,2742,1266,686,1294,2315,7105,1270,8327,394,5467,5711,3383,4399,1765,1443,1891,4887,3702,1270,3264,2756,2121,5503,8234,1628,4850,4398,3351,1714,3979,2125,5711,4375,6987,7209,5221,1242,2403,2124,6925,4654,6527,1421,7547,3862,1169,3252,1684,5469,2200,1169,1304,1111,9774,2243,7042,3970,2973,6285,1403,3845,1916,2366,2347,3651,2166,1060,7323,2813,8572,4310,3248,2848,3168,2664,5649,4151,5352,2079,5387,8417,1362,1264,2280,2756,4469,5465
3822,2795,3710,2541,3780,10689,6195,2982,3676,3196,451,6798,2233,3231,4167,3717,2593,3862,2177,3436,1348,3204,8173,2548,6368,3182,4274,4824,9103,3494,1534,3373,3531,3511,2711,4068,8241,2165,3077,3191,4127,4448,3231,1330,4028,3371,11565,3763,1964,1786,5040,4830,4923,1419,1297,3583,9713,2976,2041,2004,1643,2268,3729,6212,5626,5412,6422,6009,8614,6212,4818,4271,4979,3911,3698,3659,2707,3311,3783,1905,5561,2908,5102,3639,6314,1604,573,8484,3081,2109,1952,2476,1721,8991,3782,4026,3757,1865,9564,4393,9047,1791,7949,1497,984,4357,5685,4313,3876,11354,5436,2443,2727,2424,4259,3070,1722,2329,0,3077,3217,3919,6077,4306,2287,7889,2173,3710,3152,1952,4307,9096,4201,3799,3038,5401,595,3133,4599,6084,1772,2039,4569,3797,3754,4799,4861,7963,2308,2109,3144,4873,3919,8411,3008,1348,8289,2019,6883,3191,3362,2742,3368,2500,1815,2196,2330,4412,7579,1819,8801,2722,4306,5164,4622,3395,1788,2251,1537,4020,3154,1819,2790,1952,1616,4636,8928,1704,3690,4873,4590,2454,4511,1542,5327,3583,6603,6797,5047,2727,2646,1618,6541,4898,6573,3518,8022,3974,1976,3495,3781,4602,3868,1976,2044,1851,8614,1596,7517,3167,2223,5125,2143,3041,2389,2412,2272,2847,2245,2545,7798,2009,9047,2885,2254,4086,2326,939,6124,4360,4968,4355,4070,8033,2848,2004,738,1952,3676,4740
3264,1969,6521,4397,2070,10096,7740,4035,5065,3550,3528,6469,3071,4212,5148,4698,1675,5251,2615,4825,3458,1978,7579,1827,7233,3536,6606,6070,7422,6722,3608,6188,4430,530,1237,3475,7647,2307,4130,6002,6080,5809,6043,3441,6280,3202,8330,5152,2745,3660,3382,6191,6168,3086,3075,7124,9120,5788,2183,2728,2470,4341,6540,7101,6690,6582,5829,5416,7878,7101,5595,5772,6087,4810,7160,3740,1619,330,706,2308,6730,5719,3057,6450,7703,2630,3352,7890,5892,2866,3825,3567,2582,8397,6393,5415,6568,4147,8782,5896,8235,2403,8930,3570,3358,5337,7077,1237,6512,8857,6605,1709,2172,1724,3096,4943,3188,1766,3681,0,6029,5792,5484,7118,4161,8870,2315,6521,5026,3825,1231,8503,6761,723,4911,8213,4311,938,3170,7065,2381,2778,3140,6609,2044,6302,2817,8943,2224,2866,2589,2828,5792,7818,2453,3458,7695,2994,7864,6002,5236,1915,4349,3469,2808,2228,2143,2702,6986,2812,8208,1330,7118,6641,3193,5468,2402,1713,3204,5523,4631,2812,3861,3825,3173,6139,8115,3170,6501,4279,3161,2350,3788,3194,6703,4972,7492,7686,6291,2172,3039,3175,7522,4804,7124,1808,7428,3710,2250,3849,2071,6105,2642,2250,2768,2575,7878,2879,6923,5040,3570,7087,2867,4914,1831,3295,2983,4720,2803,1989,7204,3882,8453,5380,4317,2657,3804,3734,5530,3999,5949,1278,6023,9014,2292,2728,3890,3825,5065,6101
5499,5389,1206,4485,5822,17547,7026,4297,3109,4317,3372,4294,5123,4535,4926,4371,4839,3396,4219,3332,3390,5675,12245,4591,7505,4331,1770,4857,10734,473,4425,869,4050,5553,4753,4917,13395,4207,4392,687,1624,1944,14,3372,1524,6172,8737,2895,4557,4477,6874,2326,4955,4443,3892,562,14622,473,4083,4046,3685,4054,1225,7349,5659,6171,7271,6858,6110,7349,5577,1767,2475,4430,481,4508,4655,5353,5825,3947,6320,309,7089,1135,5011,4197,2811,12581,136,4703,4214,5366,4314,9840,1278,2654,706,4654,11397,3226,9677,4385,10117,4387,3117,5116,1927,6355,860,8850,7078,5036,4769,5018,5108,2769,3764,4371,3526,5119,0,2230,6926,1803,4978,10057,4215,1206,2891,4214,6350,9945,562,5841,2962,2897,3619,5175,6108,6916,4365,4081,6403,593,5796,3631,6904,10130,4350,4703,5186,6915,2230,9260,5050,3390,9138,4613,9051,687,3439,5335,4672,4315,3857,4238,4143,6455,8428,3861,12898,4764,1803,7284,6456,4649,4382,4293,3778,2070,5507,3861,4382,4214,4008,3469,9558,3746,851,5722,6099,4496,5360,4012,6086,3478,7740,7934,2543,4769,4745,4010,7138,5198,6623,5560,8871,4823,4018,4317,5823,3435,6340,4018,4086,3893,6110,4190,12583,2591,4083,2621,4185,3491,4983,5302,4866,3242,4839,4587,8647,4700,9896,3583,4198,5593,3928,4548,6973,5209,5727,6397,1566,10052,4890,4046,3794,4214,3109,2236
6692,6320,2044,2781,5479,19430,11873,6037,6049,5999,3355,6178,3775,6275,7866,7311,5103,6336,4299,5650,3654,4073,14128,4855,11823,5985,1276,9616,11773,3142,2972,2554,6990,5865,4574,6871,15279,4472,6132,2372,2461,2782,2413,3637,2362,4913,10945,5835,4869,3674,7732,3164,9515,3219,2838,2765,16506,2158,4347,4310,3949,2211,2063,11667,10210,11412,9225,8813,7994,11667,8516,2604,3313,7370,2879,6463,4919,5665,5631,4211,11628,2089,7408,1972,9329,4509,3478,14465,2262,5076,2238,4018,4621,14955,2115,5594,2140,2812,12233,3502,15292,4813,12001,3326,4461,8055,3822,6161,2515,10733,11395,5138,4400,5152,7062,927,3843,4635,3088,5384,2398,0,8880,2646,4175,11941,4480,2044,1048,2238,6155,15061,3382,5647,1120,3741,3274,5088,7521,11762,4791,3773,7491,2181,5453,4847,7168,11686,4430,5076,4817,7179,0,15740,4681,3654,15708,5404,10934,2372,1597,6266,6412,5789,3937,4317,4407,6111,13502,3941,15760,4622,2646,5772,7544,3137,4812,4557,3338,2907,3994,3941,6311,2238,3158,4684,15172,3826,2073,7676,7511,4760,7314,3083,11499,5796,12058,12252,701,4400,5449,3160,12289,7701,10941,5217,14044,6777,4283,6298,5480,4650,4738,4283,4350,4157,7994,4501,15445,749,5823,3169,4449,1649,5259,3954,5393,1400,5213,4218,13762,3896,15011,1741,2249,7008,5669,2497,8927,7163,10873,6203,2404,11936,4520,4310,2977,2238,6049,3074
4684,4071,7223,7614,6219,5263,2743,3325,3528,3521,6030,7074,6311,3828,1823,2292,5191,4026,5680,4043,5901,6126,2272,4725,2165,3535,8193,3489,4680,6497,7214,7291,2568,5153,5360,3124,3397,5947,3420,7109,6713,6442,6482,5884,6913,6814,3856,3926,4913,7266,4227,6824,3388,6692,6681,7058,3813,6895,5823,5847,5589,7947,7242,2008,3365,1340,757,68,5711,2008,1132,6405,6693,2390,6016,3501,4270,4856,5939,5301,1488,6827,4442,7151,3567,4758,6152,2583,6633,4707,7344,6786,4875,3565,7026,4406,6985,7754,5896,6502,3623,4946,4457,7176,5796,2012,7239,6052,7145,4383,1737,5040,5411,5022,2475,9192,6275,4731,6097,5202,6496,8653,0,8225,7767,4397,5955,7223,9313,7344,6046,3670,6362,5956,8517,8894,6749,5290,3786,2831,4926,6126,3755,6872,6192,6907,4287,4470,4772,4707,5828,4298,8653,3101,5693,5901,2863,4619,3391,7109,8842,4018,2706,3893,5901,4824,5261,6851,2317,5906,2900,5125,8225,10419,3808,9074,4942,4364,6289,6156,8409,5906,3387,7344,6779,6744,3504,6258,7608,2581,3776,5000,2727,6801,1840,3746,2400,2593,8966,5411,4206,6781,2906,1555,3073,5956,2759,3287,5368,3571,6219,6711,6791,5368,5887,5694,5711,4994,1924,9014,3660,8211,5986,8521,4987,6535,5426,8327,5399,5229,2372,7489,3621,7958,7328,2946,4374,6533,1178,3416,1476,6017,6656,4541,5532,5847,6333,7344,3528,6734
6627,6461,794,5557,6895,15219,7661,5424,5436,5445,4445,1967,6195,5662,6598,6698,5912,5723,5292,5037,4462,6747,9917,5663,8429,5459,2140,5405,15239,2063,5183,1941,6377,6626,5756,6045,11067,5280,5519,1759,1626,1947,1800,4445,1084,7245,6409,5222,5630,5550,8001,2329,5303,5515,4965,2152,12294,1545,5156,5118,4758,4423,999,8273,5999,8018,8399,7986,3782,8273,7249,1769,2478,6757,2266,5636,5727,6425,6897,5020,8234,1477,8217,1138,5117,5270,3883,10253,1649,5775,4449,6438,5387,11561,995,4981,1528,5023,16709,2667,11898,5458,7789,5460,4189,6788,2987,7428,1582,6522,8001,5946,5842,6090,6235,3139,4836,5443,4598,6192,1786,2599,8054,0,6051,7729,5288,794,3260,4449,7422,11667,2770,6914,3332,357,4692,6248,7236,7550,5438,5154,7530,1568,6869,2650,7976,7802,5423,5775,6259,7987,2599,11529,6123,4462,11497,5685,6723,1759,3808,6408,5799,5443,4930,5310,5216,7527,10108,4934,10571,5837,0,7653,7583,5018,5454,5365,4850,2073,5876,4934,5509,4449,5081,2528,11778,4819,1457,6849,7226,5568,6487,5084,8104,5183,7850,8858,2913,5842,6258,5083,8078,6847,7547,6633,10650,5950,5091,5445,6896,2494,7412,5091,5158,4965,3782,5262,10255,2961,5211,1295,5257,3860,6067,6374,5938,3611,5911,5659,10368,5772,11617,3953,5271,6721,5056,4709,8100,6336,7479,7469,1569,7873,5962,5118,4866,4449,5436,2239
6330,5958,3213,1937,5123,20600,13042,5653,7196,5637,3122,7347,2750,5902,9013,8458,4741,7483,3937,7419,3292,3720,15298,4493,12993,5623,2446,8944,11411,4491,1589,3957,8137,5503,4212,6510,16448,4275,5748,2703,3631,3951,3582,3275,3531,3888,12114,6982,4635,2290,7371,4333,9042,2858,2248,4892,17675,3327,3985,3948,3587,828,3232,12836,11380,12581,8863,8451,9163,12836,9664,3774,4482,8517,4928,6101,4722,5303,5269,3850,12798,3259,7046,3142,10498,4275,3244,15634,3432,4780,1908,2993,4392,16125,3285,6741,3310,1429,11871,4671,11269,4463,13170,1943,4227,9202,6014,5799,3685,11903,12565,4776,3723,4790,6700,782,3481,4284,2855,5022,3568,1631,8518,3816,0,13110,4118,3213,865,1908,5794,16230,4530,5285,750,4910,2912,4726,7159,12931,4443,3411,7129,3350,5097,5190,6806,12855,4007,4780,3738,6817,1631,16909,3603,3292,16878,4690,12104,2703,1075,5904,6039,5171,3575,3894,4046,5755,14672,3579,15952,4260,3816,6297,7182,1694,4459,4195,2976,4077,3248,3579,5461,1908,2128,7909,11150,3464,3243,7314,7150,4398,6952,2053,12668,7565,13228,13449,2130,3723,5088,2130,12625,7339,12111,4861,15214,6415,3921,5937,5093,7875,4385,3921,3988,3795,9163,4267,15636,879,4894,4338,4087,754,4897,2929,4943,560,4916,3856,14932,2513,16181,1219,1727,6646,4997,2135,8565,6801,9814,5841,3573,13105,3671,3948,2615,1908,7196,4243
6778,7487,7902,11517,9952,8269,2304,5418,5527,5615,8123,5863,9767,5922,3917,4386,7284,5445,7773,5749,7995,9355,4379,8181,3760,5629,9248,4417,8472,8150,9308,9050,4995,8886,8586,6003,5529,8041,5513,8868,7496,6565,8134,7977,7460,10271,1519,5349,7006,9360,7960,7009,4316,8786,8775,8710,4458,8654,7917,7941,7683,10041,8107,3603,4360,3348,5173,4333,4005,3603,4556,7675,5912,4483,7668,5594,7398,8589,9672,7395,3565,8585,8175,7978,3512,6851,8245,4929,8758,6800,11246,8880,6968,6892,8104,6058,8636,9847,9689,5881,7329,7039,685,9270,7889,4105,6771,9785,8416,2046,3332,7134,8868,7115,6194,10247,8369,8204,8190,8953,8149,9708,4265,7425,9861,0,8049,7902,10369,11246,9779,6997,8014,9689,10440,7465,10651,9023,7194,2193,7019,8219,7488,8677,9926,6547,8020,699,7887,6800,9285,8031,9708,5990,9149,7995,6190,6712,1373,8868,10917,7433,4800,5986,7995,7939,7355,10584,5538,7999,4969,8598,7425,17615,7541,15804,7035,7493,8383,7427,10502,7999,5481,11246,8873,5594,7210,8351,8566,5684,7184,8390,6445,8894,3147,5399,2492,4188,10021,8868,6300,8875,2721,4849,3866,9689,5981,5908,7462,5664,9952,5628,10020,7462,7980,7788,4005,7087,4717,10069,5754,6782,8080,15798,7081,9991,7520,15549,7493,8686,5699,9582,6948,11860,11230,6679,6590,8627,5884,6294,3147,9750,7516,297,9218,7941,8426,11246,5527,6919
3200,2873,5077,3895,2922,9801,5934,2939,3824,2308,2084,5187,2710,2970,3906,3456,1611,4009,1279,3583,2177,2716,7284,1521,5803,2294,5641,4929,8326,5441,2745,4907,3270,2371,1571,3180,7353,1025,3034,4558,4799,4528,4598,2160,4999,3214,7088,3910,1464,2797,4286,4910,5027,2315,2212,5842,8825,4343,901,1447,1189,3478,5096,5670,5448,5151,5534,5121,6475,5670,4700,4490,4806,3650,5878,2771,338,2171,2643,1027,5300,4275,3962,5006,6461,1349,1907,7596,4448,1584,2962,3206,1301,8102,5149,4173,5124,3354,8787,4615,7940,1122,7688,2707,2076,4096,6964,3173,5231,9395,5175,1646,1811,1660,3371,4080,1852,1189,2237,1937,4584,4929,5189,5673,3298,7628,0,5077,4163,2962,3168,8208,5480,2659,4048,6768,3030,1994,4075,5823,1099,1725,4044,5164,2896,5020,3722,7702,994,1584,2228,3733,4929,7523,2092,2177,7400,1712,6622,4558,4373,2820,3107,2227,1501,998,861,3555,6691,1505,7913,1582,5673,6018,4097,4605,1120,432,2097,4242,4009,1505,2619,2962,2328,4858,7820,1835,5057,3984,4065,1069,3622,2331,5066,3730,6061,6255,5428,1811,1758,2330,6280,4009,5882,2660,7133,3085,968,2607,2923,4824,3381,968,1487,1294,6475,1598,6628,4177,2328,6492,1586,4051,1767,2934,1554,3857,1521,1628,6910,3019,8158,4239,3609,3856,2523,2871,5235,3471,4707,3215,4742,7772,1931,1447,2608,2962,3824,4820
6012,5847,0,4943,6281,15504,7946,4810,3782,4831,3831,2168,5581,5048,5599,5044,5297,4069,4678,4423,3848,6133,10202,5049,8714,4844,1529,5690,15524,1449,4572,1327,4723,6011,5211,5431,11352,4666,4905,1145,714,1035,1186,3831,452,6630,6694,3568,5016,4935,7387,1417,5588,4901,4351,1538,12579,931,4541,4504,4143,3812,144,8558,6284,8303,7784,7372,4067,8558,6250,858,1566,5103,1652,5022,5113,5811,6283,4405,8519,862,7603,71,5402,4656,3269,10538,1035,5161,3838,5824,4772,11846,197,3327,913,4412,16994,1755,10191,4843,8074,4845,3575,5788,2075,6814,1135,6807,8286,5332,5227,5476,5621,2528,4222,4829,3984,5577,1171,1989,7440,1207,5436,8014,4674,0,2649,3838,6808,11952,2155,6299,2721,2263,4078,5634,6621,7835,4823,4540,6916,954,6254,2274,7362,8087,4809,5161,5645,7373,1989,11813,5509,3848,11782,5071,7008,1145,3198,5793,5185,4829,4316,4696,4601,6913,10393,4320,10856,5223,1207,7043,6969,4408,4840,4751,4236,1161,5265,4320,4895,3838,4467,2729,10071,4205,846,6235,6612,4954,5873,4470,8389,4569,8135,9143,2302,5227,5643,4469,8363,6285,7832,6018,10935,5336,4477,4830,6281,2696,6798,4477,4544,4351,4067,4648,10540,2350,4596,1051,4643,3250,5453,5760,5324,3001,5297,5045,10653,5158,11902,3342,4657,6106,4442,4098,7486,5722,7764,6855,657,8009,5348,4504,4252,3838,3782,1327
6047,5802,3197,1654,4810,21562,11523,5217,6969,5552,2686,7332,3106,5467,6403,8230,4459,7368,3629,7191,2985,3404,10528,4186,12002,5538,2430,8716,11254,4263,2325,3729,7910,5196,3905,6424,10597,3946,5312,2421,3615,3935,3566,2967,3515,4244,11774,6755,4199,2659,7444,4317,8815,2550,2169,4665,18637,3311,3678,3863,3280,1565,3216,11845,9518,7652,8778,8365,9147,11845,7945,3758,4467,8289,4701,6015,4393,4995,4962,3542,7801,3243,6890,3126,9507,3839,2808,16596,3416,4344,1568,3348,3956,11346,3269,6513,3294,2165,11715,7085,11184,4027,13154,2369,3792,6592,5786,5492,3669,11887,7676,4493,3730,4507,6615,258,3174,3977,2419,4860,3552,1615,8433,3800,3160,13072,3810,3197,0,1568,5486,11452,4302,4978,451,4895,2605,4418,7003,11412,4007,3104,6972,3334,4784,7491,6650,13167,3700,4344,4148,6661,1615,10882,4012,2985,10645,4255,12088,2421,792,5748,5604,5341,3267,3587,3738,5442,9935,3271,16914,3952,3800,6242,7026,1678,4024,3888,2668,4061,3985,3271,5863,1568,2489,7328,11065,3156,3227,7229,6993,4313,6867,2414,7562,7338,12237,12508,265,3730,5002,2491,11634,7253,11120,4548,10377,6330,3613,5851,4811,7295,4068,3613,3903,3710,9147,3831,9872,863,4459,4323,4002,738,4614,3284,4507,544,4480,3548,10154,2881,11329,937,1444,6490,4561,1828,8480,6715,7204,5533,3557,13089,3851,3863,2307,1568,6969,4228
4746,4524,3578,599,3532,19919,10010,4811,5456,4053,1409,6145,1828,4715,7273,6718,3157,5856,2352,5679,1707,2126,9029,2662,10489,4039,4142,7204,9977,2751,1130,2217,6397,3918,2628,4925,9097,2525,4906,2422,4136,4457,3654,1690,3896,2966,11433,5242,2922,1381,6166,4839,7302,1273,892,3152,10570,4141,2401,2363,2003,1863,3597,10333,8006,8523,7279,6866,8482,10333,7924,4280,5764,6777,3188,4516,2973,3718,3684,2265,8671,3978,5613,3507,7995,2562,1531,9340,3805,3130,0,2071,2699,9847,3650,5001,3625,1460,10438,5573,9685,2770,12489,1092,2147,7462,4274,4215,4125,11222,8546,3191,2453,3205,5115,1916,1896,2688,1142,3437,3669,2940,6934,4175,1883,12407,2533,3578,1999,0,4209,9953,2790,3700,1884,5269,1328,3141,5726,9900,2750,1826,5695,3665,3506,5978,5372,12174,2422,3130,2870,5384,2940,9268,2734,1707,9145,3457,11423,2422,1817,4471,4852,3842,1990,2310,2461,4165,8435,1994,9658,2675,4175,4759,5748,2990,2746,2611,1391,5227,2749,1994,4364,0,1211,5816,9565,1879,3558,5729,5716,2813,5367,1137,8433,5825,10724,10918,3439,2453,3503,1214,10122,5754,9607,3270,8878,4830,2336,4352,3533,5782,2791,2336,2403,2211,8482,2579,8373,2188,3181,4993,2502,2062,3313,2007,3230,1869,3266,2271,8654,1604,9830,1360,729,5212,3284,550,6980,5216,8074,4256,4079,12424,2574,2363,1030,0,5456,4749
4246,3153,6959,4849,2007,16817,8722,5017,6087,4571,3965,7451,3508,5234,6170,5719,2657,6273,3052,5847,4440,2415,8561,2264,8215,4557,7044,7092,7932,7704,4045,6621,5452,1599,1674,4457,10840,3227,5112,6439,7063,6629,6480,4423,7277,3639,9351,6173,3727,4097,4710,7173,7190,3523,3512,6832,10102,6225,3213,3243,2985,4778,6978,8083,7712,7564,6811,6398,8860,8083,6577,6754,7322,5832,8142,4722,2601,1436,532,3290,7712,6157,4304,6888,8725,3613,3789,8872,6330,3848,4263,4004,3565,10812,7030,6437,7005,4585,7661,6878,10127,3385,9952,4007,4340,6359,8059,127,7494,9878,7587,2691,2609,2706,4280,5380,3654,2203,4119,1537,6466,6229,6466,7555,4598,9870,3345,6959,5463,4263,0,10498,7743,506,5348,8650,5293,1375,4354,8087,3363,3215,4324,7046,1860,7284,4001,9965,2661,3848,3026,4012,6229,8800,2890,4440,10682,3976,8885,6439,5673,3099,5371,4361,3245,2665,3125,2639,10179,3250,9190,1767,7555,7078,4377,5905,3384,2695,3641,6505,5069,3250,4883,4263,3610,7121,10007,3637,6938,5261,4345,3332,4587,3632,7701,5993,8474,8746,6728,2609,4022,3612,8543,5786,8145,1937,10622,4692,3232,4870,2508,7087,3080,3232,3283,3090,8860,3862,7905,5477,4591,8373,3382,5314,2813,3733,3965,5158,3785,2427,8186,4319,10794,5817,4754,3841,4786,4171,6512,4981,6971,169,7005,10036,2729,3243,4651,4263,6087,7083
8005,7103,10421,10812,13556,2907,5044,6202,6725,6570,9227,10597,9342,6264,5093,5562,8068,7224,8242,7240,9099,9158,4128,7756,5192,6556,11390,6813,4156,9695,9748,10489,5838,8184,8391,6145,2118,7989,6297,10307,9911,9639,9679,9081,10110,10381,7286,7124,7790,9800,5809,10021,6658,9226,9215,10255,5057,10093,7864,8433,8176,10481,10440,5036,6594,4759,3067,3781,8739,5036,4758,9602,9890,5660,9213,6347,7301,7887,10893,8178,4997,10003,5994,10349,6595,7955,9349,3682,9830,7584,10541,9320,8072,1143,10224,7603,10182,10288,5373,9699,507,8143,10024,9710,8993,5209,10436,10352,10342,8363,4765,7918,8442,7899,5506,20991,9473,7763,9294,8233,9694,20417,3849,12158,10301,9511,7997,10421,11166,10541,10483,0,9559,10868,11051,12199,9947,8321,6492,5132,8123,8660,6786,10069,13530,10104,7318,9888,7804,7584,8860,7329,20417,1708,8724,9099,1470,7496,6820,10307,11376,7049,5904,6628,8140,7855,8139,13958,2018,8440,3407,8156,12158,20134,6840,22836,7819,7395,9487,9353,10902,8440,6584,10541,9717,9942,624,9455,10327,6051,6483,8032,5758,9335,4868,6944,4965,4895,20765,8442,7083,9719,5207,4634,6101,8988,1571,6318,8246,5901,9251,9908,9822,8246,8473,8280,8739,8191,3459,20813,6858,11516,8572,11055,7864,9566,8623,10861,8596,8260,2722,10023,949,11156,10525,5977,7572,9731,3168,6436,5102,10350,9853,9631,8563,8433,9530,10541,6725,9931
5434,6119,1573,3947,6165,17913,7074,4231,3044,4252,3739,3704,5289,4469,4861,4306,5294,3444,4586,3266,3756,4759,9272,4957,7552,4266,2137,4792,10706,171,4590,1235,3985,5920,5260,4852,9024,4574,4326,1054,1724,2045,576,3739,1924,6489,9103,2830,4852,4842,6809,2427,4890,3905,4489,93,10813,839,4450,4413,4052,4420,1592,7396,5593,7141,7206,6793,6477,7396,5511,1867,3352,4365,776,4443,5022,5720,6317,4314,7357,676,7024,1502,5058,4496,3178,9632,503,5433,3677,5532,4291,9774,1645,2588,1268,4921,11167,3161,9612,4361,8828,4552,3739,5050,1862,6847,1712,9216,7125,5328,5086,5342,5043,3136,4130,4737,3551,5486,562,2597,6861,2169,5343,8746,4582,1573,3257,3677,6841,9880,0,6333,3329,3264,3082,5774,6043,6963,4342,4459,6337,1155,6139,3566,6869,8841,4717,5433,5503,6880,2597,9195,5367,3756,9072,4896,7762,1054,3806,6066,3971,4250,4224,4605,4904,6797,8363,4228,9949,5307,2169,7651,6390,5016,4676,4660,4024,2815,6210,4228,4316,3677,4587,3403,9492,4113,1413,5656,6033,4862,5294,4609,7228,3413,7787,7981,2910,5086,4932,4589,7185,5133,6671,5903,8805,4757,4385,4252,6166,3370,5424,4385,4452,4260,6477,4170,8378,2958,4018,2988,4552,3858,5713,5467,5160,3609,5133,4903,8581,5064,9830,4291,3661,5528,3863,4011,6907,5143,5662,6889,1667,8912,5206,4413,4490,3677,3044,2337
3824,2644,6450,4340,1999,17213,8344,4672,5665,4150,3457,7029,3000,4812,5748,5298,2236,5851,2544,5425,4019,1907,8183,1756,7837,4136,6535,6670,8328,6492,3537,6113,5030,1091,1165,4079,8252,2829,4767,5931,6641,6208,5972,4001,6768,3130,8930,5752,3306,3589,4287,6752,6768,3015,3004,6324,9724,5717,2705,2735,2477,4270,6469,7705,7290,7186,6433,6020,11354,7705,6199,6332,6901,5410,6929,4377,2180,890,130,2569,7335,5648,3733,6379,8303,3191,3281,8495,5821,3433,3754,3496,3143,9001,6522,6015,6497,3867,8057,6457,10523,2964,9530,3499,3918,6605,8015,512,7073,14094,7210,2270,2100,2284,3772,4872,3116,1694,3610,1029,5957,5721,6088,7047,4090,9448,2837,6450,4954,3754,506,10894,6531,0,4840,8141,4440,867,3846,7665,2941,2707,3815,6538,1459,6862,3493,9543,2153,3433,2332,3504,5721,8422,2382,4019,8299,3554,8464,5931,5165,2591,4949,3939,2737,2157,2703,2631,7590,2741,8812,1259,7047,6570,3868,5397,2962,2274,3133,6084,4560,2741,4461,3754,3102,6699,10403,3099,6430,4883,3836,2911,4079,3123,7324,5572,8096,8368,6219,2100,3600,3104,8372,5192,7724,1737,8032,4347,2640,4449,2000,6666,2571,2640,2775,2582,11354,3440,7527,4969,4170,7865,2874,4805,2391,3224,3544,4649,3363,1918,7809,3811,9057,5309,4246,3333,4365,3663,6134,4636,6549,554,6584,9614,2221,2735,4142,3754,5665,6662
5928,5682,3078,1535,4690,21443,11403,5098,6849,5432,2567,7212,2986,5347,6283,8111,4339,7249,3510,7072,2865,3284,10409,3881,11882,5419,2311,8597,11135,4144,2206,3609,7790,5076,3785,6305,10477,3826,5193,2302,3496,3816,3447,2848,3396,4124,11655,6635,4080,2539,7324,4198,8695,2431,2050,4545,18518,3192,3559,3743,3161,1446,3097,11726,9399,7533,8659,8246,9028,11726,7825,3639,4347,8170,4581,5896,4274,4876,4842,3423,7681,3124,6771,3007,9388,3720,2689,16477,3297,4225,1449,3229,3837,11227,3150,6394,3175,2046,11596,6966,11065,3907,13035,2250,3672,6473,5667,5372,3550,11768,7556,4373,3611,4388,6495,32,3054,3857,2300,4740,3433,1496,8314,3681,3040,12953,3691,3078,115,1449,5367,11333,4183,4858,0,4775,2486,4299,6883,11293,3888,2984,6853,3215,4664,7371,6530,13048,3580,4225,4028,6542,1496,10763,3892,2865,10525,4135,11969,2302,673,5628,5484,5222,3148,3468,3619,5323,9815,3152,16795,3833,3681,6123,6906,1559,3904,3768,2549,3942,3865,3152,5744,1449,2369,7209,10945,3037,3108,7109,6874,4193,6747,2294,7443,7218,12117,12389,380,3611,4883,2371,11515,7134,11000,4428,10258,6210,3494,5732,4691,7175,3949,3494,3783,3591,9028,3712,9753,744,4339,4203,3882,619,4495,3165,4388,425,4361,3429,10034,2762,11210,818,1325,6370,4442,1708,8360,6596,7084,5414,3438,12970,3731,3743,2188,1449,6849,4108
6270,6105,437,5200,6538,15573,8016,5067,4538,5088,4088,2321,5839,5305,6242,5800,5555,4938,4935,4680,4105,6391,10272,5306,8784,5102,1783,5759,15593,1706,4827,1584,5479,6269,5469,5688,11422,4923,5162,1403,1270,1590,1443,4088,728,6888,6763,4324,5273,5193,7645,1403,5658,5159,4608,1795,12649,1188,4799,4762,4401,4066,523,8627,6353,8372,8042,7629,4137,8627,6892,1413,2121,5859,1910,5279,5371,6069,6541,4663,8589,1120,7860,781,5472,4913,3527,10608,1293,5418,4093,6081,5030,11916,638,4083,1171,4667,12168,2310,10448,5101,8144,5103,3833,6431,3356,7071,1226,6876,8356,5589,5485,5603,5879,2782,4479,5086,4241,5835,1429,2243,7697,1461,5694,8062,4931,437,2903,4093,7065,12022,2413,6557,2975,0,4335,5891,6879,7905,5081,4797,7173,1211,6512,2829,7619,8157,5066,5418,5902,7631,2243,11883,5766,4105,11851,5329,7077,1403,3452,6051,5443,5086,4573,4954,4859,7170,10463,4577,10925,5480,1461,7297,7226,4662,5097,5009,4493,1716,5519,4577,5152,4093,4724,2882,10328,4462,1100,6492,6869,5211,6130,4727,8459,4827,8204,9212,2556,5485,5901,4726,8433,6542,7902,6276,11005,5593,4734,5088,6539,2849,7055,4734,4801,4609,4137,4905,10610,2604,4854,1121,4901,3504,5711,6017,5581,3255,5554,5303,10723,5415,11972,3596,4914,6364,4699,4352,7743,5979,7834,7113,1212,8079,5605,4762,4510,4093,4538,1313
4278,3589,3365,991,3083,19705,9143,3775,5243,3585,1542,5932,2390,4024,7059,6504,2689,5642,1903,5465,1240,1677,8562,2213,10276,3571,3929,6990,9358,2537,1691,2003,6183,3469,2178,4457,8630,2219,3870,2208,3923,4244,3441,1222,3683,3407,11219,5029,2757,1992,5548,4626,7089,823,1407,2939,10102,3928,1933,1896,1535,2424,3384,10119,7792,8309,6811,6398,8268,10119,7710,4066,5550,6563,2974,4048,2667,3269,3235,1797,8457,3764,4994,3293,7781,2691,1366,8873,3591,2902,778,2633,2486,9379,3436,4787,3411,2022,9819,5359,9217,2557,12275,1653,1934,7249,4060,3765,3911,11008,8332,2724,2004,2738,4648,1892,1447,2221,1747,2969,3455,2916,6466,3961,2493,12193,2065,3365,1974,778,3759,9485,2576,3251,1860,5056,0,2692,5107,9686,2537,1377,5076,3452,3057,5765,4754,11961,1973,2902,2421,4765,2916,8800,2285,1240,8678,2813,11209,2208,1793,3535,4162,3374,1541,1860,1993,3715,7968,1545,9190,2226,3961,5321,5130,3552,2581,2143,942,5014,3311,1545,3896,778,1505,5602,9098,1430,3344,5262,5097,2346,4900,1527,8219,5612,10511,10704,3414,2004,3035,1507,9908,5286,9394,2821,8410,4363,1868,3884,3084,5569,2342,1868,1936,1743,8268,2365,7905,2163,3017,4779,2035,2038,2845,2569,3065,1844,3038,1821,8187,2215,9436,1335,705,4594,3119,1112,6513,4749,7861,3807,3865,12210,2124,1896,1591,778,5243,4536
3487,2192,6355,4245,1903,10319,7963,4259,5328,3813,3361,6692,2904,4475,5411,4961,1898,5514,2449,5088,3682,1811,7803,1660,7457,3799,6440,6434,7645,6946,3441,6017,4693,754,1070,3698,7871,2733,4354,5835,6304,5871,5876,3664,6504,3035,8593,5415,2968,3493,3834,6415,6532,2919,2908,6228,9343,5621,2609,2639,2382,4174,6374,7324,6953,6805,6052,5639,8102,7324,5818,5995,6564,5073,7383,3963,1843,553,760,2531,6954,5553,3281,6284,7966,2854,3185,8114,5726,3089,3659,3400,2806,8620,6427,5678,6401,3771,8836,6120,8458,2627,9193,3403,3581,5600,7301,1290,6736,10126,6829,1933,2005,1947,3320,4776,3021,1599,3515,307,5862,5625,5707,6951,3994,9111,2741,6355,4859,3659,1285,8726,6985,776,4744,8046,4535,0,3394,7328,2604,2611,3363,6442,1877,6525,3040,9206,2058,3089,2237,3052,5625,8041,2286,3682,7919,3217,8127,5835,5069,2139,4612,3602,2642,2061,2366,2536,7209,2646,8431,1163,6951,6474,3416,5301,2625,1937,3038,5747,4465,2646,4124,3659,3006,6362,8339,3004,6335,4503,3384,2573,4012,3028,6943,5235,7715,7987,6124,2005,3263,3008,7991,5028,7900,1641,7651,3934,2473,4112,1904,6329,2476,2473,2679,2486,8102,3103,7146,4873,3833,7770,2778,4710,2054,3129,3207,4554,3026,1823,7428,3716,8677,5213,4150,2880,4028,3567,5754,4222,6212,1332,6246,9277,2126,2639,4047,3659,5328,6325
2958,2858,6767,6614,4761,8287,6146,2259,3762,2333,4964,6655,5098,2717,4032,3202,3110,3948,3998,3522,4836,4669,5770,3512,5663,2347,7331,4606,4951,6079,6299,6430,3017,3695,3902,1666,5839,3744,2354,6248,6295,5861,6064,4819,6494,5893,6834,3849,3249,6351,888,6405,4704,5777,5766,6639,7311,6033,3620,4189,3931,7032,6786,5507,5574,4696,4020,3607,6414,5507,3786,5986,6274,3396,5597,1964,3057,3398,4482,3620,4844,5965,1104,6696,6400,3693,5087,6082,6138,3090,6344,5594,3809,6588,6608,4112,6814,6839,5412,6083,7257,3880,7435,6261,4795,4148,6820,4622,6726,7361,4719,2960,4198,2941,1359,7634,4571,3823,5031,3744,6078,7791,3675,7363,6852,7353,3752,6767,7717,6344,4753,7628,5943,4498,7602,8476,5749,3832,0,5570,3860,4415,329,6453,4735,6488,1250,7448,3607,3090,4616,1261,7791,6124,4480,4836,5886,2955,6369,6248,7927,2805,2854,2824,4191,3611,3580,5393,5177,4195,6399,3950,7363,8668,594,8159,3278,3151,5895,5737,6658,4195,2397,6344,5864,6326,7137,4553,6747,2471,9,3788,2051,5886,4817,3669,5898,6092,8104,4198,2543,5866,6174,2995,6521,4499,5619,1934,3687,2354,4762,6292,5334,3687,4229,4036,6414,3928,5423,7731,2783,7793,4328,7606,2907,5322,4361,7412,4240,4016,5396,6573,6644,6958,6328,659,3512,6425,3721,2223,4454,4620,6237,7519,4319,4189,5268,6344,3762,6315
4936,5645,7769,7867,8096,6377,156,3577,3780,3773,6282,5731,7926,4080,2075,2544,5443,4278,5932,4295,6153,7514,2082,6340,1830,3787,9116,2723,6548,6749,7466,7543,3153,7124,6745,4162,3233,6199,3672,7362,7363,6433,6734,6136,7327,8429,1706,4179,5165,7518,6118,7108,2568,6944,6933,7310,3623,8521,6075,6099,5841,8199,7975,1762,2218,1418,3249,2492,3872,1762,2714,7542,5779,2642,6268,3753,5557,6911,7817,5553,1635,8452,6334,7845,2219,5010,6404,2419,8625,4959,7596,7038,5127,4967,7971,4658,8503,8006,7764,5748,5315,5198,2307,7428,6048,2264,6638,8023,8283,2233,1402,5292,7026,5274,4352,10115,6527,6363,6349,7111,6748,9575,2424,7292,8019,2225,6207,7769,8884,7596,8017,5073,6614,7833,8769,7332,7001,7167,5352,0,5178,6378,5647,8544,8070,6414,6178,2141,6046,4959,7443,6190,9575,3694,7307,6153,3662,4871,1240,7362,8668,5591,2958,4145,6153,6534,5513,8728,3614,6158,2736,6756,7292,10671,5700,9326,5194,5651,6541,7294,8661,6158,3639,7596,7031,5462,5196,6510,8433,3843,5343,6549,4604,7053,1505,3998,446,2269,9889,7026,4458,7033,213,3007,1724,7834,4057,4067,5621,3823,8097,5666,8178,5621,6139,5946,3872,5246,2421,9937,3912,6649,6238,8773,5239,8150,5678,8579,5651,6844,3775,7741,4950,8210,7580,4837,4626,6785,3960,4453,1306,7988,7383,2391,7147,6099,6585,7596,3780,7018
2863,1476,4796,3117,3467,9378,5512,2517,3401,1885,1537,4380,3141,2548,3484,3033,1274,3587,1303,3161,1408,3694,6862,1711,5241,1872,5361,4506,7903,4663,2444,4129,2848,2495,2116,2758,6930,1571,2612,4334,4021,3588,4318,1391,4221,3801,6665,3487,735,2496,4081,4132,4605,2014,1911,5064,8403,4063,1446,1470,1704,3177,4815,5109,5026,4590,5111,4699,6053,5109,4278,3712,4028,3227,5100,2349,1388,2282,3188,1050,4739,3994,3948,4725,6039,247,1659,7173,4167,860,2661,3384,199,7680,4334,3751,4843,2774,8363,3837,7518,20,7266,2406,1298,3673,5018,3394,4453,8973,4614,1309,2397,1323,2948,3779,1782,1734,1604,2482,4303,4628,4767,5393,2997,7184,1579,4796,3862,2661,3388,7786,4702,3204,3747,6230,2252,2539,3640,5401,0,2100,3609,4883,3441,4242,3707,7279,1806,860,2815,3719,4628,7101,2679,1408,6978,790,6200,4334,4072,1422,2685,1805,1876,2256,885,4100,6268,1880,7490,2128,5393,6042,3663,4304,392,1656,1796,3464,4032,1880,2197,2661,2027,4079,7398,1765,4776,3562,3630,720,3200,2030,4643,3307,5500,5694,5127,2397,1336,2029,5857,3587,5973,3205,6711,2663,992,2185,3468,4046,4358,992,1510,1317,6053,496,6206,3876,1905,5028,1609,3750,1430,3320,933,3556,972,2215,6487,2718,7736,3461,2831,3433,2100,2040,4813,3049,4285,3359,3963,7350,2518,1470,1840,2661,3401,4042
2943,3037,4898,3369,2045,9775,6606,3715,4496,2980,1904,5859,1892,3642,4578,4128,1355,4681,1100,4255,2849,1898,7259,813,6913,2966,5462,5601,8490,4682,2565,4560,3860,2431,1140,3154,7327,842,3810,4378,5315,5200,4419,2832,5216,2395,7760,4582,2136,2617,4679,5582,5699,2135,2033,4771,8799,4164,723,1291,1033,3298,4917,6780,6120,6262,5508,5096,9801,6780,5274,5162,5731,4240,4885,3419,1289,2231,2197,927,6410,4096,4126,4826,7133,2021,1728,7570,4268,1452,2783,2387,1973,8077,4969,4845,4944,2896,8951,5287,7914,1794,8360,2527,2748,4768,6468,2727,5903,12541,6285,1389,992,1403,3084,3901,1672,823,2058,2095,4405,4750,5163,5494,3118,8278,952,4898,3983,2783,2722,8182,4771,2213,3869,6589,3702,1654,4238,6495,1771,0,4208,4985,2019,5692,3885,8374,573,1452,1409,3897,4750,7497,1273,2849,7375,2384,7294,4378,4193,2983,3779,2769,524,461,1321,2678,6665,501,7887,907,5494,5462,4261,4426,1792,1030,1918,4914,3452,501,3291,2783,2149,5530,7795,1655,4877,3959,4229,1741,3391,2152,6399,4402,7172,7443,5248,992,2430,2151,6952,4484,7068,1783,7108,3390,1125,3279,2046,5496,2563,1125,1331,1138,9801,2270,6603,3997,3000,6312,1430,3872,1510,2116,2374,3678,2193,810,6884,2840,8133,4338,3275,3725,3195,2691,5210,3679,5379,2769,5258,8444,1113,1291,2307,2783,4496,5492
3535,3436,6983,7191,4697,8503,6362,2475,3978,2549,5542,6871,5675,2933,4248,3418,3687,4164,4576,3738,5413,4605,5986,4089,5879,2563,7547,4822,4887,6295,6235,6646,3233,3631,3838,1882,6060,4322,2570,6464,6511,6077,6280,5396,6710,5829,7050,4065,3827,6287,824,6621,4921,5713,5702,6855,7527,6249,4197,4766,4509,6968,7002,5723,5790,4912,4236,3823,6630,5723,4002,6202,6490,3612,5813,2180,3634,3334,4418,4262,5060,6181,1040,6912,6616,4270,5664,6298,6354,3668,6453,5807,4387,6804,6824,4328,7030,6775,5348,6299,7193,4458,7651,6197,5373,4364,7036,4558,6942,7577,4935,3537,4776,3519,1575,7570,5148,3759,5609,3680,6294,8007,3891,7579,6788,7569,4330,6983,7653,6453,4689,7564,6159,4434,7538,8692,6326,3768,301,5786,4438,5405,0,6669,4671,6704,1186,7664,4137,3668,5031,1198,8007,6340,5057,5413,6102,3532,6585,6464,7863,3382,3070,3601,4473,4188,4222,5329,5398,4773,6615,3886,7579,9245,331,8095,3856,3728,5831,5953,7235,4773,2613,6453,5800,6542,7073,5131,6963,2687,311,4365,2267,5822,5033,3885,6114,6308,8320,4776,3120,5802,6390,3212,6737,4435,5761,2150,4329,2570,4698,6508,5270,4329,4806,4614,6630,4506,5639,7667,2999,8009,4905,7542,3484,5899,4938,7348,4911,4594,5612,6509,7861,7535,6905,875,3728,6361,3937,2439,4670,4556,6453,7735,4896,4808,5845,6453,3978,6531
5737,5572,911,4667,6005,17311,7515,4534,3485,4555,3555,2782,5589,4772,5302,4747,5022,3884,4402,4147,3572,5858,12010,4773,7993,4569,1742,5233,11175,824,4786,1051,4426,5736,4936,5155,13160,4390,4629,870,1329,1650,561,3555,1229,6355,8501,3271,4740,4660,7112,2032,5331,4626,4075,913,14387,655,4266,4229,3868,4025,930,7837,6034,6547,7509,7096,5875,7837,5952,1472,2181,4805,856,4746,4838,5536,6008,4130,6695,492,7327,840,5499,4380,2994,12346,410,4885,4052,5182,4497,10077,983,3029,162,4626,11635,2370,9915,4568,9882,4570,3300,5491,2303,6538,470,8615,7566,5056,4952,5070,5346,2741,3946,4553,3708,5302,546,2202,7164,1567,5161,9800,4398,911,2862,4052,6532,10183,913,6024,2934,2662,3802,5358,6346,7404,4548,4264,6640,0,5979,2888,7086,9567,4533,4885,5369,7098,2202,9498,5233,3572,9375,4796,8815,870,3411,5518,4910,4553,4040,4421,4326,6637,8666,4044,12663,4947,1567,7256,6693,4621,4564,4476,3960,1775,5478,4044,4619,4052,4191,3344,9795,3929,258,5960,6336,4678,5597,4194,7669,4294,8228,8500,2515,4952,5368,4193,7626,6009,7112,5743,9098,5060,4201,4555,6006,3310,6522,4201,4269,4076,5875,4372,12348,2563,4321,2037,4368,3463,5178,5768,5048,3214,5021,4770,8885,4882,10133,3555,4381,5831,4166,4311,7210,5446,6103,6580,1271,9817,5072,4229,3977,4052,3485,1942
4339,2839,6249,4139,209,17789,8538,4867,6208,4692,3255,7472,2078,5324,6639,5810,2778,6394,2739,5968,3567,1705,8378,1873,8032,4678,6334,7214,8292,6500,3044,5911,5542,2233,1282,4274,8446,2248,4962,5729,6666,6813,5770,3549,6567,2114,9442,6294,3848,3387,4252,7195,7312,2813,2802,6122,9919,5515,2899,2929,2672,3778,6268,7899,8181,7381,6627,6215,11153,7899,6394,6775,7344,5922,6236,4571,2722,2033,1999,2763,7529,5447,3928,6178,8846,3734,3079,8689,5620,3628,3553,2574,3686,9196,6321,6558,6295,3875,10631,6900,13070,3506,10042,3007,4062,6755,8299,2529,6670,13892,7404,2813,1111,2827,3967,4670,2944,1664,3409,1897,5756,5519,6283,6845,3888,9960,2359,6249,4753,3553,2524,13441,6814,2015,4638,7940,4238,1456,4040,8177,3484,2505,4010,6336,0,7305,3687,10056,2348,3628,961,3699,5519,8616,905,3567,8494,4097,8976,5729,4963,2785,5461,4482,2932,2351,2959,842,7784,2657,9006,1453,6845,6704,4063,4905,3505,2816,2931,6527,3639,2657,5005,3553,2900,7142,12951,2927,6228,5078,4031,3453,4273,2922,7518,6114,8291,8562,6018,1111,4143,2902,8566,5386,8940,646,8217,4542,2835,4961,983,7109,2370,2835,2969,2777,11153,4102,7722,4767,4712,7664,3068,4642,2934,2303,4086,4448,3906,1283,8003,3609,13738,5107,4044,3527,4907,3461,6329,4831,7061,2571,6609,10126,1363,2929,3941,3553,6208,7105
6491,6238,3754,7581,8040,13462,5257,5288,4101,5309,6318,1467,7869,5527,4789,5363,5847,3061,5875,4901,6190,6844,7456,6283,5736,5323,5104,3510,13482,4214,7410,5082,5042,7067,6688,5909,9310,6143,5384,4900,3309,1891,4198,6172,3509,8373,4976,3887,5406,7462,7866,2334,3409,7539,6877,4774,10537,4505,6019,6043,5785,7388,3838,5580,4104,5325,7149,6311,1883,5580,5444,3001,1237,5422,3732,5500,6249,6854,7761,5622,5541,4522,8081,3747,3242,5049,6440,8496,4349,5552,7310,6982,4844,8868,3622,3646,4488,7949,14952,1206,9205,4914,6032,7372,5942,4993,2096,7966,3741,4765,5308,5881,6970,5895,6100,6103,6564,6306,7185,7055,4213,5564,6243,3276,7963,5950,6151,3754,6225,7310,7961,8974,4078,7777,6296,3317,6715,7111,7100,5146,4895,6321,7394,4528,8014,0,7926,6045,6392,5552,7387,7937,5564,9771,7251,6190,8166,5462,4966,4900,6773,6184,5028,5307,6097,6478,5457,8672,7415,6101,8814,6700,3276,10614,7448,10844,5330,6228,7657,2752,8604,6101,5374,7310,6975,920,9085,6546,4422,6714,7091,5618,6352,6996,5411,3328,5971,6165,5877,6970,6319,6977,5368,6190,4854,7778,7957,5815,5564,5309,8041,1124,7509,5564,6083,5890,1883,4723,6561,5925,5075,2634,6182,6825,6003,8094,5715,6576,5688,6788,7675,7684,8924,7924,7294,6585,4920,7644,6736,6201,4786,7931,3252,5967,7090,6043,6621,7310,4101,2244
3064,2965,7227,6720,4311,8746,6313,2719,4222,2793,5071,7115,5204,3176,4492,3662,3216,4408,4105,3982,4942,4219,6230,3618,5807,2806,7791,5066,4698,6538,5849,6889,3476,3245,3452,2126,5762,3851,2814,6707,6754,6483,6523,4925,6954,5442,7294,4308,3355,5901,658,6865,5164,5327,5316,7099,7771,6493,3726,4337,4079,6582,7246,5674,6033,5156,4479,4067,6873,5674,4246,6446,6734,4021,6057,2423,3163,2948,4032,3917,5304,6425,470,7155,6860,3799,5193,6541,6597,3196,6066,5700,3916,7048,7067,4572,7273,6388,5159,6543,5762,3987,7895,5811,4901,4607,7280,4144,7186,7821,5179,3066,4305,3048,1819,7184,4677,3373,5138,3294,6537,8251,4135,7823,6402,7812,3859,7227,7266,6066,4138,6133,6403,4048,7152,8936,5855,3382,1833,6029,3967,4522,1802,6913,4285,6948,0,7908,3666,3196,4440,9,8251,6584,4586,4942,6346,3061,6828,6707,7477,2911,3313,3283,4002,3717,3751,4943,5100,4302,6858,3499,7823,8774,1855,7709,3384,3257,5445,6197,6764,4302,2857,6066,5414,6785,5643,4660,7206,2930,1823,3894,2511,5435,5277,4128,6066,6337,8564,4305,2649,5416,6341,3455,6981,4049,5463,2394,3858,2813,4312,6752,4883,3858,4377,4184,6873,4035,5574,7281,3384,8253,4476,7155,3013,5428,4467,6961,4440,4122,5855,6123,7104,7064,6434,1319,3972,5975,4181,2683,4913,4109,6697,7978,4425,4337,5374,6066,4222,6775
6844,7551,7969,12322,10005,8766,2371,5485,6324,5853,8190,5930,9834,6818,3984,4453,7351,5512,7840,5816,8061,9422,4445,8248,3826,5839,9315,4878,8539,8955,9374,9117,4728,9032,8636,6070,5596,8108,5580,8935,8051,6632,8975,8044,7527,10338,989,5416,7073,9426,8026,7076,4777,8853,8842,9327,4955,8720,7983,8007,7750,15831,8174,3670,4426,3415,5240,4400,4072,3670,4623,7742,5979,4550,8473,5661,7465,8819,9725,7461,3631,8652,8242,8044,3579,6918,8312,5426,8825,6867,12052,8947,7035,6958,8364,6125,8703,9914,9755,5947,7396,7106,509,9336,7956,4172,6838,9931,8482,1516,3399,7201,8934,7182,6260,13429,8435,8271,8257,9020,8961,12855,4332,7491,9927,377,8116,7969,13551,12052,9925,7064,8820,9742,13622,7532,11457,9076,7261,2260,7086,8286,7555,8743,9978,6614,8087,0,7954,6867,9352,8098,12855,6057,9216,8061,6025,6779,1001,8935,15542,7497,4867,6053,8062,8442,7422,10637,5605,8066,5466,8648,7491,17085,7608,15274,7102,7559,8450,7493,15684,8066,5547,12052,8680,5661,7175,8418,8632,5771,7251,8052,6512,8961,3214,5465,2568,4447,13203,8934,6367,8682,2787,4916,3933,9742,6048,5975,7529,5731,10005,5866,10087,7529,8047,7854,4072,7154,4784,14639,6812,6849,8146,15268,7148,10058,7586,15019,7559,8752,5766,9649,7015,12666,12036,6746,6657,8694,5951,6361,3214,9896,7993,412,9055,8007,8493,12052,6324,6986
2713,2341,4322,2793,2390,9545,6163,3485,4053,2537,1328,5545,2528,3200,4136,3685,1124,4239,524,3813,2138,2298,7029,988,6605,2524,4886,5158,7794,4106,1989,3984,3500,1839,1038,2924,7097,493,3580,3802,4739,4886,3843,2121,4640,3032,7317,4139,1693,2041,3754,5442,5257,1559,1457,4195,8569,3588,368,1401,1143,2723,4341,6473,5678,5954,5278,4865,9226,6473,5044,4882,5417,3879,4310,3189,940,1638,2110,573,6102,3520,3429,4251,6691,1579,1152,7340,3693,1097,2207,2522,1531,7846,4394,4403,4368,2569,8254,4973,7684,1351,7918,1952,2135,4325,5756,2641,4488,11965,5978,1159,1629,1173,2854,3325,1096,656,1482,1405,3829,4174,4933,4918,2542,7836,501,4322,3407,2207,2635,7952,4813,2127,3293,6013,3089,1461,3542,6053,1329,941,3512,4409,2363,5378,3189,7931,0,1097,2046,3200,4174,7382,1910,2138,7145,1942,6852,3802,3617,2287,3337,2457,396,112,1047,3022,6435,721,7657,1050,4918,5234,3565,3850,1350,578,1342,4600,3225,721,2849,2207,1573,5215,7565,1079,4301,3729,3533,1298,4160,1576,6076,3959,6864,7136,4672,1629,1988,1575,6509,4254,6625,2127,6867,3160,771,2837,2390,5182,2962,771,1441,1248,9226,2175,6372,3422,2557,5737,1540,3296,1280,2753,1784,3102,1751,1447,6654,2264,7903,3762,2699,3029,2752,2116,4980,3449,4937,2682,4682,8002,1749,1401,1731,2207,4053,5352
2773,1304,5010,3551,3377,9604,7171,3544,3305,3069,2017,5096,3206,3731,4667,4217,1184,3491,1212,3065,2039,3285,7088,1621,6665,3055,5574,4453,8222,4795,2747,4673,3950,2405,2026,2984,7156,1480,3639,4491,4708,4437,4532,2022,5328,3710,7849,3391,992,2799,3991,4819,4551,2225,2214,4883,8629,4276,1356,1380,1122,3480,5029,6532,5254,6014,5338,4925,5956,6532,5104,4400,4968,4329,4998,3249,1586,2192,3098,960,6162,4208,3857,4939,5943,878,1841,7399,4381,0,2964,3240,830,7906,5082,3655,5057,3287,8682,4524,7744,651,8450,2709,1985,5465,5705,3304,5140,8103,6037,1218,2307,1232,2914,4082,1785,1644,2170,2392,4517,4931,4993,5607,3300,8367,1488,5010,4165,2964,3298,8012,5389,3114,4050,6701,2939,2448,3550,6584,628,1658,3519,5097,3351,4929,3617,8463,1777,0,2724,3628,4931,7327,2588,2039,7204,1048,7383,4491,4375,1250,3868,1529,1434,1815,794,4009,6494,1438,7717,2037,5607,5951,3572,4607,649,1566,2030,4151,3942,1438,3380,2964,2312,4767,7624,1768,4990,3788,3540,978,3221,2334,6135,3211,6924,7195,5430,2307,2519,2314,7199,4313,6202,3115,6927,3219,901,3368,3378,4733,3950,901,1420,1227,5956,1127,6432,4179,1852,6425,1519,4054,1340,3431,1463,3860,1431,2125,6713,3021,7962,4519,3518,3036,1954,2873,5039,3508,5468,3269,4651,8533,2428,1380,2419,2964,3305,4729
3680,2684,5568,3408,1388,19004,7612,4712,5502,3986,2574,6866,1408,4649,5585,5134,2091,5688,2106,5262,3658,1024,8223,1421,7877,3972,5603,6507,8137,5815,2374,5281,4867,2090,830,4119,8291,1578,4807,5048,5985,6206,5089,3640,5886,1800,8766,5588,3142,2656,4097,6588,6605,2132,2121,6217,9764,4834,2267,2297,2040,3108,5587,7744,7127,7226,6473,6060,10472,7744,6239,6169,6737,5247,6252,4417,2567,1890,1856,2131,7374,4766,3773,5497,8140,3028,2398,8534,4939,2996,2822,1904,2980,9041,5640,5852,5614,2705,8598,6293,8879,2800,9367,2337,3382,5774,7338,2387,5990,13211,7249,2125,660,2140,3812,3939,2263,1212,3220,1742,5075,4788,6128,6164,3157,9285,1689,5568,4022,2822,2381,9147,5854,1873,3907,7259,3278,1313,3885,7502,2778,1824,3855,5655,1362,6699,3532,9201,1715,2996,0,3544,4788,8462,235,3658,8339,3391,8300,5048,4232,2630,4786,3906,2004,1719,2327,2020,7629,1976,8852,878,6164,4978,3908,4235,2799,1766,2251,5920,2969,1976,4298,2822,2164,6536,8759,2246,5548,4923,3876,2747,4118,2241,7363,5408,8136,8407,5287,660,3437,2110,7958,5231,7560,1126,8062,4387,2202,4286,1358,6502,1689,2202,2337,2144,10472,3421,7567,4036,4006,6983,2436,3979,2247,1633,3380,3717,3200,640,7848,2879,9097,4376,3313,3372,4201,2501,6174,4676,6386,2428,5928,9451,911,2297,2980,2822,5502,6498
3055,2955,7217,6711,4302,8737,6304,2710,4213,2783,5061,7106,5195,3167,4482,3653,3207,4399,4095,3973,4933,4210,6221,3609,5798,2797,7782,5057,4689,6529,5839,6880,3467,3236,3443,2116,5753,3841,2805,6698,6745,6474,6514,4916,6945,5433,7285,4299,3346,5891,649,6856,5155,5318,5307,7090,7762,6484,3717,4328,4070,6573,7237,5665,6024,5146,4470,4058,6864,5665,4237,6436,6724,4012,6048,2414,3154,2939,4022,3907,5295,6416,461,7146,6850,3790,5184,6532,6588,3187,6057,5691,3906,7039,7058,4563,7264,6379,5150,6534,5753,3977,7885,5802,4892,4598,7271,4135,7177,7812,5170,3057,4295,3038,1809,7175,4668,3364,5128,3285,6528,8241,4125,7814,6392,7803,3849,7217,7257,6057,4129,6124,6394,4039,7143,8926,5846,3373,1823,6020,3957,4512,1793,6904,4276,6939,197,7899,3657,3187,4431,0,8241,6575,4577,4933,6337,3052,6819,6698,7467,2902,3304,3274,3992,3708,3742,4934,5091,4292,6849,3490,7814,8765,1846,7700,3375,3248,5436,6188,6755,4292,2848,6057,5405,6776,5633,4650,7197,2921,1814,3885,2501,5426,5268,4119,6056,6328,8555,4295,2640,5407,6332,3446,6972,4040,5453,2385,3849,2804,4302,6743,4874,3849,4368,4175,6864,4025,5565,7272,3375,8243,4467,7146,3004,5419,4458,6952,4431,4113,5846,6114,7095,7055,6425,1310,3963,5966,4172,2674,4904,4100,6688,7969,4416,4328,5365,6057,4213,6766
6692,6320,2044,2781,5479,20408,11873,6037,5508,5999,3355,6178,3775,6275,7325,6769,5103,5907,4299,5650,3654,4073,15106,4855,11823,5985,1276,9616,11773,2676,2972,2554,6449,5865,4574,6658,16257,4472,6132,2372,2461,2782,2413,3637,2362,4913,10945,5294,4869,3328,7962,3164,9515,3219,2838,2765,17484,2158,4347,4310,3949,2211,2063,11667,10210,11412,9011,8599,7994,11667,7975,2604,3313,6828,2879,6249,4919,5665,5631,4211,11628,2089,7408,1972,9329,4509,3478,15443,2262,5076,2238,4018,4621,14955,2115,5052,2140,2812,12233,3502,15292,4692,12001,3038,4461,7514,3822,6161,2515,10733,11395,5138,4400,5152,6848,927,3843,4646,3088,5384,2398,0,8667,2646,3829,11918,4480,2044,1048,2238,6155,15061,3382,5647,1120,3741,3274,5088,7521,11762,4672,3773,7491,2181,5453,4020,7168,11686,4369,5076,4817,7179,0,16718,4681,3654,16686,5404,10934,2372,1597,6266,6412,5789,3937,4256,4407,6111,13502,3941,15760,4622,2646,5772,7544,3137,4812,4557,3338,2907,3994,3941,6311,2238,3158,6739,15172,3826,2073,7462,7511,4760,7100,3397,11499,5796,12058,12330,701,4400,5449,3160,11456,7701,10941,5217,14044,6563,4283,6298,5480,6706,4738,4283,4350,4157,7994,4501,15445,749,5823,3169,4449,1649,5259,3954,5393,1400,5213,4218,13762,3551,15011,1741,2249,7008,5669,2497,8713,6949,10873,6203,2404,11936,4520,4310,2977,2238,5508,3074
7486,6584,11006,10102,8732,3026,3606,5684,6015,6051,8517,8968,8824,5746,4311,4780,6923,6514,7724,6530,8389,8639,2690,7238,3563,6038,11182,5417,4619,8985,9230,9853,5055,7666,7873,5531,1600,7470,5779,9671,9201,8929,8970,8371,9400,9327,5262,6414,7272,9282,6740,9311,5316,8708,8697,9545,3513,9456,7346,7915,7657,9963,9730,3407,4965,3130,2549,3263,7110,3407,3607,8892,9016,4877,8503,5829,6783,7369,8452,7660,3368,9293,6955,9639,4966,7245,8639,2244,9120,7066,9832,9320,7362,1327,9514,6893,9472,9770,5836,8985,1484,7433,5863,9192,8283,4499,9875,8565,9632,5789,3136,6773,7924,6754,4988,16657,8297,7244,8584,7715,8984,16083,3377,10529,9783,5781,7478,11006,16778,9832,8559,1433,8849,8469,16850,10570,9237,7803,5974,3694,7413,8141,6268,9359,8705,9651,6800,5876,7285,7066,8341,6811,16083,0,8206,8389,238,6978,4797,9671,10858,6531,5194,6110,7621,7337,7620,9364,1500,7921,1969,7638,10529,12394,6321,18502,7301,6877,8777,8643,10384,7921,5875,9832,8795,8699,1754,8279,9618,5767,5964,7514,5240,8816,3239,6234,3527,3456,16431,7924,6565,8797,3769,4115,4472,8469,1053,5800,7727,5383,8732,8903,9304,7727,7955,7762,7110,7481,2021,17866,6148,9887,8054,10536,7346,9048,7914,10343,7887,7742,1295,9504,1383,10446,9816,5459,7371,9021,2905,5918,3803,8530,9143,5947,8045,7915,8820,9832,6015,9221
3544,2628,5432,3272,1225,18841,7476,4656,5366,3850,2439,6730,1272,4513,5449,4998,1955,5552,1971,5126,3248,888,8167,1365,7821,3837,5467,6371,8081,5679,2238,5145,4731,2035,774,4063,8235,1442,4751,4913,5849,6070,4953,3231,5750,1881,8630,5452,3006,2520,4041,6452,6469,1996,1985,6081,9708,4698,2131,2161,1904,2972,5451,7689,6991,7170,6417,6004,10336,7689,6183,6033,6601,5111,6116,4361,2512,1834,1801,1995,7318,4630,3717,5361,8004,2892,2262,8478,4803,2860,2686,1768,2844,8985,5504,5716,5479,2569,8542,6157,8823,2664,9231,2201,3246,5638,7202,2331,5598,13075,7193,1990,604,2004,3756,3803,2127,1157,3084,1687,4939,4652,6072,6028,3021,9149,1553,5432,3886,2686,2325,9091,5718,1817,3771,7123,3142,1257,3830,7366,2642,1689,3799,5519,1199,6563,3476,9065,1580,2860,235,3488,4652,8406,0,3248,8283,3255,8165,4913,4096,2575,4650,3640,1868,1583,2191,1857,7574,1840,8796,822,6028,4842,3852,4099,2663,1630,2115,5784,2833,1840,4162,2686,2028,6400,8703,2110,5412,4867,3820,2611,4063,2105,7307,5272,8080,8352,5151,604,3301,1974,7822,5176,7425,963,8006,4331,2066,4150,1226,6367,1553,2066,2201,2008,10336,3285,7511,3900,3870,6847,2300,3775,2111,1497,3244,3581,3064,504,7792,2743,9041,4240,3177,3316,4065,2365,6118,4620,6250,2373,5792,9315,856,2161,2844,2686,5366,6362
2907,1901,5278,3608,3512,9904,6038,3043,3927,2411,2019,4871,3341,3074,4010,3559,1319,4113,1347,3687,0,2121,7388,1755,5906,2398,5842,5032,8356,5154,2926,4620,3374,2539,2160,3284,7456,1615,3138,4825,4512,4241,4799,1873,4712,3845,7191,4013,1567,2978,4125,4623,5131,2276,2393,5556,8929,4544,1491,288,1257,3659,5042,5774,5552,5255,5637,5225,6310,5774,4804,4204,4519,3753,5592,2875,1720,2326,3232,1094,5403,4476,3992,4951,6565,1453,2141,7699,4649,1284,3338,3374,1405,8206,4825,4277,5325,3256,8817,4328,8044,1225,7792,2888,1790,4199,5509,3438,4944,8725,5278,1353,2442,1367,3474,4261,2264,1778,2086,2527,4785,5110,5293,5874,3479,7710,1623,5278,4343,3338,3432,8312,5193,3249,4229,6721,2743,2583,3684,5927,1203,1793,3654,5365,3486,4734,3752,7805,1851,1284,2859,3763,5110,7627,2723,0,7504,1816,6726,4825,4410,1847,3211,2331,1569,1949,929,4144,6794,1573,8016,2172,5874,6086,3707,4786,1224,1700,2278,3955,4076,1573,2723,3338,2509,4571,7924,2247,5258,4088,3675,782,3726,2512,5169,3833,6165,6437,5608,2442,1862,2511,6383,4113,6499,3250,7227,3189,1036,2711,3512,4537,2785,1036,368,1362,6310,1702,6732,4358,2431,6038,427,4232,1474,3565,1415,4038,189,2260,7013,3200,8262,3952,3322,3959,2626,2522,5339,3575,4811,3403,4455,7876,2562,288,2322,3338,3927,4533
7248,6346,9665,10102,8494,2788,3574,5446,5969,5813,8471,8936,8586,5508,4337,4806,6685,6467,7486,6484,8342,8402,2658,7000,3532,5800,11135,5385,4381,8938,8992,9806,5082,7428,7635,5293,1362,7232,5541,9624,9154,8883,8923,8325,9354,9089,5231,6368,6779,9044,5313,9265,5284,8470,8459,9499,3482,9410,7108,7677,7419,9725,9684,3375,4934,3099,2311,3025,7078,3375,3575,8846,8984,4904,8457,5591,6545,7131,8214,7168,3337,9247,5498,9593,4935,7199,8593,2212,9074,6573,9889,9082,7316,1089,9467,6847,9426,9532,5598,8953,1246,7387,5831,8954,8283,4453,9844,8327,9586,5758,3104,6535,7686,6517,4750,16626,8059,7006,8538,7477,8938,16051,3093,10497,9545,5749,7240,9665,16747,9889,8321,1195,8803,8231,10295,10538,9237,7565,5736,3662,7367,7903,6030,9313,8468,9348,6562,5845,7048,6573,8104,6573,16051,238,7968,8342,0,6485,4765,9624,10620,6293,5148,5872,7383,7099,7128,9126,1262,7683,1937,7400,10497,12156,6083,18470,6808,6639,8730,8597,10146,7683,5828,9889,8557,8667,1516,8041,9571,5529,5726,7276,5002,8579,3207,6188,3495,3425,16399,7686,6073,8559,3738,3877,4440,8231,815,5562,7235,5145,8494,8872,9066,7235,7717,7524,7078,7435,1990,16447,6101,9855,7816,10299,6482,8810,7867,10105,7840,7504,1264,9266,1145,10446,9816,5221,7325,8975,2667,5680,3772,8292,9097,5915,7807,7677,8774,9889,5969,9175
2195,1939,5691,4519,4390,8697,4830,1835,2719,1204,2934,5580,4178,1866,2802,2352,1736,2905,2225,2479,2806,4298,6180,2592,4698,1190,6256,3825,7481,5003,3841,5354,2166,3367,2981,2076,6248,2493,1930,5172,5219,4948,4988,2789,5419,4682,5984,2806,902,3893,3418,5330,3923,3192,3309,5564,7721,4958,2369,2393,3101,4574,5710,4566,4344,4047,4430,4017,5371,4566,3453,4910,5198,2711,4521,1667,1851,3154,4111,1973,4196,4889,3634,5620,4833,1663,3056,6491,5062,1252,4249,4782,1779,6998,5532,3069,5491,4172,7942,5007,6836,1850,6584,3803,2700,2991,5744,4266,5651,6993,4071,1586,3279,1568,2266,5177,3180,2656,3001,3405,5002,6026,4085,6288,4394,6502,2501,5691,5259,4249,4260,7104,4868,4127,5145,7400,3654,3461,2977,4719,1830,2671,2947,5378,4364,5413,3474,6597,2387,1252,3696,3485,6026,6534,3560,2806,6296,0,5518,5172,5469,1885,2003,1123,2447,2391,1807,5022,5587,2451,6809,2992,6288,6964,3000,5702,932,1945,3194,4662,4955,2451,1515,4249,3425,5250,6716,3163,5671,2880,2968,1618,2518,3428,3962,2626,4957,5229,7029,3279,654,3427,5176,2905,5291,4128,6019,1981,1914,1503,4391,5216,4962,1914,2433,2240,5371,1898,5524,5273,1224,6717,2532,5148,1533,4403,2331,4954,2304,3097,5805,4116,7054,4863,4233,2752,1419,3438,4131,2367,3603,4231,5161,6668,3399,2393,3238,4249,2719,5240
5945,6652,7062,10676,9105,8933,1471,4586,4686,4953,7290,5023,8934,5089,3084,3553,6451,4605,6940,4909,7162,8523,3546,7349,2927,4939,8408,3576,7639,7309,8475,8209,4162,8133,7754,5170,4696,7208,4681,8027,7143,5725,8068,7145,6619,9438,999,4509,6174,8527,7127,6168,3475,7953,7942,8420,5123,7813,7084,7108,6850,9208,7267,2770,3519,2515,4340,3500,3165,2770,3723,6835,5071,3651,6827,4761,6566,7920,8826,6562,2732,7745,7343,7137,2672,6019,7413,3882,7917,5968,11144,8047,6136,6059,6402,5218,7796,9015,8856,5040,6497,6206,1216,8437,7056,3273,5930,9032,7575,1526,2499,6301,8035,6283,5361,8883,7513,7372,7357,8120,8054,8867,3432,6584,9028,1156,7216,7062,9004,11144,9026,6165,7912,8856,9076,6625,10549,8190,6361,1360,6187,7386,6656,7836,9093,5558,7187,1230,7055,5968,8452,7199,8344,5157,8316,7162,5126,5879,0,8027,9553,6598,3967,5153,7162,7543,6522,9751,4706,7166,4200,7765,6584,11679,6709,15284,6203,6660,8071,5810,9670,7166,4648,11144,8040,4754,6377,7496,7725,4851,6352,7152,5613,8062,2314,4558,1668,3547,8657,8035,5467,8042,1888,4016,3026,8857,5148,5076,6629,4832,9120,4958,9187,6629,7148,6955,3165,6255,3884,8705,4921,5942,7247,9782,6248,8903,6687,9588,6660,7853,4866,8749,6042,11759,11128,5846,5750,7794,4563,5462,2315,8997,6031,1618,8156,7108,7594,11144,4686,6079
6844,5096,1180,3360,5578,17520,9434,5641,4454,5662,4037,4268,4701,5879,6271,5716,4706,4853,4397,4676,3734,4172,12218,4954,9913,5676,1744,6202,12078,1748,4788,205,5395,5963,4673,6262,13368,4552,5736,0,1597,1918,1499,3717,1498,5901,9035,4240,4265,4487,8218,2300,6300,3318,3765,2150,14596,1244,4428,4391,4030,4027,1199,9757,8300,9502,8616,8203,6084,9757,6921,1740,2449,5775,2186,5853,5000,5763,5729,4292,9718,1176,8434,1109,7419,3909,3582,12555,1348,4410,3090,4944,3703,13045,1252,3998,1226,4628,12742,2638,11022,3774,10091,3965,3151,6460,3272,6260,1601,8823,9485,4741,4498,4755,6452,2743,3942,4745,2964,5464,1485,2204,8271,1776,4988,10031,4560,1180,2864,3090,6254,13151,1787,5746,2936,2871,2495,5186,7453,9324,3754,3872,7747,1267,5552,3156,7135,9776,4468,4410,4916,7147,2204,13830,4780,3734,13798,4320,9024,0,3413,5043,5381,5660,4035,4355,4317,6210,11592,4023,12872,4720,1776,6833,7800,4623,4089,4638,3436,2043,5480,4023,5726,3090,4000,4829,10902,3924,1159,7066,7443,4841,6704,4021,9588,4823,9632,10420,2517,4498,5179,4002,9546,6543,9031,5316,12134,6167,4363,5662,5579,4796,4836,4363,4431,4238,6084,3583,12557,2565,5428,2595,4530,3465,4862,4880,4573,3216,4546,4316,11852,4709,13028,3557,3074,6938,5273,3423,8317,6553,7072,6301,1540,10026,4619,4391,3903,3090,4454,2210
5770,5397,2868,1326,4557,21233,11270,5883,6716,5077,2433,7003,2852,5739,6675,7977,4181,7115,3376,6938,2731,3151,10053,3747,8571,5063,2101,8463,10850,4010,1997,3476,7656,4942,3652,5949,10121,3549,5978,2092,3286,3607,3238,2714,3186,3990,11445,6501,3946,2698,6810,3989,8562,2297,1916,4411,18308,2982,3425,3388,3027,1236,2887,8439,9265,7920,8303,7890,8818,8439,7469,3429,4138,8036,4447,5540,3997,4742,4708,3289,8069,2914,6486,2797,9254,3586,2555,16268,3087,4154,1315,3095,3703,10871,2940,6260,2965,1837,11311,4327,10709,3891,12825,2351,3407,6864,5533,5239,3706,11558,7944,4215,3477,4229,6139,263,2920,3713,2166,4461,3223,1287,7958,3471,3200,12765,3557,2868,345,1315,5233,11080,4049,4725,231,4566,2352,4165,6598,11159,3868,2851,6568,3006,4530,4845,6245,12511,3446,4154,3894,6257,1287,10407,3758,2731,10169,4481,11759,2092,0,5343,5876,4866,3014,3334,3485,5189,9460,3018,16585,3699,3471,5488,6621,1349,3889,3635,2415,3732,3656,3018,5388,1315,2236,7564,10589,2903,2898,6753,6589,3838,6391,2474,7835,7084,11467,9102,1785,3477,4527,2238,11381,6778,10867,4294,9902,5854,3360,5376,4557,7530,3815,3360,3428,3235,8818,3578,9397,534,4206,3994,3527,409,4337,3031,4471,215,4290,3295,9678,2921,10854,608,1115,6085,4308,1574,8004,6240,7476,5280,3228,12760,3598,3388,2054,1315,6716,3899
2368,82,5453,4280,2470,9199,6766,3139,4209,2693,2460,5543,2755,3355,4291,3841,779,4395,1655,3968,2562,2378,6683,1169,6260,2679,6017,5314,7242,5826,3121,5292,3655,1425,1611,2579,6751,1411,3234,4934,5184,4913,4974,2545,5384,3258,7473,4295,1849,3173,3202,5295,5412,2691,2588,6227,8224,4719,1286,1846,1588,3854,5472,6127,5833,5608,4932,4520,6860,6127,4699,4876,5444,4035,6263,2843,723,1212,2191,1412,5757,4651,2878,5382,6846,1734,2283,6994,4824,1969,4067,3251,1686,7501,5497,4559,5500,3701,7703,5000,7338,1507,8073,3083,2461,5060,7349,2324,5616,9007,5632,813,1855,827,2917,4456,2228,1175,2613,1453,4960,5305,4587,6049,3674,8013,1418,5453,4539,4067,2318,7606,5865,2207,4424,7144,3415,1541,2991,6208,1484,2072,2960,5540,2444,5405,2638,8087,1264,1969,2273,2649,5305,7037,2137,2562,6799,2097,7007,4934,4749,0,3492,2612,1848,1268,1246,3102,6089,1852,7311,1569,6049,6325,3013,4981,1505,817,2473,4627,4315,1852,3004,4067,2704,5243,7219,2210,5433,3383,2981,1454,3609,2707,5730,4115,6518,6790,5803,1855,2143,2706,6794,3908,6550,2208,6532,2814,1353,2992,2471,5209,3043,1353,1886,1693,6860,1983,6027,4553,2713,6191,1985,4427,935,2979,1939,4233,1906,1673,6308,3395,7484,4624,3994,2478,2908,3247,4634,3103,5092,2289,5127,8475,1976,1846,2994,4067,4209,5205
3893,4599,4662,7303,7029,7679,3108,1795,966,1816,4846,4483,6649,278,1080,525,4376,1464,4865,1481,4718,6447,4568,5273,2977,1830,6132,1730,6584,3935,6399,5231,190,6057,5678,2416,5289,5133,1890,5049,4151,3880,3920,4700,4351,7363,4262,1365,3934,6451,5115,4262,1829,5878,5867,4496,6109,4834,5008,5032,4775,7132,4681,2844,2532,2326,3316,2858,3942,2844,1731,3843,4131,569,3454,2007,4490,5844,6750,4612,2474,4244,5331,4590,3392,3574,4968,4521,4071,3892,7089,5971,3691,5980,4464,1844,4423,6939,7045,3940,5728,3762,4863,6361,4612,1270,4677,6956,4583,4789,2349,4226,5959,4207,2606,7131,5092,5296,4913,6044,3935,6592,2604,6165,6952,4803,5141,4662,7253,7089,6950,6086,3800,6766,7324,6333,6437,6101,4674,2997,3742,5311,4644,4310,7003,4345,5171,4876,5382,3892,6377,5183,6592,5516,6241,4718,5278,3355,3796,5049,8104,4546,0,2709,5087,5467,4447,7662,4627,5091,4838,5690,6165,8359,4697,7504,3759,5218,5106,3594,6350,5091,1239,7089,5964,4183,5608,5074,4568,1764,4665,4445,2858,5986,2240,1185,3236,3429,6905,5959,3391,5967,3454,1576,3056,6767,5069,2321,4554,1816,7030,4149,7112,4554,5072,4879,3942,3810,3673,6953,2477,5650,5171,7853,4172,6828,4243,7512,4215,5777,4787,6674,5963,7646,7016,3092,2322,5350,3023,2707,1881,6921,4094,4946,6080,5032,5149,7089,966,4172
1708,2417,5079,4566,4868,8209,4342,1347,2108,716,2981,4939,4736,1378,2314,1864,2214,2294,2703,1867,2853,4285,5692,3111,4211,702,5644,3213,6993,4391,3888,4742,1678,3895,3516,1588,5761,2971,1442,4560,4607,4336,4376,2836,4807,5240,5496,2194,1331,3940,2930,4718,3311,3458,3356,4952,7233,4346,2846,2870,2613,4621,5099,4078,3856,3559,3942,3529,4771,4078,2800,4298,4586,2058,3910,1179,2328,3682,4588,2450,3708,4278,3146,5008,4221,1710,3103,6004,4527,1730,4353,3810,1826,6510,4920,2458,4879,4219,7454,4396,6348,1897,6096,3850,2747,2504,5133,4794,5039,6381,3583,2064,3837,2045,1779,5223,3227,3134,3048,3883,4390,6103,3597,5676,4441,6036,2979,5079,5306,4353,4788,6616,4256,4605,5191,6788,3701,3939,2489,4231,1877,3149,2459,4766,4841,4801,2986,5930,3418,1730,4254,2998,6103,6046,4118,2853,5808,1037,5030,4560,5516,2363,1515,0,2925,3305,2285,5500,5099,2929,6321,3528,5676,7442,2512,5749,1894,2423,3241,4050,5432,2929,1027,4353,3471,4638,6228,3210,5059,2392,2480,2600,2030,3475,3474,2014,4469,4741,6417,3837,896,3474,4688,2417,4290,4605,5541,1493,2392,1015,4868,4605,4950,2392,2910,2718,4771,1945,5345,5320,612,6105,3009,5195,2011,4960,2378,5001,2351,3655,5317,4163,6493,4910,4280,2264,1233,3485,3643,1879,3115,4759,4550,6180,3957,2870,3285,4353,2108,4628
3480,2604,4374,2719,2582,10312,7153,4158,5043,3527,1381,5568,2428,4189,5125,4675,1891,5229,576,4803,2190,2434,7795,1350,7022,3513,4938,6148,9026,4158,1929,4037,4408,2968,1432,3691,7864,1378,4254,3855,4791,4938,3895,2173,4692,2932,12484,5129,2595,1981,4986,5320,6246,1408,1397,4247,9336,3640,1259,1838,1580,2662,4393,6889,6667,6371,6045,5632,9533,6889,5776,4900,5469,4787,4362,3990,1826,2767,2734,1718,6519,3572,4662,4303,7681,2235,1204,8107,3745,1988,2147,2422,2352,8613,4446,5393,4421,2469,9487,5025,8451,2341,8908,1892,2188,5315,6349,3264,4540,12272,6394,1926,1529,1940,3621,3265,1149,1359,1534,2632,3881,4114,5700,4970,2482,8848,1489,4374,3347,2147,3258,8719,4865,2750,3233,6065,3141,2190,4775,7042,2318,841,4744,4461,2556,5430,4422,8921,1110,1988,1946,4433,4114,8034,1810,2190,7911,2932,7841,3855,3557,2551,4327,3447,0,997,1914,3214,7202,621,8424,1444,4970,5134,4798,3790,2340,1566,1394,4652,3124,621,3838,2147,1495,5268,8331,1131,4354,4495,4765,2288,4842,1516,6285,4949,7281,7552,4612,1529,2977,1497,7499,5228,7384,2320,7644,4305,1789,3826,2583,5234,3099,1789,1878,1685,9533,2227,7139,3362,3547,5789,1977,3236,2047,2358,2921,3042,2741,1346,7420,2204,8596,3702,2639,4262,2958,2056,5746,4691,5927,3305,4734,13475,1649,1838,1783,2147,5043,5230
2787,1787,4438,2936,2463,9619,6147,3152,4036,2521,1445,5371,2645,3183,4119,3669,1198,4222,641,3796,2390,2651,7102,1062,6015,2507,5003,5142,7867,4223,2146,4101,3483,1912,1112,2998,7171,567,3247,3919,4856,4741,3960,2372,4756,3149,7301,4123,1676,2198,3827,5123,5240,1625,1614,4312,8643,3705,442,831,574,2879,4457,5883,5661,5364,5352,4939,6688,5883,5118,4703,5272,3863,4426,2984,1014,1712,2184,647,5513,3636,3503,4367,6674,1562,1269,7414,3809,1171,2364,2639,1514,7920,4510,4386,4485,2686,8328,4828,7758,1335,7901,2108,2289,4308,6414,2714,4604,8834,5388,1233,1746,1247,2928,3482,1213,730,1598,1478,3945,4331,5007,5035,2699,7841,575,4438,3564,2364,2709,8129,4929,2200,3450,6130,3243,1535,3616,6036,1312,1058,3585,4526,2437,5233,3263,7914,112,1171,2163,3274,4331,7456,2027,2390,7218,1925,6835,3919,3774,1734,3320,2440,305,0,1121,3096,6509,838,7731,1123,5035,5351,3639,4007,1333,652,1459,4455,3341,838,2832,2364,1712,5070,7638,1196,4418,3802,3606,1281,3835,1733,5279,3943,6274,6546,4829,1746,1971,1714,6493,4222,6378,2201,6951,3233,844,2820,2464,5037,3316,844,889,679,6688,1811,6446,3578,2541,5853,970,3453,1354,2575,1767,3259,1734,1563,6728,2421,7903,3919,2856,3103,2736,2272,5053,3522,4920,2756,4798,8303,1866,831,1847,2364,4036,5033
2274,1275,4694,3513,2951,9106,6014,3046,3904,2388,1923,4775,2708,3050,3987,3536,685,4090,897,3664,1794,2725,6590,1122,6166,2374,5259,5009,7723,5058,2431,4524,3350,1906,1510,2485,6658,1106,3141,4729,4417,4145,4216,1777,4616,3212,7168,3990,1238,2483,3492,4527,5107,1910,1899,5460,8130,3961,981,1064,807,3164,4714,6034,5528,5515,4839,4426,6214,6034,4605,4108,4676,3730,5496,2750,1087,1693,2672,335,5663,3892,3359,4623,6542,1123,1525,6901,4065,658,3242,2924,1075,7407,4729,4254,4741,2971,8184,4232,7245,896,7769,2393,1694,4176,5413,2805,4848,8702,5539,720,1809,734,2415,3766,1469,1269,1990,1934,4202,4616,4494,5291,2984,7709,1114,4694,3849,3242,2799,7513,5097,2688,3735,6386,2647,2022,3051,5904,873,1343,3021,4782,2925,4638,3118,7782,1218,658,2226,3130,4616,6943,2090,1794,6706,1793,6702,4729,4059,1221,3188,2308,1119,1221,0,3583,5996,1123,7218,1522,5291,5636,3074,4292,895,1191,1715,3859,3626,1123,2699,3242,1996,4475,7126,1452,4674,3290,3042,686,3669,2018,5637,3810,6425,6697,5114,1809,1838,1999,6360,3815,6245,2689,6438,2721,400,2687,2952,4441,3390,400,1104,911,6214,1372,5933,3863,2408,5424,1203,3738,841,2932,1319,3544,1139,1626,6215,2706,7390,3856,3226,2538,2603,2426,4541,3010,4788,2770,4359,7853,1929,1064,2226,3242,3904,4437
4946,3446,6855,4731,872,18258,9068,5473,6741,5225,3862,8049,2685,5931,7246,6416,3385,6927,3345,6501,4461,2312,8984,2479,8561,5211,7420,7820,8898,6883,3987,6518,6149,2840,1889,4880,14251,2855,5569,6336,7273,7419,6377,4443,7173,2317,10048,6827,4381,3993,4858,7801,7919,3420,3409,6729,10525,6122,3506,3536,3278,4720,6874,8429,8788,7910,7234,6821,12014,8429,7000,7382,7950,6529,6843,5178,3329,2639,2605,3370,8058,6053,4534,6784,9379,4266,3686,9296,6226,4235,4159,3097,4218,14223,6927,7091,6902,4318,11100,7506,13538,4039,10649,3949,4669,7362,8406,3136,7277,14754,7933,3419,1718,3433,4573,5277,3551,2496,4015,2504,6362,6126,6889,7452,4495,10589,2965,6855,5359,4159,3130,13910,6922,2622,5245,8546,4891,2062,4647,8784,4016,3112,4616,6943,846,7912,4294,10483,2954,4235,1568,4305,6126,9338,1512,4461,9100,4630,9583,6336,5570,3392,6068,5015,3538,2958,3566,0,13589,3264,9613,2060,7452,6908,4670,5848,4038,3423,3538,7133,4555,3264,5611,4159,3507,7749,13419,3533,6835,5685,4637,4060,4880,3528,8047,6647,8820,9092,6624,1718,4675,3509,9096,5993,8843,1239,13952,5148,3441,5568,1135,7715,2976,3441,3576,3383,12014,4709,8328,5374,5245,8270,3675,5248,3541,3219,4693,5054,4513,1890,8610,4216,14206,5714,4651,4134,5439,4113,6936,5437,7668,3177,7215,10733,1970,3536,4264,4159,6741,7711
6317,5494,8856,9247,7641,3868,3437,4957,5161,5325,7662,8463,7733,4889,3485,3954,6823,5659,7312,5676,7534,7549,3062,6147,2955,5311,9826,4808,3874,8130,8847,8924,4229,6575,6536,4441,510,6380,5053,8742,8346,8075,8115,7517,8546,8237,5048,5559,6546,8899,5649,8457,4707,8325,8314,8691,4950,8528,6256,7480,7222,9580,8875,2798,4357,2522,1458,2173,6501,2798,2979,8037,8407,4051,7648,5133,5692,6278,7362,6934,2760,8460,5865,8784,4357,6391,7785,3302,8265,6339,8977,8229,6507,2170,8659,6039,8618,9387,5090,8134,2003,6578,5649,8809,7428,3645,9266,7474,8778,5575,2527,6673,6834,6655,3897,10182,7908,6154,7729,6624,8129,10285,2240,10024,9400,5589,6388,8856,10265,8977,7468,2276,7995,7378,10150,10065,8382,6712,4883,3783,6558,7758,5178,8505,7615,8540,5709,5483,6195,6339,7251,5721,10285,1706,7115,7534,1468,6251,4582,8742,10475,5440,4339,5525,7534,6247,6894,8273,0,7538,3126,6547,10024,11303,5231,10707,6575,5786,7922,7789,9294,7538,5020,8977,8412,8090,1883,7891,8763,4025,4874,6423,4149,8433,2630,5379,3190,3383,10599,6834,5839,8414,3465,3025,3863,7379,654,4709,7001,4526,7642,8295,8214,7001,7520,7327,6501,6626,1948,10279,5293,9382,7619,10153,6620,7958,7059,9960,7032,6652,977,9121,2153,9591,8961,4368,6007,8166,2118,5062,3194,7439,8289,5732,6954,7480,7966,8977,5161,8367
2930,2055,4884,3382,2032,9762,6593,3702,4483,2967,1891,5729,1878,3629,4565,4115,1342,4668,1087,4242,2748,1885,7246,800,6822,2953,5449,5588,8477,4669,2845,4547,3847,2418,883,3141,7314,829,3797,4365,5370,4937,4406,2730,5203,2382,7747,4569,2123,2644,4437,5481,5686,2071,2060,4758,8786,4151,710,1278,1020,3578,4904,6690,6107,6171,5495,5082,10043,6690,5261,5061,5630,4227,4872,3406,1276,2218,2184,914,6320,4083,4113,4813,7120,2008,1715,7557,4255,1438,2810,2374,1960,8063,4956,4832,4931,3132,8938,5186,7901,1781,8347,2807,2647,4755,6860,2714,5802,9281,6195,1376,979,1390,3071,3928,1659,810,2045,2082,4392,4777,5150,5481,3146,8287,939,4884,4010,2810,2708,8273,5376,2200,3896,6576,3601,1641,3707,6482,1758,226,3677,4972,2006,5591,3872,8360,560,1438,1396,3884,4777,7484,1260,2748,7362,2371,7281,4365,4220,2001,3766,2886,378,448,1308,2664,6652,0,7874,894,5481,5449,3730,4705,1779,1017,1905,4813,3439,0,3278,2810,2158,5428,7782,1642,4864,3946,3698,1639,3378,2179,6309,4389,7081,7353,5275,979,2417,2160,6939,5047,6824,1770,7095,3377,1112,3266,2033,5395,2549,1112,1318,1125,10043,2257,6898,4025,2987,6299,1417,3899,1497,2103,2272,3705,2092,797,6871,2867,8046,4365,3302,3194,3182,2719,5197,3666,5366,2756,5312,8431,1100,1278,2294,2810,4483,5391
7050,6758,10384,9981,8905,4368,2560,5691,5894,6058,8396,8345,8997,5636,4189,4658,7557,6392,8046,6409,8267,8813,1546,7411,2914,6045,10559,4767,6483,8863,9303,9657,4934,7839,8046,5518,2060,8313,5786,9476,9079,8808,8848,8250,9279,10037,4216,6293,7279,9355,6913,9190,4666,9058,8770,9424,1219,9261,8189,8213,7955,10036,10589,2326,4315,2502,3184,3324,6383,2326,3485,8771,8289,4756,8382,5867,6956,7542,8626,7667,2719,9193,7129,9517,4316,7124,8518,275,8999,7073,9710,9152,7241,3026,9392,6772,9351,10120,7699,8258,3183,7312,5483,9265,8162,4378,9148,8738,9511,4743,2486,7406,8098,7388,5162,15611,8641,7418,8463,7889,8862,15037,3256,9906,9856,4970,8321,10384,15732,9710,8732,3132,8728,8642,15804,9947,9115,7977,6148,2648,7292,8492,6442,9238,8879,9028,6973,5347,7459,7073,8515,6985,15037,1848,8379,8267,1937,6985,3751,9476,16281,6704,5072,6259,8268,7511,7627,9538,3449,8272,0,7811,9906,18842,6495,17456,7308,7051,8655,8522,10775,8272,5753,9710,8886,7972,3453,8624,9496,4948,6138,7687,5413,8889,2589,6112,2481,2410,15385,8098,6572,8888,2723,3921,3822,8643,2752,5794,7735,5273,8906,8176,9478,7735,8253,8060,6383,7360,1900,15433,6026,9264,8352,10609,7353,9222,7792,10415,7765,7916,2831,9577,3009,10324,9694,5633,6740,8899,3846,5809,3153,8703,9022,5090,8218,8213,8699,9710,5894,9100
3294,1766,5463,3920,1343,9821,7388,3794,5061,3545,2470,6469,2090,4251,5566,4737,1705,5247,1665,4821,3488,1700,7305,602,6881,3531,6027,6141,7219,5714,3056,5126,4469,1406,47,3200,7373,1840,3889,4944,6110,5677,4984,3471,5781,2317,8748,5147,2701,3183,3179,6221,6239,2649,2598,5336,8845,4729,1826,1856,1598,3789,5482,6749,7108,6230,5554,5141,10622,6749,5320,5802,6370,4849,5451,3498,1649,1206,1172,1690,6379,4661,2854,5392,7699,2586,2294,7616,4834,2555,3348,2586,2539,8123,5535,5411,5510,3387,7679,5926,7960,2359,9348,3018,3387,5682,7107,1703,6542,9275,6254,1739,1191,1753,2893,4466,2238,394,2623,1131,4970,5315,5209,6059,3684,9288,1958,5463,4549,3348,1697,8332,6791,1189,4434,7154,4341,629,2967,7483,2337,2083,2937,5550,1317,6331,2614,9362,1274,2555,1181,2625,5315,7659,1472,3488,7421,2950,8282,4944,4759,1712,4388,3465,1563,1278,1886,1975,6711,1863,7933,0,6059,5660,2990,4917,2358,1743,2483,5553,3650,1863,3931,3348,2714,6169,7841,2221,5443,4005,2958,2380,3585,2717,6368,4967,7140,7412,5814,1191,2995,2716,7416,5106,7825,1081,7154,3469,1761,3888,1344,6135,2364,1761,1896,1703,10622,2836,6649,4563,3565,6878,1995,4661,1861,2314,3013,4243,2833,1008,6930,3405,8105,4903,3840,2454,3760,3182,5256,3758,6367,1744,6053,9432,1311,1856,2872,3348,5061,6131
6627,7128,794,5557,6895,15219,7661,5424,5436,5445,4445,1967,6195,5662,7253,6698,5912,5836,5292,5037,4462,6747,9917,5663,8429,5459,2140,5405,15409,2063,5183,1941,6377,6626,5756,6045,11067,5280,5519,1759,1626,1947,1800,4445,1084,7245,6733,5222,5630,5550,8001,2329,5303,5515,4965,2152,12294,1545,5156,5118,4758,4423,999,8273,5999,8018,8399,7986,3782,8273,7904,1769,2478,6757,2266,5636,5727,6425,6897,5020,8234,1477,8217,869,5117,5270,3883,10253,1649,5775,4449,6438,5387,11561,995,4981,1528,5023,16709,2386,11898,5458,7789,5460,4189,7443,2987,7428,1582,6522,8001,5946,5842,5960,6235,3139,4836,5443,4598,6192,1786,2599,8054,0,6051,7729,5288,794,3260,4449,7422,11667,2152,6914,3332,357,4692,6248,7236,7550,5438,5154,7530,1568,6869,2650,7976,7474,5423,5775,6259,7987,2599,11528,6123,4462,11497,5685,6723,1759,3808,7074,5799,5443,4930,5310,5216,7527,10108,4934,10571,5757,0,7229,7583,5018,5454,5365,4850,2073,5876,4934,5509,4449,5081,2528,11778,4819,1457,6849,7226,5568,6487,5084,8104,5183,7858,8936,2913,5842,6258,5083,8078,6899,7547,6633,10650,5950,5091,5445,6896,2494,7412,5091,5158,4965,3782,5262,10255,2961,5211,1295,5257,3860,6067,6374,5938,3611,5911,5659,10368,5772,11544,3953,5271,6721,5056,4709,8100,6336,7479,7469,1569,7724,5962,5118,4866,4449,5436,2239
5512,5412,6308,3157,4228,12655,8789,5969,6242,5163,3315,7502,1855,5825,6761,6311,3923,6428,3240,6002,3420,2856,10139,3611,8657,5149,4821,7390,10865,5308,1336,4774,6043,4806,3515,6035,10207,3411,6064,4980,6725,6872,5829,3403,6626,2993,9943,7800,4529,2419,6825,7254,7488,2413,2052,5710,11680,5574,3489,3474,3216,2021,6327,8525,8303,8006,8389,7976,11467,8525,7555,6834,7403,6423,5746,5626,3858,4606,4572,3353,8155,5506,6501,6237,8880,4169,3138,10450,5679,4218,2585,2129,4286,10957,6380,7559,6355,1256,11326,6959,10795,3977,10543,1499,4122,6950,6832,5102,6682,14206,8030,3958,2859,3972,6540,3165,2784,3588,2983,4470,5815,4006,8044,6904,2920,10483,3621,6308,3248,2585,5097,11166,5347,4588,3133,7999,3041,4029,6614,8678,3954,2714,6583,6395,4202,7364,6260,10556,3310,4218,2874,6272,4006,10493,2738,3420,10255,4567,9477,4980,3458,5358,5962,4952,2878,3198,3549,4861,9545,2882,10768,3563,6904,0,6636,2487,3975,3699,2503,6586,431,2882,5474,2585,1948,7202,10364,2767,6288,6839,6604,3923,6477,2171,7921,6148,8986,9188,4505,2859,4613,1894,9135,6864,8737,3966,9988,5940,3424,5462,4198,7168,3521,3424,3513,3321,11467,4161,9483,3264,4789,7723,3612,2893,4079,1773,4556,2935,4376,2900,9453,2641,10628,3602,3076,6100,4891,2263,7779,6326,7562,5144,6651,10627,2807,3474,2743,2585,6678,7164
3502,3402,6946,6991,4664,8257,6033,2439,3942,2512,5508,6835,5665,2896,4211,3382,3654,4128,4575,3701,5380,4571,5950,4056,5526,2526,7511,4785,4854,6258,6201,6609,3196,3598,3805,1845,5946,4288,2534,6427,6474,6041,6243,5362,6674,5795,7014,4028,3793,6253,791,6585,4884,5680,5669,6819,7490,6213,4164,4774,4517,6934,7003,5394,5753,4875,4916,3786,6593,5394,3965,6165,6453,3576,5776,2143,3600,3385,4384,4228,5024,6144,1006,6912,6579,4236,5630,6261,6317,3634,6419,5773,4353,6711,6787,4292,6993,6741,5314,6262,6026,4424,7614,6163,5339,4327,6999,4497,6906,7541,4899,3504,4765,3485,1538,7537,5148,3726,5575,3647,6257,8386,3854,7543,6754,7554,4296,6946,7619,6419,4491,6398,6123,4401,7505,8655,6293,3735,457,5749,4404,5372,156,6633,4637,6668,1152,7627,4137,3634,4793,1164,8386,6106,5047,5380,5868,3499,6548,6427,7829,3348,3033,3567,4473,4188,4189,5296,5364,4773,6578,3852,7543,10386,0,8062,3822,3695,5798,5917,7396,4773,2576,6419,5767,6505,5907,5131,6926,2650,467,4331,2230,5788,4997,3848,5785,5979,8284,4765,3086,5769,6061,2958,6701,4401,5727,2114,4296,2533,4664,6472,5236,4296,4814,4621,6593,4472,5294,7633,3797,7972,4913,7508,3450,5889,4905,7314,4878,4583,5575,6476,6694,7974,6871,838,3993,6327,4214,2403,4633,4462,6417,8016,4886,4774,5811,6419,3942,6495
6840,6740,3964,3004,5556,23563,14003,6880,7861,6248,3733,8308,3183,6911,7847,7396,5251,8261,4568,8084,3903,4184,18261,5124,14771,6235,3196,9609,12193,5155,2200,4621,7129,6134,4843,7051,19411,4738,6975,3462,4381,4702,4333,3886,4282,4321,12750,7647,5246,2902,8153,5084,9707,3469,2859,5557,20638,4078,4597,4559,4199,2052,3983,14614,10411,9096,9405,8992,10124,14614,8497,4524,5233,7509,5593,6712,5186,5934,5900,4461,9245,4010,7828,3893,11459,4886,3855,18597,4182,5325,2461,3456,4999,11973,4036,7406,4060,2040,12653,5422,11811,5070,14131,2554,4838,8036,6679,6430,4435,12863,9120,5285,4187,5300,7311,1541,4112,4915,3466,5798,4319,2382,9060,4566,3403,14071,4729,3964,1623,2461,6424,12182,5194,5916,1509,5661,3524,5357,7941,13892,5050,4042,7911,4101,5530,8383,7588,13816,4638,5325,4202,7599,2382,11509,4066,3903,11271,5653,13064,3462,1833,6686,7048,6038,4206,4525,4657,6188,10561,4194,18915,4891,4566,4599,7964,0,5070,4806,3587,4828,1518,4194,6560,2461,2739,8221,11691,4095,3993,7855,7932,5009,7563,2978,9006,8230,14200,18448,2880,4187,5699,2741,14419,7853,13889,5294,11004,7026,4532,6548,5526,8187,4849,4532,4599,4406,10124,4878,18599,1482,5505,5089,4698,1559,5407,3101,5642,1310,5462,4486,10780,3124,11956,1978,2485,7428,5608,2746,9106,7412,8648,6472,4324,14066,4135,4559,3226,2461,7861,4994
2270,1497,4982,3568,3482,9101,5533,2538,2667,1907,1931,5527,3318,2569,3505,3055,1296,2853,1324,2426,1803,3335,6585,1732,5402,1893,5686,4455,7555,5114,2859,4580,2869,2516,2121,2481,6653,1592,2633,4785,4472,4201,4935,1786,4672,3822,6687,2753,399,2911,3492,4583,4553,2408,2326,5515,8126,4388,1468,1492,1234,3592,5001,5269,5047,4750,4834,4422,5318,5269,4156,4163,5145,3249,4469,2370,1409,2303,3282,1071,4899,4320,3708,4910,5304,379,2053,6896,4493,881,3355,3351,594,7403,4785,3017,5168,3398,8016,4955,7240,414,7287,2821,1749,3695,5692,3415,4904,7424,4774,1330,2419,1344,2970,4194,2177,1755,1998,2504,4949,5043,4490,5718,3412,7227,1600,4982,4276,3355,3409,7612,5153,3298,4162,7347,2703,2632,3051,5422,392,1770,3021,5325,3456,5360,3729,7300,1828,881,2836,3740,5043,6939,2700,1803,6701,454,6221,4785,4369,1444,2706,935,1546,1926,906,4115,5991,1550,7213,2132,5718,6063,3074,4719,0,1677,2191,3915,4053,1550,2218,3355,2421,5197,7121,2160,5101,3285,3042,742,3221,2445,4665,2573,5660,5854,5541,2419,850,2424,5879,3608,5994,3220,6434,2684,1013,2206,3483,5164,4000,1013,1531,1339,5318,891,5929,4291,1258,5479,1630,4127,1451,3542,1328,3971,1194,2237,6210,3133,7386,3912,3282,2538,1361,2435,4536,3070,4306,3380,4415,7689,2539,1492,2235,3355,2667,4493
2719,2465,4775,3286,2455,9550,5936,2941,3825,2310,1781,5189,2302,2972,3908,3458,1130,4011,977,3585,2179,2308,7034,1113,5805,2296,5339,4830,7918,5443,2483,4437,3272,1963,1163,2930,7102,617,3036,4255,4801,4530,4296,2161,5001,2805,7090,3912,1466,2535,3878,4912,4928,2012,1950,4648,8575,4041,493,1168,910,3216,4794,5672,5450,5153,5284,4871,6477,5672,4559,4492,4808,3652,4762,2773,340,1763,2235,1028,5302,3973,3554,4704,6463,1351,1605,7345,4146,1586,2700,2798,1303,7852,4847,4175,4821,3022,8379,4617,7690,1124,7690,2445,2078,4097,6966,2765,5233,9397,5177,1164,1402,1178,3372,3818,1549,780,1935,1529,4282,4667,4939,5371,3036,7630,625,4775,3901,2700,2759,7958,5482,2251,3786,6466,3032,1585,3666,5825,1101,1394,3636,4862,2429,5022,3313,7703,586,1586,1819,3325,4667,7388,1683,2179,7150,1714,6624,4255,4111,2411,3109,2229,1170,590,863,3088,6440,1174,7663,1174,5371,5687,3689,4343,1122,0,1795,4244,3678,1174,2621,2700,2048,4860,7570,1532,4754,3734,3657,1071,3624,2069,5068,3732,6063,6257,5166,1402,1760,2050,6282,4011,6397,2193,6883,3087,970,2609,2456,4826,2973,970,1208,1015,6477,1600,6378,3915,2330,6190,1307,3789,1286,2526,1704,3595,1523,1220,6659,2757,7835,4241,3611,3153,2525,2609,4985,3473,4709,2807,4744,8092,1523,1168,2610,2700,3825,4822
3909,3663,4559,1952,2671,10906,7040,4045,4929,3413,1566,7647,1846,4076,5012,4561,2320,5115,1491,4689,2375,1265,8390,1801,6908,3400,4147,5934,9116,4104,1148,3570,4294,3057,1766,4286,8458,1807,4140,4039,4976,5123,4080,2358,4877,2995,12414,5016,2780,1200,5076,5505,6032,412,616,4506,9931,3825,1740,1724,1467,1882,4578,6776,6554,6257,6640,6227,9463,6776,5662,5085,5401,4674,4541,3877,2255,2857,2823,1604,6405,3757,4752,4488,7567,2420,1389,8701,3930,2925,1366,2089,2537,9208,4631,5279,4605,1479,9577,5210,9046,2608,8794,1111,2373,5201,5627,3353,4981,12202,6280,2354,1592,2369,4476,2484,1035,1839,1719,2721,4066,3333,6295,5155,1702,8734,1872,4559,2566,1366,3348,9314,4143,2839,2452,6250,2052,2280,4864,6929,2205,965,4834,4646,2645,5615,4511,8807,1561,2925,2009,4523,3333,8629,1873,2375,8506,2818,7728,4039,2777,3609,4213,3333,1129,1449,1800,3304,7796,1117,9019,1814,5155,4778,4887,3009,2605,1950,0,4837,2768,1117,3725,1366,732,5452,8926,1018,4539,5090,4855,2174,4728,735,6171,4835,7167,7361,3831,1592,2864,734,7385,5018,7501,2409,8239,4191,1675,3713,2672,5419,1930,1675,1764,1572,9463,2412,7734,2581,3433,5974,1863,2455,2476,2025,3088,2261,2627,1410,8015,1423,9191,2921,1858,4351,3142,1275,6341,4577,5813,3395,4919,8878,1712,1724,1754,1366,4929,5415
5066,5772,1510,6155,8373,15973,6706,3863,2676,3884,5097,1340,7554,4101,4493,3938,5549,3076,5944,2899,5114,6967,10671,6446,7185,3898,2795,4537,10006,2788,5839,2593,3617,7230,7468,4484,11821,5932,3958,2411,977,124,2773,5097,1200,8697,7487,2462,5107,6201,6441,939,4635,6114,5617,3349,13048,2197,5807,5770,5409,5078,1529,7028,5349,5738,6503,6090,4536,7028,5143,691,738,3997,2307,4075,5663,7017,8525,5659,5886,2129,6656,1438,4690,4747,4535,11007,2301,5065,5942,7797,4864,9071,1313,2221,2179,5679,10467,927,8909,4935,8543,6112,5947,4682,969,9055,1432,7276,6757,5399,7294,5380,4675,3794,5488,6095,5760,6844,2788,3255,6158,2621,6703,8483,5940,1510,3915,5942,9050,9280,2653,8541,3987,3152,5290,7982,5675,6595,4915,6667,5969,2220,8347,1994,6501,8228,6075,5065,7711,6512,3255,12282,7575,5114,8369,4528,7477,2411,4464,5719,3603,3882,5582,5962,5620,9006,8864,5586,11325,7516,2621,7884,6022,5236,4932,6017,6232,0,6531,5586,3948,5942,5733,1831,8790,5471,2112,4954,5665,6220,4926,5736,6860,3045,7420,7613,3568,7294,4565,5735,6817,4765,6303,8111,9406,4389,5727,3884,8374,1798,7632,5727,5810,5617,4536,5396,8010,3616,3650,2469,5909,4516,5346,7733,5416,4267,5389,7112,7879,6424,9054,4608,5869,5160,3495,6276,6205,4775,5294,9097,942,8478,7414,5770,5518,5942,2676,850
5673,5573,5749,3331,4389,12504,8949,5954,6839,5323,3475,7692,2016,5985,6921,6471,4084,7025,3400,6599,3581,3017,9988,3957,8822,5309,4981,7944,11026,5738,1497,5204,6204,4967,3676,5884,10056,3571,6050,5409,7124,7032,5990,3564,6067,3154,15201,8230,4690,2579,6985,7414,8042,2573,2212,6140,11529,5735,3650,3634,3376,2181,5768,8690,8463,8171,8237,7825,12574,8690,7572,6995,7310,6583,6176,5786,4019,4766,4733,3514,8319,5666,6661,5678,9477,4330,3299,10299,5839,4378,2745,2289,4443,10806,5820,7988,6515,1417,11486,7119,10644,4137,10704,1659,4282,7111,7262,5263,7112,15314,8194,4118,3020,4132,5814,3325,2945,3748,3144,4631,5975,4167,7893,7065,3080,10644,3681,5749,3408,2745,5257,11015,5777,4749,3293,8160,3201,4189,6774,8838,4114,2875,6744,6556,4363,7525,6421,16266,3471,4378,3035,6432,4167,10342,2899,3581,10104,4728,9637,5409,3618,5519,6123,5113,3038,3358,3710,5021,9394,3027,10616,3723,7065,2675,6797,2036,4136,3759,2664,6746,0,3027,5634,2745,2109,7362,10524,2927,6448,6688,6764,4084,6638,2332,8081,6745,9146,9275,4665,3020,4773,2054,9295,6927,8897,4127,9837,6101,3585,5622,4359,7328,3681,3585,3674,3481,12574,4322,9332,3425,5343,7883,3773,3053,4240,1934,4717,3095,4537,3060,9613,2802,10789,3762,3237,6261,5052,2424,7939,6487,7723,5305,7067,16516,2968,3634,2904,2745,6839,7324
2930,2055,4884,3091,2064,9762,6593,3702,4483,2967,1891,5758,1878,3629,4565,4115,1342,4668,1087,4242,2748,658,7246,800,6822,2953,5449,5588,8508,4669,2287,4547,3847,2449,1159,3141,7314,829,3797,4365,5370,4937,4406,2730,5203,2382,7747,4569,2123,2339,4468,5481,5686,1766,1755,4758,8786,4151,710,1278,1020,3020,4904,6690,6107,6171,5495,5082,10043,6690,5261,5061,5377,4227,4872,3406,1276,2249,2215,914,6320,4083,4144,4813,7120,2008,1715,7557,4255,1438,2505,2374,1960,8063,4956,4832,4931,2827,8969,5186,7901,1781,8347,2250,2647,4755,6766,2746,5802,9240,6195,1376,979,1390,3071,3623,1659,810,2045,2114,4392,4472,5150,5481,2840,8287,939,4884,3705,2505,2740,8273,5282,2232,3591,6576,3191,1672,4257,6482,1758,226,4226,4972,2037,5591,3904,8181,560,1438,1396,3915,4472,7484,1260,2748,7362,2371,7281,4365,3915,2001,3766,2886,378,448,1308,2696,6652,0,7874,894,5481,5449,4279,4148,1779,1017,1884,4813,3439,0,3278,2505,1853,5428,7782,1642,4864,3946,4247,1639,3378,1874,6309,4389,7081,7275,4970,979,2417,1855,6939,4571,6541,1801,7095,3377,1112,3266,2064,5395,1322,1112,1318,1125,10043,2257,6589,3720,2987,6299,1417,3594,1497,2103,2125,3400,2092,797,6871,2562,8046,4060,2997,3744,3182,2414,5197,3666,5366,2787,5312,8431,1100,1278,2294,2505,4483,5391
2002,2687,4746,4716,5138,7694,3828,1008,1741,134,3131,4634,4968,864,1800,1349,2485,1927,2974,1501,3002,4556,5178,3382,3557,148,5310,2585,7093,4057,4038,4408,1164,3956,3787,1074,5246,3241,1103,4226,4273,4002,4042,2985,4473,5471,4981,1827,1622,4090,3030,4384,2683,3608,3505,4618,6719,4012,3117,3141,2883,4771,4803,3425,3342,2906,3427,3015,4393,3425,2285,3965,4253,1543,3576,665,2599,3743,4859,2721,3055,3944,3246,4712,3854,1859,3253,5102,4193,2001,4502,4080,1976,5996,4586,2091,4545,4368,7554,4062,5834,2047,5582,4000,2897,1989,4799,4855,4705,5508,2930,2334,4068,2316,1264,6309,3376,3405,3198,4153,4057,5770,3083,5342,4591,5522,3249,4746,5456,4502,4849,6102,3922,4875,5341,6455,3850,4209,2265,3717,2027,3420,2559,4432,5112,4467,3090,5416,3088,2001,4485,3102,5770,5532,4350,3002,5294,1328,4516,4226,5666,2633,1001,803,3196,3576,2555,5771,4584,3200,5419,3798,5342,7713,2612,5898,2043,2693,3390,3716,5703,3200,0,4502,3621,4305,5714,3359,4726,1878,2255,2750,1516,3624,2959,1647,3816,4010,6083,4068,1187,3623,4173,1903,3776,4876,5027,979,2663,501,5139,4271,5220,2663,3181,2988,4393,2095,4234,6131,761,5772,3280,5307,2281,5192,2527,5151,2500,3886,4803,4312,5979,5059,4429,1750,1491,3635,3129,1365,2601,4820,4216,5666,4189,3141,3434,4502,1741,4294
4746,4524,3578,599,3532,11545,9486,4684,5456,4053,1409,6145,1828,4715,7273,6718,3157,5856,2352,5679,1707,2126,9029,2662,9965,4039,4142,7317,9977,2751,1130,2217,6397,3918,2628,4925,9097,2525,4779,2422,4136,4457,3654,1690,3896,2966,11433,5242,2922,1381,5937,4575,7416,1273,892,3152,10570,4141,2401,2363,2003,1863,3597,9808,8130,8518,7279,6866,8482,9808,6348,4280,5764,6777,3188,4516,2973,3718,3684,2265,8667,3978,5613,3507,7470,2562,1531,9340,3805,3130,0,2071,2699,9847,3650,5001,3625,1460,10438,5573,9685,2770,12489,1092,2147,7462,4274,4215,4125,11222,8542,3191,2453,3205,5115,1916,1896,2688,1142,3582,3669,2940,6934,4175,1883,12429,2533,3578,1999,0,4209,9953,2790,3700,1884,5269,1328,3141,5726,9375,2750,1826,5695,3665,3506,5978,5372,12174,2422,3130,2870,5384,2940,9383,2734,1707,9145,3457,11423,2422,1817,4471,4852,3972,1990,2310,2461,4165,8435,1978,9658,2675,4175,4759,5748,2990,2865,2611,1391,5227,2749,1978,4364,0,1211,5816,9565,1879,3558,5729,5716,2813,5367,1450,8433,5825,10200,10393,3439,2453,3503,1214,9597,5657,9083,3270,8878,4830,2336,4352,3533,5782,2791,2336,2403,2211,8482,2579,8373,2188,4073,4993,2502,2062,3313,2007,3446,1869,3266,2271,8654,1604,9830,1360,729,5212,3284,550,6980,5216,8074,4256,4079,12424,2574,2363,1030,0,5456,4485
3939,3693,4589,1975,2701,10936,7069,4075,4959,3443,1595,5812,1245,4106,5042,4591,2350,5145,1521,4719,2225,1295,8420,1831,6938,3429,4170,6064,9146,4383,942,3848,4324,3087,1796,4315,8488,1837,4170,4054,5006,4990,4110,2208,4907,2383,8223,5045,2810,1224,5106,5534,6163,693,409,4784,9961,3855,1770,1754,1496,1675,4608,6805,6584,6287,6669,6257,9747,6805,5739,5115,5430,4704,4820,3907,2285,2887,2853,1634,6435,3787,4781,4517,7597,2450,1419,8731,3959,2499,1389,1488,2567,9238,4660,6633,4635,1272,9606,5239,9075,2257,8824,904,2402,5231,5906,3383,5756,12487,6310,2384,1622,2398,4506,2507,1065,1868,1788,2751,4096,3356,6324,5185,1725,8764,1902,4589,2590,1389,3377,9343,4422,2869,2475,6280,1846,2310,4894,6959,2235,995,4864,4676,2675,5645,4541,8658,1591,2499,2039,4552,3356,8658,1903,2225,8536,2848,7757,4054,2800,3639,4243,3363,1159,1478,1830,3333,7826,1147,9048,1844,5185,4571,4917,2802,2256,2025,784,4866,2562,1147,3755,1389,0,5482,8956,1048,4568,5120,4885,2204,4758,529,6201,4865,7197,7391,3854,1622,2894,54,7415,5048,7017,2439,8269,4221,1705,3742,2702,5449,1960,1705,1794,1601,9747,2442,7764,2604,3463,6003,1893,2478,2506,1424,2837,2284,2657,1439,8045,1446,9220,2944,1881,4381,3172,1068,6371,4607,5843,3425,4949,8908,1742,1754,1548,1389,4959,5445
5554,5301,2882,6643,7102,15641,7194,4351,3164,4372,5381,971,6932,4589,4981,4426,4909,3563,4938,3386,5252,6520,10339,5346,7672,4386,4167,5025,10991,3276,6288,4144,4105,6130,5751,4972,11490,5206,4446,3962,2372,1939,3261,5235,2572,7436,7155,2950,4469,6340,6928,2482,5123,6601,5755,3837,12717,3748,5081,5105,4848,6450,2901,7516,5837,6226,6991,6578,4205,7516,5631,2063,741,4484,2795,4563,5311,5917,6823,4685,6374,3584,7144,2810,5178,4112,5503,10676,3412,4614,6430,6044,3906,9559,2685,2708,3551,6618,11452,710,9397,3977,8211,6250,5005,5170,1159,7029,2804,6944,7245,4944,6032,4958,5162,5166,5626,5369,6247,6117,3275,4627,6646,2780,6841,8151,5214,2882,5287,6430,7023,9768,3141,6839,5359,2821,5778,6174,6163,7083,3957,5384,6457,3651,7076,1228,6989,7897,5653,4614,6450,7000,4627,11951,6314,5252,11919,4525,7145,3962,5836,5247,4091,4370,5160,5540,4520,7735,9352,5164,10993,5763,2780,9677,6510,6608,4293,5291,6720,1815,7667,5164,4436,6430,5871,0,9277,5609,3484,5441,6153,4680,5414,5874,7348,3533,7907,8101,4940,6032,5382,5873,7305,5253,6791,6840,9894,4877,4627,4372,7103,34,7185,4627,5145,4952,4205,3786,10678,4988,4138,2138,5244,5888,5065,7156,4777,5639,4750,5850,8366,6562,9542,6987,6357,5648,3983,6764,6692,5263,5782,6994,2314,8147,6153,5105,5684,6430,3164,2393
7433,6718,10058,10449,13085,3237,4671,6073,6362,6356,8864,9697,8957,6135,4731,5200,7939,6861,8428,6877,8736,8773,4296,7371,4188,6427,11028,6450,3686,9332,9962,10126,5475,7799,7759,6016,2448,7604,6168,9944,9548,9276,9317,8718,9747,9461,6282,6761,7661,10014,5445,9658,6295,9441,9430,9892,5443,9730,7479,8595,8338,10696,10077,4032,5590,3755,3011,3486,7735,4032,4450,9239,9641,5297,8850,5962,6916,7502,10423,8050,3993,9640,5630,9986,5591,7592,8986,3583,9467,7455,10180,9453,7709,958,9861,7240,9819,10502,4903,9336,273,7780,6882,9925,8630,4846,10500,9882,9979,6809,3761,7789,8058,7770,5121,11298,9000,7378,8931,7848,9331,11487,3554,11060,10515,6822,7612,10058,11380,10180,10012,645,9196,10397,11266,11195,9584,7936,6107,4855,7760,8874,6401,9706,13059,9741,6058,6716,7419,7455,8475,6069,11487,1609,8339,8736,1371,7367,5816,9944,11590,6664,5541,6243,8650,7470,8010,13487,1501,8654,3308,7771,11060,19664,6455,11823,7690,7010,9124,8990,10517,8654,6221,10180,9528,9324,0,8983,9965,5922,6098,7647,5373,9549,3864,6581,4423,4617,11801,8058,6955,9530,4699,4271,5097,8603,1901,5933,8117,5772,13859,9528,9437,8117,8635,8442,7735,7828,3361,11395,6495,10512,8734,11269,7736,9181,8261,11075,8233,7875,2205,10237,941,10793,10163,5592,7209,9368,2698,6308,4428,9879,9490,6966,8178,8595,9167,10180,6362,9568
3152,2152,4356,2827,2828,9974,6107,3112,3997,2481,1362,5360,2721,3143,4079,3629,1563,4182,558,3756,2350,2736,7457,1427,5976,2467,4920,5102,8232,4140,2023,4018,3443,2277,1477,3353,7525,932,3207,3836,4972,4701,3877,2332,4674,3960,7261,4083,1637,2075,4192,5083,5200,1593,1491,4229,8998,3622,807,792,534,2756,4375,5843,5621,5324,5707,5294,6648,5843,4730,4663,4979,3823,4343,2944,1379,2077,2549,671,5473,3554,3868,4284,6634,1522,1186,7768,3726,1536,2241,2964,1474,8275,4427,4346,4402,2354,8693,4788,8113,1295,7861,1985,2249,4269,5790,3079,5404,9568,5348,1598,2136,1612,3544,3359,17,1095,1516,1843,3863,4208,5362,4952,2576,7801,940,4356,3441,2241,3074,8381,5018,2565,3327,6047,3203,1900,3981,5996,1272,1448,3950,4443,2802,5193,3628,7875,1229,1536,2553,3639,4208,7811,2417,2350,7573,1885,6795,3836,3651,2099,3280,2400,1224,1232,867,3461,6864,1228,8086,1489,4952,5653,4004,3884,1293,1017,1376,4415,3643,1228,2792,2241,1607,5031,7993,0,4335,4157,3971,1242,3795,1610,5239,3903,6234,6428,4706,2136,1931,1609,6453,4182,6568,2566,7306,3258,743,2780,2829,4997,3401,743,849,639,6648,1771,6801,3455,2501,5770,931,3330,1719,2900,1727,3136,1694,1954,7082,2298,8258,3796,2733,4029,2696,2149,5408,3644,4880,3121,4915,8263,2256,792,1765,2241,3997,4993
5967,5802,653,4897,6235,17053,9495,4764,4235,4785,3785,2524,5330,5002,5939,5497,5252,4635,4632,4377,3802,6088,11751,5003,9446,4799,1483,5983,11404,1403,4527,1281,5176,5966,5330,5385,12901,4620,4859,1099,1070,1391,1140,3785,971,6585,8567,4021,4970,4890,7342,1773,7137,4855,4305,1492,14128,885,4496,4458,4098,3767,672,9289,7833,9034,7739,7326,5616,9289,6589,1213,1922,5556,1607,4976,5068,5766,6387,4360,9251,817,7557,582,6952,4610,3224,12087,990,5115,3793,5573,4727,10307,724,3780,868,4367,11865,2111,10145,4798,9623,4800,3530,6128,3053,6917,497,8356,9018,5286,5182,5300,5576,2482,4176,4783,3938,5532,1126,1943,7394,1309,5391,9563,4628,653,2604,3793,6911,10413,1493,6403,2675,2404,4032,5588,6576,9384,4778,4494,6870,908,6209,2629,7316,9308,4763,5115,5599,7328,1943,13362,5463,3802,13331,5026,8557,1099,3152,5748,5140,4783,4270,4650,4556,6867,11125,4274,12405,5177,1309,6572,6923,3924,4794,4706,4974,1516,5219,4274,4679,3793,4421,3085,10025,4159,0,6189,6566,4908,5827,4424,9121,4524,9692,9874,2256,5182,5598,4423,9078,6117,8564,5973,11667,5290,4431,4785,6236,3051,6752,4431,4498,4306,5616,4602,12089,2304,4551,1778,4597,3204,5408,5509,5278,2955,5251,5000,9114,5112,10290,3296,4611,6061,4396,4052,7440,5676,6740,6959,1013,9558,5302,4458,4207,3793,4235,1683
4349,4210,7294,7280,6357,5816,3479,2990,3193,3187,5695,7183,6449,2966,1561,2030,4856,3691,5345,3708,5566,6265,3300,4863,2877,3200,7858,3281,5012,6606,6602,6957,2306,5291,5251,2847,3368,5613,3085,6775,6822,6550,6591,5549,7022,6953,4743,3592,4578,6654,3728,6932,3126,6172,6069,7167,4841,6561,5488,5512,5255,7335,7351,2744,3103,2225,1549,1137,4563,2744,1316,6513,6801,2128,6124,3166,4408,5078,6078,4966,2374,6492,3913,7260,3988,4423,5817,3611,6665,4372,7066,6452,4540,4118,7135,4071,7341,7419,6229,6610,3955,4611,5344,6564,5461,1677,7347,6190,7253,5270,2249,4706,5549,4687,2613,8857,5940,4870,5762,5340,6605,8318,1205,7891,7155,5284,5621,7294,8979,7066,6184,4224,6470,6094,7905,9003,6414,5428,3599,3567,4591,5791,3893,6980,6331,7016,4425,5178,4911,4372,5967,4436,8318,3654,5831,5566,3416,4204,4277,6775,8081,4156,2372,3558,5567,4962,4927,6989,2706,5571,3928,5263,7891,10084,3947,8462,4607,4502,5955,6264,8074,5571,3052,7066,6185,6853,3836,5923,7274,0,3590,5314,2865,6189,2363,3412,3135,3329,8631,5549,3872,6187,3642,1102,3785,6095,3149,3123,5034,2603,6358,6819,6929,5034,5552,5359,4563,4659,2644,8679,3326,8320,5651,7909,4653,6673,5091,7715,5064,5367,2925,6876,4101,7624,6993,3084,4040,6199,1251,3138,2362,6155,6764,5427,5670,5512,5998,7066,3193,6843
2948,2824,6757,6580,4771,8277,5844,2250,3753,2323,4955,6646,5063,2707,4022,3193,3100,3939,4054,3513,4826,4679,5761,3478,5338,2337,7322,4597,4961,6069,6308,6420,3007,3705,3912,1657,6053,3710,2345,6238,6285,5852,6054,4809,6485,5902,6825,3839,3240,6360,898,6396,4695,5787,5776,6630,7302,6024,3586,4221,3963,7042,6814,5205,5564,4686,4010,3598,6404,5205,3777,5976,6264,3387,5588,1954,3022,3492,4491,3801,4835,5956,1113,6723,6391,3683,5077,6072,6128,3081,6526,5559,3800,6579,6598,4103,6804,6848,5421,6074,6134,3871,7425,6271,4761,4138,6811,4604,6717,7352,4710,2950,4164,2932,1349,7644,4626,3833,5022,3754,6068,7781,3665,7354,6862,7365,3718,6757,7726,6526,4598,6505,5934,4508,7612,8466,5714,3842,10,5560,3851,4500,319,6444,4745,6479,1260,7439,3573,3081,4900,1271,7781,6115,4445,4826,5877,2945,6359,6238,7936,2770,2844,3006,3861,3577,3635,5403,5471,4280,6389,3959,7354,10493,604,8169,3269,3117,5905,5728,6624,4280,2388,6526,5874,6316,6014,4609,6737,2461,0,3753,2041,5895,4808,3659,5596,5790,8095,4164,2533,5876,5872,2769,6512,4509,5834,1925,3742,2344,4772,6283,5343,3742,4261,4068,6404,3919,5105,7741,2773,7783,4360,7615,2897,5288,4351,7421,4206,3982,5386,6583,6801,6924,6293,649,3503,6435,3712,2214,4444,4569,6228,7827,4285,4221,5258,6526,3753,6306
4160,3161,4510,2961,3555,10960,7093,4099,4983,3467,1250,5765,2855,4129,5066,4615,2571,5169,1952,4743,1122,3407,8444,2323,6962,3453,5074,6088,9241,4294,2157,4172,4429,3285,2416,4339,8512,1940,4194,3990,4927,4944,4031,1105,4828,3905,8247,5069,2764,2209,5200,5488,6186,1727,1625,4383,9984,3776,1815,1778,1417,2890,4529,6829,6607,6311,6693,6280,9414,6829,5716,5069,5384,4809,4498,3930,2387,3085,3557,1679,6459,3708,4876,4439,7621,2404,1373,8755,3881,2544,2375,3098,2460,9262,4582,5333,4557,2488,9701,5193,9099,2281,8848,2119,2356,5255,6425,4088,4676,12153,6334,2606,2501,2620,4530,3493,1496,2103,1317,2851,4017,4342,6348,5106,2710,8788,1948,4510,3575,2375,4082,9471,4941,3573,3461,6201,2365,2908,4989,6983,2259,1814,4958,4597,3528,5598,4636,8861,2083,2544,2919,4647,4342,8682,2783,1122,8560,2872,7781,3990,3785,3107,4267,3387,1590,1970,1875,4187,7850,1594,9072,2417,5106,5787,5012,4018,2280,2025,1510,4820,3777,1594,3779,2375,1741,5436,8980,1479,4490,5144,4979,0,4782,1744,6225,4889,7225,7497,4840,2501,2917,1743,7439,5169,7555,3292,8293,4245,1520,3766,3555,5402,4072,1520,563,1625,9414,2396,7788,3589,3487,5925,1917,3464,2727,3034,485,3270,518,2319,8069,2432,9244,3930,2867,5015,3682,1754,6395,4631,5867,4129,4870,8932,2622,1778,1554,2375,4983,5398
1963,1863,5958,5619,3836,7478,4872,1450,2954,1524,3969,5847,4103,1908,2844,2394,2115,3140,3003,2713,3841,3744,4962,2517,3990,1538,6523,3797,5911,5270,4509,5621,2208,2770,2977,857,5030,2749,1546,5439,5486,5053,5255,3824,5686,4606,6026,3040,2254,4561,1848,5597,3896,3987,3976,5831,6502,5225,2625,3194,2936,5242,6015,3858,4386,3339,3211,2798,5605,3858,2718,5177,5465,2588,4788,1155,2062,2473,3557,2815,3487,5156,2064,5924,5067,2698,4091,5273,5329,2095,5406,4599,2814,5779,5799,3304,5758,5049,6372,5274,5617,2885,6626,4471,3800,2545,6011,3669,5918,6553,3362,1965,3203,1946,397,5844,3576,2523,4036,2819,5269,6982,2866,6555,5062,6566,2757,5958,5927,5406,3663,5885,5135,3573,5812,7667,4754,2907,1407,4761,2865,3420,1377,5645,3810,5680,1904,6460,2612,2095,3620,1916,6982,5200,3485,3841,5078,1960,5560,5439,6137,1810,2045,1776,3196,2616,2650,4468,4368,3200,5590,2917,6555,7673,1430,6858,2283,2156,4229,4929,5663,3200,1588,5406,4074,5517,5498,3558,5938,1662,1398,2792,0,4095,3460,2860,4249,4443,7296,3203,1547,4076,5218,1970,5333,3574,4811,1126,2757,1545,3837,5483,4408,2757,3234,3041,5605,2933,4305,5941,1974,6984,3333,5815,1912,4327,3366,5622,3245,3021,4587,4783,5762,5963,5333,894,2454,4473,2913,1414,3645,3634,5428,6710,3324,3194,4273,5406,2954,5507
4306,4061,4587,1625,3543,11713,7846,4851,6482,4220,1704,7171,1170,4882,5818,5368,2718,6882,1888,4690,1875,2141,9197,2199,7715,4206,3820,8230,9513,3777,592,3243,5101,3455,2164,5092,9265,2205,4947,3448,5163,5483,4680,1857,4905,2308,12135,6268,3218,873,5473,5601,8328,1440,462,4178,10737,4230,2568,2531,2170,1325,4606,7582,9032,7064,7446,7033,9508,7582,6469,5306,6790,5480,4214,4683,2652,3254,3221,2432,7212,4162,5149,4516,8497,2858,1827,9508,4335,3297,1039,1413,2974,10014,4659,6027,4651,922,9974,6599,9852,3045,13515,554,2810,6008,5300,3751,5151,12248,7087,2752,1989,2766,5188,2156,1433,2236,1437,3119,4695,3006,7101,5201,1374,13455,2700,4587,2239,1039,3745,10223,3816,3237,2125,6295,1495,2677,5262,7735,3025,1363,5231,4692,3517,7004,4909,13528,1959,3297,2159,4920,3006,9435,2023,1875,9313,3625,12449,3448,2449,4007,5020,4009,1526,1846,2628,4175,8603,1515,9825,2211,5201,4221,5285,2452,3042,2778,1559,5274,2211,1515,4531,1039,342,6842,9733,1415,4584,5897,5252,2981,5535,0,6978,4836,7974,8245,3504,1989,3670,344,8192,5824,10109,3281,9045,4998,2273,4519,3070,6808,2805,2273,2571,2378,9508,2850,8540,2253,3477,6019,2670,2128,2873,1349,3526,1934,3434,1807,8822,1096,9997,2593,1531,4749,3580,718,7148,5384,6620,3792,5105,13450,2092,2531,1197,1039,6482,5511
4685,5392,7224,7615,7859,5577,1325,3326,3529,3522,6031,6135,7675,3935,1824,2293,5192,4027,5681,4044,5902,6454,2466,6089,627,3536,8194,2534,5459,6498,7215,7292,2902,6793,6477,3911,3187,5948,3421,7110,6714,6443,6483,5885,6914,8178,2720,3928,4914,7267,5867,6825,2379,6508,6682,7059,4007,6896,5824,5848,5590,7948,7243,590,2029,581,2160,2241,4173,590,2463,6406,5411,2391,6017,3502,5306,6496,7580,5302,432,6828,6083,7152,2029,4759,6153,2267,7001,4708,7402,6787,4876,3879,7027,4407,6986,7755,6676,5380,4227,4947,3321,7177,5797,2013,6270,7692,7146,3247,74,5041,6775,5023,4101,9193,6276,6112,6098,6860,6497,8654,2173,7696,7768,3261,5956,7224,9314,7402,7686,3985,6363,7596,8518,7737,6750,6930,5101,1455,4927,6127,5396,6873,7833,6908,5927,3155,6136,4708,7269,5939,8654,3415,7056,5902,3177,4620,2254,7110,8417,5338,2707,3894,5902,6283,5262,8491,2426,5907,2585,6489,7696,10420,5449,9075,4943,5400,6290,6157,8410,5907,3388,7402,6521,5332,4107,6259,7610,3592,5092,6298,4353,6802,0,3747,982,1175,8967,6775,4207,6523,1488,2756,1535,7597,2968,3816,5370,3572,7860,5298,7119,5370,5888,5695,4173,4995,1572,9015,3661,7054,5987,8522,4988,7899,5427,8328,5400,6593,2686,7490,3862,7959,7329,4586,4375,6534,2820,4202,866,7657,6657,3404,6896,5848,6334,7402,3529,6735
3596,4302,3766,6407,8625,13353,4512,2370,962,2391,4549,3587,7805,2608,2778,2223,4179,569,4568,438,4420,7219,6710,4976,4990,2936,4809,2343,8251,3040,5456,3908,1902,5760,5364,2991,7431,4835,2465,3726,3256,2823,3025,4403,3456,7065,4543,469,3637,5508,4818,3367,2441,6365,4923,3601,8251,3512,4711,4735,4477,7093,3785,4834,3155,4579,4788,4376,3046,4834,3433,2947,3235,2282,2558,2582,4293,5443,6453,4315,4795,3348,5034,3694,2496,3277,5850,6511,3175,3595,6194,5674,3394,8122,3569,659,3528,6642,8752,3044,7194,3465,6266,5418,6198,2968,3781,6659,3688,4656,4563,4028,5662,4010,3182,5809,4794,4999,6011,5747,3039,5269,4444,4842,6009,6206,4843,3766,5930,6194,6653,8228,2904,6469,6001,5437,5542,5804,4377,4401,3445,5014,4347,3415,8599,3450,4874,6100,5023,3595,6156,4886,5269,7543,5944,4420,7421,3058,5200,3726,7208,4249,1888,2412,4790,5170,4149,9257,6670,4794,6828,5376,4842,9307,4400,7251,3461,4387,6483,2699,7297,4794,2455,6194,5039,3287,7075,4777,3673,3239,4368,4147,3433,5043,4666,0,4709,5419,5583,5662,3094,5041,4857,3041,4109,8363,7212,2896,4257,2391,8626,3253,7883,4257,4775,4582,3046,3513,5816,5631,2180,4754,4874,6530,3875,7984,3945,6281,3918,5480,6930,5730,8105,6751,6121,3667,2025,6528,4490,3282,3579,6624,3198,6350,5783,4735,4852,6194,962,3277
5244,5951,8181,8174,8398,6180,265,3885,4088,4081,6590,6142,8234,4388,2383,2852,5751,4586,6240,4603,6461,7822,2198,6648,2226,4095,8753,3031,6879,7057,7774,7851,3461,7432,7036,4470,3349,6507,3980,7669,7222,6740,7042,6444,8359,8737,2014,4486,5473,7826,6426,7184,2876,7252,7241,7618,3739,7455,6383,6407,6149,8507,8387,391,2526,1815,3580,2799,4180,391,3022,7850,6087,2950,6576,4061,5865,7055,8125,5861,2031,7387,6642,8361,2526,5318,6712,2535,7193,5267,7961,7346,5435,4867,8472,4966,8915,8314,8096,6056,5647,5506,2615,7736,6356,2572,6946,8331,8591,2541,1798,5600,7334,5582,4660,9752,6812,6671,6657,7419,7056,9213,2732,7704,8327,2555,6515,8181,9192,7961,8325,4973,6922,8141,9077,7744,7309,7475,5660,446,5486,6686,5955,8956,8372,6574,6486,2449,6695,5267,7751,6498,9213,3630,7615,6461,3778,5179,1548,7669,9402,5897,3266,4453,6461,6842,5821,9030,3846,6466,2852,7047,7704,10979,6008,9634,5502,5959,6849,6825,8969,6466,3947,7961,7339,5770,5527,6795,9272,4150,5651,6857,4912,7361,1613,4306,0,208,9526,7334,4766,7341,521,3315,2032,8136,4388,4375,5928,4131,8399,5974,8486,5928,6447,6254,4180,5554,2537,9574,4220,7061,6546,9081,5547,8458,5986,8887,5959,7152,4106,8049,4850,8518,7888,5145,4934,7093,3862,4761,1614,8296,8101,2699,7455,6407,6893,7961,4088,7094
5075,5782,8012,8005,8229,6488,189,3716,3919,3912,6421,5973,8065,4219,2214,2683,5582,4417,6071,4434,6292,7653,2507,6479,2057,3926,8584,2862,6769,6888,7605,7682,3292,7263,6867,4301,3657,6338,3811,7500,7053,6572,6873,6275,7570,8568,1845,4317,5304,7657,6257,7015,2707,7083,7072,7449,4048,7286,6214,6238,5980,8338,8218,1469,2357,1646,3470,2630,4011,1469,2853,7681,5918,2781,6407,3892,5696,6886,7956,5692,1862,7218,6473,8192,2357,5149,6543,2843,7024,5098,7792,7177,5266,5189,8303,4797,8746,8145,7986,5887,5537,5337,2446,7567,6187,2403,6777,8162,8422,2372,1629,5431,7165,5413,4491,9583,6643,6502,6488,7250,6887,9044,2563,7535,8158,2386,6346,8012,9023,7792,8156,5295,6753,7972,8908,7575,7140,7306,5491,277,5317,6517,5786,8787,8203,6405,6317,2280,6526,5098,7582,6329,9044,3939,7446,6292,4087,5010,1379,7500,9233,5728,3097,4284,6292,6673,5652,8861,3736,6297,3161,6878,7535,10810,5839,9465,5333,5790,6680,6656,8800,6297,3778,7792,7170,5601,5417,6626,9103,3981,5482,6688,4743,7192,1444,4137,380,0,9357,7165,4597,7172,352,3146,1863,7967,4278,4206,5759,3962,8230,5805,8317,5759,6278,6085,4011,5385,2845,9405,4051,6892,6377,8912,5378,8289,5817,8718,5790,6983,3996,7880,5172,8349,7719,4976,4765,6924,3693,4592,1445,8127,7932,2530,7286,6238,6724,7792,3919,6925
6016,5770,3352,2080,4778,21390,12855,6105,6937,5298,2654,7160,3074,5960,8754,8199,4427,7336,3597,7159,2953,3372,16088,4154,13623,5284,2585,8685,11223,4231,2270,3697,7878,5164,3873,6170,17239,3914,6200,2524,3769,4090,5135,2936,3670,4212,11602,6723,4167,2972,7183,4472,8783,2518,2137,4633,18466,3466,3646,3609,3248,1510,3371,13466,9486,9999,8737,8325,8976,13466,9404,3912,4621,8258,4669,5761,4362,4963,4930,3510,10147,3398,6858,3281,10311,4386,2776,16425,3570,4375,1536,3317,4180,11306,3424,6481,3449,2110,11683,7054,11144,4251,12983,2625,3628,8943,5755,5460,3824,11715,10022,4461,3699,4475,6361,226,3142,3945,2387,4828,5149,1770,8393,3955,3473,12923,3779,3352,347,1536,5454,11515,4270,4946,419,5049,2573,4387,6971,12744,4231,3072,6941,3489,4752,7459,6618,12996,3668,4375,4192,6629,1770,17520,3980,2953,10604,4703,11916,2524,896,5716,6098,5088,3235,3555,3706,5410,9894,3224,16742,3920,3955,5042,6994,1888,3992,3856,2637,4216,3689,3224,5609,1536,2666,7296,11024,3125,3382,7188,6962,4059,6613,2969,9913,7306,13052,16276,0,3699,4748,2686,13271,6999,12741,4516,10337,6076,3351,5597,4779,7263,4037,3351,3649,3456,8976,4059,16427,48,4427,4477,3748,948,4583,3252,4476,699,4512,3516,10113,3195,11289,1040,1547,6458,4530,1796,8439,6462,9555,5502,3712,12918,3819,3609,2275,1536,6937,4382
4060,2560,6152,4042,1536,10615,8260,4588,5557,4041,3159,7376,1873,5045,5981,5531,2499,5743,2161,5317,3969,1609,8099,1297,7753,4027,6237,6935,8013,6194,2839,5815,5264,1966,706,3995,8167,2024,4683,5633,6570,6554,5674,3952,6471,1948,9163,5643,3197,3291,3973,7098,7033,2717,2706,6026,9640,5419,2322,2352,2094,3572,6172,7621,7523,7102,6349,5936,11056,7621,6115,6679,7247,5643,6632,4293,2443,1766,1732,2186,7250,5351,3649,6081,7670,3082,2983,8410,5523,3051,3456,2369,3034,8917,6224,5907,6199,3778,8474,6803,8755,2855,9764,2801,3966,6476,7717,2263,6318,13796,7125,2534,0,2548,3688,4574,2848,1088,3312,1618,5660,5423,6004,6749,3792,9704,2134,6152,4657,3456,2257,9023,6233,1749,4542,7844,3743,1189,3761,7898,2832,2409,3731,6240,1510,7209,3408,9598,1770,3051,724,3420,5423,8338,669,3969,8215,3446,8697,5633,4867,2506,5183,3831,2354,1774,2382,2168,7505,2561,8728,754,6749,5443,3784,4700,2854,2212,2835,6430,3433,2561,4726,3456,2804,7046,8635,2830,6132,4799,3752,2802,4380,2825,7239,5463,8012,8284,5922,0,3491,2806,8288,5107,7957,1274,7948,4263,2026,4682,1506,7012,2273,2026,2392,2199,11056,4006,7443,4671,4061,7567,2491,4444,2655,2097,3435,4351,3255,708,7724,3513,8900,5011,3948,3248,4256,2965,6050,4552,6783,2304,6512,9847,787,2352,3445,3456,5557,7008
1841,1805,5174,4069,4788,8342,4475,1480,2202,849,2484,5063,4045,1511,2447,1997,1603,2388,2092,1962,2356,4641,5949,2459,4205,835,5738,3369,7126,4486,3391,4837,1811,3234,2847,1721,5894,2360,1576,4655,4702,4430,4471,2339,4902,4549,5629,2289,769,3443,3063,4812,3468,2961,2859,5047,7489,4441,2235,3012,2651,4124,5231,4073,3989,3554,4075,3662,4866,4073,2933,4393,4681,2191,4004,1312,1717,3021,3999,1839,3702,4372,3279,5103,4316,1213,2606,5749,4621,1119,3856,3199,1329,6643,5015,2552,4973,3722,7587,4490,6481,1400,6230,3353,2250,2637,5227,4133,5133,6476,3577,1453,3145,1434,1912,4726,2730,2523,2551,3272,4485,5576,3730,5771,3944,6170,2368,5174,4809,3856,4127,6749,4350,4016,4695,6883,3204,3350,2622,4364,1380,3048,2592,4860,4762,4896,3119,6064,3317,1119,3563,3131,5576,6064,3427,2356,5942,475,5163,4655,5019,1752,1649,471,2824,3204,1674,5421,5232,2828,6067,2859,5771,6831,2645,5252,798,1811,2744,4144,4821,2828,1160,3856,2975,4733,6362,2713,5154,2526,2613,1484,2164,2978,3691,2108,4464,4658,6511,3145,0,2977,4821,2541,4423,4526,5674,1627,1781,1148,4789,4699,5306,1781,3052,2859,4866,1448,5054,4823,866,6200,3151,4698,1400,4269,1881,4504,1854,2963,5451,3666,6626,4413,3783,2397,969,2988,3777,2013,3249,4098,4644,6314,3266,3012,2788,3856,2202,4723
3885,3639,4534,1980,2647,10882,7015,4020,4905,3389,1541,5758,1247,4051,4988,4537,2296,5091,1466,4665,2230,1241,8366,1838,6888,3375,4175,5909,9092,4132,947,3598,4270,3033,1742,4261,8434,1783,4116,3803,4952,4936,4056,2213,4853,2385,8169,4991,2756,1228,5052,5480,6008,639,414,4534,9906,3801,1686,1700,1442,1680,4553,6756,6529,6237,6615,6202,9438,6756,5685,5061,5629,4649,4569,3852,2231,2832,2799,1580,6385,3732,4727,4463,7018,2396,1365,8677,3905,2415,1394,1490,2513,9183,4606,6382,4581,1277,9552,5185,9021,2203,8770,909,2348,5177,5655,3329,5506,12178,6260,2330,1567,2344,4452,2512,1011,1814,1793,2697,4041,3361,6270,5131,1730,8710,1893,4534,2594,1394,3323,9393,4171,2815,2480,6226,1850,2255,4840,6905,2180,941,4810,4622,2621,5591,4487,8604,1537,2415,1985,4498,3361,8604,1849,2230,8482,2794,7703,3803,2805,3585,4189,3309,1104,1424,1776,3279,7772,1109,8994,1789,5131,4576,4863,2807,2202,1971,730,4812,2567,1109,3700,1394,54,5428,8902,993,4514,5066,4830,2150,4704,534,6147,4811,7147,7419,3859,1567,2839,0,7361,4993,6963,2385,8215,4167,1420,3688,2648,5394,1905,1420,1740,1547,9438,2388,7709,2609,3409,5949,1839,2483,2452,1426,2783,2289,2603,1385,7991,1451,9166,2949,1886,4327,3118,1073,6317,4553,5789,3371,4894,8854,1688,1700,1553,1394,4905,5390
4920,5627,7857,7851,8074,6333,329,3561,3764,3757,6266,5818,7910,4170,2059,2528,5427,4262,5916,4279,6137,7498,2352,6324,1902,3771,8429,2707,6614,6733,7450,7527,3137,7108,6712,4146,3502,6183,3656,7345,6898,6417,6718,6120,7415,8413,1690,4163,5149,7502,6102,6860,2552,6928,6917,7294,3893,7131,6059,6083,5825,8183,8063,667,2202,1491,3315,2476,3856,667,2698,7526,5763,2626,6252,3737,5541,6731,7801,5537,1707,7063,6318,8037,2203,4994,6388,2688,6869,4943,7637,7022,5111,5034,8148,4642,8591,7990,7831,5732,5382,5182,2291,7412,6032,2248,6622,8007,8267,2217,1474,5276,7010,5258,4336,9428,6488,6347,6333,7095,6732,8889,2408,7380,8003,2231,6191,7857,8868,7637,8001,5140,6598,7817,8753,7420,6985,7151,5336,408,5162,6362,5631,8632,8048,6250,6162,2125,6371,4943,7504,6174,8889,3964,7291,6137,3932,4855,1224,7345,9078,5573,2942,4129,6137,6518,5497,8706,3581,6142,3006,6724,7380,10655,5684,9310,5178,5635,6525,6501,8645,6142,3623,7637,7015,5446,5262,6471,8521,3827,5327,6533,4588,7037,1289,3982,557,812,9202,7010,4442,7017,0,2991,1708,7812,4123,4051,5605,3807,8075,5650,8162,5605,6123,5930,3856,5230,2690,9250,3896,6737,6222,8757,5223,8134,5662,8563,5635,6828,3841,7725,5017,8194,7564,4821,4610,6769,3538,4437,1290,7972,7777,2375,7131,6083,6569,7637,3764,6770
3171,3542,6278,6669,5704,6539,2868,1812,2582,2180,5084,6128,6161,1874,950,1419,3678,3080,4167,3438,4955,5136,3692,4575,2266,2166,7247,2670,5740,5552,5701,6346,1286,4638,4963,1755,4096,4435,1907,6164,5767,5496,5536,4938,5967,6665,4132,2981,3400,5753,3712,5878,2515,5180,5169,6556,5233,5949,4310,4334,4077,6434,6297,2133,2492,1614,2272,1813,3952,2133,1204,5459,5747,1517,5070,1988,3792,4341,5424,3914,1763,5881,3927,6206,3377,3812,5206,3810,6054,3194,6398,5273,3929,4840,6080,3460,6730,6241,6956,5556,4683,4000,4733,5663,4850,1066,6293,5537,6199,4659,1638,3528,5261,3509,1946,7036,4739,4598,5151,4687,5551,7707,1729,7280,6254,4673,4443,6278,7119,6398,5531,5054,5416,5441,7005,7949,5803,4775,3271,2867,3980,4613,3240,5926,5678,5961,3772,4567,4623,3194,5755,3783,7707,4261,5543,4955,4138,3106,3666,6164,7329,3489,1761,2947,4389,4769,3749,6336,3434,4393,4127,4975,7280,8906,3294,7562,3429,3886,4985,5210,6896,4393,2441,6398,5267,5799,4564,4722,6663,1279,3261,4784,2198,5288,1752,2801,2524,2718,8020,5261,2693,5269,3031,0,2926,5442,3876,2031,3856,1511,5705,5765,5801,3856,4374,4181,3952,4048,2798,7133,2715,7266,4473,7008,3474,6385,4480,6814,4453,5079,3648,5976,4823,7013,6382,2431,3429,5588,1979,2046,1751,5502,5710,4816,5382,4334,5387,6398,2582,5788
6085,6792,7213,9441,8781,11487,2050,4189,3451,4881,7039,5175,8537,4388,2687,3156,6054,3370,6543,3674,6910,8126,4248,6952,2529,4895,8085,2051,7241,6074,7946,7423,3852,7736,7340,4773,4863,6811,4284,7241,5586,5104,6059,6893,6490,9041,2677,3274,6127,7998,6730,5548,1950,9399,7413,6635,8562,7027,6687,6711,6453,8679,7419,2372,2140,2117,3942,3103,3212,2372,3326,5981,4451,3418,5592,4364,6169,7359,8501,6165,2334,6959,6946,7393,1069,5767,7161,4049,6209,5571,9171,7650,5884,5661,6603,3982,7947,8276,8458,4419,6009,5955,4057,7908,6805,2876,5310,8635,6722,2837,2101,5904,7638,5886,4964,9084,7284,6975,7106,7723,6073,8545,3035,6736,8499,3997,7333,7213,9205,9171,8629,5767,5938,8518,9510,6776,8576,8293,5964,1939,5935,7602,6259,6449,9196,4938,6790,3891,7171,6085,8569,6802,8778,5081,8433,6910,4959,5548,2991,7241,10242,6738,3838,4902,7378,7146,6639,9854,4208,7382,4366,7865,6736,11796,6312,9806,5951,6777,9517,5189,9787,7382,5236,9171,7529,4371,5889,7267,7635,4474,5955,6658,5216,7532,2204,3323,2764,2957,9091,8152,5331,7531,2396,3619,0,8960,4750,4679,6746,4881,9223,4338,9304,6746,7265,7072,3212,6003,3354,9139,4669,6094,7364,9252,6365,8820,6435,9058,6408,7970,4468,8220,5644,9785,9155,5449,4515,9504,4602,5065,1579,9114,6465,4039,8273,7225,7342,9171,3451,5458
4146,2618,6028,3918,329,17945,8318,4646,5914,4398,3035,7222,2198,5104,6040,5589,2558,6100,2518,5673,3845,1485,8157,2000,7811,4384,6113,7019,8071,6070,3114,5536,5322,2012,1106,4053,8226,2423,4741,5509,6446,6430,5550,3827,6346,2212,9221,6000,3554,3166,4031,6974,7117,2593,2582,5901,9698,5295,2679,2709,2451,3847,6047,7679,7582,7160,6407,5994,10932,7679,6173,6555,6870,5702,6507,4351,2502,1812,1778,2543,7308,5226,3707,5957,8551,3439,2859,8469,5399,3407,3332,2992,3391,8975,6100,6264,6075,3654,10787,6679,13226,3212,9822,3076,3842,6535,7593,2309,6194,13672,7184,2592,1231,2606,3746,4450,2723,1668,3188,1677,5535,5299,6062,6625,3667,9762,2534,6028,4532,3332,2303,13597,6109,1795,4418,7719,4018,1235,3820,7957,3189,2285,3789,6115,302,7084,3467,9656,2127,3407,1080,3478,5299,8396,1025,3845,8273,3802,8755,5509,4742,2565,5241,4187,2711,2131,2739,961,7564,2437,8786,1233,6625,6803,3842,4975,3210,2596,2711,6306,3758,2437,4784,3332,2680,6922,13106,2706,6008,4857,3810,3159,4438,2701,7298,5820,8070,8264,5797,1231,3848,2682,8346,5166,8015,0,7996,4321,2383,4741,1081,6888,2149,2383,2749,2556,10932,3882,7501,4547,4418,7443,2848,4421,2713,2422,3792,4227,3612,1496,7783,3389,8958,4887,3824,3307,4613,3240,6108,4610,6841,2350,6388,9906,1482,2709,3720,3332,5914,6884
6560,5781,9099,11740,7928,4195,3879,5200,5403,5397,7905,8904,8020,5176,3772,4241,5939,5902,6921,5918,7777,7836,3503,6434,3396,5411,10142,5438,4240,8373,8426,9241,4516,6862,6822,5057,797,6667,5295,9059,8589,8317,8358,7759,8789,8524,5489,5802,6214,8478,5936,8699,5336,7956,7894,8933,5289,8844,6542,7111,6854,9159,9118,3240,4798,2963,1745,2459,6942,3240,3423,8280,8568,4338,7891,5026,5979,6565,7649,6602,3201,8681,5357,9027,4799,6633,8027,4019,8508,6008,8644,7998,6750,2497,8902,6281,8860,8966,5457,8377,2184,6821,6090,8388,7717,3887,9114,7761,9020,6017,2968,5789,7121,5770,4184,9761,7493,6441,7972,6911,8372,10602,2527,10174,8979,6030,6675,9099,9844,8644,7755,2602,8237,7665,9729,10506,10874,6999,5170,4062,6801,7338,5465,8747,7902,8782,5996,5924,6482,6008,7538,6008,10602,2045,7402,7777,1807,5919,5024,9059,10054,5727,4582,5306,6818,6533,6562,8560,607,7118,3744,6834,10174,11590,5518,10287,6243,6073,7739,8031,9580,7118,5263,8644,7991,8532,2064,7476,9006,4963,5161,6710,4436,8013,3072,5622,3631,3825,10915,7121,5507,7994,3907,3312,4305,7666,0,4996,6669,4813,7929,8736,8500,6669,7151,6958,6942,6869,2959,9858,5536,9823,7250,9733,5736,8244,7302,9539,7275,6938,1310,8701,2480,12084,11453,4655,6028,8409,2456,5349,3636,7726,8531,6174,7241,7111,8208,8644,5403,8609
2046,2753,5195,5165,5226,7940,4344,687,2190,761,3580,5054,4992,1144,2080,1630,2553,2376,3042,1950,3451,3815,5581,3406,3838,774,5759,3034,7174,4506,4507,4857,1444,4181,3795,1319,5492,3309,782,4675,4722,4451,4491,3434,4922,5496,5262,2276,2275,4559,3269,4833,3132,4077,3974,5067,7122,4461,3185,3209,2951,5240,5214,3705,3622,3187,3673,3260,4841,3705,2566,4414,4702,1824,4025,391,2667,3968,4626,2663,3335,4393,3484,5123,4303,2308,3670,5382,4565,2069,4725,4148,2425,6242,5035,2540,4994,5116,7634,4511,6298,2496,5862,4469,3346,2393,5248,5080,5154,5789,3210,2403,4093,2384,1510,5842,3614,3473,3647,4221,4505,6218,3328,5791,5060,5802,3317,5195,5925,4725,5074,6347,4371,4642,5810,6903,4299,4297,2828,3997,2476,3488,2797,4881,5200,4916,3325,5697,3757,2069,4586,3336,6218,5778,4374,3451,5540,1981,4796,4675,6135,2699,1281,1251,3264,3644,2623,5858,4830,3268,5700,3806,5791,7781,2851,6367,2304,2761,3860,4165,5771,3268,825,4725,4090,4753,6179,3597,5174,2124,2818,3278,1762,4094,3324,2096,4097,4290,6532,4093,1568,4092,4454,2174,4570,4964,5263,0,2731,781,5227,4720,4480,2731,3249,3056,4841,2544,4687,5939,1210,6221,3348,5814,2349,5217,2976,5620,2949,3911,5049,4782,6224,5508,4878,1995,1940,4083,3375,1611,2881,5045,4665,5946,4213,3209,3883,4725,2190,4743
2602,1602,4405,2946,2740,9434,6052,3373,3942,2426,1412,5276,2392,3088,4024,3574,1013,4128,608,3702,2295,2648,6917,1339,5925,2412,4970,4946,7883,4190,2142,4068,3388,2189,1389,2813,6986,843,3468,3886,4917,4646,3927,2278,4723,3145,7206,4028,1582,2194,3820,5028,5045,1643,1609,4279,8458,3672,719,775,517,2875,4424,5793,5566,5274,5167,4754,9309,5793,4933,4609,5177,3768,4393,3078,1291,1989,2461,196,5422,3603,3687,4334,6580,1467,1236,7229,3776,986,2360,2635,1419,7735,4477,4292,4452,2473,8343,4733,7573,1240,7807,2104,2194,4214,6621,2991,5349,12049,5297,1048,1741,1062,2743,3477,1180,1007,1565,1755,3912,4327,4822,5002,2695,7747,851,4405,3560,2360,2985,7841,4279,2477,3445,6096,3148,1811,3379,5941,1217,1054,3348,4493,2714,5138,3446,7820,1323,986,2159,3458,4327,7156,2023,2295,7033,1831,6740,3886,3770,1549,3226,2346,830,1210,263,3372,6324,834,7546,1400,5002,5347,3402,4003,1239,929,1426,4360,3337,834,2737,2360,1707,4976,7672,1163,4385,3617,3369,1187,3050,1729,5184,3848,6184,6456,4825,1741,1876,1709,6398,4127,6514,2478,6756,3048,0,2725,2741,4942,3313,0,833,622,9309,1716,6261,3574,2446,5820,914,3449,1169,2571,1672,3255,1640,1559,6542,2417,7718,3914,2852,2866,2641,2268,4868,3337,4826,3033,4860,7891,1862,775,1814,2360,3942,4938
1777,2484,4848,4834,4957,7503,3327,418,1876,785,3577,4707,4557,363,1299,849,2284,2030,2773,1603,3121,3546,4853,3137,3152,772,5413,2641,6739,4160,4238,4511,663,3912,3525,1003,5054,3040,513,4329,4376,4105,4145,3103,4576,5227,4481,1930,2006,4290,2959,4487,2739,3808,3705,4721,6394,4115,2916,2940,2682,4971,4867,3020,2841,2501,3236,2823,4301,3020,1880,4067,4355,1043,3678,594,2398,3699,4357,2394,2650,4046,3175,4777,3435,1977,3401,4697,4219,1800,4455,3879,2094,5804,4689,2194,4648,4847,7200,4164,5642,2165,5081,4200,3015,1707,4901,4811,4808,5008,2525,2133,3824,2115,1193,5573,3345,3204,3316,3952,4159,5872,2891,5445,4791,5021,3048,4848,5656,4455,4805,5910,4025,4373,5541,6557,3969,4028,2193,3216,2145,3219,2488,4535,4931,4570,3019,4915,3488,1800,4317,3031,5872,5225,4105,3121,5102,1712,4015,4329,5866,2430,500,1112,2994,3375,2354,5589,4392,2999,5014,3537,5445,7512,2541,6098,2035,2492,3591,3819,5502,2999,607,4455,3821,4407,5522,3328,4828,1686,2184,3009,1445,3825,2639,1750,3411,3605,6186,3824,1299,3823,3673,1488,3275,4695,4825,908,2461,0,4958,4373,4211,2461,2980,2787,4301,2213,3958,5670,880,5874,3079,5545,2080,4947,2646,5351,2619,3641,4611,4512,5787,5178,4548,1678,1594,3753,2937,1294,2100,4776,4318,5165,3944,2940,3552,4455,1876,4397
4984,3484,6893,4427,854,18470,8889,5512,6779,5263,3900,8087,2304,5925,6862,6411,3423,6965,3383,6539,4677,2350,9023,2562,8677,5249,6622,7884,12656,6579,3394,6045,6226,2878,1971,4918,14384,2893,5607,6250,7729,7457,6415,4660,7212,1724,10043,6865,4419,3676,4897,7839,7983,3458,3447,6981,10563,6160,3544,3574,3316,4127,6913,8544,8403,8026,7272,6859,11797,8544,7038,7420,7988,6605,7017,5216,3367,2677,2644,3408,8174,6092,4572,6822,9417,4304,3724,9334,6264,4273,3841,2504,4256,14436,6965,7129,6940,3725,11931,7544,13751,4077,10644,3356,4707,7051,8102,3174,7059,14537,8049,3457,1756,3471,4611,4959,3589,2534,4053,2542,6401,5808,6927,7490,4177,10584,3004,6893,5042,3841,3168,14122,6618,2660,4927,8585,4298,2100,4685,8779,4055,3150,4655,6981,828,7950,4332,10478,2992,4273,1606,4343,5808,9261,1550,4677,9139,4668,9577,6250,5252,3430,6063,5183,3576,2996,3604,1074,13802,3302,9651,2098,7490,6314,4708,5254,4076,3461,3576,7171,3962,3302,5575,3841,3109,7787,13632,3571,6873,5723,4676,4024,4918,3566,8163,6685,8936,9129,6307,1756,4713,3112,9235,6031,8837,1221,14165,5187,3248,5562,0,7753,3014,3248,3614,3421,11797,4747,8367,5056,5283,8308,3713,4999,3579,2626,4657,4736,4477,2361,8648,3898,14419,5396,4333,4172,5478,3520,6974,5476,7663,3216,7671,10728,2008,3574,4000,3841,6779,7749
5520,6227,2848,6610,7141,15675,8117,4317,3130,4338,5210,1005,6898,4556,4947,4392,4876,3417,4904,3353,5082,5678,10373,5312,7526,4352,4133,4879,10460,3243,6117,4111,4071,6096,5701,4938,11523,5172,4413,3929,2338,1905,3227,5064,2538,7402,7189,2916,4436,6169,6743,2449,4977,6568,5585,3803,12750,3714,5048,5072,4814,6850,2867,7370,5680,6197,6957,6544,4238,7370,5598,2030,775,4451,2761,4529,5278,5883,6541,4651,6345,3551,6958,2776,5032,4078,5332,10709,3378,4581,6396,6011,3873,9526,2651,2675,3518,6448,10921,744,9582,3943,8245,6079,4971,5136,1125,6995,2770,6978,6220,4910,5999,4924,5129,5133,5456,5335,6214,6084,3242,4593,6612,2814,6670,8185,5180,2848,5254,6396,6990,9631,3107,6557,5325,2854,5744,6213,6302,8006,3924,5350,6271,3617,7115,2472,6799,7930,5619,4581,6416,6810,4593,11805,6280,5082,8824,4491,7179,3929,5802,6173,4057,4336,5126,5507,4486,7774,8114,5130,11027,5712,2814,9643,6324,6575,4260,5257,6686,1781,7633,5130,4403,6396,5700,34,9463,5438,3451,5408,6292,4647,5381,5704,6107,3499,8314,8033,4906,5999,5348,5703,7393,5219,6644,6879,8557,4844,4593,4338,7142,0,6342,4593,5112,4919,4238,3752,10711,4954,4104,2171,5211,5854,5032,7123,4607,5605,4580,5817,8333,6392,9508,6953,6323,5614,3949,6730,6659,5230,5748,6961,2281,8180,6119,5072,5513,6396,3130,2359
3439,3194,5339,3229,2202,10271,7124,4129,5014,3498,2346,6260,2022,4160,5096,4646,1850,5200,1618,4774,3279,796,7755,1332,6993,3484,5424,6119,8646,5381,2426,4847,4379,2587,1297,3650,7823,1338,4225,4820,5901,5468,4861,3262,5657,2525,8278,5100,2654,2478,4606,6012,6217,1904,1893,5213,9295,4606,1241,1809,1551,3159,5358,6860,6638,6342,6004,5591,10243,6860,5770,5593,5908,4758,5818,3915,1785,2387,2353,1446,6490,4537,4282,5268,7652,2539,2170,8066,4710,1970,2643,2518,2491,8572,5411,5364,5386,2965,9107,5717,8410,2312,8879,2388,3153,5286,6904,2884,6333,12983,6365,1885,1122,1899,4321,3761,2191,1369,2499,2252,4846,4610,5659,5936,2979,8819,1448,5339,3843,2643,2878,8678,5420,2370,3729,7030,3329,1810,4395,7013,2289,496,4364,5427,2176,6122,4042,8713,1092,1970,1540,4053,4610,7993,1404,3279,7871,2903,7812,4820,4054,3140,4298,3418,1042,979,1839,2834,7161,647,8383,1344,5936,5630,4418,4286,2311,1526,2022,5344,3620,647,3809,2643,1991,5960,8291,2173,5319,4455,4385,2171,4628,2012,6256,4920,7252,7523,5108,1122,2948,1993,7470,4730,7072,1940,7594,3886,1643,3797,2203,5926,0,1643,1849,1656,10243,2788,7098,3858,3518,6754,1948,3732,2006,2246,2804,3538,2623,940,7380,2700,8555,4198,3135,3882,3713,2552,5706,4175,5898,2925,5844,8962,1243,1809,3031,2643,5014,5922
2602,1602,4405,2946,2740,9434,6052,3373,3942,2426,1412,5276,2392,3088,4024,3574,1013,4128,608,3702,2295,2648,6917,1339,5925,2412,4970,4946,7883,4190,2142,4068,3388,2189,1389,2813,6986,843,3468,3886,4917,4646,3927,2278,4723,3145,7206,4028,1582,2194,3820,5028,5045,1643,1609,4279,8458,3672,719,775,517,2875,4424,5793,5566,5274,5167,4754,9309,5793,4933,4609,5177,3768,4393,3078,1291,1989,2461,196,5422,3603,3687,4334,6580,1467,1236,7229,3776,986,2360,2635,1419,7735,4477,4292,4452,2473,8343,4733,7792,1240,7807,2104,2194,4214,6621,2991,5349,12049,5297,1048,1741,1062,2743,3477,1180,1007,1565,1755,3912,4327,4822,5002,2695,7747,851,4405,3560,2360,2985,7841,4279,2477,3445,6096,3148,1811,3379,5941,1217,1054,3348,4493,2714,5138,3446,7820,1323,986,2159,3458,4327,7156,2023,2295,7033,1831,6740,3886,3770,1549,3226,2346,830,1210,263,3372,6324,834,7546,1400,5002,5347,3402,4003,1239,929,1426,4360,3337,834,2737,2360,1707,4976,7672,1163,4385,3617,3369,1187,3050,1729,5184,3848,6184,6456,4825,1741,1876,1709,6398,4127,6514,2478,6756,3048,0,2725,2741,4942,3313,0,833,622,9309,1716,6261,3574,2446,5820,914,3449,1169,2571,1672,3255,1640,1559,6542,2417,7718,3914,2852,2866,2641,2268,4868,3337,4826,3033,4860,7891,1862,775,1814,2360,3942,4938
4099,3100,4449,2900,3494,10899,7032,4038,4922,3406,1189,5675,2794,4069,5005,4554,2510,5108,1891,4682,1061,3346,8383,2262,6905,3392,5013,6027,9180,4233,2096,4112,4369,3225,2589,4279,8451,1879,4133,3930,4866,5045,3970,1044,4767,3844,8186,5008,2562,2148,5140,5427,6126,1666,1564,4322,9924,3715,1754,235,1356,2830,4468,6773,6547,6254,6632,6220,9353,6773,5655,5008,5323,4748,4437,3870,2326,3024,3496,1619,6403,3647,4815,4378,7560,2343,1312,8694,3820,2483,2314,3037,2400,9201,4521,5272,4496,2427,9640,5132,9257,2220,8787,2059,2295,5194,6364,4027,4615,12092,6278,2545,2441,2559,4469,3432,1435,2042,1256,2791,3956,4281,6287,5045,2650,8727,1887,4449,3514,2314,4021,9306,4880,3513,3400,6140,2304,2847,4928,6922,2198,1753,4898,4536,3468,5537,4575,8800,2022,2483,2858,4586,4281,8621,2722,1061,8499,2811,7721,3930,3724,3046,4206,3326,1529,1909,1815,4126,7789,1533,9011,2356,5045,5726,4951,3957,2219,1964,1785,4759,3716,1533,3718,2314,1680,5375,9138,1418,4429,5083,4919,2167,4721,1683,6164,4828,7164,7436,4779,2441,2857,1682,7378,5108,7494,3231,8222,4184,1459,3706,3494,5341,4011,1459,0,1564,9353,2335,7727,3529,3426,5864,156,3403,2666,2973,415,3209,347,2258,8008,2371,9184,3869,2806,4954,3621,1693,6334,4570,5806,4068,4809,8871,2561,235,1493,2314,4922,5337
3056,2057,4914,3454,2733,9888,5989,2995,3879,2363,1921,5213,2917,3026,3962,3511,1467,4065,1116,3639,2232,2640,7371,1331,5862,2349,5478,4984,8137,5496,2651,4962,3326,2182,1381,3267,7440,836,3090,4395,4855,4583,4435,2215,5054,3421,7143,3965,1519,2703,4097,4965,5083,2152,2118,5898,8912,4180,711,674,43,3384,4933,5730,5503,5211,5621,5208,6531,5730,4447,4546,4861,3705,5934,2827,1283,1981,2453,575,5360,4112,3772,4843,6517,1404,1744,7683,4285,1440,2868,3143,1357,8189,5168,4229,4961,3190,8597,4670,8246,1177,7744,2613,2132,4151,5851,2984,5286,8677,5235,1502,2018,1516,3426,3986,1689,999,2428,1748,4421,4835,5276,5510,3204,7684,844,4914,4069,2868,2978,8295,5535,2470,3954,6605,3085,1804,3833,5879,1155,1562,3803,5001,2706,5076,3532,7757,1133,1440,2435,3543,4835,7610,2299,2232,7488,1768,6677,4395,4279,2003,3163,2283,1338,1137,772,3365,6778,1342,8000,1393,5510,5855,3856,4511,1176,921,1934,4297,3846,1342,2675,2868,2216,4913,8127,1671,4894,4072,3823,1124,3678,2237,5121,3785,6121,6393,5334,2018,1814,2218,6335,4055,6451,2470,7220,3141,416,2662,2733,4879,3305,416,732,0,6531,1654,6715,4083,2383,5862,813,3957,1623,3141,1609,3763,1577,1835,6997,2925,8172,4294,3664,3320,2578,2777,5323,3527,4763,3025,4797,7828,2138,674,2664,2868,3879,4875
5786,6493,4200,8449,8908,11777,4220,4561,3152,4582,7049,2161,8528,4799,3242,4413,6715,2757,6743,3374,6921,7517,6475,7151,4988,4595,5973,1963,11797,5082,8278,5347,4093,7936,7540,5181,7626,7011,4656,5165,3241,2759,5067,6904,3757,9241,3292,2915,6275,8330,7138,3203,1862,8407,7745,5643,8853,4951,6887,6911,6653,8256,4405,4831,2557,4576,6401,5562,0,4831,3897,3869,2105,3330,4600,4772,7117,7723,8380,6365,4793,4883,7354,4379,1676,5917,7290,6812,5056,5785,8235,7850,5712,8119,4490,4514,4934,8818,13268,2074,8456,5783,4348,8240,6811,3446,2964,8834,4609,3080,4560,6749,7838,6763,5372,6972,7295,7175,8053,7923,5081,6432,5494,3722,8831,4288,7019,4200,7093,8235,8829,8225,4946,8397,7165,3763,7584,7979,6372,4109,5763,7189,6667,4974,8882,2845,7198,4033,7199,5785,8255,7210,6432,7907,8119,6921,8055,5249,3281,5165,7641,6439,4079,4602,6965,7346,6325,9540,6667,6969,7129,7551,3722,12890,6720,11504,6198,7097,8525,2844,9473,6969,4937,8235,7540,1788,8337,7278,5290,5429,6363,6486,5624,7864,4663,3024,4417,5416,6746,7838,5031,7542,4636,4190,4106,8646,7209,5087,6432,4581,8909,1993,8182,6432,6951,6758,0,5591,6814,6794,4370,3080,7050,7693,6871,8962,6446,7444,6419,7656,6927,8552,8102,8793,8163,5857,4215,8569,5189,5473,4038,8800,4120,4283,7959,6911,7353,8235,3152,3113
3130,1651,4453,3038,3807,9962,5686,2691,3576,2060,1458,4301,3063,2722,3658,3208,1541,3762,1570,3335,1330,3152,7446,1978,5559,2046,5282,4681,8579,4584,2365,4050,3022,2762,2366,3341,7514,1838,2786,4255,3942,3509,4239,1313,4142,4068,6840,3662,909,2417,4539,4053,4779,1935,1833,4986,8986,3984,1713,1737,1625,3098,4472,5426,5200,4908,5695,5282,5740,5426,4144,3634,3949,3402,5022,2523,1943,2549,3207,1317,5056,3916,4215,4381,6213,331,1580,7757,4089,1034,2825,2677,121,8263,4255,3926,5122,2696,9040,3758,8320,192,7441,2327,1220,3848,4939,3661,4374,10274,4931,1576,2665,1590,3123,3700,1704,2001,1525,2750,4225,4550,5350,5314,2918,7380,1846,4453,3783,2825,3655,8369,4623,3223,3669,6151,2173,2878,3907,5575,172,2022,3877,5163,3781,4164,3974,7454,2291,1034,3082,3986,4550,7684,2946,1330,7562,965,6374,4255,3840,1597,2859,1446,1797,2178,1152,4439,6852,1802,8074,2378,5314,6309,3930,4226,566,1923,1718,3385,4299,1802,2371,2825,1949,4001,8201,1687,5055,4146,3898,895,3374,1952,4818,3482,5818,6089,5048,2665,1510,1951,6032,3752,6148,3545,7294,2838,1259,2359,3808,3967,3817,1259,1777,1584,5740,0,6789,3797,2080,4949,1876,3672,1697,3242,855,3478,893,2482,7071,2640,8246,3382,2752,3394,1871,1962,5397,3223,4459,3626,3885,7524,2785,1737,1762,2825,3576,3963
5492,4898,8032,10673,7045,4741,2427,4133,4336,4330,6838,8106,7137,4059,2632,3101,5999,4834,6488,4851,6709,6953,1513,5551,1884,4343,9317,3738,4622,7306,8022,8100,3709,5979,5940,3940,1216,5784,4228,7918,7521,7250,7290,6692,7721,7641,3977,4735,5721,8074,5053,7632,3636,7315,7490,7866,3054,7703,5659,6655,6398,8755,8051,1728,3286,1451,1323,1259,6144,1728,1927,7213,6668,3198,6824,4309,5096,5682,6766,6109,1689,7614,5269,7960,3287,5566,6960,1824,7441,5515,8240,7594,5683,3042,7834,5214,7793,8562,5839,7310,3390,5754,4578,7984,6604,2820,7528,6878,7953,4504,1456,5849,6238,5830,3301,9358,7060,5558,6905,6028,7305,9776,1327,9667,8575,4518,5792,8032,9440,8240,6872,3148,7170,6782,9326,9708,9807,6116,4287,2515,5734,6934,4582,7680,7019,7715,5113,4412,5599,5515,6655,5125,9776,2006,6519,6709,2340,5427,3512,7918,9650,4844,3515,4701,6710,5650,6070,7677,1589,6714,2142,5951,9667,10707,4635,9883,5750,5190,7098,6964,8697,6714,4195,8240,7328,6351,3270,7043,8634,3390,4278,5827,3553,7609,1559,4555,2119,2277,10090,6238,5015,7330,2590,2363,2793,6783,2131,4113,6177,3696,7046,6556,7618,6177,6695,6502,6144,5802,0,10138,4469,8311,6794,9329,5796,7361,6234,9135,6207,6056,1849,8297,3025,11016,10386,3772,5692,7342,1986,4232,2372,6843,7464,4662,6358,6655,7141,8240,4336,7542
6053,5807,2391,2117,4815,20756,12220,5966,6974,5335,2691,6525,3111,5997,8791,8236,4464,7373,3634,7196,2990,3409,15454,4191,12988,5321,1624,9964,11260,3023,2223,2901,7915,5201,3910,6207,16604,3951,6062,2720,2809,3129,2760,2973,2709,4249,10968,6760,4204,2924,7220,3511,9862,2555,2174,3112,17831,2505,3683,3646,3285,1462,2410,12832,10558,12577,8774,8362,8341,12832,9441,2952,3660,8294,3227,5798,4399,5000,4967,3547,12793,2437,6895,2320,9676,4423,2813,15790,2610,4412,1573,3354,4217,11343,2463,6518,2488,2062,13042,3850,11181,4288,12348,2577,3665,8980,4169,5497,2863,11081,12560,4498,3735,4512,6398,263,3179,3982,2424,4865,2746,809,8430,2994,3425,12288,3815,2391,384,1573,5491,11449,4307,4983,456,4089,2610,4423,7008,12109,4268,3109,6978,2528,4789,5194,6655,12033,3705,4412,4229,6666,809,16886,4017,2990,16975,4740,11282,2720,933,5753,6135,5125,3272,3592,3743,5447,14667,3261,16108,3957,2994,4994,7031,1840,4148,3893,2674,3255,3641,3261,5646,1573,2777,5031,11061,3161,2421,7225,6999,4096,6650,2732,12663,7343,12417,15641,1308,3735,4785,2723,12637,7036,12106,4553,15209,6113,3388,5634,4816,4998,4074,3388,3686,3493,8341,4096,15792,0,5355,3516,3785,900,4620,3289,4729,651,4549,3553,10150,3147,11326,1077,1584,6495,4567,1833,8476,6499,9592,5539,2751,12283,3856,3646,2312,1573,6974,3421
1521,2228,4766,4059,4680,8000,3972,759,1762,875,2475,4625,4467,1008,1944,1494,2004,1947,2493,1521,2346,4075,5579,2881,3836,861,5331,2601,6807,4078,3382,4429,1308,3656,3270,1379,5960,2761,854,4247,4294,4023,4063,2329,4494,4971,5125,1848,1563,3434,2744,4405,2699,2952,2849,4639,7120,4033,2637,2661,2403,4115,4785,3703,3403,3185,3733,3320,4425,3703,2564,3985,4395,1688,3596,970,2119,3443,4101,2115,3333,3964,2959,4695,3875,1203,2597,5380,4213,1520,3599,3600,1320,6302,4607,2111,4566,3712,7267,4082,6358,1391,5726,3344,2241,2133,4819,4555,4726,6035,3208,1854,3568,1836,1570,4717,2720,2924,2542,3673,4077,5790,3388,5363,3935,5666,2769,4766,4799,3599,4549,6407,3942,4117,4685,6475,3194,3772,2303,3861,1371,2939,2272,4453,4654,4488,2800,5560,2655,1520,4062,2811,5790,5722,3849,2346,5600,984,4660,4247,5010,2174,1145,338,2715,3096,2075,5312,4890,2719,5698,3281,5363,7560,2326,5242,1387,2213,2734,3737,5223,2719,567,3599,2965,4325,6239,2703,4746,2184,2293,2073,1822,2968,3322,1668,4095,4288,6104,3568,1020,2967,4317,2172,4350,4418,5323,1285,2182,779,4681,4291,4740,2182,2701,2508,4425,1439,4685,4814,0,5792,2800,4650,1801,4456,1871,4494,1844,3386,5109,3656,6284,4403,3773,2055,1541,2978,3435,1671,2745,4520,4236,5810,3688,2661,2778,3599,1762,4315
7225,6972,1051,6200,7538,14582,7025,6022,4835,6043,5088,1330,6515,6260,6048,6096,6580,4768,5935,5635,5105,6132,9281,6306,7793,6057,2669,4768,14602,3172,5712,2584,5776,7269,6633,6643,10452,5923,6117,2402,1111,1493,2443,5088,807,7888,6097,4621,6140,6192,8599,1073,4667,6158,5608,2795,11658,2188,5798,5761,5400,4952,1200,7636,5362,7381,9206,8367,3146,7636,6702,1316,1781,6155,2179,6234,6370,7068,7689,5663,7598,2120,8815,1126,4481,5783,4526,9617,2292,6285,4978,6714,5577,10925,1207,4379,2170,5552,16073,1750,11273,5648,7153,6103,4832,6252,2830,8220,1305,5886,7365,6615,6484,6629,6833,3668,5479,6086,5241,6835,2429,3128,8300,1301,6693,7093,5931,1051,3789,4978,8214,11031,3412,7706,3861,1342,5335,6891,7834,6914,5628,5797,8128,2211,7512,2014,8660,6838,6066,6285,6978,8671,3128,10892,6766,5105,10861,7007,6086,2402,4337,6918,5762,6041,5573,5953,6191,8170,9472,5577,9934,6400,1301,7757,8181,5110,6064,6008,5493,1619,6405,5577,6375,4978,5724,1892,11153,5462,2100,7112,7824,6211,7085,5727,7468,5781,7222,8221,3442,6484,7053,5726,7442,6924,6911,7275,9946,6548,5503,6043,7538,1858,6796,5503,5801,5608,3146,5456,9619,3490,5808,0,5900,4389,6736,6694,6448,4140,6421,6302,9732,6415,10908,4482,5914,7319,5654,5238,9917,6934,6843,8261,1115,7088,6605,5761,5509,4978,4835,983
3943,2943,4293,2744,3337,10956,6876,3881,4766,3250,1033,5519,2638,3912,4848,4398,2354,4952,1734,4525,905,3190,8440,2218,6749,3236,4857,5995,9023,4077,1940,3955,4212,3068,2432,4122,9015,1722,3976,3773,4710,4889,3814,887,4611,3776,8030,4852,2546,1992,4983,5271,6094,1510,1407,4166,9981,3559,1598,1561,1200,2673,4312,6616,6390,6098,6689,6277,9196,6616,5499,4851,5420,4592,4280,3713,2170,2868,3489,1462,6246,3491,4659,4221,7403,2186,1155,8751,3663,2327,2158,2881,2243,9258,4364,5116,4339,2271,9484,4976,9314,2064,8631,1902,1567,5038,5727,4019,4459,11936,6121,2388,2284,2403,4313,3275,1279,1886,1100,2634,3800,4124,6344,4889,2493,8571,1730,4293,3358,2158,4014,9363,4724,3505,3243,5984,2148,2690,4772,6765,2041,1596,4741,4380,3311,5381,4419,8644,1865,2327,2701,4430,4124,8794,2565,905,8556,2655,7564,3773,3568,2890,4049,3039,1372,1753,1658,3970,7846,1376,9068,2480,4889,5897,4794,3800,2063,1808,1293,4603,3560,1376,3561,2158,1523,5218,9195,1261,4272,5140,4762,2011,4564,1527,6008,4672,7008,7280,4623,2284,2700,1525,7222,4951,7338,3075,8279,4028,1302,3549,3338,5185,3855,1302,159,1408,9196,2178,7784,3372,3270,5707,0,3247,2510,2817,259,3053,291,2102,8065,2215,9240,3712,2649,4259,3465,1537,6391,4413,5649,4061,4653,8714,2405,1561,1336,2158,4766,5181
6142,6040,3218,2041,5048,21884,13348,6374,7207,5568,2924,7654,3389,6230,7166,6716,4553,7606,3867,7429,3223,3642,16582,4423,14116,5554,2451,8954,11492,4501,2228,3967,6530,5433,4143,6440,17732,4040,6469,2807,3636,3957,3588,3205,3537,4527,12096,6993,4724,2930,7452,4074,9053,2788,2407,4903,18959,3333,3916,3879,3518,1468,3238,13960,9756,8416,9007,8594,9469,13960,7960,3779,4488,6910,4938,6031,4488,5233,5199,3780,8564,3264,7128,3147,10805,4077,3046,16918,3437,4582,1806,3632,4450,11576,3290,6751,3315,2068,13275,4677,11413,4382,13476,2583,3898,7356,6024,5730,3690,12209,13688,4587,3968,4602,6631,886,3412,4215,2657,4952,3573,1637,8662,3821,3431,13416,4048,3218,969,1806,5724,11681,4540,5216,854,4916,2843,4656,7241,13237,4359,3342,7210,3356,5022,7729,6888,13161,3937,4582,4462,6899,1637,18014,4250,3223,10874,4972,12410,2807,1179,5986,6367,5357,3505,3825,3976,5680,10164,3493,17236,4190,3821,5535,7264,1003,4380,4126,2906,4082,4182,3493,5879,1806,2770,7566,11294,3394,3248,7458,7231,4329,6882,3006,13791,7576,13545,16769,2135,3968,5018,2772,13765,7269,13234,4786,10607,6345,3620,5867,5048,7533,4306,3620,3919,3726,9469,4329,16920,827,5588,4344,4018,0,4709,3568,4962,656,4781,3786,10383,3152,11558,1323,1831,6728,4799,2066,8709,6731,7967,5771,3579,13411,4089,3879,2985,1806,7207,3985
1433,1751,6206,4988,4638,8265,5831,2204,3235,1719,3306,6066,3991,2381,3317,2867,1549,3420,2502,2994,3275,4008,5748,2405,5325,1705,6771,4464,6714,5518,3967,5869,2681,3179,2793,1644,6324,2231,2299,5687,5734,5463,5503,3257,5934,4494,6499,3321,1688,4019,2651,5845,4562,3537,3435,6080,7289,5473,2106,2669,2412,4700,6263,5192,4859,4674,3998,3585,5886,5192,3764,5425,5836,3061,5037,1909,1663,2966,4359,2123,4822,5404,2866,6172,5872,2131,3130,6059,5577,1529,4185,3608,2248,6566,6047,3584,6006,4576,7174,5522,6623,2319,7099,3929,3169,3299,6259,4078,6166,8806,4697,1399,3091,1380,1574,5302,3074,2411,3470,3622,5517,6152,3653,6803,4520,7039,2239,6206,5385,4185,4073,6672,5383,4375,5270,7915,4123,3710,2210,5234,2299,2948,2179,5893,4612,5928,2707,7113,2200,1529,3508,2718,6152,5987,3372,3275,5864,1394,6033,5687,5595,1698,2518,1462,2724,2203,2084,5271,5155,2728,6377,2804,6803,7569,2233,5828,1717,1757,3320,5177,5231,2728,2030,4185,3550,5765,6503,3057,6186,2448,2200,2274,1881,3554,4811,3141,5584,5777,6650,3091,981,3553,5859,2973,5807,4376,5587,1879,2191,2018,4639,5732,4672,2191,2709,2516,5886,2367,5092,5399,1739,7232,2808,5236,0,4215,2800,5080,2772,2909,5373,4242,6549,5332,4702,1697,1888,3907,3699,2168,4118,4044,5677,7183,3212,2669,3706,4185,3235,5755
4718,4846,5942,2980,3064,11550,8651,5656,7837,5025,3059,8497,1415,5687,6623,6173,3130,8236,3145,6300,3229,2063,9034,2882,8688,5011,5175,7646,10298,5131,1946,4597,5905,3880,2620,4929,9102,2617,5751,4802,6517,6915,6035,3212,6717,1631,9805,7623,4181,2228,6258,6956,7744,2200,1846,5533,10574,5585,3306,3336,3078,2679,5961,8555,8165,8037,7283,6871,10863,8555,7049,6660,8267,6285,5569,5194,3064,3680,3646,3170,8185,5517,5934,5871,10376,4066,3181,9345,5689,4034,2393,1335,4018,9852,6014,7381,6006,2277,13573,7954,9689,3839,10405,1908,4164,6813,6655,4177,6505,13602,8060,3164,2066,3178,4859,3511,2572,3021,2792,3904,6049,4360,6938,6555,2729,10345,2727,5942,3594,2393,4171,9957,5170,3662,3479,7650,2850,3103,6047,8540,3816,2863,6016,6046,3038,8359,5694,10239,2754,4034,2081,5705,4360,9388,1945,3229,9150,4429,9339,4802,3804,4792,5824,4814,2666,2758,3366,3696,8440,3015,9662,2667,6555,4007,6070,3241,3837,2805,2291,6629,1669,3015,5336,2393,1662,8196,9570,2555,5939,5734,6037,3786,5166,1965,7783,6447,8848,9140,4859,2066,4475,1682,8997,6726,8599,2802,8873,5165,3010,5324,3034,8163,2727,3010,3376,3183,10863,4204,8378,3608,5045,7374,3475,3483,3285,0,4419,3289,4238,2106,8659,2450,9834,3948,2885,5534,5240,2072,6985,5454,7424,4218,6460,10489,2014,3336,2992,2393,7837,6866
2853,1847,4491,2943,3536,9685,5983,2989,3873,2357,1232,4817,2837,3019,3956,3505,1264,4059,1933,3633,1103,3389,7168,1701,5856,2343,5056,5103,8134,4276,2139,4154,3320,2485,2631,3064,7744,1921,3084,3972,4458,4025,4013,1086,4658,3886,7137,3959,1513,2191,4071,4569,5201,1709,1606,4365,8709,3758,1797,233,1399,2872,4510,5724,5497,5205,5418,5005,8051,5724,4441,4150,4718,3699,4479,2820,1666,2272,3688,914,5353,3689,3938,4420,6511,1398,1354,7480,3862,1230,2356,3080,1350,7986,4563,4223,4538,2469,8594,4274,8043,1171,7738,2101,1735,4145,5455,3384,4890,10790,5229,1299,2483,1313,3420,3474,1477,2085,1299,2833,3998,4323,5073,5088,2692,7678,1929,4491,3557,2356,3378,8092,5139,3704,3442,6182,2689,2889,3630,5873,1149,1795,3600,4579,3510,4679,3697,7751,2064,1230,2900,3709,4323,7522,2764,1103,7285,1762,6671,3972,3767,1793,3157,2147,1571,1952,875,4168,6575,1575,7797,2679,5088,6096,3653,3999,1170,2007,1491,3901,3759,1575,2669,2356,1722,4517,7924,1460,4471,3869,3620,728,3672,1726,5115,3779,6115,6387,4822,2483,1807,1724,6329,4049,6445,3274,7007,3135,982,2656,3537,4483,4053,982,137,1607,8051,1647,6512,3571,2377,5465,199,3446,1420,3015,0,3252,124,2301,6794,2413,7969,3911,2848,3117,2572,1736,5120,3521,4757,3349,4401,7822,2603,233,1535,2356,3873,4479
6456,6354,2653,2355,5362,21018,11442,6688,6659,5882,3238,5748,3703,6544,7480,7920,4867,7058,4181,6259,3537,3956,15716,4737,12210,5868,1886,8407,11806,3286,2542,3164,7600,5747,4457,6754,16867,4354,6783,2982,3071,3392,3023,3519,2971,4841,10190,6445,5038,3244,7766,3509,9085,3102,2721,3374,18093,2767,4230,4193,3832,1782,2672,12054,9780,11799,9321,8908,7563,12054,8274,3214,3923,7979,3489,6345,4802,5547,5513,4094,12015,2699,7442,2582,8899,4391,3360,16053,2872,4896,2120,3946,4764,18326,2725,6203,2750,2382,13589,4112,11727,4696,11570,2897,4212,7670,4432,6044,3125,10303,11783,4901,4282,4916,6945,1200,3726,4529,2971,5266,3008,1072,8976,3256,3745,11510,4362,2653,1283,2120,6038,18432,3992,5530,1168,4351,3157,4970,7555,11332,4673,3656,7524,2791,5336,4630,7202,11584,4251,4896,4776,7213,1072,17148,4564,3537,17237,5286,10504,2982,1493,6300,6681,5671,3819,4139,4290,5994,13890,3807,16370,4504,3256,5313,7578,2159,4694,4440,3220,3517,3960,3807,6193,2120,3084,6309,11608,3708,2683,7772,7545,4643,7196,3320,11886,6406,11640,15903,1570,4282,5332,3086,11859,7583,11329,5100,14432,6659,3934,6181,5362,6275,4620,3934,4233,4040,7563,4643,16054,319,5902,3779,4332,1219,5023,3882,5276,0,5095,4100,14150,3466,18309,1637,2145,7042,5113,2380,9023,7045,11261,6085,3013,11505,4403,4193,3299,2120,6659,3419
3746,2746,4224,2776,3140,10759,6679,3684,4569,3053,965,5451,2670,3715,4651,4201,2157,4755,1537,4329,708,2993,8243,2021,6552,3039,4789,5798,8826,4475,1972,3887,4015,2871,2235,3925,8818,1525,3780,3705,4642,4821,3746,690,4543,3490,7833,4655,2209,2024,4786,5202,5897,1542,1439,4098,9784,3491,1401,1364,1003,2705,4243,6420,6193,5901,6492,6080,9128,6420,5302,4783,5352,4395,4212,3516,1973,2671,3292,1265,6049,3422,4462,4153,7207,2094,1087,8554,3595,2130,2190,2317,2046,9061,4296,4919,4271,2302,9287,4908,9117,1867,8434,1934,1499,4841,6140,3822,4390,11868,5924,2192,2087,2206,4116,3307,1082,1689,1032,2437,3732,4156,6147,4821,2525,8374,1533,4224,3390,2190,3817,9167,4656,3308,3275,5916,2080,2749,4575,6568,1844,1400,4544,4312,3114,5313,4222,8447,1668,2130,2504,4233,4156,8597,2369,708,8359,2458,7367,3705,3600,2693,3852,2842,1175,1556,1461,3773,7649,1180,8871,2283,4821,5929,4598,3832,1866,1611,1325,4535,3592,1180,3364,2190,1555,5150,8998,1064,4204,4943,4565,1814,4368,1559,5811,4475,6811,7083,4655,2087,2503,1557,7025,4754,7141,2878,8082,3831,1105,3352,3141,5117,3658,1105,201,1211,9128,2110,7587,3404,3073,5639,1503,3279,2313,2848,124,3085,0,1905,7868,2246,9044,3744,2681,4062,3268,1469,6194,4217,5453,3864,4584,8517,2208,1364,1268,2190,4569,5113
3705,2689,5593,3230,1285,10744,7638,4716,5528,4012,2600,6862,1230,4674,5610,5160,2117,5713,2132,5287,3410,1050,8227,1425,7881,3998,5425,6633,8141,5381,2196,4847,4892,2095,835,4123,8296,1604,4811,5052,6767,6232,5115,3393,5911,1734,8792,5614,3168,2478,4101,6614,6731,2158,2096,5783,9768,4860,2293,2323,2065,2929,5612,7749,7152,7230,6477,6064,10497,7749,6243,6194,6763,5272,5819,4421,2572,1895,1861,2157,7379,4791,3777,5522,8165,3053,2424,8539,4964,3021,2644,1726,3005,9045,5665,5877,5640,2527,8602,6319,8883,2826,9392,2158,3407,6605,6905,2391,6755,13237,7254,2151,247,2165,3816,3761,2289,1217,3042,1747,5100,4610,6132,6190,2979,9332,1714,5593,3844,2644,2385,9151,5420,1877,3729,7284,3100,1318,3890,7527,2803,1850,3859,5681,1259,6724,3537,9226,1741,3021,748,3548,4610,8581,612,3410,8343,3416,8326,5052,4054,2635,4811,3801,2325,1745,2353,1917,7634,2002,8856,882,6190,5128,3913,4057,2824,1792,2276,5946,2790,2002,4323,2644,1986,6562,8764,2271,5573,4928,3880,2773,4508,2215,7368,5434,8140,8334,5109,247,3462,1932,7984,5236,7586,1023,8066,4391,1997,4311,1286,6528,1714,1997,2363,2170,10497,3447,7571,3858,4032,7008,2462,3733,2273,1454,3406,3539,3225,0,7853,2700,9028,4198,3135,3377,4227,2322,6179,4680,6411,2433,6710,9476,367,2323,3242,2644,5528,6524
7631,7391,11889,10964,9539,2891,4065,6271,6475,6639,8976,9850,9631,6217,4770,5239,8137,6973,8626,6990,8848,9446,3149,8045,4023,6625,11641,5876,5152,9444,10161,10312,5515,8473,8433,6098,2407,8277,6367,10130,9660,9389,9429,8831,9860,10134,5722,6873,7860,10213,7547,9771,5775,9639,9628,10005,3973,9916,8153,8794,8536,10894,12094,3866,5425,3589,3356,3904,7888,3866,4066,9351,9794,5336,8962,6447,7590,8176,9259,8248,3828,9752,7710,10098,5425,7705,9099,2703,9579,7653,10378,9733,7821,1193,9973,7353,9932,10701,6368,9763,1349,7892,6322,10123,8742,4958,10653,11347,9899,6249,3595,7987,8731,7969,5795,17116,9199,8051,9043,8522,9443,16542,3837,11411,10714,6262,8285,11889,17238,10378,11478,1298,9309,9276,17309,11452,11946,8610,6781,4153,7872,9072,7075,9819,9512,10534,7607,6156,8092,7653,9148,7618,16542,729,9013,8848,491,7565,5256,10130,17786,7338,5653,6839,8848,8144,8208,15056,2307,8852,2428,8445,11411,21129,7128,18961,7889,7684,9236,9103,11191,8852,6334,10378,9726,9715,1619,9181,10077,5923,6771,8320,6047,9747,3698,6693,3986,3916,16890,8731,7153,9728,4228,4922,4931,9276,1860,6374,8315,5854,9539,9681,10111,8315,8834,8641,7888,7940,2480,16938,6607,10769,8933,11467,7934,9855,8373,11274,8346,8549,0,10435,1176,17930,12525,6266,7830,9480,3712,6390,4262,11345,9602,6406,8852,8794,9280,10378,6475,9681
6655,6159,3492,2215,5401,21856,12281,6722,7475,5916,3400,6586,3028,6578,7514,8736,5066,7874,3987,7697,3571,3999,16554,4543,13049,5902,2724,9223,11612,4769,1867,4235,8416,5553,4263,6866,17705,4553,6817,2982,3909,4230,3861,3553,3810,4167,11028,7261,4913,2569,7572,4347,9321,3136,2526,4213,18932,3606,4264,4227,3866,1107,3511,12892,10024,12637,9355,8942,8402,12892,8308,4052,4761,8795,5207,6379,5001,5353,5319,4128,12854,3537,7248,3420,9737,4553,3522,16891,3710,5058,2187,3271,4666,11924,3563,7019,3588,1707,13395,4950,11761,4737,12409,2222,4506,7704,6292,5850,3963,11141,12621,5100,4002,5115,6979,1061,3531,4335,3133,5218,3846,1910,9010,4094,279,12349,4396,3492,1143,2187,5844,12029,4808,5336,1029,5189,3191,4776,7361,12170,4717,3462,7330,3629,5375,5468,7008,12094,4642,5058,4017,7019,1910,17986,3881,3571,18076,5320,11342,2982,1353,6106,6715,5705,3625,3945,4324,6034,10512,3629,17208,4310,4094,5864,7383,1973,4738,4741,3254,4355,3526,3629,6227,2187,2410,7147,11642,3514,3521,7806,7351,4677,7230,2645,12724,7844,12478,16741,2408,4002,5366,2412,12697,7617,12167,5139,10955,6693,3968,6215,5372,7114,4664,3968,4267,4074,8402,4545,16893,1158,5173,4617,4366,1032,5222,3207,5222,838,5194,4043,10731,0,11906,1498,2005,6848,5275,2414,9057,7079,8315,5891,3852,12344,3950,4227,3333,2187,7475,4258
7404,7008,10326,10738,9155,3171,4949,6045,6630,6412,9132,10147,9247,6107,4999,5467,7911,7129,8148,7145,9004,9063,4033,7661,4713,6399,11797,6664,4473,9600,9934,10468,5743,8089,8049,6050,2023,7894,6140,10286,9816,9544,9584,8986,10015,9751,6806,7029,7633,9986,7163,9926,6563,9412,9401,10160,5034,10071,7769,8567,8309,10667,10345,4557,6540,4280,2972,3686,8259,4557,4650,9507,9795,5565,9118,6221,7206,7792,8876,8021,4518,9908,7378,10254,6116,7860,9254,3587,9735,7427,10152,9506,7977,302,10129,7508,10087,10474,5690,9604,671,8048,7407,9896,8944,5114,10341,8988,10247,12285,4285,7760,8347,7742,5411,11269,8720,7668,9199,8138,9599,12256,3754,11829,10487,9359,7902,10326,11352,10152,8982,620,9464,8892,11237,11997,9898,8226,6397,5037,8028,8846,6691,9974,9129,10009,7223,7420,7709,7427,8765,7234,12256,1613,8629,9004,1375,7339,6340,10286,11562,6954,5809,6995,8045,7760,7981,9787,1923,8626,3312,8061,11829,20451,6745,11794,7662,7300,8965,9258,10807,8626,6489,10152,9499,9847,941,8703,10232,5539,6388,7937,5663,9521,4388,6849,4870,4800,12570,8347,6926,9501,5112,4539,5621,8893,1476,6223,8089,5744,9156,9813,9727,8089,8607,8414,8259,8096,3364,11366,6763,11314,8706,11241,7707,9471,8529,11047,8501,8165,2627,10209,0,11706,10477,5882,7986,9636,3683,6342,5007,8953,9758,9536,8468,8567,9435,10152,6630,9836
6356,6110,3430,985,5118,21794,10799,7432,6245,5638,2994,6904,3414,7670,8061,7506,4767,6644,3938,7045,3293,3712,16493,4494,11278,5624,2663,8106,11563,3539,2558,3005,7185,5504,4213,6510,10896,4254,7527,1752,4925,5246,4443,3276,3748,4552,12006,6031,4508,2967,7523,5363,8204,2858,2477,3941,18870,3544,3986,3949,3588,1798,3449,11121,8794,9307,9078,8665,9380,11121,8712,5068,6675,7565,3976,6102,4702,5304,5270,3850,9455,3476,7198,3359,8783,4275,3117,16829,4593,4653,1877,3657,4070,11646,3502,5789,3527,2398,13346,6361,11484,4141,13387,2677,3518,8251,5062,5800,4913,12120,9330,4801,4039,4815,6701,824,3482,4285,2727,5168,4457,1848,8733,4033,3468,13327,4119,3430,907,1877,5794,11752,3578,5286,792,5127,2913,4727,7311,10688,4121,3412,7281,3567,5092,6767,6958,13072,4008,4653,4532,6970,1848,11182,4266,3293,10944,5043,12320,1752,725,6056,7172,5428,3576,3895,4046,5750,10234,3564,17146,4261,4033,6050,7334,1911,4332,4196,2977,6016,4217,3564,5950,1877,2800,6604,11364,3465,3460,7528,7302,4399,6953,3036,9221,7191,11513,11784,2347,4039,5088,2802,11145,7340,10396,4856,10677,6416,3691,5937,5119,6571,4377,3691,3989,3796,9380,3949,12103,1096,4767,4555,4088,970,4923,3593,4816,777,4789,3857,10453,3190,11629,0,775,6798,4870,2136,8779,6802,8863,5842,4867,13322,4159,3949,3055,1877,6245,5273
5457,5072,3744,355,4080,19816,9908,5523,5622,4891,1957,6282,2376,5553,7439,6884,3869,6022,2900,6423,2255,2674,12106,3456,10387,4877,3170,7483,10525,2917,1678,2383,6563,4466,3175,5763,9645,3216,5618,2588,4303,4623,3821,2238,4062,3514,11006,5408,3427,1929,6485,4741,7582,1821,1440,3318,16892,4307,2949,2911,2551,2306,3763,10230,8172,8420,7827,7414,8648,10230,8090,4446,6052,6943,3354,5354,3664,4266,4232,2813,8569,4144,6161,3673,8161,3071,2079,14851,3971,3572,764,2619,2865,10395,3816,5167,3791,2008,10986,5739,10233,2936,12387,1640,2314,7629,4440,4762,4291,11119,8444,3903,3001,3917,5954,1332,2444,3248,1690,4130,3835,2356,7482,4341,2431,12327,3081,3744,1414,764,4757,10501,2956,4248,1300,5435,1657,3689,6274,9797,2916,2374,6243,4210,4054,6144,5920,12400,2970,3572,3418,5932,2356,9931,3282,2255,9693,3482,11320,2588,1233,5019,5691,4681,2538,2858,3009,4713,8983,2526,15168,3223,4341,5635,6296,2419,3251,3159,1939,5393,3297,2526,5202,764,1762,5982,10113,2427,3724,6568,6264,3361,6206,1998,8330,6569,10622,10893,2854,3001,4341,1764,10254,6592,9774,3818,9426,5669,2653,5190,4081,5948,3339,2653,2951,2759,8648,2745,11212,1604,3686,5159,3050,1478,4024,2555,3735,1284,3708,2819,9202,2152,10378,775,0,5760,3789,1098,7528,6055,8240,4804,4245,12322,3122,2911,2018,764,5622,4651
2257,2157,6442,5913,3503,7924,5491,1897,3400,1970,4263,6264,4396,2354,3290,2840,2408,3586,3362,3160,4134,3411,5408,2810,4985,1984,6969,4437,5473,5716,5041,6067,2654,2437,2644,1304,5884,3043,1992,5885,5932,5661,5701,4117,6132,4635,6472,3486,2548,5093,1410,6043,4535,4519,4508,6277,6949,5671,2919,3529,3271,5774,6461,4852,4832,4333,3657,3245,6051,4852,3424,5623,6034,3034,5235,1601,2355,2140,2882,2983,4482,5603,1626,6370,6038,2991,4385,5719,5775,2389,5258,4613,3108,6226,6245,3750,6204,5581,5934,5721,6282,3179,7072,5003,4094,3785,6458,3336,6364,8042,4357,2258,3497,2240,996,6376,3987,2565,4330,2486,5715,7428,3312,7001,5594,7012,3051,6442,6459,5258,3330,6331,5581,3240,6344,8113,5047,2574,659,5207,2913,3832,939,6091,3477,6126,1571,7086,3024,2389,3836,1583,7428,5762,3886,4134,5524,2253,6006,5885,6669,2103,2491,2322,3608,3028,2943,4135,4814,3612,6036,2692,7001,8573,992,6901,2577,2449,4233,5375,6236,3612,2035,5258,4606,5963,5944,3970,6384,2108,649,3086,1688,4627,4471,3306,5243,5515,7742,3605,1841,4608,5519,2416,5780,3241,5247,1572,3051,1991,3504,5930,4076,3051,3646,3453,6051,3227,4752,6473,2420,7430,3745,6348,2205,4729,3659,6154,3632,3423,5033,5315,6209,6256,5626,0,2747,4767,3359,1861,4091,3301,5875,7156,3725,3606,4566,5258,3400,5953
2143,2849,4418,4681,5353,8974,5575,1485,1446,1496,3096,4277,4899,1734,2671,2220,2626,1632,3115,1206,2967,4084,6553,3503,4852,1483,4982,3234,7428,3730,4003,4081,2427,4277,3891,2354,6526,3382,1580,3899,3946,3674,3715,2950,4146,5592,6729,1533,2184,4055,3365,4056,3333,3573,3470,4291,8094,3685,3258,3282,3024,4736,4437,4720,4036,4201,4708,4295,4098,4720,3580,3637,4047,2807,3248,1697,2740,3990,4722,2736,4350,3616,3581,4347,3560,1824,3218,6397,3865,2142,4221,4221,1941,7276,4259,1796,4217,4333,7889,3734,7114,2012,7329,3965,2862,2860,4915,5176,4377,6493,4225,2476,4189,2457,2288,5981,3341,3546,3163,4336,3729,5442,4363,5015,4556,7247,3390,4418,6103,4221,5171,7382,3594,4739,5306,6127,3815,4424,2924,5464,1992,3561,2894,4104,5327,4140,3421,7343,3277,2142,4683,3433,5442,6812,4471,2967,6574,1605,6263,3899,5631,2796,1872,959,3337,3280,2696,5985,5864,3341,6714,3903,5015,8181,2947,5863,2008,2834,3356,3388,5844,3341,1293,4221,3586,3977,6994,3324,4398,3158,2915,2694,2548,3590,3830,1352,5111,5333,5755,4189,1641,3588,5921,3188,5172,5091,6297,2011,2804,1796,5354,3943,4749,2804,3322,3129,4098,2060,5802,5803,727,5444,3421,5310,2422,5078,2492,5116,2465,4007,6083,4277,7259,5775,4394,2411,0,3600,4409,2397,3472,5142,3888,7413,4310,3282,3399,4221,1446,3967
4274,4053,4221,1848,3061,11074,7207,4213,6099,3581,1538,6759,2493,4243,5180,4729,2685,6498,1880,4857,1236,1655,8558,2437,7080,3567,4785,6102,9506,3393,1918,2859,4462,3447,2156,4453,8626,2054,4308,3064,4779,5100,4297,1219,4539,3385,8361,5885,2753,1970,5466,5218,6200,801,1385,3795,10098,3798,1929,1892,1531,2651,4240,6948,6721,6429,6807,6394,9125,6948,5830,4922,6529,4841,3831,4044,2501,3246,3213,1793,6577,3730,5141,4150,8638,2393,1362,8625,4448,2898,1634,2736,2510,9376,4293,5643,4268,2248,9966,6216,9213,2581,8962,1880,2346,5369,4917,3743,4767,11864,6452,2720,1982,2734,4644,3253,1425,2228,1490,3111,4311,4102,6462,4817,2471,8879,2062,4221,3336,1634,3737,9481,3432,3229,3221,5912,856,2670,5254,7097,2372,1355,5224,4687,3035,6621,4901,8975,1951,2898,2399,4912,4102,8912,2263,1236,8674,2986,7895,3064,2649,3999,4381,3371,1519,1838,1989,3693,7964,1523,8942,2204,4817,5875,5277,3778,2577,2139,920,5870,3538,1523,3892,1634,1483,6458,9094,1408,4201,5258,5245,2342,4896,1505,6339,5003,7339,7533,4601,1982,3031,1485,7553,5282,7669,2799,8407,4359,1634,3880,3062,6425,2320,1634,1932,1739,9125,2385,7902,3350,3601,5636,2031,3225,2841,2672,2975,3031,2795,1799,8183,2192,9358,2191,1561,4741,3115,0,6509,4745,5981,3785,4722,9046,2102,1892,998,1634,6099,5128
4988,4187,7527,7918,6334,5034,3577,3628,3831,3825,6333,7348,6426,3348,2200,2669,5494,4330,5983,4346,6205,6242,3302,4840,3195,3839,8497,3919,3860,6801,7518,7595,2944,5268,5228,3229,2216,6251,3723,7413,7017,6745,6786,6187,7216,6930,5288,4230,5216,7569,3770,7127,3764,6996,6985,7361,4843,7199,6127,6151,5893,8251,7546,2842,3741,2323,664,1139,5201,2842,2103,6708,6996,2766,6319,3804,4385,4971,6055,5605,2472,7130,3955,7455,4598,5061,6455,3613,6936,5010,7735,7090,5178,3335,7330,4709,7288,8057,5076,6805,2803,5249,5889,7480,6099,2315,7542,6936,7448,5815,2347,5344,5527,5325,2590,8853,6555,4847,6400,5317,6800,8956,1207,8529,8071,5829,6259,7527,8935,7735,7066,3174,6665,6071,8821,9198,7053,5405,3576,3665,5229,6429,3871,7175,6308,7210,4383,5723,4888,5010,5944,4395,8956,2883,5808,6205,2645,4922,4822,7413,9146,4133,3010,4196,6205,4939,5565,6966,1554,6209,3987,5240,8529,11050,3924,9378,5245,4479,7114,6459,8712,6209,3691,7735,7083,7048,2684,6538,8129,2740,3567,5116,2842,7104,2461,4050,3233,3427,9270,5527,4510,7085,3509,1740,4103,6072,1996,3505,5672,2985,6335,7014,6906,5672,6190,5998,5201,5297,2538,8950,3964,8515,6289,8824,5291,6650,5730,8630,5703,5344,2471,7792,3471,8262,7632,3061,4678,6837,0,3521,2460,6933,6959,5973,5647,6151,6636,7735,3831,7037
579,1766,5577,4953,4269,7410,4610,1350,2605,1089,3488,5436,4005,1807,2826,2293,1642,2791,2683,2365,3368,4177,4894,2419,4142,1076,6141,3697,6344,4889,4149,5240,2107,3194,2807,790,4962,2324,1445,5058,5105,4833,4874,3351,5305,4509,5925,2692,1781,4201,2282,5215,3795,3719,3616,5450,6435,4844,2200,2851,2593,4882,5634,4009,4368,3490,3144,2731,5257,4009,2869,4796,5084,2487,4407,1055,1756,2906,3990,2305,3639,4775,2497,5543,4719,2225,3312,5205,4948,1711,4366,3790,2341,5712,5418,2955,5624,4758,6805,4893,5550,2169,6526,4111,3262,2696,5630,4093,5536,6452,3514,1492,3106,1473,1205,5484,3256,2426,3563,3253,4888,6601,2799,6174,4702,6443,2332,5577,5567,4366,4087,5818,4753,4006,5452,7286,4216,3341,1841,4660,2146,3129,1810,5263,4243,5299,2338,6539,2293,1711,3523,2349,6601,5248,3387,3368,5010,1487,5459,5058,5777,1712,1945,1009,2905,2297,2265,4902,4300,2909,5523,2819,6174,7750,1863,6009,1810,1851,3501,4547,5413,2909,1488,4366,3732,5136,5430,3239,5557,1594,1831,2367,1714,3735,3628,2511,4400,4622,6914,3106,1075,3734,4676,2119,5316,4007,4733,1025,2372,1444,4270,5102,4842,2372,2891,2698,5257,2460,4238,5581,1109,6603,2990,5455,1439,4229,2893,5262,2866,2923,4519,4423,5695,5425,4795,1328,1731,4000,2845,0,3545,4058,5047,6610,3226,2851,3800,4366,2605,5126
3989,4698,6528,6919,7149,6596,1443,2629,2832,2826,5334,5706,6768,3133,1128,1597,4495,3331,4984,3347,5206,6566,2615,5351,409,2839,7498,1796,6143,5802,6518,6596,1872,6126,5739,3214,3871,5252,2724,6414,6018,5746,5786,5188,6217,7441,2597,3231,4217,6570,5171,6128,1695,5997,5986,6362,4155,6200,5127,5151,4894,7252,6547,1274,1519,756,2186,1544,3744,1274,1767,5709,5650,1694,5320,2805,4609,5800,6869,4606,606,6131,5386,6456,1601,4062,5456,2951,5937,4011,6648,6091,4179,4563,6331,3710,6289,7058,7360,5806,4911,4250,3197,6481,5100,1316,6510,7025,6449,3124,765,4345,6037,4326,3405,8497,5580,5415,5401,6164,5801,7957,1476,7530,7072,3115,5260,6528,7936,6648,7019,4669,5666,6886,7822,7308,6054,6220,4405,1332,4230,5430,4699,6176,7122,6211,5231,3031,5098,4011,6531,5242,7957,4099,6319,5206,3861,3923,2131,6414,8146,4644,2011,3197,5206,5150,4566,7781,3110,5210,3269,5751,7530,10051,4752,8379,4246,4704,5594,5460,7713,5210,2691,6648,6084,5333,4791,5562,7130,2895,4395,5601,3656,6105,689,3051,1640,1859,8271,6037,3511,6086,1789,2060,1106,6886,3584,3119,4673,2875,7149,5538,7231,4673,5191,4999,3744,4298,2256,8319,2965,6625,5290,7825,4292,6947,4731,7631,4703,5855,3370,6793,4546,7263,6633,3890,3679,5838,2607,3505,0,6990,5960,3281,6158,5151,5637,6648,2832,6038
4293,3200,7006,4896,2054,16695,8245,5065,6134,4619,4013,7469,3556,5281,6217,5767,2704,6320,3100,5894,4488,2462,8609,2312,8263,4605,7091,7240,7677,7048,4092,6669,5499,1800,1721,4504,8769,3401,5160,6487,7110,6839,6527,4470,7310,3686,9399,6221,3774,4144,4588,7221,7338,3571,3560,6879,10149,6272,3260,3291,3033,4825,7025,8130,7759,7611,7739,6445,8908,8130,6624,6801,7239,5879,6994,4769,2649,1484,579,3124,7760,6204,4182,6935,8772,3660,3837,8920,6377,3989,4310,3664,3612,10690,7078,6484,7053,4632,7539,6926,10005,3433,9999,4054,4820,6986,8107,38,7542,9926,7635,2739,2656,2753,4328,5427,3672,2103,4166,1738,6513,6277,6513,7602,4645,9939,3393,7006,5510,4310,169,10376,7087,554,5396,8697,5773,1423,4621,8134,3410,3263,4371,7093,1908,7331,4048,9833,2709,3989,2709,4060,6277,8929,2937,4488,8691,4023,8933,6487,5720,3146,5418,4408,3293,2713,3172,2686,8322,3297,9237,1769,7602,7454,4424,5953,3431,2743,3689,6553,5116,3297,4930,4310,3657,7168,9885,3655,6986,5309,4631,3379,4634,3679,7749,6041,8521,8715,6775,2656,4069,3660,8797,5584,8193,2292,8550,4740,2965,4918,2555,7135,3127,2965,3330,3138,8908,3909,7952,5524,4639,8421,3429,5399,2860,3780,4013,5205,3832,2474,9025,4367,10673,5864,4802,3888,4834,4218,7037,5029,7018,0,7052,10083,2777,3291,4415,4310,6134,7131
5566,6272,618,4434,6655,15568,8010,4363,3176,4384,4205,1562,6303,4601,4993,4438,5672,3575,5052,3976,4222,6508,10266,5535,8778,4398,1903,5037,10465,1823,5258,1701,4117,6386,5750,4984,11416,5040,4458,1519,57,429,1560,4205,308,7005,7082,2962,5390,5310,6940,496,5135,5276,4725,1912,12643,1305,4916,4879,4518,4187,637,8622,5849,6242,7003,6590,4131,8622,5643,251,960,4496,1114,4575,5488,6186,6658,4780,6391,1237,7156,546,5190,5030,3644,10602,1410,5565,4213,5832,5147,11910,421,2720,1288,4787,10967,1149,9409,5218,8138,5220,3950,5182,1469,7188,540,6871,8350,5898,5602,5880,5174,2902,4596,5203,4358,5952,1546,2363,6658,1729,5811,8056,5048,618,3024,4213,7182,12016,1913,6674,3095,2327,4452,6008,6175,7900,5198,4914,6469,1328,6629,2494,7001,8151,5183,5565,6096,7012,2363,11698,5883,4222,11787,5028,7072,1519,3572,6219,4738,4382,4690,5070,4976,7287,10457,4694,10920,5597,1729,6992,6522,4345,5214,5126,4610,554,5640,4694,4448,4213,4841,2331,9289,4579,1221,5453,6165,5328,5426,4844,8453,4122,8207,9207,2676,5602,5064,4843,8427,5265,7896,6393,10999,4889,4620,4384,6656,2297,7172,4620,4918,4726,4131,5022,10604,2724,4150,1115,5018,3624,5845,6482,5698,3375,5671,5420,10717,5532,11893,3716,5031,5660,3995,4472,6704,5275,5794,7230,0,8073,5722,4879,4627,4213,3176,406
6917,7626,8138,12387,10077,8389,2444,5558,6027,5755,8263,6099,9866,6883,4057,4526,7424,5945,7913,6249,8134,9495,4518,8280,3899,5768,9911,4627,12257,9020,9447,9286,6347,9055,8668,6143,5669,8181,5653,9104,7179,6697,9005,8117,8316,10369,1239,5849,7146,9499,8099,7141,4525,12345,8915,9496,4578,8889,8056,8080,7823,16080,8343,3743,4492,3488,5313,4473,4137,3743,4696,7807,6044,4623,8539,5734,7538,8728,9798,7534,3704,8821,8315,8317,3644,6991,8385,4892,8994,6940,12174,9019,9650,9374,8429,6558,8872,9987,13728,6013,7368,9721,840,9409,8029,4245,6903,9953,8547,1766,3472,7274,8966,7255,6333,13679,8485,8344,8330,9093,9019,13105,4405,7660,10000,297,8189,8138,13800,12174,9948,9339,8885,9814,13872,7701,11522,9149,7334,2333,9701,8359,7628,8913,10051,6783,8160,281,8027,6940,9384,8171,13105,5950,9248,8134,6040,6852,1250,9104,14349,7573,4940,6126,8135,8079,7495,10710,5579,8139,5099,8680,7660,16910,7681,15524,7175,7632,12464,6782,15933,8139,5620,12174,8753,5726,7248,8468,8802,5844,7324,8149,6585,9034,3287,5898,2641,4520,13453,8966,6440,8755,2860,4989,3998,9815,6121,6048,7602,5804,10078,5931,10160,7602,8120,7927,4137,9529,4857,13501,5894,7018,8219,15518,7221,10090,7659,15269,7632,8784,6440,9722,9356,12731,12101,6819,7090,12508,5536,6434,3930,9919,8058,0,9087,8080,8566,12174,6027,7051
3618,2843,5506,3396,1683,10450,7551,4390,5441,3925,2513,6700,1347,4587,5523,5073,2030,5626,2045,5200,3112,963,7934,1580,7588,3911,5591,6546,8296,5548,2313,5169,4805,2336,989,3829,8002,1517,4485,4987,6341,6070,5028,3094,5824,1850,8705,5527,3081,2644,4256,6452,6644,2071,2060,5380,9474,4773,2206,2236,1978,3046,5525,7455,7065,6937,6183,5771,10410,7455,5949,6033,6348,5185,5494,4094,1964,2135,2102,2070,7085,4704,3932,5435,8078,2966,2337,8245,4877,2934,2810,1843,2918,8752,5578,5790,5553,2643,8757,6157,8589,2739,9305,2275,3320,5713,7071,2632,5672,13150,6960,2064,819,2078,3971,3928,2201,1372,2666,1902,5013,4777,5838,6103,3146,9245,1627,5506,4010,2810,2626,8857,5587,2118,3896,7197,3216,1559,4045,7440,2716,1763,4014,5594,1657,6563,3692,9139,1654,2934,450,3703,4777,8288,314,3112,8050,3329,8239,4987,4221,2790,4724,3714,2238,1658,2266,2316,7340,1915,8562,1037,6103,5245,4067,4173,2737,1705,2189,5784,2907,1915,4236,2810,2158,6400,8470,2184,5486,4634,4035,2686,4278,2179,6683,5347,7847,8040,5275,819,3375,2160,7897,4909,7499,1421,7783,4065,1910,4224,1654,6366,1627,1910,2276,2083,10410,3360,7278,4025,3945,6921,2375,3899,2185,1571,3319,3705,3138,991,7559,2867,8734,4365,3302,3532,4140,2439,5885,4354,6324,2674,6284,9389,0,2236,2915,2810,5441,6362
2652,1645,4767,3353,3329,9483,5782,2962,3672,2156,1763,4616,3086,2818,3754,3304,1063,3857,1091,3431,1634,3103,6967,1500,5655,2142,5587,4777,7932,4898,2670,4364,3118,2284,1888,2863,7035,1359,3057,4570,4257,3824,4544,1617,4457,3589,6936,3758,1312,2722,3870,4367,4875,2240,2137,5300,8508,4289,1235,0,1001,3403,4786,5522,5296,5004,5217,4804,6055,5522,4240,3948,4386,3498,5336,2619,1465,2071,2728,713,5152,4220,3736,4695,6309,1197,1885,7278,4393,1029,3139,2198,1149,7785,4570,4021,5436,3000,8393,4073,7623,970,7536,2632,1534,3944,5254,3183,4689,10589,5027,1097,2186,1112,3219,4005,2008,1506,1830,2255,4529,4854,4872,5619,3223,7454,1367,4767,4088,3139,3177,7891,4937,2745,3973,6465,2488,2400,3429,5671,947,1537,3398,5477,3302,4478,3496,7550,1595,1029,2603,3507,4854,7206,2467,1634,7083,1560,6470,4570,4298,1591,2955,1945,1313,1599,673,3961,6373,1317,7596,1899,5619,6158,3451,4530,968,1445,2023,3700,3821,1317,2467,3139,2253,4315,7503,1991,5369,3667,3419,526,3470,2257,4914,3578,5914,6185,5353,2186,1606,2255,6128,3848,6244,3066,6806,2933,780,2455,3329,4282,3767,780,1299,1106,6055,1446,6311,4102,2176,5782,1398,3977,1219,3310,1159,3783,979,2004,6592,2944,7768,3697,3066,2915,2371,2267,4918,3319,4555,3148,4199,7620,2307,0,2066,3139,3672,4278
4228,4007,4175,1802,3015,11242,7161,4167,6053,3535,1493,6713,2448,4198,5134,4683,2639,6453,1835,4811,1190,1609,8725,2391,7034,3522,4739,7914,9460,3347,1872,2813,4416,3401,2110,4408,8793,2008,4262,3019,4733,5054,4251,1173,4493,3339,8315,5839,2707,1924,5420,5172,8012,756,1339,3749,10266,3752,1883,1846,1485,2605,4194,6902,6676,6383,6975,6562,9079,6902,5928,4876,6483,4796,3785,3999,2455,3201,3167,1748,6532,3684,5096,4104,8067,2347,1316,8579,4402,2853,1588,2690,2464,9543,4247,5598,4222,2203,9921,6170,9381,2535,8916,1834,2300,5323,4871,3697,4721,11819,6407,2674,1936,2688,4598,3207,1379,2182,1445,3065,4266,4056,6630,4771,2425,8834,2016,4175,3290,1588,3692,9649,3386,3183,3175,5866,810,2624,5208,7051,2327,1309,5178,4641,2989,6575,4855,8929,1905,2853,2353,4867,4056,8964,2217,1190,8841,2940,7850,3019,2603,3953,4335,3325,1473,1792,1944,3647,8131,1477,8896,2158,4771,5829,5231,3732,2532,2093,874,5824,3492,1477,3847,1588,1437,6413,9261,1362,4155,5425,5199,2296,4850,1459,6293,4957,7293,7487,4555,1936,2986,1439,7507,5237,7623,2753,8564,4313,1588,3835,3016,6379,2274,1588,1886,1693,9079,2339,8069,3304,3555,5590,1985,3179,2795,2626,2929,2985,2749,1754,8350,2147,9526,2146,1515,4695,3070,1153,6676,4699,5935,3739,4676,9000,2056,1846,0,1588,6053,5082
4746,4524,3578,599,3532,11759,9486,4684,5456,4053,1409,6116,1828,4715,5651,6718,3157,5856,2352,6256,1707,2126,9242,2908,7547,4039,4142,7317,9977,2751,1130,2217,6397,3918,2628,4925,9311,2525,4779,2422,4136,4457,3654,1690,3896,2966,11433,5242,2922,1381,5937,4575,7416,1273,892,3152,10783,4141,2401,2363,2003,1863,3597,9808,8006,6896,7492,7079,8482,9808,6445,4280,5886,6777,3188,4516,2973,3718,3684,2265,7045,3978,5613,3507,7470,2562,1531,14953,3805,3130,0,2071,2699,10060,3650,5001,3625,1460,10438,5573,9898,2770,12489,1092,2147,5840,4274,4215,4125,11222,6920,3191,2453,3205,5115,1916,1896,2700,1142,3582,3669,2940,7147,4175,1883,12407,2533,3578,1999,0,4209,10166,2790,3700,1884,5269,1328,3141,5726,9375,2750,1826,5695,4044,3506,5978,5372,12502,2422,3130,2870,5384,2940,9596,2734,1707,9358,3457,11423,2422,1817,4471,4852,3842,1990,2310,2461,4165,8649,1994,15271,2675,4175,5087,5748,2990,2865,2611,1391,5227,2749,1994,4364,0,1214,5816,9779,1879,3558,5943,5716,2813,5367,1450,6811,6403,10200,10393,3439,2453,3503,1216,9832,5754,9083,3270,9091,4830,2105,4352,3533,5782,2791,2105,2403,2211,8482,2579,8586,2188,4073,4993,2502,2062,3313,2007,3446,1869,3266,2271,8868,1604,10043,1360,729,5212,4268,550,7193,5216,6452,4256,4079,12573,2574,2363,1470,0,5456,4485
2922,3629,3842,6483,6133,14156,4588,1697,0,1718,3876,3664,5679,1935,1970,1415,3405,645,3894,511,3747,4864,6786,4282,5067,1732,4886,1901,7483,3116,4783,3984,1094,5057,4671,2318,5799,4162,1792,3802,3332,2899,3101,3730,3532,6372,5718,545,2964,4835,4145,3443,1999,4353,4250,3677,8327,3588,4038,4062,3804,5516,3861,4910,2702,3246,3980,3567,3122,4910,2624,3023,3434,1474,2635,1909,3520,4770,5502,3516,3394,3424,4361,3770,2572,2604,3998,7097,3252,2922,6270,5001,2721,6548,3645,1025,3604,5113,7944,3120,6386,2792,6726,4745,3642,2159,4302,5956,3764,5506,3269,3255,4969,3237,2508,5885,4121,4326,3943,5074,3115,5345,3635,4918,5336,6644,4170,3842,6006,6270,5950,6654,2981,5518,6078,5513,5618,5204,3704,4477,2772,4340,3674,3491,6107,3526,4201,6739,4056,2922,5463,4212,5345,6084,5250,3747,5846,2385,5660,3802,7284,3575,916,1739,4116,4060,3476,6765,5137,4120,7415,4682,4918,8961,3727,6643,2788,3614,4135,2775,6624,4120,1782,6270,4366,3363,6267,4104,3749,2431,3695,3474,2760,4369,4742,365,5302,5523,5659,4969,2421,4368,4934,2242,4185,5871,5569,2223,3583,1718,6134,3330,5528,3583,4102,3909,3122,2840,5892,5707,1506,4830,4201,6089,3202,5857,3272,5895,3245,4787,5356,5057,6531,6827,6197,2994,1352,4379,3682,2609,2771,5921,3275,6810,5090,4062,4179,6270,0,3353
5714,6421,767,4582,6803,15716,8159,4511,3324,4532,4353,1710,6451,4750,5141,4586,5820,3724,5200,4124,4371,6656,10414,5684,8927,4546,2052,5185,10614,1972,5406,1850,4265,6534,5898,5132,11565,5188,4607,1668,128,577,1709,4353,456,7153,7231,3110,5539,5458,7089,90,5284,5424,4873,2060,12792,1454,5064,5027,4666,4335,786,8770,5998,6391,7151,6738,4280,8770,5792,400,1108,4645,1263,4723,5636,6334,6806,4928,6539,1385,7304,695,5338,5179,3792,10751,1558,5713,4361,5980,5295,12059,569,2869,1436,4935,11115,1297,9557,5366,8287,5368,4098,5330,1617,7336,688,7019,8499,5854,5750,6028,5323,3051,4745,5352,4507,6100,1694,2511,6806,1877,5959,8204,5196,767,3172,4361,7331,12164,2061,6822,3244,2476,4600,6157,6323,8048,5346,5062,6617,1477,6777,2642,7149,8300,5331,5713,6244,7160,2511,12026,6031,4371,11994,5177,7220,1668,3720,6367,4251,4530,4838,5219,5124,7436,10606,4843,11068,5745,1877,7141,6671,4493,5363,5274,4759,703,5788,4843,4597,4361,4989,2479,9438,4727,1369,5602,6314,5477,5575,4993,8602,4271,8356,9355,2825,5750,5213,4991,8575,5413,8045,6541,11148,5038,4768,4532,6804,2446,7321,4768,5067,4874,4280,5171,10753,2873,4298,1263,5166,3772,5994,6630,5847,3523,5820,5568,10866,5681,12041,3865,5179,5808,4143,4621,6853,5424,5942,7378,148,8222,5871,5027,4775,4361,3324,0
