0,998,1106,1276,1445,1897,1198,154,734,242,1000,1149,1177,360,849,476,540,638,704,562,774,1013,1115,1218,1205,244,1029,960,1348,915,1104,888,451,1318,939,110,1434,779,165,849,1076,895,1046,763,1040,1665,1570,657,521,1082,740,972,973,973,928,934,1474,928,724,815,768,1292,1079,1076,1123,1010,805,643,1288,1076,640,892,959,496,868,168,590,1153,1272,629,1073,838,772,1097,1215,624,951,1373,870,436,1199,995,688,1508,1053,571,1083,1043,1311,962,1263,698,1747,1088,826,763,970,1344,1028,1949,1015,522,1375,517,503,1304,825,841,1030,1172,1052,1189,664,1053,1145,1702,740,1106,1314,1199,1345,1360,898,1283,1301,1258,994,1165,716,1408,696,804,692,1069,1354,1178,877,1842,758,436,1422,878,1189,1491,1450,774,1375,461,1534,849,1368,982,363,319,750,791,624,1504,1107,763,1440,936,1053,1645,699,1483,521,601,853,835,1347,763,227,1199,930,1130,1238,823,1111,388,715,765,572,1017,1052,494,1161,1239,1183,1375,419,930,1221,552,1298,1315,1350,125,666,251,1334,1151,1155,653,809,817,1288,716,1234,1309,412,1175,852,1259,564,1152,739,1267,729,944,1280,1104,1638,1320,1165,579,505,1176,615,277,1002,1345,1087,2184,1087,846,1086,1164,768,1000
566,0,1084,1028,734,2153,1632,678,1143,670,727,1536,618,856,1158,979,246,1040,456,975,711,660,1522,309,1382,668,1129,1345,1587,1065,951,1009,961,552,652,624,1948,399,689,970,1069,979,1011,697,1157,856,1929,1060,585,940,677,1065,1377,827,783,1037,1882,1007,322,623,569,1105,1086,1407,1479,1298,1178,1061,1749,1407,1174,999,1335,1006,1178,708,211,363,461,525,1379,923,653,1075,1583,556,726,1782,970,867,1070,787,551,1905,1092,1002,1133,821,1543,1317,1746,524,2110,918,627,1391,1351,528,1195,2259,1303,261,467,266,704,1223,592,317,742,413,1007,1401,1088,1118,1009,2041,338,1084,1233,1070,529,1997,1068,482,1220,1364,812,362,665,1769,521,516,639,1137,637,1486,515,2177,391,867,669,516,1401,1791,579,711,1697,600,1884,970,1278,430,850,670,469,419,520,734,1516,479,1757,441,1118,1423,646,1296,503,222,648,923,1131,479,736,1070,787,1454,1718,590,1111,809,664,466,883,843,1234,965,1503,1593,1263,467,508,787,1659,1025,1659,592,1683,654,556,717,609,1450,801,556,612,589,1749,639,1605,1128,716,1292,624,1114,279,658,524,1075,519,420,1634,970,1909,1075,944,569,850,1007,1125,782,1279,516,1224,2305,544,623,961,1070,1143,1055
1165,1357,0,893,1293,1922,1459,804,762,989,601,592,1297,913,1232,1043,882,738,698,726,524,945,1572,939,1599,991,303,1255,2259,207,877,278,989,1122,862,1030,1952,734,815,239,271,206,178,510,84,1565,1297,743,884,956,1333,349,1287,785,823,218,1722,152,661,661,584,821,18,1455,1223,1499,1603,1493,740,1455,1378,181,410,1034,247,1067,924,973,982,677,1555,130,1365,9,1003,809,419,1769,155,982,796,1282,774,2222,24,601,148,825,2325,519,2180,807,1551,991,423,1463,384,1066,265,1172,1514,1059,1055,1057,1131,527,635,757,616,914,175,406,1520,403,1025,1474,677,180,541,796,1067,2318,297,1001,571,654,571,889,1233,1446,805,708,1315,152,1180,703,1265,1664,789,982,1249,1266,406,1968,1159,524,1959,929,1315,239,654,1341,906,725,661,826,783,1269,1858,671,1744,862,403,1485,1322,860,897,687,800,221,1163,671,987,796,827,671,2155,633,128,1244,1232,800,1253,959,1532,712,1503,1640,455,1055,775,827,1493,1142,1495,1135,2042,1097,694,808,1149,667,1084,694,650,627,740,728,1685,448,694,262,662,732,913,1279,799,681,789,1008,1947,986,2228,719,706,1171,691,860,1561,1124,1365,1071,208,1744,1132,661,740,796,762,339
1063,1261,648,0,1104,2814,1790,859,766,992,577,1080,698,948,1236,1047,742,741,604,860,557,793,2158,884,1904,990,697,1259,2308,328,552,350,993,1074,846,1235,2534,765,870,397,660,635,613,543,711,959,1609,747,781,654,1435,747,1290,425,410,388,2539,698,692,692,617,716,650,1757,1392,1538,1822,1699,1115,1757,1381,613,874,1037,445,1283,955,925,884,710,1853,677,1425,639,1216,526,564,2270,641,879,177,682,528,2563,656,606,695,610,2284,854,2374,542,1985,518,331,1468,478,969,533,1583,1811,757,901,952,1333,479,531,788,524,945,616,818,1726,694,720,1916,708,648,489,177,970,2669,331,903,476,938,236,811,1434,1776,540,612,1405,699,991,1023,1294,1901,720,879,1097,1295,818,2494,1007,557,2399,824,1759,397,441,1240,936,836,556,721,816,1082,2172,566,2245,861,694,1446,1412,907,794,718,440,715,1146,566,929,177,468,991,2349,529,676,1456,1433,831,1455,458,1502,846,1853,1926,830,901,893,468,1611,1386,1572,946,2375,1313,727,1038,960,987,938,727,681,658,1115,511,2223,541,702,865,693,546,773,681,699,494,689,854,2306,683,2573,373,189,1344,746,252,1773,1340,1357,974,597,2033,978,692,423,177,765,737
1141,745,1077,1028,0,2603,2109,1085,1493,1061,720,1382,433,1269,1586,1402,732,1392,672,1324,926,351,1975,477,1855,1059,1122,1905,1816,1249,769,1002,1266,598,329,1046,2339,640,1096,963,1232,1156,1004,912,1108,395,2408,1425,1135,780,964,1296,1800,721,586,996,2344,956,899,849,792,881,1041,1987,1986,1841,1690,1546,1539,1987,1657,1134,1383,1378,1332,1194,726,452,408,948,1921,897,976,1030,1984,1058,706,2258,929,1226,913,624,1028,2445,1047,1348,1095,775,1954,1338,2151,1061,2591,716,828,1810,1371,493,1128,2062,1856,779,268,783,1064,1068,699,444,719,434,966,1233,1583,1076,842,2527,687,1039,1078,913,494,2298,1228,422,1065,1278,934,328,1003,2306,1024,668,978,1099,355,1501,839,2700,640,1226,246,840,1233,2390,214,897,2279,1095,2369,940,1123,782,1324,1175,725,669,1055,139,2001,688,2223,379,1076,1258,985,1087,1150,697,736,1105,1038,688,1291,913,632,1469,2144,697,1075,1350,1002,969,1080,645,1777,1328,2093,2212,1336,268,958,632,2249,1576,2309,267,2241,1153,965,1173,140,1465,520,965,834,811,1539,976,2138,1011,1080,1260,846,959,792,507,1057,923,1022,297,2192,807,2465,1193,1029,935,1123,746,1591,1281,1767,498,1169,2828,330,849,912,913,1467,1286
2033,2119,2309,3050,2454,0,1152,1619,1846,1753,2684,1948,2486,1714,1281,1337,2301,1935,2356,1989,2270,2413,890,2122,1172,1751,2614,1645,1170,2360,2673,2474,1369,2323,2265,1712,513,2487,1630,2434,2528,2435,2465,2252,2703,2609,1599,1957,2126,2692,1665,2524,1616,2627,2498,2559,920,2446,2401,2470,2413,2821,2552,1093,1495,1139,738,1001,1687,1093,1186,2451,2492,1349,2311,1784,2269,2130,2230,2093,1115,2396,1702,2541,1460,2139,2689,857,2514,2104,3015,2596,2157,199,2713,2069,2507,2664,1266,2479,403,2190,1590,2643,2661,1363,2273,2304,2403,1561,1072,2187,2294,2185,1435,2334,2489,2177,2582,2165,2470,2217,1028,2201,2756,1558,2417,2309,2348,3015,2305,319,2343,2248,2388,2213,2849,2140,1563,1178,2188,2398,1644,2493,2363,2359,1753,1605,2270,2104,2353,1754,2217,444,2390,2270,337,2063,1554,2433,3055,2103,1662,1938,2321,2285,2088,2511,366,2362,798,2266,2201,2621,1651,2464,2170,2280,2642,2379,3019,2362,1757,3015,2536,2171,417,2487,2568,1559,1562,2533,1582,2559,1092,1990,1108,1108,2237,2295,2016,2536,1198,1047,1410,2324,277,1733,2135,1548,2367,2167,2546,2135,2455,2432,1687,2174,770,2223,1924,2133,2467,2896,2219,2513,2175,2839,2163,2245,497,2720,206,3152,3013,1501,2094,2680,815,1698,1290,2291,2660,1574,2373,2470,2563,3015,1846,2514
1208,1678,1202,1813,2037,1180,0,837,1006,851,1718,830,2063,1103,535,591,1486,952,1487,1148,1409,1770,479,1705,685,853,1482,668,1765,1394,1834,1376,623,1929,1690,954,841,1509,848,1336,1076,1096,1471,1391,1255,2186,335,1118,1233,1831,1270,1072,682,1763,1645,1378,812,1241,1425,1568,1510,1978,1268,86,558,556,894,650,559,86,660,1216,986,603,1343,1018,1503,1735,1810,1318,627,1233,1306,1211,528,1265,1745,697,1309,1321,1773,1745,1286,1209,1226,1233,1228,1815,1862,1003,1238,1319,514,1804,1427,562,1111,1919,1346,646,584,1454,1873,1452,1017,1696,1531,1583,1725,1767,1475,1586,595,1095,1900,474,1441,1202,1710,1773,1920,1326,1377,1828,1744,1106,1616,1723,1156,59,1317,1553,1248,1232,1947,1178,1357,565,1704,1323,1934,1358,1586,827,1973,1409,1018,1161,291,1336,1870,1664,823,919,1502,1685,1313,2094,949,1514,655,1691,1095,2443,1255,2201,1281,1516,1564,1105,2198,1514,835,1773,1671,990,1216,1529,1273,952,1155,1617,1165,1709,283,1154,32,62,1610,1875,1075,1671,79,795,473,1907,989,1058,1355,836,1947,986,1918,1355,1553,1530,559,1313,579,1582,1002,1030,1565,2027,1432,2095,1313,1986,1298,1828,944,1861,1212,1924,1781,1094,1009,1718,766,1066,267,1907,1336,709,1954,1568,1708,1773,1006,1062
411,861,818,990,1194,1913,1105,0,494,109,918,994,1143,273,601,408,686,434,661,354,589,952,1210,784,889,111,881,818,1694,679,967,755,384,1064,831,412,1601,695,11,716,825,732,709,571,1004,1259,1191,456,415,1012,641,821,848,952,807,787,1563,734,613,744,687,1097,820,904,890,807,951,815,1353,903,617,746,759,428,623,243,697,875,965,510,889,675,676,809,1227,449,923,1497,737,528,950,1036,467,1659,826,385,765,1023,1744,758,1415,500,1377,937,607,753,801,1042,720,1516,810,655,952,653,480,1302,797,724,908,878,712,981,842,854,1075,1304,629,818,1312,950,1043,1783,662,981,1299,1081,801,878,641,1091,498,726,619,751,1095,917,652,1490,870,528,1145,653,981,1590,1055,589,1475,352,1145,716,1359,848,263,225,681,899,505,1242,1264,690,1453,832,854,1643,626,1306,459,708,841,674,1365,690,109,950,857,886,1392,795,852,599,640,763,628,866,810,358,939,1014,1026,952,280,857,1120,433,1067,1055,1464,194,545,118,1095,882,1100,545,729,706,1353,479,1024,1005,299,1005,741,1189,626,1170,498,1157,483,905,1395,1040,1663,1084,953,561,267,901,840,540,675,1030,951,1603,1031,744,891,950,494,811
643,1107,775,963,1322,1945,963,274,0,448,926,828,1358,390,459,300,902,122,881,258,616,1028,1151,999,888,450,838,508,1887,517,1057,711,247,1285,1045,438,1629,909,285,673,681,535,622,598,857,1473,1033,144,553,1090,861,677,539,767,881,700,1504,690,827,759,688,1187,777,781,613,806,978,841,1028,781,623,604,604,292,470,511,915,1096,1167,730,889,682,896,766,906,476,949,1459,650,748,923,1321,494,1696,864,193,678,1113,1966,598,1440,527,1215,1027,634,645,646,1264,558,1472,810,871,1166,869,506,1065,731,938,933,1092,625,938,868,811,1153,1147,843,775,1079,923,1265,1816,500,1183,1113,929,774,1081,864,950,525,802,838,664,1229,757,881,1325,962,748,1359,882,938,1621,1269,616,1506,359,988,673,1142,1086,110,244,757,929,725,1376,1289,766,1415,1046,811,1851,845,1397,568,926,768,520,1588,766,447,923,895,726,1417,729,809,625,863,826,654,940,810,114,804,868,978,1166,296,895,1286,523,1296,1189,1495,554,765,284,1229,722,1176,765,744,721,1028,506,1166,963,226,849,756,1268,846,1387,525,1235,510,1119,1426,1118,1700,1057,926,587,185,929,865,566,540,1252,622,1446,1245,759,917,923,180,667
494,921,812,931,1310,1750,1087,240,486,0,830,986,1200,256,584,391,740,426,718,345,518,1008,1045,841,872,1,874,809,1581,670,943,748,366,1175,885,224,1396,749,250,709,817,724,700,500,996,1316,1173,447,336,962,553,813,839,879,783,778,1379,727,667,801,744,1079,813,887,875,790,778,646,1344,887,599,738,750,411,614,295,752,985,1070,567,873,668,598,802,1218,378,853,1339,728,585,891,1092,396,1495,819,376,756,999,1654,749,1229,429,1360,913,536,736,792,1153,711,1503,794,709,1009,707,292,1105,638,778,837,1021,703,974,673,847,1024,1287,683,811,1261,891,1154,1611,653,1086,1248,1070,742,984,419,1073,427,782,518,742,1214,908,617,1473,925,585,1202,618,974,1420,1112,518,1305,273,1128,709,1306,905,246,148,737,954,562,1361,1069,746,1295,886,847,1693,525,1288,380,763,670,666,1422,746,89,891,797,877,1208,636,845,414,418,685,438,842,794,349,922,996,1019,1009,211,797,1102,416,1050,1174,1291,338,602,101,1214,873,1156,602,786,763,1344,409,1198,998,229,994,798,1138,683,1226,427,1106,412,962,1226,989,1498,1025,894,357,258,830,665,347,658,1141,775,1586,1088,801,820,891,485,803
1092,1063,484,731,1013,2619,1807,710,915,816,0,799,727,824,1158,960,858,853,525,775,330,969,1950,750,1624,814,568,1219,2158,511,590,425,935,941,695,1052,2265,556,721,383,684,614,429,312,554,966,1579,873,615,702,1244,754,1250,289,428,455,2300,393,474,476,402,735,486,1618,1324,1531,1621,1487,980,1618,1302,590,840,980,557,1095,754,784,796,518,1611,341,1256,475,1433,538,245,2214,388,704,692,692,506,2380,492,806,534,657,2227,948,2084,539,1819,560,253,1373,693,877,568,1466,1536,827,767,825,1110,990,445,587,35,738,425,667,1514,528,764,1751,490,484,1000,692,878,2215,545,811,987,796,106,709,1318,1794,537,515,1289,538,914,1059,1120,1773,595,704,960,1121,667,2305,870,330,2194,661,1598,383,1045,1042,815,842,470,642,625,1061,1925,479,2176,696,528,1555,1296,941,630,500,472,629,1282,479,871,692,599,1028,2061,443,515,1274,1317,604,1258,480,1399,777,1640,1704,713,767,720,599,1824,1200,1503,874,2160,1135,535,865,914,1024,1118,535,461,438,980,518,2047,929,544,702,473,886,802,761,537,843,522,720,2107,729,2386,823,691,1186,587,337,1515,1146,1245,882,621,1828,846,476,327,692,915,744
1201,1351,678,1174,1466,1961,1370,860,671,1052,1124,0,1384,992,1142,973,827,885,935,819,818,1481,1587,1024,1381,1054,945,970,2275,711,1305,845,919,1312,1167,1050,1973,963,871,806,581,521,741,800,704,1499,1333,667,907,1307,1357,577,941,1179,1116,819,1761,714,881,1021,963,1583,743,1225,1065,1254,1591,1485,788,1225,1335,515,405,964,655,1102,920,1123,1229,784,1324,690,1392,706,882,578,938,1808,769,1000,1133,1320,578,1938,779,528,702,1455,2522,375,2016,591,1585,1278,774,1261,305,1291,705,1208,1281,839,1191,843,1108,1178,935,1022,1036,1178,744,1045,1512,566,1376,1509,897,678,1192,1133,1292,2061,694,1244,1226,582,978,1143,1246,1357,589,1011,1335,706,1373,330,1447,1536,1167,1000,1384,1448,1045,1859,1294,818,1744,911,1351,806,1350,1335,900,796,960,1182,779,1520,1649,972,1763,1168,566,1871,1342,1640,698,907,1194,431,1805,972,892,1133,1105,162,1993,933,746,1272,1245,890,1256,1182,1301,839,1320,1437,1092,1191,848,1105,1262,1192,1272,1333,1731,1142,819,865,1373,158,1631,819,1006,983,788,559,1449,1070,778,485,1018,1413,852,1413,728,1253,713,1144,1664,1339,1943,1273,1141,1183,745,1250,1512,1153,1135,1279,724,1680,1270,1021,1118,1133,671,567
1092,1011,1014,800,510,2197,2262,1202,1423,1066,678,1565,0,1279,1622,1422,777,1363,604,1280,902,299,2042,744,1970,1064,1289,1885,2070,1050,497,1063,1276,805,464,1164,2385,553,1213,915,1207,1131,936,884,1083,280,2343,1383,961,584,1153,1271,1916,679,544,962,2392,931,778,728,671,648,1016,2045,1929,1881,1737,1592,1512,2045,1703,1109,1358,1321,1165,1234,751,648,595,827,1964,872,1165,1005,1943,930,680,2302,897,1047,709,162,928,2493,1022,1306,1070,593,1990,1311,2212,899,2526,467,802,1775,1197,680,993,2035,1885,789,390,793,1254,869,663,579,775,630,932,1030,1619,1051,645,2461,566,1014,879,709,681,2627,1052,614,866,1253,782,524,1190,2249,896,644,1165,1074,411,1474,1028,2635,519,1047,317,1029,1030,2421,324,902,2321,969,2304,915,924,990,1267,1126,584,548,934,558,2045,664,2257,479,1051,944,1172,890,879,576,694,1078,691,664,1141,709,529,1445,2189,661,1050,1386,1189,847,1270,662,1810,1286,2141,2265,1146,390,940,578,2284,1571,2223,366,2287,1183,844,1116,488,1441,483,844,713,690,1512,949,2166,801,1162,1235,725,765,802,155,905,722,900,419,2232,611,2507,993,825,1121,1081,594,1629,1311,1710,685,1144,2758,450,728,760,709,1423,1261
732,1231,1062,1292,1548,1796,820,359,324,368,1209,1179,1480,0,316,133,1030,409,1002,454,896,1501,1010,1121,755,370,1137,656,1627,834,1360,1004,111,1430,1264,465,1608,1031,370,964,998,905,864,878,1184,1595,886,431,758,1369,775,994,686,1295,1169,942,1344,974,947,1087,1029,1495,1064,645,624,668,831,698,1056,645,481,920,937,156,778,536,1046,1232,1333,850,751,939,810,1053,843,758,1235,1300,892,871,1251,1393,776,1541,1188,542,920,1334,1646,933,1289,809,1073,1329,902,518,967,1407,886,1207,672,998,1292,996,533,1366,1018,1103,1216,1277,867,1237,706,1098,1436,1005,963,1062,1380,1251,1408,1658,817,1348,1414,1275,1096,1242,676,807,807,1071,752,906,1467,1093,860,1156,1265,871,1480,861,1237,1469,1390,896,1354,695,847,964,1486,1210,118,460,1023,1202,845,1614,1215,1033,1261,1265,1098,1965,759,1708,799,1057,1055,849,1712,1033,352,1251,1196,1061,1267,1016,937,473,675,1100,681,1233,674,463,666,730,1280,1292,622,1196,845,404,797,1427,1339,579,885,363,1467,1057,1652,885,1072,1049,1056,788,1015,1256,529,1196,1084,1557,969,1509,806,1522,791,1242,1274,1399,1544,1401,1261,614,521,1222,721,591,402,1395,1129,1300,1369,1087,1203,1251,324,984
665,1356,1155,1323,1647,1491,631,282,347,293,1278,1088,1717,178,0,56,952,432,930,475,971,1600,773,1358,555,295,1229,449,1573,859,1286,1127,88,1527,1627,600,1265,958,293,1087,1022,929,889,953,1209,1826,702,454,687,1303,876,1018,420,1324,1097,967,1101,1009,876,1016,958,1421,1157,454,390,468,660,561,823,454,590,945,964,68,803,461,1494,1333,1427,779,551,974,911,1146,657,825,1006,1092,922,797,1282,1315,843,1239,1213,565,945,1262,1631,957,1277,876,884,1256,970,491,992,1506,911,1017,472,920,1536,918,668,1440,1095,1017,1285,1373,892,1331,506,1191,1370,844,892,1155,1454,1282,1507,1356,842,1442,1488,1363,1127,1336,879,618,874,1005,853,931,1561,1119,962,932,1502,797,1589,963,1331,1160,1628,971,1048,708,662,1087,1614,1340,158,527,955,1517,774,1708,978,967,1046,1637,1191,1900,860,1631,915,1505,1134,873,1640,967,277,1282,1124,1087,1255,1093,962,455,878,1176,816,1161,474,486,470,541,1354,1536,548,1124,657,370,602,1521,1024,791,814,586,1561,1083,1744,814,1001,978,823,855,778,1334,496,1282,1013,1700,895,1748,873,1539,858,1482,973,1333,1242,1432,1292,722,454,1290,679,721,206,1494,1154,1081,1612,1016,1273,1282,347,1008
854,1316,1072,1270,1616,1578,715,246,295,257,1227,1142,1676,126,193,0,1123,380,1098,425,914,1569,854,1317,643,259,1147,533,1503,807,1422,1044,36,1496,1597,561,1440,1126,257,1004,968,875,837,896,1151,1794,786,402,886,1408,845,964,374,1072,1226,915,1183,926,1042,1183,1125,1557,1074,538,348,556,744,649,777,538,333,890,905,36,751,425,1139,1302,1401,942,639,897,880,1063,620,776,940,1182,865,964,1229,1495,794,1324,1156,513,893,1430,1593,904,1150,827,970,1391,920,370,940,1475,859,1099,560,1091,1495,1089,629,1367,1036,1200,1234,1342,840,1247,594,1108,1475,929,1058,1072,1381,1229,1476,1440,790,1416,1415,1238,1074,1310,848,702,825,1167,822,879,1535,1063,931,1030,1461,964,1548,932,1247,1244,1587,914,1132,659,747,1004,1541,1299,106,478,1119,1298,937,1682,1060,1129,1136,1612,1108,2054,829,1708,865,1150,1073,820,1808,1129,241,1229,1213,1032,1130,1034,910,420,847,1127,777,1290,562,434,554,623,1281,1495,717,1213,740,334,686,1495,1123,752,977,547,1535,1028,1718,977,1168,1145,777,806,859,1259,447,1160,1180,1624,1066,1707,824,1463,809,1441,1057,1438,1327,1378,1238,691,405,1240,593,684,290,1463,1097,1174,1571,1183,1221,1229,295,955
377,489,1013,985,686,1938,1502,506,898,486,677,1353,564,702,1031,837,0,836,398,758,630,695,1230,211,1349,484,1086,1164,1670,948,727,953,813,566,350,430,1622,305,517,914,1169,1076,933,612,1082,687,1773,856,441,761,617,1165,1195,702,567,959,1579,930,220,525,467,862,1015,1271,1269,1120,971,834,1517,1272,943,1092,1107,858,958,531,148,377,490,622,1201,871,653,1004,1416,733,681,1516,896,692,893,707,731,1689,1021,789,1069,724,1720,1099,1432,702,1948,696,558,1148,1141,569,1052,1875,1125,70,379,74,524,1048,540,230,693,384,929,1211,861,1050,822,1880,236,1013,1058,893,570,1809,991,509,1045,1252,763,412,613,1665,699,463,591,1073,605,1262,546,2008,312,692,574,547,1211,1614,484,630,1499,378,1727,914,1103,476,693,481,378,342,729,752,1282,427,1472,351,1050,1351,598,1067,485,159,578,1016,1104,427,544,893,612,1230,1409,538,1049,618,612,413,794,625,1056,761,1368,1483,1314,379,303,612,1524,783,1586,560,1488,480,639,549,596,1227,853,639,510,487,1518,703,1230,989,488,1363,522,962,85,590,540,901,467,332,1419,787,1693,1173,1009,540,657,726,858,603,1120,556,1143,2153,458,525,923,893,899,1155
680,1147,822,1054,1368,2003,1061,314,91,489,961,980,1401,431,552,389,943,0,921,241,655,1068,1244,1040,983,491,885,607,1815,664,1121,761,335,1330,1183,479,1674,949,325,722,815,722,709,637,994,1516,1516,148,593,1139,782,811,638,807,932,787,1597,738,867,798,727,1253,824,874,709,899,1023,885,957,874,710,736,745,380,617,552,959,1141,1247,770,982,679,817,813,837,516,986,1538,737,788,1014,1306,534,1754,830,229,765,1177,1803,744,1487,567,1335,1091,672,705,786,1308,705,1402,903,911,1207,909,547,1116,771,1002,968,1152,712,985,920,859,1202,1262,883,822,1130,1014,1309,1874,647,1262,1164,1065,862,1161,785,1048,565,842,759,751,1275,903,922,1448,1004,788,1400,923,985,1679,1310,655,1564,399,1103,722,1286,1126,322,284,797,969,765,1422,1334,806,1493,1110,859,1891,766,1462,608,970,808,664,1631,806,488,1014,935,872,1464,769,856,670,784,866,695,996,905,261,897,971,1030,1207,336,935,1217,609,1227,1234,1553,595,805,325,1273,868,1216,805,783,760,957,546,1257,1009,266,989,795,1322,886,1430,565,1284,550,1160,1484,1167,1758,1151,1020,628,225,967,910,607,633,1296,769,1561,1286,798,952,1014,91,801
1159,1128,607,696,748,2427,1867,769,981,713,253,931,684,884,1226,1026,748,918,0,840,489,494,1808,537,1690,711,681,1282,2083,635,454,549,997,861,554,916,2206,524,780,507,800,723,553,471,669,896,1587,938,680,481,1166,863,1313,184,294,579,2153,517,392,382,324,615,609,1681,1387,1594,1483,1355,1101,1681,1273,701,949,1042,658,992,722,704,598,435,1674,465,1178,598,1501,603,256,2078,512,769,606,651,571,2188,615,871,656,521,2152,959,1953,604,2141,424,311,1441,813,683,691,1561,1599,892,592,890,987,767,188,505,268,658,549,928,1382,647,542,2073,408,607,777,606,684,2309,668,617,764,914,606,527,1203,1854,602,260,1178,660,667,1121,1041,2189,390,769,785,1042,928,2114,695,489,1996,723,1915,507,822,1107,875,739,215,386,542,814,1789,224,2032,602,647,1410,1185,811,692,418,185,738,1153,224,768,606,308,1089,1930,186,638,1136,1202,508,1135,353,1462,844,1703,1767,1044,592,610,308,1884,1081,1566,627,1964,1032,452,762,663,1085,665,452,367,344,1101,583,1904,699,609,829,379,665,867,718,602,620,587,545,1909,508,2194,891,722,1063,652,454,1379,1039,1308,688,737,2329,671,382,502,606,981,853
822,1305,843,936,1684,2214,1402,481,259,656,1213,798,1566,602,745,585,1113,131,1088,0,900,1665,1487,1208,1413,658,906,863,1948,487,1408,809,531,1569,1346,647,1980,1116,492,770,650,504,607,882,828,1676,1595,153,872,1394,923,646,893,939,1212,685,1818,696,1032,1173,1115,1542,845,1261,1004,1288,1219,1082,1039,1261,889,573,573,576,440,718,1129,1375,1469,932,1357,667,963,834,916,762,920,1814,635,954,897,1440,780,1977,835,92,648,1420,2021,567,1694,813,1661,1377,849,900,616,1548,528,1483,1315,1081,1380,1079,715,1136,1022,1190,755,1337,610,1006,1111,880,1461,1593,1048,843,1150,897,1549,2103,470,1484,1184,899,748,1378,921,1390,811,1157,895,634,1565,729,1010,1680,1320,981,1521,1007,1013,1892,1432,849,1802,628,1429,761,1052,1303,514,459,988,1173,951,1712,1700,998,1797,1318,856,2132,916,1526,832,1148,906,517,1831,998,658,858,1120,693,1718,960,657,863,935,1088,865,1224,1352,79,1391,1506,1053,1361,699,1120,1299,790,1318,1525,1782,767,989,482,1557,689,1659,989,1180,1157,1022,772,1497,1025,417,824,1192,1350,1085,1562,771,1115,758,1307,1747,1380,2004,971,839,773,391,979,1123,780,834,1514,584,1853,1437,1195,1143,858,262,667
800,901,1026,704,1039,2298,1804,784,1096,604,649,1045,1066,801,1127,923,511,1004,626,929,0,879,1639,745,1718,602,1085,1271,1991,746,762,756,908,1027,885,800,2076,626,795,798,767,664,963,327,954,1200,1871,1025,521,772,1067,763,1289,479,596,806,1973,934,542,108,426,916,1028,1589,1445,1567,1323,1207,1353,1589,1163,698,818,953,1148,874,601,838,851,463,1647,883,1098,1017,1573,463,668,1904,915,519,683,944,462,2052,958,957,1068,816,2012,791,1841,432,2057,729,299,1362,1038,968,908,2203,1572,524,903,528,865,1054,468,655,656,805,957,1213,1234,1033,837,1998,558,1026,1064,683,969,2203,749,868,1051,1136,497,760,1048,1791,429,656,1022,1072,940,967,960,2057,840,519,1074,961,1213,1985,985,180,1879,492,1846,798,1109,888,793,629,611,875,459,1087,1660,620,1876,887,1033,1638,1029,1116,434,568,480,607,1330,620,658,683,600,931,1812,466,1054,975,1047,149,1011,676,1424,921,1611,1676,1324,903,470,600,1823,954,1713,900,1831,913,497,655,932,927,1037,497,82,654,1353,548,1736,976,643,1059,105,954,532,1109,266,899,37,856,1796,800,2057,782,650,919,835,718,1233,923,1217,976,917,2182,982,108,636,683,1096,753
1085,936,696,580,726,2715,1971,919,1075,1010,338,1042,465,954,1291,1086,774,983,407,908,490,0,2034,621,1878,1008,1075,1320,2025,802,413,622,951,815,538,1156,2411,544,930,587,895,827,630,472,756,879,1641,1004,790,397,1123,944,1338,352,247,670,2381,606,574,501,443,597,698,1750,1471,1727,1726,1595,1172,1750,1708,802,936,996,699,1283,736,658,600,615,1807,562,1130,687,1551,712,330,2274,607,867,512,418,671,2453,704,937,739,409,2045,994,2266,704,2205,380,382,1526,959,686,780,1615,1732,787,580,791,1219,681,338,549,353,625,627,836,1622,710,463,2149,557,696,691,512,687,2622,805,620,678,969,600,527,1129,1958,702,300,1103,743,643,1174,992,1891,498,867,753,993,836,2399,664,490,2302,838,1997,587,736,920,942,829,361,530,721,790,2069,320,2246,554,710,1129,1110,785,797,567,367,842,831,320,859,512,262,1137,2241,336,727,1376,1128,631,1435,327,1584,901,1772,1845,961,580,895,262,1989,1572,1686,603,2261,1203,631,1065,633,1133,154,631,486,463,1172,618,2130,593,691,933,498,592,796,526,687,527,674,533,2213,426,2460,805,639,1061,743,410,1640,1333,1390,692,832,2016,659,501,573,512,1087,934
1626,1842,1823,2277,2196,918,635,1292,1470,1339,2155,1457,2175,1599,947,1003,1941,1568,1977,1631,1860,2152,0,1843,692,1341,2077,1081,1310,2019,2320,2092,1035,2102,1984,1427,684,1977,1303,2053,1709,2104,2141,1842,1877,2314,918,1589,1660,2297,1472,1705,1126,2234,2135,2235,335,1850,1891,2052,1994,2486,1882,535,1001,601,626,562,1146,535,763,2138,1598,1015,1972,1474,1991,1851,1973,1794,645,1848,1503,1832,971,1757,2176,220,2190,1801,2257,2203,1767,765,1847,1715,1846,2264,1460,1614,1006,1800,1062,2286,1893,970,1622,2040,2060,1244,602,1915,2006,1913,1184,2121,1977,1919,2162,1915,2146,2005,589,1716,2367,946,1907,1823,2135,2257,2041,923,2002,1991,2170,1729,2076,1879,1340,662,1798,2014,1433,1850,2106,1872,1535,1000,1988,1801,2169,1536,2005,574,2080,1860,559,1597,886,2053,2300,1826,1277,1417,1963,2003,1790,2253,666,1975,216,1986,1716,2672,1442,2299,1713,2002,1996,2053,2671,1975,1323,2257,2140,1496,1040,1975,1893,1278,1341,2251,1329,2218,622,1637,597,595,2047,2006,1521,2140,682,828,934,2068,718,1514,1839,1340,2100,1518,2312,1839,2037,2014,1146,1794,311,2029,1482,1646,2049,2256,1917,2212,1775,2436,1765,1956,608,2328,769,2358,2220,1280,1550,2220,636,1529,689,2052,2125,969,2084,2052,2140,2257,1471,1695
1042,680,1074,945,531,2518,2157,1085,1434,926,721,1619,317,1140,1478,1273,691,1343,473,1265,931,500,1880,0,1975,924,1435,1705,1792,1211,673,1001,1137,562,214,981,2296,617,1096,962,1278,1180,1060,913,1145,459,2214,1363,875,760,895,1279,1723,862,750,1097,2227,981,626,608,550,827,1076,1883,1796,1790,1541,1419,1544,1883,1528,1189,1320,1182,1315,1092,658,405,358,667,1870,946,900,1065,1907,819,714,2126,1023,867,878,478,818,2273,1082,1289,1116,727,1822,1341,2053,788,2389,640,835,1713,1362,446,1155,2551,1795,704,160,708,981,1042,626,130,943,368,1085,1198,1446,1080,825,2351,642,1074,1052,878,447,2425,1214,374,1039,1344,951,273,896,2144,785,813,869,1120,432,1526,760,2429,378,867,328,761,1198,2213,240,931,2107,848,2185,962,1097,667,1128,954,449,413,773,579,1887,501,2098,199,1080,1199,876,1027,790,652,877,1125,906,501,1001,878,673,1489,2028,624,1102,1195,895,734,1141,715,1709,1263,1979,2097,1309,160,818,715,2176,1433,2072,387,2057,1040,683,979,417,1485,681,683,593,570,1546,902,1935,961,973,1292,605,973,713,359,849,887,787,113,2020,788,2279,1167,1003,829,1172,768,1459,1169,1565,451,1215,2554,239,608,931,878,1435,1269
889,1394,1307,1380,1659,1260,419,547,748,563,1282,952,1587,810,318,374,1184,845,1211,897,984,1618,544,1263,0,565,1362,483,1561,1303,1490,1234,579,1583,1403,665,967,1214,558,1195,1503,1400,1380,966,1691,1719,478,865,910,1477,962,1499,519,1132,1290,1468,872,1214,1127,1284,1226,1643,1309,270,395,334,509,404,664,270,444,1436,995,386,1252,737,1212,1331,1449,1038,418,1179,998,1298,370,871,1301,799,1421,1056,1345,1534,880,996,1315,992,1427,1518,1665,1378,1128,913,645,1456,999,325,1026,1516,1344,774,60,1158,1431,1156,730,1570,1097,1307,1289,1402,1384,1489,349,1213,1546,608,1143,1307,1584,1345,1517,1145,1286,1466,1619,1225,1183,1354,947,406,911,1247,920,1413,1576,1341,1021,665,1395,1056,1591,1022,1489,897,1502,984,807,752,443,1195,1550,1378,556,637,1199,1410,1034,1723,729,1209,774,1405,1213,2224,927,1844,959,1223,1133,1349,1929,1209,547,1345,1271,919,1100,1095,1335,674,946,1212,876,1375,51,913,286,357,1497,1431,774,1271,441,581,329,1536,782,778,1078,554,1569,915,1636,1078,1269,1246,664,896,525,1472,716,1147,1281,1667,1160,1649,895,1614,882,1377,752,1508,999,1467,1326,784,723,1365,533,790,65,1525,1408,807,1507,1284,1278,1345,748,1489
494,958,855,904,1233,1712,1094,238,571,1,819,1039,1162,237,560,359,742,482,756,405,509,1013,1036,842,1155,0,905,795,1598,701,925,786,344,1146,896,218,1519,760,249,747,894,791,735,491,1084,1298,1163,506,335,932,549,890,813,643,759,813,1384,766,676,831,774,1080,857,884,863,847,764,643,1379,884,593,825,812,389,645,292,763,900,1000,602,927,715,590,846,1288,370,836,1303,763,620,866,1079,384,1442,863,431,789,978,1588,785,1284,417,1349,892,514,740,839,1085,752,1496,852,717,1000,715,283,1218,632,789,826,962,738,1024,670,867,998,1282,692,855,1228,866,1086,1593,684,1018,1215,1129,706,908,406,1081,415,790,501,775,1135,961,592,1395,879,620,1172,593,1024,1390,1083,509,1287,272,1130,747,1274,937,229,146,745,914,598,1282,1096,754,1276,898,867,1748,508,1280,388,774,644,738,1467,754,87,866,764,925,1257,630,885,400,405,715,427,839,864,400,907,982,1063,1000,209,764,1113,398,1017,1095,1263,331,636,91,1128,921,1169,636,816,793,1379,402,1167,1145,217,1052,828,1115,721,1205,416,1067,398,953,1205,961,1445,979,847,344,263,889,667,346,645,1093,816,1532,1079,831,807,866,571,880
1556,1673,1049,627,1427,2670,2236,1688,1266,1426,846,1306,1086,1653,1988,1578,1257,1292,1045,1446,899,1131,2306,1384,2253,1424,0,1790,2759,845,552,855,1525,1473,1198,1600,2791,1129,1699,780,1244,1180,1125,881,1106,1335,2072,1250,1357,708,1855,1297,1808,783,800,905,2458,1146,1042,1046,980,614,1051,2114,1915,2427,2118,1997,1436,2114,2108,1155,1287,1570,956,1710,1320,1316,1253,1084,2199,1157,1863,1040,1731,1274,861,2496,1228,1291,540,1036,1156,2856,1057,1128,1142,542,2802,1390,2664,1167,2305,681,983,2223,1002,1337,1234,1967,2154,1270,1250,1274,1728,252,981,1214,800,1369,1130,633,2024,1136,773,2266,1058,1049,266,540,1338,3012,848,1270,300,1400,804,1181,1863,2223,1165,957,1836,1146,1332,1575,1727,2396,1200,1291,1416,1728,633,2810,1327,899,2715,1295,2100,780,418,1657,1641,1461,1007,1192,1190,1479,2460,977,2468,1214,1136,1307,1843,728,1365,1068,798,1195,1116,977,1507,540,711,1537,2641,979,1128,1776,1862,1177,1874,707,2176,1466,2329,2284,179,1250,1277,711,2100,1823,2116,1291,2584,1751,1100,1491,1323,1533,1281,1100,1031,1008,1435,1135,2540,150,1302,1321,1043,473,1286,1147,1247,315,1235,1199,2626,736,2862,492,666,1796,1341,623,2034,1767,2072,1342,1182,2467,1326,1046,786,540,1268,1288
929,1434,1208,1447,1706,1673,713,596,493,612,1298,833,1567,596,488,419,1224,592,1254,641,1007,1553,838,1303,764,614,1226,0,1858,1047,1511,1095,366,1630,1443,712,1418,1260,607,1056,1240,1137,1169,989,1425,1789,915,616,967,1498,1014,1236,14,1155,1311,1266,1163,1075,1173,1154,1088,1664,1170,636,261,641,960,864,509,636,546,1173,750,277,1000,786,1253,1378,1496,1084,720,1266,1050,1159,377,887,1317,1152,1219,1096,1412,1497,896,1298,1435,737,1208,1569,1964,769,1531,929,1269,1477,1015,399,786,1569,1088,889,678,1198,1471,1196,777,1431,1120,1353,1305,1449,1174,1350,809,1103,1567,1208,1189,1208,1445,1412,1570,1448,1030,1513,1480,1114,1250,1401,994,700,927,1194,968,1194,1623,1169,1068,1202,1440,1096,1631,1069,1350,1229,1542,1007,1129,768,1056,1056,1597,1418,283,653,1146,1331,1080,1770,1030,1156,1126,1445,1103,2266,975,1867,975,1264,1156,1082,1974,1156,596,1412,1294,681,1421,1118,1225,705,993,1228,923,1396,697,658,703,788,1358,1471,814,1294,754,683,472,1583,1112,825,1124,603,1616,677,1711,1124,914,1116,509,912,828,1333,622,1037,1151,1688,1200,1611,911,1635,898,1417,1054,1529,1301,1534,1393,831,599,1379,832,835,365,1578,1152,1341,1547,1154,1292,1412,493,1226
1656,1673,2528,2352,1439,1223,1577,1565,1762,1671,2199,2128,2002,1716,1198,1254,1660,1860,1895,1922,2049,1767,1396,1671,1431,1669,2578,1569,0,2308,2195,2443,1288,1735,1793,1507,1105,2079,1593,2407,2503,2400,2412,2031,2687,1651,1730,1884,1686,2168,1001,2499,1571,2103,2004,2503,1728,2423,1990,2034,1976,2359,2530,1345,1517,1159,837,885,1846,1345,959,2436,2456,1268,2259,1615,1816,1481,1498,1931,1386,2381,1026,2519,1722,1950,2192,1509,2458,1947,2282,2119,1958,1009,2697,2009,2455,2168,440,2398,861,1991,2043,2161,2211,1261,2414,1427,2351,1704,1344,1634,1830,1632,1400,2468,2047,1752,2348,1550,2417,2610,927,2382,2238,1984,2006,2528,2478,2282,1442,939,2291,1496,2465,2394,2400,1503,1156,1604,1989,2062,1156,2441,1360,2495,1098,2043,1800,1947,1817,1099,2610,1145,1908,2049,1045,1623,1832,2407,2536,1657,1571,1735,1851,1815,1927,1406,839,1918,1405,1809,2382,2125,1183,2563,1739,1827,2118,2346,2570,1918,1622,2282,2009,2215,834,2045,2546,1508,1157,2078,1545,2087,1363,1930,1441,1540,2382,1830,1547,2009,1597,1019,1672,1685,879,1563,1976,1552,1718,2316,1920,1976,2019,1996,1846,1981,1236,2375,1765,2316,2031,2396,1652,2043,1964,2306,1954,1782,953,2199,1014,2624,2540,1366,1871,2181,701,1692,1176,1427,2415,2168,1908,2034,2336,2282,1764,2490
1086,1293,290,628,1246,1932,1748,680,525,861,551,875,1191,794,1020,834,1018,555,666,646,490,960,1564,916,1774,863,365,1018,2191,0,905,224,781,1109,1022,848,2132,718,691,185,393,432,110,472,352,1372,1311,506,875,1067,1177,549,1037,618,897,21,1727,127,634,637,571,972,292,1652,1165,1460,1382,1268,785,1652,1162,406,540,826,159,922,910,952,1073,675,1540,107,1213,281,1281,766,378,1781,74,955,607,1141,776,2106,298,374,197,895,2215,632,1892,787,1549,1051,557,1255,237,1156,214,1206,1465,1057,1075,1055,913,619,611,747,476,897,107,485,1295,301,1133,1484,650,290,633,607,1157,2257,15,1091,668,575,420,1002,1041,1735,785,796,1132,183,1153,808,1231,1642,727,955,1246,1232,485,2045,1157,490,1939,798,1332,185,782,1277,786,683,634,812,781,1300,1724,643,1754,1038,301,1521,1139,983,882,660,633,447,1331,643,857,607,916,772,1867,609,319,1035,1040,762,1059,977,1317,637,1748,1841,544,1075,936,916,1648,1062,1380,1113,1889,963,691,680,1146,768,1116,691,622,599,785,755,1779,513,652,522,634,830,1059,1254,771,682,758,1028,1852,1096,2111,715,579,979,634,721,1296,971,1109,1161,330,1727,1154,637,884,607,525,539
1249,1454,874,481,996,2846,2223,1180,1323,1068,541,1586,543,1213,1550,1345,938,1231,665,1156,579,631,2192,959,2143,1066,1026,1570,2346,764,0,774,1210,1140,873,1294,2542,801,1191,816,1075,1011,782,561,940,793,1839,1251,1033,295,1447,1128,1588,462,328,824,2543,785,717,723,660,226,876,2045,1719,1989,1875,1748,1339,2045,1818,986,1118,1255,856,1341,992,983,918,763,2069,734,1453,865,1795,953,559,2426,759,1116,413,494,912,2572,882,1047,916,15,2373,1308,2413,945,2473,304,611,1785,921,1002,963,1812,1994,951,814,955,1352,565,610,830,494,980,779,787,1775,886,362,2434,733,874,575,413,1003,2743,767,937,562,1143,493,848,1454,2210,943,636,1425,920,897,1493,1314,2091,819,1116,849,1315,787,2543,760,579,2437,1085,2268,816,623,1438,1201,1092,633,811,869,1044,2211,642,2397,889,886,1179,1432,391,1041,743,493,981,876,642,1102,413,290,1456,2388,608,904,1525,1453,846,1498,286,1846,1151,2034,2107,909,814,934,341,2248,1625,1934,857,2399,1381,779,1123,983,1452,798,779,708,685,1339,837,2280,562,933,1097,720,392,959,605,927,469,914,880,2347,325,2581,694,544,1388,972,303,1787,1397,1640,1007,1012,2216,752,723,466,413,1323,1118
1215,1491,294,632,1250,1935,1490,854,705,1045,715,648,1195,975,1174,985,1022,728,872,828,742,964,1568,1110,1629,1047,369,1178,2371,259,1088,0,932,1298,1026,1050,1989,964,865,46,498,437,431,724,359,1376,1315,688,1070,1071,1365,554,1197,622,901,319,1731,341,880,886,823,976,296,1502,1325,1503,1615,1490,789,1502,1317,411,545,977,370,1098,1155,1141,1077,926,1583,343,1396,285,1031,770,708,1784,390,1153,611,1145,780,2350,302,557,337,900,2402,640,2149,791,1553,1055,561,1409,426,1160,376,1211,1540,1035,1079,1039,1104,623,818,1031,480,1189,427,489,1517,305,1137,1488,896,294,637,611,1161,2508,262,1095,672,579,424,1006,1239,1477,789,800,1328,341,1157,782,1551,1646,1028,1153,1250,1552,489,1993,1161,742,2186,1122,1336,46,786,1475,963,868,842,1020,977,1304,1913,851,1757,1042,305,1525,1335,987,876,906,637,452,1340,851,1053,611,920,782,2124,816,323,1267,1238,1012,1250,981,1560,820,1591,1676,548,1079,1045,920,1535,1222,1522,1117,2135,1138,942,854,1150,778,1120,942,871,848,789,759,1664,517,836,526,883,834,1043,1258,964,686,951,1032,2098,1100,2356,719,583,1177,817,725,1532,1153,1266,1165,435,1731,1158,886,888,611,705,544
608,1091,1086,1104,1382,1707,832,233,270,244,1001,1148,1272,89,292,80,865,369,879,422,702,1155,963,948,892,246,1145,548,1595,812,1165,1038,0,1290,1018,361,1516,882,244,999,1010,907,846,684,1206,1404,880,393,611,1183,679,1006,568,837,973,924,1290,928,798,954,897,1316,1088,621,386,744,761,640,1046,621,440,943,919,45,756,422,886,1041,1154,725,824,907,710,1077,909,585,1020,1222,874,743,1068,1217,594,1437,1094,514,900,1189,1585,890,1282,627,1059,1132,720,474,950,1227,863,1204,749,840,1106,838,411,1359,811,911,1008,1066,849,1266,651,1092,1250,1000,814,1086,1373,1068,1228,1588,795,1172,1408,1245,903,1062,547,819,625,913,640,886,1289,1066,731,1106,1048,743,1278,732,1266,1385,1189,702,1282,466,848,999,1259,1070,70,312,868,1063,721,1436,1154,877,1195,1020,1092,1871,647,1515,670,897,838,854,1592,877,228,1068,958,1030,1255,809,917,397,546,925,557,1058,601,435,644,709,1286,1106,472,958,852,323,758,1249,1260,462,759,243,1281,1026,1305,759,939,916,1046,612,953,1261,392,1165,951,1451,844,1313,625,1320,607,1059,1202,1212,1440,1176,1044,485,380,1083,664,471,382,1237,927,1248,1185,954,989,1065,270,996
1062,707,1134,1002,455,2575,2210,1132,1531,983,781,1675,607,1199,1537,1332,710,1440,533,1362,1002,400,1934,341,1989,981,1194,1778,1811,1154,836,1061,1196,0,425,1028,2290,654,1143,1022,1338,1235,1151,984,1201,600,2285,1460,932,816,914,1334,1796,775,670,1182,2281,1041,679,668,610,988,1136,1891,1855,1835,1592,1467,1616,1891,1576,1247,1376,1241,1324,1139,677,234,232,725,1915,1006,920,1125,2004,875,774,2174,1083,918,934,768,874,2326,1142,1381,1176,822,1842,1397,2116,844,2460,803,895,1772,1371,320,1215,2623,1840,723,445,727,1004,1100,682,332,796,179,1145,1263,1494,1140,881,2421,695,1134,1110,934,321,2484,1223,248,1097,1404,1012,127,915,2197,841,714,888,1180,356,1582,779,2551,438,918,619,780,1263,2271,530,1002,2162,904,2255,1022,1155,694,1187,1041,509,473,831,503,1938,561,2146,441,1140,1440,895,1187,846,705,790,1181,1168,561,1058,934,687,1544,2091,680,1162,1244,914,790,1188,752,1754,1358,1987,2106,1374,448,874,687,2143,1480,2134,311,2112,1087,741,1038,340,1540,584,741,653,630,1616,968,1983,1026,1060,1352,665,998,732,646,905,948,843,401,2075,844,2332,1225,1059,848,1257,829,1509,1216,1627,325,1275,2641,527,668,993,934,1531,1324
849,503,1073,952,431,2300,1905,918,1315,826,720,1599,447,1039,1452,1172,511,1223,455,1148,930,348,1648,148,1757,824,1132,1487,1643,1093,799,1000,1036,547,0,804,2077,575,929,961,1277,1161,1090,912,1144,576,2261,1244,858,766,725,1260,1505,724,619,1096,1977,980,608,590,532,951,1075,1674,1770,1587,1326,1210,1546,1674,1316,1197,1301,1081,1352,926,489,390,336,649,1667,945,730,1064,1788,802,713,1912,1022,849,884,608,801,2053,1081,1174,1115,774,1657,1321,1838,771,2436,766,834,1525,1321,430,1154,2387,1592,524,287,528,801,1048,609,115,735,464,1084,1207,1237,1079,831,2397,624,1073,1058,884,431,2204,1173,358,1045,1343,1017,259,734,2174,768,519,707,1119,332,1506,587,2527,360,849,354,588,1207,1992,371,930,1886,831,2231,961,1103,490,1027,843,431,395,755,479,1665,483,1884,16,1079,1308,714,1153,773,500,739,1106,1026,483,879,884,633,1469,1813,607,1101,978,733,717,979,699,1506,1143,1770,1870,1318,287,701,633,1926,1194,2111,287,1834,877,665,878,316,1465,529,665,575,552,1546,885,1739,970,857,1291,587,949,532,488,832,893,770,240,1799,794,2058,1173,1009,667,1022,776,1237,1005,1604,435,1214,2618,366,590,958,884,1315,1250
736,1168,1239,1361,1480,1543,1185,393,605,495,1255,1508,1481,503,656,457,1026,702,1036,753,955,1429,883,1155,893,497,1297,881,1441,1161,1405,1166,449,1395,1456,0,1264,1042,404,1127,1354,1251,1258,937,1542,1611,1250,722,765,1371,768,1350,899,1297,1205,1346,1209,1146,955,1109,1051,1559,1241,798,953,746,598,474,1372,798,427,1287,1289,489,1114,659,1299,1140,1260,877,826,1111,799,1230,1144,850,1276,1141,1299,900,1328,1639,859,1279,1247,849,1305,1341,1316,1231,1117,892,1440,1371,978,398,1294,1327,1202,1553,751,1000,1323,998,492,1502,1071,1246,1264,1210,1262,1421,501,1246,1440,1373,971,1239,1516,1328,1328,1429,1144,1277,1663,1602,1162,1165,650,1172,890,1073,729,1291,1387,1416,828,1482,1296,901,1483,829,1421,1210,1394,958,1110,703,1221,1127,1533,1147,412,581,1025,1311,874,1534,925,1035,1113,1298,1246,2045,736,1761,816,1310,1107,1197,1745,1035,479,1328,1204,1379,1089,1069,1267,224,649,1547,637,1291,665,770,893,971,1429,1323,630,1204,1204,240,1103,1347,1093,608,912,358,1379,1375,1589,912,1095,1072,1372,875,992,1404,648,1519,1107,1562,1003,1522,874,1509,861,1269,1035,1403,1282,1450,1309,588,657,1339,501,536,731,1336,1266,1618,1399,1110,1252,1328,605,1340
1458,1521,1988,2429,1839,979,863,1105,1321,1248,2053,1638,1849,1209,840,896,1576,1419,1749,1482,2111,1791,733,1523,763,1246,2056,1203,1033,1858,2118,1911,1208,1759,1664,1162,0,1877,1116,1872,2061,1958,1965,2093,2244,1988,1184,1439,1479,2092,1138,2057,1209,2026,1927,2062,1058,1890,1788,1885,1827,2282,1990,674,1154,742,220,491,1350,674,702,1994,2007,908,1802,1273,1667,1507,1617,1589,719,1842,1174,1979,1047,1610,2046,991,2019,1613,2393,2001,1620,703,2254,1566,2004,2065,1137,1949,740,2023,1370,2084,2050,860,1989,1710,1909,1513,677,1550,1680,1548,863,2390,1901,1594,2407,1569,1970,2178,518,1993,2162,1303,1804,1988,2400,2393,1711,861,1841,1636,2387,1907,2234,1527,1002,890,2020,1808,1093,1990,1749,2134,1193,1416,1651,1613,1848,1194,2178,628,1759,2111,530,1412,1151,1872,2457,1505,1130,1458,1702,1666,1585,1896,226,1769,962,1665,1993,2677,1100,2486,1533,1678,1929,1906,2399,1769,1164,2393,1932,2096,713,1899,2021,960,1001,1918,1008,2010,696,1487,769,826,2188,1680,1333,1932,910,584,1005,1709,395,1221,1634,1048,1742,2092,1944,1634,1870,1847,1350,1647,577,2298,1326,1826,1882,2319,1569,1889,2026,2229,1971,1633,458,2122,707,2512,2374,940,1608,2104,306,1231,850,1721,1973,1553,1759,1885,2394,2393,1321,2047
718,638,827,729,574,2225,1894,859,1167,680,476,1255,567,878,1214,1009,380,1075,200,1000,630,588,1565,355,1676,678,877,1341,1751,764,563,758,989,542,290,729,2002,0,870,719,1026,833,735,612,888,715,1944,1096,601,547,850,932,1359,501,396,775,1892,738,67,332,275,728,829,1593,1532,1508,1252,1134,1301,1593,1246,936,973,1034,804,949,66,385,374,395,1588,687,855,818,1642,543,470,1830,712,598,662,562,542,1980,835,1026,869,537,1777,980,1778,512,2131,530,467,1449,1039,468,910,2276,1513,393,405,397,930,832,351,181,491,329,727,986,1161,839,720,2073,17,899,842,662,469,2206,885,396,829,1096,763,281,852,1876,540,255,820,952,541,1114,745,2190,112,609,586,746,986,2000,497,498,1894,605,1937,724,1031,620,892,712,208,145,385,679,1631,218,1813,278,849,1249,827,971,533,27,351,713,885,218,754,805,454,1075,1815,323,933,953,845,280,1090,546,1536,1003,1701,1863,1200,401,578,454,1959,1068,1844,496,1852,815,423,749,511,1071,748,423,345,322,1285,654,1773,855,726,1046,357,926,421,614,338,788,333,354,1809,685,2063,1128,888,783,871,632,1214,929,1322,491,1038,2293,482,355,689,805,1183,866
468,983,1113,1195,1224,1977,1250,211,732,196,1063,1225,1321,406,722,520,731,641,748,564,758,1026,1184,970,1268,194,1108,918,1755,861,1120,969,517,1194,866,426,1659,756,0,934,1025,910,906,744,1139,1445,1340,664,459,1114,743,1021,936,1054,932,1003,1546,953,665,831,778,1274,1115,1036,1026,1015,997,857,1358,1036,849,930,1001,562,806,207,745,1044,968,610,1094,892,772,1104,1436,629,1046,1435,960,626,1259,1141,672,1690,1143,588,958,1086,1725,932,1509,705,1516,1091,821,866,995,1068,912,1615,1020,706,1131,704,457,1434,894,762,1062,928,911,1218,884,1057,1180,1471,681,1113,1444,1259,1069,1840,844,1000,1431,1337,992,882,730,1237,703,806,704,944,1130,1114,763,1585,866,626,1316,764,1218,1611,1227,758,1523,395,1298,934,1502,962,397,410,759,899,604,1269,1301,769,1434,872,1057,1748,711,1459,494,756,923,859,1421,769,280,1259,931,1075,1478,892,975,619,729,879,628,1021,1017,552,1059,1150,1261,1131,318,931,1317,575,1205,1091,1533,160,642,254,1111,1071,1166,642,821,798,1358,687,1230,1338,469,1259,833,1308,722,1341,688,1261,676,1084,1455,1143,1694,1281,1148,557,436,1143,876,514,791,1156,1139,1699,1212,831,1036,1259,732,1011
1358,1593,338,726,1367,1897,1446,1006,781,1192,842,616,1292,1135,1259,1062,1188,815,981,894,842,1066,1567,1201,1588,1194,351,1229,2283,356,919,84,1013,1431,1140,1222,1928,1074,1017,0,536,478,477,828,414,1543,1290,778,1135,1214,1537,605,1041,735,1034,414,1709,382,980,992,922,1025,340,1472,1183,1467,1713,1560,753,1472,1416,453,606,1058,478,1246,1246,1274,1201,1022,1548,389,1569,329,1016,903,635,1765,436,1221,679,1238,914,2203,346,654,386,902,2421,718,2238,925,1520,1124,687,1462,523,1298,423,1164,1503,1201,1237,1315,1238,631,921,1138,571,1308,473,463,1674,288,1286,1475,996,338,645,679,1299,2352,360,1230,691,562,515,1136,1416,1433,923,903,1500,390,1273,844,1712,1613,1110,1221,1411,1713,463,1875,1322,842,1889,1192,1302,180,808,1577,1011,992,950,1109,1126,1412,1884,923,1763,1154,288,1475,1507,953,1127,1006,750,493,1204,923,1040,678,1021,770,2211,919,370,1339,1415,1110,1409,1123,1517,882,1490,1649,531,1237,1176,1021,1494,1295,1504,1234,2003,1281,1038,1005,1254,766,1204,1038,982,959,753,893,1661,509,916,487,994,844,1212,1292,1102,650,1090,1183,1955,1246,2209,811,680,1354,897,793,1600,1283,1339,1303,479,1715,1315,992,940,678,781,595
1291,1403,354,858,1303,2097,1649,920,701,1106,708,478,1517,1066,1179,982,1031,735,768,829,627,1014,1754,1012,1542,1108,371,1147,2454,337,947,405,933,1241,962,1132,2120,852,931,370,0,150,313,613,432,1485,1499,698,956,1109,1451,277,1165,869,873,348,1915,260,761,773,707,1045,356,1428,1292,1423,1745,1592,911,1428,1336,125,278,978,441,1160,1024,1084,1065,807,1503,260,1479,345,1075,882,519,1950,285,1037,946,1464,910,2457,362,571,264,929,2440,390,2265,943,1727,1047,524,1382,335,1165,118,1386,1459,1127,1174,1125,1152,651,717,858,708,1025,309,483,1619,442,1175,1685,777,354,665,946,1166,2622,348,1097,711,709,654,979,1329,1636,941,794,1413,268,1209,535,1523,1820,860,1037,1357,1524,483,2054,1268,627,2324,1112,1516,370,828,1387,931,908,747,917,911,1348,2064,757,1948,968,442,1493,1420,972,948,787,884,165,1223,757,976,946,866,632,2238,715,247,1370,1328,884,1323,957,1472,812,1524,1601,551,1174,965,866,1459,1215,1460,1170,2175,1195,823,920,1190,628,1154,823,763,740,911,812,1627,529,849,415,775,864,1054,1524,925,670,913,1127,2240,1138,2467,921,811,1267,833,1039,1631,1197,1265,1170,149,1908,1255,773,905,946,701,267
1172,1549,419,1101,1729,1989,1547,833,623,1020,946,394,1661,981,1098,905,1484,665,1013,745,862,1453,1655,1540,1450,1022,642,1067,2360,682,1194,679,856,1544,1527,1044,2022,1094,844,644,107,0,726,848,388,1941,1393,620,1151,1352,1355,103,1085,1113,1411,655,1810,534,1000,1013,942,1291,421,1341,1212,1336,1643,1495,828,1341,1245,194,194,901,627,1072,1507,1714,1375,1042,1416,541,1384,410,991,1075,770,1851,588,1362,1052,1611,1120,2387,395,488,538,1174,2338,306,2173,1153,1621,1301,778,1301,249,1466,393,1277,1372,1458,1617,1456,1064,890,954,1158,955,1328,729,753,1522,707,1424,1579,1016,419,904,1052,1467,2540,665,1398,950,657,898,1286,1233,1534,1151,1281,1316,542,1647,451,1425,1714,1156,1362,1800,1426,753,1958,1711,862,2226,949,1410,644,1073,1533,853,824,982,1155,1354,1786,1958,992,1849,1277,707,1754,1323,1239,1143,1026,1128,15,1500,992,890,1052,1124,548,2146,952,522,1269,1232,1444,1235,1500,1385,728,1437,1535,791,1617,1056,1124,1375,1136,1376,1608,2069,1107,1058,835,1629,544,1589,1058,1003,980,828,944,1537,770,765,568,1015,1098,1485,1670,1134,909,1122,1570,2142,1384,2389,1170,1054,1171,749,1179,1530,1109,1183,1471,131,1710,1698,1013,1171,1052,622,93
1124,1179,323,678,1089,1883,1429,802,605,989,501,601,1091,948,1080,889,930,647,584,717,420,831,1552,823,1573,991,337,1050,2328,70,824,177,840,1033,770,1013,1914,662,813,142,381,462,0,406,399,1301,1275,601,750,858,1322,589,1068,686,666,81,1694,83,568,569,500,1014,325,1457,1195,1522,1609,1460,738,1457,1227,437,590,885,69,1041,836,876,872,603,1601,68,1351,314,1001,676,322,1751,32,825,632,1041,703,2351,331,469,87,891,2305,720,2129,736,1503,795,330,1283,335,966,104,1149,1527,905,989,903,1033,617,522,666,501,831,2,449,1487,274,924,1458,584,323,631,632,967,2504,81,899,677,548,466,786,1202,1416,734,597,1283,73,989,901,1391,1596,678,825,1172,1392,449,2291,1083,420,2190,803,1285,142,794,1161,936,793,550,720,707,1128,1918,560,1749,776,274,1461,1290,939,741,594,555,477,1189,560,859,632,659,863,2103,520,104,1236,1201,685,1204,750,1379,701,1473,1634,517,989,850,659,1477,1120,1489,950,2030,1076,619,804,970,859,971,619,559,536,738,612,1647,495,734,473,571,833,921,1097,718,639,706,942,2107,887,2358,887,634,1140,718,747,1496,1078,1165,971,324,1698,1070,569,705,632,604,579
843,815,863,758,806,2429,1793,790,1104,627,397,1132,802,816,1144,930,531,1010,270,935,121,530,1664,524,1719,625,850,1230,1927,722,541,722,927,734,464,852,2082,348,801,687,1057,912,693,0,941,995,1890,1034,520,573,1044,1023,1247,264,375,733,1998,706,259,262,197,711,865,1622,1451,1587,1426,1282,1248,1622,1152,974,1127,972,762,900,529,577,572,297,1666,645,1047,854,1625,475,428,1912,670,497,718,753,472,2158,871,959,910,612,1904,1083,1930,444,2065,509,480,1347,976,682,766,1691,1592,544,685,548,883,874,213,357,404,531,690,1011,1309,812,635,2023,275,863,884,718,683,2307,822,612,871,1074,551,484,1011,1780,441,290,986,914,724,1268,909,2096,358,497,866,910,1011,2101,777,121,1995,506,1853,687,939,802,807,637,243,414,401,863,1724,253,1910,470,812,1507,993,899,434,285,265,861,1146,253,664,718,367,1229,1903,211,895,1051,1010,373,1054,459,1445,922,1609,1806,1116,685,479,367,1867,967,1752,685,1958,935,313,664,704,1225,681,313,252,229,1248,690,1859,770,651,1005,264,841,555,884,431,703,426,638,1910,600,2164,1036,801,947,772,447,1310,933,1230,687,1000,2199,766,262,377,718,1104,1013
1259,1379,182,822,1283,1757,1293,894,679,1081,683,452,1492,1043,1156,960,1006,716,748,806,602,994,1433,987,1432,1083,346,931,2127,312,917,380,911,1214,937,1105,1784,827,905,345,180,124,283,588,0,1465,1028,676,932,1077,1422,251,902,833,848,323,1567,235,736,748,682,1023,330,1323,1041,1318,1715,1563,612,1323,1312,99,252,956,391,1133,999,1057,1039,782,1398,235,1450,319,875,858,494,1621,260,1013,921,1439,885,2057,197,549,239,900,2276,364,2166,918,1370,1017,499,1359,310,1139,93,1001,1354,1103,1154,1101,1125,626,697,833,683,998,280,458,1590,417,1143,1323,752,182,640,921,1140,2206,398,1071,686,417,618,953,1299,1280,916,774,1383,243,1189,509,1492,1322,835,1013,1337,1493,458,1733,1248,602,1747,1047,1150,345,803,1363,909,885,727,897,886,1328,1744,737,1619,943,417,1470,1390,948,924,762,848,139,1199,737,952,921,841,606,2139,695,222,1341,1298,859,1296,932,1367,789,1337,1522,526,1154,942,841,1341,1192,1359,1150,1854,1168,798,897,1170,602,1134,798,738,715,612,787,1522,504,826,184,750,842,1029,1499,900,648,888,1107,1809,1106,2063,896,775,1237,810,1014,1602,1170,1188,1144,123,1439,1235,748,881,921,679,241
1188,1057,1303,715,594,2187,2367,1331,1351,1187,708,1776,419,1389,1728,1512,851,1379,630,1371,831,373,2120,774,2285,1185,1169,1792,2133,950,391,955,1386,890,731,1265,2543,612,1342,997,1297,1156,1224,817,1367,0,2487,1347,1146,485,1241,1267,1808,604,458,1009,2481,1071,808,805,752,574,1305,2131,2027,2102,1883,1730,1626,2131,1845,1263,1551,1431,1069,1339,788,733,672,854,2181,1026,1244,1294,1902,1070,737,2337,1103,1054,630,236,1017,2596,1311,1230,1393,456,2109,1482,2401,989,2633,359,838,1931,1104,767,1158,2125,2107,864,552,868,1267,783,714,774,663,715,1161,920,1757,1175,544,2594,625,1303,793,630,768,2761,953,699,780,1441,686,607,1210,2354,986,731,1185,1397,495,1669,1108,2724,562,1054,588,1109,920,2566,499,831,2461,1055,2427,997,848,1036,1377,1217,744,595,958,633,2196,754,2333,661,1175,975,1192,762,989,635,615,1102,654,754,1249,630,416,1629,2374,712,1378,1506,1209,916,1292,458,2007,1360,2226,2371,1025,552,1034,459,2442,1661,2346,450,2306,1290,870,1227,567,1626,527,870,795,772,1626,993,2317,680,1154,1368,807,751,874,172,1028,613,969,553,2377,512,2606,942,714,1145,1190,521,1768,1406,1813,772,1241,2855,490,805,680,631,1352,1258
1466,2027,1165,1754,2271,1035,370,1090,937,1128,1956,810,2108,1390,881,937,1754,914,1785,1113,1666,2071,661,2006,813,1130,1422,611,1372,1303,2153,1341,1075,2160,2143,1229,967,1777,1101,1306,1315,1117,1308,1652,1238,2325,0,1041,1457,2124,1542,1053,582,2077,1961,1328,813,1193,1686,1864,1810,2079,1232,667,609,705,1055,821,496,667,944,1137,926,949,1282,1254,1770,1903,2027,1608,785,1203,1574,1174,498,1537,1443,852,1259,1625,1706,2025,1580,1388,1189,1012,1199,2110,1517,934,1603,1613,320,2121,1729,829,929,2122,1329,278,741,1728,2177,1726,1243,1656,1762,1830,1963,2005,1303,1534,839,1073,2196,342,1702,1165,1670,1706,2123,1537,1316,2048,1716,1085,1542,1938,1421,357,1611,1837,1505,1203,2180,1052,1618,257,1940,1625,2356,1619,1534,955,2267,1666,969,1390,170,1306,1839,2011,1052,1222,1786,1956,1602,2319,1114,1798,847,2149,1073,2192,1512,1877,1492,1781,1815,1063,2051,1798,1112,1706,1954,816,1469,1760,1224,1181,1420,1901,1414,2048,577,933,407,864,1557,2177,1312,1954,435,1083,631,2141,1260,1289,1653,1118,2162,812,2209,1653,1854,1831,496,1597,743,1538,1279,1011,1866,1887,1754,2126,1591,1689,1581,2127,1153,2156,1391,1936,1711,1358,1067,2013,1023,1291,448,2122,1318,377,2257,1864,1947,1706,937,1043
648,1038,918,1107,1467,2031,1273,331,104,505,1006,930,1365,471,582,398,954,98,969,277,720,1509,1357,1014,1258,507,908,732,1923,683,1190,779,345,1487,1151,529,1927,971,342,744,1020,740,727,706,963,1495,1434,0,658,1204,923,851,748,864,1002,808,1703,763,880,1052,998,1344,920,1148,900,1144,1047,903,888,1148,733,758,717,390,628,574,974,1229,1224,828,1224,795,956,909,802,583,1033,1602,759,848,1058,1362,626,1883,967,245,780,1246,1899,755,1566,659,1662,1161,775,724,721,1442,734,1320,1180,928,1179,926,560,1168,808,1009,1013,1181,730,1019,1005,869,1276,1620,896,918,1182,1058,1443,2035,666,1251,1228,1034,904,1137,908,1260,657,1025,882,766,1373,936,944,1755,1006,848,1360,945,1019,1765,1271,720,1677,488,1451,744,1274,1017,337,320,977,1022,822,1512,1572,987,1600,1157,869,2005,889,1528,648,985,865,688,1645,987,506,1058,969,608,1534,806,797,669,907,950,731,1091,1193,289,1244,1359,1069,1179,551,969,1185,633,1184,1334,1673,614,860,335,1354,604,1646,860,1042,1019,888,643,1347,1051,262,958,1054,1479,951,1385,650,1357,638,1128,1631,1236,1888,1189,1060,660,240,1078,926,618,660,1443,963,1719,1260,1052,991,1058,104,841
725,666,1079,787,1008,2117,1424,490,761,319,615,1234,1002,515,831,629,442,667,621,593,321,746,1357,680,1254,317,1073,1132,2010,838,735,843,626,1030,677,560,1891,563,501,900,1006,726,906,307,949,1056,1511,690,0,770,1010,837,1150,464,577,897,1703,919,469,470,401,889,1081,1212,1277,1130,1125,983,1381,1212,964,744,1008,671,813,605,463,841,781,477,1209,858,1043,1070,1462,185,644,1594,883,334,918,952,234,1844,1087,617,1124,793,1986,939,1650,267,1683,706,394,1034,1002,990,945,1786,1135,416,744,414,591,1079,423,570,622,740,903,1223,1010,1023,832,1641,485,1079,1089,918,991,1996,841,808,1076,1287,582,695,992,1411,265,498,967,1128,908,1123,900,1744,578,334,927,901,1223,1729,838,321,1641,80,1472,900,1147,653,506,261,451,621,471,1047,1427,461,1592,683,1023,1654,974,1079,253,474,465,674,1329,461,306,918,569,1084,1618,421,1109,746,991,559,762,661,1127,578,1235,1326,1309,744,189,569,1493,684,1375,869,1637,644,509,363,888,1080,886,509,460,437,1381,252,1258,985,553,1268,472,959,431,1008,250,906,238,697,1595,797,1849,872,741,691,589,652,1008,648,901,991,949,1854,825,470,594,918,761,827
1636,1607,813,652,1232,2469,2226,1386,1206,1368,711,1328,783,1446,1686,1493,1311,1239,876,1384,838,856,2156,1129,2268,1366,680,1695,2606,802,331,807,1447,1358,1067,1704,2465,1070,1397,745,1000,942,1011,824,878,1022,2084,1202,1149,0,1720,1069,1712,744,531,861,2286,903,976,988,918,393,815,2135,1945,2127,2320,2177,1443,2135,1833,917,1070,1492,902,1650,1242,1201,1128,1018,2216,903,1725,804,1767,1073,740,2323,943,1235,574,734,1102,3078,821,1085,908,306,2608,1182,2829,1135,2304,433,841,1849,959,1229,999,1957,2169,1325,1047,1329,1644,292,824,1074,666,1173,1005,435,2205,913,59,2265,993,813,302,574,1230,3222,805,1160,289,1175,694,1063,1690,2213,1133,841,1664,912,1138,1331,1588,2395,1025,1235,1083,1589,435,2449,994,839,2942,1206,2098,745,356,1591,1434,1399,854,1024,1123,1277,2638,864,2321,1081,913,1314,1671,545,1141,1003,725,957,957,864,1316,574,498,1582,2806,822,893,1956,1689,1107,1815,493,2185,1403,2265,2373,552,1047,1220,498,2152,1749,2148,1099,2749,1689,1035,1412,1221,1578,992,1035,979,956,1443,995,2213,190,1156,1078,991,261,1341,787,1116,123,1104,1117,2863,26,3085,453,587,1627,1192,525,2211,1692,1771,1234,943,2255,985,989,687,574,1206,1059
799,847,1540,1489,956,1886,1636,644,1162,718,1333,1670,1161,923,1211,1046,751,1068,1003,993,1097,913,1325,845,1486,720,1540,1370,1097,1292,1340,1399,922,870,958,531,1587,1248,655,1364,1468,1353,1369,1083,1574,1089,2003,1092,788,1303,0,1464,1387,1248,1139,1457,1671,1380,1152,1182,1128,1499,1542,1412,1516,1326,1095,954,1798,1412,1065,1373,1438,967,1241,657,996,609,730,974,1405,1329,145,1531,1683,957,1317,1562,1410,1012,1511,1313,1003,1597,1582,1017,1416,1413,1075,1394,1432,1035,2172,1308,1317,1295,1423,600,1539,2322,1315,715,971,713,554,1629,1200,922,1421,726,1442,1776,1008,1468,1375,2174,1136,1496,1673,1511,615,1479,1342,757,1660,1806,1480,644,291,1719,1033,1248,291,1469,866,1588,223,2304,962,956,936,224,1776,1589,1058,1099,1486,716,2000,1348,1731,833,925,767,1009,978,971,1003,1252,1035,1598,952,1468,2007,318,1754,812,980,1326,1314,1777,1035,746,1511,1177,1544,1392,1198,1531,746,292,1179,747,1281,1232,1058,1543,1648,1654,962,643,1177,1741,930,1934,821,1357,631,1015,791,843,1540,1094,1015,1159,1136,1875,1042,1383,1546,805,1723,1171,1599,738,1184,1019,1482,1004,918,1633,1369,1557,1796,1655,542,1001,1382,889,747,1377,600,1569,2375,1043,1169,1426,1511,1243,1461
1283,1383,198,838,1367,1929,1564,893,645,1092,781,435,1586,1044,1034,857,1103,717,828,818,683,1080,1631,1096,1649,1094,409,1144,2255,459,1019,485,811,1325,1052,1112,1946,956,904,450,4,117,439,669,167,1480,1355,669,955,1172,1425,0,1162,867,934,465,1777,348,851,825,764,1061,200,1538,1240,1536,1557,1395,779,1538,1183,92,243,856,365,1145,1118,1168,1122,895,1609,351,1455,189,1076,888,599,1809,398,1051,989,1535,970,2266,174,539,345,1001,2269,355,2030,1006,1587,1124,606,1277,307,1210,180,1193,1564,1141,1205,1139,1162,687,779,946,782,1109,435,540,1422,513,1244,1521,867,198,701,989,1211,2430,510,1142,745,589,630,1044,1312,1551,1004,855,1382,349,1274,508,1522,1680,983,1051,1374,1523,540,1911,1287,683,1917,1162,1369,450,874,1367,862,926,812,991,999,1411,1924,820,1803,1058,513,1583,1389,1044,960,877,882,132,1344,820,1099,989,908,581,2005,777,326,1172,1311,935,1327,1023,1578,832,1643,1739,583,1205,1007,908,1607,1098,1595,1231,1955,1183,911,896,1257,577,1216,911,815,792,779,899,1700,594,849,270,827,906,1170,1598,990,755,975,1151,2014,1204,2272,969,793,1250,844,1087,1430,1175,1161,1215,28,1758,1282,825,955,989,645,212
1040,1477,1170,1364,1954,1592,700,688,412,698,1434,881,1786,607,470,409,1260,526,1346,595,1119,1683,824,1425,725,700,1169,25,1624,943,1602,1029,356,1792,1560,825,1408,1363,699,994,1199,935,1040,1105,1138,1870,780,553,1043,1574,1133,1044,0,1258,1410,1137,1192,1014,1257,1443,1389,1767,1172,618,224,625,913,729,568,618,536,950,873,304,888,871,1282,1534,1652,1190,697,971,1166,1161,413,974,1465,1120,1094,1139,1323,1622,1019,1300,1146,580,1079,1659,1940,883,1527,1055,946,1574,1165,518,832,1768,1113,917,653,1235,1579,1233,887,1407,1223,1418,1441,1641,1045,1297,748,1150,1646,907,1272,1170,1421,1323,1768,1464,926,1668,1465,1162,1153,1572,1021,687,1053,1415,1086,1065,1863,1122,1226,983,1478,1138,1759,1227,1297,1251,1672,1119,1148,880,734,994,1553,1460,301,764,1364,1494,1183,2000,1018,1376,1111,1566,1150,2366,1093,1969,1048,1292,1259,886,2067,1376,682,1323,1368,725,1375,1221,1096,727,1020,1350,1052,1499,666,501,678,785,1304,1579,906,1368,757,674,599,1822,1191,906,1232,683,1850,721,1817,1232,1432,1409,568,1062,808,1319,569,1082,1444,1659,1263,1803,1039,1719,1024,1532,1073,1606,1305,1468,1327,959,559,1512,798,893,344,1755,1142,1093,1659,1442,1446,1323,412,1034
1088,831,711,545,612,2526,1842,838,1107,668,331,1031,595,851,1143,967,747,1008,255,938,454,378,1733,483,1750,666,1032,1324,1982,770,333,601,955,691,423,898,2115,480,849,562,894,830,612,440,779,770,1901,1031,646,343,1090,961,1342,0,167,643,2098,582,405,328,275,515,713,1662,1449,1598,1494,1334,1157,1662,1219,806,955,1000,681,944,645,534,473,444,1678,529,1067,702,1743,578,304,1984,576,735,509,534,655,2263,719,957,762,394,1991,974,1967,513,2081,303,421,1386,933,571,674,1606,1603,760,483,764,960,639,197,420,331,535,609,774,1361,690,402,2018,421,711,649,509,572,2427,773,497,636,953,486,410,1061,1829,510,210,1033,766,518,1165,929,2124,443,735,665,930,774,2215,578,454,2096,575,1865,562,704,818,845,667,230,409,548,655,1766,238,1978,437,690,1280,1040,709,502,431,21,769,969,238,707,509,159,1122,1942,195,748,1110,1060,443,1125,250,1476,920,1680,1763,877,483,547,159,1897,1019,1824,473,1891,982,460,711,499,1118,541,460,318,295,1157,600,1955,538,705,883,330,608,767,598,561,462,496,439,2011,369,2269,797,589,999,761,319,1367,970,1267,576,837,2221,564,328,484,509,1107,951
1232,1147,789,413,846,2852,2094,1024,1202,945,367,1437,414,1113,1411,1236,887,1103,552,1033,467,466,2045,822,2022,943,901,1436,2282,594,158,600,1110,991,731,1201,2449,716,1035,642,953,912,789,453,857,686,1706,1126,735,214,1399,1043,1454,382,0,653,2435,660,636,612,548,346,791,1922,1535,1863,1827,1660,1232,1922,1577,888,1213,1155,694,1229,878,834,768,679,1943,608,1372,780,1838,668,401,2269,648,825,380,355,745,2579,797,887,841,173,2306,1144,2324,781,2365,130,456,1593,757,853,813,1680,1868,905,627,903,1245,512,488,731,322,888,792,645,1687,764,273,2326,652,789,522,380,854,2749,597,785,509,1026,316,711,1368,2081,779,499,1339,845,766,1336,1231,1978,679,825,674,1232,645,2537,587,467,2428,779,2152,642,580,1131,1101,947,520,699,783,903,2110,528,2264,745,764,1121,1346,541,739,662,373,844,801,528,1038,380,111,1294,2299,486,826,1438,1367,726,1410,84,1741,1017,1945,2157,748,627,819,111,2158,1341,1909,721,2235,1267,695,992,857,1290,624,695,602,579,1232,687,2285,409,808,958,614,479,907,417,765,333,750,740,2343,240,2585,675,457,1307,851,162,1699,1259,1532,858,896,2076,579,612,323,380,1202,1033
1059,1158,346,633,1272,1985,1619,723,604,911,580,670,1253,853,1003,828,899,684,641,655,479,1004,1676,896,1612,913,384,1114,2275,21,1009,232,782,1106,1052,927,2149,753,734,197,535,474,121,465,419,1390,1411,627,747,1133,1242,605,1132,660,967,0,1830,138,648,624,560,1051,348,1524,1210,1460,1528,1365,804,1524,1153,450,599,827,190,973,915,949,910,691,1540,122,1272,337,1106,680,386,1853,86,837,605,1202,828,2299,354,496,208,991,2291,752,2001,845,1643,1066,391,1246,362,997,225,1256,1465,917,1113,915,989,662,589,743,479,901,118,515,1392,334,1205,1577,664,346,676,605,998,2467,12,929,720,613,418,834,1130,1606,843,842,1196,194,1179,943,1334,1709,769,837,1295,1335,515,2242,1208,479,2132,865,1430,197,849,1142,847,749,621,800,795,1316,1800,629,1852,855,334,1558,1203,1020,751,674,675,489,1318,629,906,605,703,900,1976,587,383,1144,1129,736,1154,1056,1338,632,1543,1725,558,1113,962,703,1486,1067,1584,1136,1925,1011,707,725,1160,896,1144,707,614,591,804,807,1749,569,673,524,626,896,943,1262,777,745,762,1069,2047,1165,2305,731,596,1068,670,727,1401,1002,1130,1002,478,1814,1194,624,880,605,604,595
1940,2318,1654,2468,2602,788,777,1553,1609,1590,2345,1302,2655,1567,1175,1231,2146,1707,2248,1782,2032,2576,662,2259,851,1592,2345,1350,1425,2123,2474,1829,1263,2475,2392,1367,711,2251,1564,1794,1537,2117,2228,2018,1659,2723,1129,1730,1923,2469,1824,1533,1321,2164,2294,2322,0,1692,2146,2335,2282,2346,1723,683,1170,779,805,788,977,683,832,2130,1490,1243,2074,1732,2414,2228,2326,2067,823,1688,1854,1663,1155,1891,2377,420,2277,2023,2438,2518,1931,837,1678,1764,1690,2529,1588,1497,1070,1967,965,2445,2076,1196,1433,2444,1750,1228,779,2122,2430,2120,1546,2044,2140,2306,2352,2334,2233,1880,802,1555,2528,847,2162,1654,2058,2438,2445,1007,2106,2343,2102,1569,2252,2254,1710,807,1965,2294,1781,1694,2512,1603,1920,1058,2403,2023,2604,1921,1880,621,2517,2032,648,1781,1084,1794,2237,2299,1440,1656,2249,2419,2061,2649,853,2258,335,2398,1555,2438,1788,2149,1970,2425,2165,2063,2373,2258,1574,2438,2266,1332,1106,2138,1713,1342,1709,2656,1710,2380,792,1685,740,736,1941,2430,1785,2266,829,957,1153,2471,806,1543,2118,1400,2499,1328,2700,2118,2325,2302,977,1972,500,1959,1738,1484,2337,2184,2148,2672,1951,2028,1936,2380,768,2495,843,2334,2424,1648,1747,2424,810,1447,864,2432,2319,946,2509,2335,2357,2438,1609,1523
971,1035,472,611,985,2123,1676,655,582,843,440,1004,998,786,985,810,813,661,513,563,339,955,1673,761,1594,845,505,1095,2204,127,738,352,764,972,716,857,2060,618,666,317,661,599,346,325,550,1069,1550,604,621,748,1165,730,1114,638,578,155,1966,0,513,484,420,899,474,1506,1191,1442,1443,1282,924,1506,1136,575,725,809,265,903,780,815,779,552,1522,278,1198,463,1314,552,259,1989,305,709,583,944,629,2212,480,473,524,792,2214,729,1912,665,1782,710,267,1228,338,863,384,1394,1447,789,789,787,919,775,449,610,440,767,342,637,1309,457,810,1716,529,472,789,583,864,2376,168,796,833,723,396,701,1056,1663,663,524,1119,528,886,920,1131,1836,644,709,971,1132,637,2151,884,339,2045,665,1564,317,963,1014,780,666,481,660,656,1023,1711,489,1983,722,457,1682,1126,1134,624,539,463,614,1357,489,838,583,563,877,1887,447,506,1056,1055,602,1084,661,1320,547,1525,1707,671,789,752,563,1691,1011,1565,841,1836,939,568,657,863,873,1098,568,474,451,924,574,1902,682,590,648,486,995,811,1003,650,843,635,745,1960,775,2218,712,574,994,581,705,1312,928,1112,868,604,1936,870,484,619,583,582,720
781,618,925,756,570,2452,1712,725,1054,542,553,1241,642,735,1019,843,440,955,223,885,465,573,1657,326,1498,540,943,1198,1788,816,562,813,839,522,269,841,2044,174,736,778,1115,794,787,451,1003,708,1780,978,452,553,897,903,1216,397,395,827,2022,798,0,341,288,726,927,1407,1329,1348,1427,1267,1354,1407,1094,809,949,884,856,825,65,365,334,438,1428,739,871,916,1690,413,525,1909,764,679,720,626,410,2190,933,904,981,544,1807,949,1897,382,1961,531,440,1262,1125,430,860,2137,1353,453,423,457,913,854,378,161,553,316,784,976,1294,900,615,1895,16,925,864,720,431,2354,945,358,851,1162,614,246,860,1699,379,242,832,985,471,1140,729,1995,131,679,607,730,976,2129,520,465,2023,444,1742,778,919,605,729,546,199,159,374,608,1695,207,1903,275,900,1228,839,915,371,26,398,744,913,207,591,720,498,1097,1872,376,964,1040,859,287,1006,478,1354,868,1559,1606,1086,423,416,498,1772,901,1703,426,1820,862,454,595,452,1093,722,454,331,308,1354,521,1885,743,585,1102,343,824,463,648,406,677,340,379,1938,580,2196,1015,793,799,760,554,1296,987,1146,435,1058,2093,504,341,775,720,1056,893
731,794,1029,638,875,2325,1657,668,1002,489,598,1010,1001,682,966,790,388,903,466,833,267,882,1537,648,1427,487,1047,1147,2026,688,682,690,786,848,588,727,1935,488,679,731,861,601,887,253,797,1071,1723,925,399,684,989,710,1165,397,513,747,1902,898,383,0,502,844,1031,1342,1277,1283,1305,1147,1625,1342,1148,615,801,831,788,772,475,691,659,332,1363,839,1101,1020,1636,360,626,1786,864,446,610,887,357,2062,804,854,1081,736,2033,735,1789,329,1904,654,245,1209,993,744,772,2080,1288,401,790,405,789,989,378,480,605,643,884,1106,1174,999,746,1838,399,1029,999,610,745,2226,691,676,986,1122,423,574,970,1644,326,513,942,1085,795,926,963,1938,512,446,972,964,1106,1999,885,267,1893,391,1685,731,1057,781,676,489,470,539,326,932,1578,478,1780,594,999,1504,949,1034,318,409,398,545,1181,478,535,610,498,883,1762,376,1064,915,969,87,954,596,1301,815,1506,1548,1214,790,363,498,1716,851,1650,750,1703,808,363,542,772,879,1025,363,546,523,1625,468,1775,874,528,1042,558,956,411,1014,206,808,140,746,1808,711,2068,736,601,860,707,673,1177,796,1093,749,804,2036,871,180,612,610,1002,700
782,737,1088,816,682,2341,1675,690,1018,507,716,1235,807,700,984,808,444,919,389,849,459,699,1550,453,1464,505,1108,1163,1888,863,792,866,804,651,396,744,1951,295,701,939,1052,788,1006,445,995,845,1742,941,417,783,996,897,1181,777,632,1012,1915,957,191,166,0,953,1090,1374,1295,1315,1322,1164,1642,1374,1176,803,943,849,1110,790,464,494,465,229,1395,898,970,1079,1653,378,692,1802,938,465,955,871,375,2079,1096,870,1140,778,1902,943,1804,347,1923,764,434,1227,1023,563,966,2099,1320,457,600,461,806,1097,545,288,717,445,1000,1231,1191,1058,849,1857,207,1088,1107,955,564,2243,866,489,1094,1324,609,377,959,1662,344,464,931,1144,602,1134,829,1957,310,465,784,830,1231,2016,697,459,1910,409,1704,939,1165,724,694,507,421,338,333,739,1594,429,1796,402,1058,1462,938,1141,336,217,565,738,1135,429,556,955,665,1091,1777,543,1123,932,958,281,971,715,1319,831,1524,1578,1324,600,381,665,1735,869,1668,557,1719,825,245,560,582,1087,842,245,158,133,1642,486,1784,1000,546,1252,168,1033,467,822,400,919,334,556,1825,812,2085,905,772,898,725,776,1194,813,1111,568,995,2055,681,166,807,955,1018,887
1685,1688,990,606,1396,2451,2374,1638,1213,1433,852,1377,971,1663,1628,1454,1328,1286,1024,1391,901,1015,2168,1302,2503,1431,825,1767,2845,826,544,829,1410,1523,1242,1700,2531,1180,1649,831,1168,1106,1216,887,1058,1198,2174,1237,1264,697,1947,1237,1783,818,717,885,2286,1084,1072,1046,982,0,992,2363,1865,1963,2327,2171,1507,2363,1778,1082,1231,1455,941,1728,1342,1366,1293,1113,2043,1089,1921,981,1860,1190,883,2315,1145,1365,530,917,1185,3112,998,1115,1082,521,2877,1343,2813,1202,2398,644,986,1818,986,1376,1167,2004,1968,1341,1193,1345,1744,381,966,1235,807,1387,1189,570,2198,1080,759,2359,1088,990,391,530,1377,2872,829,1308,378,1346,737,1234,1918,2361,1200,1007,1889,1086,1303,1493,1781,2489,1192,1365,1236,1782,570,2436,1149,901,2957,1307,2185,831,449,1672,1651,1440,1001,1189,1217,1440,2617,1011,2310,1256,1080,1262,1896,458,1269,1098,833,1121,1173,1011,1498,530,690,1632,2790,964,1065,1950,1917,1160,1909,686,1959,1406,2452,2599,684,1193,1286,690,2239,1830,2402,1260,2742,1771,1129,1495,1399,1628,1150,1129,1036,1013,1507,1164,2202,350,1335,1246,1048,180,1355,976,1278,268,1213,1255,2892,724,3117,546,673,1857,1377,616,2205,1757,1749,1381,1111,2325,1141,1046,769,530,1213,1227
1054,1129,82,704,1092,2002,1636,718,740,906,554,528,1114,848,1133,956,916,809,625,650,453,862,1691,870,1555,908,260,1113,2271,188,875,252,910,1080,823,922,1999,727,729,217,270,211,159,439,152,1250,1428,763,722,861,1239,342,1084,731,692,199,1846,115,622,598,534,928,0,1444,1207,1442,1523,1360,807,1444,1298,187,336,955,228,968,886,923,884,665,1515,111,1269,73,1112,655,360,1868,136,812,840,1058,732,2294,90,635,112,860,2294,448,1996,768,1660,824,365,1376,394,969,269,1273,1470,892,971,890,984,538,563,717,554,875,156,391,1387,337,927,1594,638,82,552,840,970,2463,262,902,596,615,489,808,1125,1623,766,638,1194,116,994,601,1245,1720,743,812,1153,1246,391,1962,1066,453,1968,766,1442,217,725,1113,842,744,595,774,769,1131,1796,603,1862,829,337,1442,1201,897,726,648,746,226,1186,603,901,840,677,674,1971,561,93,1139,1124,713,1149,775,1484,627,1715,1645,434,971,863,677,1492,1081,1502,949,1921,1006,681,720,971,670,1004,681,588,565,807,675,1759,445,668,332,600,773,914,1118,752,620,737,927,2045,890,2300,818,661,1063,665,938,1396,997,1259,974,213,1824,1052,598,734,840,740,332
1243,1647,1489,1826,2012,1266,126,851,934,860,1720,1134,2041,1145,572,628,1430,903,1509,1120,1408,1831,414,1670,407,862,1671,701,1403,1475,1923,1528,660,1998,1806,1002,773,1530,862,1493,1747,1483,1560,1394,1494,2129,699,1068,1221,1880,1311,1592,672,1854,1728,1639,779,1513,1423,1604,1550,2092,1558,0,519,298,685,614,822,180,647,1498,1225,640,1426,1035,1453,1716,1737,1351,376,1463,1341,1634,500,1263,1747,595,1590,1309,1789,1786,1306,903,1690,1102,1525,1863,1566,1232,1136,1342,863,1892,1447,588,1181,1967,1660,1040,331,1405,1835,1403,1052,1914,1514,1561,1727,1715,1563,1803,559,1390,1955,826,1439,1489,1928,1789,1941,1073,1458,1754,1972,1404,1611,1659,1196,278,1340,1577,1266,1601,1922,1434,1406,902,1641,1309,2011,1407,1835,709,1924,1409,714,1154,653,1525,2014,1631,762,924,1526,1657,1345,2059,724,1538,578,1812,1390,2530,1273,2291,1258,1464,1548,1433,2227,1538,844,1789,1720,1070,1172,1512,1710,985,1195,1635,1219,1815,345,1024,96,209,1840,1835,1079,1717,254,784,503,1882,819,1075,1395,847,1910,1066,1969,1395,1595,1572,822,1347,478,1858,1006,1319,1607,2202,1435,2058,1328,2026,1313,1786,779,1911,909,1929,1786,1136,1064,1800,755,1065,258,1956,1691,1013,1915,1605,1735,1789,935,1583
1191,1608,1288,1477,2168,1492,576,814,527,825,1615,1041,1996,714,477,533,1391,640,1470,705,1303,1792,714,1631,602,827,1279,259,1517,1068,1786,1140,491,1931,1767,964,1249,1488,825,1105,1322,1058,1165,1289,1254,2084,684,662,1184,1761,1275,1167,230,1442,1595,1253,1077,1125,1382,1565,1511,1952,1290,495,0,502,873,734,723,495,543,1073,1083,411,1021,998,1414,1675,1697,1312,574,1082,1305,1279,472,1158,1642,998,1206,1270,1437,1752,1201,1201,1264,695,1212,1832,1679,1090,1430,1237,848,1758,1342,530,1038,1899,1236,845,530,1366,1791,1364,1014,1512,1411,1519,1622,1674,1169,1409,753,1301,1836,811,1398,1288,1526,1437,1900,1367,1051,1714,1570,1315,1266,1618,1155,563,1235,1538,1229,1198,2077,1286,1366,887,1618,1270,1967,1367,1409,1149,1880,1303,1049,1029,638,1105,1666,1592,408,889,1487,1634,1306,2215,921,1499,989,1773,1301,2500,1236,2155,1237,1425,1443,1007,2196,1499,809,1437,1552,928,1277,1409,1229,947,1155,1533,1179,1684,543,616,555,672,1409,1791,1039,1552,637,681,475,2038,1092,1036,1355,812,2073,924,1929,1355,1555,1532,723,1242,711,1424,672,1231,1567,1755,1395,2015,1223,1911,1208,1744,976,1795,1207,1581,1440,1094,669,1696,805,1025,235,1888,1265,998,1873,1565,1630,1437,527,1157
1264,1635,1491,1794,2000,1164,372,840,915,849,1689,1136,2029,1134,546,602,1418,906,1497,1099,1377,1819,399,1658,210,851,1660,704,1426,1456,1905,1517,634,1986,1794,991,849,1518,851,1482,1727,1463,1541,1363,1496,2117,665,1049,1210,1868,1300,1572,675,1516,1719,1620,764,1502,1411,1592,1538,2074,1560,149,522,0,544,472,825,149,488,1478,1229,614,1407,1024,1441,1705,1725,1339,191,1452,1330,1623,503,1232,1716,674,1571,1297,1757,1774,1275,858,1670,1083,1527,1851,1535,1236,1091,1311,827,1874,1416,554,1185,1955,1640,1003,70,1393,1823,1391,1041,1903,1484,1549,1696,1703,1544,1792,417,1392,1943,790,1427,1491,1917,1757,1956,1028,1439,1742,1961,1406,1579,1647,1185,402,1309,1565,1255,1581,1910,1436,1395,867,1634,1297,1999,1396,1792,778,1912,1377,690,1113,617,1482,1981,1619,748,913,1514,1650,1333,2047,586,1526,657,1800,1392,2519,1262,2270,1247,1452,1517,1412,2215,1526,833,1757,1626,1074,989,1482,1667,894,1184,1608,1206,1836,148,1004,245,329,1823,1823,1067,1751,424,713,506,1869,687,1062,1382,855,1897,1070,1998,1415,1582,1559,825,1316,370,1817,1059,1349,1625,2218,1470,2060,1297,2058,1282,1802,630,1962,864,1976,1754,1131,1034,1788,630,1060,232,1926,1687,965,1913,1623,1729,1873,970,1582
1323,1485,1799,2323,1750,1174,917,938,1048,945,1802,1716,1806,1217,626,682,1537,1160,1581,1196,1512,1770,660,1468,834,947,1816,934,1005,1537,2083,1687,869,1674,1600,1041,855,1772,949,1652,1820,1560,1599,1496,1751,1948,1249,1184,1315,2045,1016,1668,958,1989,1863,1680,990,1690,1678,1695,1642,2247,1801,722,928,619,0,297,1423,722,442,1571,1651,694,1488,1146,1553,1480,1528,1444,698,1597,1059,1790,1079,1393,1830,925,1631,1417,2293,1941,1423,875,1760,1182,1652,2020,1227,1582,756,1459,1442,2049,1923,683,1658,1652,1733,1611,624,1514,1616,1512,805,2042,1647,1533,1807,1507,1602,1964,324,1798,2113,1365,1694,1799,2056,2293,1653,829,1520,1547,2264,1967,2101,1441,1002,1167,1457,1738,973,1638,1672,1696,1098,1526,1609,1417,1794,1099,1964,859,1706,1510,767,1248,1211,1652,2334,1469,846,1055,1656,1625,1438,1809,494,1699,910,1606,1798,2577,980,2454,1355,1564,1658,1507,2270,1699,929,2293,1865,1732,731,1645,1839,739,1001,1783,925,1950,526,1103,817,876,1940,1616,1172,1865,1204,392,1073,1631,619,1098,1487,932,1658,1728,1896,1487,1685,1662,1423,1468,927,1938,1146,1886,1697,2328,1558,1832,1431,2171,1421,1575,906,2075,881,2394,2246,852,1160,1854,151,1210,686,1640,1763,1650,1684,1695,1793,2293,1048,1658
1290,1529,1731,1932,1796,1297,722,887,1000,893,1761,1495,1851,1166,634,690,1476,1116,1534,1148,1469,1816,416,1512,589,895,1749,944,1094,1492,1992,1619,824,1720,1644,1128,981,1555,898,1584,1774,1514,1563,1455,1705,1993,939,1140,1264,1954,1064,1622,968,1898,1772,1644,749,1622,1464,1649,1596,2156,1733,474,907,583,247,0,1203,474,347,1525,1605,702,1443,1061,1597,1525,1574,1398,553,1529,1105,1722,872,1350,1791,702,1595,1363,1899,1848,1380,1003,1714,1138,1616,1927,1258,1536,879,1416,1129,1958,1533,631,1617,1697,1687,1302,508,1453,1660,1451,849,1984,1605,1555,1768,1553,1566,1896,27,1730,2024,1054,1480,1731,1998,1899,1698,1147,1475,1593,2174,1787,1705,1487,1050,753,1414,1646,1021,1602,1718,1650,1145,1225,1653,1363,1838,1146,1896,916,1750,1469,824,1197,897,1584,2241,1513,801,996,1595,1669,1392,1855,608,1607,679,1650,1730,2618,1028,2363,1304,1608,1617,1464,2314,1607,877,1899,1774,1687,854,1603,1771,821,1049,1835,969,1859,522,1060,569,681,1882,1660,1121,1774,776,453,866,1677,920,1097,1441,881,1704,1683,1942,1441,1639,1616,1203,1425,434,1880,1087,1705,1651,2239,1501,1876,1392,2078,1380,1619,763,1984,1009,2002,1852,895,1093,1813,265,1086,587,1685,1718,1349,1728,1649,1754,1899,1001,1613
1279,1752,887,1439,1884,1378,981,883,699,1094,1374,505,1724,1046,809,865,1085,586,1191,847,1177,1551,1055,1387,1069,1096,1129,467,1735,1050,1741,1073,776,1676,1519,1114,1501,1200,893,1038,782,725,1081,1162,896,1865,774,641,1103,1646,1427,778,437,1429,1455,1078,1226,938,1110,1301,1248,1758,961,911,583,955,1312,1413,0,911,867,733,575,741,959,1149,1501,1486,1479,1056,1029,941,1465,923,467,846,1188,1225,1018,1357,1408,1504,882,1674,911,790,935,1723,1885,584,1728,901,1021,1637,1091,788,543,1654,1017,591,984,1447,1538,1445,1217,1373,1318,1260,1271,1443,1076,1275,1358,801,1713,948,1126,887,1387,1408,1655,1818,989,1498,1433,813,1216,1392,1313,967,899,1298,1388,939,1793,724,1509,828,1265,1357,1712,1510,1275,1475,1624,1176,1486,1096,791,1038,1546,1735,740,909,1247,1281,1050,1930,1344,1259,1214,1524,801,2216,1395,1929,902,1136,1444,674,2063,1259,970,1408,1434,429,1702,1316,950,1156,1312,1199,1337,1544,998,690,1071,1134,1272,1538,962,1434,1008,1000,988,1752,1509,1185,1094,901,1779,425,1678,1094,1291,1268,180,862,1127,1268,834,731,1303,1615,1490,1751,1096,1449,1084,1494,1413,1675,1680,1618,1361,1251,832,1502,1127,1175,828,1642,923,949,1606,1301,1462,1408,698,768
1269,1736,1505,1909,2028,1199,126,866,977,872,1738,1137,2043,1145,571,627,1455,917,1513,1126,1446,1876,366,1694,462,874,1719,628,1483,1537,1972,1589,659,1974,1658,998,814,1534,877,1554,1820,1560,1599,1432,1520,2185,534,1117,1243,1934,1317,1668,664,1878,1752,1680,701,1592,1443,1628,1575,2136,1703,180,526,348,704,637,827,0,646,1571,1228,639,1488,1040,1486,1785,1791,1377,426,1506,1352,1692,496,1327,1768,535,1631,1342,1876,1827,1357,1026,1760,1115,1652,1906,1540,1237,1082,1393,719,1938,1510,589,1187,1943,1733,866,381,1432,1857,1430,1108,1954,1582,1554,1745,1746,1602,1867,582,1417,2004,647,1459,1505,1968,1876,1944,1170,1520,1810,2014,1431,1682,1701,1200,254,1391,1625,1274,1638,1938,1448,1396,754,1734,1342,2026,1397,1867,801,1938,1446,811,1176,489,1554,2221,1720,780,973,1574,1750,1371,2075,725,1586,521,1664,1417,2536,1281,2343,1283,1497,1594,1507,2228,1586,856,1876,1754,1079,1056,1580,1741,979,1199,1736,1228,1839,395,1036,96,183,1852,1857,1100,1754,254,775,490,1897,942,1076,1420,860,1924,1075,2005,1420,1618,1595,827,1402,433,1850,1064,1346,1630,2221,1475,2065,1369,2061,1357,1807,784,1965,1032,1979,1829,1138,1064,1790,765,1065,252,1931,1763,877,1922,1628,1731,1876,977,1657
1150,1648,1554,1686,1934,1379,908,765,863,776,1519,1469,1976,812,354,410,1343,975,1403,1003,1226,1767,609,1631,525,778,1571,671,1230,1387,1716,1442,442,1843,1763,608,1180,1420,776,1407,1671,1411,1488,1212,1604,2118,966,998,1133,1696,946,1519,693,1374,1505,1574,939,1445,1331,1518,1465,1881,1556,448,665,362,524,313,1170,448,0,1422,1505,422,1336,941,1374,1649,1698,1267,441,1359,989,1545,823,1105,1547,831,1525,1232,1653,1734,1135,1086,1612,997,1611,1771,1246,1436,986,1171,1159,1687,1288,426,1515,1369,1584,1329,367,1320,1786,1318,965,1805,1368,1653,1526,1676,1493,1718,297,1551,1764,1081,1347,1554,1819,1653,1382,1230,1370,1717,1865,1761,1459,1610,1081,895,1169,1515,1152,1516,1844,1550,1272,1252,1773,1232,1964,1273,1718,995,1876,1226,903,963,924,1407,1970,1633,674,854,1464,1789,1261,1981,783,1476,812,1770,1551,2448,1159,2090,1182,1385,1375,1361,2140,1476,760,1653,1484,1586,961,1366,1594,617,1080,1469,1085,1594,274,918,543,662,1703,1786,985,1484,936,377,817,1803,1006,807,1310,666,1830,1582,1894,1310,1508,1485,1170,1181,597,1701,968,1679,1520,1982,1364,2001,1147,1820,1135,1745,841,1726,1092,1756,1606,1019,917,1573,347,705,423,1367,1614,1376,1854,1518,1513,1653,863,1509
1103,1480,203,1039,1338,2108,1410,735,601,935,767,380,1534,862,1010,866,1339,665,872,716,680,1089,1780,1066,1384,937,364,1095,2324,453,957,477,818,1347,1033,959,2135,937,746,438,244,25,420,666,172,1445,1527,600,1037,1136,1277,77,1112,892,906,446,1967,338,848,800,771,980,205,1230,1204,1273,1564,1414,890,1230,1183,0,163,863,413,1002,1126,1190,1166,898,1346,332,1312,194,948,972,585,1950,379,1228,940,1436,1005,2331,179,473,334,940,2267,279,2151,1041,1767,1064,592,1282,220,1263,158,1366,1302,1316,1139,1314,1069,631,812,929,768,1121,416,514,1441,512,1199,1694,864,203,645,940,1264,2476,500,1187,691,601,681,1076,1159,1397,1039,860,1234,338,1245,406,1355,1825,1013,1228,1299,1356,514,2124,1211,680,2164,873,1543,438,803,1464,860,764,817,1005,1001,1382,1901,825,1939,1039,512,1534,1241,999,1044,874,907,40,1261,825,938,940,908,551,2126,810,317,1182,1158,903,1189,990,1315,684,1326,1463,529,1139,981,908,1314,1103,1308,1202,2026,1038,914,753,1226,547,1213,914,790,767,890,1051,1471,518,690,354,802,844,1360,1523,1021,677,1008,1085,2074,1164,2335,874,819,1097,691,1018,1509,1028,1176,1268,187,1949,1202,800,908,940,601,67
1403,1562,520,1396,1853,1938,1562,1042,861,1252,1054,217,1681,1212,1371,1119,1041,790,1136,1014,980,1515,1628,1344,1228,1254,659,1026,2303,714,1233,775,1073,1635,1475,1271,1992,1149,1053,740,229,165,689,966,492,1810,1353,861,1062,1406,1585,225,997,1387,1254,725,1797,640,1060,1247,1194,1250,522,1074,1144,1117,1469,1747,737,1074,1443,302,0,1118,900,1308,1127,1446,1431,1008,1190,629,1625,511,789,805,877,1799,661,1165,1204,1447,841,1851,496,747,639,1217,2460,116,1883,860,1592,1350,885,1416,502,1614,465,1195,1146,1054,1499,1058,1375,897,1119,1210,1055,1393,686,801,1692,490,1472,1518,1076,520,911,1204,1615,1997,785,1450,957,508,1174,1342,1470,1551,858,1244,1545,643,1763,243,1667,1670,1215,1165,1670,1668,801,1975,1582,980,1641,1107,1371,740,1069,1546,1094,1076,1193,1231,1002,1900,1500,1205,1788,1481,490,1840,1552,1332,861,1086,1402,174,1555,1205,1115,1204,1233,388,1858,1117,624,1429,1469,1158,1495,1366,1159,1023,1170,1316,796,1499,1150,1233,1157,1364,1153,1722,1665,1344,1046,1060,1749,384,1640,1046,1237,1214,737,821,1691,786,980,408,1249,1106,1060,1709,1056,966,1043,1452,1580,1435,1861,1140,1319,1408,977,1279,1761,1334,993,1602,494,1794,1565,1247,1221,1204,861,215
689,1159,1087,1197,1471,1694,766,307,283,310,1104,1081,1450,128,140,53,880,397,934,420,799,1293,915,1110,830,312,1102,302,1427,765,1300,986,45,1387,1076,429,1428,959,318,951,1048,788,808,785,989,1576,824,424,684,1264,733,896,319,937,1071,889,1263,924,870,1052,999,1460,1089,512,364,522,722,507,918,512,292,799,881,0,710,483,908,1191,1234,831,796,876,773,1078,670,686,1132,1143,840,796,1169,1264,719,1406,993,416,861,1349,1430,815,1184,755,1012,1266,872,338,896,1352,961,1187,752,858,1280,856,551,1346,936,972,1111,1164,811,1248,452,1086,1330,939,886,1087,1360,1169,1353,1553,748,1252,1406,1195,981,1144,721,753,753,1039,692,847,1378,929,812,1068,1156,796,1442,813,1248,1334,1354,799,1233,621,782,951,1353,1143,115,407,991,1172,825,1515,1096,1001,1132,1082,1086,1982,699,1664,719,919,938,740,1669,1001,294,1169,1048,966,1157,934,878,481,720,1159,671,1160,499,337,532,831,1245,1280,547,1048,794,376,663,1337,1260,520,861,294,1362,962,1421,861,1042,1019,918,763,910,1241,508,1115,1054,1548,894,1478,735,1388,722,1226,1154,1293,1412,1268,1120,570,413,1178,551,510,272,1340,991,1192,1343,1052,1106,1169,283,886
1026,1408,382,710,1279,2087,1712,686,533,886,653,901,1317,813,948,802,1267,596,754,639,563,1022,1773,949,1693,888,406,1031,2268,74,1001,275,754,1219,1044,897,2191,819,697,240,326,314,98,549,321,1377,1506,532,966,1174,1222,366,1048,697,984,179,2102,210,730,684,654,1022,384,1538,1139,1514,1492,1346,869,1538,1112,290,446,799,0,951,1008,1062,1134,781,1649,166,1257,373,1241,834,467,2003,130,1158,677,1215,870,2269,390,401,151,984,2206,648,2080,889,1746,1179,623,1220,262,1231,186,1345,1519,1244,1062,1242,1019,673,695,811,539,993,101,556,1373,396,1238,1673,746,382,687,677,1232,2409,57,1155,733,667,484,1066,1106,1699,887,859,1179,137,1186,762,1301,1805,869,1158,1231,1302,556,2198,1143,563,2092,806,1522,240,845,1392,811,697,700,888,884,1323,1828,708,1992,1058,396,1578,1186,1039,973,756,712,329,1305,708,881,677,980,799,2055,693,168,1110,1105,787,1139,1073,1333,609,1634,1690,571,1062,907,980,1610,1036,1602,1143,1953,988,797,704,1167,795,1146,797,674,651,869,850,1776,560,623,572,686,886,1290,1301,954,719,941,1014,2002,1202,2275,779,631,1044,620,768,1438,979,1114,1236,269,1929,1125,684,920,677,533,356
440,811,1007,1129,1187,1964,1315,164,649,155,990,1163,1130,375,636,484,661,575,688,509,680,1010,1152,805,1373,153,1018,866,1665,842,1145,902,472,1203,816,369,1648,720,175,867,1122,862,885,666,1055,1260,1383,602,430,1111,618,970,883,1051,916,966,1509,904,631,805,753,1304,1009,1065,939,1032,954,808,1283,1065,798,873,961,517,787,0,688,1014,933,586,1111,810,656,998,1303,555,958,1403,923,563,1292,1355,588,1693,1063,540,938,1081,1611,892,1540,624,1569,1111,743,843,973,1031,1035,1744,1037,639,947,637,491,1318,873,712,991,891,888,1164,835,1010,1174,1495,647,1007,1328,1292,1032,1836,825,955,1315,1280,913,845,601,1302,622,782,573,924,1094,1006,695,1647,920,563,1124,696,1164,1607,1036,680,1506,367,1346,867,1372,798,373,362,739,950,580,1231,1274,747,1392,822,1010,1715,580,1506,468,699,872,814,1398,747,231,1292,927,1043,1513,871,1053,566,600,908,611,1005,1018,480,1085,1176,1166,947,297,927,1338,583,1211,1051,1399,122,616,231,1075,1039,1134,616,795,772,1283,634,1214,1331,463,1198,807,1377,677,1157,615,1230,598,906,1425,1139,1699,1198,1050,510,389,1047,894,445,790,1157,1065,1770,1015,805,967,1292,649,960
841,718,1096,814,702,2357,1783,722,1002,538,720,1199,704,760,1021,869,497,922,404,863,478,701,1570,390,1765,536,1109,1247,1856,848,873,853,857,642,345,750,2007,248,733,950,1068,808,1006,464,1161,838,1827,944,425,854,953,916,1264,587,683,908,1900,988,156,560,507,1030,1098,1532,1333,1587,1323,1181,1608,1532,1129,819,992,902,954,805,0,485,464,361,1666,894,936,1087,1637,384,688,1828,938,589,1038,808,381,2096,1104,896,1152,925,1798,923,1905,353,2018,843,415,1293,993,569,981,2188,1592,510,519,514,872,1060,595,238,721,422,1000,1292,1208,1093,917,1944,172,1096,1070,1038,570,2237,849,490,1057,1357,598,370,928,1770,350,450,899,1156,624,1037,794,2073,325,589,690,795,1292,2014,602,476,1910,424,1790,950,1113,705,758,525,407,355,355,761,1644,415,1817,351,1093,1423,907,1237,346,11,588,760,1094,415,596,1038,685,1074,1880,593,1137,938,928,265,992,767,1406,830,1552,1858,1384,519,400,685,1810,948,1673,579,1769,838,391,614,603,1070,828,391,550,527,1608,499,1811,1079,570,1266,562,1121,522,731,323,974,318,472,1822,881,2102,885,737,888,709,835,1264,828,1187,574,1011,2197,585,560,768,1038,1002,906
769,582,1421,1168,625,2485,1893,885,1337,837,1039,1426,830,1096,1383,1231,422,1262,727,1194,779,628,1700,508,1775,835,1665,1547,1719,1156,1015,1159,1093,266,423,858,2135,594,896,1196,1288,1028,1329,765,1219,790,2221,1283,753,988,821,1136,1563,967,828,1216,2031,1310,499,889,837,1172,1423,1684,1689,1597,1442,1297,1940,1684,1392,1039,1219,1138,1414,904,373,0,188,690,1676,1224,803,1412,1962,713,1007,1926,1280,914,1169,1000,710,2222,1229,1213,1476,1067,1669,1150,2027,682,2407,986,737,1590,1401,293,1201,2529,1602,435,650,439,855,1194,912,499,1040,183,1324,1417,1324,1416,1050,2333,515,1421,1204,1169,294,2363,1157,214,1191,1678,907,288,795,2123,679,926,766,1480,547,1263,661,2500,657,914,628,662,1417,2153,738,779,2038,753,2179,1196,1247,569,1084,831,718,687,684,684,1772,743,1915,437,1416,1549,773,1379,675,384,982,977,1313,743,883,1169,843,1301,2002,910,1459,1057,794,595,1056,912,1504,1168,1780,1847,1509,650,695,843,1947,1268,2044,502,1897,858,720,912,526,1297,758,720,879,856,1940,825,1932,1208,875,1397,891,1253,444,857,715,1107,648,609,1948,1015,2228,1319,1044,735,1023,996,1385,1040,1550,280,1231,2651,718,889,1083,1169,1337,1126
1029,711,1251,1066,491,2126,1969,1085,1615,1109,871,1700,731,1432,1715,1567,685,1540,701,1472,996,520,1878,470,1934,1107,1568,1893,1497,1284,917,1139,1429,387,331,996,2311,881,1096,1104,1438,1308,1161,982,1313,641,2503,1563,1121,883,944,1416,1908,866,727,1181,2231,1142,882,863,811,1074,1253,1843,2022,1756,1611,1463,1708,1843,1560,1319,1497,1474,1390,1101,630,230,0,932,1835,1056,927,1242,2253,1070,838,2087,1112,1123,1067,901,1067,2369,1259,1491,1307,969,1551,1428,1695,1039,2676,887,943,1702,1427,102,1211,2202,1761,698,546,702,996,1089,839,444,872,304,1156,1317,1490,1251,946,2602,898,1251,1099,1067,103,1770,1285,48,1086,1515,1011,196,919,2405,1036,823,890,1311,392,1542,785,2769,631,1123,473,786,1317,2311,629,996,2206,1088,2449,1104,1142,698,1420,1099,692,661,936,529,1948,718,2076,321,1251,1426,897,1283,1040,641,883,1259,1209,718,1183,1069,744,1578,1671,836,1291,1228,918,842,1181,813,1663,1446,1939,2102,1411,545,945,744,2097,1435,2326,347,2073,1053,948,1248,372,1574,657,948,853,830,1707,1128,2103,1106,1152,1430,865,1150,704,757,962,1005,895,498,2116,912,2375,1215,1113,859,1308,881,1557,1165,1832,107,1380,2891,611,863,1034,1069,1615,1406
615,726,940,817,678,2282,1846,774,1070,603,566,1253,755,822,1083,931,252,992,235,929,542,680,1511,366,1580,601,950,1295,1827,828,673,835,919,615,321,678,1938,219,785,800,1121,851,803,528,1004,837,1886,1015,480,637,778,959,1312,607,475,839,1841,837,132,353,301,830,942,1501,1395,1409,1252,1111,1679,1501,1204,862,1046,964,890,747,418,458,440,0,1488,743,818,931,1708,439,530,1756,775,287,818,663,436,2020,948,960,1001,632,1770,977,1835,408,2082,644,482,1355,1055,545,1024,2249,1414,265,518,269,695,843,427,214,566,395,800,1042,1138,943,699,2008,148,940,853,818,546,2163,911,466,840,1203,661,346,764,1833,405,324,735,1005,600,1091,770,2148,269,287,689,771,1042,1898,601,542,1806,489,1854,800,896,713,820,590,281,299,166,737,1573,289,1745,327,943,1284,742,1033,401,158,419,803,968,289,653,818,486,1128,1810,425,986,866,763,332,895,559,1468,901,1614,1679,1148,518,465,486,1873,1013,1735,555,1698,701,79,676,579,1124,807,79,345,320,1679,554,1752,829,634,1116,355,869,274,742,390,752,385,471,1746,664,2026,967,861,704,774,629,1194,812,1249,550,1064,2269,584,353,735,818,1070,949
980,1366,1402,1491,1857,1197,504,616,725,618,1333,1111,1686,841,343,399,1192,836,1271,887,1040,1841,427,1349,51,620,1414,372,1366,1235,1547,1289,431,1695,1481,735,928,1287,627,1254,1520,1260,1313,1026,1452,1815,591,858,979,1509,1037,1368,343,1188,1319,1407,760,1291,1198,1388,1131,1710,1404,192,497,99,480,343,800,192,405,1271,1200,411,1184,790,1221,1501,1550,1137,0,1205,1079,1393,466,904,1361,667,1362,1086,1461,1603,940,897,1461,858,1359,1602,1587,1282,1108,976,776,1514,1094,296,1158,1672,1433,922,85,1170,1504,1168,857,1642,1182,1339,1340,1529,1318,1559,288,1397,1575,702,1214,1402,1656,1461,1673,1041,1218,1569,1721,1409,1269,1463,1023,491,974,1243,994,1345,1767,1395,1119,811,1469,1086,1675,1120,1559,816,1587,1040,724,808,546,1254,1649,1350,528,699,1192,1485,1131,1904,607,1204,647,1487,1397,2312,1001,1925,975,1232,1189,1210,2007,1204,602,1461,1298,1050,941,1180,1440,728,1022,1273,977,1408,76,779,288,369,1541,1504,835,1298,536,534,459,1726,821,823,1180,604,1753,1046,1971,1180,1378,1355,800,986,416,1535,812,1324,1390,1793,1218,1714,956,1632,943,1457,663,1538,903,1564,1414,873,763,1387,500,811,57,1659,1463,932,1570,1388,1327,1461,725,1358
948,1093,222,636,982,1939,1559,610,665,809,446,554,962,740,1073,928,814,720,565,554,356,967,1627,791,1650,811,246,1158,2173,85,768,108,880,1051,782,819,1990,622,621,73,410,349,60,342,290,1115,1350,664,648,743,1214,411,1191,690,567,96,1798,23,531,475,447,868,227,1495,1281,1532,1431,1250,701,1432,1251,335,504,941,147,894,802,844,835,539,1537,0,1248,216,975,527,262,1758,32,669,601,923,583,2205,233,546,283,819,2259,620,1980,619,1530,731,270,1332,412,924,128,1172,1492,739,796,737,1007,582,460,603,438,783,57,394,1287,246,809,1445,535,225,596,601,925,2330,96,853,643,525,411,748,1170,1482,617,546,1142,136,967,943,1121,1586,664,669,969,1122,394,1959,882,350,2023,639,1308,72,767,1019,720,616,495,698,616,1104,1781,507,1726,713,246,1388,1149,917,601,545,463,374,1135,507,820,601,560,943,1955,458,263,1047,1169,578,1118,653,1508,530,1588,1640,469,796,706,560,1512,952,1491,923,1906,927,554,642,944,939,948,554,465,442,701,547,1640,395,537,399,477,679,771,957,618,551,601,755,1939,772,2211,834,558,1013,522,616,1358,969,1223,929,363,1707,864,475,582,601,667,401
728,724,1511,1538,847,2096,1449,606,1100,674,1243,1661,1042,893,1098,1024,655,1040,923,959,942,844,1280,726,1431,672,1536,1357,1534,1341,1264,1390,999,760,663,497,1753,1033,617,1357,1604,1343,1442,928,1574,1023,1963,1061,689,1240,572,1458,1373,1201,1038,1536,1634,1397,934,1095,1043,1429,1513,1323,1414,1260,1071,901,1744,1323,1013,1348,1439,1044,1290,621,808,565,611,940,1339,1297,0,1502,1729,835,1212,1539,1353,903,1431,1206,844,1830,1582,989,1566,1284,1538,1378,1604,880,2141,1241,1130,1191,1462,739,1522,2289,1265,633,859,631,526,1488,1072,741,1218,590,1447,1699,928,1517,1312,2062,950,1511,1498,1431,740,1955,1324,632,1485,1778,1313,518,455,1791,878,973,430,1470,769,1525,428,2232,848,903,1032,429,1699,1755,945,942,1639,626,1918,1357,1541,711,891,678,925,876,898,906,1410,935,1505,675,1517,1839,437,1647,726,819,1216,1293,1541,935,684,1431,1057,1527,1577,1070,1544,684,454,991,690,1127,1165,936,1419,1556,1856,859,545,1057,1577,871,1687,725,1535,574,926,745,746,1523,979,926,1085,1062,1744,879,1304,1485,742,1701,1097,1527,663,1060,866,1397,854,818,1561,1269,1836,1600,1451,392,827,1203,995,736,1313,721,1548,2322,927,1095,1234,1428,1100,1449
1033,1128,9,733,1151,1899,1519,706,760,905,548,561,1202,804,1172,1037,860,789,651,638,460,897,1577,872,1608,906,260,1079,2284,203,845,262,988,1107,814,933,1987,720,716,229,257,196,178,446,75,1246,1309,765,696,851,1294,248,1050,781,676,214,1755,117,628,585,552,786,11,1457,1202,1504,1527,1355,715,1457,1346,172,341,1033,265,977,909,950,941,649,1562,118,1326,0,992,626,359,1783,150,768,874,1125,682,2223,15,644,126,823,2338,457,2070,718,1555,896,364,1422,382,1032,256,1200,1517,838,891,836,1089,586,570,710,548,889,175,398,1382,378,917,1470,644,9,600,874,1033,2348,260,961,647,652,502,854,1167,1506,716,650,1224,130,1058,667,1237,1609,773,768,1064,1238,398,1982,977,460,1971,737,1331,229,771,1112,801,680,605,796,726,1195,1868,617,1749,819,378,1391,1231,921,697,654,573,211,1139,617,900,874,670,668,2045,568,106,1146,1166,681,1200,762,1531,616,1612,1663,473,891,806,670,1536,1037,1515,1015,2025,1011,664,721,1037,664,1033,664,575,552,715,643,1663,399,617,258,587,683,870,1160,703,555,691,850,1963,880,2230,838,647,1105,609,959,1456,1052,1310,1037,200,1730,959,585,693,874,760,238
1149,1639,1121,1377,1853,1152,405,923,570,979,1374,753,1836,867,610,666,1379,542,1374,718,1126,1763,605,1643,509,981,1376,318,1481,973,1602,1181,649,1890,1775,1076,1140,1405,934,1148,1066,1004,1070,1112,1136,2165,543,665,1081,1577,1433,1062,298,1253,1384,1158,948,1158,1312,1251,1218,1771,1194,369,359,422,765,798,416,369,672,979,860,575,926,1105,1410,1701,1673,1265,480,1158,1469,1130,0,1004,1402,905,1111,1258,1338,1687,1010,1051,1145,611,1166,1655,1748,880,1115,1046,747,1586,1152,669,881,1872,1154,585,435,1356,1790,1354,1218,1706,1231,1437,1381,1627,1074,1507,743,1029,1650,670,1328,1121,1720,1338,1873,1182,956,1694,1767,1041,1152,1587,1297,392,1044,1317,1367,1170,1763,957,1489,782,1660,1258,1965,1490,1507,998,1878,1126,888,889,522,1148,1529,1623,585,780,1266,1469,1259,1900,773,1278,868,1780,1029,2239,1374,1993,1083,1421,1254,923,2139,1278,922,1338,1362,726,1088,1229,1183,974,1296,1343,1329,1473,449,532,496,601,1593,1790,834,1362,433,799,417,1722,925,1141,1298,787,1745,779,1902,1298,1035,1218,416,1047,585,1526,719,962,1253,1870,1384,1793,1032,1740,1020,1749,815,1609,1057,1439,1290,1235,710,1429,835,1178,251,1854,1178,902,1858,1251,1396,1338,570,1052
620,519,941,694,959,2218,1465,515,827,341,488,1004,883,565,847,678,268,765,426,688,224,685,1442,527,1391,339,954,1068,1816,716,655,719,662,895,585,615,1870,490,526,790,896,640,782,210,869,1019,1637,785,112,626,793,755,1084,341,446,775,1801,829,395,342,312,819,943,1302,1164,1216,1190,1023,1457,1302,918,644,764,707,926,656,296,706,715,384,1295,722,829,932,1448,0,515,1694,754,175,817,806,119,1954,949,721,999,705,1833,732,1726,155,1821,633,270,1097,983,875,814,1962,1221,246,663,244,678,857,335,479,495,665,779,1062,1050,948,688,1736,411,941,867,817,876,2079,718,734,854,1209,463,628,747,1452,153,421,719,1003,878,880,847,1851,533,175,836,848,1062,1887,749,224,1771,151,1592,790,908,506,563,336,370,561,342,997,1527,382,1660,590,948,1647,726,1028,105,307,342,583,1367,382,384,817,439,881,1701,333,977,802,746,446,882,532,1151,663,1349,1538,1219,663,217,439,1594,739,1486,834,1652,690,370,417,855,877,824,370,332,309,1457,153,1375,846,401,1039,344,871,275,839,148,768,136,622,1686,653,1960,753,610,686,472,532,1114,730,986,857,839,1972,731,342,494,817,827,745
972,900,817,745,881,2585,1693,766,919,676,364,1020,805,782,1064,895,642,857,339,780,151,827,1792,580,1735,674,828,1161,2003,691,578,693,879,812,510,952,2254,411,777,666,911,653,676,137,865,943,1847,877,447,549,1063,768,1177,263,368,712,2150,707,318,269,239,745,819,1683,1268,1551,1557,1385,1313,1683,1257,657,777,924,763,990,605,655,644,337,1630,605,1073,808,1541,375,0,2040,648,535,740,728,431,2303,825,813,875,631,2010,745,2098,467,2032,555,80,1314,840,734,829,2051,1556,622,588,620,1102,776,259,404,371,593,673,981,1412,827,611,1953,334,817,786,740,735,2432,693,662,773,1088,436,553,1113,1682,465,329,1085,879,803,893,926,2088,463,535,756,927,981,2269,669,151,2147,489,1809,666,827,887,780,680,287,481,414,940,1911,294,2006,515,827,1578,1092,957,449,344,264,596,1290,294,720,740,361,894,2073,257,855,1174,1112,365,1213,454,1371,755,1568,1851,1138,588,559,361,1820,1075,1680,759,2036,1025,352,749,780,890,962,352,259,236,1313,399,2046,765,531,987,271,790,654,761,466,687,449,541,2063,576,2309,894,583,1055,587,408,1486,1065,1205,739,854,2207,654,269,371,740,919,758
1574,1893,1812,2192,2169,881,542,1195,1260,1232,2000,1445,2241,1492,912,968,1770,1367,1824,1436,1752,2159,402,1884,549,1337,2132,984,1218,1732,2244,1991,1087,2072,2016,1340,582,1852,1206,1957,1993,1732,1854,1738,1822,2419,879,1387,1594,2248,1459,1847,1022,2215,2038,1951,248,1993,1760,1954,1902,2414,1879,421,881,544,599,506,1121,421,710,1737,1621,980,1685,1371,1974,1882,1913,1715,520,1892,1495,1821,843,1639,2028,0,1906,1672,2155,2137,1642,696,1969,1390,1851,2205,1418,1638,880,1678,1073,2225,1786,865,1636,2054,1911,1207,475,1747,2051,1745,1217,2379,1854,1969,2007,1903,1859,2107,676,1714,2314,967,1776,1812,2393,2155,2055,825,1715,1933,2440,1726,1971,1828,1323,573,1676,1933,1393,1879,2078,1727,1515,1013,2032,1672,2215,1516,2107,421,2128,1752,481,1531,829,1957,2283,1877,1064,1334,1885,2048,1709,2216,593,1897,56,2021,1714,2837,1400,2306,1631,1985,1874,1678,2566,1894,1216,2155,2071,1475,919,1852,1910,1253,1322,2226,1328,2124,489,1311,498,497,2269,2051,1450,2071,596,815,834,2040,664,1408,1748,1219,2068,1479,2304,1748,1944,1921,1121,1681,248,2214,1439,1648,1956,2287,1775,2257,1659,2396,1649,2001,616,2277,702,2246,2103,1261,1429,2066,599,1442,562,2037,1936,1039,2116,1954,2027,2155,1260,1837
988,1069,268,684,1086,1928,1554,665,636,864,485,568,1047,759,1051,914,801,670,592,592,397,836,1604,811,1637,866,299,1142,2225,53,803,141,865,1046,753,893,2015,660,676,108,465,404,28,383,316,1226,1338,640,638,790,1255,456,1158,732,614,64,1784,69,566,522,489,822,270,1486,1250,1538,1484,1314,744,1486,1225,380,549,910,115,936,849,889,880,586,1591,42,1288,259,1284,567,305,1810,0,709,643,971,623,2246,276,515,118,859,2300,762,2030,659,1590,785,313,1301,380,969,96,1230,1546,779,872,777,1049,626,507,649,485,828,25,438,1341,289,856,1505,582,268,640,643,970,2374,64,898,687,568,453,793,1212,1541,657,593,1184,104,993,910,1170,1623,711,709,1044,1171,438,2014,957,397,2079,677,1366,108,811,1053,757,637,542,745,663,1130,1838,554,1776,758,289,1434,1191,959,638,592,510,419,1179,554,860,643,607,911,2005,505,306,1102,1211,625,1160,700,1358,569,1582,1671,513,872,747,607,1571,1203,1545,950,1963,971,601,681,971,907,972,601,512,489,744,584,1689,441,577,448,524,724,811,1004,652,597,640,831,1995,819,2252,878,600,1061,562,653,1413,1012,1192,974,408,1744,940,522,630,643,635,446
691,617,1048,989,846,2373,1727,790,993,595,640,1267,919,814,1096,927,319,931,329,854,529,718,1564,605,1726,593,1064,1306,1852,911,803,927,911,850,474,757,2009,376,801,894,1246,857,886,515,1098,1095,1880,952,321,790,864,972,1322,509,614,922,1910,933,285,463,411,967,1050,1617,1412,1523,1329,1156,1632,1617,1267,861,1041,956,1053,806,404,661,610,287,1602,826,929,1039,1621,263,610,1828,858,0,984,819,260,2109,1056,887,1103,853,1867,980,1877,232,2064,785,475,1346,1057,830,954,2207,1528,332,739,336,753,1026,482,368,640,557,883,1271,1183,1052,856,1985,301,1048,1036,984,831,2233,910,631,1023,1316,664,517,818,1714,229,454,790,1107,768,1129,782,2155,429,180,912,783,1271,2061,825,525,1926,362,1841,894,1077,604,812,517,403,457,245,905,1666,415,1794,479,1052,1407,797,1178,242,311,510,808,1114,415,644,984,607,1129,1852,480,1081,943,817,365,944,700,1428,829,1713,1775,1428,739,471,607,1852,1133,1737,724,1791,760,273,666,745,1125,857,273,453,430,1632,370,1821,1053,610,1197,465,1059,346,939,435,943,418,698,1841,819,2115,1144,1040,757,666,755,1253,928,1237,812,1189,2242,807,463,824,984,993,962
1277,1274,672,115,1034,2342,1680,1179,757,978,479,1165,704,1241,1167,1032,927,786,698,890,537,784,2131,940,1845,976,689,1268,2368,350,529,356,984,1098,812,1268,2562,790,1190,397,708,686,572,523,719,953,1620,762,839,643,1431,738,1284,413,355,409,2498,719,698,662,629,697,674,1683,1382,1652,1883,1709,1118,1683,1341,665,920,1029,458,1298,979,941,885,724,1731,651,1449,663,1395,769,514,2375,609,909,0,633,593,2642,680,641,728,582,2389,886,2421,612,2013,506,374,1417,507,974,560,1594,1657,940,820,944,1412,440,623,780,430,962,575,774,1736,684,706,1934,714,672,450,180,975,2768,353,903,437,946,335,821,1438,1668,610,587,1409,732,941,1036,1307,1833,843,909,935,1308,774,2611,848,537,2489,891,1790,397,392,1258,1229,988,650,799,801,1078,2227,607,2339,824,684,1530,1416,908,841,724,428,801,1238,607,1052,180,410,1036,2396,621,708,1495,1437,752,1523,408,1473,870,1780,1852,925,820,854,410,1770,1418,1791,897,2352,1337,739,1056,918,1032,923,739,652,629,1118,573,2379,547,928,837,664,535,947,657,851,437,805,779,2405,670,2648,305,154,1378,982,193,1805,1373,1306,979,652,1954,888,662,375,180,758,730
1122,1240,1101,924,692,2869,2279,1229,1615,1085,693,1488,208,1351,1659,1490,773,1556,576,1472,1090,290,2062,699,2209,1083,1422,1876,2335,1123,650,1126,1348,1034,618,1201,2496,545,1240,1163,1299,1086,986,1076,1151,352,2446,1577,1024,725,1301,1201,1890,667,494,1182,2428,986,759,745,694,814,1103,2093,1970,2005,1816,1641,1558,2093,1754,1091,1262,1393,1233,1243,735,877,821,784,2084,879,1416,1092,2247,958,662,2306,923,1002,919,0,955,2565,1109,1491,1156,495,2355,1201,2357,927,2614,628,766,1869,1272,910,1331,2068,2010,786,456,790,1190,961,627,688,902,877,981,1171,1668,1106,791,2535,558,1101,971,919,911,2691,1125,839,958,1370,875,757,1264,2266,924,605,1235,1160,614,1349,1274,2705,501,1002,498,1275,1171,2535,411,1090,2415,974,2391,1163,1012,1224,1339,1086,560,529,861,751,2161,625,2273,630,1106,994,1242,1023,940,568,682,1032,728,625,1157,919,686,1351,2332,625,1134,1428,1263,835,1215,715,1910,1453,2188,2305,1328,456,940,729,2406,1611,2305,569,2285,1195,799,1167,715,1347,456,799,736,713,1558,919,2305,952,1166,1249,748,956,795,233,948,872,889,457,2331,754,2571,1079,975,1203,1235,746,1738,1360,1798,915,1242,2815,406,746,928,919,1616,1191
626,526,931,680,1004,2226,1471,526,833,347,478,993,873,571,853,684,274,771,411,694,214,675,1448,533,1400,345,944,1080,1822,703,645,706,668,880,574,621,1876,478,537,780,886,628,772,200,859,1025,1643,791,118,616,799,743,1096,331,436,762,1807,819,384,332,302,809,933,1313,1170,1222,1196,1030,1463,1313,924,632,750,713,930,662,302,691,748,369,1301,712,835,922,1454,41,505,1700,744,181,807,796,0,1962,939,727,989,695,1837,718,1740,141,1828,623,256,1103,968,860,804,1968,1227,252,669,250,685,849,324,468,485,655,769,1054,1057,939,679,1743,400,931,859,807,861,2087,705,766,846,1200,449,661,753,1458,139,411,725,993,911,866,853,1857,539,181,842,854,1054,1895,755,214,1779,157,1599,780,900,513,569,342,360,567,327,1048,1533,372,1665,579,939,1635,732,1018,111,313,332,569,1357,372,392,807,429,867,1715,322,967,808,752,432,888,522,1157,669,1355,1549,1211,669,223,429,1600,745,1492,867,1658,696,355,423,888,863,814,355,322,299,1463,138,1382,838,407,1025,334,863,281,829,138,760,134,628,1694,643,1968,740,596,692,478,522,1120,736,992,842,829,1978,737,332,484,807,833,733
2207,2288,2592,2737,2545,519,1238,1774,1854,1822,2558,2141,2653,1991,1369,1425,2381,1964,2499,2029,2297,2526,1030,2288,1301,1922,2693,1679,966,2325,2836,2567,1457,2434,2333,1756,577,2599,1785,2531,2591,2329,2415,2283,2558,2816,1704,1986,2298,2828,1470,2444,1659,2799,2643,2506,965,2564,2502,2660,2608,3000,2594,1199,1677,1309,804,1027,1865,1199,1211,2335,2450,1437,2275,1995,2378,2247,2282,2330,1261,2502,1491,2583,1580,2191,2585,1042,2460,2276,2703,2817,2196,0,2568,1988,2460,2806,1262,2389,215,2232,1575,2818,2340,1462,2444,2016,2510,1686,1217,2359,2450,2357,1597,2619,2399,2358,2565,2264,2420,2347,1054,2404,2892,1483,2518,2592,2633,2703,2031,86,2308,2300,3058,2416,2523,2194,1700,1269,2230,2525,1765,2446,2456,2542,1885,1533,2425,2276,2613,1886,2347,526,2526,2297,416,2226,1660,2531,3113,2270,1655,2101,2472,2441,2324,2593,447,2489,989,2423,2404,2657,1772,2564,2342,2389,2418,2273,3112,2489,1806,2703,2515,2202,259,2397,2477,1613,1699,2629,1708,2729,1230,1909,1191,1191,2508,2450,2035,2515,1292,1134,1562,2415,331,1946,2371,1807,2439,2540,2673,2371,2650,2627,1865,2233,826,2453,2029,2335,2662,3078,2391,2673,2216,2971,2204,2400,607,2856,26,2790,2647,1638,2001,2635,731,1880,1449,2016,2534,1541,2515,2660,2594,2703,1854,2434
1050,1149,24,747,1158,1887,1502,705,793,904,558,577,1219,801,1205,1068,881,822,657,653,470,1123,1559,880,1590,906,276,1060,2266,218,859,277,1020,1122,822,933,1970,728,716,244,273,212,193,456,60,1250,1292,798,719,861,1305,264,1031,795,686,229,1742,132,636,595,562,800,26,1439,1182,1486,1535,1365,699,1439,1379,188,357,1065,280,977,917,965,949,659,1544,133,1341,15,976,648,377,1765,165,789,891,1141,704,2204,0,681,141,837,2239,473,2077,740,1538,910,382,1455,398,1040,272,1183,1499,859,896,857,1089,603,580,718,558,897,190,415,1393,393,927,1453,652,24,617,891,1041,2330,275,969,664,485,516,862,1168,1489,738,655,1239,145,1065,683,1245,1592,781,789,1069,1246,415,1965,982,470,1954,761,1314,244,788,1133,799,695,615,801,736,1202,1850,622,1731,827,393,1408,1246,936,721,662,583,227,1156,622,900,891,680,684,2052,578,121,1154,1167,690,1200,772,1513,630,1595,1645,490,896,827,680,1519,1038,1498,1022,2007,1013,674,722,1044,680,1261,674,585,562,699,657,1644,418,632,243,597,701,891,1176,725,574,713,855,1945,890,2210,855,660,1106,624,974,1464,1052,1333,1045,216,1713,964,595,703,891,792,254
704,1091,791,842,1479,2157,1236,357,320,557,1024,741,1425,455,737,435,930,170,923,208,760,1284,1402,1087,1304,559,802,815,1982,424,1226,642,382,1574,1220,584,1839,964,368,609,698,435,485,746,671,1595,1570,194,771,1193,949,550,831,886,1000,569,1759,608,872,1060,1008,1339,704,1154,974,1207,1159,993,964,1154,903,442,506,427,371,626,958,1383,1220,884,1264,564,984,693,866,657,710,1697,522,838,806,1245,662,1923,678,0,535,1277,1993,468,1696,698,1578,1203,748,947,554,1310,619,1454,1220,908,1250,906,740,1125,862,991,678,1172,488,933,1020,801,1265,1493,888,791,1139,806,1311,2050,407,1238,1186,862,622,1132,904,1223,696,1050,876,521,1386,621,1005,1638,1029,838,1409,1006,933,1858,1322,760,1742,542,1354,609,988,1075,270,357,999,1045,842,1523,1496,1011,1663,1225,801,1958,883,1481,729,969,901,376,1700,1011,556,806,976,618,1671,860,552,771,903,994,851,1089,1233,130,1250,1386,1012,1250,581,976,1237,693,1228,1345,1621,659,870,371,1369,614,1424,870,1050,1027,964,699,1380,943,283,779,1062,1243,940,1444,684,1033,672,1196,1657,1225,1931,898,755,745,269,904,1083,702,866,1315,641,1759,1313,1060,1036,806,320,540
1084,1150,335,748,1159,1992,1626,706,684,905,559,633,1119,802,1098,961,882,712,658,654,471,1124,1666,881,1712,907,365,1191,2266,102,876,204,912,1123,823,934,2070,729,717,171,535,471,77,457,392,1252,1404,688,720,862,1306,523,1207,796,687,113,1848,133,637,596,563,882,337,1555,1297,1585,1536,1367,799,1555,1272,447,616,957,164,978,918,966,950,660,1660,107,1342,326,1085,649,378,1868,49,790,705,1043,705,2280,343,563,0,919,2240,810,2079,741,1656,858,383,1348,429,1041,68,1298,1590,860,897,858,1090,695,581,719,559,898,74,503,1394,354,928,1571,653,335,709,705,1042,2409,113,970,756,631,517,863,1169,1613,739,656,1240,37,1066,959,1246,1679,782,790,1070,1247,503,2248,1014,471,2154,762,1432,171,875,1134,800,696,650,802,788,1203,1881,656,1834,828,335,1518,1247,1021,825,720,598,487,1317,656,908,684,688,962,2059,617,68,1161,1165,739,1158,785,1482,785,1648,1731,589,944,974,688,1625,1244,1578,1063,2030,1009,726,733,1094,958,1338,726,641,618,798,649,1718,522,678,527,653,815,1056,1114,732,670,719,901,2064,904,2346,946,633,1104,672,717,1457,1018,1264,1102,479,1733,1011,656,747,684,645,514
1451,1343,1238,519,979,3017,2212,1232,1031,1105,524,1499,513,1265,1570,1405,1105,1125,698,1255,618,603,2245,953,2356,1103,1055,1613,2410,683,15,695,1262,1132,838,1337,2638,874,1243,736,1033,1001,897,600,1268,748,2347,1075,993,284,1490,1060,1628,519,285,743,2608,800,808,767,721,217,1240,2226,1737,2125,1949,1807,1756,2226,1761,988,1272,1307,783,1374,1078,974,909,824,2206,718,1540,1229,1653,930,555,2494,750,1118,428,501,883,2760,1246,947,1320,0,2456,1220,2489,895,2600,212,610,1781,823,1003,885,2250,2130,1118,768,1122,1459,526,622,875,473,987,900,810,1834,995,343,2522,824,1238,536,428,1004,2898,683,932,523,1256,425,851,1504,2199,893,600,1475,1324,886,1336,1351,2677,774,1118,805,1352,810,2670,718,618,2577,1034,2375,736,581,1320,1253,1135,653,780,901,1023,2310,659,2450,850,995,1043,1482,388,1002,834,534,944,809,659,1177,428,262,1361,2466,620,1300,1577,1503,849,1566,259,1972,1244,2323,2437,967,768,955,262,2319,1564,1997,841,2468,1414,839,1179,914,1357,760,839,752,729,1756,817,2477,476,956,1185,764,378,1134,485,906,481,893,803,2490,310,2862,652,554,1444,1038,278,1872,1420,1754,1008,976,2720,711,767,458,428,1031,1050
1605,1721,2439,2397,1796,1629,1735,1546,1821,1702,2266,2432,2018,1850,1480,1536,1632,1934,1907,1975,2294,1783,1502,1704,1568,1700,2448,1783,695,2271,2171,2319,1658,1711,1600,1442,1340,2025,1557,2284,2549,2293,2361,2276,2517,1995,2017,1956,1721,2166,973,2403,1763,2153,1981,2452,1851,2322,1924,2116,2059,2343,2441,1479,1865,1569,1015,1114,2161,1479,1312,2296,2375,1548,2221,1555,1804,1517,1377,1944,1525,2250,997,2430,1853,1879,2242,1758,2407,1920,2308,2186,1965,1262,2527,1998,2481,2188,0,2326,1079,1916,2181,2148,2222,1526,2387,1310,2316,2038,1481,1608,1854,1606,1382,2396,2061,1685,2267,1528,2366,2599,1141,2419,2232,2103,1940,2439,2406,2308,1325,1172,2254,1385,2393,2709,2401,1458,1115,1763,1913,1962,1115,2392,1718,2444,1058,2258,1839,1920,2002,1059,2599,1404,1915,2296,1291,1657,1955,2284,2464,1705,1649,1700,1886,1855,1938,1855,1018,1926,1628,1612,2419,2284,1142,2554,1756,1815,2168,2237,2474,1926,1640,2308,1997,2470,1052,2059,2462,1743,1116,2081,1532,2067,1494,1919,1576,1695,2752,1854,1574,1997,1735,1235,1845,1677,1168,1509,1985,1674,1708,2466,1942,1985,2101,2078,2161,2008,1439,2401,1775,2632,2113,2421,1636,2039,2203,2315,2134,1804,1189,2195,1239,2680,2532,1329,1939,2139,892,1641,1573,1310,2492,2367,1919,2116,2595,2308,1821,2393
1427,1571,559,1327,1571,1824,1453,1118,769,1246,1062,180,1623,1188,1185,1090,1030,670,1068,900,1076,1434,1539,1325,1173,1248,692,766,2269,698,1271,781,1039,1497,1215,1258,1921,1075,1129,742,254,192,673,1058,531,1795,1246,813,1061,1440,1632,250,746,1414,1284,709,1666,617,973,1173,1116,1215,561,1025,893,1077,1423,1731,688,1025,1261,299,49,1084,897,1295,1125,1449,1312,981,1135,602,1668,550,757,767,867,1744,645,1186,1296,1418,795,1835,535,690,611,1267,2428,0,1808,812,1457,1348,868,1244,473,1406,468,1145,1091,1043,1467,1047,1380,1003,1191,1087,1172,1276,670,823,1443,468,1512,1373,989,559,1017,1296,1407,1976,933,1334,1057,486,1111,1234,1493,1440,810,1152,1565,615,1493,135,1702,1536,1125,1186,1616,1703,823,1941,1529,1076,1621,1102,1230,742,1191,1555,1033,1086,1101,1279,941,1630,1415,1113,1704,1216,468,1982,1572,1358,940,999,1429,201,1712,1113,1257,1296,1288,363,1783,1189,617,1500,1492,1110,1487,1373,1104,914,1495,1260,905,1467,994,1288,1475,1377,1102,1452,1579,1335,967,1056,1485,359,1589,967,1158,1135,688,778,1607,838,1009,383,1170,1125,1059,1643,971,1005,959,1420,1534,1472,1840,1262,1243,1431,1002,1332,1799,1341,936,1411,495,1652,1533,1173,1366,1296,769,240
2205,2312,2601,2700,2613,649,1207,1763,1813,1807,2528,2117,2602,2059,1403,1459,2355,1926,2476,1967,2265,2582,1007,2282,1225,1907,2561,1705,1028,2323,2640,2432,1491,2508,2400,1824,578,2602,1774,2397,2600,2344,2413,2247,2568,2781,1659,1948,2175,2661,1531,2454,1685,2359,2467,2500,1136,2435,2501,2687,2630,2810,2604,1135,1546,1231,808,1029,1839,1135,1218,2347,2440,1471,2273,1943,2381,2318,2338,2318,1186,2495,1552,2593,1519,2128,2556,893,2453,2256,2671,2771,2158,211,2578,1990,2458,2685,1232,2388,0,2170,1700,2621,2310,1470,2439,1977,2368,1793,1142,2333,2436,2331,1619,2870,2380,2311,2535,2324,2418,2433,1056,2380,2715,1596,2517,2602,2880,2671,1992,82,2306,2359,2867,2391,2488,2258,1721,1232,2168,2530,1788,2444,2522,2506,1915,1775,2410,2256,2582,1916,2433,499,2495,2265,395,2011,1596,2397,2927,2293,1642,1881,2457,2426,2312,2012,446,2494,850,2399,2380,2619,1795,3012,2217,2392,2360,2288,3035,2494,1791,2671,2450,2532,110,2378,2475,1662,1720,2657,1726,2553,1155,1911,1165,1165,2596,2436,2023,2450,1251,1158,1501,2483,328,1984,2359,1883,2518,2528,2742,2359,2667,2644,1838,2201,828,2885,1969,2312,2679,2891,2380,2618,2175,2795,2163,2381,580,2684,190,2765,2617,1659,1974,2613,690,1923,1479,1977,2543,1654,2496,2682,2567,2671,1813,2444
673,591,946,689,897,2286,1553,681,914,419,519,1045,942,634,916,751,342,842,396,776,240,877,1489,656,1420,417,962,1152,1852,728,619,741,733,933,501,635,1892,420,692,802,938,680,815,222,912,1116,1740,862,159,615,870,790,1168,333,436,788,1838,837,318,503,446,789,948,1314,1234,1207,1214,1077,1602,1314,1047,685,824,778,828,682,381,743,647,324,1287,755,904,937,1444,26,547,1745,787,244,756,890,91,2049,954,814,997,666,1894,775,1771,0,1900,596,289,1191,1020,907,850,1946,1212,318,783,316,753,835,357,385,526,599,812,1048,1104,933,678,1861,334,946,845,756,908,2189,728,669,832,1191,474,557,826,1540,61,486,798,1001,819,892,851,1977,457,244,940,852,1048,1933,853,240,1836,197,1678,802,890,577,631,316,435,608,284,956,1568,447,1704,502,933,1351,805,986,155,392,334,625,1077,447,472,756,424,917,1746,355,978,840,825,356,860,521,1316,758,1565,1547,1209,783,288,424,1664,850,1629,774,1718,719,310,492,801,913,1032,310,488,465,1602,171,1737,835,494,1068,500,843,352,961,163,759,150,740,1749,642,2055,756,607,765,689,611,1146,735,1098,900,881,2060,850,503,556,756,914,780
1484,2010,1300,1955,2253,1184,382,1106,1025,1139,1910,921,2291,1404,883,939,1725,1008,1759,1166,1628,2120,678,1968,791,1242,1546,701,1580,1446,2041,1500,994,2290,2084,1248,1058,1765,1117,1461,1429,1209,1429,1610,1314,2469,284,1132,1501,2042,1622,1179,681,1728,1850,1449,834,1337,1663,1863,1806,2215,1365,655,727,708,1051,921,609,655,937,1292,1056,951,1535,1285,1764,2095,1979,1620,766,1324,1658,1309,635,1512,1939,1005,1380,1601,1924,2105,1540,1431,1324,1075,1331,2112,1731,1072,1433,1552,0,2017,1692,819,1092,2261,1433,547,722,1701,2130,1699,1370,1868,1741,1745,1917,1948,1424,1680,866,1203,2114,168,1679,1300,1882,1924,2262,1571,1492,2002,1922,1215,1738,1906,1483,369,1550,1817,1555,1335,2163,1194,1692,135,2003,1601,2270,1693,1680,1077,2184,1628,1226,1437,91,1461,2070,1994,971,1226,1778,1963,1614,2300,1050,1784,985,2085,1203,2324,1562,2080,1536,1775,1729,1236,2276,1784,1123,1924,1829,944,1406,1739,1366,1197,1482,1952,1477,1936,557,996,424,825,1770,2130,1354,1829,405,1070,741,2122,1198,1325,1653,1133,2157,985,2280,1653,1848,1825,609,1584,757,1710,1299,1140,1860,2071,1742,2309,1555,1927,1545,2080,1148,2074,1437,2156,1872,1421,1174,1993,1132,1330,548,2254,1432,236,2195,1863,1949,1924,1025,1169
1366,1262,1002,607,899,2905,2180,1253,1177,982,614,1635,440,1233,1538,1373,1017,1270,621,1400,762,528,2108,814,2324,980,1089,1752,2329,823,377,836,1230,1041,759,1214,2514,786,1264,877,1173,1078,868,744,1051,675,2360,1219,1075,375,1408,1188,1767,429,252,883,2471,890,724,672,615,558,1004,2194,1850,2093,1830,1688,1446,2194,1643,1081,1412,1275,929,1249,990,883,831,740,2174,808,1457,993,1796,1012,645,2357,840,951,516,426,847,2649,1010,1089,1050,392,2373,1360,2376,819,2523,0,750,1749,963,924,1025,1937,2098,1030,693,1034,1336,589,535,780,563,909,865,844,1715,985,437,2445,740,1002,599,516,925,2787,823,853,586,1245,567,773,1421,2167,816,512,1392,1054,821,1476,1269,2600,686,951,730,1270,844,2548,643,762,2465,886,2297,877,644,1246,1221,999,575,692,817,958,2189,587,2314,771,985,1039,1399,766,825,750,440,1021,805,587,1053,516,268,1501,2351,533,1031,1456,1420,754,1443,242,1940,1324,2222,2405,1001,693,852,262,2287,1442,2250,776,2347,1291,755,1057,849,1497,692,755,657,634,1446,903,2363,630,1036,1175,669,703,1046,413,880,520,807,715,2377,402,2654,714,641,1361,1118,378,1756,1297,1722,929,1116,2704,636,672,574,516,1177,1178
1037,976,856,595,917,2690,1668,743,882,787,429,992,859,741,1023,858,711,810,391,744,196,907,1905,663,1588,785,871,1100,2249,638,573,647,840,877,568,1015,2309,487,754,688,889,631,727,178,863,1003,1851,830,509,568,1264,741,1116,286,389,697,2267,749,385,340,295,747,858,1620,1226,1369,1629,1485,1297,1620,1195,636,771,885,740,1050,748,720,706,399,1449,667,1298,847,1412,446,100,2129,699,617,564,843,398,2432,870,782,909,624,2287,722,2185,410,2015,549,0,1298,780,798,801,1897,1374,688,670,686,1131,786,307,451,436,665,724,999,1512,845,630,1937,400,856,796,564,799,2574,640,727,783,1085,379,623,1226,1655,408,400,1198,913,834,839,1091,2092,516,617,827,1092,999,2328,740,196,2244,550,1789,688,763,960,738,661,349,522,524,971,1983,361,2089,568,845,1500,1205,944,518,410,287,571,1226,361,730,564,377,864,2159,305,890,1257,1225,432,1238,474,1423,726,1672,1838,1162,670,661,377,1774,1241,1580,789,2135,1089,413,856,816,860,1062,413,325,302,1297,354,2148,788,469,1011,337,796,725,827,432,712,415,627,2156,595,2437,663,512,1165,554,521,1556,1098,1205,803,832,2183,737,340,466,564,882,731
659,1162,1037,1255,1400,1812,722,280,357,291,1093,1215,1468,517,165,321,897,471,909,508,816,1284,761,1164,671,293,1059,503,1356,885,1341,929,197,1442,1012,414,1264,928,291,890,1160,903,951,798,1131,1640,882,493,691,1307,778,1013,476,1294,1134,1039,1126,924,826,1020,963,1513,1039,688,489,476,779,498,1033,688,283,907,988,242,832,462,934,1247,1133,841,557,843,812,1028,783,684,1215,1194,875,803,1224,1268,716,1564,1139,535,998,1287,1371,936,1197,728,1066,1317,865,0,1002,1227,1072,1230,481,873,1311,871,532,1381,929,892,1100,1091,955,1192,443,1021,1378,974,841,1037,1395,1224,1228,1705,868,1156,1435,1322,1039,1049,734,709,726,1001,706,984,1306,1054,838,1160,977,802,1460,839,1192,1454,1373,816,1352,626,826,890,1599,1145,174,391,950,993,800,1443,942,962,1155,1018,1021,1827,713,1725,725,945,910,852,1594,962,275,1224,1137,1078,1170,927,1066,393,733,1104,639,1222,540,456,764,858,1283,1311,543,1137,827,217,799,1265,1090,500,826,284,1298,1074,1441,826,1004,981,1033,758,771,1220,461,1243,1016,1545,911,1486,739,1467,726,1264,1272,1338,1569,1320,1171,584,450,1186,559,512,316,1232,1103,1240,1377,1019,1131,1224,357,1003
986,1378,907,925,1573,2178,1389,725,387,842,1143,854,1517,751,835,716,1234,479,1264,520,1016,1307,1554,1384,1483,844,923,898,2219,543,1384,769,666,1837,1365,851,2108,1271,736,730,837,580,604,998,811,1685,1605,422,916,1463,1273,690,914,1012,1185,688,1895,727,1170,1168,1119,1481,844,1336,1016,1177,1441,1302,1167,1336,1005,584,640,711,490,899,1274,1648,1446,1127,1440,683,1308,833,1056,855,980,1886,641,1118,897,1502,887,2257,818,284,654,1433,2057,591,1992,899,1739,1360,847,1114,0,1539,592,1579,1396,1211,1360,1209,969,1245,1147,1265,777,1465,607,1057,1140,896,1536,1706,1186,907,1259,897,1540,2398,526,1468,1299,959,715,1388,1236,1376,897,1119,1208,640,1495,708,1299,1814,1329,1118,1506,1300,1057,2158,1419,1016,2065,757,1523,730,1093,1363,663,646,1187,1326,1121,1632,1784,1139,1846,1377,896,2071,1215,1594,925,1285,1027,517,2049,1139,838,897,1304,733,1967,1145,671,1070,1235,1197,1076,1239,1238,536,1433,1565,1147,1360,877,1304,1499,971,1398,1454,1934,937,1160,663,1487,729,1463,1160,913,1130,1167,929,1558,1084,585,879,1165,1392,1253,1489,910,1249,897,1313,1977,1495,2263,993,845,1033,573,942,1366,948,1020,1544,780,1892,1426,1168,1138,897,387,680
961,817,1422,1245,451,2030,2042,1077,1600,1059,1043,1655,799,1309,1614,1449,621,1531,794,1457,1054,648,1921,665,2074,1057,1729,1832,1375,1466,1026,1316,1306,474,546,1035,1965,898,1088,1277,1521,1264,1344,1036,1470,845,2431,1553,962,1018,785,1374,1846,1020,842,1364,2283,1313,733,1017,960,1197,1424,1916,1926,1815,1649,1505,1965,1916,1616,1268,1432,1351,1587,1095,618,289,68,1002,1896,1239,669,1413,2140,911,1019,2146,1295,1163,1159,968,908,1806,1430,1476,1471,1074,1439,1380,1647,880,2592,1002,964,1696,1609,0,1434,2773,1820,634,642,638,1096,1253,942,637,1044,398,1339,1485,1532,1405,1090,2514,749,1422,1263,1159,15,1740,1467,76,1250,1666,1178,333,827,2238,877,932,991,1475,375,1496,878,2669,727,1163,786,879,1485,1998,710,1054,1882,947,2368,1277,1308,803,1297,1073,787,756,931,490,1641,828,2106,449,1405,1527,998,1404,886,629,1035,1209,1256,828,1131,1159,864,1521,1622,940,1451,1277,828,825,1121,927,1743,1446,2012,2135,1646,642,913,864,2171,1453,2329,361,1743,1050,957,1133,574,1517,804,957,1002,979,1965,1025,2168,1277,1148,1600,1014,1289,652,814,949,1183,878,596,2177,1050,1786,1380,1284,958,1229,997,1350,1184,1798,5,1464,2767,709,1017,1193,1159,1600,1364
1167,1403,276,787,1274,1996,1662,864,591,992,661,564,1497,893,1023,900,956,684,770,721,581,1263,1684,1024,1530,994,287,1087,2371,158,888,374,850,1262,954,1004,2056,873,875,335,196,184,133,563,328,1370,1429,627,892,951,1370,236,1103,876,776,169,1795,210,771,730,684,831,278,1383,1213,1429,1618,1474,847,1383,1195,160,343,895,220,1039,1077,1104,1078,787,1487,190,1404,267,1104,831,463,1893,105,1017,906,1482,785,2421,284,489,70,883,2397,460,2173,797,1647,960,464,1298,389,1173,0,1327,1443,1110,1044,1108,1120,606,693,838,661,1037,130,426,1501,384,1023,1614,787,276,620,906,1174,2559,169,1102,660,653,577,995,1234,1649,795,764,1305,68,1181,638,1360,1722,872,1017,1187,1361,426,2094,1100,581,2233,933,1435,335,794,1387,890,816,725,878,864,1318,1972,731,1853,955,384,1442,1312,957,901,797,674,199,1245,731,1003,906,764,661,2148,691,59,1246,1233,812,1227,861,1456,732,1480,1606,508,1044,910,764,1681,1185,1446,1138,2124,1078,802,802,1169,657,1420,802,715,692,847,721,1757,441,756,523,727,739,1152,1469,808,600,795,990,2145,983,2420,865,707,1172,750,938,1545,1086,1205,1178,139,1776,1107,730,823,906,591,226
1450,1976,1225,1858,2217,935,351,1072,966,1105,1877,849,2258,1370,849,905,1691,949,1725,1107,1595,2086,650,1935,757,1207,1476,614,1379,1376,2009,1430,961,2256,2051,1214,1019,1731,1083,1391,1355,1111,1359,1577,1240,2436,26,1073,1467,2009,1587,1107,587,1695,1818,1379,780,1267,1629,1829,1772,1936,1295,621,564,674,1018,889,499,621,903,1201,958,917,1438,1251,1730,2061,1944,1586,732,1254,1623,1234,466,1479,1906,859,1310,1567,1826,2071,1507,1394,1249,1016,1261,2081,1550,974,1397,1519,318,1985,1659,785,997,2227,1359,0,688,1667,2097,1665,1336,1798,1708,1711,1884,1913,1354,1610,834,1129,2081,340,1645,1225,1812,1826,2228,1537,1422,1967,1852,1140,1640,1871,1449,338,1517,1783,1520,1265,2128,1092,1658,255,1969,1567,2237,1659,1610,1048,2151,1595,1189,1403,133,1391,2000,1960,938,1192,1744,1926,1580,2265,1018,1750,817,2052,1129,2111,1527,1843,1502,1741,1696,1142,2036,1750,1089,1827,1796,853,1370,1706,1296,1146,1448,1918,1443,1903,523,937,393,792,1700,2097,1320,1795,371,1036,573,2087,1166,1291,1619,1099,2122,891,2246,1619,1814,1791,499,1550,726,1640,1265,1066,1826,1844,1708,2276,1521,1698,1511,2047,1110,2040,1399,2086,1775,1387,1115,1958,1099,1296,403,2220,1358,338,2162,1829,1914,1827,966,1097
1195,1718,1496,1739,1958,1153,346,821,883,832,1571,1123,2004,1098,512,568,1439,987,1456,1035,1324,1816,356,1689,144,834,1647,601,1266,1405,1737,1515,600,2006,1808,971,798,1465,832,1476,1679,1423,1510,1306,1505,2187,554,1007,1221,1755,1338,1533,574,1431,1567,1607,705,1512,1363,1561,1504,1911,1561,124,482,172,543,547,803,124,572,1426,1262,580,1356,1006,1478,1810,1696,1318,118,1438,1372,1613,470,1169,1600,644,1564,1315,1708,1800,1199,883,1657,1051,1552,1816,1466,1278,924,1211,708,1720,1348,510,1289,1980,1592,868,0,1415,1835,1413,1087,1969,1435,1453,1578,1655,1515,1781,492,1398,1829,641,1379,1496,1983,1708,1981,1030,1388,1720,1994,1411,1522,1613,1201,367,1209,1532,1273,1538,1867,1394,1405,783,1717,1315,1988,1406,1781,801,1901,1324,691,1043,492,1476,1906,1702,716,899,1483,1733,1312,2005,518,1495,596,1809,1398,2392,1280,2123,1241,1489,1432,1369,2121,1495,816,1708,1540,1150,897,1433,1649,839,1200,1510,1194,1654,87,972,221,306,1871,1835,1069,1540,389,699,460,1828,698,1045,1351,832,1864,1191,1976,1351,1546,1523,803,1243,354,1811,989,1331,1558,2053,1456,2025,1218,1917,1206,1789,628,1789,888,1806,1656,1139,1024,1652,627,1051,160,1973,1622,865,1900,1561,1610,1708,883,1523
411,613,1071,1067,736,2107,1604,528,948,465,692,1432,744,680,962,797,41,876,374,810,581,714,1297,444,1440,463,1095,1157,1619,896,828,907,779,736,333,470,1725,246,539,924,1106,849,964,563,1077,919,1790,896,450,839,641,959,1173,561,664,984,1652,958,147,593,536,998,1073,1310,1281,1203,1049,907,1634,1310,1019,853,1205,824,1055,542,81,546,471,456,1283,877,675,1062,1477,399,668,1555,915,714,983,913,396,1870,1079,848,1119,875,1662,1153,1606,368,1954,809,462,1154,1225,709,1017,1977,1208,0,581,2,503,1070,525,215,693,422,959,1324,934,1055,907,1876,163,1071,1080,983,710,2012,895,498,1067,1318,646,380,591,1594,365,461,566,1123,658,1269,672,2031,303,714,735,673,1324,1754,648,579,1657,434,1728,924,1125,599,677,477,363,332,416,797,1401,422,1514,334,1055,1327,573,1197,374,92,562,797,1054,422,518,983,652,1294,1581,523,1100,676,590,314,528,749,1129,792,1407,1543,1485,581,351,652,1713,851,1672,615,1551,498,442,538,644,1290,870,442,578,555,1634,513,1568,1108,533,1245,590,1103,90,759,372,1000,367,534,1570,868,1876,924,776,528,663,805,979,633,1144,702,1048,2121,647,593,862,983,948,948
1020,711,1195,1092,457,2650,1981,1065,1696,1153,813,1752,392,1320,1645,1460,728,1625,601,1558,1042,410,1862,310,1980,1151,1593,1888,1826,1244,724,1257,1317,673,188,974,2264,621,1076,1048,1394,1359,1113,1024,1243,538,2477,1647,1049,864,904,1469,1902,801,625,1304,2225,1082,789,818,762,894,1197,1855,1951,1754,1588,1444,1642,1855,1555,1362,1529,1362,1360,1083,729,515,463,805,1835,1008,958,1186,2238,996,788,2091,1064,1016,1008,561,993,2392,1203,1586,1243,771,1867,1477,2145,965,2638,762,893,1635,1387,565,1277,2136,1759,742,0,746,986,1095,739,277,814,377,1108,1349,1471,1179,932,2560,634,1195,1105,1008,566,2534,1245,490,1092,1442,996,398,911,2288,962,701,883,1247,358,1594,770,2715,543,1016,246,771,1349,2288,247,1042,2204,1032,2417,1048,1150,697,1308,1183,590,559,882,495,1938,721,2051,200,1179,1132,890,1092,973,644,816,1305,875,721,1185,1008,784,1618,2120,737,1224,1216,910,900,1131,710,1682,1539,1951,2076,1510,180,1003,829,2110,1392,2380,313,2090,1038,820,1144,387,1614,588,820,803,780,1642,1049,2107,1133,1258,1369,815,1029,756,412,1022,1025,953,144,2116,893,2397,1221,1133,850,1314,857,1514,1173,1848,570,1337,2816,174,818,1037,1008,1696,1459
413,609,1069,1063,734,2109,1609,530,950,467,690,1246,740,682,964,799,37,878,370,812,575,710,1299,440,1442,465,1093,1159,1622,891,824,902,781,732,329,472,1727,242,541,922,1101,844,957,557,1072,915,1792,898,446,835,643,954,1175,557,660,977,1654,956,143,589,532,994,1071,1312,1283,1205,1051,909,1636,1312,1021,848,1019,826,1057,544,77,542,469,452,1285,875,677,1060,1479,395,664,1557,908,716,979,909,392,1873,1077,850,1117,871,1663,967,1608,364,1956,805,458,1156,1031,705,1013,1979,1210,1,577,0,505,1066,521,211,691,420,952,1320,936,1053,903,1878,159,1069,1076,979,706,2015,891,496,1063,1316,642,378,593,1596,361,457,568,1121,656,1085,668,2033,299,716,731,669,1320,1757,644,575,1660,448,1730,922,1121,595,679,479,359,328,412,793,1404,418,1516,330,1051,1323,575,1193,370,88,558,793,1050,418,520,979,648,1109,1584,519,1096,678,592,310,530,745,1131,794,1409,1545,1481,577,353,648,1715,853,1674,611,1554,500,438,540,641,1105,866,438,574,551,1636,509,1570,1104,535,1241,586,1099,92,755,368,996,363,530,1573,864,1879,920,772,530,665,801,982,635,1146,698,1044,2123,643,589,858,979,950,944
649,704,1224,1524,1216,1868,1226,348,883,447,1217,1396,992,569,876,686,637,811,888,745,1019,1205,1051,706,1189,449,1248,1127,1467,1069,1314,1116,668,1124,824,236,1483,1005,359,1077,1354,1098,1146,1001,1324,1166,1735,831,848,1280,460,1208,1143,1267,1107,1234,1427,1111,904,1111,1054,1486,1226,1099,1195,992,827,691,1571,1099,801,1101,1169,713,1018,361,787,934,935,954,1072,1037,504,1215,1413,860,1194,1315,1189,919,1493,1161,892,1630,1333,783,1273,1260,1499,1117,1377,904,1895,1290,1129,866,1188,1094,1267,1822,997,614,833,612,0,1516,1052,728,1277,925,1150,1380,718,1208,1352,1856,920,1224,1526,1493,1095,1771,1052,958,1513,1493,1307,852,408,1541,902,966,383,1179,1147,1235,505,1972,821,919,990,506,1380,1510,919,1019,1408,784,1673,1077,1549,690,566,582,881,864,914,1283,1202,927,1291,825,1178,1780,470,1699,859,804,1078,1020,1553,907,423,1495,1087,1258,1411,1050,1232,476,486,989,168,1165,917,724,1171,1307,1450,863,672,1087,1345,657,1501,1105,1318,295,922,384,1119,1259,1414,922,1072,1049,1508,900,1065,1510,645,1447,1084,1523,707,1092,900,1422,887,819,1384,1299,1652,1586,1428,421,785,1309,777,425,975,1084,1260,2043,946,1082,1265,1495,872,1171
1400,1373,783,393,1168,2440,1981,1335,1012,1185,689,1260,894,1429,1770,1353,1066,1154,796,1153,697,924,2327,1047,2114,1183,644,1512,2500,666,473,672,1300,1254,955,1440,2743,1001,1346,495,966,903,906,683,846,1128,1862,1052,1128,825,1588,949,1530,601,561,726,2240,862,886,847,804,411,785,1955,1694,2089,2064,1915,1379,1955,1816,879,1044,1345,748,1472,1203,1096,1039,908,2151,846,1603,774,1645,1074,706,2274,878,1266,336,901,1027,2816,791,922,863,459,2534,1182,2641,1038,2222,716,822,2016,805,1127,896,1835,2094,1079,1007,1083,1549,0,732,974,642,1104,903,423,1942,886,893,2125,902,783,14,336,1128,2960,666,1058,84,1140,524,967,1538,1968,1036,739,1510,867,1075,1260,1456,2142,896,1266,1136,1457,423,2776,1050,697,2681,1170,1979,495,114,1357,1417,1203,766,904,985,1211,2434,772,2275,964,886,1252,1517,480,1146,912,616,918,1382,772,1275,336,615,1333,2617,730,843,1703,1537,944,1655,612,2128,1176,2037,2206,74,1007,1034,615,2033,1624,1979,1032,2551,1513,923,1259,1046,1329,1069,923,837,814,1379,961,2542,214,1079,1015,849,198,1095,900,1049,130,1037,953,2610,854,2923,184,315,1477,1164,360,2003,1527,1918,1131,909,2276,1086,847,556,336,1012,939
744,741,828,812,803,2479,1634,754,1009,504,447,1111,752,693,1009,813,404,945,115,872,499,799,1565,543,1514,502,839,1151,1867,720,554,724,791,715,390,733,1999,303,765,684,1018,781,695,485,894,948,1809,966,408,521,958,884,1171,495,369,731,1919,717,210,160,110,722,830,1537,1314,1316,1324,1177,1645,1537,1104,781,999,836,782,775,504,557,564,226,1378,635,971,819,1522,342,419,1799,667,459,662,760,339,2142,836,920,881,609,1895,937,1920,311,1983,528,405,1255,1040,661,763,2019,1321,417,681,421,836,728,0,280,447,500,692,943,1204,808,583,1886,226,828,738,662,662,2293,859,592,725,1062,594,467,908,1621,308,355,880,885,721,1017,820,2074,364,459,824,821,943,2068,738,499,1978,392,1740,684,783,727,691,526,310,392,303,857,1689,316,1809,391,808,1468,887,919,317,236,282,730,1200,316,580,662,373,1089,1894,2,861,955,907,263,942,455,1365,861,1620,1749,1108,681,364,373,1738,913,1681,677,1805,809,241,564,690,1085,947,241,152,127,1645,445,1813,745,580,1037,162,738,435,758,321,661,316,637,1899,548,2148,854,756,846,636,551,1262,831,1156,665,961,2236,764,160,670,662,1009,874
867,568,1034,1001,476,2589,1992,1048,1375,810,651,1327,480,1035,1376,1180,666,1315,305,1232,802,507,1684,164,2040,808,1046,1526,1695,921,734,925,1032,661,112,845,2122,440,1059,885,1246,1007,896,788,1104,614,2177,1335,732,707,792,1110,1544,685,559,932,2038,918,505,484,434,901,1036,1881,1672,1626,1446,1299,1463,1881,1394,1006,1155,1077,1039,1082,586,503,444,521,1688,837,803,1026,1892,666,622,1919,869,752,851,646,663,2248,1043,1251,1083,789,1722,1153,2038,635,2351,711,727,1562,1397,544,1162,2502,1631,679,307,683,871,921,464,0,651,481,894,1137,1326,1010,773,2254,521,1035,931,851,545,2397,933,472,918,1269,900,375,743,1979,632,363,715,1087,377,1233,652,2442,242,752,447,653,1137,2178,361,802,2088,719,2108,886,976,554,1023,812,312,271,598,513,1811,324,1929,113,1010,1273,722,1102,641,531,472,949,1004,324,861,851,563,1304,2012,462,1063,1079,742,591,984,645,1730,1233,1962,2053,1300,307,686,563,2104,1241,2048,332,1928,888,536,870,347,1300,666,536,474,451,1464,767,1932,935,885,1247,486,926,694,545,719,850,644,260,2009,736,2254,1046,949,681,960,723,1383,1022,1521,549,1189,2633,389,484,868,851,1375,1100
1130,1076,613,771,1046,2880,1754,809,959,889,171,934,780,809,1126,930,832,894,524,822,347,889,1984,793,1752,887,625,1135,2387,518,637,499,907,1030,720,1131,2429,639,820,459,803,740,503,333,683,1009,1560,915,613,717,1381,786,1155,312,448,529,2355,493,544,497,454,805,615,1627,1316,1436,1753,1599,1046,1627,1272,716,881,952,636,1162,879,871,878,559,1498,415,1265,604,1471,561,191,2214,462,729,861,788,512,2536,621,870,661,692,2423,888,2276,523,2105,611,248,1372,789,967,560,1534,1441,817,795,812,1234,931,445,609,0,815,499,1148,1625,597,783,2008,559,613,941,861,968,2683,650,898,928,853,93,787,1357,1741,521,539,1329,665,952,968,1117,2196,643,729,938,1118,1148,2467,852,346,2389,655,1862,459,986,1060,807,760,488,651,654,1088,2120,500,2215,720,597,1543,1336,1004,631,569,327,686,1276,500,821,861,502,1040,2250,443,641,1385,1356,603,1340,499,1482,811,1710,1849,847,795,765,502,1859,1321,1636,909,2241,1200,574,951,923,1036,1036,574,486,463,1046,456,2230,945,564,833,498,937,832,786,551,860,534,751,2310,746,2540,812,662,1296,652,428,1686,1216,1273,971,746,2382,878,496,373,861,959,776
800,671,1345,1236,610,2606,1849,899,1460,887,961,1389,763,1117,1458,1262,465,1400,728,1317,865,601,1707,546,1828,885,1623,1640,1795,1225,959,1231,1114,252,427,861,2150,952,910,1195,1314,1075,1258,851,1301,745,2250,1420,810,942,889,1178,1658,938,786,1285,2061,1228,857,953,903,1126,1347,1736,1757,1651,1472,1322,1861,1736,1418,1074,1277,1159,1327,910,448,94,136,803,1713,1153,901,1336,1978,744,933,1942,1209,999,1086,930,741,2266,1310,1336,1395,981,1768,1215,2065,713,2424,936,788,1642,1459,233,1230,2575,1656,478,593,482,969,1168,883,590,962,0,1253,1402,1349,1315,1014,2327,873,1345,1178,1086,234,2415,1225,163,1165,1572,963,269,839,2061,710,887,811,1399,515,1293,751,2515,669,999,734,752,1402,2197,648,865,2107,784,2181,1194,1223,657,1105,910,733,697,765,651,1839,739,1952,396,1315,1539,818,1330,719,459,953,1017,1272,739,963,1086,811,1366,2039,881,1373,1105,838,655,1082,872,1565,1318,1819,1989,1565,593,751,811,2183,1287,2130,470,1956,866,790,949,485,1362,752,790,943,920,1861,845,1958,1203,971,1473,955,1187,496,824,782,1100,708,546,2028,974,2272,1293,1184,777,1026,964,1409,1001,1603,238,1257,2687,675,953,1144,1086,1460,1168
1200,1254,296,716,1153,1925,1588,823,587,973,577,621,1045,877,1105,904,843,725,646,712,471,1171,1600,893,1668,975,318,1043,2422,68,844,182,852,1163,838,995,1973,758,834,142,489,425,1,457,373,1235,1337,623,775,817,1321,471,1063,711,669,79,1746,114,663,623,578,866,298,1543,1221,1413,1616,1465,759,1543,1251,401,568,897,90,1026,958,1005,1004,685,1475,68,1356,287,1252,725,373,1763,30,891,673,1050,679,2403,304,482,93,913,2365,738,2205,690,1559,821,373,1351,348,1092,110,1225,1604,986,899,981,1098,634,570,728,577,936,0,448,1492,288,885,1456,679,296,648,673,1093,2549,79,1023,687,567,482,906,1213,1575,688,653,1270,79,1060,817,1248,1652,748,891,1039,1249,448,2334,953,471,2252,817,1311,142,828,1238,875,795,610,756,762,1196,1982,620,1774,839,288,1460,1277,939,793,689,582,440,1322,620,984,673,673,890,2179,568,110,1249,1212,724,1204,755,1461,724,1626,1755,551,899,848,673,1637,1195,1584,1017,2099,1063,700,781,1031,886,1324,700,613,590,759,615,1645,488,749,544,625,773,1009,1052,706,644,693,852,2173,846,2407,897,609,1151,737,695,1553,1078,1252,1096,432,1669,981,623,706,673,587,461
1603,1601,524,708,1406,2338,1926,1232,1090,1417,949,1009,1166,1326,1633,1432,1265,1231,1023,1141,896,1142,1994,1264,1746,1415,382,1539,2754,705,627,762,1379,1495,1191,1675,2349,1179,1243,722,716,655,690,882,595,1408,1611,1129,1437,763,1821,701,1507,818,833,726,2141,599,1084,1046,1003,564,526,1621,1628,1676,2302,2156,1121,1621,1780,631,796,1424,777,1702,1381,1337,1280,1107,1726,597,1835,515,1358,1383,969,2142,662,1315,608,1171,1248,2361,532,998,598,614,2807,909,2395,1212,1964,702,1086,1826,841,1366,629,1585,1682,1278,1216,1282,1771,302,951,1169,900,1377,687,0,2189,636,829,1867,1100,524,316,608,1367,2509,741,1298,354,892,736,1212,1771,1913,1209,956,1743,602,1313,1067,1689,1838,1167,1315,1354,1690,180,2341,1268,896,2333,1280,1721,722,497,1585,1314,1383,993,1168,1184,1449,1999,1005,2026,1200,636,1177,1750,668,1221,1110,833,670,1031,1005,1495,608,880,1139,2370,949,576,1952,1770,1141,1877,877,1696,1142,1704,1840,222,1216,1255,880,1967,1847,1689,1272,2150,1743,1122,1487,1288,1135,1294,1122,1036,1013,1121,1227,1898,188,1152,778,1048,472,1298,1174,1263,341,1194,1169,2130,792,2365,567,702,1709,1140,620,2245,1754,1521,1370,659,1985,1298,1046,800,608,1090,691
1235,1501,1709,1882,1781,1387,720,866,922,881,1671,1660,1847,1149,617,673,1481,1033,1451,1068,1444,1807,471,1525,643,883,1729,925,1112,1421,1876,1590,705,1745,1592,836,907,1491,877,1551,1690,1450,1520,1430,1676,2019,1147,1054,1278,1892,1047,1553,900,1839,1694,1602,823,1586,1396,1572,1521,2050,1711,500,917,506,212,55,1278,500,326,1450,1552,685,1372,1029,1598,1524,1550,1356,568,1505,1086,1700,951,1299,1692,718,1553,1351,1839,1839,1322,1034,1685,1081,1570,1832,1331,1490,885,1333,1326,1850,1467,605,1544,1692,1607,1480,561,1465,1682,1460,838,2046,1540,1529,1678,1526,1523,1853,0,1673,1964,1223,1412,1709,2060,1839,1693,1189,1404,1568,2120,1899,1647,1460,1017,745,1331,1572,990,1556,1699,1569,1172,1419,1655,1351,1816,1173,1853,943,1730,1444,853,1210,1078,1551,2191,1485,746,971,1533,1672,1350,1835,599,1539,719,1647,1673,2448,997,2253,1312,1609,1568,1395,2196,1539,865,1839,1712,1641,856,1538,1731,823,1016,1858,944,1781,575,1002,582,681,1962,1682,1125,1712,764,486,915,1658,715,1102,1388,841,1673,1637,1964,1388,1562,1539,1278,1362,492,1905,1065,1825,1574,2136,1486,1903,1341,2047,1331,1632,803,1930,1038,1920,1771,875,1088,1746,233,950,551,1688,1633,1576,1763,1583,1704,1839,922,1543
1221,1379,159,801,1241,1781,1355,844,727,994,676,485,1143,898,1233,1051,941,870,729,709,569,1261,1473,979,1481,996,389,1032,2225,279,981,373,998,1260,1044,1016,1836,853,855,333,401,337,254,555,204,1322,1190,768,873,915,1342,383,1003,803,767,290,1604,209,758,719,676,925,236,1341,1129,1390,1637,1482,623,1341,1379,313,480,1043,357,1047,1053,1102,1098,780,1439,194,1377,202,866,823,471,1627,226,1005,993,1148,777,2107,183,641,209,972,2390,593,2121,788,1395,917,471,1479,538,1186,326,1078,1395,954,998,1106,1119,703,665,823,676,1033,251,519,1509,0,987,1292,774,159,717,993,1187,2257,358,1117,756,76,577,1000,1234,1342,786,738,1291,213,1148,692,1348,1488,833,1005,1128,1349,519,1825,1042,569,1817,915,1147,333,897,1363,896,816,699,841,857,1284,1715,705,1637,934,180,1532,1298,1006,891,784,680,352,1398,705,1005,993,771,685,2095,663,257,1270,1233,818,1225,853,1409,699,1397,1563,621,998,901,771,1391,1172,1384,1105,1863,1084,795,802,1119,681,1414,795,709,686,623,707,1507,555,770,365,721,832,970,1150,804,704,791,944,1861,947,2113,967,693,1172,758,1021,1574,1102,1215,1190,344,1669,1077,719,804,993,727,373
1502,1520,721,456,1194,2528,2119,1356,961,1328,710,1200,734,1395,1502,1301,1174,1102,907,1102,808,843,2206,1149,1973,1326,584,1459,2671,612,308,617,1248,1383,1076,1589,2557,1086,1367,558,904,841,844,794,784,963,1785,1000,1149,453,1747,887,1476,710,465,669,2324,800,996,958,915,257,723,1815,1823,1870,2210,2064,1315,1815,1648,817,983,1292,697,1616,1288,1225,1172,1019,1921,784,1762,712,1548,1095,727,2361,816,1287,556,742,1048,2542,729,871,801,294,2725,1096,2778,1059,2154,382,843,1685,754,1261,834,1759,1876,1187,1012,1191,1685,121,841,1088,663,1295,841,363,2091,824,0,2057,1012,721,131,556,1262,2689,614,1192,118,1078,634,1100,1695,2106,1057,848,1667,805,1101,1218,1613,2040,1020,1287,1046,1614,363,2551,960,808,2547,1191,1911,558,176,1504,1383,1303,875,1021,1096,1237,2185,881,2357,1085,824,1240,1674,430,1167,1022,725,856,971,881,1365,556,440,1460,2756,839,781,1855,1694,1053,1791,437,1891,1124,1897,1988,526,1012,1166,440,1936,1762,1882,1058,2350,1657,1034,1398,1124,1456,991,1034,948,925,1315,984,2234,154,1100,954,960,148,1203,740,1070,70,1058,1062,2316,480,2546,246,378,1633,1185,469,2152,1669,1647,1265,847,2177,956,958,665,556,960,877
1579,2100,1517,2039,2397,1115,418,1196,1238,1228,1976,1139,2424,1493,952,1008,1812,1223,1805,1378,1748,2305,729,2093,824,1230,1746,841,1791,1611,2228,1698,1090,2339,1924,1329,1089,1832,1207,1659,1628,1349,1661,1734,1529,2591,382,1347,1613,2255,1650,1410,816,2203,2051,1743,759,1537,1737,1916,1866,2401,1572,700,771,756,1099,1027,699,700,1003,1381,1173,1020,1557,1360,1859,2117,2148,1702,805,1521,1687,1526,705,1600,1997,933,1554,1686,1996,2194,1624,1435,1541,1286,1538,2187,2008,1181,1479,1635,157,2204,1770,878,1189,2279,1538,613,761,1797,2252,1792,1438,2063,1846,1805,1983,2015,1664,1870,972,1411,2321,0,1753,1517,2077,1996,2280,1581,1594,2164,2117,1424,1806,2059,1547,405,1633,1925,1598,1542,2307,1405,1777,248,2094,1686,2380,1778,1870,1079,2295,1748,1260,1545,426,1659,2278,2081,1067,1319,1880,2111,1696,2443,1101,1889,912,1925,1411,2509,1605,2213,1647,1870,1872,1326,2540,1889,1212,1996,2076,1034,1452,1844,1603,1317,1546,2016,1544,2137,643,1207,460,868,1979,2252,1460,2076,454,1136,790,2266,1217,1399,1734,1190,2282,1038,2464,1734,1906,1883,699,1662,775,1922,1420,1346,1918,2137,1821,2484,1644,2009,1634,2202,1186,2284,1439,2075,1926,1485,1381,2054,1170,1414,607,2275,1631,70,2293,1916,2009,1996,1238,1400
880,968,1145,814,1026,2485,1647,769,1017,512,763,1111,660,706,1022,826,551,953,448,880,498,743,1573,777,1534,510,1158,1158,2089,855,878,861,804,946,630,746,2011,548,780,995,1021,781,1058,484,1009,829,1822,974,416,851,1174,884,1178,829,703,915,1927,1028,453,559,509,1045,1147,1420,1327,1329,1337,1189,1654,1420,1117,781,999,849,944,788,48,788,795,409,1391,953,1190,1136,1525,350,737,1807,1009,610,995,827,347,2148,1153,928,1195,849,2117,937,1932,319,1996,855,405,1268,995,884,937,2022,1334,564,488,568,849,1077,606,520,764,732,1053,1315,1216,1119,923,1899,0,1145,1087,995,885,2297,855,815,1074,1381,592,704,1125,1634,316,580,1098,1199,933,1017,1040,2087,321,610,629,1041,1315,2076,543,498,1986,400,1753,995,1132,952,704,534,532,350,371,1069,1701,542,1817,631,1119,1464,1105,1248,325,59,616,730,1197,542,596,995,707,1089,1906,604,1173,968,1124,262,955,789,1378,869,1503,1632,1478,488,372,707,1751,926,1696,890,1817,822,396,577,904,1085,891,396,549,526,1654,453,1826,1112,588,1355,561,1096,582,721,320,1009,315,441,1907,883,2154,856,706,907,644,867,1274,844,1169,888,964,2248,570,559,786,995,1017,874
1175,1300,180,746,1173,1845,1419,784,704,923,612,526,1079,838,1225,1025,876,847,668,671,505,1194,1531,918,1549,925,249,1096,2288,216,849,310,972,1194,869,953,1898,789,795,270,258,197,191,491,84,1258,1254,745,810,851,1282,243,1067,743,703,227,1669,146,694,659,612,794,18,1402,1193,1451,1574,1423,688,1402,1371,173,337,1017,278,987,989,1036,1034,716,1500,131,1317,9,925,840,407,1688,163,1030,851,1084,714,2158,24,635,146,841,2452,450,2164,725,1459,855,407,1471,396,1122,260,1150,1429,889,915,1027,1059,560,604,768,611,967,188,380,1450,349,941,1356,710,0,574,821,1117,2263,304,1048,582,525,545,936,1177,1386,728,671,1260,152,1083,563,1336,1491,787,1030,1069,1337,392,1813,984,483,1800,930,1205,279,736,1361,845,782,632,790,798,1219,1760,638,1638,881,350,1491,1267,911,907,726,603,224,1276,638,927,821,688,732,2109,589,129,1211,1176,732,1205,785,1442,649,1441,1628,455,915,834,688,1435,1161,1434,1042,1909,1034,740,769,1055,728,1351,740,648,625,716,659,1530,471,775,279,660,803,902,1091,740,649,730,871,1877,901,2117,802,641,1115,717,842,1510,1037,1249,1120,205,1600,996,658,789,821,723,245
1633,1432,848,369,1239,2503,2018,1380,1083,1270,745,1366,938,1432,1782,1448,1282,1177,836,1224,796,978,2443,1087,2148,1268,684,1658,2565,728,413,739,1394,1285,1017,1518,2783,1056,1391,495,1047,991,958,782,915,1183,2074,1121,1226,822,1647,1037,1685,629,561,786,2305,891,1014,903,912,434,850,1977,1797,2302,2137,1999,1501,1977,1881,966,1140,1439,845,1546,1271,1127,1084,1038,2364,876,1687,839,1662,1177,750,2346,909,1373,368,921,1055,2909,856,990,884,398,2673,1226,2671,1067,2276,721,865,2009,870,1166,922,1997,2307,1295,1053,1299,1622,79,774,1026,694,1140,953,442,2026,960,894,2234,1030,848,0,368,1167,3057,728,1098,125,1234,576,1007,1619,2005,1065,792,1590,888,1146,1257,1537,2369,969,1373,1193,1538,442,2856,1108,796,2758,1268,2079,495,126,1416,1420,1201,809,970,1111,1282,2502,815,2325,1026,960,1339,1597,502,1244,1040,644,1006,1076,815,1342,368,618,1377,2650,772,869,1780,1618,978,1734,614,2137,1239,2061,2188,58,1053,1102,618,2034,1689,2027,1105,2618,1589,1053,1350,1118,1373,1133,1053,894,871,1501,1001,2625,227,1146,1082,906,212,1315,911,1075,143,1065,999,2694,854,3001,192,304,1559,1216,401,2070,1590,1910,1170,990,2485,1130,904,598,368,1083,1027
1215,1197,692,115,969,2322,1686,1267,741,983,487,1069,688,1238,1306,1097,863,836,566,872,477,707,2124,820,1777,981,701,1267,2282,363,505,372,1043,1001,755,1220,2509,787,1278,413,732,724,641,463,765,922,1646,781,985,585,1370,770,1294,324,313,420,2489,700,694,652,593,683,694,1620,1415,1820,1830,1687,1149,1620,1424,699,951,1088,491,1256,1001,843,805,719,1882,745,1409,682,1326,936,495,2361,688,926,180,686,562,2610,699,653,742,558,2391,884,2373,574,1934,481,364,1523,520,888,580,1619,1824,876,768,880,1358,433,489,762,434,958,644,796,1715,676,651,1892,710,691,443,0,889,2760,365,820,430,950,273,734,1343,1672,572,507,1314,746,876,915,1263,1901,696,926,922,1264,796,2575,837,477,2474,855,1738,412,386,1181,1226,920,533,699,792,1012,2216,543,2339,764,676,1327,1321,880,1003,720,339,811,1141,543,1054,180,374,1035,2350,487,727,1467,1342,727,1469,370,1654,877,1704,1894,936,768,829,374,1696,1446,1689,835,2337,1294,734,1061,848,1031,864,734,642,619,1148,540,2315,581,904,911,654,506,896,660,834,473,780,725,2392,614,2705,312,147,1283,975,144,1761,1299,1426,892,674,2038,849,652,324,180,740,759
979,807,1407,1287,419,1999,1980,1087,1528,1018,1021,1524,821,1275,1625,1416,646,1456,785,1386,975,669,1940,622,2055,1016,1742,1811,1466,1352,1036,1290,1272,506,503,1054,2021,891,1098,1251,1458,1178,1326,961,1490,771,2380,1477,893,1043,846,1308,1838,1001,846,1346,2305,1269,972,968,913,1213,1409,1866,1931,1841,1671,1525,1969,1866,1632,1223,1339,1317,1479,1097,621,313,89,947,1903,1221,756,1398,2035,834,1004,2175,1277,1142,1205,1024,831,2001,1415,1405,1451,1063,1515,1344,1776,803,2514,1012,911,1790,1594,62,1369,2717,1846,659,646,663,1129,1318,975,620,1022,431,1321,1501,1552,1372,1115,2472,988,1407,1328,1205,0,1891,1353,100,1315,1641,1096,319,987,2203,800,953,958,1455,343,1375,916,2607,711,1142,801,917,1501,2400,716,975,1956,888,2320,1251,1372,796,1262,958,776,739,912,457,1716,782,2156,460,1372,1570,965,1412,801,631,1016,1162,1375,782,1088,1205,876,1494,1753,973,1435,1303,986,770,1152,931,1881,1369,1949,2079,1647,646,861,876,2318,1431,2290,330,1833,1049,933,1097,526,1490,827,933,958,935,1968,930,2151,1298,1038,1626,970,1276,673,875,885,1211,823,602,2230,1074,1954,1440,1313,927,1164,1019,1601,1192,1747,67,1400,2822,727,968,1216,1204,1527,1297
2052,2281,2559,2642,1833,638,1174,1728,1778,1894,2463,2300,2639,1907,1274,1330,2332,1894,2467,1924,2221,2527,909,2296,1262,1892,2562,1580,899,2300,2823,2437,1362,2458,2315,1750,532,2632,1739,2397,2552,2318,2397,2207,2526,2627,1662,1916,2160,2827,1382,2399,1583,2770,2638,2490,1038,2409,2538,2651,2595,2998,2562,1078,1577,1255,768,975,1854,1078,1162,2315,2407,1342,2252,1894,2331,2239,1955,2296,1218,2501,1431,2551,1540,2100,2484,896,2445,2219,2610,2727,2114,396,2536,1939,2442,2777,1175,2344,140,2126,1704,2802,2259,1376,2418,1894,2465,1883,1175,2318,2454,2313,1544,2665,2322,2289,2470,2246,2401,2421,1002,2556,2891,1641,2554,2560,3096,2610,1909,0,2284,1965,3083,2570,2451,2181,1617,1201,2124,2500,1693,2428,1886,2374,1860,1678,2401,2219,2601,1861,2421,461,2516,2221,363,2088,1596,2397,3138,2262,1584,2076,2449,2418,2290,1908,434,2464,855,2412,2557,2542,1700,2690,2204,2342,2352,2259,3149,2464,1716,2610,2435,2495,136,2320,2459,1842,1616,2573,1655,2724,1189,1860,1120,1119,2553,2452,1996,2435,1220,1068,1510,2361,312,1846,2336,1730,2379,2491,2696,2336,2641,2618,1855,2146,813,2570,1939,2487,2653,3040,2310,2687,2135,2979,2125,2402,550,2855,289,2691,2538,1555,1923,2542,609,1843,1345,1893,2496,1653,2531,2651,2519,2610,1779,2390
1087,1516,405,607,1249,2011,1502,725,456,867,605,910,1161,783,1020,811,942,551,655,590,484,988,1680,932,1599,869,414,967,2061,21,963,246,758,1193,1027,895,2189,794,736,206,422,418,125,470,433,1374,1441,492,1011,1049,1252,464,994,637,896,12,2050,158,701,659,600,1065,407,1441,1097,1513,1507,1363,863,1441,1138,392,654,803,181,933,1008,1035,1094,726,1548,151,1289,396,1145,695,406,1937,95,1170,571,1141,708,2292,413,351,215,1015,2160,591,2056,720,1800,942,516,1247,215,1176,271,1364,1505,955,1063,959,1030,700,592,769,457,966,122,554,1390,387,1121,1758,717,405,714,571,1177,2446,0,1108,747,661,409,1017,1113,1489,718,802,1196,201,1156,626,1365,1893,788,1170,1204,1366,554,2233,1118,484,2144,818,1604,206,901,1505,727,694,633,791,885,1292,1882,639,1920,1036,387,1679,1203,1084,1029,727,652,525,1607,639,858,571,925,742,2033,590,232,1142,1112,733,1141,981,1518,600,1526,1702,621,1063,931,925,1518,1089,1511,1115,1999,970,741,705,1128,738,1143,741,649,626,863,686,1660,637,687,647,661,969,1280,1135,859,814,849,1009,2060,1081,2298,672,508,1051,628,613,1438,974,1146,1180,365,2133,1140,659,794,571,456,454
962,713,1299,1188,539,2012,2015,1145,1505,1002,920,1509,737,1259,1609,1400,628,1433,678,1363,956,573,1978,521,2090,1000,1641,1796,1478,1426,932,1183,1256,405,402,1086,2391,959,1156,1144,1442,1162,1217,942,1378,661,2366,1454,877,942,927,1292,1823,909,754,1237,2343,1160,866,861,806,1109,1301,1901,1915,1876,1704,1558,1744,1901,1665,1207,1324,1301,1569,1151,602,247,22,889,1938,1112,977,1290,2012,818,903,2213,1168,1094,1107,941,815,2486,1307,1382,1344,984,1531,1329,1788,787,2500,911,895,1765,1586,72,1353,2222,1881,641,549,645,1039,1217,837,514,921,330,1212,1400,1585,1266,1014,2458,882,1299,1227,1107,73,1903,1429,0,1214,1534,1091,218,897,2189,784,862,868,1348,276,1360,826,2593,604,1094,558,827,1400,2431,620,956,2351,872,2307,1144,1271,702,1247,941,673,632,897,576,2085,679,2195,356,1266,1487,875,1304,786,613,924,1147,1287,679,1073,1107,784,1480,1765,835,1327,1336,896,755,1062,839,1917,1347,1985,2114,1546,549,846,784,2156,1483,2275,395,2209,1103,904,1082,409,1476,734,904,851,828,1744,915,2188,1194,1016,1531,863,1176,656,789,870,1110,808,505,2267,974,2490,1340,1217,837,1145,918,1634,1246,1732,77,1385,2809,630,861,1115,1107,1505,1282
1581,1376,833,353,1185,2489,1968,1336,1034,1202,701,1355,890,1392,1742,1400,1231,1127,788,1175,748,930,2373,1061,2084,1200,669,1608,2503,680,398,690,1346,1227,969,1449,2724,1008,1347,478,1032,976,937,734,899,1128,2063,1072,1182,774,1589,1022,1635,581,513,738,2291,876,966,853,864,419,835,1915,1747,2262,2069,1931,1490,1915,1848,951,1125,1391,797,1478,1223,1069,1026,990,2324,861,1627,824,1612,1133,706,2332,893,1329,321,873,1011,2835,841,942,869,383,2611,1179,2605,1023,2265,677,821,1969,822,1108,907,1986,2267,1244,1005,1248,1574,3,726,978,650,1082,932,427,1957,945,841,2223,981,833,13,320,1108,2982,679,1039,0,1219,526,948,1560,1954,1021,743,1531,873,1091,1210,1477,2358,918,1329,1144,1478,427,2777,1059,747,2681,1224,2068,478,111,1359,1380,1138,760,921,1062,1227,2441,766,2313,977,945,1322,1538,485,1200,991,595,991,1061,766,1272,320,573,1329,2581,723,854,1709,1559,926,1684,569,2097,1189,1998,2125,71,1004,1034,573,1983,1654,1976,1050,2554,1519,1004,1280,1063,1325,1084,1004,842,819,1490,955,2553,212,1102,1066,854,197,1263,862,1031,128,1021,950,2618,802,2925,177,289,1500,1172,352,2002,1520,1870,1111,975,2474,1081,852,549,320,1033,1012
1188,1392,93,754,1182,1786,1383,797,788,939,617,541,1131,855,1181,1147,884,880,667,683,496,1200,1462,937,1507,941,324,1133,2232,240,942,332,1093,1205,893,971,1813,806,808,292,349,296,215,482,117,1246,1213,827,903,882,1324,401,1104,785,713,251,1610,170,713,671,612,976,94,1353,1211,1421,1588,1441,700,1353,1299,270,445,1138,302,1005,1020,1047,1047,738,1456,155,1361,135,973,855,418,1639,187,1045,896,1111,731,2089,117,703,161,932,2404,546,2140,743,1382,870,419,1408,572,1129,238,1134,1413,897,925,901,1102,612,604,781,616,978,212,464,1468,421,954,1340,729,93,626,896,1130,2241,317,1061,659,0,556,949,1185,1370,741,677,1268,165,1089,646,1349,1475,793,1045,1075,1350,464,1796,990,496,1783,945,1189,292,813,1376,853,790,638,796,811,1225,1744,644,1621,894,421,1564,1275,984,922,739,616,311,1355,644,946,896,701,731,2117,602,197,1220,1184,745,1213,798,1426,657,1425,1612,532,925,847,701,1419,1164,1418,1048,1894,1042,753,777,1061,727,1357,753,661,638,700,671,1513,548,783,264,673,879,916,1104,753,725,743,877,1856,914,2095,879,651,1123,725,918,1520,1045,1233,1133,292,1584,1002,671,802,895,788,391
1087,1336,630,233,864,2245,1673,1000,689,876,377,1009,781,1049,1255,1046,748,780,443,820,359,605,1998,717,1738,874,639,1213,2253,298,596,307,992,911,656,1108,2411,679,1011,348,667,661,576,345,701,985,1597,728,848,669,1340,707,1240,218,484,355,2363,635,589,534,475,774,632,1581,1361,1769,1725,1578,1084,1581,1373,636,888,1037,426,1144,893,753,715,601,1831,680,1380,621,1270,483,361,2234,624,989,196,766,495,2506,638,589,678,649,2362,825,2272,507,1863,572,297,1482,456,797,516,1571,1774,761,665,765,1245,423,366,664,242,859,580,786,1605,615,735,1821,605,630,433,196,798,2656,301,730,420,889,0,644,1313,1615,505,401,1284,682,782,856,1234,1842,590,989,819,1235,786,2456,734,359,2369,890,1669,348,376,1320,1036,814,410,593,674,918,2111,422,2215,665,615,1418,1291,965,866,615,233,752,1227,422,912,196,511,976,2249,364,663,1358,1312,622,1356,569,1604,826,1666,1852,926,665,724,511,1639,1337,1632,741,2232,1182,616,952,754,973,762,616,524,501,1083,473,2209,571,771,849,536,495,776,753,700,463,690,622,2288,698,2510,303,138,1253,841,226,1655,1187,1375,801,609,1978,746,534,407,196,688,696
835,688,1310,1199,550,2646,1830,937,1367,872,931,1381,748,1124,1474,1265,491,1294,691,1224,826,584,1798,533,1897,870,1655,1529,1823,1207,943,1193,1121,272,414,905,2203,972,948,1154,1309,1029,1228,812,1284,669,2242,1314,745,956,903,1158,1556,920,765,1248,2161,1171,879,874,819,1120,1312,1716,1785,1686,1519,1375,1824,1716,1479,1074,1192,1166,1327,949,467,114,121,796,1748,1123,953,1301,1869,686,914,2033,1179,991,1118,951,683,2306,1318,1243,1355,995,1703,1199,2069,655,2373,922,769,1639,1446,211,1221,2509,1691,504,559,508,1014,1231,850,527,932,101,1223,1414,1402,1277,1028,2331,895,1310,1241,1118,212,2458,1207,139,1228,1545,955,0,873,2057,652,873,844,1359,451,1231,802,2466,617,991,569,803,1414,2246,630,826,2157,746,2176,1154,1285,677,1112,810,685,645,762,587,1896,691,2015,368,1277,1497,851,1316,654,478,935,1016,1299,691,908,1118,795,1350,2046,848,1338,1154,872,630,1192,850,1727,1208,1800,1935,1560,559,720,795,1971,1283,2088,406,2013,903,783,947,420,1346,745,783,864,841,1826,783,1994,1208,876,1543,876,1190,522,798,747,1124,683,514,2073,988,2310,1354,1228,813,1012,938,1452,1043,1595,216,1254,2699,639,874,1135,1118,1367,1150
626,682,1315,1449,994,2083,1328,413,989,539,1167,1395,1051,610,964,726,632,914,921,851,921,1038,1229,748,1395,541,1331,1181,1103,1190,1439,1201,708,972,828,359,1644,1075,424,1162,1444,1164,1295,907,1417,1126,1710,934,692,1415,133,1294,1208,1368,1228,1389,1587,1179,981,1108,1052,1618,1320,1213,1279,1115,965,828,1609,1213,934,1209,1278,753,1141,425,777,754,786,1100,1177,1131,180,1309,1482,815,1188,1474,1188,850,1413,1251,825,1760,1428,890,1364,1420,1196,1213,1450,837,1840,1415,1065,1066,1307,713,1356,2058,1120,622,875,617,326,1696,1079,950,1174,759,1301,1464,855,1286,1490,1798,997,1319,1706,1413,728,1565,1174,801,1693,1638,1251,694,0,1529,835,961,40,1324,901,1244,304,1933,847,850,1029,305,1464,1653,944,921,1562,627,1644,1163,1748,671,608,671,910,875,1094,1037,1331,922,1455,837,1286,1790,73,1822,730,788,1383,1150,1610,922,554,1413,1243,1364,1427,1077,1347,601,1,926,504,1317,1034,824,1298,1472,1540,875,534,1243,1469,725,1575,860,1447,379,1132,470,873,1360,1193,1132,1098,1075,1610,846,1251,1672,797,1553,1110,1673,620,1102,845,1588,979,831,1508,1449,1764,1504,1346,83,712,1412,902,523,1061,712,1388,2173,956,1108,1223,1413,990,1285
1248,1770,1436,1882,2045,1273,19,915,964,921,1702,1057,2146,1222,665,721,1542,1076,1544,1112,1473,2030,433,1799,484,923,1677,720,1499,1493,1970,1635,803,2081,1684,1059,866,1593,926,1596,1532,1249,1615,1459,1450,2296,329,1096,1314,1975,1412,1297,718,1928,1775,1712,785,1491,1499,1685,1629,2152,1498,468,585,469,793,727,606,468,690,1277,1070,733,1446,1093,1591,1874,1837,1437,459,1477,1449,1445,573,1347,1723,630,1510,1405,1846,1932,1356,1090,1460,1120,1484,1921,1742,1081,1167,1368,477,1946,1495,642,1077,2028,1423,660,416,1526,1967,1521,1196,1977,1574,1572,1709,1779,1620,1809,672,1320,2041,435,1515,1436,2255,1846,2029,1248,1476,1855,2242,1336,1686,1748,1273,0,1366,1656,1356,1488,1954,1329,1525,611,1834,1405,2112,1526,1809,877,2027,1473,863,1249,272,1596,2005,1759,780,1032,1617,1803,1431,2091,807,1623,604,1685,1320,2512,1363,2349,1352,1602,1614,1220,2329,1623,905,1846,1803,929,1144,1572,1547,998,1272,1767,1307,1861,429,1041,151,631,1885,1967,1162,1803,60,815,541,1915,923,1133,1469,912,1935,971,2191,1469,1675,1652,606,1382,512,1901,1125,1245,1687,2204,1515,2191,1376,2131,1366,1917,867,2004,1181,1928,1778,1211,1136,1777,865,1136,299,2024,1535,746,2046,1685,1758,1846,964,1287
758,668,935,644,948,2405,1581,669,891,433,504,1012,913,649,974,765,406,816,432,753,268,1008,1551,720,1465,431,950,1025,1865,707,675,718,747,996,575,664,1954,483,680,759,818,532,805,254,795,1175,1749,836,204,661,995,669,1052,604,492,765,1917,800,389,564,381,851,937,1292,1288,1259,1270,1124,1513,1292,1039,583,749,792,824,699,512,789,740,386,1321,745,1046,926,1388,33,526,1783,777,278,826,896,30,2069,804,791,979,726,1972,686,1816,2,1879,654,244,1201,937,941,728,1857,1264,419,847,423,779,924,378,463,511,677,802,1109,1151,907,727,1837,405,935,934,826,942,2221,707,755,921,1114,447,648,965,1568,0,473,936,983,855,717,895,1972,819,278,1001,896,1109,2016,916,268,1919,242,1683,759,976,657,647,396,422,600,352,991,1647,434,1765,576,907,1431,943,1043,115,415,395,517,1241,434,495,826,480,837,1793,376,966,901,964,291,890,577,1327,725,1377,1551,1255,847,281,480,1682,845,1587,814,1763,734,373,509,827,833,1164,373,554,531,1512,133,1755,901,438,955,566,884,437,886,189,817,187,803,1835,690,2074,706,546,802,578,594,1204,746,1100,937,761,2212,928,564,558,826,891,659
868,750,1040,1052,594,2686,2063,974,1360,865,664,1361,505,1117,1467,1258,528,1287,358,1217,806,587,1819,336,1933,863,1051,1523,1880,935,817,930,1114,603,349,938,2238,303,985,890,1243,1057,916,792,1114,650,2235,1307,737,806,959,1138,1550,749,637,946,2182,905,214,521,465,993,1042,1750,1778,1720,1554,1406,1484,1750,1513,1054,1172,1159,1070,984,517,445,402,296,1782,850,1009,1031,1862,678,646,2054,882,467,971,706,675,2338,1048,1236,1084,869,1987,1177,2103,647,2366,796,749,1632,1423,493,1200,1980,1725,541,317,545,968,1081,522,312,663,457,911,1292,1433,1012,878,2324,316,1040,1091,971,494,2490,946,421,1078,1286,934,328,929,2050,644,0,900,1088,495,1209,858,2459,190,467,473,859,1292,2285,388,806,2196,739,2169,890,1133,739,1105,802,158,193,628,631,1931,61,2037,411,1012,1261,907,1186,646,326,540,994,1068,61,901,971,625,1328,2080,520,1071,1187,928,610,991,722,1761,1201,1834,1969,1438,318,713,625,2168,1316,2081,450,2048,937,336,940,464,1324,748,336,511,488,1484,775,2033,1082,869,1260,523,1048,559,563,727,978,663,274,2112,838,2342,1200,1081,869,1004,796,1486,1078,1588,498,1186,2691,399,521,918,971,1360,1128
791,881,1351,1687,986,2115,1351,440,1017,567,1377,1420,1270,637,989,753,786,942,1126,879,1147,1030,1252,944,1418,569,1370,1216,1093,1218,1431,1234,735,963,820,386,1620,1280,451,1195,1472,1192,1323,1133,1445,1118,1737,962,887,1408,124,1321,1243,1360,1220,1417,1610,1212,1185,1307,1251,1610,1353,1236,1303,1140,990,851,1638,1236,959,1237,1306,780,1169,452,976,745,778,1077,1202,1164,171,1342,1507,1020,1398,1497,1220,1067,1575,1427,1031,1791,1455,917,1395,1413,1186,1240,1441,1043,1867,1407,1301,1091,1334,704,1383,2085,1145,771,1105,766,355,1689,1286,942,1384,751,1328,1501,878,1318,1483,1825,1201,1351,1699,1575,719,1556,1201,793,1686,1665,1489,686,37,1556,1041,1314,0,1351,893,1271,295,1960,1057,1067,1014,296,1501,1683,1170,1147,1592,822,1671,1195,1741,870,635,866,1105,1074,1071,1029,1305,1132,1478,829,1318,2008,40,1813,925,987,1375,1177,1828,1132,581,1575,1235,1391,1417,1284,1379,627,38,1163,531,1309,1059,851,1321,1495,1578,1105,735,1235,1492,752,1602,852,1419,406,1109,497,865,1387,1185,1109,1297,1274,1638,1057,1274,1665,821,1580,1309,1666,772,1322,1051,1529,1040,1055,1539,1442,1618,1742,1549,110,739,1390,930,550,1088,707,1360,2200,1185,1274,1433,1595,1041,1304
1151,1377,265,752,1185,2029,1600,804,665,932,622,714,1418,846,1298,1064,888,702,667,653,500,1207,1717,936,1717,934,262,1213,2238,127,847,240,1012,1204,909,946,2042,810,815,201,412,404,102,489,348,1223,1451,685,862,913,1281,450,1231,789,764,138,1836,156,722,674,622,883,267,1565,1358,1500,1581,1425,856,1565,1338,379,530,1057,150,989,1024,1046,1074,745,1562,138,1314,256,1249,815,416,1863,74,995,809,1083,730,2309,273,545,20,839,2288,628,2132,741,1647,928,416,1526,413,1157,56,1316,1621,901,934,905,1082,541,612,801,621,978,99,409,1452,361,978,1597,738,265,555,809,1158,2458,138,1089,585,628,554,968,1152,1587,739,683,1235,0,1092,727,1374,1590,800,995,1063,1375,409,2274,978,500,2170,898,1442,201,709,1417,843,750,643,803,818,1228,1949,650,1862,908,361,1550,1242,935,869,748,647,419,1314,650,927,809,735,902,2109,610,31,1195,1151,735,1181,850,1635,613,1650,1750,451,934,824,735,1622,1121,1607,1047,2179,1026,760,768,1053,898,1369,760,668,645,856,666,1745,460,734,550,680,783,919,1346,763,638,750,881,2089,941,2315,771,671,1090,682,826,1513,1031,1395,1161,385,1727,1011,674,706,809,665,440
1226,858,1199,1071,89,1912,2225,1329,1868,1315,817,1562,582,1571,1869,1707,873,1769,835,1700,1018,461,2162,496,2268,1313,1491,2085,1950,1171,991,1073,1568,685,374,1273,2589,806,1340,1038,1352,1286,1109,1007,1288,457,2602,1789,1174,834,1103,1379,2103,840,670,1129,2528,1060,1048,1018,965,1154,1201,2110,2180,2060,1910,1758,1676,2110,1867,1289,1396,1613,1263,1329,846,526,499,1072,2122,1004,1100,1190,2314,1139,811,2398,1060,1271,1044,794,1140,2646,1207,1719,1249,864,1752,1379,1710,1107,2728,969,931,1974,1390,587,1280,2114,2065,886,287,890,1179,1084,787,467,817,556,1104,1290,1785,1190,901,2690,819,1199,1094,1044,588,1807,1247,518,1081,1452,967,417,1037,2441,1104,745,1009,1253,0,1405,957,2819,776,1271,368,958,1290,2632,340,1018,2522,1176,2545,1038,1134,847,1559,1234,819,798,1145,143,2289,765,2388,502,1190,1233,1016,1344,1094,857,855,1231,1053,765,1433,1044,708,1535,1687,785,1227,1528,1036,1028,1202,756,2101,1666,2195,2309,1426,287,1147,708,2366,1636,2507,103,2528,1281,1087,1393,218,1531,641,1087,1012,989,1676,1071,2415,1068,1344,1441,1024,1033,904,645,1146,976,1081,324,2441,863,1900,1196,1119,976,1490,825,1846,1413,2034,592,1325,3005,353,1018,967,1044,1868,1369
1443,1620,851,1276,1511,1739,1013,1066,781,1204,1251,613,1635,1150,1215,1181,981,635,1002,912,1009,1343,1174,1322,1089,1206,990,767,2189,865,1416,1076,1129,1623,1158,1214,1739,1038,1077,1041,813,584,953,998,860,1757,1028,801,1036,1374,1543,645,742,1309,1205,1044,1551,901,947,1135,1082,1611,893,953,859,1017,1338,1469,589,953,1280,650,405,1174,814,1254,1079,1416,1301,945,1050,1049,1577,882,666,716,1277,1566,998,1173,1247,1357,737,1659,867,676,891,1343,2443,416,1701,746,1330,1397,922,1169,446,1573,794,1001,1007,994,1475,998,1352,1273,1112,1047,1131,1209,958,1134,1414,731,1446,1280,963,851,1287,1247,1574,1810,848,1317,1317,745,1078,1198,1417,1000,744,1095,1494,895,1421,0,1674,1427,1113,1173,1612,1675,1134,1732,1526,1009,1499,1074,1128,1041,1448,1609,1081,1020,1044,1236,909,1557,1299,1056,1565,1157,731,1907,1501,1732,850,973,1324,587,1676,1056,1212,1247,1234,275,1678,1110,942,1464,1416,1001,1451,1297,1020,728,1038,1230,1183,1475,964,1234,1037,1488,1025,1380,1446,1293,932,1030,1392,338,1506,932,1129,1106,589,713,1158,1192,993,653,1141,1514,1009,1701,932,1367,920,1423,1417,1408,1665,1373,1200,1355,940,1280,1567,1300,846,1569,786,1440,1553,1135,1242,1247,781,635
732,747,1434,1546,1037,2158,1353,512,1106,618,1305,1486,1134,723,1038,832,723,1006,1019,937,1063,1077,1337,835,1380,620,1436,1259,1006,1264,1479,1305,821,992,863,462,1492,1151,523,1270,1444,1278,1369,1052,1493,1158,1796,1025,862,1434,122,1371,1277,1426,1268,1466,1693,1291,1059,1184,1131,1652,1436,1238,1345,1187,1087,927,1694,1238,1039,1281,1369,934,1215,516,850,776,836,983,1249,1235,201,1425,1544,965,1331,1576,1291,1002,1643,1346,956,1814,1499,964,1476,1445,1040,1303,1289,967,1929,1457,1165,1143,1380,937,1425,2145,1192,708,978,703,456,1689,1160,958,1312,782,1374,1579,954,1421,1503,1879,1075,1434,1699,1643,938,1386,1247,850,1686,1747,1346,730,508,1628,965,1054,483,1397,944,1329,0,2026,958,1002,1041,62,1579,1696,1022,1063,1611,778,1724,1270,1739,736,720,717,1006,975,947,1080,1175,1015,1573,862,1421,1858,490,1842,920,861,1441,1222,1621,1015,622,1643,1293,1459,1264,1158,1456,699,507,1030,583,1357,1104,904,1323,1447,1628,978,669,1293,1494,829,1628,899,1286,470,970,579,906,1455,1233,970,1178,1155,1694,985,1573,1653,744,1658,1190,1645,692,1201,986,1578,974,924,1573,1465,1820,1644,1471,445,792,1442,1020,606,1168,933,1417,2243,1055,1184,1296,1643,1106,1361
1749,2075,1686,2105,2513,1136,498,1388,1232,1535,2117,1307,2578,1313,1012,1068,1978,1398,1992,1572,1871,2461,809,2251,978,1533,1901,947,1943,1693,2373,1860,1100,2526,2368,1550,1169,2027,1399,1825,1645,1442,1751,1860,1708,2704,241,1521,1833,2367,1856,1503,918,2363,2190,1787,782,1726,1936,2127,2074,2237,1733,842,818,906,1221,1133,806,842,1074,1482,1263,1080,1646,1581,2024,2319,2297,1864,939,1691,1888,1695,792,1785,2143,961,1723,1869,2076,2358,1776,1540,1700,1495,1717,2338,2221,1274,1582,1787,90,2354,1891,1044,1290,2470,1626,570,896,1964,2403,1959,1652,2206,1971,2018,2124,2201,1748,1967,1078,1562,2431,45,1952,1686,2220,2076,2471,1691,1676,2313,2260,1576,1906,2193,1738,485,1785,2073,1810,1721,2422,1581,1980,0,2230,1869,2536,1981,1967,1151,2451,1871,1141,1748,255,1825,2188,2056,1313,1529,2028,2200,1858,2559,1211,2037,943,2367,1562,2528,1817,2122,1842,2035,2015,1424,2332,2037,1406,2076,2100,1124,1563,1969,1737,1388,1737,2074,1751,2276,718,1416,554,892,2101,2403,1640,2100,540,1207,896,2383,1327,1622,1904,1410,2397,1196,2639,1904,2121,2098,806,1803,855,1915,1616,1487,2133,2151,2030,2644,1803,2007,1793,2351,1298,2395,1546,2199,2029,1676,1559,2212,1289,1624,681,2466,1618,70,2481,2127,2120,2076,1232,1493
605,671,821,787,696,2362,1764,730,1170,635,439,1242,614,849,1193,960,275,1070,139,1001,659,712,1549,431,1600,633,817,1237,1767,707,592,700,947,586,279,669,1966,176,741,665,966,967,682,648,904,738,1933,1089,488,551,925,1004,1255,571,400,718,1911,686,90,487,434,762,823,1447,1497,1400,1294,1142,1290,1447,1248,933,1079,992,769,736,390,427,467,169,1462,622,918,812,1609,455,437,1783,654,338,760,630,456,2021,829,1020,873,477,1797,1055,1824,423,2064,570,565,1421,1030,556,750,1703,1405,288,446,292,725,799,288,171,439,375,679,983,1169,816,617,2014,106,821,809,760,557,2169,831,487,796,1078,752,363,864,1748,420,192,836,877,613,1083,774,2161,0,338,574,775,983,1967,490,659,1863,508,1858,665,851,660,846,617,103,72,349,749,1660,159,1780,278,816,1057,843,947,410,116,297,911,805,159,673,760,362,1211,1801,286,851,906,863,372,1141,486,1317,966,1532,1632,1119,446,478,362,1865,1040,1782,562,1881,691,208,705,567,1207,873,208,481,458,1290,699,1760,766,653,1057,493,747,305,676,430,689,425,394,1790,580,2027,915,831,803,779,577,1226,828,1296,561,939,2402,524,487,616,760,1170,994
617,645,980,927,838,2372,1574,742,990,751,600,1179,934,984,1350,1117,287,888,297,823,503,865,1560,634,1612,749,980,1156,1793,866,709,859,981,902,435,681,1978,333,753,824,1077,903,841,492,1066,1058,2077,907,268,690,885,996,1177,692,524,877,1922,844,247,427,374,872,982,1459,1301,1412,1305,1153,1576,1459,1259,907,1015,1026,943,748,385,695,627,246,1474,781,946,971,1428,264,596,1794,813,180,899,827,265,2028,988,853,1032,682,1823,992,1836,232,2211,690,498,1368,1240,849,1063,2042,1417,300,772,304,737,938,448,327,599,533,838,1126,1180,975,754,2161,263,980,948,899,850,2177,941,644,935,1237,687,522,862,1897,229,385,834,1036,755,1020,802,2308,405,0,901,803,1126,2000,817,501,1882,301,2005,824,988,634,972,445,334,511,210,891,1672,346,1791,434,975,1240,841,1058,200,273,485,849,1000,346,786,899,561,1148,1813,446,1010,918,861,354,760,610,1329,783,1544,1644,1262,772,610,561,1715,1052,1582,710,1892,703,233,822,716,1144,1024,233,421,398,1576,367,1771,905,572,1225,433,886,317,998,412,828,407,722,1796,718,2029,1050,805,801,637,684,1237,838,1444,845,1050,2536,850,427,775,899,990,986
1111,741,1121,1024,469,2215,2289,1204,1667,1111,739,1603,318,1367,1736,1503,771,1568,626,1499,1148,339,2032,371,2138,1109,1445,1857,1830,1236,726,1251,1364,679,249,1148,2465,548,1215,960,1274,1332,1031,1137,1210,434,2444,1588,951,787,989,1425,1873,719,551,1295,2398,982,830,794,742,888,1123,1980,2039,1930,1783,1628,1598,1980,1737,1335,1442,1409,1374,1204,712,520,493,852,1992,926,982,1112,2123,945,733,2274,982,1053,997,531,946,2524,1129,1518,1171,781,1859,1420,2327,913,2574,707,851,1964,1381,581,1202,2044,1935,785,163,789,1063,1039,669,342,1034,423,1026,1245,1655,1112,855,2529,561,1121,1049,998,582,2671,1238,512,1036,1375,958,411,921,2276,910,649,893,1175,371,1446,838,2727,556,1053,0,839,1245,2508,77,1149,2395,982,2376,960,1089,730,1355,1106,609,578,925,506,2160,669,2261,248,1112,1068,900,1076,881,571,734,1277,812,669,1181,998,795,1576,2306,667,1149,1398,920,855,1086,637,1971,1464,2065,2190,1381,163,950,789,2389,1506,2374,319,2400,1156,867,1189,392,1572,525,867,788,765,1598,992,2286,1023,1143,1363,800,1008,803,388,976,931,908,250,2314,817,2529,1151,1073,860,1286,816,1714,1288,1837,586,1247,2846,229,794,958,998,1667,1415
732,747,1433,1546,1036,2156,1352,511,1105,617,1305,1484,1134,722,1037,831,723,1005,1019,936,1063,1076,1336,835,1379,619,1435,1258,1005,1263,1477,1304,820,991,862,461,1489,1155,522,1269,1442,1276,1371,1052,1491,1157,1795,1024,862,1433,121,1369,1276,1425,1267,1468,1695,1290,1063,1184,1131,1650,1435,1237,1343,1186,1086,926,1693,1237,1038,1279,1367,933,1214,515,850,775,835,983,1248,1234,200,1424,1543,965,1331,1574,1290,1002,1642,1346,956,1812,1497,963,1475,1444,1039,1301,1286,967,1928,1455,1165,1142,1379,936,1423,2144,1191,708,978,703,455,1688,1160,957,1312,781,1376,1578,953,1420,1502,1878,1079,1433,1698,1642,936,1383,1246,849,1685,1745,1346,729,507,1627,965,1054,482,1396,943,1327,24,2025,958,1002,1040,0,1578,1695,1022,1063,1610,778,1723,1269,1738,736,719,716,1006,975,947,1079,1172,1015,1571,861,1420,1858,489,1840,920,861,1440,1220,1621,1015,621,1642,1292,1457,1261,1158,1455,698,506,1030,582,1356,1103,903,1322,1446,1627,978,669,1292,1493,828,1627,898,1285,469,970,578,905,1453,1232,970,1178,1155,1693,985,1568,1652,743,1656,1190,1644,692,1201,986,1577,974,924,1572,1464,1818,1644,1471,444,791,1441,1019,605,1167,930,1415,2242,1055,1184,1296,1642,1105,1359
1675,1732,538,669,1400,2177,1983,1268,1276,1457,933,1034,1166,1352,1914,1679,1327,1313,1004,1135,941,1127,1836,1258,1888,1455,380,1622,2880,711,629,746,1627,1447,1203,1429,2179,1260,1279,711,681,673,686,930,622,1412,1639,1296,1461,1020,1945,719,1590,787,758,722,1976,615,1169,1118,1063,650,540,1733,1695,1798,2074,1925,1195,1733,1958,648,799,1672,773,1459,1477,1289,1258,1186,1834,593,1983,529,1453,1412,960,1977,658,1386,556,1083,1244,2424,546,1159,603,617,2939,897,2473,1253,1993,920,1081,2142,860,1342,632,1613,1789,1340,1183,1344,1554,278,939,1200,879,1436,684,180,1953,684,1085,1945,1185,539,292,556,1343,2573,761,1274,322,946,749,1173,1930,1972,1251,946,1901,608,1310,999,1837,1898,1175,1386,1320,1838,0,2162,1234,941,2152,1310,1789,712,450,1721,1341,1373,977,1170,1259,1446,2089,989,1976,1202,684,1295,1908,704,1245,1195,802,689,1054,989,1519,556,812,1287,2454,937,580,1696,1929,1180,1654,917,1806,1102,1819,1952,199,1183,1281,812,1830,1879,1815,1269,2254,1502,1201,1539,1281,1283,1283,1201,1112,1089,1197,1220,1857,213,1204,819,1124,539,1360,1095,1297,392,1233,1131,2215,1048,2431,518,654,1870,1147,591,2014,1505,1636,1346,655,2033,1261,1118,751,556,1277,710
2033,2114,2395,2411,2493,676,783,1705,1636,1855,2262,2023,2511,1889,1160,1216,2161,1740,2358,1804,2010,2531,596,2177,940,1853,2381,1412,1118,2100,2696,2316,1248,2429,2305,1840,511,2495,1716,2280,2294,2119,2190,1999,2346,2635,1106,1760,2153,2688,1714,2212,1380,2666,2511,2281,828,2262,2404,2536,2483,2860,2379,788,1248,959,741,921,1528,788,901,2124,1990,1228,2049,1880,2193,2212,2277,2239,909,2281,1747,2368,1225,1929,2288,567,2232,2184,2385,2722,1920,273,2353,1739,2234,2652,1403,2001,482,1931,1236,2677,2034,1192,2017,2373,2280,1455,866,2132,2334,2127,1476,2546,2497,2196,2269,2221,2194,2309,866,2275,2752,1186,2420,2395,2560,2385,2374,429,2082,2293,2596,2289,2215,2173,1589,808,1929,2380,1665,2220,2402,2263,1840,1333,2299,2184,2467,1841,2309,0,2382,2010,113,2069,1034,2279,2985,2095,1461,2014,2347,2316,2233,2539,408,2344,553,2293,2275,3141,1672,2508,2219,2204,2145,2063,2958,2344,1554,2385,2551,1851,540,2495,2251,1535,1588,2449,1575,2597,879,1660,758,754,2440,2334,1962,2551,827,1027,1194,2363,294,1832,2279,1711,2377,1923,2707,2279,2530,2507,1528,1947,528,2303,1783,2201,2542,2872,2338,2576,1946,2822,1936,2282,318,2716,277,2499,2333,1527,1791,2358,663,1836,951,2369,2267,1540,2412,2536,2266,2385,1636,2202
1089,721,1102,1012,416,2167,2265,1167,1643,1087,720,1576,306,1343,1712,1479,752,1544,606,1475,949,319,1997,349,2103,1085,1433,1834,1811,1224,714,1239,1340,655,227,1111,2428,529,1178,942,1255,1307,987,938,1191,435,2417,1564,931,775,970,1400,1850,700,532,1283,2363,963,810,774,722,876,1104,1945,2016,1895,1747,1593,1577,1945,1702,1310,1417,1385,1362,1167,689,496,470,832,1957,900,963,1093,2099,925,714,2239,938,1033,985,519,926,2488,1110,1494,1152,769,1840,1393,2292,893,2555,695,832,1940,1368,558,1037,2023,1900,765,141,769,1045,1026,651,320,1021,401,982,1232,1620,1093,842,2505,542,1102,1036,985,559,2636,1225,489,1023,1356,945,388,902,2252,890,629,874,1156,318,1419,819,2703,536,1033,118,820,1232,2443,0,949,2336,962,2352,942,1076,710,1331,1034,589,558,905,453,2101,649,2201,226,1093,1057,881,1063,861,552,715,1252,799,649,1157,985,782,1549,2249,649,1130,1339,901,835,1067,618,1913,1440,2006,2132,1368,141,926,776,2365,1445,2350,266,2345,1095,847,1165,274,1545,505,847,768,745,1577,972,2227,1010,1119,1344,780,976,782,375,956,918,888,233,2255,804,2471,1138,1060,841,1260,803,1655,1227,1813,563,1228,2822,207,774,945,985,1643,1390
787,940,1014,674,1010,2502,1715,835,1116,587,584,1068,1103,802,1144,911,464,1016,478,947,180,837,1698,804,1545,585,1014,1190,1942,742,811,754,900,1071,626,819,2121,523,846,791,821,655,875,313,868,1234,1884,1035,442,778,1055,748,1211,470,628,801,2064,878,432,75,554,974,901,1392,1450,1345,1445,1293,1251,1392,1203,658,799,945,869,862,562,864,809,426,1407,815,1092,890,1554,409,610,1929,847,480,645,998,410,2158,875,972,1066,867,1978,736,1982,377,2018,792,279,1372,989,1015,802,2172,1350,477,945,481,932,1029,436,518,591,713,872,1235,1320,1009,845,1968,448,1014,1039,645,1016,2306,743,823,1026,1172,477,703,1035,1702,374,567,1007,1070,917,761,949,2116,922,480,1076,950,1235,2119,991,0,2013,462,1813,791,830,924,800,570,519,692,390,1053,1816,529,1927,625,1009,1407,1014,1161,364,458,471,599,1165,529,638,645,588,893,1960,434,1044,1061,1034,135,1032,714,1471,917,1478,1587,1371,945,431,588,1820,1000,1736,872,2023,898,413,659,879,889,997,413,65,578,1251,512,1901,1013,607,1083,81,979,494,1170,262,921,31,892,1932,807,2165,762,598,947,730,656,1380,902,1248,1011,794,2357,1022,75,576,645,1117,738
1913,1990,2384,2838,2380,577,736,1605,1643,1750,2294,1969,2397,1789,1104,1160,2051,1747,2244,1811,2042,2414,539,2066,888,1750,2390,1355,1004,2108,2582,2324,1194,2319,2194,1723,396,2382,1618,2288,2303,2128,2198,2033,2355,2524,1054,1769,2159,2581,1365,2221,1323,2563,2399,2288,750,2269,2291,2421,2369,2748,2388,736,1194,907,628,812,1477,736,852,2133,1946,1174,2058,1763,2080,2100,2165,2247,857,2289,1420,2377,1173,1959,2323,483,2240,2192,2798,2611,1950,179,2362,1748,2243,2541,1290,1957,382,1961,1184,2563,2470,1211,1973,2261,2289,1403,814,2039,2224,2034,1364,2428,2385,2084,2304,2112,2203,2194,839,2220,2645,1134,2307,2386,2442,2798,2262,326,2091,2181,2828,2233,2648,2061,1472,761,1959,2269,1547,2229,2290,2197,1725,1281,2188,2192,2353,1726,2194,85,2268,2044,0,2075,982,2288,2881,1973,1470,1902,2236,2205,2241,2427,293,2233,469,2182,2220,3036,1554,2439,2224,2091,2179,2072,2845,2233,1576,2798,2439,1807,437,2384,2260,1418,1471,2336,1463,2485,827,1669,711,707,2323,2224,1968,2439,780,912,1142,2251,180,1715,2287,1613,2265,1879,2589,2287,2415,2392,1477,1979,476,2333,1805,2150,2427,2767,2050,2461,1980,2716,1968,2172,260,2609,183,2931,2767,1410,1800,2392,555,1737,899,2257,2276,1488,2302,2421,2300,2798,1645,2211
590,790,1068,885,1130,2186,1367,498,776,252,747,1146,1100,467,809,576,478,674,610,609,487,1172,1373,801,1195,250,1067,883,1843,917,942,946,565,1261,921,485,1772,661,509,911,1107,932,1006,476,1159,1231,1525,693,229,907,884,1025,903,642,759,1100,1732,931,570,736,609,1105,1070,1051,1120,1000,1111,955,1367,1051,843,937,1025,678,866,527,526,1054,928,558,1062,868,916,1059,1301,386,770,1606,900,373,856,1182,378,1844,1165,639,1051,996,1873,959,1665,389,1658,923,499,1037,1038,1212,1091,1904,1005,462,942,457,611,1155,601,655,754,830,1011,1344,982,1061,972,1608,586,1068,1165,856,1213,1994,900,942,1152,1409,688,822,861,1354,387,684,833,1037,1037,987,972,1755,726,373,1073,973,1344,1726,988,487,1641,0,1453,911,1205,779,464,237,644,748,522,1173,1467,651,1603,920,1061,1516,840,1295,277,537,643,877,1280,651,297,856,731,1115,1642,599,1097,722,860,528,710,845,1131,569,1136,1260,1259,942,115,731,1466,663,1396,992,1698,563,545,323,998,1111,1331,545,730,707,1367,403,1580,1122,272,1320,742,1111,528,1167,422,1045,405,889,1603,935,1850,973,807,612,417,820,1043,576,902,1208,1080,1955,1019,736,740,856,776,1015
1380,1683,1396,1905,2145,1151,268,1025,1052,1172,1824,1013,2248,1353,790,846,1622,1032,1635,1209,1585,2075,594,1920,762,1170,1618,698,1721,1496,2006,1564,973,2191,1764,1177,948,1664,1036,1529,1383,1167,1462,1574,1418,2372,298,1154,1461,1996,1498,1228,673,1988,1818,1497,793,1433,1576,1767,1714,2179,1442,629,578,696,1006,909,521,629,849,1220,988,858,1449,1217,1669,1984,1924,1521,730,1400,1532,1405,541,1486,1850,759,1474,1526,1724,2012,1507,1304,1311,1184,1424,1956,1941,960,1367,1492,259,2044,1646,778,1022,2133,1364,637,714,1606,2037,1601,1341,1740,1826,1656,1856,1903,1503,1760,897,1320,2093,183,1642,1443,1754,1724,2087,1484,1334,2109,1794,1333,1549,1987,1369,276,1516,1747,1457,1470,2216,1073,1630,353,1933,1526,2176,1631,1619,958,2092,1627,940,1402,0,1570,1922,1741,981,1210,1708,1896,1555,2353,998,1714,771,1820,1320,2599,1464,2195,1529,1738,2021,1064,2282,1714,1082,1724,1880,846,1368,1824,1501,1187,1368,1742,1415,1957,510,1105,345,675,1625,2037,1304,1880,310,1005,665,2176,1114,1262,1592,1123,2190,860,2267,1592,1798,1775,540,1540,665,1643,1310,1256,1810,2225,1627,2154,1535,2179,1525,1985,1104,2056,1431,1847,1675,1307,1245,1921,1062,1290,454,2094,1280,472,2115,1807,1849,1724,1103,1101
1275,1655,307,686,1245,2007,1460,1002,735,1124,807,686,1202,1125,1281,1093,1041,771,969,869,781,1000,1694,1128,1621,1126,312,1278,2472,325,889,84,1042,1334,1082,1127,2014,1059,1013,180,460,457,448,769,448,1398,1321,750,1057,1120,1437,503,1295,688,884,383,1836,373,979,953,907,913,309,1409,1397,1475,1765,1579,866,1409,1385,431,577,1088,463,1174,1277,1176,1144,992,1563,340,1473,298,1121,782,624,1855,387,1217,660,1247,797,2158,315,615,365,878,2488,675,2219,810,1661,1048,603,1565,485,1224,388,1294,1519,1054,1111,1058,1280,591,899,1074,539,1252,445,443,1606,312,1186,1579,995,307,605,660,1225,2306,328,1157,645,580,486,1055,1308,1447,808,833,1400,369,1152,788,1442,1557,1010,1217,1258,1443,443,2021,1173,781,2008,1096,1431,0,753,1644,1039,936,926,1011,979,1288,1791,853,1851,1081,312,1498,1407,998,1027,1005,703,472,1372,853,1134,660,969,886,2197,897,335,1363,1307,1013,1354,1061,1533,880,1527,1605,477,1111,1058,969,1495,1408,1521,1111,1948,1201,1007,974,1124,882,1158,1007,944,921,866,776,1740,495,885,538,956,805,1078,1216,948,646,938,1059,1930,1149,2253,817,610,1246,838,705,1617,1230,1448,1228,433,1698,1189,953,869,660,737,493
1381,1389,830,346,1075,2500,1886,1435,1033,1104,678,1384,786,1403,1721,1417,999,1071,746,1173,597,822,2266,1006,2156,1102,658,1627,2416,649,384,662,1366,1161,903,1365,2577,875,1446,467,968,961,974,585,965,1025,2135,1047,1155,529,1533,1007,1641,483,466,707,2290,917,795,769,723,393,832,2024,1747,1949,2017,1834,1565,2024,1813,936,1080,1411,781,1404,1090,1003,968,807,2012,882,1541,821,1552,1101,702,2309,925,1002,264,830,1018,2777,838,914,911,364,2476,1178,2452,883,2363,495,660,2004,797,1047,1016,1995,1954,1012,932,1016,1505,61,684,880,620,1066,969,414,1861,959,595,2281,811,830,71,264,1048,2549,650,980,58,1216,477,878,1527,1873,880,655,1498,915,982,1291,1404,2312,820,1002,1071,1405,414,2710,987,597,2616,969,2133,467,0,1373,1391,1046,713,826,881,1118,2315,719,2299,902,959,1209,1505,435,847,821,498,976,946,719,1187,264,519,1625,2431,682,883,1618,1526,825,1579,624,2055,1188,1948,2229,526,932,937,519,1927,1582,1953,939,2431,1436,822,1210,950,1621,982,822,760,737,1565,953,2513,161,1122,1131,772,150,1036,799,938,76,878,879,2562,558,2864,171,287,1466,1197,294,1873,1461,1893,1051,941,2450,1009,769,458,264,1033,997
579,36,1214,899,711,2353,1542,692,1138,632,834,1330,664,865,1162,978,212,1063,457,995,565,723,1549,309,1552,630,1215,1313,1535,951,947,964,958,641,516,657,1877,467,703,1052,1066,895,1129,553,1064,759,1979,1080,474,910,659,1029,1328,922,756,1009,1913,1072,382,633,578,1127,1216,1427,1465,1353,1292,1108,1749,1427,1219,896,1010,1003,1083,706,187,434,486,540,1416,1024,649,1205,1624,440,808,1804,1080,699,860,876,438,2025,1075,1014,1270,763,1564,995,1740,410,2150,922,508,1346,1099,575,1042,2218,1358,225,473,229,760,1158,593,323,834,382,1124,1408,1135,1209,976,2068,398,1214,1168,860,576,2171,952,502,1155,1467,701,381,638,1796,407,486,613,1274,631,1062,506,2245,378,699,618,507,1408,1975,534,565,1871,501,1919,1052,1208,0,867,631,438,402,505,767,1588,448,1798,420,1209,1420,620,1314,393,198,674,839,1083,448,677,860,734,1156,1717,591,1240,886,637,362,866,841,1280,977,1512,1618,1499,472,474,734,1683,1029,1638,586,1704,654,527,721,598,1154,885,527,624,601,1749,546,1754,1151,682,1232,636,1110,248,721,420,1064,415,420,1797,939,2119,987,821,574,781,901,1145,796,1334,586,1041,2361,550,633,796,860,1138,1021
773,1106,986,1174,1505,1654,933,487,217,609,1151,1187,1437,70,314,114,1029,326,984,361,914,1392,849,1208,722,611,944,479,1437,777,1403,817,74,1536,1123,616,1289,1001,498,782,959,796,884,902,951,1639,1106,345,839,1329,1083,930,495,1305,1184,978,1226,800,921,1093,1038,1587,988,614,596,542,862,660,1001,614,412,797,901,119,728,660,1087,1329,1304,912,605,990,1125,977,912,787,1180,1149,934,898,1138,1313,811,1323,962,396,925,1297,1473,849,1226,822,1272,1377,947,545,918,1457,930,1448,547,1011,1361,1006,741,1205,1006,1015,1158,1201,889,1069,636,937,1399,1190,937,986,1219,1138,1456,1468,760,1317,1259,1277,974,1199,1071,920,820,1052,1043,911,1415,916,1157,1367,1082,898,1507,1158,1069,1261,1422,914,1160,695,1046,782,1345,1090,0,489,1001,1196,877,1551,982,1013,1146,1122,937,1781,1050,1462,810,947,1058,740,1443,1013,371,1138,1179,1010,1203,1004,942,496,1070,1035,815,1273,653,317,698,846,1092,1361,689,1179,1052,483,1037,1374,1098,687,899,460,1388,1006,1560,899,1084,1061,1001,843,812,1110,423,1201,1096,1419,987,1449,839,1490,829,1309,1088,1360,1415,1270,1098,712,370,1201,652,723,489,1466,932,1512,1439,1093,1139,1138,217,920
482,1000,921,923,1228,2084,1286,407,594,137,752,1160,1197,367,652,469,756,520,715,453,511,1116,1240,950,1066,135,926,746,1772,753,935,799,460,1254,853,376,1596,739,418,764,935,772,860,499,927,1301,1455,539,332,898,790,906,762,910,744,954,1597,782,659,826,772,1115,923,953,960,877,1014,824,1211,953,707,773,878,505,704,422,813,1047,1040,648,940,729,827,912,1114,366,781,1503,910,632,884,1034,388,1763,938,482,901,986,1814,826,1466,399,1625,910,532,884,894,1173,906,1673,882,739,1013,734,517,1147,615,744,759,930,865,1051,851,919,965,1543,675,921,1157,884,1174,1909,736,1053,1144,1250,725,930,775,1273,397,767,747,887,1135,893,856,1704,878,632,1161,857,1051,1640,1076,511,1554,259,1395,764,1197,984,369,0,728,884,613,1271,1301,734,1497,852,919,1657,754,1302,389,824,662,716,1316,734,190,884,722,988,1443,613,949,609,774,667,591,829,983,431,1038,1162,1074,1013,190,722,1397,578,1383,1094,1417,447,635,225,1107,984,1280,635,817,794,1211,420,1262,1140,149,1174,829,1099,716,1254,429,1053,416,960,1514,928,1856,1013,845,475,282,802,872,481,819,1181,908,1843,1091,826,741,884,594,896
963,967,921,762,713,2791,1972,1002,1249,745,540,1428,659,1011,1329,1145,601,1174,133,1106,745,737,1938,465,1780,743,923,1440,1981,818,531,796,1008,767,526,1047,2281,381,1013,761,1069,992,797,733,1045,754,1808,1191,968,486,1098,1126,1455,470,336,829,2302,779,374,418,363,711,920,1653,1628,1578,1692,1506,1391,1653,1437,993,1106,1053,900,1028,599,609,579,471,1640,726,1109,909,1737,916,509,2201,764,587,688,648,833,2454,926,1125,976,470,2032,1090,2147,544,2299,505,637,1611,1072,663,861,1782,1582,614,468,618,1053,734,268,446,536,631,794,980,1533,916,552,2217,394,918,744,688,664,2596,925,595,731,1173,822,495,1099,1958,541,203,1071,980,633,1157,973,2394,311,587,613,974,980,2447,529,745,2312,637,2068,761,786,951,998,732,0,318,545,769,1996,170,2181,525,916,1095,1078,898,533,404,314,934,750,170,787,688,345,1251,2121,266,946,1287,1098,492,1209,421,1656,1090,1736,1853,1081,468,610,345,2080,1205,1800,588,2117,1056,486,832,600,1247,899,486,409,386,1391,765,2181,727,782,1130,421,684,637,604,614,640,545,416,2233,515,2542,850,757,1037,1012,501,1541,1082,1494,667,1042,2231,546,418,696,688,1249,1119
704,701,948,758,747,2479,1788,879,1115,619,567,1323,653,852,1141,957,335,1040,163,972,548,731,1680,466,1572,617,951,1293,1765,848,527,826,945,635,320,782,1999,205,890,791,1100,888,827,536,1076,748,1958,1057,460,482,890,1022,1308,466,332,859,2044,809,125,283,229,707,950,1447,1446,1373,1414,1234,1726,1447,1345,889,1003,990,942,902,424,477,523,210,1436,756,896,939,1601,426,539,1929,794,339,684,644,424,2151,956,999,1006,464,1807,988,1846,396,2129,501,491,1424,1102,611,891,2197,1378,348,462,352,794,730,298,211,566,421,824,976,1261,946,548,2047,141,948,740,684,612,1944,955,539,727,1203,687,419,889,1775,393,197,861,1010,667,1055,761,2224,21,339,607,762,976,2106,523,548,2002,486,1898,791,782,690,854,616,40,0,391,803,1713,164,1923,319,946,1089,868,894,379,151,344,832,744,164,665,684,341,1149,1823,296,976,1012,888,345,1053,417,1475,952,1532,1638,1077,462,459,341,1902,1063,1619,623,1830,772,249,708,634,1145,893,249,276,251,1726,532,1867,723,667,1162,286,680,372,600,403,636,398,410,1923,511,2246,846,753,828,766,497,1269,913,1313,615,1073,2340,540,283,726,684,1115,1004
553,594,1095,685,818,2328,1729,667,1042,553,567,1079,822,796,1082,898,187,967,320,900,329,1043,1523,473,1526,551,1096,1226,1639,745,726,758,889,763,585,631,1852,260,678,795,825,662,993,317,817,916,1899,984,383,681,800,796,1242,668,534,803,1885,954,180,425,370,903,1097,1401,1388,1327,1266,1082,1286,1401,1193,663,777,934,877,681,290,556,608,65,1390,901,774,1086,1525,371,690,1778,944,203,659,837,369,2000,828,933,1151,670,1681,750,1718,341,2070,701,284,1365,1007,688,796,2122,1332,200,633,204,653,931,457,266,574,505,988,1181,1109,1091,748,1988,196,1095,941,659,689,2146,746,623,928,1350,485,504,785,1716,338,394,757,1155,738,817,638,2165,549,203,780,639,1181,1928,696,329,1824,422,1839,795,981,573,798,550,343,573,0,874,1562,355,1772,584,1091,1278,764,1091,305,206,537,602,943,355,629,659,543,912,1694,455,1121,860,784,138,933,619,1254,879,1486,1597,1277,633,393,543,1842,1003,1561,695,1678,629,78,652,706,908,1203,78,416,393,1286,477,1728,924,601,977,428,880,223,879,254,837,191,583,1772,711,2095,771,609,724,701,627,1119,773,1254,700,798,2343,712,425,556,659,1042,786
1213,913,1212,1128,181,2040,2167,1325,1846,1390,828,1701,577,1599,1862,1733,871,1770,843,1708,937,473,2167,520,2184,1388,1213,2121,1934,1364,836,1085,1596,720,396,1269,2064,779,1336,1050,1364,1274,1127,925,1340,473,2656,1788,1231,845,1051,1408,2137,836,700,1147,2531,1070,1045,1031,976,1014,1214,2052,2172,1977,1923,1738,1687,2052,1852,1275,1387,1641,1277,1327,839,562,532,1054,2040,1022,1062,1203,2329,1198,800,2432,1078,1273,1050,812,1196,2018,1220,1741,1268,887,1866,1369,1803,1168,2827,811,917,1970,1530,619,1291,2108,1982,884,308,888,1177,1094,818,701,828,586,1122,1344,1765,1207,912,2761,792,1212,1104,1050,620,1901,1372,548,1091,1465,1097,448,1055,2498,1165,759,1027,1272,159,1436,927,2904,776,1273,352,928,1344,2615,325,937,2521,1238,2616,1050,1144,899,1587,1309,818,800,1128,0,1779,779,2412,523,1207,1382,1034,1202,1151,850,851,1215,967,779,1417,1050,710,1530,1780,816,1238,1521,1054,1003,1200,785,2019,1683,2137,2248,1435,308,1211,710,2308,1678,2627,226,1901,1271,1069,1406,192,1526,656,1069,1022,999,1687,1054,2418,1087,1406,1441,1034,1046,908,606,1116,1000,1056,345,2467,875,1984,1206,1131,993,1324,908,1778,1414,2085,623,1337,3026,374,1031,993,1050,1846,1398
1485,1758,2016,2114,2150,779,932,1140,1269,1287,1923,2090,2200,1318,800,856,1757,1381,1817,1424,1691,2163,828,1839,960,1285,2027,1411,842,1795,2203,1897,888,2078,1953,1404,92,2062,1151,1862,1983,1820,1902,1679,1981,2288,1340,1399,1575,2165,1337,1954,1379,2149,2011,1996,854,1878,1978,1929,1874,2394,2018,817,1238,977,337,537,1551,817,916,1821,1948,868,1746,1336,1782,1862,1933,1666,922,1829,1373,2007,1247,1564,1952,795,1952,1620,2088,2409,1585,397,1992,1451,1943,2151,1091,1881,423,1596,1510,2184,1724,846,1963,1997,1962,1653,879,1739,2003,1734,1126,2416,1785,1866,1930,1829,1907,2151,564,2352,2229,1428,1994,2016,2426,2088,1998,547,1778,1946,2413,2365,1914,1828,1208,1156,1594,1875,1300,1929,2060,1948,1471,1577,1938,1620,2142,1472,2151,313,2058,1691,227,1502,1280,1861,2480,1747,1080,1306,1830,1954,1660,2196,0,1839,734,1952,2352,2876,1307,2577,1628,1793,1806,1760,2615,1839,1182,2088,2022,1847,398,1783,1960,1010,1207,2034,1201,2097,892,1372,902,1076,2154,2003,1404,2022,1073,632,1226,2019,137,1403,1705,1125,2033,1870,2337,1705,1920,1897,1551,1616,775,2399,1410,2284,1932,2360,1715,2256,1613,2314,1603,1951,184,2193,486,2206,2038,1146,1383,1995,402,1254,964,2005,1956,1718,2081,1929,1923,2088,1269,1944
848,824,1121,958,604,2672,2059,959,1323,819,741,1433,524,1100,1418,1234,487,1248,351,1180,715,625,1817,351,1842,817,1122,1527,1855,1045,876,995,1097,638,411,926,2159,267,970,960,1168,958,1036,703,1251,623,2213,1266,685,679,977,1139,1542,666,532,1056,2181,979,248,511,456,1056,1123,1715,1717,1640,1569,1385,1600,1715,1499,1006,1119,1142,1190,970,485,480,450,333,1703,931,986,1112,1816,663,715,2082,987,462,883,735,661,2335,1129,1199,1177,668,1902,1098,2008,633,2383,851,663,1701,1284,538,1138,2404,1645,500,329,504,944,929,487,329,741,500,1031,1179,1412,1116,746,2301,280,1121,939,883,539,2105,1139,466,926,1374,844,365,1084,2045,630,28,1056,1181,505,1165,850,2478,189,462,477,851,1179,2333,393,715,2196,723,2155,960,979,813,1088,807,94,196,620,641,1869,0,2065,410,1116,1282,1063,1244,615,290,568,943,945,180,862,883,541,1259,1985,485,1147,1167,1083,522,967,617,1682,1164,1799,1921,1275,329,689,541,2167,1310,1890,460,1990,916,372,907,472,1255,787,372,502,479,1600,769,1813,922,857,1342,514,878,524,581,642,835,575,279,2117,709,2426,1041,956,1022,988,680,1424,1061,1584,543,1141,2609,407,511,905,883,1323,1129
1644,1900,2141,2267,2261,826,680,1297,1428,1451,2083,1758,2319,1442,1035,1091,1921,1540,1997,1576,1851,2275,500,1960,717,1449,2204,1081,1328,1961,2278,2074,1123,2191,2075,1268,528,2009,1308,2039,2158,1984,2068,1839,2156,2368,985,1558,1738,2253,1448,2118,1052,2328,2087,2162,314,2059,1929,2111,2056,2463,2148,599,926,693,649,732,1226,599,696,1988,1661,1103,1912,1495,1902,1975,2050,1848,678,2013,1484,2182,1001,1721,2112,50,2118,1784,2241,2341,1745,568,2167,1611,2109,2327,1569,1683,761,1756,1191,2255,1882,957,1684,2110,2137,1328,634,1903,2121,1898,1241,2459,1944,1981,2090,1943,2074,2243,677,2019,2317,1050,1945,2141,2473,2241,2111,705,1945,2063,2513,2032,2067,1941,1323,705,1754,2059,1411,2096,2170,1995,1583,1092,2053,1784,2259,1584,2243,335,2175,1851,375,1665,926,2039,2629,1881,1236,1463,2014,2069,1842,2307,600,2023,0,2073,2019,2772,1418,2483,1791,1913,1979,1927,2598,2023,1339,2241,2059,1568,789,1942,2127,1215,1322,2154,1316,2173,648,1532,642,639,2347,2121,1568,2059,723,760,981,2128,573,1439,1887,1249,2142,1586,2447,1887,2102,2079,1226,1776,325,2366,1567,1958,2114,2449,1879,2375,1773,2402,1763,2069,589,2281,654,2349,2187,1261,1540,2155,642,1379,721,2116,2132,1064,2199,2111,2083,2241,1428,2109
825,546,1233,1205,445,2495,1676,837,1445,946,843,1514,467,1106,1370,1240,463,1370,466,1302,795,482,1687,130,1688,944,1234,1630,1561,1203,819,1106,1103,509,8,797,2017,528,848,1071,1252,1041,1148,783,1363,497,2206,1388,794,919,683,1223,1644,773,765,1168,2051,1091,658,641,586,997,1235,1562,1669,1487,1429,1249,1707,1562,1360,1090,1203,1148,1290,851,435,351,320,666,1550,1043,675,1224,1939,790,817,1945,1099,862,1124,678,788,2167,1241,1321,1289,870,1589,1179,1866,760,2377,794,739,1478,1432,410,1222,2538,1492,476,271,480,786,1167,602,105,843,350,1143,1417,1276,1228,985,2294,674,1233,1177,1124,410,1963,1177,337,1164,1486,921,234,664,2039,757,493,638,1293,346,1246,532,2471,386,862,297,533,1417,2122,336,795,2018,845,2149,1071,1217,525,1094,930,442,410,740,482,1731,455,1935,0,1228,1237,645,1184,724,446,683,1026,896,455,918,1124,743,1340,1843,600,1259,1027,663,607,892,850,1529,1286,1646,1753,1508,271,812,743,1817,1172,1842,301,1848,799,681,913,313,1336,665,681,632,609,1707,896,1882,1160,981,1462,644,1118,500,524,720,1073,660,222,1939,948,2261,1282,1208,600,1110,891,1286,941,1578,414,1225,2603,350,641,1006,1124,1446,1213
1162,1370,167,852,1206,1813,1447,909,817,1031,698,460,1224,1004,1379,1191,978,855,734,809,576,1263,1502,988,1590,1033,463,1107,2258,307,1035,389,1140,1268,1077,1033,1833,854,920,349,390,387,286,564,213,1265,1116,832,954,935,1343,433,1078,853,781,318,1641,251,774,748,702,1056,236,1378,1193,1445,1674,1488,666,1379,1489,361,507,1185,442,1080,1069,1110,1150,786,1533,215,1379,176,920,902,502,1668,253,1116,1029,1269,819,2138,191,702,245,1021,2533,580,2136,830,1446,947,503,1662,571,1230,317,1090,1489,991,977,995,1186,738,668,859,698,1046,283,594,1515,180,1001,1364,790,167,752,1029,1231,2286,318,1163,792,77,654,1044,1214,1434,828,735,1306,249,1113,678,1381,1371,846,1116,1125,1382,594,1841,1040,576,1823,992,1218,349,901,1354,992,841,696,852,860,1249,1771,702,1663,1053,0,1654,1313,1144,927,800,699,402,1531,702,1041,1029,759,660,2113,666,266,1273,1213,804,1260,866,1503,784,1514,1577,625,977,915,759,1457,1237,1491,1072,1928,1107,801,878,1085,656,1427,801,739,716,666,751,1550,643,792,367,751,949,1015,1238,847,789,837,924,1911,964,2233,965,774,1152,745,1061,1527,1136,1278,1234,363,1512,1055,748,791,1029,817,423
1483,1347,1167,861,1014,3162,2425,1531,1601,1200,787,1659,523,1499,1817,1633,1133,1527,764,1459,872,695,2383,1019,2238,1198,1283,1836,2370,1088,276,1101,1496,1146,888,1466,2649,913,1542,1138,1320,1235,1082,860,1295,760,2568,1504,1213,585,1484,1369,1850,598,545,1146,2742,1025,894,850,796,441,1169,2118,2125,2042,2124,1944,1645,2117,1900,1236,1348,1541,1220,1501,1127,988,953,906,2106,977,1492,1158,2098,1159,759,2619,1033,1125,786,620,1075,2876,1175,1360,1223,267,2428,1327,2557,970,2739,345,876,2100,1236,1033,1315,2065,2048,1146,850,1150,1614,818,699,876,856,1001,1077,1036,1971,1162,651,2673,910,1167,828,786,1034,2654,1089,966,815,1420,758,863,1480,2412,967,631,1451,1227,921,1394,1356,2829,805,1125,885,1357,1036,2813,801,872,2716,1056,2528,1138,870,1331,1487,1122,726,811,980,1057,2404,732,2629,887,1162,0,1458,581,947,920,609,1174,196,732,1271,786,406,1488,2600,697,1193,1728,1479,909,1680,630,2149,1442,2536,2305,1137,835,1081,461,2624,1669,2532,856,2520,1568,1001,1306,927,1503,841,1001,894,871,1703,1087,2620,711,1180,1453,906,556,1175,377,1094,677,1034,849,2710,601,3014,911,842,1419,1346,597,2060,1590,2060,1031,1288,3030,781,903,766,717,1740,1398
751,829,1383,1676,965,1801,1263,439,978,529,1348,1382,1256,632,964,741,792,906,1027,839,1118,1033,1331,949,1267,531,1382,1217,1065,1187,1432,1244,725,903,803,436,1487,1217,450,1209,1351,1143,1303,1106,1351,1094,1783,924,878,1397,120,1328,1232,1362,1241,1400,1683,1247,1132,1238,1188,1610,1388,1150,1261,1093,978,896,1576,1150,1006,1192,1270,770,1139,444,917,696,759,1023,1155,1166,154,1377,1468,965,1372,1595,1222,1050,1550,1431,1014,1468,1362,876,1420,1430,1052,1221,1252,1025,1950,1409,1255,1055,1308,824,1304,2155,1098,774,1061,769,351,1634,1150,907,1355,665,1308,1877,917,1341,1472,1874,1148,1383,1644,1550,825,1338,1170,771,1631,1648,1434,658,56,1596,1023,1304,19,1328,872,1287,327,2042,991,1050,984,328,1877,1507,1120,1118,1403,806,1727,1209,1690,818,633,858,1039,1007,1017,1017,1170,1045,1582,802,1341,1875,0,1806,931,928,1377,1128,1705,1045,532,1550,1234,1380,1225,1148,1395,670,57,1126,506,1330,1019,819,1233,1364,1570,1061,710,1234,1407,834,1632,829,1249,400,1054,503,839,1376,1197,1054,1229,1206,1576,1038,1491,1656,883,1553,1241,1626,743,1290,1033,1574,1023,1009,1520,1431,1420,1762,1558,106,1002,1402,826,539,1130,832,1324,2165,1139,1238,1356,1550,978,1318
1754,1577,1160,828,1265,2863,2469,1646,1433,1408,859,1541,789,1702,2054,1841,1418,1503,1071,1561,915,932,2516,1179,2596,1406,965,2003,2644,1052,416,1069,1699,1393,1135,1852,2845,1190,1657,984,1333,1328,1282,903,1268,1017,2284,1461,1407,555,1731,1374,2018,767,574,1109,2662,1222,1166,1070,1037,358,1162,2406,2160,2524,2486,2338,1697,2406,2137,1302,1402,1744,1187,1697,1407,1235,1194,1186,2589,1199,1740,1151,1943,1342,879,2658,1250,1374,728,883,1179,3167,1168,1326,1213,395,2651,1500,2875,1192,2493,539,995,2344,1204,1273,1241,2110,2528,1431,1107,1435,1813,531,1006,1130,806,1235,1279,737,2359,1245,621,2419,1182,1160,541,728,1274,2961,1054,1208,528,1501,744,1113,1745,2456,1190,894,1723,1217,1174,1627,1611,2366,1079,1374,1144,1612,737,3137,1059,915,3037,1271,2272,984,587,1566,1690,1361,1038,1074,1263,1319,2751,914,2674,1134,1245,980,1730,0,1374,1192,782,1343,456,914,1458,728,554,1720,2852,1004,1188,2116,1744,1148,1890,660,2427,1572,2498,2713,866,1107,1242,554,2515,1969,2509,1133,2871,1732,1201,1526,1207,1716,1098,1201,1061,1038,1697,1159,2589,492,1390,1451,1073,577,1453,651,1261,425,1201,1099,2966,584,3269,659,754,1686,1438,580,2331,1758,2231,1277,1306,2523,1055,1070,763,728,1433,1364
680,670,1053,817,1170,2418,1659,673,826,448,706,1214,983,685,1007,794,387,754,439,687,463,1205,1668,652,1411,446,1221,1237,1974,873,861,886,778,990,776,764,1960,487,684,923,1012,852,1127,451,1018,1065,1833,772,125,827,989,991,1252,752,684,930,2025,1088,405,524,474,1029,1055,1282,1304,1236,1378,1237,1425,1282,1095,855,1098,823,966,729,494,783,881,376,1298,1007,1020,1044,1319,152,730,1936,1063,306,776,1015,211,2084,1026,724,1261,826,1978,1049,1805,183,2000,839,426,1297,1137,911,964,1893,1240,400,791,404,833,1059,574,475,714,708,1132,1306,1258,1180,899,1924,421,1050,1069,776,912,1891,875,893,1056,1477,619,780,974,1646,180,524,953,1154,1077,1115,894,2092,786,306,924,895,1306,2058,840,463,1954,167,1777,923,970,659,686,285,481,633,343,1222,1671,489,1918,773,1180,1399,960,1225,0,431,619,796,1085,489,506,776,698,1208,1780,572,1236,1003,973,288,908,770,1379,665,1365,1497,1440,791,257,698,1776,953,1676,1036,1788,764,363,556,1049,1204,1377,363,515,492,1425,309,1808,1081,421,1181,527,1050,420,1020,384,999,341,739,1867,859,2188,896,738,915,468,765,1235,794,1183,919,985,2214,869,524,716,776,826,981
739,749,1016,781,624,2474,1674,688,966,463,601,1017,638,700,1022,809,409,894,209,827,416,629,1720,436,1422,461,1012,1205,1792,808,610,880,793,627,286,823,2021,184,699,845,925,765,866,404,922,713,1848,912,336,579,917,904,1219,512,431,898,2077,881,102,489,439,778,1018,1293,1319,1247,1435,1291,1565,1293,1110,768,901,838,1003,744,48,469,493,382,1312,795,926,1007,1457,305,573,1989,833,546,724,821,303,2140,1024,864,1053,579,1778,852,1865,275,2015,587,350,1312,961,579,873,1960,1251,422,438,426,848,805,345,172,600,413,863,1048,1312,974,645,1939,118,1016,815,724,580,2289,810,510,802,1229,543,395,928,1661,272,270,906,1057,535,918,799,2107,166,546,574,800,1048,2114,490,416,2010,356,1792,845,861,738,701,475,227,192,349,680,1732,235,1970,283,974,1162,913,966,262,0,367,709,842,235,521,724,437,1011,1840,343,1028,1062,927,213,923,517,1394,807,1376,1508,1182,438,323,437,1791,968,1691,490,1849,779,369,571,501,1007,795,369,480,457,1565,401,1865,827,515,1202,492,794,442,670,333,745,266,386,1923,608,2244,821,663,869,585,597,1293,804,1194,584,892,2224,516,489,662,724,962,888
1066,876,752,505,669,2702,1993,945,1237,731,335,1083,677,991,1344,1131,729,1167,335,1094,552,400,1915,542,1750,729,994,1490,1902,745,318,758,988,708,452,1020,2213,503,956,588,926,874,644,540,856,757,1684,1185,768,296,1027,1013,1504,95,141,802,2273,620,474,408,358,492,754,1619,1631,1570,1636,1485,1226,1619,1438,877,1005,1033,880,1003,713,550,512,489,1635,545,1037,743,1730,713,308,2185,611,936,442,656,638,2367,760,1113,792,369,1902,956,2075,649,2320,296,432,1634,898,598,822,1657,1574,742,483,746,1127,513,273,455,335,542,641,765,1506,715,359,2244,490,752,523,442,599,2513,747,529,510,970,463,434,1041,1980,536,233,1020,796,588,1022,911,2412,381,936,618,912,765,2362,534,552,2237,627,2098,588,569,865,979,719,303,387,566,733,1933,253,2165,451,715,1163,1027,689,734,500,0,818,842,253,762,442,122,1115,2050,271,769,1258,1040,497,1202,227,1710,1080,1701,1817,894,483,598,122,2106,1269,2003,543,2054,1037,504,830,554,1111,588,504,399,376,1226,593,2094,535,758,942,411,502,763,615,663,453,550,431,2151,323,2469,641,567,981,816,290,1484,1058,1514,603,899,2555,561,408,455,442,1237,1003
1033,1391,376,973,1499,1963,1485,765,498,928,890,355,1534,873,1087,867,1286,565,923,631,766,1220,1661,1469,1594,930,512,1094,2206,600,1112,585,819,1819,1300,998,2006,1098,776,545,116,15,713,754,348,1581,1256,523,1016,1125,1279,112,1108,982,957,809,1799,428,1017,920,888,1130,378,1410,1285,1303,1559,1413,804,1410,1175,166,174,864,552,981,1332,1612,1360,1185,1368,411,1309,367,1146,951,689,1829,488,1141,932,1505,1004,2296,352,392,418,1097,2211,272,1991,1015,1626,1132,900,1377,176,1438,290,1229,1504,1267,1313,1262,1105,783,858,1084,833,1309,718,645,1434,687,1193,1548,1029,376,797,932,1439,2077,583,1374,836,605,775,1282,1145,1472,1013,1059,1247,418,1409,385,1426,1472,1066,1141,1454,1427,645,2033,1369,762,2166,867,1401,541,955,1375,822,717,884,1061,1178,1554,1825,892,1817,1299,687,1731,1254,1259,983,1039,997,0,1607,892,917,932,925,478,1965,856,388,1186,1144,994,1180,1042,1517,642,1493,1596,698,1313,937,925,1514,1151,1528,1368,1984,1015,1215,743,1377,474,1391,1215,907,884,804,835,1674,692,669,494,919,1017,1240,1471,1023,861,1013,1261,2079,1153,2398,1027,894,1083,626,989,1412,1036,1263,1442,304,1630,1391,916,980,932,498,102
1561,1348,1488,864,1075,3298,2523,1487,1743,1247,840,1513,599,1541,1893,1680,1222,1672,829,1605,988,753,2569,955,2542,1245,1295,1945,2372,1083,361,1100,1538,1160,906,1659,2791,996,1498,1141,1400,1273,1144,976,1596,821,2565,1493,1325,658,1482,1412,1960,663,631,1140,2916,1120,970,907,857,516,1490,2409,2187,2363,2291,2148,1986,2409,1975,1276,1401,1583,1218,1537,1209,1002,963,990,2428,1039,1494,1479,2235,1260,812,2804,1095,1195,807,702,1112,2995,1496,1358,1293,352,2376,1352,2699,1053,2875,426,927,2183,1235,1041,1309,2396,2367,1235,921,1239,1663,866,770,906,913,989,1139,1063,2169,1212,730,2789,1009,1488,876,807,1042,2784,1085,977,863,1468,816,881,1490,2510,1050,679,1466,1297,982,1418,1367,2642,834,1195,952,1368,1063,2961,868,988,2862,1113,2643,1141,922,1332,1529,1196,796,840,1067,1127,2565,699,2814,905,1212,775,1473,569,1059,1019,674,1215,0,699,1299,807,471,1511,2677,768,1268,1923,1489,985,1710,717,2263,1583,2552,2582,1197,921,1084,465,2640,1808,2662,941,2682,1571,1005,1365,1014,1507,921,1005,898,875,1986,1091,2761,789,1285,1463,910,638,1255,464,1098,760,1038,935,2791,690,3095,994,932,1432,1356,670,2143,1597,2067,1045,1373,2785,867,907,835,807,1743,1402
854,834,1129,881,581,2622,2173,968,1392,890,717,1250,572,1172,1524,1311,532,1323,332,1250,711,301,1834,356,1794,888,1126,1601,1811,1008,708,991,1169,599,349,938,2135,306,979,956,1174,967,999,699,1238,645,2334,1342,776,675,933,1152,1615,665,531,1019,2191,993,257,584,534,876,1131,1663,1811,1614,1550,1404,1583,1663,1515,1016,1138,1214,1153,969,516,441,403,342,1679,907,943,1120,1896,743,690,2107,950,471,824,753,741,2287,1137,1269,1166,746,1797,1089,1982,713,2502,686,655,1814,1259,489,1120,2451,1618,545,370,549,977,907,467,342,717,433,994,1154,1425,1085,747,2431,319,1129,917,824,490,2068,1110,420,904,1341,826,325,946,2161,710,28,924,1170,482,1155,817,2578,197,471,506,818,1154,2280,422,711,2157,791,2286,956,963,823,1161,879,105,204,646,627,1842,180,2084,420,1085,1283,931,1068,700,329,680,952,968,0,937,824,537,1248,1957,465,1141,1177,945,521,1000,617,1658,1236,1745,1876,1288,370,758,537,2291,1436,2307,437,1963,922,381,997,448,1244,489,381,575,552,1583,839,2013,929,918,1325,587,896,565,605,579,847,574,318,2070,707,2389,1035,949,887,1018,680,1403,1057,1702,494,1147,2721,448,584,896,824,1393,1142
475,952,952,1019,1242,1963,1210,312,562,16,850,975,1291,235,558,343,710,493,700,421,607,1139,1196,931,1001,18,949,776,1582,772,976,819,328,1262,848,317,1492,746,323,784,932,772,885,595,929,1371,1383,512,411,949,605,911,790,832,798,981,1545,820,667,791,741,1145,966,881,860,832,930,781,1171,881,579,775,859,373,724,296,754,1055,1043,643,897,734,635,955,1153,445,874,1423,937,583,980,1075,501,1634,940,447,926,1027,1563,810,1365,512,1554,953,643,800,893,1181,880,1756,836,691,1095,686,410,1223,706,733,857,960,890,1078,802,914,1021,1474,682,952,1191,980,1182,1781,755,1057,1178,1235,821,944,459,1197,510,775,561,912,1151,876,726,1623,976,583,1239,727,1078,1588,1154,607,1484,339,1327,784,1237,935,236,184,732,884,610,1296,1204,740,1414,844,914,1651,568,1342,469,765,724,716,1333,740,0,980,778,969,1340,704,967,554,458,805,485,884,930,404,964,1089,1137,1095,271,778,1324,502,1339,1110,1320,327,630,108,1123,972,1304,630,781,758,1171,522,1195,1140,267,1158,793,1173,666,1324,528,1121,515,1043,1398,981,1736,1098,940,397,276,909,784,354,734,1189,912,1779,1173,790,860,980,562,908
1267,1131,712,114,877,2884,1710,1168,735,936,488,1043,707,1225,1334,1112,930,802,578,867,475,628,2130,764,1825,934,710,1327,2136,353,473,372,1064,943,692,1233,2398,803,1179,414,672,720,651,463,816,929,1648,765,979,537,1259,806,1341,325,298,410,2488,704,724,630,597,644,714,1636,1508,1560,1852,1705,1189,1636,1727,693,927,1109,490,1217,1017,785,754,746,1625,762,1271,703,1376,914,509,2405,703,924,180,686,576,2572,720,641,752,524,2146,878,2282,589,2014,450,357,1624,517,831,581,1621,1564,943,715,947,1334,418,510,791,435,778,656,739,1726,676,603,1938,740,712,428,180,832,2718,356,766,415,931,306,672,1274,1698,587,449,1250,756,796,944,1145,1883,613,924,847,1146,739,2532,763,475,2438,833,1791,414,378,1115,1213,921,538,619,823,941,2147,469,2377,691,676,1300,1257,835,742,750,340,784,991,469,994,0,355,1037,2259,508,729,1476,1273,709,1409,461,1700,878,1718,1838,868,715,800,355,1746,1488,1760,753,2263,1252,761,1049,763,1033,793,761,621,598,1189,555,2311,509,960,902,633,526,963,642,826,427,762,663,2367,566,2674,304,144,1214,1017,160,1704,1277,1504,835,645,2040,793,630,325,180,735,796
1200,1031,978,430,795,2818,2163,1101,1383,881,565,1265,483,1162,1514,1301,862,1314,500,1241,547,532,2064,666,1920,879,917,1592,2045,657,246,671,1159,848,593,1170,2340,636,1112,708,1160,983,830,535,1087,708,2324,1333,1009,221,1164,1168,1606,313,70,714,2422,845,634,572,522,420,980,1786,1801,1737,1786,1639,1430,1786,1664,1032,1153,1204,792,1154,846,690,658,653,1802,759,1174,969,1888,944,536,2330,797,834,367,462,867,2506,986,926,1017,297,2055,1104,2222,703,2492,224,659,1804,810,735,883,1862,1741,875,617,879,1277,432,432,593,468,680,827,684,1660,939,283,2421,650,978,442,367,736,2652,659,670,429,1193,375,574,1177,2150,700,349,1156,1021,714,1170,1048,2567,513,834,752,1049,684,2513,668,547,2387,781,2275,708,488,1015,1150,869,460,519,730,859,2083,369,2311,592,939,1095,1163,617,690,659,324,968,776,369,912,367,0,1263,2199,430,992,1410,1176,657,1352,156,1887,1226,1868,2018,813,617,748,6,2280,1425,2296,671,2204,1187,668,986,681,1259,713,668,563,540,1430,819,2245,454,908,1166,575,422,896,420,774,372,710,565,2301,248,2608,560,492,1117,1044,229,1638,1214,1691,739,1134,2709,695,572,394,367,1383,1158
1018,1295,578,961,1243,1917,1468,754,487,917,934,405,1276,862,1076,856,656,554,701,623,693,1140,1615,916,1577,919,707,1083,2264,588,1072,799,808,1268,849,987,1960,747,765,764,530,302,701,681,550,1356,1209,512,725,1046,1269,493,1097,970,885,797,1753,754,668,792,742,1322,580,1393,1275,1290,1547,1401,757,1393,1164,360,174,853,540,970,758,1061,1045,645,1355,812,1299,569,1129,414,958,1782,753,889,920,1079,425,2284,554,381,609,1123,2265,196,1978,438,1580,1049,632,1366,152,1187,491,1182,1487,669,1081,673,1094,972,792,735,821,962,706,836,1422,521,1118,1502,684,578,986,920,1188,2064,571,1059,1025,537,763,946,1134,1455,436,777,1239,728,1153,306,1415,1425,880,889,1225,1416,836,1987,1140,693,1969,771,1355,764,1144,1279,811,707,734,886,612,1298,1808,742,1771,846,521,1653,1246,1445,691,694,985,287,1335,742,901,920,863,0,1953,788,583,1174,1133,731,1169,969,1500,636,1476,1579,887,1081,662,863,1497,1139,1511,1112,1967,1004,632,732,1125,2,1306,632,783,760,757,404,1689,880,659,426,795,1207,690,1310,622,1050,609,1029,2067,1076,2386,1040,882,1073,615,977,1400,1025,1252,1195,503,1583,1159,792,942,920,487,483
1646,1907,2364,2416,1693,737,944,1296,1579,1494,2243,2117,2341,1526,1012,1068,1901,1696,1924,1744,1998,2289,843,1949,987,1448,2357,1310,866,2139,2318,2231,1100,2157,2069,1390,575,2210,1307,2195,2322,2146,2245,1986,2329,2402,1377,1715,1733,2308,1296,2285,1348,2278,2141,2340,1292,2227,2126,2008,1958,2484,2366,831,1258,994,631,723,1550,831,948,2152,1929,1080,2091,1598,1911,1925,1827,1776,946,2351,1338,2355,1273,1850,2267,692,2294,1760,2457,2524,1906,289,2340,1763,2289,2282,980,2201,63,1917,1548,2292,2044,1100,1977,1759,2281,1750,903,1879,2123,1874,1246,2525,2047,1961,2250,1917,2250,2482,744,2320,2373,1468,2142,2364,2535,2458,1774,136,2122,1833,2522,2365,2224,1909,1335,1099,1915,1999,1428,2275,1755,2267,1424,1617,2080,1760,2258,1425,2482,317,2174,1998,231,1661,1321,2195,2582,1888,1380,1732,1954,2096,1770,1778,302,1963,728,2066,2320,2440,1435,2668,1784,1922,2131,2089,2718,1963,1478,2458,2149,1847,0,2045,2306,1338,1334,2155,1322,2227,916,1684,914,1031,2506,2123,1565,2149,1088,823,1231,2100,392,1551,1815,1350,1777,1885,2465,1815,1999,1976,1550,1931,693,2535,1630,2270,2011,2498,1851,2378,1927,2463,1915,2071,442,2337,239,2484,2331,1273,1695,2308,518,1450,988,1759,2295,1773,2201,2008,2251,2458,1579,2275
745,775,910,695,812,2444,1701,714,988,489,497,1073,869,726,1048,835,415,916,106,849,461,873,1689,546,1442,487,907,1202,1873,785,517,778,819,730,396,791,1990,289,725,743,986,826,764,449,1019,937,1875,934,363,493,996,965,1216,370,338,796,2046,779,212,169,119,686,912,1313,1343,1267,1402,1260,1587,1313,1136,829,957,864,867,770,500,572,597,235,1332,693,1006,901,1478,330,469,1959,731,412,639,836,328,2107,918,886,950,568,1872,908,1834,300,2042,494,396,1338,1138,679,934,1981,1271,428,616,432,870,713,1,282,496,516,761,956,1281,873,559,1966,228,910,723,639,680,2256,921,614,710,1127,589,499,1009,1688,297,315,988,954,731,974,880,2134,364,412,752,881,956,2082,668,461,1978,381,1819,743,769,764,727,501,272,389,312,876,1701,280,1939,393,873,1343,995,876,287,238,263,770,1034,280,549,639,317,1067,1811,0,926,1031,1008,259,947,424,1422,831,1398,1524,1090,616,351,317,1820,995,1717,688,1820,803,250,599,698,1063,1041,250,162,137,1589,426,1834,735,543,1103,172,702,448,805,317,653,312,564,1893,522,2213,841,763,860,620,504,1264,830,1227,683,959,2257,694,169,673,639,991,955
1059,1491,247,738,1150,1993,1629,792,813,956,618,689,1385,900,1243,1197,948,877,660,725,493,1185,1691,917,1529,958,250,1389,2303,218,853,306,1149,1259,962,1025,2035,821,803,266,426,432,197,481,365,1212,1289,842,861,884,1309,478,1265,741,734,229,1828,154,742,648,615,870,249,1345,1388,1413,1641,1490,837,1345,1334,404,508,1194,300,1008,1035,1101,1014,764,1482,126,1339,238,1078,806,415,1861,164,1040,805,1357,732,2369,255,720,145,840,2305,606,2080,743,1652,889,415,1533,598,1092,60,1262,1439,961,938,965,1132,519,601,809,617,1037,194,384,1511,313,956,1576,758,247,533,805,1093,2516,229,1028,572,581,533,1020,1175,1616,741,672,1276,149,1057,717,1409,1505,775,1040,1081,1410,384,2056,996,493,2038,907,1429,266,691,1475,901,745,629,781,841,1202,1760,637,1847,920,313,1497,1283,1019,827,768,756,447,1373,637,843,805,714,875,2055,599,0,1263,1174,727,1207,820,1452,706,1671,1549,433,938,818,714,1446,1274,1460,1016,1912,1042,779,770,1029,871,1353,779,639,616,837,685,1765,425,697,571,651,760,981,1323,754,602,742,886,2155,916,2472,763,658,1113,656,844,1489,1065,1413,1096,399,1663,1016,648,714,805,813,468
1013,1485,1566,1598,1809,1430,720,670,812,704,1412,1567,1872,827,339,395,1280,920,1304,984,1182,1898,666,1531,617,706,1567,658,1150,1376,1633,1426,427,1762,1653,747,909,1342,681,1391,1532,1368,1498,1170,1532,1951,1204,938,1099,1620,874,1507,689,1461,1451,1444,994,1429,1261,1394,1344,1809,1569,506,654,457,387,252,1322,506,354,1371,1458,407,1330,850,1497,1555,1607,1178,522,1343,914,1558,844,1029,1436,943,1379,1135,1560,1690,1078,1070,1543,988,1603,1664,1266,1409,822,1089,1376,1611,1215,417,1492,1681,1485,1577,461,1261,1671,1256,840,1842,1285,1550,1419,1522,1504,1696,273,1525,1692,1295,1277,1566,1856,1560,1682,1225,1360,1624,1854,1835,1395,1514,943,744,1087,1394,1038,1524,1727,1475,1214,1436,1672,1135,1814,1215,1696,990,1729,1182,904,927,1148,1391,1742,1469,631,777,1343,1688,1172,1873,659,1355,926,1650,1525,2251,1045,2005,1059,1508,1325,1312,1934,1355,688,1560,1417,1568,797,1283,1578,0,942,1395,916,1538,501,909,588,683,1755,1671,931,1417,762,173,894,1687,775,880,1209,697,1701,1564,2073,1209,1385,1362,1322,1102,828,1749,830,1740,1397,1843,1234,1905,1097,1792,1087,1619,857,1652,1173,1666,1516,881,893,1473,236,800,552,1692,1505,1593,1749,1394,1420,1560,813,1497
603,679,1359,1433,976,2063,1242,415,954,505,1210,1358,1135,608,942,717,641,882,948,815,974,1044,1294,801,1246,507,1359,1195,1072,1163,1433,1220,701,914,814,412,1488,1065,426,1185,1326,1119,1281,962,1326,1104,1759,900,736,1406,134,1304,1209,1373,1244,1378,1646,1223,980,1035,985,1611,1363,1129,1239,1072,1023,873,1554,1129,983,1168,1246,746,1115,420,765,707,770,888,1134,1142,168,1352,1446,816,1234,1563,1193,883,1559,1318,873,1733,1337,852,1396,1441,1060,1197,1265,884,1926,1410,1051,1030,1286,835,1279,2127,1077,623,940,618,327,1641,1071,920,1217,678,1286,1489,894,1317,1481,1850,996,1359,1651,1559,836,1351,1146,782,1638,1624,1230,669,1,1572,882,1034,39,1306,883,1263,334,2018,935,883,996,335,1489,1630,998,974,1544,664,1703,1185,1697,668,609,620,992,960,855,1028,1174,995,1550,813,1317,1881,74,1806,787,776,1388,1104,1536,995,508,1559,1245,1356,1240,1069,1371,648,0,921,482,1331,998,795,1212,1343,1547,940,560,1245,1386,810,1609,840,1255,376,875,479,850,1352,1208,875,1026,1003,1554,894,1455,1663,673,1535,1038,1631,591,1172,895,1581,974,888,1496,1440,1434,1511,1353,82,681,1402,876,515,1106,843,1299,2141,1018,1035,1218,1559,954,1294
1009,1061,930,819,895,2667,1938,911,1203,697,462,1231,991,938,1290,1077,684,1134,405,1061,227,928,1881,657,1696,695,928,1399,2125,803,641,796,1052,988,747,986,2177,562,922,761,1112,948,782,215,1039,975,2099,1152,947,617,1248,1133,1413,468,462,814,2239,797,480,377,345,809,932,1565,1575,1516,1602,1451,1409,1565,1384,997,1119,1097,885,969,773,830,862,495,1581,711,1260,921,1696,892,487,2151,749,680,762,960,533,2332,938,1080,969,692,2135,1070,2029,505,2266,618,611,1580,1079,939,846,1841,1520,697,701,701,1093,849,337,550,469,775,779,1092,1472,891,689,2190,496,930,859,762,940,2115,929,874,846,1145,660,761,1263,1926,502,408,1240,973,814,1136,1134,2358,511,680,834,1135,1092,2328,750,227,2202,593,2044,761,905,1045,926,685,365,517,572,959,1897,373,2131,729,891,1471,1247,1000,510,502,333,933,1164,385,726,771,429,1244,2004,343,944,1224,1262,0,1150,548,1656,1047,1688,1793,1229,712,569,429,1976,1170,1947,840,2010,1008,428,785,854,1240,1136,428,66,343,1332,746,2026,852,725,1068,378,822,685,949,58,773,61,649,2141,650,2455,947,886,1065,898,565,1475,1034,1387,950,1080,2423,779,372,469,771,1255,1035
521,570,1264,1347,1121,2080,1486,327,891,423,1115,1267,1074,539,850,650,573,799,929,724,876,1122,1271,740,1331,425,1236,1108,1435,1060,1327,1129,628,919,904,348,1620,964,338,1090,1209,1012,1193,866,1219,1133,1650,818,648,1304,458,1136,1123,1249,1126,1294,1642,1118,889,1163,1117,1518,1256,1213,1148,1158,1000,846,1481,1213,783,1055,1154,673,1014,334,671,755,890,846,1220,1035,492,1245,1460,753,1140,1548,1091,814,1310,1262,796,1748,1230,754,1230,1252,1415,1093,1544,806,1829,1288,953,860,1189,968,1180,2025,1163,555,875,550,130,1522,1047,807,1123,808,1199,1384,867,1211,1372,1744,905,1264,1532,1310,969,1879,1043,902,1519,1483,1149,789,413,1473,804,979,396,1216,1028,1168,531,1863,871,814,1035,532,1384,1667,949,876,1597,576,1595,1090,1577,550,542,675,928,899,814,1173,1307,940,1585,867,1211,1775,403,1548,702,682,1006,997,1500,940,416,1310,1124,1255,1519,1045,1273,614,412,823,0,1215,1084,683,1298,1464,1371,875,481,1124,1590,707,1495,987,1400,291,833,426,1006,1251,1262,833,1157,1134,1481,818,1407,1541,594,1387,1169,1517,522,1095,815,1462,876,821,1497,1334,1840,1412,1262,347,843,1202,877,423,1001,971,1184,2031,952,1163,1125,1310,891,1126
1307,1106,1071,355,973,2953,2219,1238,983,984,495,1292,476,1249,1597,1397,935,1064,601,1276,512,572,2170,771,1993,982,874,1569,2217,595,229,610,1246,905,748,1255,2470,722,1249,647,914,985,917,502,1170,709,2027,993,1066,188,1226,1041,1583,380,126,653,2546,792,759,665,654,420,1073,1854,1686,1808,1888,1739,1349,1854,1683,956,1179,1291,738,1270,926,823,795,782,1873,704,1304,1062,1648,992,512,2433,742,946,338,481,914,2648,1079,877,978,294,2218,1118,2393,924,2240,190,622,1868,759,874,823,1845,1812,948,732,952,1387,389,540,734,442,837,923,682,1760,901,250,2155,775,1071,399,338,875,2473,598,806,386,1152,351,714,1279,2206,922,469,1255,982,880,1193,1176,2333,602,946,762,1177,682,2603,676,512,2514,881,2007,647,444,1090,1237,963,571,619,859,1025,2208,489,2472,748,901,1048,1262,605,1007,785,395,932,778,489,1038,338,100,1280,2371,538,963,1510,1278,740,1436,0,1823,1239,1939,2078,783,732,845,100,2332,1532,2028,837,2300,1304,719,1081,843,1276,716,719,659,636,1349,775,2321,417,997,1083,671,388,972,473,931,338,793,678,2433,215,2737,517,453,1217,1045,208,1767,1331,1753,878,889,2324,671,665,356,338,983,1031
1035,1305,1572,1651,1930,1211,311,691,866,742,1447,1377,1807,860,545,601,1296,959,1297,1074,1213,1655,344,1431,152,744,1601,578,1306,1386,1714,1487,727,1734,1561,872,759,1360,702,1447,1525,1374,1519,1203,1537,1864,555,978,1097,1715,1136,1450,579,1495,1524,1620,709,1480,1288,1410,1363,1901,1574,114,440,169,533,590,796,114,563,1368,1113,613,1340,882,1347,1561,1694,1206,116,1392,1169,1563,467,1082,1471,574,1428,1159,1600,1640,1123,849,1548,1019,1556,1675,1387,1144,857,1133,740,1675,1255,472,1159,1783,1503,917,9,1277,1598,1272,954,1822,1322,1415,1454,1591,1525,1747,535,1630,1780,655,1304,1572,1836,1600,1784,994,1369,1709,1926,1641,1454,1601,1017,350,1131,1404,1088,1542,1840,1489,1346,741,1573,1159,1653,1347,1747,809,1674,1213,704,1025,496,1447,1815,1289,704,815,1353,1559,1201,1985,490,1365,610,1558,1630,2219,1095,2091,1151,1358,1351,1316,1956,1365,726,1600,1449,1053,830,1320,1639,849,1016,1493,1036,1610,0,940,199,275,1742,1598,933,1449,353,690,444,1799,634,913,1229,747,1812,1049,1802,1229,1404,1381,796,1146,325,1750,885,1547,1416,1917,1272,1825,1141,1867,1131,1544,623,1744,941,1716,1567,955,1028,1535,595,941,158,1786,1500,906,1675,1410,1455,1600,866,1440
810,1065,748,885,1498,2123,1089,517,235,717,1120,849,1426,591,756,553,910,100,1034,82,879,1187,1320,1190,1247,562,1012,681,2023,516,1373,736,502,1484,1321,733,1828,1095,528,696,698,480,649,869,713,1612,1566,119,830,1345,1164,611,696,909,1176,750,1691,671,1023,1144,1098,1610,750,1026,849,1088,1219,1068,857,1026,799,532,615,547,470,734,960,1481,1412,978,1191,773,1197,739,757,756,905,1551,708,947,835,1376,799,1834,724,80,686,1409,1862,556,1745,809,1441,1334,804,1027,661,1535,675,1384,1147,892,1357,887,815,1241,984,1148,753,1324,655,1160,1089,989,1413,1355,1039,748,1255,835,1536,1967,499,1424,1292,940,695,1314,1136,1076,807,1140,1116,672,1408,633,1262,1441,1336,947,1411,1263,1160,1764,1433,879,1699,680,1206,696,1058,1049,445,516,1089,1291,946,1553,1466,1101,1585,1318,989,1950,1123,1770,770,971,924,465,1688,1101,694,835,1130,719,1720,982,703,833,1135,1029,897,1263,1161,0,1143,1276,1166,1357,730,1130,1197,885,1136,1367,1609,772,965,504,1381,715,1334,965,1138,1115,857,821,1306,1173,430,839,1150,1505,1060,1422,818,1377,806,1303,1600,1375,1928,959,809,810,388,902,1094,801,907,1538,673,1609,1434,1144,1128,835,235,601
1221,1513,1582,1825,2171,1254,32,856,1063,909,1621,1213,1951,1269,714,770,1463,1168,1464,1280,1389,1928,403,1600,687,911,1813,726,1561,1587,1888,1704,898,1886,1728,1038,824,1531,867,1664,1205,1144,1720,1379,1410,2002,388,1187,1264,1890,1312,1202,726,1837,1701,1821,749,1692,1455,1575,1529,2080,1603,60,589,547,779,762,631,60,732,1242,1015,782,1541,1049,1514,1746,1845,1373,649,1604,1342,1600,596,1263,1645,575,1779,1326,1776,1808,1303,964,1422,1228,1603,1844,1639,1046,1109,1313,574,1849,1435,643,1061,1930,1375,748,606,1444,1736,1439,1143,2023,1585,1582,1628,1756,1726,1957,707,1467,1954,489,1471,1583,2111,1776,1931,1110,1570,1857,2098,1478,1637,1746,1206,106,1311,1562,1268,1607,2080,1164,1529,575,1738,1326,1898,1530,1957,748,1812,1389,780,1192,329,1664,2165,1503,875,985,1517,1714,1368,2226,740,1526,611,1725,1467,2380,1275,2266,1319,1525,1527,1154,2116,1526,893,1776,1712,922,1082,1583,1464,1028,1205,1655,1225,1787,354,1149,0,48,1943,1736,1100,1712,124,858,572,2040,877,1083,1396,913,2052,951,2078,1396,1569,1546,631,1326,517,1950,1055,1382,1581,2090,1439,1968,1319,2041,1309,1682,864,1918,1057,1898,1749,1144,1247,1712,874,1114,333,1933,1374,741,1813,1575,1631,1776,1063,1192
1195,1490,1559,1800,2148,1466,59,831,1038,884,1596,1190,1928,1244,689,745,1438,1143,1439,1255,1364,1902,633,1577,663,886,1791,703,1706,1563,1865,1679,873,1863,1705,1012,1043,1506,842,1639,1190,1129,1696,1354,1566,1979,365,1162,1239,1864,1291,1186,705,1812,1676,1797,981,1667,1430,1550,1504,2058,1579,338,566,523,924,739,607,338,708,1227,999,757,1517,1024,1489,1723,1819,1348,625,1579,1322,1576,573,1238,1620,804,1755,1301,1749,1783,1278,1263,1407,1203,1579,1819,1791,1030,1281,1288,551,1827,1410,618,1046,1907,1360,725,582,1419,1713,1414,1118,2002,1560,1557,1603,1731,1702,1933,684,1443,1929,466,1446,1559,2087,1749,1908,1395,1546,1831,2074,1454,1610,1721,1181,83,1286,1536,1249,1583,2057,1148,1508,552,1715,1301,1875,1509,1933,960,1789,1364,1011,1167,306,1639,2141,1474,850,960,1491,1688,1343,2203,882,1500,839,1702,1443,2356,1256,2244,1294,1500,1502,1138,2093,1500,868,1749,1687,905,1256,1558,1449,1000,1180,1630,1200,1762,331,1124,74,0,1922,1713,1075,1687,101,834,549,2017,1020,1058,1371,888,2029,936,2053,1371,1544,1521,607,1301,730,1928,1030,1358,1556,2065,1414,1945,1294,2016,1284,1659,1010,1893,1355,1871,1722,1119,1222,1686,851,1089,310,1910,1359,719,1790,1550,1605,1749,1038,1176
1628,1456,949,455,1278,2279,2193,1616,1080,1326,781,1231,962,1594,1650,1447,1254,1161,898,1237,821,967,1924,1123,2373,1324,755,1657,2583,696,487,705,1396,1233,1066,1631,2320,1041,1627,635,1106,1112,1014,811,1050,1201,2040,1090,1349,619,1589,1158,1671,675,658,754,2092,1021,1070,972,963,477,951,2134,1773,1861,2180,2040,1363,2134,1736,1083,1206,1441,835,1620,1250,1151,1111,1091,1926,1033,1668,940,1579,890,797,2086,1089,1276,394,959,894,2917,957,976,1009,454,2605,1210,2651,912,2253,602,693,1921,856,1190,1047,1859,1865,1267,1051,1271,1717,75,842,1053,728,1191,1020,563,2061,1011,684,2168,1086,949,89,394,1191,2732,697,1123,125,1264,645,1031,1640,2180,910,799,1619,1013,1188,1284,1537,2346,921,1276,1103,1538,563,2241,1125,821,2791,1190,2020,635,224,1440,1582,1275,871,938,1168,1333,2473,819,2106,1066,1011,1112,1626,628,1291,1096,690,1127,927,819,1370,394,679,1372,2629,840,994,1813,1639,1050,1802,798,1872,1245,2238,2114,0,1051,1160,734,2248,1800,2249,1147,2560,1654,1028,1424,1166,1368,1108,1028,966,943,1363,877,2005,22,1281,1222,978,354,1292,959,1213,217,1103,997,2706,648,3003,291,405,1580,1329,453,2059,1685,1806,1194,1082,2338,1128,972,618,394,1080,1149
1006,637,1162,941,444,2721,2060,1021,1746,1172,739,1455,422,1293,1641,1441,672,1657,591,1578,922,358,1936,322,2084,1170,1472,1822,1786,1171,899,1027,1290,582,189,1022,2253,564,1032,988,1332,1125,1038,912,1266,478,2437,1677,1051,778,811,1249,1837,747,607,1058,2316,1016,794,823,777,1082,1164,1945,1934,1899,1654,1504,1579,1945,1606,1168,1296,1335,1326,1027,626,500,462,817,1964,933,887,1153,2317,995,709,2209,989,994,933,610,993,2414,1170,1597,1187,796,1783,1282,2177,965,2605,860,819,1756,1337,549,1088,2055,1903,685,180,689,965,984,694,293,739,385,1033,1278,1525,1109,843,2530,577,1162,994,933,550,2543,1174,477,981,1363,1111,385,860,2250,962,662,839,1191,345,1356,757,2629,531,994,257,758,1278,2366,229,922,2295,1039,2382,988,1036,627,1281,1122,597,559,894,490,1974,682,2239,189,1109,1138,846,1272,965,587,762,1110,864,682,1118,933,623,1444,2154,692,1172,1277,859,899,1093,692,1943,1542,2030,2138,1377,0,1009,623,2192,1386,2426,300,2067,981,754,1124,373,1440,521,754,817,794,1579,973,2084,1009,1211,1310,829,1184,709,442,1031,930,952,133,2197,807,2504,1103,1053,800,1400,967,1529,1113,1797,554,1307,2782,166,823,1116,933,1746,1239
521,637,1064,842,1155,2188,1328,417,719,184,658,1077,1091,381,692,492,446,627,560,552,412,1184,1355,754,1128,182,1037,908,1856,868,868,928,470,1036,884,466,1740,633,428,889,1007,858,1001,402,1017,1148,1487,646,212,850,868,934,923,718,691,1102,1726,918,560,566,554,1051,1054,1020,986,961,1109,956,1387,1020,608,852,960,515,822,468,497,922,1048,516,1023,830,899,1055,1290,277,682,1545,1060,329,792,894,322,1844,1028,582,1038,932,1852,899,1639,332,1671,829,453,928,994,1085,978,1898,966,427,889,422,556,1054,535,685,665,851,1007,1348,978,1011,915,1586,576,1064,1064,792,1086,1978,851,1060,1051,1293,652,950,841,1315,330,611,820,1024,1063,974,969,1689,694,329,1049,970,1348,1779,963,412,1714,140,1437,889,1106,627,384,126,566,711,484,1208,1429,575,1579,881,1011,1485,827,1241,266,508,563,801,1222,575,211,792,674,1061,1614,533,1074,725,840,526,638,776,1002,511,1105,1270,1191,889,0,674,1433,689,1489,1022,1522,506,503,270,1041,1057,1328,503,560,537,1387,340,1341,1079,347,1195,572,1056,419,1111,347,1000,334,835,1615,879,1939,916,766,556,395,742,985,543,843,1088,982,1857,966,566,666,792,719,924
1218,1027,993,418,866,2860,2131,1133,1449,896,571,1292,443,1155,1502,1303,850,1360,501,1281,595,573,2075,741,2018,894,947,1651,2142,660,294,669,1152,825,663,1161,2385,637,1144,706,1163,960,831,585,1097,676,2308,1380,1094,251,1156,1084,1665,318,110,718,2452,848,580,580,533,492,995,1879,1790,1833,1795,1644,1401,1879,1674,1004,1131,1197,799,1175,841,743,713,672,1898,760,1233,984,2031,1020,539,2347,798,781,402,447,940,2555,1001,938,1018,359,2147,1118,2311,727,2473,255,650,1774,820,792,884,1889,1837,863,652,867,1260,461,440,650,509,767,828,754,1665,941,317,2398,650,993,471,402,793,2392,661,724,458,1192,416,633,1208,2117,724,384,1188,1022,787,1193,1105,2499,517,781,811,1106,754,2509,725,595,2421,803,2250,706,516,1011,1143,889,471,534,749,932,2117,480,2377,663,941,1105,1195,677,720,660,329,945,840,480,936,402,6,1280,2288,438,1003,1416,1207,660,1342,195,1729,1244,1964,2088,855,652,767,0,2243,1438,2291,744,2209,1210,609,987,758,1276,720,609,574,551,1401,803,2226,485,924,1123,586,457,887,440,794,406,713,598,2339,280,2644,587,516,1146,1073,271,1673,1237,1659,796,1138,2652,729,580,419,402,1449,1074
1162,1457,1520,1766,2117,1414,46,799,999,851,1563,1149,1897,1007,657,713,1406,1104,1407,1216,1331,1871,578,1546,633,853,1760,672,1674,1524,1833,1648,841,1832,1674,980,989,1470,810,1608,1151,1090,1657,1321,1524,1948,319,1123,1207,1834,1265,1147,674,1779,1643,1758,921,1636,1398,1518,1472,2025,1540,123,535,492,893,709,561,123,676,1188,960,725,1478,992,1457,1691,1785,1316,595,1548,1295,1537,542,1204,1587,749,1716,1269,1715,1750,1244,1231,1366,1164,1540,1786,1759,991,1250,1254,505,1794,1376,586,1007,1876,1319,678,551,1387,1682,1382,1085,1974,1528,1525,1570,1699,1663,1902,654,1404,1898,420,1414,1520,2057,1715,1877,1363,1507,1799,2044,1415,1576,1689,1148,240,1252,1508,1221,1544,2027,1109,1476,506,1684,1269,1737,1477,1902,962,1758,1332,949,1135,260,1608,2112,1441,818,927,1463,1660,1311,2172,851,1472,785,1671,1404,2329,1228,2211,1262,1468,1470,1099,2061,1472,835,1716,1654,865,1225,1526,1581,967,1147,1598,1167,1729,300,1085,75,219,1894,1682,1043,1654,0,802,518,1986,988,1025,1339,856,1998,897,2021,1339,1512,1489,561,1268,683,1901,997,1319,1524,2034,1382,1914,1262,1985,1252,1628,980,1862,1323,1838,1689,1086,1189,1653,821,1056,279,1879,1318,674,1759,1518,1572,1716,999,1137
733,1132,1456,1508,1538,1752,671,408,745,552,1302,1465,1499,508,314,370,991,838,956,976,1068,1299,828,1127,536,550,1487,626,1420,1265,1392,1371,530,1353,1258,499,1241,1024,419,1332,1409,1257,1398,1058,1421,1549,1106,857,827,1382,753,1333,677,1328,1197,1378,1217,1365,952,1067,1021,1584,1458,436,632,385,677,485,1310,436,307,1252,1355,382,1219,595,1042,1179,1319,915,450,1277,782,1447,827,937,1326,900,1313,875,1476,1298,978,1423,1432,898,1541,1331,1508,1294,1136,988,1290,1353,1110,358,1381,1404,1385,1480,389,972,1294,967,588,1592,1074,1077,1309,1243,1404,1634,560,1459,1449,1204,968,1456,1602,1476,1405,1218,1248,1331,1589,1684,1307,1221,724,914,986,1062,703,1421,1458,1368,963,1295,1273,875,1348,964,1634,1354,1370,1068,1274,755,1056,1332,1644,1116,579,712,1011,1204,883,1604,914,1023,934,1255,1459,1872,710,1774,881,1053,1135,1197,1610,1023,623,1476,1203,1456,1109,1072,1524,426,723,1146,670,1284,429,819,520,635,1628,1294,663,1203,713,0,1089,1418,1007,643,902,395,1432,1452,1446,902,1061,1038,1310,1001,814,1617,781,1585,1073,1594,969,1514,996,1538,986,1240,1173,1412,1515,1571,1422,588,913,1390,491,576,457,1407,1384,1463,1371,1067,1310,1476,745,1323
1385,1664,1531,1594,2520,1243,520,1269,764,1233,1677,1160,2376,1106,1023,1079,1863,749,1884,916,1445,2349,736,1996,662,1235,1558,515,1705,1231,1854,1418,879,2280,2122,1442,1162,1942,1280,1379,1128,1067,1364,1435,1390,2425,675,872,1393,1845,1688,1124,486,1608,1664,1465,1065,1412,1865,1992,1946,2046,1551,458,547,522,924,1079,577,458,1040,1221,937,785,1185,1452,1914,2116,2291,1773,624,1324,1718,1548,287,1319,1701,922,1423,1742,1562,2225,1359,1263,1401,864,1551,1915,1790,968,1280,1369,889,1813,1492,965,987,2327,1354,645,581,1844,2163,1839,1535,1779,1553,1989,1684,2164,1370,1704,1024,1415,1919,804,1664,1531,1793,1562,2328,1395,1214,2303,1798,1418,1393,1931,1589,565,1367,1648,1696,1393,2151,1127,1939,906,1915,1468,2192,1904,1621,1174,2104,1463,1093,1208,657,1375,1743,1619,821,1022,1603,2106,1544,2302,847,1612,1066,1983,1407,2508,1703,2226,1299,1654,1603,1082,2321,1612,1167,1555,1655,855,1237,1574,1369,1301,1635,1673,1635,1764,565,784,559,656,1619,2030,1093,1655,645,1148,0,2112,1017,1496,1586,1025,2120,851,2271,1586,1767,1744,574,1383,718,1634,960,1322,1779,2059,1599,2107,1378,2017,1368,1973,996,1882,1334,1634,1494,1574,920,1637,972,1590,390,2038,1284,1040,2105,1773,1696,1555,764,1123
1022,679,1154,927,150,1992,2106,1053,1720,1219,728,1581,683,1328,1664,1480,677,1648,645,1581,910,345,2033,562,2106,1217,1466,1904,1862,1155,746,1166,1325,508,323,1063,2322,732,1064,982,1325,1119,1028,900,1266,478,2456,1668,1103,756,860,1245,1920,749,595,1048,2403,1011,904,876,831,936,1156,1991,1952,1936,1715,1578,1569,1991,1681,1168,1348,1370,1302,1068,630,426,385,911,2001,923,941,1145,2256,1064,703,2334,979,1123,856,827,1062,2401,1162,1606,1189,785,1735,1288,1782,1034,2612,709,811,1824,1335,462,1078,2055,1940,690,381,694,1003,974,679,529,728,419,1023,1286,1599,1146,828,2555,745,1154,984,856,463,1872,1163,395,971,1400,914,308,903,2310,1031,657,882,1193,73,1365,810,2645,618,1123,390,811,1286,2363,360,910,2301,1094,2406,982,1024,669,1316,1165,678,652,988,222,2045,677,2333,333,1146,1320,889,1122,1017,641,764,1104,1110,677,1146,856,631,1445,1757,677,1170,1347,902,968,1130,678,1980,1542,2076,2205,1379,381,1065,631,2238,1433,2488,0,2311,1022,849,1159,169,1441,512,849,870,847,1569,964,2137,1027,1257,1308,882,974,717,692,1081,932,1021,295,2197,788,2501,1089,1029,840,1427,783,1608,1183,1841,467,1297,2789,447,876,931,856,1720,1235
1824,1904,2240,2394,2273,910,978,1432,1558,1459,2218,2148,2454,1480,1072,1128,1827,1678,2260,1718,1988,2306,865,2047,982,1461,2568,1466,1039,2026,2617,2232,1160,2049,2176,1386,265,2187,1443,2190,2197,2023,2179,1978,2205,2482,1372,1698,2023,2635,1520,2101,1437,2522,2458,2284,1089,2170,2101,2489,2442,2807,2242,863,1308,878,521,745,1559,863,960,2026,2160,1140,1982,1682,1881,1929,2055,2161,933,2313,1302,2231,1275,1808,2246,834,2241,2050,2733,2514,1887,500,2216,1667,2215,2602,1117,2103,456,1897,1553,2584,2285,1122,2143,2117,2173,1779,889,1808,2217,1806,1318,2839,2369,2086,2228,1972,2189,2705,766,2602,2701,1484,2120,2243,2849,2736,2121,641,2012,2068,2836,2408,2189,1965,1410,1145,1898,2332,1470,2204,2185,2183,1717,1568,2247,2053,2377,1718,2705,517,2289,1991,420,1954,1331,2193,2889,1888,1371,1784,2297,2264,2159,2336,196,2296,931,2176,2602,3041,1477,2994,2091,1895,2442,1968,2855,2296,1446,2736,2489,1855,429,2367,2235,1349,1409,2136,1404,2547,902,1591,947,1074,2703,2217,1854,2489,1109,855,1242,2146,0,1639,2201,1314,2154,1903,2462,2201,2486,2463,1558,1912,780,2843,1597,2305,2498,2822,1783,2472,1913,2789,1901,2160,352,2666,596,2450,2304,1348,1957,2341,601,1516,986,2116,2172,1725,2292,2492,2232,2736,1561,2094
418,637,1108,1184,1368,2260,1104,123,688,206,983,1264,1268,340,648,465,691,617,735,545,754,1073,1335,862,1084,208,1081,896,1711,918,1192,973,436,1029,994,495,1804,803,134,934,1066,903,1075,744,1068,1297,1442,637,529,1169,754,981,912,1002,1004,1181,1699,965,722,843,798,1389,1110,989,933,919,1167,1026,1276,989,574,903,1028,481,874,133,740,915,1023,655,981,872,783,1099,1311,576,1064,1616,915,577,1277,1064,656,1848,1079,569,1108,1107,1701,968,1644,666,1619,1155,797,669,1053,1097,1030,1846,924,673,1018,668,591,1394,853,833,990,1007,1082,1222,1047,1100,1245,1550,739,1108,1405,1278,1098,1993,901,1034,1392,1348,982,1052,717,1308,664,826,696,1094,1278,1045,816,1639,912,578,1089,817,1222,1799,1092,754,1708,470,1397,934,1450,627,339,284,781,930,651,1428,1490,790,1628,991,1100,1617,703,1581,590,752,894,843,1387,790,192,1278,960,1125,1619,852,1125,786,716,950,676,1094,960,513,1074,1239,1230,1018,374,960,1387,662,1224,1237,1731,0,678,214,1246,1121,1228,678,838,815,1276,679,1309,1446,371,1252,850,1397,696,1279,680,1351,668,961,1631,1204,1953,1236,1098,627,456,1099,1053,640,816,1093,1038,1797,1093,844,996,1278,687,970
621,632,972,771,731,2485,1815,729,1144,644,547,1315,732,849,1159,975,282,1074,202,1003,581,787,1679,520,1650,642,943,1384,1946,829,590,840,945,600,408,715,2022,255,740,801,1055,892,808,571,1084,839,1970,1093,525,603,927,970,1399,506,439,840,2024,830,176,310,263,786,974,1535,1438,1475,1382,1248,1375,1535,1349,892,1019,990,915,748,469,518,555,75,1540,737,953,963,1680,477,523,1998,775,316,700,718,475,2078,980,1022,1008,656,1953,1019,1904,447,2130,553,531,1459,1167,630,1019,1871,1479,295,567,299,733,821,325,287,546,463,805,1130,1269,965,675,2061,192,972,831,700,631,2225,840,564,818,1216,719,450,893,1802,444,306,872,1012,653,1096,823,2224,392,316,729,824,1130,2031,641,581,1964,524,1908,801,873,622,848,657,261,410,130,803,1708,270,2009,405,965,1116,879,967,436,202,359,832,887,270,657,700,475,1176,1829,323,989,1006,892,378,756,522,1379,970,1619,1718,1231,567,501,475,1897,1104,1730,608,1984,703,0,721,611,1172,936,180,306,281,1375,565,1794,872,689,1098,316,819,321,745,436,779,431,510,1859,635,2182,940,871,830,827,629,1273,860,1329,634,1027,2331,642,310,719,700,1144,960
374,609,1102,1081,1330,1881,1102,77,537,235,1009,1257,1182,125,429,249,645,610,688,538,657,1026,955,820,878,233,1075,817,1448,911,1120,967,221,986,952,259,1412,759,88,928,1059,896,1068,647,1061,1252,1232,630,475,1106,591,974,833,955,932,1174,1310,959,678,796,751,1317,1104,787,726,729,790,657,1449,787,382,896,1021,266,867,274,694,872,980,608,794,866,624,1093,988,476,986,1369,905,530,1221,1016,554,1478,1072,562,1101,1063,1430,961,1299,564,1408,1083,695,477,1043,1054,1023,1638,733,627,974,622,357,1331,806,791,891,959,1075,1216,678,1094,1181,1339,694,1102,1341,1221,1055,1627,894,991,1328,1341,879,1009,445,1089,562,778,519,1087,1240,1038,749,1420,864,530,1044,750,1216,1432,1047,657,1351,415,1186,928,1386,597,124,222,733,882,603,1390,1092,742,1385,949,1094,1570,526,1507,535,705,846,836,1342,742,118,1221,912,1118,1274,804,1119,402,444,903,442,1021,773,506,872,965,1223,974,319,912,1171,470,1247,1198,1349,308,630,0,1204,1113,1180,630,790,767,1449,577,937,1382,271,1244,802,1333,648,1235,578,1287,566,917,1247,1140,1584,1133,995,383,448,1000,674,403,604,1050,1030,1580,1049,796,897,1221,537,963
1265,940,1323,1024,235,2102,2653,1402,1948,1471,893,1732,666,1712,2036,1852,932,1878,904,1807,1171,583,2372,684,2453,1469,1553,2146,1882,1256,791,1264,1819,739,554,1406,2164,896,1413,1305,1475,1310,1172,1161,1435,412,2781,1898,1340,843,1096,1388,2160,965,804,1310,2724,1177,1165,1135,1090,982,1325,2342,2318,2287,2054,1923,1732,2342,2027,1311,1438,1864,1403,1411,888,657,623,1170,2352,1089,1176,1314,2456,1318,868,2624,1140,1369,943,762,1316,2079,1331,1837,1358,850,1712,1439,1888,1288,2956,754,976,2334,1436,695,1237,2224,2291,945,466,949,1250,1061,903,788,893,683,1169,1373,1944,1314,915,2884,909,1323,1071,943,696,1978,1264,632,1058,1568,1021,540,1148,2644,1285,870,1129,1362,216,1516,1045,2950,877,1369,475,1046,1373,2690,445,1171,2613,1357,2731,1305,1111,924,1701,1466,932,911,1247,223,1845,890,2680,580,1314,1260,1136,1166,1259,899,980,1253,989,890,1489,943,780,1596,1863,901,1339,1692,1147,1227,1273,887,2331,1776,2427,2538,1466,466,1325,780,2729,1765,2828,285,2027,1366,1108,1544,0,1592,738,1108,1129,1106,1731,1129,2482,1114,1497,1475,1141,1069,973,569,1341,1019,1280,537,2531,875,2047,1176,1126,1083,1706,885,1949,1526,2219,699,1447,3087,532,1135,1035,943,1946,1378
1027,1269,572,974,1413,1987,1555,765,507,947,894,422,1370,833,1059,864,668,646,727,642,668,1065,1646,956,1719,949,727,1192,2178,603,1007,814,818,1070,1089,992,2112,795,776,775,530,302,760,658,537,1399,1302,541,834,1020,1331,434,1208,980,856,866,1830,754,714,835,790,1203,574,1530,1207,1372,1512,1376,764,1530,1202,359,192,863,559,1010,772,956,1064,675,1437,899,1361,563,1245,401,922,1851,825,971,925,1056,406,2211,548,414,628,1070,2177,227,1966,421,1652,970,612,1359,161,1138,508,1274,1376,681,1120,685,1108,987,779,825,834,996,767,867,1397,541,1092,1583,730,572,1001,925,1139,2355,586,1075,1041,557,769,1093,1302,1542,419,817,1280,779,1323,584,1407,1488,903,971,1282,1408,867,1981,1194,668,2098,886,1430,775,1113,1253,780,730,772,921,642,1473,1837,781,1859,1086,541,1608,1287,1403,768,740,996,287,1378,781,948,925,849,4,1939,777,608,1139,1301,711,1193,939,1275,647,1612,1713,863,1120,658,849,1683,1133,1598,1282,1948,1046,669,775,1292,0,1219,669,829,806,764,387,1751,880,668,440,841,1200,708,1381,589,1080,577,1063,1994,1052,2313,1026,887,1137,630,1001,1402,1139,1225,1134,504,1646,1195,835,907,925,507,426
932,763,1141,890,590,2705,2183,1133,1427,942,714,1475,654,1187,1523,1339,605,1357,407,1286,793,308,2003,448,1973,940,1428,1631,1944,1117,709,1128,1184,562,385,1033,2292,374,1144,968,1225,1013,997,783,1253,674,2321,1377,821,719,922,1139,1645,712,558,1017,2373,998,331,618,571,898,1143,1848,1800,1792,1684,1548,1554,1848,1651,1062,1242,1229,1259,1065,589,480,439,408,1857,905,1003,1132,1970,808,689,2304,948,536,819,838,806,2370,1149,1305,1176,748,1947,1182,2208,778,2474,672,797,1823,1298,516,1189,2041,1796,618,404,622,1072,937,530,383,714,503,992,1248,1569,1133,791,2417,387,1141,947,819,517,2511,1120,449,934,1387,877,362,968,2170,775,138,948,1180,498,1259,873,2512,255,536,564,874,1248,2332,476,793,2270,844,2267,968,987,753,1175,934,255,273,739,647,2015,158,2303,385,1133,1249,955,1085,743,397,727,998,1026,158,980,819,594,1339,2185,528,1157,1317,967,601,1095,641,1753,1253,1933,2052,1341,404,810,594,2257,1431,2346,448,2280,1019,448,1019,451,1335,0,448,612,589,1554,896,2106,989,966,1296,624,937,646,663,719,894,654,347,2166,751,2471,1052,989,905,1122,746,1578,1179,1699,521,1197,2655,479,618,894,819,1427,1129
620,632,972,771,755,2484,1815,728,1144,644,547,1311,732,849,1159,975,281,1074,202,1003,580,787,1679,518,1651,642,945,1386,1952,829,590,840,945,600,408,714,2021,255,739,801,1053,889,808,570,1084,838,1970,1093,525,603,926,967,1401,506,439,840,2024,830,176,310,263,786,974,1536,1438,1476,1381,1248,1375,1536,1349,890,1017,990,915,747,469,518,557,75,1541,737,953,963,1680,477,523,1998,775,316,700,718,475,2080,980,1022,1008,656,1954,1015,1849,447,2129,553,531,1458,1168,632,1017,1872,1479,294,567,298,732,821,325,287,546,463,805,1128,1269,965,675,2060,192,972,831,700,633,2227,840,566,818,1216,720,450,892,1801,444,306,871,1012,677,1092,823,2223,392,316,729,824,1128,2033,641,580,1966,524,1907,801,873,622,847,656,261,410,130,827,1707,270,2009,405,965,1116,878,968,436,202,359,829,887,270,656,700,475,1172,1824,323,989,1005,891,378,755,522,1378,969,1619,1718,1232,567,501,475,1896,1103,1729,632,1987,702,180,720,636,1168,935,0,306,281,1375,565,1797,871,688,1098,316,820,320,745,436,779,431,510,1861,635,2184,940,871,829,827,629,1272,859,1328,636,1025,2327,642,310,719,700,1143,957
916,956,883,680,908,2681,1886,858,1169,686,401,1359,857,891,1219,1035,589,1099,346,1028,175,957,1970,624,1716,684,853,1374,2184,740,515,752,997,855,700,1000,2263,520,869,712,1054,939,719,165,995,896,2024,1118,568,512,1162,1017,1389,397,364,751,2340,741,438,38,307,714,885,1600,1493,1541,1651,1515,1281,1600,1361,939,1123,1042,822,1018,736,773,804,440,1606,648,1240,874,1706,916,430,2273,686,625,610,841,520,2340,891,1047,919,581,2183,1063,2115,492,2186,478,539,1519,1041,877,783,1788,1545,602,628,606,1116,730,290,553,408,719,716,1038,1536,876,584,2117,454,883,740,610,878,2482,872,814,727,1127,592,711,1216,1873,489,365,1197,923,830,1140,1110,2280,451,625,790,1111,1038,2298,702,175,2236,570,1966,712,782,940,890,679,320,469,517,980,1982,329,2270,686,876,1280,1204,892,481,464,412,878,1063,329,699,610,356,1220,2092,288,900,1284,1215,432,1201,447,1441,995,1684,1783,1144,628,544,356,1955,1159,1785,787,2246,1054,378,763,793,1216,1110,378,0,299,1281,693,2071,783,711,1009,18,728,630,874,50,688,43,571,2132,544,2442,849,780,1142,873,527,1544,1146,1391,881,1026,2378,703,38,410,610,1169,1007
685,701,1141,923,780,2541,1659,672,993,489,714,1189,942,694,1003,819,347,919,355,852,438,812,1740,544,1481,487,1114,1206,1960,843,742,853,790,628,438,779,2072,282,683,968,924,762,997,428,926,973,1804,938,334,752,935,840,1222,688,591,900,2084,998,203,138,5,931,1143,1373,1288,1316,1442,1309,1586,1373,982,761,953,835,969,824,497,546,585,208,1381,905,1015,1132,1523,323,691,2059,948,389,852,869,321,2144,937,884,1176,756,1962,893,1907,293,1974,705,386,1303,1160,660,891,2126,1320,360,699,364,903,970,478,316,680,491,992,1282,1330,1133,824,1905,219,1141,980,852,661,2291,844,594,967,1387,573,478,960,1646,290,458,940,1180,702,970,885,2068,366,389,859,886,1282,2084,771,438,2033,369,1752,968,1020,691,693,516,413,400,285,852,1771,422,2066,435,1133,1257,947,1117,258,229,549,706,1036,422,526,852,627,1050,1882,476,1157,1070,959,233,988,674,1222,814,1458,1574,1375,699,343,627,1740,1011,1576,657,1882,857,146,566,663,1046,960,146,134,0,1586,411,1864,1023,548,1080,144,970,388,954,291,928,286,642,1928,784,2248,833,693,897,666,779,1336,947,1172,664,892,2205,774,138,685,852,993,826
1368,1614,1042,1326,1709,1378,940,998,750,1185,1270,667,1629,1113,1034,1037,1047,686,1130,884,1053,1471,1047,1336,1125,1187,1048,678,1993,956,1522,1242,990,1455,1468,1224,1494,1200,1009,1203,699,639,1113,1043,1043,1778,704,750,1206,1532,1533,695,654,1326,1345,1219,1230,1078,1118,1235,1190,1641,1065,957,772,1001,1404,1561,180,957,1115,723,510,934,912,1244,1153,1341,1452,1030,1076,1087,1564,1062,542,780,1319,1241,1138,1448,1287,1459,785,1716,899,768,1076,1503,2196,542,1790,800,1030,1485,988,1071,534,1523,853,676,1032,1060,1507,1064,1334,1324,1162,1236,1178,1406,1120,1189,1506,924,1604,961,1134,1042,1338,1287,1524,1862,939,1464,1378,934,1114,1403,1422,927,798,1228,1480,1080,1631,860,1727,885,1550,1448,1669,1728,1189,1378,1581,1053,1432,1191,812,1203,1467,1604,953,1005,1177,1387,1025,1781,1354,1189,1250,1465,924,2280,1487,1964,924,1144,1341,648,1781,1189,1150,1287,1291,385,1765,1160,932,1326,1421,1094,1419,1432,1046,766,1009,1207,1199,1507,1076,1291,1034,1249,1030,1589,1529,1282,1059,1008,1598,415,1627,1059,1229,1206,0,766,1140,1214,943,841,1241,1536,1088,1765,963,1418,953,1450,1492,1564,1822,1377,1231,1360,903,1369,1379,1370,872,1519,858,1043,1582,1235,1282,1287,750,685
715,638,744,618,1099,2571,1671,684,1002,501,513,932,1057,706,1015,831,379,928,449,861,282,915,1766,669,1498,499,967,1218,1967,692,719,701,802,783,800,809,2098,526,695,738,704,476,829,272,709,1096,1816,947,203,713,943,608,1233,580,568,749,2108,851,444,559,416,908,746,1385,1299,1328,1472,1335,1176,1385,987,533,700,847,818,830,485,669,778,394,1393,759,1022,735,1532,49,544,2085,797,326,570,783,19,2172,720,893,773,781,1969,643,1929,34,1986,685,226,1315,907,853,674,1727,1332,392,822,396,909,934,402,559,521,725,827,1245,1356,987,788,1917,460,744,944,570,854,2317,693,788,931,1005,413,788,993,1658,32,475,974,777,1009,720,892,2080,561,326,982,893,1245,2114,894,285,2061,252,1764,738,796,628,705,407,430,579,361,1159,1797,439,2092,797,987,1344,981,1098,128,470,436,461,1126,439,538,570,554,800,1904,400,754,1099,992,327,994,654,1234,823,1469,1580,1338,822,355,554,1752,1023,1587,966,1908,863,388,578,973,796,1063,388,553,530,1176,0,1892,986,560,862,565,934,420,1076,203,891,198,765,1956,748,2276,688,538,929,602,635,1362,953,1184,849,676,2217,897,559,526,570,1002,598
1409,1546,1838,2025,1968,1076,606,1056,1179,1078,1827,1684,2148,1355,830,886,1628,1305,1720,1354,1602,2003,288,1725,479,1080,1966,909,1147,1651,2091,1887,1015,1740,1855,1257,437,1870,1067,1852,1801,1639,1808,1592,1803,2170,874,1325,1453,2116,1227,1717,885,1827,1923,1914,674,1886,1784,1821,1775,2278,1840,363,766,380,350,297,1106,363,510,1638,1511,898,1607,1239,1563,1623,1745,1597,436,1947,1257,1829,773,1425,1855,604,1873,1502,2216,2046,1503,671,1814,1298,1841,2089,1232,1709,678,1513,1046,2054,1645,798,1525,1807,1769,1279,392,1609,1897,1604,1007,2320,1833,1763,1834,1659,1815,2104,318,1932,2180,977,1800,1838,2330,2216,1808,817,1634,1755,2317,1943,1813,1652,1094,630,1511,1804,1170,1827,1878,1786,1408,1067,1927,1502,2059,1409,2104,464,1971,1602,542,1386,828,1852,2375,1536,992,1163,1759,1944,1592,2028,288,1768,619,1852,1932,2739,1177,2466,1517,1574,1718,1579,2556,1768,1062,2216,1784,1375,651,1831,1854,1016,1093,1816,1093,2009,406,1219,447,563,2098,1897,1296,1784,648,610,738,1837,461,1301,1634,1186,1842,1418,2162,1634,1815,1792,1106,1525,0,2113,1211,1835,1827,2311,1633,2159,1522,2275,1512,1840,440,2144,774,2070,1930,1032,1360,1945,341,1384,512,1803,1773,1227,1972,1821,1839,2216,1179,1707
1632,1448,607,450,1255,2245,2112,1460,1077,1262,783,1195,927,1510,1643,1447,1254,1192,885,1214,774,946,1882,1095,2336,1260,440,1846,2610,781,503,848,1399,1211,1033,1601,2313,1023,1471,809,762,761,760,764,717,1185,2003,1111,1366,627,1589,807,1817,648,628,792,2062,685,1037,925,910,455,609,2142,1935,2193,2087,1954,1326,2142,1752,732,880,1444,863,1600,1245,1129,1080,1042,2277,689,1668,598,1683,878,806,2062,727,1239,370,913,883,2754,615,984,683,471,2570,1012,2566,898,2207,622,681,1943,914,1153,717,1825,2228,1267,1046,1271,1708,95,830,1030,727,1162,757,261,1975,731,699,2138,1053,607,109,370,1154,2897,694,1091,148,983,613,1010,1639,2099,896,774,1618,687,1165,1184,1536,2071,896,1239,1115,1537,261,2189,1118,774,2233,1144,1989,809,220,1432,1498,1214,857,914,1119,1315,2538,794,2067,1033,731,1131,1625,596,1067,1063,663,776,962,794,1292,370,729,1264,2544,828,664,1729,1638,1017,1797,787,2247,1222,2172,2041,376,1046,1111,723,2203,1726,2199,1122,2704,1637,980,1341,1128,1260,1100,980,919,896,1326,864,1965,0,1299,871,931,322,1295,943,1130,193,1070,989,2553,659,2854,289,385,1577,1378,436,1981,1729,1820,1157,734,2229,1121,925,601,369,1077,797
385,612,957,930,1261,2199,1247,176,565,164,735,1118,1227,264,575,390,634,473,626,389,500,1084,1293,816,1046,152,900,680,1676,750,893,733,346,1013,937,452,1908,709,190,693,930,744,916,485,901,1234,1441,492,396,905,670,825,695,798,755,1023,1604,773,640,762,717,1076,933,932,754,852,1104,961,1246,932,515,747,838,391,707,426,709,899,1010,568,918,681,700,922,1087,318,761,1553,983,554,1000,944,391,1800,913,413,946,955,1640,807,1532,401,1611,873,538,828,810,1087,879,1748,856,643,977,638,514,1095,624,759,742,927,922,1034,982,923,972,1529,656,931,1105,1000,1088,1949,733,1020,1092,1123,716,957,640,1292,399,720,627,932,1171,929,698,1651,883,554,1019,699,1034,1813,1036,496,1679,245,1388,693,1144,608,255,59,673,821,563,1319,1420,683,1576,934,923,1603,634,1258,333,720,645,688,1308,683,222,1000,730,969,1507,622,935,728,639,592,578,841,897,333,1017,1182,1048,977,346,730,1371,619,1004,1130,1643,465,597,178,1131,965,1221,597,756,733,1246,413,1231,1113,0,1040,768,1067,637,1107,420,1050,407,917,1575,935,1918,1035,879,549,504,854,936,540,757,1083,903,1820,1051,762,755,1000,565,815
1570,1749,290,996,1472,1674,1228,1221,1009,1407,847,294,1638,1338,1353,1330,1133,1067,892,1082,731,1141,1342,1216,1395,1409,543,1013,2230,533,1213,574,1276,1436,1230,1492,1817,1065,1232,532,336,412,536,720,220,1500,994,987,1245,1109,1760,332,979,1026,946,556,1509,418,996,879,852,1174,308,1237,1068,1289,1644,1848,494,1237,1434,381,419,1321,698,1467,1289,1354,1260,990,1340,416,1791,299,905,866,666,1520,487,1375,1068,1301,871,1956,307,846,410,1181,2467,410,1962,886,1292,1098,674,1377,608,1325,337,966,1296,1146,1242,1150,1557,793,844,1127,844,1294,531,675,1793,278,1177,1210,1012,290,807,1068,1326,2105,586,1268,842,294,787,1309,1651,1215,884,920,1717,414,1381,499,1889,1182,1072,1375,1286,1890,675,1707,1303,731,1694,1119,1072,532,925,1739,1236,1155,873,1067,1116,1530,1598,883,1543,1252,278,1633,1724,1169,1024,1022,845,427,1560,883,1309,1068,912,495,1938,842,419,1625,1650,973,1643,1035,1311,1018,1296,1499,690,1242,1083,912,1310,1633,1328,1341,1802,1503,935,1224,1341,491,1288,935,873,850,494,852,1427,703,1086,0,885,1055,1180,1631,1132,931,1122,1182,1735,1139,2075,986,952,1589,1061,1116,1713,1577,1133,1329,375,1353,1316,879,1016,1068,1009,322
893,956,875,695,901,2531,1853,830,1192,642,386,1268,838,816,1124,941,556,1102,330,1025,158,936,1760,756,1691,640,840,1551,2188,717,529,682,909,850,674,942,2028,490,841,642,1052,959,696,147,981,1104,1994,1121,942,523,1152,1040,1564,411,371,728,2103,717,421,307,275,719,877,1560,1401,1479,1453,1314,1278,1560,1386,962,1068,954,799,919,707,768,707,412,1544,625,1263,866,1666,864,412,2050,663,623,642,778,486,2147,883,1042,900,595,2176,1056,1872,458,2162,503,468,1430,1016,774,760,1760,1483,569,678,573,1020,720,282,551,393,713,693,1002,1335,867,595,2080,437,875,730,642,775,2290,874,715,717,1120,598,715,1132,1840,455,362,1115,904,823,1178,1109,2259,443,623,828,1110,1002,2148,740,158,2032,534,1941,642,769,940,818,625,315,463,490,971,1780,325,2068,684,867,1407,1122,900,448,447,278,899,1119,325,668,642,345,1218,1847,280,879,1081,1131,412,1084,457,1365,961,1644,1743,1108,678,504,345,1921,1084,1660,782,2032,956,357,701,784,1214,1080,357,19,278,1278,678,1893,737,751,1024,0,725,604,834,32,674,35,618,1929,555,2263,831,824,1065,849,518,1293,1030,1315,778,1025,2368,752,307,407,642,1192,1030
1905,1630,1041,739,1489,2436,2291,1673,1416,1425,983,1402,1078,1662,1990,1807,1528,1436,1091,1571,962,1165,2063,1329,2484,1423,842,1979,2863,928,624,948,1769,1391,1248,1748,2469,1296,1684,885,1199,1209,1169,951,1143,1344,2186,1392,1308,738,1807,1325,1992,876,812,985,2242,1113,1227,1112,1083,579,1043,2327,2063,2337,2232,2095,1580,2327,2168,1178,1322,1814,1055,1713,1525,1309,1278,1221,2403,1100,1918,1032,1995,1445,1004,2245,1137,1649,625,1020,1131,2900,1049,1249,1107,593,2705,1420,2664,1255,2361,730,929,2292,1109,1343,1141,2048,2386,1541,1241,1545,1805,430,1041,1256,928,1519,1166,629,2115,1136,806,2300,1243,1041,440,625,1344,3039,931,1286,427,1392,807,1198,1796,2278,1252,994,1777,1111,1398,1617,1766,2264,1247,1649,1283,1767,629,2372,1300,962,2795,1311,2161,885,485,1620,1651,1385,1073,1226,1299,1547,2522,1014,2250,1258,1136,1251,1784,325,1227,1253,891,1224,1169,1014,1460,625,754,1657,2641,1039,1088,1874,1795,1207,1891,869,2402,1566,2335,2163,724,1241,1275,754,2382,1884,2403,1359,2609,1749,1166,1494,1359,1653,1312,1166,1106,1083,1580,1112,2157,380,1506,1323,1118,0,1575,1074,1302,312,1260,1181,2707,768,3011,560,679,1731,1538,671,2073,1823,2185,1347,1172,2419,1315,1112,920,625,1416,1315
289,562,1374,1126,1214,2124,1344,424,1013,411,985,1435,1024,595,903,720,368,921,671,844,702,1271,1350,676,1352,409,1350,1337,1580,1174,1098,1170,688,871,796,375,1616,662,435,1131,1349,1163,1340,691,1320,1091,1780,940,416,1082,583,1244,1351,958,919,1222,1719,1211,586,809,764,1286,1358,1229,1179,1151,1032,886,1599,1229,981,1165,1255,733,1131,433,418,757,1014,615,1216,1120,618,1347,1485,529,960,1619,1157,609,1202,986,601,1725,1332,861,1370,1036,1544,1226,1463,611,1949,1072,745,971,1238,949,1300,2009,1155,350,837,345,412,1275,795,712,943,920,1346,1555,907,1362,1150,1867,602,1374,1285,1202,950,1874,1157,1024,1272,1544,918,916,534,1622,609,761,521,1356,1124,1348,592,2046,592,609,983,593,1555,1739,895,702,1604,356,1726,1131,1327,546,597,425,714,620,610,1272,1352,724,1639,793,1362,1646,528,1480,476,429,823,1102,1348,724,462,1202,890,1388,1438,793,1377,653,533,608,435,1008,1195,778,1314,1490,1654,837,276,890,1476,791,1437,1083,1598,388,644,480,1084,1384,1415,644,803,780,1599,624,1474,1292,557,1458,815,1244,0,1040,631,1229,618,777,1500,1113,1843,1240,1084,462,634,1054,867,551,1096,945,1322,2191,911,809,957,1202,1013,1234
1252,1147,1424,707,791,2982,2514,1473,1418,1257,855,1704,395,1502,1842,1659,893,1438,692,1629,892,455,2320,856,2383,1255,1224,2022,2361,930,462,950,1499,1024,733,1346,2527,666,1484,991,1222,1349,1266,881,1250,398,2643,1394,1155,538,1304,1348,2035,813,560,987,2673,1137,937,939,894,655,1426,2255,2130,2177,1989,1854,1720,2255,1949,1266,1528,1544,1057,1405,885,942,917,932,2242,1050,1416,1415,1930,1123,877,2548,1101,1157,657,359,1121,2667,1432,1251,1325,528,2128,1497,2445,1093,2819,436,989,2148,1111,984,1127,2193,2181,906,616,910,1352,734,930,813,800,878,1273,1016,1875,1296,610,2744,679,1424,744,657,985,2806,934,927,731,1552,738,838,1286,2501,1090,746,1265,1330,713,1620,1262,2825,654,1157,654,1263,1016,2654,566,892,2546,1139,2602,992,783,1131,1490,1193,962,682,1010,861,2294,766,2611,743,1296,851,1272,830,1074,689,824,1293,519,766,1304,657,524,1660,2420,928,1307,1625,1285,1033,1375,646,2082,1565,2558,2452,1122,616,1102,590,2594,1710,2693,670,2555,1359,877,1333,704,1656,602,877,933,910,1721,1141,2435,751,1347,1473,945,740,939,0,1129,688,1086,628,2464,570,2778,845,836,1219,1464,597,1828,1516,2035,988,1196,2973,561,939,850,657,1419,1339
772,730,899,727,941,2550,1771,749,1105,546,411,894,869,731,1039,856,429,1015,355,938,182,961,1806,764,1600,544,864,1466,2070,741,567,702,824,847,698,858,2061,515,760,662,788,550,720,171,760,954,1913,1034,417,558,1037,683,1479,436,406,752,2174,741,446,46,299,753,901,1468,1316,1388,1498,1359,1250,1468,1012,604,718,869,823,829,533,733,731,410,1453,649,1210,890,1579,385,437,2095,687,416,676,809,383,2190,907,955,924,633,2056,689,1918,355,2083,541,277,1345,956,925,738,1731,1392,442,699,446,908,752,306,576,418,733,717,1033,1380,891,628,2001,462,899,762,676,926,2331,732,739,749,1143,459,737,1010,1758,352,386,993,928,848,811,1055,2180,467,416,847,1056,1033,2191,759,182,2075,431,1859,662,801,720,733,531,339,487,405,996,1826,349,2112,708,891,1443,1000,934,328,472,302,535,1158,349,600,676,369,851,1893,304,903,1129,1009,112,972,492,1280,874,1552,1652,1139,699,404,369,1839,1053,1577,807,2061,863,439,616,809,847,1105,439,16,302,1250,472,1938,768,664,917,24,757,477,865,0,707,16,639,1973,590,2306,863,856,945,746,543,1339,933,1230,921,761,2295,773,46,432,676,1105,673
1884,1615,734,716,1474,2305,1986,1653,1455,1405,964,1073,1052,1642,1970,1774,1509,1475,1072,1362,943,1150,1916,1314,2183,1403,544,2012,2848,895,600,964,1720,1376,1233,1728,2362,1277,1664,925,890,895,874,932,832,1318,1872,1431,1289,713,1792,1016,1739,857,793,906,2115,816,1208,1093,1064,554,736,2009,1826,2065,2206,2070,1245,2008,2141,865,1008,1765,1011,1693,1506,1294,1263,1202,2123,803,1903,725,1660,1426,985,2087,841,1630,605,994,1111,2443,742,1288,809,568,2692,1106,2642,1236,2073,710,909,2272,1057,1328,841,1726,2074,1522,1226,1526,1785,410,1022,1241,909,1501,871,334,2091,834,781,1991,1224,734,420,605,1329,2582,970,1271,407,1087,788,1183,1781,1972,1233,979,1762,813,1383,1270,1751,2170,1232,1630,1268,1752,334,2227,1285,943,2269,1292,1849,925,465,1605,1631,1365,1054,1211,1280,1532,2375,999,2102,1243,834,1120,1769,701,1208,1234,872,910,1033,999,1440,605,729,1316,2619,1020,788,1849,1780,1188,1871,844,2093,1298,2045,2021,449,1226,1255,729,2069,1864,2094,1344,2508,1729,1147,1474,1344,1312,1297,1147,1087,1064,1245,1092,2000,67,1488,989,1099,427,1556,1048,1282,0,1241,1166,2507,743,2555,540,659,1716,1519,652,2053,1803,1899,1332,863,2156,1300,1093,901,605,1455,1006
851,891,839,673,845,2487,1814,791,1157,598,351,1241,807,777,1085,902,512,1067,266,990,111,879,1717,709,1650,596,804,1512,2143,788,498,645,870,807,617,899,1977,443,802,605,1015,930,677,100,945,876,1956,1086,490,492,1106,1011,1525,378,340,709,2060,680,374,260,228,688,841,1518,1362,1438,1409,1269,1242,1518,1347,932,1039,915,780,877,660,725,653,365,1503,593,1217,830,1631,441,375,2006,644,577,611,693,439,2100,847,1007,864,564,2130,1029,1820,411,2124,472,431,1391,1019,720,741,1723,1442,525,621,529,956,692,225,504,358,670,674,976,1290,831,564,2042,390,839,702,611,721,2244,843,661,689,1084,564,569,1086,1801,408,305,1069,868,767,1151,1063,2221,386,577,772,1064,976,2101,684,111,1985,487,1902,605,741,881,779,587,258,406,443,915,1727,268,2027,627,831,1380,1076,871,401,400,247,872,1091,268,631,611,314,1191,1794,223,843,1033,1085,364,1020,426,1326,926,1602,1702,1082,621,458,314,1882,1037,1623,726,1985,911,310,662,726,1187,1023,310,24,231,1242,642,1849,711,716,988,266,698,560,803,16,648,0,561,1882,524,2216,803,802,1019,802,484,1240,987,1276,724,988,2332,695,260,373,611,1157,1001
1147,704,1129,897,506,2661,2440,1073,1698,1159,698,1704,348,1404,1744,1561,788,1608,589,1531,865,350,2008,373,2065,1157,1446,1928,1916,1124,682,1142,1401,527,230,1039,2281,561,1084,1183,1431,1396,970,854,1236,413,2568,1628,1042,760,876,1477,1944,751,743,1179,2371,970,832,834,789,863,1131,1926,2032,1852,1672,1538,1542,1926,1634,1398,1505,1446,1266,1079,638,445,417,827,1917,878,992,1120,2180,1008,671,2278,921,1061,854,536,1006,2347,1137,1548,1151,743,1905,1497,2154,978,2744,662,783,1724,1315,494,1336,2013,1856,801,91,805,980,952,668,344,1022,431,965,1237,1559,1121,828,2669,574,1129,962,854,495,2482,1132,429,949,1377,955,334,861,2427,975,662,842,1155,413,1619,839,2753,549,1061,294,840,1237,2349,207,865,2241,1036,2527,1183,999,694,1392,1091,620,577,905,561,2003,682,2290,240,1121,1127,849,1045,956,584,766,1339,817,682,1206,854,764,1659,2131,666,1132,1309,860,927,1088,829,1896,1467,2011,2131,1330,91,1002,758,2521,1434,2619,368,2224,1032,772,1235,367,1655,497,772,828,805,1543,935,2112,968,1249,1320,840,961,834,359,1023,905,980,0,2145,790,2457,1058,1026,797,1362,810,1516,1193,1939,499,1404,2902,166,834,1067,854,1698,1467
1979,2208,2289,2704,2645,625,798,1549,1751,1690,2325,1902,2670,1654,1279,1335,2111,1833,2178,1920,2092,2654,715,2304,912,1688,2494,1439,1260,2278,2572,2378,1367,2408,2422,1584,581,2448,1560,2339,2485,2284,2379,2081,2464,2732,1124,1853,1967,2555,1868,2365,1405,2524,2426,2470,782,2316,2374,2308,2261,2754,2286,816,1257,869,836,981,1328,816,941,2289,1765,1347,2234,1754,2181,2291,2438,2081,865,2476,1754,2491,1193,1913,2346,577,2424,2002,2654,2442,1986,239,2476,1882,2425,2539,1400,1786,444,1996,1291,2551,2132,1273,1791,2264,2306,1512,821,2093,2453,2088,1604,2510,2285,2318,2332,2330,2384,2345,926,2162,2621,1209,2390,2288,2524,2654,2279,377,2261,2442,2562,2174,2429,2338,1763,823,1994,2259,1831,2411,2555,2125,2002,1328,2466,2002,2587,2004,2345,191,2503,2092,87,1895,1071,2340,2646,2193,1572,1649,2213,2484,2076,2145,581,2223,586,2413,2162,2860,1839,2642,2030,2193,2214,2226,3064,2223,1553,2654,2411,1689,467,2283,2443,1546,1763,2410,1692,2513,835,1804,768,762,2404,2454,1799,2411,842,1151,1194,2517,458,1742,2123,1486,2518,1685,2795,2123,2302,2279,1328,2009,564,2410,1738,2080,2314,2735,2087,2678,2014,2693,2001,2405,0,2584,346,2708,2584,1702,1890,2447,830,1658,919,2263,2459,1499,2532,2308,2345,2654,1752,2356
1640,1530,862,457,1378,2440,2097,1581,1162,1329,790,1198,814,1571,1906,1486,1282,1184,1021,1316,861,837,2068,1226,2292,1327,663,1727,2754,685,350,700,1432,1288,1145,1737,2471,1052,1592,606,1019,1029,1029,850,962,1080,1981,1140,1334,473,1703,1145,1742,775,520,1054,2247,937,1126,1011,982,307,864,2118,1796,2174,2127,1998,1371,2118,2065,998,1142,1477,812,1619,1275,1206,1175,1120,2233,929,1814,853,1788,1254,812,2245,985,1458,583,754,1095,2796,870,997,930,322,2596,1240,2572,1110,2180,462,924,2207,862,1241,962,1839,2184,1295,1008,1299,1708,157,971,1153,735,1266,1026,451,2014,953,37,2098,1142,862,167,583,1242,2932,688,1184,154,1205,707,1095,1690,2081,1108,888,1671,934,1288,1404,1662,2070,1064,1458,1046,1663,451,2378,958,861,2422,1211,1959,606,212,1520,1554,1272,1003,1079,1198,1436,2421,1015,2254,1155,953,1280,1678,433,1273,1075,790,1044,981,1015,1364,583,491,1434,2549,969,909,1770,1689,1104,1794,606,2203,1311,2152,2167,566,1008,1174,491,2183,1776,2204,1247,2508,1653,1065,1397,1281,1430,969,1065,1005,982,1371,1076,2161,176,1300,1134,1017,171,1329,810,1221,116,1211,1020,2596,0,2904,281,397,1627,1347,532,1971,1727,2096,1245,992,2236,953,1011,819,583,1162,1135
2166,2043,2459,2850,2471,621,1164,1717,1712,1863,2317,2514,2526,1894,1172,1228,2286,1794,2339,1881,2084,2481,1040,2154,1227,1861,2456,1537,1043,2239,2716,2347,1260,2236,2271,1770,432,2317,1733,2308,2444,2242,2349,2073,2423,2596,1639,1814,2130,2705,1704,2323,1503,2673,2575,2440,1002,2286,2243,2465,2418,2901,2461,1120,1444,1173,695,899,1827,1120,1134,2248,2382,1240,2195,1928,2022,2130,2270,2250,1172,2446,1735,2450,1510,1905,2338,828,2394,2189,2803,2583,1978,58,2435,1843,2395,2675,1180,2324,211,1988,1809,2700,2431,1254,2286,2313,2403,1827,1128,2273,2324,2268,1445,2893,2456,2191,2324,2164,2354,2584,920,2485,2771,1663,2259,2459,2903,2803,2314,144,2222,2274,2890,2637,2602,2171,1595,1192,1986,2414,1661,2381,2386,2432,1835,1906,2329,2189,2457,1836,2584,496,2373,2084,392,2067,1586,2308,2942,2033,1533,1641,2380,2346,2245,2535,438,2378,840,2274,2485,2632,1668,3084,2193,2033,2521,2185,2931,2378,1545,2803,2560,2475,234,2454,2412,1445,1594,2272,1532,2662,1142,1764,1120,1119,2588,2324,1981,2560,1213,994,1516,2347,315,1864,2292,1752,2348,2471,2628,2292,2459,2436,1826,2001,867,2865,1730,2537,2471,2880,2272,2548,2006,2841,1993,2275,584,2734,0,3005,2757,1533,1850,2439,763,1840,1289,2310,2418,1774,2402,2465,2337,2803,1712,2314
1611,1405,1042,233,1254,2574,1850,1183,955,1207,689,1256,886,1302,1445,1276,1228,975,848,1045,739,936,2212,1098,1917,1205,843,1513,2607,471,593,490,1222,1157,1017,1535,2544,998,1194,385,763,833,807,728,1144,1152,2298,933,1232,741,1565,889,1526,637,519,528,2389,1113,1004,887,860,547,1044,1742,1590,1793,2011,1878,1692,1742,1672,803,1076,1267,598,1500,1221,1075,1044,998,1858,1100,1678,1033,1460,822,710,2355,874,1359,331,826,827,2686,1050,792,1107,561,2486,1044,2463,842,2485,651,625,1751,660,1111,668,2165,1797,1241,1012,1245,1591,234,800,1026,634,1129,813,630,1898,1137,809,2424,1020,1042,244,331,1112,2824,474,1054,231,1393,578,964,1550,1837,840,762,1529,1111,1164,1166,1524,2378,889,1359,1053,1525,630,2682,1031,739,2572,1088,2285,385,176,1389,1182,1143,829,909,1076,1312,2309,782,2397,1027,1137,1296,1536,555,1171,1030,652,919,1221,782,1253,331,571,1206,2440,798,1088,1650,1549,981,1677,686,1691,981,1827,1954,725,1012,1051,571,1918,1659,1874,1123,2396,1535,943,1282,1124,1202,1083,943,881,858,1692,808,1962,356,1197,1324,893,282,1275,882,1119,293,1109,952,2485,771,2796,0,177,1488,1244,392,1854,1610,1636,1115,736,2533,1086,888,687,331,955,879
1206,1252,756,100,1141,2351,1732,1120,877,917,600,1176,795,1157,1362,1193,847,897,703,962,591,819,1847,981,1796,915,998,1436,2455,386,586,405,1139,1033,900,1222,2530,881,1131,446,678,748,722,580,862,1061,1760,855,934,651,1404,804,1449,486,427,443,2158,710,855,739,712,702,758,1621,1506,1678,1998,1866,1164,1621,1614,718,996,1184,513,1203,1104,951,925,850,1743,865,1517,747,1379,583,622,2130,789,1064,212,735,588,2673,764,717,784,652,2454,964,2448,603,1960,560,383,1668,575,992,583,1611,1682,860,895,864,1294,389,657,909,545,977,728,790,1887,754,719,1878,871,756,399,212,993,2812,389,935,386,1007,277,846,1381,1719,601,636,1360,738,1051,1086,1363,2057,772,1064,1039,1364,790,2669,951,591,2559,986,1737,446,329,1236,1145,902,686,792,928,1199,2297,656,2144,910,754,1464,1367,715,872,881,501,839,1177,656,967,212,479,1126,2426,655,763,1495,1380,832,1371,594,1563,898,1706,1804,885,895,799,479,1800,1375,1793,1010,2384,1240,795,989,1012,1122,960,795,733,710,1164,569,1841,516,900,913,745,441,893,791,824,453,814,835,2473,681,2784,221,0,1319,949,281,1839,1310,1553,996,651,2041,967,737,534,210,877,794
625,575,1448,1360,952,2216,1443,498,1119,598,1191,1528,1114,761,1069,886,659,1029,916,952,962,974,1446,764,1463,600,1446,1496,1209,1271,1407,1272,854,730,753,470,1927,925,509,1233,1441,1254,1437,951,1412,1031,1939,1048,680,1372,232,1335,1509,1361,1238,1544,1812,1312,850,1052,1007,1595,1450,1332,1346,1257,1120,979,1708,1332,1074,1257,1350,899,1228,506,626,623,726,858,1322,1221,267,1439,1593,793,1217,1712,1257,853,1477,1346,860,1818,1424,969,1467,1435,1185,1321,1544,870,2094,1381,965,1183,1326,765,1394,1933,1308,642,925,639,407,1503,992,774,1177,599,1416,1551,1031,1414,1341,2025,846,1438,1513,1390,766,2025,1262,710,1500,1636,1111,591,86,1750,784,944,145,1433,782,1541,311,2189,825,853,974,313,1551,1863,988,917,1747,606,1882,1211,1560,566,718,645,890,858,837,931,1489,903,1805,792,1414,1928,152,1674,657,629,1054,1197,1618,903,601,1390,1121,1493,1611,990,1475,765,85,788,510,1213,1345,859,1452,1580,1530,913,514,1121,1512,864,1537,741,1704,475,866,606,757,1489,1014,866,1108,1085,1656,859,1586,1508,761,1529,1120,1490,624,1119,857,1442,847,859,1643,1304,1980,1425,1274,0,920,1269,1011,640,1176,762,1410,2318,988,1114,1210,1390,1094,1323
487,720,819,1061,1344,2353,1303,355,446,260,880,868,1201,390,690,507,562,348,725,277,633,1038,1252,957,1259,258,737,854,1740,637,995,612,566,1132,1072,570,1894,803,366,567,829,649,768,622,794,1409,1441,367,539,974,736,726,868,897,845,868,1609,640,748,837,790,1187,821,1132,937,1064,1251,1095,976,1132,686,645,687,611,590,569,612,1054,1128,651,1127,557,768,810,916,471,907,1660,826,458,1098,1020,535,1952,806,290,805,1061,1707,693,1724,545,1618,979,675,947,965,1158,781,1442,1069,544,1108,539,609,972,745,865,887,1068,774,894,1116,766,1037,1573,764,819,986,1098,1159,2109,620,1141,1186,984,842,1061,712,1290,543,828,688,791,1254,909,778,1713,780,458,1158,779,894,1953,1186,633,1837,397,1405,567,1238,710,393,186,774,813,646,1403,1574,787,1716,1069,766,1674,695,1372,497,623,777,584,1371,787,346,1098,854,861,1699,743,825,850,711,755,734,930,911,205,1217,1295,874,1108,442,854,1382,804,1279,1213,1794,609,675,337,1228,857,1180,675,831,808,976,565,1670,900,136,903,843,1183,562,1176,567,1135,555,1054,1733,1002,2064,1306,997,653,0,976,1096,673,851,1155,802,1834,1183,837,920,1098,446,716
1037,995,854,401,868,2769,2036,988,968,762,402,1204,776,951,1285,1101,674,916,402,1139,298,565,2115,729,1845,760,771,1526,2159,463,670,475,948,770,633,1087,2355,614,999,512,759,828,780,287,968,958,2185,966,827,624,1138,885,1539,218,514,520,2472,679,558,440,407,846,856,1709,1553,1643,1758,1608,1289,1709,1562,798,1014,993,602,1059,849,688,663,546,1706,596,1216,845,1403,759,351,2173,838,931,353,732,737,2446,862,786,882,731,2130,1017,2223,747,2344,659,468,1569,638,745,681,1743,1648,687,663,691,1151,842,354,640,404,747,786,1114,1629,800,689,2307,574,854,852,353,746,2596,467,673,839,1055,172,574,1124,2023,598,380,1100,803,790,1233,1086,2435,519,931,829,1087,1114,2430,740,298,2322,678,2145,512,622,979,939,735,401,538,625,939,2083,414,2220,640,800,1592,1107,1022,776,584,233,890,1287,414,790,353,516,1185,2201,352,860,1365,1123,537,1227,599,1512,1073,1794,1904,1220,663,641,516,2125,1226,1792,749,2176,1100,493,827,765,1181,707,493,434,411,1289,634,2189,850,859,979,446,830,718,752,633,787,590,609,2239,653,2554,491,331,1066,904,0,1608,1157,1446,749,732,2550,738,440,290,353,968,875
1281,1367,1765,1888,1801,1211,907,889,1072,924,1672,1837,1889,1196,587,643,1257,1168,1517,1285,1424,1815,725,1535,792,926,1790,926,940,1603,1860,1654,675,1679,1650,1130,765,1579,900,1615,1762,1582,1734,1413,1729,1993,1178,1187,1286,1861,858,1659,933,1841,1708,1834,1083,1691,1509,1611,1564,2037,1767,691,868,624,175,270,1620,691,546,1577,1712,655,1556,1101,1366,1514,1633,1383,687,1602,863,1756,1071,1274,1699,1000,1792,1150,1971,1800,1335,813,1741,1225,1771,1844,1058,1657,664,1345,1357,1848,1485,663,1654,1281,1719,1563,629,1239,1699,1234,857,2083,1623,1558,1679,1537,1740,1947,291,1821,1925,1294,1525,1765,2093,1971,1296,761,1586,1644,2080,1948,1663,1530,995,933,1343,1607,1047,1757,1723,1873,967,1381,1652,1150,1866,968,1947,833,1777,1424,729,1223,1144,1615,2147,1352,889,983,1553,1669,1378,1872,497,1566,1168,1648,1821,2404,1054,2221,1288,1378,1856,1523,2128,1566,908,1971,1709,1825,637,1621,1796,835,994,1614,926,1794,666,1146,776,865,1923,1700,1138,1709,836,425,1046,1682,590,1264,1425,1027,1697,1821,1953,1425,1605,1582,1620,1370,759,2088,1055,1863,1617,2064,1258,1927,1360,2022,1350,1646,694,1889,769,1973,1824,933,1297,1772,0,1207,697,1280,1735,1570,1775,1611,1713,1971,1072,1649
124,578,1190,1261,1163,1993,1300,245,846,279,985,1234,1107,451,955,567,373,749,689,674,867,1169,1211,789,1306,277,1113,1054,1553,1000,1084,972,542,959,905,205,1541,654,256,933,1163,982,1131,856,1127,1230,1661,768,616,1067,576,1059,1067,958,906,1052,1568,1012,590,801,754,1272,1166,1178,1229,1111,895,738,1403,1178,735,979,1102,587,953,259,423,883,989,615,1174,929,613,1155,1326,722,936,1465,984,422,1184,986,781,1598,1140,683,1217,1034,1508,1047,1373,743,1838,1068,919,863,1063,987,1115,2040,1114,355,933,350,434,1284,810,809,1123,891,1137,1273,759,1138,1130,1793,606,1190,1294,1184,988,1756,983,1002,1281,1345,1090,885,538,1499,740,793,517,1154,1073,1263,610,1933,591,422,1097,611,1273,1588,1008,867,1472,556,1625,933,1341,562,454,431,739,624,610,1223,1217,752,1528,902,1138,1641,524,1463,613,434,838,920,1338,752,327,1184,915,1215,1348,808,1195,488,537,601,669,991,1151,606,1261,1341,1263,933,464,915,1321,651,1470,1033,1464,216,639,342,1048,1211,1305,639,795,772,1404,809,1317,1294,372,1261,807,1276,336,1140,807,1228,797,879,1368,1095,1710,1405,1253,478,467,1211,742,0,911,984,1137,2096,1008,801,1156,1184,847,1050
993,1291,1462,1587,1767,1452,458,638,783,630,1372,1221,1716,882,423,479,1001,865,1222,990,1131,1679,536,1426,54,632,1491,368,1455,1303,1599,1347,511,1598,1541,877,941,1287,649,1307,1461,1280,1434,1120,1426,1889,601,884,1035,1604,1113,1357,334,1581,1450,1534,873,1386,1230,1326,1279,1779,1464,235,264,152,569,473,652,235,453,1277,1056,491,1256,846,1051,1530,1596,1115,95,1303,1148,1453,331,974,1399,699,1492,897,1559,1539,1034,967,1438,923,1471,1581,1570,1349,1001,1044,780,1588,1182,378,1092,1624,1417,983,119,983,1590,978,927,1738,1245,1365,1379,1499,1440,1652,418,1513,1667,735,1246,1462,1829,1559,1625,1126,1286,1608,1816,1498,1356,1495,1011,445,1042,1316,1063,1457,1689,1565,1257,800,1239,897,1638,1258,1652,928,1666,1131,824,973,563,1307,1882,1275,632,687,1262,1256,1110,1838,619,1275,764,1538,1513,2186,1070,1968,1038,1062,1289,1221,1876,1275,614,1559,1450,958,975,1243,1506,718,1010,1423,995,1536,110,844,523,450,1632,1590,890,1450,535,579,306,1648,809,884,1149,662,1663,980,1819,1149,1320,1297,652,1069,472,1658,757,1413,1332,1807,1003,1692,1058,1765,1048,1536,746,1632,1081,1666,1516,949,987,1472,583,947,0,1621,1434,987,1665,1326,1413,1559,783,1347
1050,811,1441,1226,452,2080,2383,1188,1607,1067,981,1563,862,1320,1654,1470,687,1512,785,1437,985,658,2167,623,2209,1065,1773,1829,1508,1461,1084,1222,1317,432,467,1139,1900,986,1199,1183,1465,1286,1232,974,1430,775,2533,1532,926,1033,829,1363,1844,1039,906,1267,2518,1259,1013,1028,981,1272,1443,2066,1948,2002,1422,1660,2035,2066,1749,1281,1379,1362,1343,1196,650,334,119,1004,2065,1170,682,1432,2081,921,932,2384,1203,1207,1150,1036,921,1988,1449,1446,1467,1112,1410,1385,1792,887,2710,1068,1044,1853,1654,52,1421,2908,2007,700,696,704,1105,1250,906,582,978,433,1229,1520,1681,1385,1096,2647,1029,1441,1260,1150,67,1888,1469,130,1247,1642,1220,345,845,2370,884,946,935,1471,382,1601,920,2714,739,1207,675,921,1520,1960,773,985,1844,948,2497,1183,1302,801,1308,999,804,772,892,509,1637,817,2469,474,1385,1628,942,1463,848,661,1054,1229,1316,817,1115,1150,908,1553,1767,904,1447,1418,846,820,1130,991,2045,1372,2152,2306,1619,696,907,908,2212,1536,2485,532,1729,1148,951,1151,547,1549,800,951,1022,999,2035,1018,2246,1260,1156,1562,1034,1242,731,897,912,1194,873,642,1778,1061,1910,1378,1266,902,1286,1196,1262,1307,1817,0,1438,2871,771,1028,1163,1150,1607,1353
1185,1471,155,957,1306,1910,1449,915,738,1068,703,434,1203,950,1175,1006,936,695,727,795,563,1278,1537,1148,1635,1070,330,1210,2419,310,919,446,953,1223,1062,1162,1982,873,926,401,27,109,285,552,118,1367,1245,741,963,904,1398,153,1224,851,775,321,1729,242,818,706,673,997,157,1466,1394,1533,1688,1541,749,1466,1452,79,239,998,351,1133,1113,1141,1181,810,1596,225,1429,146,1192,894,500,1697,257,1099,879,1086,867,2152,131,554,238,1002,2346,354,2162,877,1523,908,501,1459,290,1265,138,1218,1535,1188,1066,1183,1225,599,678,935,700,1081,282,494,1562,506,967,1478,834,155,613,879,1266,2303,321,1194,649,514,614,1074,1299,1436,875,779,1347,242,1216,693,1551,1618,901,1099,1116,1552,494,1843,1144,563,1880,1054,1310,401,727,1454,937,841,725,920,889,1365,1804,738,1750,1030,506,1444,1354,992,916,844,705,124,1339,738,1054,879,782,645,2137,676,214,1298,1298,800,1301,860,1550,726,1508,1680,500,1066,1087,782,1527,1323,1515,1175,1952,1174,757,884,1190,641,1417,757,700,677,749,769,1660,525,782,279,712,891,1207,1178,893,761,883,1012,1939,932,2264,789,768,1237,756,917,1541,1232,1336,1269,0,1646,1141,706,866,879,738,143
1836,2094,1648,1928,2599,1128,503,1388,1200,1393,2150,1259,2512,1393,1078,1134,1771,1161,2061,1358,1897,2523,810,2190,1054,1395,1636,917,1891,1543,2441,1870,1126,2390,2306,1623,1294,2120,1399,1835,1286,1226,1674,1886,1464,2623,285,1284,1826,2424,1856,1282,883,1944,2288,1763,739,1682,2049,2153,2106,2310,1661,895,771,941,1299,1143,691,895,1110,1315,1106,1146,1496,1584,1820,2282,2414,1925,1002,1667,1893,1658,678,1745,2177,872,1699,1666,1879,2319,1402,1279,1476,1286,1681,2413,2127,1127,1688,1418,189,2429,1968,1074,1144,2406,1455,609,958,1752,2325,1747,1670,2176,2166,2169,2157,2312,1680,1998,1088,1526,2488,62,2065,1648,2190,1879,2407,1400,1526,2420,2228,1537,1703,2308,1755,490,1416,2148,1807,1685,2508,1530,2006,35,2008,1666,2471,2007,1998,1123,2386,1897,1156,1754,275,1835,2317,2077,1381,1458,2094,2025,1920,2658,1271,2107,904,2302,1526,2447,1814,2235,1838,1831,1959,1235,2377,2107,1377,1879,2109,996,1663,2164,1677,1380,1754,2067,1759,2374,720,1207,568,916,2072,2325,1658,2109,570,1244,786,2469,1418,1622,1967,1433,2485,1032,2665,1967,2147,2124,691,1384,947,2099,1531,1452,2159,2214,1771,2549,1836,2093,1826,2278,1245,2452,1388,2012,1863,1693,1325,1949,1235,1683,635,2404,1473,0,2403,2153,2191,1879,1200,1272
1013,725,1056,778,513,2784,2384,1151,1603,1068,602,1319,311,1321,1655,1471,650,1508,483,1433,681,237,2130,422,2172,1066,1348,1825,1910,1009,717,838,1318,563,266,1102,2359,437,1162,799,1224,1043,848,670,1170,434,2534,1528,925,600,887,1120,1840,623,491,884,2481,878,710,725,678,896,1058,2029,1943,1965,1774,1623,1498,2029,1712,1040,1190,1363,961,1159,667,481,458,701,2028,788,967,1047,2077,920,552,2347,820,881,722,564,920,2461,1064,1442,1083,781,1884,1135,2236,886,2711,706,671,1939,1193,551,916,1932,1970,663,180,667,1024,823,524,381,598,475,845,1093,1644,1001,670,2648,450,1056,833,722,552,2611,1017,475,820,1258,960,367,878,2371,883,549,854,1087,420,1351,838,2715,436,881,162,839,1093,2445,74,681,2337,947,2498,799,872,715,1309,998,516,469,780,569,2089,569,2429,273,1001,1110,861,1071,847,460,638,980,790,569,1114,722,492,1303,2214,522,1061,1380,877,819,1049,576,1879,1368,2114,2268,1200,180,906,492,2478,1499,2486,375,2182,1111,648,1152,471,1299,381,648,719,696,1498,834,2205,831,1152,1213,731,810,694,346,911,768,872,218,2254,632,2569,934,815,821,1285,811,1621,1270,1818,556,1197,2871,0,725,786,722,1603,1110
717,702,738,637,1022,2526,1750,768,1077,514,497,813,968,702,1002,818,363,982,447,907,250,1171,1797,657,1550,512,936,1299,1983,695,675,708,793,789,773,801,2087,527,779,745,736,500,805,239,702,1094,1920,1001,361,649,956,631,1312,555,519,753,2145,835,471,180,510,854,740,1417,1279,1352,1473,1322,1280,1417,968,552,634,838,833,815,467,675,785,371,1415,745,1067,729,1547,356,525,2071,777,366,589,776,356,2164,714,916,782,739,1956,636,1936,322,2081,664,233,1286,906,818,689,1669,1357,376,801,380,896,867,368,673,504,811,802,1140,1343,958,714,2036,487,738,877,589,819,2315,698,796,864,930,407,741,929,1737,319,560,905,786,932,852,936,2176,756,366,965,937,1140,2181,876,250,2057,390,1869,745,916,692,705,476,506,789,366,1081,1799,519,2126,770,958,1425,912,1030,283,497,408,485,1130,519,568,589,520,804,1913,366,760,1079,928,76,964,604,1224,842,1501,1615,1243,801,363,520,1847,1055,1524,891,2027,853,395,593,907,800,1306,395,551,528,1280,448,1898,875,625,848,563,855,408,1002,176,812,129,747,1954,678,2276,730,572,872,741,604,1321,916,1163,815,709,2302,876,0,534,589,1077,621
1017,973,835,382,846,2598,2020,970,950,747,382,1186,756,936,1270,1086,654,898,383,1124,278,532,1928,696,1829,745,752,1413,2138,445,656,456,933,737,600,1072,2190,593,981,493,741,810,762,267,949,921,2169,949,807,605,1117,867,1426,199,495,502,2287,659,537,419,386,832,837,1693,1538,1627,1574,1429,1271,1693,1494,780,996,978,584,1044,828,655,632,525,1690,576,1196,826,1398,739,331,2157,820,911,334,712,717,2262,843,769,863,717,2110,999,2034,727,2328,641,448,1554,620,715,663,1725,1632,667,630,671,1136,823,335,607,382,726,768,1095,1450,781,670,2291,553,835,833,334,716,2409,449,644,820,1036,153,541,1103,2007,577,347,1079,785,768,1215,1065,2419,486,911,798,1066,1095,2273,709,278,2158,657,2129,493,603,957,924,716,382,505,604,917,1907,395,2204,607,781,1575,1086,1009,756,563,214,872,1270,395,775,334,497,1167,2010,333,841,1186,1102,516,1212,580,1496,1058,1778,1879,1202,630,626,497,2108,1211,1777,727,2128,1085,472,812,743,1163,676,472,413,390,1271,614,2004,831,844,960,425,811,698,732,612,768,569,576,2055,634,2370,472,312,1045,884,308,1429,1142,1430,719,714,2533,705,419,0,334,950,857
1176,1092,754,116,1005,2728,1687,1116,866,885,453,1105,706,1123,1457,1141,809,821,544,937,437,688,2075,853,2057,883,673,1336,2258,361,538,375,1088,886,756,1211,2316,748,1127,412,657,726,678,426,870,975,1675,869,965,572,1236,783,1349,351,328,418,2432,711,693,580,547,728,756,1611,1464,1850,1716,1568,1196,1611,1614,696,916,1133,500,1183,985,804,780,685,1913,800,1314,745,1318,896,489,2118,736,864,180,664,599,2404,762,689,782,607,2244,919,2183,615,1973,522,376,1741,536,862,579,1648,1855,822,783,826,1275,515,493,764,400,847,684,882,1589,704,642,1928,709,754,525,180,863,2554,365,791,512,960,307,694,1222,1674,613,507,1198,701,915,1135,1184,2068,644,864,945,1185,882,2384,856,437,2276,805,1760,412,444,1076,1111,859,540,663,764,1064,2040,553,2165,763,704,1444,1205,904,702,719,366,792,1148,553,918,180,392,1087,2158,491,760,1322,1221,675,1359,507,1678,872,1696,1786,981,783,764,392,1784,1347,1680,874,2133,1224,632,955,890,1083,828,632,574,551,1196,581,2144,620,982,883,586,532,853,682,767,554,728,729,2193,604,2508,315,155,1164,1139,159,1565,1282,1617,865,630,2217,858,580,427,0,866,773
576,801,762,936,1434,1804,1070,323,180,473,964,799,1285,354,455,295,645,111,810,206,717,1116,1211,1041,1144,475,1054,497,1607,562,1113,784,243,1214,1156,570,1610,885,334,745,760,524,693,706,726,1498,1225,130,629,1100,823,655,513,982,939,793,1568,726,830,921,874,1301,764,982,583,923,964,808,886,982,555,576,618,288,515,537,694,1142,1210,735,985,815,855,753,686,561,991,1465,751,542,887,1101,625,1654,738,160,730,1179,1569,618,1440,635,1407,1097,763,701,888,1241,713,1198,928,628,1197,623,634,1312,827,947,971,1094,699,1214,829,1079,1163,1362,846,762,1326,887,1242,1813,545,1223,1366,917,715,1154,796,1057,633,910,772,716,1343,834,865,1502,862,542,1247,866,1214,1656,1275,717,1540,487,1194,745,1157,791,110,276,856,895,730,1493,1289,869,1528,1153,1079,1753,779,1492,587,705,862,509,1450,869,472,887,939,786,1415,825,747,562,795,839,702,1028,1061,81,1067,1145,1208,1197,527,939,1148,578,1049,1304,1532,577,759,297,1323,782,1258,759,915,892,886,653,1200,1232,220,834,927,1309,646,1261,655,1261,645,1143,1436,1128,1768,1026,868,653,190,1059,810,641,626,1238,733,1640,1272,921,1004,887,0,645
1228,1511,194,1000,1341,1953,1501,954,774,1107,742,473,1233,1009,1215,1044,977,730,762,833,602,1312,1569,1197,1680,1109,369,1246,2447,353,948,485,991,1277,1097,1202,2026,912,965,440,14,148,358,591,157,1407,1288,777,1004,932,1439,9,1260,893,803,364,1769,281,857,745,712,1036,196,1508,1427,1572,1727,1579,789,1508,1492,118,278,1036,389,1174,1153,1195,1235,849,1635,264,1470,185,1228,934,539,1743,296,1138,918,1125,906,2192,170,593,277,1043,2379,393,2193,916,1574,936,540,1499,329,1317,177,1261,1577,990,1108,1222,1266,638,713,993,739,1135,352,533,1600,545,995,1529,873,194,652,918,1318,2339,364,1246,688,555,655,1128,1340,1487,914,814,1388,281,1251,732,1592,1669,960,1138,1158,1593,533,1989,1186,602,1977,1093,1361,440,766,1499,940,880,760,955,928,1400,1846,773,1793,1100,544,1482,1395,1028,965,883,735,163,1377,773,1094,918,812,684,2171,711,253,1336,1339,839,1350,888,1592,765,1557,1695,539,1108,1126,812,1578,1361,1557,1210,1994,1215,796,925,1225,680,1451,796,739,716,789,808,1702,564,821,318,751,930,1246,1207,932,800,922,1054,1981,960,2300,828,808,1278,795,957,1578,1273,1375,1321,38,1689,1183,745,902,918,774,0
