0,982,1267,1206,1215,1422,1317,1409,1091,1390,1236,1346,1366,1409,1453,891,578,567,685,576,962,1231,1599,508,379,1086,1254,1142,1434,1299,1386,1365,225,1454,1192,1496,879,1083,1166,853,1339,959,1466,1437,1056,578,225,1675,1373,768,1280,1439,1142,1447,1416,1426,98,1107,1146,1531,1628,1089,1296,1338,575,887,1263,760,912,1164,1596,1217,1065,1394,1409,794,1173,1092,1232,1247,1188,1675,919,651,1138,1076,1270,1582,908,1135,574,1521,1155,1409,625,1188,1338,513,1137,939,1287,1155,579,982,1282,705,1337,1295,1446,1020,1179,1034,754,1376,803,1218,561,961,1585,553,785,631,1295,1119,1455,811,1585,1047,1190,597,1253,1240,1437,470,1143,1444,1026,736,1076,1050,693,379,949,995,1386,911,1262,1399,775,1284,1195,1386,1043,1190,962,1222,608,1413,1199,714,1422,1366,1618,1026,1236,596,1337,592,622,528,1456,1514,1068,1192,1107,531,1583,1096,599,528,1437,949,1143,759,1187,768,1546,1122,1267,1240,225,857,356,1193,1376,480,1329,1249,1187,1073,1628,397,1177,1193,1371,817,1341,1383,1210,569,907,692,849,1322,1373,1389,706,1399,1256,1314,850,1440,1404,1379,373,1248,1218,1226,1345,986,704,1083,1189,1236,732,1156,1341,1104,1480,496,894,718,1345,1334,962,1180,764,615,1159,956
981,0,1540,1292,1389,1028,736,1255,1604,1294,1002,952,1391,811,1002,981,716,618,808,429,963,1208,1474,554,785,1178,631,1231,1007,1200,796,878,919,1020,959,772,396,1007,1082,844,1232,1052,1373,1343,1194,782,919,847,1175,1001,1314,1012,1231,782,1019,1943,946,1004,1325,1448,1508,995,1219,1317,719,872,328,390,726,1054,1550,1204,1083,821,1251,824,1085,1578,1334,1352,1099,843,902,568,1220,1264,1333,1568,744,1252,819,1601,324,807,851,923,1248,487,1220,936,1287,324,783,180,343,799,1033,1743,1467,1285,1091,1096,785,521,879,1328,538,958,645,754,1463,722,1743,300,1139,1564,1427,1076,1102,787,327,1502,865,881,903,933,1092,1027,1264,931,724,785,947,1499,791,964,1525,1287,1461,1233,1671,1257,965,1309,1049,1392,979,1308,1318,643,1024,1043,726,1046,998,717,1044,1095,563,450,970,795,1558,1290,993,488,989,1050,563,443,494,898,1334,398,1122,330,727,1601,1024,1094,919,1632,883,940,1019,776,1025,1151,941,954,1270,581,1074,1291,946,1591,1195,1199,1383,724,421,571,927,1029,1418,964,1539,1270,1203,1381,1261,847,1254,924,1062,1315,1328,1399,1709,342,734,993,1068,1111,1210,1027,518,1013,773,541,825,547,1331,1199,910,1278,1216,585,1474,894
1041,1375,0,796,1067,1333,1592,425,948,589,1116,1396,250,1384,1508,896,1118,1051,1094,938,1008,990,675,963,1021,1020,1225,1031,1334,406,1452,1415,1138,1325,1079,1563,1280,518,685,940,513,1090,207,1214,854,1127,1138,1649,1350,860,1098,1339,1065,1532,1311,1241,1163,777,971,617,440,857,600,1086,1121,912,1463,1157,1060,592,583,986,960,1489,425,779,803,931,984,825,801,1649,919,1094,823,916,806,746,1043,896,1218,805,1264,1384,1107,1141,412,991,1055,967,1117,1264,1128,1358,1482,798,1336,1091,221,1068,672,934,742,1574,1096,1045,1030,1007,1497,1099,279,911,1091,1233,1055,646,632,804,631,1228,1440,27,1522,916,1148,1380,960,782,916,755,1120,1021,976,223,1452,851,11,399,439,384,1020,386,1052,1144,1081,1074,773,251,1153,1269,1333,1420,1519,927,1116,1113,1336,1417,833,976,1275,1601,914,1146,782,1033,1685,878,856,965,1412,974,967,1169,800,1177,1376,952,1320,682,1138,615,1028,1059,1310,1188,1344,462,1087,719,440,944,969,1147,1251,709,624,637,1062,1127,1309,1140,758,1337,627,1269,451,399,991,638,535,1537,276,1293,1095,1150,1045,1078,223,1239,1137,518,806,1100,474,610,1236,957,1567,951,899,898,601,408,1008,1134,477,846,1034,953
1003,1271,498,0,626,907,1183,132,507,225,668,959,593,944,1051,466,1028,855,949,848,575,558,209,819,876,587,876,463,908,181,1024,978,1052,899,651,1122,1178,458,209,514,100,603,555,775,403,982,1052,1202,915,577,659,913,463,1092,898,824,1077,449,529,184,557,603,214,654,1031,486,1132,1066,789,487,501,554,530,1039,125,612,328,490,542,344,231,1202,614,1003,371,481,325,293,762,461,1128,343,1172,944,948,715,721,900,626,534,673,1172,983,1271,1121,635,924,660,569,635,196,501,651,1139,628,603,886,574,1051,954,770,762,660,1141,623,1134,135,405,199,1138,1164,468,1082,828,742,945,527,606,481,624,1036,876,543,700,1024,388,487,137,768,533,584,154,588,689,686,633,682,599,698,1164,907,972,1074,527,690,1030,924,1279,742,877,849,1162,473,691,449,882,1230,429,765,866,1067,543,524,1058,232,1085,935,510,907,278,1052,1102,883,652,877,1036,916,256,821,608,557,797,593,692,825,1104,135,126,621,1037,1159,1036,515,909,150,843,778,137,559,166,776,1085,619,853,1019,695,603,637,571,1132,1047,458,226,690,725,499,1000,592,1128,807,469,807,229,717,575,679,731,755,594,554
1001,1180,749,316,0,825,1118,420,246,536,624,894,873,877,705,406,939,800,890,757,516,373,506,761,817,187,828,239,843,476,959,913,901,834,585,1050,1075,586,504,453,395,624,849,518,413,924,901,1135,848,519,406,848,239,1026,833,49,926,588,106,489,854,570,509,519,938,425,1086,970,732,638,811,359,464,973,420,589,616,227,113,635,684,1135,557,910,236,353,616,656,705,354,1035,589,1077,877,890,649,802,807,193,477,166,1077,925,1176,1075,577,859,174,863,570,491,436,552,1052,565,99,829,515,983,896,1099,704,174,1046,549,1112,430,721,494,1045,1118,767,1016,813,673,878,462,548,353,506,943,818,484,1007,959,359,738,432,1068,831,94,449,586,194,615,7,583,893,203,1068,824,908,1005,462,624,937,859,1130,647,780,784,961,208,196,588,825,847,423,670,769,1021,484,265,963,683,990,868,249,842,570,901,1186,825,586,810,978,851,551,752,529,854,741,522,197,760,1195,451,442,5,916,1056,943,586,844,447,778,991,432,382,428,857,1019,854,788,1004,129,99,14,865,1037,954,586,521,624,806,622,1111,521,1062,749,409,713,539,798,516,295,812,660,37,489
1051,1082,905,433,787,0,545,537,623,653,165,399,995,507,504,460,697,614,783,559,570,141,623,794,840,306,705,356,44,593,581,418,1076,164,332,680,994,806,723,392,512,407,956,987,475,786,1077,765,476,542,961,45,356,655,13,1312,1015,795,416,606,966,753,624,450,700,427,921,891,487,669,928,133,464,602,537,521,727,486,429,750,766,765,368,545,353,407,731,695,288,416,797,754,984,557,860,133,1019,569,341,529,388,984,787,1083,910,600,192,766,970,570,608,436,599,685,432,423,659,569,615,758,1176,690,766,953,87,1623,547,606,611,807,953,872,645,898,178,506,462,571,407,719,705,841,538,1116,581,413,894,549,1174,937,695,566,288,404,398,794,607,1000,413,972,180,419,635,462,165,698,192,1303,492,540,22,725,589,406,795,612,793,198,515,529,764,538,429,867,765,897,498,454,172,687,1077,1591,848,333,438,1001,184,661,262,688,966,763,266,407,88,1422,568,559,782,706,975,705,701,177,564,51,1186,549,124,545,1074,648,1022,414,1095,410,423,798,972,944,716,805,741,165,1022,793,643,349,691,632,434,474,653,1014,570,394,1028,505,661,357
1049,634,1366,1031,1043,987,0,981,1250,995,854,804,1226,286,898,712,825,742,911,631,668,1059,1154,687,924,912,245,957,812,1033,490,664,1146,803,676,529,613,909,895,587,958,771,1228,998,903,915,1146,615,886,713,972,817,957,428,802,1562,1013,965,1021,1109,1309,921,984,1155,828,627,558,498,608,836,1349,1055,758,478,981,691,902,1233,1034,1124,935,615,496,720,956,888,1105,1241,457,989,925,1288,528,286,988,644,1120,697,947,645,998,528,916,632,547,771,828,1405,1307,1004,908,828,707,210,602,1028,671,667,318,887,1404,810,1405,497,825,1531,1150,776,919,935,590,1333,521,1020,568,687,793,742,888,889,833,924,656,1440,490,715,1355,971,1402,1066,1326,1084,634,1009,772,1050,860,1322,1018,778,987,818,485,793,854,827,828,1303,620,578,753,425,1216,1011,965,624,669,834,643,578,292,656,1032,495,934,441,371,1064,811,870,1146,1605,986,661,715,999,820,1005,608,858,1309,717,769,1012,729,1527,973,875,1038,834,594,833,871,813,1161,747,1418,971,1060,1142,1177,524,1291,620,1201,1015,1028,1054,1518,489,844,909,909,854,1126,960,172,708,434,677,623,602,1047,1116,668,999,1132,633,1137,700
979,1247,398,398,687,960,1239,0,568,179,743,1012,495,998,1104,516,1004,884,979,824,625,615,277,848,906,642,926,686,961,46,1079,1031,1026,952,706,1181,1154,459,187,564,29,729,457,835,467,1012,1026,1261,969,627,720,966,686,1146,951,880,1051,425,590,73,101,579,192,711,1007,536,1187,1042,945,463,142,611,586,1093,180,664,303,551,603,319,209,1261,664,979,439,536,300,355,812,516,1104,411,1148,998,978,768,414,876,676,584,723,1148,1013,1247,1176,641,976,711,471,691,174,557,627,1210,682,664,915,624,1105,984,678,810,711,1117,680,1034,106,370,177,1114,1219,368,1136,804,796,999,583,656,536,600,1012,906,593,601,1079,468,387,31,676,323,640,24,691,739,720,694,658,501,748,1139,960,1025,1133,583,743,1006,976,1254,718,853,902,1216,534,741,425,911,1284,486,741,842,1118,593,585,1034,210,1061,989,571,960,241,1026,1002,913,707,931,1066,968,63,875,584,101,827,649,742,878,1115,216,232,682,1013,1135,1012,639,961,223,896,685,31,616,239,640,1139,543,908,995,745,664,698,473,1108,1023,459,204,743,587,475,1050,635,1182,836,519,783,183,402,625,729,592,731,655,610
1177,1318,799,317,236,744,1267,421,0,537,772,1040,889,1026,624,532,1073,922,1016,993,642,290,507,886,943,335,943,240,380,477,1115,1059,1020,387,735,1209,1314,700,505,580,396,750,850,449,547,1049,1020,1024,997,644,325,388,240,834,748,749,1045,699,93,490,854,681,510,435,1076,552,1212,1188,852,749,812,276,616,964,421,680,617,76,106,636,527,1024,681,931,237,479,617,579,829,488,1173,686,1219,1026,1015,797,913,946,130,601,140,1219,1050,1318,1201,702,851,323,864,720,492,586,664,1237,698,100,953,641,1137,1021,1067,827,323,1188,468,1290,431,852,495,1183,1244,766,1007,920,824,1027,612,673,479,617,1081,943,610,1008,1115,485,788,433,1065,832,244,450,712,129,741,235,695,894,138,1285,744,1053,1161,612,772,1076,851,1248,888,923,382,882,107,131,699,949,766,341,911,912,1135,610,89,1188,528,1132,1017,73,379,571,1020,1489,950,736,960,1103,843,552,903,640,854,864,670,132,752,1372,452,443,235,1041,1295,1082,583,836,448,786,1211,433,300,429,968,1010,965,935,1107,122,100,226,866,1179,1092,700,522,772,917,731,1070,656,1053,874,535,853,540,909,642,119,923,901,207,639
1056,1220,608,289,629,867,1143,286,510,0,649,919,703,902,1011,436,1079,825,919,899,545,517,212,789,846,546,846,422,868,342,984,938,1203,859,610,1075,1235,617,371,483,261,562,665,777,362,952,1203,1160,873,547,662,873,422,1051,858,827,1020,601,532,307,680,755,376,613,1082,455,1101,1118,759,641,623,513,489,998,286,571,483,493,545,502,393,1160,584,1055,330,440,483,296,732,420,1179,346,1122,902,918,674,874,842,588,504,636,1122,953,1220,1090,605,884,661,680,594,358,460,803,1091,595,606,856,544,1009,924,882,732,661,1091,804,1280,296,558,361,1189,1133,579,1041,976,700,903,486,576,440,773,1087,846,513,812,984,347,598,298,880,640,587,315,616,651,645,636,834,710,660,1162,867,932,1030,486,649,1082,884,1423,794,929,809,1121,476,653,601,852,1189,388,817,918,1036,513,527,1055,394,1035,893,513,867,435,1202,1248,853,611,835,1006,876,418,779,757,680,767,552,654,785,1185,35,41,624,944,1216,1088,474,869,50,803,892,298,518,129,929,1044,730,813,1163,657,606,640,682,1082,1098,617,388,649,878,648,1136,551,1087,777,439,859,32,870,545,641,884,807,597,513
1019,989,1005,532,1005,561,476,636,1206,785,0,370,1020,341,475,508,667,584,753,529,546,457,722,764,808,406,535,455,327,832,415,389,1044,319,100,515,885,771,696,359,611,376,1018,960,569,759,1044,601,306,509,934,332,455,487,565,1284,980,763,512,705,1105,721,779,553,670,394,896,782,456,637,1028,453,217,434,636,488,703,1189,525,922,734,601,338,515,452,494,903,794,255,503,767,852,813,341,830,25,984,539,440,505,487,813,760,989,885,567,296,1360,1099,286,709,232,563,535,399,519,629,545,450,731,1201,659,1360,782,748,1361,644,573,720,777,851,972,477,868,147,336,199,538,494,687,676,809,515,1232,415,391,994,648,1200,866,1282,665,258,500,368,1012,575,1117,509,926,561,390,471,199,180,669,296,1276,463,511,583,557,1172,502,764,583,625,302,486,500,718,515,523,821,734,726,338,1210,327,648,1045,1436,816,71,266,969,288,805,232,656,1107,732,121,503,243,1386,667,658,1000,677,866,676,670,281,662,603,1212,648,458,643,1040,480,1088,249,1066,506,519,1016,1071,850,687,772,710,180,989,762,574,209,523,603,404,445,752,981,547,490,995,476,1092,329
1208,885,968,495,650,224,458,599,850,715,295,0,1057,485,98,510,827,744,913,569,620,419,685,753,970,369,507,418,239,655,316,19,1178,231,398,658,771,911,778,545,574,540,1018,605,525,917,1178,743,455,671,583,244,418,635,228,1040,1166,898,477,668,1028,879,680,515,830,530,757,759,610,794,990,415,534,582,599,649,783,833,490,805,800,743,498,677,415,457,786,755,416,466,927,815,785,485,990,263,1121,699,403,579,450,785,918,885,746,729,258,992,1032,638,665,504,709,612,560,484,737,619,593,889,1238,812,992,754,171,1675,609,734,668,937,789,935,625,1022,312,188,530,700,457,847,835,970,588,1185,316,463,957,611,1236,999,922,628,422,465,531,657,735,1062,474,801,224,101,613,530,295,829,258,1324,622,644,138,705,816,467,898,690,773,264,645,660,693,588,488,693,801,698,476,511,239,744,1178,1643,977,399,216,1131,250,714,396,816,1028,891,396,468,155,1821,630,621,645,836,752,835,740,243,626,173,1248,611,420,607,1179,628,1084,121,1219,471,484,661,1034,745,846,911,795,295,1128,918,448,482,671,743,513,604,715,1117,620,455,1134,635,734,557
897,1170,263,898,1201,1448,1133,532,1082,697,1229,1511,0,1260,1623,1004,929,803,898,747,810,1092,782,767,825,1123,1017,1175,1449,684,1225,1530,943,1440,1189,1666,1070,378,628,954,620,1061,52,1363,956,931,943,1752,1465,620,1239,1454,1175,1647,1439,1385,968,581,1105,724,547,663,702,1188,932,982,1270,964,868,397,681,1088,1065,1593,532,583,645,1065,1118,700,606,1752,743,904,925,1020,681,856,839,1000,1029,912,1071,1260,897,1254,206,801,1169,957,1231,1071,932,1170,1289,560,1467,1236,72,1170,641,1036,546,1068,893,1179,834,809,1296,903,216,718,1236,1040,1157,370,738,516,642,1039,1247,226,1637,723,960,1495,1062,586,1020,540,937,825,778,252,1225,952,252,592,214,169,1158,579,907,1258,1062,1208,577,33,1267,1062,1448,1535,1622,1062,1229,931,1467,1172,641,776,1390,1716,1048,1260,581,830,1787,965,664,765,1163,778,1101,957,605,984,1494,1086,1448,440,943,434,832,1190,1425,985,1459,656,1000,524,547,746,1150,1261,1366,478,726,739,1196,938,1051,937,581,1452,729,1384,229,592,1093,740,312,1640,70,1408,917,1264,1179,1212,88,1031,948,378,611,1229,238,415,1033,1163,1682,755,1007,707,697,202,810,1248,243,654,1167,1089
1105,675,1353,875,844,631,431,979,1045,1097,716,553,1193,0,447,767,872,789,958,672,716,804,1070,732,971,756,292,801,632,1111,412,479,1217,623,788,342,658,918,947,626,954,694,1248,799,912,962,1217,347,652,761,774,637,801,257,622,1307,1061,1016,1068,1050,1416,901,1036,900,875,658,600,543,651,887,1385,800,685,204,979,741,954,1028,1081,1184,987,347,543,764,800,845,1165,1157,505,853,972,1203,572,180,1035,506,1128,744,790,693,839,572,963,675,589,820,648,1199,1273,963,960,889,716,288,654,1142,716,715,217,934,1370,851,1199,541,623,1540,987,828,971,982,601,1320,247,1067,510,572,721,791,845,840,880,971,704,1598,412,670,1341,990,1368,1116,1121,1007,576,850,685,851,869,1371,859,824,631,528,218,721,716,874,648,1362,667,623,573,327,1011,852,1016,669,395,654,690,623,472,704,1064,540,986,485,124,1049,631,921,1217,1614,1028,523,600,1041,640,1066,550,909,1416,761,697,853,549,1536,1010,1001,839,881,639,880,922,633,1004,567,1464,990,815,985,1186,250,1178,505,1251,856,1142,855,1454,532,891,918,962,716,1135,1012,248,636,293,722,654,649,1099,1124,716,840,1141,680,929,644
1217,1057,1040,567,472,227,510,670,672,787,303,108,1130,436,0,582,832,749,918,697,692,228,757,929,976,441,680,490,313,723,358,52,1253,305,471,399,815,916,846,551,645,545,1090,428,597,922,1253,486,500,678,394,318,490,314,231,872,1177,930,694,740,1100,886,747,587,835,602,811,816,615,801,1068,220,606,261,670,656,852,655,707,873,900,486,503,682,487,529,854,831,422,538,932,887,958,436,995,271,1126,704,483,651,531,958,923,1057,800,736,332,815,1104,710,732,576,714,653,567,768,794,691,544,894,1304,817,815,927,174,1771,677,741,735,942,843,1007,304,1027,320,240,602,707,529,854,840,977,660,1285,358,535,1029,681,1302,1072,744,698,427,544,536,479,742,1135,553,854,227,104,480,602,303,834,332,1494,627,676,141,343,638,546,930,747,78,338,650,665,732,660,689,750,899,871,425,675,313,812,1253,1739,984,472,268,1144,324,781,401,823,1100,898,404,547,229,1534,702,693,467,841,796,840,836,317,697,269,1315,681,211,678,1184,307,1156,173,1225,550,768,484,1106,918,851,916,874,303,1133,925,500,487,350,767,585,609,788,1122,692,534,1139,640,556,495
867,1197,974,501,954,700,681,605,691,721,482,752,865,737,846,0,752,625,726,574,276,523,691,587,654,375,823,424,472,661,818,771,906,476,443,910,841,663,526,121,580,227,1024,883,466,757,906,995,708,384,768,477,424,885,691,1374,833,592,481,674,1034,544,608,619,755,155,1078,845,736,461,996,519,322,832,605,310,533,547,494,748,547,995,561,600,421,660,729,763,514,766,852,821,1099,737,725,507,865,624,409,253,456,1099,758,1197,1067,364,537,834,1038,463,539,292,514,814,139,488,655,275,842,729,1043,569,834,1068,588,1208,615,396,550,862,1110,941,875,743,356,738,318,413,660,509,760,654,264,1201,818,287,963,617,1041,709,763,634,302,469,228,961,396,961,478,884,700,766,865,318,482,753,537,1134,462,595,488,955,657,471,592,652,1023,394,485,584,1013,264,492,779,570,1012,728,515,468,490,906,1282,662,444,671,822,529,645,357,471,1034,572,401,472,618,1289,636,627,949,761,822,760,495,522,632,636,1128,617,524,613,920,878,932,646,944,475,488,965,1040,1059,771,663,542,482,869,590,778,340,921,575,3,529,721,861,276,459,875,475,729,244
546,690,1252,1032,1499,1102,887,1012,1155,1006,970,920,1061,1014,1012,714,0,374,65,295,690,1061,1181,291,129,914,770,959,1088,941,949,939,584,1079,792,1216,486,782,840,671,969,773,1116,1541,923,23,584,1296,1004,580,1519,1093,959,1062,1106,1874,509,781,1023,1134,1217,763,995,1157,2,703,856,588,505,861,1228,1057,856,1009,1012,611,847,1138,1036,1139,880,1296,638,294,958,908,1120,1266,566,1009,121,1315,887,1014,212,760,995,337,949,667,1000,887,24,690,875,507,1003,1309,1140,1006,853,830,574,838,604,1030,359,689,1124,49,1015,406,1309,857,1290,1049,1231,802,864,136,859,1219,1052,530,681,1034,856,537,908,700,29,129,678,1128,949,717,1241,1002,1005,1011,1231,989,747,1011,774,1506,727,1100,1020,325,1102,933,1168,856,970,143,1003,769,329,265,1124,1132,1121,1013,781,350,1200,934,309,254,963,678,1034,522,879,733,1025,1070,935,881,584,1123,349,777,967,257,995,913,721,723,1217,245,868,1014,1005,1071,1095,1158,1494,8,467,334,705,988,1099,1144,936,1002,1062,1144,1050,1055,1046,942,743,1017,1030,1510,1526,846,40,782,854,970,999,813,803,807,1098,279,699,313,1064,991,690,1001,1005,325,1231,772
473,724,977,809,1267,980,774,727,997,717,791,797,787,921,891,486,246,0,307,358,444,837,873,224,234,691,685,735,764,657,856,816,513,768,754,1093,531,504,570,456,684,543,839,1198,676,340,513,1173,881,302,1083,769,735,1059,999,1494,436,506,797,829,930,488,713,933,249,507,855,642,459,556,926,833,635,1006,727,334,577,865,810,855,580,1174,447,114,734,662,836,947,446,762,346,1004,700,921,306,637,720,112,725,421,774,700,341,724,874,229,829,1151,866,779,583,607,296,687,377,804,292,443,901,312,1015,134,1151,669,902,1027,921,553,594,356,858,944,1049,351,561,911,633,259,662,423,254,234,432,1102,856,486,966,717,983,749,1073,704,595,785,544,1274,448,824,794,458,980,811,1046,633,791,247,829,823,77,339,780,1129,963,787,506,289,1197,710,54,328,771,432,808,539,579,613,902,832,760,599,513,1097,241,755,843,438,821,629,601,446,930,149,693,788,926,1111,800,813,1262,255,512,81,428,814,803,944,906,717,838,919,775,1052,772,821,564,791,804,1278,1207,660,265,504,586,791,724,543,652,632,1095,212,489,79,770,716,444,775,730,70,1035,560
476,685,1236,1010,1474,1113,898,996,1100,990,981,931,1046,1025,1023,691,88,384,0,306,673,1038,1162,274,80,891,781,936,1099,925,960,950,540,1090,803,1229,481,766,824,679,953,750,1101,1547,904,75,540,1309,1015,829,1525,1104,936,1073,1117,1883,462,765,999,1115,1201,747,979,1134,85,711,851,583,516,842,1212,1034,868,1020,996,594,831,1083,1012,1123,864,1309,649,305,935,889,1104,1247,577,990,84,1296,882,1025,64,771,979,348,925,650,976,882,76,685,870,490,1014,1254,1125,983,841,816,590,1015,599,1006,342,717,1172,92,1049,401,1343,852,1307,1095,1212,824,852,153,858,1263,1191,515,671,1070,842,543,877,706,241,80,706,1174,948,712,1286,1006,1039,989,1266,993,735,986,771,1614,733,1091,995,350,1124,956,1174,842,996,135,995,805,339,279,1145,1273,1138,988,785,353,1340,921,319,268,939,706,1009,462,863,624,1060,1045,927,874,589,1169,133,800,1000,162,987,917,710,729,1221,226,859,989,1034,1072,1084,1098,1602,79,461,350,699,980,1088,1167,978,1006,1054,1121,1064,1194,1054,980,721,992,1005,1619,1372,831,55,779,841,996,1013,809,888,797,1239,273,729,323,1054,1001,718,976,1019,335,1220,807
686,623,1222,1007,1489,986,788,949,1200,925,858,808,978,899,897,701,301,237,387,0,694,1049,1071,200,393,887,648,950,793,879,839,827,740,969,677,1045,615,713,762,591,897,766,1075,1436,908,380,740,1129,902,695,1395,798,950,1059,991,1792,683,719,994,1093,1154,697,919,1143,304,629,624,354,415,759,1103,1045,706,1006,949,561,769,1095,1007,1058,798,1133,511,97,934,909,1039,1158,451,991,430,1205,634,899,450,645,938,166,921,671,975,634,381,623,643,534,857,1364,1060,1001,775,812,521,918,595,1001,184,693,1004,352,1161,446,1364,580,1154,1377,1084,730,786,405,627,1189,1050,513,533,933,760,588,909,640,309,393,682,1197,839,708,1211,939,1159,923,1286,926,597,982,767,1496,665,1027,991,542,986,818,1032,760,858,327,857,957,190,33,1007,1132,1158,984,719,128,1198,863,170,34,833,682,1005,285,797,304,914,1041,789,808,740,1451,553,662,862,502,849,851,572,663,1154,227,721,985,895,1368,1007,1020,1484,310,596,109,630,842,1010,1029,1272,939,1050,1117,998,1053,989,837,722,988,1001,1501,1296,479,320,713,775,858,947,743,780,659,1098,188,624,174,978,934,694,972,953,186,1572,669
699,1005,867,425,943,620,707,604,610,645,419,669,793,645,758,153,669,485,539,593,0,466,606,426,467,300,577,366,454,705,751,688,781,458,374,791,873,528,549,204,579,167,922,804,427,574,781,874,650,196,689,459,366,806,613,1310,696,605,410,593,956,574,625,560,672,176,829,861,481,491,887,462,261,753,604,368,556,479,423,761,570,874,262,524,347,583,742,677,415,680,799,737,944,645,555,444,755,518,335,147,386,944,575,1005,818,256,520,768,934,406,562,225,338,837,365,417,499,185,745,546,1045,402,768,920,531,1066,609,422,573,777,861,833,796,588,335,680,251,227,583,457,677,467,154,1074,751,305,856,614,1021,727,694,631,281,398,168,950,482,968,407,896,620,679,771,251,419,694,520,1044,476,522,470,878,569,400,605,514,944,328,499,511,759,154,423,795,593,857,658,447,450,514,781,1140,474,375,608,694,512,663,336,476,956,410,382,401,552,1146,560,551,938,566,854,691,520,505,555,570,1008,614,467,535,815,799,805,584,797,404,417,956,940,867,688,528,565,419,764,618,707,320,844,414,156,506,644,751,180,388,770,489,671,184
1450,1164,890,448,492,134,905,627,698,668,341,449,1276,691,304,453,838,761,926,712,577,0,629,795,842,325,794,389,115,678,735,219,1326,113,620,757,1139,1005,802,502,602,327,945,279,492,911,1326,677,666,577,148,129,389,504,147,932,1350,1010,712,616,979,988,710,120,841,474,1015,1041,648,1051,910,3,510,641,627,636,806,674,725,829,1083,677,556,696,370,423,810,1072,465,431,968,987,1069,691,931,309,1236,711,359,533,846,1069,912,1164,1004,632,151,855,957,360,698,475,979,781,486,791,866,576,788,883,1451,776,855,1045,81,1678,631,689,701,946,1215,856,684,1238,384,641,273,605,423,933,846,842,545,1098,735,429,879,637,1449,945,781,654,289,745,318,499,1024,991,754,1078,134,126,648,273,341,864,151,1628,644,693,117,534,658,747,1010,759,437,62,667,682,1049,545,708,977,1109,982,601,693,120,664,1326,1804,848,621,669,1029,143,748,423,956,979,776,234,748,136,1655,583,574,487,847,1120,860,1007,129,578,142,1577,637,17,558,1299,687,1287,573,1429,741,791,505,963,1028,857,1005,1081,341,1248,1040,915,228,732,783,411,626,667,1232,577,735,1254,657,573,279
1130,1399,511,417,579,935,1224,211,453,203,735,979,593,958,1065,518,1151,910,979,962,641,650,0,859,906,630,950,692,950,265,1068,998,1139,941,691,1109,1291,552,401,567,186,714,565,711,491,1016,1138,1193,962,641,596,955,692,1118,928,746,1164,540,465,221,604,692,309,744,1154,539,1248,1184,1093,564,507,552,581,1065,211,789,408,428,478,428,423,1193,700,1007,460,487,409,180,846,514,1280,170,1310,958,995,760,814,1017,663,597,714,1310,1017,1399,1237,696,978,613,579,680,295,546,749,1195,684,545,930,640,1066,988,773,841,613,1286,733,1141,219,507,298,1257,1280,478,1108,939,837,992,572,669,487,688,1159,906,609,702,1075,493,500,222,771,571,537,239,676,497,705,586,794,611,506,1301,935,988,1092,572,735,1176,978,1370,854,1001,891,1190,412,499,540,938,1025,514,877,990,1160,609,460,1223,424,1223,973,447,949,379,1138,1101,912,692,921,1100,970,349,876,672,604,840,637,500,867,1041,238,254,574,1008,1272,1167,705,963,245,885,783,222,651,258,874,1111,664,895,1123,494,545,592,582,1268,1170,552,418,735,823,563,1093,621,1156,847,521,884,206,810,641,487,829,867,498,599
564,826,1181,913,1430,1105,882,910,1103,885,977,927,936,1027,1014,602,329,227,415,283,618,954,1031,0,558,792,747,855,908,840,942,946,857,912,860,1169,642,673,721,580,857,669,1034,1553,767,409,857,1253,1021,476,1184,913,855,1179,1110,1698,556,679,898,1053,1115,657,879,1048,332,624,1027,598,531,719,1062,950,750,1126,910,520,729,966,911,1018,758,1253,600,262,839,768,999,1118,567,850,458,1164,853,1027,478,764,898,252,826,595,879,853,410,826,990,403,972,1266,1018,905,735,717,480,916,499,905,240,617,1171,381,1119,293,1266,829,1019,1331,1044,689,746,433,1032,1148,1172,365,652,1051,743,433,768,599,337,558,606,1155,942,606,1170,900,1117,883,1189,887,716,886,670,1437,624,985,895,569,1105,937,1155,743,977,355,972,1119,282,256,1126,1254,1062,888,679,249,1321,821,259,245,931,606,909,530,757,546,1041,933,904,768,857,1405,565,781,981,772,964,812,691,622,1115,185,836,889,1015,1398,967,980,1425,338,623,331,589,957,970,1148,1226,900,955,1022,958,1175,948,961,578,892,905,1442,1255,812,348,673,735,977,907,703,880,774,1220,149,605,267,938,894,618,876,913,275,1163,686
546,747,1293,1009,1055,1185,922,1014,930,991,1057,1005,1037,1071,1103,703,197,349,76,362,716,1051,1170,283,0,889,789,952,990,943,986,1024,357,1171,875,1184,553,777,826,749,961,768,1144,1608,875,198,357,1337,1103,584,1589,995,952,1121,1192,1369,384,783,947,1188,1219,761,983,1145,196,780,883,598,608,823,1198,1047,903,1068,1014,628,833,907,960,1126,862,1337,704,376,936,876,1107,1255,640,958,185,1304,863,1071,94,843,1003,403,923,693,977,863,199,747,902,511,1057,1090,1119,1003,839,814,588,959,597,1025,356,715,1217,170,1189,399,1090,839,1380,1386,1176,822,850,205,900,1259,1111,486,730,1133,840,541,876,704,205,180,704,1206,986,711,1282,1004,1168,987,1013,991,794,984,769,1062,731,1086,993,480,1187,1019,1236,840,1057,262,1057,628,408,346,1208,1193,890,986,783,371,1259,919,408,335,974,704,943,532,861,694,1122,928,986,872,357,1460,57,860,1059,97,1049,915,769,727,1219,224,918,987,1097,1380,1004,1135,1050,190,534,408,697,1042,1097,1230,1282,1004,1052,1119,1062,1114,1050,1042,872,990,1025,1068,1374,822,216,777,839,1057,1011,807,923,856,1159,271,777,392,1063,999,716,974,1017,424,981,848
933,1157,726,260,537,937,836,440,451,481,737,981,808,960,1076,336,827,729,793,836,458,564,442,677,720,0,787,200,633,492,984,1000,997,943,693,1111,1143,769,624,385,415,556,781,709,344,830,997,1195,964,458,594,638,200,1120,930,1040,928,757,282,429,794,820,531,709,828,357,1042,1045,725,735,723,550,583,1067,440,618,630,426,295,651,646,1195,521,783,181,291,632,513,667,283,957,573,1062,960,809,762,987,755,160,414,58,1062,831,1157,1031,513,697,611,793,682,517,548,602,967,498,289,749,457,1068,802,991,658,611,1038,731,1456,445,670,520,935,1074,692,1110,843,514,994,574,486,291,784,835,720,426,932,984,297,715,450,989,776,535,467,460,270,547,536,745,827,279,1157,937,990,1094,574,737,898,697,1254,728,778,649,1192,410,272,758,757,1258,703,751,767,972,426,458,1046,647,975,975,445,629,605,997,1416,727,694,923,911,689,571,515,725,794,659,639,273,869,1598,395,386,572,822,1124,943,560,682,389,887,1001,450,572,369,1093,1113,880,897,1042,276,289,527,799,1021,846,769,641,737,1042,778,921,499,1158,665,339,758,483,847,458,260,1048,741,508,601
849,440,1302,1057,1553,1038,496,1047,1765,1086,910,860,1049,556,949,750,667,618,755,383,740,1102,1244,512,747,936,0,1008,845,956,557,879,945,1021,729,758,380,790,958,628,1024,815,1154,1513,980,742,945,805,955,742,1473,850,1008,695,1043,1791,846,796,1070,1225,1232,774,1051,1196,670,662,494,286,491,910,1228,1098,758,642,1049,642,967,1741,1083,1193,997,805,657,510,985,982,1174,1331,496,1065,797,1377,325,556,826,697,1013,441,970,717,1034,325,743,440,483,615,909,1930,1131,1050,973,861,602,357,642,1077,496,739,614,714,1232,706,1930,299,1218,1454,1240,847,984,775,526,1269,685,952,585,852,812,772,982,717,675,747,728,1268,557,758,1291,1039,1230,1127,1851,1021,649,1058,816,1560,745,1098,1067,584,1038,870,702,812,910,692,909,1158,688,402,1059,664,1723,1060,796,448,833,915,575,402,428,728,1104,283,996,236,643,1143,841,935,945,1528,817,714,880,830,901,928,624,740,1246,532,773,1061,947,1448,997,987,1548,676,361,539,711,894,1187,1081,1353,1039,1103,1167,1075,688,1060,784,1017,1064,1077,1565,1586,288,686,790,973,910,1024,820,322,711,733,502,657,670,1275,1009,740,1048,1030,701,1636,721
970,1180,735,269,411,944,859,449,331,490,744,988,817,967,1086,366,860,758,826,866,488,445,451,707,753,173,810,0,959,501,1087,1007,1031,950,700,1118,1179,777,633,415,424,575,790,586,392,863,1031,1202,971,488,475,964,180,1127,937,958,959,767,184,438,803,797,540,753,861,387,1065,1075,755,712,732,431,590,1074,449,587,639,306,197,660,655,1202,551,910,159,334,641,522,697,331,990,582,1085,967,842,769,995,783,87,444,103,1085,864,1180,1054,543,727,492,802,689,526,555,631,980,528,191,777,487,1078,835,1000,688,492,1061,613,1465,454,647,529,968,1097,701,1117,872,846,1001,581,516,334,761,868,753,456,941,1092,340,724,459,998,783,416,476,490,172,576,410,717,836,181,1129,944,1000,1103,581,744,868,727,1282,758,905,900,1201,289,174,767,785,905,523,781,894,995,456,354,1029,656,998,987,341,958,613,1031,1425,759,701,930,941,719,580,545,702,803,687,646,175,876,1607,404,395,410,855,1163,1071,489,712,398,894,1010,459,453,378,1102,1122,889,907,1071,178,191,401,808,1044,879,777,650,744,1051,787,944,630,1167,694,369,788,492,854,488,162,1057,771,382,608
1028,1102,839,398,802,45,645,577,583,618,213,118,921,539,187,406,725,651,813,594,530,208,579,748,795,264,674,339,0,629,645,154,1077,113,555,684,989,896,753,455,552,604,894,260,445,798,1077,768,540,530,219,11,339,699,58,1018,1013,886,374,566,928,890,662,417,728,427,927,900,538,805,860,204,445,646,577,686,757,443,387,780,775,768,593,580,320,376,761,651,351,384,855,710,1023,539,884,181,977,598,299,486,350,1023,799,1101,915,585,158,741,906,544,650,410,661,775,568,381,819,529,647,770,1104,729,741,999,78,1270,582,742,653,833,958,805,689,914,230,570,436,558,376,856,733,795,498,1045,645,382,828,587,1102,894,667,604,335,362,595,809,805,940,371,989,45,61,665,436,213,751,158,1321,530,578,22,585,542,364,886,649,487,164,553,567,856,498,387,888,776,936,555,411,121,740,1077,1529,801,556,498,982,150,700,309,796,928,729,502,365,18,1711,533,524,797,734,970,747,659,143,528,24,1114,587,98,508,1137,692,994,478,1114,368,381,815,912,964,744,896,770,213,1086,905,739,502,737,736,409,512,620,965,530,352,1092,543,644,464
928,1222,350,435,777,952,1092,46,652,161,752,996,480,977,1096,603,979,852,921,797,596,667,325,801,848,647,961,709,967,0,1104,1015,963,958,708,1128,1102,326,90,653,64,586,399,908,508,958,963,1212,979,649,793,972,709,1137,945,933,989,364,665,118,55,516,72,761,982,625,1263,1004,921,386,130,663,598,1084,46,622,92,628,678,78,345,1212,711,841,477,504,69,397,857,531,1108,458,1127,977,937,777,592,852,680,552,733,1127,959,1222,1252,595,995,809,413,697,77,563,582,1132,763,745,872,595,1091,930,665,852,809,1103,732,904,79,331,59,1083,1325,317,1127,775,854,1009,589,678,504,510,987,848,564,535,1104,510,339,36,663,328,735,38,719,740,587,784,627,445,749,1105,952,1010,1111,589,752,1005,995,1206,689,836,908,1209,612,742,364,880,1276,531,712,825,1175,564,661,1006,344,1040,997,647,966,196,963,937,854,709,938,1034,987,17,893,494,55,782,654,743,884,976,256,272,772,988,1083,1001,537,980,263,902,672,36,668,276,657,1130,552,915,963,746,745,790,416,1086,998,326,350,752,606,385,1104,638,1175,789,606,719,224,387,596,730,611,702,694,616
942,786,1149,704,924,465,228,885,1133,722,323,276,988,283,381,471,606,532,694,475,521,645,889,554,695,585,358,645,456,735,0,295,1069,447,351,430,694,725,688,340,860,326,1035,881,475,686,1069,519,103,467,856,461,645,345,470,1209,937,752,697,874,1242,723,655,739,609,384,608,669,423,639,1178,641,317,292,885,519,695,1108,710,758,724,519,271,461,629,686,739,964,225,692,736,1020,639,283,765,291,951,479,624,477,675,639,687,786,597,522,486,1296,1070,618,701,434,534,377,368,1226,578,520,400,658,1171,638,1296,615,648,1337,890,571,712,714,640,1116,335,852,141,110,370,495,685,686,614,695,489,1391,180,314,1138,895,1169,850,1219,912,207,685,317,931,677,1092,694,707,465,295,416,370,323,631,486,1265,411,459,486,417,1091,687,752,530,483,492,434,448,541,489,1144,603,723,552,310,1129,455,590,1069,1411,738,336,75,920,478,693,181,625,1242,667,331,688,373,1383,598,830,919,615,675,628,665,471,832,508,1181,895,646,812,1010,338,1060,205,1051,691,1226,937,1228,644,625,724,701,323,958,762,319,269,383,542,379,393,926,946,521,675,964,424,1009,281
1145,933,939,498,671,240,461,677,879,718,304,39,1024,381,71,504,811,734,899,607,628,437,679,800,893,375,514,439,243,729,310,0,1289,234,391,526,829,909,854,553,652,540,994,627,543,884,1289,610,271,628,605,248,439,321,221,1059,1133,987,490,667,1030,934,762,531,814,525,757,817,625,849,962,433,562,203,677,730,858,856,503,881,876,610,482,697,420,474,862,752,438,482,941,809,794,381,970,272,1141,684,417,584,469,794,885,933,746,684,274,1039,1006,661,750,527,723,615,582,497,784,627,490,856,1207,840,1039,770,188,1373,682,786,753,919,789,905,246,1012,357,191,553,656,474,838,819,893,596,1185,310,480,928,687,1205,996,962,704,421,478,531,678,867,1041,487,851,240,118,507,553,304,837,274,1480,617,687,155,349,839,480,987,736,94,280,640,687,690,596,501,751,877,707,398,524,242,840,1289,1650,899,392,219,1091,266,800,396,840,1030,819,405,481,160,1832,633,624,666,820,810,833,752,259,628,178,1217,687,225,608,1205,249,1096,121,1213,484,497,684,1012,795,830,909,871,304,1154,973,473,483,524,790,507,599,718,1137,628,468,1160,630,754,580
413,1087,1483,1203,1225,1408,1138,1200,1098,1239,1206,1241,1231,1294,1346,887,544,571,515,623,902,1256,1391,516,385,1087,1007,1155,1423,1165,1223,1260,0,1414,1160,1407,886,963,1019,846,1177,952,1336,1379,1064,550,180,1576,1339,854,1248,1226,1155,1345,1401,1542,96,968,1113,1372,1468,946,1175,1350,547,877,1104,820,907,1008,1477,1252,1047,1291,1200,816,1026,1073,1126,1315,1040,1576,874,609,1131,1062,1296,1479,868,1147,674,1525,1093,1294,531,1071,1193,519,1133,879,1198,1093,551,1087,1123,718,1288,1261,1313,1191,1032,1011,776,1123,783,1191,589,901,1435,522,1197,621,1261,1089,1202,1243,1423,1014,1043,653,1093,1450,1335,480,958,1369,1037,748,1062,891,552,385,890,1322,1223,895,1472,1190,1187,1169,1184,1243,1010,1222,953,1232,596,1280,1231,826,1408,1261,1476,1037,1206,613,1290,771,623,531,1364,1416,1056,1224,968,604,1485,1116,600,531,1230,889,1109,754,1066,763,1359,1094,1219,1060,180,1317,363,1161,1295,558,1282,1120,998,914,1468,452,1135,1225,1340,1196,1182,1329,1220,542,868,672,885,1275,1332,1358,1115,1193,1257,1312,1257,1338,1241,1278,673,1142,1191,1237,1549,936,563,963,1038,1206,1206,997,1088,1065,1382,504,890,632,1311,1189,901,1212,1212,616,1138,969
1142,1133,849,410,814,61,661,589,595,630,229,134,931,838,203,418,741,811,880,610,542,220,591,760,807,276,687,351,16,641,939,170,1097,0,569,984,1004,908,765,467,564,618,904,599,457,917,1097,1068,841,542,578,21,351,998,74,1161,1030,898,385,578,940,902,675,429,744,439,941,915,554,817,872,108,459,945,589,698,769,451,398,792,787,1068,605,596,332,388,773,663,368,396,871,722,1038,838,896,197,987,614,311,498,362,1038,918,1133,930,597,170,753,916,558,663,424,673,791,580,392,831,541,941,889,1114,741,753,1014,93,1280,594,754,666,849,973,815,988,926,246,871,450,570,388,868,749,807,510,1055,939,394,838,599,1112,904,679,616,350,373,609,821,817,950,382,1017,61,77,967,450,229,767,170,1339,811,594,38,599,554,375,898,839,502,176,834,583,871,510,396,916,788,951,853,419,7,753,1097,1537,813,570,800,993,162,713,325,808,940,741,516,376,28,1719,545,536,777,750,985,769,678,155,530,34,1244,592,99,520,1155,929,1004,775,1183,388,401,791,975,978,773,937,765,233,1115,897,727,489,973,795,412,540,622,1101,557,371,1121,780,655,458
1235,989,1085,628,921,369,695,813,1124,852,168,376,1189,412,466,638,769,697,857,652,633,593,818,722,830,513,651,576,384,864,535,395,1167,374,0,591,1001,862,814,500,788,298,1161,883,692,819,1167,670,358,640,857,389,576,525,362,1323,1180,900,626,789,1166,840,916,687,772,530,885,890,582,754,1115,589,204,471,813,655,987,696,639,1009,851,670,434,753,553,622,990,898,400,632,899,950,836,412,856,192,1093,647,553,592,593,836,820,989,874,694,403,1341,1173,255,973,643,705,630,539,633,743,632,524,791,1372,794,1341,814,725,1815,817,692,903,877,869,1051,515,969,265,391,187,667,622,819,777,830,601,1333,535,454,1074,823,1370,1119,1219,840,367,614,289,928,871,1207,623,1079,369,388,560,187,168,824,403,1500,573,630,325,596,1084,616,900,695,666,409,596,619,729,601,640,957,850,850,443,663,382,740,1167,1775,928,124,319,970,395,958,346,734,1166,856,111,617,301,1518,764,755,916,778,982,784,789,388,757,319,1438,823,594,737,1154,518,1185,371,1182,620,633,930,1179,853,788,862,827,168,1103,874,595,199,539,710,502,555,851,1089,633,604,1109,586,1000,193
1432,862,1061,606,708,346,609,789,910,828,481,292,1165,325,329,615,965,894,1051,859,764,571,794,918,1026,491,458,554,361,840,438,206,1316,352,508,0,809,1012,958,701,764,688,1137,670,670,1015,1316,75,587,840,644,366,554,25,339,1156,1379,1119,604,765,1141,1012,892,665,968,647,825,698,770,965,1092,567,654,116,790,862,961,888,617,986,981,75,636,949,531,600,967,874,602,610,1094,926,761,325,1052,449,1242,843,531,723,571,761,1016,862,814,894,381,1129,1150,738,950,621,858,436,743,611,900,763,435,987,1350,977,1129,736,515,1792,794,903,880,1070,742,1028,31,1166,507,347,650,867,600,958,973,1026,732,1313,438,606,1051,800,1348,1095,1004,817,565,592,679,715,1024,1184,601,987,346,422,151,650,481,1019,381,1712,771,830,302,53,871,594,1121,852,278,387,794,819,516,732,615,692,982,659,241,639,360,954,1316,1752,1121,509,375,1329,373,934,544,945,1142,1053,684,595,278,1653,741,732,702,974,790,980,869,366,735,296,1416,800,572,715,1303,75,1299,277,1393,598,611,716,1156,726,984,1010,976,481,1251,1090,401,631,7,906,618,753,828,1238,764,582,1256,784,783,635
834,264,1426,1267,1631,1252,702,1175,1273,1189,1110,1069,1150,727,1165,889,577,770,665,567,865,1247,1388,647,687,1156,491,1222,1331,1074,769,1088,676,1321,932,939,0,885,944,761,1127,976,1241,1594,1117,675,676,1005,1122,900,1571,1336,1222,873,1257,1927,701,901,1292,1432,1161,881,1129,1341,580,791,528,459,641,955,1402,1243,1000,819,1175,767,951,1252,1306,1264,965,1005,834,630,1194,1115,1245,1484,662,1208,534,1524,473,727,579,900,1116,576,1201,842,1253,473,676,264,547,741,1142,1491,1234,1089,957,1061,728,520,803,1370,631,864,794,647,1334,848,1491,446,1431,1244,1375,963,968,524,524,1392,863,934,807,1025,1021,927,1115,828,585,687,852,1370,769,891,1415,1165,1332,1082,1367,1152,865,1294,977,1638,894,1201,1303,357,1252,1084,895,1021,1110,523,1142,920,790,538,1273,819,1233,1296,901,583,1014,1104,728,538,595,852,1289,453,965,249,819,1274,1329,999,676,1318,692,917,1053,523,1134,1029,844,851,1161,666,999,1297,1249,1281,1127,1116,1626,586,19,723,851,1127,1077,1295,1116,1165,1248,1375,1177,866,1165,955,897,1300,1370,1641,1492,420,596,885,960,1110,1126,936,485,931,910,637,788,772,1241,1112,865,1284,1132,744,1708,859
755,1025,674,628,1005,1248,921,303,885,377,915,1065,410,1042,1161,676,781,631,680,597,674,872,564,582,614,816,764,728,844,214,997,1084,704,848,872,1158,916,0,111,598,206,660,495,1137,676,710,704,1436,1118,435,1022,849,728,1092,1107,1160,729,112,903,538,510,239,222,966,784,629,1077,806,685,187,469,868,764,1038,303,391,118,863,916,492,113,1436,500,765,691,681,473,643,649,709,911,697,946,1042,695,896,377,659,857,633,812,946,711,1025,1066,368,894,1104,494,848,124,731,355,917,552,981,653,673,1237,682,665,573,1104,921,937,668,519,259,135,889,1127,639,1082,555,803,1151,760,462,681,288,789,614,642,732,996,634,663,293,628,326,979,280,670,918,660,1012,405,461,927,911,1247,1079,1327,760,915,836,893,984,464,642,859,1162,846,920,112,659,1233,735,487,631,982,641,899,789,112,868,1204,884,839,235,704,727,624,873,1078,812,885,175,839,272,510,557,771,921,855,785,380,386,1000,702,897,796,321,878,460,861,569,293,873,470,440,1084,425,1132,754,924,981,1014,834,889,800,180,118,915,388,163,881,709,1128,570,624,492,428,373,673,908,393,477,935,699
805,1074,515,464,842,952,1019,124,722,214,753,991,352,989,1087,547,828,674,730,639,544,710,391,630,662,652,859,713,966,208,1108,1010,762,956,710,1167,962,272,0,606,95,530,442,970,544,761,762,1250,934,481,855,971,713,1101,945,1003,787,201,740,380,250,359,126,804,831,578,1191,851,733,432,162,706,602,1047,124,439,46,700,753,35,22,1250,590,812,528,561,26,473,704,545,958,524,991,989,745,777,307,706,693,503,735,991,762,1074,1176,416,872,938,436,686,13,569,403,1038,726,818,700,543,1107,733,523,590,938,966,775,716,110,262,24,936,1173,481,1091,610,828,967,598,442,561,492,836,662,512,559,1108,567,504,108,555,221,815,274,649,754,531,849,453,470,763,957,952,1006,1141,598,753,883,872,1033,512,692,908,1172,683,756,201,702,1243,571,535,681,1087,512,736,835,23,913,1021,721,964,122,762,775,672,711,897,856,864,169,704,476,250,605,655,757,884,837,289,303,837,753,943,843,412,857,294,902,671,108,711,306,572,1094,443,947,807,760,818,851,604,940,847,272,17,753,520,416,983,640,1138,618,550,540,258,295,544,744,525,525,772,547
871,1034,941,482,885,626,614,665,718,576,426,609,735,717,695,352,759,624,673,605,201,458,670,575,607,367,709,430,357,584,841,628,784,361,382,895,924,552,444,0,523,194,779,811,316,703,784,978,663,329,695,362,430,829,619,1261,826,523,481,650,661,460,528,552,762,34,1016,814,572,376,969,454,271,775,665,274,451,547,494,664,465,978,371,743,407,309,645,751,390,407,889,803,953,717,688,254,773,637,408,178,448,953,704,1034,1005,383,407,934,819,375,457,276,486,761,195,488,646,200,826,675,1073,467,934,928,416,1139,669,309,468,867,999,906,819,736,238,696,307,356,309,438,767,607,188,1109,841,141,930,536,922,618,811,664,184,469,195,892,413,851,478,918,626,620,868,307,426,814,407,1154,472,620,373,900,679,471,523,652,970,316,495,609,928,188,492,796,488,876,751,515,353,403,784,1213,617,252,625,806,399,571,239,352,661,550,285,472,369,1243,447,608,880,695,905,774,416,392,612,375,1036,536,459,592,830,822,823,675,948,475,488,894,1035,898,778,552,460,426,779,499,709,223,866,563,29,545,703,769,201,459,785,485,737,104
1020,1303,404,325,1003,820,1026,29,729,115,620,859,503,855,940,443,1034,878,938,842,592,578,414,835,870,519,880,463,834,64,985,878,983,824,576,1033,1181,440,251,503,0,584,477,928,405,969,983,1118,801,598,813,839,463,967,813,1017,1008,409,632,80,119,565,182,672,1037,475,1211,1067,941,415,67,574,468,913,29,646,258,707,645,278,273,1118,641,1015,388,427,259,496,790,411,1163,547,1218,855,953,644,670,909,559,551,599,1218,970,1303,1200,621,853,946,491,552,82,435,608,1206,617,639,904,591,964,941,672,734,946,1187,643,980,73,366,85,1139,1243,370,957,810,721,834,464,625,427,538,1042,870,560,601,985,433,393,32,698,341,822,49,544,620,614,1010,658,522,629,1160,820,865,1009,464,620,1088,853,1227,717,896,776,1038,690,622,409,906,1108,437,740,885,1113,560,646,1068,274,1127,889,728,832,226,983,985,879,577,764,1068,845,81,758,522,119,807,521,623,752,1105,147,161,998,961,1162,1048,571,838,152,770,932,32,579,165,728,960,588,813,994,626,639,1012,494,1167,1053,440,268,620,677,413,1010,520,1004,823,446,745,116,666,592,610,683,730,779,490
862,1066,856,374,770,515,555,557,609,596,314,558,893,556,647,499,707,609,658,589,305,341,562,560,592,251,657,322,226,606,678,577,877,230,269,734,976,626,615,277,532,0,931,698,330,687,877,814,501,314,582,231,322,668,508,1117,817,693,368,554,931,631,535,435,710,312,964,865,520,547,863,337,158,614,557,446,603,434,381,625,652,814,338,691,299,484,606,642,338,494,837,695,958,556,673,115,850,585,294,266,338,958,688,1066,953,368,263,825,943,244,515,170,471,701,356,375,631,304,668,659,1058,452,825,933,285,1289,559,480,518,815,947,821,658,721,99,534,176,341,484,609,715,592,273,1069,678,157,845,566,1087,776,702,583,71,356,5,777,640,977,365,970,515,569,704,176,314,762,263,1145,522,568,242,739,570,358,694,637,809,198,545,557,876,273,379,848,651,856,587,402,222,454,877,1521,602,109,463,797,255,578,106,522,931,535,154,359,238,1264,509,500,765,679,957,722,587,248,504,244,1187,566,342,484,907,661,981,514,933,362,375,779,949,931,726,626,628,314,856,668,655,92,705,548,202,493,596,846,305,346,862,535,629,21
992,1280,206,763,1219,1252,1235,434,1096,559,1051,1299,110,1301,1395,873,1010,853,913,819,1022,1004,729,810,845,949,1050,892,1266,434,1324,1318,959,1256,1006,1479,1158,428,661,956,515,1005,0,1370,837,944,959,1566,1242,665,1239,1271,892,1414,1245,1365,985,622,1113,600,464,704,722,1098,1013,903,1398,1044,915,520,531,1000,896,1358,434,622,678,1073,1126,773,639,1566,970,992,820,861,754,809,885,841,1139,861,1195,1301,928,1075,266,886,993,983,1045,1195,945,1280,1376,598,1291,1315,105,980,674,863,585,1214,890,1191,879,1021,1424,916,286,773,1316,1164,1069,517,581,588,675,1115,1380,169,1404,788,1150,1275,892,624,861,617,1018,845,990,333,1324,863,195,427,318,248,1192,414,993,1082,1022,1226,635,92,1091,1137,1252,1314,1458,892,1051,1064,1291,1205,694,873,1208,1484,1056,1084,622,881,1556,867,717,862,1287,990,1109,1045,638,1104,1342,1094,1264,740,960,572,854,1007,1203,1043,1283,493,1187,601,464,782,926,1085,1184,639,589,601,1214,936,1139,1025,706,1276,591,1202,379,427,1005,601,368,1407,149,1257,972,1088,1191,1229,64,1144,1029,428,644,1051,294,492,1179,918,1450,798,876,722,559,262,1022,1072,299,707,1137,918
1080,1383,817,415,53,518,969,598,268,637,601,694,836,936,390,621,1089,963,899,805,769,52,721,796,831,456,996,519,122,647,797,713,873,129,750,841,1344,576,648,679,573,843,952,0,675,930,873,811,883,775,89,130,519,775,523,630,898,598,285,595,1076,579,699,358,1092,651,1333,1235,887,653,904,38,734,721,598,607,655,245,298,791,685,811,813,951,340,605,772,665,722,615,1218,586,1307,936,914,569,799,962,313,728,332,1307,931,1383,1322,584,623,488,964,818,661,701,571,1149,794,363,865,768,955,902,1001,911,488,1276,241,1203,600,653,686,1194,1300,840,765,860,627,707,730,802,605,525,1097,831,737,1147,797,611,806,607,1030,776,364,624,685,318,834,60,621,898,327,1330,518,700,799,730,601,1143,623,1125,680,946,124,680,228,320,598,867,517,104,703,935,1233,737,281,1253,684,1200,763,266,121,760,873,1416,840,751,735,950,615,708,664,548,1076,768,765,321,522,1308,550,541,48,1098,1325,1101,613,608,545,561,1101,607,63,525,856,768,851,639,1044,314,363,65,970,1256,1108,576,661,601,805,634,969,750,812,784,624,871,636,795,769,308,811,693,135,756
1016,1191,928,461,442,652,835,644,391,683,452,695,1032,691,776,303,855,743,803,789,450,406,649,700,735,346,763,98,666,695,812,714,1022,656,408,869,1115,779,813,364,619,444,1004,642,0,834,1022,952,636,456,526,671,98,803,645,980,963,822,391,635,1004,762,747,500,832,336,1076,1002,705,676,954,402,299,749,644,544,815,368,422,840,773,952,499,885,172,257,821,730,638,237,985,782,1070,691,818,476,996,766,199,409,193,1070,835,1191,1065,510,685,609,1016,380,804,263,614,1003,478,408,769,449,800,806,1197,594,609,1039,471,1659,648,612,734,962,1062,893,793,863,543,669,292,483,257,740,863,735,418,1179,812,271,917,654,1226,964,485,671,406,271,435,441,683,1050,280,1088,652,701,842,292,452,922,685,1275,664,766,608,874,352,273,822,771,944,264,687,755,982,418,386,964,772,963,725,373,664,557,1022,1619,744,409,598,926,677,787,580,654,1004,672,342,274,584,1763,596,587,509,826,1096,916,453,670,591,602,1294,654,407,571,1057,796,1117,649,1075,277,408,432,1022,1057,874,779,749,452,1006,796,930,341,840,688,306,689,682,992,450,261,1012,677,413,318
518,670,1265,1029,1527,1091,845,988,1124,1010,964,914,990,1008,1004,667,27,362,33,280,742,1009,1209,293,96,920,731,986,1170,900,963,933,537,1160,784,1124,496,737,795,638,948,752,1080,1483,823,0,537,1287,970,777,1442,923,986,1058,1096,1886,469,753,1066,1193,1197,733,981,1103,24,668,799,536,507,807,1198,1005,831,1004,988,613,802,1101,1079,1116,832,1287,613,284,958,828,1097,1305,538,916,124,1345,852,1008,95,752,955,322,965,719,1017,852,0,670,818,499,969,1343,1074,936,808,825,576,884,586,1219,377,741,1160,31,1155,365,1343,827,1270,1082,1193,840,819,164,807,1231,1048,456,660,1003,868,529,828,680,140,96,729,1191,963,668,1254,976,1184,935,1219,963,718,1054,753,1537,744,1041,1063,425,1091,923,1178,868,964,146,969,804,317,253,1112,1129,1084,1056,753,329,1199,869,297,242,950,729,1137,467,831,574,1058,1122,914,850,537,1155,149,769,933,189,961,871,697,703,1195,207,846,1057,1088,1115,960,949,1525,18,477,324,697,954,1097,1134,953,976,1010,1139,1015,1051,1004,985,706,1060,1219,1540,1344,795,66,737,808,964,964,788,849,784,1095,281,665,301,1065,951,742,1044,970,313,1165,736
452,1038,1471,1227,1211,1403,1169,1199,1089,1238,1213,1220,1195,1292,1316,850,528,537,481,571,877,1207,1423,528,368,1116,982,1182,1167,1130,1258,1239,180,1171,1168,1410,886,933,999,828,1176,936,1286,1365,1015,510,0,1599,1276,775,1234,1172,1182,1345,1407,1550,96,949,1108,1392,1440,929,1178,1301,508,858,1113,811,862,1004,1469,1203,1057,1289,1199,815,1006,1068,1121,1313,1020,1599,846,629,1154,1013,1294,1525,832,1106,658,1559,1128,1292,496,1051,1161,507,1161,854,1213,1128,511,1038,1132,702,1222,1311,1278,1138,1012,1021,776,1113,764,1186,599,876,1486,482,1171,582,1311,1096,1150,1217,1418,978,1023,636,1095,1437,1335,450,959,1309,1050,732,1013,876,536,368,864,1296,1258,852,1460,1221,1161,1125,1187,1208,954,1141,937,1220,572,1244,1150,833,1403,1235,1491,1050,1213,594,1222,772,588,521,1183,1415,1051,1143,949,605,1487,1064,565,521,1219,864,1104,747,1021,763,1375,1089,1163,1048,180,1291,345,1169,1237,655,1214,1085,996,899,1440,437,1079,1144,1346,1254,1144,1133,1208,502,867,676,899,1207,1355,1364,1089,1221,1208,1335,1223,1338,1210,1291,602,1137,1186,1223,1531,947,547,933,1015,1213,1171,986,1078,1009,1381,516,853,597,1288,1157,877,1131,1177,581,1132,926
1427,869,1153,696,858,439,563,881,1060,920,574,385,1293,270,591,705,1062,936,1148,682,856,662,887,866,1110,582,403,641,453,932,395,299,1402,443,599,108,755,1103,1056,690,856,781,1235,820,761,1112,1402,0,378,829,794,458,641,67,432,1328,1374,1112,696,856,1234,1041,995,756,1065,735,768,643,860,958,1182,658,742,221,881,851,1063,764,709,1083,1078,180,729,741,621,691,1064,980,591,701,1191,1019,707,270,1149,542,1348,935,623,815,665,707,1113,869,757,883,472,1281,1241,826,1047,709,949,385,732,703,850,855,380,1084,1473,1067,1281,681,660,1888,885,892,974,1167,749,1119,73,1233,600,298,738,856,691,1051,1070,1110,824,1404,395,697,1142,891,1471,1188,1156,908,658,684,772,865,1115,1290,693,937,439,513,105,738,574,1116,472,1628,862,754,395,66,1020,686,1112,802,420,478,885,754,465,824,707,637,1079,604,186,731,451,1046,1402,1848,1119,600,326,1333,464,1040,637,934,1234,885,773,687,371,1747,832,823,853,1071,736,1074,963,457,824,389,1536,891,663,804,1399,72,1384,228,1454,690,703,867,1260,737,1081,1103,1073,574,1347,1081,350,724,61,856,708,844,919,1344,856,674,1352,875,934,728
1306,832,1360,898,873,641,386,1081,1075,1120,779,587,1164,252,486,685,868,797,955,557,660,860,1092,735,982,783,465,844,655,1042,302,501,1237,645,801,429,816,918,877,560,1056,586,1252,835,965,918,1237,520,0,700,809,660,844,291,634,1342,1253,964,897,1062,1442,903,979,954,871,590,730,705,672,817,1396,856,575,235,1081,714,884,1052,910,1114,914,520,632,620,824,893,1095,1188,460,903,998,1228,677,252,955,392,1145,662,824,637,866,677,919,832,719,754,674,1296,1248,681,890,911,760,530,599,1170,719,659,377,890,1347,879,1296,743,675,1589,1085,755,901,974,712,1326,281,1107,405,63,613,727,893,882,876,982,647,1614,302,550,1349,1091,1345,1041,1171,1108,463,885,577,880,926,1280,894,810,641,708,410,613,779,923,674,1474,674,623,597,361,1035,887,964,671,434,680,697,623,577,647,908,684,913,666,300,1073,653,848,1237,1663,991,409,54,1200,666,997,442,797,1442,754,591,888,573,1566,1033,1024,868,877,797,741,852,659,1028,591,1490,1091,861,1008,1207,284,1253,182,1278,891,1170,882,1477,696,887,918,890,779,1155,938,436,529,327,725,587,656,1120,1141,660,875,1161,687,950,533
622,846,881,576,976,945,688,491,740,521,622,771,627,809,852,307,438,333,397,370,106,551,708,284,327,461,505,452,558,529,756,790,653,562,578,923,720,368,386,317,468,288,708,1295,398,426,653,1143,827,0,1254,563,452,857,815,1333,573,389,587,682,603,366,473,645,441,347,812,628,470,318,814,547,470,803,491,116,393,718,600,609,407,1143,214,538,501,404,590,787,367,491,568,840,764,809,412,609,594,359,553,83,540,764,427,846,801,91,608,957,711,576,399,368,199,660,315,594,355,105,930,398,895,168,957,739,617,908,698,251,410,546,795,846,847,449,516,860,508,64,404,307,446,327,93,970,756,398,870,481,865,560,833,486,385,575,289,983,368,690,584,690,945,777,1034,508,622,492,608,902,237,415,574,928,701,577,389,361,998,410,260,404,724,93,598,559,430,662,914,621,554,346,653,965,334,579,790,545,600,516,553,295,603,260,486,578,570,1033,401,350,971,417,701,569,103,593,604,576,860,481,552,613,656,850,643,839,676,581,594,778,941,710,457,368,402,622,605,441,625,424,894,272,344,265,572,590,106,565,610,250,759,415
1203,1179,865,477,124,271,846,660,339,699,365,449,912,713,266,690,862,791,949,756,839,287,791,871,906,525,786,588,360,711,674,468,959,351,507,718,1139,653,715,748,635,911,998,72,744,912,959,692,659,845,0,365,588,652,276,605,984,672,353,647,1019,653,763,430,865,720,1105,1025,667,727,962,273,802,598,660,686,722,316,366,856,752,692,530,846,402,674,837,733,496,684,992,655,1096,713,989,333,874,740,381,798,550,1096,913,1179,1094,660,382,557,1010,886,820,769,647,1017,635,433,940,838,837,884,1077,983,557,1065,153,1313,664,727,750,968,1137,888,642,932,401,584,798,872,674,599,870,906,807,1191,674,680,854,670,1106,852,433,687,459,385,902,131,695,1044,394,1113,271,460,681,798,365,917,382,1204,751,727,220,561,299,387,672,789,394,339,774,716,1005,807,348,1009,751,989,645,335,359,824,959,1471,915,508,612,1027,374,803,438,622,1019,843,833,388,277,1294,612,603,119,871,1120,877,675,367,607,314,1215,670,298,587,931,645,926,516,1117,382,433,136,1016,1045,881,653,728,365,880,708,846,818,689,859,693,650,698,870,839,375,886,764,206,824
1116,1095,853,375,758,42,613,558,610,597,214,450,956,567,539,386,736,664,824,619,537,329,563,787,822,252,687,323,111,607,688,469,1157,102,519,745,1004,913,725,446,533,567,928,686,437,786,1157,825,512,543,570,0,323,679,55,1105,1073,874,367,555,930,845,659,423,739,418,994,892,549,759,864,325,411,625,558,658,727,433,380,752,747,825,586,720,300,372,733,646,367,377,866,696,989,567,905,182,1138,614,294,496,335,989,787,1095,983,597,136,826,940,495,716,378,697,760,560,374,856,536,676,758,1121,679,826,963,94,1543,560,697,646,844,977,818,669,950,231,545,407,570,372,824,744,822,505,1059,688,378,842,567,1150,889,703,584,336,355,558,765,863,974,364,997,42,461,715,407,214,791,136,1389,540,597,19,750,571,357,874,662,464,142,563,586,906,505,378,874,748,886,598,401,110,720,1157,1503,831,520,474,1017,128,699,314,739,930,759,465,358,7,1646,510,501,700,745,977,726,679,121,495,13,1132,567,315,475,1200,644,976,525,1165,361,374,767,946,897,755,913,742,214,1148,877,708,464,665,776,385,499,585,955,546,361,1131,530,780,437
1061,1209,772,258,441,909,830,432,424,477,717,972,801,953,1077,340,848,777,823,824,499,554,457,739,755,180,863,180,924,481,1093,991,1035,933,681,1098,1206,817,527,408,407,578,837,703,389,847,1035,1214,903,495,586,929,0,1053,903,945,1001,749,185,446,827,813,526,742,845,380,1200,1096,905,727,768,540,565,1005,432,600,612,395,198,638,549,1214,612,968,182,328,619,537,762,325,997,594,1114,953,839,742,1001,795,87,458,106,1114,848,1209,1189,549,672,636,852,634,514,531,662,990,517,192,809,498,1073,822,979,662,636,1090,725,1198,434,604,517,974,1232,736,1043,876,500,932,556,522,328,775,878,755,467,985,1093,334,761,441,977,776,510,458,446,173,579,440,720,881,182,1120,909,991,1079,556,717,986,672,1279,717,888,946,1130,378,175,749,804,999,521,740,878,1090,467,382,1037,550,1028,976,369,613,610,1035,1442,763,682,867,918,664,564,501,744,827,682,617,176,849,1610,393,384,440,839,1187,1001,506,657,387,867,1048,441,563,367,1065,1046,895,895,1059,179,192,431,853,1075,889,817,544,717,1014,782,990,616,1067,727,343,773,477,870,499,163,1020,730,412,581
1353,830,1104,643,638,380,656,817,842,862,474,334,1125,338,252,659,942,877,1022,784,823,598,841,963,1022,528,485,614,395,868,510,248,1252,404,558,32,806,970,915,680,792,766,1170,597,719,1030,1252,83,486,815,573,400,614,0,374,1068,1293,986,855,807,1184,964,914,690,945,696,794,718,716,933,1145,594,703,155,817,827,1005,815,868,1029,937,83,604,932,571,653,1010,930,580,659,1068,977,734,338,1069,443,1190,823,586,781,610,734,1031,830,732,869,426,1053,1185,772,902,669,810,469,725,935,947,822,454,1005,1296,911,1053,710,428,1535,821,870,905,1044,826,1068,10,1147,476,406,694,842,653,903,949,1022,791,1355,510,659,1093,827,1294,1105,925,844,616,649,810,645,945,1223,658,1017,380,438,149,694,474,1000,426,1598,755,853,417,49,798,651,1093,900,201,432,778,853,702,791,851,916,938,648,255,836,412,974,1252,1800,1030,559,434,1210,418,952,579,948,1184,952,564,652,320,1602,778,769,633,951,787,965,933,411,772,338,1371,827,599,752,1255,9,1219,337,1347,655,935,648,1193,695,960,970,932,474,1204,1055,423,719,18,953,662,737,861,1187,823,639,1210,768,713,719
1074,987,886,404,748,6,522,578,954,623,171,405,911,510,503,426,669,604,751,642,590,358,602,781,767,287,640,376,148,627,628,424,1035,157,313,651,964,760,674,402,553,433,954,870,489,756,1035,766,460,539,843,29,376,609,0,1168,1014,831,422,589,960,749,673,450,672,432,942,873,453,682,913,354,465,561,578,580,755,490,435,783,696,766,324,659,332,419,764,683,301,425,796,739,891,510,795,140,977,550,347,549,371,891,757,987,880,593,183,1170,969,534,661,431,591,678,445,429,652,589,622,731,1090,650,1170,867,87,1309,580,619,664,774,974,850,599,866,187,489,456,566,419,690,676,767,558,1116,628,425,875,587,1088,891,1042,604,334,410,423,755,725,998,419,930,6,420,630,456,171,729,183,1297,482,577,18,686,511,412,831,605,740,189,505,567,850,558,434,829,697,805,531,457,165,733,1035,1554,775,314,423,930,175,711,295,698,960,694,261,413,73,1384,539,530,743,678,945,691,692,168,533,35,1160,587,359,513,1041,602,1005,453,1049,416,429,758,970,852,687,760,691,171,990,801,613,368,623,613,409,464,623,973,590,400,996,495,823,481
1032,1184,784,271,29,549,994,445,249,490,585,837,843,823,437,317,822,751,797,800,474,120,470,713,729,148,838,239,190,494,942,856,833,197,548,893,1132,595,540,386,420,595,843,284,357,821,833,851,773,470,154,198,239,823,549,0,859,602,65,459,840,576,539,256,819,358,1161,1022,893,653,781,106,432,774,445,647,625,221,72,651,562,851,587,944,195,296,632,550,760,293,972,588,1089,823,813,610,805,769,203,433,173,1089,822,1184,1150,524,664,183,858,501,527,398,605,1068,495,58,783,473,937,796,1053,637,183,1065,300,1199,447,658,530,950,1193,742,813,829,658,802,423,497,296,517,852,729,442,991,947,302,773,454,1051,782,53,471,424,203,585,36,607,887,212,1096,549,847,950,423,585,961,664,1090,693,864,496,712,202,205,602,778,573,171,716,854,1051,442,258,1005,563,1003,847,243,189,599,833,1448,737,549,737,893,656,577,752,540,840,656,485,206,558,1307,406,397,24,813,1113,977,590,649,400,584,1093,454,130,380,865,816,852,765,995,88,58,41,859,1050,863,595,557,585,814,616,1085,484,865,701,320,749,490,801,474,287,820,706,111,448
59,918,1359,1126,1095,1280,1017,1124,966,1129,1077,1089,1083,1167,1194,760,430,422,388,473,777,1071,1330,415,266,1014,873,1104,1055,1023,1108,1108,253,1059,1039,1280,751,827,872,738,1067,835,1185,1266,920,410,253,1449,1136,653,1135,1060,1104,1210,1265,1395,0,841,976,1298,1084,816,1064,1163,408,768,1002,751,704,893,1343,1067,920,1161,1124,706,879,936,989,971,906,1449,762,525,1056,934,988,1430,733,1006,556,1362,971,1167,404,921,1049,406,1077,754,1115,971,411,918,1021,579,1111,1182,1163,944,885,887,664,1039,673,1056,486,776,1339,385,808,464,1182,951,1281,846,1313,867,903,529,984,1325,1200,346,855,1165,912,610,934,757,437,266,767,1022,1108,763,1348,1114,798,1029,1054,1101,862,1010,836,1102,472,1130,1019,754,1280,1108,1315,912,1081,544,1111,583,518,420,1071,1286,919,1012,841,484,1343,943,449,420,1097,767,972,653,905,890,1218,957,1051,931,253,911,244,1044,1098,335,1103,978,902,780,1084,338,969,1013,1215,870,1032,1255,1090,402,777,557,776,1096,1258,1233,728,1114,1075,1238,910,1203,1093,1129,478,1005,1056,1105,1297,856,448,827,884,1081,1063,855,1004,901,1252,403,763,574,1192,1045,777,1000,1069,465,1035,852
749,1015,664,682,1064,1194,947,433,935,429,1043,1003,400,1097,1108,752,693,628,683,553,714,908,625,591,617,866,801,728,842,322,1037,1022,664,846,868,1210,878,78,114,630,209,827,495,1235,678,707,664,1362,1049,462,1104,847,728,1139,1194,1170,690,0,945,599,373,449,338,1000,696,660,1134,805,624,210,550,904,752,1091,433,419,121,905,958,275,128,1362,523,683,748,690,292,707,647,760,820,762,926,1097,699,835,365,574,823,672,810,926,708,1015,1106,390,896,1151,480,936,127,789,377,952,665,1025,660,713,1220,682,642,496,1151,902,973,667,606,288,138,798,1116,628,1129,512,769,1078,814,416,690,353,700,617,682,739,1037,755,653,390,621,345,1023,377,671,847,828,1071,379,447,856,841,1194,1022,1229,814,1043,753,896,954,432,601,858,1216,888,849,180,656,1271,781,455,591,1007,682,941,738,129,840,1123,926,838,251,664,732,626,852,1012,791,888,281,812,337,373,537,772,850,854,768,358,364,1059,702,859,715,337,881,518,860,546,390,909,526,425,1132,409,1043,690,853,1025,1074,709,887,711,78,123,1043,374,193,917,710,1182,578,755,488,487,361,714,837,380,445,1003,728
992,1163,753,243,267,750,961,417,236,462,557,809,779,795,898,289,795,723,770,772,446,371,442,685,702,120,818,211,765,466,912,828,976,774,520,937,1103,801,512,358,392,567,818,517,329,794,976,1054,745,442,403,770,211,895,744,770,932,735,0,431,812,727,511,507,792,330,1137,994,865,693,753,357,404,846,417,591,597,115,13,623,534,1054,559,916,167,268,604,522,732,265,945,579,1069,795,786,582,860,741,60,405,47,1069,795,1164,1126,496,795,130,833,473,499,370,611,1029,467,7,755,445,905,769,956,609,130,1045,543,1461,419,630,502,923,1169,717,885,823,628,774,395,469,268,668,825,702,414,966,912,274,742,426,954,754,325,443,397,51,557,266,745,862,60,1058,750,819,919,395,557,935,795,1225,665,836,787,971,162,53,735,750,1027,421,688,826,1027,414,12,953,535,983,819,73,782,571,976,1423,710,521,709,866,787,549,722,709,812,629,457,54,690,1591,378,369,266,786,1084,948,562,780,372,708,1025,426,380,352,1057,888,873,737,1006,29,7,257,834,1030,836,801,529,557,1006,768,1052,456,909,673,292,721,462,848,446,41,1012,678,238,420
1180,1401,339,628,852,1113,1394,295,727,433,919,1182,365,1167,1287,733,1086,1003,1048,923,895,852,596,964,980,810,1318,734,1128,279,1306,1201,1094,1137,883,1314,1317,594,541,798,392,853,400,1001,685,1072,1094,1428,1115,891,886,1133,734,1270,1107,1051,1120,788,740,0,345,758,459,944,1089,770,1521,1215,1007,715,424,848,767,1219,295,811,651,700,753,610,559,1428,1015,1071,694,724,627,678,1165,704,1212,733,1317,1167,1064,944,446,962,867,853,891,1317,1073,1401,1647,782,1160,936,415,836,528,733,769,1425,903,820,1034,894,1285,1047,548,1059,936,1298,917,726,474,753,489,1188,1503,302,1260,908,865,1144,758,918,724,842,1093,980,863,533,1306,731,328,272,546,337,810,254,837,930,854,859,771,443,939,1242,1113,1201,1294,758,919,1144,1160,1367,819,989,1150,1345,688,932,788,1031,1405,725,842,979,1555,863,741,1166,558,1236,1197,726,1145,625,1094,920,988,884,1077,1166,1152,316,872,826,345,907,797,933,1053,832,462,474,852,1095,1298,1104,805,1145,464,1071,601,272,853,472,591,1263,460,1108,1074,936,825,867,416,1275,1104,594,564,919,602,682,1368,782,1311,952,736,875,433,434,895,920,608,832,802,783
993,1194,321,587,996,1070,1140,89,867,392,878,1139,261,1124,1244,692,917,852,901,763,854,811,559,815,833,769,993,693,1085,43,1231,1158,912,1094,842,1271,1093,368,354,860,107,898,380,1157,644,926,912,1385,1072,698,1036,1090,693,1224,1064,1182,938,764,880,434,0,537,437,903,920,890,1343,985,842,492,386,807,726,1175,89,712,423,840,893,383,332,1385,753,907,653,684,400,641,903,663,1043,696,1099,1124,917,903,307,798,824,812,850,1099,927,1194,1332,615,1117,1083,395,795,121,692,602,1159,807,960,885,853,1242,901,445,865,1083,1075,876,619,436,681,100,1019,1289,282,1214,742,1091,1101,717,725,684,621,924,833,822,513,1231,690,310,162,443,205,955,149,908,887,899,1003,604,387,896,1049,1070,1158,1251,717,878,975,1117,1164,656,827,1107,1300,823,889,764,881,1359,684,679,817,1233,822,876,944,331,1013,1145,861,1102,552,912,683,841,843,1034,996,1109,48,831,605,180,760,756,890,1010,724,421,433,991,926,1074,939,594,1102,423,1028,498,162,812,431,648,1217,356,1065,908,893,960,1006,396,1060,935,368,337,878,597,461,1124,741,1266,803,695,712,392,295,854,877,603,669,937,742
781,1014,662,657,1039,1214,901,443,910,404,952,1023,398,1046,1128,635,723,658,700,576,622,883,600,620,634,841,755,697,793,332,983,1042,698,797,914,1159,899,133,166,586,351,601,493,1210,647,724,698,1383,1070,413,1079,798,697,1088,1140,1139,724,131,920,582,388,0,356,975,726,616,1133,810,651,185,560,879,798,1040,443,449,173,880,933,285,185,1383,479,713,723,653,302,682,629,735,850,737,925,1046,716,855,363,604,901,581,779,925,725,1014,1049,420,847,1126,478,712,179,764,407,906,525,1000,690,621,1163,699,640,580,1126,901,948,665,581,208,190,828,1115,626,1078,544,789,1099,789,440,653,177,730,634,590,737,983,610,651,400,619,363,998,387,622,816,602,1046,409,445,825,870,1214,1042,1249,789,952,783,847,995,462,631,809,1165,863,818,131,685,1220,756,485,621,963,590,916,769,204,839,1143,901,789,226,698,730,643,915,1032,802,839,291,832,161,387,565,723,819,805,766,333,339,1034,732,880,745,293,832,493,811,544,400,884,501,423,1081,407,1063,722,822,1000,1049,727,886,741,133,180,952,372,148,871,661,1131,608,613,518,462,359,622,806,378,475,978,684
967,1160,606,480,854,964,1073,186,729,231,772,1033,369,1012,1138,550,883,819,867,730,535,705,424,782,799,662,929,747,979,52,1164,1052,869,988,736,1156,1059,305,99,615,124,514,467,1005,541,891,869,1271,960,621,890,984,747,1111,958,969,895,342,742,406,425,502,0,797,886,587,1273,951,809,355,400,701,620,1063,186,630,200,702,755,224,121,1271,680,874,547,577,205,503,830,556,1009,561,1065,1012,883,797,361,765,717,494,743,1065,892,1160,1268,581,881,938,449,626,86,586,568,1095,731,822,852,534,1130,866,552,788,938,1041,770,733,400,269,35,985,1255,570,1101,708,710,989,611,648,577,534,890,799,503,588,1164,583,595,176,550,296,812,163,656,780,515,861,570,416,789,1016,964,1052,1136,611,772,943,881,1123,623,794,1001,1188,685,782,342,848,1243,577,646,784,1169,503,738,912,122,979,1033,723,823,133,869,798,807,737,922,961,873,39,711,518,425,726,666,783,904,839,314,326,849,892,1040,906,512,866,316,922,608,176,706,324,664,1104,464,955,884,786,822,864,688,1026,901,305,116,772,613,374,1060,651,1125,770,553,679,285,349,535,770,619,636,799,531
1593,1133,1307,890,537,299,714,1064,740,1109,375,476,1357,710,387,1060,852,788,933,818,1222,72,1094,1307,1348,909,788,999,84,1115,789,495,1353,88,546,800,1131,1080,1139,586,1039,625,1456,292,1116,940,1353,778,660,722,420,89,999,730,299,971,1377,1095,753,1062,1444,1073,1161,0,855,616,1090,1021,632,1153,1408,68,691,681,1064,1148,1252,713,766,1276,1174,778,510,843,819,1049,1257,1145,486,1052,978,1051,1039,710,979,344,1315,734,777,1183,939,1039,941,1133,1079,1116,61,950,1461,760,1149,657,1104,858,629,833,836,1221,820,915,1528,827,950,1015,114,1750,1068,795,1152,956,1122,1326,720,1325,384,685,682,749,1049,1013,859,1345,1190,1613,789,1055,1296,1074,1526,1370,823,1091,526,787,615,544,1102,1404,796,1109,299,491,738,682,375,913,61,1400,666,763,100,639,696,789,1095,789,478,28,689,753,993,1190,749,1015,1173,953,719,734,80,1187,1353,1951,1353,547,623,1499,53,1199,487,1036,1444,1254,465,790,96,1739,1025,1016,532,861,1112,875,1086,36,1019,102,1647,1074,73,999,1369,723,1368,616,1508,782,833,549,1480,1000,870,1080,1151,375,1318,1116,805,560,772,797,1063,648,1109,1311,1222,777,1324,679,611,707
610,682,1281,1042,1383,1101,857,969,1137,1008,960,910,1005,1037,1015,679,1,376,64,304,766,988,1216,311,123,930,746,1020,1074,926,974,929,569,1083,782,1156,520,749,794,666,946,754,1107,1446,840,20,569,1271,960,801,1405,964,1020,1111,1101,1890,509,763,1093,1214,1008,738,986,1080,0,696,886,593,513,815,1241,984,870,1063,969,622,801,1107,1106,893,831,1271,630,299,972,853,910,1313,566,931,153,1356,909,1037,231,750,971,341,990,743,1028,909,21,682,905,493,1015,1351,1085,863,807,802,580,897,594,1227,382,765,1153,43,1184,378,1351,885,1289,1103,1194,856,818,138,903,1247,1101,471,684,989,827,524,853,679,32,123,756,1183,974,682,1270,1017,1048,951,1224,1004,760,1081,755,1390,714,1052,1090,341,1101,929,1137,849,960,175,1015,830,337,273,1138,1188,1090,1018,763,351,1188,857,318,263,935,756,1143,483,830,589,1033,1111,955,844,569,1175,166,775,955,272,972,870,740,699,1197,242,886,1084,1017,1057,926,1117,1283,4,474,329,722,965,1119,1137,973,980,981,1099,1036,1041,1013,1012,713,1022,1035,1299,1393,856,43,737,808,971,989,774,838,823,1088,277,667,322,1052,975,742,1006,995,334,1178,738
869,950,908,441,728,649,531,606,725,432,453,547,727,645,645,373,712,551,583,631,271,427,640,504,518,320,612,405,337,641,776,566,736,341,424,847,952,586,462,28,581,175,785,775,326,606,736,909,646,254,652,342,405,804,643,1315,764,515,443,610,925,461,570,519,715,0,911,877,538,389,931,423,312,751,606,262,469,511,456,589,483,909,330,738,370,317,675,714,477,416,839,773,862,645,599,238,741,616,369,226,402,862,607,950,851,308,363,928,809,284,475,274,441,667,223,450,576,270,830,581,905,455,928,838,396,1102,610,328,486,815,943,872,794,626,222,675,298,281,317,437,719,518,239,1070,776,138,897,616,903,665,804,633,168,431,176,735,393,776,440,930,649,563,829,298,453,766,363,1065,502,635,353,878,532,433,515,578,944,290,525,625,833,239,455,818,506,776,719,478,333,397,736,1175,528,236,610,727,355,563,223,406,890,455,271,434,349,1198,413,568,723,598,933,770,415,348,570,355,986,616,428,550,801,797,810,664,830,437,450,740,1004,811,730,586,478,453,750,492,625,209,818,492,22,550,650,737,271,421,756,515,823,70
1363,459,1397,974,1165,713,500,1139,1419,1115,814,689,1196,441,847,737,894,877,977,625,724,930,1175,692,1024,859,380,945,728,1106,588,590,1107,737,889,438,520,966,934,602,1053,803,1262,1118,926,996,1107,476,638,769,1085,733,945,446,707,1520,1133,1001,1013,1139,1162,948,1055,1022,897,632,0,615,727,873,1488,926,890,499,1139,753,941,1385,1026,1061,955,476,669,691,906,994,1162,1263,500,994,1021,1311,300,441,960,714,1209,620,911,701,958,300,997,459,19,822,765,1627,1278,911,947,899,844,256,650,1020,676,723,281,971,1371,922,1627,269,951,1546,1145,819,958,946,62,1363,542,1133,655,558,923,795,994,928,901,1024,714,1407,588,743,1386,1066,1369,1136,1502,1219,737,1001,804,1172,983,1245,1010,784,713,769,396,923,814,949,765,1362,748,587,750,469,1366,1003,1001,629,692,771,771,587,226,714,1047,605,978,355,361,1408,745,917,1107,1619,1033,731,586,908,757,1093,700,897,1162,726,847,1004,653,1619,955,947,1160,904,550,755,900,750,1103,671,1382,1066,931,1083,1276,511,1279,489,1187,1007,1020,1176,1564,310,913,966,950,814,1221,974,344,784,445,682,629,730,1185,1205,724,991,1226,761,1263,700
834,409,1340,1079,1377,1080,540,1067,1398,1106,938,888,1094,675,993,751,486,412,569,212,715,1069,1280,348,596,962,535,1050,1003,1097,627,907,873,1012,757,782,338,823,925,613,1044,816,1201,1288,913,588,873,1105,959,780,1247,1008,1050,714,1080,1789,729,831,1115,1244,1153,824,1046,1161,489,643,540,0,542,864,1593,1065,901,661,1067,744,932,1364,1128,1052,946,1105,680,316,1011,931,1153,1369,511,1007,613,1417,355,675,623,725,1063,271,1013,692,1060,355,589,409,559,652,952,1606,1175,925,938,913,700,576,663,1122,332,714,845,563,1268,558,1606,329,1093,1523,1252,810,949,589,536,1305,704,642,666,868,937,806,931,764,493,596,705,1350,627,756,1328,1057,1266,1127,1481,1210,748,1103,817,1384,839,1142,1112,510,1080,908,1028,937,938,539,952,1138,368,236,1101,788,1345,1105,831,282,854,931,368,236,605,705,1149,52,969,296,910,1192,1020,908,873,1596,687,742,896,698,944,1084,711,888,1153,382,858,1106,928,1467,946,938,1372,495,319,373,891,937,909,1100,1279,1057,1070,1188,1124,707,1097,799,855,1109,1122,1388,1648,304,504,823,941,938,1073,965,541,795,754,338,640,352,1146,1059,715,1093,1079,384,1475,711
699,892,891,746,1036,1037,786,664,1036,681,753,849,658,899,950,419,477,286,560,401,365,732,848,302,323,628,650,708,687,570,899,868,639,691,724,1007,711,387,456,334,631,483,758,1087,635,579,639,1190,918,459,964,692,708,939,1037,1615,592,399,751,894,868,391,633,824,480,364,975,644,0,535,811,728,612,886,664,291,463,819,764,525,474,1190,320,503,676,625,542,932,468,729,604,983,804,899,408,686,626,381,677,342,712,804,580,892,890,262,710,1247,740,592,469,578,249,921,274,758,374,364,1087,554,933,200,1247,780,797,961,843,475,480,580,971,855,929,444,632,947,602,485,625,324,484,323,355,1041,899,422,880,654,917,624,1121,641,516,739,484,1043,387,707,748,698,1037,865,1113,602,753,530,710,886,256,399,703,1013,840,741,399,377,1079,598,279,389,872,355,763,577,473,718,995,786,683,495,639,1034,331,703,881,542,702,528,677,347,868,254,620,742,889,1066,608,601,1031,486,692,535,372,695,576,1057,846,654,733,855,690,932,661,938,647,745,758,1048,1014,753,495,387,472,753,639,429,774,557,979,290,361,315,707,622,365,729,645,269,1135,432
938,1026,567,466,853,936,870,225,721,237,740,949,375,997,1054,516,934,611,643,840,512,698,420,565,578,643,679,723,951,259,928,968,1004,960,711,1143,1206,528,95,500,202,476,435,1004,531,666,1004,1204,932,321,881,956,723,1092,930,933,1030,455,729,397,318,595,220,790,937,553,976,1096,597,0,499,694,599,1039,225,311,102,689,742,215,114,1204,395,957,523,574,336,491,542,539,1061,553,929,997,659,763,342,835,692,466,727,929,667,1026,916,374,821,924,456,585,108,565,722,838,448,809,637,511,1115,641,553,519,924,905,763,747,414,92,119,1036,1008,531,1082,828,703,961,589,347,574,202,941,578,480,612,928,580,556,215,551,311,800,220,627,754,477,860,676,423,763,1150,936,969,1128,589,740,987,821,1240,719,854,973,1166,672,756,455,638,1231,564,742,844,901,480,725,1058,133,843,1009,710,968,103,1004,809,588,712,895,783,813,217,748,186,318,514,662,757,876,845,302,314,848,658,1187,990,216,806,304,894,563,215,699,312,600,1085,458,952,996,760,809,865,825,878,952,528,109,740,518,505,803,649,1106,553,519,768,272,330,512,744,523,732,781,493
1078,1215,720,463,839,933,1106,50,707,223,737,946,496,994,1051,621,854,836,937,765,617,697,407,806,821,640,946,720,948,103,1196,965,901,957,708,1140,1103,441,239,684,25,581,556,990,528,956,901,1201,929,646,867,953,720,1089,927,922,927,370,715,378,542,510,162,789,857,656,1321,994,826,400,0,693,596,1036,50,664,244,675,728,266,261,1201,715,879,520,571,247,478,862,536,981,540,1115,994,904,760,661,757,689,572,724,1115,957,1215,1285,653,988,909,578,690,147,562,640,1116,773,795,877,616,1112,931,677,843,909,1091,762,992,57,348,150,956,1303,684,1079,743,794,958,586,672,571,578,861,821,585,879,1196,577,709,61,675,432,786,78,733,751,582,846,594,545,760,1060,933,966,1125,586,737,908,988,1147,641,777,970,1163,658,753,370,880,1228,561,664,767,1201,585,711,939,262,1029,1006,696,965,216,901,1065,830,709,892,1024,980,201,901,562,545,757,659,754,873,1086,299,311,834,863,1084,911,565,973,301,891,866,61,698,309,722,1082,579,949,911,757,795,851,812,1063,872,441,256,737,671,418,1081,646,1103,794,624,690,269,657,617,741,677,654,767,611
1375,1106,908,435,319,126,676,600,568,645,338,435,1122,700,306,448,810,793,893,787,636,2,634,858,872,314,756,399,107,651,790,211,1132,105,620,809,1101,854,778,466,575,334,988,270,514,912,1132,747,639,617,142,121,399,530,134,828,1157,860,574,607,989,853,702,114,813,488,1053,992,649,925,925,0,508,688,600,632,778,534,587,805,927,747,498,836,364,449,786,838,516,449,937,751,1006,700,957,306,1092,714,364,591,397,1006,913,1106,1042,670,142,771,1002,300,690,474,932,814,511,654,930,635,857,887,1297,813,771,982,73,1542,604,698,693,912,1085,872,731,1090,355,676,252,643,449,793,817,872,604,1070,790,455,897,610,1295,899,649,627,288,607,324,326,884,1033,616,1097,126,118,709,252,338,864,142,1458,665,734,109,609,517,609,860,791,472,54,688,724,972,604,570,970,950,920,684,555,112,625,1132,1504,880,621,704,1079,134,740,462,816,990,806,225,610,128,1498,571,562,314,819,1082,868,755,120,564,134,1308,610,9,544,1157,734,1126,607,1276,603,654,331,1004,955,828,854,922,338,1102,892,770,223,781,846,386,647,644,1088,636,597,1108,678,414,253
1052,1081,857,370,621,436,636,535,659,580,239,444,915,499,542,384,770,753,853,748,433,318,565,652,666,247,717,334,121,586,640,463,973,125,209,638,1061,730,638,347,510,133,938,666,449,872,973,700,437,412,543,126,334,595,430,1195,936,745,373,545,934,692,637,410,773,424,971,953,610,619,867,314,0,542,535,497,715,441,386,742,660,700,369,796,299,385,723,637,476,385,897,698,914,499,749,262,972,674,299,387,334,914,873,1081,911,465,147,861,952,137,625,145,596,699,383,380,723,432,611,847,1094,608,861,943,180,1480,539,563,628,872,973,821,585,777,93,466,89,438,385,672,777,666,401,1008,640,301,846,545,1092,847,738,562,65,361,123,628,735,983,370,1043,436,460,620,89,239,824,147,1218,625,694,137,669,462,363,745,721,735,153,648,684,794,401,385,922,661,881,511,408,117,531,974,1442,675,210,401,863,139,675,100,641,934,602,27,364,133,1651,506,497,616,779,1042,828,646,132,499,139,1105,545,319,479,1033,588,996,455,970,367,380,633,954,930,788,730,655,239,982,720,730,96,609,640,255,607,580,968,433,351,988,638,716,90
1423,1117,1043,591,721,318,606,758,972,803,418,284,1098,263,334,601,877,859,960,714,788,542,792,854,987,471,766,556,334,809,452,183,1222,343,495,120,961,947,861,685,733,793,1130,679,666,979,1222,195,558,765,646,339,556,114,312,1201,1307,956,595,742,1123,950,860,634,880,640,1051,1002,710,937,1085,538,664,0,758,817,947,662,608,969,883,195,579,901,521,604,950,868,584,606,1004,925,1016,263,1014,386,1190,779,521,740,554,1016,980,1117,1040,818,375,1183,1136,726,848,630,827,744,735,602,861,787,379,954,1273,905,1183,992,511,1448,762,884,851,979,1083,1007,129,1129,423,332,654,791,604,890,884,987,756,1246,452,610,1032,768,1271,1029,1057,785,574,583,783,728,966,1183,592,940,318,389,271,654,418,931,375,1668,730,799,356,154,919,585,956,814,281,381,753,789,970,756,606,828,884,930,373,629,351,923,1222,1703,1029,496,360,1242,367,898,530,961,1123,954,505,586,259,1600,727,718,716,886,942,933,914,360,720,277,1284,768,543,700,1257,124,1181,262,1340,589,602,733,1156,965,895,947,878,418,1202,1038,582,690,120,842,604,712,802,1186,788,573,1207,743,816,679
1126,1275,417,371,747,850,1044,180,615,175,654,853,374,907,958,488,896,878,979,805,675,613,312,847,863,556,992,637,865,46,1062,872,948,874,625,1053,1164,504,284,555,29,597,494,896,443,998,948,1114,844,656,772,870,637,1004,844,829,974,413,621,73,101,553,205,705,899,527,1342,1054,866,445,142,609,513,951,0,709,289,581,634,311,306,1114,766,919,434,488,292,386,914,452,1023,448,1174,907,948,677,392,797,605,630,639,1174,999,1275,1331,693,905,816,508,575,190,479,680,1142,667,701,919,674,1025,973,552,853,816,1150,678,744,100,385,193,998,1374,381,994,786,709,873,503,682,488,623,903,863,643,589,1062,494,406,31,550,295,694,24,598,667,598,754,634,538,676,1105,850,873,1037,503,654,950,905,1191,681,816,887,1078,564,669,413,922,1144,477,704,806,1247,643,617,1004,307,1088,919,602,882,253,948,976,871,626,809,1064,897,63,805,607,101,797,572,670,790,844,207,219,742,905,1145,951,611,890,209,808,562,31,614,217,599,997,457,864,954,673,701,759,510,1122,914,504,301,654,562,463,1125,575,1018,835,491,730,176,380,675,657,567,694,673,528
764,880,826,662,946,1024,773,461,788,491,668,836,592,886,937,436,468,455,551,389,317,647,678,415,431,541,586,468,669,511,834,855,595,673,639,994,699,328,339,404,438,396,693,993,401,570,595,1174,905,76,870,674,468,926,1024,1210,621,326,609,643,567,315,448,739,471,434,963,632,442,265,759,643,527,873,461,0,346,756,622,466,360,1174,303,494,591,392,552,755,451,491,595,814,792,886,512,673,562,372,573,385,558,792,571,880,835,52,692,992,674,505,352,493,218,908,368,616,487,316,1074,545,769,427,992,768,712,910,674,203,363,571,959,790,916,541,619,934,517,100,392,247,475,431,304,977,834,456,815,451,866,541,867,584,498,597,397,953,185,641,606,686,1024,852,1098,517,668,521,692,877,244,390,685,1000,739,599,326,490,1066,511,267,380,817,304,620,565,383,706,979,643,665,312,595,970,441,690,868,648,684,469,664,282,567,368,602,600,681,999,350,299,941,477,680,526,116,677,364,687,795,451,648,571,631,919,596,925,746,603,616,820,933,741,486,328,355,668,577,369,709,539,966,403,431,303,531,558,317,587,582,257,801,502
839,1043,523,478,861,948,955,149,729,247,752,961,330,1089,1066,554,660,643,698,580,550,710,428,619,633,655,793,735,963,215,1045,980,692,972,723,1197,894,244,25,763,120,514,391,1015,543,762,692,1219,946,533,892,968,735,1129,942,933,718,173,737,194,269,316,137,802,663,591,1152,827,636,387,190,706,611,1076,149,490,0,697,750,52,39,1219,660,686,535,585,43,499,648,551,787,561,946,1089,714,775,496,564,704,504,739,944,763,1041,1090,461,862,932,411,623,38,577,448,958,674,817,691,549,1260,737,508,519,932,920,775,847,135,275,49,763,1132,487,1119,553,810,975,601,487,585,473,667,633,518,567,1045,591,512,301,506,264,808,288,665,766,515,868,402,378,775,879,948,981,1143,601,752,714,862,987,450,582,985,1203,680,768,173,686,1268,576,473,572,1006,518,733,766,40,858,1022,718,980,143,692,907,639,724,909,827,854,176,866,457,269,566,663,769,888,938,314,326,856,669,873,718,503,847,316,906,776,301,711,324,566,1122,412,966,733,772,817,873,669,893,678,244,34,752,511,356,923,650,1169,604,557,498,284,492,550,756,516,463,789,531
1211,1364,804,316,240,719,1196,481,155,526,757,966,863,1015,631,500,1127,955,990,1028,687,286,514,907,921,335,1020,276,356,532,1169,985,969,363,728,1117,1365,720,584,567,456,759,886,449,566,1015,969,1003,951,666,326,364,276,831,719,671,995,728,92,494,882,721,583,415,1130,539,1370,1255,1094,892,816,272,616,996,481,772,663,0,105,690,606,1003,779,1151,239,501,671,585,928,501,1254,670,1267,1015,1006,780,962,1025,136,641,139,1267,1016,1364,1359,719,1008,372,899,678,571,582,785,1250,679,171,979,686,1133,990,1041,863,372,1244,477,1431,485,656,574,1229,1402,768,1039,955,814,980,606,692,501,657,1134,921,655,957,1169,507,793,491,1039,794,243,508,610,126,749,239,740,932,135,1372,719,986,1148,606,757,1180,1008,1214,910,1043,358,865,77,128,728,984,787,339,933,1033,1275,655,88,1214,607,1182,1027,73,355,646,969,1393,929,729,914,1134,1000,621,928,680,882,855,669,129,893,1367,452,443,239,1007,1346,1032,625,993,445,739,1046,491,298,425,1023,1042,943,971,1141,121,171,230,903,1213,1145,720,601,757,972,757,1151,656,1089,895,503,958,526,958,687,116,978,923,211,631
1079,1277,732,220,487,710,892,394,447,439,514,716,784,768,805,266,888,712,751,796,451,573,427,670,684,89,925,178,725,445,918,735,992,734,485,907,1270,785,497,336,369,540,809,734,322,776,992,969,706,430,611,730,178,864,704,931,960,700,102,410,800,842,496,1019,891,307,1275,1160,843,687,731,559,373,811,394,565,578,412,0,602,519,969,549,911,143,261,583,497,726,258,1015,560,1176,768,767,537,852,789,90,405,34,1176,777,1277,1264,483,762,70,822,435,484,339,614,990,446,109,741,450,883,751,963,626,70,1152,791,1380,398,631,487,990,1263,696,854,796,565,735,363,456,261,687,895,684,419,891,918,267,721,404,961,715,529,421,387,90,530,486,753,855,99,1097,710,727,889,363,514,942,762,1238,673,808,747,938,396,92,700,739,1004,768,696,798,1080,419,226,974,520,1090,780,261,742,559,992,1342,693,486,671,880,754,534,669,709,800,620,430,93,650,1551,359,350,486,768,1251,943,563,747,349,668,968,404,584,329,1055,857,866,724,989,16,109,477,826,1124,906,785,514,514,1004,748,986,429,878,658,269,722,439,840,451,177,1009,686,458,388
953,1115,690,619,1136,1093,978,252,1000,494,896,1119,483,1112,1224,694,737,720,820,656,692,850,684,692,706,797,815,793,1108,159,1068,1138,771,1117,866,1220,999,322,37,682,110,656,543,1302,744,839,771,1458,1185,503,1171,1113,793,1152,1087,1209,797,251,1004,477,457,393,186,942,740,712,1133,894,709,277,428,846,752,1099,252,493,40,964,1017,0,31,1458,578,763,675,756,17,758,725,693,864,817,1014,1112,789,948,557,641,848,646,873,1014,840,1115,1122,538,985,1211,565,764,28,718,525,982,631,1084,763,691,1283,814,665,699,1211,990,915,899,480,341,27,839,1202,654,1142,629,897,1214,742,529,756,405,744,706,660,728,1068,724,679,242,663,419,1085,229,785,910,657,1143,479,532,919,953,1093,1139,1382,742,896,791,985,1046,527,661,1130,1226,947,912,251,761,1291,718,550,651,1038,660,1000,836,30,928,1270,984,955,315,771,959,715,867,1148,902,977,120,948,389,457,642,790,913,1033,990,413,419,1130,746,980,795,399,970,457,1051,784,242,851,465,626,1145,566,1205,808,916,1083,1146,783,963,755,322,36,896,572,245,947,828,1192,680,697,575,425,553,692,900,577,540,1055,780
806,1072,480,484,869,954,977,239,737,254,758,967,289,1018,1072,551,688,671,771,606,547,716,434,646,662,661,814,741,969,146,1067,986,721,978,729,1167,919,424,22,616,117,527,331,1026,546,816,712,1227,896,524,928,966,719,1114,948,951,736,202,753,479,444,349,98,808,717,617,1177,859,678,426,436,712,606,1018,241,483,39,713,766,35,0,1203,744,732,532,574,26,521,700,554,841,575,965,988,758,772,245,600,708,517,745,965,817,1079,1196,459,908,948,377,642,35,569,446,1031,743,821,736,559,1099,791,474,570,948,946,781,648,132,274,36,820,1166,492,1062,595,875,925,595,485,574,506,721,675,528,534,1157,604,515,231,472,213,833,218,670,769,528,885,451,344,778,935,947,879,1127,595,749,752,908,1015,497,634,983,1146,696,771,204,735,1213,576,520,624,1098,528,749,819,3,884,990,734,978,140,712,707,684,746,869,852,900,109,725,490,444,611,663,772,886,735,317,329,873,723,944,770,607,893,319,904,485,231,717,327,467,1065,366,951,760,775,821,890,569,928,732,379,4,749,416,462,1007,650,1112,653,565,547,287,233,560,759,422,510,804,544
1458,784,1116,713,893,419,461,878,1105,932,583,416,1142,283,543,709,1020,924,1103,676,896,655,901,817,1048,581,454,644,433,929,417,312,1318,442,620,105,791,1131,973,657,853,859,1193,853,759,1120,1318,180,361,796,820,438,644,67,412,1359,1342,1050,705,787,1174,982,970,747,1023,687,780,700,835,913,1131,651,754,236,878,793,1059,773,718,1081,995,0,728,745,637,708,1062,985,549,698,1147,1034,682,283,1152,551,1207,898,632,854,669,682,1121,784,725,851,470,1316,1199,816,960,717,1004,424,700,712,801,895,363,1095,1318,1034,1316,663,649,1496,882,856,963,1126,812,1082,73,1177,592,281,743,824,708,952,1027,1048,864,1327,417,714,1105,888,1316,1091,1199,905,732,693,869,900,927,1159,702,876,419,462,106,743,583,1058,470,1560,855,715,455,66,1052,695,1052,754,432,476,878,715,509,864,716,690,996,601,201,740,450,1053,1318,1786,1057,621,309,1261,462,1006,691,921,1174,851,670,696,358,1664,874,865,888,1029,772,1070,924,455,842,376,1332,888,656,822,1398,72,1219,212,1368,699,712,905,1216,646,1038,1131,990,583,1348,1015,382,780,61,807,712,837,932,1195,896,683,1354,868,969,769
913,680,1023,747,1024,757,537,836,1249,679,635,571,788,672,664,333,430,432,513,403,268,681,854,530,537,617,343,678,450,722,625,590,758,454,448,766,690,540,499,144,644,437,823,993,553,530,758,1088,614,286,961,455,678,702,756,1605,799,578,740,863,1006,509,643,773,433,191,667,590,249,441,929,677,416,648,667,316,506,807,753,609,521,1088,0,445,671,536,745,939,179,642,557,987,572,672,590,416,752,313,667,245,704,572,531,680,615,342,515,1460,871,552,512,526,398,679,224,747,472,267,784,505,1023,448,1460,553,750,1118,840,377,523,536,696,989,692,668,351,643,410,315,536,475,437,537,258,1059,625,368,1015,657,1021,723,1343,776,280,728,438,1031,516,815,737,652,757,583,1011,410,635,466,515,1114,263,347,466,776,1196,730,578,425,842,540,286,337,570,258,751,531,550,491,878,775,446,508,758,1191,547,433,587,739,507,679,402,444,1006,474,383,731,660,1200,604,473,1019,439,671,484,453,500,732,776,984,657,682,856,813,695,795,791,850,734,747,1036,1294,536,448,540,519,635,763,545,481,321,742,518,180,245,701,748,268,718,769,276,1111,277
807,673,1142,1023,1306,959,724,902,1525,888,844,775,875,834,869,615,268,202,356,86,634,958,1059,310,381,889,594,961,939,809,890,794,704,948,656,928,583,637,699,504,862,715,948,1246,795,373,704,1129,825,646,1205,944,961,864,958,1822,702,644,1041,1083,1089,642,894,1050,271,534,673,419,332,718,1031,954,786,810,902,520,706,1491,1054,780,739,1129,474,0,948,809,797,1144,396,890,398,1190,718,834,433,624,839,149,940,611,991,718,374,673,692,496,885,1737,958,826,712,797,483,848,551,1048,294,633,973,348,1055,368,1737,698,952,1324,1043,689,723,379,684,1108,854,448,559,854,823,675,809,569,276,381,624,1117,890,650,1131,872,1053,836,1619,859,654,1029,716,1313,602,938,1038,506,959,785,1052,823,844,305,885,947,145,87,980,938,1472,1031,644,247,1004,813,125,205,820,624,1075,310,738,342,918,1118,956,759,704,1397,457,641,797,486,877,781,610,592,1089,385,752,1032,864,1249,935,947,1301,277,564,43,606,870,937,980,1067,872,959,945,900,857,882,878,630,1035,1048,1317,1399,529,287,637,713,844,850,702,731,689,904,201,531,129,906,835,634,1019,856,141,1384,601
1253,1270,565,123,424,776,998,290,400,342,578,691,612,817,775,438,1065,907,936,940,624,545,249,859,867,486,927,270,790,341,975,710,1114,799,573,958,1287,636,466,541,265,561,604,701,366,963,1114,1030,725,614,579,795,270,901,769,829,1137,597,214,227,632,740,382,637,961,495,1286,1173,887,622,542,541,434,847,290,587,469,353,227,493,488,1030,682,1074,0,402,474,386,809,382,1192,442,1155,817,952,601,676,933,153,581,146,1155,964,1270,1275,672,828,603,623,496,372,397,778,1038,587,377,932,623,928,938,789,777,603,1136,610,946,295,564,375,1171,1318,531,891,961,647,754,423,643,402,769,1072,867,592,722,975,365,554,300,787,558,490,317,545,202,562,423,716,646,211,1280,776,698,953,423,578,1103,828,1449,826,974,812,975,349,204,597,936,1041,404,849,964,1180,592,360,1126,489,1073,819,347,807,465,1114,1126,875,574,697,1043,820,418,737,729,632,801,495,205,715,1046,284,275,423,955,1267,1114,504,813,252,733,839,300,546,232,914,894,687,778,1135,208,377,414,619,1117,1083,636,483,578,864,642,1072,498,941,847,441,882,342,664,624,192,870,839,395,449
855,948,908,501,562,678,815,666,538,368,480,593,817,719,682,356,662,528,552,566,242,566,688,481,487,362,609,217,692,482,874,612,798,701,475,860,902,569,558,418,641,321,891,836,153,575,798,925,626,232,713,697,217,802,671,997,740,634,358,594,828,568,433,658,573,448,920,806,508,498,911,562,336,748,666,376,565,491,371,535,580,925,307,679,291,0,516,767,458,14,789,819,838,719,568,503,781,547,318,199,306,838,576,948,864,290,728,741,973,396,423,297,427,781,462,515,554,241,829,550,1036,395,741,819,759,1211,670,437,426,768,962,874,792,619,549,655,323,261,180,535,669,487,210,1090,874,14,897,676,1034,777,628,602,522,346,322,561,546,880,355,883,678,605,845,323,480,700,728,1043,444,581,714,876,487,348,634,556,942,425,467,571,835,210,369,766,606,757,721,485,709,340,798,1284,497,476,599,694,720,469,653,504,828,425,397,349,617,1293,349,338,561,567,883,717,258,713,299,635,1083,676,567,610,842,795,824,679,800,352,515,552,970,802,680,569,575,480,792,601,746,396,842,469,359,494,719,777,242,336,798,457,533,349
882,1107,703,712,1132,1189,1009,107,995,479,990,1099,490,1147,1199,687,746,750,774,653,688,956,678,698,707,893,806,766,944,79,1106,1118,746,948,984,1248,992,308,20,658,93,653,514,1314,723,847,746,1566,1140,494,1183,949,766,1184,1182,1198,770,237,999,509,479,381,198,1048,749,688,1141,884,711,260,456,952,842,1129,107,472,23,959,1012,19,42,1566,545,765,762,732,0,757,690,789,873,809,993,1147,790,940,516,633,863,644,844,993,848,1107,1130,492,1010,1206,572,764,11,804,479,981,621,1067,769,687,1263,822,672,657,1206,974,1021,858,662,325,20,852,1194,671,1174,627,878,1169,830,523,732,343,753,707,656,736,1106,725,695,94,670,414,1089,256,769,886,654,1139,484,505,895,966,1189,1115,1490,830,990,784,1010,1038,530,669,960,1258,942,887,237,769,1325,811,553,659,1036,656,995,843,43,912,1365,980,940,301,746,914,716,985,1112,883,1002,66,932,327,482,643,875,888,1128,936,400,406,1127,755,973,805,382,995,547,962,782,94,957,555,582,1177,565,1196,792,891,1067,1143,763,956,764,308,37,990,531,229,950,812,1224,686,690,580,515,512,688,875,537,543,1052,757
1210,1495,661,518,486,983,1269,311,351,321,784,903,707,1024,829,635,1113,1018,1104,994,821,488,235,1030,1037,517,1187,583,997,362,1199,922,1071,1006,780,1173,1390,655,486,722,286,774,705,652,580,1130,1071,1239,931,808,530,1002,583,1109,976,559,1095,617,353,324,734,760,402,616,1116,683,1569,1287,1067,643,641,474,641,1054,311,867,489,315,366,513,508,1239,885,1123,566,609,494,0,1036,589,1240,94,1381,1024,1120,807,873,991,389,776,484,1381,1131,1495,1526,843,1035,555,722,703,392,604,830,1246,771,422,1105,820,1135,1105,886,951,555,1362,690,1316,315,610,395,1219,1582,626,1099,981,858,960,630,836,609,758,1120,1037,789,825,1199,639,650,321,884,653,442,338,728,386,764,493,835,747,395,1370,983,919,1163,630,784,1151,1035,1372,880,1023,560,1083,298,388,617,1113,976,611,903,1013,1442,789,348,1180,509,1300,1026,335,1014,482,1071,1279,1046,781,904,1187,1027,438,763,749,734,971,684,389,922,1197,351,363,481,1122,1371,1005,803,1020,353,940,892,321,500,361,934,1102,782,987,1155,382,422,422,720,1344,1131,655,503,784,884,662,1193,671,1149,1018,638,934,321,869,821,376,890,893,395,656
880,656,986,718,994,712,505,631,1219,658,589,526,758,640,619,305,399,307,482,372,232,651,833,498,505,587,319,649,416,686,593,545,823,420,521,734,669,613,463,108,608,407,786,945,517,499,823,1056,568,250,913,421,649,670,711,1575,767,542,710,842,970,473,607,743,402,149,640,566,218,405,893,647,382,616,631,280,470,777,723,573,485,1056,33,414,642,500,710,914,0,606,526,966,548,640,559,370,800,282,637,209,674,548,500,656,629,308,481,1430,841,522,476,496,445,656,194,717,444,231,753,474,938,413,1430,529,475,1094,819,341,487,505,669,953,660,637,304,597,376,279,500,439,406,504,222,1006,593,338,976,621,936,684,1313,740,246,698,408,1001,409,776,707,622,712,538,979,376,589,435,481,1058,232,319,432,744,1166,700,542,397,810,487,255,309,538,222,721,501,511,467,846,745,412,472,822,1167,514,387,541,708,473,643,355,408,970,441,349,701,428,1209,568,437,989,408,650,453,417,466,710,434,944,621,652,827,861,663,831,759,818,704,717,1006,1271,512,417,613,480,589,811,509,454,287,710,486,138,214,679,796,232,688,817,245,1081,238
941,1095,891,476,537,665,586,641,513,453,467,580,826,706,673,165,649,600,625,641,322,663,663,553,560,339,689,191,679,564,861,599,873,688,462,847,980,649,518,269,616,419,939,812,127,648,873,912,613,310,689,684,191,789,658,975,827,712,346,569,895,646,515,755,646,223,995,872,586,576,886,659,323,735,641,439,593,466,359,617,540,912,385,753,265,20,598,742,536,0,799,794,981,706,641,490,857,624,292,279,280,981,649,1095,984,364,510,716,957,382,505,283,501,718,540,490,626,321,816,623,1006,469,716,962,855,1162,645,428,508,778,1038,857,779,691,329,642,309,337,20,615,679,560,290,1058,861,34,880,651,1004,754,603,665,275,334,420,536,620,844,343,954,665,592,832,309,467,744,510,1116,518,657,701,863,462,336,712,628,929,522,541,647,912,290,357,831,675,900,708,460,696,422,873,1235,570,463,586,762,502,551,330,584,895,497,383,337,604,1268,434,426,536,640,961,793,361,495,396,622,1012,651,664,585,919,782,898,666,873,340,490,527,954,944,690,649,535,467,869,677,679,316,829,541,168,568,694,854,322,324,875,531,508,335
692,649,1289,1193,1473,1128,937,1081,1196,1103,1000,938,1024,1071,1038,763,235,397,153,315,761,1125,1298,376,217,1058,733,1131,1104,980,1031,957,624,1113,811,1169,599,783,848,657,1045,873,1095,1415,1009,246,624,1284,977,796,1374,1109,1131,1105,1127,1969,579,792,1202,1282,1079,789,1044,1217,238,687,1098,551,494,869,1312,1121,948,1050,1081,686,855,1161,1215,925,887,1284,627,308,1118,998,942,1400,549,1099,0,1431,885,1071,290,779,988,355,1108,738,1159,885,247,649,1038,662,1049,1407,1106,989,861,964,649,909,698,1269,404,760,1190,221,1199,472,1407,866,1121,1262,1283,856,881,183,1087,1255,1095,630,703,1006,990,623,998,726,243,217,751,1273,1031,805,1278,1071,1197,984,1290,1058,804,1206,874,1480,766,1085,1215,255,1128,954,1208,990,1000,26,1049,858,343,284,1149,1179,1143,1208,792,357,1246,980,323,274,956,751,1198,483,886,608,1080,1183,979,907,624,1335,421,796,950,339,1041,935,750,749,1079,316,912,1209,1029,1287,1008,1014,1468,244,487,348,773,1034,1171,1147,1211,1071,1126,1302,1049,1098,1031,1033,822,1212,1269,1484,1535,849,96,783,862,1000,999,853,876,849,1145,365,684,327,1139,984,761,1196,1005,339,1249,756
1233,1456,604,453,589,916,1169,250,454,256,718,832,658,957,932,574,1076,983,1066,956,756,591,176,992,999,627,1091,688,930,301,1132,851,1091,939,714,1106,1352,598,430,673,225,690,646,755,515,1091,1091,1172,865,741,633,935,688,1041,909,674,1115,561,459,266,676,704,344,778,1079,631,1451,1249,1029,586,581,577,575,987,250,829,433,419,472,457,452,1172,818,1088,501,543,438,212,950,523,1203,0,1343,957,1082,741,816,954,677,710,597,1343,1092,1456,1440,805,968,657,663,637,334,538,792,1179,713,527,1067,755,1068,1066,837,901,657,1324,794,1011,255,552,337,1182,1483,570,1031,938,788,894,564,769,543,712,1083,999,724,762,1132,573,593,260,835,597,544,277,681,492,691,596,797,688,501,1329,916,848,1096,564,718,1114,968,1434,842,988,952,1115,403,494,561,1075,1085,545,865,978,1346,724,455,1142,453,1262,959,440,947,424,1094,1166,1008,715,838,1211,960,380,897,696,676,933,643,495,855,1096,286,298,584,1085,1333,970,750,953,288,873,889,260,603,296,878,1034,733,920,1113,488,527,601,661,1306,1094,598,447,718,828,608,1126,630,1081,980,577,898,256,812,756,482,834,855,514,590
1117,440,1284,1226,1507,847,593,1074,1725,1099,1037,976,1019,638,1076,795,685,591,768,438,797,1159,1293,519,766,1091,406,1164,861,973,679,743,961,870,849,605,419,778,843,693,1041,904,1090,1376,1053,759,961,644,992,832,1335,866,1164,757,840,1820,985,787,1251,1315,1074,784,1040,1251,688,723,316,316,488,941,1305,1155,994,703,1074,680,850,1690,1264,920,882,644,748,501,1151,1042,937,1396,591,1143,729,1427,0,638,844,817,983,447,1141,774,1192,180,760,440,264,656,899,1938,1100,1021,857,997,643,243,735,1258,503,796,357,734,1193,686,1938,24,1136,1468,1280,884,877,791,467,1250,747,821,743,912,1023,860,1042,721,692,766,787,1267,679,836,1273,1064,1191,979,1820,1051,850,1239,905,1514,760,1080,1248,624,847,992,564,1023,1037,751,899,1207,664,417,883,636,1672,1241,787,456,897,1014,540,417,168,787,1293,306,882,115,519,1453,878,906,961,1541,817,834,940,793,891,928,796,744,1075,553,948,1242,786,1392,1111,1103,1502,694,400,576,767,884,1072,804,1205,1064,1160,1334,1044,750,1026,846,1062,1245,1258,1518,1530,292,703,778,858,1037,994,849,408,883,612,509,720,646,1136,979,797,1229,1000,556,1584,790
1421,683,1203,801,826,510,500,966,1038,1020,674,507,1162,180,418,728,873,875,956,732,725,745,989,782,1011,672,347,733,524,1017,487,406,1187,533,711,289,693,922,928,617,941,820,1280,786,848,974,1187,334,629,759,753,529,733,225,503,1288,1305,1016,796,872,1261,930,1058,837,876,647,665,593,690,877,1223,741,846,170,966,758,935,1002,809,1032,949,334,671,800,726,801,1152,1073,509,788,1000,1120,575,0,1007,642,1127,751,723,702,757,575,975,683,661,814,561,1249,1286,907,941,808,790,317,662,1110,767,724,219,949,1337,888,1249,556,582,1613,970,820,952,979,694,1169,215,1140,604,549,834,787,801,866,880,1011,715,1412,487,807,1192,976,1335,1186,1132,993,696,784,821,833,908,1224,793,945,510,554,256,834,674,911,561,1636,711,681,546,299,985,786,1016,721,366,567,734,681,402,715,806,583,972,494,151,1024,541,944,1187,1686,1020,712,577,1223,553,1094,655,885,1261,817,780,787,449,1537,962,953,821,882,674,924,889,546,930,467,1348,976,746,910,1189,218,1170,483,1330,790,1110,838,1303,539,891,922,944,674,1139,979,275,717,265,773,644,693,1020,1123,725,774,1145,724,900,736
591,682,1250,1142,1423,1192,988,1018,991,1053,1063,1002,985,1129,1102,714,185,355,66,370,749,1075,1246,304,85,1007,785,1080,1167,917,1085,1021,428,1176,875,1230,594,744,808,728,995,823,1056,1479,899,91,428,1345,1042,594,1438,1172,1080,1166,1191,1347,480,753,995,1228,1223,750,1005,1167,182,758,905,623,557,829,1244,1071,952,1111,1018,638,815,955,1008,886,847,1345,690,372,1067,914,903,1340,609,994,171,1378,816,1129,0,843,949,421,1057,726,1108,816,90,731,924,517,1072,1202,1068,939,821,914,601,959,648,1063,377,748,1242,159,1161,409,1202,797,1185,1228,1233,844,841,106,936,1216,1156,561,773,1071,940,560,914,687,210,85,739,1233,1085,755,1239,1008,1159,944,1085,995,880,1155,824,1430,718,1046,1164,332,1192,1018,1269,940,1063,193,1072,667,407,319,1213,1240,938,1157,753,380,1307,930,385,337,1006,739,991,555,846,642,1143,976,1002,870,428,1301,185,860,1014,82,1064,887,826,710,1223,245,929,1158,1092,1254,1056,1011,1418,176,522,411,725,1057,1119,1211,1173,1008,1076,1251,1010,1159,992,1098,721,1161,1063,1434,1509,780,113,744,823,1063,960,814,926,866,1206,292,717,391,1088,945,749,1145,966,401,1048,825
1136,929,946,543,832,553,482,708,1044,762,42,367,958,373,460,536,581,583,664,521,403,484,730,539,739,410,590,476,531,906,526,386,992,540,72,514,906,715,784,430,683,159,986,792,459,681,992,579,280,572,759,251,476,457,552,1402,1008,726,534,631,1022,723,609,576,584,460,906,836,418,733,960,480,215,403,708,614,791,1009,547,877,823,579,297,596,466,538,692,810,322,528,708,861,819,373,747,0,922,464,461,360,495,819,682,929,850,630,298,1255,1004,207,796,215,569,637,472,541,623,402,481,656,1134,616,1255,800,546,1407,712,674,816,687,947,912,447,813,67,327,159,594,538,655,588,739,370,1148,448,240,935,696,1129,988,1138,713,83,522,161,950,686,1025,508,886,553,382,496,159,42,619,295,1193,429,498,577,540,1112,501,716,559,596,301,450,487,812,370,521,765,814,854,381,544,241,481,975,1456,758,57,266,778,287,619,80,767,1023,683,82,502,456,1325,678,669,938,577,908,627,786,280,648,575,1143,696,470,628,989,456,960,262,958,505,518,954,1030,923,587,706,795,42,938,835,518,117,506,532,211,409,733,917,402,489,943,440,1031,160
980,1142,317,872,1360,1365,1144,551,1190,679,1173,1306,84,1298,1408,957,845,852,931,762,914,1080,816,797,820,1054,1140,1139,1384,669,1238,1325,849,1393,1157,1591,1124,388,605,826,628,1018,153,1483,937,953,849,1628,1357,649,1352,1389,1139,1526,1358,1349,875,571,1210,712,399,643,731,1172,848,857,1316,1008,848,438,655,1076,1028,1474,551,609,673,1149,1223,633,583,1628,707,871,918,968,650,879,860,948,974,949,1114,1297,906,1196,0,746,1100,980,1154,1114,954,1142,1335,587,1421,1422,167,1131,661,983,573,1260,866,1257,869,913,1425,928,260,722,1422,1096,1145,490,707,604,660,954,1305,278,1516,735,1005,1386,1059,613,968,493,853,820,882,296,1237,977,306,441,258,136,1294,428,887,1198,1019,1367,614,138,1207,1070,1365,1324,1550,1059,1173,908,1421,1113,652,776,1406,1601,1131,1200,571,872,1663,960,675,765,1264,882,1187,939,582,1034,1441,1172,1401,476,849,542,826,1158,1325,1008,1413,635,1061,477,399,751,1103,1201,1309,592,707,719,1355,854,1105,904,558,1406,709,1327,273,441,1081,718,317,1519,79,1321,907,1204,1258,1371,549,1093,864,388,588,1173,209,383,1213,1123,1567,785,960,684,678,28,914,1188,214,665,1233,1123
677,596,1084,971,1159,923,723,850,1377,826,796,735,852,841,833,631,163,351,251,146,677,881,985,127,278,850,728,840,898,764,905,754,620,907,610,1041,525,590,646,515,798,688,933,1318,808,268,620,1089,809,645,1277,903,840,974,922,1786,550,607,997,1020,1079,597,853,973,166,546,670,439,329,667,957,877,740,924,850,488,653,1337,1010,727,682,1088,481,124,901,820,744,1054,409,900,293,1117,701,840,305,577,815,0,896,654,948,701,269,596,689,466,849,1609,935,796,659,784,452,841,540,1004,111,676,1000,243,1060,362,1609,608,915,1283,1003,659,670,279,699,1051,963,503,533,837,743,505,820,536,171,278,643,1096,905,644,1073,834,1058,801,1481,821,633,985,689,1166,565,918,994,427,922,748,1015,743,795,222,849,815,291,99,943,1050,1318,987,607,64,1107,764,271,99,865,643,1031,330,681,362,889,1082,780,710,620,1350,488,594,776,499,841,731,585,559,1079,163,716,988,822,1218,869,881,1154,172,506,169,584,834,871,941,1072,834,882,880,883,966,853,770,634,991,1004,1170,1348,555,182,590,659,795,832,657,798,653,1016,117,543,275,840,811,677,975,838,287,1237,614
1147,1175,674,189,346,847,1044,360,362,408,656,778,731,907,880,323,906,788,832,818,503,572,371,741,762,126,877,137,866,411,991,797,1067,875,641,1069,1200,694,453,420,335,536,708,661,354,863,1067,1119,837,498,539,871,137,1002,840,881,1017,661,123,340,720,800,449,664,909,374,1087,1074,763,702,654,568,515,953,360,572,547,288,136,601,475,1119,561,932,108,299,571,428,715,287,1035,501,1043,907,848,679,738,807,0,462,57,1043,864,1175,1076,552,900,589,719,651,440,473,647,1204,465,130,813,502,1021,838,907,656,589,1055,703,1317,364,539,443,1015,1119,640,992,886,704,866,549,525,299,760,914,762,471,834,991,305,663,370,905,660,464,387,429,111,537,345,758,756,120,1154,847,796,1046,549,656,969,900,1302,708,837,888,1079,303,113,661,816,1136,455,731,826,1017,471,150,1044,476,1067,918,185,883,523,1067,1287,768,642,805,942,892,485,484,729,720,693,569,114,791,1483,350,341,345,855,1181,965,484,885,319,809,913,370,573,299,1001,995,804,799,1084,117,130,336,727,1126,925,694,470,656,950,696,949,572,1045,729,326,742,408,726,503,101,956,721,317,613
820,905,973,533,715,911,664,630,776,458,522,723,649,816,821,286,554,450,499,488,41,440,618,404,431,406,586,453,576,493,756,742,627,580,507,1027,835,464,339,334,428,243,690,821,399,527,627,1075,795,144,698,581,453,960,706,1116,692,412,525,653,807,347,482,532,557,365,789,738,421,279,690,436,381,911,630,172,346,590,538,458,360,1075,206,580,460,388,596,679,363,487,684,749,858,816,515,564,691,455,452,0,503,858,528,905,778,198,640,1007,731,352,352,339,294,784,313,532,476,40,942,502,824,308,1007,839,505,1017,634,216,363,666,821,940,950,546,520,824,415,171,388,327,562,431,67,900,756,420,962,441,822,571,880,550,405,513,244,722,326,676,522,794,911,737,1002,415,522,617,640,989,363,484,592,1037,717,515,412,478,1094,321,386,473,746,67,535,669,383,777,876,558,572,338,627,1084,439,508,763,653,632,460,572,296,808,359,509,516,588,1138,363,312,710,563,814,613,326,625,507,594,953,441,441,517,757,953,725,757,732,519,532,726,1038,859,573,464,355,522,706,381,652,446,1003,392,362,395,475,687,41,503,712,376,739,435
1131,1168,728,250,425,875,768,421,435,469,684,810,782,935,916,308,892,772,816,804,488,566,430,725,746,112,870,196,894,472,1019,833,1044,903,669,1097,1186,757,514,406,396,598,763,735,339,847,1044,1147,865,483,612,899,196,1030,868,895,1001,720,113,399,776,763,510,881,895,360,1074,1083,749,761,716,552,543,981,421,651,608,287,126,662,536,1147,546,918,169,284,632,490,700,272,1021,561,1030,935,832,707,793,793,99,447,0,1030,848,1168,1063,537,650,81,774,679,501,501,632,887,451,120,797,487,1049,822,958,642,81,1042,779,1362,425,618,504,1001,1106,692,1020,868,469,894,577,510,284,708,900,746,456,882,1019,290,714,430,955,713,537,447,415,101,599,424,743,810,110,1131,875,832,1074,577,684,955,650,1286,694,823,916,1107,377,103,719,800,1164,620,717,812,1004,456,204,1014,536,1060,946,239,582,583,1044,1331,752,670,833,926,642,545,470,777,775,677,597,104,819,1527,410,401,424,839,1167,951,563,635,379,837,963,430,579,359,1064,1024,854,829,1068,107,120,415,781,1119,911,756,530,684,1009,754,942,456,1074,713,311,728,468,780,488,155,1014,707,396,641
1128,344,1245,1139,1326,781,496,990,1545,1029,879,825,1012,538,927,790,690,616,776,449,754,1046,1209,544,823,1014,399,1099,800,959,585,689,983,809,692,549,441,774,811,592,967,850,1094,1299,955,766,983,586,892,722,1258,805,1099,557,774,1783,1008,772,1170,1244,1033,763,1022,1138,693,623,268,327,505,836,1264,1042,825,627,990,668,818,1505,1183,910,843,586,591,522,1068,953,927,1277,486,1043,733,1336,180,538,841,660,976,472,1060,731,1114,0,767,344,257,646,834,1777,1094,959,824,947,632,227,701,1177,528,753,341,741,1183,707,1777,25,1010,1447,1224,828,842,799,300,1212,667,833,616,666,828,749,953,708,698,823,720,1259,585,806,1234,980,1181,960,1649,1037,708,1158,851,1333,743,1079,1167,649,781,843,508,828,879,755,834,1203,641,437,822,580,1486,1160,772,481,811,928,563,437,150,720,1212,317,842,115,491,1376,817,879,983,1515,829,677,694,822,826,914,663,731,1033,575,801,1161,725,1385,1086,1098,1321,699,422,588,766,819,1088,743,1195,980,1047,1248,1048,615,1014,597,1052,1164,1177,1337,1363,300,709,774,823,879,993,826,307,738,556,534,620,623,1056,972,754,1148,998,579,1405,693
589,626,1218,1030,1215,1068,859,962,1109,982,930,876,985,979,978,685,27,383,34,294,789,936,1165,249,98,905,831,990,1040,920,1010,895,527,1049,743,1175,490,747,783,647,939,742,1067,1463,1002,0,527,1226,943,776,1422,1045,990,1108,1067,1911,462,745,1063,1200,1005,735,994,1028,24,678,830,538,470,808,1222,932,880,1059,962,633,790,1068,1076,882,815,1226,613,281,959,991,899,1235,541,1090,125,1296,795,979,99,711,949,318,955,766,1009,795,0,626,849,464,991,1341,1067,851,796,839,597,936,590,1176,321,788,1141,28,1156,364,1341,776,1061,1419,1184,809,814,168,868,1185,1098,508,662,972,915,507,991,681,132,98,755,1232,1010,698,1207,952,1154,933,1213,998,764,1051,743,1222,708,1052,1063,383,1068,894,1153,918,930,147,991,750,324,265,1089,1185,1050,1056,745,341,1242,823,304,254,965,755,1105,469,814,620,1030,1090,920,851,527,1486,151,728,911,185,983,886,709,704,1005,208,856,1057,965,1357,981,987,1215,18,471,314,731,976,1047,1087,1168,952,941,1143,1019,1101,987,907,679,1060,1176,1231,1334,773,67,747,795,930,965,798,901,793,1151,237,675,308,1015,945,789,1044,971,320,1151,748
1067,180,1389,1187,1572,908,743,1157,1792,1187,1056,919,1152,783,969,944,722,641,808,455,971,1011,1378,585,856,1062,512,1147,927,1127,836,816,929,936,1103,674,391,909,957,835,1134,1005,1235,1540,1194,847,929,709,875,965,1508,932,1147,682,901,1884,955,907,1218,1315,1193,898,1166,1232,725,866,282,481,683,970,1432,1007,1117,749,1157,806,964,1751,1231,1073,978,709,771,547,1116,1198,1090,1493,730,1192,814,1528,277,783,825,903,1116,513,1108,948,1162,277,848,0,301,784,961,2025,1234,1124,970,1117,770,498,859,1225,569,970,521,822,1324,888,2025,252,989,1590,1382,1038,981,836,285,1355,745,859,861,795,1091,992,1198,844,730,856,937,1360,836,964,1378,1147,1322,1103,1896,1205,971,1206,1012,1579,881,1220,1215,600,908,980,632,1091,1056,836,961,1143,585,478,949,705,1448,1208,907,522,933,967,588,478,472,937,1260,445,1001,343,613,1434,944,1025,924,1657,929,920,823,765,953,1082,914,867,1193,616,1064,1209,852,1526,1128,1134,1567,731,389,619,904,946,1248,870,1335,1147,1012,1296,1190,742,1155,724,1092,1212,1225,1583,1496,321,741,909,973,1056,1135,962,555,986,681,575,863,569,1218,1112,971,1196,1140,604,1651,934
1157,323,1383,989,1260,716,500,1078,1479,1108,883,727,1146,535,931,736,814,821,900,623,758,991,1166,676,994,867,262,950,735,1099,589,624,1011,744,696,484,478,903,926,596,1055,796,1229,1221,966,922,1011,521,681,726,1180,740,950,492,709,1719,1036,901,1014,1117,1168,892,1079,1083,817,627,19,501,677,880,1462,987,829,557,1078,783,933,1439,1027,1045,947,521,667,695,918,1003,1196,1236,490,997,943,1297,267,535,921,664,1110,715,913,735,967,267,923,323,0,780,769,1711,1228,905,939,893,764,232,639,1021,660,757,338,897,1318,877,1711,242,797,1584,1164,832,961,932,47,1349,596,1045,620,601,832,753,1003,838,822,994,724,1354,589,752,1372,1068,1316,1151,1583,1177,717,1002,797,1267,875,1214,1011,825,716,847,443,832,883,877,769,1235,671,569,757,515,1420,1004,901,613,739,775,694,569,195,724,1056,491,970,328,426,1225,752,933,1011,1651,1001,681,629,849,761,1054,667,909,1168,707,805,1005,660,1520,994,987,1255,823,482,762,927,754,1119,678,1329,1068,992,1099,1184,550,1149,532,1180,1008,1021,1271,1521,279,833,903,942,883,1129,979,304,742,491,666,624,653,1134,1106,758,992,1134,684,1339,697
700,780,763,698,899,1082,871,560,842,484,708,890,529,991,992,471,397,316,367,360,351,624,644,269,299,592,745,519,725,470,922,909,530,729,693,1189,706,278,311,489,454,429,609,1020,463,395,530,1239,957,81,889,730,519,1122,892,1142,573,266,656,675,784,252,508,716,400,520,881,607,421,324,664,620,567,1073,560,37,318,769,669,435,332,1239,369,458,646,446,452,705,523,550,527,775,757,991,383,725,493,341,620,447,616,757,396,780,908,0,790,1073,611,538,324,525,49,850,485,663,341,350,1153,370,704,290,1073,738,689,835,660,261,335,509,919,729,1112,434,676,986,601,47,446,191,405,299,338,1000,922,590,752,540,799,483,946,527,554,644,430,906,173,595,653,662,1082,908,1166,601,708,460,790,858,220,362,741,1199,783,646,266,344,1256,507,243,351,879,338,667,538,354,676,1044,691,721,362,529,886,306,742,925,519,782,436,729,213,784,225,658,647,737,932,530,542,894,387,687,491,187,775,532,743,728,539,625,542,566,1115,530,921,621,650,663,823,851,736,416,277,326,708,511,315,815,595,1165,257,517,263,500,488,351,634,516,233,804,588
1185,1118,769,305,542,116,670,473,575,521,401,188,826,647,181,580,806,813,892,800,502,90,483,778,799,167,824,251,77,524,720,224,1079,72,281,787,1126,809,566,405,448,302,809,306,530,914,1079,850,578,535,497,82,251,743,124,1078,1055,776,305,441,820,916,562,47,809,436,1014,990,666,813,755,86,341,693,473,607,658,501,318,714,588,850,464,832,224,560,684,543,618,540,935,614,984,647,885,288,835,707,213,461,264,984,915,1118,1003,589,0,802,818,246,553,263,690,789,447,312,850,501,760,889,1000,693,802,996,132,1403,477,656,556,915,1046,733,733,922,272,607,207,562,560,766,814,799,470,924,720,340,756,483,998,756,677,500,244,293,292,549,801,855,302,1052,116,131,772,207,401,869,6,1355,663,737,93,534,517,295,776,853,466,46,686,726,958,470,332,921,589,1014,658,358,73,636,1079,1373,805,282,546,979,8,598,279,735,820,730,180,296,89,1569,465,456,537,815,1107,865,673,25,435,95,1012,483,91,415,1058,736,897,539,1120,299,312,554,826,1069,825,809,583,401,1003,807,766,179,785,766,331,645,521,823,502,283,1008,676,620,208
1107,1331,703,228,283,734,932,399,243,447,543,670,759,794,763,287,873,750,794,785,467,378,408,703,724,90,1033,174,753,450,876,689,1007,762,528,934,1389,735,492,385,374,586,740,546,318,825,1007,997,724,462,424,758,174,890,727,743,977,700,32,376,753,840,488,587,876,339,1277,1264,845,741,694,364,402,840,399,628,586,139,45,640,514,997,525,899,147,263,610,468,755,251,1002,539,1302,794,810,566,770,774,98,426,44,1302,826,1331,1266,516,787,0,751,538,479,360,611,1092,430,39,775,466,908,800,935,621,180,1284,591,1339,403,603,482,982,1309,669,880,848,589,753,436,489,263,693,881,724,435,860,876,269,692,409,933,691,347,426,395,20,576,282,722,788,29,1328,734,682,923,436,543,936,787,1263,675,804,775,966,170,22,700,778,1025,432,698,793,1207,435,42,1211,515,1222,805,91,770,562,1007,1309,730,529,692,904,779,524,689,756,753,655,457,23,678,1505,389,380,282,817,1370,932,545,772,358,696,941,409,391,338,1002,883,832,686,1047,26,39,273,759,1281,892,735,509,543,947,735,997,460,932,691,290,709,447,758,467,70,996,688,254,500
1053,1217,257,802,1212,1289,1245,480,1082,607,1097,1230,88,1352,1332,917,910,916,996,822,1101,1008,743,857,880,984,1235,906,1308,481,1336,1249,921,1317,1081,1515,1204,433,664,899,557,1021,93,1398,863,1018,921,1561,1281,711,1267,1313,906,1450,1282,1243,947,634,1082,641,545,703,793,1100,913,972,1392,1078,908,495,582,1004,952,1398,480,671,732,1041,1095,692,642,1561,781,936,848,898,709,806,920,878,1039,876,1190,1352,966,1120,256,811,1030,1063,1084,1190,1019,1217,1411,649,1345,1314,0,1087,720,909,635,1343,935,1149,929,1100,1463,993,210,782,1314,1172,1073,377,634,661,719,1020,1381,218,1440,796,1146,1310,985,675,898,549,918,880,1069,246,1336,906,246,580,208,205,1186,456,1037,1128,1022,1219,676,6,1137,1168,1289,1248,1488,985,1097,973,1345,1186,712,841,1330,1525,1023,1130,634,932,1587,890,735,830,1397,1069,1078,1048,641,1110,1365,1063,1325,533,921,429,886,1082,1249,1078,1337,561,1139,533,545,811,1027,1131,1233,512,637,649,1207,919,1185,969,616,1330,639,1251,223,580,1009,648,267,1443,101,1245,992,1134,1149,1223,76,1169,929,433,647,1097,247,440,1308,1047,1491,845,920,746,607,252,1101,1118,252,725,1124,1049
1002,1068,949,498,544,531,553,665,762,595,339,467,942,589,562,522,761,644,687,692,363,266,675,598,619,371,783,453,240,656,661,486,909,244,323,731,1049,649,663,333,640,46,995,651,409,715,909,792,520,357,529,245,453,685,524,1079,877,751,760,631,971,651,566,358,764,364,957,937,622,614,954,262,194,635,665,517,641,720,773,697,695,792,420,787,425,506,667,737,574,501,890,806,1041,589,703,362,866,662,417,321,468,1041,716,1068,946,411,274,993,1001,0,557,6,506,690,369,828,670,362,700,690,1114,516,993,1023,232,1333,669,473,560,870,989,916,675,740,138,549,63,384,506,590,769,619,331,1143,661,219,938,675,1112,868,866,713,110,478,47,551,619,970,487,998,531,481,714,63,339,824,274,1154,570,692,256,761,703,480,751,672,819,146,593,681,917,331,756,868,694,961,600,741,236,464,906,1400,626,324,488,806,266,602,145,645,971,551,126,481,475,1268,478,471,539,707,1030,820,667,259,444,258,1126,675,267,608,933,678,904,481,916,484,828,556,1020,1019,780,649,675,339,882,712,649,140,727,586,231,601,712,862,363,468,888,583,622,37
840,1059,557,456,844,928,979,111,714,229,736,869,365,992,971,535,750,753,836,683,421,652,409,701,724,629,895,707,947,143,1074,888,748,956,721,1152,1038,338,13,708,82,492,407,1030,513,858,748,1203,920,522,899,952,707,1085,921,911,774,267,712,156,523,405,94,744,753,584,1109,927,756,304,151,648,595,1036,111,439,63,672,725,44,35,1203,589,776,500,543,14,469,743,523,879,540,1031,992,810,759,562,651,675,512,726,1031,859,1058,1098,495,879,944,447,601,0,553,481,1000,662,779,773,420,1261,833,541,680,944,1013,717,881,97,233,11,859,1141,524,1075,643,900,949,629,549,543,371,758,724,408,606,1074,552,546,95,539,285,817,270,641,736,493,850,522,393,745,988,929,888,1131,629,737,813,879,1038,560,681,970,1163,654,738,267,776,1220,535,583,670,1039,408,707,858,36,951,1008,692,965,102,748,933,730,722,889,904,871,130,954,355,523,655,649,739,873,978,205,211,838,759,1019,809,433,864,291,891,775,95,653,301,634,1079,441,885,827,742,779,854,486,1009,769,338,30,737,581,257,969,637,1129,689,538,591,259,558,507,726,586,573,761,509
987,981,1048,596,558,424,615,781,766,606,232,356,946,452,460,605,702,698,788,661,367,287,769,612,570,463,640,516,433,662,540,375,865,442,208,594,990,665,580,343,756,50,965,913,408,658,865,658,383,338,882,438,516,548,406,1084,841,743,578,733,942,651,577,379,735,374,966,868,566,603,1137,283,85,497,781,471,643,760,591,699,696,658,436,729,517,586,669,845,459,587,843,903,893,452,632,245,888,617,503,340,562,893,659,1019,955,387,376,1049,1131,6,567,0,498,726,386,585,683,374,568,633,1101,519,1049,877,248,1338,783,467,570,849,1021,1017,538,710,297,412,84,362,586,603,740,570,343,1295,540,225,1037,790,1099,848,907,713,114,566,51,565,650,963,575,1018,413,369,579,84,222,729,376,1124,559,632,455,621,743,568,743,683,685,162,582,621,834,343,590,905,695,815,452,781,450,456,865,1411,579,209,354,772,368,613,149,624,942,508,148,569,358,1299,472,465,553,741,971,761,647,361,724,376,1113,790,288,704,964,541,947,350,912,572,585,570,1148,971,751,666,673,222,913,704,689,147,587,600,287,541,819,884,375,556,919,572,636,148
600,757,739,674,812,956,708,661,800,481,724,767,514,859,863,321,396,207,401,284,293,625,661,374,340,525,678,479,705,447,808,786,499,709,711,1055,739,258,281,384,441,388,587,1369,415,428,499,1109,826,78,860,710,479,991,955,1172,526,246,618,650,745,218,474,717,399,415,879,561,359,276,713,621,588,940,661,37,288,741,631,408,302,1109,302,393,580,406,425,737,456,502,508,793,722,859,402,606,474,281,579,376,575,722,429,757,864,75,758,1042,596,496,293,494,0,828,421,625,445,292,972,403,786,233,1042,706,764,784,664,212,304,516,922,706,981,478,559,855,570,138,406,162,404,340,280,956,808,456,727,455,739,450,900,519,492,606,389,811,114,572,615,599,956,782,1034,570,724,393,758,821,161,299,721,1064,736,608,245,448,1128,502,184,288,826,280,630,493,324,644,895,655,701,330,498,846,348,623,797,567,750,404,608,185,744,276,624,609,717,900,503,308,811,405,720,425,132,743,505,723,664,455,626,515,553,984,528,792,687,612,625,802,844,715,415,257,296,724,502,293,760,552,1030,362,412,195,473,469,293,596,508,174,783,483
1251,428,1410,952,1180,687,458,1138,1432,1024,734,671,1107,279,764,607,736,701,824,538,648,936,1125,573,854,819,135,871,707,997,450,572,1143,716,546,416,582,840,853,493,971,680,1160,1129,707,862,1143,454,583,618,1088,712,871,424,680,1626,1103,845,932,1091,1059,823,1005,1028,739,524,277,374,569,799,1359,932,744,456,1139,667,860,1387,945,951,889,454,549,611,876,972,968,1209,384,969,847,1259,197,279,883,514,1062,620,857,625,916,197,863,428,266,667,754,1676,1190,788,866,787,679,0,534,939,557,647,70,837,1295,783,1676,209,847,1512,1141,745,885,853,440,1377,497,926,555,503,809,642,972,775,744,854,614,1331,450,569,1399,984,1293,1041,1533,1075,648,920,681,1187,831,1157,929,729,687,683,375,809,734,733,754,1272,562,471,729,447,1368,922,845,511,644,760,585,471,61,614,966,374,888,327,335,1009,724,802,1000,1585,861,531,531,935,746,952,604,823,1059,603,782,923,632,1471,817,809,1175,745,473,764,844,739,1082,650,1304,984,937,1062,1138,482,1122,437,1083,926,939,1190,1514,387,755,840,866,734,1087,899,50,707,423,563,521,544,1179,1058,648,910,1093,575,1257,592
1111,1166,958,503,737,701,893,689,741,728,511,640,1004,740,729,168,921,893,1011,859,516,469,678,752,712,369,879,423,495,738,831,659,866,499,498,882,1235,667,618,250,664,232,1032,995,704,1047,866,946,671,478,701,500,423,836,694,1311,963,690,482,641,986,622,779,561,924,206,1105,1107,749,552,1095,465,375,785,689,420,625,554,495,718,657,946,575,916,424,697,908,754,729,744,1033,810,1126,740,778,534,887,804,407,481,466,1126,1048,1166,1094,527,547,983,1038,340,769,338,636,969,0,489,823,515,859,1022,1192,659,983,1112,432,1368,691,494,772,1041,1137,927,826,851,333,700,414,502,697,604,929,712,484,1200,831,145,947,698,1190,926,841,715,279,470,233,744,573,1085,479,1166,701,648,867,414,511,918,547,1259,743,820,511,909,575,472,690,883,973,346,766,809,1032,484,494,1052,656,1050,740,519,491,391,866,1674,719,499,642,889,539,815,334,573,986,647,411,473,646,1298,665,656,732,930,1216,948,596,532,631,513,1204,698,470,611,963,829,1104,637,1078,476,489,747,1055,1118,940,667,632,511,912,653,934,339,875,740,171,725,727,883,516,460,918,756,725,249
1104,1168,702,244,252,753,945,431,205,470,563,692,742,792,788,346,802,792,770,796,509,354,418,745,705,107,881,161,773,480,883,711,928,782,550,934,1237,746,524,427,406,593,764,518,355,801,928,998,723,471,399,778,161,888,746,704,956,758,7,383,723,732,521,562,799,383,1107,1109,891,741,791,340,427,837,431,613,623,100,14,677,546,998,577,914,163,301,647,492,789,289,1031,550,1128,792,771,586,809,817,102,474,48,1128,802,1168,1096,520,820,83,774,568,511,390,631,1105,473,0,816,508,911,776,936,652,83,1114,564,1406,433,687,514,1039,1139,670,878,844,626,752,466,495,301,683,927,705,477,907,883,307,691,440,934,666,308,457,451,57,585,251,781,812,66,1183,753,707,922,466,563,916,820,1251,693,818,795,961,131,59,758,820,821,408,716,807,1034,477,19,1054,547,1052,792,68,790,597,928,1369,712,551,694,882,812,557,732,766,723,640,492,60,698,1565,407,398,251,793,1218,946,574,805,373,716,948,440,367,353,1021,881,837,689,1071,30,180,242,783,1120,938,746,541,563,970,771,1029,495,927,733,349,723,471,797,509,47,976,706,223,530
611,687,1121,923,1164,1146,891,894,1175,880,936,957,900,1024,1053,579,356,227,446,247,670,892,1061,16,527,791,856,843,918,793,989,976,537,922,922,1122,697,639,673,588,841,653,972,1545,690,483,537,1297,1016,480,1131,923,843,1058,1145,1736,467,643,904,1050,1073,620,875,984,359,617,729,524,511,687,1054,886,797,1007,894,502,680,1015,915,770,709,1296,557,256,846,708,787,1144,597,781,468,1194,789,1024,508,795,857,172,827,646,886,789,484,687,748,403,969,1417,984,759,686,758,467,944,504,909,0,668,1163,458,1089,293,1417,691,851,1307,1062,676,705,476,772,1090,1048,435,751,1044,834,446,708,572,364,527,635,1125,989,539,1110,857,1087,821,1274,844,686,890,652,1169,619,958,899,561,1145,971,1221,834,934,355,969,772,282,189,932,1131,1109,892,643,160,1195,765,259,189,1002,635,914,421,708,449,1092,954,912,731,537,1380,414,812,986,427,961,764,802,595,1073,91,827,893,1070,1268,786,778,1157,365,678,371,595,954,899,1159,1101,857,891,1031,933,1051,916,984,570,896,909,1172,1225,645,375,639,686,934,882,692,938,752,1097,190,580,291,868,853,669,880,888,275,1152,668
846,953,886,431,665,629,675,617,662,656,439,568,764,668,657,99,623,513,486,517,479,398,606,467,425,297,648,351,425,704,760,587,692,429,426,810,902,495,487,181,592,160,952,913,539,513,692,874,599,171,629,430,351,764,622,1106,700,558,411,569,914,491,622,490,626,137,851,806,596,421,979,394,303,713,617,292,495,483,424,604,510,874,272,620,352,692,732,681,426,672,734,738,911,668,487,462,716,508,336,167,395,911,514,953,840,225,477,902,958,268,501,266,337,795,395,418,538,0,787,488,1025,362,902,895,360,1060,619,364,512,740,883,854,754,564,264,628,342,198,692,474,631,425,170,1119,760,313,875,626,1023,700,762,643,210,399,161,672,489,815,408,855,629,579,795,342,439,620,477,994,403,523,441,837,504,401,559,541,901,274,426,512,802,170,423,729,536,833,668,448,421,479,692,1133,434,427,570,653,469,659,265,443,914,363,341,402,574,1191,593,584,660,505,883,652,466,462,560,443,994,626,399,540,792,757,773,566,780,405,418,675,975,897,642,495,505,439,741,525,728,270,803,455,102,432,655,712,365,389,747,416,649,177
1499,566,1470,1011,1084,718,560,1197,1336,1236,851,707,1257,231,608,809,945,916,1035,726,826,967,1186,783,1063,877,358,935,738,1144,550,608,1313,747,911,452,706,1081,1003,699,1172,886,1312,1033,1065,1070,1313,490,619,825,992,743,935,460,711,1527,1351,1084,1026,1149,1209,1020,1177,1059,948,730,539,587,815,948,1553,963,864,368,1197,816,1010,1291,1039,1100,1039,490,757,798,933,1006,1117,1283,592,1000,1057,1318,511,231,1090,614,1316,714,917,803,979,511,1071,566,528,874,785,1580,1338,994,1016,1083,927,134,740,1033,767,825,0,1045,1440,1029,1580,495,775,1607,1199,894,1035,1065,578,1437,409,1199,657,539,1159,849,1006,1003,953,1063,792,1684,550,774,1459,1206,1438,1191,1437,1223,757,1014,851,1091,968,1305,1023,882,718,807,411,1159,851,941,785,1555,766,680,760,483,1272,1016,1084,721,556,791,789,680,152,792,1328,587,1038,531,380,1313,755,1027,1312,1680,1071,631,567,1295,777,1099,708,972,1209,813,895,1017,663,1716,1173,1164,1079,954,687,801,998,770,1140,681,1449,1206,968,1120,1385,518,1359,473,1314,1020,1033,1094,1563,525,964,1081,1016,851,1334,1049,157,820,459,773,727,748,1235,1312,826,1004,1340,779,1161,806
616,606,1207,985,1224,1053,866,955,1125,976,923,864,985,956,960,637,26,350,69,256,741,952,1168,279,89,850,805,902,1030,879,938,883,540,1039,735,1152,498,725,763,614,931,713,1058,1466,735,25,540,1206,923,740,1425,1035,902,1088,1052,1844,473,730,986,1123,1159,708,965,1044,23,645,776,515,419,777,1216,948,835,1037,955,589,770,1079,999,856,799,1206,587,246,907,755,873,1262,505,828,215,1300,760,956,161,703,943,298,888,718,948,760,26,606,795,463,1008,1368,1068,821,776,820,554,893,565,993,350,740,1137,0,1173,357,1368,744,1227,1394,1169,809,795,229,819,1176,1078,503,658,952,896,506,755,659,110,89,707,1209,938,600,1196,945,1171,908,1225,932,758,977,714,1231,704,1044,986,365,1053,879,1131,896,923,150,1008,775,290,227,1074,1161,1061,979,730,302,1225,827,270,216,951,707,1031,447,798,590,1000,1101,951,821,540,1467,132,720,894,250,1000,850,709,682,1159,194,866,980,955,1353,848,840,1219,17,479,279,682,993,1007,1067,1185,945,953,1094,1020,1081,1003,890,672,983,996,1234,1317,753,121,725,776,923,969,782,887,791,1127,267,642,274,975,939,741,967,975,286,1127,713
1193,1505,377,950,1379,1479,1407,627,1197,750,1284,1422,408,1517,1518,1097,1144,1111,1131,1025,983,1173,882,1104,1067,1152,1364,1070,1499,840,1497,1441,1140,1509,1268,1658,1486,577,789,1082,697,1080,448,1691,1004,1161,1140,1720,1450,925,1414,1504,1070,1617,1472,1383,1169,787,1293,811,710,727,868,1265,1147,1123,1621,1320,1109,674,749,1169,1140,1564,627,865,857,1151,1306,817,767,1720,988,1139,996,1061,834,966,1141,1041,1256,1016,1465,1517,1132,1307,501,1023,1201,1233,1264,1465,1162,1505,1566,844,1547,1567,349,1276,845,1098,830,1452,1128,1260,1177,982,1639,1136,0,975,1567,1450,1238,74,799,750,844,1261,1664,400,1607,986,1274,1479,1174,949,1061,761,1152,1067,970,36,1497,1019,420,745,10,457,1424,606,1226,1281,1081,1378,865,394,1290,1345,1479,1437,1641,1174,1284,1140,1547,1508,910,1038,1521,1689,1133,1283,787,1185,1755,1048,933,1027,1513,970,1188,1218,766,1388,1519,1173,1110,718,1140,83,1075,1269,1421,1300,1539,811,1329,745,710,1002,1231,1284,1424,493,778,790,1411,1153,1467,1020,831,1532,780,1442,71,745,1174,789,203,1610,345,1419,1207,1287,1260,1385,411,1459,1165,577,772,1284,264,654,1417,1247,1655,1094,1100,947,749,396,983,1271,297,925,1199,1238
685,718,843,739,978,944,695,767,983,587,717,755,619,847,851,393,358,148,448,246,393,706,768,428,387,606,666,659,699,550,794,774,574,703,703,1043,696,349,395,330,547,468,690,1357,589,485,574,1097,814,182,943,704,659,979,943,1294,601,359,719,756,850,331,580,798,361,361,839,523,321,397,794,702,580,928,767,208,402,791,732,511,417,1097,290,355,664,579,528,844,444,676,470,902,682,847,510,594,576,243,644,370,692,682,486,718,850,105,752,1210,702,565,408,563,171,819,272,715,367,392,963,460,886,0,1210,668,657,885,769,385,419,478,882,810,969,586,547,843,639,148,579,276,366,387,359,955,798,343,831,560,840,553,1068,623,480,696,458,974,320,676,705,563,944,770,1022,639,717,356,752,890,123,261,715,1052,801,698,359,321,1116,571,146,250,812,359,720,455,443,606,883,745,695,436,574,947,396,611,785,562,744,508,596,299,850,325,612,699,711,1000,608,620,962,367,677,387,309,737,611,717,765,560,696,620,656,972,632,780,795,702,715,977,951,676,377,349,412,737,605,405,748,540,1018,416,358,157,578,572,393,686,611,136,951,429
1085,1157,686,225,291,734,927,412,246,451,544,673,726,773,769,328,784,773,752,777,490,394,400,726,687,88,870,142,754,461,864,692,959,763,531,915,1226,728,505,409,387,574,748,558,336,783,959,979,704,452,439,759,142,869,727,742,937,740,32,367,707,758,502,603,781,365,1098,1100,872,724,769,380,408,818,412,594,604,139,45,658,527,979,558,895,144,282,628,474,771,270,989,532,1119,773,753,567,793,798,98,455,44,1119,784,1159,1087,501,801,180,758,549,492,371,612,1087,455,39,797,489,892,758,920,633,0,1105,604,1390,414,670,495,997,1130,654,859,825,607,733,447,476,282,710,886,687,458,891,864,288,675,421,918,651,346,438,433,20,566,290,762,796,29,1161,734,688,900,447,544,875,801,1234,674,799,776,942,170,22,741,801,1006,448,697,788,1025,458,42,1047,528,1043,773,91,771,578,959,1352,694,532,675,864,793,538,713,748,706,622,473,23,679,1548,388,379,290,775,1209,927,555,786,354,697,931,421,407,334,1005,862,820,670,1052,26,39,281,766,1111,897,728,522,544,954,754,1010,476,908,714,331,704,452,780,490,70,960,687,262,511
1227,263,1273,1118,1354,1043,576,1056,1253,1053,913,854,1047,616,950,765,683,593,771,426,753,1082,1245,523,831,981,400,909,871,955,671,873,891,880,725,603,396,785,823,604,1000,842,1120,1456,868,809,891,641,913,730,1415,876,909,741,844,1822,919,790,1139,1256,1029,768,1025,1174,686,635,400,278,488,837,1318,1078,825,690,1056,658,830,1197,1152,916,859,641,577,499,1040,888,933,1362,495,961,794,1384,20,616,830,693,1005,454,1029,730,1092,20,810,263,286,637,998,1497,1130,950,836,949,623,255,696,1146,507,752,654,784,1237,702,1497,0,1217,1457,1246,821,855,800,397,1242,731,817,648,898,883,754,888,720,691,831,719,1273,671,730,1264,1046,1235,971,1354,1033,748,1127,843,1361,773,1108,1136,617,1043,869,562,883,913,680,998,1159,625,421,1064,736,1189,1129,790,461,878,957,540,421,178,719,1181,278,858,91,526,1182,888,881,891,1530,838,710,926,775,990,910,699,743,1029,553,856,1130,796,1416,980,973,1349,692,377,564,751,983,1084,1057,1246,1046,1083,1226,1083,734,1067,832,1033,1133,1146,1364,1381,219,702,785,836,913,1032,842,412,781,780,513,632,611,1052,1003,753,1117,1038,556,1432,703
1128,985,1004,552,226,191,537,737,476,776,265,369,1058,620,271,574,722,689,810,654,738,81,727,901,935,419,693,472,78,786,654,388,1002,294,458,656,1076,794,832,556,712,530,1081,175,607,848,1002,576,551,682,137,289,472,435,190,778,1031,799,471,689,1034,777,827,163,725,587,978,950,554,833,1093,73,663,541,737,701,934,431,484,986,868,576,427,717,473,542,956,834,447,543,833,745,946,620,869,233,1016,605,459,706,518,946,849,985,967,731,332,714,1087,334,817,623,664,674,597,540,725,737,740,823,1253,768,714,930,0,1473,739,779,820,839,1010,973,582,914,285,531,699,706,542,736,730,935,706,1249,654,548,993,746,1251,979,573,763,434,504,522,233,816,1134,513,989,191,72,570,699,265,719,332,1299,547,620,83,477,414,506,806,679,346,86,570,609,929,706,467,876,874,868,565,452,99,904,1009,1778,942,459,522,921,324,863,388,759,1034,869,352,507,209,1432,714,705,221,731,1057,749,775,317,680,205,1262,746,64,660,1099,585,1083,465,1140,500,540,238,1104,937,741,801,852,265,1048,858,633,267,631,668,481,529,775,1019,738,494,1054,560,308,484
1282,1822,643,1263,1603,1826,1767,885,1521,1058,1631,1769,496,1866,1865,1105,1506,1283,1463,1369,1077,1511,1185,1433,1396,1487,1457,1374,1846,930,1853,1788,1241,1856,1611,2028,1601,665,877,1183,983,1174,536,1934,1310,1496,1241,2083,1797,1228,1750,1851,1374,1966,1819,1607,1271,1177,1623,1069,969,816,958,1603,1508,1222,2010,1675,1450,763,1046,1507,1479,1911,885,1187,945,1476,1636,905,855,2083,1089,1497,1305,1363,922,1292,1240,1343,1617,1317,1780,1866,1463,1654,589,1377,1532,1170,1591,1780,1496,1821,1642,1166,1894,1793,610,1613,933,1435,1152,1545,1470,1655,1505,1076,2045,1470,43,1303,1793,1765,1576,0,1096,839,932,1326,2007,662,1956,1307,1391,1826,1511,1192,1363,850,1513,1395,1064,79,1852,1326,683,1004,33,545,1650,865,1327,1611,1175,1602,1187,482,1620,1736,1826,1784,2008,1511,1631,1506,1894,1794,1246,1392,1868,2037,1457,1613,1176,1513,2106,1386,1269,1381,1605,1064,1513,1632,854,1703,1877,1498,1448,807,1241,313,1402,1612,1768,1612,1886,899,1444,834,969,1329,1546,1614,1771,585,1089,1101,1636,1514,1763,1371,922,1879,1091,1789,80,1004,1512,1101,402,1959,433,1766,1498,1617,1655,1609,678,1772,1524,665,860,1631,679,743,1510,1532,2003,1420,1108,1290,1059,484,1077,1601,710,1259,1478,1575
910,1127,562,304,736,819,1010,81,601,64,629,762,439,858,858,421,827,799,824,704,514,531,253,796,759,515,994,437,839,69,949,781,792,848,616,1018,1111,328,98,502,58,488,623,921,370,855,792,1072,789,630,798,844,437,954,812,767,819,333,596,237,495,473,96,623,830,458,1242,986,795,355,653,527,493,903,81,535,199,556,609,251,120,1072,692,822,362,424,221,329,847,404,938,385,1087,858,825,652,614,710,554,479,613,1087,856,1127,1231,534,886,841,633,596,85,456,520,1084,748,665,867,513,977,830,632,667,841,1073,596,920,0,257,88,944,1318,531,944,679,695,818,532,654,424,459,835,759,482,780,949,383,551,71,630,371,701,76,526,617,489,743,556,489,626,1024,819,777,997,532,629,824,886,1073,601,726,861,1027,539,619,333,871,1091,408,624,715,1169,482,592,910,121,1011,858,577,856,126,794,987,766,617,760,936,878,133,581,443,495,694,557,620,764,1047,67,73,731,836,1092,854,536,871,132,782,800,71,532,142,691,947,537,755,889,623,665,635,643,1079,846,328,115,629,640,351,1049,560,993,784,424,631,100,610,514,607,646,614,608,596
848,953,694,577,906,1043,856,365,878,192,677,854,488,946,950,332,636,601,623,530,304,634,562,604,562,535,762,637,654,380,895,873,732,658,663,1142,918,358,213,471,342,397,539,1164,584,650,732,1194,913,329,870,659,637,1078,861,1062,759,287,648,551,435,217,273,726,639,502,957,807,610,149,643,630,540,1027,365,218,220,831,661,329,234,1194,389,633,619,574,474,639,543,671,747,694,913,946,624,693,576,521,573,387,727,913,651,953,946,378,707,1120,571,505,226,503,473,850,451,655,676,303,1127,625,683,510,1120,897,597,885,564,0,237,753,989,662,1068,632,647,942,579,353,574,161,644,562,291,955,895,486,683,355,681,420,978,453,437,636,398,913,371,538,645,856,1043,869,1119,579,677,635,707,1039,416,536,670,1151,814,638,287,683,1215,511,439,525,908,291,660,736,257,835,990,852,650,169,732,947,571,664,884,778,699,338,698,145,435,500,569,639,813,1000,173,122,901,642,884,665,221,692,130,672,765,355,635,415,656,1071,589,879,844,642,655,960,816,905,655,358,229,677,605,253,844,497,1117,592,335,445,200,572,304,626,611,429,894,570
860,1087,408,440,879,941,951,93,744,237,750,884,348,978,980,404,789,761,778,665,497,651,429,750,713,635,914,687,732,65,1048,903,734,736,736,1140,1071,296,24,485,85,471,402,1072,490,809,734,1192,911,543,941,737,687,1076,934,932,761,289,737,144,113,428,67,743,792,441,1151,945,750,317,157,647,613,1025,93,453,74,697,750,38,46,1192,612,784,485,544,25,503,767,524,900,561,1048,978,779,773,578,672,674,462,733,1048,810,1087,1140,489,785,986,431,579,11,576,475,1004,669,806,821,496,1097,784,541,625,986,1034,716,887,99,235,0,906,1279,377,1066,634,873,940,652,567,544,378,797,713,465,577,1048,530,397,80,539,278,844,246,509,737,472,886,511,398,746,984,941,899,1117,652,750,786,785,1050,556,688,748,1149,680,739,289,825,1213,528,579,677,1078,465,733,871,47,972,988,718,728,104,734,949,720,737,882,890,777,52,564,362,113,648,643,740,886,1002,207,213,874,798,1052,816,454,770,267,906,767,80,652,278,658,1071,446,880,846,743,806,787,485,1039,808,296,41,752,607,269,969,569,1117,738,407,584,235,541,497,727,585,564,760,488
673,661,1298,1265,1222,1284,1011,1227,1085,1227,1150,1092,1092,1161,1188,866,399,555,87,477,967,1186,1392,521,210,1094,987,1190,1211,1054,1120,1111,511,1232,963,1250,451,929,893,858,1072,946,1157,1666,1051,428,511,1432,1139,764,1630,1216,1137,1185,1283,1411,539,854,1080,1307,1101,915,1085,1321,402,873,890,938,576,906,1359,1225,1147,1138,1155,723,900,1036,1090,1082,930,1441,811,469,1151,993,1025,1453,749,1080,293,1473,1001,1161,128,922,1048,524,1150,864,1222,1001,415,705,909,699,1263,1301,1167,1060,906,1080,686,1060,793,1145,559,870,1322,389,1070,565,1301,986,1432,1115,1320,950,917,0,926,1266,1175,718,893,1199,1135,710,993,784,407,210,860,1195,1120,827,1287,1145,1060,1054,1185,1132,991,1112,947,1229,842,1145,1121,417,1251,1077,1371,1135,1138,302,1263,743,509,445,1272,1260,1018,1114,854,514,1316,1064,509,435,1071,860,1073,870,929,841,1235,1058,1240,959,511,1188,286,939,1111,103,1255,1009,943,807,1101,433,1141,1115,1148,1160,1061,1051,1217,408,521,497,772,1248,1016,1266,987,1145,1187,1370,1128,1178,1099,1091,757,1106,1145,1149,1438,956,418,856,906,1138,1076,899,1025,1061,1226,509,869,684,1139,1042,871,1102,1081,525,1122,962
1100,286,1340,1115,1290,850,547,1056,1234,1086,931,845,1132,534,952,751,741,615,829,446,730,1065,1246,560,883,972,281,893,858,1103,632,747,928,879,1006,611,449,900,921,650,1034,832,1197,1251,853,872,928,639,929,770,1210,863,894,619,844,1754,958,898,1140,1262,1128,875,1047,1158,744,684,62,439,609,866,1409,1062,933,611,1057,767,928,1172,1153,1058,957,639,579,507,1030,879,1172,1442,540,944,804,1462,178,534,900,714,1088,494,1029,724,1101,178,873,285,51,743,910,1451,1207,942,934,956,730,275,679,1147,544,730,448,847,1303,822,1451,154,931,1485,1282,810,945,864,0,1308,650,857,685,765,1011,794,879,828,749,883,720,1339,632,713,1329,1047,1301,1102,1335,1182,779,1128,833,1297,886,1185,1137,599,850,869,567,1011,931,826,910,1200,691,463,880,642,1168,1130,898,499,792,916,568,463,238,720,1172,434,956,240,523,1157,887,920,928,1558,895,731,793,817,902,1059,734,889,1128,597,890,1131,795,1518,947,937,1285,750,393,598,816,895,902,813,1325,1047,1067,1249,1170,688,1141,699,1013,1134,1147,1301,1491,195,760,900,934,931,1118,965,328,818,617,551,680,673,1101,1084,731,1118,1123,584,1366,754
1203,1495,27,709,1128,1204,1434,368,991,483,1034,1188,223,1298,1289,811,1087,1029,1081,969,972,894,675,1027,1018,892,1272,778,1212,357,1388,1207,1055,1233,1006,1489,1408,518,595,908,441,954,168,1293,735,1114,1055,1507,1225,972,1162,1218,779,1427,1199,1171,1085,776,983,553,370,654,578,987,1090,858,1585,1205,1031,643,460,891,900,1376,368,818,711,942,996,591,541,1507,890,1076,745,787,725,755,1044,789,1198,810,1396,1299,1093,1058,419,969,950,933,1022,1396,1115,1495,1604,794,1265,1207,178,1022,582,838,781,1548,1118,1051,1096,972,1414,1089,413,915,1207,1380,960,540,512,782,613,1195,1621,0,1417,916,1123,1285,893,996,787,688,1095,1018,941,237,1389,793,20,350,411,357,1091,337,926,1049,955,1135,808,217,1058,1362,1205,1207,1437,893,1035,1120,1265,1389,844,964,1235,1500,924,1051,776,1104,1561,773,867,954,1434,941,979,1195,540,1320,1301,964,835,659,1055,631,1027,1008,1197,1260,1257,420,1221,674,370,945,947,1052,1150,721,514,526,1123,1096,1389,957,736,1250,516,1168,435,350,896,526,468,1420,265,1177,1166,1055,1051,1139,188,1398,1106,518,546,1035,408,581,1322,967,1466,1015,815,879,484,415,973,1039,413,857,1034,944
1623,1082,1140,689,639,383,574,843,859,944,509,373,1171,347,244,654,967,907,1057,780,816,623,860,913,1153,551,728,593,391,894,501,283,1370,412,537,40,1017,1197,1050,782,818,799,1194,605,689,1099,1370,85,457,901,567,396,593,10,377,1094,1442,1135,849,827,1202,1068,927,716,970,816,945,897,806,996,1225,613,797,169,843,871,1048,809,862,1092,1086,85,665,837,607,630,1062,948,673,631,1078,994,986,347,1132,480,1335,849,608,776,673,986,1100,1082,934,950,442,1075,1199,919,917,735,927,701,810,918,901,815,448,1074,1342,1019,1075,971,406,1524,847,940,920,1076,977,1111,0,1149,524,377,790,925,630,1050,975,1153,784,1371,501,636,1129,853,1340,1132,959,870,659,673,906,646,1018,1250,682,990,383,332,191,790,509,1000,442,1751,777,819,413,58,792,675,1135,856,193,448,800,819,777,784,845,887,1085,911,263,830,420,921,1370,1855,1162,538,405,1398,434,963,613,1019,1202,1080,607,676,328,1741,845,836,634,976,1003,993,1038,427,843,346,1364,853,606,823,1410,3,1260,311,1447,679,918,650,1219,985,986,1197,1063,509,1358,1095,643,829,24,908,657,759,945,1331,816,663,1363,790,713,841
642,1190,1201,1101,1308,1419,1061,975,1219,1005,1304,1226,1002,1190,1327,737,650,397,384,644,743,1051,1180,495,317,958,1191,879,1086,939,1149,1245,675,1090,1118,1279,1053,758,795,753,952,817,1067,1563,838,414,675,1469,1306,606,1287,1091,879,1214,1419,1939,465,756,1125,1247,1001,733,979,1143,654,787,1266,890,731,878,1243,1047,1008,1167,975,619,802,1156,1138,910,830,1469,702,624,1015,864,927,1295,901,929,761,1315,1007,1190,396,1089,958,560,1014,736,1086,1007,415,1191,1285,520,1140,1435,1077,927,808,941,582,1250,664,1132,565,742,1501,390,1172,436,1435,992,1015,1354,1201,822,819,758,1256,1171,1204,0,1062,1366,996,570,864,686,659,318,732,1236,1149,698,1190,1030,1170,959,1319,1017,850,1113,818,1315,361,1055,1122,897,1419,1244,1399,996,1304,686,1140,876,469,606,1440,1289,1152,1115,756,575,1347,929,423,596,1361,732,1156,880,829,869,1263,1141,1082,853,675,1427,324,1106,1278,550,1132,907,1113,709,1001,242,986,1116,1262,1384,932,922,1303,407,1035,652,668,1125,887,1434,1194,1030,1052,1234,1036,1207,1011,1258,282,1119,1132,1319,1349,1006,670,758,808,1304,984,801,1238,908,1255,483,740,524,1019,954,743,1103,989,439,1192,834
1079,952,1042,589,799,601,619,744,816,628,433,580,883,694,679,416,531,471,622,437,409,543,761,666,653,449,584,487,342,684,707,599,893,346,150,881,880,735,608,302,719,239,948,1059,483,664,893,901,619,404,773,347,487,817,595,1404,901,719,580,727,982,649,606,635,534,336,803,759,377,577,854,539,303,768,744,455,669,652,593,713,674,901,221,517,504,583,683,841,191,584,642,896,876,694,690,118,934,416,503,368,568,876,665,952,792,453,395,1034,1101,421,595,430,559,655,341,587,519,408,812,639,1056,600,1034,859,401,1238,748,508,598,642,835,1013,807,797,0,679,291,428,583,663,539,653,377,1300,707,272,1031,754,1054,818,918,737,124,568,231,806,713,927,577,851,601,596,829,291,433,564,395,1190,347,411,358,891,751,570,719,474,950,401,370,401,759,377,592,751,673,799,691,617,338,511,893,1310,661,127,592,852,387,653,82,600,982,583,265,571,354,1360,518,508,794,540,861,545,620,380,473,360,1077,754,544,722,1012,810,970,565,1012,574,587,810,1118,856,550,735,651,433,960,675,642,195,857,654,196,329,632,930,409,558,965,360,792,192
1320,776,1260,810,956,507,294,966,1179,1065,634,502,1097,193,661,623,757,700,845,543,633,749,981,658,886,676,483,711,515,1018,277,404,1004,536,663,342,749,917,847,519,941,703,1163,918,814,888,1004,403,79,640,880,520,711,335,501,1454,1034,936,810,948,1323,866,973,841,760,553,728,638,593,794,1346,745,922,320,966,669,854,1130,823,986,884,403,448,606,730,755,1098,1066,410,756,867,1113,760,193,910,605,1106,640,733,626,798,760,889,776,717,689,566,1395,1172,813,860,860,747,461,550,817,646,632,313,863,1267,806,1395,743,714,1449,972,738,871,864,746,1228,356,941,382,0,915,664,755,845,765,886,622,1485,277,584,1249,976,1265,1030,1279,993,472,798,704,963,903,1139,807,724,507,578,331,915,634,792,566,1273,562,553,537,375,1112,800,936,601,495,572,585,553,561,622,822,625,883,701,194,847,544,816,1004,1522,894,366,27,891,558,987,430,817,1323,817,600,801,452,1534,966,957,951,766,730,769,833,551,965,470,1289,976,750,945,1188,343,1159,91,1109,804,817,967,1341,686,776,917,860,634,1136,893,382,529,341,653,549,544,1066,1102,633,788,1141,575,1029,534
1186,1096,968,519,618,447,679,676,838,777,279,427,999,546,521,483,823,766,912,733,516,363,700,770,753,381,742,419,238,727,614,446,1073,242,254,732,1089,828,712,380,651,225,1023,1039,525,954,1073,753,470,501,592,243,419,668,441,1204,1006,801,513,659,1034,731,759,455,826,414,1067,966,657,659,1087,359,149,619,676,536,719,788,526,923,747,753,450,807,436,460,893,780,483,461,933,835,1000,546,829,302,1022,706,436,475,501,1000,955,1096,1056,550,271,1054,1029,129,749,58,658,800,411,520,839,515,665,929,1169,695,1054,985,297,1351,680,602,752,931,1099,939,658,898,223,530,0,525,460,712,831,753,484,1227,614,379,957,686,1167,961,938,703,195,501,217,625,684,1076,510,1120,447,441,681,180,279,858,271,1306,634,702,254,742,771,503,801,768,800,241,657,692,924,484,525,1016,746,925,545,550,234,620,1073,1717,761,255,443,955,263,807,230,681,1034,684,113,504,392,1451,676,667,613,832,1070,835,697,256,673,410,1191,686,364,653,1103,661,1087,418,1108,507,520,629,1046,999,842,828,725,279,1051,758,751,130,708,758,283,616,776,1018,516,491,1056,647,690,51
752,992,835,837,941,920,949,786,864,606,811,730,631,1054,831,377,421,357,368,440,462,684,770,311,302,591,694,533,696,594,1036,749,594,700,737,1142,874,372,422,423,566,451,697,1350,468,399,594,1095,809,62,917,701,533,1077,920,1272,571,377,672,776,651,351,593,776,397,457,1153,719,563,334,775,680,634,1030,786,55,429,799,685,553,444,1095,310,439,649,461,717,850,464,553,533,905,893,1053,381,592,578,378,648,421,624,893,400,992,884,26,750,1080,709,561,435,570,75,748,370,823,381,461,985,374,851,576,1080,876,648,850,790,275,446,531,1143,804,1067,440,559,869,625,0,461,298,430,302,430,993,1036,405,824,579,813,585,964,658,489,660,452,867,344,684,669,754,920,748,1025,625,811,535,750,862,379,414,712,1152,797,662,377,391,1208,562,402,404,851,430,684,753,470,816,881,792,692,465,594,901,308,609,782,534,742,549,610,321,651,226,614,663,818,988,644,656,936,391,854,467,145,735,646,935,754,579,685,655,660,1070,639,755,700,666,823,858,968,895,441,372,439,811,609,416,735,542,1118,299,380,412,615,574,462,650,614,392,839,527
961,1087,944,535,568,688,736,646,565,465,520,671,800,781,772,267,716,563,559,608,242,572,633,519,499,403,687,244,696,489,851,690,822,717,495,968,998,590,541,415,425,340,868,862,180,589,822,988,706,239,736,701,244,904,682,1022,785,623,383,635,855,548,440,664,587,308,888,878,533,476,729,568,390,855,646,355,499,503,396,545,563,988,302,700,318,180,515,717,456,14,826,772,991,781,571,543,782,599,344,200,339,991,590,1087,877,297,748,775,878,514,430,330,403,741,446,527,589,241,899,564,976,445,775,976,899,1186,650,419,433,823,920,915,894,646,551,766,385,268,0,531,724,499,210,1046,851,14,933,438,974,737,664,443,376,371,341,567,559,845,380,951,688,690,918,385,520,751,748,1056,475,600,718,978,500,373,623,600,1037,451,498,590,844,210,395,848,586,916,778,496,725,346,822,1259,509,496,679,736,740,476,602,500,857,433,464,374,633,1310,353,342,567,581,979,728,257,733,303,651,1142,438,573,669,866,897,888,652,922,377,527,558,1017,990,735,592,557,520,814,575,728,467,944,507,270,508,471,780,242,361,820,488,539,436
643,908,708,712,988,957,774,661,971,481,848,767,496,870,868,423,528,468,513,425,508,731,651,470,453,635,731,592,737,461,863,786,505,741,798,946,819,260,291,461,441,497,565,1387,526,543,506,1130,846,296,964,742,592,882,957,1148,535,242,734,651,520,217,467,823,531,495,1070,696,477,272,667,727,695,833,661,248,298,923,747,423,313,1130,348,514,750,519,440,735,502,611,640,790,810,870,525,631,455,413,691,467,687,810,544,908,921,223,791,1187,571,607,304,625,210,785,408,741,540,507,1022,518,733,345,1187,793,695,732,665,159,315,640,1060,677,872,337,600,906,680,324,519,0,536,453,476,875,863,443,697,454,695,466,1071,534,527,722,498,995,237,549,731,768,957,785,1060,680,848,563,791,824,284,408,753,956,904,724,242,550,1015,609,307,398,888,476,746,668,339,733,916,945,733,341,506,783,463,648,819,693,783,419,650,23,520,387,655,725,855,870,517,529,983,537,800,542,183,776,519,972,636,454,732,529,542,875,505,792,586,728,741,922,844,814,548,260,308,848,490,285,772,583,922,458,491,326,487,451,508,712,495,297,903,565
691,690,1152,1039,1248,1072,875,966,1176,941,961,882,954,971,983,677,38,377,60,318,711,991,1115,316,137,897,830,819,1034,888,965,901,606,1055,777,1048,546,708,745,686,902,757,1019,1508,778,26,606,1240,960,542,1463,1039,819,983,1072,1909,512,706,1064,1123,951,683,929,1083,35,720,796,592,401,758,1170,987,946,936,966,570,752,1095,1077,860,780,1240,633,290,953,804,877,1213,575,869,77,1247,815,971,131,745,908,343,953,704,1025,815,27,690,815,456,1086,1392,1029,867,758,881,532,884,604,1071,386,710,1127,39,1124,374,1392,798,1255,1356,1139,790,769,141,832,1123,973,510,716,1020,936,506,804,636,0,137,700,1187,965,638,1141,956,1122,909,1276,943,810,1052,758,1255,686,1007,1061,356,1072,900,1170,936,961,99,1086,812,330,272,1093,1058,1109,1054,706,343,1114,869,310,262,987,700,1095,541,779,653,1035,1080,1063,803,606,1429,190,762,933,206,1078,857,765,659,951,231,926,1055,971,1261,872,862,1243,29,527,323,618,1071,987,1087,1146,956,992,1173,985,976,963,908,720,1058,1071,1259,1301,819,11,708,758,961,933,751,871,854,1024,304,680,314,955,904,711,1042,938,326,1129,790
493,796,1140,1034,1115,1158,944,954,978,929,1047,968,942,1048,1069,672,187,325,78,379,706,986,1103,306,180,892,896,814,1120,876,1031,987,381,1141,863,1137,665,696,733,767,890,752,1007,1587,773,186,381,1329,1047,539,1551,1125,814,1072,1158,1322,409,694,970,1111,939,671,917,1078,184,801,903,708,484,746,1158,982,941,1025,954,553,740,929,983,848,768,1329,717,377,948,799,865,1201,658,864,163,1235,1012,1048,91,831,895,432,948,699,1020,1012,187,796,922,453,1172,1194,1017,862,746,876,515,951,599,1038,376,705,1213,161,1089,369,1194,998,1341,1305,1128,785,757,185,939,1111,1062,500,802,1107,931,503,799,624,219,0,695,1135,1031,633,1129,944,1071,897,1078,931,896,1047,753,1122,671,995,1056,524,1158,986,1259,931,1047,185,1172,600,417,353,1179,1147,911,1049,694,387,1203,864,417,343,1069,695,966,640,767,773,1124,951,1149,791,381,1378,57,848,1019,118,1164,845,851,647,939,221,1023,1050,1057,1282,867,869,1110,178,646,430,603,1039,822,1173,1268,942,987,1113,973,1114,951,999,677,999,1016,1126,1357,1013,218,696,757,1047,921,733,966,943,1163,294,678,443,968,920,687,1016,933,455,997,781
849,990,1053,513,791,746,692,753,716,576,575,749,703,799,836,191,595,431,437,485,32,503,738,395,380,378,600,411,513,642,744,768,670,517,550,873,818,499,486,387,541,274,766,1018,323,478,670,1084,841,121,729,518,411,808,740,1278,648,437,515,765,721,454,567,597,598,227,820,754,550,383,830,499,445,760,753,229,493,675,528,630,508,1084,272,591,436,319,666,810,425,402,707,869,867,799,457,606,659,483,432,81,497,867,479,990,809,176,547,964,781,355,499,387,268,708,341,522,463,31,987,453,907,329,964,850,568,944,755,333,510,710,1106,1025,798,523,541,858,364,149,319,377,604,380,0,1024,744,382,1042,554,902,700,826,688,303,503,275,798,424,754,512,818,746,761,1014,364,575,642,547,906,360,516,529,883,662,505,437,465,939,383,383,506,799,180,535,726,534,798,901,566,509,436,670,1017,388,551,806,576,539,604,585,330,721,301,431,506,692,1021,372,362,786,470,799,617,435,532,323,531,834,554,504,628,714,801,705,765,775,509,522,801,1158,859,615,499,503,575,665,481,698,359,849,383,194,395,584,655,32,493,671,373,711,291
1267,1638,271,888,1395,1392,1587,567,1152,688,1217,1396,433,1450,1491,1008,1228,1163,1182,1084,1174,1106,837,1131,1123,1066,1291,998,1393,664,1528,1415,1169,1424,1185,1661,1506,591,669,1097,645,1142,342,1617,923,1224,1169,1641,1403,905,1338,1398,998,1597,1386,1388,1184,752,1216,753,629,723,895,1200,1231,1048,1541,1322,1154,705,673,1102,1075,1547,567,892,904,1112,1229,698,647,1641,974,1216,927,985,715,909,1125,965,1339,967,1515,1450,1202,1240,515,1099,1123,1132,1195,1515,1225,1638,1530,868,1460,1561,300,1182,796,1010,855,1397,1214,1223,1198,1173,1576,1199,79,1011,1561,1499,1171,113,723,870,799,1291,1573,347,1587,993,1328,1420,1060,933,985,767,1236,1123,1142,0,1528,989,363,657,55,456,1422,543,1125,1204,1143,1402,905,306,1213,1484,1392,1412,1567,1060,1217,1275,1460,1520,953,1129,1415,1671,1094,1206,752,1197,1730,985,976,1119,1503,1142,1243,1380,646,1439,1480,1134,1047,892,1169,90,1130,1186,1368,1325,1452,730,1386,753,629,1039,1182,1207,1338,526,716,728,1390,1237,1487,1088,820,1445,718,1356,112,657,1107,727,368,1590,345,1327,1448,1210,1223,1405,361,1508,1247,591,652,1217,625,655,1362,1195,1637,1119,1011,1004,687,396,1174,1194,659,966,1199,1107
1226,747,1119,685,903,436,226,853,1121,754,346,252,966,363,339,461,601,496,692,558,535,648,865,564,731,552,384,603,406,808,180,271,992,436,374,437,714,736,701,344,828,316,1008,847,605,727,992,496,103,503,811,411,603,346,436,1258,1021,674,1122,834,914,681,739,742,604,374,680,617,449,610,1027,644,374,298,853,456,708,1081,1135,820,736,496,300,597,613,672,806,940,236,668,713,995,627,363,751,317,961,489,609,490,674,627,728,754,669,558,470,1367,1040,526,714,558,574,383,389,1190,642,534,537,702,1139,666,1367,604,590,1317,855,561,725,716,712,1091,336,850,149,112,362,531,672,669,610,731,503,1330,0,403,1108,862,1137,889,1229,854,225,683,307,910,590,997,692,676,436,264,422,362,346,647,470,1232,419,522,457,423,1063,685,674,596,473,476,442,512,469,503,1118,585,735,544,326,1103,444,645,992,1390,763,382,75,808,462,781,192,557,914,674,336,686,352,1362,652,641,898,610,695,623,664,455,814,451,1152,862,649,794,1019,339,1061,184,1116,689,1190,913,1229,629,621,736,714,346,970,708,320,264,389,552,310,401,908,960,535,673,976,432,980,322
975,1104,888,493,534,718,728,601,517,424,549,718,721,774,805,268,711,543,550,602,127,579,585,507,493,376,636,213,718,490,779,737,785,748,524,985,932,491,402,425,388,350,763,814,140,595,785,965,729,236,688,723,213,920,712,1091,772,429,354,613,809,446,399,673,714,455,857,871,662,375,730,575,419,872,601,270,443,472,367,496,424,965,312,709,288,12,466,672,463,26,822,727,980,774,570,572,690,604,307,198,305,980,596,1104,846,295,783,755,971,533,389,361,386,740,368,494,575,126,888,570,902,446,755,965,845,990,605,298,392,825,889,859,910,635,582,746,411,266,12,316,719,493,116,1110,779,0,877,401,900,643,622,406,377,342,351,533,544,751,351,932,718,730,891,411,549,757,783,1018,475,638,740,995,460,344,429,579,1050,459,498,628,836,116,478,838,425,912,791,463,756,305,785,1063,501,525,694,686,775,435,626,302,809,412,499,345,664,1054,309,298,533,587,910,736,261,768,259,682,867,401,580,469,747,913,811,653,901,348,494,524,988,970,731,491,419,549,698,412,730,502,961,495,271,510,427,686,127,332,704,488,505,458
1261,1565,11,737,1246,1228,1419,406,1013,528,1056,1231,275,1285,1326,855,1151,1028,1134,1011,1020,957,690,1083,1075,920,1268,832,1229,405,1367,1250,1127,1260,1028,1496,1430,564,767,941,486,991,211,1317,773,1177,1127,1484,1238,1015,1189,1234,832,1432,1222,1239,1141,726,1014,593,467,697,630,1051,1154,893,1634,1249,1081,679,514,953,918,1382,406,844,747,973,1027,676,625,1485,947,1138,781,834,768,763,1098,820,1263,821,1442,1286,1154,1080,466,1026,978,979,1050,1442,1178,1565,1509,820,1297,1259,220,1031,639,859,807,1558,1166,1082,1150,1020,1412,1152,462,962,1259,1426,1023,619,566,859,664,1266,1659,20,1423,945,1163,1256,909,846,835,741,1159,1075,989,258,1368,841,0,398,460,374,1121,385,973,1077,993,1254,860,260,1086,1419,1229,1248,1417,909,1057,1201,1297,1480,896,1063,1252,1507,955,1079,726,1152,1566,838,919,1053,1480,989,1010,1315,624,1374,1313,995,900,735,1130,677,1085,1030,1204,1280,1289,468,1221,727,467,994,1029,1080,1175,685,562,576,1242,1167,1420,1022,794,1282,567,1193,474,398,959,580,517,1426,320,1163,1206,1083,1082,1087,231,1443,1177,564,630,1057,450,629,1365,1049,1473,1074,859,938,531,462,1021,1067,456,909,1060,956
1048,1318,359,396,738,882,1066,22,610,277,715,881,397,937,968,523,922,825,930,805,608,626,306,879,868,590,820,640,882,36,1015,900,915,912,693,1146,1189,389,168,612,32,612,418,909,447,1051,915,1135,892,490,783,887,640,1080,876,844,927,403,611,82,142,296,167,720,925,563,1082,1044,878,405,148,622,588,1034,22,406,257,570,624,112,190,1135,562,928,452,503,278,379,718,487,1034,441,1197,937,950,738,514,820,648,566,713,1197,1052,1318,1071,615,947,852,430,695,155,523,602,924,611,679,946,607,1061,1026,571,695,852,1183,691,717,76,346,158,1039,1114,332,1070,744,822,909,573,518,503,344,930,868,576,558,1015,509,348,0,569,289,717,17,636,722,613,745,653,466,731,1180,883,894,1066,574,716,967,948,1191,691,854,905,1157,552,725,403,945,1210,507,714,844,1030,576,607,1071,191,1123,961,592,921,222,915,977,874,695,858,1049,940,53,866,330,142,783,666,726,829,785,217,231,733,931,1170,954,407,933,222,847,608,180,628,235,623,1074,489,817,1005,729,679,748,437,1188,941,389,185,716,498,228,914,654,1123,867,528,729,187,436,608,713,504,704,658,621
1280,1606,312,930,1442,1443,1361,609,1192,730,1268,1447,410,1503,1542,1022,1194,1068,1161,1052,994,1153,879,1110,1102,1113,1272,1040,1444,694,1413,1466,1151,1475,1236,1712,1474,568,648,1077,687,1108,412,1664,965,1203,1151,1696,1454,883,1385,1449,1040,1648,1437,1514,1166,730,1263,795,671,701,750,1247,1197,1117,1675,1290,1122,683,715,1149,1122,1598,609,871,717,1152,1276,677,626,1696,951,1183,968,1027,694,954,1102,1007,1305,1009,1483,1503,1181,1291,492,1066,1170,1063,1242,1483,1204,1606,1511,847,1513,1689,428,1229,705,1057,834,1378,1193,1270,1177,993,1622,1178,36,990,1689,1467,1218,74,765,848,704,1307,1700,389,1640,972,1229,1473,1107,911,1027,745,1202,1102,983,44,1413,1041,405,699,0,433,1550,585,1175,1251,1109,1449,884,385,1260,1452,1445,1465,1624,1107,1270,1237,1513,1502,921,1096,1468,1724,1134,1253,730,1176,1783,1032,944,1086,1480,983,1290,1348,625,1407,1529,1174,1094,734,1151,162,1109,1239,1421,1304,1505,667,1273,731,671,1018,1217,1254,1391,389,758,770,1437,1203,1455,1055,798,1498,760,1409,57,699,1154,769,278,1643,322,1380,1230,1257,1270,1452,400,1476,1213,568,631,1270,339,633,1339,1230,1690,1098,1025,971,729,373,994,1241,372,934,1240,1154
924,1172,379,694,1120,1191,960,310,992,487,1019,1192,168,1071,1287,689,781,592,778,672,770,926,647,732,719,889,874,801,1192,307,1012,1211,800,1223,991,1154,1036,221,304,728,332,773,212,1296,742,824,800,1323,1201,543,1165,1197,801,1088,1185,1235,808,378,993,548,253,351,416,1020,784,758,1157,942,737,336,469,922,887,1042,310,488,374,952,1006,334,282,1323,620,788,750,803,351,727,772,788,892,784,1051,1071,800,1042,138,680,946,726,1018,1051,825,1172,1146,463,1259,1238,249,855,362,827,450,980,664,1061,804,769,1279,801,362,613,1238,1037,991,522,520,505,361,895,1289,352,1078,595,889,1218,877,571,803,397,789,723,738,398,1012,809,368,300,360,0,1100,287,815,1045,774,1127,501,237,1054,1007,1191,1208,1253,877,1019,827,1259,1074,544,714,1214,1164,934,1047,378,806,1217,806,569,706,1105,738,989,915,281,989,1148,974,1231,381,800,581,730,992,1166,900,1251,341,932,383,253,641,944,1048,1137,588,518,532,1115,792,1019,816,460,1244,523,1155,375,300,927,536,358,1081,256,1125,848,1051,1061,1130,466,1044,802,221,287,1019,307,283,945,964,1130,724,692,591,488,126,770,1035,313,559,1043,924
1204,1177,692,259,220,741,926,431,155,486,570,741,784,797,668,324,946,785,792,830,488,288,437,749,733,121,822,169,741,480,870,760,998,771,545,1008,1149,825,634,403,406,644,763,453,356,836,998,988,752,480,328,746,169,942,735,734,998,763,12,412,791,739,516,488,949,359,1084,1053,901,763,803,274,440,895,431,560,614,67,19,665,656,988,564,954,180,299,635,499,720,292,1058,563,1056,797,812,593,841,843,107,443,53,1056,837,1177,1073,535,806,88,778,554,505,382,636,1092,457,5,817,487,911,811,964,685,88,1042,479,1396,433,666,508,1063,1116,668,932,875,686,769,432,508,299,697,954,733,456,902,870,305,687,440,962,692,0,457,429,117,635,219,698,818,126,1203,741,753,918,432,570,989,806,1261,714,877,763,887,98,119,763,819,777,343,737,867,1032,456,79,1111,657,982,814,64,779,603,998,1359,740,546,717,910,798,554,729,662,791,651,520,120,687,1536,410,401,219,828,1130,835,586,791,388,705,977,440,302,368,1032,935,876,676,1093,35,5,210,789,1047,965,825,651,570,983,585,1008,533,984,737,327,752,487,829,488,107,989,727,191,479
1059,1364,349,457,795,924,1109,24,667,244,757,923,384,980,1010,565,938,840,946,821,731,667,374,894,884,629,810,677,924,38,1061,942,927,954,735,1188,1232,376,113,654,53,560,407,971,488,1067,927,1176,934,472,840,929,677,1122,918,900,940,385,667,97,129,277,94,761,941,605,1068,1060,893,386,208,663,634,1076,24,389,238,627,680,117,441,1176,540,946,493,544,95,436,698,528,1050,500,1243,980,966,780,501,835,686,687,751,1243,1068,1364,1057,630,989,911,419,744,100,572,617,914,593,736,961,730,1102,1042,558,677,911,1229,732,704,93,297,85,1055,1088,322,1112,755,865,951,622,500,544,325,946,884,699,552,1061,550,338,17,556,276,774,0,678,760,564,802,668,412,769,1195,924,935,1106,622,757,981,989,1203,706,869,946,1198,610,762,385,960,1251,547,729,859,1004,699,663,1103,440,1169,1001,648,962,173,927,762,892,736,899,1066,981,47,908,311,129,800,691,763,870,772,277,291,790,947,1213,986,389,974,282,888,595,17,668,295,615,1115,476,858,1016,766,736,805,426,1234,957,376,446,757,555,209,898,679,1164,882,568,744,246,423,731,750,561,719,716,669
1032,1021,889,461,740,524,702,632,681,528,124,521,888,580,607,375,678,564,621,616,311,452,583,564,557,326,606,373,269,565,649,540,842,273,87,786,930,642,516,231,607,167,966,967,387,671,842,781,531,305,678,274,373,721,518,1335,829,589,463,614,906,594,515,546,681,270,826,839,518,523,1037,448,225,673,632,370,557,634,476,608,658,781,278,667,384,506,578,737,431,502,789,794,848,580,641,86,848,562,380,266,445,848,672,1021,815,361,304,926,972,303,503,335,452,714,292,470,633,310,706,646,1063,513,926,831,328,1307,635,474,506,792,858,860,711,698,70,548,213,334,506,563,686,557,279,1111,649,179,878,642,1061,811,788,660,0,451,158,747,610,1019,460,949,524,532,709,213,124,724,304,1082,486,598,285,796,624,453,589,592,852,310,509,588,805,279,483,855,657,771,612,514,265,419,842,1594,561,84,497,743,296,552,71,471,906,467,187,454,281,1244,426,601,735,687,911,693,584,289,592,287,1076,642,453,573,901,714,897,455,960,457,470,750,989,890,697,642,636,124,852,621,704,115,762,552,118,468,686,844,311,441,858,499,670,98
1205,1179,704,265,268,750,935,437,198,492,579,750,791,806,837,326,948,785,794,833,490,331,443,749,735,127,824,175,750,486,879,769,1023,780,551,1016,1151,831,640,405,412,653,775,496,358,838,1023,997,761,482,370,755,175,950,744,776,998,769,12,418,797,659,526,531,951,361,1086,1055,903,713,809,317,446,904,437,562,620,119,25,671,662,997,568,956,186,301,641,505,724,294,1060,569,1060,806,814,602,847,845,161,445,59,1060,839,1181,1077,537,815,142,784,560,514,388,641,1103,459,19,817,489,920,813,969,687,142,1046,521,1402,439,667,517,1065,1120,674,940,875,696,778,438,510,301,773,956,735,458,907,879,307,692,445,966,697,305,462,431,0,644,267,700,823,5,1205,750,762,927,438,579,991,815,1263,716,879,772,1026,150,1,768,819,1079,386,739,869,1036,458,22,1113,662,986,823,71,788,608,1023,1364,742,552,726,912,807,562,739,663,796,653,526,2,696,1541,415,406,267,830,1134,837,588,800,393,714,981,445,345,373,1078,943,881,685,1095,41,19,258,794,1051,967,830,656,579,1029,590,1017,539,992,737,329,754,492,834,490,50,1035,729,239,485
1038,1098,782,343,603,514,692,513,563,571,345,511,912,570,597,422,741,607,628,689,316,313,520,569,564,206,681,255,255,564,639,530,848,259,103,776,1005,647,530,304,488,9,853,823,400,678,848,771,521,310,540,260,255,711,508,1166,835,623,348,494,873,628,529,407,744,335,902,913,594,557,885,309,215,663,513,404,571,514,361,622,683,771,357,748,265,489,592,609,511,485,852,652,920,570,648,110,853,640,263,271,332,920,679,1098,891,366,287,805,862,158,517,198,457,839,351,355,638,315,699,653,1085,518,805,905,314,1506,517,508,520,855,934,752,701,704,94,538,199,339,489,568,749,564,284,986,639,191,771,523,1083,779,670,540,66,336,0,610,615,902,345,1024,514,522,697,199,345,787,287,1089,556,674,271,786,505,338,623,597,842,192,579,664,881,284,368,930,682,845,601,397,251,432,848,1469,568,104,487,749,279,566,101,505,873,472,173,339,267,1249,492,483,598,750,986,774,616,272,472,273,1098,523,314,452,906,704,968,445,968,342,355,615,873,968,760,647,661,345,857,655,775,101,752,557,198,548,573,850,316,326,863,569,549,16
977,1233,769,327,7,817,1000,497,264,555,646,816,887,872,779,380,906,833,845,789,545,396,504,801,786,190,879,239,817,547,945,835,852,847,618,1081,1206,635,701,459,472,706,840,562,419,891,852,1070,827,538,434,822,239,1015,811,49,860,633,106,478,857,598,587,597,909,415,1161,1110,862,672,869,382,508,969,497,621,681,224,113,732,693,1070,625,912,249,360,702,715,777,355,1018,633,1112,872,865,669,841,804,250,501,223,1112,892,1233,1150,593,882,232,849,621,575,449,586,1174,516,99,868,544,993,866,1062,743,232,1098,589,1300,500,720,578,1023,1193,739,1005,858,757,844,499,566,360,556,914,786,513,973,945,366,758,506,1060,764,94,523,485,252,697,0,637,889,261,1152,817,828,1000,499,646,951,882,1128,675,838,839,1010,206,254,633,867,891,450,698,828,1110,513,261,1055,692,1038,887,246,855,670,852,1453,793,619,792,963,874,632,800,579,857,704,603,255,763,1237,476,467,12,915,1187,938,647,867,456,781,1223,506,409,436,894,1008,890,751,1118,129,99,13,860,1103,925,635,671,646,845,647,1083,610,1057,789,383,713,557,837,545,289,851,688,36,546
852,835,1065,856,1135,976,808,854,1094,824,918,792,852,916,879,521,429,237,429,329,530,846,985,383,372,723,695,771,1085,773,860,811,702,860,896,991,693,600,628,522,790,613,916,1362,661,470,702,1127,884,432,1076,861,771,926,976,1753,651,594,865,1017,841,559,814,940,432,552,906,594,386,636,969,842,795,878,854,444,635,1048,878,756,663,1127,485,434,781,681,916,1055,421,742,541,1112,714,916,449,649,806,326,779,523,844,714,471,835,925,346,891,1340,928,698,641,735,406,818,449,872,451,529,1101,445,1063,260,1340,696,911,1258,1003,648,652,551,931,1037,916,514,587,901,707,396,681,516,437,372,519,1099,860,492,1054,832,1061,765,1202,819,634,853,614,1142,0,904,862,658,976,804,1057,707,918,472,891,914,191,359,997,1001,1036,855,594,453,1055,726,214,349,885,519,886,567,662,638,952,924,852,687,702,1331,380,666,849,568,883,746,631,539,841,293,769,856,1031,1325,734,724,1130,438,674,460,494,876,857,991,1181,832,847,965,861,919,855,808,771,857,870,1143,1249,708,448,600,641,916,812,608,783,693,967,371,522,234,826,802,530,841,818,204,1080,628
990,1318,267,754,1263,1247,1101,420,1026,545,1075,1251,92,1305,1346,871,922,825,933,807,1036,974,702,879,871,936,1019,848,1248,499,1156,1270,912,1279,1047,1516,1189,355,435,877,500,909,92,1330,789,1051,912,1507,1258,680,1206,1253,848,1452,1241,1315,924,511,1027,607,481,485,531,1068,925,918,1445,1046,878,466,525,970,937,1453,420,639,504,986,1040,464,413,1507,761,928,797,850,481,775,914,835,1008,832,1197,1304,957,1098,254,778,981,1040,1053,1191,1009,1318,1282,656,1304,1245,41,1033,494,862,643,1134,931,1076,921,1073,1430,1000,218,759,1245,1176,1047,384,577,650,493,1021,1417,217,1496,744,1022,1284,913,726,867,550,903,875,1042,254,1131,873,246,410,216,222,1117,397,980,1080,941,1135,640,0,1089,1125,1247,1278,1442,913,1075,924,1304,1211,681,837,1267,1578,949,1082,607,920,1643,855,704,827,1259,1042,1004,1047,414,1111,1331,989,1282,586,888,446,881,1048,1230,1067,1296,467,1067,528,479,789,1034,1083,1191,489,576,592,1123,903,1125,929,602,1289,583,1209,231,410,983,596,264,1499,110,1244,1015,1086,1076,1139,75,1178,914,366,420,1075,243,431,1127,1054,1544,842,880,710,544,250,1074,1070,249,694,1053,958
1239,1205,767,272,259,709,875,438,182,534,537,717,816,765,792,303,958,784,826,853,495,316,440,752,766,124,841,182,707,485,939,736,952,736,512,909,1141,700,519,383,413,558,841,483,337,877,952,970,731,502,358,712,182,966,702,720,1027,755,3,425,821,689,517,515,961,339,1132,1071,932,725,814,302,407,915,438,579,616,111,16,670,541,970,572,974,187,292,640,505,731,278,1072,563,1083,765,846,560,872,841,147,457,50,1083,878,1205,1121,560,765,128,853,509,509,338,680,1003,438,10,819,494,874,869,997,711,128,1068,516,1452,438,690,512,1085,1164,729,956,875,677,746,389,531,292,709,967,766,463,938,939,298,756,446,995,729,296,463,425,51,549,258,750,887,0,1177,709,721,892,389,537,984,765,1336,742,900,729,1039,143,53,757,819,816,374,765,890,1095,463,13,1103,545,1003,783,62,744,619,952,1415,773,513,692,952,757,557,721,687,821,683,463,54,653,1638,430,421,258,869,1122,852,547,750,427,671,1010,446,333,407,1094,959,908,705,1135,32,10,249,859,1070,978,703,539,537,1044,623,936,457,1005,740,306,771,537,860,495,41,1050,755,230,434
815,714,1491,1427,1408,1359,988,1260,1282,1270,1237,1173,1267,1122,1265,1026,447,629,374,536,999,1355,1496,573,493,1286,915,1342,1323,1159,1050,1192,684,1352,1054,1219,574,957,1005,906,1217,1119,1337,1791,1189,488,684,1395,1259,878,1756,1327,1341,1156,1357,1629,695,965,1289,1405,1222,950,1222,1448,450,946,916,770,665,1026,1481,1350,1175,1105,1259,836,1011,1248,1302,1110,1035,1395,865,512,1339,1193,1127,1590,789,1267,268,1651,820,1122,457,1021,1221,569,1337,991,1404,820,489,714,935,734,1381,1527,1345,1208,1017,1250,799,940,907,1357,610,997,1180,480,1128,648,1527,803,1351,1172,1461,1072,1028,424,941,1453,1146,754,935,1316,1217,784,1193,897,456,493,987,1253,1050,991,1479,1249,1118,1135,1398,1236,1016,1324,1119,1415,972,1324,1333,0,1358,1185,1319,1217,1236,290,1381,961,567,490,1379,1229,1229,1326,965,564,1292,1227,547,480,969,987,1285,702,1034,638,1214,1270,1359,1092,684,1246,593,1038,1342,547,1373,1113,980,920,1222,498,1162,1327,1268,1178,1188,1194,1403,456,604,537,884,1366,1310,1372,1041,1249,1355,1318,1247,1149,1285,1246,784,1318,1357,1419,1567,961,313,956,1015,1236,1197,1012,905,1082,1195,561,939,551,1279,1217,998,1314,1203,563,1325,1023
1381,1074,922,435,677,180,466,606,661,698,168,396,988,512,466,383,729,636,821,609,578,219,627,874,895,286,709,345,108,657,684,415,1029,137,263,659,1008,865,690,475,581,384,1015,987,423,843,1029,721,478,636,946,37,345,712,8,1339,1169,803,431,592,988,806,687,462,732,418,950,940,540,734,1010,215,528,661,606,590,787,618,444,841,712,721,394,739,350,376,811,705,359,364,841,763,952,512,865,138,1090,613,339,544,404,952,844,1074,939,691,169,904,1021,626,677,455,673,632,513,438,792,577,640,835,1165,762,904,937,90,1342,610,699,680,852,982,885,702,998,214,493,506,664,376,770,738,895,546,1127,685,382,911,616,1163,899,776,633,290,419,375,684,846,1068,428,907,0,397,643,506,168,759,169,1524,558,672,21,785,609,421,803,746,848,175,581,662,939,546,458,834,822,872,540,492,145,788,1029,1614,901,264,440,1097,161,722,257,696,988,809,272,422,54,1452,595,586,672,738,989,764,631,154,592,23,1178,617,220,573,1116,705,1082,451,1293,425,438,688,1038,939,749,865,708,168,1066,831,567,335,751,676,386,540,699,1086,578,409,1072,571,654,393
1407,1105,989,497,578,126,504,668,798,761,201,58,1056,547,98,448,762,670,855,639,645,124,690,901,921,348,741,404,176,715,454,93,1084,205,331,420,1039,889,813,508,643,417,1079,520,486,876,1084,607,511,662,482,181,404,357,125,963,1195,827,804,655,1051,830,746,527,765,483,998,971,574,758,1089,116,604,306,668,616,845,763,817,899,847,607,427,772,409,439,869,760,392,428,875,819,984,548,898,171,1124,646,399,611,464,984,877,1105,987,717,235,1041,1084,699,736,528,707,670,540,872,821,644,673,868,1233,796,1041,969,70,1410,668,722,739,886,1030,951,347,1025,247,300,579,690,439,804,771,921,613,1196,454,445,978,676,1231,963,913,693,323,479,408,585,779,1134,488,938,126,0,681,579,201,792,235,1551,592,705,37,525,745,481,827,775,381,241,615,695,971,613,800,865,846,904,577,785,213,845,1084,1683,927,332,473,1123,227,780,290,719,1051,835,305,483,122,1484,657,648,573,771,1020,797,695,220,650,140,1246,676,107,630,1150,350,1150,230,1319,486,873,590,1103,970,782,889,825,201,1100,855,603,368,396,709,441,574,761,1120,645,470,1106,605,664,426
1479,966,1136,649,769,325,357,815,981,908,498,310,1205,279,431,594,853,761,946,569,792,432,822,735,982,497,501,560,324,863,331,206,1115,353,479,45,819,948,872,570,790,811,1233,716,627,967,1115,131,245,724,681,329,560,53,318,1233,1129,886,646,802,1198,889,896,673,856,605,839,750,668,817,1194,428,739,96,815,668,995,946,659,1049,906,131,523,650,562,587,1019,892,454,573,966,951,772,279,989,468,1150,737,551,756,616,772,968,966,828,779,382,1224,1237,841,886,670,850,514,602,653,719,791,397,959,1387,890,1224,755,499,1559,816,782,889,978,872,1098,59,1088,522,167,721,752,587,829,862,982,760,1313,331,593,1125,823,1385,1110,1096,840,624,634,716,776,831,1288,643,795,325,362,0,721,498,883,382,1398,687,628,346,76,928,636,886,673,290,388,710,628,728,760,674,689,905,690,308,968,361,995,1115,1800,989,480,193,973,374,932,589,779,1198,897,602,637,270,1510,807,798,764,862,800,888,839,367,804,288,1395,823,433,784,1176,120,1299,97,1240,640,653,780,1257,831,873,948,884,498,1126,914,431,678,51,725,597,669,908,1146,792,624,1132,700,844,766
1244,1184,1025,535,673,452,699,705,882,798,282,457,1093,506,529,483,924,832,1019,799,512,363,718,759,771,384,820,440,242,752,679,476,922,246,257,653,1120,758,676,350,680,232,1120,1071,520,1039,922,715,472,511,613,247,440,706,445,1254,1032,696,530,691,1087,693,783,457,927,385,1105,1050,738,624,1083,359,152,655,705,454,882,848,543,936,706,715,417,934,445,474,906,787,561,462,1038,847,1063,506,853,305,956,808,435,476,500,1063,1040,1184,1094,569,272,1125,1124,120,773,58,689,761,390,537,826,511,634,1031,1270,720,1125,1048,301,1447,705,583,776,1051,1124,987,696,883,221,487,180,540,474,629,933,771,480,1220,679,344,1014,713,1268,999,997,730,193,518,223,680,629,1175,527,1141,452,459,637,0,282,952,272,1341,757,867,258,779,829,520,696,933,842,236,780,857,965,480,558,1063,705,983,534,593,238,617,922,1707,778,258,434,957,264,817,228,576,1087,688,107,521,396,1321,695,686,668,934,1101,975,674,257,688,260,1283,713,363,668,980,699,1187,445,1139,524,537,683,1144,1049,945,758,687,282,930,721,780,128,745,747,288,739,798,952,512,508,936,770,744,45
1382,997,1066,577,996,530,503,745,1206,924,180,356,1070,312,427,584,734,641,827,614,633,363,752,875,896,425,530,485,249,935,474,375,1034,278,82,458,846,866,790,480,720,389,1108,937,631,848,1034,523,273,637,901,254,485,513,243,1291,1170,804,572,732,1012,807,917,604,737,515,770,777,545,735,1124,359,232,459,745,591,797,1171,585,911,824,523,399,744,487,517,1015,822,364,503,847,881,792,312,870,23,1095,618,477,599,542,792,849,997,759,692,313,1450,1147,277,803,258,678,542,514,1280,797,632,427,840,1247,767,1450,775,672,1424,745,700,814,858,903,1028,503,999,219,288,200,665,517,775,743,896,601,1243,474,462,1055,753,1245,993,1321,770,295,560,380,1003,759,1098,569,917,530,358,446,200,0,765,313,1526,564,678,551,584,1153,562,804,752,653,319,587,668,760,601,1208,844,823,710,337,1193,286,731,1035,1498,902,49,234,1098,305,908,262,697,1012,810,120,563,195,1457,742,728,991,744,827,770,792,298,730,544,1260,753,364,710,1122,506,1164,248,1294,566,1280,1007,1187,862,755,866,802,180,1072,832,579,225,550,682,413,546,838,1092,633,550,1078,577,1069,202
784,517,1193,1105,1332,1066,824,919,1246,914,958,890,977,905,965,704,378,322,154,239,727,1020,1104,338,209,957,777,846,1114,854,879,909,649,1143,775,987,401,675,713,628,882,794,1042,1518,802,164,649,1163,980,587,1476,1119,846,925,1065,1859,660,677,1109,1052,931,660,907,1114,381,663,729,507,384,732,1088,1016,926,873,919,546,720,1121,1122,832,743,1163,583,209,1017,824,1005,1239,512,883,26,1262,679,905,287,743,939,263,1010,720,1082,679,165,517,748,520,1069,1491,1054,880,726,916,507,879,634,1116,307,726,1078,485,1173,453,1491,656,1217,1133,1104,777,737,193,754,1155,915,627,658,995,948,546,824,607,387,209,716,1209,879,671,1182,909,1171,844,1362,896,735,1097,795,1339,680,1032,1106,326,1066,894,1087,948,958,0,1069,922,261,190,1087,997,1193,1099,677,260,1061,893,241,180,818,716,1137,439,742,484,982,1110,1151,776,649,1207,432,760,941,335,1061,829,702,630,931,502,922,1100,1060,1139,957,971,1327,167,382,242,601,1054,961,1080,1002,909,1021,971,962,918,997,955,753,1103,1116,1343,1287,669,92,675,724,958,912,722,872,844,963,326,658,245,926,935,727,1087,918,257,1170,703
1295,1139,822,333,594,116,825,500,557,595,283,190,880,618,243,589,887,795,882,763,570,90,505,801,820,183,775,243,77,551,877,225,936,75,291,877,1074,767,590,394,475,293,897,297,506,1001,936,829,579,555,533,82,243,815,124,1154,1083,825,332,487,883,759,588,47,890,429,1045,1005,702,832,876,86,361,763,500,511,686,513,345,740,612,829,462,897,248,579,710,603,623,540,1000,647,1018,618,902,298,936,771,237,536,309,1018,1002,1139,1034,613,6,796,910,286,578,267,719,877,434,339,868,569,733,993,1061,764,796,1003,132,1520,505,626,581,1013,1077,786,805,924,282,594,209,584,579,641,896,820,538,996,877,402,812,511,1059,794,671,528,254,320,284,601,684,944,329,1060,116,132,751,209,283,917,0,1424,721,830,93,644,504,322,826,867,513,46,744,820,1005,538,359,985,614,938,643,391,73,687,935,1483,826,292,540,1004,8,625,289,619,884,733,183,323,89,1706,491,482,589,896,1055,922,622,25,490,95,1074,511,91,471,1074,808,975,552,1185,326,339,606,916,1004,907,768,608,283,1024,692,870,186,853,789,332,703,599,925,570,310,1030,734,549,211
935,1270,1811,1706,1538,1877,1621,1584,1412,1608,1712,1588,1593,1744,1680,1301,908,883,883,915,1262,1546,1793,868,720,1561,1565,1611,1875,1519,1667,1607,808,1695,1694,1842,1133,1299,1345,1225,1555,1393,1659,1712,1424,896,808,2022,1671,1254,1588,1880,1611,1781,1870,1766,821,1304,1418,1743,1585,1289,1562,1723,894,1264,1466,1122,1191,1365,1763,1532,1597,1727,1584,1213,1352,1377,1431,1458,1366,2022,1228,985,1618,1433,1475,1874,1197,1503,925,1860,1396,1744,823,1434,1552,853,1613,1255,1465,1396,897,1270,1485,1055,1740,1657,1670,1483,1358,1525,1174,1663,1182,1486,935,1261,1893,888,1774,933,1657,1360,1751,1959,1798,1371,1369,821,1456,1773,1771,994,1351,1686,1492,1105,1433,1235,917,720,1251,1810,1667,1266,1800,1574,1772,1465,1528,1561,1451,1452,1394,1545,1207,1649,1461,1041,1877,1602,1946,1492,1712,947,1740,0,935,866,1897,1852,1360,1455,1305,934,1920,1502,912,866,1797,1251,1415,1125,1390,1103,1845,1400,1687,1435,808,2041,676,1451,1632,687,1732,1473,1396,1259,1586,789,1598,1456,1821,1905,1536,1542,1534,888,1260,1025,1271,1725,1653,1839,1784,1575,1564,1662,1578,1774,1614,1646,1212,1448,1487,1550,1906,1295,928,1300,1362,1712,1528,1352,1655,1520,1818,856,1258,944,1621,1549,1262,1443,1534,928,1456,1338
911,759,1034,876,1113,803,599,782,1110,757,695,627,815,688,702,476,233,77,331,219,470,801,934,191,356,736,537,786,851,696,649,646,745,880,510,770,617,509,549,363,725,570,882,1240,615,349,745,954,715,524,1199,856,786,707,802,1601,701,502,883,875,982,484,750,895,236,398,819,434,247,635,885,797,664,656,782,369,556,1058,896,675,570,954,319,243,793,616,848,1004,247,694,349,1062,633,688,377,478,774,116,788,463,853,633,350,759,773,259,808,1353,893,660,562,697,330,648,403,890,287,469,850,341,1004,151,1353,610,950,1060,931,596,573,365,844,996,697,515,391,730,692,309,616,432,243,356,459,1040,649,444,1023,751,1002,684,1225,738,469,871,571,1120,503,871,880,505,803,631,876,692,695,268,808,1060,0,170,824,780,1057,873,502,240,843,674,23,160,775,459,911,418,593,545,767,953,755,622,745,1134,489,495,676,461,800,671,434,455,982,395,666,874,797,1171,725,716,1108,242,598,59,421,793,790,817,1021,751,802,1011,798,700,832,689,798,877,890,1124,1125,629,254,509,565,695,748,546,613,588,746,179,393,18,755,768,470,858,752,13,1183,469
797,648,1111,1010,1241,972,761,853,1077,823,863,796,895,848,871,613,281,242,378,97,631,929,997,139,403,865,701,755,1020,767,809,815,658,1049,680,930,549,591,631,531,791,703,960,1417,711,397,658,1127,885,490,1372,1025,755,868,971,1763,586,583,1028,942,847,566,816,1023,284,566,663,331,289,638,965,925,823,816,853,449,638,1028,1041,745,661,1127,489,75,922,733,914,1079,415,792,397,1122,612,848,424,648,854,69,917,624,989,612,398,648,682,423,967,1322,972,789,644,825,410,803,543,1035,123,630,1034,389,1076,369,1322,576,1119,1254,997,688,655,411,676,1073,858,476,562,900,851,449,733,513,291,403,620,1112,809,580,1100,822,1074,760,1194,809,641,1016,704,1248,584,950,1025,538,972,800,1051,851,863,316,967,900,127,0,993,940,1026,1018,583,76,1005,802,161,8,931,620,1031,333,660,313,946,1016,914,686,658,1328,495,665,846,508,959,742,607,536,847,178,825,1019,966,1218,853,866,1236,290,530,145,504,952,856,986,1206,822,930,866,876,861,914,859,670,1022,1035,1252,1203,515,302,591,642,863,826,628,796,747,906,129,561,340,823,850,631,1006,832,177,1071,608
1340,1095,935,446,637,23,497,618,846,710,191,98,1006,541,151,392,753,661,846,631,590,117,640,843,864,295,731,354,22,669,710,133,1104,38,225,800,1029,882,702,498,593,407,1028,581,431,867,1104,752,502,603,543,21,354,737,31,1015,1128,818,440,605,1001,821,699,221,756,427,973,961,565,749,1025,109,544,687,618,607,799,812,453,853,724,753,417,763,359,384,823,718,382,373,866,776,974,542,889,161,1126,637,348,556,413,974,868,1095,962,659,178,1089,1034,639,689,468,731,663,530,447,813,589,667,859,1183,787,1089,959,75,1360,622,714,692,877,1005,898,728,967,237,518,519,632,384,829,762,864,558,1152,710,390,924,628,1181,913,961,645,313,428,398,644,770,1083,437,929,23,40,675,519,191,783,178,1477,583,696,0,565,793,430,818,767,428,184,606,686,961,558,468,856,725,894,571,503,30,799,1104,1639,870,224,464,1056,170,733,280,711,1001,778,295,431,28,1862,606,597,632,762,1010,788,640,163,602,46,1196,628,100,583,1192,731,1100,476,1262,434,447,648,1053,960,773,882,719,191,1142,804,596,358,777,831,395,565,710,1047,590,418,1148,596,709,564
1558,804,1210,722,838,403,429,888,1050,981,576,387,1279,283,509,672,935,842,1030,644,871,657,896,853,1058,575,410,632,401,936,402,283,1166,430,558,125,734,964,951,654,863,768,1307,785,705,1050,1166,57,321,801,751,406,632,52,396,1320,1344,966,724,875,1272,970,968,751,938,712,684,660,747,898,1267,653,816,174,888,742,1069,1015,737,1121,982,57,704,723,639,665,1091,970,538,651,1049,1025,687,283,1074,546,1229,818,629,835,694,687,1051,807,673,856,458,1293,1311,918,958,747,927,427,680,731,837,870,376,1042,1456,969,1293,664,576,1628,889,864,961,1062,716,1172,58,1165,601,243,798,829,665,905,944,1058,839,1394,402,671,1199,896,1454,1185,1165,913,580,712,674,845,905,1362,721,848,403,438,79,798,576,962,458,1567,766,746,423,0,997,714,966,791,368,464,789,746,513,839,752,665,981,599,199,1037,438,1067,1166,1878,1066,559,269,1277,450,1004,544,860,1272,974,680,715,347,1581,880,871,834,944,715,774,921,443,877,365,1464,896,658,857,1255,57,1373,173,1446,718,731,850,1334,677,955,964,962,576,1205,995,382,636,46,844,675,748,982,1225,871,702,1211,779,914,843
1091,1347,917,428,194,666,976,600,61,692,698,832,987,917,576,449,1118,926,977,1006,645,195,622,895,915,276,984,336,265,651,1065,851,930,272,680,1002,1285,737,686,538,575,720,1009,361,484,1025,930,884,883,656,237,273,336,776,665,661,943,741,59,587,983,725,683,394,1121,489,1241,1214,1085,874,1003,181,570,888,600,718,783,18,72,837,708,884,719,1130,341,438,807,772,873,426,1232,688,1226,917,997,721,995,992,115,611,106,1226,1026,1348,1230,711,778,300,1015,665,673,494,782,1125,671,127,962,644,1039,1017,1164,862,300,1211,398,1341,604,840,676,1245,1273,880,930,1019,781,898,545,684,438,673,1127,915,613,1110,1065,444,906,610,1162,895,175,627,565,93,711,193,738,1064,102,1351,666,836,886,545,698,1143,778,1253,893,1050,267,802,0,95,696,961,696,253,876,1040,1215,613,55,1246,709,1146,891,40,256,758,936,1503,882,681,813,1055,764,708,795,650,1000,796,633,96,664,1360,534,525,423,987,1183,968,555,757,519,656,1158,581,205,500,977,922,1037,801,1328,88,127,176,944,1122,1115,699,682,679,932,800,963,633,961,855,447,889,609,958,626,83,938,866,157,581
1244,1184,778,263,258,708,930,448,223,487,535,719,859,763,799,317,962,785,833,870,495,342,454,752,765,127,805,184,707,499,874,738,967,736,506,1041,1109,713,545,398,423,596,816,535,344,885,967,970,711,504,384,712,184,995,701,729,1085,838,10,432,885,791,542,534,965,352,1077,1043,727,719,767,328,399,944,448,588,659,129,23,710,567,970,506,967,183,302,677,541,664,284,1072,591,1029,763,853,558,882,848,152,453,57,1029,886,1184,1066,568,761,135,828,514,532,348,658,997,564,17,820,494,871,864,1039,709,135,1019,546,1437,452,693,535,1072,1109,733,985,878,668,726,399,537,302,698,970,765,463,926,874,307,767,460,1038,739,319,477,432,58,587,257,761,864,3,1180,708,725,891,399,535,1030,761,1343,730,947,729,1062,165,0,840,820,835,401,753,937,1032,463,20,1102,570,954,792,73,744,639,967,1401,770,507,677,944,753,580,710,691,886,680,492,1,653,1639,413,404,257,971,1090,846,566,746,393,671,1056,460,360,373,1000,988,923,662,1193,39,17,248,835,1016,983,715,564,535,955,681,990,492,1028,742,320,769,489,872,495,48,961,745,229,444
855,1045,691,635,1048,1186,870,442,918,426,912,1006,429,967,1091,736,657,451,673,555,762,922,603,581,603,839,820,695,916,346,903,1025,706,920,893,1048,852,79,117,602,212,846,514,1232,658,723,706,1254,1074,463,1081,921,695,1002,1072,1139,708,180,964,589,391,397,331,1016,660,636,1135,786,604,212,557,918,796,951,442,422,124,923,977,314,131,1254,490,655,678,752,331,685,619,732,767,748,890,967,693,848,388,540,894,652,781,890,724,1045,1089,399,967,1136,513,922,130,747,385,918,684,1032,650,761,1223,702,622,482,1136,878,987,620,605,388,141,770,1125,646,992,473,758,1089,798,425,752,303,665,603,661,774,903,721,680,432,581,341,1013,419,697,993,849,1055,361,498,1002,845,1186,1012,1178,798,912,726,967,1032,401,640,932,1069,905,995,0,609,1138,789,424,630,1055,661,960,742,132,813,1080,945,912,278,706,677,607,894,1040,789,959,304,800,281,391,512,831,996,1024,747,460,474,1043,666,832,534,347,952,465,934,518,432,923,478,420,995,443,1061,745,999,1032,1058,730,893,676,79,126,912,369,179,910,758,1035,569,739,451,429,384,762,983,375,414,979,646
772,633,1186,1001,1534,1015,791,897,1117,894,883,837,961,861,917,640,178,104,268,192,656,968,1064,57,313,881,728,785,1074,812,817,856,657,1104,711,934,519,655,676,557,862,751,1029,1492,749,328,657,1169,905,554,1447,1079,785,889,1014,1794,617,652,1044,1061,874,633,811,1062,181,591,689,345,348,716,1000,964,834,837,897,513,683,1045,1057,805,705,1169,537,158,931,771,1009,1190,450,830,289,1220,623,861,339,679,925,34,936,649,1016,623,329,633,708,434,970,1338,1038,827,689,861,476,890,589,1051,89,655,1029,307,1156,366,1338,587,1174,1307,1070,769,706,296,714,1139,879,517,589,920,860,484,771,583,186,313,645,1192,817,626,1175,869,1154,848,1212,856,662,1032,754,1541,622,1020,1041,476,1015,843,1093,860,883,246,970,881,273,94,1036,955,1109,1034,652,0,1026,835,126,94,945,645,1080,374,704,347,995,1031,915,759,657,1381,462,696,871,475,962,786,632,606,874,144,834,1035,1019,1337,923,935,1529,187,500,194,577,955,925,1029,1263,869,969,935,938,882,976,856,668,1038,1051,1544,1376,560,197,655,687,883,893,695,818,761,921,45,587,257,894,921,656,1022,899,142,1091,660
1490,939,1118,621,780,329,426,800,996,837,445,299,1195,402,160,611,882,782,970,621,793,568,809,797,982,489,545,549,330,847,369,159,1190,360,487,315,856,935,900,609,775,688,1179,740,636,1037,1190,484,287,739,697,335,549,271,322,1302,1333,941,649,773,1222,921,881,662,885,643,821,791,711,849,1139,564,717,217,800,697,1002,1000,662,1053,933,484,559,685,545,599,1020,879,502,581,992,943,783,402,1052,415,1195,771,546,751,619,783,1038,939,810,798,384,1214,1183,834,874,668,822,614,650,1109,781,792,518,1016,1372,937,1214,771,483,1547,799,825,877,995,854,1071,261,1095,465,209,719,769,599,869,890,982,761,1271,369,604,1107,808,1370,1074,1091,825,578,637,679,787,863,1234,646,853,329,156,535,719,445,950,384,1523,708,689,352,272,982,639,941,735,0,390,732,689,806,761,1037,750,932,706,434,1022,368,980,1190,1745,988,488,235,1179,376,916,545,822,1222,900,551,640,275,1589,767,758,775,892,838,925,860,369,751,293,1383,808,569,731,1212,264,1265,140,1351,643,1109,790,1203,788,902,935,912,445,1167,944,482,638,302,787,614,691,836,1191,793,627,1173,722,862,764
1308,1141,886,393,469,105,613,578,691,615,637,169,973,863,225,384,842,847,892,720,568,48,597,814,824,265,761,322,66,629,978,204,1225,64,608,1141,1038,835,672,366,553,307,928,272,417,944,1225,644,811,579,232,71,322,547,113,994,1151,965,736,554,1006,692,666,89,845,418,1011,974,673,622,888,44,499,1044,578,482,787,695,749,838,694,644,444,848,321,374,805,678,605,358,952,742,986,863,912,251,1068,731,322,528,395,986,945,1141,1000,641,93,910,936,295,659,443,702,1129,414,804,882,567,971,923,1148,780,910,975,86,1547,582,590,662,955,1043,841,1085,940,296,826,223,612,374,938,850,824,536,1036,978,379,875,588,1146,857,786,605,268,410,298,476,849,981,419,985,105,111,637,223,637,910,93,1438,799,830,82,562,677,412,965,882,460,0,822,821,979,536,732,901,695,911,894,717,62,765,1225,1510,829,611,779,1002,85,715,303,586,1006,743,197,413,78,1748,541,532,464,852,1020,885,639,71,524,84,1164,588,45,505,1120,1090,1043,764,1275,416,804,481,951,990,862,835,689,639,1075,807,852,200,1130,802,387,652,616,991,568,400,1081,812,557,225
887,683,1004,786,1090,904,662,733,1029,724,772,726,767,761,806,414,232,54,322,229,435,750,889,322,384,665,612,713,962,648,697,745,756,991,591,1123,573,455,493,417,692,526,841,1375,559,384,756,1057,793,293,1330,967,713,1077,903,1678,732,459,823,882,719,437,641,844,235,451,821,455,237,523,806,746,694,1026,733,322,500,965,836,641,514,1057,415,69,715,559,839,964,325,636,343,1023,623,761,395,559,729,115,720,428,793,623,385,683,833,207,841,1247,845,606,506,645,283,776,359,830,391,434,953,363,944,126,1247,600,1060,942,897,556,517,348,846,957,1067,422,463,808,615,257,559,388,240,384,424,1023,697,397,993,705,903,666,1124,692,539,811,529,1097,427,830,820,529,904,732,981,615,772,304,841,1005,23,180,925,1144,1016,813,459,250,1213,617,0,170,828,424,859,417,537,535,874,950,786,589,756,1016,391,576,759,591,833,622,506,411,719,302,705,814,908,1082,752,764,1085,241,554,36,378,826,754,918,839,705,751,896,743,1070,780,744,819,817,830,1100,1076,636,251,455,509,772,698,499,705,632,1110,310,417,41,723,725,435,801,704,16,999,520
811,654,1164,988,1515,996,768,872,1102,871,864,818,938,838,898,628,288,221,377,89,633,955,1033,141,425,868,706,772,1055,787,795,837,692,1085,692,911,508,635,653,534,839,738,1007,1473,736,440,692,1150,886,531,1428,1060,772,866,995,1775,655,629,1031,1031,850,610,788,1048,291,568,646,287,325,693,972,950,811,814,872,490,660,1029,1043,780,682,1150,515,67,917,757,986,1144,427,816,399,1174,552,838,451,660,902,71,922,626,1002,552,441,654,665,466,947,1321,1015,813,666,847,453,868,575,1037,125,632,1007,419,1132,401,1321,516,1155,1284,1041,746,683,402,656,1117,856,491,566,901,837,532,757,560,296,425,622,1169,795,612,1153,844,1131,825,1196,831,640,1018,740,1522,599,998,1027,586,996,824,1074,837,864,356,947,924,119,10,1017,932,1088,1020,629,78,1003,821,145,0,923,622,1066,316,681,289,976,1015,892,736,692,1358,500,677,852,513,939,761,609,583,850,180,811,1021,1000,1314,899,911,1510,297,488,79,554,932,901,1010,1240,844,955,911,915,859,954,837,704,1024,1037,1525,1467,501,307,635,664,864,870,672,796,738,898,131,564,103,870,898,633,1008,876,161,1070,637
1207,414,1259,975,1209,966,410,947,1423,965,834,788,1097,461,868,615,801,701,889,507,621,942,1094,643,894,855,188,759,767,978,445,638,1028,796,660,488,524,915,808,522,924,725,1102,1168,723,956,1028,519,856,652,1125,772,759,496,761,1701,1031,849,1021,1127,1011,829,873,1036,806,556,193,441,633,759,1266,940,801,537,949,627,817,1019,1036,943,843,519,475,637,907,747,1073,1314,417,806,913,1346,156,462,971,630,1122,572,912,616,992,156,959,414,182,713,821,1649,1176,803,823,837,747,65,565,1035,629,622,186,937,1274,852,1649,165,906,1454,1153,736,834,916,225,1214,581,1011,534,710,827,684,747,799,811,896,612,1310,447,602,1250,939,1272,980,1522,944,610,1011,730,1218,793,1095,1020,777,968,796,442,827,836,871,821,1276,630,528,789,519,1411,1013,851,583,730,811,653,528,0,612,1059,448,842,252,413,1005,804,822,1028,1528,901,647,736,876,813,910,577,733,1013,678,801,1011,713,1532,874,864,1206,812,504,662,829,806,1107,731,1290,939,945,1087,1140,584,1169,645,1178,1014,1035,1221,1544,269,822,917,822,836,1095,854,245,728,494,635,554,612,979,1119,623,998,1101,643,1289,627
903,1028,935,544,833,748,658,790,657,616,575,760,764,757,840,183,616,426,470,507,32,493,781,389,400,411,608,338,517,637,693,779,706,521,546,830,829,450,450,379,584,277,775,1063,279,525,706,1092,828,133,723,522,338,785,741,1337,748,489,570,774,676,459,537,587,619,218,840,726,556,387,792,489,437,733,790,248,457,594,583,602,471,1092,266,608,467,273,731,852,425,355,726,915,873,757,490,594,724,493,467,83,540,873,526,1028,829,197,568,876,842,352,463,383,278,772,342,610,457,31,911,504,939,341,876,861,447,937,789,358,474,729,872,890,775,521,497,843,361,166,273,383,629,400,180,1018,693,379,924,597,898,650,752,681,303,558,280,840,422,764,567,813,750,766,1016,361,577,687,568,1019,362,599,533,851,644,560,489,416,922,361,385,589,824,0,595,699,494,801,909,580,513,481,706,1011,407,549,794,607,560,594,540,356,676,316,432,561,695,1077,389,379,828,516,815,492,462,553,340,535,834,597,494,659,738,778,831,779,833,564,610,843,1200,881,640,450,466,577,693,484,701,359,817,377,186,409,619,720,32,548,699,375,619,298
1114,1202,757,243,236,757,1088,433,189,470,701,930,838,920,683,357,1008,823,868,913,539,308,435,790,800,172,823,164,378,484,1045,949,955,385,682,1096,1128,698,530,440,408,688,795,503,387,920,955,987,868,550,352,386,164,891,756,708,957,823,17,411,864,733,527,500,1011,391,1091,1061,769,800,746,294,578,999,433,625,644,96,30,695,552,987,553,1011,163,345,662,532,711,328,1118,581,1047,920,888,724,863,890,61,499,64,1047,921,1202,1080,614,886,412,807,688,517,522,674,921,611,24,858,538,1036,899,1018,754,412,1037,514,1416,437,696,520,1118,1123,712,1040,916,862,883,573,583,345,683,1016,800,507,905,1045,350,746,443,1016,718,286,460,471,38,691,235,739,842,47,1163,758,937,992,573,701,1076,887,1286,773,989,380,907,132,40,823,858,804,367,796,979,1058,507,0,1064,553,972,958,40,377,623,955,1379,805,683,834,978,879,563,526,694,864,719,671,41,779,1617,392,383,235,1017,1109,888,548,872,372,772,1034,443,326,352,983,1044,894,819,1251,46,24,226,813,1050,1027,698,547,701,938,664,913,671,1084,778,360,809,471,851,539,28,944,786,207,618
922,391,1328,1038,1292,1016,496,1024,1506,1054,884,838,1090,622,918,672,451,385,541,179,679,1000,1157,312,596,916,478,817,1075,1041,529,857,797,1105,712,708,292,801,871,580,1001,783,1168,1250,781,607,797,909,906,710,1207,1080,817,662,1015,1771,767,912,1074,1190,1075,784,936,1094,454,614,590,73,492,820,1327,996,857,611,1024,668,878,1090,1087,1004,904,909,531,269,968,803,1134,1384,473,862,562,1407,336,622,640,680,1055,240,971,672,1051,336,608,391,609,769,993,1730,1167,859,884,893,629,543,621,1081,296,678,833,586,1276,569,1730,313,988,1449,1213,796,895,568,580,1281,652,727,590,784,883,740,803,734,459,596,668,1312,529,658,1317,1014,1274,1044,1603,1119,663,1062,786,1299,774,1159,1071,545,1016,844,830,883,884,523,993,1131,331,198,1037,729,1492,1064,912,249,798,867,311,198,512,668,1110,0,903,332,731,1076,938,883,797,1523,660,697,810,670,985,971,633,793,1075,346,857,1065,1020,1464,930,920,1287,460,273,337,889,978,1168,1030,1397,1014,1001,1148,1072,655,1106,719,849,1069,1082,1302,1588,349,470,801,884,885,1027,916,508,785,695,302,611,315,1067,1051,680,1053,1033,327,1370,670
906,1147,540,501,924,947,1024,240,794,286,780,957,334,1000,1042,428,763,549,761,668,521,786,465,679,693,702,975,600,946,144,1069,976,759,766,764,1280,954,320,23,518,118,526,348,1108,538,813,759,1215,950,557,957,767,603,1234,943,1001,761,217,841,482,226,363,98,883,766,467,1236,890,713,460,396,785,667,1183,240,516,40,800,854,107,1,1215,717,769,544,618,27,562,874,598,873,611,992,1003,781,806,353,652,760,481,833,992,814,1147,1214,492,813,1012,411,606,36,617,479,1073,768,909,748,520,1119,792,523,580,1012,981,854,644,132,258,37,876,1226,493,1224,568,597,965,668,518,618,499,771,693,489,559,1069,627,529,230,521,203,889,217,543,851,529,931,454,384,860,932,950,966,1139,668,783,831,813,1091,512,751,971,1301,781,853,217,748,1371,656,535,741,1193,489,837,850,0,916,1041,822,758,135,759,701,699,765,916,874,805,102,598,477,226,608,677,854,895,777,233,239,919,772,935,805,557,798,333,913,542,230,790,343,488,1227,404,902,835,857,909,934,606,995,782,320,5,783,437,387,1065,604,1267,667,431,567,300,341,521,841,443,525,855,547
1021,336,1321,1131,1433,1110,564,1057,1650,1087,976,930,1092,552,1010,764,566,585,656,285,769,1093,1250,413,710,1008,327,909,1170,1004,598,949,1006,1200,804,763,363,803,833,674,1034,874,1161,1340,872,722,1006,905,919,800,1295,1175,909,718,1109,1828,864,803,1166,1283,1036,786,962,1187,569,708,370,240,496,910,1290,1089,976,666,1057,667,840,1217,1179,967,866,905,614,476,1060,894,1160,1481,567,953,677,1505,171,556,753,772,1057,344,1063,762,1143,171,723,336,389,646,1106,1874,1170,950,847,988,632,370,712,1173,397,768,670,701,1279,726,1874,93,1102,1452,1277,886,858,681,367,1275,708,837,682,841,980,830,894,737,574,710,758,1315,598,749,1311,1048,1277,985,1747,1083,754,1154,877,1440,779,1153,1163,630,1110,936,826,980,976,636,1106,1254,680,304,1131,686,1636,1156,804,351,855,960,509,304,432,758,1202,242,866,0,642,1203,1208,910,1006,1526,767,789,867,777,1098,960,724,760,1037,451,954,1157,1115,1467,1023,1010,1428,575,344,445,724,1091,1260,1124,1400,1048,1094,1240,1075,711,1109,776,957,1160,1173,1443,1511,193,585,804,846,976,1030,849,361,878,750,403,704,662,1100,1054,769,1144,1036,693,1511,763
1408,742,1346,853,870,572,521,1034,1086,1070,698,543,1330,63,443,858,878,812,966,634,1073,841,1050,759,1022,732,319,780,573,1078,496,441,1317,603,724,295,646,1087,1051,768,1009,769,1418,830,882,1033,1317,326,653,894,787,578,780,251,565,1377,1251,1092,1131,1008,1457,1075,1107,906,881,802,664,566,777,1003,1375,831,968,197,1034,852,1058,1090,1144,1180,1081,326,843,712,782,845,1246,1174,665,827,988,1206,576,63,1048,668,1338,690,788,1033,861,576,1034,742,653,953,629,1305,1416,1012,1064,913,882,392,806,1199,743,1072,234,1007,1503,986,1305,553,568,1690,1030,980,1081,983,701,1297,241,1245,585,575,964,924,845,1024,881,1017,1041,1501,496,851,1333,1041,1501,1308,1181,1058,658,879,760,877,1018,1328,888,869,572,600,248,964,698,941,629,1554,862,651,595,316,1072,881,1092,697,391,635,885,651,530,1041,1127,571,1080,488,0,1112,611,1150,1317,1972,1087,725,601,1097,621,1142,628,977,1457,792,792,882,518,1733,999,990,865,882,627,764,1081,614,983,536,1514,1041,824,963,1359,244,1400,510,1312,885,1199,880,1443,590,892,1087,1062,698,1310,1098,338,719,282,749,789,844,1070,1334,1073,869,1316,875,948,838
1135,1384,806,306,224,750,1158,489,180,526,761,938,887,981,675,557,1097,1009,1055,1013,738,299,511,975,990,368,1005,227,369,540,1114,957,976,376,742,1258,1313,738,586,646,464,846,844,494,584,1103,976,979,928,743,343,377,227,1212,749,698,979,738,68,465,918,721,583,491,1100,596,1255,1243,960,856,800,285,645,1161,489,661,700,84,81,751,608,979,747,1143,226,543,718,779,904,525,1207,712,1229,981,1075,784,992,1026,124,696,115,1229,1104,1384,1244,802,981,403,856,761,573,595,832,1261,898,75,1043,737,1097,1082,1063,941,403,1219,506,1465,493,746,576,1207,1287,761,1202,970,873,943,646,773,543,671,1105,990,706,954,1114,548,795,499,1061,774,277,516,672,102,837,223,727,891,111,1377,750,944,1117,646,761,1144,981,1303,990,1118,371,898,120,104,738,1044,795,358,1013,1108,1223,706,64,1269,609,1154,1019,0,368,678,976,1428,996,743,894,1187,973,634,915,694,918,904,742,105,873,1402,453,444,223,1094,1294,1017,598,966,436,764,1079,499,317,417,1009,1205,958,880,1234,97,75,214,862,1232,1116,738,603,761,964,720,1095,742,1245,963,560,940,527,988,738,92,970,1003,195,691
1329,1103,909,415,700,53,551,600,658,635,219,128,997,578,184,402,738,636,910,640,586,226,634,832,818,282,722,339,8,651,687,163,1126,7,252,853,900,855,692,492,575,716,955,252,434,893,1134,602,539,597,217,13,339,808,61,1157,1171,930,454,577,909,905,686,495,745,443,937,857,605,812,909,130,503,756,604,655,839,619,467,867,716,786,612,757,359,384,848,708,357,367,851,773,993,575,892,189,1114,638,352,529,445,993,938,1172,926,628,177,846,988,618,681,452,730,664,791,461,872,568,692,916,1153,730,846,983,86,1658,607,796,684,868,969,878,784,944,265,554,503,601,384,898,750,818,537,1122,655,389,904,614,1151,872,743,631,330,442,696,307,809,1039,451,945,53,70,707,503,219,806,177,1443,577,737,30,546,687,444,930,886,427,183,600,727,920,537,490,831,717,919,627,604,0,782,1134,1628,823,252,499,1031,169,725,305,788,909,750,599,445,20,1822,583,574,295,751,864,782,645,162,568,26,1169,614,121,549,1127,787,1074,448,1276,448,461,312,1008,995,761,850,711,219,1078,834,620,600,829,806,398,559,657,963,569,432,1084,590,646,548
1082,1275,710,408,917,812,794,141,792,218,640,803,412,863,878,284,893,835,686,788,258,614,418,610,613,501,735,556,593,133,844,822,902,597,611,1130,1075,249,87,375,112,367,464,1081,477,733,902,1074,830,349,950,598,556,1082,805,998,919,384,656,365,524,273,84,705,896,326,927,1002,878,379,458,610,502,1035,141,368,210,812,669,238,109,1074,386,908,508,554,219,522,547,534,1002,563,1097,863,689,663,674,789,553,306,647,1097,734,1275,916,404,612,953,496,444,74,451,642,917,512,855,665,257,963,712,607,509,953,1088,526,932,419,124,77,1017,959,676,1072,733,440,845,502,377,554,335,900,613,317,643,844,561,702,125,605,319,850,262,386,644,370,927,619,485,653,1107,812,806,998,502,640,956,612,1240,666,887,609,1152,794,646,384,638,1212,440,689,877,910,317,849,973,110,1023,905,834,589,0,902,1001,617,612,790,823,604,120,441,313,524,542,512,647,757,1049,99,105,915,901,1055,932,292,597,237,611,825,125,615,251,733,1075,504,739,1003,650,855,930,779,1097,911,249,104,640,684,207,848,441,1118,598,287,710,198,670,258,634,690,679,858,388
643,1062,1381,1254,1281,1455,1220,1212,1153,1235,1280,1314,1162,1339,1404,885,571,565,515,580,929,1246,1375,548,381,1127,1143,1180,1454,1111,1261,1333,180,1267,1247,1418,905,907,957,897,1182,996,1221,1448,1027,567,180,1615,1392,834,1313,1459,1180,1372,1448,1521,98,922,1212,1392,1155,908,1111,1337,564,936,1142,768,882,1104,1432,1242,1134,1321,1212,794,964,1172,1225,1065,985,1615,875,601,1180,1033,1089,1562,897,1106,680,1628,1014,1339,518,1154,1127,514,1178,922,1272,1014,568,1062,1161,682,1282,1315,1240,1074,970,1081,752,1256,836,1216,604,928,1549,546,1313,624,1315,978,1158,1351,1420,1068,986,697,1132,1344,1362,431,1054,1407,1083,721,1033,848,579,381,919,1438,1261,872,1370,1202,1303,1103,1211,1189,1004,1270,1000,1288,556,1214,1279,852,1456,1325,1536,1084,1281,623,1283,755,619,529,1477,1440,1155,1272,922,498,1506,1073,596,529,1172,919,1208,799,984,767,1464,1193,1260,1061,0,1420,358,1249,1352,604,1275,1066,1095,871,1155,451,1163,1273,1401,1365,1180,1166,1276,558,886,707,828,1268,1384,1419,1228,1202,1248,1364,1189,1365,1179,1304,549,1276,1216,1291,1562,964,590,907,967,1281,1140,969,1221,1083,1406,536,889,715,1206,1123,930,1260,1146,612,1217,1018
1214,1882,586,1233,1473,1770,1766,868,1527,1028,1602,1781,524,1821,1889,1436,1428,1202,1382,1329,1397,1634,1159,1309,1316,1501,1680,1363,1769,907,1790,1800,1355,1799,1580,2094,1671,893,1143,1440,949,1530,614,1756,1304,1426,1355,2036,1787,1216,1634,1774,1363,2050,1763,1477,1372,1077,1654,1029,870,1150,1100,1725,1431,1483,1953,1563,1404,832,977,1630,1473,1995,868,1174,1250,1547,1548,1051,992,2036,1406,1459,1337,1336,1259,1292,1432,1316,1243,1314,1702,1821,1385,1625,518,1321,1551,1543,1480,1702,1427,1882,1863,1142,1832,1633,552,1586,1092,1420,1130,1794,1401,1534,1363,1396,2043,1405,72,1228,1633,1690,1546,30,1021,1318,1095,1257,1957,569,2040,1212,1690,1802,1471,1168,1336,1287,1436,1316,1386,131,1790,1350,647,900,97,564,1529,887,1545,1642,1533,1472,1102,558,1651,1379,1770,1801,1960,1471,1602,1245,1832,1732,1176,1420,1791,2116,1531,1644,1077,1377,2190,1460,1199,1410,1857,1386,1690,1568,991,1626,1879,1567,1807,1192,1355,0,1323,1581,1747,1559,1824,916,1763,1265,870,1242,1568,1645,1715,520,1059,1073,1491,1437,1652,1325,1217,1817,1063,1733,101,900,1635,1074,383,2043,454,1699,1416,1648,1534,1479,631,1705,1447,893,997,1602,594,798,1759,1581,2082,1297,1439,1244,1029,506,1397,1632,630,1189,1330,1516
511,864,1148,977,1048,1141,937,917,920,965,969,1081,930,1037,1171,619,263,276,181,295,661,969,1098,259,104,851,859,895,930,850,971,1100,322,934,947,1113,735,675,728,630,914,727,990,1211,730,264,322,1314,1159,507,1080,935,895,1065,1134,1284,336,691,979,1114,1159,676,847,1060,261,665,819,489,578,831,1086,965,848,1018,917,563,735,939,992,832,761,1314,619,392,903,752,1059,1319,665,811,371,1341,766,1037,246,920,894,226,901,654,995,766,265,864,838,432,949,1081,1008,801,741,803,519,973,569,983,314,660,1275,243,1105,336,1081,730,881,1315,1151,794,752,251,841,1108,1055,437,816,1174,854,471,752,616,271,104,650,1141,971,605,1137,907,1103,862,978,894,723,994,730,1055,672,983,1003,492,1144,1092,1240,854,969,377,949,540,330,242,946,1135,922,996,691,210,1195,795,307,242,1037,650,975,519,760,491,1156,960,926,797,322,1384,0,948,1119,89,941,824,856,639,1159,170,849,997,1089,1230,872,863,1043,255,621,417,604,934,1108,1107,1274,907,970,1088,953,1058,948,1071,664,1000,983,1058,1351,692,282,675,740,969,904,737,938,778,1101,247,622,339,936,890,661,984,910,323,986,735
1368,1046,1006,531,1071,636,510,698,1313,753,40,461,1118,371,536,569,751,694,837,648,398,324,716,857,857,397,606,452,308,678,450,480,1092,258,61,642,896,934,861,475,673,153,1151,1020,399,926,1092,587,334,611,979,259,452,598,635,1497,1182,868,552,669,991,843,597,592,754,510,806,866,614,771,1022,320,218,544,698,599,868,1331,565,995,894,587,429,766,455,480,731,781,367,462,860,848,855,371,925,63,1060,647,449,356,543,855,927,1049,795,666,274,1477,1090,253,874,239,738,664,519,559,805,397,492,905,1291,768,1477,844,783,1460,697,734,590,877,838,966,588,983,68,349,181,639,480,836,759,857,366,1189,450,230,995,706,1289,1035,1373,723,84,540,144,1078,757,1144,549,958,636,464,510,181,40,815,274,1483,586,746,657,664,1314,542,868,762,736,280,609,736,789,366,588,844,893,780,425,1352,250,509,1092,1695,862,0,294,1073,266,633,81,726,991,789,101,543,254,1494,679,670,1066,760,877,791,820,259,661,650,1302,706,325,641,1123,591,1214,243,1315,546,559,1081,1110,872,770,934,873,40,1074,863,574,122,630,710,210,568,753,1056,398,530,1080,599,1162,150
1298,844,1313,840,972,533,273,1007,1216,1062,647,509,1134,187,635,585,765,709,851,534,617,645,1035,676,873,714,387,758,532,942,243,407,1102,562,684,328,714,949,876,491,982,508,1167,921,839,940,1102,401,52,627,886,537,758,330,526,1461,1119,883,867,978,1300,858,893,912,768,526,634,637,628,786,1332,641,563,319,1007,614,883,1235,880,1010,909,401,443,606,766,802,1105,1164,383,784,874,1190,665,187,939,373,1074,661,764,648,858,665,941,844,623,682,595,1380,1212,681,889,867,751,457,535,874,660,616,305,919,1306,784,1380,643,708,1475,1003,749,900,891,666,1274,363,999,329,22,553,655,802,851,773,873,606,1485,243,517,1300,1014,1304,1051,1276,1031,398,855,499,979,768,1160,864,736,533,563,322,553,647,829,595,1265,600,565,554,370,1217,857,883,617,514,601,623,565,592,606,903,624,908,579,240,1255,570,843,1102,1544,878,390,0,897,587,929,370,741,1300,805,527,858,478,1506,988,979,967,774,695,805,835,580,971,496,1317,1014,646,951,1135,338,1230,90,1208,861,874,982,1435,668,784,949,888,647,1086,878,356,456,336,667,521,582,1063,1069,617,845,1092,613,1063,503
633,789,1235,1072,1118,1269,1035,1034,990,1064,1094,1177,1018,1154,1267,712,360,373,218,387,756,1063,1193,356,183,945,956,861,1043,970,1075,1196,399,1047,1061,1230,659,769,822,724,1011,821,1077,1285,822,363,399,1434,1255,604,1150,1048,861,1182,1262,1358,443,784,1049,1209,1026,770,941,1154,360,759,902,577,674,926,1560,1059,948,1135,1034,657,829,1009,1062,926,855,1434,699,408,998,844,1153,1420,763,903,281,1440,843,1154,156,1017,983,323,996,749,1090,843,364,789,921,529,1062,1151,1096,895,835,897,615,1069,663,1053,412,755,1361,342,1193,433,1151,808,975,1140,1238,889,846,98,925,1195,1172,479,915,1270,948,568,844,710,371,183,745,1229,1075,698,1224,1024,1191,955,1048,1048,816,1087,824,1125,769,1070,1096,402,1269,1188,1360,948,1094,290,1062,610,427,337,1059,1252,992,1089,784,307,1312,889,404,337,1130,745,1045,608,854,580,1276,1030,1039,891,399,1209,127,1062,1215,0,1054,925,956,733,1026,267,942,1090,1214,1154,964,955,1113,354,702,515,690,1047,1203,1232,1017,1024,1064,1183,1046,1175,1035,1167,597,1093,1053,1128,1439,777,382,769,834,1094,997,831,1034,871,1218,344,715,436,1036,979,756,1077,1003,420,1054,829
1296,1188,809,319,802,108,580,488,568,544,274,182,893,620,236,289,796,738,856,694,511,82,517,785,785,180,740,235,69,539,699,217,985,67,291,885,939,745,586,398,463,293,859,289,582,971,985,831,583,534,254,74,235,838,116,1244,1110,906,335,468,799,791,583,39,799,433,932,906,659,894,793,78,344,789,488,522,730,496,348,758,608,831,409,811,241,659,739,616,570,639,905,662,988,620,859,298,958,692,232,471,326,988,972,1188,921,589,8,730,874,281,573,267,707,703,442,342,839,510,727,950,1068,691,730,978,124,1523,492,669,576,921,964,772,828,911,282,598,209,562,659,768,804,785,479,987,699,339,798,498,1066,766,627,515,254,323,284,809,686,902,332,994,108,124,752,209,274,860,8,1406,632,791,85,586,570,325,906,853,467,38,655,781,915,479,371,880,609,914,669,481,65,673,985,1493,790,292,543,994,0,619,289,658,799,717,183,326,81,1687,467,458,797,805,920,836,680,17,452,87,1084,498,83,433,1019,831,911,492,1243,329,342,812,875,1011,815,745,603,274,970,725,853,186,873,773,287,614,547,954,511,313,976,645,523,211
999,1231,387,415,1030,906,1004,63,902,212,738,897,358,958,972,502,845,787,854,741,568,777,417,780,783,652,927,553,905,17,1043,916,848,935,716,1225,1025,193,86,600,81,587,411,1193,487,902,848,1169,925,612,1062,910,553,1177,899,1066,865,328,961,133,66,392,98,868,826,549,1130,931,809,498,149,773,617,1130,63,529,136,921,974,70,264,1169,663,838,518,564,69,523,816,544,932,562,1029,958,832,761,405,719,702,528,796,1029,878,1209,1119,571,833,1063,459,665,73,566,559,1040,722,965,809,567,1069,856,553,769,1063,1020,689,678,95,345,52,947,1162,345,1167,648,661,940,617,640,564,449,831,758,536,613,1043,571,376,53,551,263,960,47,607,793,590,1037,533,432,802,1020,906,900,1093,617,738,887,833,1161,592,818,927,1247,904,795,328,823,1307,603,615,808,1101,536,957,905,263,956,1011,942,810,221,823,734,763,717,885,966,825,0,662,427,66,690,733,796,851,787,211,217,1025,832,983,863,494,818,242,869,572,53,778,256,593,1170,451,837,918,799,965,1040,471,1032,842,193,269,738,542,326,1005,662,1213,743,505,641,203,393,568,783,548,605,968,608
1235,1037,1067,593,1065,609,654,760,846,692,76,434,990,385,509,429,578,526,664,477,414,573,775,549,729,459,591,514,329,696,464,453,1015,333,69,656,729,813,740,331,735,237,1023,987,412,754,1015,601,348,471,946,334,514,612,608,1466,1049,747,614,730,1051,722,615,664,581,366,791,834,440,650,1083,569,284,558,760,459,747,780,627,874,773,601,255,593,517,555,750,841,194,537,687,907,842,385,753,37,940,474,511,374,605,842,755,1037,780,526,348,1007,1068,350,753,409,567,751,379,621,579,413,506,733,1165,674,1007,831,388,1339,759,609,609,704,823,1027,602,793,21,363,278,499,555,705,586,729,382,1251,464,246,1056,768,1163,908,904,740,120,602,228,1072,625,1016,611,784,609,437,524,278,76,646,348,1209,412,577,345,678,848,604,747,533,747,354,435,567,774,382,650,672,772,767,439,766,325,528,1015,1408,734,54,308,938,340,651,0,595,1051,661,109,605,341,1372,532,521,1060,587,825,618,689,333,723,347,1181,768,574,703,1000,605,1086,257,1171,608,621,1075,1172,860,597,813,752,76,951,742,703,184,644,537,220,394,815,936,414,592,957,425,807,214
755,1008,959,683,845,986,758,684,999,498,778,813,541,843,888,404,554,350,565,450,470,736,696,486,492,620,677,523,706,434,782,832,580,710,756,1199,707,264,335,405,449,489,621,1416,462,617,580,1143,899,274,1012,711,523,1151,939,1210,599,266,688,626,562,132,385,827,557,440,869,669,539,246,962,732,657,1104,684,195,342,789,701,489,356,1145,323,569,788,462,594,762,484,539,663,828,828,845,568,661,495,450,624,430,640,828,618,1007,860,292,725,1160,625,567,348,574,279,840,384,804,542,469,982,596,753,437,1160,817,648,756,683,137,359,680,903,919,1143,349,553,916,625,304,462,22,562,492,438,926,784,420,948,462,720,542,1057,467,499,676,492,844,254,605,685,757,988,818,1069,625,778,625,725,933,313,553,722,1223,1001,678,266,514,1283,562,336,543,854,438,790,645,379,753,987,775,702,332,580,812,496,567,861,721,717,421,594,0,562,421,625,679,718,860,220,242,1122,563,688,594,154,710,510,724,649,462,737,524,556,1146,554,810,619,682,804,835,1062,831,573,264,351,778,505,344,792,554,1189,474,435,370,471,491,470,666,511,326,816,510
1078,1270,358,636,1064,1129,1026,89,936,420,954,1131,332,1182,1221,804,888,830,904,783,976,1003,539,830,833,878,947,756,1128,43,1066,1150,898,1158,932,1452,1071,278,134,767,107,868,385,1228,710,952,898,1396,1149,642,1096,1133,756,1406,1122,1099,914,423,995,436,180,422,482,1094,891,802,1150,997,873,394,375,999,833,1355,89,559,389,955,1008,409,350,1396,685,903,741,790,433,629,838,770,997,683,1092,1182,907,977,309,784,928,934,1022,1092,953,1270,1139,651,1191,1097,429,954,121,788,638,1060,804,999,884,975,1392,931,527,799,1097,1083,915,652,427,578,100,1012,1182,316,1396,729,910,1164,839,670,790,479,896,833,944,583,1066,797,347,162,525,209,994,149,863,1019,871,1071,615,406,1028,1103,1129,1142,1322,839,954,952,1191,1234,662,883,1150,1474,938,1021,423,898,1540,829,685,873,1121,944,991,969,349,1019,1238,976,1166,460,898,708,838,933,1109,1049,1183,48,951,457,0,765,934,1022,1074,761,455,471,1059,897,1052,928,524,1176,462,1092,546,162,1004,476,671,1399,425,1061,1000,1025,999,1074,441,1093,907,278,355,954,622,356,1025,943,1440,818,807,706,423,297,976,1009,628,675,1002,884
695,821,1044,879,1366,1041,866,1028,1169,842,873,949,818,957,1035,520,263,175,601,238,562,874,1057,118,506,753,836,797,832,745,897,968,558,836,851,1022,654,563,611,531,793,630,884,1368,653,437,558,1223,1035,478,1150,837,797,974,1034,1537,508,565,906,962,815,549,726,965,266,566,771,434,453,739,946,870,752,927,1028,436,618,1075,919,727,644,1223,519,258,805,670,938,1187,545,734,373,1212,711,956,539,795,781,169,803,555,897,711,438,821,790,319,851,1332,896,705,624,707,392,949,470,913,174,561,1191,416,1038,235,1332,675,786,1153,1024,702,635,391,793,1004,964,434,691,1050,758,358,670,489,271,506,551,1074,897,506,1033,802,1036,749,1228,789,625,894,633,1373,548,875,903,581,1041,956,1147,758,873,334,851,772,229,185,848,1044,1171,896,565,153,1104,700,206,185,976,551,942,464,643,436,1065,1060,828,674,558,1222,381,852,995,394,843,719,731,512,815,0,751,897,986,1259,839,852,1361,272,635,288,477,836,842,1004,1112,802,875,990,840,967,833,1075,544,900,913,1376,1145,645,282,563,623,873,791,612,947,680,1010,106,523,203,809,777,562,884,797,222,1120,636
1245,1213,916,431,892,417,612,600,684,653,247,408,979,472,483,391,838,780,924,736,453,223,630,739,739,297,786,352,153,651,551,427,944,157,221,737,1007,822,749,345,575,212,989,963,422,1013,944,688,435,481,922,158,352,690,410,1437,1059,756,452,580,909,731,691,491,841,380,886,935,698,659,905,219,117,641,600,469,841,618,465,869,782,688,356,853,355,380,850,704,459,363,947,769,943,472,813,270,940,734,349,413,443,943,1014,1134,875,536,173,845,993,152,683,138,654,737,389,459,793,452,593,992,1154,640,845,932,212,1639,605,619,686,962,918,879,680,866,90,450,80,509,380,715,846,739,421,1103,551,282,905,610,1152,873,742,627,57,440,203,899,635,1044,449,1062,417,411,612,80,247,902,173,1329,674,833,169,759,686,442,756,807,822,179,697,823,869,421,488,946,781,868,526,606,149,563,943,1609,744,222,395,947,165,727,92,605,909,671,0,443,165,1372,579,570,886,847,988,878,699,158,564,171,1170,610,224,545,1000,683,1075,344,1181,446,459,901,1013,957,857,822,761,247,951,751,676,105,725,727,236,656,653,936,453,430,957,687,645,82
1264,1236,766,271,259,698,895,440,219,496,526,690,847,751,765,319,912,786,824,807,490,341,469,753,753,131,812,186,697,491,834,709,945,727,497,1018,1128,699,538,418,415,589,816,506,347,872,944,955,718,494,378,702,186,970,691,709,1078,858,9,420,751,830,535,538,915,367,1017,1053,769,758,745,327,388,923,440,583,682,128,22,710,560,955,533,927,192,306,691,574,690,288,1021,614,1058,751,827,549,916,808,138,450,56,1058,873,1236,1006,549,760,121,831,503,525,337,667,994,657,16,807,489,851,851,1022,653,121,1049,530,1480,444,721,528,1036,1049,729,960,879,645,733,388,522,306,823,920,753,458,944,834,311,755,450,1020,722,279,467,424,56,580,258,742,859,2,1131,698,693,876,388,526,975,760,1372,686,907,719,1040,164,58,858,821,1100,397,709,897,987,458,19,1015,561,985,793,72,735,626,944,1450,758,498,678,961,752,571,585,713,751,685,483,0,643,1644,419,410,258,921,1109,952,569,745,403,661,1038,450,356,384,975,963,859,627,1195,38,16,249,832,1059,931,699,555,526,926,677,959,484,1006,741,322,730,499,813,490,46,932,699,230,433
1299,1186,886,400,858,47,491,569,654,625,213,122,950,482,176,357,736,820,858,635,531,189,599,787,787,263,738,316,75,620,561,157,1109,105,229,747,875,823,667,456,544,667,947,587,388,906,1109,700,445,535,549,80,314,700,55,1150,1113,892,417,547,876,867,660,457,739,405,930,849,598,795,872,185,465,651,567,625,810,580,430,838,687,700,574,751,322,346,819,677,351,329,845,741,986,482,861,183,1082,632,315,491,408,986,907,1186,919,590,139,813,949,580,652,414,708,650,690,424,841,530,603,885,1123,692,813,976,153,1610,571,758,655,862,962,847,690,913,259,460,465,563,346,860,744,787,499,1074,561,351,873,577,1121,842,710,594,327,405,658,865,779,1000,414,937,47,64,621,465,213,800,139,1408,725,731,24,533,654,407,892,855,414,145,748,721,913,499,453,823,688,912,536,565,113,753,1107,1580,792,230,405,996,131,696,299,750,876,719,561,408,0,1774,546,537,853,745,856,776,611,124,531,18,1139,577,190,512,1099,693,1042,354,1245,411,424,868,969,1009,755,821,682,213,1050,805,590,562,735,775,360,552,626,933,531,395,1056,738,607,510
765,1255,818,1198,1692,1692,1428,848,1643,1022,1543,1501,512,1540,1604,1175,1088,1024,1095,974,1142,1536,1242,1019,1028,1415,1346,1246,1527,781,1452,1520,755,1531,1537,1620,1118,601,849,1124,870,1286,592,1999,1192,1139,755,1815,1579,911,1855,1532,1246,1574,1691,1696,769,782,1411,1302,781,852,835,1627,1091,1163,1581,1201,1060,807,1272,1532,1424,1523,848,871,856,1561,1424,763,704,1815,1089,1104,1300,1198,787,1381,1078,1271,816,1401,1344,1540,887,1337,466,974,1348,1165,1363,1344,1140,1258,1538,842,1546,1852,781,1364,862,1371,829,1459,1081,1753,1073,1141,1761,1118,303,921,1852,1333,1448,341,1319,986,740,831,1604,842,1564,915,1234,1594,1373,868,1198,989,1096,1028,1131,511,1452,1161,868,838,293,598,1748,825,1308,1399,1289,1691,804,576,1408,950,1692,1516,1736,1373,1543,817,1546,1109,849,1072,1713,1642,1645,1401,782,1088,1710,1362,872,1062,1520,1131,1447,1212,703,1269,1654,1546,1523,852,755,397,917,1354,1539,927,1538,755,1275,967,781,954,1442,1402,1687,0,1025,1031,1710,1097,1141,977,904,1531,1028,1706,218,838,1537,1039,378,1567,525,1491,1000,1405,1753,1698,837,1349,1107,601,709,1543,261,773,1424,1369,1608,1007,1157,894,994,462,1142,1389,297,862,1549,1237
1098,1233,608,245,1097,755,953,240,598,35,583,747,690,808,822,340,848,705,745,743,408,605,233,672,674,484,780,376,746,302,891,766,1014,784,554,1075,1042,379,216,438,215,426,659,1095,310,793,1014,1017,775,630,878,759,357,962,748,803,1031,474,639,250,585,385,213,669,988,448,1198,961,875,287,573,575,418,913,240,440,316,616,650,357,234,957,648,883,331,333,333,316,760,313,1010,371,1213,770,964,573,783,923,535,576,623,1213,992,1326,1187,688,799,807,697,526,199,379,716,1029,783,632,925,569,881,969,857,782,807,1204,509,1290,248,176,202,1000,1230,566,952,809,640,766,415,659,333,304,890,879,553,789,866,347,599,254,855,566,727,271,504,625,424,667,587,728,634,1076,738,674,897,415,550,1103,799,1317,646,790,768,1032,665,627,474,941,1095,423,669,780,1130,553,621,951,235,1141,812,604,485,128,969,1261,886,530,697,1114,791,245,760,282,585,812,513,628,683,1466,0,16,964,982,1023,914,340,784,26,701,873,254,580,79,826,955,753,651,994,631,632,658,700,1212,901,393,229,550,781,314,967,510,998,861,400,676,27,774,570,615,787,659,639,448
846,1313,605,227,956,725,949,235,662,41,537,658,678,757,724,384,1053,996,934,920,557,566,280,860,866,468,930,340,733,286,853,677,728,480,516,998,1272,505,325,489,210,590,678,1099,287,978,728,944,738,618,830,738,340,950,719,879,755,616,624,241,581,313,322,656,975,435,1185,1188,862,240,562,562,405,900,235,435,458,599,637,498,347,944,635,1054,321,321,474,376,749,301,1180,418,1200,757,951,560,645,937,522,563,610,1200,979,1313,1174,676,786,793,692,513,312,366,760,1005,770,615,912,556,868,956,852,770,793,1191,496,1299,239,129,315,1170,1217,561,940,557,628,753,402,647,321,257,1060,866,540,798,853,335,594,245,850,561,713,262,491,612,582,650,582,723,621,1282,725,661,884,402,537,1090,786,1063,805,952,755,1020,650,614,616,928,1083,410,828,942,1117,540,605,1162,348,1128,799,587,472,134,728,1270,873,517,684,1101,778,358,749,235,581,799,500,615,670,1158,16,0,951,969,1253,925,335,771,17,688,1021,245,567,65,956,943,748,638,746,618,615,641,695,1199,1071,505,342,537,911,457,954,497,986,848,387,838,34,633,557,602,917,818,622,435
964,1208,819,329,5,781,907,504,184,551,593,714,875,813,780,370,920,815,921,795,544,326,530,847,853,193,920,246,789,555,909,733,843,403,572,1053,1077,634,709,475,479,645,893,514,412,966,843,1003,794,605,367,794,246,1005,775,52,870,628,109,477,810,612,591,521,923,421,1175,997,891,694,799,312,461,956,504,671,727,192,116,767,737,1003,625,920,249,377,743,643,799,351,1047,588,1095,813,938,616,847,811,196,550,171,1095,967,1208,1164,664,842,179,907,569,581,422,631,1091,757,102,899,543,924,944,1100,758,179,1086,530,1246,508,788,584,1037,1207,780,995,849,679,809,458,635,377,552,927,853,527,1002,909,383,808,514,1098,791,97,531,477,199,637,12,629,938,208,1131,781,717,945,458,593,997,842,1178,680,827,811,1075,173,201,628,915,828,382,703,817,1107,527,185,1007,736,1023,855,168,395,678,843,1475,860,573,740,1079,834,624,799,575,810,786,555,202,726,1256,518,481,0,929,1058,951,601,827,460,744,1228,514,341,441,895,998,903,694,1034,132,102,19,910,1094,938,634,719,593,850,660,1010,552,1041,835,373,713,552,843,544,217,856,693,121,491
758,729,1302,1126,1503,1221,996,1143,1271,1142,1077,1033,1072,1059,1127,746,8,406,57,393,825,1114,1245,394,101,1002,853,901,1300,1042,983,1052,625,1199,906,1140,610,831,915,743,1025,868,1146,1635,873,15,625,1298,1072,734,1586,1305,901,1092,1221,1622,642,833,1157,1268,1120,819,996,1204,5,782,902,619,538,901,1353,1110,994,1043,1143,696,922,1278,1170,992,939,1298,717,365,1054,889,1015,1480,638,949,160,1500,902,1059,128,874,1048,417,1055,804,1143,902,16,705,921,561,1238,1405,1152,923,928,953,656,963,702,1164,451,824,1118,108,1096,466,1405,891,1214,1133,1298,916,943,156,923,1264,1082,562,780,1144,929,600,889,760,38,101,814,1221,983,733,1291,1133,1086,1011,1324,1120,840,1145,871,1511,800,1138,1154,384,1221,1050,1242,929,1077,182,1238,881,400,341,1242,1162,1259,1147,833,410,1225,958,380,331,1041,814,1193,616,938,677,1157,1300,1191,939,625,1202,144,891,1075,317,1230,997,818,783,1120,301,1085,1148,1237,1097,1014,1000,1499,0,637,396,733,1223,1255,1236,1009,1133,1115,1235,1101,1085,1101,1030,632,1151,1164,1514,1525,900,49,831,924,1077,1056,867,928,1005,1128,382,749,384,1339,1044,825,1135,1062,396,1325,856
800,235,1355,1282,1656,1255,738,1202,1361,1198,1111,1067,1121,716,1161,894,538,655,525,484,931,1266,1402,619,620,1156,442,1208,1168,1100,727,1048,679,1262,941,861,19,887,968,805,1081,1017,1194,1503,1040,632,679,894,1055,925,1457,1173,1208,814,1154,1766,706,889,1311,1427,1173,875,1052,1356,541,844,417,409,610,957,1417,1262,1146,763,1202,752,975,1368,1324,1050,992,894,727,576,1208,1045,1073,1579,700,1115,596,1655,375,716,595,909,1097,546,1209,910,1297,375,633,235,436,725,1221,1495,1201,1075,981,1105,712,475,848,1318,603,930,630,610,1290,844,1495,353,1248,1289,1390,1026,996,530,438,1317,804,919,815,981,1081,954,1045,816,546,620,920,1326,727,879,1344,1192,1288,1060,1414,1179,875,1299,1020,1663,856,1187,1308,372,1255,1084,834,1081,1111,585,1221,935,778,504,1276,836,1349,1301,889,557,948,1110,602,504,528,920,1347,411,991,181,807,1390,1254,995,679,1358,757,926,1003,479,1213,1055,853,839,1173,653,1150,1302,1105,1253,1092,1174,1651,547,0,630,789,1206,1411,1270,1165,1191,1267,1391,1149,807,1149,910,770,1305,1318,1666,1552,382,557,886,977,1111,1104,923,440,1070,849,609,838,760,1158,1092,931,1289,1110,618,1415,918
855,710,993,859,1225,840,674,960,1136,775,726,668,744,727,734,481,227,128,314,121,520,848,959,195,376,740,521,784,918,680,660,687,707,794,547,795,564,475,539,387,727,604,824,1187,642,392,707,983,777,374,1145,923,784,748,840,1599,740,479,895,948,989,463,640,938,230,426,828,370,190,545,881,844,725,697,960,335,546,1054,908,657,593,983,351,33,789,644,890,1067,277,718,357,1094,590,727,403,515,716,120,793,499,881,590,393,710,769,306,833,1268,824,662,552,690,293,633,436,902,252,519,838,370,991,382,1268,568,971,1010,960,605,563,352,849,952,738,461,421,792,668,332,644,403,235,376,509,1027,660,467,982,739,989,679,1187,726,489,883,607,1232,439,814,892,529,840,671,925,668,726,379,833,963,40,140,861,817,1125,885,479,205,882,692,109,130,724,509,931,404,614,505,838,1041,786,585,707,1079,409,532,723,506,825,653,461,426,989,333,698,886,855,1144,761,773,1220,236,545,0,380,818,763,855,1008,739,849,773,764,741,772,677,674,889,902,1235,1117,597,246,475,588,726,719,511,628,626,783,183,420,24,732,712,520,873,725,45,1319,500
839,884,983,637,646,790,643,655,657,468,721,618,597,693,684,305,565,424,469,447,382,634,670,386,396,530,487,335,654,383,626,637,654,658,700,761,765,381,289,257,420,388,636,1136,293,523,654,933,727,116,1095,659,335,714,790,1175,723,315,506,641,493,289,334,724,568,292,751,746,404,216,970,630,589,663,655,86,296,594,624,398,302,933,164,565,414,290,583,733,321,369,695,801,763,693,486,465,591,442,441,388,452,763,524,884,740,179,697,768,678,446,302,479,294,599,256,590,443,381,754,501,866,278,768,752,921,863,656,154,316,687,783,942,704,530,369,742,452,148,290,266,573,396,365,942,626,288,972,433,823,472,688,438,432,474,391,625,226,626,483,765,790,621,873,452,721,648,697,1024,321,476,670,783,626,476,315,415,848,478,344,466,695,365,580,700,309,689,788,562,650,276,654,924,400,482,673,630,689,370,409,159,493,324,562,477,666,972,460,474,625,514,746,596,0,682,465,805,746,433,635,478,642,707,666,627,774,480,590,616,1108,770,584,381,297,721,594,314,594,490,749,374,286,356,429,587,382,464,599,334,597,365
1204,1122,807,317,544,86,646,492,551,539,292,172,887,652,212,475,778,675,844,700,444,65,518,770,776,181,736,234,52,543,743,207,986,50,291,888,979,754,582,381,467,284,881,283,590,891,986,843,628,511,245,57,234,841,112,1047,1082,857,337,465,798,785,579,22,781,420,980,899,617,672,787,61,339,790,492,492,715,488,350,755,604,843,372,778,237,280,731,615,533,658,905,662,1002,652,861,265,862,669,236,450,322,1002,892,1122,969,574,25,685,895,289,571,267,685,735,430,344,822,443,767,869,1063,671,685,992,107,1492,496,616,574,894,1012,768,831,904,282,643,209,543,280,725,785,776,427,990,743,314,796,502,1061,779,605,519,254,325,276,551,639,926,334,1014,86,109,783,209,292,856,25,1395,587,685,68,594,540,327,858,748,446,21,610,675,924,427,373,891,607,929,698,475,48,667,986,1463,783,292,574,986,17,617,289,644,798,709,183,328,64,1668,506,469,539,787,960,809,732,0,448,70,1079,502,66,429,1046,834,958,528,1159,331,344,556,898,1008,796,756,601,292,1001,715,844,186,876,758,294,569,540,850,444,315,1007,600,511,211
1271,1299,596,210,938,708,931,232,637,50,520,641,670,740,707,367,1036,979,917,904,540,548,277,843,849,451,916,315,716,283,836,660,1139,462,499,981,1256,502,322,472,207,434,669,1081,270,961,1139,927,721,601,812,721,315,934,702,880,1153,613,607,238,573,525,319,638,958,418,1171,1174,846,637,559,544,388,883,232,516,455,574,620,495,344,927,621,1038,304,304,471,377,732,284,1163,417,1186,740,934,543,638,920,505,546,593,1186,962,1299,1160,660,769,768,683,496,309,349,744,969,753,590,895,539,851,939,844,754,768,1177,478,1290,236,137,312,1153,1203,552,924,944,610,736,385,631,304,265,1043,849,523,789,836,318,585,242,842,552,688,259,474,595,565,625,665,714,604,1267,708,644,867,385,520,1074,769,1479,789,936,738,1003,626,597,613,911,1067,392,812,926,1103,523,580,1147,345,1114,782,562,454,165,1139,1261,856,500,667,1075,761,355,732,243,573,782,483,598,653,1150,26,24,933,952,1237,909,416,754,0,671,1013,242,549,48,953,927,740,621,1128,601,590,616,686,1185,1054,502,339,520,908,454,937,480,969,831,370,822,31,626,540,585,914,802,597,418
1296,1188,936,449,774,509,730,626,690,669,321,434,1019,546,500,379,936,831,1019,864,555,227,650,858,864,316,808,372,123,676,635,453,1196,199,298,780,1143,882,711,484,601,648,1040,952,423,1106,1196,742,520,616,911,128,372,733,503,1249,1177,940,473,597,930,930,707,474,939,430,1067,1063,777,854,919,223,464,682,626,675,845,631,486,885,733,742,624,936,372,388,861,721,544,362,1063,788,1075,546,949,344,989,827,371,561,459,1075,1107,1188,1056,674,177,821,1044,572,698,425,758,817,697,480,946,554,667,1084,1194,768,821,1066,201,1624,629,799,701,1053,1129,896,723,992,419,535,461,646,388,912,943,865,538,1122,635,394,925,636,1191,906,741,653,577,461,640,781,813,1095,470,1176,509,437,682,461,321,1013,177,1503,747,843,145,802,679,463,940,906,867,183,770,833,970,538,509,1053,734,1003,610,618,191,796,1197,1595,872,299,466,1100,169,740,549,828,930,798,558,464,60,1800,638,601,769,945,1124,816,663,162,580,0,1204,636,228,561,1166,726,1090,420,1191,467,480,784,1064,1074,954,882,728,321,1121,844,750,555,768,847,382,729,668,977,555,451,1127,760,654,494
1204,1822,615,1299,1559,1860,1821,920,1691,1099,1663,1820,399,1911,1932,1048,1475,1250,1431,1368,1126,1676,1276,1363,1367,1564,1328,1419,1868,1009,1807,1839,1207,1590,1629,2138,1684,937,702,1078,1036,1648,427,1876,1365,1474,1207,2102,1818,1238,1714,1873,1419,2093,1854,1563,1234,1126,1627,1121,972,1202,779,1766,1478,1117,1954,1625,1451,744,1054,1673,1502,2039,921,1199,719,1696,1634,739,680,2104,980,1491,1393,1399,762,1415,1469,1379,1284,1435,1708,1911,1448,1687,389,1366,1618,1132,1537,1708,1475,1822,1554,1169,1922,1696,434,1607,715,1460,1156,1803,1427,1620,1415,1125,2038,1452,69,1278,1696,1696,1607,157,1102,889,716,1277,1966,597,2083,1259,1190,1891,1496,1195,1399,830,1482,1367,1109,105,1807,1413,739,1003,110,424,1615,893,1254,1579,1651,1558,1150,387,1588,1405,1861,1847,2046,1496,1664,1266,1922,1787,1225,1382,1891,2160,1679,1581,1126,1431,2232,1521,1248,1372,1506,1109,1733,1595,679,1633,1968,1718,1583,780,1207,226,1376,1631,1822,1608,1914,1019,1227,808,973,1303,1617,1582,1806,543,1130,1142,1583,1484,1665,1356,843,1907,1132,1824,0,1003,1678,1142,256,2086,328,1778,1368,1585,1620,1565,714,1707,1493,937,685,1664,317,692,1768,1630,2126,1351,1111,1272,1100,377,1126,1569,659,1238,1413,1529
1072,1284,369,399,1133,900,1025,22,748,277,712,833,412,932,899,560,980,872,958,852,732,743,309,886,892,641,913,524,908,36,1040,852,943,657,691,1172,1153,437,168,706,32,590,451,1281,463,1001,943,1123,913,568,1011,913,524,1124,894,912,971,449,796,80,137,359,165,833,983,612,1168,1073,948,473,141,739,580,1075,22,483,292,756,809,103,190,1123,617,987,490,551,310,411,766,531,1108,453,1172,932,976,735,371,869,694,738,782,1172,1003,1285,1157,705,961,879,459,688,155,541,692,1024,672,803,939,731,1043,980,602,724,879,1163,673,744,77,346,158,1098,1200,325,1114,784,794,928,577,600,551,426,988,893,715,586,1040,571,356,180,600,284,799,17,668,784,593,1140,688,499,793,1198,900,836,1065,577,712,1058,961,1274,738,885,930,1194,737,786,448,955,1257,587,761,875,1100,715,832,1075,191,1100,985,770,649,223,942,1031,901,692,859,1136,953,53,914,404,137,828,675,787,845,858,223,237,1128,990,1135,858,450,946,228,863,626,0,744,241,645,1117,481,813,969,790,803,825,469,1171,999,437,185,712,559,288,989,672,1160,875,563,771,192,359,732,774,564,751,806,610
1316,1184,960,472,280,112,867,648,552,692,309,409,1042,669,309,401,859,754,942,786,577,17,673,881,885,339,804,395,98,696,767,428,1077,99,598,715,1139,902,731,442,623,333,1063,240,444,1026,1077,638,645,637,202,112,395,516,138,852,1200,815,608,620,953,826,727,117,862,452,1060,1059,699,727,949,9,487,617,648,554,865,561,463,905,753,638,433,859,395,410,881,736,463,383,986,824,1071,669,968,282,1050,750,394,584,482,1071,1027,1184,1049,695,134,686,1067,344,718,448,779,802,491,449,933,576,888,1004,1215,789,686,1062,64,1647,649,672,721,976,1092,919,658,1015,337,624,264,666,410,767,866,885,560,1145,767,416,952,658,1216,932,606,675,303,484,325,287,923,1121,493,1159,112,112,650,264,309,937,134,1525,670,766,100,568,540,486,815,829,420,45,693,756,992,560,604,1045,756,999,639,587,103,818,1077,1621,893,344,646,1122,126,762,467,701,956,820,238,487,119,1826,661,624,275,868,1120,890,684,112,603,125,1229,658,0,584,1103,661,1116,554,1214,490,449,292,1090,1070,877,904,750,309,1058,866,870,240,703,869,322,652,693,1025,565,474,1064,664,389,254
1242,1184,698,161,934,663,862,331,584,386,479,599,845,701,652,311,948,993,898,848,481,521,283,820,826,392,875,264,677,382,789,618,1180,428,455,937,1144,602,424,416,306,334,773,1040,225,948,1180,915,670,546,744,682,264,889,663,937,1095,704,550,333,640,626,422,611,951,362,1114,1108,935,720,703,517,340,840,331,476,557,514,545,594,446,915,559,954,260,256,570,464,680,236,1075,517,1070,701,915,505,756,840,449,486,370,1070,949,1246,1043,615,734,757,787,408,411,304,692,1026,620,531,871,480,808,926,1013,700,757,1177,586,1416,335,538,414,1067,1086,664,879,1010,560,685,340,582,256,648,955,826,464,936,789,270,687,341,1011,666,670,358,418,538,337,941,614,818,547,1183,669,593,856,340,479,1030,734,1440,730,896,699,959,573,540,704,906,1022,358,753,886,993,464,535,1067,447,1061,741,510,420,520,1180,1387,830,456,620,1019,726,459,686,560,640,743,455,541,614,1611,97,86,929,957,1188,829,372,719,59,632,1029,341,522,0,1033,882,801,579,1158,544,531,558,790,1071,966,602,441,479,984,549,891,450,925,808,314,743,94,744,481,528,990,743,539,373
1068,1294,574,982,1720,1500,1344,647,1218,933,1306,1364,372,1427,1458,925,957,851,970,856,1017,1307,893,896,900,1170,1255,1047,1508,670,1401,1383,927,1308,1276,1505,1175,486,725,944,727,1046,410,1835,1011,1018,927,1706,1386,762,1535,1513,1047,1458,1494,1754,943,665,1327,835,614,755,682,1397,960,974,1442,1076,943,735,747,1303,1154,1407,647,724,732,1235,1340,645,586,1706,941,962,1083,1046,668,970,950,1086,1084,1024,1180,1427,987,1198,339,848,1226,994,1319,1181,1019,1295,1462,696,1337,1392,433,1101,738,1117,683,1379,884,1334,947,1016,1652,996,291,806,1392,1226,1230,347,796,862,622,1076,1441,554,1448,790,1161,1454,1107,722,1046,805,964,900,1004,427,1401,913,577,733,289,414,1304,720,1054,1315,1049,1727,694,386,1324,1192,1500,1379,1649,1107,1306,1039,1337,1278,738,904,1530,1527,1207,1317,665,922,1594,1144,761,894,1434,1004,1361,1076,585,1110,1532,1272,1300,776,927,408,906,1277,1389,1106,1329,642,1203,783,614,820,1171,1318,1445,436,817,828,1715,966,1157,837,775,1322,818,1463,233,733,1308,826,0,1451,307,1348,938,1321,1334,1731,563,1182,975,486,591,1306,61,663,1344,1133,1493,884,928,751,789,335,1017,1305,94,751,1257,1109
1542,1052,1222,696,682,377,636,862,890,915,565,336,1291,306,278,637,1094,980,1177,847,807,665,886,997,1120,563,428,613,386,909,553,258,1395,462,562,39,761,1120,946,820,837,845,1339,634,686,1266,1395,86,491,863,589,391,613,9,371,1096,1393,1189,968,864,1170,1190,943,755,1097,685,885,661,922,1106,1262,661,730,166,862,1021,1079,904,981,1116,968,86,777,925,625,656,1092,962,710,630,1221,1017,702,306,1286,537,1435,980,621,810,714,702,1267,1052,874,923,444,1063,1338,799,933,695,1028,479,874,1033,981,806,415,1244,1446,1098,1063,742,408,1949,862,1062,936,1213,917,1188,3,1271,590,417,731,894,656,1173,1101,1120,790,1472,553,662,1211,870,1444,1188,976,887,745,710,836,689,1213,1398,719,1084,377,364,172,731,565,1176,444,1904,899,894,408,57,877,712,1189,941,227,450,922,894,838,790,966,959,969,626,225,941,454,1042,1395,1920,1126,563,439,1330,436,979,717,1066,1170,1039,662,713,323,1835,885,846,677,1103,742,968,939,429,825,341,1457,870,626,805,1484,0,1383,346,1432,716,1033,693,1366,939,1112,1120,963,565,1434,1198,663,837,23,989,640,881,913,1431,807,700,1440,912,760,764
937,1167,271,689,1046,1210,1091,347,920,490,1017,1164,29,1174,1258,824,845,742,878,744,975,1063,607,799,806,931,997,798,1218,364,1156,1183,806,970,987,1249,1046,351,442,834,427,940,90,1248,761,928,806,1463,1160,682,1095,1223,798,1200,1204,1094,822,538,1001,536,312,495,517,1153,848,873,1315,947,832,492,448,1059,872,1153,347,600,459,937,1014,479,420,1463,747,850,796,869,502,673,900,805,972,751,1053,1174,895,1043,63,739,988,976,905,1053,929,1167,1222,569,1275,1093,111,995,455,838,557,1121,785,1066,850,974,1394,906,209,685,1093,1098,1128,405,500,627,456,964,1313,234,1190,664,1003,1228,874,595,869,561,852,806,958,245,1156,814,260,357,207,107,1006,344,1008,1077,943,1053,567,78,1086,1059,1210,1179,1407,874,1017,928,1275,1163,627,795,1240,1271,909,1079,538,885,1331,900,650,785,1172,958,999,934,419,982,1289,974,962,642,806,466,810,988,1163,991,1267,485,1045,539,312,723,1000,1080,1155,508,519,532,1041,854,1027,886,591,1260,522,1173,224,357,1064,533,258,1193,0,1122,812,1083,1066,1057,455,1054,863,351,425,1017,199,418,1086,1013,1237,787,827,642,490,51,977,1067,205,640,965,907
1381,875,1401,871,1052,554,383,1037,1260,1090,741,513,1209,195,604,667,816,713,899,610,745,842,992,749,955,740,414,783,563,1084,308,433,1242,639,739,362,747,940,928,573,1012,574,1245,1004,863,985,1242,413,243,693,959,568,783,360,548,1426,1234,945,899,1041,1350,939,1118,932,819,612,766,647,657,856,1438,838,907,341,1037,771,935,1277,912,1040,952,413,504,686,800,833,1267,1203,459,807,943,1239,688,195,1003,713,1169,710,798,748,891,688,986,876,755,753,621,1434,1517,724,941,872,759,493,628,906,733,744,307,963,1364,895,1434,728,828,1543,1037,809,956,935,785,1367,365,1002,402,169,908,724,833,886,823,955,728,1646,308,611,1390,1045,1362,1101,1346,1062,474,887,565,1059,948,1236,896,828,554,545,354,908,741,899,621,1539,631,646,585,451,1249,889,945,693,537,627,654,646,631,728,933,707,951,612,239,1049,631,874,1182,2099,961,740,191,1164,613,1045,444,832,1350,783,598,890,500,1569,1060,1021,1047,825,728,857,908,606,1000,518,1375,1045,843,980,1218,362,1303,0,1217,893,906,1063,1535,764,834,940,937,741,1169,949,410,524,366,741,606,613,1089,1165,745,877,1175,644,1129,578
535,1007,1401,1146,1562,1343,1192,1230,1401,1222,1149,1213,1179,1275,1307,779,613,539,660,512,874,1149,1267,532,516,1011,1061,932,1351,1120,1248,1232,652,1150,1119,1353,954,911,986,800,1169,895,1243,1672,900,716,652,1552,1235,740,1377,1151,932,1306,1337,1729,380,929,1168,1316,1216,915,1102,1239,616,839,1072,728,802,990,1443,1145,997,1255,1230,769,993,1418,1181,1069,1035,1552,798,566,1074,950,1092,1494,809,977,740,1524,1028,1275,677,1047,1139,450,1067,851,1160,1028,717,1007,1091,677,1179,1575,1259,944,999,960,728,1185,740,1175,589,873,1458,694,1481,605,1575,991,1072,1523,1314,972,1010,731,1070,1367,1296,215,1010,1303,950,708,950,855,620,516,861,1619,1248,769,1390,1220,1471,1110,1487,1207,885,1156,898,1569,521,1234,1165,957,1343,1228,1494,950,1149,721,1179,948,587,463,1373,1375,1390,1158,929,434,1440,986,571,463,1234,861,1202,725,1034,704,1381,1241,1142,1047,652,1600,493,1120,1238,751,1171,1074,1052,878,1216,330,1036,1159,1288,1455,1056,1042,1557,707,935,602,821,1164,1274,1306,1394,1220,1150,1254,1187,1299,1188,1197,0,1162,1175,1573,1586,898,631,911,1020,1149,1138,979,1150,956,1341,520,782,612,1363,1135,874,1146,1144,587,1639,952
1244,1191,781,254,400,915,909,421,416,474,726,846,929,947,899,316,954,996,900,853,486,549,458,823,828,152,820,163,923,472,1050,865,1133,658,702,1182,1152,698,514,421,396,525,856,744,370,950,1133,1164,917,551,591,928,163,1133,909,865,1097,794,84,424,730,715,512,867,957,367,1063,1053,776,798,795,535,587,1086,422,671,648,346,97,685,537,1164,564,959,178,333,661,453,720,310,1081,604,1077,947,915,752,841,845,69,491,18,1077,949,1191,1052,620,687,52,871,576,502,551,697,940,625,91,874,485,1056,926,1098,705,52,1122,754,1510,426,752,505,1073,1095,748,1123,955,477,932,587,587,333,866,961,828,469,1030,1050,339,771,432,1096,751,502,449,423,72,528,399,886,902,81,1189,915,840,1106,587,726,1036,687,1440,735,901,945,1204,405,74,795,909,1264,614,758,891,1002,469,191,1073,538,1006,990,230,650,613,1133,1481,832,703,867,1021,679,550,478,775,731,745,558,75,860,1705,444,406,399,963,1133,834,569,672,385,878,1114,432,565,366,984,1126,891,826,1115,0,91,390,874,1078,972,699,532,726,935,639,941,484,1170,811,319,748,475,829,486,135,941,748,371,620
1212,1292,775,248,242,713,908,415,197,468,524,644,923,745,697,275,911,959,864,813,444,327,452,786,792,111,921,157,721,466,834,663,929,796,500,982,1254,692,508,379,390,592,850,521,329,914,929,959,715,509,368,726,157,934,707,689,1061,788,7,418,724,719,506,521,914,325,1157,1154,900,760,788,313,385,885,415,672,641,100,14,678,530,959,522,916,172,292,654,447,679,269,1038,597,1178,745,881,550,950,805,121,449,48,1178,915,1292,1146,578,778,104,864,452,495,348,667,997,583,180,837,443,851,892,1091,665,104,1223,531,1503,419,714,498,1030,1189,741,924,917,602,730,384,545,292,660,918,792,427,1023,834,298,764,425,1089,744,283,442,382,72,583,241,856,895,81,1142,713,638,900,384,524,993,778,1280,695,861,743,1004,135,74,788,872,799,383,718,851,1096,427,20,1023,531,1107,785,71,788,607,929,1474,796,501,665,975,770,543,727,739,724,709,496,75,658,1699,438,400,241,920,1235,952,576,763,379,676,1108,426,342,360,995,927,885,624,1077,30,0,232,868,1179,929,693,526,524,946,633,936,491,970,774,278,708,469,823,444,62,952,708,213,417
955,1228,877,358,14,791,861,525,176,578,602,722,889,823,775,350,889,786,924,791,521,306,562,852,854,189,858,232,799,577,912,741,822,383,578,1058,1109,617,682,455,500,670,967,499,403,974,822,1040,793,587,346,804,232,1009,785,53,839,622,111,528,834,607,621,500,892,401,1098,1011,878,678,898,292,463,962,525,658,757,190,118,794,735,1040,602,894,280,368,770,674,757,343,1016,620,1115,823,941,628,844,783,204,527,179,1115,975,1229,1087,651,856,187,971,530,611,426,617,1014,739,104,903,520,929,952,1086,735,187,1160,509,1241,531,740,614,1008,1130,843,999,840,678,808,462,622,368,547,896,854,504,1119,912,374,866,535,1084,846,99,552,457,207,661,13,629,1022,216,1120,791,716,982,462,602,971,856,1175,673,839,821,897,164,209,622,938,777,362,696,829,1037,504,245,981,734,1044,863,223,375,646,822,1570,860,579,743,1056,848,664,803,570,834,774,574,210,736,1269,547,509,13,898,1090,930,590,841,488,754,1209,535,321,469,888,1002,895,702,988,134,104,0,991,1116,907,617,717,602,839,671,1014,569,1046,840,353,686,578,840,521,288,845,686,27,495
980,1208,199,689,1046,1210,1245,347,920,490,1017,1164,63,1243,1258,851,882,779,919,785,1019,1063,607,845,849,931,1180,798,1218,447,1301,1183,850,970,987,1481,1086,405,497,893,427,868,24,1248,761,1052,850,1463,1160,688,1095,1223,798,1434,1204,1094,867,584,1001,536,409,675,572,1153,885,898,1356,988,871,548,448,1059,872,1383,347,650,514,937,1014,534,475,1463,793,887,796,869,557,673,878,805,1009,751,1094,1243,936,1043,231,776,988,1020,905,1094,1053,1208,1375,622,1275,1093,69,942,510,838,609,1304,833,1066,896,1018,1359,1030,243,734,1093,1139,1128,391,501,678,511,1001,1354,160,1424,712,1095,1228,874,648,869,617,889,849,1002,279,1301,875,188,440,241,159,1006,322,961,1077,871,1053,620,28,1086,1113,1210,1179,1405,874,1017,965,1275,1204,666,832,1240,1503,909,1079,584,792,1570,900,689,822,1356,1002,999,975,474,1023,1289,974,962,689,850,452,855,988,1163,1051,1267,456,1221,595,409,769,1000,1080,1155,493,519,532,1041,891,1067,923,643,1260,522,1173,277,440,1064,533,293,1427,52,1122,861,1083,1066,1057,0,1095,900,405,480,1017,247,473,1269,1013,1469,833,854,679,490,103,1019,1067,253,679,965,907
995,227,1406,1417,1722,1098,850,1234,1472,1228,1284,1057,1184,909,1106,1048,655,587,738,383,1046,1213,1451,518,815,1282,582,1333,1106,1124,906,975,849,1181,1286,838,376,917,992,905,1175,1170,1248,1667,1070,824,849,851,1067,1026,1618,1111,1333,846,1092,1946,866,935,1441,1418,1222,921,1109,1476,658,944,350,363,632,996,1447,1209,1264,879,1234,775,999,1489,1454,1073,1041,851,844,496,1344,1105,1096,1547,795,1351,782,1610,436,909,842,983,1145,446,1340,1024,1433,436,826,227,369,748,1163,1646,1265,1226,1006,1242,735,535,976,1448,503,1046,665,803,1388,734,1646,464,1187,1567,1421,1147,1017,773,360,1373,918,859,945,993,1232,1060,1106,862,663,816,1034,1424,906,1038,1396,1225,1386,1117,1558,1212,1017,1429,1174,1729,924,1240,1438,595,1098,1131,792,1232,1284,772,1163,1196,552,404,1128,889,1461,1431,936,457,1059,1169,532,404,496,1034,1475,362,1041,225,765,1526,1173,1054,849,1644,847,1000,1015,739,1155,1079,987,885,1223,554,1233,1432,1043,1545,1153,1159,1717,665,379,533,829,1148,1228,1061,1399,1225,1214,1526,1194,908,1194,922,981,1435,1448,1733,1592,0,674,918,1027,1284,1145,986,638,1159,844,509,939,737,1199,1141,1047,1419,1151,548,1799,1019
753,744,1254,1053,1467,1130,899,1033,1112,1063,1011,954,1044,952,1038,691,27,369,45,472,784,1054,1174,362,122,918,810,828,1206,973,962,973,448,1112,837,1013,671,775,850,687,1010,807,1104,1486,812,15,448,1217,995,620,1437,1211,828,964,1130,1428,608,793,1075,1223,1089,779,946,1144,24,726,1067,620,484,850,1283,1050,901,917,1033,636,857,1129,1088,923,864,1217,665,289,981,862,1161,1401,575,889,106,1430,803,952,116,805,1002,349,974,761,1067,803,16,744,1042,557,1141,1286,1125,856,863,867,595,930,652,1082,419,783,1202,94,1247,429,1286,846,1125,1316,1219,879,874,155,1065,1220,954,534,765,1063,862,588,862,720,201,122,771,1283,962,681,1243,1023,1245,972,1198,1051,834,1063,810,1474,781,1098,1072,383,1130,959,1161,862,1011,128,1141,779,405,297,1151,1035,1101,1065,793,366,1095,891,385,287,992,771,1109,586,863,616,1040,1166,1104,891,448,1386,175,822,998,191,1133,928,806,743,1089,280,998,1066,1143,1254,950,940,1462,18,509,324,687,1126,1182,1145,1258,1023,1055,1162,1050,957,1050,957,709,1069,1082,1478,1478,805,0,775,888,1011,1001,843,931,919,1001,350,694,389,1270,998,784,1053,1007,401,1151,864
812,998,755,570,1038,1081,858,287,912,400,892,913,410,911,986,589,667,472,704,579,666,942,598,613,626,812,768,608,1089,214,916,932,682,960,868,974,873,180,106,555,383,623,494,1240,573,756,682,1175,954,404,1087,961,608,926,1075,1086,698,90,992,492,517,209,220,1032,670,594,1011,775,654,191,404,938,753,877,287,334,113,928,1005,182,123,1175,472,672,672,602,205,665,629,681,794,742,887,911,721,918,362,561,869,669,962,887,757,998,1000,382,989,1085,494,673,119,719,370,890,533,1057,666,665,1076,734,622,502,1085,930,1007,622,592,341,130,785,1043,721,916,476,724,1022,755,440,602,275,674,626,649,702,916,562,744,277,584,350,998,264,725,958,626,1045,380,478,967,889,1081,907,1119,755,892,750,989,1032,436,620,1111,996,900,960,90,641,1057,779,459,610,947,649,990,768,122,814,999,965,952,244,682,683,627,869,957,805,981,186,765,253,517,537,860,961,1026,719,395,408,1033,676,854,708,304,974,398,1044,507,277,943,409,413,919,416,916,630,964,1057,1049,847,889,685,0,128,892,362,132,891,786,962,601,588,463,366,358,666,948,368,449,957,668
855,1073,553,428,969,944,1063,243,843,262,755,875,346,976,928,396,739,535,759,647,472,798,460,677,687,668,968,560,952,160,1079,894,722,738,731,1211,944,315,17,500,112,429,416,1171,501,811,722,1196,946,516,1018,957,560,1162,938,1094,738,209,918,450,473,350,92,888,742,446,1222,846,723,424,362,794,616,1115,243,476,34,858,931,34,3,1196,717,744,532,606,27,553,730,541,866,605,958,976,776,781,269,633,725,477,818,958,812,1073,1193,445,767,1016,430,478,30,580,433,1092,673,985,728,471,1085,789,530,567,1016,1001,863,678,126,252,31,857,1220,519,1152,539,557,961,616,471,606,494,746,687,455,566,1079,612,542,233,528,218,929,220,503,814,432,976,443,423,823,959,944,869,1140,616,755,822,767,1089,502,689,974,1233,831,816,209,763,1293,635,525,679,1143,455,916,836,4,885,1019,892,730,130,722,739,691,732,896,871,759,118,558,472,473,604,638,817,889,780,257,270,964,748,925,780,553,752,260,907,563,233,799,271,641,1155,437,855,692,820,985,980,660,960,757,315,0,755,588,380,1057,564,1199,665,399,535,228,257,472,804,595,517,888,486
1221,953,1080,558,856,520,366,727,1064,918,180,356,1044,301,408,487,654,550,737,606,576,520,754,623,801,417,501,468,277,906,386,375,1011,283,82,538,830,784,761,392,702,308,1076,808,609,823,1011,519,215,518,763,282,468,493,520,1359,1070,778,576,731,1036,772,816,610,657,431,759,732,494,688,1128,516,230,439,727,590,768,1081,589,879,789,519,341,659,480,509,1031,811,278,483,781,889,762,301,841,26,1011,548,475,583,568,762,824,953,748,587,299,1237,1125,215,774,234,605,539,447,583,618,575,413,801,1207,732,1237,805,632,1374,728,642,790,772,864,1046,482,927,156,282,178,554,509,751,661,801,559,1321,385,438,1069,735,1205,933,1150,752,301,564,299,863,791,1069,573,914,520,349,459,178,180,737,299,1363,468,607,541,559,1053,566,778,575,633,305,491,597,725,559,1143,791,788,688,344,1118,275,716,1011,1448,805,49,218,986,291,878,273,665,1036,718,112,567,551,1418,727,707,851,663,810,695,738,284,686,535,1218,735,521,666,1059,485,1137,175,1087,570,583,867,1224,843,672,784,771,0,1010,781,490,207,525,611,321,450,780,1007,576,554,1016,481,933,180
1019,1233,581,1005,1682,1493,1255,608,1363,850,1268,1303,319,1338,1397,887,893,790,932,795,1061,1269,1059,858,862,1132,1190,966,1470,629,1311,1322,859,1261,1238,1416,1113,418,657,906,688,1008,403,1797,930,1064,859,1616,1325,700,1497,1262,966,1369,1456,1459,876,597,1139,796,575,688,620,1359,896,945,1381,1015,882,667,708,1265,1116,1318,608,662,664,1281,1152,577,518,1616,863,898,1108,978,600,1179,889,1005,1020,1214,1119,1338,949,1137,271,787,1188,956,1087,1119,1039,1233,1400,634,1386,1512,401,1063,655,1079,620,1315,851,1146,848,1060,1525,1013,324,745,1537,1243,1192,315,989,783,553,978,1367,547,1354,721,1098,1393,1069,659,972,738,870,871,973,389,1304,985,565,701,284,399,1426,688,1083,1128,1019,1852,622,385,1137,1152,1506,1331,1612,1077,1284,1011,1386,1208,677,821,1510,1433,1330,1130,582,863,1498,1162,700,811,1371,973,1173,1025,516,1057,1469,1282,1307,683,849,369,877,1245,1362,1055,1378,593,1140,698,583,782,1217,1131,1425,443,804,815,1840,872,1096,922,705,1371,805,1443,220,701,1314,813,103,1357,322,1328,852,1134,1303,1856,761,1177,881,405,522,1284,0,576,1280,1144,1399,784,902,681,776,265,990,1118,33,690,1332,1079
870,1101,796,476,970,1006,818,484,842,299,823,912,602,893,957,447,694,780,793,626,486,782,492,645,723,703,766,594,1026,302,901,931,708,874,783,954,927,384,214,537,255,499,643,1160,539,845,708,1214,996,397,1005,1031,594,909,1000,1016,722,554,915,453,613,160,213,878,697,576,999,822,704,90,539,778,663,858,484,274,390,855,928,430,236,1214,449,714,568,533,406,583,609,628,820,638,951,893,800,849,702,592,752,492,841,951,846,1101,988,481,945,1008,928,550,201,617,419,883,511,982,697,485,1073,820,759,576,1008,1061,847,918,490,294,204,809,1031,762,899,523,714,1011,653,442,533,230,701,723,469,1054,901,640,785,268,757,507,923,369,659,841,502,977,429,673,850,970,1006,902,1158,653,823,842,945,1074,487,652,1048,978,828,843,554,712,1042,631,510,642,947,469,913,842,237,875,1010,889,866,158,706,980,728,784,941,890,937,251,755,208,613,632,782,844,963,1059,305,318,965,703,908,753,284,930,308,981,822,268,783,319,755,902,682,907,662,847,982,981,937,998,712,384,231,823,705,0,883,712,944,633,450,504,276,698,486,831,711,500,888,650
1177,516,1320,1006,1054,770,425,1172,1293,1062,683,611,1144,252,656,654,754,713,837,471,747,1056,1127,605,918,876,163,760,758,1056,344,652,1053,833,499,464,500,929,890,556,1009,768,1170,1009,751,929,1053,516,735,708,962,763,760,421,732,1408,1023,933,1026,1165,1094,927,964,1152,757,595,334,382,631,843,1560,1052,659,367,1172,713,897,1307,1039,1007,919,516,465,612,929,779,1162,1342,439,839,880,1375,440,252,934,467,1161,532,925,684,1014,440,930,516,323,787,813,1462,1223,818,903,821,737,55,608,1033,589,746,249,904,1298,875,1462,347,750,1470,1176,794,920,869,366,1286,411,914,440,636,634,750,779,908,761,918,730,1334,344,623,1309,1022,1296,1063,1376,1142,513,1014,771,1061,931,1164,1023,838,770,601,457,634,683,902,813,1506,585,491,791,406,1279,1016,933,543,562,819,608,491,90,730,1369,392,918,355,353,1344,825,910,1053,1547,921,484,658,931,805,1011,482,796,1094,637,620,1017,695,1575,867,857,1049,763,481,624,911,798,1135,785,1309,1022,1057,1115,1219,414,1228,564,1056,1020,1033,1065,1647,414,772,929,901,683,1169,938,0,550,454,595,589,567,1224,1157,747,1004,1175,598,1144,607
1180,1000,972,469,940,452,637,642,686,694,269,370,895,490,415,390,612,580,695,576,309,408,591,691,767,331,622,385,151,694,544,389,931,155,230,700,877,756,641,288,618,107,1131,827,315,786,931,752,439,444,780,156,385,655,446,1214,1026,690,483,635,918,674,545,504,615,325,836,772,489,591,1040,404,110,604,643,454,648,651,496,658,671,752,256,631,390,393,634,724,417,370,738,804,873,490,844,295,970,509,382,314,471,873,787,1000,825,528,196,852,1130,118,533,137,591,777,342,490,743,308,617,761,1055,621,852,983,210,1226,647,538,536,728,868,940,645,878,96,454,81,489,393,649,619,767,292,1222,544,176,963,653,1053,986,767,670,68,471,98,947,617,918,480,922,452,360,693,81,269,760,196,1293,442,571,167,724,672,473,690,635,788,202,465,561,789,292,516,797,670,797,554,647,147,437,931,1709,772,231,384,934,188,583,103,536,918,676,67,474,163,1392,660,620,935,621,858,670,660,181,599,169,1071,653,409,580,1026,648,978,349,1009,477,490,951,1160,902,630,756,652,269,976,688,688,0,690,679,171,424,694,966,309,461,982,455,681,83
1361,947,1147,650,708,301,423,816,949,869,498,297,1258,315,366,638,818,778,901,626,729,589,831,776,982,513,570,567,322,867,320,215,1230,398,497,28,886,1052,895,735,791,848,1310,663,615,993,1230,75,277,884,616,327,567,18,295,989,1207,1104,665,807,1087,1104,892,685,821,774,793,781,701,1019,1213,585,671,116,816,889,1034,963,678,1074,917,75,540,708,572,578,1050,884,619,555,944,964,822,315,998,470,1227,716,564,728,653,822,994,947,782,966,378,1115,1309,730,882,626,807,566,785,672,760,728,398,968,1411,945,1115,932,405,1913,820,972,885,933,825,1113,24,1069,526,203,662,927,578,1084,825,982,712,1400,320,584,1136,826,1409,1157,1030,843,489,653,839,715,999,1369,662,873,301,311,160,662,498,966,378,1562,654,670,344,46,935,655,1104,715,215,384,677,670,646,712,698,748,918,746,235,829,390,997,1230,1885,941,498,225,1129,370,928,458,972,1087,808,595,656,259,1638,895,830,703,827,867,877,864,363,779,277,1422,826,590,759,1285,23,1341,131,1248,659,672,719,1336,849,836,1052,912,498,1235,1114,468,749,0,767,641,636,867,1226,729,643,1241,667,798,695
643,931,1172,881,1463,1087,924,953,1123,930,904,1060,965,970,1154,533,380,237,466,444,648,931,1002,56,505,753,900,797,1107,876,984,1079,520,1033,864,1038,753,687,763,546,886,645,1027,1445,747,558,520,1305,1103,486,1160,1112,797,992,1081,1819,491,701,903,1040,1174,691,847,1027,383,585,1117,559,554,783,1176,927,744,943,953,530,770,1074,916,846,792,1305,594,363,805,775,1045,1208,619,835,508,1242,870,970,547,898,924,280,802,625,891,870,559,931,1122,423,1104,1290,1044,695,776,699,487,1018,485,910,40,647,1179,533,1166,297,1290,980,866,1338,1125,735,793,502,1107,1138,982,376,839,1176,701,454,775,630,388,505,635,1202,984,619,1161,943,1164,897,1204,930,804,891,648,1470,679,1020,900,717,1087,1075,1249,701,904,530,1104,761,291,342,1129,1062,1110,893,701,249,1124,780,268,332,1074,635,936,585,791,574,1104,1071,1025,794,520,1411,389,865,1106,402,1096,846,880,653,1174,93,927,894,1044,1343,862,852,1458,389,734,402,583,1089,937,1062,1177,943,932,990,977,985,972,1072,526,897,910,1474,1443,917,399,687,774,904,927,758,983,857,1028,0,536,300,908,920,648,881,933,284,1121,659
959,1149,1057,558,1121,750,763,728,773,705,567,669,800,787,714,200,748,573,808,677,377,589,742,661,738,418,700,472,502,702,845,688,797,506,527,997,980,643,525,129,703,304,832,1101,436,858,797,1048,740,451,814,507,472,951,744,1458,811,577,570,720,1000,548,624,685,751,165,925,873,582,465,906,585,407,901,728,320,532,738,583,669,545,1048,349,768,477,447,820,798,509,521,874,878,1000,787,815,593,812,646,469,291,558,1000,859,1149,914,373,577,939,879,354,538,360,598,819,146,577,713,376,907,833,959,628,939,1111,524,1145,732,412,549,863,957,1023,941,751,345,755,360,496,447,523,755,738,360,995,845,269,1046,738,957,723,854,754,291,558,307,1128,479,823,567,1020,750,659,990,360,567,896,577,1157,544,706,518,1021,759,560,577,728,1083,438,567,696,873,360,603,892,566,925,840,734,498,533,797,1215,743,528,685,905,569,672,346,410,1000,647,414,561,707,1288,535,523,1116,757,961,807,540,562,686,725,1112,738,590,666,865,944,882,650,882,564,577,1132,1247,1046,766,643,540,567,815,562,819,344,987,649,0,561,778,808,377,548,821,557,768,239
765,663,1204,761,1452,1059,601,947,978,972,969,900,997,653,945,410,200,179,286,170,749,810,1189,328,361,633,585,678,1134,916,661,919,659,940,793,715,483,725,800,598,924,522,1059,1405,652,374,659,968,966,609,1356,1139,678,670,1059,1672,619,739,783,1134,1238,729,885,906,203,637,720,365,413,788,1241,806,887,619,947,570,807,936,796,884,829,968,602,224,686,673,1083,1316,481,740,328,1348,511,653,377,761,957,102,682,726,771,511,375,663,739,252,1011,1144,1076,573,813,582,527,616,362,790,267,748,826,349,1202,165,1144,612,1208,1373,1167,803,830,322,736,1170,660,470,702,839,579,283,673,670,208,361,736,1238,661,496,1193,937,1200,932,1059,994,771,771,525,1459,719,1053,780,514,1059,890,909,579,969,350,1011,922,18,152,1080,739,965,773,739,221,803,659,41,142,706,736,816,388,828,426,766,933,932,832,659,1450,350,778,969,450,1003,884,743,693,1238,248,848,774,1071,1378,980,991,1447,209,464,262,620,996,981,1074,1213,937,811,989,1012,663,1005,767,609,777,790,1463,1475,562,219,725,811,969,962,796,581,778,705,165,631,0,952,953,749,761,968,31,975,711
1353,1558,601,234,1067,761,826,243,640,34,578,680,793,798,725,453,1016,987,995,948,548,535,277,853,927,461,1154,336,781,294,856,699,1055,454,538,1007,1473,493,323,518,218,458,717,1047,290,1043,1055,1059,751,624,760,786,336,961,755,850,1199,626,613,248,528,558,322,631,1019,479,1386,1366,1036,626,625,531,418,912,243,551,462,602,626,502,345,1059,639,1037,323,402,478,367,725,382,1142,422,1407,798,1002,604,705,910,512,555,601,1407,1044,1558,1375,703,836,806,732,475,310,371,724,994,702,620,905,547,918,1018,952,792,806,1517,600,1296,247,602,313,1129,1418,567,951,1038,634,766,407,666,402,712,1021,927,531,846,856,396,590,253,950,621,721,270,557,601,461,1074,714,760,610,1335,761,670,1001,407,578,1162,836,1497,825,971,803,1031,626,603,626,920,1093,384,848,961,1325,531,622,1198,346,1331,851,599,446,428,1055,1269,933,539,696,1120,828,360,760,600,528,838,505,604,718,1478,27,34,1062,1023,1454,910,442,821,67,736,968,253,536,78,971,954,762,661,1173,607,620,651,733,1454,1032,493,340,578,921,479,916,497,997,841,456,829,0,693,548,591,927,838,632,440
951,1213,350,692,1057,1217,1113,369,929,493,1034,1258,96,1204,1352,837,811,771,883,743,934,1000,625,740,815,920,1085,790,1237,574,1178,1277,789,919,994,1280,1048,341,578,852,447,951,170,1247,752,933,789,1543,1150,639,1092,1242,790,1234,1211,1101,803,518,1008,556,330,590,542,1096,814,891,1310,941,832,583,483,996,874,1185,369,600,585,944,1021,513,453,1543,794,831,784,864,536,688,808,844,937,766,1064,1204,890,1060,12,709,970,932,890,1064,934,1213,1300,570,1286,1095,178,1006,591,829,557,1126,791,1073,792,933,1369,908,283,678,1095,1176,1065,402,539,722,489,926,1300,313,1224,655,1040,1223,865,596,864,656,818,815,917,319,1178,920,339,375,281,143,1010,362,964,1059,954,1064,558,154,1068,1088,1217,1273,1485,865,1034,959,1286,1149,624,769,1259,1304,916,1061,518,807,1368,849,647,759,1253,917,1006,958,452,990,1344,981,911,688,789,456,821,995,1153,983,1278,529,1082,634,330,726,976,1062,1174,531,522,535,1052,820,1029,870,648,1271,525,1192,306,375,1001,536,239,1227,96,1119,787,1065,1073,1068,590,1110,829,341,458,1034,188,512,1091,1043,1270,728,840,629,493,0,934,1049,194,637,975,1014
947,1026,909,405,973,597,657,578,622,630,413,515,828,637,560,101,621,589,615,551,180,441,527,447,538,268,588,318,618,724,691,534,745,454,373,843,852,521,556,159,553,154,860,953,388,676,745,898,586,210,666,455,318,798,591,1275,799,608,420,570,853,509,653,537,624,124,819,747,464,496,956,437,256,747,578,355,563,584,433,696,576,898,231,640,327,399,851,669,392,473,747,748,876,637,622,439,758,518,319,144,408,876,677,1026,808,289,525,788,1064,204,569,210,308,707,293,427,502,141,760,651,986,381,788,986,377,988,584,443,580,736,851,875,788,632,293,601,210,252,399,450,628,538,125,1158,691,279,898,588,943,751,703,605,239,408,157,980,504,851,417,897,597,505,839,210,413,769,525,1084,417,580,640,867,609,410,608,472,931,291,440,570,772,125,453,772,597,800,693,581,446,604,745,1058,539,374,531,725,517,694,294,441,853,432,362,411,555,1148,595,556,968,630,833,679,571,510,535,573,1003,588,442,516,811,791,809,496,766,414,427,984,1092,923,639,521,571,413,761,593,708,292,833,435,104,430,629,754,0,398,767,430,614,212
1225,1501,742,231,271,725,912,398,234,451,542,644,936,762,689,319,887,868,875,817,415,348,426,733,807,88,1100,138,745,449,820,663,1090,820,502,972,1419,660,481,384,373,558,859,547,298,925,1090,1023,715,489,392,750,138,927,719,716,1071,764,22,390,673,844,480,545,890,345,1326,1312,909,760,767,334,382,876,398,637,619,137,35,659,503,1023,507,907,149,260,635,442,691,240,1013,572,1350,762,882,568,834,785,85,420,34,1350,926,1501,1315,573,800,68,874,439,468,335,634,1105,647,29,785,414,882,900,1094,666,68,1460,556,1516,402,712,471,1002,1358,708,917,920,598,730,371,534,260,826,894,807,398,1000,820,266,731,408,1092,750,315,425,519,10,549,270,828,902,19,1183,725,634,965,371,542,1035,800,1349,701,845,767,996,172,12,764,800,1059,806,724,835,1268,398,33,1058,504,1274,815,84,812,588,1090,1489,813,503,660,975,792,518,726,714,673,718,467,13,682,1698,420,382,270,896,1400,946,499,785,361,700,1105,408,365,342,967,920,910,625,1051,16,29,261,875,1397,905,660,498,542,917,636,964,459,962,721,322,705,451,822,415,0,923,714,242,404
1023,1288,583,974,1852,1475,1248,733,1354,808,1291,1327,324,1339,1433,906,870,830,953,800,997,1320,992,803,878,1141,1204,981,1495,643,1312,1346,856,1319,1251,1418,1124,412,649,919,811,1023,408,1839,957,1045,856,1678,1370,704,1549,1500,981,1374,1469,1564,870,589,1147,920,588,661,613,1416,873,931,1381,1017,892,648,848,1316,1131,1321,733,666,656,1292,1160,584,524,1678,859,890,1061,979,607,1112,869,1044,996,1148,1139,1339,953,1166,276,768,1191,994,1094,1139,1046,1288,1400,639,1390,1523,408,1078,662,1086,626,1323,858,1154,855,996,1533,1020,283,746,1523,1251,1255,273,996,787,560,985,1375,549,1364,728,1109,1443,1084,665,979,727,877,878,980,347,1312,992,572,708,242,406,1437,695,1087,1135,1026,1859,629,392,1144,1160,1475,1345,1620,1084,1291,1018,1390,1210,684,828,1517,1442,1341,1137,589,870,1509,1169,707,818,1379,980,1180,1040,523,1065,1477,1289,1311,690,853,327,884,1252,1373,1061,1382,600,1151,705,588,789,1148,1138,1432,402,809,820,1847,879,1105,929,712,1375,810,1450,178,708,1321,818,110,1367,329,1339,859,1141,1154,1358,728,1185,888,412,529,1291,59,583,1288,1148,1408,791,909,688,781,272,997,1125,0,697,1339,1086
776,682,1000,748,1325,895,651,789,964,758,805,735,780,706,780,393,220,78,306,266,508,793,938,343,381,620,614,665,971,700,714,754,679,766,623,767,506,497,567,406,714,505,847,1188,642,394,679,1023,859,298,1141,976,665,722,895,1656,634,498,770,907,998,485,675,889,223,445,739,389,255,550,904,789,612,671,789,325,574,923,783,667,587,1023,427,79,673,656,873,1037,307,730,348,1080,530,706,397,591,735,122,669,485,758,530,395,682,758,235,837,1130,859,556,580,565,284,645,345,777,250,507,855,369,963,148,1130,636,992,951,946,607,591,342,755,966,712,481,529,874,562,266,656,426,228,381,495,1041,714,479,989,765,920,702,1045,752,602,758,508,1332,480,838,767,539,895,725,965,562,805,370,837,942,36,172,916,791,951,760,498,204,855,642,26,162,729,495,803,412,608,450,815,919,758,622,679,1021,361,608,804,562,829,670,571,449,998,259,674,761,908,1102,760,771,1320,229,487,46,379,822,761,910,855,765,794,857,788,715,786,769,620,764,777,1336,1269,581,239,497,582,805,738,552,611,604,757,327,396,20,732,731,508,748,744,0,961,519
948,1234,807,308,37,742,987,476,135,528,768,870,862,988,628,552,829,789,908,763,647,250,503,765,840,313,995,367,320,528,1058,889,786,327,728,1197,1070,583,643,614,451,561,931,447,527,1004,786,931,941,715,292,328,367,1151,945,76,800,583,205,467,750,571,560,447,832,578,1222,962,853,636,844,236,608,1102,476,626,700,147,218,740,673,931,724,849,226,489,716,633,904,466,955,575,1085,988,915,794,817,727,316,651,294,1085,1005,1234,1211,597,1026,301,939,665,548,561,584,1180,795,274,817,646,1124,979,1059,882,301,1197,454,1159,482,699,551,944,1254,773,1141,819,815,956,597,757,489,510,836,840,630,1065,1058,495,796,486,1057,822,216,503,745,255,775,36,585,986,264,1119,742,860,1200,597,768,977,1026,1145,645,787,322,862,121,257,583,832,731,307,668,777,1164,630,202,979,672,1011,1055,180,319,607,786,1229,846,729,886,1007,1018,598,940,533,750,751,693,258,908,1301,497,459,36,838,1051,888,546,1011,438,757,1117,486,266,419,870,1144,868,852,950,234,274,27,955,1131,847,583,654,768,820,638,1076,685,1187,753,555,647,528,813,647,245,826,658,0,630
1042,1020,844,346,892,500,682,514,547,566,317,418,853,538,463,326,626,595,709,587,241,360,541,555,650,203,633,253,228,530,591,437,914,232,278,743,890,705,587,129,489,29,985,870,250,801,914,800,486,312,586,233,253,698,494,1175,899,639,355,505,788,610,479,456,629,94,852,783,500,527,882,356,161,647,514,390,552,510,368,592,607,800,267,646,264,278,568,619,427,338,752,685,885,538,727,120,927,524,254,246,342,885,802,1020,841,396,261,715,989,65,467,84,459,822,279,362,608,240,665,776,1013,491,715,995,287,1615,520,474,470,741,884,810,688,743,104,501,28,357,278,585,633,650,224,1099,591,111,833,524,1011,859,630,541,76,343,20,899,552,1040,352,933,500,408,741,28,317,774,261,1169,454,586,244,767,534,345,639,579,831,211,477,576,802,224,388,805,628,809,602,507,224,373,914,1588,651,279,431,813,253,517,111,472,788,542,92,346,240,1346,377,497,887,635,871,685,602,246,476,246,1029,509,361,457,970,691,936,396,879,349,362,903,932,920,644,665,602,354,919,618,768,109,733,541,119,461,566,918,266,340,925,587,550,0
