0,1663,1429,1938,1580,1875,1687,1819,2006,1703,1042,1662,2303,1890,2397,1740,2128,1934,2269,2570,2033,1902,2098,1646,1818,2445,1851,2294,1698,2001,2213,2091,2406,1432,1935,2462,1139,2404,1188,2159,1599,1195,2301,1600,1747,1322,1168,1732,950,1434,1594,1310,1451,1421,1411,2392,2133,1977,2017,1674,1858,2229,2462,1524,2576,1988,2439,1843,1903,2415,2182,2204,2550,1431,1608,2307,2449,1841,2109,1344,3039,2577,2283,1572,1406,1196,1835,2253,1136,2152,1206,1751,1571,2540,3005,1717,2531,2258,1764,1871,2222,1931,1674,3082,2107,2079,2300,1903,1855,1749,2236,1921,1330,2386,1883,3041,2330,2158,1255,2859,2392,1865,2724,2144,1177,1451,1851,1922,2254,1920,2195,1996,1329,2711,1149,1560,1166,2687,1188,1163,1862,3043,2089,1857,985,1301,2038,1874,1669,2020,2099,2535,1914,1906,2532,1880,1454,2248,1457,1116,1741,1517,1211,2361,1864,2758,1836,1324,1596,2099,1821,2027,1856,2334,2165,1565,1802,1482,2318,2314,2308,1514,1834,2874,1447,1962,1845,2349,1455,1930,1839,2142,2824,2206,2192,1416,2332,1546,2368,1250,1973,2400,1918,1516,1731,1126,1632,1496,2030,1978,2389,1542,1408,2423,1544,1531,1850,1971,1518,1624,1472,2230,2444,2080,2502,731,2572,2578,2209,1039,2152,2402,1978,1420,2621,2253,1923,1923,1531,2393,2241,1339,1894,1650,2520,1861,1828,1995,2714,1824
2008,0,1726,1255,1665,825,1328,882,1921,598,1064,1095,1926,672,1359,1729,1185,1646,1793,1179,985,997,578,2107,640,2213,770,988,104,1114,1665,1390,984,1786,1647,1155,1824,968,1290,1686,1842,1303,1769,1347,1636,1620,2196,1780,1631,1710,1658,1150,1711,2116,1742,992,1198,1008,1114,1166,810,1840,1157,1015,1198,1544,1203,532,691,1586,616,1419,979,2156,2038,2066,2149,1074,1171,1048,1094,1434,1596,666,1432,2060,1550,1689,2024,1529,2092,517,737,940,1602,1072,2125,1622,336,791,821,835,1355,975,679,718,1586,744,723,1734,702,1010,1434,2054,1472,2028,919,1704,1122,996,992,666,1700,1627,1279,1711,850,1172,1734,762,802,1069,2162,1779,1064,1800,1416,1766,1053,970,1190,1096,1262,672,2325,2339,1227,1584,1966,1545,567,1633,2065,1633,924,488,1327,1678,1674,2133,1566,945,1874,2037,1009,1688,1666,2158,1623,241,480,928,790,1757,1620,852,1589,2061,829,1662,2089,892,803,2137,1733,1923,1109,990,1744,1663,869,1603,1148,992,1411,1407,2054,555,1760,2203,1429,984,1277,1070,1889,2043,2287,862,1135,994,994,817,1305,1092,770,1157,683,1715,1031,1509,2107,1689,1101,1333,1427,2061,1393,1603,704,2313,1265,970,1644,1724,1655,1821,855,766,885,2294,647,1289,780,1668,2023,723,956,1180,1565,1031
1726,1664,0,1809,1015,1900,1586,934,647,1302,1094,1561,1335,1845,1040,19,1541,1107,1308,1551,1823,1255,1165,1240,2327,1439,1862,1139,1777,1430,1335,1058,1416,281,1109,1024,1654,1303,1638,1234,1025,557,1219,1112,122,1210,1074,95,996,79,1179,1439,111,1069,57,1239,2020,1338,1328,1144,1705,1318,1025,1864,2020,1335,1103,1519,1853,1255,1317,1224,1567,1377,1467,1600,1472,1911,1521,1133,1777,980,1477,1778,1693,1337,250,1099,1201,1289,1165,1124,1899,1825,1446,1564,1755,1003,1684,2190,2011,1304,1613,1883,1098,1137,1106,2094,1800,344,1185,1370,1405,1668,301,1767,2067,1154,1093,939,1239,1904,1279,1355,1078,111,1677,1910,1301,1566,1068,1287,1468,1574,1324,1303,1472,1283,1343,1140,1721,1472,1556,1677,1840,1405,1256,1102,692,1215,1161,1155,1326,1122,1489,1594,1224,1322,104,978,1096,1788,821,1384,1880,1569,1339,1487,1209,1537,1826,1284,2117,1449,1352,2014,208,1136,1189,1363,1614,1623,1640,1678,333,603,1892,1395,354,1108,1643,1070,912,888,1117,1526,1324,1608,1110,1155,1266,1305,972,1973,214,1229,1523,1699,1017,1432,1243,1768,1586,1260,1896,1438,938,1122,1939,944,1373,1332,1229,1101,1466,1665,936,1070,2359,1515,2168,1302,1332,278,1374,1559,1219,1628,1759,1744,2018,1382,1943,463,1764,1827,1844,1504,1442,1921
1604,1039,1498,0,1381,2404,1687,1352,1712,1456,1908,553,1126,2340,1159,1805,1958,1441,1098,1354,1332,1689,1235,766,1377,1254,2360,1404,1252,1489,1338,1964,1814,1475,1442,1278,1978,1798,899,1521,1334,1578,1265,1756,1791,1515,1296,1792,1099,1802,1559,1211,1486,1260,1808,1489,1776,1777,1857,1976,2173,1334,1276,1694,1776,1549,1406,1021,2114,982,1467,1767,1300,1162,857,1554,1479,1717,1939,1583,1345,2035,1897,2186,1733,1150,1782,1362,1443,1580,1103,1510,2056,1624,1676,390,1685,1477,1368,2065,1180,1336,1667,1312,1557,1531,1382,2058,913,1496,1295,1351,1134,1469,1486,1641,1224,1093,961,2443,1798,1430,1388,1109,912,1794,2231,1752,1081,1590,1319,1515,981,1284,1889,1204,2194,1325,831,1383,2221,1632,1935,1526,2082,916,1255,1420,1717,1269,1265,1205,1555,1449,1354,1266,1140,1386,1493,1510,1394,1836,1428,1170,1936,1912,1812,713,1519,1107,1405,1500,1105,1299,1384,2097,1474,1063,1643,1509,1574,2073,933,1444,1807,1699,1653,1375,1807,1462,2192,1167,2386,1358,1753,1112,1551,1081,1552,1213,934,1800,1684,1712,1792,1413,700,2151,1053,1488,1797,2223,1714,1845,2360,1123,1370,1635,1677,1565,1122,1344,1872,1949,1607,2161,1322,1155,1150,2503,1782,1796,1534,1766,1367,1317,1640,1591,2218,1774,1422,1695,2025,1780,1649,2409,1848,1804,2239,1797
1308,1470,1226,1299,0,1244,482,1155,1500,1885,1084,674,1049,1181,1870,1013,1526,1342,1225,1313,1228,1232,1864,482,1711,1192,1200,1023,1421,1121,1158,1255,1128,993,1343,1552,1995,1117,867,1242,454,1466,1379,865,1003,55,638,1210,957,1010,168,879,1214,559,1012,1346,1153,1100,1406,1109,1075,1339,1550,701,1153,1461,1629,1480,1009,1680,1882,1399,1547,546,478,1660,1431,741,1245,961,1539,1314,1522,1033,528,487,1212,1185,417,1020,476,1794,983,1558,1435,1216,1576,1460,1633,991,1865,1185,462,1554,1952,1912,1283,991,1277,1226,922,988,945,1139,1230,1547,1820,1136,1409,1644,1346,1700,1152,1134,1152,1214,1126,926,998,1162,929,1140,602,1190,1039,188,1091,1099,799,898,1160,1279,1493,1953,1720,632,1857,1208,1246,1612,1825,1668,1661,1330,1288,1099,1211,1174,1013,531,1064,766,1105,1104,863,1534,1159,607,30,1548,1884,1138,1875,1501,1171,1239,998,444,996,1359,1679,1081,1145,1126,1015,1480,684,1226,1015,1362,1087,967,1931,964,1384,992,1656,1472,1452,588,1666,1118,942,736,1002,427,735,1096,1613,1345,1113,1126,509,1153,1200,1398,980,1535,688,298,492,1185,1176,1501,1491,1444,1271,1156,1770,1710,1406,1116,1447,1184,1166,1208,995,1164,1113,1756,1681,968,1025,987,1552,1252,779,1356,1478,854
1553,530,1489,2319,1190,0,830,1371,1597,938,925,1713,1688,32,1731,1492,1660,1077,1618,1254,1449,1487,941,1555,1069,914,183,1467,533,1584,1183,1814,1563,1404,1078,1596,1356,1546,1101,1647,1362,1060,1181,888,1484,1135,1748,1390,1312,1473,1180,2002,1473,1664,1507,1455,1598,1480,1561,1042,255,1192,1598,551,1598,1193,1611,540,417,1404,1104,1953,1245,1672,1574,1489,1122,635,1640,2135,1179,1774,1026,388,928,1611,1385,1210,1565,1045,1601,886,463,1214,1185,941,1189,1776,850,517,1238,1320,855,1244,959,1002,1018,599,352,1456,1214,1536,893,1792,1938,1178,1195,2068,1783,1149,1455,1070,1666,1655,1113,1473,285,598,1713,1204,1283,1525,1698,1735,925,1334,864,1738,1914,2033,514,1182,1619,1163,2232,1832,1602,1013,1650,1690,908,1395,1490,1065,993,988,895,1199,1302,1670,1108,475,1566,1806,542,1038,1184,1678,1139,769,1076,1405,1218,1188,1623,578,1298,1572,1311,1094,1508,326,345,1882,1455,1621,669,1460,1466,1097,303,1733,1104,1477,1945,845,1485,420,1187,1711,1397,1444,965,630,1472,1575,1836,373,1576,1457,1457,262,808,1543,183,766,1198,1270,594,993,1621,1210,1575,1763,1777,1615,1430,1607,1135,1838,1677,1548,1180,1413,1722,1689,1337,1208,334,1812,1051,606,506,1400,976,232,488,1651,1186,563
1397,1073,1299,1701,349,846,0,1761,1336,1500,1387,964,918,784,1742,1302,1091,1217,1562,1431,1622,1871,1450,769,1324,1062,801,1852,1025,949,1035,1309,1156,1214,1218,1445,1053,946,1158,1510,521,881,1215,748,1294,293,920,1209,1282,1283,336,1143,1283,819,1315,943,1184,928,1199,990,689,1182,1443,461,1184,1336,1511,1072,615,1550,1495,1482,1159,821,740,1505,1060,503,1296,1262,1376,1143,1352,642,46,770,1200,1062,729,897,765,1403,596,1400,1529,1469,1165,1039,1238,601,1482,1716,25,1404,1568,1605,1159,598,880,1266,1600,1922,911,1214,1311,1382,1434,1643,1707,1474,1139,1316,1190,1510,1459,1283,739,536,1876,1597,1670,1170,864,1679,1346,493,882,935,1090,1197,752,1382,1064,1550,2139,917,1725,1085,1342,1506,1449,1539,1506,1206,1394,1376,930,1051,1119,839,962,381,1396,1178,476,1364,1036,882,297,1135,1466,1167,1481,1134,1486,845,1110,727,1697,1235,1524,611,730,1202,1265,1093,443,1873,1276,1237,700,1592,1429,1861,1464,863,1501,1067,1327,871,1541,947,823,498,1289,735,1002,685,1413,942,942,740,27,982,801,828,1583,1410,451,200,780,1062,1005,1071,1063,1820,1279,1466,1385,1760,1197,1140,1322,1223,1585,1906,1723,1601,771,1661,1297,398,635,1216,1148,855,395,951,1580,470
2196,854,1091,1633,957,1428,2154,0,1297,513,1299,1470,2258,1453,2103,1123,915,2175,2237,1036,1143,529,359,1408,1206,1125,1563,390,971,773,2406,890,561,1168,2176,1893,1787,545,1652,1693,1158,1654,2204,2096,1091,1131,1312,1140,1726,1075,912,1498,1158,1301,1109,568,1333,651,579,1934,1621,2256,1891,1915,1333,2289,1481,1019,1496,2308,447,1138,1280,1381,1153,1002,971,1976,764,1299,1152,877,1342,1458,2249,1105,906,2134,1027,2268,1400,266,1542,995,1734,1382,930,1682,811,1596,1108,606,2179,1268,278,315,2116,1517,1330,1097,238,703,1886,2377,836,943,1447,2029,1377,1488,568,1234,1710,1701,1558,1158,1656,1971,2198,924,171,544,1394,2256,1570,1244,1870,1782,1353,1500,1602,1152,707,503,2004,1113,1995,2121,1351,1948,322,2072,1210,2106,1174,934,1724,2421,1037,1235,2305,1830,1868,2377,1900,1431,2407,1418,1130,708,932,596,1225,2366,1866,1657,945,1119,478,2165,1227,1697,1289,2466,1096,1349,2010,687,1107,2194,1675,1816,1494,83,1049,1863,991,786,2512,1362,2160,560,2088,1971,1257,1053,1442,1347,1867,570,570,1628,2132,525,1404,1584,152,2469,1937,2314,1358,2431,489,839,806,1821,1342,1870,1186,2410,1404,580,2400,1103,1890,2223,509,928,1705,1350,1215,1735,1585,1410,940,1335,1842,840,1309,1919
1661,1741,537,2068,1242,1884,1107,1059,0,1405,1354,1521,1677,1831,1129,518,986,1478,1650,1573,1983,1370,1265,1468,2499,1473,1861,1260,1854,1134,1247,859,1189,694,1481,1318,2311,1172,1601,1256,1510,1116,1642,1323,559,1227,1589,529,1169,627,1201,1740,548,1582,597,1197,1274,1461,1208,1338,1745,1484,1319,1252,1274,1207,1157,1490,1817,1123,1430,977,1934,1668,1745,1477,1829,1272,1037,1392,1800,767,1292,1841,1331,1347,657,1232,1238,1469,1405,1210,909,1532,1355,1769,1764,1163,1734,1098,2036,1415,1115,1591,1230,1267,1230,940,1785,682,1329,1529,1433,1714,754,1785,2174,1462,1165,1439,1197,2152,1045,1175,1616,548,1675,988,1363,1734,1190,1171,1746,1368,1356,1581,1459,1065,1587,1684,1702,1489,997,1763,1702,1685,1341,1489,443,1076,1246,1232,1785,1249,1508,1755,1602,1228,572,1477,1257,990,937,1729,1182,1382,1510,1766,1226,1607,1854,1267,2151,1331,1407,1094,569,1373,1304,1253,1800,1617,1629,1729,681,229,1052,1503,692,1481,1636,1111,1446,1012,887,1450,1473,1721,1473,1391,1143,1189,1392,1051,749,1524,1490,1687,1311,1199,1199,1730,1098,1151,1860,1330,1060,1486,1256,1164,1661,1499,1117,878,893,1587,1132,1114,2479,1694,1393,1174,1457,703,1433,1350,1330,1738,1721,1929,2136,1346,907,878,1781,1791,1205,1188,1210,1019
2057,564,1430,1206,2295,1129,1972,646,1660,0,1396,1064,2100,1167,1693,1433,1101,1992,2086,1036,990,925,274,1013,735,922,1184,760,682,1025,2162,1262,886,1537,1993,1477,1974,988,1465,1745,2463,1481,2073,1833,1447,2244,931,1495,1807,1414,2289,1086,1511,1114,1446,895,1144,920,941,1652,1429,2119,1479,1720,1144,1904,1242,710,1202,1892,492,1382,1268,1193,999,2370,1153,1790,1084,1391,959,1239,1525,1170,2068,1147,1266,1940,2652,2023,1212,209,1248,997,1513,1241,1142,1545,514,1302,808,811,1997,1043,286,353,1932,1234,1033,1438,481,969,1596,2218,1197,1149,1055,1872,1212,1674,895,934,1683,1543,1386,1511,1465,1702,2044,693,557,903,1000,2101,1157,2432,1567,1755,1447,1090,1278,960,1074,541,2320,1157,1564,1927,1713,1878,235,1921,2370,1946,977,478,1416,1946,1380,2740,2051,1636,2063,2216,1706,1615,2162,1232,2248,418,628,844,925,2145,1705,1363,1306,964,744,2005,2391,1195,985,2302,1438,1716,1824,947,1449,2011,1484,1662,1680,748,1374,1560,2359,474,2129,1175,1751,888,1819,1785,1602,2661,1256,1043,1539,897,897,1436,1950,884,1112,1277,608,2086,1750,2133,969,2186,850,1211,1169,1722,1315,1714,715,1911,1209,990,2017,1476,1804,2116,770,697,1297,1006,915,1408,1291,1793,950,1043,1649,1092,1493,1726
881,1284,1321,1901,1499,1117,1830,1569,1635,1156,0,1418,1616,1127,1585,1099,1626,1497,1582,2274,1453,1379,1440,1542,1223,2125,2092,1378,1092,1793,1127,1933,1483,1083,1241,1381,891,1784,1199,1531,1454,1222,1437,908,1097,1658,1138,1316,998,1094,1702,974,1101,1186,1082,1775,1575,1460,1829,1187,1819,1381,1380,1903,1902,1301,1681,1139,935,1331,1240,1735,2241,1148,1455,1430,1757,1931,1606,280,2219,1998,2222,1130,1876,1198,1379,1406,1105,1078,1121,1460,1116,2243,1905,1216,1861,1671,1178,2222,1254,1664,1810,2247,1472,1441,1457,1110,914,1335,1573,1375,1109,1703,1418,1842,1338,1797,429,2351,1470,1539,1642,1788,114,1330,1749,924,1891,1362,1553,1800,1786,1877,51,1463,1255,1601,1131,627,1776,2224,1921,1565,1434,1699,1661,1417,1643,1363,1205,1712,1188,1206,2237,1314,1363,1402,1340,887,1029,1992,1167,2021,2092,2230,1365,1568,1529,1387,1233,1508,1502,1222,1819,1109,1355,1385,1377,1215,1184,1691,1094,1694,1104,1600,1873,1693,1109,1235,1710,1492,2305,1578,2078,1156,1457,1188,1532,1253,1297,1475,1899,1926,1315,961,1469,1928,1658,1773,1467,1804,1857,1815,1101,1449,1329,1543,1892,1708,1411,1380,1524,1588,1580,1367,1525,1483,1236,1177,1921,1782,1290,1291,1820,1566,1665,1365,1795,1252,1265,1418,922,1039,2228,1105,2004,1790,2172,2033
1376,906,1293,652,833,1810,1141,1217,1837,1285,1404,0,1159,1747,1123,1291,1826,1239,1362,1410,1245,1275,1097,187,1032,1298,1767,1544,1102,1657,1084,1509,1669,1271,1240,1024,1499,1655,411,1217,785,1084,1014,1180,1281,966,763,1546,1521,1287,1011,743,1283,721,1290,1369,1384,1353,1418,1407,1617,1078,1022,1086,1671,1286,1103,2023,1573,953,1321,1995,1649,611,295,1312,1279,1123,1494,1114,1386,1568,2148,1598,1187,595,1283,1106,887,1356,541,1345,1515,1683,1973,768,1724,1418,1223,1522,1071,1481,1121,1661,1147,1123,1180,1518,1843,1293,1418,1493,1496,1251,1297,1397,1129,1314,1691,2297,1653,1305,1624,1323,1476,1550,1677,1145,1110,1207,1434,1394,350,1322,1364,652,1652,1287,343,900,1685,1681,1797,1147,2224,347,1218,1162,1526,1222,1357,997,1313,1247,1398,1155,1649,1128,1292,962,1202,1297,1140,1461,1222,2163,1498,187,970,984,1271,1388,1011,1050,1130,1476,1543,509,1503,1306,1331,1543,1675,1491,1562,1504,1063,1525,1562,1259,1638,1376,2242,1478,1977,1556,1308,920,1349,649,1095,1371,1087,1118,1546,858,87,1624,1229,1368,1651,1668,1168,1699,1768,1548,1496,1432,1072,1019,557,1091,1727,1807,1798,1551,1522,1362,1043,2211,1682,1653,1270,1519,1120,1348,1502,1208,1664,1527,1295,1113,1404,1263,1694,1818,1310,1375,1734,1227
2782,2163,1612,1360,1267,2401,1109,2311,1389,2315,1952,1400,0,2295,919,1323,1794,1032,166,531,1575,2212,2326,1365,1968,484,2404,2195,1909,2032,1454,922,2076,1582,1031,794,2296,2059,1395,1146,1038,1627,1317,1798,1578,1243,1469,1591,1410,1325,1021,1363,1577,1456,1348,2084,1616,2205,2188,1896,2274,1364,792,2141,1616,725,1128,2478,2335,768,2116,1226,573,1236,1380,1601,398,2100,1850,1891,722,963,1132,2299,1096,1457,1240,1278,1212,1626,1488,2255,2257,614,1451,1308,668,1219,1844,2259,1803,1729,931,675,2465,2362,1297,2171,2376,1593,2050,2131,1478,262,1471,535,1436,573,1857,1506,2084,1905,1234,581,1956,1306,2492,1991,306,1801,2221,2152,1384,287,1616,1325,1155,1311,1383,1440,2482,616,1893,2011,3174,1137,846,1265,1388,857,2284,513,1602,1031,548,1779,1367,1288,1580,1225,1519,2103,1705,303,2098,1152,1435,1404,1029,1895,1976,2076,1557,1199,789,2335,1261,1193,1950,1009,1620,2287,2513,346,1320,1401,2040,1946,1313,1040,2293,843,1451,2266,1006,1393,1597,2491,854,1183,793,2076,1823,2095,1592,1231,1159,2400,853,2086,2086,2323,1094,2170,2402,1291,2422,811,2060,1189,1202,1324,2092,916,1103,2883,1007,756,1993,2618,1738,2061,742,1307,740,224,1914,1805,2318,1799,1632,1191,2263,1361,538,2453,2098,2075,1100,2085
1565,535,1461,2293,1166,32,802,1378,1568,943,933,1689,1658,0,1568,1320,1667,1049,1588,1024,1456,1494,945,1531,1076,1942,155,1474,538,1606,1154,1821,1467,1376,1050,1548,1360,1450,912,1612,1338,1032,1154,860,1456,1111,1724,1362,1237,1445,1156,1978,1445,1640,1479,1475,1607,1494,1579,1031,227,1335,1546,523,1607,1165,1618,546,405,1376,1109,1960,1227,1648,1550,1460,1104,607,1647,1099,1162,1783,1028,376,900,1587,1354,1181,1541,1016,1577,889,451,1197,974,1126,971,1736,855,505,1245,1326,827,1226,962,1005,990,587,229,1428,1220,1543,866,1762,1464,961,1202,1754,1755,1391,1475,1077,1638,1620,1123,1445,257,570,1682,1210,1290,1543,1674,1705,934,1310,837,1710,1893,2009,486,1165,1626,1169,1863,1808,1609,985,1621,1662,911,1364,1461,1037,1182,994,884,1170,1272,1646,1079,447,1356,1776,514,1257,1155,1652,1115,774,1081,1412,1225,1160,1590,566,1268,1548,1318,1066,1479,298,352,1849,1427,1593,641,1466,1438,1069,275,1698,1106,1485,1952,818,1456,426,1159,1685,1366,1467,937,602,1443,1549,1809,378,1578,1477,1477,234,780,1561,155,773,1206,1241,566,965,1595,1181,1582,1768,1784,1967,1396,1573,1133,1853,1677,1452,1152,1385,1694,1659,1344,1214,306,1786,1049,578,478,1371,1163,204,461,1673,1189,536
1985,1850,1256,959,1980,1908,1627,2268,1364,2015,1313,930,769,1844,0,1029,1827,497,684,1145,1529,2166,2028,1489,1641,1080,1864,2149,1575,1933,770,2000,1977,1226,496,522,1647,1960,1389,1097,2149,1242,823,1150,1223,1927,1131,1023,1083,1245,1972,1318,1223,1118,1052,1985,1700,2159,2089,1203,1633,826,524,1492,1700,217,824,2160,1658,215,1942,1649,1188,966,1496,1115,1011,1458,1882,1269,1306,1799,1235,1693,1726,1127,1152,584,1110,970,1168,1986,1600,1235,1546,947,1183,1418,1515,1617,1481,1683,1652,1295,2145,2071,603,1537,1938,1239,1849,2085,2258,865,1131,1127,1206,796,1475,1147,1985,1652,1441,714,1587,1013,1692,1342,638,1581,2018,2053,1538,694,1312,2115,2242,1441,1373,1394,1835,1339,1926,1810,2301,1610,382,571,1364,499,1984,392,1116,650,1261,1549,2317,594,1227,930,921,1456,1310,1002,1448,1257,753,1109,1931,1566,1659,1977,1213,824,856,1679,971,1118,1904,679,1132,1647,1922,944,1027,1372,1393,1898,1233,682,1653,976,1328,2224,1642,2240,1113,2178,438,920,92,1977,1307,1453,1236,1136,922,1871,502,1987,1987,1683,1605,2071,1864,2185,2380,395,1407,1791,934,630,2104,2022,2038,2062,1137,823,1670,2767,1785,1962,330,1010,782,693,1869,1585,1679,1374,1402,1764,1607,1060,1122,1913,1451,1976,983,1438
1440,1766,19,1494,1223,1995,1678,1081,656,1426,1328,1559,1598,1941,1243,0,1202,1097,1295,1857,2004,1391,1286,1238,2520,1722,1967,1282,1877,1601,1324,1089,1388,230,1327,1222,1659,1444,1639,1009,1023,666,1462,913,257,999,1074,48,1018,38,974,1193,246,1291,73,1395,2190,1489,1453,1134,1849,1307,1013,1983,2190,1322,2342,1612,1922,1241,1452,1211,1878,1376,1213,1590,1460,2044,1656,1374,1762,998,1511,1947,1777,1107,399,1315,1201,1059,1164,1232,1968,1809,1183,1883,1739,1195,1755,2124,2059,1438,1703,1547,1252,1289,1324,2024,1893,293,1351,1552,1338,1653,365,1751,2199,1141,1100,927,1395,2175,1045,1109,1309,246,1781,1797,1557,1757,1212,1412,1213,1291,1331,1301,1579,1049,1343,1142,1808,1762,1602,1785,1856,1403,1241,1319,711,994,1267,1143,1318,1344,1476,1778,1178,1085,114,1182,1314,1898,847,1657,1810,1601,1328,1229,998,1632,1877,1421,2173,1438,1336,2083,260,1370,1327,1119,1328,1723,1736,1663,292,610,1965,1526,303,1326,1742,1277,1664,1034,1121,1483,1316,1742,1328,1154,1037,1444,1165,2039,229,1229,1521,1794,1005,1398,1399,1836,1656,1394,1964,1400,1082,1111,2005,941,1372,1321,1363,1108,1124,1391,1114,1277,2500,1528,2295,1441,1092,235,1359,1544,1353,1761,1827,1436,2159,1450,2011,420,1447,1895,1910,1669,1449,1987
2570,1405,1496,1622,1263,1969,1317,804,789,1151,1963,1512,1762,1994,1659,1499,0,1664,1753,998,1089,498,1013,1462,1581,1113,2105,475,1518,199,1181,284,246,1606,1665,1413,2548,229,2027,1326,1264,1136,1066,1158,1513,1242,1692,1561,1191,1480,1472,1558,1577,1392,1514,254,679,414,437,925,2153,1147,1411,951,679,1806,1164,1699,2046,1857,1057,406,1042,1758,1453,1452,974,965,85,1963,1103,182,566,2002,1081,1712,1332,1136,1346,1176,1470,973,2092,957,822,1637,1962,748,1170,2146,1300,761,1334,1241,974,1011,916,2055,1867,1504,748,729,1324,1879,1262,1902,1427,1519,1770,721,254,1483,1071,1204,1953,1577,2191,2474,1709,1168,932,322,1756,1754,1965,1613,1270,1286,1663,1566,2274,910,129,878,2278,1710,1562,937,844,1475,986,1590,1451,936,929,1164,1202,1135,1446,1343,1259,914,1360,909,2422,656,1183,1780,1499,1249,1107,322,1531,1229,1370,2151,1371,1429,761,1129,1217,2233,1961,1972,1503,1001,963,723,1514,1683,2210,1317,729,758,372,1036,1432,1465,1774,1734,1717,246,1023,969,1669,1372,1801,1889,1381,256,256,2160,1077,382,1941,945,914,1890,1157,1416,1733,963,346,235,205,2552,938,1379,1561,2269,754,231,1822,1544,1390,1767,677,1172,2241,1310,1524,916,2079,1908,1897,1872,1114,245,532,944
2336,1998,1337,1459,1845,1765,1493,2418,1224,2162,1239,1352,826,1702,428,1325,1775,0,736,1201,1694,2331,2173,1180,1797,1135,1722,2314,1731,1887,636,910,1931,1305,0,678,1533,1914,1245,1264,2014,1059,511,1019,1081,1791,1745,1315,1289,1098,1836,1193,1306,1661,1348,1939,1631,2323,2043,1072,1488,506,680,1365,1631,176,980,2121,1524,373,2089,1254,1244,1552,1185,690,1067,1321,1831,1187,1355,965,1168,1554,1590,1532,1030,254,2209,841,1481,2128,1466,1290,1492,1463,1251,1416,1665,1480,1637,1847,1518,1348,2293,2209,55,1405,1797,1322,2004,2245,1761,922,1230,1195,1364,882,1410,1294,1939,1809,1368,805,1501,1306,1544,1210,694,1746,2175,2007,1228,750,1238,1980,1732,1443,1018,1062,1687,1418,1874,1966,2279,1292,538,241,1224,655,2131,420,691,125,1224,1708,1810,264,1086,2300,801,1328,1309,1057,1318,1432,620,1383,1795,1719,1813,1931,1381,408,930,1544,1044,1441,2064,97,707,1499,1776,1001,1095,1482,1256,2064,1316,8,1505,1067,1246,2375,1025,1725,688,2016,155,1592,404,1931,1161,1316,1090,2222,1283,1726,658,1941,1941,1538,1471,2025,1722,1704,2531,237,1270,1655,1502,300,2073,1969,1985,2451,1084,906,1826,2269,1756,1916,160,1075,860,745,2033,1750,1531,948,1560,1263,1472,1118,1190,1772,1323,1930,1128,1310
2740,2181,1579,1327,1015,2420,2269,2327,1366,2332,1910,1128,307,2310,946,1565,1816,1063,0,563,1596,2230,2341,1326,2033,502,2419,2213,1926,2053,1479,1098,2095,1283,1062,818,1869,2078,1646,1165,1212,1590,1343,1820,1279,995,1182,1290,1662,1567,987,1606,1279,1171,1320,2103,1638,2223,2207,1928,2292,1390,816,2166,1638,752,1151,2498,2353,790,2130,1215,609,1453,1341,1623,434,2126,1872,1849,783,1149,1125,2314,2364,1416,1466,1303,1422,1651,1198,2270,2276,658,1472,1057,783,1241,1864,2277,1822,1750,2294,709,2479,2382,1322,2190,2394,1560,2065,2149,1189,367,1439,650,1456,600,1503,1499,2103,1923,1256,608,1584,1279,2509,2010,104,1847,2236,2171,1113,159,1909,1284,1121,1332,1351,1406,2499,784,1915,2024,3133,1104,870,1290,1365,880,2300,540,1624,1058,592,1796,1098,1313,1547,1438,1542,2128,1378,424,2122,1383,1460,1365,1202,1915,1996,2099,1578,1229,802,2354,1490,1160,1968,1036,1642,2305,2531,443,1292,1664,2065,1967,1286,1073,2311,862,1444,2283,1203,1120,1619,2515,881,1388,815,2095,1846,2121,1559,1445,1127,2419,877,2105,2105,2342,2247,2189,2419,1035,2439,838,2086,950,1168,1349,2112,2010,2026,2842,1029,769,2013,2584,1763,2080,769,1280,769,113,1935,1851,2337,1824,1652,1150,2282,1333,653,2470,2123,2094,1092,2110
3104,976,1873,1635,1586,1039,1185,1251,1900,1251,1883,1703,703,1237,1487,1538,1205,1302,775,0,2037,990,1022,1671,2419,403,1055,1206,1132,1180,1432,1262,1210,1527,1303,1291,2603,989,1991,1346,1572,1588,1381,976,1838,1294,1480,1852,1669,1861,1287,1625,1836,1774,1890,1000,2087,985,1228,2003,1039,1428,1289,1047,2087,1294,1624,1111,1007,1327,1123,1340,246,1809,1398,1658,578,1265,1206,2212,392,1074,1210,1014,1175,1774,1449,1342,1784,1694,1492,1019,1007,164,1976,1567,423,1739,1110,1028,2206,2187,1198,282,1279,1065,1243,999,1060,1533,947,1112,1794,623,1423,360,1925,1023,2179,1583,1000,2368,1597,1074,1886,1836,1046,1182,839,2332,1215,1224,1692,889,2273,1641,1713,1690,1637,2059,1042,399,1016,1103,3487,1686,1322,1329,1571,1353,1262,1086,1659,1312,266,2258,1682,1352,1838,1801,1580,1053,1666,636,1241,1487,1943,1712,1294,1125,2384,1162,2032,1540,1077,1013,1778,1756,1126,1371,1677,1067,1083,696,1534,1590,1261,1109,1844,1322,1056,1045,1270,1248,1103,1710,1654,1119,1421,1742,1350,995,1207,1057,1534,1807,1412,1325,1259,1210,1003,1252,1172,1228,1260,1329,1230,1378,1054,1511,1463,1388,1024,1042,1257,2650,1511,1053,2399,2877,2232,989,1310,1843,925,821,1118,2336,1049,1864,2121,1506,1220,1583,349,1050,1276,1194,1186,1060
2455,1416,1678,1609,1017,1687,2162,1075,1406,1237,1755,1504,1606,1583,1466,1681,847,1518,1592,1927,0,954,1099,1447,1432,1892,1693,933,1234,577,1651,983,627,1776,1519,1300,1891,611,1729,1099,1225,2277,1598,1940,1691,1202,1412,1736,1307,1662,974,1606,1752,1159,1696,634,347,720,738,2041,1751,1647,1298,2045,347,1672,885,1710,1636,1659,1068,1031,1991,1470,1440,1906,1833,2109,830,1438,2004,968,1155,1592,2257,1179,1508,1555,1125,1897,1227,1059,1642,2012,779,1618,1878,801,982,1615,801,462,2187,2094,1246,1283,1458,1626,1768,1685,823,857,945,1710,1438,1816,542,1382,1315,1308,634,857,732,1053,1749,1752,1788,2072,1549,616,858,702,1443,1594,1756,1087,2368,947,1417,1638,2049,2041,798,953,2722,1162,1339,1542,1460,1362,1104,1425,1905,1525,1903,730,2238,1565,1626,1360,1800,1960,1042,1724,2030,1245,1919,1467,994,1061,894,614,900,1767,1216,1720,1547,1185,676,1584,907,1840,1840,1789,1684,1974,2143,669,1695,1537,1812,1170,1315,1028,1023,2366,1896,1476,1629,1188,1527,626,2192,2104,1842,1389,1483,1723,1268,636,636,1758,2140,720,1734,2107,1184,1853,2069,927,1439,1667,753,949,961,2483,712,1312,1412,2244,435,613,1784,1701,1301,1646,649,620,1886,998,721,2111,1648,2073,1824,1780,1996,608,1132,2074
2298,1134,1145,1399,1020,1665,2358,378,1287,742,1665,1539,2316,1672,2276,1042,639,2305,2348,1195,1269,0,600,1478,1394,2609,1776,38,1248,629,2593,786,399,1157,2306,2017,1861,383,1731,1708,1021,1634,2286,2325,1017,1207,1154,1058,1156,1128,975,1583,1077,1145,1164,406,912,484,480,2175,1836,2344,2015,2095,912,2511,1643,1268,1722,2490,773,888,1230,1461,1465,1234,1128,2169,620,1663,907,754,1052,1679,2444,1172,940,2792,1326,2457,1224,541,1765,949,1287,1424,2556,1197,947,1818,1113,574,2383,1008,549,586,2245,1771,1566,1150,610,678,2206,2430,872,2561,1572,2103,1476,1200,406,1305,1735,1826,1655,1077,1885,2173,2311,1044,518,446,1214,2387,1667,1320,2191,1804,1713,1590,2047,1094,601,694,2518,1174,2181,2779,1341,2075,582,2202,1233,2193,1116,983,2085,2604,1090,1094,2498,2020,1504,2438,2091,1141,2594,1490,998,982,921,368,1335,2447,1959,1880,979,1430,446,2219,1251,1947,1522,2529,1149,1300,2200,564,1160,2322,1917,1907,1208,330,860,2193,1009,1033,2729,1439,2332,398,2290,2161,1329,1124,1253,1580,2217,408,408,1843,2333,463,1776,1937,491,2684,2126,1122,1190,2617,487,730,764,1904,1483,2081,1374,2076,977,413,2614,1085,1982,2386,477,1048,1926,1371,1290,2184,1808,1427,2556,1581,2032,678,1017,2106
1737,539,1368,1491,2126,1028,1798,509,1534,149,1192,1325,2080,1077,1628,1286,919,2023,2109,1235,1027,734,0,1045,691,910,1083,593,662,876,2069,1088,717,1412,2024,1533,2019,701,1507,1467,2294,1421,2048,1768,1263,2074,1168,1304,1773,1352,2117,1355,1320,1157,1385,724,1256,738,781,1588,1243,2250,1535,1505,1256,1874,1225,651,1108,1822,309,1181,1255,1236,1032,2342,944,1584,903,1436,1140,1059,1337,1080,1890,985,1183,2093,909,1931,1039,45,1151,983,1680,1268,928,1574,491,1204,821,764,1823,1031,122,189,1963,1180,932,1375,339,782,1511,2197,1115,1130,989,1860,1255,1478,724,872,1516,1568,1185,1320,1293,1618,2070,645,427,742,1249,2137,1194,909,1491,1585,1489,1361,1323,944,900,377,1949,1198,1506,1957,1587,1828,71,1943,2342,1941,962,430,1370,2082,1317,1093,1956,1432,2093,2202,1503,1426,2070,1053,2078,376,632,653,899,2180,1704,1266,1222,1206,550,2000,1108,1156,918,2293,1374,1511,1618,761,1385,2040,1329,1659,1484,628,1173,1484,2332,413,2092,1217,1685,716,1736,1579,1556,1130,1073,976,1513,726,726,1250,1776,723,1018,1221,484,2047,1544,1962,1004,2095,691,1032,903,2117,1248,1749,671,2342,1327,703,1977,1342,1753,2112,576,649,1333,1234,853,1459,1194,1682,1128,949,1445,922,1303,1522
1363,1901,1498,892,697,1649,1013,1166,1773,1223,1394,240,1130,1585,1489,1496,1766,1182,1098,1384,1198,1224,1263,0,1187,1534,1604,1228,1798,1597,989,1761,1332,1219,1183,1188,1559,1320,544,1176,649,1033,928,1259,1484,839,675,1228,1385,1492,881,806,1487,610,1238,1592,1614,1573,1652,1484,1475,987,1187,1015,1614,1236,1279,1933,1445,1104,1044,1602,1341,463,134,1214,1253,1052,1745,1308,1640,1518,1728,1455,1059,449,1485,1015,737,1411,405,1062,1387,1651,1922,898,1397,1659,1163,1381,1022,1421,993,1350,1095,1294,1122,1389,1675,1241,1123,1186,1333,1222,1503,1652,1082,1271,1827,1851,1318,1246,1574,1058,1474,1231,1529,1108,1080,1398,1373,1623,258,1065,1371,516,1528,1246,476,1016,1589,1647,1736,1325,1819,207,969,1047,1779,1174,1295,1163,1215,1164,1369,1335,1616,1015,1239,820,1158,1215,1509,1427,1267,1740,1550,272,842,934,1003,1338,964,936,1319,1405,1479,365,1195,1142,1231,1484,1583,1206,1241,1753,992,1213,1241,1199,1490,1100,2181,1416,1587,1434,1213,1940,1297,521,1468,1595,1046,1047,1228,715,172,1533,1181,1317,1590,1525,1040,1356,1604,1512,1188,1381,1001,883,417,995,1666,1746,1438,1849,1469,1315,994,1809,1346,1318,1219,1456,1309,1312,1193,1159,1516,1330,1237,1074,1415,1211,1373,1650,1229,1600,2034,1307
2195,816,1717,1141,1958,999,1613,1053,1908,781,1477,1246,1528,898,1062,1621,1037,1671,1588,1906,613,854,761,983,0,1843,997,833,519,991,1761,1182,831,1759,1672,907,2007,815,1208,1244,2128,1881,1571,1538,1605,1905,1136,1639,2140,1700,1948,1101,1657,931,1736,838,802,858,912,1175,1064,1630,909,1329,802,1307,725,1095,928,1253,656,1298,1942,991,975,1873,1799,1411,1021,1457,1993,1153,1454,900,1705,953,1526,1591,2302,1696,1002,713,971,2005,1213,1161,1831,1167,189,1024,186,688,1638,2087,879,844,1611,954,980,1722,552,902,1700,1639,1456,1800,458,1353,1088,1595,838,190,1206,1062,1471,1657,1109,1383,1560,569,715,878,1180,1621,1478,2089,1674,1278,1193,1125,1351,2026,994,494,2495,1137,920,1578,1962,1234,740,1433,1873,1533,1919,354,1733,1601,1663,2404,1725,1255,2402,1649,1325,1543,1742,1204,1909,334,422,771,370,1740,1200,1049,1565,1160,670,1528,1897,1170,1177,1729,1721,1880,1445,858,1732,1688,1140,1151,1602,1006,1290,1668,1863,1007,1524,1165,1120,830,1507,1406,1898,920,1223,1235,887,840,840,1071,1592,895,997,1583,816,1479,1371,1778,967,1637,923,1127,1157,1854,941,1219,20,2483,871,817,1425,1693,1252,1615,696,573,1155,2056,166,1410,977,2043,1795,1044,1268,1022,1421,1345
2952,2382,1737,1515,1440,1104,1282,931,1779,1113,1760,1568,330,2501,1136,1426,922,1327,461,390,1768,2403,1099,1270,2087,0,930,2386,2127,2204,1669,966,1101,1708,1326,1033,2466,2229,1854,1347,1181,1773,1434,1997,1703,1416,1642,1716,1865,1726,1165,1506,1409,1349,1453,1098,1807,2402,930,2072,914,1484,1031,1114,1807,956,1349,1193,2562,990,2269,1260,460,1379,1550,1715,378,923,1112,2064,519,1208,1151,2511,1270,1630,1618,1499,1355,1843,1374,907,2419,359,1673,1455,469,1438,2067,2537,2030,1910,1297,531,949,1152,1519,2479,935,1421,2214,2315,1643,302,1587,328,1645,803,1679,1520,1098,2101,1479,806,1762,1409,921,2189,553,2086,2387,924,1554,595,1759,1497,1293,1549,1839,1913,917,401,1130,2161,3336,1545,1074,1486,1471,1103,934,748,1716,1388,293,1975,1531,1509,1410,1369,1629,1121,1542,256,2311,1416,1650,1303,1416,2084,2125,2254,1784,1591,991,2497,1362,1336,2134,1242,1735,1137,959,317,1718,1488,1111,2119,1415,1193,931,1061,1216,1122,1036,1290,1712,999,1090,1325,1028,2245,1919,932,1718,1374,1298,973,1099,911,1101,912,1049,1122,1109,1204,915,1045,929,1128,1345,1492,938,962,1160,2525,1229,969,2115,2752,1962,2231,974,1706,1025,455,2097,2090,924,1913,1841,1122,2425,1469,331,1118,1125,2250,1124,935
1533,557,1341,2612,1288,306,934,1344,1436,951,2141,1793,1881,184,1594,1316,1731,1263,1851,1274,1352,1555,934,1631,952,1123,0,1536,564,1538,1259,1887,1528,1248,1264,1502,1609,1512,2129,1712,1459,899,1384,984,1315,1232,1814,1185,1200,1297,1273,2097,1304,1733,1330,1535,1536,1557,1609,902,370,1402,1504,643,1536,1391,1474,574,294,1620,1193,1116,1046,1767,1641,1683,1140,725,1712,2266,1199,1859,1265,268,1026,1676,1261,1210,1649,1121,1712,893,337,1022,1214,1119,1210,1869,895,390,1101,1397,959,1262,966,1008,1203,470,128,1298,1268,1612,769,1998,1329,1199,1226,1938,1662,1170,1535,972,1738,1869,1851,1304,298,885,1900,1280,1263,1575,1765,1954,2127,1425,746,1808,2061,2113,513,996,1705,1203,1833,1845,1475,1197,1489,1798,915,1610,1684,1250,1220,1064,793,1276,1314,1762,1164,569,1320,1990,637,1280,1260,1749,1235,767,1134,1472,1080,1388,1719,452,1192,1693,1380,1279,1700,238,225,2096,1297,1473,759,1564,1308,1280,259,1815,1359,1459,909,727,1680,453,1379,1825,1611,1527,1059,720,1293,1660,1921,90,1482,1537,1537,377,912,1592,16,694,1137,1463,686,1098,1727,1287,1516,1831,1864,1598,1537,1703,1015,1823,1614,1514,1377,1256,1921,1941,1406,1284,285,1807,953,457,380,1215,994,103,584,1735,1004,662
1899,1133,1142,1695,1235,1666,2354,374,1284,738,1665,1278,2264,1671,2275,1039,675,2253,2288,998,1212,374,596,1483,1392,2560,1775,0,1247,623,2589,980,392,1154,2254,1961,1862,376,1734,1644,1024,1630,2230,2323,1014,1210,1397,1055,954,1125,1181,1312,1074,1386,1161,399,945,477,473,2173,1835,2287,1959,2092,945,2511,1585,1270,1721,2490,873,951,1027,1464,1216,1029,1138,2165,656,1663,915,790,1088,1678,2440,1418,937,2292,1099,2453,1482,537,1764,957,1319,1429,2499,1239,945,1817,1111,598,2379,1016,545,582,2193,1770,1567,1147,608,714,2208,2381,869,2502,1516,2049,1474,1236,399,1303,1677,1768,1654,1074,1884,2171,2371,987,514,439,1218,2324,1379,1323,2193,1746,1716,1591,2046,1104,794,692,2080,1422,2181,2279,1338,2021,578,2142,1242,2141,933,981,2084,2531,1087,1323,2494,2019,1880,2389,2090,1177,2590,1237,1209,980,919,404,1333,2391,1903,1879,976,1433,482,2200,1043,1946,1524,2480,1146,1296,2199,600,1157,2270,1916,1851,1244,326,943,2192,1227,1033,2729,1443,2332,391,2288,2160,1326,1360,1256,1582,2217,401,401,1842,2332,456,1775,1936,487,2684,2125,932,1192,2613,481,924,896,2294,1428,2027,1372,2501,1007,406,2614,1082,1928,2328,513,991,1925,1143,1288,2183,1807,1423,2497,1582,2031,671,1053,2105
2051,344,1730,1036,1700,744,1359,874,1926,581,1319,913,1844,643,1305,1633,1169,1640,1739,937,1043,990,562,2037,644,2149,738,969,0,1117,1553,1317,957,1776,1641,1151,1848,941,1081,1764,1873,1408,1784,1264,1616,1644,2232,1650,1758,1713,1685,970,1668,2153,1749,965,1229,988,1037,1116,807,1746,1153,1062,1229,1547,1123,636,669,1498,621,1471,1135,2180,2036,2081,2114,1148,1156,1074,2144,1284,1600,643,1449,2096,1539,1580,2052,1416,2125,501,712,2160,1653,1065,1986,1622,316,667,795,829,1384,936,662,699,1582,678,722,1736,697,1042,1440,1961,1469,1951,789,1615,961,991,965,671,1601,1543,1314,1668,852,1105,1712,710,792,1003,2238,1769,1320,1836,1422,1670,1288,1199,1086,2092,1129,632,2372,2232,1164,1601,1980,1483,552,1570,2081,1629,2052,495,1355,1569,1676,2147,1449,995,2019,1957,1065,1689,1555,2159,1647,343,592,907,729,1776,1509,772,1578,2090,810,1658,2105,903,918,2065,1735,1889,1183,999,1746,1659,877,1610,1142,986,1463,1414,2071,656,1764,2239,1367,958,1227,1144,1911,2066,2318,976,1131,967,965,814,1337,1020,738,1206,663,1719,1109,1521,2111,1582,1046,1262,1289,2106,1357,1493,709,1954,1300,943,1648,1709,1592,1765,834,714,908,2097,652,1153,700,1735,1946,787,1007,1163,1566,1082
2417,1219,1347,1798,1354,1750,1146,549,1197,974,1485,1372,2280,1759,2245,1266,523,2269,2309,977,689,308,836,1322,1366,2576,1862,285,1332,0,2917,575,46,1390,2270,1981,2375,30,1855,1669,1122,1866,1152,2394,1241,1100,1519,1284,1059,1331,1300,1415,1300,1249,1364,53,546,223,127,2260,1918,2307,1979,2171,546,2480,1605,1483,1802,2459,847,816,1012,1586,1584,1089,1128,2245,437,1792,2725,540,935,1764,940,1275,1162,2761,1452,2522,1603,798,1844,1130,1172,1509,2520,1126,919,1897,1085,459,963,1207,718,755,2209,1861,1651,1355,582,424,957,2397,1094,2525,1142,2067,1603,1083,53,1277,1350,1788,1477,1300,1967,2247,2389,1007,689,93,1586,2346,1486,1194,1100,1766,1837,1422,2116,2658,380,666,2622,1275,2150,2748,1251,2039,746,2163,1088,2157,1098,955,2162,2547,1297,1449,1108,2100,999,2405,2171,1024,2896,1333,1328,998,893,247,1307,1097,1923,1959,1201,1286,574,2216,1104,2025,1786,2496,1353,1492,2279,396,1364,2286,1999,1871,1092,501,726,2276,1297,1240,2698,1293,2301,45,2360,2240,1532,1484,1351,1683,2186,55,55,1925,1129,110,1862,2019,662,2653,2205,1030,1560,2315,138,519,472,1997,1447,2047,1346,2162,612,32,2583,1320,1948,2346,362,1011,2008,1200,1262,2255,1887,1660,2520,1666,2110,51,900,2185
1833,1584,1105,1261,1372,1455,1236,2249,1506,1956,1361,1125,879,1391,845,1096,978,305,827,1073,1592,2223,1935,977,1968,1200,1409,2206,1439,1962,0,993,2005,1303,306,934,1403,1989,1004,1031,1543,1238,298,737,1081,1316,1522,1088,996,1324,1357,1291,1307,1439,1343,2012,1520,2216,1102,743,1226,243,936,1090,1520,438,1228,1819,1202,659,1976,1127,1310,1339,981,605,1150,1046,1165,1293,1149,1050,1519,1226,1327,1324,1255,135,1655,171,1285,1882,1144,1152,1195,1228,979,1109,1693,1198,1906,1737,1261,1342,2043,1993,239,1205,1481,1322,2257,2145,1448,988,1246,953,1334,1199,1068,1672,2012,1969,1149,1126,1132,1307,1272,929,956,1702,2162,2052,1023,955,1126,1225,1430,1222,936,941,1417,1182,966,2203,2653,1091,819,157,1249,910,1906,691,605,285,1064,1672,1496,124,1087,1771,365,1058,1236,1039,1057,1539,9,1157,1319,1625,2003,2011,1601,396,1259,1222,1268,1238,1964,314,622,1227,1511,1081,1095,1505,986,1946,1091,322,1233,1384,1336,2276,1345,1423,597,1717,422,1395,671,2004,626,1041,1089,1666,1057,1461,914,2014,2014,1279,1214,2069,1409,1381,2031,504,995,1399,1300,135,1116,1186,976,2342,909,1228,1996,2187,1645,1991,422,1294,1177,900,1927,1706,1259,773,1530,948,1150,1109,948,1456,1053,2010,1469,1040
2525,1486,1619,1626,1516,2014,1084,811,992,1142,1601,1822,1113,2022,1988,1526,534,1099,909,1045,1172,592,1004,1458,1650,1167,2125,569,1607,350,1199,0,365,1658,912,1753,2093,349,1669,1630,1257,2136,1085,1160,1509,1234,1389,1544,1158,1602,1211,1545,1562,1667,1638,372,754,532,372,931,2177,965,1751,1145,754,2141,1481,1711,2062,2192,1131,599,1313,1445,1748,1221,1017,963,250,1937,960,156,885,2029,1075,1407,1430,958,1332,1191,1460,964,2105,1004,1169,1987,1107,1070,1238,2158,1370,783,1326,1073,982,1019,1129,2119,1912,1624,864,751,1292,1115,1360,1140,1506,1852,1438,1034,372,1562,1373,1560,1922,1562,2224,2505,913,1271,948,334,1449,923,1935,1604,1242,1591,1998,1548,2384,957,159,950,2233,1410,1859,954,1046,1817,1002,1935,1473,1153,976,1239,1172,956,1565,1328,1272,909,1317,950,2428,974,1202,1774,1490,1317,1178,406,1587,1037,1696,2220,1469,1715,810,1153,1492,2273,2041,942,1623,1245,1160,743,1634,1105,2248,1651,1043,765,510,1222,1455,1466,2166,1427,2045,364,1025,966,1808,1641,1796,1942,1726,374,374,2184,1293,315,2125,1115,926,2229,1153,1406,1425,1182,282,24,45,2072,1265,1713,1630,2686,823,351,2158,1590,1745,2132,699,1275,2279,1330,1539,2509,2148,1943,1133,1925,1109,370,895,940
1993,1297,1348,1502,1363,1823,957,552,1218,885,1791,1382,2158,1834,2395,1269,597,2127,2177,1002,908,452,744,1608,1510,912,1937,400,1410,203,3048,600,0,1393,2128,1839,1969,41,1542,1802,1130,1869,973,2465,1244,1108,1263,1287,1270,1332,1309,1420,1303,1515,1365,56,779,283,73,2331,1993,2169,1837,2244,779,2629,1735,1446,1881,2609,990,842,1038,1319,1321,1108,1158,2318,462,1484,917,567,1011,1838,948,1281,1165,2166,1458,2593,1610,703,1924,961,1248,1523,2387,1155,1062,1977,1229,639,1172,1025,721,758,2067,1930,1724,1356,724,814,954,2277,1097,2385,1661,1938,1324,1159,56,1421,1455,1649,1781,1303,2039,2316,2146,1137,692,45,1597,2213,1793,1201,1098,1908,1528,1721,2199,1106,407,809,2605,1283,2302,2153,1272,1900,749,2021,1337,2015,934,1098,2205,2627,1298,1203,1127,2173,1196,2283,2244,1100,3036,1342,1337,1141,1037,430,1447,1121,1784,2039,1204,1562,582,2074,1122,2088,1704,2375,1355,1495,2352,601,1366,2144,2063,1736,1167,504,752,2319,1093,1202,2826,1301,2451,25,2429,2313,1534,1489,1360,1762,2337,58,58,2000,1139,56,1937,2062,665,2781,2278,1253,1299,2177,84,544,322,2397,1349,1802,1490,2148,848,38,2711,1323,1836,2180,555,1141,2094,1473,1404,2331,1967,1663,2381,1739,2183,203,976,2258
1730,1677,77,1782,1200,1906,1641,951,616,1297,1308,1536,1310,1853,1015,80,1564,1081,1549,1844,1866,1270,1159,1472,2331,1414,1891,1148,1797,1481,1079,1056,1435,0,1083,1207,1642,1315,1616,1206,1212,622,1193,1991,76,1184,1274,183,1034,60,1153,1419,65,1268,97,1251,2090,1353,1334,921,1793,1287,1207,1910,2090,1304,2237,1552,1861,1014,1338,1173,1863,1121,1194,1299,1749,1981,1544,1121,1448,960,1462,1867,1733,1088,243,1295,1179,1258,1383,1103,1904,1487,1180,1860,1430,1187,1610,2089,1936,1323,1666,1854,1122,1159,1304,2000,1807,61,1216,1444,1273,1357,369,1738,2150,1363,1476,935,1251,1982,1253,1097,1068,65,1716,1796,1541,1613,1088,1291,1442,1543,1312,1058,1435,1256,1599,1358,1746,1448,1468,1612,1854,1380,1225,1075,670,981,1141,1129,1300,1324,1466,1631,1201,1069,77,1159,1292,1834,838,1642,1790,1551,1308,1210,1183,1536,1749,1306,2017,1174,1095,2019,178,1116,1212,1102,1310,1658,1657,1648,60,569,1937,1419,71,1307,1677,1046,907,904,1083,1339,1298,1603,1309,1135,1235,1315,1143,1976,272,999,1240,1715,1198,1253,1255,1771,1619,1274,1890,1412,957,1096,1942,922,1349,1077,1244,1066,1456,1386,1104,1263,2310,1527,2195,1312,1301,179,1113,1266,1238,1617,1765,1418,1965,1392,1947,408,1735,1821,1846,1524,1408,1924
2338,2018,1340,1432,1914,1768,1569,2450,1226,2133,1498,1288,780,1704,438,1099,1813,0,719,1211,1726,2363,2130,1143,1720,1103,1723,2346,1754,1854,663,1101,1897,1308,0,711,1853,1881,1245,1340,2084,1061,510,1028,1309,1861,1682,1092,1291,1329,1904,989,1309,1603,1119,1904,1635,2362,1978,1089,1523,528,713,1385,1635,176,1011,2116,1506,423,2078,1256,1213,1550,1143,684,1053,1359,1867,1435,1321,966,1413,1538,1661,1529,1247,254,2258,860,1484,2089,1448,1259,1528,1376,1216,1112,1680,1491,1731,1868,1594,1349,2258,2180,56,1433,1794,1325,2082,2275,1752,890,1021,1190,1397,887,1412,1564,1904,1798,1341,810,1502,1309,1583,1226,695,1785,2255,1944,1186,750,1240,2045,1726,1413,1230,1063,1731,1204,1909,2028,2755,1286,594,241,1227,688,2102,429,686,126,1193,1732,1796,264,1088,2360,849,1348,1311,937,1347,1188,646,1320,1865,1699,1825,1903,1407,403,929,1526,1264,1447,2094,98,700,1538,1806,983,1326,1229,1294,2077,1319,9,1544,1064,1507,2408,1240,1719,684,2014,156,1596,415,1896,946,1354,1092,2272,1220,1756,691,1906,1906,1573,1547,1961,1724,1688,2569,239,1308,1733,1499,300,1989,1957,1973,2031,1117,908,1816,2271,1773,1883,160,1077,864,739,2055,1789,1570,953,1779,1244,1454,1121,1184,1770,1343,1902,1364,1330
2039,1475,1237,1058,2260,1670,1925,1889,1091,1598,1668,1236,711,1565,357,1012,1458,956,690,992,1148,1790,1599,984,1243,1111,1667,1771,1200,1550,1048,1580,1594,999,957,0,1733,1578,1240,906,2428,1253,1104,1405,996,2208,1229,1216,1353,1225,2251,1419,1202,1007,1253,1601,1347,1786,1675,1494,1731,1128,1,1756,1347,592,437,1743,1616,543,1536,1272,1221,1269,988,1409,1061,1731,1513,1342,1076,1381,936,1573,2014,1228,931,876,996,1241,1272,1552,1659,1079,1193,1046,898,969,1147,1616,1192,1294,1950,1263,1716,1686,896,1627,1738,1218,1446,1701,943,821,911,879,832,539,1546,1281,1601,1257,979,454,1667,995,1778,1601,655,1198,1616,1641,990,712,1380,911,2371,1054,1227,1488,2055,1109,1556,1389,2822,1171,232,863,1317,101,1574,473,1410,943,991,1183,2366,886,1205,1005,1214,1721,1345,866,1724,955,1029,1009,2212,1166,1288,1598,868,1108,441,1722,951,1222,1520,972,1426,1838,1845,914,1219,1101,1668,1489,1003,973,1809,552,1223,1845,1264,2369,1406,1754,811,1007,412,1593,1536,1725,1008,1230,1225,1687,91,1603,1603,1738,1903,1658,1667,2222,1717,766,1691,2086,1020,922,1686,1597,1615,2543,770,453,1275,2327,1420,1580,696,996,531,710,1481,1202,1822,1683,1028,2088,1650,1267,874,1713,1716,1599,1357,1703
943,1510,1998,2009,2349,1638,1272,2159,1913,1635,918,1448,1901,1642,1989,2003,2110,1852,2257,2155,2284,2247,1672,1579,1662,2042,1332,2249,1530,1967,1695,2528,2379,1983,1534,2094,0,1961,1527,2311,2302,1680,1719,1504,1655,1096,1820,1991,1294,1653,925,1337,1659,1762,1643,2362,2024,2347,2420,1313,1578,1725,1732,1461,2445,1941,1786,1708,1631,2015,2053,2234,2551,1810,1678,1647,2445,1450,2091,1091,2129,2597,2836,1638,1285,1639,1692,1751,1964,1648,1523,1689,1609,2582,2319,977,2167,2526,1626,1312,1697,1840,1038,2121,1708,2031,1806,1591,1635,1664,1772,2225,1057,1993,1722,2138,2140,2191,1046,2462,2362,1714,2461,2194,1203,1659,1308,1574,2235,1822,1767,2390,1802,1836,855,1886,1306,2397,1459,1301,1605,2134,2510,2121,1789,1739,2079,1459,1920,2076,2041,1728,1368,1796,2141,2139,1141,1747,2014,1733,1296,1489,1421,2359,1526,2846,1697,1601,1097,1596,1677,2400,1663,1777,1849,1329,1676,1633,2231,1807,1357,1568,1355,2388,1663,2277,1204,1870,1668,1528,1570,2234,2924,1795,2219,1328,1680,1465,1892,1559,1626,2367,1198,1193,1990,1811,1501,1597,2085,1954,2359,1312,1068,1992,1618,1178,2192,1573,1452,971,1609,1718,2014,2513,2072,1190,1936,2222,1674,1778,2037,1959,1596,1965,2226,1856,1848,1824,1584,1384,2059,1195,1608,1603,2143,1349,1225,1966,2305,1208
1990,1282,1362,1488,1350,1808,1142,567,1530,899,1477,1370,2335,1820,2320,1282,601,2337,2372,1194,1301,378,758,1594,1435,2631,1923,355,1395,364,2973,563,64,1407,2338,2033,2368,0,1532,1737,1118,1888,958,2452,1259,1097,1253,1300,1048,1346,1073,1410,1316,1503,1379,71,785,207,145,2318,1979,2382,2031,2231,785,2555,1672,1464,1865,2534,915,804,1024,1309,1309,1320,945,2305,424,1783,2782,528,1014,1824,1131,1270,1179,2834,1197,2580,1323,717,1908,1145,1251,1823,2579,1159,987,1961,1153,686,1159,1011,735,772,2277,1917,1709,1370,649,808,948,2447,1111,2583,1601,2113,1318,1162,71,1345,1459,1851,1468,1316,2025,2303,2338,1071,707,111,1311,2413,1478,1438,2302,1835,1832,1710,2178,2716,368,734,2607,1535,2225,2821,1583,2094,763,2230,1319,2226,921,1023,2186,2611,1312,1442,919,2159,1193,2460,2230,1103,2961,1331,1323,1066,962,436,1374,913,1986,2023,1218,1549,576,2250,1107,2074,1845,2546,1369,1505,2338,694,1380,2355,2049,1935,1170,519,714,2300,1302,1219,2760,1290,2376,16,2416,2299,1551,1224,1348,1741,2261,73,73,1986,932,128,1923,2043,680,2715,2264,1026,1555,2388,156,507,446,2397,1513,2094,1415,2596,849,1,2645,1338,2041,2413,602,1075,2080,1455,1330,2312,1951,1680,2577,1724,2169,409,979,2244
1435,1068,1356,971,1067,912,1380,1368,1934,1213,1234,417,1685,1101,1150,1357,1678,1031,1363,1648,1431,1434,1248,521,1459,1535,1989,1436,1306,1536,956,2016,1863,1338,1031,1498,1580,1850,0,1724,1019,1119,1107,1628,1349,1209,879,1626,1633,1353,1250,532,1352,763,1630,1529,1894,1829,1906,1853,1845,926,1239,1401,1568,1335,1306,1203,1807,1416,1521,1812,1605,677,608,1180,1517,1432,2005,1151,1622,2087,2336,905,1426,641,1366,946,1079,1194,511,1265,1749,1631,1840,1101,2007,1618,1426,1749,1505,1687,1360,1950,1293,1267,1198,1751,1105,1361,1337,1404,1532,1487,1675,1632,1313,1314,1498,2482,1529,1521,1554,1593,1314,1352,1903,1488,1624,1665,1621,1876,732,1606,1212,888,1723,1499,21,700,1934,1966,1651,1588,2029,668,1482,1154,1941,1482,1272,1480,1182,1187,1634,1601,1849,1140,1361,1162,1126,1570,942,1447,1627,2350,1401,560,1212,1391,1481,1553,1447,1165,1633,1795,1355,621,1411,992,1196,1786,1114,1471,1643,1909,1369,1728,1362,1238,1864,1357,2011,1661,1797,1630,1180,1053,1064,560,1363,1850,1423,1427,1626,1057,460,1872,1490,1528,1527,1893,1407,1566,1989,1882,1393,1292,1383,1250,605,919,1590,2000,1648,1384,1461,1346,1473,2017,1579,1530,1321,1324,1345,1351,1703,1667,1890,1301,1251,1452,1783,1317,1637,1095,1583,1537,2283,1673
2608,1876,1022,1259,1028,2171,1965,1620,1040,1661,1848,1470,851,2065,1024,1218,1249,1253,798,1172,863,1510,1668,1420,1302,1172,2168,1491,1698,1298,1203,1373,1337,999,1254,757,1914,1321,1428,0,1022,1086,1146,1701,993,1006,1192,1214,1220,1222,1195,1633,1197,1427,1253,1344,1066,1512,1418,1751,1969,1201,755,1864,1066,1158,526,2150,1958,1211,1515,1076,1282,1230,1422,1436,1122,1828,1322,1812,1246,1176,1194,2068,2054,1443,918,1293,1163,1470,1235,1618,1900,1250,997,1248,1077,745,1446,1965,1284,1010,1990,1414,1786,1823,1193,1872,2128,1212,1392,1421,1278,961,2016,1053,852,683,1707,1340,1344,1329,444,578,1528,1197,2027,1674,872,1212,1429,1384,1425,926,1849,1092,995,476,1414,1399,2187,1279,1366,1477,2925,1155,881,1280,1038,824,1664,955,1437,1135,1180,1202,956,1230,1198,1169,1358,1827,1445,1011,1809,1283,1653,1448,1006,1525,1386,1349,1024,1300,659,1978,1138,1193,1240,1106,1453,1982,2314,1054,1005,1275,1770,1207,1204,1270,1988,542,1347,1574,1046,1192,1433,1917,1290,1190,1081,1336,1858,1823,1215,1433,1456,2189,821,1346,1346,2017,1943,1401,2168,2148,1351,1245,1780,1141,1450,1209,1429,1391,1409,2665,423,660,1282,2412,1131,1323,1175,999,511,871,1198,1216,2014,1624,1048,1724,1906,1058,1048,2213,1822,1342,1160,1809
1324,1367,1238,1374,110,1072,468,959,1251,1735,1155,709,1253,1010,1714,1235,1526,1166,1004,1302,1015,1233,1718,536,1535,1426,1030,1237,1223,1355,984,1518,1364,1004,1167,1432,1940,1351,927,1234,0,1349,1214,718,1223,298,642,1223,1024,1020,339,912,1015,563,1236,1348,1391,1101,1408,955,927,1188,1430,582,1151,1293,1487,1371,865,1524,1772,1400,1268,569,479,1498,1417,628,1504,1071,1526,1589,1840,884,514,491,1012,1010,461,846,511,1658,840,1279,1430,1244,1295,1455,1480,833,1671,1185,448,1539,1820,1789,1106,842,1102,1238,1114,989,984,1128,1240,1271,1658,931,1474,1646,1348,1541,1384,1124,1235,1226,976,766,987,962,1125,1141,603,1176,1134,210,1172,1320,859,944,1059,1532,1237,1793,2098,683,1698,1031,1255,1789,1695,1507,1499,1153,1543,1099,1395,999,1236,575,893,669,1154,1093,721,1536,985,612,140,1386,1732,1139,1698,1319,1161,1078,1008,486,996,1182,1515,931,1040,1115,1025,1234,560,1227,1238,1183,937,960,1934,966,1385,1076,1495,1390,1281,626,1507,1119,793,623,1012,470,751,994,1399,1346,1114,978,495,1154,1030,1289,1186,1365,571,338,524,1011,1177,1502,1493,1460,1048,949,1592,1726,1162,1117,1279,991,1156,1195,995,1164,963,1526,1522,851,867,1206,1540,1077,681,1357,1787,756
1443,1353,761,1307,1502,1387,1154,1169,1256,1710,1973,1309,1348,1333,1028,746,940,1279,1316,1918,2067,1462,1372,1248,1863,1468,1373,1362,1354,1711,1025,1220,1473,672,1281,1038,1391,1524,1351,1312,1674,0,1136,1713,742,1446,1837,609,930,726,1487,950,731,1801,762,1480,976,1576,1551,1932,1303,1230,1038,1429,976,1076,958,1054,1376,1248,1903,1010,1593,912,1213,1222,1803,1506,922,2044,1516,941,1316,1379,1245,1787,886,1244,1784,980,939,1317,1419,1873,1338,1384,1822,1122,1618,1472,2058,1527,1179,1918,1336,1373,1266,1552,1289,727,1426,1649,979,1408,1000,1824,1960,1414,1516,1179,1480,1859,1391,1381,1864,732,1230,1510,1578,1820,1309,1512,1005,1576,1932,1639,1026,1376,1336,2159,1259,1517,1679,1812,1635,1150,1048,1035,1311,1230,1353,1150,1478,1282,1533,1793,911,1026,743,1724,1197,1356,682,1402,1426,1091,1243,1230,1449,1544,1871,1509,1977,1129,1389,1534,836,1104,1417,1069,1231,1173,1139,1705,726,1187,1433,1621,737,1278,1191,1109,1386,1122,1205,1008,1482,1375,1070,935,1030,1524,1479,1501,716,1796,1050,1197,1030,1482,1482,1285,1132,1493,1372,879,1176,1082,1467,1317,914,1241,1461,1231,1248,1174,1023,1336,1917,1624,1203,1521,1071,680,1406,1299,1443,1824,1278,1614,1842,900,1462,635,1823,1303,1369,1754,1053,1446
1905,1839,1473,1375,1589,1717,1461,2352,1360,2220,1190,1233,923,1653,880,1210,1288,635,873,1115,1630,2266,2202,1088,2010,1243,1672,2249,1738,954,451,1310,1175,1441,636,1275,1424,1157,917,1070,1456,1372,0,979,1444,1533,1625,1202,1321,1211,1574,1393,1196,1546,1227,962,1547,943,1007,993,1471,447,1277,1338,1547,610,1072,2070,1456,990,2012,1467,1351,1493,1089,326,1191,1300,1054,1361,1191,1140,1624,1491,1552,1471,1153,475,1857,707,1428,2147,1398,1195,1251,1330,1022,1149,1960,1441,1773,1774,1486,1392,2316,2252,575,1383,1743,1209,1960,2182,1695,1031,1384,996,1370,1028,1383,1471,962,1832,1191,1036,1196,1445,1531,1177,946,1757,2131,987,1131,1001,1435,1333,1669,1263,905,1196,1679,1224,1276,1904,2760,1232,1162,504,1644,1250,2174,799,326,705,1115,1706,1742,474,1451,1976,616,1302,1361,1082,1299,1363,887,1265,1536,1869,1865,958,1930,317,1243,1476,1405,1391,2001,653,347,1486,1752,1124,1461,1642,1237,1983,1205,652,1492,1280,1423,2310,1451,1662,318,1966,750,1539,858,1162,865,1295,1203,1869,1165,1706,1255,963,963,1521,1439,998,1672,1631,2471,833,1249,1624,1432,457,1230,1074,1068,2442,948,1213,2237,2275,1672,957,592,1432,1179,946,1965,1761,1518,611,1566,1188,1404,1477,991,1719,1298,1162,1305,1285
1932,922,921,2269,963,678,604,1597,1095,1304,1097,1478,1628,616,1523,1103,959,981,1630,1178,1361,1694,1282,1316,1117,1937,638,1674,780,1674,800,961,1660,1532,982,1218,1245,1643,1788,1243,1136,1186,1027,0,1603,907,1494,1482,1420,1102,948,1774,1592,1411,1117,1667,1568,1694,1739,478,550,1004,1216,430,1568,1107,1278,1143,526,1332,1335,1103,951,1436,1307,1322,1897,386,942,1928,929,1020,1487,535,699,1355,1549,827,1323,662,1374,1219,468,949,1080,2043,955,1383,1037,536,1266,1545,629,955,1388,1345,921,454,709,913,1413,1753,1219,1741,1612,1128,1391,1414,2029,1639,1667,1137,1279,1291,1100,1592,599,246,1600,1426,1513,1705,1431,1661,1096,1103,1201,1351,1720,1791,726,934,1132,1348,1955,1590,1505,847,1098,1595,1257,1320,1323,968,944,1208,1250,816,1096,1423,770,403,1679,1753,389,1505,801,1443,917,938,1274,1592,1250,1127,1251,546,1486,1327,1499,997,1339,554,802,1841,1103,1089,326,1711,1100,998,560,1339,1311,1675,1314,1108,1319,944,1100,1513,1357,1798,539,381,1535,1345,1589,811,1219,1808,1808,636,563,1780,745,1068,1395,1183,319,742,1419,819,1746,1146,941,2052,1047,1266,1151,2349,1715,1785,1096,1491,1389,1644,1525,1408,614,1381,1084,634,549,1105,938,795,384,1681,1435,371
1447,1628,92,1483,1211,2044,1660,907,648,1224,1325,1547,1307,2141,1013,95,1477,1306,1545,1522,1805,1214,1085,1229,1750,1410,2029,1087,1687,1269,1306,1070,1247,372,1083,1203,1999,1253,1630,1199,1013,684,1195,2180,0,989,1287,193,1051,75,963,1433,72,1060,113,1410,2017,1291,1272,1117,1797,1289,996,1964,2017,1303,2164,1613,1938,1222,1366,1196,1858,1367,1454,1572,1444,2011,1460,1135,1443,969,1463,2097,1749,1327,204,1074,987,1261,1396,1044,1981,1482,1412,1548,1720,974,1554,2034,1866,1701,1685,1849,1072,1109,1305,2161,1944,66,1166,1422,1457,1633,328,1731,1856,1359,1099,1111,1410,1926,1030,1093,1307,72,1738,1944,1273,1596,1043,1229,1454,1275,1329,1067,1608,1033,1336,1137,1797,1443,1438,1603,1548,1392,1222,1300,736,1181,1084,1127,1303,1325,1764,1646,1369,1070,82,1173,1297,1887,874,1356,1950,1552,1085,1474,1193,1455,1681,1225,1982,1175,1317,2047,160,1360,1185,1332,1586,1691,1738,1360,65,559,1874,1385,76,1308,1708,1258,1592,861,1103,1514,1301,1538,1309,1383,1021,1253,1149,2006,288,1220,1509,1796,989,1412,1412,1790,1641,1212,2028,1431,908,1323,1971,1123,1362,1303,1182,1074,1395,1400,907,1041,1730,1540,2134,1250,1300,314,1109,1525,1211,1600,1816,1421,1909,1418,2023,622,1431,1959,1898,1453,1417,1976
1597,1451,1002,1362,58,1265,460,936,1482,1831,1095,685,1029,1201,1889,1207,1500,1341,1202,1563,995,999,1910,535,1690,1173,1219,1002,1377,1329,1151,1491,1338,980,1342,1613,908,1324,915,1215,232,1492,1413,889,1195,0,669,1194,1093,1204,137,928,1198,594,1208,1321,1366,1303,1143,1110,1077,1382,1611,714,1131,1470,1687,1491,1010,1702,1924,1378,1524,565,487,1698,1166,765,1224,1071,1515,1293,1813,1065,507,513,1194,1173,460,1015,504,1812,991,1271,1413,1237,1552,1433,1643,1003,1850,960,439,1531,1985,2022,1284,1006,1291,1002,2038,967,995,1351,1003,1523,1806,919,1461,1961,1094,1694,1364,1109,1185,1198,1108,917,1181,941,909,1119,611,1166,1197,204,1179,1077,847,926,1163,1521,1468,1937,2089,722,1882,1194,1487,1974,1849,1685,1698,1331,1532,1796,1538,1162,1207,554,1059,821,1200,1310,873,1828,1152,626,46,1553,1884,1349,1875,1491,1145,1205,1188,461,1177,1360,1719,1078,1130,1337,1002,1211,708,1201,1002,1359,1078,945,1579,1140,1646,1083,1690,1504,1457,615,1713,1325,956,760,989,448,739,1105,1569,1320,1092,1128,495,1132,1219,1425,1159,1541,718,267,513,1174,1155,1476,1214,1455,1244,1130,1749,1719,1143,1095,1455,967,945,981,974,1138,1105,1727,1675,997,1037,975,1265,1266,832,1331,1458,912
1411,1831,1297,1488,668,1659,1016,1086,1315,1125,900,840,1216,1595,936,1297,1401,1738,1428,1787,1169,1394,967,631,941,1360,1613,1156,1787,1258,1548,1678,1526,1055,1739,1018,1706,1514,729,1440,622,1553,1469,1266,1066,851,0,1284,1053,1292,891,571,1290,190,1068,1509,1303,1493,1568,1475,1438,1441,1228,1106,1574,1096,1062,1885,1414,1155,1189,1532,1446,299,611,1764,1351,1148,1383,876,1742,1748,1652,1458,1063,153,1079,1571,247,1410,309,984,1356,1760,1595,1321,1779,1651,909,1373,1181,1358,995,1452,1009,1188,1681,1358,1684,1077,1060,1129,952,1577,1327,1449,1050,1109,1146,2139,1509,993,1588,1337,985,1290,1480,1118,1165,1336,1062,1538,735,1391,999,578,1137,1263,661,733,1523,1447,1657,1041,1605,818,1008,1592,1595,1002,1194,1242,1764,1728,1758,1273,1262,1560,1077,348,1163,1188,1158,1271,1239,2008,1549,760,698,1938,1156,1542,1134,1411,1373,1584,1292,298,1371,1757,1789,1450,1512,1294,1077,1564,1087,1156,1078,1756,1450,1369,1728,1094,1517,1040,1760,1890,1854,404,917,1514,1039,1143,1063,232,861,1481,1010,1248,1507,1488,1051,1554,1613,1358,1343,1937,1104,887,408,1573,1310,1377,1369,1321,1464,1124,1151,1926,1589,1512,1852,1041,1134,1411,1135,1338,1477,1764,984,1060,1407,1253,1453,1659,1199,1259,1608,1280
1434,1565,67,1484,1002,2011,1654,893,619,1208,1089,1280,1317,1958,1235,70,1464,1089,1558,1533,1792,1200,1069,1483,2361,1421,1996,1073,1674,1256,1314,1046,1233,183,1318,1007,1648,1240,1346,1005,1012,652,1452,2019,57,989,1063,0,1034,50,1163,1428,46,1058,88,1400,2004,1281,1258,930,1791,1074,1007,1927,2004,1088,2152,1574,1901,1234,1352,1172,1872,1363,1202,1308,1757,1973,1447,1128,1757,945,1440,1873,1743,1096,178,1081,984,1268,1154,1030,1944,1494,1429,1871,1436,988,1541,2099,1853,1688,1679,1862,1058,1095,1088,2009,1911,39,1153,1409,1267,1647,302,1746,1844,1136,1448,1127,1400,1913,1043,1104,1297,46,1701,1789,1550,1583,1029,1215,1203,1285,1092,1066,1438,1046,1332,1132,1760,1757,1424,1591,1534,1151,1022,1084,707,1194,1070,1373,1309,1334,1778,1633,1224,1301,55,1169,1079,1850,851,1367,1807,1529,1318,1472,1193,1442,1668,1212,1971,1183,1102,2010,134,1358,1172,1342,1319,1654,1705,1372,38,533,1868,1372,49,1091,1671,1053,1094,847,1079,1341,1579,1451,1092,1380,1030,1240,955,1968,263,1216,1508,1763,1207,1402,1402,1753,1635,1198,1995,1423,894,1104,1934,1124,1359,1311,1168,1049,1382,1386,920,1053,2342,1842,2121,1237,1085,190,1120,1273,1198,1587,1779,1723,1896,1381,1986,435,1743,1926,1861,1443,1391,1939
1148,1279,1186,1328,1412,1406,1505,1550,1321,1661,1475,1690,1703,1352,1308,1224,1438,1067,1376,2016,1082,957,1745,1543,1831,1544,1391,1153,1301,1279,1203,1398,1052,1096,1069,1121,1072,1266,1797,1474,1367,767,1094,1428,1117,1590,1136,1048,0,1181,1630,1537,1106,1118,1217,1039,1429,1034,1303,1638,1409,1207,1120,1542,1429,1335,1081,1314,1523,1094,1850,1548,1660,1309,1548,1147,1882,1595,1171,1573,1607,1457,1375,1459,1592,1123,1105,1227,1141,1142,1385,1670,1412,1976,1857,1439,1948,1580,1561,1491,1987,1185,1530,1659,1736,1749,1263,1414,1311,1142,1960,1173,667,1484,1201,1606,1184,1507,944,1473,1039,1107,1310,1484,1303,1106,1317,1193,1646,1172,1686,1056,1741,1357,1478,1355,818,1283,1729,1424,1377,1609,1153,907,1218,1812,1358,1235,1409,1330,1685,1453,1150,1053,1961,1123,956,1221,1158,1049,1124,1468,418,1772,1216,1666,1207,1656,1442,1480,1800,1309,1105,1332,1503,1632,1017,1300,1172,1284,1153,1271,1107,1790,1141,1331,1350,996,1152,1065,1287,1214,1439,1505,1532,721,1159,1339,1087,1429,1076,1045,1381,1590,1142,1152,1806,1165,1112,1037,1037,1369,1486,1289,1395,1035,1551,1327,1555,1626,1326,1213,1312,1384,1138,1192,1429,1209,1849,1208,1451,1264,1326,1104,1253,1359,1176,973,1396,1249,1097,987,1608,1054,1607,1326,1479,1054,1613,1555
1732,1633,16,1492,1219,1982,1627,962,702,1287,1321,1555,1601,1929,1031,19,1534,1326,1298,1541,1852,1267,1148,1235,2431,1429,1967,1143,1740,1324,1096,1122,1301,295,1100,1014,1997,1306,1634,1012,1232,625,1462,913,147,997,1070,116,994,0,971,1436,136,1065,37,1474,2068,1344,1326,939,1765,1307,1226,1900,2068,1324,2216,1545,1875,1243,1425,1249,1881,1372,1210,1316,1766,1946,1516,1368,1462,1021,1512,1847,1716,1332,275,1090,1197,1278,1161,1103,1918,1501,1188,1881,1443,1200,1610,1971,1922,1756,1652,1871,1127,1164,1097,2102,1882,345,1220,1475,1396,1371,399,1453,1907,1144,1094,1127,1474,1981,1049,1112,1302,136,1675,1887,1292,1649,1098,1283,1210,1293,1096,1297,1547,1271,1339,1137,1734,1766,1494,1656,1531,1159,1244,1092,790,996,1141,1383,1591,1113,1480,1698,1306,1086,129,1177,1087,1823,811,1374,1886,1601,1328,1226,1202,1510,1737,1280,2034,1191,1109,1984,231,1131,1238,1352,1328,1628,1676,1379,344,609,1841,1438,355,1099,1645,1060,906,916,1156,1453,1589,1530,1101,1389,1039,1306,964,1941,212,1014,1517,1734,1217,1476,1476,1727,1608,1266,1966,1365,962,1112,1907,938,1132,1094,1236,1126,1449,1672,926,1060,2411,1839,2185,1303,1321,302,1128,1281,1264,1653,1753,1435,1965,1355,1960,548,1451,1897,1834,1517,1473,1912
1320,1265,976,1471,91,1059,352,1101,1450,1629,1108,823,1234,997,1703,1176,1219,1151,1192,1554,1177,1178,1713,644,1492,1407,1015,978,1183,1077,961,1462,1084,954,1152,1445,1117,1296,1027,990,352,1323,1217,703,1163,119,544,963,1104,1172,0,890,1166,688,1177,1070,1341,1275,1352,926,868,1189,1443,550,1110,1272,1503,1301,808,1519,1735,1354,1517,673,588,1497,1400,601,1201,1084,1505,1533,1477,861,399,622,1162,983,473,825,613,1604,783,1263,1394,1334,1540,1168,1447,801,1649,1132,331,1261,1777,1717,1094,785,1088,1179,1840,944,1008,1341,1179,1252,1599,908,1471,1931,1070,1493,1344,1094,1198,966,899,710,970,919,1896,1095,712,958,1210,320,1192,1061,959,938,962,1251,1192,1737,2079,830,1693,1004,1205,1791,1653,1480,1498,1141,1260,1596,1368,972,1176,568,914,620,1212,1077,668,1799,962,729,97,1357,1687,1321,1680,1296,1130,1003,958,566,1149,1170,1514,869,930,1327,976,1185,532,971,976,1169,869,1125,1878,1110,1339,1096,1494,1326,1264,719,1510,1297,770,596,1163,462,844,907,1400,1291,1069,919,387,1108,1015,1254,1130,1348,553,134,622,984,1366,1198,1190,1449,1012,1112,1549,1711,1122,1294,1258,941,932,1175,951,920,896,1532,1474,822,835,1147,1256,1063,631,1078,1433,731
1084,952,1192,1218,1029,1998,1344,1241,1441,1312,873,656,1646,1934,1092,1441,1882,988,1330,1962,1330,1311,1122,771,1330,1819,1953,1585,1172,1709,1203,1866,1715,1175,1194,1175,1315,1703,434,1352,983,1147,1140,1592,1186,1179,464,1182,1444,1189,1219,0,1437,640,1185,1406,1464,1392,1454,1802,1778,1199,1174,1451,1464,1279,1477,2196,1740,1344,1381,2038,1918,482,775,1429,1495,1486,1539,848,1921,1936,1806,1796,1391,539,1457,906,657,1738,448,1376,1682,1604,1756,1337,1961,1845,1068,1704,1374,1550,1323,1926,1405,1373,1149,1684,2023,1446,1218,1287,1333,1756,1485,1598,1210,1525,1119,1924,1406,1392,1781,1524,958,1189,1819,1544,1312,1265,1218,1430,899,1568,972,886,1521,1423,366,406,1838,1595,1529,1200,1553,955,1164,1105,1747,1160,1143,1180,1441,945,1603,1465,1642,1230,1198,613,1599,1510,1550,1418,1564,2193,1874,804,1059,1038,1117,1732,1100,942,1293,1921,1195,638,1562,955,1446,1695,1819,1440,1445,1418,1423,1588,1199,1187,1789,1560,2272,1508,1672,1427,1426,1112,1021,589,1072,1410,1459,1481,1428,541,704,1786,1410,1404,1404,1826,1379,1742,1953,1756,1267,1028,1447,1215,626,1209,1770,1532,1841,1523,1658,1547,1113,1863,1476,1408,1265,1160,1557,1316,1293,1530,1816,919,1382,1471,1738,1150,1603,1998,1521,1415,1762,1612
1752,1547,103,1794,1005,2066,1671,875,662,1190,1330,1550,1306,2114,1013,106,1444,1081,1544,1520,1774,1182,1051,1231,2335,1701,2051,1055,1656,1238,1082,1082,1215,167,1084,995,2004,1222,1633,991,1226,697,1445,2070,11,992,1068,203,1061,86,966,1189,0,1284,124,1384,1988,1265,1240,1118,1821,1068,1203,1988,1988,1079,2134,1757,2134,1221,1333,1209,1857,1134,1206,1303,1743,2036,1427,1138,1741,981,1474,2101,1760,1330,158,1298,1196,1045,1400,1012,2177,1788,1167,1550,1718,1174,1523,2150,1835,1670,1696,1847,1040,1077,1081,2060,1966,77,1135,1391,1316,1632,282,1730,1826,1125,1103,916,1384,1895,1242,1092,1086,180,1762,1840,1537,1565,1011,1197,1457,1539,1104,1292,1487,1032,1617,1140,1822,1741,1405,1573,1874,1155,1221,1301,750,977,1052,1126,1304,1098,1762,1615,1264,1293,93,1177,1075,1910,885,1636,1858,1563,1085,1477,1196,1424,1650,1194,1954,1420,1316,2243,114,1129,1154,1104,1587,1715,1760,1360,76,569,1882,1354,87,1083,1732,1257,1601,829,1116,1393,1302,1505,1084,1386,1021,1222,1151,2031,299,1013,1512,1818,1194,1386,1386,1814,1652,1180,2050,1473,876,1095,1996,932,1365,1079,1150,1086,1369,1403,905,1040,2314,1543,2105,1219,1076,101,1338,1262,1180,1569,1841,1718,1878,1441,2219,497,1727,1981,1921,1427,1433,1999
1176,1817,1291,1543,653,1645,1001,1077,1310,922,995,803,1205,1581,925,1069,1681,1723,1415,1469,1400,1383,958,722,1124,1629,1599,1147,1773,1508,1533,1380,1254,1050,1724,1216,1798,1244,761,1181,607,1495,1454,1251,1281,836,216,1278,997,1286,876,576,1063,0,1285,1498,1562,1227,1289,1460,1423,1426,1215,1091,1293,1853,1052,1870,1399,946,975,1839,1435,327,656,1748,1340,1133,1659,970,1431,1439,1985,1444,1048,64,1073,1556,254,1395,341,975,1341,1747,1914,1401,1766,1639,2036,1359,1169,1346,980,1741,1209,1178,1666,1343,1670,1295,1269,1352,895,1295,1320,1737,1040,1098,1366,2129,1241,1187,1575,1096,1082,1063,1465,1103,1394,1324,1053,1527,852,1141,1094,667,1080,1513,693,824,1508,1436,1646,1246,1612,907,1204,1577,1589,1198,1184,1229,1748,1713,1445,1044,1216,1545,1294,441,1149,1173,1101,1261,1224,1654,1534,801,683,1926,1144,1267,929,1559,1126,1570,1064,382,1360,1742,1769,1435,1497,1549,1294,1558,1072,1147,1073,1741,1435,1356,2076,1310,1508,983,1740,1876,1839,467,1094,1244,1025,1128,1278,335,915,1466,999,1497,1239,1473,1036,1543,1599,1297,1103,1922,1089,872,386,1558,1301,1368,1360,1328,1201,1344,1139,1601,1577,1501,1837,1036,1123,1157,1126,1098,1462,1852,1176,1046,1393,1248,1742,1645,1184,1250,1932,1265
1704,1699,219,1497,1223,1939,1582,1023,808,1355,1306,1558,1628,1889,1270,257,1597,1116,1595,1565,1909,1325,1212,1495,2493,1755,1924,1204,1807,1390,1112,935,1361,348,1351,1037,1985,1367,1350,1037,1023,580,1481,925,211,1000,1290,168,965,278,974,1431,200,1064,0,1551,2122,1414,1386,1151,1717,1327,1253,1852,2122,1348,927,1500,1827,1051,1489,1061,1581,1370,1212,1607,1486,1897,1579,1356,1487,834,1330,1801,1671,1331,340,1107,1195,1297,1401,1164,1870,1842,1468,1889,1773,1021,1675,1923,1989,1814,1607,1574,1188,1225,1115,1948,1842,395,1281,1534,1368,1685,464,1785,1966,1167,1381,957,1551,2067,1299,1371,1066,200,1627,1818,1587,1707,1159,1343,1212,1315,1084,1076,1519,1302,1614,1366,1686,1487,1549,1712,1504,1160,1052,1340,896,1019,1202,1409,1332,1131,1504,1751,1253,1103,291,1174,1330,1777,782,1688,1840,1419,1116,1228,999,1576,1804,1343,2101,1459,1133,1936,296,1366,1297,1373,1342,1580,1632,1403,394,737,1794,1497,405,1118,1597,1085,1124,977,968,1425,1330,1601,1353,1150,1059,1367,1178,1892,176,1222,1519,1690,1244,1556,1556,1679,1563,1326,1926,1321,1023,1367,1858,1138,1132,1341,1296,938,1510,1642,1150,1084,2473,1496,2239,1364,1345,355,1151,1575,1323,1711,1705,1450,2030,1311,1912,613,1782,1857,1788,1597,1278,1863
1981,1225,1308,1798,1115,1750,1139,552,1524,871,1470,1653,2399,1820,2407,1311,595,2333,2358,1208,1386,436,728,1318,1527,909,1913,397,1328,276,2747,548,103,1380,2334,2137,1956,104,1846,1823,1116,1883,1162,2487,1323,1094,1250,1381,1255,1291,1293,1698,1403,1241,1326,0,768,265,133,2312,1969,2434,2135,2250,768,2632,1738,1431,1849,2625,996,826,1035,1576,1579,1097,956,2297,427,1776,916,545,984,1808,1128,1267,1135,2375,1441,2611,1594,688,1892,1158,1262,1825,2623,1089,1062,1945,1197,682,1156,1235,714,751,2276,1914,1653,1305,689,809,1136,2516,1065,2637,1457,2162,1311,1107,180,1409,1433,1922,1461,1403,2007,2309,2385,1203,690,99,1581,2464,1471,1188,2269,1971,1828,1704,2064,914,383,788,2593,1533,2377,2362,1611,2161,736,2277,1324,2239,1127,1270,2160,2693,1256,1436,921,2177,1181,2511,2239,1073,2748,1329,1320,1141,1163,423,1455,1108,2032,1958,1174,1279,572,2257,1343,2051,1718,2610,1304,1531,2331,705,1315,2351,2028,1978,1121,506,732,2267,1083,1185,2844,1554,2459,98,2433,2292,1492,1473,1347,1776,2342,1,61,1976,1123,116,1913,2016,667,2799,2256,1024,1552,2769,144,518,430,1974,1585,2141,1507,2583,860,101,2666,1315,2118,2464,598,1207,2059,1209,1390,2191,1934,1681,2632,1662,2186,276,958,2259
2576,1801,2026,1470,1393,1973,980,1141,1188,1611,1902,1671,1454,1866,1473,2029,555,1518,1477,1858,502,852,1415,1336,1643,1782,1959,830,1520,617,2053,767,659,2076,1519,1208,2445,643,1568,1137,1151,1178,1488,2060,1931,1131,1574,1986,1183,2010,1110,1768,2016,1293,2045,666,0,772,740,2256,2012,1550,1206,2218,180,1528,1134,2102,1898,1666,1504,708,1882,1353,1331,1021,1738,2174,677,1563,1893,705,857,1855,970,1588,1835,1818,1518,2210,1363,1366,1941,1904,582,1783,1730,551,1189,1911,1067,749,995,2026,1306,1343,1460,1921,2228,2024,1135,773,1278,1567,1768,1701,857,1248,1430,980,666,1029,799,971,1569,2016,2051,2048,1440,941,1173,706,1610,1510,1576,1224,1213,1008,1876,1486,2566,1926,751,1363,2329,1569,1274,1805,1276,1243,1400,1312,1019,1419,1820,1073,1151,1909,1974,1519,1707,2177,1370,1560,2187,946,2031,1634,1366,1268,1174,666,1044,1676,1077,2007,1874,1321,831,1407,1250,2095,2358,1655,2023,1399,2111,777,2034,1535,2072,1030,995,1095,680,1198,1002,1870,1634,1325,1528,658,2240,2169,2208,1283,1366,2263,1153,668,668,2019,1166,723,1959,2592,1096,1636,2122,1063,1604,1956,801,737,894,2588,666,1086,1623,2320,122,645,1546,2010,1202,1505,721,945,2103,1123,857,2675,1983,2382,1696,2004,2172,659,831,2159
2387,1242,1420,1471,1328,1767,1121,654,1168,1036,1764,1634,2361,1837,2352,1423,565,2289,2319,1190,882,387,897,1302,1477,2697,1930,362,1345,166,3002,582,155,1497,2290,2097,1943,139,1514,1783,1330,2003,1139,2500,1437,1079,1236,1495,1249,1403,1055,1682,1517,1481,1439,162,725,0,237,2325,1984,2391,2095,2264,725,2578,1699,1523,1866,2567,945,858,1231,1559,1291,1078,939,2311,460,1459,2786,579,953,1825,919,1513,1250,2331,1425,2624,1576,860,1909,1140,1233,1803,2585,1059,1011,1962,1291,608,942,1007,813,850,2232,1927,1670,1417,639,576,932,2478,1178,2599,1422,2124,1573,1076,162,1357,1403,1886,1452,1517,2023,2322,2350,1163,790,203,1562,2429,1462,1416,2238,1930,1811,1690,2082,2749,416,737,2594,1254,2322,2318,1255,2121,826,2241,1077,2196,1108,1237,2129,2652,1368,1421,2665,2192,1176,2472,2254,1042,2990,1313,1302,1090,1111,428,1405,2496,1994,1975,1289,1265,645,2215,1319,2067,1737,2578,1416,1378,2345,569,1427,2307,2044,1945,1091,609,764,2236,1064,1304,2790,1536,2404,154,2446,2306,1612,1206,1607,1703,2289,164,164,1991,914,220,1930,1985,770,2745,2271,1218,1270,2782,248,551,509,2382,1545,2099,1457,2139,817,141,2614,1433,2081,2429,524,1167,2075,1437,1338,2206,1951,1802,2595,1679,2202,205,927,2275
2436,1415,1408,1538,1164,1891,993,643,1049,954,1515,1713,2029,1957,2476,1411,496,2005,2048,1017,1080,509,815,1368,1598,1123,2050,484,1472,217,912,482,214,1482,2006,1751,2003,198,1578,1638,1165,1989,1216,2617,1425,1381,1299,1483,1079,1391,1120,1757,1505,1557,1427,221,675,424,0,2465,2103,2068,1749,2385,675,2717,1563,1522,1985,2694,1069,724,1055,1636,1638,1379,1182,2431,330,1831,1126,445,883,1948,984,1590,1237,2404,1241,2741,1653,778,2028,976,1169,1559,2260,995,1135,2081,1271,659,1216,1258,802,839,1947,2047,1794,1405,762,627,985,2152,1165,1108,1283,1804,1354,1006,221,1480,1338,1532,1506,1505,2142,2443,2011,1010,779,287,1641,2084,1831,1237,941,1547,1563,1762,2208,930,282,861,2626,1319,2447,2391,1137,1782,816,1885,1141,1910,949,1085,2265,2531,1356,1238,969,2312,1226,906,2373,972,1104,1378,1380,1214,1112,324,1529,961,1645,2094,1276,1605,760,1921,1396,2186,1869,2248,1404,1260,2465,619,1415,2022,2163,1598,1021,597,632,925,1127,1277,2124,1336,2528,213,1131,2426,1600,1268,1396,1826,1707,223,223,2110,979,250,1872,2121,758,2203,2391,1073,1334,2076,38,452,273,2005,1234,1646,1578,2615,772,200,2115,1417,1760,2087,575,1014,2194,1253,1461,2325,2070,1786,913,1803,2323,219,857,2377
2022,1001,947,1807,1315,906,939,1717,1108,1409,983,1837,1526,844,1408,939,1117,867,1495,1777,1600,1833,1471,1690,1220,1853,863,1812,913,1800,679,1124,1937,1113,868,1510,1585,1921,1527,1567,1486,1491,860,393,925,1258,1876,1124,1802,1134,1299,2162,926,1791,953,1944,1796,1830,2019,0,885,839,1512,663,1796,994,1785,1286,700,1222,1473,1294,1956,1812,1705,1145,1811,714,909,935,1807,990,1450,761,1029,1730,1832,701,1699,543,1752,1343,642,1816,1020,1791,1647,1729,1183,712,1380,1700,964,2019,1517,1526,810,633,937,1133,1579,1893,1534,1640,2298,1618,1336,1795,907,1327,1944,1227,1623,1668,986,926,1017,615,1458,1560,1632,1985,1829,1528,1186,1449,1517,1698,1459,2148,1073,1840,1094,1474,2446,1935,1391,721,1341,1485,1372,1211,1147,857,1736,1332,1592,690,1125,1800,519,733,2031,1635,740,1469,680,1830,1261,1057,1413,1754,1186,954,1634,671,1745,1699,1656,886,1161,886,1021,1738,939,1104,657,1879,1130,885,886,1693,1546,1818,1276,1510,1145,1191,983,1860,1242,1936,718,709,931,1692,1959,997,1490,1946,1946,936,920,2002,863,1464,1539,1066,667,1094,1761,702,1887,919,1101,1771,1409,1616,1279,2433,1908,1923,980,913,1765,1523,1682,1564,913,1266,1208,996,647,946,1613,912,728,1987,1398,715
1538,767,1424,2321,995,435,607,1540,1540,1147,2031,1608,1482,615,1409,1419,1901,868,1460,1255,1522,1726,1240,1378,1134,1104,216,1705,788,1689,979,2028,1839,1320,869,1452,1306,1823,1846,1407,1168,980,959,720,1392,938,1555,1283,1308,1399,978,1889,1381,1477,1435,1846,1718,1721,1921,943,0,974,1450,312,1718,995,1520,719,291,1223,1370,962,1028,1509,1381,1256,1118,373,1886,2007,1184,2022,1313,481,702,1416,1321,738,1380,843,1434,1163,334,1217,1021,2125,993,1560,1079,427,1301,1596,632,1241,1229,1247,811,411,491,1362,1474,1787,871,1595,1418,1185,1259,1635,1774,1211,1846,1145,1471,1515,2122,1380,176,368,1459,1457,1455,1887,1505,1529,2024,1134,849,1548,1778,1838,322,1188,1870,1369,1851,1681,1392,725,1095,1486,1178,1212,1257,858,997,1229,893,990,1376,1464,888,242,1412,1589,301,1100,980,1492,941,971,1302,1643,1303,963,1472,400,1236,1409,1550,887,1273,146,409,1683,1359,1540,407,1775,1370,886,146,1536,1407,1642,947,830,1253,624,984,1544,1243,1838,787,368,1377,1374,1642,388,1492,1848,1848,5,588,1904,232,839,1362,1067,334,767,1450,1002,1713,1996,2021,1946,1245,1453,1197,2223,1829,1825,981,1329,1590,1524,1576,1461,117,1555,1126,561,376,1300,983,236,255,1730,1260,331
1845,1445,1091,1368,1547,1401,1189,2128,1229,1771,1144,1248,958,1337,786,1082,949,251,887,1140,1618,2258,1853,1076,1651,1310,1353,2241,1320,2079,508,1165,2120,1065,252,881,1429,2104,1118,1178,1720,1019,390,661,1067,1490,2105,1297,999,1083,1531,1373,1289,2027,1099,2128,1556,2251,2203,743,1177,0,883,1011,1556,378,1179,1766,1187,604,1870,1098,1416,1535,1093,669,1256,964,936,1315,1186,1021,1484,1203,1278,1967,1023,28,1917,462,1459,1752,1129,1196,959,1357,1019,1149,1583,1133,1876,1759,1214,1394,1925,1962,187,1159,1426,1081,1982,2172,1752,1072,1015,995,1589,1130,1080,1637,2128,1944,1204,1005,1148,1068,1206,858,859,1931,2042,2169,1136,916,1380,1683,1730,1281,913,1161,1359,1219,937,1877,2204,1253,761,40,1230,858,1792,610,671,233,1122,1913,1804,27,1296,1994,436,978,1024,1106,986,1246,492,1280,1493,1514,1991,2129,1591,390,1174,1158,1034,1943,1991,262,685,1176,1450,1164,1081,1484,904,1968,1077,268,1176,1243,1307,2230,1310,1725,669,1665,370,1566,622,2120,781,959,1298,1910,1180,1419,861,2130,2130,1228,1170,2186,1353,1686,1947,452,919,1343,1964,35,2254,1152,1145,1948,950,1137,1972,2194,1705,2106,364,1278,1095,914,1933,1935,1203,938,1928,1249,1134,1325,990,1401,973,2120,1187,960
2038,1497,1237,1057,2232,1713,1934,1819,1092,1661,1666,1235,739,1607,375,1223,1508,969,683,1046,1107,1754,1745,983,1273,1105,1700,1733,1241,1549,1061,1589,1591,1000,970,1,2092,1575,1497,683,2400,1253,1124,1429,1203,2179,1016,1216,1353,1015,2222,1418,996,1006,1037,1598,1350,1750,1673,1502,1761,1138,0,1775,1350,602,439,1802,1641,559,1611,1299,1214,1268,986,1423,1054,1741,1551,1341,1096,1399,1133,1599,2020,1226,1125,892,1202,1240,1052,1618,1684,1105,1173,1044,924,992,1188,1737,1212,1249,1959,1305,1789,1754,912,1675,1706,1218,1612,1662,942,850,911,900,861,545,1279,1282,1598,1285,1011,409,1666,996,1800,1631,643,1217,1773,1639,989,704,1666,910,2388,1092,1226,1231,2076,1129,1596,1508,2336,968,236,879,1318,101,1685,487,1424,959,1012,1196,2445,902,998,1212,1201,1739,1344,886,1749,1155,1042,1218,2183,1193,1325,1596,913,1123,438,1750,1149,1220,1481,988,1440,1856,1887,940,1010,1102,1683,1443,1003,987,1828,509,1225,1774,1291,2386,1420,1812,817,1215,424,1590,1542,1736,1008,1229,1013,1738,88,1600,1600,1768,1915,1656,1700,2287,1817,772,1702,2085,1230,938,1684,1638,1653,2543,789,446,1304,2326,1448,1577,666,996,528,703,1421,1221,1859,1697,1037,2125,1726,1050,895,1745,1734,1591,1386,1721
1840,1088,1529,2180,846,756,530,1692,1037,1383,1874,1467,1570,694,1452,1533,1148,909,1543,1265,1278,1808,1444,1231,1213,922,708,1787,887,1773,721,948,1911,1434,910,1210,1210,1895,1696,1157,1018,1086,955,459,1505,790,1405,1385,1597,1514,830,1735,1494,1323,1550,1918,1499,1804,1993,677,606,934,1208,0,1499,1036,1261,1120,506,1266,1447,1318,1026,1343,1245,1243,925,307,1127,1841,1204,1007,1471,561,625,1262,1426,743,1233,585,1281,1318,517,1231,1340,1971,1019,1288,1157,506,1373,1675,555,1242,1492,1500,852,523,783,1474,1554,1868,1094,1688,1525,1001,1329,1385,2011,1621,1918,1220,1223,1263,1963,1494,638,450,1505,1535,1607,1959,1369,1575,1973,984,1078,1301,1628,1688,790,1001,927,1449,2260,1525,1438,763,1040,1533,1347,1251,1244,899,1012,1307,1128,732,1490,1326,683,349,1830,1684,308,1487,722,1382,793,1050,1387,1727,1381,1051,1219,765,1343,1230,1631,928,1260,608,866,1786,1473,1242,246,1854,1484,927,608,1276,1296,1794,1300,1061,1240,1020,1025,1387,1283,1910,522,302,1482,1222,1501,843,1155,1920,1920,657,511,1976,708,1021,1514,1108,264,690,1292,744,1864,1130,928,1618,983,1210,1272,2248,1643,1897,1022,1444,1326,1570,1657,1539,635,1306,1201,587,540,1401,1004,758,344,1961,1174,331
2133,1801,2026,1470,1393,1973,980,1141,1186,1611,1575,1384,1454,1866,1473,1971,555,1517,1476,1858,502,852,1415,1336,1643,1781,1959,830,1520,617,2053,767,659,2071,1518,1208,2024,643,1894,1137,1391,1178,1488,2060,1930,1366,1303,1985,1183,2010,1341,1768,2015,1562,2045,666,180,764,740,2256,2012,1550,1206,2218,0,1529,889,2102,1898,1667,1504,708,1883,1634,1331,1021,1739,2174,677,1563,1895,705,857,1855,1171,1588,1834,1818,1257,2210,1646,1366,1941,1904,581,1783,1730,551,1188,1911,1067,751,995,2026,1306,1343,1459,1921,2228,2024,1135,771,1058,1567,1767,1701,857,1248,1430,980,666,1029,799,971,1894,2015,2051,2048,1439,941,1173,706,1610,1509,1903,1224,1213,1008,1876,1486,2565,1928,753,1363,2329,1299,1274,1805,1274,1243,1400,1312,1019,1418,1822,1073,953,1909,1974,1519,1707,2177,1134,1560,2187,946,2031,1353,1131,1267,1174,666,1044,1676,1081,2007,1873,1321,829,1406,1250,2095,2358,1655,2023,1397,2111,777,2034,1534,2072,1030,995,1095,680,992,1002,1870,1633,1325,1528,658,2240,2169,2208,1283,1366,2263,1153,668,668,2019,1166,723,1959,2590,1095,1637,2122,1284,1328,1956,801,737,894,2588,666,1087,1624,2802,174,645,1547,2005,1202,1504,720,945,2103,1357,857,2673,1983,2377,1695,2004,2172,659,831,2159
2401,1894,1106,1664,2051,2003,1749,2223,1458,2043,1571,1531,630,2021,306,1095,1907,329,571,1100,1538,2179,2106,1362,1668,990,1958,2162,1642,1977,860,2004,2018,1080,330,552,1607,2002,1105,1110,1727,1300,696,1236,1079,1998,907,1314,1106,1096,2041,1059,1303,1865,1116,2026,1784,2172,2101,1304,1758,713,554,1582,1784,0,862,2198,1768,261,2003,1188,1099,1126,1380,863,939,1551,1951,1512,1169,1103,1113,1819,1839,1775,1236,590,2105,1042,1124,2007,1710,1089,1604,1664,1073,1244,1570,1709,1605,1681,1774,1238,2187,2162,392,1669,2028,1092,2005,2094,915,742,1218,983,1291,753,1476,1238,2026,1680,1300,622,1574,1303,1799,1431,551,1656,2172,2067,1422,652,1570,1611,1936,1377,1092,1130,1980,1054,1996,1902,2804,1518,429,577,1207,530,2044,260,865,391,1014,1616,2017,600,1083,1100,851,1545,1116,777,1554,1131,842,1564,2002,1578,1716,2027,1293,586,805,1739,1255,1675,1913,369,879,1769,2029,832,1093,1464,1487,1888,1313,321,1769,851,1437,2179,971,1935,863,2217,219,1658,274,2018,1129,1546,1089,1109,1464,2001,532,2028,2028,1806,1730,2084,1958,1876,2019,174,1511,1904,1737,636,2112,2016,2031,2076,1207,773,1698,2792,1896,2004,88,1298,735,595,1854,1660,1796,1132,1661,1448,1715,1354,987,2003,1540,2018,1074,1527
2019,1443,913,1164,2063,1655,2101,1445,958,1275,1392,1332,919,1549,775,2074,1384,1119,959,1298,716,1377,1360,1059,837,1252,1641,1356,1185,1157,1099,1474,1195,2178,1120,484,2157,1179,1577,614,2231,1157,1038,1815,2032,2010,1283,2088,1306,2121,2053,1223,2118,1270,1120,1202,963,1380,1276,1903,1703,1095,486,1991,963,1006,0,1741,1583,964,1159,1176,1359,1103,1058,1329,1199,2039,1530,1364,1345,1280,1288,1540,2185,1288,1943,1162,1244,1333,1339,1218,1626,1351,944,1162,1175,686,1117,1679,929,867,2126,1492,1397,1375,1062,1616,1647,2134,1131,1281,918,1033,1877,1151,486,700,1538,914,1202,957,692,454,1390,2117,1742,1780,932,836,1292,1242,1060,988,1682,966,2333,768,1292,1529,2014,1378,1518,1025,2761,1033,655,1149,1155,763,1298,798,1330,1019,1283,830,2389,1172,2084,1035,1257,1917,1280,1068,1979,1377,1444,1080,2014,1196,1035,1207,614,1214,534,1692,1982,1288,1100,976,1346,1794,1829,1125,2133,1172,1851,1064,2144,1137,1768,490,1418,1399,1168,2331,1326,1515,1219,1287,829,1194,1537,2034,2320,1054,1089,1680,364,1204,1204,1710,2082,1259,1641,2231,1208,1174,1999,2250,1297,1105,1287,1514,1658,2498,529,546,817,2749,1055,1181,1069,2111,688,987,1037,839,1799,1522,662,2068,1668,1140,1111,1687,1941,1229,1263,2002
1526,555,1361,1233,1660,451,1302,1042,1501,657,943,2218,2073,399,1695,1248,1453,1411,2089,1341,1452,1287,757,2041,1116,988,506,1109,530,1344,1683,1639,1337,1255,1412,1584,1414,1234,996,2161,1829,913,1504,1434,1351,1604,2219,1220,1246,1358,1641,2528,1340,2134,1392,1344,1684,1279,1287,1092,747,1550,1586,1025,1612,1548,1625,0,514,1768,740,1705,1111,2164,2126,1838,1219,1081,1414,935,1258,1550,940,487,1463,2082,1269,1311,2036,1574,2080,676,574,1298,1172,1290,1042,2030,805,609,1175,1316,1396,1107,742,781,1374,697,359,1320,826,1342,945,928,1669,1254,1185,1979,1827,1279,1291,1071,2122,1856,937,1338,782,969,2092,1202,956,1244,2150,2123,1140,1809,959,2204,982,2496,736,1044,1465,942,2157,2268,1629,1298,1586,1896,691,1785,1856,1402,1279,960,819,1390,1312,2122,1607,958,1486,1109,1023,950,1739,2250,1629,736,1002,1189,1134,1561,1948,640,1195,2049,1105,1431,1862,583,346,1122,1317,1498,1115,1480,1328,1427,797,1995,1016,1119,1734,940,1828,355,1548,2211,1643,1236,1497,1101,1312,2016,2279,404,1460,1347,1412,754,1352,1220,439,683,845,1617,1066,1522,2070,1733,1199,1591,1442,1893,1838,1889,1067,2145,1722,1233,1533,1285,1945,2125,1123,1206,832,2129,1051,808,598,1261,1255,368,968,1388,1837,1039
1576,598,1514,2120,1267,315,1238,1217,1649,980,1129,2089,1775,243,1450,1377,1484,1123,1742,1216,1211,1327,865,1912,815,2090,268,1306,469,1284,1095,1630,1391,1466,1153,1306,1350,1375,2401,1560,1439,1078,1254,861,1481,1211,2083,1409,1334,1488,1531,2402,1470,2007,1522,1398,1353,1304,1473,654,391,1315,1308,679,1353,1256,1372,724,0,1492,928,923,1204,2038,1996,1520,2033,758,1467,908,946,1603,1266,156,1331,1947,1397,1148,1904,987,1970,822,70,1176,977,2094,1155,1724,688,123,986,1201,1263,996,1004,1041,1069,219,330,1450,1086,1196,932,1897,1852,946,913,1823,1816,1416,1398,803,1618,1699,1127,1526,424,657,1772,1085,1131,1439,2111,1791,935,1678,914,1687,2333,2365,709,1146,1459,976,1882,2137,1371,1011,1651,1649,854,1466,1541,1116,1163,843,970,1137,1329,1989,1031,610,1440,1879,673,1282,1151,2122,1494,639,890,1240,960,1268,1622,136,1329,1923,1147,1145,1537,465,429,1995,1449,1631,792,1362,1460,1140,442,1669,1127,1318,1096,895,1517,629,1244,2084,1490,1390,788,753,1467,1901,2149,401,1286,1400,1400,398,1219,1456,257,814,1179,1328,719,1390,1944,1146,1367,1603,1606,1645,1395,1563,847,2260,1451,1377,1242,1420,1714,1783,1171,1089,473,1692,784,667,112,1392,1144,305,623,1441,1005,696
2000,1662,1039,1187,2024,1867,1725,1997,1356,1807,1607,1151,683,1772,194,1028,1620,730,599,1094,1234,1891,1891,914,1419,1024,1851,1873,1409,1726,885,1715,1767,1224,729,308,1669,1751,1173,851,2176,1033,905,1256,1012,1974,957,1021,1321,1029,2016,1113,1011,1143,1269,1774,1453,1871,1849,1292,1786,947,310,1576,1453,423,608,1952,1794,0,1724,1425,1132,1193,1110,1205,940,1523,1668,1288,1149,1516,1212,1756,1818,954,951,710,1134,1065,1194,1755,1729,1161,1300,1171,1011,1137,1333,1783,1396,1382,1750,1240,1929,1917,742,1747,1922,1237,1799,1595,1100,788,1127,945,1021,599,1237,1363,1774,1433,1164,475,1608,1011,1823,1447,588,1381,1981,1815,1113,685,1330,2155,2260,1236,1400,1418,2020,1182,1713,1691,2792,1709,170,697,1123,287,1828,322,1207,789,1066,1370,2356,720,1014,949,1080,1547,1321,815,1550,1022,863,1136,1978,1331,1432,1774,1040,959,646,1917,969,1144,1604,818,1222,1793,2049,878,1238,1366,1459,1647,1019,814,1793,705,1305,1953,1417,2258,1205,1965,555,942,233,1766,1392,1518,1235,1160,944,1904,288,1776,1776,1834,1706,1832,1851,2439,1965,510,1484,1877,956,756,1860,1730,1750,2075,922,586,1451,2302,1551,1753,440,1010,586,622,1544,1385,1820,1479,1187,1761,1893,1060,940,1897,1542,1767,1165,1529
1807,508,1571,1215,2333,972,2041,539,1865,365,1497,1094,1874,1034,1601,1501,898,2116,1905,930,800,738,480,1261,655,2192,1110,716,563,802,1983,1027,798,1661,2115,1477,1700,782,1260,1349,2484,1537,1870,1727,1474,2284,985,1518,1879,1555,2326,1143,1540,1178,1589,805,970,715,879,1553,1211,1937,1576,1493,970,1830,1270,853,1046,1798,0,1161,1144,1038,1248,2142,2135,1569,884,1229,2295,1023,1301,1015,2128,1000,1433,2032,933,1875,1051,319,1088,2304,1370,1498,2132,1394,273,1141,745,608,2066,1134,505,462,2035,1144,877,1571,322,600,1586,1989,1351,2086,655,1643,1095,1432,805,454,1409,1396,1489,1540,1251,1551,1922,489,347,845,1035,1934,1240,1107,1569,1479,1245,1158,1365,2229,857,249,2454,997,1524,1978,1953,1613,416,1755,2142,1766,2189,234,1457,2021,1525,1125,1903,1420,2119,1961,1485,1391,2033,1275,2288,354,569,656,922,2064,1513,1154,1472,1220,552,1825,2166,1018,973,2085,1570,1758,1603,787,1581,2222,1281,1443,1444,818,1154,1562,2132,620,1961,1228,1638,798,1669,1564,1737,1158,1296,914,1457,808,808,1218,2022,863,1110,1307,463,1916,1529,2187,1227,2033,919,1001,1010,1831,1073,1561,635,2443,1064,785,1846,1595,1588,1948,576,493,1298,966,828,1449,1130,1923,2081,886,1431,849,1282,1506
2662,1660,1255,2134,1689,2178,1227,1150,730,1476,2096,1652,1015,2198,1705,1236,405,1038,1006,1110,1073,816,1351,1935,1850,1043,924,794,1767,583,1361,424,633,1411,1040,1430,2698,617,2189,1308,1691,1220,1215,1332,1284,1664,1850,1241,1282,1311,1635,1687,1273,1523,1313,640,665,722,725,1071,1162,1326,1428,1091,665,984,1189,1950,1114,1906,1371,0,1159,1588,1591,1632,1097,1106,434,2103,1239,229,347,912,1218,1550,1332,1316,1780,1355,1936,1286,1142,1070,839,2156,1179,685,1415,1160,1576,1006,1241,1143,1315,1352,1286,1172,2082,1330,1084,976,1454,1006,1645,1008,1428,1467,1569,489,640,1833,1031,1231,2084,1273,1156,1213,1222,1359,1288,757,1593,1024,1737,1472,1406,1225,1797,1688,1127,1023,352,1161,2805,1876,1574,1086,818,1463,1324,1138,1631,1084,1041,1387,1336,1315,1263,1775,1438,1052,1461,1253,1026,414,1363,1947,1663,1494,1396,740,1609,1166,1345,947,1260,1888,1127,1309,1366,1160,2212,1027,1329,936,1104,975,1340,1044,963,1267,503,1104,22,1148,1612,1744,1017,1571,917,632,1167,1340,1461,1812,1969,1114,1387,642,642,1156,1214,740,1111,1060,1267,1023,1326,1308,1568,1112,710,440,462,2174,934,1343,1830,2795,788,619,1195,1368,1418,996,928,1363,952,1761,1816,1255,946,1638,1210,906,1061,633,304,1083
3079,1183,1893,1570,1281,1031,1400,1060,1601,1050,1856,1365,812,1016,1469,1555,1259,1411,964,220,2018,1019,1039,1620,2381,521,1263,1241,940,1223,1531,1087,1253,1543,1412,1331,2112,1237,1938,1471,1532,1924,1454,1149,1538,1262,1746,1550,2005,1557,1256,1588,1537,1734,1910,1250,2109,1019,1274,2071,1241,1529,1329,1239,2109,1296,1626,1341,997,1478,947,1400,0,1765,1639,1731,502,1238,1258,2175,446,1352,1263,1005,1388,1433,1773,1453,1748,1751,1454,1252,1202,324,1962,1498,588,1749,930,1227,2299,922,1171,77,1302,1083,1355,985,1053,1550,1171,1145,1473,720,1743,501,2023,1234,1783,1650,1035,2331,1717,1086,1859,1537,1250,962,1025,1104,1028,1050,1643,1091,2240,1599,1697,1821,1594,1671,1247,453,1058,934,3476,1357,1340,1440,1931,1364,1063,1089,1731,1387,414,910,1670,1463,1859,1765,1688,1250,1661,743,1220,1550,2004,1376,1262,940,2335,1207,2066,1660,1408,1210,1800,1417,1160,1446,1752,1055,1078,805,1873,1617,1234,947,1865,1427,1262,1129,1600,1278,1152,1696,1723,1123,1450,1697,1399,1245,971,1249,1873,1769,1368,1090,1282,1037,1253,1025,1385,1054,1249,1593,1261,1405,1032,1475,1426,1499,1062,1084,1307,3185,1534,1353,2361,2868,2252,1024,1433,1541,1021,935,1152,911,1038,1959,2189,1236,1206,1597,504,1259,1253,1238,1237,1256
1185,1805,1140,1284,675,1703,988,1143,1381,988,1117,688,1493,1640,1167,1140,1456,1704,1203,1498,1217,1210,1023,463,1197,1666,1658,1212,1925,1313,1527,1746,1593,1354,1705,1051,1636,1580,554,1486,631,1101,1194,1242,1132,822,274,1129,1299,1136,860,434,1370,475,1135,1305,1634,1291,1354,1449,1501,1493,1050,1110,1353,932,1332,1852,1478,988,1254,1918,1461,0,434,1451,1652,1149,1736,1078,1463,1816,2065,1576,1035,335,1382,1549,499,1385,119,1041,1420,1477,1977,1209,1497,1411,961,1427,1242,1177,962,1468,1067,1042,1649,1438,1545,1143,1346,1182,1200,1603,1164,1777,1326,1137,1353,2210,1576,1042,1636,1373,1294,1134,1538,1164,1186,1399,1118,1606,558,1415,1205,510,1370,1572,486,681,1543,1774,1724,1322,1976,677,1040,1574,1675,1252,1264,1053,1452,1334,1783,1336,1480,1538,1380,583,1223,1228,1405,1291,1304,1720,1552,576,825,1124,1008,1608,1190,1211,1168,1647,1135,203,1189,1393,1468,1361,1478,1314,1380,1361,1087,1461,1144,1721,1508,1410,1786,1390,1573,1270,1448,1861,1825,185,1143,1581,1100,1144,1363,469,590,1444,1044,1575,1574,1551,1105,1343,1658,1605,1411,1908,1099,854,291,1548,1650,1730,1721,1348,1516,1398,1003,1625,1364,1578,921,1107,1163,1436,1189,1401,1562,1568,1248,1110,1461,1103,1476,1705,1240,1314,1666,1292
1332,1751,1215,964,630,1654,943,1392,1445,1206,1329,228,1143,1591,1778,1465,1754,1226,1110,1689,1193,1213,1247,53,1178,1284,1608,1469,1874,1312,1449,1448,1595,1442,1227,1193,1621,1581,703,1177,586,1005,1020,1199,1203,777,676,1452,1435,1461,815,831,1457,664,1463,1307,1607,1560,1357,1405,1444,1093,1191,1062,1607,1329,1278,1801,1431,919,1034,1922,1357,462,0,1287,1268,1101,1435,1285,1370,1820,1716,1527,990,486,1206,1501,719,1338,398,1049,1373,1380,1922,982,1409,1372,953,1379,1224,1168,917,1366,1081,1057,1172,1391,1494,1216,1344,1177,1326,1235,1476,1667,1299,1060,1787,1839,1579,1238,1304,1286,1513,1206,1481,1125,1093,1387,1358,1332,54,1078,1415,465,1496,1248,635,1116,1491,1376,1724,1314,1786,181,974,1526,1751,1178,1278,1173,1288,1203,1670,1096,1640,1490,1466,801,1184,1181,1544,1195,1257,1729,1505,277,780,924,995,1604,1158,1042,1098,1599,1450,367,1431,1262,1304,1308,1427,1219,1216,1428,1040,1204,1469,1243,1451,1334,1794,1160,1903,1399,1284,1811,1345,514,1588,1582,1068,1097,1202,687,274,1393,1185,1577,1306,1494,981,1625,1608,1524,1420,1429,1052,809,431,1501,1369,1733,1724,1809,1467,1320,1191,2144,1341,1579,1311,1426,1317,1098,1429,1150,1510,1395,1228,1071,1413,1184,1385,1656,1192,1314,2020,1247
1910,1927,1325,1426,1650,1847,1590,1210,1784,2259,1184,1272,1106,1784,1086,1316,1202,800,1070,1341,1754,1022,2298,1106,2005,1439,1802,1242,1763,1315,552,1474,1338,1569,801,1454,1363,1093,1175,1324,1461,1475,383,1116,1302,1599,1669,1579,1385,1590,1638,1430,1573,1594,1331,1325,1233,1302,1142,1154,1620,546,1456,1436,1233,780,1272,2188,1681,1155,2277,1351,1554,1530,1119,0,1361,1388,1437,1344,1368,1276,1481,1720,1683,1518,1264,574,1924,772,1453,1104,1623,1374,1405,1391,1233,1195,2034,1570,1999,1131,1615,1556,1162,947,744,1559,1874,1589,1114,958,1146,1213,1521,1164,1597,1203,1161,1942,1325,2070,1403,1210,1193,1303,1657,1309,1144,1109,963,1122,1162,1199,1428,1344,1912,1472,1107,1171,1852,1401,1192,2092,2314,1234,1322,613,1479,1429,937,963,18,775,1294,1936,1998,576,1580,2010,696,1408,1438,1233,1409,1810,1030,1331,1603,1907,2394,1094,2124,531,1431,1652,1273,1423,970,834,25,1627,1920,1310,1589,1475,1324,977,1312,816,1627,1430,1560,1214,1616,1905,69,2090,922,1562,1043,1097,986,1383,1580,1921,1230,1879,1434,1097,1325,1668,1571,1133,1802,1862,1218,1005,1349,1742,1484,558,1393,1210,1204,2042,1166,1376,2420,2303,1021,1092,762,1290,1335,1143,966,1108,1654,277,1763,1419,1628,1324,1159,1849,1403,1325,1441,1390
2958,2557,1778,1225,1185,929,1280,1173,1514,954,2123,1544,526,914,1296,1763,1176,1506,684,267,1906,934,1141,1513,2245,289,944,942,2312,934,1572,1228,959,1448,1505,1231,2024,1141,1832,1539,1173,1493,1495,2215,1744,1408,1631,1455,1558,1463,1159,1805,1443,1619,1795,1154,2030,1134,978,2301,926,1570,1229,1118,2030,1128,1521,1010,2704,1214,2503,1325,290,1368,1531,1772,0,1117,1174,2058,493,1052,1206,2653,1050,1618,1660,1490,1350,1790,1362,1139,2654,310,1873,1415,585,1662,2248,1104,2212,2059,1072,407,986,1195,1392,2672,951,1758,2499,2278,1656,470,1631,419,1925,978,1683,1314,1154,2243,1677,986,2127,1443,1127,2398,738,2199,938,1173,1270,810,1757,1485,1574,1749,1818,1903,931,497,987,2401,2776,1266,1243,1477,1826,1268,1171,920,1772,1424,332,2244,1280,1500,1445,1364,1727,934,1560,457,1098,1482,1869,1554,1408,2246,2248,922,1975,1702,1216,2827,1396,1599,2352,1483,1793,953,976,495,1457,1846,1113,2227,1751,1514,943,1208,1271,969,1089,1572,1764,1236,1281,1312,1235,1149,2011,1128,1758,1653,1281,1193,1178,1156,1157,1115,1265,1180,1126,1217,1155,1236,931,1124,1333,1536,1192,1222,1220,2535,1447,1167,2272,2766,2173,1141,1146,1446,1114,646,2214,2203,936,2000,2091,1134,2803,1501,422,941,1131,946,1422,939
1525,1150,1559,2109,909,820,596,1772,1053,1460,1934,1460,1637,758,1514,1420,1166,962,1598,1048,1328,1884,1520,1282,1316,1115,773,1863,1028,1948,751,1163,1945,1445,963,1249,1200,1929,1767,1210,1062,1119,1002,518,1516,858,1450,1454,1600,1523,896,1785,1505,1374,1557,1953,1551,1861,2028,730,652,985,1247,264,1551,1096,1312,1188,573,1320,1476,1336,1025,1414,1367,1266,925,0,1145,1875,1206,1022,1489,697,695,1313,1440,804,1279,643,1337,1383,579,1020,1119,2028,1233,1353,1237,578,1455,1763,621,1242,1560,1577,906,607,849,1485,1643,1755,1126,1754,1555,1003,1422,1408,2035,1639,1953,1323,1282,1322,2118,1505,681,678,1592,1644,1687,1994,1481,1629,2018,1047,1112,1355,1699,1741,864,1003,941,1534,2266,1556,1493,830,1276,1601,1420,1308,1267,953,1014,1400,1177,793,1372,1366,743,542,1737,1742,424,1505,806,1467,861,1174,1451,1800,1501,1082,1278,783,1372,1308,1706,982,1283,651,937,1853,1484,1044,99,1940,1495,978,651,1329,1311,1875,1091,1094,1263,1093,1084,1448,1340,1945,584,60,1512,1268,1521,907,1196,1955,1955,703,577,2011,773,1071,1740,1167,257,754,1371,802,1919,950,1138,1621,1033,1214,1376,2254,1690,1931,1082,1455,1347,1625,1730,1648,678,1356,1304,622,612,1437,1006,824,537,1995,1436,336
2547,1404,1536,1606,1504,1879,1073,812,774,1181,1940,1805,1801,1923,1797,1469,215,1725,1835,999,1161,509,1056,1445,1562,921,2001,484,1462,239,965,252,277,1624,1726,1523,2525,261,1660,1404,1246,1113,1273,1138,1442,1478,1670,1486,1415,1520,1450,1859,1508,1373,1554,284,748,401,447,1098,2090,1130,1521,933,748,1899,1294,1631,1944,2004,1072,440,1042,1437,1733,1190,972,948,0,1940,1104,157,624,1911,1063,1399,1398,928,1603,959,1753,1007,1986,958,946,1622,2058,781,1132,2039,1286,801,1087,1027,977,1014,1670,2034,1782,1536,787,771,1076,1920,1316,2012,1459,1572,1746,760,284,1506,1134,1328,1929,1508,2128,2386,1847,1153,948,404,1735,1867,1941,1318,1032,1328,1645,1868,2205,911,76,865,2260,1398,1670,924,863,1558,989,1688,1189,1115,1123,1197,1178,926,1490,1599,1242,2294,1107,906,2358,713,1167,1456,1477,1213,1111,399,1568,1005,1446,2052,1437,1411,808,923,1455,1922,1911,2017,1535,981,1142,770,1546,1743,2149,1376,774,766,276,1228,1173,1433,1847,1712,1836,276,1216,1149,1702,1635,1780,1814,1481,286,286,2097,1279,387,2001,1118,929,2010,1136,1154,1710,1147,357,226,162,2095,1038,1443,1542,2252,840,263,1920,1559,1521,1852,723,1157,2180,1298,1473,2305,2028,1892,2008,1794,2305,277,604,1119
1260,1265,1369,1646,1434,2526,1771,1569,1682,1152,361,1162,1565,910,1533,1138,1626,1434,1531,1831,1736,1377,1189,1318,1206,1709,2474,1377,1297,1484,1071,1604,1792,1354,1188,1621,963,1476,949,1500,1391,1401,1127,1988,1370,1603,1095,1362,1222,1132,1643,778,1375,1137,1122,1470,1888,1763,1516,1130,2297,1089,1620,1880,1888,1252,1647,1129,1097,1556,1485,1741,1801,1045,1417,1113,1704,1913,1606,0,1789,1659,1850,1099,1818,1142,1417,1340,1039,1235,1022,1206,2209,2182,2275,914,2193,1994,1163,2215,1238,1654,1745,1806,1219,1441,1153,2227,2297,1143,1565,1652,1433,1654,1453,2167,1320,1445,631,1960,1470,1520,1951,1439,365,1138,2226,1933,1829,1353,1283,1492,1541,1815,246,1400,1602,1897,881,481,2285,1793,1923,1286,1546,1478,1336,1351,1399,1325,1204,1655,1349,1390,1803,1574,1715,1336,1385,899,1171,2015,1370,1622,2093,2243,1296,1330,1464,1134,1218,1506,1221,1403,1771,2275,1396,1329,1656,1161,1112,2117,2110,1643,1380,1648,1853,1395,1147,1183,2196,1758,2320,1307,1726,1505,1136,979,1471,1202,1513,1781,1865,1908,1361,896,1230,2196,1611,1773,1773,2349,1809,1504,2474,1838,1329,1481,1874,1637,1199,1313,1843,1591,1912,1192,1814,1446,1218,1270,1578,1475,1499,1106,1770,1516,1373,1355,2304,1420,1249,1768,2278,1082,2172,2522,2025,1790,2183,2043
2516,906,1472,1624,1274,976,1140,954,1490,1158,1837,1674,629,962,1153,1459,913,1187,778,364,1701,1095,944,1358,2066,331,993,1106,2130,2202,1284,1160,1108,1749,1188,1018,2571,2231,1959,1180,1264,1831,1206,1122,1742,1255,1442,1454,1941,1765,1246,1590,1441,1729,1795,1106,1795,2348,932,1821,981,1282,1016,997,1795,996,1307,1042,1142,1071,2301,1026,514,1767,1655,1461,505,999,914,2160,0,990,1362,953,1129,1731,1654,1231,1435,1520,1762,940,1145,261,1638,1295,296,1427,2057,969,2033,1847,1392,450,1183,1191,1133,1137,996,1454,2307,2063,1722,551,1342,158,1714,924,1752,1230,1106,2063,1437,765,1840,1441,987,924,834,2002,1117,1122,1658,904,1837,1323,1641,1530,1610,2012,982,33,1124,2198,3410,1365,1031,1218,1797,1060,966,780,1462,1164,124,2044,1331,1241,1443,1749,1451,1208,1932,560,973,1149,1723,1679,1255,2056,2069,2248,1766,1405,894,1152,1393,1715,2072,1223,1478,1216,1019,538,1455,1821,995,2034,1447,1204,997,834,1189,951,1020,1637,1458,1048,1149,1703,1093,1100,957,1217,1758,1455,1674,1035,968,1108,1109,978,1126,1126,1185,1530,936,1104,1004,1459,1429,1290,1135,1156,956,2590,1218,852,2093,2813,1942,2233,1014,1748,732,744,2013,2006,989,1735,1880,1433,951,1818,161,1193,1212,2247,1332,1219
2134,1569,1211,1685,1587,2042,1381,890,691,1201,1654,1894,1163,2067,1825,1192,373,1165,951,1297,1211,678,1076,1833,1718,1000,2145,653,1625,417,1268,158,443,1365,1167,1551,2150,475,1728,1431,1316,1136,1377,1232,1239,1562,1448,1195,1206,1267,1270,1603,1228,1737,1269,498,848,570,468,1195,2236,1234,1549,1217,848,913,1323,1785,2085,2032,1230,350,1120,1504,1507,1541,1271,1234,256,2003,1196,0,622,2052,1369,1770,1476,1224,1678,1044,1834,1027,2127,1034,974,2058,1140,811,1289,2180,1441,849,1157,1334,1055,1092,1195,2183,1946,1287,946,819,1123,1159,1394,1175,1507,1605,1799,758,498,1549,1164,1359,1645,1228,2273,1112,956,1200,1026,425,1822,967,2000,1675,1307,1358,1713,1938,2363,1192,172,1023,2265,1469,1699,1220,779,1586,1069,1718,1540,1220,1005,1241,1238,1223,1222,1385,1342,1170,1136,988,942,711,1052,1528,1293,1368,1265,505,1742,1319,1476,2193,1219,1786,977,1219,1291,2086,2073,1183,1286,897,1232,818,1297,970,2291,1406,772,844,257,1288,1260,1528,945,1486,1863,490,1310,1239,1417,1416,1546,1980,1508,500,500,2243,1364,408,2145,1181,1007,951,1014,1223,1792,1035,378,169,192,2548,1067,1473,1698,2725,940,477,1109,1326,1552,1135,771,1204,2322,1385,1647,955,2169,1591,967,1960,1180,496,628,1207
2758,1819,1497,2291,1838,1239,1633,1235,957,1581,1840,1778,1367,1242,1022,1478,510,1411,1358,1462,1220,922,1454,2087,1950,1391,1048,900,1876,677,1257,688,718,1649,1170,1131,2348,702,1934,1439,1524,1090,1345,1232,1528,1501,1995,1480,1661,1553,1784,2181,1517,1643,1555,725,811,827,890,1201,1087,1229,938,1218,811,1344,1331,1135,1048,1004,1479,369,1525,1709,2073,1789,1457,1233,567,2234,1128,496,0,1037,1622,1671,1813,1220,1923,1253,1725,1401,1071,1415,982,2313,1298,820,1518,1311,1676,1230,1649,1246,1396,1433,1443,1097,1021,1557,1190,1199,1581,1117,1731,1109,1561,1206,1669,269,725,1888,1172,1162,2209,1517,1082,1367,1131,1648,1371,847,1718,1382,1842,1595,1273,1366,2318,2177,1278,1357,612,1265,2869,2026,961,1469,1045,932,1414,1289,1480,1467,1142,1667,1466,1219,1489,1916,1596,1178,1567,1151,1392,75,1259,1737,1501,1597,1497,847,1741,1565,1127,1296,1489,1685,1230,1214,1807,1084,1222,1139,1556,1163,1486,1194,1567,1417,1087,1414,245,1189,386,1517,1464,1849,1147,1694,1263,717,1296,1236,1703,1955,1756,1261,936,727,727,1082,1616,830,1261,1171,1352,1153,1225,1729,2041,1501,800,703,724,2706,1075,1481,1930,2368,935,704,1351,1601,1156,1347,1148,1652,1076,1918,1914,1155,1294,1117,1102,1244,1434,718,255,1461
1898,569,1412,2433,1143,214,835,1143,1525,837,935,1692,1808,142,1423,1274,1413,1151,1775,1225,1114,1262,791,1510,712,2127,156,1240,395,1215,1092,1557,1323,1301,1152,1267,1356,1307,1094,1886,1296,975,1254,858,1372,1091,1684,1308,1237,1379,1129,1998,1361,1608,1413,1330,1282,1237,1405,637,258,1298,1269,550,1282,1284,1333,619,69,1512,859,1101,1214,1638,1592,1553,2070,637,1396,910,1151,1532,1253,0,928,1547,1294,1053,1512,984,1572,748,111,981,974,1110,1162,1694,616,164,867,1133,860,1213,930,967,1097,260,229,1342,1018,1129,836,1927,1780,1150,844,1789,1718,1402,1330,735,1615,1665,1126,1361,290,655,1797,1017,1057,1371,1709,1816,936,1280,817,1685,1931,1966,577,956,1384,908,1873,1800,1337,1040,1612,1615,780,1495,1554,1144,969,775,872,1134,1226,1612,1028,480,1346,1907,543,1268,1148,1703,1094,548,815,1171,921,1302,1620,177,1223,1542,1080,1173,1571,331,337,2023,1341,1525,671,1301,1352,1168,308,1681,1347,1245,1676,798,1550,524,1272,1681,1463,1323,786,632,1365,1505,1746,300,1247,1333,1333,265,816,1389,156,717,1105,1356,596,987,1604,1143,1296,1530,1532,1638,1393,1561,780,2250,1380,1310,1270,1311,1759,1802,1104,1021,339,1691,716,567,153,1290,1152,204,493,1374,1200,570
1698,1331,1724,1520,451,1208,186,2166,1102,1688,1455,967,908,1145,1750,1578,1306,1199,1829,1419,1578,2257,1774,900,1694,1051,1162,2240,1422,1135,990,1298,1145,1596,1200,1477,1064,936,1302,1447,603,1277,1235,758,1666,399,1001,1618,1513,1674,437,1300,1655,920,1706,934,1171,1110,1188,980,1029,1208,1475,619,970,1333,1561,1356,959,1557,1859,1471,1149,934,885,1490,1268,664,1284,1401,1364,1134,1343,1082,0,859,1601,1043,813,882,870,1773,958,1387,1516,1579,1394,1241,1625,958,1836,1726,160,1392,1948,1798,1145,976,1236,1638,2024,2134,1282,995,1712,1370,1815,1655,1812,1770,934,1707,1177,1561,1640,1655,1057,915,1841,2027,2081,1159,1009,1861,1542,589,1274,1116,1234,1274,1088,1369,1055,1916,1778,1060,1733,1069,1336,1838,1709,1545,1491,1192,1381,1782,1339,1032,1530,914,927,765,1567,965,778,1636,1046,984,403,1565,1845,956,1895,1311,1513,1165,1530,830,2085,1221,1507,895,1004,985,1637,1089,599,1985,1648,1216,1027,1565,1420,2269,1453,1256,1487,1375,1318,980,1576,1132,826,659,1680,800,1042,973,1434,1127,1126,1080,224,1174,1162,1232,1984,1402,613,292,856,1041,1202,1062,1273,1830,1285,1454,1756,1768,981,935,1318,1605,1601,1845,2109,2031,1107,1596,1687,782,992,1608,1137,1211,775,942,1299,815
1445,1804,1107,1381,630,1704,989,1335,1627,950,999,636,1206,1641,933,1336,1418,1703,1173,1469,1424,1415,1190,555,1151,1350,1660,1174,1926,1540,1528,1700,1547,1314,1705,1017,1765,1534,700,1195,586,1588,1300,1243,1098,823,247,1324,1069,1103,861,562,1101,148,1102,1530,1315,1253,1316,1450,1501,1486,1015,1112,1315,1840,1067,1851,1478,1152,1208,1872,1731,214,601,1560,1339,1151,1690,960,1433,1466,2019,1578,1036,0,1340,1550,368,1386,266,1211,1420,1447,1933,1247,1466,1660,923,1429,990,1139,963,1440,1243,1212,1649,1438,1544,1341,1076,1144,976,1566,1363,1740,1060,1333,1432,1791,1530,1004,1592,1333,1184,1101,1538,1165,1396,1120,1080,1292,682,1142,1087,511,1144,1529,632,835,1541,1438,1678,1056,1639,716,1006,1575,1352,1210,1218,1022,1561,1696,1747,1290,1258,1539,1110,455,1224,1228,1178,1523,1304,1682,1555,745,826,2080,1172,1562,1145,1309,1370,1649,1101,202,1151,1727,1580,1360,1477,1550,1340,1327,1089,1415,1342,1723,1508,1133,2111,1113,1535,1044,1557,1860,1827,363,1103,1535,1094,1146,1096,341,757,1443,1219,1529,1528,1551,1105,1305,1660,1366,1365,1910,1101,855,368,1551,1328,1395,1674,1353,1471,1123,965,1629,1602,1269,1826,1074,1130,1159,1150,1355,1560,1673,1203,1104,1463,1072,1745,1707,1240,1276,1966,1294
1520,1467,416,1476,1003,1943,1750,797,736,1100,1142,1549,1498,1976,954,248,1333,1244,1213,1750,1740,1085,975,1230,1620,1339,2054,985,1525,1207,1039,1515,1201,286,1033,1125,2044,1108,1649,1109,1223,784,1392,2198,197,988,1303,269,1341,400,962,1207,196,1296,435,1208,1514,1119,1169,2510,2143,1235,932,2086,1514,1023,2093,1688,1994,1148,1205,1633,1468,1144,1457,1527,1375,2022,1316,1173,1370,1505,1755,1961,1843,1110,0,1028,1210,1213,1410,931,2036,1702,1312,1535,1629,2244,1414,2089,1706,1221,1775,1763,962,999,1247,2085,1846,414,1110,1164,1434,1283,184,1642,1842,1059,957,1885,1208,1810,951,1026,1127,196,2181,1953,1459,1544,933,1126,1207,1462,1144,1071,1605,1155,1351,1165,1944,1369,1343,1420,1631,1157,1144,1031,824,1104,974,1286,1265,1267,1387,1573,1368,1025,369,1193,1039,2013,1161,1288,1970,1844,1259,1478,1192,1307,1526,1091,1886,1364,1021,2102,39,1371,1115,1055,1541,1837,1830,1292,413,648,1958,1339,424,1246,1854,971,1895,751,1675,1508,1524,1437,1031,1392,1163,1108,925,2017,587,1026,1512,1878,924,1210,1210,2150,1731,1109,2054,1572,825,1042,1968,1119,1374,1035,1079,1488,1327,1786,1919,1174,1600,1959,1619,1105,1021,211,1257,1197,1139,1548,1963,1384,1790,1560,2078,581,1357,1858,2023,1251,1735,2096
1865,1476,1327,1315,1445,1375,1141,2120,1488,1802,1164,1165,950,1312,766,1089,941,218,857,1094,1608,2260,1859,999,1926,1290,1329,2243,1324,2103,526,1157,2144,1073,219,868,1449,2128,1143,1086,1599,1030,335,663,1297,1394,1986,1306,1016,1316,1434,1094,1074,1910,1336,2152,1519,2251,2227,730,1159,78,870,875,1519,354,1149,1742,1221,574,1816,1090,1384,1422,1010,610,1195,917,1121,1110,1122,1014,1474,1247,1234,1410,1242,0,1810,465,1345,1727,1163,1132,942,1288,984,1117,1580,1121,1895,1755,1166,1330,1901,1938,155,1114,1402,1087,2303,1966,1682,1057,1020,918,1546,1102,1099,1347,2152,1926,1168,979,1411,1074,1186,854,854,1921,2034,2193,1052,935,1405,1581,1666,1242,1127,982,1362,1154,1123,2194,2684,1124,735,13,1233,845,1763,586,611,201,1045,1888,1752,11,1079,1904,492,961,1255,1083,963,1238,506,1223,1397,1839,1931,2153,1561,356,1169,1192,1040,1314,1976,230,625,1156,1507,1150,1314,1232,856,2007,1083,233,1156,1203,1299,2308,1300,1659,603,1640,342,1453,598,2144,834,912,1082,1803,1123,1473,848,2154,2154,1210,1122,2210,1329,1634,1937,425,867,1293,1376,47,2238,1144,1136,2376,920,1120,1953,2671,1657,2130,340,1065,1067,881,1920,1925,1183,878,1909,1181,1168,1105,913,1377,956,2144,1424,943
1372,1675,995,1431,606,1662,949,1240,1495,2024,807,879,1463,1600,919,995,1626,1662,1177,1477,1359,1098,1098,846,2141,1637,1618,1328,1704,1203,1455,1609,1207,976,1663,1203,1574,1446,812,1404,563,1338,1460,1205,1192,783,284,1189,849,991,821,616,990,308,989,1193,1257,1180,1499,1410,1461,1429,995,1070,1518,1796,1030,1726,1438,939,1127,1474,1447,370,797,1736,1630,1109,1327,771,1734,1390,1592,1536,996,307,1002,1507,0,1344,383,1119,1380,1755,1883,1525,1767,1605,1970,1388,930,1073,923,1452,1147,923,1607,1398,1501,1206,1006,1300,732,1300,1023,1441,1215,1094,1199,2065,1441,1144,1282,1090,988,990,1498,1106,1161,1055,1005,1469,969,1387,893,577,898,1234,744,651,1499,1440,1589,990,1556,1006,988,1532,1502,1183,1123,1229,1736,1654,1751,1004,1021,1496,998,48,1158,1188,948,1531,1264,1935,1511,894,636,2036,910,1476,2358,1547,1351,1447,992,622,1307,1683,1757,1317,1434,1557,998,1470,1047,1333,1000,1679,1468,1342,1667,1250,1762,798,1728,1737,1783,553,2041,1446,1035,1104,1188,78,954,1400,988,1439,1191,1511,1066,1485,1618,1113,1273,1866,1059,815,560,1507,1513,1319,1311,1542,1420,1101,1095,1546,1270,1196,1781,1162,1348,1162,1307,1057,1518,1926,1133,1046,1422,1156,1445,1665,1199,1203,1870,1253
1782,1245,1067,1439,1221,1136,913,1867,1216,1549,1302,1280,1059,1073,934,1279,974,375,1006,1296,1650,1974,1606,1114,1347,1420,1090,1957,1080,2045,87,986,2042,1041,376,1041,1365,2026,1186,1280,1375,1184,411,416,1044,1169,1769,1050,945,1059,1207,1441,1262,1688,1074,2050,1692,1957,2125,464,913,348,1043,645,1692,507,1322,1512,982,741,1572,1122,1538,1714,1127,674,1345,693,1159,1023,1321,1260,1513,1010,1006,1627,1004,215,1595,0,1651,1472,924,1327,1218,1418,1186,1324,1336,888,1486,1796,938,1509,1649,1671,321,872,1164,1057,1738,1850,1439,1166,1206,1117,1732,1125,1017,1380,2049,1356,1358,997,1083,1045,941,618,1001,1743,1783,2090,1170,1038,1301,1356,1424,1428,1118,2046,1129,1354,1159,1628,2591,1242,908,241,1471,1018,1509,737,676,368,1245,1494,1510,204,1268,1700,170,733,974,1186,735,1533,96,1339,1172,1232,1557,1897,1717,553,1192,953,1224,1608,1800,397,690,911,1179,1259,1278,1214,628,2019,1273,392,911,1221,1609,1972,1108,1417,674,1411,496,1761,757,2041,490,688,1269,1588,1239,1149,1021,2051,2051,964,894,2107,1090,1393,1693,579,640,1065,1683,213,915,975,1169,2280,1120,1143,1407,2579,1835,2027,493,1033,1090,1033,1824,1747,938,795,1337,947,929,1291,1112,1139,728,2091,1211,715
1457,1812,1407,1287,682,1711,995,1159,1697,1004,1171,692,1232,1648,967,1406,1775,1713,1447,1802,1482,1479,1255,467,1210,1660,1666,1227,1932,1327,1537,1763,1333,1145,1714,1053,1474,1598,457,1491,638,1134,1103,1251,1156,829,445,1393,1259,1402,867,618,1159,389,1160,1320,1646,1305,1369,1458,1508,1171,1270,1119,1363,930,1109,1858,1485,988,1270,1603,1756,238,438,1368,1645,1158,1451,1134,1459,1519,2083,1584,1042,234,1167,1559,563,1395,0,1275,1427,1472,1643,1217,1804,1713,1175,1435,1255,1189,969,1462,1309,1278,1658,1445,1551,1168,1128,1195,1160,1323,1433,1772,1338,1136,1620,2229,1594,1272,1642,1373,1348,1400,1545,1178,1427,1414,1133,1624,562,1410,1258,517,1330,1306,389,861,1549,1769,1442,1337,1661,680,1041,1584,1410,1039,1283,1051,1369,1282,1778,1118,1440,1548,1167,644,1232,1234,1366,1286,1310,2097,1562,583,832,1139,1020,1345,994,1121,1169,1655,1400,222,1202,1341,1385,1367,1484,1581,1410,1385,1096,1223,1412,1730,1515,1170,1802,1408,1588,1230,1365,1869,1834,193,946,1598,1107,1153,1393,530,594,1450,1263,1318,1318,1558,1111,1357,1666,1570,1184,1917,1108,861,195,1558,1380,1748,1738,1657,1524,1400,1224,1650,1660,1596,1110,1366,1164,1432,1451,1416,1568,1471,1261,1118,1469,1129,1778,1713,1246,1604,1681,1301
2115,592,1477,1250,2459,1052,2167,366,1708,220,1209,1113,2164,1180,1698,1409,1078,2228,2195,1231,1224,928,88,1283,751,1096,1004,687,702,909,2143,1205,905,1566,2229,1573,2040,812,1528,1669,2611,1598,2146,1860,1382,2410,1189,1426,1930,1461,2452,1140,1448,1178,1495,912,1422,823,871,1707,1346,2224,1575,1625,1422,1928,1363,749,1195,1903,408,1370,1036,1257,1267,914,943,1698,1067,1456,1135,1198,1493,1162,2254,1003,1339,2130,926,2003,1056,0,1237,979,1844,1549,923,1735,554,1290,839,847,2192,1242,138,224,2174,1289,956,1477,395,795,1644,2280,1257,1125,1053,1931,1275,1619,912,942,1736,1701,1451,1448,1382,1685,2193,793,535,828,1051,2235,1462,1119,1626,1810,1250,1144,1411,940,1036,566,2368,1009,1620,2117,1796,1891,87,2052,914,2015,958,544,1517,2149,1431,1114,2037,1556,2200,2266,1621,1582,2161,1292,2414,456,666,838,1016,2368,1810,1303,1378,1016,746,2074,1121,1096,967,2380,1476,1665,1734,958,1487,2245,1402,1736,1633,721,1362,1619,1093,511,2060,1237,1736,812,1800,1695,1643,953,1090,1025,1553,914,914,1353,2148,811,1044,1364,581,2015,1661,2313,1021,2161,781,1179,1103,2132,1406,2018,731,2356,1520,809,1945,1501,1882,2233,769,797,1433,1247,922,1499,1279,1829,1122,973,1567,955,1473,1642
1898,609,1513,2466,1174,310,806,1231,1098,924,924,1729,1674,238,1590,1372,1496,1029,1642,1216,1188,1338,879,1538,784,1994,252,1318,479,1299,1127,1639,1414,1403,1030,1311,1333,1398,2029,1561,1327,1073,1120,861,1474,1122,1720,1408,1291,1481,1160,2026,1463,1639,1515,1421,1358,1321,1496,646,291,1165,1313,521,1358,1161,1377,722,58,1396,938,945,995,1666,1623,1424,1935,611,1479,2154,948,1689,1294,151,899,1578,1392,932,1544,987,1548,873,0,1177,1198,2316,1160,1725,751,53,987,1212,1043,995,1073,1055,975,149,325,1580,1158,1267,923,1825,1863,1145,926,1780,1846,1444,1424,824,1619,1660,922,1610,374,647,1682,1182,1217,1462,1683,1775,924,1268,974,1690,1915,1958,522,1148,1529,1051,1883,1773,1405,911,912,1623,903,1363,1356,1022,964,918,1047,1006,1441,1621,1033,453,1509,1804,522,1084,1150,1705,1274,668,977,1311,977,1094,1601,54,1445,1520,1218,1032,1374,307,564,1921,1579,1755,645,1469,1590,1034,297,1661,1388,1399,930,965,1351,684,1136,1666,1379,1416,812,606,1641,1507,1753,478,1318,1426,1426,363,813,1481,330,855,1260,1228,579,1172,1769,1174,1523,1668,1693,1985,1405,1545,831,2262,1435,1403,1154,1547,1694,1710,1243,1186,324,1641,806,754,41,1563,1147,377,475,1501,1027,552
3068,1135,1511,1345,1290,1005,1159,1202,1851,1204,1857,1394,636,991,1320,1498,1156,1301,788,139,1872,1146,1187,1367,2311,326,1234,1156,2262,936,1434,1213,1160,1796,1302,1183,2138,948,1970,1332,1545,1551,1348,1146,1790,1535,1457,1804,1636,1813,1525,1937,1481,1447,1526,959,1951,944,1179,1956,1007,1434,1181,1019,1951,1169,1483,1075,974,1268,2459,1292,369,1784,1667,1627,500,1232,1157,1807,299,1249,1172,1185,1149,1748,1409,1337,1453,1647,1778,1183,975,0,1808,1560,347,1591,2211,1203,2181,2033,1172,311,1019,1238,1238,967,1239,1803,1095,2236,1454,573,1670,202,1825,1031,2144,1273,959,2259,1560,938,1860,1481,1014,1146,836,2206,1166,972,1383,913,2242,1337,1386,1677,1619,2031,1010,306,975,2349,2853,1377,1192,1324,1530,1222,1214,955,1627,1271,164,2133,1642,1347,1482,1771,1578,1024,1970,563,1205,1440,1867,1400,1535,2210,2275,1112,1958,1558,1048,981,1433,1731,2245,1330,1648,1249,1267,560,1805,1871,1228,2188,1795,1317,1237,979,1488,993,1064,1383,1619,1307,1317,1423,1295,1152,1177,1243,1495,1778,1395,1285,1129,961,1161,1005,1146,1178,1010,1295,977,1272,1026,1226,1742,1383,1187,1001,1208,2618,1392,997,2291,3434,2098,948,1187,1795,879,753,2179,2210,1017,1843,2019,1215,978,1864,205,1228,1241,1145,1147,1246
2488,1983,1197,2024,1733,981,1266,1930,1122,1886,2300,1634,1595,1177,1611,1429,954,1576,1646,2069,1044,1443,2077,1591,2010,1922,1005,1419,1980,1226,989,1114,1267,1425,1577,1346,2801,1251,2223,1192,1727,1616,1036,1305,1169,1706,1926,1183,1537,1435,1684,2120,1409,1585,1216,1274,622,1359,1348,1232,1233,1158,1344,1109,622,1728,1086,971,1180,1811,1690,776,2038,1637,1592,1164,1850,1352,1021,1884,2038,918,894,1177,1255,1601,1086,1138,1559,1009,1985,2033,992,2058,0,1660,1940,544,1659,1014,1557,1291,1281,2137,2080,2117,1514,1213,1196,1177,1790,1334,1693,1719,1049,1839,1373,1392,1770,1050,1274,1518,927,1129,2295,1167,1022,1227,1681,1498,1844,1314,1594,1701,1905,1501,1623,1117,2206,1794,1213,1975,1072,1857,3251,1568,1431,935,1349,1378,2072,1509,1161,918,1939,1561,1566,943,1165,1888,1311,1087,1803,1698,1056,986,989,1614,1412,1737,1660,1274,1596,979,1246,997,1115,1934,1395,913,1422,1250,999,1815,1178,1149,1348,1392,1412,1593,1245,1168,1056,1887,756,1610,1139,1139,1695,1933,1633,1266,1135,1360,1431,1913,1622,1028,1302,1276,1276,1016,1511,1331,1203,1493,2053,1830,1117,1348,1609,1172,1254,1130,1151,3024,834,1241,1990,2683,737,1253,1745,1431,1304,1699,1283,1502,1020,1243,1407,1181,994,1249,1834,1197,1095,1272,869,1342
2074,1295,1888,392,1386,1137,1663,1670,2137,1499,1007,942,1083,932,1144,1559,1978,1284,1277,1298,1340,1719,1531,962,1402,1205,926,1726,1287,1822,1125,1646,1840,1540,1285,1263,1180,1509,1388,1507,1341,1672,1042,1868,1869,1524,1531,1549,1192,1557,1563,1642,1872,1429,1564,1511,1476,1493,1883,1617,2239,1123,1261,1799,1476,1366,1404,1068,2201,970,1240,1785,1240,1336,962,1315,1171,1836,1959,1104,1565,1704,1915,919,1710,1325,1854,1151,1541,1334,1260,1282,2149,1292,2005,0,1629,1471,1159,2098,1449,1355,1637,1254,1599,1303,1221,2173,1156,1885,1594,1656,1024,1414,1863,1310,1236,1068,1068,2042,1825,1451,1375,1312,1023,1550,2087,1828,1256,1612,1348,1856,1004,1022,1004,1218,1189,1582,1320,1806,910,1573,1620,1553,2650,1075,1025,1171,2141,1041,1299,1174,1316,1255,1303,1553,1233,1137,1557,1754,1251,1902,1271,1123,1949,1931,1559,1153,1527,1135,1184,1519,1352,1076,1124,2169,1535,1220,1382,1314,1334,2039,1182,1149,1885,1758,1777,1684,1560,1300,2057,1150,1994,1388,1771,1001,1311,1128,1406,1378,1112,1826,1764,1825,1871,1642,1054,953,1042,1824,1510,2295,1701,1871,1116,1001,1688,1489,1797,1557,1246,1130,1571,1973,1627,2297,1593,1138,1169,2637,1480,1821,1348,1846,1338,1051,1665,1335,2161,1413,1196,1140,2156,1864,1591,943,1912,1829,2261,1925
3057,2278,1453,1395,1305,984,1407,1123,1461,945,2248,1428,682,1172,1095,1440,1897,1125,837,426,1651,2309,1121,1688,2116,372,1002,2288,2054,2149,1260,917,2195,1727,1126,954,2617,2179,1662,1140,1564,1509,1174,1153,1424,1285,1473,1734,1613,1743,1275,1624,1422,1462,1468,2202,1694,2300,2276,1787,1199,1260,952,1230,1694,954,1248,1258,957,1043,2247,976,650,1808,1701,1441,546,1021,1962,1815,358,944,1074,962,1154,1770,1349,1163,1463,1487,1494,1115,960,331,1551,1349,0,1332,1996,982,1987,1805,1178,574,960,1170,1064,1154,1212,1733,2240,2018,1436,631,1595,119,1583,814,2137,1174,2202,2046,1376,703,1862,1422,999,942,885,1991,2437,2243,1412,962,1860,1357,1370,1485,1649,1695,992,226,2013,2136,3415,1692,971,1150,1458,995,1145,734,1442,1095,192,1921,1339,1173,1423,1475,1411,1230,1935,609,991,1323,1693,1429,1285,1998,2081,2195,1728,1379,1022,1167,1373,1757,2027,1154,1460,1018,1025,619,1734,1786,1229,1983,1725,1142,1218,782,1369,927,1172,1365,1437,1044,1102,1746,1071,2195,986,1030,1437,1484,1426,1259,903,2205,2205,1196,1151,2260,1197,1540,1099,1057,1026,1236,1767,1209,2205,1104,914,2599,1148,971,2097,3403,1839,2182,972,1727,691,802,1962,1995,1209,1715,1777,1445,1163,1489,109,1203,1023,2201,1269,1030
2727,1845,1211,1784,1209,2312,1254,1773,963,1751,2018,1713,1268,2197,1315,989,939,1299,1221,1743,889,1229,1918,1374,1860,1594,2277,1204,1850,1010,1432,1100,1052,983,1300,1030,2091,1036,1954,816,1205,1355,1346,1893,1177,1187,1367,1193,1308,994,1410,1528,972,1357,1233,1059,788,1138,1133,1954,2206,1432,1028,2076,788,1404,768,2209,2263,1511,1552,760,1699,1704,1658,989,1522,2009,1004,1651,1697,904,877,2212,1028,1374,2235,1335,1329,1645,1418,1874,2116,1715,636,1776,1607,0,1529,2204,1421,1136,1272,1817,1926,1963,1236,2140,2260,1187,1632,1119,1411,1384,2159,1512,1083,1080,1537,1033,1059,1373,542,804,2013,1174,2423,1896,1326,1349,1685,1099,1660,1369,1671,1277,1111,732,1937,1563,2415,1729,1055,1703,2989,1346,1073,1322,959,1070,1914,1186,1192,1269,1605,1411,1063,1345,971,1332,1575,2044,1267,1374,2042,969,1881,1684,1433,1607,1525,1059,1262,1556,917,2234,920,1376,1180,1328,1212,2216,2394,1469,984,1191,1945,1206,975,1315,2206,844,1039,1730,740,1328,967,1984,1421,1377,1339,1051,1107,2004,989,1635,1404,2297,977,1061,1061,2263,1236,1268,2277,1211,1896,1507,1955,1121,1671,1381,1238,1114,1135,2754,506,922,1840,2466,903,1038,1422,1191,1010,1369,1068,1353,2240,1306,1277,1144,2221,1050,1508,2325,2039,1057,853,2026
2130,687,1694,1133,2011,879,1713,871,1918,529,1422,1013,1732,774,1285,1610,1029,1798,1676,919,874,855,635,963,260,2043,850,830,435,923,1716,1142,865,1743,1797,1070,1964,849,1181,1689,2163,1801,1890,1424,1585,1962,1097,1625,2078,1678,2004,1290,1651,2482,1710,872,1036,830,946,1254,966,1870,1072,1249,1036,1500,1165,877,812,1481,414,1307,1123,1160,1151,2091,1985,1325,1019,1405,2105,1135,1447,784,1807,1114,1546,1738,2359,1560,973,435,855,2125,1438,1399,1966,1415,0,800,629,765,1738,923,650,708,1828,826,875,1694,611,729,1486,1859,1464,1902,604,1591,1255,1595,872,489,1512,1395,1172,1651,1005,1219,1711,640,790,912,1153,1731,1423,2141,1464,1578,1408,1313,1247,2038,973,503,2009,1107,1167,1636,2004,1511,576,1561,2090,1757,2002,369,1563,1727,1645,2463,1592,1177,1888,1836,1248,1539,1713,975,1966,113,210,772,779,1828,1520,909,1585,932,680,1904,2114,1056,1063,1952,1695,1863,1359,931,1706,1906,1030,1450,1600,977,1299,1467,2080,748,1625,938,1307,864,1372,1320,1857,2368,992,912,1050,874,874,973,1694,929,850,1516,836,1580,1286,1866,1133,1739,1080,1116,1136,2172,1210,1519,487,2414,1116,851,1513,1720,1588,1729,703,644,1061,2280,469,1258,896,2006,1897,900,1188,948,1425,1261
1549,714,1613,2636,1336,374,1031,1434,909,1116,2367,1900,1724,310,1582,1616,1701,1040,1680,1241,1308,1522,1068,1697,896,2034,323,1498,592,1490,1088,1829,1544,1529,1041,1462,1585,1528,2189,1489,1490,1196,1134,812,1613,1284,1895,1562,1293,1597,1324,2205,1602,1815,1629,1551,1468,1503,1625,608,317,1190,1464,546,1468,1182,1487,778,63,1387,1116,960,1016,1817,1793,1379,914,634,1686,2327,1171,1822,1086,261,1124,1752,1497,946,1698,930,1752,1019,118,996,1224,2475,1186,1664,884,0,1111,1438,1056,1016,1211,1176,979,184,395,1572,1292,1402,990,1852,1621,1171,1052,1720,1912,1461,1551,948,1558,1601,1981,1602,341,588,1706,1314,1352,1591,1885,1799,2467,1470,967,1625,2121,2164,532,1174,1663,1185,2250,1945,1560,933,1102,1652,1053,1391,1380,1026,1190,1051,1040,1029,1434,1823,974,476,1537,1828,545,1099,1085,1917,1287,797,1108,1442,1101,1120,1543,104,1438,1710,1353,1055,1398,320,560,1945,1571,1748,668,1604,1582,1057,311,1603,1406,1536,945,958,1375,679,1159,1871,1403,1543,753,629,1639,1711,1947,471,1442,1553,1553,377,1012,1608,323,848,1397,1242,593,1183,1780,1113,1660,1801,1831,1960,1345,1487,955,1853,1559,1530,1168,1540,1633,1724,1377,1318,338,1653,930,747,34,1561,972,370,489,1626,1258,566
1840,712,1528,1425,2075,937,1777,914,1767,529,1514,1293,1645,832,1345,1451,886,1600,1602,2122,667,693,634,1234,341,1961,908,666,500,758,1783,999,700,1560,1601,1382,2050,684,1246,1467,2227,1768,1708,1488,1425,2026,977,1467,2108,1512,2068,1137,1492,968,1544,707,833,665,781,1311,1023,1786,1380,1308,833,1562,743,981,871,1542,489,1150,2089,1028,1014,1995,1898,1385,873,1496,2088,995,1294,843,1871,1196,1386,1637,1123,1627,1039,435,914,2108,1230,1200,1946,1206,313,864,0,598,1802,2188,650,708,1538,890,983,1528,442,561,1546,1769,1304,1885,450,1439,1348,1444,707,188,1238,1179,1249,1492,1062,1283,1732,472,610,747,1227,1752,1515,2205,1524,1311,1231,1400,1300,2021,829,332,2511,979,1237,1624,1854,1414,576,1558,1994,1571,1985,194,1622,1794,1479,930,1656,1234,2234,1750,1305,1386,1780,1036,2030,492,147,625,607,1915,1294,968,1425,1205,512,1630,2018,1113,1135,1865,1527,1708,1419,770,1538,1617,1087,1218,1447,869,1142,1527,1984,748,1691,1003,1368,699,1436,1380,1695,956,1051,983,1338,709,709,1030,1758,764,908,1535,730,1646,1346,1930,1004,1806,792,973,992,2261,911,1310,793,2500,909,686,1579,1536,1359,1750,536,476,1118,1097,244,1316,955,1856,1880,958,1246,783,1270,1321
2333,1195,1388,1614,981,1717,2685,768,1610,1040,1378,1226,1520,1805,1542,1309,754,1504,1569,1985,528,476,915,1177,1319,1852,1668,449,1307,432,1964,940,476,1407,1505,1285,2222,460,1397,981,981,1965,1582,2490,1282,1160,1124,1326,982,1372,937,1283,1351,1115,1404,483,590,511,557,2380,1989,1663,1283,2258,590,1653,888,1571,1854,1742,928,1010,1113,1421,1411,937,1777,2332,741,1369,1954,936,1161,1815,2774,1375,1245,1540,1296,1862,1437,872,1897,1974,997,1637,1856,963,958,1950,722,0,2710,1100,930,967,1441,1954,1620,1387,624,334,2295,1641,1158,1762,856,1320,1485,1313,483,759,1060,1054,1656,1351,2027,2297,1593,455,674,523,1413,1623,1665,1273,2277,1135,1670,1299,2041,1894,770,701,2581,1133,1444,1527,1698,1317,907,1434,1131,1474,1858,476,2193,1834,1339,1295,1800,2186,934,1616,2257,1253,1952,1190,1159,1037,1040,479,1167,1791,1170,1951,1284,1148,348,1533,1149,1760,1750,1737,1386,1569,2366,315,1397,1520,2048,1093,1317,723,1002,2285,923,1255,1624,1394,1564,475,2427,2327,1556,1099,1206,1652,1231,485,485,1996,2666,540,1887,2046,958,1755,2292,2833,1154,1586,568,913,877,1945,741,1169,1299,2569,668,462,1670,1382,1243,1622,272,459,2079,1267,812,2159,1938,1703,1757,1632,2197,481,1137,2251
1386,1055,1351,1425,341,945,26,1918,1347,1397,1374,873,1124,883,1629,1235,1105,1087,1750,1446,1454,2008,1481,799,1400,1074,899,1987,1083,1163,889,1098,971,1265,1088,1369,1254,959,1206,1295,493,929,1070,613,1352,289,906,1288,1375,1335,324,1223,1341,825,1367,957,1201,1138,1007,850,832,1063,1367,430,1201,1229,1417,1080,740,1435,1591,1499,1414,826,791,1343,1295,481,1312,1333,1153,1397,1365,780,73,763,1229,913,713,733,761,1501,756,1415,1547,1469,1423,1053,1372,698,1606,1927,0,1175,1693,1485,1026,737,974,1309,1781,1890,954,1018,1353,1158,1529,1512,1658,1797,957,1440,1000,1398,1540,1341,721,659,1750,1806,1835,982,903,1770,1481,478,926,1147,1138,1187,787,1397,1078,1674,2129,976,1609,936,1352,1701,1413,1440,1344,1073,1167,1540,998,902,1165,933,777,511,1446,1193,590,1663,886,889,292,1317,1606,980,1601,1190,1352,880,1164,722,1841,1102,1360,666,720,1218,1308,1101,411,2077,1319,1104,691,1412,1443,2025,1226,917,1337,1117,1206,878,1452,960,667,476,1365,719,948,698,1325,956,1154,892,64,1202,899,874,1739,1289,425,175,790,913,1230,1085,1301,1498,1142,1296,1454,2116,1006,1157,1215,1276,1432,1768,1865,1810,806,1440,1423,431,732,1287,1161,949,524,965,1321,601
2552,1177,1559,1585,1287,1030,1163,1050,1921,1260,1860,1375,748,1015,1454,1868,1027,1397,906,278,2060,1217,1245,1631,2411,436,1045,1228,1130,1000,1553,1296,1238,1535,1398,1305,2562,1222,1614,1464,1274,1588,1467,1153,1531,1268,1754,1542,2004,1550,1523,1595,1530,1442,1901,1023,2072,1216,1042,2075,1027,1551,1303,1028,2072,1297,1617,1337,1203,1388,939,1380,115,1773,1649,1746,555,1028,1241,2182,435,1105,1505,1004,1153,1739,1460,1433,1754,1758,1765,1028,1202,323,1937,1515,600,1716,1115,1227,2283,911,1419,0,1292,1075,1334,985,1052,1863,1160,937,1473,718,1733,464,1959,1169,1786,1349,1023,2381,1692,1069,2251,1847,1035,1163,955,2389,1019,1252,1369,1034,2246,1607,1405,1809,1936,2026,1032,439,1043,1117,3475,1365,1319,1420,1589,1337,1055,1084,1746,1367,366,2255,1382,1443,1531,1467,1689,1036,1659,674,1012,1267,1977,1672,1268,1128,2375,986,2064,1679,1182,1210,1790,1424,949,1426,1767,1055,1076,737,1864,1940,1025,936,1855,1413,1261,1101,1579,1048,1136,1404,1738,1119,1444,1412,1415,1229,975,1037,1543,1470,1378,1089,1261,1024,1238,1238,1390,1257,1033,1592,1249,1399,1250,1481,1731,1479,1267,1069,1290,3185,1517,1131,2391,3463,2219,1221,1314,1534,1003,871,1139,2393,1254,1958,2153,1236,1205,1920,467,1258,1255,1222,1221,1042
1744,801,1288,1289,2412,1184,2120,191,1474,281,1219,1385,2196,1372,1852,1204,957,2259,2140,1059,1226,689,225,1323,896,1147,1138,577,864,807,2369,1113,727,1309,2260,1699,2063,704,1561,1655,2563,1869,2225,2101,1176,2364,1219,1220,1951,1272,2406,1163,1244,1001,1304,734,1111,714,765,1944,1478,2306,1701,1753,1111,2055,1428,855,1427,2059,548,1231,1078,1289,1306,962,1191,1829,947,1473,979,1105,1373,1386,2209,1029,1143,2162,949,2218,1084,202,1470,1231,1832,1324,1160,1740,713,1523,1020,692,2145,1070,0,74,2198,1527,1090,1287,520,639,1820,2314,1056,970,1178,1985,1061,1521,734,1078,1739,1743,1462,1244,1514,1901,2260,1022,386,722,1308,2300,1474,1155,1792,1813,1543,1163,1557,979,943,486,2344,1040,1755,2149,1562,2092,70,2122,1162,2055,997,680,1708,2373,1239,1140,2258,1681,2001,2294,1753,1465,2361,1331,2367,619,838,700,1163,2317,1854,1524,1182,1261,590,2114,975,1228,1098,2411,1286,1464,1862,809,1297,2275,1243,1785,1525,196,1293,1795,1151,621,2184,1273,1870,704,2040,1823,1453,976,1123,1156,1679,736,736,1484,2100,705,1176,1560,425,2139,1789,2267,1267,2385,699,1086,847,1752,1421,1859,876,1931,1191,701,2072,1284,1902,2310,614,1026,1568,1080,1059,1680,1511,1597,968,1105,1692,832,1351,1767
1721,692,1357,1267,2393,1154,2101,352,1576,250,1193,1356,2248,1313,1787,1277,1025,2228,2191,1286,1291,756,194,1071,823,954,1108,651,805,882,2402,1184,802,1377,2229,1631,1682,779,1531,1723,2544,1936,2321,2134,1247,2345,984,1294,2092,1341,2387,1137,1319,975,1373,809,1481,789,839,1892,1448,2374,1633,1723,1481,1992,1355,826,1217,1996,471,1303,1308,1258,1276,1144,989,1799,1015,1193,986,1177,1443,1186,2190,1004,1213,2131,1115,2251,1058,203,1260,1025,1892,1574,969,1806,626,1313,947,755,2126,1298,137,0,2167,1471,1060,1356,373,703,1790,2366,1126,1181,1105,2040,1035,1591,809,1005,1805,1812,1430,1319,1484,1846,2317,1087,460,796,1278,2357,1194,931,1762,1879,1513,1137,1527,986,1015,512,2321,1226,1687,2118,1664,2024,414,2092,948,2100,1213,602,1678,2235,1308,1109,2293,1652,2067,2346,1724,1535,2394,1301,2349,705,765,768,1090,2287,1919,1314,1252,1231,654,2159,961,1200,1068,906,1355,1535,1833,873,1366,2245,1215,1850,1596,638,1365,1765,939,592,2121,1028,1809,779,1992,1794,1523,950,1327,1126,1611,811,811,1455,2082,779,1147,1530,499,2076,1760,2249,1236,2418,772,1158,921,2090,1487,1913,803,1913,1576,776,2009,1352,1964,2367,677,1091,1535,1287,986,1650,1301,1671,1178,1076,1663,907,1421,1738
1904,2008,1336,1400,1972,1839,1674,2443,1486,2105,1206,1211,841,1776,628,1096,1106,90,739,1256,1662,2317,2167,1079,1850,1179,1795,2296,1782,2162,719,934,2208,1080,91,714,1495,2192,992,1652,2124,1048,438,1125,1081,1923,1656,1314,1046,1325,1965,951,1306,1543,1346,2215,1751,2309,2289,1155,1668,480,716,1444,1751,243,986,2186,1631,433,2014,1064,1278,1452,1077,650,1089,1393,1966,1392,1244,990,1194,1671,1768,1439,1032,206,1862,943,1374,2008,1579,1291,1624,1383,1141,1240,1715,1552,1774,1815,1699,1382,2208,2231,0,1603,1866,1321,2041,2025,1739,959,1022,1061,1368,966,1138,1595,2214,1853,1456,868,1210,1081,1691,1303,751,1999,2233,2254,1120,795,1205,1331,1711,1522,1183,1240,1877,1276,906,1936,2255,1190,600,193,1487,691,2107,480,651,80,1213,1701,1807,216,1311,1965,605,1416,1065,977,1419,1212,707,1270,1927,1715,1868,2205,1457,402,984,1710,1045,1346,2034,52,667,1670,1899,1049,1095,1232,1329,1986,1090,106,1661,1083,1273,2401,1270,1714,648,2088,212,1492,484,2206,882,1388,1315,1877,1171,1877,694,2216,2216,1725,1655,2271,1795,1672,2567,294,1354,1827,1404,252,2212,924,1109,2419,1242,932,1880,2245,1903,2193,227,1296,891,789,1972,2003,1688,919,1562,1222,1697,1115,1056,1841,1411,2212,1154,1398
1575,761,1596,2009,1349,491,1044,1455,1136,1138,919,1912,1767,430,1621,1599,1724,1079,1723,1206,1274,1544,1090,1710,864,2081,451,1520,613,1512,1052,1848,1566,1512,1080,1520,1317,1550,2201,1455,1503,1179,1236,777,1596,1297,1906,1543,1295,1580,1337,2224,1585,1826,1612,1573,1436,1525,1647,695,332,1224,1518,561,1436,1221,1456,926,219,1427,1138,971,1190,1828,1805,1419,2023,647,1709,2339,941,1841,1325,327,1137,1763,1480,1077,1710,895,1762,1041,167,1168,1005,1985,956,1629,906,235,1079,1461,1069,1190,1233,1198,1018,0,524,1555,1315,1424,977,1893,1604,1138,1018,1685,1873,1476,1561,916,1525,1565,1109,1585,355,553,1742,1325,1362,1601,1898,1762,919,1483,949,1591,2133,2178,545,1141,1670,1196,1895,1956,1601,972,1139,1693,1064,1432,1420,1065,958,1062,1021,1066,1417,1829,939,491,1538,1872,560,1111,1049,1931,1300,765,1119,1452,1070,1163,1508,421,1421,1720,1363,1094,1438,333,583,1987,1554,935,681,1615,1565,1096,325,1568,1420,1543,956,940,1415,968,1198,1882,1444,1553,717,642,1621,1723,1959,554,1697,1563,1563,392,1025,1618,451,941,1407,1281,608,1196,1790,1077,1671,1808,1838,1652,1310,1452,923,1884,1527,1540,1207,1523,1598,1760,1387,1329,352,1607,898,730,241,1543,945,499,504,1636,1273,581
1536,614,1401,1103,1424,492,1119,1442,1532,960,1104,1976,1713,439,1569,1404,1710,1027,1669,1280,1574,1530,1040,1791,1180,1130,85,1506,667,1498,1175,1834,1552,1315,1028,1664,1354,1536,915,1676,1578,979,1123,1004,1402,1372,1974,1336,1209,1385,1412,2320,1391,1898,1417,1559,1737,1511,1633,1067,285,1179,1666,589,1737,1169,1684,695,554,1375,1125,1992,1272,1907,1883,1367,1149,671,1695,2402,1203,1827,1233,520,1212,1838,1275,933,1781,1136,1837,960,597,1026,991,957,1004,1849,893,709,1298,1447,1144,1270,1025,1060,966,760,0,1360,1301,1410,779,1836,1404,1202,1322,1890,1696,1143,1559,1229,1760,1793,1100,1392,226,567,1693,1323,1360,1599,1979,1788,1105,1559,751,1834,2203,2249,581,1207,1668,1194,2207,2032,1548,920,1621,1640,974,1378,1368,1013,1224,1060,825,1017,1216,1882,1171,519,1231,1817,589,1247,1153,2009,1375,822,1117,1450,1298,1108,1736,651,1215,1797,1361,1042,1384,179,270,1929,1359,1536,705,1613,1370,1044,196,1794,1326,1541,1984,742,1361,720,1146,1959,1390,1551,1057,666,1413,1794,2036,105,1644,1561,1561,278,1100,1616,101,696,1405,1229,632,1271,1868,1064,1669,1806,1836,1927,1532,1677,1155,1817,1842,1538,1155,1327,1826,1711,1385,1327,223,1639,1212,525,638,1335,996,62,532,1634,977,609
1448,1602,98,1807,1015,1943,1652,943,584,1274,1105,1562,1319,1874,1026,101,1167,1094,1291,1851,1856,1235,1149,1499,2172,1717,1894,1140,1714,1391,1095,1057,1306,312,1097,1008,2010,1267,1643,1003,1025,685,1460,1103,183,1210,1301,146,1046,82,976,1197,172,1072,117,1313,1649,1286,1324,938,1868,1305,1009,1959,1649,1319,2214,1650,2018,1024,1423,1167,1872,1381,1468,1315,1456,2033,1206,1381,1756,953,1392,1980,1746,1110,204,1313,998,1277,1410,1100,2061,1493,1421,1561,1435,983,1580,2049,1913,1330,1677,1542,1105,1142,1094,2173,1846,0,1235,1273,1380,1647,301,1445,1915,1137,917,1110,1313,1920,1256,1334,1090,172,1819,1932,1285,1642,1085,1281,1216,1287,1338,1080,1534,1043,1627,1385,1878,1756,1515,1492,1544,1165,1237,1317,673,990,1133,1376,1590,1341,1777,1639,1324,1309,16,982,1087,1886,850,1368,1917,1484,1098,1232,1209,1493,1724,1243,2054,1189,1331,2115,156,1138,1224,1117,1327,1773,1669,1372,97,572,1864,1494,7,1096,1789,1272,1544,898,1074,1449,1588,1598,1325,1397,1249,1267,965,2028,274,1022,1262,1727,1001,1315,1315,1871,1633,1264,1929,1415,954,1109,1993,943,1376,1092,1257,1066,1087,1399,1108,1272,2153,1855,1751,1264,1090,319,1354,1275,1248,1646,1897,1733,1940,1445,2102,541,1742,1858,1896,1414,1435,1969
1851,699,1391,1564,1113,1217,2222,453,1613,469,1302,1174,1972,1318,1815,1312,877,2305,1918,1144,995,685,341,1357,855,2282,1171,658,812,750,2439,991,692,1408,2304,1660,2140,676,1615,1415,923,1966,1977,2050,1285,2469,1280,1329,2149,1375,2509,1471,1354,1051,1407,699,1196,657,773,1942,1509,2057,1662,1786,1196,2018,1279,954,1374,2022,333,1144,970,1115,1113,922,2227,1865,864,1296,2325,986,1288,1333,2311,1300,1248,2292,1215,2171,1363,289,1417,907,1598,1320,2189,1500,457,1470,748,894,2247,960,434,471,2342,1476,1123,1390,0,553,1851,2099,1161,2125,901,1775,1391,1437,699,803,1485,1492,1295,1354,1547,1850,1861,791,262,739,1114,2063,1303,995,1823,1551,1597,1484,1583,2250,820,140,2486,1299,1716,2279,1701,2053,336,2119,1113,1856,2211,442,1740,2302,1342,1004,2207,1715,2104,2073,1787,1380,2418,1134,2472,534,563,617,893,2459,1617,1471,1287,1088,504,1915,1131,1263,1259,2013,1389,1572,1899,723,1400,2420,1573,1543,1441,683,1136,1826,910,721,2147,1322,1834,691,1997,1860,1558,1247,1391,1159,1640,701,701,1516,2203,756,1398,1592,135,2102,1825,2370,1093,2337,784,965,983,1865,1181,1626,835,2049,1284,678,2035,1383,1507,2074,528,795,1604,1037,785,1592,1458,1712,2119,1139,1726,775,1264,1801
2320,1323,1408,1631,1194,1848,2805,782,1634,1057,1660,1236,1616,1922,1615,1329,738,1596,1575,921,627,481,932,1433,1364,1936,2004,454,1433,416,2050,924,460,1426,1597,1366,1842,444,1695,1075,1194,1982,1677,2607,1304,1168,1363,1346,971,1392,1140,1555,1371,1120,1424,467,610,512,541,2496,2106,1755,1364,2379,610,1743,973,1568,1964,1817,1053,990,948,1428,1421,1157,1870,2457,725,1368,2061,920,1145,1931,2891,1382,1266,1633,1076,1938,1444,887,2007,2081,1223,1371,1919,1130,1006,2060,773,142,2830,1132,944,981,1534,2072,1751,1407,639,0,2438,1740,1179,1859,829,1412,1478,1297,467,810,1161,1149,1652,1371,2144,2411,1698,506,689,507,1423,1718,1376,1061,2419,1234,1389,1570,2160,1995,754,716,2120,1140,1516,1620,1722,1398,922,1524,957,1567,1959,527,2349,1643,1359,1298,1890,2307,1113,1721,2378,1237,2038,1447,1167,1085,1088,463,1218,1884,1264,2061,1305,1155,362,1626,1174,1891,1881,1836,1406,1589,2491,212,1417,1613,2162,1188,1301,737,983,2425,1140,1377,1715,1161,1637,459,2540,2452,1575,1102,1468,1783,1322,469,469,2113,2786,524,2004,2191,972,1917,2416,2950,1401,1679,552,897,861,2333,833,1254,1344,2111,686,446,1760,1401,1332,1716,361,510,2193,1070,863,2269,2048,1731,1854,1763,2318,465,1121,2372
1101,1009,1142,939,1368,1103,1063,1837,1602,1349,1588,1698,1223,1050,1801,1145,1096,1252,1436,1486,1142,1926,1433,1551,1567,1360,1057,1905,1059,1155,1398,1070,1152,1056,1253,1139,1277,1145,1748,1058,1355,740,1347,1176,1141,1316,1174,1236,665,1126,1356,1550,1130,1109,1158,941,1058,1126,1189,1396,948,1403,1138,1032,1278,1105,1109,1034,1144,911,1506,1204,1779,1304,1609,949,1371,1113,1300,1579,1426,1356,1309,1012,1156,1114,1237,1156,1101,1313,1319,1351,1187,1756,1402,1237,1735,1169,1288,1240,1712,1846,1088,1780,1416,1437,1189,1320,1009,1100,1699,1808,0,1301,1373,1722,1718,1067,1003,1417,941,1617,1157,1268,1220,1130,883,922,1420,1722,1755,1160,1739,1411,1501,1369,205,1358,1681,1421,948,1429,1281,1592,1407,1829,944,1143,1690,1115,1365,1228,1150,1236,1443,1457,401,1243,1116,1031,1346,963,660,1547,1033,1589,1376,1734,1319,1217,1525,980,1685,905,1290,1241,1229,1301,1759,1265,956,837,840,1566,1099,1551,1147,1996,1110,1268,853,1042,1665,1943,1189,231,1161,1071,1374,1388,1624,946,1116,1108,1286,1111,1763,898,1128,939,1133,935,1044,1175,1096,576,1657,906,1073,1215,1302,1290,1201,1058,1050,1407,1033,1251,1623,1397,1299,946,1095,1066,1075,1172,1783,1726,967,1053,1598,498,1228,1207,1724,1025,974,954,1530,1047
2882,2407,1381,1216,1375,2657,1005,2572,1419,2504,2057,1511,421,2544,1146,1368,2042,1288,526,498,1775,2449,2569,1476,2229,228,2629,2428,2176,2270,1471,923,2316,1639,1287,1088,2407,2300,1796,1375,1362,1701,1385,2088,1352,1119,1306,1364,1793,1656,1110,1454,1351,1565,1395,2323,1855,2439,2397,1996,2527,1471,1086,2383,1855,999,1391,1120,2502,1094,2384,1215,565,1327,1491,1665,335,2320,2107,1997,483,960,1349,2549,1201,1297,1549,1370,1570,1680,1598,2401,2450,403,1713,1170,468,1492,2123,2526,2102,1936,1230,643,2716,2626,1271,2474,2704,1364,2380,2152,1571,0,1519,316,1733,838,1958,1227,2323,2184,1603,843,1706,1632,2551,2272,588,2109,2578,2363,1237,655,1703,1187,1233,1720,1475,1530,2715,387,2158,2274,2702,1229,1097,1357,1418,1128,2501,785,1665,1304,325,2058,1207,1380,1634,1586,1611,2333,1482,399,2359,1374,1723,1255,1351,2122,2194,2314,1857,1595,1044,2573,1575,1284,2161,1363,1686,2531,2820,329,1365,1434,2251,2091,1358,1296,2521,1057,1429,2531,998,1486,1657,1133,1147,1539,1122,2315,1889,2314,1365,1594,1251,912,1034,2325,2325,2586,1198,2380,2629,1143,2405,1102,2258,1073,1561,1416,2362,918,916,2977,1294,993,2209,2692,2002,2302,1017,1355,919,499,2082,2113,2548,1879,1927,1062,2560,1410,319,2679,2327,2321,1314,2314
1560,1491,327,1795,1018,1964,1627,792,630,1123,1174,1567,1218,2043,937,269,1350,1018,1192,1718,1717,1082,998,1245,2020,1314,2125,989,1551,1217,1032,1528,1135,453,1233,1100,2079,1112,1387,2113,1027,906,1146,2290,326,1211,1099,289,1246,311,977,1230,315,1093,345,1142,1911,1122,1170,2589,2232,1226,1100,1917,1911,1009,2065,1681,2084,933,1270,1612,1443,1406,1222,1260,1351,1991,1334,1203,1621,1518,1772,2051,1721,1129,122,1232,1236,999,1187,949,2127,1383,1267,1543,1320,2215,1431,2180,1757,1183,1652,1435,954,991,1234,2188,1868,325,1087,1126,1526,1258,0,1332,1774,1252,990,1922,1142,1791,920,1003,1401,315,2269,2058,1433,1497,934,1127,1223,1437,1420,1312,1640,1119,1372,1192,1835,1342,1356,1351,2018,1173,1120,1234,730,2447,982,1046,1522,1255,1643,1508,1449,1227,221,1010,1252,1844,1054,1527,1915,1812,1035,1240,1210,1335,1570,1091,1904,1121,1205,2181,258,1394,1077,1045,1536,1730,1620,1268,324,638,1839,1342,335,1232,1746,1143,1924,747,1125,1615,1517,1438,1229,1414,947,1112,1120,1986,501,1265,1531,1678,2364,1144,1144,2239,1608,1110,2125,1370,804,1242,1951,939,1396,1028,1080,1499,1241,1835,1899,1144,2000,1662,2025,1109,1216,407,1229,1175,1101,1501,1854,1380,1795,1402,2168,676,1330,1883,1854,1240,1747,1927
2518,2316,1463,1359,1281,975,1144,1139,1478,951,2224,1687,601,1161,1122,1450,1931,1168,762,329,1687,2359,936,1368,2153,291,993,2338,2089,2182,1303,944,2228,1439,1169,997,2582,2212,1971,1164,1535,1510,1220,934,1434,1261,1750,1446,1939,1755,1512,1930,1432,1438,1478,2235,1739,2352,918,1831,981,1303,995,1209,1739,975,1290,1039,1143,1070,2285,1218,553,1471,1380,1488,465,1211,1996,1794,274,973,1340,952,1134,1441,1360,1206,1741,1528,1467,931,948,234,1594,1583,195,1376,2038,970,2025,1848,1398,486,1172,978,1107,943,995,1745,2280,2063,1426,552,1609,0,1625,845,1754,1211,2235,2083,1393,744,2227,1730,987,1119,810,2021,1104,1105,1670,887,2224,1608,1359,1509,1957,1672,1185,143,1105,2174,3408,1659,1012,1193,1476,1037,1156,761,1489,1138,109,1958,1330,1216,1731,1756,1455,1211,1597,528,975,1130,1737,1691,1261,2037,2117,2226,1769,1426,1062,955,1671,1725,2072,1197,1510,1007,1017,539,1746,1806,1207,2004,1438,1185,1205,803,1169,940,1210,1355,1484,1260,1123,1419,1098,2227,1164,1012,1447,1461,1686,1248,943,2237,2237,1181,1131,918,1185,1266,1117,1078,1217,1466,1736,1252,1117,1136,1136,3128,1189,1011,2133,3396,1885,2214,993,1737,712,727,1994,2025,990,1718,1819,1433,1149,1497,13,1192,1007,2233,1084,1223
1929,1119,1859,1478,2535,1442,2239,1226,2062,991,1616,1364,1427,1334,1233,1766,1158,1415,1478,1903,500,988,1078,1306,1143,1759,1414,963,988,942,1571,1277,998,1861,1416,1180,1772,982,1586,1259,2687,2203,1485,1965,1741,2486,1268,1781,981,1843,2526,1462,1811,1256,1875,1005,673,963,1079,1677,1525,1569,1178,1805,673,1448,535,1295,1389,1429,802,1452,1865,1098,1075,1765,1684,1882,1148,1595,1869,1269,1577,1348,2328,1281,1695,1451,1006,1776,1108,880,1432,1886,1078,1493,1774,1170,775,1366,564,644,2264,1972,1080,1091,1352,1392,1492,1859,754,854,2067,1544,1613,1680,0,1244,1453,1726,1005,587,928,963,1333,1811,1563,1768,1492,783,929,1045,1078,1535,1339,969,2046,1003,1298,1237,1822,1904,1107,648,2617,1261,1115,1438,2148,1218,1014,1347,1765,1385,1773,460,2059,1461,1809,1007,1707,1732,1144,1521,1804,1616,1855,1098,2489,854,669,905,418,1698,1078,1486,1734,1288,813,1444,1786,1615,1584,1640,1858,2020,1916,832,1869,1431,1589,1001,1731,1182,1444,2056,1757,1218,1573,1069,1256,997,1913,1877,2021,1246,1342,1525,1126,1007,1007,1532,2220,1062,1414,1915,1047,1528,1842,2387,1073,1497,1179,1250,1270,1961,615,1095,1123,2605,749,984,1461,1833,1153,1535,761,787,1620,1106,233,1829,1473,2153,1675,1462,1743,1081,1555,1818
2607,1808,1393,1321,940,2061,2167,1982,1211,1878,1488,1088,437,1951,668,1379,1439,812,443,847,1160,1853,1953,1052,1657,693,2032,1829,1582,1683,990,1592,1727,1129,811,413,1814,1711,1587,760,1125,1171,899,1640,1125,1110,1339,1372,1248,1381,1097,1262,1358,1326,1409,1734,1249,1831,1808,1702,2136,988,411,1959,1249,512,698,2172,1991,619,1683,1247,905,1373,1280,1164,713,1893,1496,1745,827,1393,998,1958,2256,1104,1279,930,1321,1217,1372,1786,2034,842,1108,1290,715,837,1651,1977,1435,1348,2192,999,1981,2005,831,2002,2103,1374,1634,1561,1289,554,1037,651,1030,0,1686,1350,1734,1510,887,158,1799,1125,2173,1825,427,1557,1813,1774,1063,477,1488,996,1000,963,1301,1604,2413,859,1546,1530,2977,1047,448,917,1461,458,1890,292,1165,863,750,1384,972,940,1127,1334,1132,1928,1502,578,1928,1229,1257,1306,1110,1516,1673,1730,1237,1106,406,2088,1079,1095,1570,922,1181,2214,2224,641,1375,1476,1830,1530,1131,820,2191,386,1294,1939,1239,1203,1162,2041,661,1314,648,1726,1410,1888,1373,1115,1307,2079,360,1736,1736,2143,2149,1791,2032,1096,2105,616,1839,2316,1333,976,1747,1607,1627,2231,656,360,1688,2965,1369,1713,531,1360,280,496,1503,1561,2222,1434,1224,1728,2075,1425,646,2078,1923,1732,1163,1910
1327,929,905,1161,1458,1904,1734,1140,1407,1003,885,1752,1538,1856,1221,911,1465,1167,1815,1804,1588,1222,1039,1605,1314,2028,1855,1221,1160,1327,1289,1736,1599,1381,1169,1280,1109,1592,1810,1414,1413,1193,1145,1964,910,1622,1233,1232,897,905,1662,1636,913,1168,1441,1583,1726,1302,1635,1096,1680,1304,1545,1765,1726,1222,1274,1835,1881,1494,1322,1894,2154,1361,1666,1402,2032,1844,1446,863,2116,1489,2016,1741,1809,1167,1155,1328,1160,1228,1376,1056,1924,1775,2138,1290,1769,1856,1039,2034,1116,1230,1736,2157,1281,1250,1374,1970,1807,1108,1152,1224,907,1621,1195,2119,1203,1396,0,2141,1583,1375,1834,1384,473,913,1623,1729,1797,1468,1365,1330,1793,1478,739,1427,1094,1790,1742,1314,1682,2120,1429,1149,1397,1878,1543,1108,1172,1523,1049,1334,1407,1140,1768,1413,1215,1323,1113,1094,1183,1694,1055,1595,1714,1675,1071,1792,1488,1221,1324,1351,1117,1412,1698,1978,1131,1356,1225,1150,1405,1577,1630,1949,916,1135,1878,1510,922,1405,1593,1386,2097,1148,1877,1006,1425,1865,1194,1443,1460,1589,1911,1839,1309,1170,1820,1688,1271,1309,1308,1675,1715,1342,1890,1331,1171,1454,1804,1656,1357,1306,1363,1722,1417,1626,1397,1665,1101,1146,1747,1317,1464,1392,1703,1796,1228,1218,1701,1244,1364,1257,1965,1230,2122,1819,1705,1599,1967,1780
2367,1203,1134,2023,1985,1387,1781,1442,1198,1853,1947,1902,1247,1151,1386,1120,766,1562,1241,1311,1483,1184,1730,2236,2182,1259,1413,1159,1197,937,1384,952,979,1129,1295,1060,2974,963,2055,1645,1988,1423,1777,1357,920,1623,1771,933,1780,933,1599,2324,1107,1763,1156,986,1063,1093,1151,1603,1462,1355,1062,1342,1063,1495,1104,1059,1172,1129,1730,633,1366,1829,2221,1608,1587,1357,831,2367,1486,757,421,1161,1465,2164,1977,1627,1710,1666,1846,1680,1195,1538,1214,2466,1418,1032,1777,1209,1955,1450,1488,1629,1596,1633,1321,1222,1380,919,1429,1407,1712,1482,1963,1462,1808,1118,1773,0,986,2082,1388,1083,1935,1107,1205,1518,1248,1788,1581,1024,1841,1261,1949,1717,1384,1578,2464,1917,1181,1480,882,1501,2436,1800,1310,1343,1228,1276,1615,1190,1606,1619,1243,1785,1600,1345,910,1704,1749,1573,1391,1526,1276,284,1386,2247,1960,1111,1889,1054,1114,1421,1271,1445,1792,1806,1443,1618,1622,1457,1368,1509,921,1414,1637,1427,1102,1569,1210,1001,135,1398,653,1650,1590,1212,1272,2192,1171,978,1422,1360,934,1736,2270,1165,1060,988,988,1456,1764,1091,1167,1551,1541,1543,1349,1553,2187,1369,1107,968,882,2793,1299,1221,2162,2932,1180,965,1244,947,1301,1488,1364,1792,1448,1713,2123,1535,1444,1210,1453,1392,1584,984,513,1611
1981,1181,1363,1489,1115,1702,943,537,1497,854,1775,1369,2181,1812,2264,1193,553,2134,2202,1208,1205,356,729,1592,1365,909,1653,329,1291,280,2742,565,103,1297,2135,2041,1956,104,1846,1648,1116,1854,1162,2461,1164,1321,1250,1209,1255,1347,1293,1698,1370,1498,1291,180,700,178,133,2369,1977,2303,2039,2246,660,2524,1556,1424,1868,2596,917,846,1250,1305,1307,1097,956,2388,482,1776,916,529,934,1803,1128,1267,1130,2170,1193,2608,1320,689,1877,1158,1239,1511,2398,1056,976,1930,1264,687,1156,1235,703,732,2072,1943,1605,1274,615,635,1136,2299,1043,2330,1324,2051,1311,1113,0,1310,1403,1737,1765,1234,2015,2287,2335,995,678,99,1309,2294,1471,1188,2305,1807,1514,1704,2027,914,398,728,2593,1269,2195,2157,1585,2074,716,2116,1096,2137,1127,1032,2175,2180,1226,1436,921,2174,1181,2363,2245,1051,2931,1605,1320,1079,1058,400,1385,918,1844,1931,1276,1279,586,2108,1112,1745,1755,2396,1273,1454,2354,739,1284,2150,1748,1779,1119,493,755,2312,1308,1173,2597,1554,2283,98,2415,2383,1440,1219,1347,1637,2162,1,61,1984,1123,116,1698,2030,728,2617,2348,1237,1285,2216,144,525,423,1974,1476,1866,1416,2583,773,101,2552,1273,1901,2304,609,1018,2116,1460,1299,2144,1952,1735,2325,1629,2253,302,934,2239
2252,1233,1848,1184,2321,1453,2039,1270,2066,1264,1275,1081,1512,1345,1277,1795,1241,1482,1450,1969,516,1115,1354,1032,701,1793,1331,1089,999,958,1627,1447,1000,1880,1495,1256,2070,963,1259,1330,2471,2482,1524,1912,1771,2497,1199,1809,917,1926,2307,1153,1894,983,1866,988,698,1087,1081,1704,1482,1639,1254,1795,689,1444,628,1474,1400,1500,951,1356,1866,1259,1025,1846,1737,1858,1225,1258,1899,1389,1471,1359,2339,1213,1702,1518,947,1810,1053,1164,1443,1958,1100,1202,1800,1105,1043,1322,778,574,2275,2000,1204,1202,1433,1403,1404,1942,908,811,2006,1622,1625,1744,294,1293,1139,1619,1007,0,1109,1030,1270,1842,1574,1729,1583,579,1199,1027,1027,1624,1540,1105,2058,1164,1244,1177,1775,1936,1264,808,2105,991,1146,1520,2118,1297,1116,1409,1806,1463,1836,617,1969,1543,1768,948,1783,1707,2533,1595,1774,1524,1903,1047,2269,936,615,987,436,1737,1147,1431,1741,1012,820,1522,1829,1574,1587,1720,1755,2026,1885,826,1766,1511,1547,1080,1640,1226,1367,1995,1798,1347,1579,1016,1277,980,1880,1853,2013,1175,1062,1435,1212,990,990,1489,2020,1044,1331,2031,1385,1537,1818,2171,1018,1579,1072,1416,1398,1898,808,1109,690,2096,771,965,1470,1841,1244,1603,779,583,1578,2044,88,1742,1418,2181,1725,1379,1718,983,1468,1793
2256,2001,1059,1676,1391,2323,986,1725,1263,1842,1983,1345,1141,2207,1267,1263,1157,1263,1070,1465,918,1567,1842,1303,1968,1418,2413,1543,1874,1446,1661,1344,1492,1038,1264,991,2037,1475,1877,360,1146,1151,1263,1665,1244,1130,1314,1260,1582,1267,1113,1475,1028,1304,1076,1500,1029,1542,1573,1885,2021,1374,989,1854,1029,1352,699,2218,1975,1490,1720,1025,1494,1354,1575,1537,1358,1760,1230,1616,1468,1153,1138,2227,975,1318,1149,1301,1549,1561,1359,1790,1920,1497,906,1660,1373,501,1637,2013,1455,1038,1208,1626,1876,1913,1201,1951,2430,1040,1563,1271,1398,1248,1111,1303,998,981,1519,1294,1500,1463,0,757,1639,1028,2051,1690,1111,1190,1598,1539,1578,1181,1643,1217,1323,206,1540,1834,2222,1503,1281,1633,3017,1282,1071,1288,1259,1040,1818,1129,1537,1229,1408,1268,1053,1552,1242,1288,1531,1824,1279,1250,1817,1180,1639,1602,1364,1713,1554,1481,1199,1477,923,2023,977,1317,1281,1288,1559,2027,2558,1337,1041,1066,1737,1280,1247,1279,2021,807,1295,1683,1017,1087,1529,2091,1384,1316,1266,1492,1876,1755,1044,1307,1610,2459,944,1502,1502,2071,1172,1556,2413,1196,1842,1449,1721,1289,1325,1347,1516,1363,1383,2768,453,871,1948,2489,1146,1477,1023,1039,812,1153,1250,1194,2048,1173,1177,926,2010,1329,1298,2463,1819,1495,1119,1806
2590,1881,1122,1339,939,2163,2116,2029,1419,1981,1480,1095,517,2048,731,1340,1468,1055,430,911,1236,1879,2037,1278,1761,734,2118,1855,1639,1749,1018,1646,1793,1325,1054,434,1817,1776,1319,708,930,1144,903,1549,1320,918,1107,1333,1229,1343,906,1262,1319,1324,1135,1801,1320,1854,1905,1516,2268,1022,432,1889,1320,751,830,2186,2116,950,1848,1325,909,1137,1065,1169,768,1795,1525,1738,909,1454,962,2073,2195,1104,1239,982,1316,1209,1137,1884,2158,939,1202,1087,807,902,1629,2200,1534,1345,2137,1091,2096,2083,882,2137,2191,1105,1800,1582,1050,620,1211,752,1124,311,1671,1308,1801,1587,932,0,1481,1319,2305,1754,560,1495,1950,1840,1289,554,1787,996,983,1005,1305,1325,2529,945,1575,1704,2953,1268,472,969,1418,490,1972,526,1172,909,834,1438,953,992,1094,1100,1180,1859,1475,645,1851,1186,1362,1312,1108,1607,1633,1796,1311,1113,269,2213,1264,1324,1591,968,1189,2346,2353,712,1106,1434,1772,1581,1099,958,2323,269,1251,1987,1317,1182,1169,2184,891,1317,730,1794,1417,1790,1334,1111,1314,2205,389,1804,1804,2275,2097,1848,2118,2123,2146,849,1756,2248,1105,1028,1816,1663,1680,2213,715,230,1740,2941,1440,1779,770,1322,314,510,1567,1500,2354,1426,1303,1724,2200,1388,747,2166,1854,1797,1120,1841
1014,1059,1302,1101,1623,921,1931,1290,1338,1148,192,1492,1619,930,1314,1084,1617,1243,1914,2278,1448,1371,1431,1612,1218,2129,1993,1370,1088,1783,1367,1592,1475,1290,1244,1381,1069,1773,1257,1846,1577,1234,1445,911,1082,1785,1352,1074,956,1078,1825,1067,1311,1325,1287,1765,1894,1754,1819,1190,1909,1386,1380,2080,1569,1303,1679,1132,933,1331,1233,1725,2246,1314,1642,1441,1761,2065,1597,401,2222,1986,1829,933,1973,1386,1361,1168,1239,1308,1235,1202,1114,2246,1900,1236,2249,1666,1416,2450,1508,1371,1905,1864,1210,1184,1461,918,910,1316,1564,1368,1140,2060,1160,1844,1610,1489,450,2338,1461,1534,1980,1788,0,1311,1850,924,1569,1356,1543,1482,1931,1557,178,1575,1323,1598,1189,753,1899,1844,1582,1557,1171,1806,1662,1422,1345,1646,1445,1715,1446,1461,1854,1580,1434,1164,1094,1012,1250,2227,1108,2025,1905,2217,1135,1642,1653,1381,1228,1811,1240,1228,1819,917,1108,1516,1654,1473,1441,1804,1819,1696,1315,1580,2039,1394,1094,1238,1820,1801,1898,1568,2066,1236,1215,1179,1536,1398,1299,1467,2054,2060,1296,1091,1528,1877,1372,1763,1459,1902,1966,1494,1097,1554,1321,1547,2025,1822,1535,1386,1830,1907,1571,1308,1522,1791,1486,1160,1914,1771,1562,1053,1820,1569,1657,1641,1918,1525,1260,1504,1111,1023,1847,1100,2238,1780,2159,2234
1752,1607,94,1486,1005,1943,1608,905,590,1238,1101,1283,1577,2144,1223,97,1443,1081,1544,1520,1738,1185,1114,1487,2196,1701,1874,1082,1673,1325,1082,1067,1240,164,1084,1202,2004,1204,1633,991,1015,629,1196,1984,11,992,1068,192,1071,78,1166,1437,180,1284,113,1248,1995,1221,1266,1118,1818,1289,1203,1956,1995,1079,2245,1662,2015,1221,1329,1171,1857,1370,1457,1573,1743,2014,1427,1375,1741,968,1392,1877,1693,1330,156,1298,1196,1262,1159,1053,1994,1788,1409,1872,1718,972,1489,2077,1831,1614,1629,1530,1063,1100,1306,2025,1826,78,1174,1224,1338,1351,278,1432,1883,1358,1103,916,1248,1896,1242,1092,1086,0,1755,1785,1537,1525,1040,1287,1457,1274,1333,1070,1406,1246,1339,1377,1807,1741,1446,1481,1551,1395,1221,1077,645,977,1090,1126,1304,1326,1762,1600,1204,1293,94,974,1298,1867,853,1355,1758,1433,1311,1223,991,1451,1646,1197,1989,1420,1089,2112,110,1363,1174,1104,1587,1709,1694,1642,77,534,1893,1385,88,1308,1725,1257,1545,861,1097,1414,1572,1535,1084,1148,1021,1204,1151,2009,281,1224,1252,1752,1194,1250,1250,1807,1589,1268,1902,1430,916,1095,1974,932,1365,1079,1201,1078,1349,1403,1093,1257,2176,1863,2106,1201,1300,115,1338,1262,1201,1529,1826,1718,1863,1409,2099,480,1430,1833,1877,1361,1434,1950
1533,608,1411,2153,992,404,695,1492,1480,1022,2051,1496,1521,312,1455,1216,1755,882,1459,1264,1359,1583,1108,1349,960,1112,150,1559,662,1543,1064,1934,1591,1311,883,1516,1579,1574,1805,1455,1143,937,943,771,1384,934,1552,1257,1203,1363,973,1843,1373,1469,1397,1599,1539,1558,1672,1013,59,1045,1518,407,1539,1026,1622,603,465,1231,1078,957,1035,1484,1451,1199,933,468,1740,1971,1192,1871,1307,348,781,1413,1236,758,1373,925,1388,1024,507,1225,1234,2097,1206,1635,941,405,1200,1398,716,1250,1086,1124,821,550,338,1362,1338,1461,780,1628,1353,1193,1211,1679,1635,1455,1599,1009,1507,1574,1877,1373,0,406,1527,1297,1276,1638,1552,1556,2001,1125,753,1574,1737,1855,254,1196,1759,1238,1843,1638,1411,745,1534,1492,1038,1228,1200,880,1003,1086,728,869,1168,1488,1021,307,1393,1606,372,1322,1073,1474,937,886,1184,1498,1212,948,1501,562,1173,1357,1411,935,1218,42,285,1729,1361,1458,495,1553,1372,899,18,1590,1401,1594,942,743,1197,543,1001,1514,1246,1591,756,463,1368,1380,1472,232,1496,1601,1601,52,676,1655,166,698,1330,1083,427,834,1376,1104,1744,1901,1895,1937,1309,1449,1015,2214,1636,1576,1011,1321,1622,1555,1437,1301,49,1457,990,499,549,1279,1195,170,320,1690,1254,397
1592,685,1617,2157,1119,728,822,1384,1194,1064,1116,1492,1221,666,1160,1421,1631,582,1150,979,1254,1471,1037,1345,851,1502,687,1447,565,1429,697,1814,1489,1516,583,1213,1303,1472,1868,1231,1270,1139,658,537,1589,1061,1582,1462,1285,1568,1100,1822,1578,1499,1600,1497,1438,1449,1570,637,324,754,1215,493,1438,732,1352,1000,288,931,965,1004,1162,1522,1368,903,1442,551,1616,1959,1116,921,1132,552,908,1443,1440,459,1363,682,1447,976,233,949,1016,1600,1138,1385,831,306,1092,1283,843,963,1175,1105,522,264,763,1568,1225,1348,976,1326,1962,927,1101,1456,1813,1257,1497,899,1289,1342,1116,1578,355,0,1214,1182,1301,1536,1548,1255,1115,1250,949,1358,1800,1845,535,928,1637,1125,1922,1576,1106,446,991,1191,999,956,904,581,940,973,920,552,1373,1478,782,316,1519,1318,258,1146,675,1533,1064,777,1073,1382,1107,663,1269,374,1380,1416,1298,636,921,330,585,1415,1567,1187,437,1435,1578,598,325,1359,1462,1487,989,939,901,940,703,1386,961,1489,489,538,1575,1370,1514,532,1193,1499,1499,375,803,1553,687,959,1225,784,507,961,1435,599,1633,1781,1776,1675,1067,1218,906,1911,1529,1474,716,1525,1379,1232,1324,1186,352,1157,880,701,361,1489,1122,738,360,1586,1088,433
2722,2157,1572,1305,1205,2441,2289,2325,1646,2122,1566,1341,292,2329,843,1289,1760,1020,104,599,1535,2179,2172,1305,1982,491,2401,2157,1924,2057,1380,1102,2103,1276,1019,797,1851,2087,1345,1232,1192,1307,1215,1731,1538,978,1407,1284,1363,1560,1172,1585,1272,1154,1314,2111,1617,2166,2184,1792,2221,1330,795,2070,1617,716,1130,2466,2176,753,2157,1012,566,1432,1320,1486,427,1976,1825,1515,658,1154,1366,2361,2368,1156,1208,1168,1402,1568,1181,2023,2121,626,1489,1040,797,1220,1938,2212,1840,1645,2310,706,2469,2222,1155,2152,2477,1552,2111,1882,1176,371,1187,637,1445,549,1488,1507,2113,1894,1251,548,1894,1272,2262,1931,0,1793,2274,2152,1323,106,1565,1263,1338,1323,1333,1389,2432,665,1875,2013,3117,1313,686,1155,1362,845,2109,491,1486,1183,550,1747,1311,1178,1275,1418,1488,2038,1366,440,2030,1151,1358,1113,978,1914,1942,2104,1621,1178,766,2268,1483,1380,1891,1007,1508,2237,2649,501,1554,1374,1950,1890,1280,1028,2232,809,1452,2284,1210,1336,1478,2464,856,1367,791,2105,1726,1971,1285,1180,1339,2500,752,2115,2115,2272,2270,2140,2402,1022,2443,814,1936,934,1151,1214,2108,906,1983,2825,1025,728,1962,2571,1756,2091,735,1538,684,42,1860,1797,2259,1754,1624,1134,2255,1326,640,2452,2033,2109,1098,2020
2319,1069,1522,1316,962,1568,2397,963,1749,874,1646,1458,1701,1640,1683,1483,965,1661,1634,2080,580,807,945,1157,1138,1974,1496,781,1132,647,2040,1133,691,1606,1662,1444,2201,675,1378,1101,1162,2015,1715,1950,1457,1137,1106,1498,970,1506,1109,1528,1525,1096,1538,699,863,779,772,1838,1858,1820,1442,2159,863,1850,1075,1246,1705,1920,744,1289,914,1158,1149,918,1926,2218,954,1634,2101,1102,1374,1667,2476,1353,1400,1700,1275,2231,1171,881,1747,2137,1261,1335,1951,1182,784,1800,530,280,2418,2191,1121,1158,1600,1396,1448,1429,799,495,2171,1808,1323,1914,673,1471,1216,1526,699,568,1170,1218,1638,1525,1896,1765,1766,0,825,738,1150,1809,1647,1035,2154,1242,1363,1281,1826,2053,953,599,2130,1113,1559,1687,1803,1485,910,1598,917,1629,2017,260,2021,1960,1442,1273,1964,2073,925,1791,2140,1415,2028,1414,1136,860,867,716,863,1918,1330,1802,1439,1130,504,1688,1126,1557,1600,1904,1428,1705,2245,446,1439,1678,1573,1271,1527,919,1281,2162,1987,1115,1780,1371,1683,691,1916,2214,1703,1306,1433,1477,1405,701,701,1865,2379,755,1524,1884,758,1945,2179,2530,1371,1746,783,1103,1088,2339,867,1333,1118,2121,937,677,1485,1577,1415,1779,503,2,1948,1244,622,1970,1789,1883,1909,1455,2084,695,1355,2138
1818,877,1155,1593,1123,1381,2224,181,1355,524,1286,1188,2053,1460,1931,1113,795,2355,1978,1006,964,599,393,1136,979,2326,1309,357,940,679,2414,998,595,1207,2353,1721,2134,571,1342,1449,931,1655,2028,2137,1087,1098,1282,1127,1842,1139,2690,1471,1153,1272,1173,603,1233,584,638,2026,1683,2135,1723,1991,1233,2093,1208,933,1530,2172,349,1108,1242,1350,1124,1164,1133,2049,782,1550,925,967,1193,1491,2501,1304,1024,2356,1213,2282,1368,328,1572,965,1643,1628,2317,1552,521,1625,802,909,2443,1231,301,338,1944,1601,1261,1063,133,462,2001,2160,945,914,1060,1839,1130,1348,603,858,1500,1577,1278,1153,1721,1958,2108,826,0,603,1126,2170,1554,1003,1982,1568,1327,1223,1653,1116,817,253,2014,1085,1825,2343,1409,2176,350,1961,1163,1920,1138,531,1854,2366,1075,1209,2323,1902,1855,2137,1969,1235,2525,1145,908,596,620,520,955,2232,1691,1627,1063,1093,412,1979,978,1370,1394,2261,1062,1346,2076,628,1073,2020,1386,1629,1349,396,1100,1990,953,792,2231,1330,1925,595,2095,2044,1329,1031,1165,1291,1701,605,605,1690,2403,586,1338,1713,95,2189,2009,2554,1326,2445,573,966,729,2205,1226,1739,958,2421,1318,568,2125,1167,1783,2155,439,830,1413,1080,839,1801,1613,1506,912,1269,1912,717,1174,1985
2410,1220,1342,1829,1376,1720,968,524,979,844,1491,1684,2013,1790,2311,1305,447,1913,1938,1013,1168,326,719,1343,1399,1116,1649,331,1284,233,2911,468,28,1397,1914,1753,1979,70,1553,1654,1378,1839,1192,2444,1277,1351,1274,1322,1276,1326,1323,1727,1347,1265,1360,225,602,141,34,2360,2004,2090,1751,2307,602,2485,1645,1281,1844,2558,909,752,1268,1330,1609,1355,972,2366,389,1802,929,440,846,1813,959,1560,1214,1952,1217,2591,1344,666,1886,1174,1151,1537,2276,966,966,1939,1227,692,1186,1037,680,717,1853,1931,1601,1249,615,632,961,2120,1135,915,1310,1799,1606,1005,225,1280,1314,1532,1790,1347,2043,2271,2070,958,656,0,1611,2125,1802,1213,917,1796,1539,1732,1963,927,287,691,2605,1563,2216,1939,1033,1795,704,1915,1121,1884,946,1055,2157,1962,1262,1465,1144,2221,993,2097,2287,890,2899,1635,1118,1042,1047,298,1387,942,1648,1943,1253,1304,582,1943,1373,1711,1734,2221,1248,1541,2394,703,1259,1929,1727,1586,1008,481,625,2290,1338,1150,2620,1312,2306,40,913,2362,1513,1501,1657,1630,2125,227,227,2012,955,17,1677,2018,640,2579,2327,1267,1581,1998,45,436,321,2399,1437,1662,1379,2594,675,67,2514,1360,1743,2108,608,962,2093,1234,1263,2105,1930,1713,1099,1608,2232,220,827,2286
1605,1657,1215,848,595,1813,906,1154,1445,1208,1311,318,1146,1750,1984,1465,1454,1671,1344,1401,1195,1467,1034,257,977,1286,1768,1471,1826,1314,1477,1750,1322,1194,1672,1196,1640,1583,631,1180,548,1213,1106,1175,1204,761,520,1453,1366,1462,800,784,1206,434,1464,1309,1333,1293,1358,1406,1501,1207,1194,1077,1333,1340,1281,1728,1471,922,1251,1924,1360,402,228,1371,1534,1073,1437,1236,1373,1508,2075,1501,948,354,1458,1511,609,1340,312,1269,1416,1670,1925,1055,1705,1375,955,1382,1016,1170,880,1653,1083,1058,1609,1447,1411,1469,1346,1179,1239,1494,1477,1383,1301,1283,1592,2223,1581,1240,1307,1067,1381,1206,1329,1089,1095,1389,1360,1334,0,1305,1298,418,1419,1510,563,1028,1381,1665,1726,1316,2154,121,1179,1534,1752,978,1280,1177,1372,1359,1673,1326,1415,1500,1467,778,1165,1177,1553,1447,1207,1730,1486,281,764,1118,1204,1330,1160,1203,1330,1602,1451,275,1433,1418,1391,1286,1356,1222,1469,1725,1044,1205,1469,1687,1299,1107,2169,1161,1906,1332,1367,1663,1789,433,1622,1584,1026,1068,1453,660,220,1303,1188,1579,1307,1549,941,1347,1768,1394,1421,1871,1033,797,294,1512,1655,1437,1726,1806,1217,1096,1193,1773,1622,1581,1321,1426,1093,1101,1185,1391,1400,1501,1230,989,1416,1431,1388,1815,1187,1316,2022,1233
2244,2230,1303,1064,985,2522,2366,2403,1652,2187,1554,1094,346,2408,937,1559,1824,1108,159,652,1605,2255,2234,1287,2054,550,2483,2233,1996,2133,1467,1115,2179,1278,1107,875,2217,2163,1330,1313,974,1305,1297,1818,1540,965,1152,1552,1639,1562,1157,1299,1274,1378,1589,2187,1677,2243,2260,1886,2295,1408,873,2143,1677,801,1210,2532,2265,840,2222,1237,623,1172,1302,1579,484,2057,1893,1502,711,1168,1144,2437,2446,1379,1210,1260,1148,1656,1167,2092,2211,688,1552,1235,870,1300,2017,2287,1915,1714,2388,762,2546,2290,1232,2242,2559,1554,2172,1957,1168,425,1190,699,1524,639,1785,1523,2186,1974,1317,642,1881,1539,2337,2016,85,1863,2339,2225,1081,0,1876,1247,1100,1385,1592,1662,2494,713,1943,2078,3109,1073,775,1247,1651,924,2172,576,1579,1262,612,1827,1303,1270,1277,1162,1567,2095,1644,498,2107,1406,1446,1098,1166,1993,2015,2174,1695,1272,858,2338,1486,1363,1965,1095,1601,2312,2724,560,1556,1665,2031,1935,1281,1116,2307,891,1215,2360,1224,1099,1571,2537,942,1350,879,2177,1805,2052,1553,1167,1321,2575,831,2187,2187,2347,2348,2241,2484,1227,2519,900,2017,1113,1137,1306,2189,1107,1103,2816,1105,819,2035,2564,1817,2163,820,1274,775,128,1928,1866,2334,1847,1703,1126,2325,1327,702,2534,2090,2181,1110,2077
1113,1285,1097,1963,1554,1117,1861,1300,1638,1397,611,1395,1951,1127,1585,1102,1627,1496,1581,1882,1454,1380,1442,1516,1224,2124,2044,1666,1093,1795,1360,1602,1485,1086,1497,1667,1174,1785,1163,1531,1508,1343,1188,907,1100,1715,1264,1319,1056,1324,1755,974,1333,1238,1310,1777,1903,1765,1516,982,1961,1143,1380,2009,1576,1300,1392,944,1130,1606,1498,2097,1855,1222,1541,1182,2121,1994,1607,325,2218,1656,2224,1130,1903,1233,1382,1163,1151,1077,1148,1210,1116,1856,2301,1213,2247,2019,1178,2370,1254,1379,1835,1859,1220,1442,1456,1110,915,1108,1574,1662,1187,2056,1176,1841,1617,1797,494,2353,1777,1275,1984,1480,141,1104,1902,924,1890,1363,1287,1492,1845,1553,0,1507,1368,1601,1095,663,1093,2223,1592,1296,1437,1709,1661,1416,1647,1646,1457,1417,1433,1205,2236,1589,1480,1400,1343,926,1242,2149,1208,1672,2131,2232,1364,1545,1584,1388,1234,1509,1244,1474,1818,1109,1358,1427,1665,1214,1182,1856,907,2044,1337,1327,1968,1403,1343,1490,1872,1492,2308,1580,2080,1281,1205,1189,1268,1299,1297,1783,1995,1989,1092,1003,1431,1930,1372,1469,1469,1954,1896,1504,912,1597,1330,1542,1954,1752,1446,1142,1843,1590,1582,1406,1526,1791,1236,1425,1592,1476,1557,1294,1506,1566,1667,1366,1968,1250,1266,1551,1113,1042,2228,915,2160,1484,1800,2081
1292,1544,1079,998,472,1684,783,1030,1309,1875,1114,398,1097,1621,1879,1077,1336,1556,1063,1359,1313,1093,1098,253,1988,1240,1639,1096,1696,1442,1358,1328,1451,1278,1557,1100,1995,1190,752,1319,425,1356,1046,1060,1289,640,486,1288,1172,1074,679,836,1070,403,1299,1435,1478,1173,1494,1297,1386,1335,1099,919,1478,1702,1167,1621,1304,1926,917,1777,1324,410,379,1312,1229,916,1591,1045,1598,1387,1927,1372,825,334,1293,1395,411,1221,319,926,1301,1615,1813,1049,1638,1542,1972,1253,2223,1054,757,1330,956,1125,1495,1304,1299,1304,1201,1281,1057,1434,1087,1331,1170,1203,1401,2074,1435,915,1470,1203,1184,1292,1218,974,1046,1250,1211,1465,456,1032,1233,0,1241,1405,684,957,1273,1329,1581,972,1720,482,1761,1419,1587,1628,1128,1102,1314,1309,1614,1186,1275,1384,1302,581,1047,1063,1385,1391,1050,1607,1367,401,643,1906,2122,1211,2231,1144,1028,1473,1065,345,1068,1368,1333,1172,1245,1174,1304,1560,889,1088,1080,1573,1188,1241,1672,1037,1759,1154,1309,1556,1675,441,1913,1438,910,912,1066,465,399,1191,1547,1433,1186,1436,818,1480,1639,1264,1053,1757,877,674,364,1395,1508,1316,1308,1738,1120,1017,2042,2065,1235,1436,1686,1044,1023,1267,1067,1036,1292,1438,906,859,1287,1049,1613,1686,1074,1444,1551,1120
1408,828,1251,2437,1269,935,976,1653,1737,1151,1795,1723,1395,853,1874,1254,1051,1305,1354,1418,1744,1762,1237,1633,1362,1561,856,1738,879,911,1496,1028,909,1181,1306,1950,1081,1755,1957,1201,1420,806,1371,1192,1256,1212,1435,1265,754,1235,1252,1787,1245,1405,1269,1780,1005,1737,1136,1498,750,1466,1952,881,1005,1455,1947,957,940,1657,1246,1164,1405,1546,1724,1653,1303,951,1246,1820,1359,1082,1537,824,1060,1400,1349,1182,1403,1359,1544,1153,982,1674,1344,985,1654,1341,1110,1035,1555,1588,997,1697,1215,1253,1243,1124,808,1234,1511,1637,339,1489,1469,1641,1596,1207,1183,1671,1780,1399,1096,1187,1421,1244,679,917,1108,1483,1423,1107,1780,1329,1735,1398,0,1062,1889,1706,733,1362,1017,1415,1782,1908,1847,1169,1791,1924,1167,1146,1653,1302,1375,1264,434,1291,1250,1292,1389,800,956,1213,867,1546,1397,1749,1215,1042,1368,1127,1547,1380,1002,1036,1311,1595,1587,1357,1675,632,675,1229,1233,1642,978,1754,1244,1321,648,1179,1344,1758,1388,24,1645,897,1426,1720,1670,1772,1160,946,1345,1410,1747,733,1930,1782,1782,730,957,1122,886,375,1492,1508,911,1113,1614,1228,1148,1015,1007,1232,1175,1171,1412,1769,1234,1757,1439,1189,1008,1334,1614,1487,751,1199,1382,315,1023,1256,1360,817,810,908,1230,883
2225,2007,1062,1600,1328,2328,1130,1733,1286,1848,1933,1554,1062,2212,1253,1267,1273,1292,991,1387,927,1578,1848,1504,1533,1337,2418,1554,1879,1453,1403,1451,1497,1040,1293,976,1985,1480,1810,280,1093,1140,1295,1677,1248,1301,1526,1263,1550,1053,1282,1719,1246,1253,1078,1505,1191,1553,1578,1897,2031,1406,974,1866,1191,1260,726,2221,1985,1477,1726,1130,1415,1302,1507,1577,1276,1772,1330,1571,1386,1261,1243,2235,924,1266,956,1330,1490,1593,1577,1796,1930,1415,1002,1310,1288,623,1671,2023,1461,1044,950,1543,1884,1921,1230,1961,2437,1260,1571,1282,1125,1164,927,1223,1029,896,1482,1397,1505,1499,162,789,1930,1032,2061,1702,1033,1196,1606,1544,1250,1102,1933,1163,1282,0,1793,1776,2232,1421,1381,1641,2480,1481,1065,1317,1283,1025,1824,1038,1577,1260,1326,1274,1021,1340,1032,1240,1565,1836,1518,1175,1828,1286,1652,1533,1077,1747,1560,1493,1230,1510,842,2034,1185,1527,1291,1319,1599,2037,2564,1253,1045,1083,1749,1282,1037,1308,2031,757,1398,1690,1122,1273,1569,2088,1399,1261,1252,1497,1891,1768,1264,1519,1541,2465,928,1507,1507,2082,1112,1561,2414,958,1849,1357,1733,1016,1536,1376,1589,1468,1485,2740,469,792,1513,2471,1239,1482,1278,1257,732,1074,1257,1200,2058,1845,1208,1755,2021,1101,1218,2464,1831,1500,1224,1818
1435,1272,1621,905,1042,1984,1340,1634,1917,1198,1114,416,1670,2210,1137,1622,2009,1229,1631,1977,1711,1419,1233,523,1441,1523,2225,1421,1066,1521,964,1654,1845,1324,1018,1482,1562,1517,45,1708,995,1106,1093,1604,1613,1195,801,1609,1657,1617,1234,485,1339,640,1336,1514,1554,1499,1888,1842,1935,1103,1480,1490,1554,1319,1560,1186,1905,1159,1503,2171,1925,597,618,1127,1506,1472,1987,1045,1945,2069,1919,1960,1382,572,1632,933,764,1138,465,1510,1850,1956,1826,1111,1992,1604,1166,1823,1487,1382,1314,1603,1278,1252,979,1881,1823,1347,1322,1677,1434,1781,1658,1620,1568,1571,1422,2040,1828,1503,1860,1577,1184,1617,1744,1557,1610,1647,1603,1858,742,1318,1233,867,1609,1485,0,652,1796,1616,1636,1570,2027,675,1214,1138,1924,1214,1518,1213,1128,1172,1959,1583,1728,1124,1627,1034,1107,1611,930,1435,1698,1931,1394,565,1198,1137,1212,1858,1429,953,1617,2048,1620,594,1396,979,1145,1699,908,1459,1626,1566,1445,1710,1348,1222,1714,1343,2411,1643,1782,1522,1125,1039,1052,547,1115,1517,1475,1467,1609,918,446,1715,1474,1513,1826,1985,1375,1552,2225,1831,1664,1057,1433,1231,554,906,1902,1983,1634,1669,1447,1333,1455,2014,1565,1515,1081,1582,1608,1617,1685,1649,1815,1252,1236,1428,1857,1303,1963,2273,1622,1522,1876,1668
963,1172,1376,1411,1143,2100,1457,1242,1394,1317,521,925,1739,2337,1154,1379,1891,1283,1698,1705,1356,1316,1127,1031,1359,1584,2352,1317,992,1718,1137,1870,1425,1124,1284,1232,1196,1416,713,1690,1096,1669,990,1620,1373,1309,860,1367,1373,1374,1349,516,1377,839,1131,1411,1795,1399,1459,1858,2055,961,1487,1596,1795,1364,1266,2297,2018,1174,1399,2039,2019,730,1129,970,1576,1581,1546,446,1666,1605,1803,2088,1499,837,1408,1187,749,1786,649,1382,1963,1682,2167,1609,2047,1888,1087,1950,1160,1568,1431,1678,1405,1373,1027,1994,1939,1147,1229,1300,1240,1848,1439,2019,1495,1328,838,2316,1411,1422,1519,1600,582,1140,1862,1662,1678,1547,1477,1434,1253,1376,632,1100,1421,1471,645,0,1911,2017,1534,1215,1723,1188,1224,1198,1401,1469,1145,1509,1176,1023,1679,1486,1537,979,1149,526,1706,1727,1542,1807,1812,1812,1140,1070,1173,1057,1376,1743,1132,1242,1354,1995,1390,1035,1305,1247,1169,1818,1873,1518,1146,1654,1558,1603,1388,1277,1832,1627,2266,1510,2021,1334,993,1111,1094,802,1136,1709,1577,1576,1366,603,951,1832,1224,1702,1409,2106,1492,1747,2352,1651,1270,1102,1542,1348,792,958,1775,1536,1527,1135,1410,1337,1137,1417,1812,1414,1351,1110,1351,1392,1305,1283,1930,1242,1168,1603,1984,1093,2024,1942,1738,1422,1760,1678
1541,693,1497,2167,1001,484,704,1572,1579,1098,2110,1544,1561,390,1497,1395,1824,946,1494,1259,1450,1662,1185,1358,1046,1108,232,1638,751,1581,1077,2014,1670,1407,922,1561,1329,1653,1819,1496,1152,1115,987,781,1478,943,1566,1341,1240,1459,1041,1840,1467,1479,1589,1680,1630,1637,1753,977,174,1112,1563,417,1630,1065,1630,683,545,1274,1157,933,1033,1475,1462,1258,1124,474,1768,2048,1186,1949,1058,428,790,1423,1321,802,1382,934,1399,1100,558,1219,1004,1099,1198,1645,1018,458,1284,1482,725,1246,1162,1200,862,503,428,1570,1415,1539,844,1668,1440,982,1297,1689,1739,1426,1680,1095,1588,1575,1945,1467,82,450,1596,1380,1342,1717,1569,1591,905,1134,833,1592,1838,1886,0,1189,1789,1317,1846,1649,1453,786,1633,1577,1114,1269,1246,921,1206,1165,806,919,1255,1479,970,312,1474,1711,382,1070,1086,1485,946,972,1271,1576,1241,990,1511,643,1260,1368,1489,976,1265,124,379,1820,1458,1630,505,1646,1580,963,100,1600,1371,1675,1109,823,1243,620,1040,1526,1280,1672,857,473,1493,1424,1483,320,1541,1680,1680,181,685,1736,248,787,1411,1122,437,843,1495,954,1824,1922,1952,1943,1333,1460,1101,2217,1727,1655,1050,1417,1630,1605,1516,1305,82,1506,1076,580,630,1365,1187,252,330,1769,1014,403
2519,908,1778,1351,1545,979,1144,954,1799,1159,1842,1392,590,965,1244,1459,1100,1240,761,307,1807,906,1141,1363,2228,277,1203,914,2290,2335,1355,1156,915,1749,1247,1120,2577,2364,1628,1286,1268,1832,1246,1128,1742,1259,1748,1455,1944,1462,1510,1927,1441,1735,1796,1104,1951,2417,1124,1922,984,1358,1089,1209,1921,1093,1420,1261,949,1202,2412,1235,516,1468,1662,1524,449,1211,1101,2166,228,987,1124,1154,1133,1737,1654,1285,1739,1546,1464,1136,951,212,1800,1302,365,1538,2213,972,2086,1924,1157,438,1183,1191,1185,945,999,1454,2372,2140,1726,525,1621,211,1745,931,1756,1226,1104,2208,1570,861,2227,1441,990,1121,809,2048,924,1119,1379,845,1841,1605,1645,1584,1952,1670,985,0,928,2299,2826,1370,1107,1272,1796,1140,966,918,1524,1213,87,2025,1611,1295,1443,1755,1565,1004,1935,515,977,1145,1859,1686,1521,2185,2313,2376,1951,1461,1166,1156,1682,1426,2157,1227,1605,1220,1233,530,1757,1820,999,2128,1748,1262,1000,984,1430,951,1227,1641,1575,1268,1282,1709,1183,909,962,1012,1456,1763,1392,1253,1044,1106,917,1185,1366,930,1189,1269,935,1190,1217,1465,1732,1324,937,954,1152,3132,1352,1120,2210,2816,2093,2366,1111,1447,853,684,2139,2034,1199,1851,1924,1437,954,1818,214,1196,1008,2384,1099,1223
2523,1424,1557,1602,1236,1964,1285,835,820,1196,1591,1488,1908,1988,1874,1486,313,1772,1911,1227,1092,491,1063,1437,1539,936,1903,479,1447,313,1166,225,365,1610,1773,1619,2079,276,1994,1459,1494,2030,1056,937,1458,1215,1372,1501,1393,1502,1439,1846,1526,1363,1573,372,640,415,490,906,2199,1132,1617,1119,648,1961,1371,1616,2000,2120,1089,496,1277,1428,1427,1440,1192,1137,181,1592,931,202,717,1967,1274,1389,1429,930,1316,959,1741,1011,2042,1177,1027,1957,2114,855,1076,2095,1358,784,1302,1260,1000,1037,1094,2119,1855,1465,778,752,1061,2047,1352,915,1365,1678,1726,844,372,1467,1129,1392,1910,1526,2235,2453,1970,1059,963,480,1429,1952,1923,1309,1228,1310,1976,1853,2233,1121,0,856,2704,1390,1684,926,875,1689,1040,1744,1191,926,947,1119,960,1121,1477,1312,1027,2413,1314,919,2477,757,1168,1750,1467,1151,1186,347,1557,1218,1537,2098,1468,1401,811,926,1207,1964,1963,912,1466,1033,939,766,1477,1788,2253,1471,855,789,389,1210,1421,1425,1894,1701,1850,364,1210,945,1726,1621,1771,1885,1591,374,374,2206,1050,461,1930,911,945,2060,933,1383,1407,951,429,193,213,2074,1084,1723,1548,2230,708,351,1978,1574,1628,1928,699,1063,2284,1571,1448,2359,2085,1849,909,1863,2425,375,816,1110
2243,634,1668,1264,2316,1188,2000,514,1873,451,1295,1386,2194,1221,1718,1584,979,2154,2112,913,869,811,422,1097,772,2510,1111,800,755,787,2314,1145,882,1696,2153,1578,1756,865,1315,1480,2464,1767,2070,1638,1556,2260,1258,1599,1095,1652,2302,1449,1624,1032,1684,890,1075,799,963,1398,1435,2178,1580,1742,1075,1877,1057,821,1234,1956,218,1302,1128,1094,1088,2634,2462,1798,968,1553,2511,1100,1398,1200,2084,1276,1526,2132,1195,1798,1107,357,1276,2537,1474,1286,2351,1464,289,1329,584,663,2021,925,521,558,2199,1032,1063,1576,556,695,1744,2307,1450,2318,898,2009,1388,1519,890,696,1569,1604,1289,1624,1472,1417,2102,564,325,929,1090,2158,1566,1174,1722,1621,1300,1467,1478,2447,973,0,2505,1270,1606,2119,1925,1952,389,1977,2634,1884,2410,304,1599,2142,1588,988,1828,1646,2247,2286,1713,1436,2293,1340,2263,364,418,731,788,2329,1738,1332,1564,1066,645,2312,2654,1172,1176,2396,1574,1805,1825,817,1585,2274,1188,1675,1527,737,1294,1724,2622,644,2005,1072,1699,882,1545,1793,1831,1016,1360,1093,1558,892,892,1442,1981,946,1138,1457,429,1963,1758,2150,1295,2177,1022,1113,1141,2266,1302,1544,752,2494,1138,867,1898,1660,1825,2131,671,568,1215,1205,677,1620,1319,1944,2313,1071,1659,930,1379,1733
1205,1925,1523,2515,2078,1848,1771,2421,2055,1921,1187,1841,2628,2250,2779,1537,2751,2753,2594,2887,2254,2085,2354,2197,2066,2762,2213,2512,1964,2171,2197,2696,2157,1535,2281,2337,1481,2159,1680,2421,1737,1354,2285,2361,1870,1730,1939,1853,1471,1849,1722,1876,1551,1947,1817,2147,2813,2148,2174,2025,2236,2662,2822,1872,2813,2322,2286,1786,2272,2312,2032,2323,2878,1636,2157,2794,3353,1876,2730,1280,2823,2736,2376,2262,2148,1980,1969,2222,1880,2146,2006,1960,2274,3446,2692,2194,2827,2475,2426,1863,2079,2137,1763,2877,1941,1922,2724,2288,1827,1865,2058,2561,1699,3263,1671,2822,2167,2465,1157,2942,2147,2543,2498,2445,1414,1874,2226,2321,2581,2573,2432,2157,1784,2574,1190,2078,1475,2996,1678,1427,2229,3413,2239,2074,0,2111,2827,2230,1710,2317,2345,2421,2799,2731,3430,2536,1806,2678,1879,1851,2559,2238,1226,2685,1875,2371,2200,1782,1729,2401,2063,2653,2558,2303,2459,2266,1934,2021,2555,2271,2798,2202,1805,3261,1864,1665,2270,2140,1552,2277,2215,2426,2416,2429,2312,1475,2815,2162,2302,2052,2294,2154,2365,2256,1533,1552,2189,2162,2328,2145,2144,2238,2149,2164,1844,1559,2035,2793,1867,1737,1666,2208,2631,2223,2217,682,2369,2421,2076,33,2350,2606,2314,1527,2982,3112,2121,2577,1840,2400,2097,1983,2270,1464,3409,1837,2237,2163,2833,2240
1572,1600,1164,797,471,1531,759,1344,1395,958,1285,256,1374,1468,1883,1162,1416,1579,1334,1396,1403,1418,992,202,941,1279,1490,1177,1592,1539,1392,1702,1549,1143,1580,969,1541,1271,555,1395,423,952,1028,1093,1153,632,372,1390,1248,1399,668,709,1395,287,1401,1269,1299,1514,1592,1327,1299,1130,1169,955,1569,1288,1248,1619,1147,1929,1204,1553,1639,259,173,1293,1529,951,1688,1235,1649,1774,1677,1230,802,207,1397,1429,505,1245,161,1219,1246,1663,1894,1030,1401,1626,917,1125,1183,1368,733,1649,1256,1015,1520,1176,1563,1407,1075,1377,1148,1484,1416,1374,1044,1265,1491,2173,1533,1197,1548,1050,1380,1155,1334,1010,1087,1345,1310,1294,297,1295,1393,275,1316,1226,487,938,1305,1655,1678,1052,1748,0,1155,1453,1400,956,1018,961,1294,1300,1378,1061,1259,1418,1163,743,1040,972,1459,1191,1083,2040,1401,197,501,1717,1160,1291,1121,1137,1308,1341,1150,200,1148,1359,1313,1197,1274,1466,1165,1378,923,1167,1165,1596,1304,1086,1755,1120,1538,1229,1289,1583,1698,90,1943,1272,944,946,1151,624,196,1218,963,1531,1267,1349,794,1579,1490,1246,1372,1780,911,624,219,1428,1607,1687,1389,1462,1189,1075,1150,1737,1582,1270,1269,1364,1300,1318,1147,1115,1324,1427,983,845,1159,1368,1665,1538,985,1542,1973,1057
2462,1585,1040,1039,2179,1765,1847,1891,1111,1660,1376,1008,779,1660,254,1028,1627,710,696,1049,1095,1745,1738,1171,1273,1054,1745,1735,1339,1615,881,1725,1665,1014,709,157,1722,1648,1227,953,2327,1266,889,1268,1011,2123,1217,1234,1124,1030,2165,1406,1011,997,1271,1673,1369,1735,1746,1355,1872,1000,159,1599,1369,418,470,1936,1678,118,1546,1430,1151,1256,1176,1142,1001,1519,1681,1613,1058,1530,1160,1640,1935,1215,948,687,1193,1123,1258,1577,1720,1076,1321,1238,927,1135,1293,1725,1282,1192,1868,1238,1771,1762,752,1692,1818,1024,1475,1466,1140,888,928,883,852,564,1278,1085,1673,1367,1167,453,1376,1011,1909,1453,676,1341,1622,1712,976,736,1375,2305,2342,1218,1466,1478,2135,1091,1731,1390,2341,957,0,674,1110,138,1664,339,1143,814,985,1215,2343,697,1014,1205,1045,1573,1351,948,1566,1183,859,996,2127,1230,1448,1649,982,893,651,1776,1168,1208,1475,698,1160,1954,1940,979,1025,1353,1496,1417,1018,718,1930,734,1037,1847,1422,2347,1140,1905,548,1202,238,1665,1374,1514,1235,1220,1207,1823,137,1675,1675,1879,1828,1729,1745,2314,2003,506,1480,2001,1008,733,1757,1744,1761,2108,957,616,1387,2815,1452,1650,442,1011,536,704,1426,1345,1961,1396,1011,2154,1763,1284,878,1793,1568,1674,1114,1555
2263,1504,1330,1344,1650,1534,1299,2517,1233,1831,1173,1129,898,1471,750,1092,1132,183,850,1101,1740,2379,1905,965,1901,1174,1493,2371,1454,2260,414,1153,2309,1299,184,844,1762,2293,955,1127,1799,1250,316,703,1077,1592,1524,1309,1023,1319,1630,915,1077,1452,1110,2317,1526,2381,2390,799,1219,96,846,1031,1526,335,1118,1912,1205,522,1724,1312,1271,1392,1021,566,1121,957,1116,1119,1109,1010,1216,1233,1388,1347,1245,13,2018,553,1289,1743,1150,1127,1129,1288,979,1113,1896,1128,1825,1834,1320,1289,1949,1986,117,1167,1566,1090,2208,2108,1706,1007,1022,934,1485,1022,1338,1622,2317,1899,1144,911,1177,1301,1253,887,828,1962,1918,2356,1005,888,1172,1781,1684,1196,943,992,1417,1142,1119,2131,2693,1132,705,0,1234,821,1765,552,566,178,1036,1815,1682,23,1082,2120,494,1007,1045,1068,1000,1234,457,1138,1595,1842,1990,2294,1588,296,1094,1170,1043,1344,2117,230,587,1234,1474,1099,1318,1490,929,2040,1086,199,1223,1178,1295,2475,1073,1686,558,1881,305,1417,573,2309,802,952,1085,2013,1070,1419,824,2319,2319,1270,1280,2373,1493,1652,2012,386,917,1454,1363,59,2039,944,1132,1975,914,1047,1930,2219,1658,2295,320,1068,990,855,2066,1966,1250,827,1644,1253,1157,1339,929,1541,1002,2319,1420,989
2015,1859,562,2073,1505,1897,1111,1111,77,1438,1361,1843,1676,1807,1129,543,969,1479,1648,1897,1908,1326,1314,1473,1921,1776,1828,1270,1984,1215,1508,845,1138,714,1481,1091,2319,1209,1607,1253,1516,1167,1361,1327,597,1232,1321,545,1304,607,1456,1447,586,1315,615,1234,1200,1412,1160,1110,906,1486,1091,1256,1200,1458,957,1582,1868,1356,1558,948,1599,1387,1450,1787,1512,1056,1020,1690,1488,748,1186,1833,1106,1633,655,1489,1244,1218,1703,1254,1101,1848,1117,1773,1761,1159,1700,912,2033,1801,1119,1919,1273,1310,1231,943,1780,609,1368,1433,1377,1712,768,1782,1984,1210,1416,1309,1234,2061,1042,1174,1625,586,1755,1197,1645,1720,1236,1121,1450,1367,1363,1314,1483,1062,1593,1692,1814,1487,922,1647,2065,1691,1341,1491,0,1299,1313,1487,1788,1509,1818,1753,1657,1485,619,1229,1521,1200,1303,1727,1185,1224,1512,1772,1230,1738,1831,1250,2222,1333,1405,909,591,1379,1383,1254,1492,1709,1653,1430,608,381,1056,1614,619,1227,1725,1340,1317,1065,871,1485,1474,1719,1474,1396,1380,1226,1396,1054,766,1531,1495,1711,1085,1236,1236,1807,1102,1102,1859,1340,1111,1231,1260,1412,1380,1501,1071,860,878,1926,935,1112,1898,2055,1313,1211,1458,722,1431,1349,1410,1724,1833,1599,2116,1420,1099,874,1472,1792,1001,1229,1212,1235
2440,1466,1006,1051,2255,1642,1927,1794,1299,1575,1646,1012,772,1537,355,1201,1635,869,700,1051,989,1642,1649,972,1161,1047,1622,1632,1219,1508,977,1734,1559,1185,868,77,1719,1542,1227,961,2403,1018,991,1355,978,2199,1211,989,1101,1203,2241,1401,1181,992,1231,1567,1264,1632,1640,1441,1753,1101,79,1686,1264,534,362,1814,1556,581,1446,1437,1144,1037,975,1243,994,1603,1689,1601,1059,1539,1125,1517,2011,1002,914,783,980,1213,1255,1485,1598,1077,1328,1257,929,1181,1177,1651,1187,1088,1948,1239,1680,1677,848,1621,1695,1196,1391,1363,924,881,2197,884,744,570,1261,1056,1567,1271,1137,459,1363,1181,1788,1547,680,1237,1544,1606,1181,740,1363,2383,2224,1189,1466,1216,2013,1092,1825,1301,2798,1155,110,770,1075,0,1576,438,1244,910,986,1110,2226,793,980,1194,1136,1660,1094,941,1654,1148,955,1204,2203,1118,1355,1544,871,990,657,1654,1127,1205,1372,962,1263,1832,1836,972,991,1311,1580,1318,985,924,1808,740,1218,1749,1429,2230,1239,1783,662,1200,339,1559,1461,1598,1195,1211,1210,1717,57,1569,1569,1760,1908,1623,1622,2210,1905,620,1564,2077,1214,829,1651,1752,1769,2086,857,621,1291,2307,1341,1544,556,978,542,708,1319,1241,1839,1502,903,2036,1641,1031,879,1670,1655,1568,1546,1642
1738,720,1303,1527,2358,1115,2043,279,1538,187,1455,1124,2387,1112,1768,1229,949,2199,2148,1045,1151,691,347,1072,826,1128,1038,597,841,882,2346,1149,817,1318,2200,1628,1690,724,1536,1644,2506,1789,2271,2068,1198,2301,989,1246,1908,1287,2343,1381,1270,980,1321,825,1106,735,790,1725,1422,2366,1630,1729,1106,1927,1405,707,1114,2006,527,1274,1284,1046,1058,1131,970,1785,938,1454,1167,1133,1368,1084,2127,1008,1164,2054,930,2204,1062,233,1156,1005,1839,1569,948,1474,682,1209,941,1058,2064,1274,117,147,2140,1299,990,1211,513,683,1629,2489,1087,957,1254,2047,1266,1489,825,1052,1742,1857,1197,1269,1459,1731,2135,982,381,756,1060,2190,1206,934,1608,1796,1257,1383,1372,1167,977,502,1941,1229,1655,2041,1591,2001,0,2028,1132,2202,984,626,1489,2205,1223,1117,2244,1633,2006,2478,1700,1406,2355,1304,2305,586,775,701,1137,2263,1994,1212,1203,1235,633,2254,1148,1099,985,2570,1210,1462,1812,985,1221,2216,1114,1933,1497,261,1266,1610,1121,525,2055,1032,1747,724,1799,1780,1467,1155,1100,1043,1608,827,827,1429,2024,739,1065,1343,430,2013,1745,2193,1241,2375,708,1117,913,1749,1469,1893,806,1932,1174,721,1948,1282,2157,2167,659,986,1141,1274,1033,1516,1199,1594,955,998,1646,866,1349,1720
2099,2029,1394,998,2119,2232,1815,2040,1488,2073,1418,1204,472,2121,429,1380,1634,504,403,961,1276,1902,2125,963,1713,824,2063,1894,1792,1789,832,1732,1839,1364,503,531,2087,1822,1226,960,2267,1389,857,1233,1361,2064,1028,1137,1203,1145,2106,1425,1360,1017,1167,1847,1432,1895,1920,1319,1699,967,529,1564,1432,235,941,2379,1676,337,1867,942,925,1272,972,996,775,1488,1688,1370,992,1538,1068,1806,1904,1234,1065,644,1018,1087,1270,1975,1621,960,1327,972,896,1124,1732,1686,1722,1361,1836,1078,2184,2175,558,1652,2138,1139,1803,1628,1017,584,1263,853,1217,552,1611,1437,1847,1807,1156,440,1420,1360,1732,1418,387,1513,1964,1886,974,422,1712,913,949,1207,1465,1250,1895,887,1738,1715,2924,1160,522,631,1231,641,2058,0,997,551,878,1546,1118,654,1129,1244,1091,1537,1457,613,1530,1087,820,993,2067,1679,1890,1825,1431,748,639,1747,1084,1222,1637,535,1014,1711,1928,672,1140,1498,1464,1609,1370,512,1702,721,1380,1998,930,1144,994,2345,385,1212,381,1839,1350,1482,1374,1254,1198,1886,643,1849,1849,1747,1795,1903,2062,2188,2154,343,1448,1969,1232,690,1968,1751,1768,2634,965,604,1829,2411,1563,1824,255,1359,524,409,1606,1517,1729,1250,1376,1792,1734,1176,848,2113,1532,1848,1245,1519
2311,1963,1601,1558,1739,1999,1651,1002,1478,2304,1435,1338,1044,1935,1405,1592,1201,855,966,1244,1659,1021,2356,1172,2158,1312,1955,1028,1902,1314,623,1220,1107,1570,856,1502,1652,1092,1240,1280,1586,1224,411,1133,1574,1683,1748,1581,1389,1318,1721,1460,1575,1671,1609,1096,1231,1301,1378,1085,1658,628,1505,1466,1231,781,1210,2386,1646,1182,2204,1350,1415,1589,1235,56,1268,1394,1436,1117,1253,1275,1788,1699,1741,1566,1528,656,1987,780,1508,1104,1591,1269,1402,1477,1125,987,2076,1575,1886,936,1672,1419,962,1144,796,1606,2029,1317,922,1156,952,1157,1261,1078,1502,1076,1165,1940,1324,1980,1272,1072,1197,1575,1691,1322,1094,1108,963,1354,1219,1093,1186,1462,1753,1322,1172,974,1860,1286,1439,2074,2317,1347,1368,645,1480,1479,937,959,0,784,1181,1832,1751,608,1310,2087,745,1438,1193,1169,1431,1498,1049,1347,1686,2045,1976,1093,2211,579,1341,1611,1274,1559,1171,843,64,1670,1890,1243,1317,1783,1367,976,1314,872,1661,1341,1559,1214,1337,1754,43,2352,974,1636,1048,1096,1007,1389,1310,1982,1281,1847,1483,1097,1324,1706,1632,1368,1955,1722,1218,1056,1355,1807,1578,628,1153,1460,1453,2471,1059,1291,2506,2307,1019,1318,762,1560,1240,1049,965,917,1688,297,1661,1322,1598,1601,1073,2004,1433,1096,1440,1420
2302,1783,1355,1442,1642,1859,1610,2080,1508,2158,1456,1229,911,1796,726,1113,1130,162,829,1208,1321,1951,2205,1065,1883,1187,1818,1943,1923,1831,517,955,1878,1096,163,822,1487,1861,983,1194,1475,1061,424,1024,1097,1584,1680,1105,1272,1344,1622,1142,1326,1554,1366,1886,1481,1944,1959,1103,1415,522,824,1363,1481,315,1097,2066,1390,498,2053,1310,1284,1471,1121,656,1134,1280,923,1151,1217,1010,1215,1669,1700,1449,1049,189,1886,673,1391,2031,1335,1233,1109,1376,1090,1322,1882,1400,1813,1405,1631,1386,2229,2266,96,1366,1891,1111,1933,1672,1667,1020,1039,1043,1467,1002,1377,1341,1886,1885,1271,891,1210,1098,1450,1211,807,1554,1967,1925,1105,867,1455,1347,1645,1321,971,1236,1621,1250,1119,2119,2261,1234,686,176,1250,803,2141,532,657,0,1145,1627,1642,199,1331,1978,640,1334,1298,1081,1518,1232,806,1233,1587,1827,1976,1869,1574,413,1074,1452,1283,1446,1681,59,674,1429,1663,1112,1342,1510,1253,1653,1336,178,1420,1158,1293,2038,1071,1647,654,2032,284,1521,553,1878,901,1275,1105,1881,1170,1607,805,1888,1888,1463,1591,1942,1818,1616,2194,365,1241,1766,1465,235,2010,944,938,2007,1012,1027,1915,2251,1612,1863,299,1316,970,834,1650,1558,1445,910,1625,1216,1439,1366,1038,1866,1329,1887,1418,1316
3058,1115,1799,1635,1556,1199,1154,972,1821,1180,1852,1688,489,979,1186,1783,1122,1127,626,243,1683,924,1162,1654,2187,185,1010,1127,2195,909,1303,1179,1128,1770,1128,1007,2585,1113,1974,1211,1277,1852,1187,1140,1460,1268,1456,1472,1624,1787,1522,1936,1459,1745,1817,933,1832,918,1146,1813,1204,1306,1005,1223,1832,1029,1339,1059,963,1095,2311,1257,452,1476,1382,1461,357,1224,930,2178,164,1214,1379,1171,1144,1446,1676,1165,1450,1488,1472,1157,1165,136,1756,1574,242,1441,2150,986,2057,1778,1410,339,1204,1004,1067,1156,1013,1472,2276,2055,1742,434,1360,87,1650,871,2135,1502,933,2109,1438,788,2240,1459,1212,1135,678,1917,942,1142,1385,751,1851,1337,1661,1509,1622,2028,998,205,1144,2199,2840,1664,1038,1152,1505,1083,1188,808,1461,1055,0,1961,1628,1175,1460,1463,1454,1227,1617,417,989,1163,1745,1402,1268,2087,2224,2237,1837,1430,1073,970,1411,1433,2064,1114,1483,1236,1036,442,1779,1525,1220,1987,1465,1143,1224,893,1202,969,1035,1657,1453,1287,1171,1719,1136,1121,972,1235,1779,1469,1398,1051,975,1129,935,1201,1141,1146,1206,1283,954,1129,1019,1476,1442,1211,956,1175,1174,3149,1234,1026,2167,3418,1974,921,1047,1769,765,604,2008,1921,1006,1729,1809,1453,1168,1839,90,1005,1231,921,1349,1237
2271,882,1487,1529,910,1203,1890,866,1690,724,1587,1394,1553,1101,1839,1423,818,1462,1547,1900,579,618,629,1105,901,1824,1185,606,774,734,1647,982,688,1546,1463,1225,1771,672,1326,1201,910,1989,1544,1777,1395,2162,1054,1438,930,1471,2204,1213,1463,1261,1503,696,799,605,769,1542,1315,1650,1223,1621,799,1992,790,1102,1111,2085,586,1134,1099,1106,1324,1828,1779,1677,807,1304,1928,966,1229,1078,1974,1068,1364,1501,1212,1928,1351,568,1153,1951,1191,1286,1798,1185,436,1206,273,365,1911,2071,711,748,1403,1177,1312,1394,360,654,1813,1670,1287,1738,520,1300,1170,1351,696,313,1278,1029,1308,1463,1350,1554,1544,263,497,735,1098,1585,1315,982,1790,1328,1311,1230,1732,1961,810,443,2100,1281,1736,1488,1744,1294,605,1375,1827,1392,1852,0,1844,1511,1407,1211,1794,1526,2172,1651,1593,1267,2402,1350,2166,510,543,553,689,1783,1171,1209,1403,1077,663,1451,1851,1394,1420,1765,1393,1644,1712,531,1408,1479,1378,1103,1359,820,1126,1798,1818,925,1730,1083,1416,688,1690,1680,1658,1030,1370,1345,1196,698,698,1330,1878,752,1193,1711,600,1688,1646,2047,1083,1547,780,950,977,2296,1007,1142,890,2090,861,674,1623,1510,1273,1554,593,267,1409,1195,368,1609,1204,1786,1733,1323,1547,737,1210,1621
1204,919,1200,944,1537,1007,1185,1719,1698,1244,1851,1934,1132,924,1954,1203,995,1390,1326,1392,1883,1830,1330,1790,1496,1267,929,1821,986,1809,1470,971,1907,1131,1391,2072,1378,1890,1958,1154,1686,738,1457,1288,1180,1479,1433,1224,735,1184,1519,1764,1169,1577,1218,1915,953,1821,1988,1524,950,1554,2074,1089,1151,1536,2025,983,1127,1734,1304,1106,1382,1523,1981,1732,1546,1149,976,1950,1607,1025,1214,975,1275,1520,1305,1247,1402,1446,1528,1242,1169,1359,1296,1021,1617,1284,1188,1222,1588,1643,1206,1669,1304,1346,1330,1308,881,1197,1592,1722,469,1458,1418,1607,1901,1174,1230,1325,1915,1700,1272,1151,1468,1169,869,1073,1085,1548,1486,1954,1954,1079,1727,1668,442,1234,1890,1786,934,1334,1160,1506,1496,2014,1938,1234,1751,2046,1256,926,1732,1392,1348,1348,0,1360,1213,1276,1475,998,885,1190,1063,1221,1448,2002,1483,1125,1412,1757,1640,1459,970,1225,1273,1591,1672,1444,1754,824,748,1204,1196,1603,1176,1805,1207,1406,839,943,1552,1823,1092,419,1724,952,1509,1755,1757,1907,1189,1144,1262,1392,2001,806,2052,1917,1917,921,1166,1971,956,438,1575,1591,1110,1341,1610,1293,1946,958,1147,1260,929,936,1454,1486,1172,1892,1519,1140,978,1306,1699,1553,953,1003,1681,526,1212,1183,1608,889,1011,1955,1172,1083
1861,1492,1095,1367,1639,1522,1288,2149,1483,1818,1160,1151,920,1459,773,1311,940,204,868,1122,1761,2386,1892,987,1918,1195,1481,2378,1440,2282,500,1155,2333,1291,205,865,1447,2316,944,1150,1788,1239,338,690,1292,1581,1593,1077,1011,1311,1619,1274,1071,1476,1332,2341,1551,2388,2414,786,1206,83,867,1019,1551,353,1140,1901,1191,545,1710,1088,1294,1416,1043,584,1144,944,1119,1106,1132,1012,1472,1221,1377,1371,1238,11,2007,540,1313,1730,1136,1150,1139,1308,1002,1136,1595,1116,1842,1853,1309,1307,1935,1972,138,1153,1554,1084,2224,2115,1693,1030,1016,958,1506,1046,1095,1625,2341,1915,1166,937,1406,1071,1239,873,843,1980,1905,2380,1027,904,1159,1770,1671,1217,931,1182,1403,1165,928,2148,2218,1156,728,23,1230,842,1752,570,584,199,1059,1836,1669,0,1299,2113,481,995,1249,1091,988,1493,478,1160,1584,1579,2006,2316,1606,318,1117,1156,1252,1368,2124,251,605,1220,1457,1122,1309,1484,916,2061,1304,220,1209,1106,1567,2482,1298,1673,576,1870,326,1443,591,2333,810,939,1302,2005,1092,1405,845,2343,2343,1256,1269,2397,1481,1639,1998,407,904,1443,1387,47,2063,1142,1134,2371,937,1071,1947,2207,1683,2318,338,1282,1014,873,2087,1984,1236,841,1665,1240,1143,1330,953,1529,990,2342,1178,977
1760,1672,141,1803,1223,1879,1628,916,593,1252,1110,1560,1308,1789,1016,129,1394,1311,1281,1522,1720,1147,1128,1496,1696,1704,1810,1073,1797,1367,1313,1068,1304,327,1314,998,1668,1196,1644,992,1023,624,1201,907,183,1000,1301,149,1092,125,974,1447,172,1072,160,1312,1565,1213,1256,932,1802,1073,1206,1957,1565,1308,2223,1635,1857,1225,1361,1174,1539,1143,1214,1308,1745,2008,1378,1147,1742,971,1404,1822,1718,1340,182,1304,1206,1050,1410,1066,1899,1790,1407,1881,1719,1173,1514,2210,1809,1634,1649,1849,1081,1118,1086,2193,1762,82,1180,1251,1283,1353,275,1433,1803,1361,922,1099,1312,1770,1028,1322,1321,172,1733,1934,1540,1549,1044,1226,1215,1542,1112,1078,1428,1246,1347,1388,1792,1742,1334,1472,1556,1405,1224,1307,648,1184,1125,1364,1582,1102,1764,1473,1314,1076,0,983,1081,1860,875,1639,1902,1436,1317,1231,1206,1553,1632,1149,2005,1426,1318,1955,138,1137,1201,1339,1594,1687,1631,1362,81,542,1867,1440,92,1313,1703,1259,1533,870,1100,1341,1579,1531,1088,1156,1024,1196,959,2003,316,1022,1260,1689,1197,1314,1314,1785,1609,1207,1837,1319,918,1100,1968,940,1139,1084,1175,1083,1376,1702,1094,1259,1676,1869,1653,1193,1305,334,1341,1527,1228,1553,1811,1428,1892,1400,1942,518,1431,1770,1874,1352,1433,1946
1348,1750,1182,1408,635,1731,945,1022,1223,2065,947,875,1479,1668,1123,979,1622,1764,1190,1491,1126,1322,905,852,2075,1653,1690,1096,1819,1199,1574,1604,1453,960,1765,1214,1835,1194,856,1412,587,1505,1561,1270,971,814,381,968,971,975,851,651,974,522,972,1189,1257,1176,1495,1504,1485,1556,1004,1131,1257,911,1250,1819,1347,1146,931,1469,1462,416,782,1844,1648,1125,1324,901,1448,1673,1587,1430,988,445,988,1611,378,1429,413,923,1428,1466,1563,1572,1781,1609,2031,1312,1124,1072,919,1771,944,918,1704,1356,1763,1187,1213,1074,871,1313,1220,1454,1217,1105,1187,2058,1189,1145,1555,1328,1046,1177,1518,1239,1174,1054,1001,1213,956,1404,1059,626,1034,1498,788,773,1462,1453,1585,1193,1533,974,997,1635,1485,989,925,1030,1843,1766,1766,1003,1170,1600,1187,0,1267,1147,1199,1548,1263,1596,1583,811,665,1962,1099,1219,2262,1656,1362,1536,977,578,1304,1818,1867,1363,1567,1573,1186,1452,1097,1331,984,1780,1488,1352,2006,1244,1756,946,1833,1788,1886,551,1102,1441,1171,1120,1169,145,810,1625,997,1188,1434,1533,980,1226,1690,1254,1268,1968,1086,810,555,1610,1508,1315,1578,1254,1179,1110,1096,1522,1535,1192,1899,946,1361,1420,1080,1056,1481,1942,939,1183,1346,940,1760,1738,1160,1199,1543,1232
2103,1278,1323,1514,1060,1375,1148,1913,1518,1589,1243,1294,966,1312,1079,1088,1043,520,888,1167,1568,2012,1663,1128,1478,1236,1332,2004,1229,917,368,1053,933,1070,521,1168,1565,1110,1195,1195,1208,991,402,608,1074,1003,1477,1303,931,1313,1041,1415,1298,1405,1101,1113,1590,2012,1170,523,1000,373,1170,773,1590,670,1427,1743,987,849,1487,1191,1340,1450,1188,670,1190,770,1028,970,1176,1111,1321,1073,1238,1348,1255,401,1325,393,1370,1504,932,1192,1085,1432,1049,1181,1371,977,1680,1654,1169,1343,1699,1736,460,949,1407,1313,1773,1903,1226,1076,1036,1002,1421,996,979,1448,1113,1563,1202,992,1035,1075,1025,671,1016,1734,1672,947,1172,1015,1028,1140,1203,1253,1127,1779,1187,1209,1240,1691,2119,1300,1029,389,1259,1146,1526,926,671,930,1103,1528,1187,352,1305,1411,0,856,1169,1137,757,1338,510,1429,1006,1373,1594,926,1658,480,1261,952,1264,1326,1854,989,688,1004,1252,1165,1314,1253,744,1971,1084,536,995,1261,1692,2014,1421,1195,668,1709,642,1253,901,922,453,765,1304,1313,1234,1196,1148,1113,921,1051,1129,959,1332,1175,1770,723,731,1027,1345,373,981,1042,1250,2241,1267,1215,1532,2108,1722,1108,729,1281,1162,971,1879,1739,1022,776,1544,774,939,1321,997,1382,851,1116,1279,838
1832,1188,1582,1909,762,732,442,1520,1195,1202,1793,1243,1454,670,1345,1433,1103,795,1384,1272,1509,1619,1177,1213,1082,928,688,1609,786,1600,791,1098,1692,1541,796,1443,1233,1675,1586,1226,909,1153,844,504,1585,707,1292,1477,1405,1591,744,1619,1574,1219,1623,1700,1520,1609,1773,752,440,955,1445,136,1520,939,1314,1120,356,1121,1101,1271,1035,1267,1205,1097,1128,201,1787,1751,1000,968,1423,432,537,1162,1450,651,1134,644,1164,1114,396,1236,1313,1902,1019,1362,973,339,1283,1412,463,1252,1308,1345,736,384,766,1604,1381,1511,1288,1568,1570,1003,1369,1389,1898,1302,1700,1168,1298,1291,1889,1574,472,287,1428,1321,1293,1739,1378,1477,1805,895,1278,1348,1518,1589,635,1212,1802,1290,1853,1391,1308,638,993,1419,1138,1141,1098,798,1016,1136,1264,760,1385,1226,736,0,1630,1550,180,1439,800,1227,710,910,1185,1545,1259,848,1263,555,1390,1173,1461,850,1115,451,887,1666,1603,981,228,1574,1614,812,442,1337,1257,1624,1038,1270,1095,1088,914,1293,1168,1692,542,196,1539,1118,1226,828,1423,1702,1702,491,423,1756,688,1231,1377,996,162,603,1192,829,1753,1935,1961,1604,1044,1212,1137,1843,1652,1677,924,1550,1345,1448,1488,1325,469,1351,1149,1093,373,1468,1214,741,15,1740,1135,79
1003,1346,946,1182,1543,1440,1458,1299,1072,1688,1622,944,1411,1368,1084,987,1126,1083,1664,2012,1259,1515,1501,1722,1927,1863,1368,1460,1413,1206,1024,1090,990,1017,1086,1113,1176,988,1138,1197,1497,641,1127,1602,842,1707,1287,846,386,1003,1745,1614,831,1431,1035,978,1134,974,1015,1840,1235,1236,1113,1381,1370,1347,1060,1413,1411,1094,1735,1209,2007,1376,1779,1190,1884,1437,1337,1461,1600,1372,1297,1311,1547,1397,843,1039,1247,1177,1393,1444,1453,1631,1493,1535,1602,1530,1618,1506,2068,1128,1479,2004,1457,1494,1287,1590,1320,799,1545,922,532,1789,960,1929,947,1244,908,1680,978,2002,1544,1222,1029,831,1158,1388,1650,1117,1422,1200,1831,1361,1350,1522,677,1257,1123,1614,1222,1602,1088,1828,1481,1888,1119,1263,1126,1321,1505,1206,1441,1075,1953,1777,775,1034,781,1125,968,1283,0,1468,1350,1570,1027,1802,1573,1552,1869,1237,2072,1366,1234,1509,781,1452,919,1309,1447,1112,1184,1481,798,1057,1464,1141,809,1307,1128,1450,1358,1254,1444,588,1450,1378,1330,1601,1305,1189,1509,1432,902,1232,910,1242,1334,1179,975,1210,1439,1004,1394,888,1299,1344,1398,1613,1471,1030,1022,1303,1071,1014,1389,1444,1936,1216,1154,986,1339,1025,1245,1644,923,928,1241,1297,1985,820,1496,824,1930,1327,1297,1199,1259,1371
2852,2295,1672,1413,1334,2491,975,2349,1432,2287,1673,1210,188,2383,949,1372,1098,1072,331,517,1556,2209,2339,1182,2007,363,2470,2201,2054,2075,1417,1147,2124,1360,1071,865,1953,2108,1747,1380,1320,1693,1335,1783,1637,1085,1536,1651,1467,1660,1301,1712,1355,1523,1398,2132,1670,2212,1095,1883,2235,1449,863,2112,1670,809,1195,918,2415,853,2220,1037,465,1559,1443,1616,306,2027,1094,1959,541,1194,1390,2364,1165,1261,1555,1313,1268,1641,1553,2189,2156,501,1548,1356,658,1282,2008,2220,1928,1642,988,621,2498,2389,1215,2187,2547,1652,2155,1928,1281,302,1265,506,1498,645,1927,1263,2132,1976,1293,640,1676,1636,2277,1981,394,1788,2320,2171,1198,461,2020,1151,1465,1343,1733,1496,2421,551,1110,2070,3243,1438,902,1300,1430,939,2268,584,1616,1203,419,1828,1437,1323,1357,1282,1590,2062,1773,0,2077,1415,1395,1215,1310,1949,2094,2109,1698,1277,908,2268,1581,1247,1937,1104,1638,2257,2667,394,1369,1445,2001,1871,1362,1080,2247,896,1472,2307,1029,1463,1608,1126,951,1237,897,2124,1871,2022,1368,1554,1461,2623,833,2134,2134,2286,963,2188,2469,1126,2526,964,1987,1257,1256,1359,915,1141,1138,2445,1084,849,1993,3231,1799,2110,876,1639,899,315,1995,1792,2418,1849,1743,1260,2404,1412,530,2599,2184,2218,1121,2171
1543,900,1718,2066,937,663,616,1521,978,1229,2051,1422,1327,602,1215,1559,1825,688,1281,1027,1489,1633,1213,1285,1035,1623,789,1624,764,1751,784,1987,1704,1678,689,1329,1264,1687,1785,1222,1093,1279,777,481,1732,896,1408,1613,1365,1733,936,1731,1721,1337,1764,1712,1646,1621,1784,739,400,866,1331,272,1646,835,1297,1047,382,1024,1156,1239,1010,1423,1388,1050,909,304,1819,1967,1175,1137,1152,441,687,1280,1577,564,1359,647,1352,1150,327,997,1276,2026,1197,1346,1007,380,1244,1447,648,1222,1324,1361,627,358,863,1746,1387,1524,1045,1454,1681,1178,1348,1389,1857,1542,1712,1146,1292,1288,2124,1721,413,192,1308,1404,1341,1750,1468,1368,1999,1072,1017,1348,1717,1795,570,1180,1831,1309,2264,1584,1217,551,981,1304,1174,1036,1051,689,1194,1160,996,669,1510,1428,737,133,1599,1460,0,1408,779,1410,899,936,1231,1571,1250,759,1270,560,1505,1311,1478,741,1068,404,662,1571,1745,1173,326,1619,1756,704,392,1328,1486,1593,1011,1008,1048,1006,810,1414,1066,1704,448,299,1673,1329,1409,621,1309,1714,1715,459,578,1767,789,1039,1469,891,263,755,1330,716,1702,1954,1966,1627,1031,1216,1089,2252,1748,1689,820,1686,1345,1346,1504,1408,419,1304,1127,793,401,1598,978,838,179,1737,1339,258
2284,1930,1530,2309,1853,1254,1647,1380,1074,1733,1846,1791,1392,1041,1041,1511,609,1186,1145,1231,1360,1035,1611,2102,2038,1172,1060,1025,2056,860,1274,779,908,1668,1434,1154,2357,891,1946,1552,1855,1318,1646,1246,1562,1513,1663,1505,1379,1577,1489,1816,1551,1998,1608,916,919,960,1022,1216,1329,1505,957,1231,919,1366,1351,1148,1061,1235,1577,436,1284,2078,2088,1499,1227,1246,677,1857,1388,595,53,1050,1355,2032,1914,1495,1602,1269,1736,1552,1310,1192,1023,2332,1095,873,1564,1327,1907,1359,1377,1530,1532,1569,1464,1341,1033,1578,1277,1327,1316,1138,1884,1365,1584,1018,2023,275,916,1955,1159,982,1835,1551,1094,1384,1390,1658,1503,981,2090,1164,1848,1941,1280,1351,2332,2188,1293,1383,728,1338,2864,1689,979,1490,1128,950,1580,1313,1809,1488,1404,1667,1475,1236,1558,1928,1615,1191,1300,1172,1165,0,1541,1750,1513,1638,1713,921,1765,1314,953,1086,1554,1697,1314,1487,1828,1096,1023,1160,1577,1289,1502,1312,1588,1439,1328,1467,213,1336,477,1263,1482,1948,1165,1705,1285,908,1311,1249,1758,1967,2136,1275,955,918,919,1322,1350,964,1057,1179,1493,1171,1495,1443,1702,1260,933,798,816,2704,1090,910,2018,2363,1030,893,1137,1677,1180,1371,1271,1662,1088,1606,1940,1406,1085,923,1123,1042,1450,910,209,1477
2217,1531,1109,1230,1323,1659,1296,2207,1250,1897,1130,1073,919,1596,1015,1100,980,487,866,1135,1509,2299,1959,907,1697,1219,1616,2315,1483,2013,12,995,2061,1083,488,1121,1405,2045,1046,1106,1480,1029,353,727,1310,1279,1463,1091,999,1100,1320,1271,1311,1391,1348,2069,1555,2297,914,716,1279,332,1123,1054,1555,637,1396,2024,1236,822,1824,1129,1325,1303,975,629,1177,976,966,1073,1153,1270,1521,1262,1361,1263,1042,360,1654,165,1219,1817,1181,1164,1195,1242,1012,1145,1675,1155,1908,1590,1328,1319,2000,2037,426,1226,1685,1326,2047,1869,1423,1044,1250,969,1420,957,1293,1674,2069,1807,1178,947,1371,1085,1299,917,990,1752,2036,2106,976,993,1129,1242,1395,1236,978,944,1465,1186,967,1973,2658,1076,1007,357,1252,1097,1835,860,630,488,1089,1737,1388,315,1091,1730,361,1030,1241,1083,1021,1276,0,1105,1282,1615,1940,2050,1874,456,1171,1201,1053,1282,1878,540,647,1292,1508,1156,1099,1509,939,1834,1095,503,1278,1226,1616,2284,1115,1397,625,1985,609,1346,872,2061,634,971,1319,1625,1006,1465,1102,2071,2071,1334,1258,1093,1616,1356,2164,690,936,1312,1301,332,1119,984,1181,1943,969,1125,1751,2190,1686,2047,621,1075,1186,949,1816,1756,1304,744,1567,960,1188,1113,964,1660,1025,2065,1218,1012
1599,1733,1231,866,617,1746,892,1174,1462,1020,1373,221,1163,1683,918,1485,1474,1300,1130,1418,1215,1234,1272,135,997,1574,1703,1494,1689,1610,1095,1469,1621,1462,1301,1219,1488,1607,599,1199,575,1018,999,1246,1220,757,537,1219,1433,1481,797,828,1223,471,1483,1605,1353,1586,1664,1482,1445,1099,1008,1059,1634,1294,1305,1700,1284,941,1055,1612,1662,417,106,1261,1287,1055,1759,1322,1390,1846,2098,1350,937,392,1224,1127,638,1429,336,1070,1369,1691,1949,1001,1726,1394,1177,1234,1251,1437,870,1385,1102,1078,1239,1284,1772,1488,1370,1199,1305,1515,1498,1400,1326,1081,1631,1860,1329,1264,1326,1086,1454,1477,1462,1187,1344,1170,1383,1354,247,1326,1443,451,1465,1269,530,996,1390,1396,1449,1109,2152,188,1202,1121,1467,997,1079,1199,1262,1256,1694,1118,1461,1080,1486,796,1219,1083,1641,1467,1203,2113,1573,0,760,1142,1228,1350,1184,1097,1120,1451,1218,395,1457,1315,1281,1290,1379,1496,1488,1445,1017,1225,1233,1316,1441,1360,2192,1181,1598,1381,1257,1659,1422,470,1541,1608,1115,1050,1472,679,165,1338,1003,1327,1603,1501,928,1651,1703,1439,1445,1503,1015,761,414,1100,1390,1759,1749,1493,1237,1346,1217,1771,1363,1329,1275,1197,1112,1350,1205,1415,1409,1398,1254,1043,1268,1449,1697,1747,1095,1613,2045,1166
1322,1451,1001,1229,76,1451,458,935,1480,1855,1164,623,1243,1388,2021,1206,1241,1476,995,1563,1201,1205,1925,508,1653,1173,1408,1001,1394,1099,1296,1234,1107,979,1477,1786,908,1096,945,1215,234,1435,1550,980,988,26,615,988,1135,995,126,948,991,541,1206,1093,1131,1078,1143,1223,1167,1542,1784,788,1366,1622,1793,1501,989,1829,1782,1377,1524,582,533,1830,1166,783,1223,1129,1515,1561,1812,1055,503,484,987,1326,528,1158,501,1776,1097,1271,1705,1221,1552,1186,1633,958,1862,959,436,1531,1958,1995,1416,1011,1477,1001,2005,966,1021,1119,1002,1523,1962,919,1364,1623,1093,1762,1129,918,1245,1196,1185,957,1181,940,1097,1350,674,965,1234,222,1182,1301,877,969,1128,1259,1214,1931,2089,730,2035,1353,1486,1852,1798,1827,1829,1478,1532,1781,1345,1315,998,601,1247,813,1344,1085,932,1827,1305,556,0,1571,1882,1116,1868,1658,948,1168,983,516,974,1530,1853,1025,1115,1107,1001,1210,748,993,1209,1493,1164,945,1578,1138,1362,1098,1820,1460,1595,632,1852,1324,1015,778,988,484,555,1073,1752,1092,1318,1226,494,1366,1408,1313,1158,1676,744,254,535,1324,1394,1475,1465,1756,1244,935,1705,2076,1142,1094,1606,1167,944,1184,1175,942,1147,1842,1745,919,992,974,1265,1452,825,1330,1457,896
1738,491,1568,1337,1977,830,1709,760,1799,479,1148,1189,1722,716,1242,1525,1044,1724,1660,932,873,857,421,1128,393,2039,791,847,385,841,1637,1209,926,1634,1725,1081,1928,909,1151,1690,2133,1666,1821,1322,1490,1934,2450,1539,1973,1552,1977,1253,1565,2384,1583,934,1035,843,1006,1169,898,1825,1083,1227,1035,1408,960,819,724,1445,386,1376,1135,931,1116,2088,1998,1258,1033,1369,2052,1165,1479,696,1775,2324,1450,1667,2376,1501,943,356,765,2070,1461,1371,1875,1445,43,818,625,655,1741,934,550,587,1664,792,863,1504,598,745,1452,1859,1381,1848,715,1545,1011,920,934,509,1475,1436,1143,1565,941,1158,1637,614,591,972,926,1681,1149,2103,1426,1534,1373,1276,1161,1993,1043,516,1988,2603,1137,1591,1852,1471,388,1468,2088,1726,1953,372,1421,1656,1514,2446,1594,1138,2081,1871,1210,1504,1646,946,1938,0,259,790,700,1814,1570,821,1488,2394,699,1778,2109,993,982,1969,1502,1734,1280,817,1513,1740,966,1504,1613,835,1368,1428,2081,665,1535,908,1269,926,1293,1253,1732,2347,1163,883,1061,936,937,905,1671,989,791,1355,708,1493,1219,1843,908,1665,943,1177,1181,1775,1185,1550,448,2389,1116,911,1429,1584,1592,1649,724,618,997,2252,489,1206,808,1902,1843,838,1150,959,1457,1221
2200,612,1758,1163,2103,927,1812,755,1980,511,1490,1052,1620,813,1155,1722,1065,1603,1660,2013,831,875,416,1211,171,1914,888,865,481,859,1736,1227,944,1805,1602,1001,2025,927,1226,1392,2259,1786,1627,1419,1690,2062,957,1736,2066,1742,2105,1349,1766,948,1773,952,993,861,1024,1265,998,1724,1313,1334,993,1318,678,874,824,1356,345,1393,2015,1217,1201,1910,1873,1365,1050,1471,2053,1182,1497,794,1877,970,1631,1603,1099,1599,1231,351,865,2071,1418,1430,1876,1364,157,918,242,675,1844,2188,545,582,1672,883,960,1693,616,763,1547,1751,1566,1849,453,1400,1096,1622,952,403,1375,1130,1483,1766,1040,1261,1638,635,551,990,997,1682,1490,2229,1519,1432,1463,1139,1255,1994,1061,534,2492,960,1052,1590,2034,1387,383,1481,1909,1506,1953,393,1510,1613,1703,910,1692,1239,2302,1763,1311,1522,1792,1017,2066,442,0,808,415,1816,1264,921,1670,978,717,1565,1933,1085,1082,1863,1692,1938,1387,836,1703,1748,1061,1198,1631,830,1385,1521,1899,697,1444,983,1180,944,1390,1360,1918,1130,1032,985,981,954,955,1005,1774,1007,888,1491,703,1402,1326,1945,1189,1649,1081,1195,1200,2240,1106,1184,151,2480,1074,929,1338,1752,1285,1650,742,639,1092,2126,229,1302,908,2072,1844,935,1253,977,1475,1328
2448,1306,1379,1812,1375,1859,966,640,1032,990,1821,1676,1941,1799,2021,1352,322,1824,1970,962,845,390,866,1616,1392,2224,1880,379,1421,63,2254,495,118,1453,1825,1914,1987,101,1876,1303,1375,1902,1157,2448,1317,1117,1277,1366,1083,1363,1094,1434,1392,1531,1394,126,416,257,198,2367,1973,2003,1912,2294,416,2162,1487,1438,1806,2238,950,642,999,1331,1328,1321,1114,2325,305,1818,2356,437,757,1775,1155,1293,1274,1860,1222,2611,1624,783,1847,921,990,1834,2184,839,932,1900,1243,507,1183,1191,803,840,1764,1948,1750,1314,645,474,1184,2074,1204,2154,1088,1715,1631,891,126,1195,1169,1439,1500,1392,2016,2282,1946,828,767,164,1606,1996,1822,1463,933,1426,1539,1443,2082,2289,331,710,2197,1559,1968,1847,1087,1980,840,1804,1320,1781,2244,862,2284,1870,1325,1473,1118,2199,1024,2077,2270,796,2233,1630,1348,1007,1064,0,1269,912,1573,1903,1313,1304,538,1840,1108,1859,1842,2189,1313,1246,2347,458,1324,1840,2034,1507,902,595,620,1109,1302,1254,1946,1311,2044,118,2403,2320,1542,1508,1651,1780,1878,128,129,1980,952,181,1880,2135,789,2249,2284,1265,1310,1906,209,463,467,2022,1083,1611,1372,2188,493,103,2185,1404,1595,1974,418,832,2065,1204,1281,2194,1890,1725,2149,1758,2212,120,735,2266
2242,867,1861,1335,2024,1045,1758,1009,2075,763,1243,1221,1454,931,979,1823,1169,1440,1418,1762,721,978,835,1164,337,1798,1007,968,607,963,1643,1334,1047,1900,1439,787,2008,1030,1198,1320,2180,1910,1665,1532,1789,1981,939,1836,915,1844,2024,1328,1869,1122,1875,1055,880,964,1127,1148,1117,1739,788,1447,880,1157,701,1192,942,1180,634,1497,1897,985,959,1947,1754,1477,1153,1474,1791,1285,1605,911,1822,948,1703,1432,2422,1716,1201,630,983,1809,1307,1120,1658,1282,383,1036,356,786,1789,1961,811,848,1501,1002,1078,1794,727,865,1684,1585,1665,1600,342,1295,1349,923,1055,382,1305,1056,1497,1869,1156,1377,1377,746,823,1093,961,1433,1502,2149,1652,1361,1183,1367,1372,1825,1165,645,2118,928,882,1419,2129,1217,647,1217,1947,1432,1705,504,1642,1442,1805,2492,1820,1355,2414,1591,1426,1632,1620,981,1985,457,449,912,0,1641,1190,1039,1742,953,819,1615,1968,1199,1193,1703,1793,2034,1499,942,1804,1578,1175,1124,1741,1081,1489,1654,1937,986,1281,955,1005,1047,1507,1472,2023,923,994,1098,766,1057,1058,1124,1719,1110,1007,1594,954,1239,1438,1890,959,1478,1184,1303,1303,2296,999,1116,366,2546,960,1032,1175,1849,1223,1411,846,750,1206,2212,362,1424,1026,2172,1595,1053,1368,1080,1583,1443
1933,1753,1200,1333,1563,1915,1507,2195,1608,2135,1476,1173,848,1851,1147,1191,1017,620,790,1064,1450,2089,2182,1009,2238,1156,1870,2105,1708,908,465,1253,928,1418,621,1260,1472,1102,965,1045,1719,1364,206,945,1420,1519,1575,1428,1103,1438,1561,1138,1176,1499,1208,918,1507,2089,1161,1011,1492,470,1262,1286,1507,513,1015,2287,1459,956,2043,1408,1254,1395,1074,486,1106,1199,1214,1162,1084,1092,1296,1516,1572,1366,1130,656,1867,599,1324,2045,1404,1096,1182,1339,941,1088,1906,1397,1751,1529,1539,1250,2231,2268,559,1436,1939,1436,2006,1809,1094,973,1353,899,1361,886,1169,1717,1108,1826,1128,876,1483,1176,1509,1135,914,1693,2184,1138,1075,914,1221,1339,1617,1186,1151,1028,1684,1117,1009,1928,2781,1178,1146,643,1609,1235,2066,696,486,568,1023,1679,1607,453,1181,1942,594,1258,1131,1014,1250,1587,709,1186,1523,1846,1868,1101,2017,0,1104,1424,1379,1384,1818,627,507,1500,1718,1088,1437,1333,1163,1773,1185,636,1488,1154,1374,2154,1153,1619,478,2246,742,1451,786,917,855,1194,1429,1849,1106,1677,1240,1108,918,1548,1469,953,1870,1569,2312,823,1160,1640,1403,470,973,1027,1234,2043,912,1058,2218,2292,1638,912,492,1167,1113,872,1756,1697,1515,750,1508,1177,1411,1457,894,1914,1253,1107,1517,1240
2615,1964,1119,1146,970,2195,2111,1964,1165,2002,1506,1364,535,2071,743,1107,1460,943,474,864,1218,1849,2054,1092,1620,844,2150,1840,1724,1721,1065,1583,1769,1322,944,464,2233,1752,1352,614,961,1150,961,1569,1090,948,1137,1331,1244,1340,935,1562,1089,1360,1368,1777,1255,1837,1880,1567,2253,1069,462,1906,1255,714,789,2313,2105,944,1779,1229,943,1411,1326,1222,795,1814,1521,1466,880,1388,933,2054,2171,1135,1233,980,1118,1228,1412,1878,2073,892,1102,1357,733,838,1733,2133,1526,1300,2143,1096,2063,2091,883,2104,2222,1102,1703,1571,1068,658,997,696,1140,314,1406,1052,1777,1608,873,181,1506,1316,2294,1762,598,1467,1876,1815,1101,611,1506,1241,1210,923,1339,1635,2335,913,1571,1625,2970,1083,519,967,1163,543,1987,485,1223,900,816,1459,1172,990,1091,1128,1218,1874,1491,712,1865,1151,1396,1352,1145,1621,1642,1760,1373,1152,0,2185,1043,1128,1580,959,1242,2166,2313,771,1332,1178,1779,1544,1324,960,2314,211,1006,1921,1221,1204,1219,2272,864,1122,768,1769,1474,1809,1332,1377,1355,2218,436,1779,1780,2260,2073,1823,2150,1094,2078,822,1774,2239,1136,1026,1791,1603,1620,2694,663,173,1598,2449,1371,1754,733,1320,168,566,1530,1471,2345,1481,1287,1792,2172,1387,691,2197,1869,1771,1358,1856
1890,791,1728,2906,1784,420,1482,1310,906,1031,918,2342,1906,359,1549,1566,1616,1252,1844,1224,1287,1423,1001,2123,826,2193,378,1414,552,1410,1313,1783,1493,1689,1253,1431,1605,1476,2630,1721,1940,1287,1352,998,1744,1742,2244,1624,1472,1744,1784,2564,1733,2190,1775,1501,1442,1410,1573,782,658,1559,1433,980,1442,1401,1447,713,89,1597,953,1144,1002,2262,2223,1641,2152,1019,1601,2793,954,1734,1073,210,1547,2132,1584,1130,2175,1175,2186,940,229,1185,1204,2291,966,1873,799,49,1039,1233,1514,1001,1113,1150,1191,386,449,1757,1179,1315,1053,2039,1927,1153,1140,1883,1968,1197,1501,938,1814,1765,1107,1733,699,834,1893,1192,1217,1539,2307,1953,919,1910,1025,1879,2562,2645,858,957,1625,1099,1877,2411,1465,1118,1098,1810,963,1627,1642,1254,1172,950,1004,1331,1517,2251,1264,895,1672,2044,967,1311,1321,2245,1746,728,1014,1358,1058,1326,1783,0,1512,2201,1269,1306,1664,742,579,2155,1756,1774,1041,1393,1767,1269,718,1836,1151,1378,932,1016,1634,672,1375,2316,1573,1493,968,1014,1683,2152,2244,538,1411,1503,1504,665,1444,1556,378,949,1256,1456,979,1615,2220,1340,1486,1751,1771,1637,1556,1732,880,1866,1543,1478,1386,1697,1903,1921,1295,1196,749,1902,919,801,66,1608,1155,424,907,1526,1029,978
1492,1543,278,1780,1206,2091,1841,811,631,1168,1122,1277,1522,2029,1173,281,1360,1261,1234,1472,1671,1081,1043,1225,2067,1644,2108,963,1660,1282,1050,1397,1211,287,1047,1149,2024,1108,1637,942,1217,833,1164,2110,149,984,1069,470,1230,262,1157,1443,148,1285,296,1219,1925,1123,1141,2341,2211,1249,951,2152,1925,1039,2082,1536,2063,1170,1262,1186,1490,1371,1201,1538,1687,2065,1346,1156,1682,996,1403,2012,1906,1330,39,1257,1198,1014,1159,955,2104,1730,1346,1854,1658,1111,1365,2157,1695,1494,1873,1482,974,1011,1262,2163,1986,212,1057,1143,1492,1304,222,1384,1687,1303,936,1528,1219,1701,1180,1046,1338,148,1946,1956,1228,1429,939,1117,1201,1230,1125,1286,1540,982,1341,1151,2012,1393,1230,1366,1601,1390,967,1259,686,933,1015,1309,1539,1062,1704,1381,1354,1037,219,1180,1047,2060,1009,1309,1928,1428,1272,1471,1187,1439,1512,1107,1886,1142,1260,2160,0,1127,1097,1290,1285,1912,1894,1586,211,586,2027,1306,222,1263,1925,993,1537,766,1099,1564,1271,1422,1263,1145,980,1108,1123,2061,449,1016,1247,1952,1140,1221,1222,1989,1803,1098,2108,1574,798,1277,2026,923,1364,1264,1066,1364,1267,1751,1898,1200,2046,1592,2039,1105,1037,229,1062,1217,1124,1433,2031,1393,1735,1621,2147,565,1381,1994,2073,1244,1459,2127
1227,1845,1371,1184,729,1870,1004,1352,1658,1164,1117,585,1441,1807,926,1135,1726,1739,1401,1454,1431,1184,999,514,960,1613,1827,1187,1813,1554,1560,1420,1293,1348,1740,1012,1678,1282,667,1441,687,914,1299,1242,1126,869,265,1124,1133,1366,909,501,1363,176,1131,1545,1596,1528,1329,1480,1552,1391,1010,1177,1596,1891,1067,1878,1406,947,1010,1563,1712,152,485,1580,1324,1167,1704,1085,1420,1478,2035,1473,1049,95,1135,1589,403,1425,216,1227,1475,1433,1601,1309,1455,1662,1126,1354,998,1387,982,1720,1044,1019,1679,1400,1896,1374,1313,1395,1019,1551,1154,1428,1066,1323,1364,2181,1545,1222,1591,1096,1199,1129,1570,1292,1142,1364,1320,1575,626,1129,1188,563,1180,1264,599,740,1493,1722,1692,1288,1674,688,1000,1617,1665,997,1023,1011,1580,1535,1731,1301,1461,1578,1373,556,1326,1193,1342,1507,1311,2049,1569,513,872,1987,1181,1575,1150,1405,1362,1575,1362,0,1162,1594,1602,1395,1484,1534,1138,1354,1131,1182,1139,1755,1549,1128,1762,1360,1548,1096,1572,1840,1861,243,905,1549,1222,1162,1124,440,512,1441,1213,1278,1278,1609,1040,1317,1827,1413,1144,1943,1128,873,19,1587,1340,1407,1690,1675,1473,1350,1174,2009,1333,1281,1874,1331,1123,1385,1161,1131,1512,1698,1211,1138,1388,1330,1731,1871,1205,1555,1641,1279
1919,1123,1368,1361,1202,1680,2546,674,1643,904,1663,1245,1779,1622,1700,1371,675,1660,1817,932,701,447,780,1443,1219,2069,1702,436,1239,448,2096,856,521,1441,1661,1513,1848,505,1704,1142,1203,1891,1747,2269,1305,974,1135,1354,970,1352,951,1293,1380,1126,1383,529,958,436,600,2187,1803,1849,1511,2118,958,1847,1120,1339,1639,1910,769,996,960,1436,1185,1172,2028,2145,662,1371,2196,799,1099,1601,2606,1390,1262,1695,1082,2261,1452,724,1680,2213,1383,1669,2026,1237,751,1733,827,161,2578,1147,837,874,1599,1763,1569,1303,456,126,2189,1916,1192,1995,916,1558,1480,1229,529,865,1215,1280,1370,1380,1844,2111,1784,484,497,566,1187,1844,1378,1290,2163,1273,1686,1576,1921,2130,685,523,2116,1387,1615,1682,1531,1584,748,1639,970,1616,2085,523,2048,2021,1314,1080,1985,2026,1110,1921,2097,1136,2075,1206,1176,826,885,393,1221,1940,1416,1736,1301,1403,0,1675,1189,1678,1659,2029,1302,1555,2167,381,1313,1676,1865,1352,1238,629,988,2171,1155,1155,1782,1411,1725,521,2230,2140,1531,1338,1478,1597,1485,531,531,1810,2508,583,1702,1912,408,1933,2105,2674,1410,1741,611,823,823,1928,928,1479,1199,2544,1039,507,1879,1392,1435,1793,64,488,1896,1083,919,2039,1723,1713,1990,1575,2039,556,1078,2093
1916,1822,1128,1419,1623,1859,1584,2106,1514,2176,1468,1251,882,1796,683,1351,935,144,827,1098,1374,2005,2223,1085,1823,1197,1955,2021,1908,1872,542,955,1918,1331,145,800,1496,1901,1198,1204,1530,1291,475,1032,1103,1579,1656,1111,1063,1119,1621,1153,1333,1579,1137,1926,1497,2004,1998,1100,1461,547,802,1369,1497,297,1082,2088,1434,494,2082,1084,1303,1469,1154,677,1155,1284,1115,1402,1116,1010,1466,1687,1650,1439,1274,219,1923,679,1399,2047,1379,1127,1102,1404,973,1327,1916,1450,1807,1451,1616,1276,2251,2288,37,1410,2024,1349,1979,1723,1725,1007,1262,931,1475,980,1389,1340,1926,1800,1274,863,1219,1333,1478,1225,778,1615,2226,1964,1155,845,1467,1415,1693,1330,1183,1033,1652,1149,1118,2108,2743,1252,686,206,1515,776,2156,514,678,30,1052,1673,1683,229,1108,2002,671,1617,1084,1047,1581,1232,786,1266,1583,1826,1972,1913,1578,384,1101,1489,1068,1457,1732,0,695,1469,1713,1119,1350,1516,1248,1695,1112,74,1457,1140,1292,2065,1293,1695,675,2046,266,1525,528,1918,930,1279,1112,1902,1184,1679,780,1928,1928,1517,1546,1980,1955,1645,2222,348,1245,1718,1476,265,2013,1140,939,2017,1013,1055,1803,2261,1628,1903,281,1096,996,820,1678,1619,1484,931,1622,1254,1476,1137,926,1999,1336,1920,1417,1323
1911,1961,1336,1424,1626,1968,1698,1016,1490,2341,1430,1256,1165,1904,1395,1604,1470,862,1114,1387,1095,1036,917,1090,2136,1466,2067,1260,1913,1333,648,1235,1356,1583,863,1505,1639,1337,1231,1354,1535,1487,447,1139,1313,1582,1661,1593,1393,1603,1624,1456,1314,1584,1621,1112,1035,1092,1156,1109,1683,652,1507,1472,1035,833,1325,2474,1652,1204,2270,1650,1552,1473,1159,181,1420,1392,1205,1343,1408,1559,1496,1719,1763,1443,1276,680,1925,786,1403,928,1597,1418,1178,1409,1272,1004,2112,1593,2038,951,1730,1563,1178,1160,802,1622,2142,1603,936,972,1154,1293,1272,1220,1672,1210,1163,1959,1343,2113,1412,1202,1193,1314,1701,1326,1176,932,1181,1137,1160,1239,1428,1420,1831,1471,1163,968,1866,1445,1458,2203,2317,1256,1391,673,1802,1480,950,1011,35,818,1342,1965,1816,633,1320,2004,775,1446,1198,1309,1438,1514,1087,1271,1586,2045,2620,1339,2243,585,1437,1617,1552,1461,985,877,0,1692,1921,1402,1328,1797,1360,992,1599,879,1680,1465,1902,1019,1353,1833,104,2436,981,1529,1099,1111,1032,1387,1594,1905,1189,1888,1485,1112,1112,1742,1660,1148,2070,1778,1023,1062,1353,1615,1480,653,1411,1479,1219,2045,1216,1389,2451,2785,1036,1106,813,1572,1443,1195,980,1125,1707,233,1819,1386,1604,1335,1215,2117,1441,1112,1758,1428
1829,656,1497,2279,1142,407,824,1450,1600,1063,2228,1623,1568,306,1448,1340,1764,914,1516,1288,1453,1568,1152,1547,999,941,165,1559,718,1558,1128,1930,1639,1463,915,1558,1298,1622,1988,1506,1298,1060,1019,814,1506,1100,1628,1391,1242,1512,1140,1963,1495,1551,1543,1647,1608,1556,1719,904,130,1105,1560,411,1608,1060,1602,574,337,1257,1091,960,1275,1628,1592,1285,1152,442,1754,2155,1007,1885,1309,389,891,1493,1356,793,1558,990,1554,1063,378,1034,1035,2256,1230,1664,940,438,1210,1377,856,1274,1125,1151,854,494,501,1525,1322,1459,836,1699,1463,1216,1312,1704,1754,1207,1647,1110,1605,1604,1992,1495,80,438,1555,1335,1356,1685,1669,1598,2290,1275,805,1664,1920,1994,234,1010,1771,1242,1823,1789,1444,780,1654,1533,1077,1266,1286,916,1023,1093,779,909,1291,1644,1082,305,1456,1711,376,1324,1005,1616,1103,869,1164,1506,1213,993,1585,434,1286,1517,1413,968,1305,0,346,1811,1524,1558,464,1546,1534,931,59,1633,1162,1443,945,795,1281,533,1033,1681,1285,1639,845,437,1449,1529,1615,219,1538,1649,1650,123,786,1702,181,725,1321,1114,401,959,1536,956,1551,1897,1909,1584,1346,1530,1053,2189,1710,1624,1044,1472,1659,1572,1439,1339,86,1550,1091,572,421,1381,1218,185,320,1672,1040,398
1519,366,1304,1127,1400,323,1079,1163,1389,888,906,1942,1835,229,1580,1156,1458,1182,1773,1308,1336,1274,968,1807,893,1158,170,1264,425,1260,1380,1627,1356,1261,1183,1466,1636,1339,923,2220,1556,866,1284,1066,1307,1357,1886,1199,1090,1311,1399,2219,1296,1809,1342,1364,1491,1263,1436,935,697,1363,1468,695,1491,1332,1483,383,373,1527,799,1791,1301,1886,1848,1569,1179,737,1444,2411,1230,1586,1012,334,1145,1751,1160,1059,1812,1242,1802,792,414,1049,1206,979,1237,1890,650,467,1041,1079,1111,1299,942,976,1120,544,122,1324,1026,1164,824,1968,1265,1229,1305,1912,1575,1133,1364,1103,1992,1794,1736,1296,268,720,1818,1038,1002,1402,1931,1880,1095,1529,794,2060,1096,2252,431,1021,1467,945,2180,2043,1497,1046,1443,1837,894,1555,1568,1182,1251,795,667,1173,1098,1878,1332,607,1314,1970,678,1236,1275,1870,1361,579,865,1206,1094,1254,1845,470,1091,1771,1118,1234,1590,234,0,2083,1323,1359,758,1245,1334,1197,247,2023,1089,1234,1783,784,1560,345,1303,1931,1546,1356,1100,731,1257,1785,1869,58,1446,1366,1367,311,1041,1419,192,525,1109,1384,697,1213,1790,1105,1340,1594,1615,1575,1608,1800,915,1795,1593,1341,1315,1271,1931,1861,1145,1042,274,1836,1084,561,457,1179,1230,125,623,1389,1169,695
2379,2523,1389,1195,1360,2740,995,2526,1432,2613,2045,1234,381,2625,1160,1377,2057,1346,521,646,1855,2413,2670,1457,2171,427,2706,2429,2274,2359,1713,1138,2410,1365,1345,1081,1977,2393,1776,1547,1347,1411,1532,2080,1643,1107,1562,1657,1482,1666,1099,1740,1642,1283,1694,2418,1889,2411,2490,2191,2547,1625,1079,2391,1889,1014,1423,929,2663,1090,2422,1240,617,1586,1472,1810,469,2307,2132,1984,620,979,1376,2602,1190,1284,1560,1491,1289,1931,1309,2404,2548,551,1788,1387,606,1501,2278,2532,2153,1936,1008,711,2671,1094,1394,2506,2781,1657,2371,2141,1297,192,1531,456,1801,854,1614,1250,2418,2222,1530,844,2049,1360,2563,2262,578,2074,2550,2456,1476,652,1693,1418,1484,1589,1762,1833,2751,534,1101,2309,2700,1214,1115,1478,1727,1155,2421,791,1809,1412,475,2074,1455,1501,1644,1302,1773,2355,1789,309,2349,1400,1701,1239,1337,2197,2320,2395,1943,1492,1072,2568,1313,1270,2150,1312,1833,2555,2885,0,1659,1746,2264,2141,1650,1354,2542,1120,1456,2485,1018,1482,1801,1137,1163,1521,1094,2410,2020,2302,1373,1580,1234,1100,1052,2420,2421,2604,1187,2473,2706,1378,2642,1121,2266,1062,1279,1537,909,937,1129,2972,1313,1026,2151,3248,2028,2395,1032,1362,1080,507,2184,2078,2569,2027,1948,1279,2555,1418,459,2756,2350,2412,1340,2337
1747,1617,101,1496,1226,2003,1674,887,576,1249,1334,1293,1594,2090,1240,104,1428,1323,1561,1853,1743,1151,1125,1499,2131,1422,1946,1039,1736,1358,1323,1045,1287,330,1098,1009,2009,1182,1360,1213,1238,670,1210,914,180,1210,1301,146,1087,85,1179,1197,169,1072,120,1295,1997,1197,1217,1134,1832,1306,1219,1997,1997,1320,2150,1603,1957,1025,1340,1138,1551,1143,1468,1316,1759,2024,1414,1143,1757,948,1355,1981,1740,1110,204,1088,1206,1058,1168,1031,1998,1494,1423,1561,1436,1189,1447,2217,1785,1614,1706,1543,1050,1087,1322,2184,1898,1,1131,1217,1252,1649,306,1446,1761,1138,1107,1112,1295,1893,1257,1336,1089,169,1782,1921,1286,1549,1015,1193,1216,1288,1107,1080,1398,1262,1346,1384,1848,1455,1303,1431,1543,1407,1238,1091,631,1197,1094,1377,1591,1111,1473,1557,1323,1084,17,982,1088,1905,866,1653,1892,1381,1327,1232,1209,1484,1594,1177,1975,1190,1103,2054,152,1374,1171,1117,1603,1748,1719,1373,0,532,1840,1378,9,1097,1761,1054,1490,842,1051,1314,1588,1489,1326,1157,1035,1182,1166,2019,273,1021,1262,1777,1211,1297,1298,1825,1636,1174,1973,1357,874,1340,1984,1139,1139,1093,1142,1061,1343,1397,918,1273,2111,1853,2111,1179,1090,337,1122,1276,1198,1552,1867,1734,1822,1457,2041,529,1443,1906,1918,1320,1410,1972
1625,1788,506,2052,1225,1953,1320,1073,241,1420,1324,1817,1692,1870,1136,487,989,1227,1378,1921,1933,1337,1300,1452,2312,1797,1892,1229,1908,1246,1246,889,1187,653,1484,1330,1886,1265,1580,1056,1491,1083,1360,1315,541,1462,1295,484,1210,554,1431,1713,530,1290,576,1290,1245,1387,1208,1333,1770,1229,1331,1028,1245,1212,970,1560,1892,1131,1518,981,1953,1644,1724,1782,1528,1261,1042,1365,1508,792,1197,1929,1315,1603,595,1488,1217,1467,1673,1213,1933,1549,1387,2123,1479,986,1616,1986,1979,1781,1330,1606,1231,1268,1488,1129,1844,543,1316,1398,1327,1732,691,1496,1944,1222,1371,1326,1290,2054,1287,1187,1308,530,1720,983,1660,1718,1198,1170,1428,1379,1603,1292,1457,1308,1892,1369,1786,1507,969,1603,2011,1664,1120,1234,215,1085,1272,1241,1476,1250,1842,1724,1603,1229,551,1202,1514,1185,1050,1745,971,1233,1250,1745,1461,1688,1779,1299,2162,1609,1422,1987,520,1635,1350,1255,1488,1684,1663,1446,540,0,1261,1555,551,1485,1697,1358,1335,1026,894,1458,1777,1666,1224,1372,1149,1283,1383,1258,725,1241,1474,1721,1323,1293,1294,1761,1310,1151,1917,1304,1058,1235,1031,1149,1637,1499,1119,904,922,1872,1153,1127,2290,1658,1364,1268,1463,659,1448,1645,1376,1720,1803,1927,2014,1387,1974,820,1802,1817,989,1293,1255,1010
1528,1331,1523,2034,902,894,567,1570,1271,1299,2016,1469,1570,831,1471,1411,1163,937,1518,1044,1306,1705,1281,1247,1109,920,891,1696,846,1824,743,960,1777,1429,897,1202,1454,1760,1749,1135,1058,1077,945,405,1572,861,1413,1421,1519,1578,901,1699,1561,1303,1609,1785,1430,1693,1861,659,559,964,1200,297,1430,1041,1211,1276,437,1239,1226,1333,1022,1389,1354,1251,922,355,945,1984,1202,1020,1231,499,638,1275,1429,779,1324,595,1303,1221,487,1017,1116,1996,1018,1291,1081,500,1316,1521,619,1238,1372,1409,836,470,921,1591,1456,1600,1508,1701,1476,999,1428,1289,2008,1355,1785,1230,1228,1206,2088,1561,558,341,1535,1495,1475,1827,1429,1578,2086,1037,1480,1280,1680,1762,728,1207,1134,1380,1879,1535,1506,771,1275,1515,1243,1247,1252,898,1010,1229,1472,768,1362,1392,659,263,1750,1713,257,1244,718,1376,864,1010,1310,1644,1324,1061,1188,618,1357,1316,1550,987,1235,561,1047,1813,1490,1044,0,1691,1501,955,549,1246,1581,1634,1089,1482,1213,1236,1025,1425,1266,1777,443,350,1475,1290,1375,1042,1173,1790,1788,608,529,1844,891,1480,1550,1125,319,706,1335,738,1783,948,1136,1625,953,1112,1161,1869,1553,1765,1025,1439,1272,1553,1577,1499,576,1288,1200,610,448,1407,1211,896,258,1813,1433,245
1945,1411,1548,1661,1015,1959,2789,942,1812,1204,1401,1263,1670,1902,1607,1505,833,1581,1715,918,612,494,1074,1465,1422,1966,1981,510,1528,617,2065,996,666,1633,1553,1376,2258,650,1431,1034,1016,2092,1717,2027,1507,994,1397,1525,1203,1559,1173,1315,1582,1385,1590,674,610,563,745,2365,2084,1823,1420,2406,610,1766,1021,1544,1913,1814,1055,1178,1144,1210,1454,1180,1966,2441,825,1685,2123,952,1269,1880,2877,1172,1421,1618,1104,2184,1477,1011,1925,2131,1033,1395,1962,1020,1062,2007,882,233,2852,1131,1113,1144,1487,2045,1803,1500,732,412,2483,1827,1356,1933,818,1482,1250,1397,674,920,1123,1216,1684,1582,2111,2336,1835,485,773,711,1456,1741,1694,1314,2467,1233,1416,1327,2178,2068,840,800,2585,1410,1538,1571,1855,1441,1014,1586,1179,1512,2023,567,2356,1960,1499,1102,1972,2299,945,1919,2373,1312,2044,1480,1200,1136,1187,575,999,1952,1337,1981,1460,1427,472,1571,1198,2152,1902,1942,1499,1735,2472,0,1510,1569,2129,1274,1393,896,1170,2472,1163,1460,1639,1435,1673,667,2454,2445,1712,1130,1242,1831,1351,677,677,2078,2751,730,1973,2210,1083,1866,2409,924,1434,1630,758,982,989,1953,866,1361,1421,2574,687,653,1813,1596,1364,1758,352,500,2160,1315,814,2304,1968,1873,1928,1811,2310,671,1251,2384
1757,1668,89,1496,1226,1917,1583,921,589,1267,1340,1294,1586,2086,1021,92,1428,1090,1553,1526,1772,1159,1136,1499,1752,1709,1847,1046,1735,1366,1318,1058,1297,328,1092,1211,2014,1191,1645,997,1025,601,1456,911,177,1210,1303,144,1077,73,1179,1448,166,1296,108,1305,1611,1206,1251,935,1733,1300,1211,1919,1611,1087,2205,1609,1859,1231,1337,1176,1544,1382,1216,1585,1449,1972,1414,1385,1748,966,1408,1943,1656,1111,212,1309,1208,1054,1169,1041,1900,1487,1169,1884,1428,1178,1505,1953,1840,1653,1615,1536,1086,1123,1316,2040,1800,61,1170,1293,1381,1640,295,1737,1807,1367,1113,912,1305,1909,1033,1327,1321,166,1683,1833,1545,1577,1051,1208,1217,1548,1112,1305,1527,1252,1629,1150,1753,1447,1432,1480,1874,1407,1230,1312,644,1189,1107,1134,1587,1106,1769,1572,1256,1080,6,1189,1310,1828,841,1645,1800,1439,1322,1489,1001,1482,1647,1187,2080,1431,1096,1956,153,1376,1247,1344,1324,1651,1618,1366,60,550,1757,1449,0,1092,1662,1264,1529,875,1086,1443,1584,1493,1319,1158,1243,1191,963,1967,259,1236,1262,1676,996,1307,1308,1726,1545,1189,1876,1277,916,1104,1932,1139,1140,1088,1157,1079,1383,1406,1099,1047,1732,1544,1713,1188,1310,335,1115,1533,1274,1581,1772,1729,1893,1378,1943,513,1734,1808,1839,1330,1402,1913
2331,2259,1339,1409,1844,1866,1567,2136,1226,2259,1491,1247,823,1803,628,1098,1755,8,763,1292,1412,2044,2312,1083,1862,1137,1891,2060,1965,1847,647,915,1893,1082,9,856,1845,1876,1025,1293,2001,1059,495,989,1083,1796,1669,1317,1286,1327,1839,983,1308,1580,1350,1902,1518,2046,1974,1075,1449,577,858,1361,1518,185,1139,2072,1485,439,2180,1260,1242,1480,1173,756,1093,1257,1777,1428,1310,1171,1173,1680,1640,1422,1032,247,1879,877,1398,2155,1424,1304,1413,1387,1022,1395,1968,1439,1846,1471,1599,1373,2304,2341,47,1403,1959,1324,2175,1767,1716,924,1020,971,1526,882,1164,1299,1902,1838,1326,752,1496,1083,1472,1183,744,1656,2353,1940,1175,774,1234,1413,1693,1378,1012,1057,1638,1277,1827,2116,2750,1250,681,234,1482,832,2239,419,757,100,1229,1883,1693,257,1087,1960,712,1333,1082,1051,1302,1191,625,1292,1800,1878,2011,1888,1733,406,1019,1443,1046,1455,1776,89,776,1452,1683,1044,1325,1229,1221,1712,1318,0,1451,983,1251,2095,1245,1695,751,1954,130,1521,456,1894,970,1252,1091,1866,1193,1657,836,1904,1904,1505,1529,1957,1891,1665,2448,238,1218,1707,1474,293,2044,905,1880,2026,1052,972,1842,2737,1649,1879,167,1076,910,756,1703,1660,1478,1008,1678,1285,1430,1120,966,1936,1328,1896,1133,1315
1523,611,1452,2368,1258,379,926,1353,1554,991,2302,1769,1536,347,1413,1288,1712,876,1484,1276,1475,1520,1077,1635,1015,1124,128,1536,662,1516,1169,1900,1592,1350,877,1622,1300,1575,2069,1537,1416,1008,977,846,1394,1209,1760,1348,1149,1399,1252,2053,1383,1673,1431,1600,1636,1509,1611,1072,71,1072,1624,426,1636,1013,1605,500,316,1222,1023,1162,1045,1717,1677,1306,1139,484,1702,2318,1204,1832,1313,371,1001,1617,1316,780,1644,1020,1636,989,357,1024,1031,2320,1009,1710,888,543,1249,1359,958,1044,1051,1079,811,549,434,1412,1257,1414,772,1644,1407,997,1324,1698,1736,1461,1600,1122,1637,1618,1956,1383,21,418,1542,1299,1260,1639,1752,1576,2362,1376,754,1695,2001,2098,212,1208,1730,1178,1834,1870,1447,767,1608,1597,1003,1224,1306,873,1013,1023,740,885,1237,1720,1083,321,1390,1741,396,1099,1178,1701,1213,821,1089,1464,1294,965,1583,413,1240,1598,1368,920,1325,24,317,1756,1411,1529,506,1533,1422,888,0,1640,1165,1406,948,744,1295,460,958,1761,1270,1592,863,479,1404,1622,1700,182,1597,1602,1603,64,888,1549,144,742,1286,1058,442,1068,1617,821,1514,1867,1746,1594,1366,1527,1066,1823,1738,1577,992,1360,1660,1553,1395,1303,31,1563,1103,543,400,1336,1207,150,335,1625,1043,415
2587,1873,1293,1409,1168,1921,2272,1794,1342,1924,1802,1139,656,1917,720,1058,1454,1116,596,1008,990,1445,1977,1329,1545,962,2015,1461,1580,1506,1222,1541,1555,1263,1115,417,1850,1538,1639,496,1159,1340,1112,1732,1041,1142,1134,1272,1467,1281,931,1291,1040,1123,1310,1563,1216,1670,1636,1840,2113,1225,415,2091,1216,838,638,2153,1934,921,1683,1183,1060,1168,1104,1434,911,1995,1468,1456,1039,1347,1321,1908,2340,1368,1173,1035,1111,1401,1413,1823,1975,1062,1023,1389,896,779,1595,1953,1359,1100,2304,1226,1948,1985,938,1981,2085,1053,1655,1407,1259,756,947,846,931,392,1674,1209,1563,1465,756,250,1491,1040,2153,1889,720,1293,1828,1602,1337,721,1802,1028,976,794,1622,1347,2361,1076,1518,1580,2930,1312,555,1022,1109,491,1841,630,1434,961,986,1324,1139,1045,1042,1119,1384,2041,1201,869,2027,1356,1403,1126,1141,1487,1465,1544,1114,1359,129,2004,1200,1363,1416,1020,1458,2194,2178,876,1273,1124,1956,1325,1047,1124,2171,0,1153,1749,1175,971,1424,2142,992,1357,765,1555,1633,1990,1273,1134,1130,2070,484,1565,1566,2120,2234,1619,2015,2600,1906,956,1955,2165,1372,1081,1727,1562,1579,2201,590,83,1525,2918,1335,1540,855,1262,276,679,1314,1297,2202,1626,1084,1949,1991,1330,841,2062,2036,1557,1302,2023
2338,950,1102,1976,1599,1333,1726,1398,1076,1689,1909,1856,1201,1336,1100,1550,670,1505,1195,1534,1340,1044,1561,1806,1960,1468,1125,1034,945,870,1614,785,918,1096,1248,1013,2421,901,2429,1473,1601,1148,1719,1583,1607,1907,2087,906,1738,1095,1555,1881,1596,1719,931,926,909,969,1028,1280,1165,1579,1014,1566,909,1190,1381,1227,1361,1081,1516,453,1324,2157,2167,1884,1535,1584,688,1921,1436,603,256,1115,1715,1748,1870,1569,2013,1332,2176,1504,1150,1232,1032,2409,1133,886,1556,1164,1901,1437,1742,1307,1555,1592,1537,1176,1098,1595,1264,1403,1379,1183,1840,1412,1561,1071,1736,133,926,1974,1199,1036,2292,1596,1160,1211,1202,1657,1527,987,1796,1468,1911,2020,1623,1392,1996,1876,1136,1184,740,1326,2918,2119,1252,1564,1130,1009,1532,1143,1882,1561,1452,1656,1285,1298,1560,1661,1401,1518,1640,1219,1231,220,1338,1815,1906,1630,1708,993,2139,1659,1215,1390,1572,2128,1322,1560,1574,1403,1315,1206,1594,1437,1309,1381,1605,1511,1407,954,0,1353,486,1602,1863,961,1224,1771,1357,918,1375,1315,1095,2045,2215,1121,1223,928,929,1160,1710,970,1355,1502,1510,1486,1574,1822,2134,1321,939,807,825,2764,1124,1164,1939,2909,1020,903,1196,919,1244,1433,1345,1660,1393,1666,1956,1229,1389,1178,1162,1108,1266,920,429,1288
1826,873,1121,1640,1164,1325,2252,73,1402,501,1307,1224,2266,1323,1849,1124,874,2445,2310,1033,1177,588,370,1173,919,929,1420,465,939,776,2274,1041,705,1209,2446,1690,2168,613,1375,1648,1167,1608,2238,1976,1066,944,1321,1115,1760,1105,919,1248,1141,1085,1137,713,1414,623,686,1828,1520,2452,1692,1842,1414,1985,1510,897,1347,2067,565,1217,1058,1151,1401,1005,1171,1894,863,1579,1149,1016,1310,1324,2320,1344,1006,2297,1035,2132,1166,217,1388,1199,1842,1676,1119,1779,709,1441,1011,1066,2284,1266,248,285,2380,1462,1311,1072,345,687,2065,2364,936,1136,1290,2024,1387,1432,713,1088,1746,1773,1298,1141,1561,1803,2287,988,210,641,1403,2322,1308,1252,2044,1806,1361,1250,1666,1148,869,469,2011,1352,1761,2336,1456,2123,290,2133,1005,2005,1170,629,1827,2286,1072,1030,2210,1750,1839,2461,1825,1345,2283,1426,943,687,834,629,1253,2495,1888,1444,1045,1126,641,2064,1231,1611,1317,2466,1071,1344,1916,880,1082,2462,1587,1829,1432,0,1167,2052,994,714,2108,1135,1893,613,1924,1889,1285,1281,1201,1375,1670,715,716,1527,2214,624,1420,1693,304,2072,1854,2387,1131,2297,593,1011,823,1828,1435,2295,899,2418,1515,610,2009,1170,1900,2314,668,992,1618,1355,1069,1834,1431,1486,937,1319,1761,739,1291,1834
2647,1751,1199,2117,1671,2172,1212,1099,695,1427,1721,1637,1215,2163,1604,1179,468,1238,996,1333,1092,838,1298,1917,1758,1251,1098,828,1818,669,1113,351,630,1357,1027,1351,2680,615,2171,1241,1673,997,1202,1088,1236,1363,1832,1192,1268,1183,1617,2020,1225,1821,1215,639,664,763,673,1057,1144,1085,1349,1076,664,1173,1119,1846,908,1813,1330,22,1391,1900,1576,1338,1315,1318,361,2085,1231,171,412,2159,1203,1854,1593,1076,1459,1339,1918,1215,1124,1285,797,2138,970,679,1374,1142,1696,1112,1481,1372,1262,1299,1051,1154,2111,1209,1078,1077,1436,1205,1528,1002,1325,1456,1554,552,639,1770,941,1190,1711,1225,1138,1195,1002,1475,1229,632,1578,1014,1722,1457,1149,1134,2153,1674,918,1016,300,1144,2793,1858,1465,1295,750,1416,1278,1124,1615,1294,1249,1470,1318,1075,1186,1454,1177,1253,1196,1242,1221,518,1347,1929,1645,1448,1510,650,1938,1392,1311,1126,1190,1870,1119,1071,1634,1142,2213,1230,1208,1057,1315,1051,1219,1031,1144,1248,553,1053,0,1369,1596,1662,1004,1879,1649,631,1392,1095,1360,1485,1951,908,1326,641,641,942,1199,615,1093,1263,1241,1011,1083,1561,1553,1099,584,372,390,2612,864,1335,1738,2782,773,617,977,1295,1336,986,1018,1479,937,1445,1751,1024,1124,1545,996,2123,1264,635,391,1069
1172,869,1185,921,1273,975,942,1545,1452,1165,1677,1782,1154,922,1650,1188,1251,1343,1352,1416,1971,1776,1254,1710,1383,1558,790,1792,920,1773,1555,1012,1850,1116,1344,2104,1099,1833,1918,987,1431,764,1440,1227,1168,1224,1293,1261,632,1169,1267,1631,1157,1431,1201,1858,992,1765,1118,1320,717,1517,2106,841,1198,1481,1968,904,767,1702,1268,1386,1404,1401,1690,1776,1302,904,1017,1912,1355,1066,1256,823,1017,1425,1286,1247,1304,1409,1478,1166,808,1671,1333,1208,1649,1100,1146,861,1540,1628,974,1695,1228,1254,1278,928,743,1182,1510,1669,257,1230,1415,1637,1819,996,1209,1366,1858,1618,1313,979,1420,1157,606,894,1106,1565,1450,1897,1828,1328,1663,1389,24,1054,1850,1692,669,1358,1002,1438,1782,1882,1935,1234,1506,2077,1180,947,1776,1339,1372,1279,391,1343,1198,1180,1333,757,877,1211,831,1526,1460,1714,1228,1079,1356,919,1782,1430,997,864,1254,1474,1623,1391,1800,574,668,1227,1181,1595,926,1795,1192,1360,585,1173,1327,1609,1133,0,1094,864,1430,1628,1743,1850,1054,899,1295,1284,1713,632,2084,1860,1861,649,904,1103,814,343,1483,1530,864,1084,1493,1390,935,1207,1197,1235,963,1165,1427,1465,1009,1835,1464,1125,1213,1332,1650,1569,688,1002,1599,284,851,1218,1639,746,768,1883,1213,841
1931,1927,1599,1456,1708,1977,1684,1197,1779,2310,1206,1294,987,1910,1358,1589,1186,821,934,1217,1909,1218,2285,1130,2087,1282,2041,1016,1871,1074,621,1205,1321,1568,822,1572,1391,1078,1264,1198,1865,1227,404,1104,1571,1660,1718,1307,1400,1316,1703,1473,1572,1631,1607,1308,1210,1285,1361,1199,1634,626,1574,1477,1210,758,1169,2430,1591,1167,2201,1334,1382,1526,1220,91,1241,1378,1417,1372,1250,1522,1769,1785,1756,1468,1262,654,1948,772,1444,905,1530,1271,1376,1417,1118,1168,2063,1653,1911,1114,1716,1431,953,1134,756,1578,2111,1315,1099,944,961,1089,1256,1057,1490,1051,1180,1921,1083,1987,1264,1057,1467,1302,1657,1291,1056,2167,1150,1108,1222,1060,1455,1458,1758,1316,1196,1200,1815,1286,1176,2075,2331,1296,1397,649,1781,1547,928,935,43,780,1195,1847,1757,608,1307,2029,761,1451,1201,1201,1419,1790,881,1339,1664,2061,2009,1078,1658,546,1294,1549,1535,1502,956,839,112,1637,1857,1204,1315,1471,1346,963,1311,838,1636,1292,1542,1201,1321,906,0,2390,908,1567,1083,1082,1018,1373,1579,1932,1240,1831,1552,1083,1083,1693,1646,1119,2041,1731,1204,1008,1339,1823,1521,626,1139,1194,1435,2061,1064,1246,2504,2321,1210,1077,741,1558,1294,1014,1150,2171,1663,344,1643,1349,1536,1325,1052,2088,1446,1082,1720,1433
1868,590,1709,1306,1768,589,1457,946,1716,571,983,1111,2547,552,1793,1712,1359,1582,2552,1352,1521,1178,667,2063,1003,1206,507,998,638,1171,2020,1553,1258,1536,1583,1641,1769,1142,1272,2295,1925,1189,1676,1709,1649,1720,2243,1688,1369,1693,1763,920,1719,2184,1725,1266,1682,1167,1204,1252,1002,1763,1643,1331,1682,1726,1600,176,694,1936,649,1694,1357,2221,2182,1986,1023,1386,1345,1183,1266,1486,1795,658,1529,2130,1578,1486,2145,1878,2146,584,735,1082,943,1362,1261,2090,793,788,1095,1051,1489,1351,650,659,1517,854,460,1658,791,1068,1192,939,1513,1044,1372,2298,1832,1004,1266,1172,2162,2032,976,1719,1039,1138,2538,991,855,1161,2247,2564,984,1885,1172,2225,1254,920,872,1050,1384,853,1790,2368,1708,1473,1769,2070,602,1945,1986,1579,1066,712,1034,1588,1658,2221,1958,1240,1614,932,1315,1834,2029,2202,1724,691,918,1117,1337,1673,2163,791,1617,2158,1022,1631,2007,643,465,942,1657,1702,1408,1225,1668,1599,654,2098,1160,1000,1686,1165,1978,0,1672,2271,1837,1142,1343,1381,1585,2130,2201,485,1621,1268,1269,1009,1419,1142,533,895,875,1774,1347,1596,2177,2044,1110,1521,1342,1906,1866,2385,983,1780,1784,1139,1708,1739,2226,2533,1050,995,1089,1149,1153,1008,778,1513,1260,465,1252,1291,1773,1328
1960,1874,1341,1515,1892,1920,1614,2207,1220,2210,1269,1363,766,1856,450,1100,1792,314,704,1242,1425,2112,2261,1199,1813,1083,1935,2128,1917,1939,700,1883,1987,1084,313,804,1567,1971,1285,1238,2048,1292,595,1037,1084,1844,1789,1319,1313,1329,1887,1233,1309,1702,1120,1995,1567,2113,2067,1126,1495,673,806,1406,1567,75,1084,2037,1538,379,2130,1229,1183,1600,1289,813,1034,1308,1813,1218,1252,1141,1385,1732,1688,1548,1245,454,1995,923,1518,2105,1477,1251,1463,1477,1148,1297,1924,1485,1800,1525,1646,1316,2254,2291,275,1450,2005,1097,2135,1830,1832,866,1018,1088,1470,841,1442,1536,1995,1793,1381,711,1272,1309,1518,1232,684,1709,2313,2033,1291,717,1531,1526,1810,1435,1270,1321,1686,1223,1863,2076,2780,1370,629,441,1221,780,2190,256,814,268,1176,1827,1804,464,1314,2076,810,1378,1101,992,1345,1407,678,1410,1848,1834,1962,1975,1690,471,980,1495,1046,1576,1839,261,833,1498,1729,985,1098,1478,1272,1770,1093,223,1497,942,1478,2165,1213,1812,808,1996,0,1642,407,1987,1068,1303,1093,1979,1311,1703,784,1997,1997,1552,1576,2050,1935,1781,2322,63,1269,1755,1595,500,2081,1904,1922,2053,1106,933,1793,2767,1696,1973,57,1078,871,696,1761,1713,1524,1065,1623,1399,1482,1357,1083,1982,1373,1991,1107,1360
1510,1766,1395,1039,576,1717,879,1128,1680,973,1212,466,1429,1654,1111,1393,1436,1642,1149,1443,1435,1192,1008,401,965,1600,1673,1195,1620,1562,1461,1724,1571,1370,1643,1216,1597,1558,609,1438,534,1130,1101,1137,1145,733,461,1143,1214,1150,776,592,1148,381,1389,1287,1600,1272,1614,1354,1499,1203,1006,1073,1600,1375,1066,1687,1225,1138,1017,1897,1405,250,336,1422,1585,1063,1417,1246,1410,1795,2046,1264,923,228,1153,1492,491,1316,171,1025,1376,1718,1601,1087,1445,1663,1132,1283,1211,1154,855,1706,1054,1242,1580,1311,1741,1157,1094,1402,1113,1274,1170,1713,1292,1088,1510,1815,1287,1227,1589,1090,1345,1386,1522,1139,1132,1135,1101,1584,478,1118,1276,407,1268,1524,541,827,1413,1415,1408,1295,1699,544,995,1520,1686,993,1246,1003,1422,1411,1423,1307,1385,1481,1396,653,1162,1078,1414,1494,1259,2060,1470,364,737,1097,1187,1583,1153,1221,1355,1529,1383,91,1168,1470,1446,1306,1381,1260,1397,1657,1027,1188,1398,1659,1501,1124,2139,1371,1556,1184,1412,1650,1732,0,2041,1290,1061,1058,1143,539,363,1349,1000,1553,1285,1556,915,1600,1673,1371,1391,1834,1024,744,110,1490,1628,1709,1407,1705,1220,1113,976,2039,1613,1288,1358,1121,1117,1136,1167,1136,1432,1480,1007,985,1317,1121,1423,1718,1089,1295,1993,1162
2383,2210,1048,1128,1911,1940,1635,2426,1380,2210,1567,907,1023,1874,40,1252,1820,611,959,1480,1689,2331,2262,1318,1814,1335,1953,2347,1916,2207,721,1914,2258,1022,612,802,1964,2241,1128,1341,2067,1244,697,1058,1233,1864,1107,1244,1300,1254,1907,1294,1233,906,1279,2266,1952,2330,2339,1152,1513,794,804,1428,1952,319,1082,2057,1556,375,2131,1107,1426,946,1412,1023,1290,1330,1844,1253,1371,1730,1046,1750,1708,913,963,474,2294,944,1143,2106,1495,1498,1496,921,1234,1453,1922,1503,1801,1798,1667,1560,2255,2292,546,1468,2023,1034,2136,2061,2109,1124,1144,1174,1468,887,1209,1415,2266,1794,1421,757,1569,1233,1536,1253,924,1961,2314,2305,1409,968,1566,2025,2088,1475,1347,1372,1704,1406,1895,2077,2771,1489,625,461,1143,778,2190,539,1024,607,1421,1825,2097,484,1237,913,1062,1402,1080,1250,1370,1064,699,1530,1868,1832,1963,2242,1689,686,1021,1514,1184,1094,2070,659,1043,1516,1747,1239,1250,1387,1295,2020,1029,628,1515,989,1123,2384,1596,2096,1018,2017,467,1763,0,2258,1357,1325,1246,1115,1431,1721,782,2268,2269,1570,1597,2322,1953,2062,2541,431,1291,1775,914,520,2350,1936,1954,2480,1139,975,1794,2759,2066,2243,368,1018,913,962,2063,1965,1542,1275,1621,1626,1501,1288,1169,2000,1397,2260,1007,1384
1987,1263,1228,1491,1350,1705,1143,613,1482,945,1782,1656,2260,1703,2147,1231,554,2090,2306,1202,1172,328,814,1321,1271,2682,1801,317,1327,234,2643,585,25,1311,2091,1890,1960,16,1532,1643,1352,1711,962,2345,1166,1097,1253,1216,1263,1212,1074,1703,1240,1503,1244,61,712,139,135,2209,1894,2329,1946,2210,712,2296,1682,1376,1713,2372,848,815,1030,1309,1310,1325,951,2266,475,1475,911,564,981,1695,937,1271,1113,2124,1197,2501,1323,818,1754,954,1281,1512,2532,1102,887,1807,1188,695,1160,1018,779,816,2028,1837,1634,1178,594,623,1143,2358,1042,2484,1463,2018,1316,1102,61,1264,1416,1767,1771,1240,1936,2173,2283,983,746,101,1312,2316,1476,1191,2301,1801,1833,1415,2025,1098,413,664,2601,1536,2093,2111,1536,2015,791,2127,1324,1999,928,997,2192,2134,1178,1193,1114,2117,984,2455,2193,1022,2785,1331,1096,962,1007,410,1428,1107,1882,1810,1151,1283,577,2058,1342,1977,1728,2460,1177,1442,2288,681,1188,2107,1954,1823,1103,566,725,2306,1307,1193,2417,1558,2191,0,2290,2263,1388,1223,1349,1662,2031,63,64,1903,933,118,1801,2045,753,2381,2227,1240,1288,2170,146,555,383,2392,1430,1906,1251,2145,791,13,2317,1276,1895,2310,605,987,1985,1208,1245,2200,1797,1597,2479,1642,2130,224,962,2185
1588,1024,1173,1446,1211,1079,880,1647,1153,1384,1956,1421,1268,1017,1461,965,1236,927,1217,999,1295,1790,1368,1351,1201,1561,1186,1781,924,1787,731,1238,1864,946,928,1200,1447,1847,1256,1175,1368,1062,693,406,951,1162,1469,1154,1367,1164,1205,1750,953,1380,975,1872,1445,1779,936,644,755,715,1198,543,1445,1065,1229,1363,704,1270,1278,1410,1172,1436,1472,1000,1517,539,1006,1947,1156,1085,1565,890,955,1326,1118,769,1273,582,1354,1313,643,975,1370,1407,1191,916,1157,737,1433,1391,912,1178,1448,1485,862,702,1255,1166,1522,1682,975,1371,928,964,1504,1303,1940,1717,1873,1305,1250,1229,2080,953,768,414,1587,1577,1555,1103,1469,1334,2011,1329,956,1302,1188,1726,917,1162,1002,1450,1958,1525,1497,799,1156,1647,1336,1277,1001,924,1173,1292,943,758,1159,1370,431,623,1590,1463,552,1583,740,1412,1166,1174,1368,1736,1476,836,1188,663,930,1364,1636,976,1020,748,1000,1493,965,1145,499,1632,1163,944,747,1254,1661,1716,1153,946,995,1324,1014,1477,1320,1865,0,534,1154,1252,1466,969,1267,1875,1875,815,842,926,1187,933,1589,1114,497,1022,1383,764,949,1224,1215,2049,977,1134,1253,1947,1576,1850,1048,1131,1272,1300,1663,1581,774,1160,1291,551,650,1163,1168,1233,618,1898,1253,605
1831,1101,1589,1855,754,1002,470,1626,1269,1366,1818,1260,1496,939,1459,1428,1170,925,1444,1276,1257,1770,1347,1141,1183,1126,957,1761,906,1767,729,1167,1844,1496,926,1172,1441,1827,1555,1133,911,1149,930,404,1543,706,1244,1489,1439,1547,749,1544,1532,1157,1579,1852,1408,1759,1925,642,639,941,1170,233,1408,1063,1188,1343,513,1268,1261,1109,1034,1208,1168,1236,934,213,952,1829,1008,1026,1493,553,550,1105,1466,767,1146,580,1127,1292,518,1029,1126,1799,1244,1282,1139,568,1415,1619,502,1252,1427,1464,860,594,1027,1561,1504,1663,1060,1605,1547,1222,1485,1275,2028,1643,1852,1286,1207,1192,1951,1532,648,516,1585,1558,1532,1891,1259,1627,1909,874,1040,1260,1487,1600,781,1222,1141,1431,1868,1361,1495,797,1273,1239,1314,1276,1237,922,1023,1273,1027,756,1377,1222,635,437,1672,1702,339,1509,738,1188,710,1072,1349,1715,1457,1070,1151,816,1388,1095,1617,974,1256,628,741,1722,1560,1042,27,1785,1571,942,627,1217,1588,1692,1322,1033,1231,1303,1012,1252,1319,1844,428,0,1543,1120,1188,710,1239,1854,1855,698,432,1908,957,1020,1565,1112,172,617,1114,762,1796,954,1143,1613,939,1097,1234,1857,1538,1829,1046,1506,1245,1597,1644,1562,654,1276,1267,635,602,1473,1015,1004,452,1877,1192,253
1433,1668,297,1484,1210,1956,1711,921,823,1267,1089,1280,1318,2083,1023,300,1430,1316,1291,1853,1775,1161,1136,1483,1757,1422,1886,1046,1735,1368,1315,1602,1299,222,1319,1217,1648,1193,1346,1006,1223,736,1453,1960,74,1195,1284,41,1260,281,963,1182,63,1058,315,1307,1616,1208,1251,1124,1873,1075,1217,1998,1616,1315,2206,1604,2114,1022,1339,1397,1551,1129,1452,1308,1456,1909,1416,1127,1456,1195,1871,2080,1783,1324,203,1307,984,1051,1154,1041,1971,1805,1184,1549,1736,1194,1502,2082,1845,1651,1743,1864,1086,1123,1089,1996,1839,294,1170,1293,1337,1648,333,1747,1803,1137,1464,1128,1307,1916,1261,1105,1073,63,1823,1789,1551,1575,1051,1208,1203,1286,1318,1288,1409,1047,1332,1131,1893,1758,1433,1479,1851,1391,1023,1310,878,989,1107,1138,1582,1335,1473,1571,1223,1078,341,968,1080,1873,1028,1652,1756,1908,1092,1219,1193,1482,1652,1189,2083,1183,1103,2211,164,1358,1247,1343,1320,1791,1658,1658,293,751,1874,1451,304,1318,1802,1054,907,875,1308,1407,1308,1488,1320,1380,1031,1193,956,1904,0,1007,1248,1716,1208,1309,1310,1866,1673,1189,1915,1432,916,1334,1869,931,1359,1312,1157,1570,1384,1385,921,1054,1737,1841,1718,1190,1086,231,1121,1274,1274,1579,1914,1428,1899,1516,2198,412,1444,1849,1919,1332,1634,1974
1360,1793,1018,1345,575,1752,919,1272,1262,2067,764,729,1486,1689,941,1018,1657,1655,1196,1496,1150,1358,935,797,1111,1660,1708,1126,1655,1229,1474,1358,1233,1207,1656,1018,1488,1478,834,1187,533,1540,1449,1149,1010,773,362,1007,1004,1224,816,542,1224,492,1012,1219,1549,1457,1531,1367,1532,1444,1017,1017,1549,918,1273,1716,1259,961,959,1500,1465,320,637,1760,1368,1007,1353,757,1757,1710,1618,1299,963,366,1240,1505,373,1329,394,1151,1409,1472,1584,1426,1792,1354,1892,1318,1155,1328,895,1776,1178,1147,1593,1346,1776,1234,1033,1331,911,1320,1048,1765,1031,1347,1095,2097,1473,972,1578,1342,898,1013,1555,1154,1425,1081,1245,1243,779,1410,854,548,1065,1258,766,551,1446,1460,1342,1227,1875,840,1010,1533,1268,1002,956,1038,1760,1655,1774,1244,1351,1494,1234,158,1175,1113,1247,1287,1129,1628,1483,666,605,1890,936,1248,1115,1585,1140,1564,1227,509,1108,1707,1784,1339,1409,1308,1233,1499,971,1365,1023,1672,1534,1369,1693,1061,1794,981,1750,1679,1745,407,923,1477,1074,1002,1216,0,665,1377,1221,1471,1470,1589,955,1256,1708,1304,1080,1847,968,784,517,1503,1279,1346,1615,1534,1200,1357,932,1862,1565,1222,1096,985,1138,1182,1338,1308,1465,1816,1164,1012,1352,1183,1769,1753,1124,1229,1902,1197
1351,1875,1261,768,709,1838,1005,1194,1800,1040,1358,85,1399,1775,1113,1259,1491,1409,1361,1705,1228,1513,1296,212,1012,1568,1794,1517,1743,1632,1157,1487,1643,1497,1410,1014,1378,1629,479,1206,668,1269,1059,1360,1249,859,753,1248,1529,1256,902,701,1252,700,1258,1627,1650,1331,1686,1582,1622,1161,1223,1200,1650,1333,1315,1892,1346,1141,1073,1631,1653,523,203,1384,1547,1190,1474,1375,1386,1868,2121,1385,1049,513,1252,1189,810,1538,445,1316,1493,1684,1959,904,1722,1696,1198,1404,1270,1457,981,1664,1356,1099,1344,1432,1862,1524,1152,1215,1426,1510,1268,1396,1111,1082,1668,1880,1627,1282,1333,1088,1492,1512,1644,1272,1109,1187,1407,1372,345,1094,1423,541,1615,1276,411,886,1525,1681,1466,1126,1812,287,1000,1182,1806,1002,1328,992,1387,1369,1688,1134,1527,1140,1522,971,1291,1200,1099,1210,1377,1769,1694,99,863,963,1247,1367,1200,1179,1122,1650,1505,494,1224,1428,1408,1420,1491,1491,1524,1780,1154,1500,1524,1426,1623,1365,1834,1450,1616,1531,1374,1855,1496,590,1652,1630,1189,1185,1508,859,0,1459,1217,1625,1345,1681,1041,1673,1794,1497,1216,1596,1151,870,513,1162,1408,1474,1467,1523,1246,1351,1236,1802,1376,1627,1316,1226,1345,1347,1476,1188,1544,1436,1272,1118,1438,1486,1693,1839,1211,1635,2068,1287
1807,490,1424,2636,1517,368,1200,1251,1526,827,1938,2040,2004,329,1698,1260,1591,1345,1936,1097,1572,1402,905,1826,1014,1175,225,1418,539,1397,1800,1782,1473,1328,1346,1546,1322,1456,2336,2338,1674,980,1438,1478,1372,1469,2000,1320,1081,1377,1512,2290,1361,1939,1409,1481,1731,1390,1554,1036,782,1515,1548,1100,1731,1483,1643,520,475,1705,904,923,1316,1966,1936,1776,988,1162,1581,2590,1250,1711,1044,439,1274,1885,1289,1250,1898,1653,1891,925,516,1064,1241,1151,1042,2142,770,569,1147,1239,1232,1315,881,915,1280,643,178,1390,1138,1296,884,1102,1379,1034,1423,2026,1542,1408,1481,1224,2273,1894,1750,1361,822,897,1997,1180,1158,1520,2009,2043,2012,1635,865,2331,2268,2377,615,1037,1613,1059,1790,2131,1611,1237,1434,1962,833,1703,1776,1342,1270,903,716,1346,1209,1982,1730,1017,1323,2196,1092,1056,1809,1958,1473,703,966,1345,1389,1431,2213,572,1213,1857,1250,1394,1800,363,97,911,1389,1503,1184,1409,1400,1362,374,2139,1354,1301,1096,855,1766,480,1432,2020,1742,1473,1499,1157,1376,1885,1957,0,1526,1483,1484,789,1162,1537,249,580,1181,1532,1123,1341,1876,1830,1405,1750,1767,1557,2016,2167,1036,1780,1837,1458,1466,1338,2055,2028,1277,1184,401,2041,1205,754,559,1308,1035,181,1028,1506,1001,1101
2452,1605,1228,1272,2258,1647,1975,1826,1086,1699,1372,1017,712,1645,390,1214,1509,872,700,996,1038,1719,1773,978,1269,1019,1743,1710,1313,1552,1086,1595,1600,992,871,24,1726,1583,1234,807,2415,1244,1067,1408,1194,2210,1220,999,1343,1007,2252,1168,988,1207,1030,1608,1301,1708,1681,1519,1842,1163,26,1771,1301,585,421,1885,1655,586,1598,1248,1116,1261,981,1409,967,1671,1523,1334,1028,1403,1130,1637,2043,1009,1116,853,1193,1299,1046,1599,1696,1050,1140,1259,885,998,1310,1749,1254,1144,2007,1211,1739,1776,923,1714,1811,1209,1607,1445,934,812,2229,835,822,535,1536,1280,1608,1249,1017,410,1658,988,1884,1601,679,1271,1780,1647,984,713,1657,2375,2350,1105,1220,1479,2110,1065,1573,1532,2812,1162,239,840,1310,79,1704,502,1409,985,975,1216,2355,863,991,1204,1420,1743,1105,925,1714,1153,1064,1211,2214,1217,1415,1591,1069,1055,507,1737,944,1004,1455,1037,1433,1925,1910,932,1002,1095,1636,1374,1202,1005,1902,569,1012,1782,1240,2355,1399,1848,707,1208,434,1601,1710,1666,1000,1011,1008,1801,0,1611,1612,1849,1937,1665,1743,2317,1885,671,1631,2110,1223,899,1693,1616,1633,2097,770,454,1249,2318,1403,1586,608,989,572,693,1365,1276,1933,1553,976,2145,1724,1042,830,1788,1738,1603,1367,1725
2390,1290,1226,1797,1114,1732,1138,611,1519,943,1468,1652,2302,1730,2167,1229,554,2104,2344,1002,1219,369,812,1591,1295,1100,1828,358,1357,338,2678,585,105,1313,2105,1930,2360,109,1845,1685,1115,1707,1162,2377,1164,1093,1508,1214,1253,1210,1069,1696,1238,1239,1242,2,714,180,135,2235,1923,2368,1986,2239,714,2316,1709,1374,1740,2392,874,815,1252,1304,1306,1325,957,2297,475,1468,918,564,981,1722,933,1266,1111,2138,1192,2536,1592,816,1781,1160,1283,1510,2570,1103,913,1834,1215,698,1154,1237,777,814,2042,1865,1659,1177,622,624,1134,2400,1041,2522,1490,2058,1580,1102,2,1291,1417,1807,1459,1238,1963,2197,2321,1025,744,101,1308,2354,1775,1187,2324,1845,1827,1409,2048,916,413,690,2590,1268,2113,2125,1573,2055,789,2168,1324,2013,935,1038,2213,2148,1177,1435,921,2146,976,2496,2222,1022,2802,1603,1319,988,1035,410,1455,918,1922,1837,1150,1544,578,2072,1343,2004,1755,2502,1176,1438,2319,682,1187,2121,1981,1859,1103,564,725,2329,1308,1204,2437,1286,2297,100,2335,2292,1387,1218,1346,1687,2058,0,64,1911,929,118,1827,2082,751,2401,2256,1235,1284,2205,146,555,383,2381,1471,2126,1292,2580,794,106,2418,1290,1993,2371,605,994,1994,1209,1305,2229,1804,1586,2549,1674,2030,304,968,2085
1978,1238,1147,1488,1344,1660,1138,540,1426,892,1772,1367,2304,1662,2191,1150,494,2076,2301,1211,1147,305,761,1317,1258,911,1773,294,1297,273,2648,544,42,1256,2077,1930,1954,44,1844,1627,1346,1576,1162,2345,1122,1319,1248,1171,1252,1131,1291,1696,1121,1496,1162,214,652,115,72,2184,1851,2373,1986,2056,652,2342,1580,1321,1675,2415,827,774,1037,1303,1577,1097,958,2107,376,1468,918,522,926,1659,933,1265,1032,2123,1438,2516,1592,684,1708,961,1205,1824,2547,1054,915,1756,1198,639,955,1025,711,748,2027,1808,1622,1097,568,555,938,2389,966,2494,1353,1987,1580,1049,214,1256,1395,1782,1762,1121,1894,2163,2276,927,674,38,1579,2309,1774,1433,2252,1785,1512,1702,2043,1107,371,642,2589,1531,2077,2110,1480,2059,733,2132,1097,1960,1130,1064,2182,2133,1098,1187,1112,1965,1178,2507,2067,969,2848,1327,1092,991,1018,351,1382,1109,1906,1763,1071,1543,515,2019,1343,1935,1713,2491,1096,1456,2129,604,1107,2093,1912,1846,1049,492,684,2257,1308,1141,2463,1552,2243,37,2283,2102,1305,1217,1625,1641,2005,216,0,1858,928,55,1773,2035,649,2427,2067,1022,1283,2169,83,513,320,1971,1453,2034,1238,2135,731,41,2363,1226,1880,2314,543,931,1943,1460,1243,2178,1750,1551,2489,1621,1977,239,904,2032
1862,806,1447,2137,1010,513,675,1522,1575,1102,2083,1574,1617,493,1492,1450,1847,943,1580,1037,1754,1661,1195,1394,1224,1101,274,1652,854,1658,1073,2134,1734,1393,944,1721,1584,1717,1885,1435,1164,1046,1022,745,1446,969,1516,1423,1259,1431,1010,1832,1435,1427,1462,1742,1916,1649,1814,973,6,1147,1723,327,1916,1095,1538,835,256,1303,1229,957,1238,1496,1442,1343,923,385,1843,2029,1181,1984,1307,585,749,1373,1353,849,1403,936,1438,1107,289,1213,1227,2078,990,1610,1099,575,1489,1545,707,1025,1169,1190,891,492,528,1467,1426,1549,845,1714,1436,978,1495,1615,1816,1205,1742,1315,1539,1516,2201,1435,196,482,1600,1474,1317,1780,1528,1697,2137,1137,830,1593,1817,1848,364,981,1961,1341,1853,1633,1544,836,1629,1698,1121,1317,1343,952,994,1184,822,932,1266,1474,987,220,1446,1799,320,1095,1082,1465,972,1030,1308,1607,1514,1042,1492,344,1270,1423,1509,1004,1367,174,458,1831,1466,1579,407,1716,1477,960,174,1548,1401,1622,1137,820,1333,797,1036,1531,1370,1734,774,380,1464,1363,1464,417,1702,1744,1745,0,637,1797,290,868,1384,1140,343,826,1442,1098,1684,2103,2104,1614,1272,1399,1272,1843,2030,1719,1079,1404,1563,1623,1537,1478,132,1617,1302,602,331,1402,1183,296,235,1767,1038,315
1700,1046,1285,1610,475,1079,185,1811,1326,1344,1545,988,905,1017,1644,1288,1301,1093,1720,1416,1408,1830,1419,879,1310,1267,1048,1821,1006,935,943,1070,943,1231,1094,1393,1290,1126,1331,1324,626,888,1126,608,1284,436,979,1266,1222,1269,477,1302,1273,888,1300,930,965,1104,1183,836,782,1138,1391,406,965,1245,1407,1066,579,1455,1389,1466,1147,948,902,1496,1048,402,1059,1500,1360,1129,1338,669,265,836,1190,968,887,806,893,1407,722,1384,1251,1511,1391,1024,1259,664,1579,1703,217,1151,1398,1432,1040,672,1121,1305,1592,1715,808,992,1274,1366,1585,1492,1810,1461,930,1405,971,1391,1672,1273,794,637,1851,1631,1593,1153,1000,1837,1592,603,793,921,1263,1340,722,1131,1269,1505,1779,1092,1701,986,1331,1851,1350,1482,1496,1101,1378,1345,785,957,1108,946,857,412,1409,1163,586,1631,952,925,439,1190,1471,1150,1602,1186,1360,893,1112,883,1675,1153,1520,614,707,983,1304,1085,363,1870,1315,1109,772,1425,1416,1905,1448,783,1486,1029,1186,985,1522,1126,637,397,1306,836,924,672,1857,1121,1121,841,0,1169,1048,773,1670,1290,360,342,902,969,1197,1277,1050,1831,1142,1267,1360,2136,1180,1124,1229,1242,1443,1772,1702,1635,741,1488,1392,372,698,1241,1135,1098,428,1132,1563,511
2006,1273,1201,1527,1392,1692,1185,596,1134,947,1503,1407,2002,1694,2224,1204,444,1821,2057,1017,924,348,816,1638,1290,929,1805,337,1334,271,2562,491,37,1312,1822,1735,2405,87,1892,1669,1394,1631,1206,2378,1174,1367,1287,1224,1067,1185,1338,1443,1173,1278,1216,266,595,158,17,2215,1884,2149,1733,2089,595,2375,1620,1376,1707,2449,860,720,1273,1622,1345,1369,977,2140,322,1817,932,469,884,1691,972,1576,1086,1861,1230,2551,1639,739,1740,976,1145,1549,2307,1006,948,1788,1233,681,995,1041,766,803,1768,1841,1652,1151,603,597,973,2096,1020,1108,1400,1746,1621,1007,266,1296,1346,1545,1804,1173,1925,2196,2030,970,730,20,1627,2078,1817,1226,929,1828,1874,1447,2068,1123,318,675,2614,1307,2108,1848,1188,1807,788,1892,1133,1761,949,1107,2212,2459,1152,1480,1158,1998,1212,2332,2100,925,905,1367,1131,1024,1055,296,1419,1151,1669,1795,1125,1591,557,1820,1386,1966,1746,2209,1150,1501,2162,646,1161,1837,1943,1608,1007,548,630,914,1351,1196,2496,1325,2275,60,1118,2135,1359,1517,1385,1672,2036,268,269,1891,968,0,1805,2067,705,2460,2100,1062,1597,1907,28,460,265,1995,1214,2066,1270,2156,671,84,2396,1283,1656,2072,585,974,1974,1503,1283,2208,1782,1577,1103,1652,2010,260,862,2065
1865,556,1324,2524,1405,309,1066,1347,1462,943,911,1919,1869,286,1593,1327,1560,1198,1823,1043,1365,1374,1029,1728,853,918,16,1365,549,1369,1317,1834,1445,1270,1199,1372,1339,1428,2268,1682,1560,930,1279,986,1323,1363,1903,1312,1145,1308,1406,2199,1312,1824,1339,1453,1523,1362,1525,814,339,1389,1374,586,1523,1347,1448,443,241,1563,947,920,1034,1874,1828,1603,932,646,1550,2398,981,1680,1044,207,1138,1768,1231,1104,1800,1181,1819,941,274,1220,996,924,991,1849,806,322,1122,1251,1098,1248,1003,1031,1145,422,126,1344,1142,1263,731,1966,1318,981,1114,1884,1696,1410,1453,939,1780,1740,908,1312,377,742,1928,1180,1133,1491,1911,1937,1101,1530,718,1841,2200,2237,582,984,1665,1051,2227,2022,1446,1091,1516,1788,955,1581,1603,1206,998,893,703,1178,1150,1848,1226,476,1332,2046,577,1276,1326,1850,1367,736,1005,1318,1145,1290,1738,329,1154,1807,1223,1258,1627,248,248,2086,1343,1471,668,1424,1354,1214,260,1808,1122,1443,905,708,1593,406,1290,1918,1632,1445,1012,641,1349,1757,1849,163,1352,1455,1456,346,1028,1508,0,695,1211,1391,604,1215,1826,1339,1505,1801,1814,1609,1517,1656,903,1834,1625,1430,1331,1281,1817,1892,1250,1184,287,1865,928,487,316,1287,1186,103,492,1478,1208,575
1268,764,1169,930,1316,868,976,1475,1335,1059,1822,1831,1069,817,1655,1172,1142,1339,1250,1605,1950,1625,1152,1694,1290,1454,806,1616,812,1622,1545,923,1698,1115,1340,1794,1423,1681,2083,1869,1471,759,1421,1209,1171,1274,1429,1309,772,1153,1317,1777,1160,1568,1184,1706,2107,1613,1778,1432,812,1527,1796,1020,2107,1486,1867,793,858,1714,1189,1281,1319,1635,1741,1741,1470,1081,926,1892,1267,978,1415,932,1048,1576,1293,1250,1494,1411,1636,1064,891,1565,1236,1209,1275,1003,1058,939,1446,1505,1008,1318,1126,1147,1288,1039,757,1188,1390,1513,487,1381,1424,1529,1690,908,1328,1284,1706,1510,990,1942,1534,1160,726,1044,1235,1434,1270,1744,1826,1016,1763,1441,465,1157,2015,1718,766,1533,1101,1301,1883,1935,1875,1237,1389,2101,1078,1706,1741,1350,1550,1144,175,1324,1204,1304,1460,936,850,1360,1031,1424,1462,1763,1278,988,1267,1571,1633,1437,906,946,1257,1636,1473,1402,1765,694,560,1141,1187,1621,1103,1676,1198,1356,704,1981,1243,1575,1046,443,1731,756,1429,1753,1778,1698,1161,1076,1334,1402,1761,618,1774,1708,1709,769,938,1761,817,0,1337,1530,1042,1125,1655,1371,1637,1100,2056,1324,1704,1872,1311,1549,913,1683,1470,1126,914,1018,1500,1438,785,1157,1497,634,933,1272,1530,757,948,1731,1128,1021
2235,1063,1038,1654,1184,1489,2332,279,1312,628,1605,1239,2042,1492,2228,1041,706,1769,2021,1018,871,514,497,1434,1296,1106,1603,266,1130,633,2356,972,580,1142,1770,1688,1815,564,1682,1354,982,1466,1991,2179,1015,960,1112,1064,1704,1022,936,1530,1014,1332,1053,588,1056,499,659,2010,1685,2102,1686,1898,1056,2379,1297,1054,1515,2454,548,1021,1044,1168,1175,1009,957,1949,695,1605,1131,825,1153,1495,2399,1130,920,1809,1054,2347,1429,488,1548,1181,1459,1398,910,1458,954,1596,1238,732,2364,1034,412,449,1716,1637,1447,988,292,396,2073,2136,854,925,1083,1700,1414,1274,588,1124,1447,1497,1595,1014,1726,1999,1994,655,179,625,1177,2042,1607,1272,2058,1501,1378,1534,1885,1130,799,681,2457,1136,2112,1796,1366,1760,461,1854,1009,1709,1152,788,1991,1819,989,1050,2375,1807,1768,2243,1908,1194,2344,1197,959,1030,1061,460,1425,2194,1620,1603,959,1381,356,1768,1235,1770,1526,2236,987,1352,1971,552,998,1785,1746,1559,1273,349,1013,2067,997,874,2500,1152,2279,580,2118,1944,1201,1304,1469,1584,1657,590,590,1692,2294,642,1603,1844,0,2464,1909,2476,1387,1855,549,941,948,2237,1162,1722,1276,2446,1139,566,2400,1112,1615,2036,384,659,1777,1124,1289,2015,1590,1431,921,1445,1819,615,1131,1874
2380,1884,1355,1525,1887,1884,1561,2057,1231,2370,1278,1428,791,1819,489,1342,1702,251,710,1193,1302,1953,2432,1236,2040,1094,1568,1969,2085,1803,641,1855,1853,1323,250,930,1900,1837,1070,1229,2040,1307,610,1002,1095,1847,1814,1333,1099,1343,1890,1241,1323,1727,1131,1861,1474,1953,1932,1088,1466,715,932,1400,1474,148,1199,2088,1518,504,2249,1236,1186,1644,1313,848,1025,1296,1786,1226,1251,1149,1392,1706,1631,1596,1259,394,2273,846,1589,2226,1460,1225,1386,1530,1258,1363,2051,1468,1972,1442,1593,1269,2426,2459,465,1431,2015,1339,1966,1683,1094,876,1029,1094,1610,854,1204,1278,1861,1977,1289,710,1281,1323,1490,1192,689,1580,2184,1898,1310,724,1277,2008,1983,1343,1277,1331,1649,1174,1836,2245,2313,1435,753,381,1487,907,2243,295,849,307,1157,2002,2002,404,1328,2320,971,1357,1113,981,1301,1414,619,1432,1851,1954,2083,1842,1808,580,984,1479,1057,1623,1693,300,868,1468,1728,995,1109,1491,1265,1683,1333,259,1468,942,1230,2016,1221,1990,843,2051,36,1684,447,1853,1176,1291,1105,2230,1385,1697,910,1863,1863,1522,1523,1915,1941,1951,2173,0,1257,1708,1642,440,1943,1875,1893,2493,1032,939,2020,2302,1605,1839,97,1090,880,708,1683,1584,1495,1100,1768,1571,1466,1371,1097,1590,1352,1851,1344,1339
1833,1338,1679,2038,914,888,561,1613,1040,1307,1980,1475,1455,825,1543,1682,958,993,1420,1273,1302,1631,1268,1298,1123,1122,854,1622,813,1628,835,955,1704,1621,994,1282,1202,1687,1785,1214,1068,1268,1019,505,1683,874,1415,1647,1462,1663,915,1725,1672,1326,1694,1712,1474,1619,1784,737,433,1031,1280,84,1474,1145,1295,1240,385,1354,1198,1098,1246,1400,1344,1300,1125,100,940,1926,1212,1225,1479,477,638,1272,1576,861,1306,698,1342,1213,369,1239,1349,1979,1239,1363,1068,465,1388,1514,593,1035,1405,1442,940,395,928,1699,1396,1519,1505,1547,1656,1008,1386,1385,1934,1629,1712,1206,1289,1280,2098,1672,447,306,1750,1443,1402,1750,1432,1537,2034,1040,1486,1343,1717,1746,620,1008,1127,1310,2255,1536,1597,884,1043,1752,1235,1373,1300,1001,1231,1153,1500,850,1485,1376,750,374,1708,1635,181,1238,844,1366,877,999,1276,1577,1413,881,1249,698,1496,1326,1479,1053,1324,425,1041,1664,1698,1245,122,1684,1709,1009,425,1314,1303,1712,1308,1489,1290,1203,1086,1435,1419,1704,536,95,1687,1265,1365,1009,1257,1714,1715,492,523,1767,854,1449,1474,1190,0,715,1345,861,1774,1138,935,1613,1032,1172,1172,1856,1605,1689,1129,1631,1333,1672,1506,1447,452,1380,1195,1274,499,1618,1011,905,369,1737,1181,356
1345,1305,1140,1327,208,1315,252,2048,1406,1602,1278,710,985,1252,1629,1136,1172,1314,1147,1251,1120,929,1679,571,1533,1363,1280,1125,1241,1244,1163,1164,1037,1113,1315,1616,1173,1240,1099,945,366,1312,1348,833,930,163,733,930,1233,1133,204,1045,1126,642,943,1237,1284,1009,1296,1061,1047,1344,1614,613,1063,1461,1632,1343,810,1688,1634,1579,1222,702,625,1632,1357,610,1394,1242,1208,1477,1431,900,296,590,926,1187,629,1026,648,1642,985,1481,1628,1312,1493,1354,1494,895,1806,1928,228,1226,1839,1691,1263,905,1351,1139,1830,1955,1156,1296,1134,1214,1804,1690,1548,1876,1024,1626,1067,1601,1403,1126,1069,903,1128,1862,1839,1049,767,922,1339,342,1208,1227,1031,1082,977,1213,1145,1743,2097,814,1929,1210,1169,1688,1610,1680,1632,1325,1222,1585,1209,1176,1136,685,1071,675,1391,1041,707,1743,1172,648,166,1523,1729,1047,1829,1481,1572,1125,1114,622,1915,1377,1656,872,966,1283,943,1388,571,1116,943,1331,1047,1634,1509,2145,1293,1200,1622,1306,1404,738,1752,1027,859,605,1124,572,647,932,1585,1023,1235,1106,288,1282,1280,1184,1904,1505,568,0,641,1188,1085,1152,1381,1771,1166,1487,1585,1726,1075,1238,1445,1098,1643,1130,1942,1866,996,1703,1614,798,929,920,1218,1328,687,1246,1676,760
1219,1849,1137,1197,715,1856,1023,1124,1375,1170,1151,585,1452,1793,1128,1136,1435,1718,1411,1767,1192,1437,1213,522,1167,1624,1824,1440,1779,1292,1569,1721,1568,1117,1719,1231,1756,1288,727,1200,674,1103,1314,1234,1127,881,412,1125,1098,1367,922,550,1130,350,1367,1285,1328,1534,1611,1457,1601,1480,1018,1143,1604,1870,1074,1861,1350,1154,1016,1894,1722,194,493,1599,1610,1133,1416,1121,1726,1484,1690,1443,1067,173,1137,1591,397,1435,272,1233,1527,1442,1943,1300,1463,1384,938,1441,1213,1394,999,1433,1049,1024,1667,1451,1895,1139,1320,1160,1031,1293,1156,1437,1296,1104,1423,1811,1552,1229,1600,1334,1278,1130,1621,1265,1390,1135,1098,1309,635,1374,1201,539,1195,1272,659,785,1504,1434,1699,1072,2012,689,1218,1613,1667,1005,1028,1020,1599,1597,1742,1308,1321,1580,1375,561,1323,1217,1294,1517,1391,2055,1578,522,745,1097,984,1582,1159,1443,1372,1669,1129,115,1167,1656,1623,1395,1487,1545,1376,1356,1098,1188,1377,1734,1599,1136,1767,1367,1876,1104,1589,1826,1811,259,1104,1556,1193,1128,1125,447,521,1452,1012,1550,1550,1660,1059,1322,1824,1444,1149,1913,1094,887,0,1592,1625,1412,1696,1379,1227,1360,1181,2000,1339,1553,1853,1103,1131,1395,1167,1137,1523,1696,1219,1116,1475,1331,1741,1872,1230,1293,1988,1306
1846,1501,1103,1331,1559,1529,1242,2201,1241,1892,1143,1221,964,1466,804,1094,1163,251,949,1196,1427,2217,1842,1027,1639,1269,1596,2233,1422,1933,595,979,1987,1301,252,1025,1422,1971,1110,1145,1712,1028,393,657,1079,1519,2039,1086,1004,1321,1562,1376,1304,1978,1111,1995,1645,2216,2066,747,1177,64,1027,957,1645,403,1296,1980,1139,613,1783,1343,1349,2022,1096,662,1200,951,950,1087,1242,1251,1243,1335,1314,1924,1250,92,1943,494,1974,1794,1081,1253,970,1342,1104,1201,1641,1211,2062,1582,1274,1424,1992,2029,193,1140,1667,1319,1976,1828,1664,1050,1241,1039,1713,1115,1081,1654,1995,1733,1217,976,1147,1304,1199,854,916,1708,1994,2032,1098,961,1379,1683,1645,1270,1094,1158,1347,1130,1149,1889,2666,1213,846,129,1243,1002,1816,636,663,253,1093,1731,1655,93,1310,2002,623,1017,1244,1156,963,1522,573,1208,1523,1626,2174,1969,1904,385,1242,1100,1046,1964,1838,305,682,1177,1416,1165,1320,1241,916,1794,1315,267,1177,1209,1596,2298,1327,1646,657,1943,344,2076,696,1987,923,946,1086,1906,1173,1381,1005,1997,1997,1236,1204,2049,1596,1612,2057,447,912,1391,1983,0,1100,968,962,1951,1171,1197,1691,2197,1774,1973,387,1291,1143,959,1810,1712,1204,914,1871,1239,1087,1338,1034,1644,1012,1985,1451,999
2024,1302,1232,1550,1420,1721,1214,627,1108,978,1841,1430,1979,1723,2246,1235,418,1793,2035,1237,916,377,847,1380,1318,1133,1834,366,1363,263,924,465,72,1347,1794,1712,2433,232,1920,1697,1422,1659,1019,2398,1204,1395,1582,1252,1087,1216,1131,1466,1203,1571,1247,257,569,187,89,2238,1915,2126,1710,2122,569,2397,1651,1409,1736,2474,889,694,1283,1366,1653,1154,987,2175,294,1526,939,443,858,1720,996,1604,1117,1833,1253,1105,1667,770,1769,983,1119,1898,2285,980,977,1817,1261,775,1018,1049,797,834,1740,1870,1681,1182,632,623,994,2073,1051,924,1426,1723,1646,981,257,1325,1321,1521,1515,1203,1956,2214,2008,997,761,55,1370,2056,1526,1249,951,1514,1575,1469,2087,1132,291,704,2178,1330,2130,1820,1162,1784,819,1869,1393,1733,1155,1133,2234,2433,1183,1249,1185,2029,1234,1105,2131,899,926,1679,1154,1053,1084,268,1448,1175,1646,1824,1156,1619,583,1792,1168,1997,1775,1098,1181,1514,2197,672,1192,1809,1974,1585,981,579,604,1130,1376,1227,2518,1348,2297,95,1146,2170,1390,1545,1701,1701,1681,259,260,1922,991,35,1834,2089,736,2482,2134,1310,1346,911,0,434,237,2429,1189,1884,1298,2169,645,113,2418,1318,1633,2050,676,1001,2005,1527,1312,2232,1811,1604,919,1681,2041,251,836,2096
2512,1497,1465,1614,1243,1912,1294,850,1023,1215,1918,1496,1106,1908,2429,1468,400,1786,2028,1258,1024,574,1084,1446,1510,1161,2014,563,1559,385,982,367,355,1566,1787,1705,2081,369,1656,1526,1244,1897,1297,949,1434,1222,1663,1475,1146,1449,1447,1851,1500,1652,1480,393,716,453,377,1110,2102,954,1703,935,716,2070,1415,1620,1945,2661,1086,607,1309,1433,1435,1461,1012,1148,263,1922,957,356,877,1913,1283,1684,1338,947,1593,1177,1447,993,1978,1209,1134,1634,914,973,1170,2026,1462,910,1310,1291,1019,1056,1116,2051,1873,1416,829,875,1277,1109,1273,941,1611,1716,1425,1000,393,1525,1314,1514,1579,1500,2143,2398,1094,1186,981,337,1735,916,1920,1589,1226,1507,1642,1855,2252,1152,191,901,2685,1397,1769,1140,1077,1777,1050,1862,1209,1140,973,1312,1157,945,1416,1588,1258,2218,1079,944,2320,918,1189,1456,1221,1246,1283,410,1649,1241,1639,2033,1377,1699,840,944,1225,2187,1969,1131,1415,1385,1145,849,1426,1093,2163,1578,1000,803,517,1000,1442,1438,1877,1415,2481,385,1013,1152,1627,1625,1781,1895,1674,395,395,2109,1058,320,2014,910,960,2189,942,1391,1706,1169,288,0,43,2062,1182,1877,1490,2215,795,371,2087,1531,1626,2043,816,1190,2194,1594,1513,2393,2020,1827,935,1875,905,389,924,1120
2072,1486,1459,1941,1235,1900,1284,844,873,1209,1909,1488,913,1897,1817,1462,389,1648,1911,1041,1014,563,1078,1737,1499,960,2003,552,1548,374,1179,83,340,1560,1649,1559,2503,358,1991,1397,1236,1890,1290,1137,1428,1466,1653,1469,1375,1443,1437,1524,1494,1642,1474,382,706,439,359,912,2091,948,1557,1121,706,1949,1290,1614,1934,2033,1075,447,1082,1425,1427,1454,1010,943,252,1583,1155,194,737,1902,1054,1386,1332,941,1583,968,1439,987,1967,1000,984,1965,1104,852,1160,2015,1452,887,1077,1068,1013,1050,918,2042,1864,1410,818,866,1268,1107,1267,940,1601,1589,1712,860,382,1515,1171,1376,1897,1494,2132,2389,1898,1175,975,322,1429,913,1910,1579,1216,1364,1973,1845,2240,954,180,890,2677,1678,1637,938,928,1631,1044,1741,1203,1133,972,1301,950,939,1410,1307,1035,2207,1294,942,2309,773,978,1449,1213,1236,1273,400,1639,1021,1505,2022,1371,1399,826,1134,1472,2176,1958,935,1409,1236,940,827,1420,1664,2152,1443,856,797,357,991,1189,1432,1741,1699,1868,374,1006,946,1621,1337,1771,1884,1534,384,384,2098,1268,305,2003,2269,954,2055,1129,1144,1404,1162,270,76,0,2054,1037,1716,1479,2208,785,360,1966,1527,1499,1926,793,1179,2183,1314,1503,2381,2009,1821,935,1864,2219,378,667,1111
784,1706,1378,1789,1744,1951,1507,2199,1917,2080,1329,1873,2387,1629,2491,1680,2113,2029,2353,3201,2056,2299,1753,1531,2240,3050,1929,1899,1744,2411,1939,2502,1985,1674,2453,2106,1437,1985,1672,2206,1764,1418,2022,1699,1691,1757,1595,1674,987,1385,1749,1261,1695,1604,1360,2384,2143,1972,2422,2139,1611,2353,2105,1954,2143,2508,2068,1567,1986,2506,2211,2626,2637,1628,1498,2467,3062,1958,2530,987,3129,2110,2241,1978,1515,1635,1479,1967,1276,1888,1372,1766,1643,3162,2504,1902,3139,2280,1798,1622,1872,2349,1809,2637,2115,1731,2003,1996,1596,1689,2253,1931,1165,2465,1519,2590,2368,2695,1525,2313,2384,2292,2292,2673,1476,1695,1604,2024,2339,1937,1825,1986,1495,2331,1419,1439,1488,2268,1382,1371,1609,2593,2505,1877,565,1765,2546,2386,1595,2520,2112,2181,2046,2424,2607,1901,1522,1963,1409,1514,1856,1937,1224,2953,1965,2239,2346,1803,1454,2144,1854,2442,1901,2468,2230,1977,1450,1387,2329,2436,2470,1913,1902,2461,1688,1550,1962,2359,1698,2447,1925,2659,2289,2208,2162,1492,2489,1578,2480,1412,2054,1980,1697,1948,1673,1270,1839,1880,2533,1972,2380,1949,1516,2410,1943,1600,1852,2064,1948,1467,1666,2357,2011,2490,2481,0,2164,2195,2253,612,2163,1983,2497,1376,2703,2822,1932,2343,1601,2124,1889,1695,1981,1316,2591,1603,1935,1989,2666,1602
2130,1911,1131,1597,1052,2035,1862,1494,937,1703,1842,1260,1242,2031,1200,923,1025,1075,1206,1646,705,1373,1676,1216,1540,1547,2197,1364,1640,977,1527,1137,1033,914,1076,924,2338,1016,1764,494,1266,1235,1282,1470,1095,1030,1212,1111,1183,1119,1222,1373,1093,1451,953,1041,870,1085,1113,1696,1821,1389,922,1687,870,1306,667,2081,1788,1402,1496,759,1632,1255,1215,1567,1477,1591,1099,1502,1705,971,901,2005,1932,1218,1953,1280,1175,1706,1262,1623,1730,1726,621,1319,1558,344,1572,1815,1248,861,1894,1712,1654,1691,1022,1775,2283,917,1387,1106,1248,1335,1886,1491,897,949,1687,1024,1041,1419,448,731,1838,905,1841,1497,1261,1011,1397,1079,1470,1290,1843,1352,973,635,1747,1703,2004,1587,1150,1396,2861,1435,1007,1267,1129,999,1679,1100,1567,1015,1547,1075,1122,1386,906,1424,1520,1642,1150,1430,1587,943,1505,1494,1030,1648,1353,1013,1231,1470,992,1749,1991,1220,1116,1074,1591,1819,2378,1457,1109,955,1557,1092,910,1091,1819,797,1024,1448,751,1163,1557,1908,1168,1473,1251,1033,1799,1586,1112,1449,1505,2041,897,1043,1044,1878,1824,1096,2197,1968,1605,1401,1551,965,1482,1433,1351,1156,1175,2613,0,910,1540,2850,980,1018,1322,915,922,1277,1094,1015,1846,1139,1045,1588,1736,1179,1486,2249,1637,1029,879,1624
2135,1953,1293,1395,957,1940,2261,1797,1345,1902,1792,1128,634,1936,777,1058,1407,1290,586,1048,1024,1681,1960,1089,1426,947,2042,1697,1659,1529,1489,1553,1582,1046,1289,495,1840,1565,1626,451,1146,1106,1120,1818,1258,935,1357,1272,1460,1281,921,1281,1257,1113,1310,1590,1215,1669,1662,1921,2130,1243,493,2087,1215,1004,661,2229,1971,977,1700,1175,1031,1157,1093,1407,870,2011,1484,1747,1088,1383,1315,1939,2328,1356,972,974,1330,1432,1159,1773,2004,1099,1054,1375,938,773,1628,2052,1334,1177,2293,1113,1950,1987,880,2016,2116,1053,1699,1415,1036,721,947,883,909,554,1379,1011,1590,1478,802,434,1483,1040,2171,1911,710,1329,1923,1628,1323,710,1483,1228,970,750,1609,1615,2383,976,1534,1600,2924,1299,729,961,1343,575,1795,795,1407,873,939,1375,1131,984,1042,1340,1413,2015,1196,826,1978,1099,1467,1115,1129,1537,1439,1568,1095,1346,197,2039,994,1118,1425,932,1431,2215,2209,841,1054,1361,1971,1418,1264,949,2191,457,964,1750,1167,964,1397,2106,1132,1345,830,1582,1640,2004,1273,1124,1119,2099,564,1592,1593,2137,2221,1645,2042,2671,1907,1096,1969,2192,1126,1020,1726,1571,1588,2652,593,0,1406,2912,1346,1567,1021,1044,337,668,1407,1333,2222,1644,1067,2004,2026,1100,878,2093,2010,1578,1293,1997
1829,976,1622,1389,1990,938,1665,1044,1883,847,1492,1259,1554,944,1066,1625,979,1516,1462,1789,592,795,766,1200,20,1892,1052,785,518,786,1755,1246,864,1711,1515,814,2021,847,1220,1366,2143,1909,1636,1281,1588,1950,953,1628,2211,1606,1993,1344,1659,943,1637,872,756,781,944,1191,1142,1755,816,1360,756,1235,746,1237,974,1269,556,1292,1981,1211,986,2020,1826,1415,963,1472,1852,1093,1418,953,1735,1165,1491,1548,907,1779,1013,707,1007,1873,1155,1412,1673,1150,337,1055,147,660,1697,2051,901,938,1619,1042,1125,1570,555,682,1702,1651,1426,1636,313,1339,1329,1544,872,132,1098,1120,1231,1659,1181,1417,1437,591,719,910,988,1473,1493,2111,1684,1151,1205,1373,1407,1736,1073,460,2507,952,902,1535,1937,1234,730,1272,2020,1378,1696,302,1691,1558,1571,908,1836,1268,2302,1773,1369,1450,1743,1008,1954,413,453,736,311,1758,1246,1062,1530,972,642,1437,2041,1228,1250,1768,1569,1866,1437,822,1580,1687,1202,1184,1542,998,1284,1685,2012,1057,1358,1179,1119,864,1546,1410,1784,1126,1023,1163,794,874,875,1149,1627,927,1052,1687,800,1322,1376,1812,978,1594,1095,1214,1228,1865,839,1152,0,2496,835,849,1258,1678,1253,1463,670,595,1233,2280,119,1469,1049,1980,1631,1102,1281,897,1397,1357
1154,1915,1830,2072,2065,2220,2126,1995,2046,2309,1421,1831,3162,2238,2291,1846,2741,2741,3120,3475,2711,2507,1940,2185,2056,3324,2201,2071,2360,2612,2641,2224,2594,1844,2743,2810,1472,2150,1670,2913,2085,1345,2747,1945,1859,2077,1595,1525,1459,1522,2067,1543,1863,1934,1806,2138,2802,2583,2165,2014,1841,2649,2810,1861,2320,2312,2276,1776,1871,2780,2023,2314,3464,1963,1775,2782,3341,1866,2719,1534,3398,2257,2860,1863,2135,1967,1622,2212,1867,2135,1993,1951,1873,2843,3240,2184,2817,2978,1999,2237,2070,2127,1752,2867,2333,2310,2712,2276,2195,1536,2475,2550,1687,3251,2008,2811,2157,2455,1384,2428,2138,2531,3006,2435,1402,1543,1833,2309,3105,2561,2004,2148,2141,3097,1180,1710,1465,2984,1668,1711,1835,3401,2693,2065,33,2098,2331,2681,1702,2786,2333,2912,2786,2719,2830,2524,1794,2666,1547,1839,2546,2226,1469,2675,1864,2854,2645,2139,1719,1978,2053,2643,2108,2769,2958,2254,1923,1663,2106,2730,2306,1813,2167,2690,1534,2002,2257,2131,1864,2267,2202,2416,2409,2002,2304,1769,2803,2150,2291,1688,2284,2590,2352,2243,1524,1542,2176,2149,2800,2136,2579,2226,1768,2603,2215,1871,2025,2781,2242,2085,1656,2654,2620,2675,2667,646,2360,2411,2066,0,2827,2148,2782,1834,2459,2567,2111,2124,1830,2389,2522,1971,2258,1758,2812,2206,2224,2601,2338,1844
2599,1685,1842,1476,1164,1844,991,1258,1133,1474,1591,1393,1377,1846,1374,1845,603,1761,1462,1789,532,797,1459,1625,1356,1672,1952,787,1466,612,1913,1106,665,1907,1762,1113,2460,648,1907,1058,1404,996,1457,1855,1813,1380,1316,1851,1202,1826,1355,1783,1880,1306,1857,673,58,720,745,2073,2040,1565,1111,2055,58,1482,839,1878,1880,1582,1269,731,1766,1648,1619,1233,1605,1975,866,1906,1852,941,873,1848,1185,1327,1679,1667,1534,2073,1374,1404,1913,1873,482,1788,1673,472,1382,1961,1058,630,1215,2051,1416,1453,1710,1927,2055,1790,1160,767,1075,1470,1642,1636,847,1145,1447,996,673,1215,734,923,1585,1880,2081,1879,1437,779,1386,711,1343,1473,1922,1491,1021,927,1890,1500,2292,1736,971,1173,2838,1309,1185,1654,1187,1188,1446,1274,1231,1223,1696,844,971,1784,1791,1271,1691,1985,1393,1556,1948,914,1892,1646,1379,1458,1166,651,1028,1859,1051,1950,1717,1610,828,1282,1251,2124,2153,1588,1788,1495,1937,797,1799,1777,2100,989,996,1212,723,1219,1002,1698,1629,1336,1426,665,2182,1970,2004,1296,1661,2080,1182,675,676,2047,977,728,1952,1103,1369,1593,1935,1298,1617,1713,756,1113,1127,2612,578,1073,1342,2341,0,650,1498,1879,1057,1463,708,783,2131,1122,842,1969,1937,1102,1631,2003,1980,661,851,1967
1989,1259,1217,1487,1348,1679,944,612,1492,963,1475,1368,2324,1681,2207,1220,568,2094,2314,1194,1174,326,832,1592,1276,2636,1792,315,1320,286,2675,611,67,1335,2095,2039,2366,2,1848,1646,1349,1644,1155,2367,1189,1322,1252,1237,1047,1201,1071,1701,1188,1242,1232,75,729,136,147,2199,1875,2391,2004,2080,729,2358,1598,1394,1694,2434,846,835,1237,1307,1307,1318,945,2132,554,1781,2706,589,1004,1678,1129,1532,1100,2141,1444,2543,1321,753,1727,1145,1283,1508,2565,1131,934,1775,1220,690,958,1011,780,817,2045,1827,1638,1165,589,606,1143,2408,1034,2514,1379,2073,1590,1125,75,1282,1745,1800,1467,1186,1916,2182,2289,948,744,113,1309,2322,1783,1189,2265,1806,1830,1708,2049,2585,438,661,2157,1533,2091,2128,1543,2077,802,2175,1091,1978,1113,1085,2193,2151,1166,1440,918,1989,1191,2523,2091,1045,2863,1605,1321,1010,1041,423,1405,1101,1921,1782,1139,1547,566,2037,1336,1957,1732,2532,1164,1499,2156,655,1175,2111,1934,1857,1125,562,745,2270,1301,1210,2478,1556,2257,13,2303,2129,1373,1476,1347,1658,2018,77,78,1882,930,130,1792,2048,719,2442,2093,1025,1286,2187,158,580,395,2395,1472,2041,1255,2595,808,0,2378,1304,1948,2327,595,952,1965,1453,1269,2194,1769,1587,2509,1638,2001,260,982,2056
2389,2229,1103,1572,1975,2006,1650,2401,1206,2222,1558,1484,696,1939,378,1319,1769,347,615,1098,1696,2294,2284,1290,1857,1008,1651,2310,1934,2205,741,1923,2261,1077,346,778,1927,2244,1094,1140,2128,1293,662,1086,1076,1935,1874,1311,1098,1094,1978,1048,1300,1792,1113,2269,1545,2293,2341,1177,1561,781,780,1488,1545,15,1047,2178,1612,324,2140,990,1093,1112,1378,901,932,1388,1853,1241,1159,918,1119,1800,1720,1619,1234,494,2363,932,919,2083,1554,1138,1457,1598,1167,1261,1911,1561,1839,1841,1682,1174,2285,2311,362,1524,2106,1316,2182,2029,907,782,1007,1003,1460,770,1212,1502,2269,1843,1279,623,1293,1076,1583,1286,592,1962,2360,2307,1375,635,1290,1596,2061,1333,1306,1119,1732,1083,1904,2112,2794,1459,444,481,1207,755,2104,253,902,355,1070,1886,2083,504,1080,2414,928,1445,1108,888,1390,1373,719,1497,1939,1816,1950,2241,1677,628,907,1573,1253,1646,2039,348,921,1561,1818,902,1317,1212,1357,2048,1085,355,1561,854,1445,2359,1180,2068,896,2141,184,1707,336,2261,1171,1383,1312,908,1441,1787,758,2271,2272,1620,1612,2324,2032,2035,2516,148,1349,1797,1665,540,2352,1943,1961,2067,1108,862,1885,2303,1673,2246,0,1072,802,616,2074,1966,1588,1153,1618,1656,1560,1351,1006,1673,1440,2257,1080,1427
1715,1734,141,1463,980,1845,1653,950,709,1305,1069,1258,1579,1756,1220,144,1440,1298,1545,1526,1781,1162,1176,1206,1766,1413,1788,1083,1797,1384,1071,1188,1315,73,1301,1203,1627,1222,1599,1206,1196,670,1185,1859,138,1168,1257,244,1114,125,1137,1401,127,1251,159,1323,1960,1232,1273,1102,1861,1058,1203,1902,1960,1075,2239,1586,1938,1219,1387,1273,1861,1337,1180,1558,1746,1842,1426,1336,1447,1091,1598,1893,1723,1297,266,1286,962,1248,1131,1085,1853,1486,1185,1528,1430,987,1538,1925,1881,1623,1685,1852,1116,1153,1073,1879,1739,159,1194,1275,1299,1636,399,1439,1981,1126,1435,1144,1323,1946,1255,1094,1272,127,1811,1684,1273,1545,1081,1234,1181,1539,1071,1261,1324,1041,1310,1340,1854,1748,1467,1554,1844,1129,1221,1290,764,1181,1142,1125,1291,1089,1465,1658,1143,1061,175,1142,1061,1777,903,1357,1659,1635,1298,1445,966,1535,1688,1194,2065,1409,1093,2026,227,1102,1235,1323,1301,1778,1551,1646,158,609,1808,1436,169,1300,1789,1045,1110,904,1183,1367,1290,1530,1302,1354,1229,1222,936,1837,307,1189,1481,1609,1194,1325,1326,1854,1615,1213,1799,1367,946,1316,1802,909,1332,1069,1178,1206,1409,1661,1105,1261,1746,1518,2074,1219,1294,0,1111,1263,1262,1549,1873,1409,1932,1440,2013,355,1436,1739,1821,1348,1530,1876
2170,2026,1138,1132,966,2012,2325,1908,1186,2031,1507,1353,602,2008,737,1125,1575,978,554,1017,1160,1810,2083,1084,1659,915,2114,1801,1731,1666,1448,1728,1719,1344,977,445,1843,1702,1624,766,957,1164,1088,1787,1339,1141,1369,1353,1513,1362,1126,1289,1108,1356,1391,1727,1288,1798,1799,1892,2203,1213,443,2148,1288,692,784,2302,2043,937,1841,1355,999,1405,1091,1375,838,2071,1659,1465,1057,1561,958,2011,2391,1365,1041,982,1116,1400,1405,1894,2076,1068,1128,1108,907,844,1708,2058,1503,1306,2356,1080,2058,2095,888,2086,2188,1121,1827,1539,1298,689,1017,852,1085,568,1410,1077,1727,1623,871,172,1507,1108,2244,1976,632,1449,2033,1765,1320,672,1819,1235,1218,1065,1331,1632,2456,945,1709,1741,2469,1076,513,969,1185,525,1915,486,1375,881,908,1521,1181,992,1110,1127,1381,2074,1504,794,2037,977,1435,1343,1140,1616,1610,1705,1473,1314,323,2109,1283,1356,1549,940,1399,2288,2292,809,1355,1199,2033,1547,1346,986,2264,325,1030,1866,1347,1004,1365,2265,819,1348,789,1719,1609,2066,1354,1375,1114,2182,514,1729,1730,2210,2286,1782,2113,1104,2023,783,2031,2468,1366,1028,1912,1746,1763,2238,662,282,1686,2970,1418,1704,709,1342,0,652,1542,1453,2295,1611,1243,2512,2096,1408,847,2165,2069,1715,923,2056
2720,2311,1291,1090,1001,2301,2255,2220,1631,2309,1892,1116,506,2300,876,1279,1780,994,261,813,1436,2114,2371,1086,1978,716,2411,2130,2014,1942,1383,1948,1996,1529,993,762,2242,1980,1631,1201,990,1569,1289,1712,1263,1184,1168,1538,1641,1547,973,1590,1524,1398,1304,2004,1626,2113,2075,1815,2161,1396,760,2080,1626,712,1109,2586,2200,815,2143,1203,810,1189,1326,1574,649,2004,1864,1831,837,940,1115,2287,2322,1400,1446,1153,1404,1561,1185,2162,2142,845,1458,1269,987,1182,1987,2157,1816,1591,2287,889,2369,2406,1031,2123,2489,1540,2107,1837,1416,621,1420,863,1399,542,1487,1232,2004,1930,1197,541,1895,1524,2178,1906,189,1717,2117,2041,1329,195,1891,1049,1104,1251,1338,1681,2324,836,1915,2043,2577,1092,816,1140,1630,836,2181,505,1574,1024,776,1827,1081,1163,1264,1176,1528,2010,1361,585,1973,1135,1361,1118,981,1888,2021,1978,1747,1231,726,2161,1470,1146,1847,998,1598,2156,2586,727,1541,1362,1966,1803,1269,1002,2156,776,1186,2178,1191,1103,1564,2550,835,1372,829,1996,1809,1999,1539,1427,1115,2472,735,2006,2006,2218,2217,2058,2412,1229,2335,799,1964,935,1155,1199,2123,1970,1988,2336,997,681,1958,3100,1755,1982,729,1525,811,0,1821,1721,2183,1806,1557,1129,2148,1589,866,2466,2005,1994,1307,1992
2322,1099,1180,1358,1201,1517,2356,610,1448,872,1379,1243,1831,1520,1683,1183,624,1541,1815,926,632,377,741,1441,1126,2126,1631,366,1166,354,2126,916,408,1297,1542,1467,2232,392,1410,1128,1202,1606,1763,2205,1153,1176,1371,1202,974,1164,1148,1562,1152,1359,1195,416,818,363,487,2168,1713,1886,1465,1924,818,1831,1003,1263,1584,1899,687,940,954,1436,1184,1166,1944,2029,613,1658,2173,736,1060,1521,2498,1389,1071,1554,1082,2204,1202,609,1617,2173,1252,1379,1968,1203,746,1665,831,86,2464,943,792,829,1458,1516,1458,1116,398,54,2106,1808,1002,1924,807,1473,1483,1184,410,867,1131,1199,1372,1356,1784,1874,1768,467,417,449,1432,1765,1380,1289,2088,1173,1395,1576,1864,2040,700,470,2561,1385,1424,1541,1450,1451,641,1560,1166,1456,1995,512,2027,1564,1131,1304,1993,1886,1115,1869,1969,1099,2044,1456,973,822,861,394,1039,1963,1321,1672,1110,1402,113,1515,1184,1825,1555,1923,1115,1475,2051,105,1126,1529,1802,1242,1182,582,932,2092,952,1083,1846,1410,1611,402,2005,2024,1333,1108,1222,1613,1361,412,412,1752,2390,466,1668,1877,326,1804,1989,2574,1409,1600,494,802,820,2334,862,1424,1049,2550,635,388,1735,1292,1332,1696,0,471,1833,1302,917,2003,1659,1679,1919,1464,1898,400,1042,1954
2323,1030,1450,1317,964,1519,2395,906,1659,856,1649,1459,1750,1517,1604,1453,913,1551,1817,2141,593,702,761,1399,1028,2055,1626,718,1093,651,2109,1139,703,1597,1552,1441,2203,686,1380,1093,964,1895,1849,2024,1564,943,1108,1600,1175,1434,1111,1267,1631,1326,1464,711,836,705,784,2130,1703,1925,1439,1934,836,1761,1053,1250,1545,1814,622,1233,1100,1160,1389,917,1997,1988,900,1637,2221,1032,1354,1527,2459,1122,1338,1593,1277,2248,1172,699,1578,2220,1291,1613,2016,1255,708,1626,635,265,2425,2399,1067,1104,1497,1474,1412,1390,761,470,2070,1903,1273,1972,768,1524,1471,1483,711,671,1184,1249,1358,1631,1742,1834,1819,188,842,750,1152,1815,1650,1251,2052,1226,1365,1550,1825,2088,988,506,2133,1346,1469,1580,1711,1502,721,1609,1107,1495,2043,291,1991,1603,1405,1276,2046,1845,1120,1967,1930,1384,2088,1172,1138,784,823,678,1005,2015,1372,1633,1377,1366,480,1554,932,1785,1505,2019,1389,1734,2010,413,1400,1570,1762,1293,1479,860,1222,2057,2098,1068,1890,1373,1656,703,1968,1983,1611,1083,1435,1564,1414,713,713,1710,2351,767,1626,1841,1014,1848,1948,2535,1373,1639,795,1091,1110,1940,914,1481,1008,2565,931,688,1780,1545,1386,1746,512,0,1793,1030,721,1967,1618,1862,1967,1418,1857,700,1334,1913
1849,629,1491,2167,1037,439,711,1422,1642,1068,2088,1608,1565,388,1444,1494,1680,868,1532,1267,1460,1466,1101,1439,963,1116,178,1482,693,1595,1077,1913,1550,1437,869,1631,1311,1533,1864,1441,1194,1072,998,758,1492,988,1512,1438,1254,1475,1028,1830,1481,1417,1506,1558,1659,1471,1730,909,121,1049,1633,349,1659,989,1571,557,403,1249,1078,1149,1254,1481,1497,1255,1131,407,1669,2052,1195,1803,1300,411,782,1366,1380,771,1435,939,1439,1019,436,1228,1232,2137,1001,1627,891,445,1097,1338,740,1038,1061,1156,814,466,507,1510,1268,1382,835,1674,1436,1195,1227,1615,1858,1199,1558,1034,1551,1516,1965,1481,71,405,1557,1278,1222,1597,1549,1548,2187,1166,820,1601,1796,1842,269,993,1758,1171,2222,1691,1475,758,1694,1606,1032,1238,1255,875,1215,1024,803,859,1330,1485,984,246,1428,1740,324,1315,976,1516,992,824,1113,1440,1307,995,1497,491,1322,1420,1342,927,1279,78,382,1787,1509,1669,429,1491,1520,888,53,1530,1154,1517,1131,808,1245,522,948,1535,1277,1550,799,402,1485,1392,1516,232,1611,1560,1560,114,666,1713,194,746,1275,1049,375,858,1434,906,1590,1864,1882,1934,1282,1400,1004,2210,1770,1535,975,1448,1585,1486,1368,1282,0,1515,1021,599,478,1421,1197,200,260,1584,1032,341
1981,2239,1444,1504,1685,2232,1935,1118,1597,1215,1512,1349,1352,2167,1666,1734,1582,1087,1326,1588,1205,1136,1022,1167,2375,1658,2191,1380,2174,1449,923,1606,1219,1713,1088,1866,1672,1204,1349,1523,1841,1336,685,1373,1717,1637,1730,1427,1509,1734,1676,1110,1422,1637,1751,1460,1357,1190,1513,1294,1888,927,1868,1735,1123,1051,1602,2603,1865,1473,1166,1458,1752,1546,1223,398,1597,1639,1567,1176,1672,1672,1588,1876,1998,1539,1672,955,1965,1062,1504,1032,1815,1667,1502,1501,1513,1081,2371,1862,909,1049,1964,1868,1304,1066,1032,1881,2319,1435,1253,1293,1272,1460,1666,1433,916,1398,1502,2069,1209,2368,971,1419,1262,1422,1914,1565,1429,1030,1304,1490,1223,1419,1510,1490,993,1673,1281,1029,2077,1540,1301,998,2898,1340,1713,1113,1932,1839,1055,1222,261,1026,1500,990,1212,966,1725,2009,932,1688,1567,1527,1631,1939,1190,1335,1641,2349,2355,1454,2180,818,1606,1835,1682,1533,1308,1085,418,1892,1862,1574,1435,1595,1609,1089,1432,1106,1892,1631,2012,1122,1745,1210,330,951,1170,1602,1340,1459,1206,1634,1724,1927,1274,1826,1846,1460,1209,1939,1890,1245,2191,958,1358,1270,1599,1701,1555,928,1265,1319,1587,2565,943,1562,2859,2885,1355,1203,1034,1702,1652,1355,1078,1243,1919,0,2072,1489,1822,1742,1428,2247,1683,1459,1869,1670
1856,841,1726,1177,2096,865,1796,906,1917,668,1528,1073,1507,865,1088,1729,1089,1339,1586,1899,497,885,700,1024,228,1818,970,901,558,1020,1773,1319,974,1854,1340,857,1705,957,1510,1130,2254,1847,1598,1538,1836,2049,1188,1873,908,1710,2088,1144,1903,974,1741,982,738,890,1154,1336,1055,1678,859,1295,738,1257,668,1067,903,1291,545,1409,1908,1034,1016,1847,1757,1353,1076,1508,1988,1209,1527,882,1864,996,1576,1382,938,1715,1044,505,936,1988,1200,1444,1791,1127,436,984,291,606,1826,2161,713,774,1285,978,1097,1665,687,813,1615,1616,1539,1740,143,1294,1129,1656,982,49,1153,1010,1522,1903,1092,1351,1586,698,701,1021,1018,1576,1529,1095,1596,1195,1493,1411,1300,1854,1170,585,2533,1187,930,1369,1971,1310,536,1363,1847,1283,1810,446,1598,1392,1680,1134,1769,1206,2217,1683,1291,1561,1761,1038,2053,553,219,855,221,1774,1136,991,1615,1003,760,1342,1868,1135,1204,1729,1664,2032,1375,785,1675,1358,1111,1054,1653,1003,1401,1595,1839,887,1385,1216,1144,974,1490,1348,1889,963,1053,1130,746,984,984,1062,1752,1137,970,1533,862,1343,1314,1940,1009,1428,1268,1270,1287,2282,884,1148,208,2088,831,959,1274,1806,1151,1513,786,702,1142,2105,0,1384,978,2122,1735,1025,1218,1008,1507,1295
1617,715,1187,2323,1195,701,866,1555,1342,1128,1987,1757,986,648,1722,1190,1107,1139,952,1247,1654,1547,1160,1510,1151,1355,550,1563,779,1679,1319,2008,1634,1132,1140,1667,1443,1617,2008,1693,1350,769,1276,999,1189,1146,1666,1148,872,1171,1186,1987,1178,1573,1201,1642,1865,1553,1814,1126,529,1313,1669,605,1865,1262,1751,794,590,1529,1160,1039,1493,1629,1654,1534,1370,680,1755,2078,1187,1154,1395,595,937,1520,1073,1041,1593,1182,1588,1079,623,1467,1426,944,1197,947,977,671,1284,1421,895,1493,1121,1216,1084,771,499,1206,1350,1464,472,1283,1134,1187,1419,1881,1495,1271,1642,1225,1119,1787,1687,1178,432,680,939,1361,1301,1681,1625,932,1875,1320,450,1855,1940,1872,463,1190,1848,1253,1642,1848,1798,1028,1396,1895,1092,1513,1534,1145,1203,1106,423,1122,1033,1370,1224,517,1063,1044,597,1164,1328,1671,1150,910,1198,1523,1492,1260,1755,678,1018,1571,1424,1197,1558,398,419,1059,1205,1372,702,1567,1216,1158,410,1794,1484,1655,1237,425,1524,759,1221,1688,1544,1634,1041,675,1195,1546,1671,384,1647,1644,1644,475,821,1797,557,448,1410,1320,640,1013,1593,1169,1825,1960,2065,1404,1532,1666,1192,1632,1983,1619,1246,1143,1873,935,1450,1365,482,1794,1211,0,665,1120,1435,498,532,1668,1111,614
1568,798,1709,2356,1228,423,898,1417,1096,1067,1113,1791,1759,361,1633,1712,1616,1057,1720,1010,1292,1402,1103,1619,786,2064,397,1418,570,1531,1159,1846,1486,1652,1058,1326,1331,1469,2043,1537,1385,1277,1191,838,1717,1180,1704,1653,1320,1693,1220,2025,1706,1611,1724,1494,1493,1407,1666,636,280,1349,1328,547,1493,1181,1410,725,69,1441,1015,1142,998,1662,1688,1450,2006,605,1605,2235,1148,1737,1072,231,969,1558,1578,959,1628,1021,1621,1028,47,1181,1201,2112,963,1720,828,40,922,1275,927,998,1063,1182,1002,195,525,1728,1207,1318,1037,1871,1636,951,1052,1704,1825,1196,1494,859,1650,1611,920,1706,299,637,1743,1215,1164,1533,1731,1740,922,1355,1021,1699,1975,2027,474,1152,1694,1108,1880,1878,1449,946,910,1810,1034,1434,1450,1063,967,961,1005,1179,1528,1667,1064,442,1579,1932,522,1310,1168,1705,1184,834,1041,1376,1132,1178,1585,45,1518,1606,1278,1115,1474,277,590,1987,1727,1869,627,1428,1738,1076,277,1622,1150,1513,931,1011,1440,690,1140,1721,1461,1486,787,600,1698,1581,1705,555,1306,1496,1496,331,853,1649,397,965,1271,1240,574,1045,1628,1191,1677,1797,1815,1641,1376,1494,828,1870,1604,1471,1166,1662,1674,1671,1304,1219,304,1704,846,808,0,1628,1151,453,457,1520,1028,539
1366,1734,197,1474,1192,1994,1646,964,703,1344,1255,1525,1644,1941,1280,240,1454,1351,1610,1912,1795,1167,1189,1463,2124,1774,1931,1091,1798,1385,1340,1060,1314,307,1354,1049,1936,1229,1591,1277,998,642,1223,915,160,1178,1037,141,1069,254,950,1389,149,1033,288,1322,2008,1235,1272,1143,1867,1097,1268,1953,2008,1121,944,1602,2017,1280,1412,1163,1929,1333,1431,1599,1813,1889,1443,1307,1505,961,925,1951,1713,1294,286,1335,957,1069,1364,1103,1964,1543,1508,1543,1798,1268,1555,2073,1909,1642,1675,1590,1125,1162,1347,1999,1878,382,1228,1281,1372,1703,418,1808,2007,1180,1411,1002,1322,1971,1101,1149,1236,149,1817,1814,1601,1569,1100,1257,1185,1602,1259,1267,1519,1330,1574,1321,1859,1505,1464,1496,1768,1133,1064,1109,757,1245,1156,1421,1325,1131,1523,1694,1298,1101,283,1135,1094,1864,894,1705,1785,1115,1344,1200,1176,1540,1717,1215,2082,1207,1148,2105,248,1101,1241,1374,1612,1782,1710,1712,381,784,1854,1451,392,1352,1795,1101,975,919,1073,1425,1600,1564,1124,1354,1066,1229,963,1884,150,980,1231,1768,1258,1324,1324,1860,1601,1236,1946,1346,963,1135,1849,1111,1102,1108,1201,1565,1431,1589,976,1329,2104,1456,913,1226,1118,315,1166,1316,1267,1573,1878,1442,1957,1433,2092,0,1495,1887,1876,1348,1380,1932
3043,2473,1460,1365,1285,1179,1386,1136,1474,1147,1845,1402,635,963,1124,1748,2023,1082,809,353,1595,2159,934,1658,2136,332,1200,2175,2172,2119,1408,938,2174,1437,1083,923,2589,2157,1978,1159,1275,1510,1343,1132,1729,1528,1755,1443,1940,1752,1517,1935,1430,1443,1475,2182,1818,2175,1102,1965,1187,1410,921,1212,1818,924,1229,1039,947,1040,2258,1002,566,1782,1673,1601,506,1215,2084,1798,301,1168,1331,954,1374,1445,1639,1121,1745,1588,1472,929,950,261,1713,1318,209,1386,2131,1174,2014,1766,1402,502,1169,975,1027,1141,1203,1442,2195,1936,1428,568,1606,13,1634,809,1757,1203,2182,2074,1389,722,2231,1727,989,929,834,1908,1101,910,1676,912,1844,1336,1643,1343,1625,1676,983,159,1098,2235,2822,1379,974,1108,1778,990,1153,715,1601,1021,129,2015,1331,1131,1728,1457,1536,1005,1598,565,1181,1357,1491,1405,1528,2058,2183,2140,1879,1520,1018,956,1668,1433,1946,1080,1625,1009,1018,572,1743,1492,1002,1944,1436,1101,999,865,1404,1132,1202,1357,1591,1043,1086,1719,1053,2174,967,1225,1744,1465,1402,1250,896,2184,2184,980,1370,913,982,1267,1113,1044,1221,1471,1442,1167,1111,1130,1129,3130,1184,967,2116,3396,1956,2159,942,1735,746,761,1980,1912,991,1861,1797,1188,953,1805,0,1193,1009,2171,1078,1226
1541,486,1551,2439,1314,52,983,1297,1692,942,915,1874,1939,104,1589,1554,1615,1241,1898,1269,1290,1401,971,1704,785,926,234,1417,569,1530,1340,1845,1485,1494,1242,1332,1629,1468,907,1716,1471,1125,1371,1021,1559,1265,1798,1490,1353,1535,1304,2112,1548,1703,1566,1493,1492,1406,1665,823,374,1406,1334,628,1492,1366,1416,417,271,1637,1013,1095,1043,1743,1769,1628,1136,697,1604,2326,988,1736,1030,225,1053,1650,1433,1143,1714,1204,1702,889,304,1017,991,1138,996,1891,827,352,921,1274,1012,1041,931,1030,1186,452,123,1570,1206,1317,884,2047,1489,987,1051,1859,1858,1153,1493,858,1826,1772,911,1548,410,782,1910,1214,1097,1532,1816,1923,1105,1441,869,1876,2057,2120,649,990,1693,1107,2218,1957,1455,1130,1744,1795,902,1610,1628,1247,1213,960,850,1223,1383,1754,1246,534,1477,2145,616,1259,1349,1786,1269,833,1040,1375,1131,1360,1775,359,1375,1687,1277,1299,1652,452,378,2147,1569,1721,719,1427,1580,1260,428,1813,1338,1390,1940,858,1618,382,1324,1802,1657,1485,1064,692,1537,1667,1786,118,1312,1495,1495,381,938,1648,234,791,1155,1424,657,1129,1709,1368,1461,1796,1814,1937,1553,1686,827,1827,1603,1470,1350,1504,1908,1878,1303,1218,459,1888,845,652,346,1470,988,0,549,1519,986,631
1513,1281,1607,1966,853,824,491,1630,997,1284,1919,1426,1503,759,1381,1579,922,806,1475,1056,1520,1617,1315,1251,1025,931,789,1633,784,1750,840,918,1704,1519,807,1272,1480,1687,1654,1217,1009,1147,1046,523,1584,804,1327,1512,1538,1560,844,1635,1573,1229,1591,1712,1470,1623,1884,745,499,1051,1270,115,1470,927,1319,1203,398,1186,1234,1282,1038,1283,1301,1184,936,187,1826,1874,1004,977,1187,470,568,1179,1455,873,1250,702,1241,1248,405,1027,1322,1949,1235,1388,1050,449,1159,1493,520,1039,1279,1400,752,470,917,1595,1420,1534,1430,1612,1511,1216,1289,1389,2049,1311,1712,1096,1319,1286,2112,1573,514,340,1502,1434,1372,1751,1364,1481,2016,981,1412,1362,1586,1650,685,1217,1922,1326,1852,1489,1412,696,1209,1542,1250,1175,1184,813,1020,1180,1417,862,1405,1305,756,15,1800,1679,203,1200,849,1317,808,1067,1272,1594,1369,933,1262,662,1397,1188,1494,865,1206,492,978,1725,1594,1194,209,1631,1605,826,492,1297,1528,1730,1046,1412,1176,1168,886,1337,1216,1704,564,182,1560,1207,1317,944,1245,1714,1714,550,446,1867,789,1357,1485,986,146,644,1237,872,1895,1093,2137,1602,1047,1172,1066,1842,1607,1689,912,1528,1352,1430,1518,1438,519,1395,1083,649,483,1491,1219,845,0,1738,1143,116
2410,1296,1265,1493,1123,1768,1149,663,1164,1039,1482,1661,2290,1766,2200,1268,486,1963,2311,989,794,368,881,1325,1279,2604,1870,361,1353,125,2861,541,51,1414,1964,1992,2375,104,1857,1608,1124,1702,962,2266,1378,1102,1520,1415,1272,1249,1303,1709,1440,1509,1279,129,676,288,146,2359,1946,2369,1994,2176,676,2354,1584,1456,1803,2429,885,797,1025,1587,1587,1097,1143,2236,440,1482,2716,545,923,1774,1138,1541,1154,2008,1453,2433,1328,803,1836,948,1244,1514,2549,1049,956,1884,1257,593,1165,1012,827,864,1912,1725,1675,1206,623,561,1152,2393,1085,2490,1354,2019,1324,1048,129,1320,1434,1761,1474,1442,1986,2079,2295,925,802,167,1590,2296,1792,1196,1097,1773,1839,1717,2052,2581,364,691,2612,1277,2095,1995,1218,2032,847,2121,1324,1911,1113,1083,2218,2018,1221,1449,924,2084,993,2493,2167,963,2839,1336,1101,1032,1082,369,1435,917,1873,1891,1193,1288,647,1970,1342,2027,1769,2513,1205,1550,2258,562,1216,1982,2004,1801,1046,617,707,2286,1307,1272,2482,1564,2252,121,2203,2231,1423,1484,1354,1827,1972,131,131,1953,937,129,1870,2070,771,2440,2195,1032,1562,2054,157,492,402,2402,1437,2013,1259,2154,769,106,2371,1365,1933,2262,511,929,2035,1208,1306,2185,1878,1763,2485,1682,2096,0,905,2171
2247,1831,1478,1853,1785,982,1308,1285,975,1583,1798,2095,1329,984,1187,1423,544,1362,1319,1432,1208,942,1429,1684,1840,1357,1212,958,1892,783,1216,532,836,1585,1130,1515,2784,819,1890,1354,1480,1272,1576,1188,1481,1760,1942,1443,1336,1462,1731,2128,1470,1600,1493,844,788,874,977,1158,1043,1434,1513,1418,788,1297,1250,2007,1213,965,1419,267,1494,2012,1672,1740,1178,1189,598,1807,1103,478,117,993,1569,1628,1782,1179,1548,1462,2030,1372,1241,1385,954,1872,1051,773,1478,1042,1821,1355,1596,1474,1440,1477,1394,1054,1180,1481,1162,1323,1267,1088,1745,1310,1498,963,1628,737,844,1882,1156,927,1788,1470,1038,1314,1326,1477,1329,939,1674,1341,2174,1873,1486,1346,2265,2125,1225,1327,609,1227,2346,1633,923,1176,1029,1580,1399,1031,1739,1174,1117,1604,1415,1423,1471,1864,1545,1370,1520,1354,1108,360,1471,1694,1759,1554,1628,907,1996,1256,1449,1243,1463,1982,1222,1174,1456,1256,968,1109,1480,1349,1187,1317,1491,1369,1260,1371,736,1241,283,1466,1424,1835,1337,1650,1216,836,1513,1440,1640,1575,1712,1208,1483,846,846,1254,1294,920,1000,1363,1395,1113,1426,1387,1646,1201,888,547,564,2207,1000,1610,1820,2824,911,821,1304,1595,1115,1082,1272,1481,1247,1548,1868,1342,1241,1788,1302,1191,1381,832,0,1408
1510,983,1601,1961,848,993,486,1819,1231,1469,1911,1421,1663,931,1580,1573,1140,1004,1624,1280,1302,1800,1490,1246,1199,1130,963,1816,968,1829,832,1135,1905,1513,1005,1266,1459,1889,1646,1211,1004,1141,1036,517,1578,799,1322,1506,1490,1554,839,1630,1567,1224,1585,1913,1465,1812,2086,742,671,1041,1264,282,1465,1128,1312,1373,570,1388,1400,1309,1040,1278,1296,1295,1134,180,926,1870,1009,999,1210,640,563,1174,1448,865,1246,694,1236,1429,578,1032,1111,1943,1243,1382,1229,622,1335,1671,515,1259,1452,1586,949,643,1090,1588,1601,1715,1071,1773,1504,1012,1470,1383,2095,1334,1913,1276,1313,1280,2107,1566,684,500,1692,1613,1536,1952,1359,1689,2011,976,1056,1356,1578,1646,699,1013,919,1506,1855,1484,1624,889,1023,1329,1423,1384,1295,1010,1024,1358,1046,854,1398,1301,746,403,1662,1835,382,1223,841,1312,803,1241,1453,1776,1543,1084,1256,835,1390,1183,1675,1062,1319,662,696,1889,1587,1220,202,1811,1598,1023,662,1291,1555,1912,1291,1046,1285,1338,1087,1332,1408,1905,558,175,1553,1202,1312,661,1239,1915,1915,722,441,2069,963,1081,1673,1187,139,639,1232,864,1994,928,920,1935,1041,1166,1241,2227,1601,1891,1112,1521,1346,1619,1699,1617,689,1385,1262,642,656,1484,1015,1018,443,1940,1166,0
