0,1571,647,1273,1771,925,349,376,1373,531,1057,254,1765,1108,1004,1089,1184,1137,1246,998,1117,846,781,1246,697,1765,1264,749,1230,640,730,1657,1714,1454,1119,798,892,849,725,503,438,442,1180,815,1112,1128,1185,1370,637,981,914,1274,1176,1202,1188,1053,1521,1186,1155,1246,507,1363,1363,1105,863,507,1053,1609,634,1085,549,764,1415,1274,1084,989,260,1008,1144,1265,863,1057,863,611,1587,1010,1180,863,725,1054,1624,638,1456,1574,1042,1091,1496,1137,1657,1055,657,560,996,741,993,690,778,666,447,919,904,1718,793,1580,1137,638,850,787,1325,827,536,827,639,917,546,1567,701,1253,1124,847,507,376,773,1563,1053,623,1130,883,983,957,1305,1225,881,1414,1524,917,1146,843,561,676,1242,1163,1757,863,1137,900,793,781,808,395,1211,440,1492,1225,1026,1591,1265,624,299,655,1171,1398,1094,614,631,1359,809,1022,1127,1175,1458,939,383,977,1519,437,1118,1493,108,967,978,1201,1222,1266,818,1110,1553,863,957,863,503,672,881,986,926,1059,1312,858,1177,560,1568,838,1174,1055,928,1184,1134,1040,1189,1319,1122,323,1136,744,1516,1223,725,1049,1156,863,923,1152,1150,1149,1009,312,1593,577,665,747,640,1172,1071,1230,204,850,860,437,689,1140
815,0,813,629,432,927,979,1092,275,857,1211,1013,426,1120,1189,1228,1073,507,1374,1042,1374,1015,1040,1374,1004,543,620,1130,452,604,955,229,298,545,1248,1277,1070,1178,937,850,1053,746,1427,996,1115,984,617,196,854,838,954,1075,876,1462,1196,1301,476,548,134,1374,914,1338,1338,1123,930,855,410,509,851,979,854,947,392,175,1347,1209,952,603,270,650,930,684,930,781,345,1045,524,930,937,679,881,642,101,990,629,1114,384,1201,328,639,853,865,1175,848,1089,782,956,811,839,1134,1157,341,1002,174,507,642,1200,934,126,626,888,1070,649,1190,854,546,910,1127,478,450,914,1092,1032,298,410,689,1226,1074,421,1186,299,271,1168,383,510,435,1441,1031,835,944,401,940,283,930,1147,1107,1002,778,711,1042,1168,1067,638,271,402,475,521,689,905,967,125,635,1360,847,1063,54,1322,1131,1384,374,164,1188,1101,1119,250,1052,1155,381,890,837,1193,563,1312,167,1002,1344,301,930,1186,930,850,1003,1168,1323,1235,1159,167,893,214,841,316,815,1186,1156,1011,1073,1004,624,1308,129,1018,960,1401,1097,374,400,937,1314,837,930,1223,1110,789,1166,683,899,476,656,861,1072,604,1207,1121,452,927,1200,692,1052,834,1151
410,1052,0,873,1413,138,637,592,904,269,1219,673,1407,722,675,1236,908,737,1390,1050,646,966,1082,1390,318,1267,864,1172,784,296,903,1129,1171,1099,1264,411,1021,1220,1040,719,715,431,736,947,1123,820,769,889,81,1105,1047,806,1218,736,789,582,1134,739,690,1390,452,1035,1035,1131,938,817,649,1196,38,1108,934,213,1075,809,637,362,330,1076,785,895,938,1156,938,152,1063,1053,754,938,1040,1151,1103,177,962,1013,1104,1122,1131,1544,1064,1114,40,945,1126,353,1097,288,899,294,377,1085,397,1322,272,1065,737,177,470,885,915,354,160,353,178,433,934,1029,371,1068,713,430,452,592,1074,1154,649,162,1580,344,888,1237,817,717,1210,871,1002,517,715,959,320,1024,796,1273,1232,938,1155,367,272,46,231,612,1083,729,936,717,535,1220,901,163,286,280,771,829,652,52,157,902,817,1046,656,920,949,1116,600,1463,1117,714,1163,1128,471,1064,1120,952,1654,801,272,601,1146,938,1237,938,719,1047,1210,502,1026,1504,888,124,732,215,1163,52,1101,1503,1015,908,1150,1100,1235,833,1223,615,694,503,1143,912,1040,590,1178,938,1014,1118,1228,768,1157,422,1222,263,48,1186,296,1215,1048,784,521,470,962,714,317,752
1022,700,1016,0,982,1133,1184,1287,488,1058,1340,1217,976,825,1384,1367,766,144,1508,1175,1236,1140,1174,1508,1212,1079,13,1275,298,802,1095,657,722,1079,1381,836,1195,1315,1159,1048,1257,946,1313,1123,1248,683,298,398,1057,1028,1082,913,1201,1282,881,1165,1014,146,709,1508,1113,1017,1017,1256,1062,1054,135,1047,1054,1169,1075,1158,927,747,1217,907,1158,853,720,167,1062,931,1062,983,843,1178,285,1062,1159,926,1315,842,621,1250,882,1247,794,1334,749,892,1056,1086,1300,1056,1228,990,1087,1012,910,1259,1368,891,1029,586,144,842,1412,1058,680,826,1096,1010,849,1396,1075,737,1184,1257,105,412,1111,1287,1166,851,135,889,1368,1286,819,1338,547,502,1304,446,602,376,1261,1156,1036,1165,213,1277,757,1062,1285,965,1029,978,901,1246,1298,1271,534,502,324,883,61,889,1108,1175,493,178,1230,1053,1270,632,1495,1328,1245,855,445,1313,1292,1252,803,1256,1293,791,1098,1027,1323,177,1445,739,1032,1202,855,1062,1338,1062,1048,1138,1304,1519,1350,1293,610,1101,667,923,871,1021,1316,1295,1140,765,1281,877,1437,581,1354,1165,1271,1255,1022,846,1159,1144,1160,1062,1348,1239,1018,871,912,937,884,849,1064,1207,802,1345,1251,298,1130,1412,930,1256,1035,855
1175,546,1184,994,0,1301,1344,1460,670,1095,1289,1385,5,1518,1702,1204,1463,860,1175,1087,1757,1140,1174,1175,1381,618,985,1275,867,951,1264,727,527,405,1048,1630,1195,1315,1304,1195,1433,1093,1801,1123,1160,1361,992,634,1225,823,1082,1467,964,1836,1590,1687,358,914,502,1175,1257,1732,1732,1289,969,1201,774,391,1222,1025,1223,1325,288,326,1737,1563,1340,583,484,1016,969,664,969,1165,421,1090,877,969,1304,659,936,1012,630,1046,609,1179,483,1329,471,619,1224,1234,1300,1225,1211,1159,1081,1346,1059,1259,1530,48,1380,699,860,1012,1574,1058,424,973,1266,1479,1014,1558,1223,921,1415,1257,838,806,1257,1461,1166,205,774,1070,1363,1448,500,1387,714,617,1304,770,891,772,1815,1156,1370,1313,921,924,554,969,1163,1490,1380,1144,1052,1421,1298,1435,826,617,776,573,1035,1054,1259,1343,469,984,1752,1221,1241,549,1606,1328,1767,351,685,1313,1466,1247,157,1432,1171,480,1251,817,1323,929,1440,349,1380,1726,208,969,1387,969,1195,1138,1304,1667,1347,1288,520,1268,582,1071,223,1189,1316,1290,991,1463,1090,604,1437,552,1002,1317,1795,1626,383,401,1304,1687,925,969,1345,1081,782,1564,663,1090,574,997,1232,1207,951,1223,1251,868,1278,1574,672,1432,1369,1549
725,1255,274,1034,1379,0,669,589,1069,611,1338,634,1373,597,672,1573,783,894,1470,1384,622,1153,1159,1470,319,1467,1025,1261,943,642,1230,1328,1374,1256,1342,285,1208,1300,960,789,920,777,716,1136,1472,702,938,1054,422,1431,1259,782,1602,713,666,558,1291,896,837,1470,847,1012,1012,1465,1266,935,808,1357,425,1437,846,189,1232,956,617,448,675,1228,934,1058,1266,1306,1266,492,1285,1387,911,1266,960,1301,1537,381,1038,1353,1257,1456,1339,1319,1217,1267,262,857,1313,186,1433,156,1100,291,723,1272,374,1288,248,1267,894,381,447,1072,1068,694,205,329,388,410,846,1241,368,1270,872,596,847,589,1151,1314,808,430,1353,321,1039,1323,982,871,1289,1060,1191,683,692,1169,317,936,955,1603,1426,1266,1488,343,248,487,378,609,1311,934,1148,871,699,1430,1073,430,628,281,939,1024,632,224,484,1089,785,1340,632,1083,1124,1326,597,1237,1277,919,1496,1336,834,1464,1336,971,1430,948,248,577,1306,1266,1323,1266,789,1123,1289,479,1337,1278,1081,205,880,557,1322,171,1329,1280,1337,783,1569,1252,1448,998,1553,709,674,478,1302,1074,960,567,1509,1266,1335,1375,1419,643,1306,759,1431,605,270,1192,642,1548,1264,943,785,447,1314,919,314,627
333,1427,575,1118,1472,840,0,114,1109,498,862,61,1466,1054,1050,1130,1018,984,972,951,1271,785,677,972,671,1570,1109,773,1064,681,803,1496,1473,1344,844,762,838,813,555,257,106,435,1344,766,1024,931,844,1094,684,1008,866,1349,1117,1187,1130,1201,1382,1040,923,972,559,1158,1158,1032,838,470,892,1451,562,1007,413,677,1293,1043,1248,887,270,1012,1032,1142,838,1092,838,562,1378,954,1008,838,555,1087,1518,586,1078,1417,1040,1023,1441,846,1310,1050,585,424,937,716,992,650,635,613,409,904,1028,1381,731,1443,984,586,1032,701,1161,764,512,792,587,982,413,1287,642,887,956,680,559,114,669,1421,892,571,861,799,1059,832,1022,955,803,1105,1236,769,1166,801,508,503,1039,1167,1596,838,1049,1001,731,749,758,94,927,122,1192,955,783,1532,1157,572,272,637,1025,1078,1261,867,559,1180,891,885,1281,1175,1165,958,111,762,1384,105,1057,1438,252,968,963,1025,956,1035,732,1238,1413,838,832,838,257,644,803,972,796,809,1172,848,965,548,1429,816,945,811,915,1018,1044,1035,917,1039,1117,25,1302,908,1398,1166,555,1139,1077,838,800,1012,1132,1100,1024,321,1534,557,594,787,682,1110,891,1066,28,1032,867,105,636,1085
389,1281,553,1181,1405,718,93,0,1212,555,820,52,1399,936,934,1061,1126,1047,926,880,1154,660,633,926,557,1497,1172,728,1124,778,808,1354,1404,1238,797,644,713,770,498,227,10,492,1236,639,972,1034,896,1197,562,867,747,1231,1092,1071,991,1084,1273,1103,861,926,618,1255,1255,937,767,375,954,1339,565,936,383,561,1214,980,1136,811,327,900,969,1205,767,978,767,631,1311,883,1076,767,498,973,1590,656,1188,1491,929,952,1369,804,1243,939,563,394,812,594,921,528,591,491,469,779,912,1314,620,1293,1049,656,922,582,1094,833,390,692,657,866,383,1389,520,765,1017,743,618,180,625,1354,954,641,819,688,854,794,1125,1018,760,1208,1335,828,1050,675,386,473,1099,1096,1452,767,1122,884,620,627,840,21,805,8,1294,1018,846,1460,1217,642,329,519,1082,1130,1151,745,624,1107,781,831,1164,1187,1266,833,8,720,1311,11,985,1366,309,857,843,1077,914,972,620,1121,1340,767,794,767,227,601,760,846,759,765,1078,726,894,605,1356,694,823,767,844,1127,973,924,949,1141,1046,140,1194,798,1282,1178,498,1027,1006,767,763,830,993,982,911,379,1461,613,571,742,778,966,771,1124,121,922,755,11,514,967
1037,402,1029,457,770,1146,1198,1288,0,1072,1615,1231,764,1066,1399,1601,1016,428,1572,1457,1603,1411,1500,1572,1225,709,448,1605,320,817,1364,357,424,858,1445,1483,1465,1640,1173,1061,1271,963,1652,1395,1545,929,601,100,1070,1207,1352,1183,1351,1687,1142,1530,812,406,542,1572,1127,1279,1279,1538,1339,1067,354,785,1067,1346,1089,1171,742,582,1578,1416,1172,971,675,523,1339,1051,1339,996,547,1460,379,1339,1173,1046,1269,855,145,1371,999,1529,502,1726,453,1009,1069,1100,1571,1069,1506,1003,1370,1026,925,1530,1381,706,1229,275,428,855,1425,1305,444,839,1109,1321,862,1409,1089,394,1120,1520,347,663,1127,1288,1492,666,354,902,1754,1299,814,1674,167,319,1629,243,366,475,1666,1428,1050,1179,269,1331,462,1339,1561,1340,1229,991,915,1260,1561,1274,302,319,426,592,371,902,1122,1188,321,498,1593,1066,1284,461,1532,1586,1613,810,148,1584,1293,1645,618,1271,1568,499,1113,1206,1596,437,1836,574,1229,1576,670,1339,1674,1339,1061,1469,1629,1532,1635,1688,438,1114,622,937,686,1034,1578,1690,1375,1016,1480,994,1709,129,1409,1179,1636,1314,831,801,1173,1538,1310,1339,1637,1514,1166,1112,1051,951,593,863,1077,1619,817,1619,1524,320,1144,1425,1059,1271,1049,1097
298,1411,277,1102,1456,620,531,630,1093,0,1098,475,1450,985,784,1116,1123,962,996,937,945,910,935,996,510,1552,1093,1030,1048,411,790,1480,1456,1331,831,660,964,1073,928,610,614,238,989,891,1011,1030,1011,1078,267,994,988,997,1103,1024,1040,874,1369,1024,907,996,381,1307,1307,1018,824,708,876,1438,264,993,823,514,1280,1027,923,580,223,998,1016,1126,824,1078,824,261,1362,940,986,824,928,1073,1215,286,1062,1121,1026,1009,1423,1114,1294,1036,287,834,1070,544,978,478,786,364,232,1029,690,1365,573,1427,962,286,767,829,1145,463,447,656,287,716,823,1267,477,1009,940,664,381,630,927,1405,876,271,1139,641,1172,1086,1006,939,1063,1086,1217,753,1003,926,390,913,1023,1153,1580,824,1035,678,573,463,448,648,1050,630,1173,939,767,1514,1141,272,172,472,1009,1245,938,330,261,1164,978,1013,955,1159,1148,1083,637,1032,1368,613,1043,1420,359,954,1087,1039,1244,1019,574,913,1397,824,1086,824,610,900,1063,800,978,1072,1156,591,949,50,1413,508,1068,1069,901,1123,1030,1021,1202,1022,1103,506,982,698,1385,1150,928,955,1063,824,966,996,1118,1031,1008,306,1515,98,295,969,411,1095,1015,1048,412,768,852,613,387,1016
937,1603,1328,1835,1327,1552,1177,1272,1532,1243,0,1211,1321,1722,1798,284,1569,1741,329,155,2009,904,732,329,1611,1572,1826,802,1734,1204,546,1656,1527,973,283,1884,958,732,1146,1028,1251,1067,2077,884,89,1467,1540,1502,1318,570,1027,1587,453,2043,1625,1936,1167,1757,1174,329,1228,1659,1659,109,405,1034,1615,1229,1315,359,1062,1614,1108,1351,1980,1820,1096,936,1112,1910,405,827,405,1315,1420,152,1752,405,1146,838,1302,1287,1510,804,911,214,1494,464,1483,920,1338,1073,1064,1690,266,1625,430,1362,1152,1023,1776,1669,1725,1593,1746,1287,1767,765,1396,1224,1451,1769,1265,1730,1062,1869,1566,834,1680,1398,1228,1272,724,1371,1615,1324,496,1755,989,527,1581,1481,858,1676,1797,1459,2022,919,1448,1152,1765,500,1554,405,345,1747,1725,1395,1239,1240,914,1265,1775,1481,1507,1509,1870,1325,1021,1577,1331,1765,1994,1381,1312,1429,1625,1054,2019,1090,1577,1077,1277,400,1323,1250,196,1491,1013,709,1041,1723,307,1270,1706,1982,1493,405,527,405,1028,691,858,1969,851,298,1400,1519,1299,1293,1509,1440,955,214,411,1569,410,959,947,1414,446,1158,2035,1643,1178,1081,1146,1919,459,405,855,220,524,1768,890,1020,1513,1301,1346,760,1204,197,1020,1734,1066,1767,791,1250,1570,1753
327,1412,611,1104,1457,776,39,53,1095,493,880,0,1451,990,989,1125,1181,968,991,946,1209,716,695,991,614,1553,1095,792,1050,676,799,1481,1457,1332,862,698,769,831,494,274,45,430,1291,697,1020,1087,836,1080,620,1003,806,1288,1112,1129,1045,1139,1370,1026,908,991,554,1312,1312,997,833,422,878,1439,623,1002,430,619,1281,1028,1191,882,265,1008,1017,1128,833,1088,833,557,1363,949,992,833,494,1083,1513,581,1064,1412,1036,1018,1424,864,1295,1046,621,441,867,652,987,586,654,549,404,834,967,1366,673,1428,968,581,972,642,1146,759,448,730,582,921,430,1273,578,820,942,666,554,53,687,1406,878,566,879,744,897,847,1008,941,821,1091,1222,754,1108,731,444,520,1025,1162,1581,833,1044,939,673,685,753,33,860,61,1178,941,769,1515,1143,567,267,577,1010,1070,1206,803,554,1165,831,886,1219,1160,1150,888,50,780,1374,44,1052,1421,113,963,896,1017,974,1020,673,1176,1403,833,847,833,274,658,821,902,814,827,1157,784,950,543,1419,752,878,829,910,1181,1039,1031,1005,1024,1112,85,1249,848,1386,1151,494,1079,1072,833,818,895,1126,1036,1018,315,1516,551,629,806,676,1104,824,1050,51,972,861,44,572,1021
1098,552,1194,1000,3,1311,1356,1471,676,1105,1298,1397,0,1524,1722,1216,1468,866,1167,1079,1767,1134,1168,1167,1393,258,991,1269,874,962,1256,721,521,419,1040,1641,1189,1309,1316,1206,1446,1104,1811,1117,1152,1366,998,660,1236,812,1076,1478,977,1846,1599,1698,364,920,508,1167,1268,1737,1737,1160,961,1212,780,397,1233,1038,1235,1334,294,332,1748,1574,1281,577,478,1022,961,658,961,1180,386,1082,883,961,1316,653,950,1047,636,1061,603,1191,477,1321,465,613,1235,1246,1294,1236,1132,1170,1075,1367,1193,1253,1540,54,1389,671,866,1047,1584,1053,430,984,1280,1490,1025,1570,1235,1004,1436,1251,844,817,1268,1472,1160,199,780,1081,1360,1458,494,1379,721,623,1298,776,897,778,1825,1150,1391,1325,927,917,548,961,1175,1501,1389,1155,1063,1434,1292,1448,832,623,782,393,1045,1065,1182,1355,475,993,1763,1232,1336,555,1614,1321,1778,345,629,1307,1477,1239,151,1445,1183,474,1174,811,1317,935,1432,355,1389,1737,202,961,1379,961,1206,1132,1298,1667,1336,1280,526,1279,588,1082,217,1200,1310,1280,985,1472,1102,598,1433,558,994,1330,1806,1636,387,395,1316,1697,938,961,1334,1073,795,1574,657,1013,394,1008,1243,1201,962,1235,1245,874,1289,1584,666,1445,1390,1559
1244,1667,665,1004,1840,568,1183,1071,1445,1064,1727,1134,1834,0,1136,1753,491,905,1888,1566,823,1445,1693,1888,828,1929,995,1783,1181,1029,1400,1559,1609,1698,1763,449,1499,1892,1444,1272,1563,1175,855,1429,1639,382,699,1476,928,1594,1555,510,1776,890,242,916,1738,921,1264,1888,1297,626,626,1647,1451,1275,993,1809,931,1733,1327,686,1667,1384,781,623,1164,1416,1393,1069,1451,1493,1451,988,1818,1569,1210,1451,1444,1488,1835,847,1414,1736,1445,1638,1773,1863,1724,1455,774,1338,1605,694,1619,663,1400,789,1222,1564,858,1749,741,1601,905,847,935,1339,1512,1152,712,802,854,891,1327,1266,944,1554,1019,926,1297,1071,1685,1709,993,894,1964,809,1367,1844,1358,1284,1820,1380,1475,1111,869,1462,813,1417,1201,1796,1733,1451,1673,804,741,874,731,1096,1595,1579,1203,1284,1099,1771,1112,894,1114,791,1275,928,769,736,1000,1429,1051,1618,833,1523,1560,1618,1080,1781,1661,1562,1678,1770,1304,1592,1630,882,1973,1375,741,933,1713,1451,1844,1451,1272,1661,1820,983,1549,1825,1421,717,1313,1048,1729,685,1612,1827,1524,491,1673,1440,1741,1374,1746,1152,865,953,1787,1514,1444,1049,1737,1451,1548,1614,1593,101,1479,1257,1768,1096,782,1797,1029,1729,1558,1181,1261,935,1497,1562,812,94
974,1706,832,1495,1881,730,872,793,1560,1025,1554,836,1875,998,0,1717,1189,1364,1508,1534,669,1138,1116,1508,544,1931,1486,1203,1429,996,1330,1737,1803,1744,1567,726,1180,1251,885,1072,1095,1134,622,1120,1601,1129,1464,1545,775,1489,1214,854,1671,656,1100,605,1809,1393,1291,1508,1173,1107,1107,1648,1378,959,1256,1878,778,1554,773,534,1747,1428,524,895,1015,1721,1451,1497,1378,1795,1378,842,1784,1524,1385,1378,885,1790,1787,865,1613,1764,1751,1594,1835,1533,1716,1761,776,784,1298,551,1511,603,1316,579,1097,1263,557,1782,435,1686,1358,865,282,1001,1577,1036,610,415,872,411,773,1812,388,1238,1317,1056,1173,784,1108,1854,1256,912,1578,218,1589,1589,1497,1370,1239,1603,1727,1135,635,1155,605,864,1405,1731,1823,1378,1591,402,435,839,858,801,1279,1124,1747,1370,1183,1923,1472,912,994,584,1431,1499,510,767,814,1555,278,1312,684,1537,1646,1317,790,1440,1817,1103,1598,1832,1056,1509,1283,1408,1646,1422,438,605,1846,1378,1589,1378,1072,1222,1239,193,1242,1476,1576,748,1356,905,1860,716,1362,1494,1447,1217,1649,1746,1366,1520,1681,901,632,169,1808,1577,885,283,1632,1378,1231,1542,1689,1119,1803,1020,1924,954,784,1214,996,1649,1205,1429,922,282,1404,1103,602,1121
925,1531,1316,1746,1380,1532,1222,1208,1503,1220,73,1269,1374,1708,1759,0,1682,1739,381,221,1957,936,748,381,1618,1595,1737,851,1699,1223,598,1577,1497,944,333,1939,978,792,1176,1059,1322,1106,2022,915,116,1588,1560,1465,1306,587,1046,1599,463,1989,1645,1881,1203,1755,1123,381,1273,1723,1723,135,395,1066,1534,1259,1303,334,1094,1614,1149,1315,1925,1869,1058,905,1065,1776,395,820,395,1312,1392,224,1673,395,1176,831,995,1341,1440,815,893,177,1449,505,1454,913,1326,1105,1095,1701,238,1640,503,1360,1126,1061,1737,1600,1732,1537,1739,1341,1733,826,1348,1263,1468,1776,1304,1691,1094,1856,1570,931,1596,1329,1273,1208,740,1460,1534,1326,539,1735,935,598,1536,1428,867,1649,1773,1382,1968,950,1448,1185,1684,316,1539,395,75,1698,1732,1725,1260,1309,1011,1324,1777,1428,1457,1550,1746,1327,998,1573,1294,1793,1939,1369,1300,1359,1579,1136,1967,1105,1507,1115,1217,437,1423,1321,125,1446,1016,646,1086,1718,327,1237,1728,1902,1452,395,598,395,1059,746,867,1934,915,356,1330,1804,1243,1270,1465,1420,1045,248,441,1684,266,931,1047,1380,267,1100,1980,1600,1216,1096,1176,1890,436,395,913,270,509,1739,881,1001,1551,1278,1333,814,1222,178,1097,1699,1088,1732,784,1320,1382,1770
1243,1694,947,1034,1830,843,1373,1309,1534,1454,1799,1343,1824,445,1392,1729,0,937,1665,1654,979,1596,1583,1665,1115,1979,1025,1715,1231,1086,1455,1629,1658,1813,1540,742,1636,1720,1429,1320,1585,1230,1217,1577,1727,259,753,1522,1211,1626,1619,670,1793,1148,662,1066,1914,953,1372,1665,1385,638,638,1735,1524,1327,1022,1947,1214,1721,1350,942,1840,1498,1118,895,1549,1354,1520,1107,1524,1428,1524,1352,1879,1657,1232,1524,1429,1423,1942,1191,1596,1919,1385,1727,1827,1784,1785,1395,1043,1361,1755,963,1658,932,1490,1044,1201,1721,1153,1754,999,1670,937,1191,1222,1426,1550,1242,976,1017,1198,1183,1350,1329,1139,1695,1049,954,1385,1309,1575,1741,1022,1243,1899,1092,1381,1781,1442,1305,1755,1419,1514,1127,1127,1612,1069,1441,1138,1853,1792,1524,1790,955,999,1151,1002,1323,1736,1587,1262,1305,1120,1794,1149,1243,1315,1070,1307,997,1133,1005,1281,1460,1524,1754,989,1541,1604,1775,1314,1692,1693,1584,1744,1824,1333,1609,1741,914,1897,1492,999,1083,1745,1524,1781,1524,1320,1591,1755,1319,1660,1727,1452,986,1425,1439,1759,953,1757,1748,1593,180,1798,1380,1819,1393,1830,1407,1175,1256,1801,1532,1429,1272,1751,1524,1661,1674,1656,483,1381,1319,1792,1172,1051,1729,1086,1795,1663,1231,1418,1222,1436,1584,1067,514
815,672,970,204,932,785,1050,1161,497,803,1295,1097,926,639,1361,1211,599,0,1465,1137,1083,1160,1081,1465,1203,939,195,1204,256,641,1066,632,694,1046,1339,684,1202,1217,975,891,1150,793,1163,1142,1209,525,226,374,866,1003,1045,767,1166,1129,725,1012,1025,20,707,1465,919,892,892,1218,1010,897,117,1066,863,1101,889,1082,950,736,1064,755,1176,735,730,119,1010,808,1010,975,814,1140,107,1010,975,803,1343,834,643,1220,766,1210,741,1279,720,776,886,900,1320,905,1127,874,1064,1006,843,1285,1292,856,885,651,180,834,950,1024,678,815,1064,865,841,1320,889,567,1003,1260,87,392,919,1161,1073,839,117,881,1314,1232,767,1278,555,485,1205,397,535,364,1108,1177,1031,980,160,1232,726,1010,1208,822,885,954,738,1137,1301,1170,488,485,307,827,84,881,887,1158,484,46,1079,1093,860,621,1269,1332,1093,880,432,1339,1167,1186,791,1149,1219,738,905,992,1305,52,1392,731,888,1024,841,1010,1278,1010,891,1083,1205,1450,1291,1221,599,1074,668,779,852,966,1384,1240,1074,599,1269,761,1388,603,1268,1019,1121,1130,907,871,975,968,1122,1010,1288,1173,1029,668,762,891,828,705,894,1218,641,1272,1227,256,971,950,816,1149,1029,699
714,1468,1077,1684,1614,1248,1007,926,1440,993,353,1054,1608,1413,1357,577,1380,1522,0,626,1555,677,476,180,1280,1532,1675,593,1643,1011,401,1514,1434,1171,67,1652,717,700,938,848,1107,895,1626,656,442,1288,1335,1402,1067,710,829,1381,757,1596,1433,1480,1227,1540,1060,180,1061,1502,1502,461,485,854,1472,1286,1064,640,852,1252,1173,1253,1527,1580,846,843,1003,1714,485,916,485,1072,1330,629,1608,485,938,911,1408,1042,1377,1048,874,536,1386,398,1391,884,1087,863,829,1240,642,1179,302,1108,914,802,1335,1538,1394,1474,1522,1042,1339,553,1286,979,1185,1438,1020,1289,852,1786,1210,798,1534,1267,1061,926,468,1398,1472,1085,434,1335,873,492,1473,1365,698,1579,1703,1320,1575,691,1234,943,1622,830,1476,485,638,1298,1394,1122,979,951,878,1127,1707,1365,1395,1474,1684,1086,786,1235,1231,1566,1542,1130,1061,1296,1189,835,1565,1223,1444,856,935,259,1361,1106,512,1383,804,766,852,1499,514,1175,1307,1506,1390,485,492,485,848,477,698,1562,686,240,1267,1244,1180,1043,1403,1136,912,370,561,1380,782,869,905,1317,780,885,1584,1204,1241,1214,938,1479,718,485,688,65,904,1449,862,790,1475,1052,1095,548,1011,510,839,1643,874,1339,665,1106,1131,1482
777,1256,1159,1588,1466,1307,1070,1120,1345,1063,228,1117,1460,1549,1453,242,1515,1588,263,0,1649,1003,598,263,1467,1374,1579,700,1549,1074,658,1419,1268,1013,220,1709,1045,731,1003,912,1170,957,1726,985,86,1417,1404,1307,1149,358,894,1442,389,1693,1492,1577,1069,1604,965,263,1124,1562,1562,145,239,918,1375,1125,1146,269,916,1463,1015,1104,1627,1639,909,747,882,1617,239,820,239,1154,1172,2,1506,239,1003,815,1088,1101,1282,1068,778,137,1221,515,1238,788,1169,927,1163,1299,303,1238,373,1192,977,1128,1431,1390,1581,1379,1589,1101,1431,675,1138,1038,1317,1625,1079,1385,916,1670,1419,922,1437,1170,1124,1120,590,1250,1375,1167,549,1430,778,608,1369,1261,720,1471,1595,1225,1672,1020,1297,1007,1525,541,1313,239,303,1392,1581,1181,1038,1157,1138,1190,1591,1261,1298,1307,1592,1168,849,1422,1136,1636,1642,1212,1143,1201,1275,1181,1659,975,1349,1182,1129,510,1213,1169,393,1218,867,493,934,1566,394,1027,1363,1600,1242,239,608,239,912,599,720,1637,768,429,1172,1300,1085,1113,1255,1195,1036,315,189,1516,451,773,904,1222,487,948,1684,1295,1082,966,1003,1577,352,239,770,152,617,1571,758,853,1308,1122,1177,714,1074,446,1065,1549,937,1431,565,1169,1215,1602
1157,1802,948,1575,2123,781,1089,977,1718,1153,1739,1040,2117,889,850,1791,1201,1466,1718,1716,0,1330,1311,1718,573,2038,1566,1384,1536,1191,1517,1817,1880,1848,1780,775,1371,1449,1067,1133,1295,1329,280,1313,1789,957,1362,1682,961,1686,1370,340,1850,268,822,85,1915,1500,1407,1718,1368,829,829,1797,1589,1140,1362,2005,964,1733,955,563,1809,1533,177,946,1212,1824,1539,1604,1589,1900,1589,1035,1836,1719,1493,1589,1067,1895,1982,917,1711,1959,1854,1789,1896,1743,1834,1864,857,966,1489,612,1720,654,1526,756,1292,1455,499,2047,464,1784,1466,917,415,1194,1695,1229,792,444,924,535,955,1772,584,1415,1424,1157,1368,977,1303,1908,1362,966,1773,487,1693,1745,1615,1478,1484,1732,1861,1236,247,1346,781,1046,1512,1941,1919,1589,1852,217,464,1028,910,1002,1456,1297,1707,1478,1285,1985,1579,969,1177,613,1554,1593,194,819,1031,1653,846,1499,10,1641,1750,1509,986,1651,1871,1294,1806,1893,1239,1707,1469,1526,1856,1527,467,219,1900,1589,1745,1589,1133,1420,1484,660,1388,1686,1707,800,1460,1099,1914,768,1477,1707,1655,1201,1860,1849,1550,1638,1892,1135,238,703,2091,1681,1067,481,1811,1589,1385,1737,1887,841,1906,1203,1986,1148,865,1409,1191,1856,1391,1536,1111,415,1600,1294,779,843
998,1732,1334,1748,2011,1553,878,877,1786,1292,990,921,2005,1731,1140,1244,1599,1649,1140,1197,1342,0,575,1140,1309,1926,1739,657,1957,1296,997,1747,1806,1738,1013,1454,76,554,741,782,1017,1179,1409,206,1090,1502,1470,1705,1347,1353,460,1436,1464,1376,1776,1267,1803,1665,1332,1140,1345,1793,1793,1109,1167,891,1451,1872,1350,1344,648,1305,1741,1458,1313,1905,1130,1318,1393,1819,1167,1392,1167,1384,1726,1194,1582,1167,741,1387,1637,1362,1636,1491,1349,1212,1774,860,1752,1359,1344,659,190,1392,1262,1331,772,1234,1198,149,1118,1935,1124,1709,1649,1362,1124,453,1613,1299,1157,1338,1340,1072,648,1880,1113,343,1514,1247,1345,877,567,1796,1452,1398,892,1126,1257,789,1741,1633,604,1972,1987,1324,1355,398,1137,739,1602,1334,1846,1167,1156,1083,1124,1414,1296,829,379,1037,1815,1633,1375,1860,1861,1399,1070,1264,1522,1701,1326,1234,1372,1578,975,194,1352,1604,1675,196,883,901,1759,1016,1142,1771,1088,1281,439,1626,1002,1454,1124,1291,1788,1167,789,1167,782,682,604,1351,664,939,1556,1495,1380,1342,1802,1218,362,961,1210,1599,1282,1344,577,1664,1284,861,1367,989,1802,1595,741,1229,1373,1167,560,1046,1550,1760,1339,1074,1861,1351,1352,692,1296,1140,361,1957,839,1124,1182,1016,1257,1791
746,1491,1186,1543,1941,1232,787,677,1463,1027,672,718,1935,1402,1107,898,1368,1442,796,850,1309,408,0,796,1161,1856,1534,138,1733,991,674,1536,1736,1581,669,1306,455,210,706,534,879,926,1378,381,865,1274,1255,1424,1199,1012,622,1403,1061,1345,1417,1236,1646,1460,1082,796,1093,1486,1486,782,799,694,1126,1715,1202,945,610,1157,1584,1204,1282,1563,878,1145,1323,1615,799,1218,799,1118,1656,847,1251,799,706,1213,1411,992,1399,1291,1176,857,1704,680,1478,1186,1196,621,575,1244,929,1183,445,1086,946,540,1085,1865,1091,1496,1442,992,1090,266,1340,963,1009,1305,1004,1039,610,1703,1080,473,1186,928,1093,677,8,1726,1126,1060,686,1093,1187,572,1494,1386,89,1604,1728,1007,1324,419,989,701,1271,1052,1633,799,959,1050,1091,1266,963,694,505,897,1638,1386,1055,1790,1657,1044,818,1116,1253,1501,1295,1086,1107,1318,942,455,1319,1534,1466,594,683,584,1689,878,821,1701,836,1068,289,1419,797,1199,1091,1258,1718,799,572,799,534,175,89,1324,161,618,1289,1347,1123,1077,1732,1120,583,643,869,1368,1002,1171,289,1339,1003,760,1336,955,1645,1525,706,1198,1021,799,163,702,1206,1438,1166,822,1791,1087,1204,241,991,821,360,1733,715,1090,969,878,1109,1471
714,1469,1077,1685,1615,1248,1007,932,1441,993,353,1054,1609,1413,1357,577,1380,1524,180,626,1555,676,476,0,1280,1533,1676,593,1639,1011,401,1515,1435,1212,67,1652,716,700,938,848,1107,895,1626,655,442,1282,1337,1403,1067,710,829,1381,757,1596,1433,1480,1268,1541,1061,180,1061,1502,1502,461,485,854,1473,1332,1064,640,852,1251,1214,1254,1527,1580,846,844,1004,1715,485,917,485,1072,1331,629,1611,485,938,912,1408,1042,1378,1048,875,536,1387,398,1392,885,1087,863,828,1240,642,1179,302,1108,914,801,1335,1539,1394,1475,1524,1042,1339,553,1287,979,1185,1438,1020,1289,852,1787,1210,798,1535,1268,1061,932,468,1399,1473,1085,434,1335,874,492,1474,1366,698,1580,1704,1321,1575,690,1234,943,1623,830,1476,485,638,1298,1394,1122,979,957,878,1127,1708,1366,1396,1474,1685,1086,786,1235,1232,1568,1542,1130,1061,1297,1189,834,1565,1224,1445,855,944,259,1362,1106,512,1383,804,766,852,1501,514,1176,1306,1506,1391,485,492,485,848,477,698,1554,686,240,1268,1244,1181,1043,1404,1136,912,370,561,1380,782,870,905,1318,780,885,1584,1204,1288,1215,938,1479,718,485,688,65,904,1449,863,790,1475,1052,1095,548,1011,510,839,1639,874,1339,665,1106,1131,1482
704,1433,382,1190,1559,427,641,553,1316,582,1267,605,1553,674,398,1449,893,1077,1244,1373,727,1089,1072,1244,0,1712,1181,1195,1148,618,1196,1479,1598,1456,1298,386,1131,1208,843,749,920,755,801,1071,1367,813,1207,1275,391,1357,1137,893,1503,769,771,656,1520,1117,1025,1244,814,1160,1160,1386,1232,907,979,1586,394,1383,730,59,1417,1147,704,568,643,1434,1159,1221,1232,1508,1232,461,1485,1376,1104,1232,843,1503,1373,563,1342,1350,1465,1446,1560,1270,1417,1475,392,741,1249,316,1363,256,1054,255,719,1215,376,1483,119,1439,1076,563,577,955,1279,655,175,163,570,330,731,1518,111,1189,1038,781,814,553,1064,1554,978,473,1310,442,1301,1269,1224,1087,1196,1323,1452,860,748,1107,281,822,1123,1582,1575,1232,1444,455,119,455,563,574,1230,940,1437,1087,905,1646,1201,474,603,40,1137,1217,718,441,438,1290,599,1264,737,1249,1357,1269,561,1177,1517,919,1452,1557,787,1378,1234,1132,1383,1142,217,658,1546,1232,1269,1232,749,1074,1196,558,1196,1212,1282,422,1074,525,1560,387,1313,1228,1299,893,1500,1460,1317,1223,1532,681,759,618,1535,1289,844,648,1464,1232,1184,1331,1554,703,1510,727,1647,574,400,1209,618,1504,1156,1147,750,577,1273,919,278,734
1135,635,1158,1081,191,1266,1377,1465,544,1148,1297,1424,197,1621,1697,1120,1594,1043,1150,1046,1689,1198,1117,1150,1390,0,1072,1251,725,968,1196,351,539,483,1024,1668,1239,1253,1321,1212,1477,1120,1766,1180,1118,1497,1138,467,1199,820,1077,1469,927,1833,1704,1617,445,1008,394,1150,1289,1592,1592,1127,913,1219,841,461,1196,919,1241,1267,356,417,1667,1598,1267,579,501,1112,913,652,913,1182,182,1049,949,913,1321,647,888,1060,702,984,610,1119,491,1303,288,620,1198,1252,1358,1258,1036,1197,1090,1345,1213,1323,1473,214,1322,439,1043,1060,1539,1062,518,997,1264,1421,1038,1501,1241,782,1442,1289,902,834,1289,1465,1109,211,841,1094,1349,1412,528,1391,569,722,1241,643,767,834,1812,1215,1370,1332,670,916,341,913,1117,1431,1322,1140,1041,1464,1330,1479,722,722,867,208,1066,1078,1207,1345,560,799,1682,1280,1390,640,1595,1367,1699,364,441,1377,1470,1210,163,1476,1128,488,1225,808,1342,1023,1416,440,1322,1639,213,913,1391,913,1212,1119,1241,1617,1311,1245,611,1261,678,1124,224,1154,1352,1262,1014,1594,1061,605,1427,646,992,1305,1724,1573,311,417,1321,1645,885,913,1308,1057,790,1650,666,1211,209,1050,1206,1187,968,1181,1264,725,1294,1539,660,1476,1368,1681
901,745,913,147,878,1019,1136,1214,544,1023,1228,1183,872,881,1304,1144,859,142,1411,1070,1443,1094,1013,1411,1143,1028,0,1141,303,730,994,679,741,984,1285,924,1136,1149,1063,974,1236,882,1510,1076,1142,779,413,421,961,937,982,1001,1103,1595,963,1368,962,144,658,1411,1008,1144,1144,1151,943,981,122,995,958,1037,975,1022,888,687,1414,1362,1120,673,677,166,943,746,943,919,827,1073,278,943,1063,741,1286,778,652,1153,704,1143,788,1212,767,714,953,986,1254,1010,1060,949,998,949,932,1219,1232,802,1080,698,142,778,1301,960,623,759,1004,1151,785,1260,975,763,1051,1193,92,325,1008,1214,1005,785,122,825,1239,1172,706,1215,565,428,1137,444,582,307,1574,1111,974,1066,207,1169,773,943,1141,1189,1080,898,811,1223,1234,1238,695,428,250,874,38,825,973,1098,427,176,1427,1033,955,564,1436,1268,1453,827,479,1273,1219,1119,737,1235,1152,785,991,927,1238,175,1325,682,1080,1398,787,943,1215,943,974,1016,1137,1390,1228,1154,542,1014,615,868,798,907,1317,1171,1007,859,1202,699,1321,513,1200,1105,1468,1299,853,818,1063,1410,1059,943,1228,1106,966,910,700,977,875,794,961,1084,730,1205,1160,303,1056,1301,754,1235,972,941
779,1561,1221,1586,1891,1440,825,712,1531,1065,624,753,1885,1445,1201,850,1410,1485,745,800,1400,531,170,745,1196,1808,1577,0,1776,1076,620,1593,1688,1526,618,1341,578,96,795,572,918,958,1467,504,815,1312,1298,1552,1234,960,692,1497,1011,1434,1449,1325,1590,1503,1140,745,1126,1519,1519,734,748,732,1158,1660,1237,895,709,1192,1487,1265,1371,1596,911,1095,1273,1658,748,1168,748,1156,1609,797,1283,748,795,1163,1381,1058,1468,1258,1126,809,1656,618,1669,1136,1231,720,692,1279,872,1218,392,1121,979,663,1179,1815,1310,1553,1485,1058,1185,400,1409,995,1044,1354,1036,1133,709,1720,1174,677,1218,960,1126,712,176,1676,1158,1092,654,1187,1137,536,1570,1462,196,1811,1811,1039,1413,542,1024,800,1303,1001,1690,748,911,1144,1310,1301,995,729,757,938,1655,1462,1087,1742,1700,1076,851,1151,1322,1529,1384,1121,1145,1387,1035,697,1410,1484,1520,717,718,533,1639,917,773,1653,869,1018,459,1462,765,1259,1308,1352,1668,748,536,748,572,159,196,1409,349,567,1358,1382,1181,1115,1682,1105,791,593,818,1410,1012,1121,488,1408,952,798,1425,1050,1595,1475,795,1318,972,748,337,651,1154,1481,1116,855,1743,1124,1239,16,1076,773,533,1776,753,1185,918,917,1144,1514
938,614,952,374,909,1059,1175,1255,431,1062,1601,1222,903,757,1345,1519,729,354,1756,1443,1214,1445,1423,1756,1184,875,365,1557,0,769,1342,567,629,1016,1631,802,1486,1562,1101,1013,1275,921,1293,1428,1531,650,318,309,1003,1244,1322,878,1345,1635,840,1143,995,338,687,1756,1046,1015,1015,1524,1300,1020,235,946,1000,1342,1019,1063,920,716,1195,1398,1159,1008,715,429,1300,1081,1300,958,750,1446,291,1300,1101,1076,1328,817,577,1418,1039,1516,677,1626,656,1049,992,1030,1604,1051,1433,990,1353,990,970,1570,1273,833,1121,599,354,817,1341,1277,655,798,1045,1193,824,1301,1019,501,1092,1534,228,633,1046,1255,1415,816,235,862,1654,1211,818,1630,489,509,1595,331,469,346,1612,1459,1013,1108,125,1345,662,1298,1512,955,1119,935,850,1260,1573,1275,422,509,283,763,311,862,1010,1137,460,218,1210,1072,994,597,1475,1604,1224,863,367,1622,1258,1531,768,1272,1519,674,1028,1233,1586,369,1737,711,1119,1163,818,1298,1630,1298,1011,1428,1595,1429,1591,1567,575,1053,651,1044,829,945,1594,1587,1431,729,1480,1032,1666,537,1421,1142,1251,1338,884,854,1099,1446,1299,1298,1592,1462,1206,786,1085,1014,764,831,998,1569,767,1569,1508,6,1093,1339,1087,1272,1011,817
466,1167,306,943,1283,634,701,699,1040,231,959,745,1277,991,790,874,972,934,843,814,988,768,762,843,577,1426,934,884,869,0,653,1216,1327,1202,1026,660,808,892,636,522,793,249,1065,749,888,890,774,1001,296,865,808,1060,944,1032,1047,915,1258,868,786,843,285,1101,1101,895,683,525,732,1321,293,827,539,572,1205,911,966,604,391,866,895,972,683,939,683,487,1223,817,840,683,636,934,1242,533,1079,1219,897,887,1279,1305,1155,907,316,550,920,595,804,534,692,413,210,893,748,1207,631,1173,934,533,849,643,1019,490,482,696,540,722,539,1400,521,854,793,532,285,699,754,1263,732,230,1053,721,881,942,937,830,881,1037,1170,611,1011,784,439,630,879,988,1312,683,875,727,631,508,493,716,894,811,1152,830,656,1367,941,232,352,532,871,1018,981,359,290,1008,916,928,998,1010,1068,947,705,1212,1226,792,883,1276,547,828,907,935,1104,906,631,929,1255,683,942,683,522,765,881,857,806,1247,1000,634,833,207,1268,522,914,1264,750,972,944,892,982,962,939,674,1023,781,1258,1053,636,956,904,683,808,831,1059,1034,885,370,1368,132,324,833,180,936,829,869,573,849,727,792,436,1068
503,1265,865,1288,1445,1041,795,829,1237,799,594,839,1439,1203,1153,646,1069,1191,397,496,1355,735,597,397,1074,1353,1279,699,1490,791,0,1311,1250,1048,270,1453,775,728,748,634,887,672,1422,716,511,981,1012,1199,855,592,605,1134,790,1389,1190,1280,1104,1207,862,397,867,1264,1264,557,410,639,937,1160,852,563,659,1045,1050,987,1326,1381,636,726,861,1361,410,799,410,868,1151,493,1061,410,748,794,1259,799,1174,1236,757,635,1203,565,1217,767,875,670,887,1033,564,972,227,902,718,860,1131,1369,1103,1271,1191,799,1136,674,1117,780,979,1174,806,1085,659,1590,1004,827,1303,737,867,829,589,1229,937,846,599,1195,757,659,1263,1155,717,1365,1494,816,1368,751,1026,750,1082,759,1292,410,643,1096,1103,919,780,875,867,905,1525,1155,861,1291,1403,846,591,1029,1028,1258,1339,1056,849,1093,986,893,1365,1107,1241,914,835,469,1192,886,651,1200,594,649,935,1168,678,1005,1103,1304,1221,410,659,410,634,598,717,1361,767,503,1064,1037,901,849,1234,929,887,529,483,1069,711,752,903,1114,709,678,1380,1001,1116,1098,748,1256,760,410,769,303,784,1239,748,573,1292,858,883,713,791,703,801,1490,667,1136,544,886,925,1272
1000,218,1020,716,456,1128,1238,1329,439,994,1452,1285,450,1055,1530,1352,1006,540,1382,1287,1557,1288,1268,1382,1253,387,707,1410,444,832,1184,0,68,602,1256,1533,1329,1407,1187,1076,1338,984,1629,1271,1375,922,598,362,1082,1052,1165,1181,1149,1701,1129,1482,558,668,373,1382,1108,1290,1290,1368,1143,1083,576,461,1079,1150,1105,1132,529,402,1530,1461,1232,813,537,821,1143,886,1143,1031,256,1290,683,1143,1187,881,1110,881,263,1201,844,1360,189,1536,162,854,1060,1116,1447,1120,1264,1059,1191,1182,1032,1413,1341,497,1190,110,540,881,1407,1152,261,861,1114,1290,902,1369,1105,437,1277,1376,569,690,1108,1329,1260,479,576,928,1573,1280,655,1474,473,500,1442,314,347,664,1680,1304,1207,1196,466,1160,172,1143,1345,1300,1190,1003,905,1325,1417,1340,468,500,693,275,650,928,1072,1208,336,495,1545,1143,1076,277,1661,1457,1567,632,336,1467,1334,1443,431,1337,1353,186,1090,1041,1430,662,1649,397,1190,1508,481,1143,1474,1143,1076,1273,1442,1496,1452,1479,392,1124,451,970,492,1016,1438,1497,1246,1006,1286,839,1516,291,1236,1207,1587,1446,536,664,1187,1513,1105,1143,1449,1289,1012,1098,891,1076,276,896,1068,1339,832,1405,1352,444,1158,1407,894,1337,1205,1132
1073,310,1107,729,570,1215,1326,1414,344,1037,1557,1373,576,1069,1639,1507,1020,555,1472,1434,1501,1379,1357,1472,1340,483,720,1492,495,867,1275,165,0,663,1394,1088,1435,1490,1202,1108,1366,1017,1610,1363,1522,967,660,258,1078,1163,1247,1230,1250,1635,1167,1471,750,705,419,1523,1204,1328,1328,1511,1278,1115,604,659,1075,1265,1124,1123,684,454,1513,1497,1271,939,822,865,1278,1003,1278,1084,252,1437,724,1278,1202,1005,1188,921,334,1273,972,1474,276,1767,158,982,1184,1136,1561,1148,1398,1082,1242,1185,1129,1511,1338,559,1179,218,591,922,1385,1232,428,882,1118,1295,929,1366,1123,482,1295,1493,597,730,1205,1273,1349,549,604,979,1787,1255,861,1523,495,540,1525,338,371,682,1647,1394,1210,1215,495,1274,65,1278,1488,1298,1179,1030,964,1287,1535,1370,520,540,643,298,678,975,1175,1198,405,546,1527,1147,1128,350,1719,1553,1566,706,232,1571,1279,1618,501,1367,1493,273,1149,1152,1529,641,1795,449,1180,1500,548,1278,1524,1278,1110,1342,1526,1495,1534,1648,468,1128,515,1016,560,1029,1565,1658,1363,1054,1390,967,1587,280,1366,1208,1568,1442,775,740,1204,1511,1200,1278,1536,1427,995,1138,999,993,296,943,1193,1408,869,1543,1454,495,1197,1386,1018,1367,1209,1175
1307,528,1084,1039,308,1172,1561,1625,676,1083,1026,1597,302,1519,1605,936,1493,982,1005,954,1599,1440,1404,1005,1288,444,1030,1534,859,914,1271,751,530,0,1078,1597,1482,1537,1476,1155,1642,1064,1658,1410,1025,1396,1009,682,1125,609,1294,1422,693,1715,1611,1517,232,931,470,1005,1250,1481,1481,1021,878,1162,802,309,1122,707,1399,1170,82,319,1561,1544,1467,608,489,1040,878,702,878,1140,426,957,893,878,1476,677,615,977,626,718,643,896,482,1265,455,673,1230,1410,1608,1194,981,1128,1285,1231,1174,1558,1384,441,1225,656,982,977,1431,1251,413,928,1164,1341,969,1412,1397,920,1344,1540,861,776,1250,1625,1396,319,802,1025,1340,1301,503,1464,711,633,1572,788,907,778,1693,1441,1256,1489,822,980,579,878,997,1341,1225,1076,1010,1630,1582,1658,866,633,811,511,900,1009,1405,1243,472,1045,1575,1192,1173,545,1767,1590,1609,353,657,1617,1631,1224,271,1641,933,479,1384,616,1575,946,1173,342,1225,1543,314,878,1464,878,1155,1389,1572,1532,1574,1219,516,1173,565,1060,322,1074,1614,1110,829,1493,833,633,1630,556,974,1539,1616,1487,141,344,1476,1556,646,878,1576,1013,554,1548,637,1227,512,987,1238,1548,914,983,1500,859,1446,1431,655,1641,1254,1582
722,1424,1128,1690,1544,1209,976,777,1424,1041,331,818,1538,1354,1357,599,1327,1456,88,564,1574,652,427,88,1328,1447,1681,559,1631,1007,366,1483,1347,1132,0,1634,699,615,910,707,1050,814,1631,618,457,1232,1335,1390,1118,685,806,1374,744,1656,1429,1490,1177,1473,1027,88,965,1434,1434,476,466,833,1447,1243,1115,628,829,1207,1118,1205,1534,1581,880,813,961,1622,466,878,466,1103,1232,561,1569,466,910,880,1422,1014,1332,986,846,549,1298,419,1302,856,1138,840,818,1231,631,1165,325,1259,889,777,1337,1471,1262,1422,1456,1014,1340,497,1260,965,1219,1378,1006,1296,827,1734,1279,755,1507,1262,965,777,419,1302,1447,1062,439,1338,843,469,1427,1342,649,1551,1670,1314,1603,651,1166,919,1595,773,1393,466,660,1316,1262,1113,988,794,864,1064,1682,1342,1385,1392,1653,1046,821,1283,1220,1606,1548,1229,1112,1251,1190,801,1584,1157,1406,836,783,270,1268,1049,487,1295,797,709,809,1433,458,1127,1262,1518,1294,466,469,466,707,409,649,1550,648,310,1222,1210,1145,1094,1306,1111,863,322,552,1327,777,841,837,1304,722,957,1589,1209,1188,1148,910,1497,705,466,651,69,836,1390,833,649,1393,1082,1146,480,1007,487,806,1631,868,1340,614,1049,1282,1426
831,1374,285,1057,1416,198,795,718,1093,664,1521,759,1410,387,831,1658,608,951,1522,1600,755,1381,1315,1522,458,1504,1048,1458,971,781,1343,1430,1404,1304,1448,0,1423,1448,1075,922,1064,827,804,1351,1673,536,835,1026,562,1501,1402,700,1528,769,474,670,1354,964,897,1522,935,728,728,1677,1460,1076,803,1424,565,1615,961,315,1265,1021,710,68,764,1332,1015,1111,1460,1397,1460,621,1289,1603,894,1460,1075,1399,1553,432,1056,1513,1364,1669,1355,1603,1283,1374,400,972,1549,325,1579,295,1401,436,895,1499,501,1343,370,1376,951,432,588,1220,1144,791,349,476,439,537,959,1414,600,1481,862,624,935,718,1307,1356,803,479,1674,448,1149,1489,963,939,1483,1079,1208,717,853,1382,462,1051,948,1806,1525,1460,1719,482,370,625,288,735,1523,1078,1378,939,741,1449,1019,479,713,413,960,1103,722,362,614,1127,747,1544,765,1118,1098,1558,724,1457,1322,1063,1725,1352,970,1549,1516,928,1631,1015,370,680,1348,1460,1489,1460,922,1300,1483,608,1431,1482,1119,343,924,649,1360,312,1552,1490,1536,608,1724,1359,1574,1016,1757,835,762,598,1369,1109,1075,696,1600,1460,1429,1630,1374,425,1389,872,1450,699,408,1366,781,1775,1441,971,922,588,1412,1063,459,461
821,1539,1120,1532,1771,1301,727,643,1536,1149,910,684,1765,1507,955,1184,1413,1419,1053,1035,1182,317,465,1053,1053,1682,1523,559,1350,1087,926,1596,1573,1545,926,1250,0,447,507,595,800,906,1230,142,1051,1316,1298,1499,1133,1232,325,1257,1288,1197,1649,1097,1594,1436,1128,1053,1057,1656,1656,1057,1039,698,1163,1668,1136,1174,431,1049,1506,1255,1136,1662,980,1112,1181,1585,1039,1176,1039,1213,1466,1032,1273,1039,507,1178,1475,1082,1445,1373,1145,1138,1533,745,1545,1155,1130,442,140,1187,1154,1121,793,983,981,82,935,1698,944,1533,1419,1082,930,356,1403,1019,943,1106,1060,894,429,1732,934,259,1221,986,1057,643,457,1530,1163,1116,841,940,1057,662,1531,1446,487,1662,1781,1080,1203,311,889,488,1306,1384,1692,1039,1245,916,944,1200,1038,660,297,814,1698,1446,1108,1627,1369,1100,920,1008,1332,1569,1148,1020,1220,1364,794,102,1192,1368,1518,134,649,848,1496,799,1058,1530,896,1054,333,1396,874,1248,944,1108,1522,1039,662,1039,595,578,487,1178,615,882,1335,1245,1179,1202,1535,1004,284,893,1116,1413,1301,1140,472,1416,1334,679,1188,806,1593,1359,507,1068,1249,1039,457,959,1385,1537,1134,746,1628,1015,1138,584,1087,1058,259,1350,659,930,959,799,1006,1571
805,1554,1233,1547,1867,1407,725,648,1544,1137,656,689,1861,1600,1228,924,1422,1434,777,762,1440,559,217,777,1159,1768,1538,77,1787,1075,669,1604,1649,1538,649,1357,608,0,788,578,904,890,1495,517,778,1316,1313,1514,1246,964,688,1531,949,1520,1474,1362,1580,1444,1143,777,1043,1472,1472,801,765,736,1141,1661,1249,907,703,1155,1499,1263,1395,1648,964,1098,1270,1593,765,1162,765,1201,1560,759,1245,765,788,1164,1194,1069,1460,1088,1131,864,1626,456,1628,1141,1236,714,728,1294,880,1228,448,1096,967,684,1208,1794,1275,1541,1434,1069,1200,395,1418,1006,1056,1319,1047,1167,701,1740,1114,393,1193,964,1043,648,223,1620,1141,1103,557,1212,1147,372,1547,1462,92,1678,1797,1058,1468,553,996,793,1278,954,1701,765,778,1189,1275,1313,1026,665,486,918,1713,1462,1086,1720,1639,1087,904,1121,1353,1577,1414,1126,1208,1372,1063,427,1457,1451,1528,743,654,593,1586,903,763,1623,880,998,201,1411,592,1264,1291,1391,1612,765,372,765,578,199,92,1428,106,559,1357,1358,1196,1190,1613,1110,496,559,845,1422,900,1126,174,1437,904,832,1452,1079,1586,1449,788,1358,916,765,113,682,1116,1629,1120,730,1721,1003,1244,91,1075,745,268,1787,812,1200,903,903,1112,1663
659,1494,974,1233,1792,1103,568,501,1300,976,1113,553,1786,1321,823,1159,1165,1078,1318,1101,1047,744,704,1318,922,1702,1224,772,1175,926,883,1552,1588,1498,1192,1053,791,833,0,679,685,746,1095,712,1172,1078,1062,1236,987,1120,761,1126,1207,1059,1405,962,1546,1125,1086,1318,897,1523,1523,1178,962,531,988,1620,990,1094,294,925,1459,1210,1001,1461,755,1113,1202,1234,962,1177,962,1030,1486,1104,1096,962,180,1179,1981,884,1401,1732,1146,1170,1553,1197,1501,1156,984,305,910,989,1074,923,985,862,821,869,803,1719,811,1489,1078,884,814,554,1359,854,819,967,891,762,292,1635,802,817,1046,812,897,501,696,1551,988,933,1260,805,1153,1078,1168,1135,822,1286,1415,906,1068,743,768,220,1131,1308,1648,962,1216,784,811,1054,877,522,857,699,1403,1135,931,1647,1208,933,758,881,1109,1205,1013,1065,1039,1320,678,893,1057,1299,1324,928,509,1048,1517,684,1221,1550,734,1055,874,1140,1226,1204,811,970,1543,962,1078,962,679,809,822,1015,789,1077,1268,1046,1108,1029,1551,1015,884,1087,1036,1165,1220,1141,932,1222,1258,551,1053,691,1555,1290,180,954,1168,962,792,1138,1272,1357,1135,581,1648,855,992,798,926,1272,799,1175,527,814,960,684,885,1393
395,1214,795,971,1337,887,328,221,1070,704,876,274,1331,1151,965,884,964,908,860,841,1193,723,689,860,748,1393,962,804,896,676,621,1273,1292,1231,919,878,770,818,453,0,411,480,1241,691,914,881,792,949,801,790,740,1268,972,1208,1225,1108,1277,813,828,860,770,1026,1026,918,697,225,728,1347,804,856,311,752,1192,955,1147,1240,425,862,918,971,697,927,697,751,1178,844,819,697,453,930,1478,656,981,1420,895,910,1243,962,1210,905,805,322,889,816,809,750,759,689,621,848,945,1265,807,1207,908,656,939,576,1071,626,646,887,663,904,309,1363,712,800,787,549,770,221,681,1247,728,764,976,888,856,832,887,864,807,984,1117,642,1214,722,589,401,873,1040,1368,697,945,927,807,864,635,243,841,413,1101,864,666,1337,930,703,480,708,881,944,1159,893,752,1039,802,872,1203,1046,1021,907,229,814,1213,410,952,1240,432,803,858,885,994,949,807,1119,1239,697,832,697,180,670,807,1188,767,848,1031,874,850,757,1251,843,868,860,774,964,954,890,912,941,990,261,1199,814,1295,1037,453,1077,932,697,770,857,941,1189,882,315,1338,745,813,818,676,1002,783,896,250,939,708,410,712,1225
388,1270,603,1142,1399,693,107,43,1253,629,848,90,1393,935,802,1001,1175,993,992,954,1026,763,664,992,565,1564,1133,776,1089,825,796,1329,1392,1376,864,685,810,793,487,255,0,659,1074,731,988,1088,975,1187,609,900,778,1101,1078,1038,1013,941,1424,1035,880,992,695,1267,1267,993,810,416,901,1494,612,965,476,558,1337,1004,980,849,422,967,1009,1144,810,1031,810,665,1338,957,1011,810,487,1033,1708,693,1178,1557,1000,1023,1415,934,1266,1010,613,487,929,623,926,557,733,500,546,888,782,1326,613,1268,993,693,857,573,1127,857,454,696,694,741,474,1411,529,833,960,722,695,43,656,1350,901,678,948,696,885,805,1122,1041,782,1240,1369,816,1087,762,397,566,1045,1159,1424,810,1062,763,613,672,820,71,874,1,1357,1042,839,1509,1122,679,405,520,1061,1248,992,699,653,1097,722,916,1036,1130,1274,947,203,786,1316,1,999,1412,508,908,891,1063,966,998,613,949,1342,810,805,810,255,646,782,860,826,820,1068,680,936,682,1354,649,901,832,887,1175,1072,995,949,1176,1109,112,1032,734,1441,1121,487,997,1038,810,829,897,1052,978,988,492,1510,670,621,790,825,999,816,1089,115,857,813,1,523,1015
395,1367,446,1041,1412,765,622,727,1142,435,1044,655,1406,1102,911,996,1043,979,968,949,1138,951,881,968,700,1499,1032,1010,967,305,729,1423,1399,1300,1023,830,995,1013,775,673,695,0,1186,921,1021,956,937,1075,436,965,882,1213,1073,1147,1174,1053,1350,884,893,968,181,1195,1195,1026,805,679,799,1420,433,960,686,703,1261,1017,1092,777,325,966,1011,1042,805,1030,805,485,1285,952,890,805,775,1032,1523,511,1104,1375,999,1018,1350,1405,1279,1009,456,697,1122,767,921,701,797,532,105,1070,891,1339,758,1369,979,511,969,796,1140,585,617,840,512,850,684,1440,653,1056,858,620,181,727,873,1352,799,339,1435,837,1145,1040,1010,935,1001,1127,1256,713,1159,952,558,776,944,1154,1518,805,1057,872,758,835,558,684,1098,709,1244,935,737,1444,1010,341,275,660,953,1042,1104,499,430,1120,1075,1064,1148,1114,1147,1129,733,1255,1318,694,1067,1347,484,907,1078,948,1191,1011,758,1058,1344,805,1040,805,673,864,1001,1055,1017,1284,1112,825,920,308,1356,667,1127,1291,882,1043,1067,994,1132,1064,1104,602,1144,887,1365,1105,775,1095,1033,805,1005,978,1117,1145,987,72,1445,265,464,1024,305,1117,1003,967,508,969,812,694,555,1181
1203,1836,856,1585,2117,775,1159,1064,1759,1114,1795,1127,2111,1043,818,1862,1020,1438,1795,1809,332,1394,1338,1795,575,2023,1576,1406,1532,1176,1552,1861,1925,1876,1822,769,1436,1471,1088,1175,1302,1309,0,1364,1876,933,1428,1697,946,1716,1415,665,1951,76,973,117,1934,1477,1435,1795,1367,980,980,1884,1670,1182,1343,2024,949,1834,973,566,1838,1562,264,934,1219,1883,1567,1586,1670,1952,1670,1014,1809,1810,1457,1670,1088,1954,2092,908,1737,1938,1913,1876,1879,1878,1948,1923,845,984,1562,607,1786,642,1674,704,1291,1512,406,2045,464,1799,1439,908,257,1234,1614,1280,776,444,915,442,971,1957,568,1494,1403,1158,1367,1064,1330,1879,1343,960,1951,389,1626,1765,1630,1493,1506,1761,1890,1251,93,1395,729,1063,1491,2014,1954,1670,1923,254,464,1013,903,1089,1536,1304,1922,1493,1281,1974,1569,960,1211,611,1572,1699,74,807,1016,1683,662,1554,342,1674,1789,1572,1074,1731,1845,1302,1924,1877,1324,1734,1530,1538,1907,1555,467,149,1871,1671,1766,1671,1176,1421,1507,531,1447,1760,1662,788,1466,1099,1884,757,1566,1771,1746,1020,1933,1908,1586,1682,1966,1153,64,503,2099,1665,1089,321,1913,1671,1446,1854,1867,991,1942,1309,1976,1219,853,1432,1176,1972,1455,1533,1133,257,1634,1302,727,993
810,1513,1103,1517,1756,1263,716,629,1510,1137,953,670,1750,1472,940,1227,1401,1404,1094,1079,1167,101,518,1094,1039,1667,1508,598,1325,1072,964,1570,1567,1530,967,1213,148,670,507,580,789,893,1215,0,1095,1304,1283,1473,1116,1026,268,1242,1337,1182,1634,1082,1579,1421,1102,1094,1043,1641,1641,1100,1080,684,1139,1653,1119,1218,416,1035,1491,1227,1121,1647,969,1097,1166,1570,1080,1161,1080,1202,1451,1076,1249,1080,507,1163,1879,1068,1419,1560,1130,1181,1518,1036,1519,1140,1113,427,269,1149,1199,1083,831,969,967,218,920,1683,929,1507,1404,1068,919,409,1377,1005,926,1091,1046,879,414,1717,919,287,1197,962,1043,629,510,1515,1139,1102,1025,925,1042,844,1505,1420,659,1636,1755,1056,1188,95,875,510,1282,1426,1666,1080,1288,901,929,1183,1024,646,329,803,1683,1420,1084,1612,1345,1086,909,994,1306,1554,1133,1003,1209,1338,782,149,1177,1353,1490,68,635,889,1481,788,1101,1515,885,1039,384,1381,1071,1220,929,1093,1507,1080,844,1080,580,628,659,1163,657,923,1309,1206,1153,1191,1520,987,327,933,1157,1402,1343,1125,657,1390,1376,669,1173,794,1578,1344,507,1057,1298,1080,660,1000,1178,1508,1119,735,1613,1001,1121,620,1073,1101,309,1326,649,919,944,788,992,1544
803,1456,1256,1715,1576,1349,1097,1144,1453,1169,170,1132,1570,1507,1516,335,1478,1588,307,88,1737,865,654,307,1447,1478,1706,776,1656,1125,514,1514,1378,1131,262,1785,906,896,1041,942,1180,924,1796,836,0,1381,1465,1419,1246,477,934,1487,574,1757,1537,1655,1176,1601,1052,307,1075,1552,1552,108,299,949,1472,1242,1243,331,957,1443,1117,1238,1699,1732,999,839,993,1715,299,904,299,1232,1264,91,1594,299,1041,906,1234,1150,1363,1093,872,153,1329,634,1332,882,1266,968,1033,1371,352,1305,458,1379,999,984,1496,1503,1556,1452,1588,1150,1492,728,1291,1087,1339,1600,1128,1455,955,1783,1401,1019,1532,1287,1075,1144,646,1334,1472,1184,552,1488,869,682,1469,1384,772,1600,1719,1339,1769,867,1284,1047,1620,594,1424,299,396,1475,1556,1258,1097,1168,1110,1182,1731,1384,1410,1423,1678,1168,940,1402,1249,1736,1713,1369,1240,1282,1342,1038,1747,1101,1435,1043,1149,497,1300,1179,319,1326,915,595,979,1565,342,1159,1401,1668,1326,299,682,299,942,631,772,1695,816,382,1253,1350,1171,1222,1338,1251,1127,257,256,1478,503,867,1100,1333,540,1000,1754,1362,1112,1040,1041,1679,531,299,811,193,651,1546,920,882,1424,1142,1195,715,1101,320,1035,1712,989,1596,658,1168,1379,1570
1209,1704,717,1047,1845,626,1190,1125,1517,1138,1882,1159,1839,244,1178,1824,343,905,1936,1758,875,1654,1701,1936,880,1862,1038,1845,1231,1135,1521,1595,1579,1753,1817,507,1697,1831,1476,1323,1478,1283,1122,1625,1839,0,763,1517,914,1664,1664,573,1868,1040,453,974,1888,922,1410,1936,1341,550,550,1839,1626,1375,1012,2033,917,1741,1367,731,1815,1550,1023,673,1251,1371,1538,1067,1626,1435,1626,988,1853,1761,1210,1626,1476,1437,2163,907,1608,1917,1404,1830,1827,1931,1756,1413,813,1378,1829,746,1741,715,1548,845,1265,1773,919,1769,786,1644,905,907,981,1481,1556,1099,756,863,914,952,1365,1254,982,1722,1040,942,1342,1126,1633,1731,1012,959,1959,855,1407,1913,1410,1320,1820,1360,1455,1134,1017,1657,870,1463,1091,1962,1763,1626,1885,867,787,982,788,1140,1764,1481,1240,1320,1110,1717,1111,959,1190,842,1312,977,1037,776,985,1477,1341,1730,884,1598,1686,1832,1131,1778,1683,1478,1896,1824,1332,1634,1797,882,1970,1546,787,990,1723,1626,1913,1626,1324,1706,1807,1092,1709,1866,1469,757,1431,1123,1729,726,1776,1819,1697,343,1885,1399,1894,1441,1915,1225,1079,1009,1818,1589,1477,1096,1840,1626,1711,1801,1747,273,1398,1323,1715,1173,822,1858,1135,1944,1718,1231,1298,982,1450,1478,869,305
1066,915,1080,342,1067,1025,1287,1300,816,1070,1456,1265,1061,842,1603,1392,840,197,1510,1338,1325,1329,1291,1510,1286,1205,333,1361,576,888,1208,884,875,1166,1387,934,1371,1421,1230,1133,1376,1050,1388,1301,1435,761,0,754,1156,1155,1187,980,1349,1359,927,1248,1100,214,881,1510,1190,1024,1024,1419,1188,1140,310,1133,1153,1243,1141,1128,1031,924,1292,968,1200,862,852,354,1188,926,1188,1116,1121,1341,476,1188,1230,928,1384,955,824,1360,895,1410,1093,1588,1024,904,1208,1152,1497,1143,1304,1112,1125,1256,1114,1447,1350,991,1168,933,197,955,1380,1179,815,898,1156,1145,935,1378,1139,526,1285,1418,335,748,1190,1300,1283,953,310,1000,1622,1253,909,1512,931,624,1456,630,715,485,1351,1333,1280,1236,376,1385,1030,1188,1453,1069,1168,1069,988,1314,1461,1378,510,624,421,1002,399,987,1139,1242,615,310,1305,1170,1150,767,1643,1499,1335,988,837,1506,1305,1437,905,1375,1461,1090,1161,1128,1472,174,1569,921,1171,1274,945,1188,1512,1188,1133,1294,1456,1489,1467,1459,755,1151,787,1047,957,1071,1471,1468,1264,840,1445,890,1571,741,1476,1260,1346,1443,1127,979,1230,1292,1317,1188,1469,1369,1234,871,889,1147,1000,974,1216,1360,888,1510,1393,576,1228,1377,941,1375,1279,905
935,368,956,402,653,1045,1145,1156,80,1050,1461,1186,647,975,1358,1398,948,356,1516,1344,1474,1335,1297,1516,1172,612,393,1367,288,753,1214,257,321,826,1393,1364,1377,1427,1091,1000,1234,915,1539,1307,1441,867,577,0,997,1189,1193,1124,1327,1602,1033,1396,761,345,559,1516,1050,1275,1275,1425,1194,1007,293,780,994,1278,1001,1053,694,609,1441,1311,1163,963,677,493,1194,1026,1194,980,444,1347,353,1194,1091,1028,1201,825,188,1296,997,1416,419,1594,347,1006,1094,1012,1503,1086,1310,1020,1131,982,974,1453,1275,668,1109,323,356,825,1305,1185,410,776,1038,1219,832,1303,999,298,1090,1424,318,628,1050,1156,1289,638,293,874,1628,1178,877,1518,137,265,1462,162,281,461,1580,1339,1006,1096,245,1335,355,1194,1459,1219,1109,946,844,1170,1467,1238,255,265,389,509,315,874,1008,1128,292,474,1455,1056,1264,427,1537,1433,1484,803,74,1512,1161,1443,590,1235,1467,416,1030,1162,1478,376,1575,603,1109,1425,637,1194,1518,1194,1000,1300,1462,1428,1473,1465,432,1037,606,1035,649,947,1477,1474,1387,948,1480,992,1575,181,1427,1120,1497,1319,783,794,1091,1419,1295,1194,1475,1375,1061,1018,990,1016,510,834,1102,1366,753,1516,1399,288,1095,1305,1041,1235,1005,1055
373,1114,42,903,1382,376,619,760,977,164,1221,652,1376,741,867,1152,920,870,1280,1084,812,958,907,1280,506,1327,894,977,830,239,896,1177,1253,1127,1157,426,1002,1038,1014,811,692,316,879,930,1165,841,812,911,0,1108,1014,889,1185,842,827,735,1176,791,755,1280,428,1050,1050,1165,948,817,674,1244,3,1080,707,386,1101,894,782,373,276,1116,835,892,948,1179,948,81,1114,1087,781,948,1014,1181,1229,109,1032,1001,1150,1156,1216,1531,1182,1159,52,718,1129,419,1062,353,922,445,343,1077,578,1306,442,1088,870,109,635,809,1037,273,379,548,110,616,705,1124,663,1053,734,462,428,760,899,1165,674,94,1569,508,890,1118,868,769,1026,951,1084,543,841,962,471,802,821,1286,1272,948,1213,551,442,46,270,681,1096,706,1084,769,588,1306,901,95,221,462,831,869,796,95,26,987,1006,1065,822,970,993,1136,766,1400,1131,691,1227,1213,423,1042,1095,806,1532,891,442,757,1157,948,1118,948,811,907,1026,687,1027,1422,971,139,770,149,1169,278,1110,1429,1022,920,1206,1145,1206,903,1237,500,837,661,1172,961,1014,749,1151,948,1015,1137,1283,770,1143,392,1307,199,60,975,239,1277,1016,830,489,635,946,691,468,804
707,1113,1073,1424,820,1301,989,1130,1228,992,572,1023,814,1342,1361,443,1334,1300,491,379,1571,970,800,491,1325,1157,1415,870,1271,1014,621,1176,1079,615,441,1621,1014,931,923,827,1063,805,1641,942,462,1233,1204,1099,1063,0,826,1389,178,1606,1427,1494,668,1312,755,491,950,1650,1650,460,319,833,1190,736,1060,155,833,1306,576,873,1542,1568,840,353,668,1413,319,296,319,1051,947,382,1318,319,923,314,816,1102,1031,589,391,451,1049,835,1034,422,1083,844,1141,1341,362,1275,642,1076,878,1089,1339,1139,1361,1087,1300,1102,1312,872,964,1032,1165,1473,1069,1293,831,1411,1284,1154,1249,994,950,1130,792,998,1190,1134,850,1315,556,831,1120,1015,919,1238,1367,1036,1602,974,1169,928,1337,452,1128,319,504,1316,1361,1203,974,1052,1108,1077,1371,1015,1110,1041,1421,1121,778,1281,929,1420,1557,1311,1057,950,1171,1077,1581,599,1105,1148,1135,687,964,1062,521,1046,802,328,1145,1326,737,798,1361,1521,990,319,831,319,827,796,919,1541,986,715,928,1292,860,1045,1002,1203,1122,648,249,1334,386,379,1256,1013,543,870,1599,1182,652,590,923,1471,237,319,974,501,101,1378,385,786,1042,1042,1091,864,1014,573,1028,1271,859,1312,267,1062,1099,1414
950,1488,1258,1495,1788,1386,837,653,1487,1243,1042,694,1782,1341,1104,1343,1333,1348,1147,1197,1317,265,631,1147,1166,1715,1486,702,1672,1013,1061,1543,1628,1572,1023,1358,313,759,672,570,938,1044,1381,455,1213,1232,1203,1450,1271,1019,0,1420,1223,1351,1828,1241,1628,1367,1086,1147,1193,1763,1763,1216,1159,728,1511,1703,1274,1307,575,1163,1544,1222,1285,1568,1085,1105,1206,1513,1159,1168,1159,1305,1509,1194,1650,1159,672,1170,1916,1101,1398,1709,1139,1318,1611,1133,1497,1148,1268,586,313,1302,1279,1236,934,1099,1122,390,1082,1712,1035,1458,1348,1101,1054,520,1350,1031,1081,1307,1068,1036,573,1644,1028,618,1488,1305,1193,653,623,1563,1511,1319,1152,1060,1061,970,1523,1418,748,1656,1775,1346,1344,686,1008,655,1537,1500,1638,1159,1404,1061,1035,1338,1267,670,657,952,1632,1418,1425,1701,1557,1319,1023,1122,1283,1419,1298,1158,1311,1317,922,433,1327,1360,1466,449,659,978,1529,937,1182,1608,1045,1047,687,1325,1109,1219,1035,1266,1555,1159,970,1159,570,738,748,1312,719,1007,1288,1357,1123,1295,1561,1142,629,1018,1239,1333,1420,1136,795,1367,1451,820,1339,931,1601,1351,672,1192,1384,1160,723,1057,1196,1377,1134,1031,1702,1292,1276,726,1013,1183,608,1672,798,1054,951,937,1122,1413
1198,1862,915,1604,2128,780,1196,1131,1700,1098,1781,1165,2122,658,872,1921,1048,1691,1918,1866,374,1428,1390,1918,608,2065,1595,1459,1557,1153,1622,1885,1946,1884,1798,760,1470,1520,1104,1217,1322,1286,647,1400,1929,827,1552,1641,917,1751,1455,0,2006,672,645,488,1951,1708,1460,1918,1344,597,597,1948,1725,1224,1379,2041,920,1895,995,599,1849,1602,544,933,1211,1875,1584,1595,1725,1943,1725,991,1854,1869,1518,1725,1104,1945,2186,1008,1765,1940,1905,1938,1956,1870,1972,1914,828,1006,1596,634,1837,638,1665,722,1268,1546,865,2055,496,1801,1691,1008,741,1256,1657,1183,786,471,1015,804,993,1901,588,1531,1440,1176,1344,1131,1382,1915,1379,1060,1898,847,1599,1789,1596,1505,1555,1729,1858,1255,610,1432,746,1090,1529,2061,1978,1725,1982,374,496,984,928,1145,1573,1324,1888,1505,1293,2046,1613,1060,1208,645,1506,1754,561,790,987,1708,947,1598,384,1716,1743,1605,1136,1717,1881,1321,1990,1953,1321,1778,1571,1668,1849,1598,499,505,1907,1725,1789,1725,1217,1506,1555,1050,1488,1744,1674,771,1504,1083,1920,740,1584,1756,1798,1046,1981,1900,1662,1628,2011,1230,605,742,2098,1707,1104,806,1972,1725,1490,1831,1926,608,1902,1312,2047,1194,836,1483,1153,1929,1492,1558,1152,741,1678,1321,745,610
1019,1267,1406,1622,1018,1492,1318,1440,1333,1311,431,1218,1012,1527,1889,382,1517,1521,634,407,1912,1287,1019,634,1647,1353,1613,1091,1575,1219,945,1388,1280,690,584,1822,1329,1116,1246,1141,1408,1116,1973,1259,490,1419,1366,1299,1386,328,1145,1690,0,1936,1617,1834,878,1511,943,634,1267,1721,1721,344,550,1148,1396,946,1383,189,1159,1495,795,1078,1876,1769,1153,557,862,1612,550,502,550,1373,1140,410,1535,550,1246,520,943,1300,1243,677,593,307,1242,940,1228,624,1406,1170,1455,1531,384,1466,779,1586,1196,1405,1701,1333,1549,1303,1521,1300,1741,1091,1158,1230,1563,1617,1267,1816,1157,1780,1603,1263,1457,1193,1267,1440,1011,1192,1396,1332,844,1614,750,943,1393,1287,1140,1521,1640,1233,2014,1291,1493,1254,1546,306,1326,550,443,1654,1549,1400,1340,1457,1356,1410,1668,1287,1310,1256,1626,1319,1092,1603,1129,1568,1890,1501,1380,1162,1686,1460,1922,810,1314,1464,1446,769,1158,1407,394,1239,1114,411,1354,1498,619,1003,1549,1851,1184,550,943,550,1141,1015,1140,1818,1198,655,1133,1482,1050,1364,1196,1394,1369,508,330,1517,273,582,1364,1213,396,1188,1931,1690,850,801,1246,1947,115,550,1200,500,246,1556,587,1100,1257,1361,1414,1083,1219,446,1350,1575,1177,1741,473,1407,1609,1590
1119,1724,760,1475,2044,704,1141,1065,1570,1029,1695,1110,2038,885,755,1814,978,1356,1833,1752,256,1322,1268,1833,520,1982,1466,1338,1430,1046,1515,1749,1811,1725,1713,684,1364,1398,1024,1110,1240,1179,33,1294,1832,1093,1398,1510,823,1643,1347,591,1896,0,884,88,1781,1363,1329,1833,1237,824,824,1863,1620,1117,1242,1849,826,1787,915,511,1692,1469,177,855,1104,1713,1454,1464,1620,1780,1620,884,1768,1755,1374,1620,1024,1782,2077,924,1628,1830,1745,1824,1870,1785,1836,1754,748,926,1490,536,1730,560,1580,632,1161,1440,345,1968,401,1663,1356,924,217,1172,1617,1076,691,376,931,381,913,1766,493,1412,1303,1045,1237,1065,1260,1819,1242,976,1813,323,1468,1705,1462,1374,1433,1595,1714,1126,11,1326,656,1010,1392,1951,1842,1620,1875,178,401,883,851,1090,1454,1242,1754,1374,1162,1960,1478,976,1129,558,1367,1600,52,710,890,1571,558,1420,266,1555,1609,1499,1074,1632,1785,1239,1888,1867,1241,1669,1465,1378,1765,1465,404,73,1811,1620,1705,1620,1110,1380,1433,506,1383,1659,1532,691,1351,976,1817,660,1464,1670,1691,978,1874,1742,1561,1494,1904,1093,73,430,1749,1546,1024,282,1862,1620,1381,1746,1816,835,1743,1233,1961,1087,756,1361,1046,1842,1386,1430,1071,217,1569,1239,655,837
1352,1841,869,1171,1987,765,1322,1259,1644,1307,1990,1293,1981,222,1317,2192,697,1029,2127,2156,920,2028,1791,2127,1030,2114,1162,1930,1354,1348,1902,1727,1711,1963,2003,666,2071,1922,1624,1464,1601,1481,995,2000,2253,523,887,1564,1117,1853,2015,618,2064,1031,0,1019,2031,1046,1587,2127,1539,706,706,2237,2004,1616,1136,2064,1120,1935,1518,872,1956,1728,913,818,1422,1565,1658,1191,2004,1631,2004,1190,1984,2159,1334,2004,1624,1633,2138,1068,1744,2120,1597,2228,1956,2080,1887,1606,952,1529,2191,885,2110,854,1881,989,1463,2146,1095,1911,928,1776,1029,1068,1124,1864,1698,1328,898,955,1075,1123,1516,1387,1049,2103,1164,1131,1539,1259,1783,1873,1136,1122,2110,997,1599,2000,1536,1447,1910,1485,1591,1277,1009,2032,1013,1613,1215,2085,1893,2004,2255,913,928,1184,933,1273,2202,1616,1373,1447,1235,1851,1235,1122,1358,986,1444,1099,901,914,1187,1614,1497,2207,930,1790,1663,2205,1264,1926,1825,1600,2267,1953,1475,1827,2117,1006,2059,1724,928,1036,1873,2004,2000,2004,1464,1793,1910,1250,1961,1956,1612,895,1596,1292,1886,864,2196,1969,2078,697,2255,1592,2200,1568,2286,1356,1006,1277,1955,1781,1624,1206,2035,2004,1960,2036,1942,193,1592,1466,1849,1342,960,1944,1348,2316,2098,1354,1367,1124,1646,1597,1012,128
1185,1849,900,1592,2119,769,1183,1118,1692,1114,1766,1152,2113,863,858,1878,940,1483,1903,1816,180,1390,1343,1903,593,2056,1584,1413,1546,1131,1580,1874,1935,1876,1783,755,1432,1473,1091,1178,1309,1264,210,1362,1896,1053,1363,1632,902,1710,1412,557,1924,141,875,0,1939,1482,1448,1903,1322,802,802,1933,1685,1185,1367,2029,905,1813,982,584,1850,1590,107,926,1189,1863,1572,1583,1685,1931,1685,969,1842,1819,1506,1685,1091,1933,2164,996,1753,1918,1893,1888,1944,1855,1960,1902,817,993,1558,622,1793,631,1650,707,1246,1508,451,2043,481,1789,1483,996,323,1218,1645,1161,771,456,1003,487,980,1709,573,1487,1428,1164,1322,1118,1335,1903,1367,1048,1883,429,1586,1774,1584,1493,1508,1717,1842,1243,187,1394,731,1077,1517,2015,1966,1685,1939,217,481,962,916,1132,1529,1311,1697,1493,1281,2034,1605,1048,1195,630,1494,1565,124,779,965,1696,684,1560,96,1704,1731,1567,1123,1702,1869,1308,1946,1941,1308,1737,1533,1500,1834,1586,484,17,1895,1685,1774,1685,1178,1459,1508,612,1446,1729,1662,760,1492,1061,1908,729,1540,1741,1753,940,1937,1888,1624,1616,1967,1217,168,536,1924,1695,1091,388,1890,1685,1448,1816,1885,813,1890,1299,2035,1172,825,1436,1131,1914,1454,1546,1139,323,1637,1308,730,815
1382,531,1102,1058,154,1190,1668,1800,748,1063,1060,1590,148,1540,1641,991,1530,1005,1253,991,1617,1542,1510,1253,1317,359,1049,1653,901,896,1329,590,524,206,1149,1507,1585,1640,1583,1511,1746,1058,1687,1513,1072,1439,1026,668,1143,674,1394,1404,734,1743,1630,1540,0,948,452,1253,1199,1449,1449,953,1019,1516,809,52,1140,758,1493,1196,65,318,1588,1454,1516,688,624,1049,1019,752,1019,1139,440,994,916,1019,1583,754,700,979,602,800,742,916,492,1543,531,773,1239,1504,1713,1231,992,1165,1332,1293,1123,1661,1415,442,1251,648,1005,979,1446,1369,416,920,1193,1360,957,1445,1491,1056,1363,1609,869,781,1199,1803,1502,321,809,1022,1312,1319,499,1424,749,653,1675,826,954,776,1721,1545,1317,1588,956,938,580,1019,1052,1362,1251,1091,983,1735,1651,1760,917,653,827,491,933,1009,1451,1273,471,1025,1603,1201,1188,521,1865,1616,1627,443,628,1720,1810,1392,273,1745,981,489,1478,670,1684,963,1219,341,1251,1568,313,1019,1424,1019,1511,1513,1675,1542,1672,1282,492,1182,551,1040,319,1092,1663,1133,894,1530,882,716,1775,555,1014,1649,1645,1504,209,434,1583,1560,706,1019,1674,1118,612,1569,736,1463,492,967,1247,1580,896,1030,1605,902,1541,1446,754,1745,1316,1603
913,823,934,189,913,841,1126,1229,456,1027,1369,1167,907,648,1337,1300,637,32,1433,1245,1123,1248,1177,1433,1150,1051,180,1250,255,732,1128,668,730,1008,1310,742,1290,1310,1071,979,1215,894,1197,1220,1342,561,186,399,975,1074,1106,797,1262,1144,753,1049,940,0,725,1433,1027,837,837,1326,1095,986,116,973,972,1159,980,1031,868,768,1098,795,1140,781,712,115,1095,845,1095,957,851,1248,229,1095,1071,847,1237,804,731,1278,814,1317,821,1470,754,823,1072,991,1416,961,1211,998,1044,959,951,1366,1253,837,936,495,32,804,1283,1098,661,754,1016,913,811,1281,978,507,1044,1335,85,597,1027,1229,1169,799,116,853,1513,1156,759,1400,520,466,1345,406,503,332,1159,1252,983,1075,152,1371,759,1095,1361,867,936,924,822,1243,1378,1217,466,466,267,910,82,853,986,1106,459,66,1113,1034,1241,674,1409,1418,1133,837,483,1425,1234,1319,751,1214,1372,818,1008,1047,1389,32,1448,765,939,1059,791,1095,1400,1095,979,1179,1345,1406,1355,1341,599,1015,647,1012,797,925,1388,1349,1171,637,1353,809,1497,555,1384,1099,1155,1202,876,828,1071,1065,1230,1095,1353,1275,1147,677,808,994,911,811,1080,1247,732,1421,1310,255,1074,1283,860,1214,982,711
714,408,725,829,538,812,909,949,495,813,1099,943,532,1145,1128,1046,1134,807,1174,981,1235,1002,900,1174,928,694,820,970,677,522,886,440,502,522,1051,1137,1046,1031,864,779,983,684,1308,974,1062,1050,750,415,765,771,863,970,894,1269,1036,1161,576,717,0,1174,823,1012,1012,1062,846,785,609,644,762,857,774,818,522,399,1212,1084,921,532,212,818,846,600,846,744,491,984,718,846,864,602,755,595,305,857,562,1053,590,1192,431,571,860,785,1173,852,958,786,807,744,747,1121,1039,462,874,367,807,595,1068,854,286,544,804,949,581,1071,772,721,857,1098,672,391,823,949,892,540,609,643,1216,941,308,1115,519,411,1019,591,710,431,1343,1006,768,869,759,884,532,846,1107,979,874,715,610,972,1141,997,682,411,515,680,839,643,785,888,233,806,1225,822,759,248,1108,1176,1245,340,373,1180,958,1039,506,982,1122,587,809,744,1140,732,1168,396,874,1184,532,846,1115,846,779,902,1019,1203,1121,1066,226,803,143,684,544,714,1155,1077,918,1134,1102,557,1249,333,975,890,1266,1086,503,331,864,1182,863,846,1113,1029,617,1181,559,793,681,609,868,970,522,1170,1061,677,865,1068,615,982,767,1217
696,1441,1062,1570,1561,1238,978,823,1441,981,333,864,1555,1304,1350,597,1295,1416,180,632,1561,690,460,180,1314,1502,1561,599,1677,994,400,1496,1429,1127,68,1557,738,603,913,817,1052,792,1631,660,464,1195,1271,1404,1052,681,816,1364,768,1596,1419,1484,1177,1440,1040,0,937,1412,1412,483,490,824,1498,1245,1049,659,822,1244,1104,1234,1532,1504,829,797,986,1589,490,861,490,1040,1290,629,1637,490,913,863,1584,1028,1351,1051,830,558,1391,477,1378,839,1072,833,856,1279,615,1213,341,1065,864,815,1328,1485,1299,1411,1416,1028,1302,530,1308,969,1154,1411,1006,1282,820,1676,1274,781,1559,1289,936,823,452,1344,1498,1053,508,1305,847,492,1507,1402,591,1640,1759,1330,1592,692,1158,917,1648,836,1475,490,658,1306,1299,1140,963,840,890,1066,1786,1402,1414,1481,1728,1054,767,1270,1237,1466,1547,1249,1046,1270,1160,858,1571,1146,1419,874,829,256,1310,1051,487,1388,791,714,814,1374,467,1156,1299,1511,1336,490,492,490,817,460,591,1530,658,221,1241,1230,1147,1034,1348,1140,889,370,570,1295,758,825,884,1321,788,859,1589,1172,1178,1137,913,1467,734,490,661,65,856,1340,861,775,1482,1031,1080,531,994,487,844,1677,848,1302,618,1051,1088,1376
427,1403,491,1082,1507,811,653,677,1139,413,931,686,1501,1154,953,880,1064,953,866,826,1166,790,768,866,743,1629,1073,838,1019,149,637,1456,1519,1319,881,865,832,899,625,517,726,308,1242,762,909,978,943,1075,481,867,810,1270,960,1193,1236,1092,1374,972,938,866,0,1198,1198,907,688,522,854,1446,478,853,525,747,1280,1074,1143,812,616,853,1045,1073,688,917,688,691,1441,829,971,688,625,928,1628,395,1103,1500,884,898,1525,1275,1341,897,531,537,952,797,800,731,669,559,277,1017,930,1430,834,1375,915,301,1023,617,1191,559,650,901,302,884,524,1324,695,853,882,648,0,656,750,1401,826,276,1356,905,860,981,1015,925,965,1136,1265,745,1206,905,584,621,969,992,1529,662,892,918,834,854,584,720,897,733,1261,925,777,1563,1069,278,496,715,981,1152,1166,574,505,1131,868,857,1184,1192,1148,1076,662,1133,1373,730,930,1477,513,813,933,985,1078,1096,834,1136,1396,662,981,662,521,678,965,1169,833,1123,1123,887,983,401,1412,740,939,1002,727,1081,907,888,1031,1048,940,634,1208,908,1294,1183,617,1207,872,662,835,859,1023,1178,916,353,1568,326,539,745,149,978,854,1002,625,1023,719,730,582,1214
1242,1701,728,1027,1852,634,1201,1135,1517,1135,1848,1169,1846,87,1154,1822,670,934,1698,1765,879,1794,1695,1698,882,1845,1018,1853,1209,1169,1528,1552,1550,1912,1573,514,1830,1864,1474,1354,1495,1352,980,1767,1862,382,775,1488,946,1736,1734,589,1982,1015,190,998,1903,954,1467,1698,1414,0,180,1846,1638,1405,1032,2018,949,1761,1360,759,1828,1610,874,667,1241,1513,1557,1091,1638,1577,1638,1059,1781,1768,1268,1638,1474,1579,1988,901,1604,1987,1534,1837,1750,2002,1685,1547,820,1371,1980,754,1759,723,1557,851,1334,1912,965,1775,816,1601,934,901,1015,1512,1563,1163,760,883,908,994,1358,1225,1011,1773,1046,1013,1414,1135,1687,1737,1032,951,2046,888,1439,1920,1420,1330,1905,1348,1443,1125,993,1800,875,1455,1106,1960,1693,1638,1868,892,816,938,776,1149,1817,1497,1154,1330,1129,1677,1115,951,1198,843,1325,989,863,782,1016,1474,1324,1970,889,1640,1561,1971,1140,1836,1692,1494,1911,1747,1347,1698,1837,911,2015,1606,816,1015,1729,1638,1919,1638,1354,1613,1905,1132,1749,1899,1472,763,1511,1120,1737,732,1861,1895,1699,670,1880,1538,1926,1449,1911,1236,991,1110,1813,1631,1474,1160,1845,1638,1749,1606,1879,58,1566,1332,1675,1167,828,1679,1169,1958,1758,1209,1297,1015,1592,1494,874,42
1242,1701,728,1027,1852,634,1201,1135,1519,1135,1846,1169,1846,87,1154,1822,670,934,1696,1765,879,1794,1695,1696,882,1845,1018,1853,1209,1169,1526,1552,1550,1912,1571,514,1830,1864,1474,1354,1495,1352,980,1767,1862,382,775,1488,946,1738,1734,589,1982,1015,190,998,1905,954,1467,1696,1414,180,0,1846,1638,1405,1032,2018,949,1761,1360,759,1830,1610,874,667,1241,1513,1557,1091,1638,1577,1638,1059,1781,1768,1268,1638,1474,1579,1988,901,1606,1987,1534,1837,1750,2002,1685,1547,820,1371,1980,754,1759,723,1555,851,1334,1912,965,1777,816,1601,934,901,1015,1512,1565,1163,760,883,908,994,1358,1225,1011,1773,1046,1013,1414,1135,1687,1739,1032,951,2046,888,1439,1919,1420,1330,1905,1348,1443,1125,993,1800,875,1455,1106,1960,1693,1638,1868,892,816,938,776,1149,1817,1497,1154,1330,1129,1677,1115,951,1198,843,1325,989,863,782,1016,1476,1324,1970,889,1640,1561,1971,1140,1836,1694,1494,1911,1747,1347,1698,1837,911,2015,1606,816,1015,1731,1638,1919,1638,1354,1613,1905,1132,1750,1899,1474,763,1511,1120,1739,732,1861,1895,1699,670,1880,1538,1926,1449,1911,1236,991,1110,1815,1631,1474,1160,1845,1638,1750,1604,1879,58,1566,1332,1675,1167,828,1679,1169,1958,1758,1209,1297,1015,1592,1494,874,42
798,1495,1167,1727,1299,1345,1044,1160,1486,1079,295,997,1293,1525,1596,175,1535,1556,384,86,1814,1161,707,384,1377,1526,1718,816,1696,1066,576,1558,1454,1054,322,1726,1197,928,1003,911,1132,877,1883,1134,245,1445,1388,1466,1157,442,949,1468,414,1908,1525,1737,1109,1576,1061,384,1027,1495,1495,0,288,917,1507,1179,1154,320,913,1374,1028,1203,1784,1671,930,832,1005,1752,288,775,288,1119,1331,89,1643,288,1003,793,1256,1156,1406,1046,853,39,1404,772,1404,866,1177,924,1343,1500,228,1435,523,1174,951,1279,1574,1612,1491,1493,1556,1156,1555,770,1332,1086,1318,1535,1123,1528,911,1728,1364,1114,1565,1303,1026,1160,699,1348,1507,1132,642,1548,867,760,1497,1400,841,1630,1750,1343,1836,1167,1252,1008,1656,441,1489,288,221,1557,1491,1248,1047,1174,1206,1134,1663,1400,1458,1483,1744,1133,858,1333,1282,1595,1799,1220,1151,1325,1381,1337,1824,1030,1496,1338,1165,592,1317,1131,330,1401,883,581,901,1533,467,1174,1530,1775,1340,288,760,288,911,624,841,1767,853,490,1296,1376,1179,1132,1355,1245,1229,374,245,1535,352,857,1225,1367,387,1019,1841,1430,1099,1021,1003,1716,433,288,855,239,520,1554,870,869,1485,1127,1185,691,1066,382,1118,1695,962,1555,650,1131,1197,1588
454,1127,805,1216,1379,1004,698,701,1324,737,401,734,1373,1144,1124,311,1049,1123,313,258,1347,839,581,313,1023,1215,1207,679,1406,718,351,1359,1139,934,184,1379,875,676,669,569,774,542,1409,812,355,960,966,1204,795,320,572,1067,437,1434,1222,1269,989,1143,827,313,695,1109,1109,339,0,574,1251,1059,792,301,580,1003,903,978,1313,1324,587,592,746,1280,180,658,180,766,1020,261,1380,180,669,660,1252,788,1138,1023,610,330,1093,586,1093,623,815,591,1019,1047,250,981,417,819,619,957,1102,1302,1061,1222,1123,788,1105,640,1020,744,910,1157,795,1056,578,1652,944,797,1309,1072,695,701,573,1045,1251,779,633,1126,633,598,1224,1134,719,1345,1474,1112,1366,845,916,675,1400,463,1174,180,357,1091,1061,904,695,763,841,776,1482,1134,1207,1179,1304,836,517,979,1017,1184,1326,936,789,1057,928,800,1357,895,1232,1016,707,415,1014,773,410,1090,540,363,778,1100,603,885,1061,1312,1037,180,598,180,569,493,719,1332,732,480,1028,1036,946,790,1052,904,882,477,195,1049,374,614,849,1102,409,677,1366,975,966,886,669,1257,456,180,734,217,493,1180,642,380,1181,785,823,562,718,462,797,1406,674,1104,407,773,842,1216
433,1331,803,1013,1436,829,438,261,1075,792,948,313,1430,1107,973,904,990,883,929,852,1195,874,720,929,720,1558,1004,882,957,696,701,1391,1446,1327,972,809,910,884,574,104,521,521,1271,847,949,902,838,1033,807,895,821,1283,961,1296,1182,1121,1386,885,915,929,812,1037,1037,933,720,0,794,1463,810,848,345,742,1288,1051,1172,1291,539,1027,1011,1038,720,1087,720,821,1375,855,889,720,574,1089,1807,754,1045,1584,1049,924,1436,1015,1300,1062,813,356,1056,763,842,697,833,698,747,992,951,1359,799,1334,883,754,846,592,1150,711,664,866,761,905,343,1284,716,829,850,606,812,261,712,1354,794,834,1057,871,931,940,975,885,927,1096,1225,700,1226,880,596,440,937,1049,1488,720,950,938,799,868,660,282,873,523,1221,885,745,1522,1037,835,572,681,937,1052,1186,872,844,1087,671,833,1204,1146,1105,1051,269,855,1323,520,988,1433,543,879,909,974,1033,1048,799,1157,1346,720,940,720,104,639,927,1109,811,919,1079,853,937,845,1361,822,915,913,785,992,964,1053,1007,1005,997,413,1228,718,1381,1137,574,977,931,720,813,918,1074,1143,1081,359,1524,840,821,706,696,1036,830,957,401,846,785,520,721,1179
841,633,842,48,757,932,1028,1044,499,939,1232,1068,751,735,1260,1176,756,153,1150,1106,1220,1261,1045,1150,1094,881,61,1118,425,658,1002,1006,1002,842,1022,838,1297,1215,981,895,1116,814,1295,1234,1214,676,413,446,883,1010,1011,901,1242,1320,805,1146,792,155,575,1150,1031,913,913,1187,973,901,0,824,880,1087,891,931,725,613,1197,1253,1044,792,636,176,973,855,973,864,721,1109,198,973,981,857,1217,716,541,1192,813,1178,767,1359,646,826,882,902,1443,975,1098,909,945,880,951,1379,1155,680,989,632,153,716,1185,1016,496,673,962,1055,723,1183,889,673,1007,1220,21,510,1031,1041,1037,654,180,763,1416,1058,655,1285,416,321,1256,467,578,252,1473,1267,904,986,210,1259,786,973,1222,964,989,833,730,1104,1264,1118,606,321,135,852,70,763,901,1050,311,307,1212,864,1157,448,1243,1226,1230,786,501,1438,1046,1193,606,1115,1255,764,926,971,1259,213,1370,607,989,1185,650,973,1285,973,895,964,1256,1311,1210,1253,431,964,575,924,658,832,1305,1245,1037,756,1219,817,1397,439,1252,1003,1253,1217,816,777,981,1330,1211,973,1210,1171,1141,764,993,912,854,726,890,1030,658,1304,1218,425,1000,1185,870,1115,904,798
1489,586,1320,980,512,1408,1741,1844,647,1322,1264,1690,195,1515,1882,1149,1524,966,1246,1105,1830,1749,1593,1246,1568,412,971,1752,864,1137,1311,447,561,339,1118,1790,1785,1760,1671,1608,1824,1290,1922,1722,1213,1434,1069,564,1361,771,1514,1688,836,1957,1592,1753,116,953,693,1246,1538,1697,1697,1217,1019,1612,908,0,1358,851,1582,1403,302,548,1800,1735,1621,843,713,1023,1019,870,1019,1380,307,1108,894,1019,1671,908,821,1220,633,918,811,1203,489,1508,396,846,1360,1593,1935,1452,1191,1387,1425,1550,1261,1867,1607,531,1457,504,966,1220,1647,1467,644,1150,1448,1554,1187,1636,1580,930,1604,1728,926,1006,1538,1846,1585,557,908,1252,1468,1520,774,1508,707,857,1801,719,839,974,1935,1755,1574,1677,830,926,437,1019,1113,1573,1457,1312,1251,1865,1772,1825,972,857,1101,344,917,1239,1549,1524,700,956,1814,1340,1549,645,2085,1924,1840,565,514,1925,1852,1342,509,1822,1111,486,1574,781,1791,984,1421,571,1457,1791,553,1018,1506,1018,1607,1511,1800,1730,1763,1462,713,1438,769,1299,568,1308,1815,1347,1019,1524,1029,867,1880,559,999,1715,1855,1696,365,556,1670,1792,803,1018,1763,1242,730,1544,803,1562,346,1224,1368,1577,1137,1159,1712,864,1654,1647,821,1822,1573,1578
389,1115,39,869,1470,383,638,729,957,217,1143,574,1464,770,859,1086,931,744,1261,1013,831,1078,899,1261,549,1306,860,969,816,244,840,1184,1234,1167,1133,480,1114,1066,1003,790,714,337,896,1051,1110,843,785,915,3,1055,988,910,1116,921,839,754,1223,746,758,1261,374,1081,1081,1094,884,796,653,1294,0,1005,787,387,1145,894,799,425,293,1104,826,893,884,1164,884,86,1113,1016,750,884,1003,1166,1253,113,1031,1024,1127,1085,1184,1523,1152,1140,49,798,1260,430,1008,364,868,448,347,1196,586,1393,446,1115,744,113,770,835,1003,277,172,543,114,619,785,1190,657,1050,709,439,374,729,891,1129,653,98,1565,514,861,1133,858,767,1107,935,1065,536,922,1084,473,882,796,1215,1281,884,1132,572,446,45,254,703,1094,716,1124,767,597,1270,885,99,241,505,817,858,813,92,23,950,966,1254,841,991,972,1255,735,1359,1098,713,1159,1181,456,1036,1114,805,1294,891,446,794,1121,884,1133,884,790,818,1107,695,1057,1415,940,136,778,157,1136,91,1137,1408,946,931,1130,1131,1215,887,1163,510,854,667,1433,982,1003,717,1086,884,1049,1082,1232,799,1159,392,1272,204,57,884,244,1207,1035,816,499,770,942,713,471,833
838,1153,1211,1502,1004,1393,1087,1201,1252,1123,405,1038,998,1298,1639,315,1309,1389,466,359,1857,1203,773,466,1422,1241,1493,843,1470,1107,752,1389,1169,659,403,1775,1239,938,1045,952,1176,915,1923,1176,456,1205,1173,1234,1201,180,992,1517,113,1901,1376,1780,840,1424,852,466,1068,1544,1544,383,609,958,1281,910,1198,0,956,1419,754,1003,1826,1720,972,594,771,1527,609,449,609,1163,1046,362,1413,609,1045,467,931,1205,1168,708,548,380,1119,801,1119,583,1221,967,1385,1545,373,1480,606,1391,993,1321,1617,1327,1535,1255,1389,1205,1595,834,1046,1135,1360,1579,1172,1570,954,1680,1406,1143,1339,1097,1068,1200,764,1070,1281,1175,777,1590,658,789,1262,1172,979,1386,1515,1137,1878,1209,1292,1051,1430,246,1204,609,361,1599,1535,1297,1094,1214,1206,1179,1723,1172,1232,1146,1529,1176,898,1377,1047,1389,1839,1263,1194,1087,1423,1168,1866,759,1260,1380,1205,704,1039,1176,303,1116,923,319,976,1310,572,910,1574,1816,1062,625,789,625,952,693,979,1808,925,603,1058,1423,970,1175,1077,1293,1249,486,169,1310,213,557,1254,1132,316,1061,1880,1470,813,750,1045,1744,82,625,923,458,190,1335,541,909,1148,1170,1228,760,1106,355,1160,1470,1001,1595,420,1176,1413,1371
607,1477,769,1167,1860,790,357,326,1279,858,961,378,1854,1074,665,1089,1155,1047,1064,1016,894,456,663,1064,684,1683,1158,734,1138,869,843,1536,1602,1498,935,770,500,828,271,492,496,694,959,759,1113,1065,1016,1239,773,1058,674,983,1120,984,1140,817,1559,1089,1077,1064,878,1360,1360,1097,887,492,947,1636,776,1009,0,703,1459,1213,862,961,685,1186,1176,1192,887,1246,887,840,1500,1019,1066,887,271,1248,1979,901,1249,1749,1209,1088,1571,1028,1483,1222,779,11,644,724,1011,658,846,659,770,581,643,1783,610,1479,1047,901,650,504,1331,854,630,842,891,597,59,1495,607,752,1002,764,878,326,655,1527,947,853,1070,630,1115,954,1179,1091,871,1300,1429,861,914,792,557,143,1088,1219,1633,887,1135,638,610,834,812,347,796,498,1434,1091,900,1657,1177,854,640,645,1081,1234,876,833,825,1232,469,640,904,1306,1314,640,334,868,1496,495,1162,1568,535,1039,830,1165,1046,1210,610,853,1519,887,954,887,492,652,871,832,736,932,1224,814,1096,911,1535,783,836,926,950,1155,1134,1213,924,1209,1167,340,917,517,1543,1297,271,778,1090,887,738,1085,1235,1110,1241,533,1659,906,787,757,870,1210,751,1138,316,650,945,495,682,1146
734,1510,416,1159,1624,421,693,616,1248,649,1394,657,1618,693,498,1547,945,1040,1526,1480,500,1311,1149,1526,46,1675,1150,1222,1131,677,1250,1569,1624,1490,1401,406,1347,1319,880,796,938,767,588,1284,1577,857,1155,1208,429,1386,1253,678,1592,619,1008,429,1551,1081,1069,1526,803,921,921,1561,1353,950,940,1628,432,1503,768,0,1451,1205,485,673,711,1431,1168,1184,1353,1495,1353,514,1563,1483,1059,1353,880,1497,1693,654,1218,1452,1452,1552,1563,1466,1488,1465,271,779,1493,256,1475,288,1283,318,789,1429,251,1547,110,1512,1040,654,436,1067,1336,705,216,209,661,287,766,1462,328,1275,995,756,803,616,1141,1519,940,701,1514,180,1315,1391,1148,1058,1360,1269,1398,853,597,1317,343,863,1081,1679,1666,1353,1593,235,110,498,568,633,1319,940,1401,1058,892,1649,1170,701,670,86,1114,1182,502,462,501,1265,467,1281,510,1298,1283,1488,622,1301,1488,937,1627,1560,837,1463,1352,1120,1480,1226,110,452,1531,1353,1391,1353,796,1068,1360,361,1259,1358,1316,443,1112,589,1547,411,1360,1349,1416,945,1597,1477,1451,1237,1629,733,546,331,1559,1313,880,383,1585,1353,1256,1434,1567,722,1505,811,1671,636,279,1134,677,1551,1273,1153,776,436,1363,937,341,756
1046,471,1058,981,260,1147,1243,1245,621,1020,1045,1284,254,1469,1607,942,1473,865,1078,925,1567,1419,1257,1078,1309,534,972,1327,828,871,1145,485,456,95,954,1522,1455,1424,1198,1104,1333,1027,1637,1392,1022,1380,957,601,1099,593,1200,1361,648,1702,1543,1490,146,902,410,1078,1235,1387,1387,1010,855,1110,776,178,1096,662,1113,1143,0,260,1538,1467,1279,655,574,1005,855,674,855,1100,346,928,871,855,1198,718,618,936,547,726,615,1014,413,1345,409,650,1098,1124,1601,1192,1001,1126,1109,1115,1155,1537,1360,386,1198,542,865,936,1392,1176,356,886,1189,1290,923,1389,1111,889,1345,1393,832,745,1235,1245,1249,301,776,988,1355,1265,422,1477,671,575,1465,745,865,689,1680,1425,1139,1208,919,936,475,855,988,1313,1198,1048,938,1259,1436,1335,826,575,815,499,1016,975,1106,1265,416,1010,1553,1079,1145,466,1461,1595,1577,371,552,1596,1250,1179,256,1332,919,410,1131,586,1461,917,1196,283,1198,1534,293,855,1477,855,1104,1177,1465,1488,1430,1243,437,1179,493,997,301,1047,1477,1123,851,1473,840,681,1546,501,1010,1216,1595,1448,80,362,1198,1537,618,855,1431,1066,536,1505,608,1119,501,922,1106,1243,871,967,1382,828,1212,1392,626,1333,1138,1541
811,128,811,891,694,901,998,1014,531,908,1083,1038,688,1152,1231,1014,1057,773,1050,954,1332,1254,1038,1050,1063,523,882,1111,741,627,997,579,445,479,922,1277,1290,1208,951,865,1086,783,1394,1227,1051,968,847,511,852,712,1004,1075,855,1464,1228,1254,728,812,113,1050,1004,1117,1117,1035,822,871,684,760,849,787,861,900,661,0,1298,1222,1012,462,378,915,822,530,822,833,335,957,779,822,951,532,730,685,427,834,480,1026,402,1313,284,493,851,872,1436,944,945,878,940,849,924,1372,1124,617,958,522,773,685,1154,1009,239,642,932,1024,692,1152,859,802,978,1213,740,494,1004,1014,1030,280,684,732,1370,1027,370,1278,584,483,1249,658,778,533,1442,1260,873,956,827,781,483,822,1060,1076,958,802,699,1074,1257,1088,739,483,722,488,916,732,871,1019,326,887,1311,833,1126,346,1208,1219,1342,237,530,1431,1019,1147,235,1085,1130,399,896,675,1250,827,1324,40,958,1297,272,822,1278,822,865,957,1249,1280,1201,1207,326,933,241,893,280,801,1300,1200,930,1057,1048,484,1390,411,854,973,1353,1187,752,268,951,1299,823,822,1202,955,542,1188,512,882,490,699,859,1023,627,1178,1211,741,970,1154,545,1085,872,1224
1171,1876,850,1547,2203,758,1165,1099,1683,1102,1778,1133,2197,853,805,1852,1076,1439,1714,1795,356,1522,1386,1714,596,2040,1538,1455,1516,1172,1554,1897,1950,1916,1589,757,1558,1552,1080,1179,1290,1305,123,1495,1892,1034,1576,1647,934,1685,1441,557,1904,148,861,93,1984,1469,1455,1714,1367,790,790,1891,1664,1185,1327,2076,937,1790,967,697,1877,1598,0,948,1211,1849,1561,1572,1664,1916,1664,1012,1847,1798,1463,1664,1080,1918,1980,999,1775,1979,1867,1867,1918,1850,1984,1880,838,978,1707,586,1789,645,1653,716,1287,1640,399,2126,480,1832,1439,999,320,1240,1743,1352,781,455,1006,437,965,1868,571,1503,1385,1140,1367,1099,1378,1862,1327,1053,1892,359,1553,1773,1586,1484,1593,1719,1845,1237,118,1528,740,1062,1476,1995,1993,1664,1898,395,480,1001,901,1113,1546,1292,1803,1484,1277,2004,1573,1053,1156,634,1487,1638,37,800,1004,1640,633,1698,284,1723,1722,1699,1104,1684,1831,1289,1942,1915,1275,1754,1565,1484,1862,1594,483,94,1854,1664,1773,1664,1179,1498,1593,594,1471,1747,1638,781,1499,1087,1870,750,1587,1743,1728,1076,1910,1871,1649,1611,1943,1200,81,483,2163,1714,1080,267,1874,1664,1472,1622,1864,802,1899,1256,2006,1134,846,1479,1172,1942,1486,1516,1114,320,1656,1289,739,801
778,1298,400,983,1403,247,1026,784,1043,577,1606,825,1397,415,835,1509,558,852,1395,1442,833,1409,1275,1395,519,1525,974,1344,926,663,1211,1358,1413,1296,1268,55,1445,1441,1135,967,1115,743,898,1382,1539,482,815,1001,441,1346,1391,734,1629,923,475,756,1355,854,884,1395,779,723,723,1523,1314,1176,763,1432,438,1465,1023,389,1257,1020,801,0,687,1235,981,1007,1314,1298,1314,500,1342,1445,858,1314,1135,1300,1562,348,1013,1438,1256,1514,1403,1659,1267,1269,446,1034,1591,373,1437,342,1244,498,714,1527,589,1326,448,1301,852,348,773,1166,1117,771,396,545,355,622,1021,1252,659,1383,819,575,779,784,1267,1324,763,396,1701,517,993,1519,943,853,1482,1064,1193,669,925,1415,523,1118,906,1643,1455,1313,1554,574,448,388,227,801,1426,1117,1189,853,714,1489,1000,396,646,475,903,1031,815,408,780,1054,796,1585,843,1116,1073,1586,790,1492,1293,1114,1588,1400,841,1438,1451,951,1672,1017,448,796,1316,1313,1519,1303,967,1333,1482,698,1360,1564,1046,389,867,562,1331,391,1467,1545,1357,558,1533,1260,1536,957,1591,896,856,670,1312,1092,1080,794,1541,1303,1361,1300,1458,475,1284,778,1490,597,439,1399,636,1614,1534,880,885,847,1294,1119,502,512
115,1360,561,1013,1466,848,371,405,1079,459,900,409,1460,1080,924,824,994,877,994,777,1147,831,811,994,676,1609,1004,966,943,491,626,1431,1489,1237,875,1029,869,887,735,514,454,315,1221,804,873,936,860,1075,551,836,778,1239,893,1212,1144,1071,1291,879,909,994,471,1061,1061,865,657,519,792,1367,548,785,536,731,1198,1003,1122,935,0,890,1022,1085,657,954,657,491,1405,780,883,657,735,956,1544,518,1054,1446,911,849,1459,1262,1330,925,571,547,1015,731,757,665,649,553,404,962,902,1390,780,1348,877,518,856,717,1182,686,663,864,519,856,534,1275,674,897,851,624,471,405,803,1379,792,503,1321,862,875,1013,994,895,930,1092,1221,710,1210,836,548,631,939,960,1536,657,870,890,780,762,732,442,941,456,1203,895,768,1544,1053,504,236,637,967,1045,1137,614,545,1114,688,898,1157,1169,1150,1021,413,1106,1349,453,913,1456,159,830,1001,1009,1044,1005,785,1128,1371,656,1013,656,514,714,930,1088,901,1168,1106,793,937,512,1388,763,963,975,709,994,877,915,1030,1014,908,241,1179,740,1308,1160,735,988,864,656,904,860,980,1116,909,157,1546,507,579,780,491,962,912,943,230,856,733,453,576,1152
817,950,1041,1210,1129,1116,1096,1047,1046,1087,693,1084,1123,1222,1510,607,1172,1087,646,547,1546,915,878,646,1299,1006,1201,858,1108,847,706,1000,873,510,526,1518,954,955,1015,912,1185,883,1621,888,647,1100,1022,950,1187,269,791,1368,459,1656,1287,1467,569,1152,576,646,1036,1395,1395,635,421,920,988,641,1184,372,909,1114,471,740,1514,1426,975,0,500,1283,421,43,421,1085,785,550,1107,421,1015,99,717,927,858,919,76,619,854,911,857,48,1081,920,1101,1163,538,1097,745,1187,954,1046,1337,1053,1168,902,1087,927,1364,802,778,853,1179,1277,896,1366,907,1273,1457,994,1046,818,1036,1047,870,828,988,967,948,1246,390,905,961,862,997,1059,1188,876,1634,920,1343,1004,1133,603,917,421,653,1291,1168,1027,910,1062,1038,1187,1170,862,965,937,1244,952,865,1255,739,1206,1529,1063,1181,804,1267,998,1556,486,906,1105,1053,762,798,1184,694,851,976,244,1087,1170,1029,651,1168,1532,820,421,905,421,912,781,997,1465,1053,825,783,1168,702,973,828,1031,1062,812,516,1172,604,33,1116,886,692,1069,1571,1326,574,477,1015,1472,438,421,1055,559,392,1258,27,903,939,900,1089,847,847,744,998,1108,963,1364,45,1184,1210,1294
921,400,910,949,633,986,1096,1093,547,1024,1340,1137,627,1288,1340,1238,1129,773,1274,1185,1415,1255,1213,1274,1169,515,940,1369,785,726,1355,432,391,773,1155,1391,1292,1385,1057,958,1185,885,1484,1226,1293,1062,934,528,951,922,1136,1215,1062,1519,1353,1336,700,775,210,1274,1025,1249,1249,1273,1052,966,688,733,948,1009,951,985,632,265,1383,1299,1140,710,0,1020,1052,774,1052,943,297,1188,779,1052,1057,776,920,797,476,1031,731,1257,367,1543,365,745,950,962,1441,1032,1163,966,1084,948,945,1386,1210,557,1039,528,773,797,1228,1096,285,730,1071,1151,804,1238,949,887,1094,1330,747,545,1025,1093,1205,332,688,846,1587,1114,627,1544,638,530,1426,695,811,601,1497,1258,971,1046,835,1037,429,1052,1284,1163,1039,898,799,1108,1373,1187,768,530,776,450,946,846,971,1125,353,895,1369,933,1252,395,1307,1327,1425,493,486,1445,1099,1389,302,1184,1315,364,1081,905,1425,904,1543,172,1039,1405,324,1052,1544,1052,958,1117,1426,1355,1377,1450,366,1038,330,1008,332,901,1395,1440,1159,1129,1258,735,1353,432,1101,1069,1439,1318,602,508,1057,1335,1038,1052,1379,1188,802,1324,781,843,452,792,958,1183,726,1364,1336,785,1072,1228,789,1184,971,1360
880,587,870,177,813,946,1056,1053,294,984,1390,1097,807,800,1299,1291,767,174,1336,1238,1205,1220,1165,1336,1129,960,168,1238,140,686,1113,636,695,937,1217,858,1257,1337,1016,918,1145,845,1279,1192,1346,716,328,250,911,1077,1102,929,1306,1304,858,1129,863,161,623,1336,989,942,942,1326,1106,926,105,896,908,1165,910,945,791,648,1180,1259,1099,880,670,0,1106,944,1106,903,836,1241,110,1106,1016,946,1204,757,423,1299,901,1310,802,1478,734,915,910,921,1406,992,1216,926,1049,908,909,1351,1170,737,999,517,174,757,1188,1062,556,690,1002,1007,764,1198,908,425,1053,1294,128,536,989,1053,1157,711,105,806,1522,1074,674,1367,390,348,1378,277,404,274,1268,1224,931,1005,50,1289,687,1106,1337,953,999,858,759,1068,1338,1147,349,348,185,885,117,806,928,1085,379,226,1195,893,1212,510,1472,1294,1215,815,304,1410,1059,1325,668,1144,1366,799,1039,1055,1390,192,1478,649,999,1194,703,1106,1367,1106,918,1069,1378,1323,1332,1385,489,998,600,968,711,861,1359,1375,1162,767,1336,905,1320,383,1367,1029,1237,1279,881,806,1017,1295,1282,1106,1334,1317,1201,829,1032,803,887,757,918,1135,686,1415,1301,140,1032,1188,959,1144,931,863
490,1112,862,1298,1354,973,715,894,1170,768,405,751,1348,1183,1239,301,1044,1203,299,243,1458,720,564,299,1140,1234,1289,684,1448,759,367,1304,1118,923,179,1378,758,646,700,585,791,565,1471,693,339,988,1032,1151,852,318,587,1121,364,1506,1248,1379,977,1225,815,299,720,1155,1155,331,180,590,1228,1049,849,257,601,972,912,960,1426,1286,648,603,741,1446,0,670,180,797,1011,246,1356,180,700,672,1075,784,1139,985,621,315,1084,581,1083,635,872,612,898,1019,237,953,389,849,638,851,1217,1278,1026,1209,1203,784,1329,621,1004,717,971,1138,791,1171,599,1601,994,792,1288,1058,720,894,556,1063,1228,810,638,1101,645,595,1293,1193,688,1402,1527,1116,1484,725,1015,696,1380,449,1153,180,347,1205,1026,885,709,780,836,793,1670,1193,1203,1169,1492,833,547,1096,976,1216,1440,920,846,1058,1149,893,1468,904,1216,910,901,419,1033,790,406,1081,650,357,757,1180,699,872,1026,1447,1055,180,595,180,585,461,689,1342,715,485,1029,1025,946,821,1071,888,858,475,178,1044,360,625,855,1055,395,694,1482,1209,974,895,700,1322,337,180,718,212,459,1219,634,403,1171,816,880,530,759,458,807,1448,635,1329,403,790,872,1255
815,925,976,1184,1103,1052,1095,1046,1023,1084,692,1083,1097,1163,1415,606,1112,1061,645,546,1484,945,877,645,1235,979,1175,857,1085,790,705,974,847,600,525,1457,984,954,1015,911,1184,882,1554,918,646,1048,962,924,1017,275,824,1312,465,1589,1228,1405,659,1125,550,645,1081,1334,1334,634,419,919,963,731,1014,378,909,1051,561,714,1452,1365,973,25,474,1256,419,0,419,1016,759,549,1081,419,1015,31,810,863,832,924,50,618,828,911,831,63,1016,920,1131,1099,537,1033,745,1023,1001,1076,1276,1027,1105,876,1061,863,1297,832,752,796,1115,1216,870,1305,907,1248,1168,1032,1021,792,1081,1046,870,802,963,912,948,1180,364,905,938,839,997,1036,1165,850,1567,950,1046,1004,1108,609,891,419,652,1229,1105,964,853,1061,1076,1185,1320,839,939,911,1219,912,863,1191,712,1147,1439,999,1177,778,1267,1036,1494,640,880,1135,1052,762,772,1182,694,825,974,98,1116,1110,1029,625,1105,1472,794,419,905,419,911,781,997,1408,1045,824,757,1104,677,918,802,967,1100,811,522,1112,663,58,1145,860,691,1067,1508,1325,660,631,1015,1405,444,419,1047,559,398,1199,42,901,913,845,1024,847,790,744,1027,1085,961,1297,28,1182,1046,1235
490,1112,862,1298,1354,973,715,894,1170,768,405,751,1348,1183,1239,301,1044,1203,299,243,1458,720,565,299,1140,1234,1289,684,1448,759,367,1304,1118,923,179,1378,758,647,700,585,791,565,1471,693,339,989,1032,1151,852,318,587,1121,364,1506,1248,1379,977,1225,815,299,720,1155,1155,331,180,590,1228,1049,849,257,601,972,912,960,1426,1286,648,603,741,1446,180,670,0,797,1011,246,1356,180,700,672,1075,784,1139,985,621,315,1084,581,1083,635,872,612,898,1019,237,953,389,849,638,851,1217,1278,1026,1209,1203,784,1329,622,1004,717,971,1138,791,1171,599,1601,994,792,1288,1058,720,894,557,1063,1228,810,638,1101,645,595,1295,1193,689,1402,1527,1116,1484,725,1015,696,1380,449,1153,180,347,1205,1026,885,709,780,836,793,1670,1193,1203,1169,1492,833,547,1096,976,1216,1440,920,846,1058,1149,893,1468,904,1216,910,901,419,1033,790,406,1081,650,357,758,1180,699,872,1026,1447,1055,180,595,180,585,461,689,1339,715,485,1029,1025,946,821,1071,888,858,475,178,1044,360,625,855,1055,395,694,1482,1209,966,895,700,1322,337,180,718,212,459,1219,634,403,1171,816,880,530,759,458,807,1448,635,1329,403,790,872,1255
583,1208,390,884,1317,567,829,746,960,305,1051,789,1311,1131,867,959,902,758,1131,910,999,894,846,1131,667,1355,875,1009,821,152,766,1284,1342,1160,1012,893,933,920,748,639,905,285,1068,867,1006,847,772,953,380,968,932,1093,1025,1106,1196,920,1214,760,771,1131,301,960,960,998,791,644,670,1287,377,918,650,569,1121,867,969,799,478,1147,863,955,791,1210,791,0,1256,913,764,791,748,1212,1344,112,1122,1245,1169,982,1205,1165,1181,1183,400,661,1080,615,894,549,782,451,221,1025,763,1241,624,1198,758,112,946,781,1033,195,566,704,113,799,648,1127,611,967,729,474,301,746,838,1187,670,158,1280,702,884,1053,877,776,963,945,1074,560,1084,899,476,745,817,1097,1389,791,1005,742,624,473,382,764,1011,907,1058,776,636,1290,928,160,410,628,848,880,984,514,374,980,1038,971,1009,1022,1011,1084,753,1008,1157,904,1048,1202,635,968,1066,917,1196,868,624,978,1179,791,1053,791,639,747,963,878,997,1072,959,623,799,281,1195,482,1035,1130,843,904,1015,1173,1095,895,1046,709,1026,846,1231,1013,748,926,998,791,989,1001,1111,1167,1216,590,1292,207,408,813,152,1097,977,821,698,946,871,904,474,1203
1117,310,1099,711,771,1174,1278,1280,348,1047,1515,1323,777,1317,1641,1421,1267,712,1475,1361,1605,1446,1417,1475,1357,687,702,1570,572,904,1340,159,157,800,1359,1581,1483,1586,1256,1137,1376,1063,1679,1417,1456,1195,836,263,1140,1117,1327,1452,1233,1714,1384,1526,727,699,440,1474,1189,1478,1478,1448,1237,1145,643,850,1137,1205,1155,1173,659,480,1574,1489,1222,900,611,745,1237,964,1237,1158,0,1363,608,1237,1256,966,1139,992,357,1258,921,1432,444,1742,112,935,1139,1166,1634,1221,1349,1155,1274,1335,1109,1577,1387,788,1227,244,712,992,1422,1287,424,913,1237,1339,956,1416,1153,638,1381,1546,666,731,1189,1282,1409,597,643,1027,1786,1304,754,1625,414,513,1627,433,566,768,1692,1449,1359,1250,571,1224,149,1237,1466,1350,1227,1087,960,1299,1589,1378,702,513,872,510,655,1017,1169,1318,449,734,1594,1126,1189,369,1517,1617,1620,748,217,1635,1297,1586,546,1382,1494,441,1277,1094,1627,730,1739,471,1232,1594,589,1236,1624,1236,1142,1319,1626,1519,1570,1648,487,1231,527,1028,605,1094,1610,1638,1354,1267,1425,924,1553,264,1287,1258,1636,1479,749,739,1261,1534,1209,1236,1572,1390,1124,1353,961,1030,508,955,1152,1385,909,1543,1538,572,1256,1426,978,1382,1363,1389
801,1304,1179,1640,1542,1313,1080,1033,1361,1069,241,1068,1536,1583,1497,217,1443,1596,260,1,1712,1022,585,260,1452,1418,1631,706,1597,1079,448,1498,1302,953,195,1722,1059,666,1002,898,1169,868,1779,994,89,1382,1419,1342,1169,333,904,1461,372,1804,1533,1633,1007,1619,987,260,1019,1487,1487,144,228,906,1417,1079,1166,265,896,1449,945,1146,1680,1630,959,784,912,1711,228,665,228,1107,1193,0,1549,228,1002,850,1211,1114,1331,1070,805,128,1268,597,1268,819,1189,907,1208,1358,278,1293,372,1169,937,1153,1474,1466,1566,1404,1524,1114,1423,642,1193,1040,1288,1610,1083,1428,894,1783,1440,875,1477,1228,1019,1033,577,1250,1417,1120,577,1450,816,608,1484,1375,709,1595,1711,1286,1766,1026,1326,991,1569,491,1337,228,263,1456,1566,1226,1035,1048,1137,1171,1719,1375,1385,1353,1684,1121,849,1408,1167,1611,1694,1232,1163,1250,1253,1096,1721,928,1403,1212,1039,510,1220,1168,312,1265,960,480,770,1592,400,1057,1364,1695,1242,228,608,228,898,481,709,1667,727,400,1221,1362,1114,1122,1258,1228,1005,320,186,1443,402,809,867,1246,437,956,1736,1311,1016,919,1002,1607,345,228,730,125,547,1612,775,887,1355,1117,1197,550,1079,364,1100,1597,945,1423,589,1168,1192,1646
1001,951,992,280,940,914,1169,1166,426,958,1642,1210,934,757,1439,1559,724,94,1524,1497,1164,1468,1439,1524,1174,1137,271,1592,306,801,1362,785,857,1064,1408,815,1505,1608,1146,1031,1258,960,1238,1439,1593,673,293,382,1040,1324,1349,880,1576,1233,815,1088,990,84,751,1524,1097,893,893,1585,1385,1039,254,1241,1037,1421,1045,1033,918,773,1139,1013,1122,1136,768,135,1385,1199,1385,1033,1032,1500,0,1385,1146,1201,1315,878,557,1611,1158,1569,1002,1755,930,1172,1100,1056,1657,1035,1487,1004,1296,1104,1017,1599,1258,864,977,826,94,878,1277,1309,684,811,1054,954,854,1287,1043,446,1106,1568,224,656,1097,1166,1431,839,254,927,1799,1162,785,1647,527,484,1649,575,534,396,1227,1471,1127,1140,172,1507,940,1385,1605,911,977,979,871,1181,1611,1260,404,484,307,962,213,927,1049,1130,509,191,1154,1062,1034,640,1436,1567,1174,912,437,1658,1172,1600,796,1257,1638,1000,1161,1304,1650,293,1753,774,980,1149,831,1385,1647,1385,1031,1342,1649,1390,1595,1662,619,1043,704,934,839,982,1633,1652,1433,724,1609,1162,1576,517,1640,1142,1196,1234,911,903,1146,1121,1552,1385,1595,1441,1469,786,1294,916,960,861,1108,1408,801,1686,1561,306,1145,1277,1214,1257,1127,820
490,1112,862,1298,1354,973,715,894,1171,768,406,751,1348,1183,1239,301,1045,1203,299,243,1458,720,568,299,1140,1234,1289,689,1448,759,367,1304,1118,913,179,1378,758,650,700,585,791,565,1471,693,339,989,1032,1152,852,320,587,1121,364,1506,1248,1379,967,1225,816,299,720,1155,1155,331,180,590,1229,1039,849,257,601,972,902,960,1426,1286,648,603,741,1446,180,670,180,797,1011,246,1359,0,700,672,1077,784,1140,987,621,315,1084,581,1083,635,872,612,898,1019,237,953,389,849,638,851,1217,1278,1026,1210,1203,784,1327,626,1004,717,971,1138,791,1171,599,1601,994,792,1289,1059,720,894,561,1063,1229,810,638,1101,645,595,1298,1196,693,1409,1530,1117,1484,725,1015,696,1381,449,1153,180,347,1206,1026,885,709,780,836,793,1670,1196,1204,1169,1493,833,547,1096,977,1216,1441,920,846,1059,1149,893,1469,904,1217,910,901,419,1033,790,406,1081,650,359,762,1180,699,872,1026,1449,1055,180,595,180,585,465,693,1339,719,485,1030,1025,947,821,1071,888,858,475,178,1045,360,625,859,1056,395,694,1483,1209,965,895,700,1322,337,180,722,212,461,1219,634,403,1171,816,880,534,759,458,807,1448,635,1327,403,790,872,1255
682,1544,989,1216,1865,1072,579,493,1360,1012,1078,546,1859,1270,914,1111,1200,1089,1200,1058,1136,736,724,1200,899,1741,1207,795,1175,936,899,1621,1611,1512,1080,964,774,891,180,679,710,754,1210,709,1166,1128,1200,1358,1002,1104,790,1229,1162,1200,1335,1060,1572,1157,1109,1200,905,1620,1620,1146,929,546,990,1648,1005,1055,310,920,1473,1206,1112,1442,752,1256,1220,1288,929,1321,929,1085,1516,1061,1109,929,0,1323,1915,944,1335,1758,1277,1130,1592,1188,1538,1291,999,321,914,920,1035,854,989,877,823,867,893,1789,856,1526,1089,944,863,579,1265,868,846,1119,911,847,309,1640,849,806,1048,820,905,493,716,1564,990,982,1305,879,1175,1078,1278,1173,934,1385,1514,907,1199,741,783,220,1136,1238,1671,929,1157,881,856,1068,865,515,850,712,1509,1173,967,1678,1247,967,794,858,1171,1223,1126,999,1071,1318,689,909,1146,1362,1433,926,501,1033,1534,709,1191,1589,744,1103,910,1172,1183,1206,856,1119,1556,929,1078,929,679,823,934,1123,818,1095,1310,980,1130,1065,1564,949,872,1085,981,1201,1156,1281,939,1295,1187,562,1168,747,1577,1353,180,996,1135,929,821,1113,1247,1304,1279,602,1680,855,1006,819,936,1240,821,1175,540,863,1003,709,899,1340
862,955,1023,1218,1134,1098,1097,1094,1050,1132,658,1129,1128,1211,1556,560,1161,1091,623,500,1529,915,901,623,1281,1011,1209,881,1112,834,753,1005,878,589,556,1502,954,979,1063,959,1186,931,1604,888,600,1089,1011,956,1232,209,791,1355,403,1639,1276,1450,648,1159,581,623,1088,1490,1490,588,458,967,992,720,1229,312,959,1097,550,745,1497,1410,1020,69,505,1290,458,44,458,1071,790,503,1111,458,1063,0,950,909,863,864,94,572,859,938,862,107,1063,970,1101,1145,491,1079,740,1232,1006,1046,1318,1058,1151,907,1091,909,1347,956,783,842,1161,1261,885,1347,957,1279,1504,1202,1050,822,1088,1094,893,833,992,961,975,1229,395,932,965,866,1020,1063,1192,880,1617,920,1390,1054,1138,547,922,458,606,1274,1151,1010,889,1109,1038,1188,1174,866,969,942,1249,961,910,1237,744,1195,1511,1045,1226,809,1314,998,1539,568,912,1105,1100,789,803,1185,653,856,1021,89,1099,1159,801,656,1151,1514,825,458,932,458,959,804,1020,1446,1056,823,788,1150,707,952,833,1013,1062,734,456,1161,543,102,1309,891,645,1070,1553,1366,649,559,1063,1455,382,458,1058,600,334,1247,86,785,944,879,1071,870,834,703,998,1112,1011,1347,51,1185,1255,1283
1332,926,1388,1404,820,1461,1565,1737,1073,1385,1019,1603,814,1754,1928,835,1710,1276,1098,969,1882,1536,1358,1098,1643,1026,1397,1230,1360,1182,1213,1062,893,556,1013,1879,1574,1148,1534,1421,1648,1338,1960,1507,1071,1638,1493,1054,1431,650,1410,1692,751,1994,1821,1805,615,1346,760,1098,1530,1698,1698,905,911,1427,1178,687,1428,763,1435,1460,517,901,1849,1787,1491,717,680,1477,911,778,911,1446,805,972,1298,911,1534,783,0,1271,982,317,719,868,874,1059,877,762,1430,1446,1726,1508,887,1443,1238,1614,1300,1667,1664,860,1514,1051,1278,1271,1705,1408,818,1197,1523,1587,1240,1689,1433,1349,1661,1319,1236,1008,1530,1737,1350,774,1178,1311,861,1589,698,987,1212,1114,1389,1315,1272,1066,1972,1539,1638,1530,1326,734,937,911,813,1629,1514,1382,1312,1636,1412,1650,1420,1114,1153,944,1438,1296,1381,1599,879,1412,1863,1410,1498,913,1790,1506,1894,499,1060,1726,1744,1245,731,1647,825,871,1492,793,1450,1361,964,812,1514,1871,766,911,987,911,1421,1259,1389,1783,1512,1237,892,1512,891,1363,774,1378,1448,994,916,1709,945,741,1424,958,797,1538,1904,1755,620,490,1600,1812,725,911,1514,1078,676,1785,711,1245,946,1290,1438,1244,1182,875,1454,1360,1480,1705,729,1647,1637,1819
464,1324,229,986,1430,306,725,530,1043,245,1262,583,1424,702,659,1159,912,853,1319,1106,747,1152,1084,1319,444,1573,977,1157,919,311,945,1395,1453,1275,1200,408,1189,1259,837,868,801,409,810,1124,1214,855,947,1039,472,1150,1094,936,1211,835,782,668,1330,855,873,1319,447,1242,1242,1194,974,876,768,1471,469,1104,725,307,1236,968,713,513,371,1253,991,1057,974,1319,974,164,1368,1109,859,974,1055,1236,1218,0,1018,1132,1274,1228,1432,1632,1295,1208,270,1004,1325,337,1167,276,999,223,385,1268,584,1372,395,1278,888,180,699,1030,1141,108,345,559,7,621,991,1352,400,1278,844,625,466,571,1072,1368,784,72,1695,479,1036,1250,1013,924,1296,1131,1260,815,833,1145,260,1128,934,1372,1454,1039,1290,530,395,210,419,593,1321,785,1259,924,773,1518,983,72,308,407,937,1107,774,256,478,1078,850,1303,802,1167,1230,1327,579,1462,1389,782,1357,1429,580,1137,1305,1013,1743,1037,395,748,1426,1039,1250,1039,867,979,1296,664,1242,1534,1070,386,979,239,1428,224,1337,1524,1099,887,1287,1199,1413,1042,1320,691,817,655,1403,1158,1055,649,1263,1039,1240,1270,1291,735,1192,477,1519,286,278,1045,305,1406,1234,927,588,697,1035,782,258,748
963,418,949,639,579,1041,1169,1121,178,1078,1380,1210,573,1207,1383,1346,1158,557,1379,1257,1483,1349,1350,1379,1209,757,608,1474,470,759,1242,263,325,730,1262,1412,1386,1433,1098,988,1260,923,1551,1323,1358,1081,756,164,990,1012,1264,1364,1114,1539,1280,1403,658,546,322,1379,1059,1491,1491,1345,1138,996,518,691,987,1110,981,1046,572,373,1452,1318,1205,802,499,647,1138,865,1138,965,467,1260,511,1138,1098,867,1052,828,0,1180,823,1329,426,1654,367,836,989,992,1536,1058,1272,997,1168,991,978,1479,1310,498,1103,219,557,828,1296,1240,311,766,1108,1267,835,1340,979,518,1138,1501,511,620,1059,1121,1342,490,518,875,1722,1176,643,1513,317,243,1469,320,453,516,1526,1355,1014,1076,488,1140,321,1142,1330,1229,1103,928,840,1135,1544,1262,419,243,586,511,530,875,1006,1175,226,636,1466,976,1301,114,1368,1514,1493,609,299,1538,1126,1489,442,1259,1332,423,1062,1006,1522,577,1770,365,1103,1450,500,1142,1513,1142,988,1242,1469,1415,1511,1561,237,1107,427,918,501,944,1603,1551,1273,1158,1257,831,1623,28,1210,1142,1509,1362,664,600,1098,1416,1073,1142,1513,1300,1002,1243,859,875,512,845,997,1308,759,1381,1453,470,1087,1296,877,1259,1014,1256
1355,1170,1257,1577,991,1569,1577,1641,1314,1215,886,1610,985,1945,1752,773,1893,1420,1085,895,1966,1510,1242,1085,1528,1299,1546,1134,1473,1273,1229,1326,1169,686,1106,1939,1492,1061,1520,1405,1650,1355,2024,1487,989,1816,1666,1298,1247,674,1652,1742,732,1962,1801,1883,867,1507,867,1085,1401,1742,1742,842,924,1411,1300,941,1244,739,1405,1532,741,1041,1927,1845,1342,901,802,1633,924,789,924,1413,1047,898,1454,924,1520,807,287,1356,1123,0,914,805,1117,987,1137,965,1267,1416,1617,1586,827,1525,1138,1331,1309,1551,1729,1107,1658,1208,1420,1356,1851,1342,1066,1282,1445,1702,1325,1679,1403,1614,1483,1217,1361,1134,1401,1641,1273,961,1300,1396,775,1693,866,908,1355,1256,1309,1485,1505,1180,1949,1516,1355,1500,1454,812,1218,924,751,1712,1658,1452,1404,1658,1309,1652,1654,1256,1285,1161,1509,1381,1268,1495,1120,1567,1941,1310,1241,1042,1907,1417,1976,706,1191,1610,1647,1251,913,1649,754,1114,1454,776,1426,1522,905,948,1626,1930,971,924,908,924,1405,1166,1309,1949,1442,1149,1014,1635,1009,1199,972,1472,1367,963,955,1893,862,926,1321,1199,841,1558,1982,1720,801,697,1520,1932,784,924,1501,966,694,1981,907,1262,1162,1246,1275,1148,1273,804,1364,1474,1502,1851,760,1649,1354,1994
800,845,959,1258,1111,1052,1090,1020,932,1056,661,1003,1105,1154,1393,637,1104,1142,687,546,1495,923,859,687,1220,965,1227,925,1072,771,744,893,824,825,566,1422,961,1039,1003,887,1179,859,1538,899,646,1027,935,845,1000,297,838,1309,532,1550,1227,1415,873,1170,543,687,1069,1439,1439,634,426,895,972,947,997,411,881,1057,805,684,1464,1328,959,26,433,1313,426,59,426,975,714,549,1114,426,1003,90,1030,838,756,1003,0,618,773,958,803,23,999,892,1110,1069,567,1008,745,1001,988,1053,1321,1030,1114,821,1142,838,1307,817,727,776,1118,1278,845,1351,879,1185,1148,1059,1031,810,1069,1020,851,786,972,885,1010,1187,325,910,924,833,1075,1040,1169,856,1537,932,1024,976,1120,684,879,426,682,1241,1114,938,850,1034,1103,1181,1225,833,961,855,1167,885,840,1186,699,1140,1478,987,1139,696,1275,1090,1505,586,798,1113,1025,793,736,1178,748,770,898,284,1078,1119,1069,591,1114,1461,773,426,910,426,887,755,1075,1426,1007,866,674,1118,682,928,770,955,1121,853,563,1104,640,49,1194,784,723,1063,1521,1372,865,577,1003,1427,479,426,1009,599,458,1190,33,882,856,855,1007,821,771,798,1016,1072,957,1307,51,1178,1024,1203
795,1166,1150,1599,1447,1300,1085,1016,1254,1051,259,998,1441,1477,1464,180,1429,1609,291,85,1694,1003,611,291,1351,1301,1568,727,1497,1037,479,1328,1171,930,220,1670,1040,702,999,883,1174,854,1764,978,116,1356,1402,1238,1140,374,923,1474,443,1703,1535,1614,978,1637,884,291,1005,1490,1490,73,141,891,1324,1052,1137,335,877,1355,910,1016,1662,1576,954,624,778,1655,141,687,141,1114,1049,88,1478,141,999,689,1167,1087,1145,1049,642,0,1119,634,1139,655,1160,888,1190,1317,239,1256,452,1141,923,1133,1441,1366,1486,1230,1609,1087,1419,681,1062,1013,1257,1530,1056,1395,875,1616,1395,886,1385,1151,1005,1016,603,1127,1324,1128,593,1419,680,601,1372,1273,740,1502,1624,1197,1689,1010,1276,972,1478,452,1220,141,225,1439,1486,1183,1053,1030,1181,1176,1656,1273,1306,1205,1533,1112,835,1318,1060,1605,1678,1203,1134,1064,1271,1168,1703,897,1212,1192,1021,603,1077,1173,322,1116,893,414,785,1586,429,923,1357,1658,1114,141,601,141,883,503,740,1634,745,501,1036,1366,1026,1104,1115,1203,1199,338,274,1429,363,646,897,1139,398,1058,1721,1298,977,888,999,1577,439,141,749,176,506,1635,736,877,1206,1100,1168,572,1037,374,1094,1497,951,1419,422,1173,1164,1648
1531,557,1522,921,383,1615,1723,1702,595,1523,1442,1756,389,1312,2079,1294,1267,779,1326,1205,2049,1376,1377,1326,1771,274,890,1502,671,1319,1391,354,245,595,1206,1985,1413,1557,1670,1553,1796,1480,2107,1350,1313,1190,854,508,1563,956,1291,1466,1062,2102,1385,1966,544,844,858,1326,1645,1487,1487,1293,1086,1559,800,451,1560,1054,1551,1618,499,737,2010,1891,1691,749,654,1044,1086,812,1086,1553,418,1208,908,1086,1670,814,970,1402,1012,1097,770,1277,0,1601,507,783,1562,1562,1564,1634,1216,1574,1193,1765,1434,1506,1868,400,1672,404,779,1402,1862,1234,830,1328,1675,1792,1371,1907,1549,664,1816,1530,793,1180,1645,1702,1371,351,800,1442,1666,1742,670,1562,664,1097,1595,534,558,1195,2089,1384,1789,1646,692,1087,330,1088,1276,1794,1672,1498,1450,1785,1575,1798,697,1097,1268,53,824,1427,1573,1741,881,734,2024,1550,1761,935,1936,1544,2059,520,460,1567,1708,1433,303,1795,1278,181,1630,950,1552,841,1714,760,1672,2014,357,1088,1562,1088,1553,1273,1595,2013,1540,1505,913,1681,956,1499,358,1518,1634,1495,1215,1267,1203,776,1654,960,1157,1704,2065,1926,502,521,1670,1981,1019,1088,1542,1241,948,1348,803,1438,54,1426,1570,1339,1319,1327,1484,671,1650,1862,821,1795,1788,1361
1082,1522,1439,1961,1307,1777,1117,1054,1640,1340,527,1088,1301,1746,1769,475,1695,1907,676,632,1983,957,685,676,1454,1471,1930,565,1843,1314,793,1704,1504,1047,690,1612,935,491,1212,1047,1416,1154,2041,917,480,1618,1736,1624,1429,898,1119,1752,602,1979,1811,1900,1095,1888,1230,676,1311,1752,1752,500,700,1215,1676,1169,1426,629,1095,1458,1008,1340,1944,1813,1242,1131,1196,2014,700,901,700,1402,1375,540,1841,700,1212,919,849,1432,1532,755,1154,533,1452,0,1477,1167,1449,1106,1059,1553,533,1492,591,1479,1229,996,1746,1451,1588,1593,1907,1432,1623,783,1412,1394,1419,1632,1433,1696,1093,1992,1499,661,1737,1502,1311,1054,710,1312,1676,1417,150,1710,1197,309,1722,1627,736,1855,1984,1548,1966,964,1380,1190,1833,599,1553,700,451,1729,1588,1653,1445,1068,752,1418,2032,1627,1665,1391,1881,1418,1124,1421,1448,1933,1958,1496,1423,1453,1480,856,1993,992,1578,1055,1059,479,1264,1415,367,1449,1181,911,841,1921,157,1338,1615,1947,1323,700,309,700,1047,603,736,1986,847,357,1425,1693,1396,1393,1325,1480,807,275,730,1702,560,1158,760,1527,545,1242,1999,1501,1108,983,1212,1744,614,700,922,538,848,1789,1002,989,1392,1389,1457,579,1314,361,794,1845,1221,1623,941,1415,1502,1802
1088,268,1078,706,813,1171,1297,1244,308,1035,1494,1342,819,1226,1656,1391,1180,624,1444,1296,1610,1367,1368,1444,1335,701,675,1493,537,879,1260,114,112,706,1327,1540,1404,1548,1234,1108,1395,1043,1680,1341,1390,1103,775,221,1119,1067,1282,1388,1163,1664,1299,1530,623,613,407,1444,1155,1513,1513,1384,1189,1116,585,694,1116,1165,1117,1176,537,462,1579,1446,1226,854,584,714,1189,917,1189,1121,100,1299,578,1189,1234,919,1078,963,310,1208,875,1368,420,1719,0,888,1118,1128,1555,1188,1319,1127,1186,1343,1074,1497,1427,463,1233,195,624,963,1422,1225,287,888,1242,1395,931,1457,1115,579,1392,1521,578,747,1155,1244,1360,455,585,1002,1782,1301,719,1532,379,505,1584,376,509,723,1651,1373,1367,1212,555,1190,104,1189,1436,1356,1233,1054,933,1258,1564,1396,614,505,799,508,597,987,1130,1302,414,656,1595,1106,1279,327,1502,1533,1620,628,172,1556,1249,1549,407,1393,1378,417,1187,1057,1541,644,1830,454,1233,1575,465,1189,1532,1189,1108,1262,1584,1531,1529,1621,446,1237,512,1010,466,1074,1623,1611,1324,1181,1303,879,1643,219,1260,1267,1638,1495,631,629,1234,1542,1119,1189,1531,1360,1048,1263,907,995,506,937,1126,1328,879,1427,1473,537,1207,1422,925,1393,1366,1276
754,1049,907,1233,1322,998,1044,970,1103,1010,682,957,1316,1102,1336,658,1052,1089,709,567,1435,881,847,709,1165,1176,1202,913,1267,723,759,1130,1046,843,588,1370,919,1027,954,838,1133,814,1483,857,667,975,880,1083,948,315,788,1248,550,1495,1175,1355,891,1117,758,709,1017,1279,1279,655,447,846,1187,965,945,429,832,1002,823,891,1404,1276,912,49,653,1331,447,82,447,918,924,570,1337,447,954,113,1088,786,971,1021,33,639,994,978,1014,0,947,843,1068,1014,588,953,698,945,936,1011,1268,1241,1059,1056,1089,786,1252,774,937,724,1061,1222,793,1298,830,1420,1091,1016,1246,1028,1017,970,839,1002,1187,833,1033,1132,553,933,1216,1127,1063,1346,1310,1074,1482,889,968,927,1337,701,1095,447,703,1185,1059,886,798,984,1060,1135,1460,1127,1176,1080,1340,833,794,1131,910,1085,1418,933,1093,903,1226,1047,1445,813,1036,1070,975,813,952,1132,768,991,852,302,1035,1066,1089,798,1059,1408,989,447,933,447,838,743,1063,1373,981,886,881,1063,900,1017,990,901,1129,873,581,1052,658,34,1150,999,744,917,1461,1315,883,804,954,1372,497,447,983,621,476,1138,66,836,1081,805,955,809,723,818,973,1267,906,1252,84,1132,968,1151
461,1165,88,1003,1346,471,707,616,1025,289,1306,650,1340,838,692,1245,994,821,1352,1156,927,1135,1150,1352,464,1513,972,1216,860,306,917,1243,1300,1255,1236,536,1172,1330,912,811,780,452,995,1110,1264,918,888,1071,93,1148,1133,1034,1303,998,902,846,1305,823,854,1353,467,1159,1159,1244,1039,876,717,1385,96,1200,799,498,1314,957,895,534,376,1259,980,1058,1039,1324,1039,156,1261,1159,839,1039,912,1326,1185,184,1086,1133,1280,1228,1330,1440,1188,1293,0,809,1322,481,1167,420,996,282,386,1265,670,1265,561,1171,821,184,853,1027,1034,369,376,695,185,624,796,1268,424,1278,777,542,467,616,1142,1259,717,169,1496,640,945,1320,932,841,1366,1048,1177,650,986,1142,307,893,867,1372,1346,1039,1290,675,561,155,331,630,1321,782,1175,841,707,1416,914,170,305,428,854,976,909,140,175,982,872,1300,937,1085,1147,1324,621,1269,1211,779,1357,1327,577,1135,1307,947,1551,954,561,893,1270,1039,1320,1039,811,1051,1366,827,1311,1342,963,621,897,236,1272,140,1390,1332,1099,994,1287,1284,1410,959,1320,688,953,677,1413,1076,911,805,1268,1039,1312,1269,1292,875,1316,474,1417,283,8,1117,306,1406,1235,860,585,853,1033,779,305,888
587,1446,766,1213,1904,866,375,297,1300,807,902,350,1898,1030,692,1121,1215,1153,1064,1032,927,464,673,1064,661,1748,1182,739,1105,984,801,1514,1571,1488,943,737,509,850,302,487,509,822,995,639,1075,1138,1009,1346,771,1032,754,1034,1204,934,1100,846,1541,1142,1078,1065,784,1441,1441,1095,919,662,927,1617,774,1110,42,693,1449,1181,895,953,616,1058,1206,1268,919,1120,919,834,1496,1035,1069,919,302,1122,1833,863,1357,1701,1081,1104,1553,1027,1511,1094,776,0,656,682,1043,621,833,673,752,601,670,1823,634,1440,1153,863,670,522,1354,775,614,876,864,624,48,1567,632,787,986,765,784,297,665,1581,927,848,1082,663,1007,906,1205,1115,924,1334,1463,876,921,670,573,157,1075,1248,1618,919,1166,675,634,833,805,319,831,511,1474,1115,916,1634,1122,849,590,627,1107,1214,909,840,856,1276,517,629,937,1309,1422,660,305,862,1531,508,1053,1550,700,1021,815,1193,1138,1178,634,893,1568,919,906,919,487,637,924,852,729,935,1240,821,1121,860,1565,784,848,922,975,1215,1163,1085,928,1234,1196,358,953,539,1545,1300,302,783,1169,919,733,977,1170,1066,1078,669,1635,856,781,763,981,1047,753,1105,336,670,921,508,696,1079
964,1680,1235,1783,2049,1403,847,774,1796,1223,897,808,2043,1552,1125,1232,1543,1638,1059,1117,1353,378,485,1059,1098,1895,1752,555,1822,1202,962,1723,1775,1781,938,1248,162,590,662,807,974,1035,1421,272,1069,1470,1431,1678,1248,1227,378,1463,1286,1360,1625,1273,1831,1666,1300,1059,1192,1851,1851,1089,1024,815,1341,1912,1251,1187,546,1101,1763,1408,1322,1468,1124,1377,1347,1880,1024,1442,1024,1285,1643,1114,1495,1024,662,1444,1621,1306,1586,1490,1398,1220,1700,854,1736,1411,1245,557,0,1193,1245,1132,827,1118,1110,221,1103,1968,1065,1649,1638,1306,1096,376,1461,1232,1058,1346,1275,1057,544,1791,1059,275,1402,1160,1192,774,477,1724,1341,1300,1010,1088,1217,781,1724,1629,548,1857,1986,1271,1347,306,1019,641,1495,1326,1829,1024,1183,1103,1065,1315,1275,788,310,976,1762,1629,1325,1781,1550,1301,1007,1064,1515,1634,1336,1135,1306,1520,938,145,1363,1489,1634,277,779,857,1674,973,1048,1697,999,1286,436,1615,990,1402,1065,1326,1711,1025,781,1025,807,592,548,1309,624,930,1492,1333,1348,1276,1708,1119,299,917,1087,1543,1295,1403,553,1594,1274,830,1379,965,1825,1480,662,1235,1256,1025,594,972,1383,1588,1397,876,1783,1272,1253,686,1202,1042,368,1823,810,1096,1184,973,1141,1601
758,1277,244,1068,1447,179,778,715,1102,554,1483,749,1441,487,715,1567,679,887,1393,1472,847,1299,1323,1393,392,1609,1037,1447,926,595,1217,1345,1402,1335,1276,187,1336,1503,1003,915,1101,755,914,1273,1566,615,973,1148,285,1357,1362,954,1662,901,566,766,1387,889,931,1393,751,799,799,1560,1374,1081,783,1467,282,1571,890,391,1296,1034,815,454,677,1339,1060,1123,1374,1404,1374,442,1362,1475,905,1374,1003,1406,1623,307,1076,1411,1360,1544,1426,1610,1289,1373,340,901,1486,0,1495,68,1302,388,676,1429,637,1366,453,1271,887,307,755,1190,1135,911,285,614,314,668,888,1347,447,1451,843,621,751,715,1315,1362,783,354,1673,537,1028,1486,1007,918,1539,1125,1254,729,888,1305,413,985,933,1698,1448,1374,1612,588,453,556,413,729,1494,1103,1254,918,772,1512,980,354,607,355,931,1083,829,302,606,1072,894,1464,857,1163,1224,1488,720,1440,1385,1100,1679,1423,873,1551,1475,1012,1721,1031,453,806,1422,1374,1486,1374,915,1220,1539,722,1369,1512,1064,283,975,538,1424,278,1553,1502,1427,679,1616,1364,1573,1036,1647,812,872,696,1399,1154,1003,707,1619,1374,1371,1309,1546,523,1398,763,1513,585,348,1286,595,1727,1403,926,874,755,1419,1100,411,536
882,1437,1237,1811,1195,1419,1173,1105,1457,1138,188,1085,1189,1562,1563,308,1511,1759,382,200,1788,1094,696,382,1437,1363,1780,1012,1695,1124,758,1505,1397,941,309,1789,1131,939,1088,972,1269,948,1858,1069,294,1438,1281,1441,1227,466,1011,1574,296,1797,1634,1708,990,1739,1070,382,1105,1599,1599,288,232,980,1528,1064,1224,189,971,1441,922,1175,1757,1695,1041,751,1011,1865,232,631,232,1201,1267,203,1693,232,1088,649,1004,1206,1348,888,754,272,1343,861,1368,805,1247,982,1281,1536,0,1475,552,1231,1023,1224,1540,1339,1569,1431,1759,1206,1502,761,1298,1132,1402,1613,1175,1490,969,1798,1482,1097,1589,1338,1105,1105,688,1198,1528,1215,650,1512,888,783,1573,1478,1187,1706,1830,1382,1784,1101,1363,1066,1683,305,1446,232,216,1534,1569,1302,1175,1119,1187,1270,1838,1478,1512,1283,1728,1216,922,1404,1263,1484,1773,1290,1221,1267,1360,1286,1798,908,1410,1283,1110,549,1150,1267,224,1340,980,432,865,1465,893,1172,1598,1753,1208,232,783,232,972,595,1187,1733,825,447,1239,1676,1212,1191,1209,1322,1246,491,73,1511,216,776,1201,1342,251,1145,1816,1381,996,899,1088,1630,295,232,829,261,410,1598,747,798,1284,1187,1255,664,1124,276,1230,1695,1039,1502,602,1267,1254,1611
923,1505,341,1263,1959,253,894,831,1350,783,1609,865,1953,441,834,1821,632,1034,1778,1728,838,1417,1441,1778,516,1803,1232,1564,1155,818,1461,1574,1657,1539,1661,144,1454,1621,1118,1082,1173,969,905,1391,1820,570,827,1398,652,1761,1481,778,1865,892,520,757,1599,1062,1125,1778,965,756,756,1792,1626,1250,977,1673,655,1854,1005,382,1500,1229,806,348,901,1543,1257,1318,1626,1609,1626,669,1551,1731,1119,1626,1118,1611,1821,537,1416,1635,1562,1800,1608,1735,1570,1575,463,1016,1607,85,1752,0,1533,516,897,1547,628,1878,444,1499,1034,537,746,1275,1413,1142,411,607,544,659,1003,1312,575,1569,1036,815,965,831,1433,1634,977,584,1797,528,1216,1607,1257,1165,1657,1390,1517,926,879,1423,541,1100,1125,1902,1679,1626,1866,579,444,714,273,845,1613,1175,1286,1165,966,1689,1172,584,832,479,1157,1032,820,425,737,1335,787,1588,848,1360,1474,1606,836,1565,1584,1172,1942,1605,1038,1753,1589,1011,1846,1225,444,797,1621,1626,1607,1626,1082,1335,1657,713,1496,1637,1296,406,1168,767,1618,369,1673,1627,1681,632,1873,1566,1693,1284,1906,928,863,687,1588,1351,1118,698,1820,1626,1498,1694,1747,477,1597,1012,1690,814,471,1401,818,1758,1525,1155,939,746,1615,1172,539,490
642,1402,998,1262,1626,1116,845,806,1422,899,536,840,1620,1383,1299,737,1215,1409,526,541,1530,752,502,526,1191,1478,1231,629,1154,876,286,1470,1347,1105,405,1487,789,596,834,682,923,704,1597,728,528,1138,1202,1406,988,650,757,1287,716,1535,1356,1450,1153,1437,1035,526,855,1315,1315,574,417,690,976,1227,985,621,712,1121,1066,1196,1498,1393,800,786,932,1317,417,849,417,962,1226,507,1118,417,834,851,1441,900,1313,1317,807,613,1295,641,1317,820,1008,723,931,1133,558,1072,0,985,773,882,1277,1545,1178,1396,1409,900,1267,572,1241,838,1100,1370,881,1231,710,1645,1130,780,1035,814,855,806,494,1307,976,976,720,1249,834,608,1534,1439,632,1667,1789,925,1522,760,1123,807,1124,766,1396,417,782,1276,1178,1000,868,820,919,925,1617,1439,965,1381,1171,977,683,1157,1228,1405,1512,1051,982,1232,1106,909,1540,1106,1375,941,811,461,1257,922,739,1292,740,694,721,1386,752,1103,1178,1495,1294,417,608,417,682,394,632,1479,681,538,1204,1182,1177,952,1296,1019,927,528,489,1215,681,811,884,1307,714,783,1555,1138,1167,1097,834,1436,680,417,685,471,784,1419,799,551,1382,948,1016,463,876,693,841,1154,772,1267,590,922,1008,1432
475,1547,326,1302,1770,451,468,373,1393,571,1071,426,1764,631,504,1338,821,1243,1247,1252,758,982,904,1247,243,1858,1271,970,1195,573,1005,1616,1673,1590,1126,327,1019,1084,677,605,703,710,825,957,1346,745,1006,1441,340,1233,1055,854,1455,802,703,677,1640,1232,1164,1247,736,939,939,1261,1138,775,1017,1714,343,1318,569,285,1572,1270,726,545,504,1384,1310,1358,1138,1449,1138,420,1685,1255,1159,1138,677,1451,1452,448,1458,1390,1405,1324,1663,1198,1612,1418,336,580,1169,269,1266,208,995,0,655,1112,482,1689,347,1541,1243,448,649,874,1455,633,184,427,449,436,567,1656,231,1116,1076,856,736,373,896,1687,1017,433,1275,431,1253,1075,1301,1205,1120,1434,1556,967,789,989,70,664,1165,1473,1721,1138,1383,493,347,409,685,395,1160,705,1574,1205,1006,1744,1212,434,478,209,1201,1209,740,426,412,1377,689,1147,768,1411,1517,1171,381,1027,1637,702,1221,1660,589,1293,1135,1247,1309,1266,347,711,1674,1138,1075,1138,605,800,1120,616,1064,1100,1342,407,1207,518,1671,370,1178,1090,1198,821,1388,1409,1252,1324,1421,429,783,493,1632,1402,677,601,1387,1138,1066,1159,1389,667,1403,562,1745,565,344,866,573,1215,1073,1195,445,649,1190,702,23,680
318,1233,335,1041,1408,658,574,705,1069,260,968,543,1402,995,840,933,1130,860,1062,848,1072,827,830,1062,629,1571,1010,896,899,204,654,1306,1363,1301,942,702,864,1010,691,568,650,70,1151,803,942,1053,879,1115,325,868,900,1180,999,1089,1065,995,1354,862,898,1062,80,1115,1115,936,747,573,756,1434,322,903,574,661,1262,1001,1049,714,238,896,1027,1096,747,959,747,397,1323,851,878,747,691,961,1429,574,1043,1370,918,920,1388,1338,1250,931,345,585,1012,647,866,586,742,421,0,957,818,1327,719,1232,860,574,937,721,1096,524,531,804,292,772,572,1314,582,953,816,590,80,705,822,1323,756,280,1400,792,991,995,974,885,1046,1092,1221,696,1076,835,446,669,906,1073,1409,747,978,820,719,541,466,719,997,652,1221,885,745,1474,953,282,181,594,899,1084,1065,388,319,1033,976,955,1082,1130,1191,1016,710,1167,1275,649,1054,1385,434,855,981,985,1128,998,719,1038,1334,747,995,747,568,726,1046,1003,878,1240,1025,786,942,199,1336,561,1015,1046,800,1130,988,922,1094,1003,1021,551,1109,818,1365,1121,691,1034,964,747,882,951,1003,1031,910,209,1475,159,353,792,204,1103,919,899,442,937,757,649,444,1044
1012,1711,1272,1837,2086,1440,881,808,1831,1262,937,842,2080,1590,1165,1271,1585,1692,1097,1155,1393,339,526,1097,1135,1932,1806,596,1872,1239,1000,1754,1811,1768,976,1286,384,708,701,844,1021,1078,1461,126,1173,1509,1485,1711,1285,1267,530,1503,1349,1400,1931,1313,1818,1720,1310,1097,1235,1874,1895,1128,1157,852,1395,1946,1288,1245,583,1138,1776,1443,1362,1505,1171,1417,1384,1934,1063,1568,1063,1324,1680,1232,1549,1157,701,1484,2089,1349,1617,1599,1524,1239,1739,1125,1737,1451,1283,594,510,1355,1353,1294,925,1164,1170,0,1149,1973,1074,1650,1677,1384,1088,510,1478,1312,1090,1351,1355,1094,566,1872,1066,648,1466,1204,1246,781,600,1752,1402,1365,1099,1105,1246,1103,1714,1633,808,1873,2002,1320,1346,342,1065,663,1555,1555,1851,1157,1344,1105,1074,1325,1350,795,692,976,1848,1633,1373,1827,1594,1366,1066,1170,1530,1736,1334,1167,1337,1535,966,496,1362,1445,1646,119,786,935,1703,973,1166,1736,933,1411,785,1654,1221,1419,1074,1324,1739,1157,1103,1157,849,713,808,1336,757,976,1499,1425,1372,1357,1736,1151,675,1007,1240,1587,1476,1528,890,1619,1506,837,1377,969,1835,1519,673,1286,1438,1157,754,1067,1521,1723,1557,923,1829,1341,1285,775,1287,1159,714,1565,816,1088,1310,973,1187,1741
880,1698,674,1453,1882,596,752,689,1531,1012,1462,723,1876,848,24,1680,1095,1270,1628,1552,515,1075,1058,1628,300,1995,1423,1128,1321,1035,1282,1761,1815,1783,1509,588,1119,1224,810,884,1034,1122,531,1059,1591,1016,1423,1570,823,1412,1161,689,1641,526,1062,442,1814,1337,1320,1628,1209,1017,1017,1611,1436,894,1159,1884,826,1636,705,290,1734,1437,444,790,1139,1712,1444,1442,1436,1777,1436,838,1816,1555,1295,1436,810,1779,1843,719,1601,1844,1733,1619,1801,1576,1747,1746,662,716,1250,428,1562,465,1379,701,1129,1202,0,1808,182,1660,1270,719,253,976,1488,1147,474,158,726,36,703,1735,263,1242,1222,994,1209,689,1050,1766,1159,767,1534,139,1424,1502,1427,1341,1211,1517,1703,1112,513,1092,723,800,1309,1766,1861,1436,1725,254,182,863,819,703,1285,1036,1711,1341,1136,1889,1345,767,860,339,1342,1406,432,624,875,1475,236,1247,525,1505,1643,1261,694,1384,1718,1033,1760,1798,991,1477,1205,1352,1672,1429,185,463,1771,1436,1502,1436,884,1170,1211,160,1219,1424,1473,613,1366,997,1768,575,1339,1460,1506,1095,1687,1737,1297,1461,1717,787,524,133,1790,1574,810,305,1692,1436,1217,1542,1578,1028,1787,961,1891,1047,670,1225,1035,1616,1134,1321,798,253,1376,1033,724,1038
1064,475,1181,1070,97,1255,1392,1372,691,1091,1164,1437,91,1616,1751,1113,1581,862,1121,1017,1694,1146,1120,1121,1378,595,1040,1242,878,988,1049,486,469,357,1003,1636,1190,1175,1320,1209,1485,1142,1763,1130,1128,1507,1070,590,1222,756,1079,1525,899,1758,1579,1613,298,953,351,1121,1276,1539,1539,1100,897,1219,767,332,1219,895,1220,1261,237,275,1662,1551,1279,538,468,1058,897,606,897,1247,345,1020,869,897,1320,608,856,1040,599,934,556,1177,407,1376,397,569,1221,1231,1321,1263,1029,1202,994,1397,1196,1274,1524,0,1315,578,862,1040,1499,1044,356,968,1313,1450,1011,1550,1218,953,1463,1325,830,847,1276,1372,1113,178,767,1086,1293,1379,474,1288,717,634,1163,821,946,765,1745,1164,1420,1315,916,907,476,897,1085,1445,1315,1170,1055,1386,1368,1499,1031,634,842,497,949,1069,1117,1345,434,1027,1678,1202,1323,525,1620,1319,1704,291,543,1333,1377,1184,130,1484,1100,404,1156,762,1279,968,1472,298,1315,1657,183,897,1288,897,1209,1002,1163,1586,1303,1226,489,1304,520,1068,180,1170,1410,1261,1013,1581,1007,560,1368,519,984,1363,1721,1556,329,360,1320,1619,826,897,1301,1036,779,1651,610,973,499,994,1229,1079,988,1156,1208,878,1316,1499,621,1481,1420,1669
819,1694,496,1449,1878,592,685,622,1527,736,1395,656,1872,805,277,1612,1050,1266,1556,1469,484,1009,997,1556,113,1991,1419,1067,1317,787,1216,1757,1811,1779,1437,540,1053,1163,742,818,950,1061,578,993,1526,971,1419,1566,509,1349,1095,658,1575,568,1031,411,1810,1333,1316,1556,919,986,986,1546,1368,828,1155,1880,512,1568,638,103,1730,1433,472,744,851,1432,1440,1438,1368,1496,1368,587,1812,1472,1291,1368,742,1498,1577,715,1597,1575,1453,1536,1797,1509,1743,1466,336,649,1184,478,1494,417,1316,359,877,1136,252,1804,0,1656,1266,715,428,913,1484,802,281,33,722,202,636,1731,57,1171,1218,990,919,622,989,1762,1155,597,1460,179,1420,1419,1423,1337,1150,1513,1699,1108,555,1026,383,733,1305,1694,1857,1368,1657,223,180,556,815,636,1215,952,1707,1337,1132,1885,1341,763,798,152,1338,1402,490,564,568,1471,597,1181,494,1501,1639,1195,627,1317,1714,949,1547,1794,930,1410,1138,1348,1605,1425,0,432,1767,1368,1419,1368,818,1109,1150,362,1160,1357,1469,553,1362,718,1764,515,1273,1393,1438,1050,1615,1457,1235,1457,1645,720,536,330,1786,1570,742,348,1624,1368,1156,1470,1515,840,1486,896,1887,790,344,1164,790,1540,1067,1317,731,428,1309,950,382,858
1243,419,1249,619,562,1186,1447,1433,249,1146,1603,1486,556,1040,1820,1587,1004,546,1586,1441,1437,1496,1545,1586,1445,515,589,1662,453,1041,1402,158,215,768,1468,1081,1541,1592,1374,1269,1526,1195,1504,1481,1537,927,619,164,1290,1202,1419,1225,1361,1444,1141,1356,560,537,557,1586,1331,1311,1311,1524,1338,1276,507,618,1287,1332,1276,1326,564,584,1405,1619,1332,998,713,781,1338,1058,1338,1311,350,1444,650,1338,1374,1060,1255,1108,466,1339,1022,1508,305,1846,253,1035,1289,1287,1685,1331,1466,1270,1337,1464,1251,1623,1586,701,1380,0,546,1108,1564,1369,509,1036,1380,1301,1079,1612,1274,426,1454,1673,522,901,1331,1433,1537,665,507,1154,1647,1445,869,1711,301,447,1580,280,309,716,1431,1514,1487,1371,382,1399,262,1338,1556,1191,1380,1238,1122,1447,1717,1528,500,447,492,393,512,1137,1297,1412,570,501,1419,1270,1372,491,1677,1677,1447,773,132,1682,1438,1655,617,1525,1571,302,1336,1204,1642,617,1942,576,1380,1405,670,1338,1711,1338,1269,1421,1580,1648,1731,1695,596,1371,669,1123,667,1238,1759,1735,1458,1004,1473,1026,1717,372,1477,1418,1462,1618,653,825,1374,1442,1289,1338,1727,1501,1251,1076,1077,1152,395,1049,1297,1676,1041,1627,1564,453,1371,1563,1073,1525,1487,1095
838,660,874,243,899,784,1049,1018,361,783,1464,1090,893,625,1256,1396,588,180,1470,1248,1022,1194,1207,1470,1018,1079,213,1325,203,656,1102,737,791,1000,1352,678,1238,1262,979,873,1138,809,1098,1178,1344,529,204,317,850,1065,1127,825,1181,1037,725,942,938,20,682,1470,908,871,871,1331,1144,883,116,972,847,1179,876,877,875,709,996,923,947,882,746,120,1144,943,1144,911,925,1251,99,1144,979,945,1375,790,489,1317,905,1315,880,1461,828,918,870,887,1369,907,1275,876,1045,944,828,1321,1160,825,848,645,0,790,996,1091,659,697,941,827,740,1190,874,507,944,1372,86,436,908,1018,1199,783,116,838,1412,1002,781,1376,457,419,1249,323,491,402,1024,1211,966,971,155,1316,834,1144,1441,773,848,862,719,1032,1415,1140,464,419,264,968,76,838,890,983,442,46,1012,950,844,566,1297,1366,1032,805,381,1380,1023,1267,735,1137,1473,877,930,1068,1327,52,1557,701,851,986,788,1144,1376,1144,873,1088,1249,1246,1387,1307,554,939,701,760,785,863,1455,1345,1222,588,1295,909,1413,449,1427,1022,1056,1081,974,857,979,996,1110,1144,1385,1385,1061,660,887,758,970,686,878,1339,656,1529,1255,203,976,996,905,1137,967,678
504,1257,221,1054,1367,297,754,535,1079,284,1429,788,1361,641,703,1365,890,860,1161,1217,773,1156,1254,1161,404,1538,1024,1373,894,351,979,1342,1416,1360,1043,371,1200,1309,1078,901,828,419,839,1140,1309,823,964,1115,494,1195,1157,942,1418,833,741,691,1397,862,916,1161,493,995,995,1300,1113,911,765,1473,491,1325,1019,317,1343,1033,740,512,411,1200,1018,1042,1113,1261,1113,148,1301,1220,867,1113,1078,1263,1144,180,1051,1150,1224,1284,1351,1418,1232,1237,514,1030,1331,309,1244,248,1072,231,445,1283,580,1293,376,1254,860,0,699,1053,1089,108,343,509,7,622,1017,1302,402,1334,828,592,493,535,1246,1259,765,74,1369,450,1031,1419,978,894,1342,1116,1245,705,820,1173,255,1114,914,1446,1439,1113,1410,515,376,207,384,558,1377,830,1263,894,741,1442,947,74,338,367,890,1025,754,244,488,997,894,1328,783,1081,1185,1342,543,1224,1211,827,1442,1348,609,1181,1289,952,1514,1025,376,730,1269,1113,1419,1113,901,1136,1342,633,1290,1266,989,353,952,269,1271,212,1418,1303,1191,890,1366,1228,1376,1011,1396,646,797,645,1442,1155,1078,619,1391,1113,1288,1076,1359,676,1219,506,1444,319,522,1387,351,1498,1217,894,635,699,1082,827,254,694
950,1815,984,1594,2197,824,832,769,1684,1218,1564,803,2191,1014,685,1760,1341,1428,1730,1615,521,1153,1132,1730,700,2081,1564,1201,1478,1259,1347,1877,1933,1875,1611,817,1197,1297,889,962,1111,1198,434,1137,1707,1291,1569,1723,997,1483,1239,733,1712,429,981,402,1923,1476,1452,1730,1176,943,943,1712,1509,973,1313,2019,1000,1708,779,690,1828,1569,347,1011,976,1574,1563,1581,1509,1639,1509,1066,1828,1618,1453,1509,889,1641,1943,968,1718,1944,1595,1682,1891,1678,1840,1608,887,790,1328,668,1642,694,1480,854,1352,1280,389,2123,582,1778,1428,968,0,1050,1693,1277,831,558,975,428,777,1897,626,1331,1377,1123,1176,769,1124,1910,1313,1024,1636,495,1560,1584,1578,1494,1330,1639,1866,1241,416,1170,876,874,1466,1847,1982,1509,1805,595,582,1041,1056,783,1374,1113,1873,1494,1283,1981,1502,1024,934,739,1497,1564,335,849,1053,1666,274,1325,435,1611,1796,1339,774,1486,1861,1110,1840,1888,1065,1550,1286,1491,1774,1564,585,495,1897,1509,1583,1509,962,1245,1330,168,1288,1526,1591,838,1500,1202,1901,802,1415,1565,1584,1341,1767,1599,1373,1614,1797,867,427,221,1895,1665,889,104,1764,1509,1286,1644,1649,954,1628,1039,1983,1255,895,1297,1258,1718,1214,1478,878,180,1450,1110,877,964
743,1360,1112,1524,1980,1194,667,604,1448,1017,593,638,1974,1532,1140,853,1272,1389,743,854,1317,353,169,743,1051,1866,1494,259,1651,1027,653,1451,1506,1527,623,1263,403,365,638,575,889,809,1387,331,717,1199,1207,1362,1126,950,524,1513,1039,1328,1450,1239,1573,1416,992,743,962,1407,1407,737,752,744,1057,1639,1129,947,533,1054,1488,1109,1288,1490,900,1093,1315,1603,752,1153,752,1078,1612,820,1185,752,638,1155,1644,1049,1268,1284,1117,762,1672,716,1380,1130,1123,544,535,1201,902,1140,518,1010,886,487,1114,1906,1039,1350,1389,1049,1053,0,1234,933,936,1316,976,1059,531,1661,1031,556,1120,890,963,605,161,1685,1057,1051,679,1070,1179,693,1422,1339,352,1579,1698,1267,1315,366,911,628,1207,991,1547,752,898,1070,1039,1171,955,619,596,891,1637,1339,1034,1760,1240,1034,795,1016,1191,1448,1302,1013,1088,1194,931,521,1327,1378,1338,546,610,516,1636,888,754,1669,835,1004,326,1366,812,1101,1039,1289,1672,752,693,752,575,284,352,1301,282,558,1158,1272,1041,1074,1669,997,635,603,827,1272,1027,1121,473,1276,941,806,1345,934,1552,1452,638,1251,1000,752,279,656,1105,1568,1112,661,1762,1059,1131,281,1027,747,448,1651,785,1053,905,888,1033,1586
1017,226,978,961,583,1052,1226,1187,463,927,1342,1271,385,1413,1544,1216,1375,763,1203,1099,1498,1285,1336,1203,1180,466,931,1456,677,824,1280,266,348,550,1085,1434,1329,1389,1154,1042,1324,978,1564,1269,1210,1305,902,378,1019,838,1218,1350,998,1559,1514,1417,469,753,300,1203,1108,1362,1362,1182,977,1053,662,503,1016,950,1054,1061,387,166,1465,1349,1331,634,565,949,977,697,977,1035,217,1102,763,977,1154,699,974,897,403,1048,661,1170,276,1465,148,674,1018,1065,1460,1060,1115,999,1137,1074,1028,1412,1332,317,1119,355,763,897,1302,1182,0,804,1112,1255,847,1362,1052,741,1257,1473,725,672,1108,1187,1328,275,662,949,1416,1183,571,1429,513,525,1422,523,647,665,1546,1302,1096,1149,596,1005,256,981,1188,1251,1119,969,873,1201,1511,1326,629,525,733,364,728,949,1071,1147,327,825,1479,999,1164,298,1449,1458,1508,387,331,1471,1192,1272,227,1323,1203,273,1110,848,1419,859,1561,189,1119,1464,280,981,1429,981,1042,1218,1422,1403,1523,1312,382,1103,414,904,277,967,1547,1349,1099,1375,1110,665,1505,431,1083,1197,1521,1360,482,456,1154,1422,929,981,1519,1122,882,1449,710,929,366,830,1026,1470,824,1259,1347,677,1150,1302,716,1323,1097,1467
696,1336,277,1102,1445,353,958,653,1135,478,1603,687,1439,868,825,1574,1034,908,1377,1428,819,1340,1325,1377,495,1616,1072,1510,941,354,1175,1420,1475,1420,1259,662,1384,1488,987,1087,1047,499,885,1324,1524,955,1020,1173,318,1305,1338,1001,1531,878,968,737,1457,910,973,1377,528,1235,1235,1511,1327,1098,812,1540,315,1527,1119,366,1381,1090,786,577,605,1342,1074,1090,1327,1406,1327,309,1379,1431,915,1327,987,1408,1299,72,1107,1305,1363,1495,1429,1653,1310,1376,317,1130,1524,363,1453,302,1270,355,448,1467,622,1371,424,1332,908,72,747,1237,1167,0,337,557,43,653,1117,1365,671,1533,875,643,528,653,1317,1337,812,118,1611,496,1091,1559,1034,950,1522,1172,1301,761,865,1357,379,1214,961,1653,1516,1327,1619,563,424,263,440,667,1577,1049,1326,950,788,1520,994,101,532,458,947,1026,800,300,672,1075,748,1517,829,1137,1244,1526,658,1461,1289,1046,1651,1426,799,1369,1476,1000,1749,1082,424,778,1347,1327,1559,1327,1087,1270,1522,679,1475,1501,1067,409,1008,463,1349,268,1601,1540,1397,1034,1574,1367,1559,1067,1604,837,843,649,1518,1211,987,667,1583,1327,1471,1292,1471,903,1396,692,1522,358,325,1524,354,1707,1401,941,826,747,1268,1046,378,921
625,1474,192,1228,1861,335,527,432,1293,403,1148,485,1855,555,513,1423,806,1043,1315,1360,682,1036,1009,1315,295,1745,1198,965,1105,468,1106,1565,1619,1545,1197,287,1080,1061,772,700,767,613,759,1020,1279,739,962,1331,196,1230,1122,850,1454,742,661,609,1591,1111,1091,1315,642,917,917,1299,1259,864,934,1657,199,1474,666,216,1506,1208,660,491,530,1468,1194,1216,1259,1533,1259,259,1491,1363,1063,1259,772,1535,1249,285,1265,1255,1489,1427,1551,1265,1507,1502,127,677,1211,223,1385,162,1075,128,562,1163,486,1787,280,1464,1043,285,604,940,1361,473,0,415,286,432,664,1538,209,1206,997,764,642,432,1001,1570,934,270,1311,355,1206,1182,1192,1108,1048,1345,1474,882,729,1053,152,761,1082,1586,1662,1259,1468,421,280,236,558,454,1250,769,1499,1108,909,1639,1115,271,457,258,1096,1203,674,89,248,1224,711,1208,692,1257,1402,1222,440,1072,1521,766,1300,1548,665,1297,1166,1126,1361,1200,280,635,1557,1259,1182,1259,700,888,1048,538,1193,1114,1222,78,1124,388,1554,65,1300,1148,1329,806,1507,1493,1258,1225,1537,578,717,457,1570,1331,772,524,1521,1259,1191,1230,1395,590,1542,625,1641,464,135,964,468,1293,1095,1105,533,604,1198,766,151,608
789,1795,597,1575,1992,671,667,604,1665,820,1341,638,1986,875,244,1613,1123,1409,1505,1438,842,979,968,1505,139,2095,1545,1038,1459,863,1185,1857,1913,1855,1386,620,1023,1134,711,787,916,1031,751,963,1472,1044,1444,1704,610,1314,1065,1023,1540,746,976,760,1888,1457,1432,1505,1030,1346,1346,1492,1337,797,1294,1984,612,1537,607,129,1807,1549,809,817,938,1400,1558,1562,1337,1464,1337,667,1842,1441,1434,1337,711,1466,1654,794,1695,1655,1421,1505,1904,1457,1950,1434,357,618,1154,557,1463,496,1264,433,950,1106,219,1918,24,1755,1409,794,483,883,1603,880,408,0,801,169,605,1873,191,1141,1358,1104,1030,604,960,1891,1294,681,1408,359,1540,1372,1559,1475,1121,1620,1843,1222,733,996,457,702,1447,1663,1962,1337,1658,587,24,649,892,618,1185,918,1849,1475,1264,1997,1483,682,769,178,1478,1545,654,343,661,1646,566,1151,852,1591,1777,1165,609,1263,1843,915,1493,1904,900,1378,1108,1472,1553,1544,27,801,1903,1337,1372,1337,787,1080,1121,390,1131,1303,1584,632,1480,804,1907,355,1243,1341,1407,1123,1584,1425,1204,1595,1614,702,746,353,1869,1645,711,538,1593,1337,1127,1419,1480,910,1454,866,1999,862,365,1135,862,1486,1037,1459,764,483,1277,915,456,928
634,1253,214,1047,1363,290,900,606,1072,419,1591,640,1357,635,769,1521,883,853,1317,1375,767,1286,1264,1317,432,1534,1017,1458,887,459,1122,1338,1359,1311,1218,363,1330,1428,1213,1092,988,547,872,1270,1447,816,942,1108,255,1244,1278,912,1469,810,746,683,1361,885,895,1322,648,977,977,1439,1242,1105,740,1435,252,1427,1184,308,1272,1016,755,508,539,1284,989,981,1242,1351,1242,261,1240,1359,858,1242,1231,1353,1255,135,1016,1251,1302,1423,1311,1593,1219,1316,254,1195,1446,300,1375,239,1203,277,567,1388,564,1267,370,1227,843,135,669,1181,1062,56,272,476,0,600,1181,1239,595,1401,803,567,648,578,1249,1231,740,191,1607,432,1001,1501,932,860,1404,1059,1206,671,797,1277,301,1331,887,1574,1401,1242,1544,486,370,203,380,603,1444,972,1187,860,696,1403,938,191,453,427,859,1016,775,236,615,973,697,1432,723,1052,1149,1447,587,1399,1183,969,1586,1308,738,1307,1379,900,1689,1010,370,709,1234,1242,1501,1242,1092,1185,1404,617,1413,1441,955,360,921,392,1249,204,1504,1483,1321,858,1498,1305,1420,976,1527,769,830,588,1407,1106,1231,602,1486,1242,1410,1251,1393,696,1342,632,1405,439,262,1260,473,1642,1307,869,758,669,1210,969,300,711
1000,1798,633,1538,1973,659,844,774,1626,810,1494,814,1967,1018,74,1769,926,1502,1666,1631,441,1170,1166,1666,259,2086,1509,1241,1433,915,1371,1854,1910,1818,1557,680,1214,1331,885,900,1049,941,610,1152,1718,855,1184,1673,642,1525,1261,640,1736,517,1017,413,1864,1413,1416,1666,1088,956,956,1714,1512,1003,1269,1960,645,1674,808,249,1769,1538,490,878,931,1591,1533,1509,1512,1659,1512,718,1831,1634,1425,1512,885,1661,1709,834,1698,1706,1609,1698,1899,1601,1947,1623,488,819,1357,515,1652,555,1395,521,1007,1299,49,1891,141,1765,1502,834,306,1088,1682,930,433,117,841,0,805,1891,222,1306,1333,1084,1088,774,1158,1857,1269,893,1615,181,1525,1519,1528,1438,1319,1606,1818,1192,504,1187,545,1024,1419,1857,1954,1512,1814,213,141,684,883,790,1349,1051,1872,1438,1227,1990,1480,893,995,298,1452,1428,512,728,696,1646,299,1342,451,1575,1752,1358,780,1408,1809,1048,1862,1896,1160,1571,1283,1428,1697,1532,144,427,1862,1512,1519,1512,900,1276,1323,213,1324,1450,1571,717,1453,791,1879,681,1412,1493,1596,923,1778,1613,1327,1567,1808,878,568,183,1815,1612,885,362,1737,1512,1321,1590,1682,968,1599,1099,1992,838,496,1332,915,1674,1215,1433,889,306,1474,1048,544,993
607,1411,826,1167,1593,889,395,306,1216,841,961,359,1587,1158,705,1169,1091,1118,1111,1033,847,607,633,1111,788,1703,1138,706,1064,856,799,1485,1538,1471,998,868,650,797,313,474,498,648,1008,585,1139,1011,1012,1257,835,994,714,1064,1150,911,1248,818,1530,1041,1052,1111,835,1384,1384,1116,902,444,892,1602,838,1053,63,792,1432,1173,890,1072,654,1036,1146,1137,902,1102,902,910,1448,1036,1039,902,313,1104,1611,889,1202,1604,1055,1100,1523,1069,1463,1069,836,74,786,806,1039,745,861,722,787,736,679,1511,637,1418,1118,889,630,492,1303,837,669,856,942,624,0,1448,627,735,956,721,835,306,625,1554,892,926,1083,637,1065,989,1118,1047,809,1259,1406,829,898,623,622,176,1041,1242,1579,902,1214,634,637,877,841,328,779,512,1395,1047,847,1609,1092,927,618,753,1050,1259,910,898,889,1182,495,775,857,1213,1333,795,314,876,1515,497,1245,1520,470,1030,722,1056,1165,1167,637,848,1544,902,989,902,474,662,809,777,793,919,1180,887,1078,898,1559,851,833,957,988,1091,1167,1059,767,1162,1196,378,966,523,1510,1267,313,849,1113,902,788,1112,1123,1194,1041,709,1611,880,844,796,856,1137,651,1064,356,630,919,497,745,1210
1165,638,1122,655,889,1195,1384,1333,369,1052,1788,1428,895,1107,1700,1753,1062,585,1850,1742,1449,1475,1504,1850,1354,767,626,1659,491,948,1387,451,503,951,1742,1140,1520,1552,1281,1181,1468,1097,1619,1460,1829,982,658,286,1163,1468,1403,1290,1534,1523,1198,1422,846,560,764,1850,1232,1347,1347,1825,1618,1193,535,882,1160,1535,1198,1204,825,781,1499,1497,1235,1227,920,691,1618,1294,1618,1111,659,1745,562,1618,1281,1296,1422,983,684,1469,1245,1804,615,2126,561,1259,1162,1209,1676,1203,1763,1142,1334,1356,1151,1604,1457,907,1260,492,585,983,1432,1372,733,926,1177,1366,969,1483,1195,0,1424,1615,556,790,1232,1333,1496,863,535,1044,1791,1312,1068,1707,325,435,1541,232,268,702,1510,1493,1379,1311,399,1666,566,1618,1798,1240,1260,1114,992,1349,1659,1476,101,435,510,588,548,1027,1203,1321,483,540,1521,1142,1281,711,1581,1656,1459,996,358,1663,1339,1929,815,1461,1761,612,1274,1437,1607,649,2222,775,1260,1458,863,1618,1707,1618,1181,1385,1541,1523,1697,1973,607,1262,867,1025,875,1110,1721,2019,1715,1062,1659,1249,1637,468,1756,1355,1577,1489,908,1052,1281,1547,1480,1618,1692,1909,1407,1143,1288,1045,587,951,1170,1460,948,1817,1529,491,1286,1432,1309,1461,1379,1159
652,1546,358,1254,1941,402,642,550,1303,536,1311,610,1935,679,304,1620,876,1197,1482,1499,473,945,952,1482,197,1804,1225,1027,1143,657,1232,1633,1687,1566,1373,384,989,1119,656,781,906,674,642,927,1483,807,1167,1346,367,1375,1038,672,1586,549,763,445,1608,1128,1136,1482,825,988,988,1504,1367,776,973,1668,370,1530,586,187,1527,1260,522,591,664,1447,1247,1224,1367,1515,1367,445,1549,1502,1118,1367,656,1517,1441,577,1288,1433,1465,1566,1603,1427,1584,1479,368,597,1132,319,1500,258,1224,249,744,1074,279,1632,138,1544,1197,577,491,871,1424,659,201,78,474,229,583,1535,0,1067,1036,804,825,550,944,1655,973,458,1441,254,1247,1342,1206,1129,1138,1347,1494,912,536,962,273,801,1120,1699,1728,1367,1665,245,138,409,628,575,1111,908,1483,1129,930,1689,1171,459,580,270,1134,1229,544,415,421,1269,523,1117,483,1308,1422,1133,559,1228,1616,905,1711,1600,812,1428,1053,1143,1523,1253,231,457,1645,1367,1342,1367,781,1025,1138,398,1125,1273,1273,404,1167,517,1660,366,1180,1316,1446,876,1623,1469,1095,1248,1652,680,600,242,1574,1362,656,424,1593,1367,1120,1406,1521,715,1453,749,1691,564,376,1120,657,1484,982,1143,766,491,1329,905,272,730
979,1678,1301,1667,2071,1479,868,771,1799,1251,793,809,2065,1720,1161,1125,1502,1539,1150,1170,1285,307,572,1150,1232,1928,1638,458,1789,1231,1029,1737,1793,1605,1037,1429,311,314,660,802,982,1029,1455,286,965,1428,1369,1667,1314,1282,483,1510,1123,1359,1840,1258,1858,1563,1278,1150,1187,1803,1803,986,1124,814,1350,1947,1317,1304,568,1236,1763,1403,1335,1635,1140,1483,1371,1753,1124,1551,1124,1306,1673,1167,1514,1124,660,1553,1472,1357,1581,1268,1501,1031,1727,632,1730,1515,1311,579,427,1364,1111,1303,900,1175,1105,373,1135,1989,1096,1648,1539,1357,1054,482,1455,1285,1124,1335,1328,1080,565,1760,1081,0,1414,1154,1187,771,564,1781,1350,1320,729,1081,1224,539,1701,1622,311,1844,1991,1261,1346,320,1078,681,1500,1126,1837,1124,955,1073,1096,1359,1303,787,134,984,1740,1622,1303,1813,1783,1321,1018,1198,1501,1616,1357,1201,1320,1522,942,220,1295,1439,1623,432,777,709,1742,981,891,1724,1088,1317,219,1516,770,1396,1096,1302,1771,1124,539,1124,802,487,311,1306,744,752,1486,1443,1347,1306,1788,1185,61,784,1213,1502,1104,1505,186,1609,1081,851,1413,960,1808,1494,660,1283,1143,1124,356,870,1428,1755,1490,864,1815,1288,1319,472,1231,885,151,1789,829,1054,1270,981,1198,1771
951,809,923,24,929,996,1181,1188,385,1064,1454,1226,923,780,1369,1383,728,125,1427,1238,1111,1169,1133,1427,1157,1084,37,1287,357,747,1077,750,1047,1007,1324,810,1213,1194,1064,977,1279,896,1281,1151,1327,659,253,347,964,1083,1104,954,1125,1185,863,1084,949,127,679,1427,1025,987,987,1321,1124,990,21,983,961,1125,981,1005,885,696,1161,1293,1189,870,657,145,1124,936,1124,911,830,1241,173,1124,1064,938,1226,782,524,1299,889,1305,883,1421,840,903,963,992,1356,1003,1259,942,1030,920,944,1298,1267,847,1062,443,125,782,1234,1087,676,730,978,977,789,1297,978,675,1102,1305,0,592,1025,1188,1125,806,21,841,1435,1116,690,1336,491,440,1183,360,529,300,1172,1186,943,1094,202,1292,845,1124,1428,898,1062,915,791,1204,1348,1281,653,440,255,969,43,841,1103,1124,441,301,1183,943,1273,567,1560,1341,1121,714,420,1357,1194,1222,758,1278,1470,880,1060,1053,1282,158,1517,690,1062,1112,806,1124,1336,1124,977,1019,1183,1338,1312,1267,561,1063,603,1045,818,911,1407,1310,1208,728,1251,893,1322,484,1412,1152,1239,1301,984,749,1064,1348,1070,1124,1309,1305,995,817,880,839,971,753,971,1094,747,1526,1210,357,1083,1234,898,1278,943,832
838,704,811,478,808,886,1063,1070,511,949,1603,1104,802,936,1250,1422,890,307,1474,1385,1273,1283,1313,1474,1051,965,449,1468,333,635,1191,780,843,894,1371,1231,1327,1369,955,868,1157,784,1382,1268,1476,821,419,559,852,1128,1220,1097,1195,1377,1028,1246,835,349,497,1474,878,1195,1195,1468,1271,880,194,869,849,1196,868,896,767,582,1323,1176,1075,898,578,445,1271,964,1271,797,710,1388,322,1271,955,966,1169,667,489,1277,917,1452,767,1598,712,931,851,879,1477,894,1404,832,1145,800,797,1412,1167,726,952,693,307,667,1124,1205,553,615,962,1060,674,1197,865,761,975,1434,261,0,878,1070,1305,685,194,726,1663,1006,617,1516,422,322,1357,506,650,210,1363,1301,823,981,350,1316,876,1271,1467,1060,952,800,704,1084,1472,1159,742,322,138,854,406,726,989,1015,322,450,1241,833,1167,448,1440,1459,1282,657,632,1471,1075,1405,637,1156,1423,764,946,1098,1404,364,1694,574,952,1289,685,1271,1516,1271,868,1200,1357,1238,1505,1447,442,953,524,930,697,801,1528,1490,1380,890,1321,921,1444,449,1406,1036,1400,1187,850,690,955,1238,1141,1271,1500,1403,1065,972,952,728,856,673,859,1275,635,1479,1331,333,971,1124,979,1156,823,988
476,1271,537,1057,1435,825,709,793,1078,443,983,741,1429,1146,1030,957,1040,886,999,830,1153,738,777,999,776,1581,1028,741,912,152,640,1345,1400,1161,891,856,781,834,634,539,781,318,1323,722,917,960,976,1119,527,823,845,1380,997,1263,1236,1126,1207,931,943,999,0,1215,1215,913,712,544,783,1272,524,870,542,780,1122,1064,1203,890,633,852,1037,1027,712,918,712,687,1376,833,901,712,634,920,1420,545,1064,1412,871,897,1397,1275,1305,885,547,553,922,794,842,733,694,582,276,867,1004,1353,838,1278,887,545,1011,634,1148,493,714,908,552,949,539,1294,754,867,846,614,0,793,770,1317,783,277,1273,892,882,988,979,908,823,1105,1252,719,1250,757,605,655,931,1041,1442,712,1002,941,838,922,496,770,911,795,1241,908,740,1489,982,279,516,741,911,1013,1225,590,521,1042,916,896,1163,1100,1195,926,798,1075,1269,780,1048,1394,585,829,849,946,1371,1058,838,1165,1320,712,988,712,537,662,823,1132,917,1120,1040,876,969,416,1335,740,965,1163,794,1041,967,875,899,1024,996,690,1281,966,1201,1154,634,1124,933,712,911,905,933,1182,854,364,1492,342,555,737,152,1104,782,913,628,1011,735,780,605,1198
356,1266,549,1152,1416,721,91,180,1180,539,832,52,1410,984,758,1162,1201,1103,998,1015,894,676,655,998,518,1562,1123,809,1049,792,781,1353,1408,1343,885,701,719,731,492,245,10,517,1058,660,1001,1124,997,1221,558,938,787,1111,1132,963,1074,865,1393,1026,896,998,555,1434,1434,1022,884,422,877,1475,561,1035,441,519,1304,1017,938,943,297,1007,1022,1122,884,1073,884,592,1357,1018,1024,884,492,1075,1584,619,1166,1577,1026,1082,1378,936,1286,1040,559,452,858,638,1021,577,673,448,507,805,732,1334,647,1264,1103,619,767,572,1129,807,392,680,620,677,438,1408,475,811,941,706,555,0,647,1422,877,604,929,688,933,851,1082,1011,720,1219,1366,814,950,695,343,588,1026,1224,1450,884,1207,681,647,600,821,21,855,8,1355,1011,832,1470,1077,605,314,481,1014,1245,960,465,604,1146,655,840,904,1085,1297,864,8,747,1383,11,1016,1375,204,987,797,1041,1032,1011,689,896,1412,884,851,884,245,546,720,847,842,790,1144,719,954,596,1427,453,909,830,969,1201,1149,1031,844,1126,1178,135,1016,680,1382,1139,492,989,1095,884,836,999,1066,1020,1013,356,1472,578,567,624,792,1010,727,1049,119,767,891,11,471,1036
741,1335,1088,1422,1488,1216,661,580,1349,1001,590,629,1482,1311,1116,918,1264,1296,745,804,1240,341,8,745,1032,1628,1393,160,1560,999,628,1422,1475,1487,632,1221,393,264,613,558,884,780,1410,314,760,1192,1125,1321,1101,894,516,1465,983,1314,1447,1213,1546,1320,949,745,938,1436,1436,781,727,729,1043,1613,1104,885,523,1035,1448,1070,1290,1518,900,1086,1075,1510,727,1152,727,1056,1429,764,1195,727,613,1154,1497,1004,1243,1253,1105,802,1448,703,1358,1119,1098,534,537,1159,903,1098,497,968,856,479,1090,1406,1158,1333,1296,1004,1008,189,1201,947,915,1197,990,1035,520,1631,1036,509,1106,876,938,580,0,1479,1043,1065,717,1036,1155,572,1412,1333,97,1556,1703,1214,1301,352,871,636,1190,1103,1516,727,963,1028,1158,1146,950,605,551,898,1611,1333,1003,1541,1540,1048,778,997,1153,1372,1312,988,1074,1169,897,518,1250,1138,1305,538,589,502,1440,883,776,1445,849,927,244,1273,799,1064,1051,1256,1469,727,572,727,558,172,97,1264,200,546,1133,1241,1007,1058,1484,976,597,594,814,1264,1029,1109,335,1238,1058,734,1368,914,1519,1192,613,1236,946,727,195,665,1010,1347,1092,631,1543,1040,1106,182,999,770,302,1560,723,1008,872,883,991,1363
1006,351,970,933,203,1043,1231,1173,508,1112,1177,1276,197,1404,1421,1122,1358,880,1168,1074,1421,1130,1094,1168,1202,473,904,1251,830,796,1037,358,350,291,1060,1396,1174,1155,1115,1027,1329,945,1538,1112,1180,1286,874,432,1011,832,1064,1324,895,1533,1494,1394,235,807,288,1168,1077,1374,1374,1187,939,1040,682,269,1008,894,1032,1052,172,149,1471,1344,1237,546,472,903,939,616,939,958,219,1077,800,939,1115,618,756,830,497,854,563,1191,274,1444,275,577,1010,1043,1317,1051,1184,990,990,969,996,1259,1313,121,1109,589,880,830,1281,1048,232,778,1025,1216,837,1343,1029,811,1144,1266,745,629,1077,1173,1086,0,682,889,1230,1162,462,1295,667,582,1144,752,896,656,1520,1147,992,1145,829,944,348,939,1096,1214,1109,962,842,1189,1309,1331,896,582,720,360,880,889,1151,1169,312,940,1493,990,1321,423,1612,1302,1431,271,390,1318,1179,1244,86,1328,1111,271,1115,754,1243,822,1329,172,1109,1432,134,939,1295,939,1027,982,1146,1384,1276,1289,387,1110,392,875,146,958,1370,1333,1028,1358,1016,567,1285,397,1034,1202,1549,1352,255,321,1115,1395,839,939,1273,1072,766,1440,605,890,362,801,1018,1057,796,1167,1173,830,1133,1281,623,1328,992,1455
920,704,894,45,810,967,1151,1158,406,1034,1353,1196,804,814,1339,1286,763,146,1333,1143,1145,1079,1039,1333,1127,967,58,1200,398,717,984,1059,1065,895,1228,844,1123,1096,1034,947,1249,866,1315,1061,1230,694,454,368,934,993,1013,988,1038,1456,897,1118,837,148,559,1333,997,1030,1030,1226,1026,960,180,871,931,1038,947,975,769,582,1195,1263,1159,782,627,166,1026,848,1026,881,712,1146,208,1026,1034,850,1195,752,489,1210,801,1210,769,1330,714,815,933,958,1266,973,1162,912,941,890,916,1208,1239,728,1032,464,146,752,1204,972,555,700,948,1028,759,1269,944,693,1062,1213,21,562,997,1158,1031,687,0,811,1328,1086,661,1244,485,322,1085,381,550,270,1443,1096,913,1060,224,1205,867,1026,1331,933,1032,885,761,1174,1257,1251,672,322,138,856,64,811,1073,1094,322,336,1217,913,1243,448,1530,1251,1155,684,441,1267,1164,1131,639,1248,1373,766,1029,963,1191,179,1426,574,1032,1156,687,1026,1244,1026,947,921,1085,1310,1223,1176,442,1033,573,1015,699,881,1316,1219,1111,763,1164,805,1232,449,1319,1122,1273,1272,852,719,1034,1318,983,1026,1219,1204,908,850,792,809,858,724,941,996,717,1429,1119,398,1053,1204,810,1248,913,865
452,1053,243,882,1241,318,698,522,928,237,1352,730,1235,688,682,1285,886,714,1334,1142,739,1091,1066,1334,420,1356,853,1225,740,305,922,1145,1200,1122,1229,393,1135,1128,834,819,770,368,896,1073,1229,814,792,971,517,1113,1107,944,1319,839,772,707,1168,756,745,1334,447,1003,1003,1225,1025,935,608,1231,442,1204,880,337,1083,868,779,537,359,1153,823,852,1025,1219,1025,131,1101,1143,729,1025,834,1221,1130,28,966,1126,1172,1207,1172,1353,1111,1186,465,891,1278,328,1161,267,997,221,399,1220,593,1159,399,1058,714,28,699,1009,954,109,351,505,29,601,877,1093,399,1226,674,413,447,522,1057,1207,608,0,1357,461,858,1268,832,756,1116,917,1064,517,826,1108,245,1160,758,1366,1242,1025,1330,515,399,232,409,547,1269,784,1041,756,553,1264,809,4,277,383,752,857,799,265,439,906,874,1263,749,880,1047,1279,531,1154,1168,769,1372,1169,558,1128,1204,771,1449,861,399,738,1197,1025,1268,1025,819,952,1116,646,1247,1199,849,389,771,218,1212,233,1329,1242,1110,886,1288,1176,1244,872,1318,682,854,625,1162,915,834,632,1278,1025,1244,1203,1256,724,1160,455,1266,265,473,1027,305,1428,1132,740,584,699,1034,772,244,739
1053,1516,1406,1961,1278,1738,1108,1040,1797,1319,501,1076,1272,1757,1749,449,1715,1774,647,685,1876,866,676,647,1487,1468,1932,564,1819,1301,745,1730,1520,1027,692,1688,872,481,1183,1033,1392,1100,2044,855,520,1635,1604,1663,1568,871,1093,1744,577,1947,1787,1847,1074,1798,1269,647,1258,1767,1767,541,696,1200,1685,1137,1393,608,1101,1494,991,1396,1924,1761,1214,1147,1204,1930,696,903,696,1374,1391,579,1853,696,1183,1215,862,1405,1574,728,1166,495,1452,238,1443,1180,1416,1112,986,1612,514,1552,568,1446,1176,935,1723,1436,1604,1641,1774,1405,1576,784,1400,1402,1395,1643,1406,1668,1098,1992,1473,597,1750,1502,1258,1040,695,1303,1685,1390,0,1665,1217,275,1699,1620,718,1842,1989,1543,1934,883,1347,1214,1837,620,1565,696,425,1661,1604,1611,1420,1055,692,1406,2078,1620,1641,1409,1893,1391,1091,1459,1471,1848,1947,1469,1390,1512,1485,787,1887,1011,1619,995,1046,415,1255,1391,344,1449,1162,985,771,1751,224,1397,1646,1878,1306,696,276,696,1034,596,719,1926,891,414,1476,1692,1409,1376,1321,1456,777,235,702,1715,580,1170,686,1556,568,1232,2003,1491,1065,1002,1184,1800,588,696,900,517,801,1793,1144,934,1411,1358,1424,579,1301,338,725,1819,1210,1577,932,1391,1470,1809
1095,1617,594,1326,1789,476,834,770,1387,933,1491,804,1783,787,604,1765,983,1272,1663,1627,417,1170,1166,1663,371,1893,1297,1241,1203,973,1367,1681,1736,1643,1554,498,1214,1331,882,897,1044,1067,383,1152,1714,903,1254,1434,746,1540,1261,616,1930,378,993,389,1687,1200,1207,1663,1148,932,932,1710,1508,999,1042,1747,749,1670,805,447,1593,1332,253,765,1059,1623,1324,1296,1508,1691,1508,780,1638,1630,1195,1508,882,1693,1786,651,1368,1783,1641,1694,1692,1598,1659,1655,582,816,1357,330,1648,372,1393,622,1067,1299,180,1707,253,1592,1272,651,245,1088,1498,1094,539,229,658,213,802,1690,351,1306,1105,875,1148,770,1158,1671,1042,710,1612,0,1310,1517,1291,1205,1319,1436,1583,1023,365,1187,645,1020,1189,1799,1780,1508,1733,190,253,815,731,784,1349,1183,1745,1263,1055,1795,1287,723,986,414,1272,1348,267,654,827,1411,315,1301,422,1472,1568,1242,751,1425,1677,1180,1826,1702,1208,1537,1250,1249,1705,1373,260,483,1724,1471,1509,1471,864,1197,1357,246,1349,1500,1415,643,1299,914,1729,604,1396,1489,1534,1033,1719,1725,1334,1391,1749,845,401,231,1717,1538,858,183,1679,1471,1343,1525,1898,919,1755,1141,1798,961,700,1308,960,1656,1178,1256,856,248,1441,1180,749,917
712,566,800,912,783,885,1064,980,596,936,931,949,777,1099,1215,893,1011,753,945,822,1279,793,785,945,1030,768,883,852,784,606,709,628,618,438,825,1174,833,953,927,846,1162,760,1375,772,910,964,842,524,841,609,737,1111,705,1400,1195,1256,860,789,208,945,810,1147,1147,905,728,858,651,557,838,724,840,885,795,396,1335,1111,1097,341,147,881,728,409,728,847,480,825,774,728,927,411,748,664,445,858,360,902,483,1220,559,378,840,851,972,857,841,796,674,807,740,876,1104,718,940,523,753,664,1110,730,466,598,937,1058,633,1132,837,773,931,967,716,454,810,980,777,492,651,725,1070,994,0,1041,628,534,939,661,806,494,1383,805,830,951,804,719,715,728,939,1070,940,788,695,994,1010,1164,758,534,608,577,836,725,988,995,383,883,1252,821,1162,392,1209,953,1289,306,483,903,985,1035,453,1161,931,480,834,553,899,804,1070,298,940,1291,482,728,1041,728,846,684,939,1223,1005,1106,358,936,338,916,490,789,1054,1009,885,1011,817,364,994,473,806,972,1386,1161,883,297,927,1222,631,728,999,858,552,1135,397,627,580,649,848,759,606,993,832,784,961,1110,415,1161,830,1151
952,1744,1311,1742,1494,1413,853,771,1797,1247,455,805,1488,1658,1414,728,1525,1616,506,664,1546,704,457,506,1200,1968,1699,335,1811,1259,634,1831,1832,1244,574,1360,747,248,931,763,1139,1048,1712,728,602,1491,1409,1903,1325,884,857,1758,774,1613,1779,1504,1278,1644,1372,506,1188,1677,1677,623,755,929,1390,1350,1328,731,844,1205,1204,1427,1583,1574,1130,1100,1320,1788,755,1164,755,1272,1680,661,1533,755,931,1166,999,1311,1702,863,1122,675,1669,208,1759,1140,1322,872,850,1316,642,1255,488,1173,1124,745,1388,1916,1324,1792,1616,1311,1346,556,1666,1249,1135,1363,1273,1333,841,1753,1343,461,1736,1171,1188,772,453,1687,1390,1294,305,1322,1173,0,1761,1681,505,1909,2056,1630,1596,715,1078,955,1821,767,1791,755,566,1339,1324,1370,1322,786,563,1141,1733,1681,1335,1624,1819,1315,1038,1168,1537,1592,1624,1229,1330,1636,1217,649,1538,1394,1683,772,795,382,1648,1138,480,1666,1075,911,626,1593,313,1495,1381,1537,1677,755,180,755,763,347,505,1528,708,429,1527,1421,1515,1279,1682,1196,615,414,833,1528,739,1126,544,1799,719,888,1668,1203,1278,1183,931,1516,722,755,774,541,905,1695,1107,882,1627,1292,1330,349,1259,476,572,1811,939,1346,908,1138,1213,1728
1067,541,1066,342,751,1151,1330,1241,193,965,1518,1368,745,903,1653,1473,868,267,1542,1346,1219,1238,1243,1542,1292,930,313,1445,193,867,1154,573,626,887,1426,948,1279,1411,1204,1104,1408,1093,1404,1217,1437,822,386,160,1107,1218,1185,1069,1295,1306,996,1196,834,255,545,1542,1023,1098,1098,1429,1257,1117,235,868,1104,1280,1118,1150,766,548,1275,1383,1177,963,642,396,1257,1027,1257,1115,751,1349,268,1257,1204,1029,1273,933,276,1395,985,1413,715,1599,649,1003,1106,1129,1421,1123,1370,1062,1108,1303,953,1321,1356,686,1204,256,267,933,1379,1168,515,856,1123,1131,891,1381,1115,274,1256,1437,247,720,1023,1241,1235,651,235,975,1644,1258,675,1498,0,203,1455,155,300,370,1289,1250,1326,1229,124,1351,661,1257,1519,1010,1204,1055,910,1257,1475,1422,252,203,243,806,237,958,1132,1259,293,398,1298,1087,1202,415,1509,1411,1229,738,235,1348,1247,1415,603,1407,1532,712,1190,1164,1357,286,1695,540,1204,1237,653,1257,1498,1257,1104,1144,1455,1468,1474,1490,409,1203,577,937,658,1055,1504,1479,1314,868,1408,989,1443,236,1441,1301,1360,1458,854,801,1204,1493,1218,1257,1468,1459,1155,939,1017,973,809,863,1114,1219,867,1594,1285,193,1224,1379,1042,1407,1326,955
789,514,794,608,576,879,1060,976,274,930,1418,1026,570,1058,1209,1328,1023,428,1408,1199,1273,1113,1057,1408,1024,828,579,1126,364,600,1030,576,629,733,1292,1168,1154,1229,921,842,1158,754,1369,1092,1287,976,539,300,835,1097,1059,1240,1176,1394,1154,1250,678,416,373,1408,804,1337,1337,1282,1110,854,379,712,832,1164,834,879,603,375,1329,1105,1091,843,515,576,1110,908,1110,841,571,1202,446,1110,921,910,1138,658,253,1260,865,1266,541,1413,499,883,834,845,1296,851,1225,790,983,801,734,1196,1098,511,934,473,428,658,1104,1044,341,592,931,1053,627,1126,831,400,925,1290,445,448,804,976,1049,475,379,719,1423,988,552,1311,201,0,1273,284,429,340,1377,1125,824,945,280,1224,664,1110,1374,1064,934,782,689,990,1333,1160,381,180,391,635,403,719,982,989,153,615,1246,815,1156,268,1203,1282,1283,611,375,1223,981,1229,427,1157,1459,538,911,1045,1230,499,1509,367,933,1284,477,1110,1311,1110,842,958,1273,1216,1286,1300,249,929,450,910,485,782,1376,1286,1173,1023,1291,869,1314,213,1314,967,1379,1155,691,674,921,1215,1100,1110,1280,1262,1032,1094,893,704,638,643,842,1033,600,1521,1158,364,956,1103,923,1157,824,1110
878,1690,1276,1635,1975,1395,800,735,1678,1184,666,770,1969,1623,1251,909,1467,1527,783,896,1367,525,186,783,1148,1980,1607,189,1707,1187,713,1761,1817,1628,662,1342,580,44,782,725,1034,976,1550,500,804,1421,1335,1659,1306,976,690,1586,1057,1451,1726,1342,1660,1555,1248,783,1133,1609,1609,825,819,747,1306,1717,1309,960,688,1152,1579,1357,1421,1517,1035,1195,1332,1699,819,1260,819,1193,1692,863,1462,819,782,1262,1321,1227,1577,1115,1233,854,1681,434,1691,1251,1286,699,704,1263,933,1219,501,1154,1052,610,1225,1910,1289,1651,1527,1227,1195,371,1545,1188,1116,1328,1189,1170,685,1700,1178,268,1647,1104,1133,735,192,1699,1306,1215,548,1165,1167,379,1660,1597,0,1829,1972,1212,1434,535,1059,799,1744,1008,1874,819,802,1162,1289,1334,1169,750,369,1036,1680,1597,1252,1771,1730,1216,952,1132,1483,1515,1444,1193,1267,1511,1056,477,1377,1406,1628,637,741,597,1660,1033,730,1678,1000,1000,213,1487,555,1365,1362,1376,1689,819,379,819,725,268,180,1383,471,571,1470,1402,1283,1200,1694,1177,427,571,911,1467,980,1237,139,1551,960,834,1506,1048,1616,1472,782,1359,1016,819,280,695,1113,1659,1223,793,1774,1229,1311,203,1187,730,273,1707,843,1195,999,1033,1160,1675
995,515,991,495,848,1076,1263,1172,204,902,1581,1232,842,935,1412,1551,903,409,1610,1442,1260,1313,1320,1610,1218,906,466,1522,295,800,1234,543,575,977,1494,981,1355,1490,1136,1036,1356,1031,1567,1292,1553,855,473,136,1032,1284,1260,1102,1359,1591,1029,1237,924,397,637,1610,961,1230,1230,1525,1335,1050,377,965,1029,1346,1051,1076,859,640,1316,1309,1286,1032,716,555,1335,1096,1335,1039,727,1445,427,1335,1136,1098,1349,857,352,1474,1054,1509,691,1678,625,1072,1031,1062,1496,1046,1448,985,1182,1005,891,1396,1285,783,1130,145,409,857,1301,1196,613,791,1048,1249,826,1313,1048,163,1128,1512,391,647,961,1172,1312,745,377,918,1713,1183,745,1575,182,279,1534,0,100,538,1574,1325,1028,1162,261,1427,638,1335,1597,1051,1130,981,845,1188,1550,1370,134,279,381,676,381,918,1060,1184,376,362,1339,1012,1346,506,1442,1491,1270,812,210,1423,1178,1494,697,1355,1596,688,1118,1233,1440,580,1774,632,1130,1272,744,1335,1575,1335,1036,1221,1534,1399,1551,1569,500,1128,652,873,749,980,1579,1558,1561,903,1472,1058,1518,312,1517,1168,1401,1379,958,875,1136,1415,1284,1335,1545,1527,1227,972,1089,904,675,799,1039,1296,800,1658,1362,295,1157,1301,1111,1355,1028,988
883,432,886,369,706,970,1155,1161,100,1025,1539,1116,700,927,1307,1444,894,294,1394,1317,1361,1207,1199,1394,1117,830,340,1402,230,698,1124,466,519,843,1278,1265,1248,1369,1016,935,1257,934,1463,1186,1408,846,522,56,931,1187,1154,1093,1265,1487,1020,1339,789,282,502,1394,864,1221,1221,1400,1226,947,262,823,928,1250,929,974,721,505,1418,1204,1190,934,611,440,1226,998,1226,939,644,1320,312,1226,1016,1000,1241,757,246,1363,956,1384,615,1554,542,974,930,940,1390,945,1341,884,1078,904,794,1290,1184,641,1029,152,294,757,1198,1137,469,691,946,1149,726,1212,926,194,1027,1401,274,542,864,1166,1191,605,262,818,1564,1082,646,1456,67,173,1413,75,0,432,1470,1219,927,1040,146,1322,555,1226,1490,1159,1029,881,740,1182,1439,1259,171,173,265,706,264,818,940,1084,270,411,1340,910,1248,385,1316,1379,1374,707,130,1317,1172,1370,557,1256,1575,612,1005,1135,1326,313,1650,497,1029,1373,607,1226,1456,1226,935,1099,1413,1303,1427,1443,366,1027,546,777,615,878,1473,1432,1285,894,1377,960,1412,206,1412,1064,1503,1254,809,770,1016,1310,1186,1226,1421,1311,1124,963,987,799,709,703,938,1174,698,1637,1254,230,1053,1198,1013,1256,927,979
648,701,643,905,805,730,893,828,545,775,1418,931,799,916,1056,1328,875,746,1408,1199,1129,1113,1057,1408,876,1055,876,1126,777,446,1029,773,828,769,1292,1015,1154,1229,784,689,979,600,1226,1092,1287,827,835,588,859,1048,1061,976,1119,1250,1009,1106,804,782,351,1408,676,980,980,1282,1110,701,644,869,681,1107,690,733,720,479,1185,946,930,779,439,874,1110,844,1110,688,765,1202,767,1110,784,846,1062,504,590,1184,801,1266,758,1413,851,819,683,701,1296,700,1225,639,982,648,605,1196,929,740,789,665,746,504,961,1044,570,438,776,869,473,957,687,664,772,1290,709,449,676,828,1049,781,644,565,1423,844,474,1311,459,364,1273,552,697,0,1233,1125,671,801,797,1149,865,1110,1374,920,789,629,535,842,1333,981,649,364,600,848,829,565,826,840,368,876,1208,666,995,537,1207,1282,1139,535,663,1223,833,1229,742,978,1459,755,770,996,1230,797,1509,471,789,1138,771,1110,1311,1110,689,958,1273,1073,1285,1300,492,780,374,755,776,634,1376,1286,1173,875,1234,805,1314,484,1239,808,1270,1018,773,598,784,1073,1043,1110,1279,1262,975,952,834,557,851,499,691,1033,446,1521,1158,777,797,961,852,978,671,968
1088,1958,858,1641,2036,751,993,929,1766,1052,1689,963,2030,844,861,1871,975,1610,1799,1750,302,1306,1319,1799,576,2286,1612,1386,1544,1033,1513,2043,2101,1955,1679,768,1348,1489,1040,1136,1359,1204,22,1285,1838,1129,1459,1667,855,1705,1411,617,1906,17,906,98,2008,1517,1518,1799,1132,812,812,1833,1657,1149,1383,2113,858,1805,961,677,1916,1646,168,955,1212,1953,1643,1609,1657,2020,1657,895,2017,1753,1542,1657,1040,2022,1893,905,1842,1888,1973,1817,2015,1801,1945,1991,929,972,1489,563,1776,648,1526,719,1061,1389,352,1994,445,1932,1610,905,281,1236,1789,1109,753,421,912,391,958,1789,533,1505,1449,1180,1132,929,1311,2008,1383,966,1853,318,1636,1694,1671,1564,1533,1680,1782,1287,0,1318,742,1072,1540,1987,2142,1657,1917,186,445,890,971,943,1543,1373,1769,1564,1344,2108,1585,966,1103,620,1605,1628,65,891,902,1720,635,1484,256,1717,1745,1416,934,1617,1969,1356,2011,2013,1201,1720,1433,1532,1897,1638,448,83,1998,1657,1694,1657,1137,1375,1533,548,1529,1692,1701,880,1557,1032,2009,844,1572,1681,1718,975,1902,1977,1511,1709,1932,1027,56,436,1979,1780,1040,216,1866,1657,1523,1712,1822,822,2003,1134,2111,1081,937,1484,1033,1846,1355,1545,1038,281,1627,1356,742,820
808,1614,1166,1572,1906,1268,806,742,1603,1096,837,776,1900,1509,984,1102,1409,1446,934,1006,1105,59,388,934,1043,1893,1543,467,1645,1055,874,1702,1758,1740,813,1212,107,624,514,669,1025,886,1290,191,974,1364,1254,1583,1179,1106,223,1319,1253,1193,1704,1082,1772,1474,1172,934,1043,1632,1632,995,980,681,1184,1829,1182,1143,422,1046,1692,1298,1161,1603,965,1328,1245,1618,980,1395,980,1127,1605,1003,1330,980,514,1397,1718,1128,1502,1535,1349,1109,1594,890,1632,1367,1176,433,241,1153,1100,1092,664,1026,962,150,958,1841,924,1592,1446,1128,940,297,1470,1055,989,1117,1090,903,419,1657,909,369,1249,991,1043,742,380,1612,1184,1174,976,898,1098,848,1599,1358,581,1747,1894,1100,1173,0,930,410,1338,1309,1799,980,1148,895,924,1224,1073,756,409,1027,1637,1358,1147,1684,1380,1157,864,1008,1408,1436,1184,1066,1185,1436,797,225,1115,1319,1553,174,747,767,1573,1024,988,1591,930,1131,483,1423,1001,1290,924,1107,1602,980,848,980,669,443,581,1157,582,842,1398,1276,1223,1128,1607,1050,407,825,1048,1409,1229,1353,521,1492,1259,837,1246,788,1746,1385,514,1092,1212,980,621,846,1238,1545,1338,723,1687,992,1184,570,1055,988,412,1645,826,940,1130,1024,1049,1560
424,1545,217,1204,1674,346,420,325,1269,411,1108,378,1668,619,526,1242,835,1158,1227,1113,678,904,857,1227,238,1924,1175,924,1111,442,903,1630,1683,1559,1107,319,945,1027,634,581,756,637,853,883,1201,789,1121,1305,214,1078,1004,873,1296,838,707,653,1610,1082,1103,1227,567,929,929,1196,1021,751,940,1667,217,1185,561,291,1520,1229,727,511,572,1144,1241,1174,1021,1208,1021,261,1633,1116,1078,1021,634,1210,1255,291,1257,1255,1166,1180,1625,1222,1561,1184,227,572,1087,257,1139,196,955,205,496,987,503,1609,350,1523,1158,291,660,843,1399,477,112,408,292,445,557,1478,233,1079,1005,760,567,325,849,1608,940,276,1247,415,1221,1117,1173,1095,1071,1318,1465,869,821,916,0,671,1094,1347,1724,1021,1288,456,350,249,569,347,1122,758,1461,1095,900,1715,1133,277,439,201,1101,1303,748,397,261,1240,615,1073,688,1318,1383,1014,333,1038,1569,755,1372,1622,538,1102,1016,1097,1318,1221,350,679,1598,1021,1117,1021,581,758,1071,623,1082,1108,1244,386,1145,391,1603,347,1165,1091,1087,835,1268,1170,1104,1217,1298,402,809,475,1575,1384,634,593,1257,1021,1076,1140,1210,655,1152,470,1718,438,235,833,442,1253,945,1111,418,660,1026,755,228,670
596,1536,882,1195,1665,954,540,416,1259,884,1119,479,1659,1222,825,1138,1115,1149,1213,1024,945,432,654,1213,841,1880,1166,723,1102,825,803,1621,1674,1466,1095,924,474,823,251,593,676,662,1125,584,1121,1069,1040,1295,879,982,719,1162,1197,1026,1318,917,1517,1073,1094,1213,815,1482,1482,1107,918,459,931,1598,882,1074,132,894,1427,1220,996,1328,753,1053,1232,1165,918,1117,918,910,1624,1027,1069,918,251,1119,1593,876,1246,1588,1075,1091,1581,1233,1552,1093,892,143,617,865,1035,804,966,821,734,517,799,1600,765,1514,1149,876,784,485,1390,810,777,993,845,744,138,1467,750,788,996,751,815,416,646,1599,931,937,1258,744,1094,1128,1162,1085,809,1307,1454,860,1009,619,727,0,1085,1242,1715,918,1184,737,765,914,807,441,831,690,1450,1085,891,1671,1124,937,659,805,1090,1222,1019,1000,926,1229,643,590,955,1309,1372,542,425,1049,1560,675,1264,1578,719,1006,725,1209,1329,1212,765,949,1589,918,1128,918,593,708,809,918,838,1119,1233,989,1136,916,1594,952,874,1102,983,1115,1164,1079,815,1206,1193,509,1081,638,1503,1375,251,934,1143,918,834,1128,1105,1258,1061,502,1674,762,900,821,825,1326,655,1102,498,784,937,675,844,1274
978,629,975,314,816,1060,1246,1155,277,884,1618,1216,810,878,1397,1589,842,239,1525,1480,1199,1340,1347,1525,1201,1065,285,1549,90,783,1261,660,713,945,1409,923,1382,1426,1104,1019,1336,1013,1550,1319,1591,795,358,247,1016,1274,1287,1049,1316,1574,971,1176,892,227,605,1525,943,1168,1168,1563,1365,1033,260,926,1013,1302,1020,1060,827,608,1255,1294,1271,989,668,333,1365,1053,1365,1024,837,1483,205,1365,1104,1055,1301,842,425,1423,1011,1547,798,1705,735,1029,1015,1031,1523,1030,1486,969,1209,990,873,1423,1269,751,1114,343,239,842,1284,1223,581,776,1032,1233,811,1297,1017,408,1113,1533,219,632,943,1155,1339,713,260,903,1738,1167,700,1602,356,352,1470,263,437,282,1557,1352,1013,1131,0,1378,747,1365,1635,990,1114,966,828,1171,1576,1350,389,352,160,888,209,903,1043,1168,344,314,1278,996,1331,474,1411,1518,1209,764,321,1450,1161,1521,665,1335,1552,795,1101,1223,1470,258,1801,600,1114,1217,712,1365,1602,1365,1019,1246,1470,1383,1585,1596,468,1112,603,856,717,964,1605,1585,1551,842,1428,1015,1544,385,1468,1151,1340,1363,917,827,1104,1398,1241,1365,1579,1442,1181,914,1043,887,891,782,1023,1321,783,1614,1392,90,1140,1284,1068,1335,1013,929
1292,1185,1257,1706,999,1420,1597,1619,1313,1217,557,1630,993,1444,1743,491,1410,1469,729,599,1868,1247,1010,729,1492,1189,1677,1096,1599,1107,879,1467,1224,782,673,1721,1288,1015,1488,1398,1672,1364,1911,1225,759,1365,1277,1293,1247,388,1405,1648,202,1935,1543,1845,818,1497,1024,729,1521,1705,1705,574,709,1405,1446,883,1244,302,1399,1420,733,1092,1924,1659,1450,699,840,1674,709,521,709,1612,1071,602,1606,709,1488,539,818,1184,1270,635,662,509,1079,853,1105,724,1267,1410,1430,1395,341,1335,894,1330,1440,1330,1624,1072,1474,1360,1471,1184,1647,1101,1069,1111,1443,1562,1146,1662,1396,1640,1456,1196,1512,1242,1521,1618,1002,955,1446,1230,662,1530,832,847,1472,1392,1268,1620,1767,1279,1920,1258,1352,1510,1603,0,1273,709,360,1652,1474,1330,1249,1634,1298,1674,1684,1392,1410,1145,1634,1213,1357,1461,1118,1460,1944,1358,1241,1204,1787,1383,1875,748,1318,1357,1624,909,907,1671,384,1076,1415,427,1357,1448,700,994,1474,1868,954,709,847,709,1398,913,1268,1788,1239,810,1166,1471,1166,1197,962,1326,1345,644,524,1412,242,671,1275,1202,84,1578,2006,1771,786,739,1488,1760,193,709,1233,701,422,1482,653,1198,1148,1244,1275,1110,1109,446,1310,1599,1466,1914,492,1671,1352,1497
1142,295,1139,726,424,1224,1389,1328,320,1034,1357,1420,418,1274,1727,1301,1240,644,1720,1292,1614,1398,1406,1720,1356,377,697,1608,572,939,1319,80,68,570,1604,1520,1440,1485,1272,1180,1460,1162,1712,1377,1383,1197,824,248,1180,1000,1342,1471,1100,1736,1370,1590,420,632,465,1720,1092,1538,1538,1384,1501,1193,609,563,1177,1088,1186,1223,429,468,1669,1456,1244,1130,614,785,1501,1194,1501,1188,242,1295,657,1501,1272,1196,1035,1006,221,1157,1152,1323,163,1998,140,1170,1179,1197,1581,1196,1373,1135,1267,1375,1021,1492,1420,813,1277,208,644,1006,1446,1281,374,929,1196,1399,964,1445,1183,580,1440,1575,629,796,1092,1326,1409,753,609,1048,1464,1329,780,1671,406,505,1529,385,530,748,1719,1410,1398,1297,488,1190,0,1501,1347,1407,1277,1128,982,1345,1618,1474,620,505,608,253,619,1031,1207,1327,433,721,1692,1160,1265,367,1573,1576,1624,891,206,1508,1333,1811,705,1459,1334,160,1265,1024,1528,663,1497,460,1277,1631,752,1501,1671,1501,1180,1304,1529,1531,1661,1615,488,1275,549,1006,757,1128,1663,1441,1320,1240,1215,1156,1602,253,1324,1370,1754,1524,492,957,1272,1559,1024,1501,1649,1637,956,1310,1188,1048,256,932,1187,1379,939,1396,1450,572,1300,1446,1209,1459,1398,1326
480,1341,884,1362,1483,1042,812,825,1335,794,374,777,1490,1158,1179,325,1062,1238,319,218,1300,645,581,326,968,1415,1324,726,1565,785,339,1398,1334,926,194,1170,680,798,696,600,822,615,1453,627,316,999,1051,1219,827,330,562,1206,387,1621,1194,1308,975,1263,890,326,750,1202,1202,302,180,607,1288,1029,824,277,608,1103,882,1058,1350,1109,637,618,809,1404,180,677,180,772,1138,221,1438,180,696,683,960,916,1191,945,637,286,1148,604,1217,659,847,619,821,1070,254,1020,448,817,693,720,1190,1431,1157,1278,1234,916,1107,549,1131,816,932,1269,852,1140,605,1629,916,834,1354,1108,750,824,589,1163,1288,785,624,1208,683,705,1342,1234,737,1463,1610,1149,1604,670,967,721,1444,474,1317,0,409,1145,1157,1010,811,838,877,824,1606,1234,1266,1244,1432,786,512,933,1051,1305,1364,890,821,1125,986,791,1367,881,1245,743,829,421,1122,821,491,1145,625,351,813,1211,708,960,1157,1358,1153,180,705,180,600,496,737,1459,829,457,1087,1138,996,763,1160,1003,937,487,204,1051,390,641,885,1132,422,716,1409,981,943,963,696,1286,351,180,826,227,443,1137,636,567,1247,779,855,578,776,553,746,1565,673,1107,463,821,840,1149
909,1518,1277,1696,1229,1591,1233,1260,1445,1166,273,1162,1223,1582,1612,151,1604,1675,485,277,1757,1088,918,485,1530,1364,1687,888,1624,1214,783,1607,1471,970,433,1674,1125,1018,1115,1024,1323,1056,1853,1065,375,1548,1492,1424,1267,650,998,1708,391,1876,1738,1706,1016,1704,1056,485,1160,1685,1685,216,340,1039,1453,1070,1264,313,1031,1536,928,1181,1749,1612,1066,791,985,1692,340,722,340,1205,1324,280,1601,340,1115,740,1017,1232,1400,915,837,179,1335,773,1403,886,1287,1042,1271,1635,197,1586,676,1492,1112,1163,1589,1344,1650,1487,1675,1232,1509,1017,1319,1310,1448,1689,1233,1539,1028,1802,1527,1223,1519,1271,1160,1260,910,1223,1453,1217,668,1545,851,861,1517,1406,1045,1636,1783,1312,1844,1111,1394,1144,1609,284,1485,340,0,1541,1650,1708,1320,1277,1318,1336,1779,1406,1433,1318,1682,1218,943,1499,1256,1743,1763,1330,1261,1334,1401,1413,1768,940,1458,1186,1266,601,1175,1321,333,1332,1053,600,1185,1652,441,1148,1711,1755,1342,340,861,340,1024,814,1045,1808,1139,522,1296,1764,1188,1195,1349,1503,1335,424,340,1604,236,818,1278,1337,230,1108,1809,1388,1002,931,1115,1677,403,340,1136,352,498,1619,828,1001,1321,1211,1295,892,1214,395,1184,1624,1097,1509,693,1321,1515,1631
1074,1896,826,1512,2004,616,901,836,1668,994,1643,870,1998,810,689,1849,762,1382,1830,1688,212,1207,1248,1830,424,2180,1503,1317,1442,1150,1412,1981,2037,1895,1698,680,1244,1441,961,1042,1257,1158,320,1184,1782,1022,1259,1697,883,1602,1285,441,1838,343,872,167,1962,1412,1427,1830,1167,769,769,1772,1592,1056,1271,2066,886,1739,883,412,1856,1551,215,904,1128,1849,1564,1508,1592,1909,1592,974,1992,1691,1420,1592,961,1919,1975,766,1661,1956,1869,1756,1909,1732,1920,1891,814,894,1390,449,1736,554,1479,650,1182,1282,543,1939,302,1861,1382,766,513,1102,1728,1197,670,278,773,579,880,1889,453,1409,1337,1092,1167,836,1240,1899,1271,822,1730,570,1546,1655,1600,1462,1475,1627,1870,1192,319,1230,671,996,1427,1948,2080,1592,1895,0,302,930,881,850,1447,1259,1866,1462,1250,2002,1498,822,1043,470,1499,1513,229,776,942,1662,782,1377,222,1635,1778,1305,841,1556,1851,1256,1960,1906,1200,1658,1380,1419,1836,1543,305,144,1906,1592,1655,1592,1042,1297,1475,786,1444,1594,1666,765,1459,973,1915,725,1520,1613,1681,762,1863,1873,1435,1621,1893,936,276,492,1925,1713,961,447,1799,1592,1441,1731,1739,779,1894,1153,2005,1023,822,1424,1150,1772,1303,1442,947,513,1563,1256,673,786
735,1782,509,1391,2148,517,780,715,1550,586,1517,749,2142,789,262,1673,983,1256,1441,1529,446,1091,1133,1441,113,2051,1382,1204,1328,776,1230,1867,1921,1802,1315,494,1128,1327,842,910,1167,772,551,1068,1631,931,1364,1577,526,1427,1171,641,1663,582,1072,398,1847,1293,1313,1441,781,966,966,1613,1416,941,1153,1933,529,1564,764,103,1759,1437,446,698,723,1470,1452,1389,1416,1531,1416,603,1774,1532,1289,1416,842,1538,1606,667,1543,1587,1491,1597,1777,1608,1824,1513,519,775,1274,416,1561,366,1331,373,804,1166,240,2083,180,1747,1256,667,397,986,1488,826,285,33,674,194,761,1771,57,1275,1218,974,781,715,1125,1789,1153,615,1608,170,1434,1532,1486,1337,1361,1605,1752,1074,565,1114,395,877,1306,1768,1963,1416,1719,220,0,573,782,729,1317,1168,1748,1337,1132,1870,1374,723,652,152,1381,1400,460,571,585,1544,651,1256,456,1540,1658,1189,720,1432,1743,1165,1784,1776,863,1476,1259,1308,1712,1431,0,429,1787,1416,1532,1416,910,1182,1361,451,1328,1470,1548,560,1347,565,1785,515,1401,1489,1507,983,1688,1495,1315,1503,1718,815,507,353,1815,1620,842,331,1624,1416,1325,1348,1577,826,1788,815,1875,615,527,1310,776,1650,1187,1328,826,397,1381,1165,396,838
822,1370,72,1020,1458,296,763,698,1084,596,1558,732,1452,658,803,1677,848,874,1445,1533,733,1275,1297,1445,438,1691,1011,1494,930,747,1234,1449,1502,1390,1319,356,1313,1390,1028,930,1188,776,825,1252,1635,795,991,1105,124,1431,1376,929,1682,849,740,682,1456,876,944,1445,785,993,993,1617,1420,1096,781,1551,123,1568,950,314,1351,1066,724,526,733,1323,1039,1017,1420,1384,1420,574,1446,1536,896,1420,1028,1391,1576,366,1081,1557,1344,1601,1428,1624,1374,1366,102,961,1458,278,1565,228,1335,440,775,1350,530,1393,373,1344,874,366,666,1170,1181,803,128,482,373,566,947,1300,501,1477,846,607,785,698,1289,1351,781,422,1622,437,1066,1548,1014,915,1424,1134,1281,706,832,1298,461,1063,934,1772,1543,1420,1723,510,373,0,406,712,1515,1190,1277,915,750,1525,1000,422,662,401,920,1056,736,100,122,1079,982,1449,743,1126,1185,1373,703,1448,1369,1187,1788,1425,927,1480,1455,936,1728,1058,373,732,1400,1420,1548,1420,930,1192,1424,670,1515,1486,1083,349,951,575,1407,100,1588,1505,1511,848,1692,1352,1503,1041,1722,798,781,629,1437,1219,1028,600,1628,1420,1512,1352,1526,695,1376,820,1528,625,110,1271,747,1850,1377,930,952,666,1408,1187,463,707
693,1008,290,715,1422,151,957,670,819,454,1125,706,1416,596,800,1162,753,571,1228,1009,798,848,861,1228,508,1340,706,932,628,432,764,1088,1142,1079,1100,316,883,1055,771,673,1051,628,890,828,1109,706,690,826,331,974,939,1005,1380,916,682,746,1125,616,650,1228,557,927,927,1093,904,686,475,1181,328,1065,680,383,1047,771,789,255,600,1025,738,712,904,1089,904,432,1061,1012,593,904,771,1089,1409,229,888,1147,1049,1077,1072,1187,1178,1071,330,691,1029,345,1046,295,863,400,470,923,600,1357,442,968,571,229,733,753,877,324,344,551,236,636,677,934,498,1037,541,293,541,670,853,1091,475,283,1177,507,774,1115,760,633,1089,819,966,393,899,871,422,793,631,1255,1184,904,1208,579,442,284,0,686,1079,1055,911,633,448,1168,700,283,520,471,648,707,801,309,681,840,951,1007,808,825,902,947,676,1011,1050,1052,1262,1069,794,1212,1017,631,1291,763,442,801,1081,904,1115,904,673,751,1089,740,1083,1048,777,419,663,433,1088,277,1162,1057,991,753,1176,1053,1076,729,1205,831,846,692,1121,903,771,667,1134,904,1080,1089,1225,633,1076,684,1171,349,338,829,432,1324,946,628,820,733,1102,1052,423,645
383,1508,669,1242,1819,707,122,43,1357,564,877,80,1813,972,851,1131,1172,1105,1043,1043,996,758,636,1043,585,1739,1233,828,1177,775,795,1597,1582,1469,912,682,793,826,483,293,35,477,1093,738,983,1121,1129,1382,686,993,849,1220,1220,1116,1064,946,1535,1143,1045,1043,608,1322,1322,1004,938,470,1002,1600,689,1101,507,636,1430,1166,989,939,327,1043,1115,1239,938,1107,938,603,1462,1046,1138,938,483,1107,1606,887,1389,1587,1067,1111,1476,960,1555,1089,679,518,934,606,1083,556,691,517,561,833,828,1754,694,1476,1105,887,774,663,1217,826,473,774,631,778,504,1578,551,945,1067,826,608,43,628,1486,1002,615,944,754,975,883,1292,1184,863,1412,1559,927,1086,782,413,621,1155,1293,1693,938,1178,783,694,733,874,0,989,37,1555,1184,981,1574,1223,616,342,548,1208,1249,1003,750,651,1324,653,905,1006,1185,1463,857,19,792,1446,34,1008,1474,238,1053,924,1158,1065,1159,694,994,1477,938,883,938,294,535,863,965,862,829,1286,739,1056,593,1484,699,1076,839,1029,1172,1213,1072,991,1313,1243,61,1049,648,1511,1275,483,938,1170,938,859,946,1141,1009,1065,377,1577,609,687,617,775,1008,856,1177,64,774,960,34,540,1021
1022,1854,1374,1766,2158,1526,919,853,1817,1276,853,887,2152,1772,1225,1097,1632,1666,1211,1019,1368,343,616,1211,1272,2077,1758,498,2012,1321,1098,1940,1938,1644,1080,1477,232,340,725,868,1144,1159,1462,324,960,1578,1483,1762,1391,1295,521,1604,1157,1485,2000,1318,1740,1695,1386,1211,1265,1945,1945,981,1166,881,1416,1790,1394,1147,637,1276,1714,1510,1359,1681,1179,1317,1453,1836,1166,1378,1166,1315,1802,1016,1564,1166,725,1385,1431,1421,1733,1276,1338,1060,1805,625,1879,1360,1384,648,350,1389,1027,1340,888,1222,1217,205,1202,2096,1136,1820,1666,1421,1132,518,1561,1363,1178,1388,1399,1152,634,1975,1126,53,1482,1234,1265,854,608,1818,1416,1327,724,1160,1305,541,1750,1643,350,1873,2020,1334,1454,363,1124,750,1572,1189,2039,1166,964,1157,1136,1438,1375,868,0,1146,1969,1643,1396,1898,1864,1328,1054,1239,1591,1734,1373,1259,1371,1667,1014,121,1378,1522,1793,225,859,767,1777,1143,853,1802,1166,1315,279,1643,756,1502,1136,1370,1808,1166,541,1166,868,515,350,1394,802,804,1629,1517,1409,1305,1806,1239,38,750,1258,1632,1162,1342,213,1672,1141,937,1418,1010,1769,1608,725,1311,1113,1166,444,841,1445,1809,1338,1109,1901,1321,1392,512,1321,853,211,2012,926,1132,1230,1143,1245,1821
443,1484,653,1209,1801,691,105,45,1317,631,861,88,1795,956,836,1104,1156,1072,1025,1024,981,740,620,1025,569,1721,1200,810,1144,917,821,1573,1626,1467,894,666,775,721,465,275,1,620,1078,720,967,1105,1111,1339,670,991,832,1203,1221,1101,1048,931,1533,1110,1021,1025,675,1305,1305,988,965,452,969,1598,673,1129,489,621,1428,1143,974,864,470,1041,1097,1206,965,1105,965,746,1444,1021,1105,965,465,1105,1758,841,1366,1480,1065,1067,1458,944,1532,1087,663,500,916,590,1109,540,673,501,627,815,813,1736,679,1453,1072,841,758,645,1194,969,457,759,775,763,486,1535,535,924,1034,794,675,45,612,1468,969,759,928,738,956,864,1248,1146,757,1369,1516,895,1071,763,397,602,1122,1317,1668,965,1150,768,679,717,956,69,967,0,1512,1146,947,1555,1190,760,409,532,1170,1216,988,734,729,1300,637,886,991,1166,1420,838,88,775,1427,2,991,1455,568,1050,902,1125,1048,1135,679,979,1458,965,864,965,275,516,757,950,852,812,1262,723,1032,660,1465,683,1027,822,1055,1156,1239,1069,973,1276,1269,110,1034,632,1474,1256,465,922,1198,965,849,927,1138,993,1062,520,1558,676,671,598,917,991,835,1144,113,758,957,2,524,1005
1193,721,1235,689,1090,1456,1388,1413,432,1126,1814,1421,948,1194,1807,1781,1211,749,1806,1658,1567,1528,1526,1806,1414,903,680,1720,466,1005,1458,540,672,1134,1677,1320,1563,1792,1337,1249,1461,1263,1661,1505,1752,1160,718,362,1276,1412,1432,1460,1547,1684,1288,1514,1073,654,802,1806,1192,1489,1489,1742,1558,1258,587,1074,1273,1508,1256,1322,1010,794,1557,1610,1290,1186,904,810,1558,1250,1558,1342,741,1661,681,1558,1337,1250,1611,1070,590,1620,1210,1726,692,1853,646,1232,1275,1267,1711,1289,1706,1239,1402,1444,1121,1603,1536,936,1529,581,749,1070,1554,1423,799,1012,1289,1507,1048,1572,1253,154,1698,1712,580,862,1192,1413,1518,882,587,1098,1934,1432,933,1781,440,507,1644,302,338,667,1652,1551,1465,1369,476,1566,651,1558,1827,1355,1529,1229,1091,1450,1754,1475,0,507,609,765,632,1087,1225,1385,545,704,1571,1254,1367,792,1629,1674,1577,1002,440,1626,1420,1674,834,1460,1812,689,1337,1382,1720,884,1957,786,1376,1578,878,1558,1781,1558,1249,1414,1644,1685,1837,1713,673,1350,827,1098,876,1222,1837,1733,1700,1211,1674,1214,1751,550,1646,1369,1617,1624,1109,1091,1337,1643,1470,1558,1814,1710,1391,1231,1242,1280,764,1024,1283,1490,1005,1874,1635,466,1368,1554,1263,1460,1467,1243
790,511,821,590,589,896,1016,1007,274,946,1428,1061,583,1020,1288,1393,1043,469,1456,1238,1310,1121,1093,1456,1019,823,581,1287,385,613,1054,574,627,751,1330,1255,1158,1287,936,854,1114,909,1398,1098,1332,992,561,296,862,1034,1030,1287,1170,1424,1115,1259,692,457,397,1456,838,1335,1335,1322,1142,867,397,726,859,1156,847,909,617,389,1301,1196,1080,811,503,586,1142,874,1142,927,546,1241,474,1142,936,876,1167,719,263,1285,834,1306,551,1412,663,856,861,858,1304,875,1285,825,1002,893,768,1196,1127,524,964,459,469,719,1140,1016,342,619,947,1077,655,1163,844,401,991,1318,463,462,838,1007,1085,478,397,705,1419,1016,537,1343,222,180,1321,280,424,313,1407,1144,914,960,323,1166,668,1142,1439,1095,964,815,700,1024,1356,1116,372,0,374,645,435,694,823,986,135,588,1315,840,1178,279,1213,1287,1320,604,374,1219,1013,1235,430,1113,1510,548,933,1003,1292,505,1516,381,964,1308,482,1142,1343,1142,854,987,1321,1267,1313,1272,264,940,423,751,488,808,1434,1286,1329,1043,1299,838,1349,223,1241,987,1360,1215,706,688,936,1258,1091,1142,1310,1363,1004,1057,858,881,648,677,869,1066,613,1572,1217,385,979,1140,889,1113,916,1069
810,592,844,447,675,919,1040,1030,406,969,1639,1085,669,904,1311,1533,925,283,1543,1408,1331,1257,1259,1543,1041,908,438,1456,332,636,1192,655,708,808,1417,1278,1295,1454,959,877,1138,929,1420,1234,1519,872,540,428,885,1155,1166,1148,1291,1446,998,1280,752,285,477,1543,858,1215,1215,1492,1294,890,180,786,882,1276,870,932,688,471,1321,1219,1102,935,642,434,1294,999,1294,950,629,1411,305,1294,959,999,1298,742,466,1417,959,1476,632,1585,744,981,884,881,1440,898,1440,848,1141,916,788,1332,1149,610,987,540,283,742,1162,1152,426,642,898,1099,678,1185,867,533,1014,1459,246,484,858,1030,1251,564,180,728,1584,1038,673,1510,354,210,1488,412,556,236,1429,1280,937,983,188,1293,750,1294,1579,1117,987,838,723,1047,1497,1140,504,210,0,725,388,717,843,1008,216,419,1335,863,1201,360,1234,1431,1340,731,506,1355,1036,1409,516,1137,1563,629,953,1124,1437,316,1689,463,987,1330,568,1294,1510,1294,877,1154,1488,1289,1494,1447,345,963,562,771,574,831,1570,1466,1449,925,1419,963,1485,297,1373,1011,1380,1238,776,809,959,1280,1211,1294,1491,1450,1130,941,984,901,728,697,892,1233,636,1625,1359,332,1002,1162,1012,1137,939,953
1351,486,1397,908,374,1472,1547,1575,557,1326,1412,1582,380,1262,1970,1238,1280,890,1386,1222,1888,1328,1331,1386,1586,247,899,1527,702,1163,1417,327,213,432,1260,1388,1366,1421,1496,1413,1627,1354,1978,1305,1316,1229,894,485,1438,860,1237,1535,995,2003,1355,1836,325,878,956,1386,1403,1557,1557,1306,1124,1421,846,477,1435,982,1416,1484,299,801,1878,1772,1488,758,692,1026,1124,821,1124,1504,191,1225,897,1124,1496,823,920,1232,536,1034,781,1290,151,1646,268,803,1437,1427,1511,1454,1269,1405,1211,1607,1332,1403,1701,392,1538,365,890,1232,1720,1223,911,1174,1451,1620,1210,1740,1413,615,1668,1526,864,1020,1403,1575,1323,364,846,1260,1367,1596,691,1742,646,737,1455,558,580,1296,1986,1351,1628,1529,744,1104,305,1124,1284,1670,1538,1391,1290,1615,1568,1629,673,737,861,0,854,1249,1383,1551,918,773,1893,1416,1559,556,1789,1502,1898,501,443,1426,1581,1470,316,1626,1258,148,1495,951,1508,955,1750,824,1538,1885,368,1124,1742,1124,1413,1225,1455,1859,1573,1508,996,1513,1061,1298,374,1384,1641,1527,1278,1280,1124,785,1556,491,1179,1527,1939,1788,394,588,1496,1838,919,1124,1565,1293,835,1299,806,1438,2,1224,1445,1301,1163,1320,1430,702,1526,1720,836,1626,1630,1311
942,1114,971,235,1023,1046,1166,1155,556,915,1418,1211,1017,813,1437,1437,830,110,1430,1274,1186,1235,1237,1430,1170,1256,226,1434,319,766,1170,927,1046,1156,1304,937,1273,1431,1086,1003,1262,1045,1283,1212,1377,777,345,573,1012,1157,1144,1059,1274,1306,902,1135,1095,112,823,1430,974,1108,1108,1358,1176,1017,103,1187,1009,1278,1003,1058,1032,815,1179,1079,1229,936,766,260,1176,998,1176,1077,1136,1277,132,1176,1086,1000,1441,869,815,1371,960,1342,1100,1559,1041,982,1011,1014,1418,1025,1321,975,1119,1043,904,1310,1274,958,1126,968,110,869,1287,1130,776,769,1025,1104,805,1310,1000,641,1284,1437,96,616,974,1155,1229,904,103,855,1564,1163,802,1488,637,547,1465,802,890,369,1278,1258,1064,1116,336,1359,1047,1176,1483,971,1126,965,856,1172,1475,1276,629,547,362,1155,0,844,974,1137,566,246,1193,990,1330,709,1371,1409,1196,853,651,1333,1161,1383,856,1261,1546,1097,1086,1126,1415,143,1663,807,1129,1191,900,1176,1488,1176,1003,1132,1465,1414,1471,1421,694,1093,689,887,898,958,1548,1440,1451,830,1400,964,1463,674,1439,1137,1239,1314,1131,932,1086,1248,1194,1176,1468,1337,1111,850,964,1032,1154,813,1019,1211,766,1608,1337,319,1130,1287,982,1261,1066,862
461,1189,235,892,1282,310,732,557,964,218,1305,682,1276,669,641,1270,859,748,1077,1115,747,958,960,1077,399,1515,883,1031,804,311,870,1278,1331,1264,949,368,995,1154,846,887,814,405,841,935,1209,806,874,987,564,1085,1048,944,1294,864,752,697,1317,793,817,1077,428,1005,1005,1199,1019,900,655,1412,455,1183,774,328,1232,938,740,539,364,1110,904,889,1019,1174,1019,160,1270,1118,770,1019,846,1174,1159,24,959,1141,1134,1183,1248,1336,1198,1156,478,785,1141,290,1162,240,969,241,357,1033,545,1217,387,1158,748,24,681,858,1005,113,351,496,25,568,771,1147,339,1142,720,473,428,557,952,1175,655,4,1338,452,933,1214,899,793,1188,982,1129,572,847,981,263,887,808,1369,1372,1019,1316,524,387,229,420,582,1184,816,1125,793,628,1344,872,0,284,362,796,884,752,254,452,940,796,1123,757,1002,1067,1056,566,1159,1127,813,1385,1245,563,1081,1126,808,1440,930,387,746,1180,1019,1214,1019,887,850,1188,685,1179,1196,925,364,827,197,1187,222,1266,1207,1108,859,1292,1138,1181,919,1321,614,797,577,1397,1091,846,615,1255,1019,1176,982,1209,706,1136,456,1347,247,486,928,311,1447,1054,804,603,681,1027,813,264,718
313,1597,341,1202,1964,649,580,646,1304,242,1093,536,1958,980,731,1128,1141,1066,1203,968,880,881,886,1203,489,1867,1193,957,1138,454,739,1683,1737,1626,1075,736,918,1080,807,742,658,231,974,861,1068,1090,1177,1326,331,940,909,1096,1167,997,1074,830,1671,1103,1131,1203,243,1333,1333,1052,870,755,963,1721,328,1032,716,541,1583,1253,873,667,217,987,1271,1199,870,1051,870,277,1590,971,1099,870,807,1051,1281,305,1301,1263,1011,1036,1593,1461,1644,1033,351,727,1064,510,1012,460,838,332,196,959,708,1697,600,1563,1066,352,884,786,1304,500,441,684,306,658,719,1522,429,1070,1028,788,238,645,878,1609,963,337,1468,724,1032,1150,1309,1133,1090,1399,1572,925,1113,924,425,829,1173,1182,1773,847,1144,851,646,784,642,664,1129,665,1713,1203,998,1764,1210,338,0,522,1230,1301,1064,439,370,1394,951,1068,1082,1357,1494,1002,654,1026,1606,662,1165,1665,431,990,1075,1212,1146,1288,646,1062,1654,847,1150,847,717,762,1090,926,1067,1084,1403,684,1203,293,1650,619,1208,1076,931,1133,1105,1032,1116,1343,1134,454,1110,745,1610,1458,809,880,1096,847,1061,1040,1062,989,1009,309,1766,309,404,840,376,1228,1003,1204,443,908,898,662,428,983
598,1612,375,1240,1735,328,635,536,1366,493,1289,599,1729,637,421,1550,813,1220,1471,1491,659,1091,1027,1471,40,1924,1231,1098,1180,689,1121,1652,1708,1565,1342,317,1127,1222,829,937,959,688,737,1064,1442,756,1057,1386,394,1262,1162,845,1493,814,714,594,1602,1206,1143,1471,704,1180,1180,1463,1302,947,999,1658,397,1481,741,38,1544,1285,636,527,634,1576,1276,1264,1302,1637,1302,455,1724,1494,1163,1302,829,1645,1605,508,1357,1428,1597,1558,1644,1360,1652,1619,178,752,1263,251,1427,201,1219,212,688,1166,398,1673,149,1598,1220,508,590,1042,1323,678,123,183,515,348,739,1736,154,1269,1062,808,704,536,1019,1630,999,468,1389,398,1262,1315,1283,1177,1257,1377,1545,901,799,1110,233,849,1149,1633,1749,1302,1595,425,149,449,613,561,1307,961,1706,1177,972,1740,1186,566,562,0,1204,1298,648,369,461,1368,730,1256,669,1333,1467,1189,545,1230,1582,958,1622,1641,783,1347,1256,1188,1350,1264,235,648,1630,1302,1315,1302,937,933,1257,628,1223,1288,1377,358,1179,472,1626,320,1386,1281,1390,813,1553,1601,1294,1317,1583,671,693,508,1592,1434,829,562,1535,1302,1217,1375,1394,673,1616,695,1742,522,186,1012,689,1427,1182,1180,646,590,1252,958,235,667
900,365,926,733,483,991,1108,1231,188,864,1403,1153,477,1219,1519,1426,1203,578,1404,1362,1391,1301,1227,1404,1160,719,724,1296,459,715,1228,378,431,657,1280,1358,1338,1420,1037,963,1206,869,1469,1274,1478,1149,693,168,967,1045,1192,1443,1149,1540,1300,1325,594,666,337,1404,901,1513,1513,1438,1170,974,517,628,964,1131,949,1010,519,371,1366,1300,1184,799,484,757,1170,859,1170,1089,497,1366,676,1170,1037,865,1058,843,240,1177,822,1430,440,1617,457,844,966,960,1480,1007,1305,957,1169,1023,830,1376,1257,421,1064,326,578,843,1256,1257,249,724,1040,1199,760,1295,947,400,1201,1497,583,585,901,1231,1219,385,517,810,1640,1134,675,1512,293,212,1455,289,411,453,1524,1320,1042,1057,397,1187,467,1170,1470,1176,1064,922,772,1250,1535,1208,396,212,524,535,544,799,930,1115,0,806,1380,1043,1309,168,1336,1474,1401,551,285,1399,1238,1486,337,1205,1412,437,1043,986,1479,681,1600,350,1064,1388,392,1170,1512,1170,963,1133,1456,1382,1441,1541,166,1032,409,836,395,912,1603,1535,1262,1203,1280,826,1512,80,1265,1079,1425,1364,530,651,1037,1377,1076,1170,1435,1310,983,1255,836,989,537,762,974,1212,715,1474,1401,459,1063,1256,875,1205,1046,1249
796,1000,935,312,1137,835,1002,1124,436,798,1436,1047,1131,613,1235,1465,577,46,1441,1406,951,1296,1222,1441,1091,1370,303,1291,308,606,1223,1022,1147,1142,1313,700,1333,1415,929,855,1100,760,1024,1269,1521,526,290,476,846,1209,1187,823,1311,1046,692,882,1222,66,971,1441,793,852,852,1481,1213,865,325,1256,843,1295,841,949,1157,1006,922,960,970,978,873,155,1213,1042,1213,1098,1139,1409,95,1213,929,1044,1447,852,877,1490,1002,1473,1093,1650,966,1024,866,852,1475,945,1342,931,1164,1000,722,1371,1196,1075,853,1069,46,852,992,1252,890,733,971,831,769,1234,839,747,987,1492,381,534,793,1124,1214,1041,325,819,1673,1073,935,1507,520,633,1450,456,559,474,1005,1315,1019,949,193,1445,977,1213,1510,734,853,931,713,1141,1530,1102,716,633,448,1253,121,808,825,1046,652,0,934,974,840,805,1294,1469,961,920,548,1394,1130,1524,993,1099,1537,1090,938,1146,1474,214,1636,985,856,945,1049,1213,1507,1213,855,1128,1450,1306,1434,1579,803,963,800,770,1053,921,1598,1573,1305,577,1440,1006,1507,554,1498,974,981,1036,1258,1013,930,1009,1239,1214,1431,1347,1151,650,1003,884,1253,697,875,1208,607,1600,1397,308,954,993,1021,1100,1024,644
1176,2018,950,1710,2327,757,1073,998,1803,1245,1754,1039,2321,796,929,2057,980,1696,1921,1980,301,1425,1489,1921,628,2266,1701,1560,1641,1401,1622,2060,2118,1919,1788,809,1462,1684,1118,1241,1384,1376,117,1398,1906,981,1630,1827,1106,1763,1504,548,1972,139,800,56,1981,1642,1572,1921,1386,734,734,1927,1796,1251,1468,2085,1109,1972,1032,618,1898,1716,60,1052,1322,1965,1660,1733,1796,2027,1796,1167,2017,1983,1647,1796,1118,2034,2203,937,1793,2124,1987,2047,1986,1822,2068,2009,938,1043,1601,636,1929,694,1599,818,1398,1500,419,2265,500,2006,1696,937,274,1313,1877,1441,886,476,944,457,1030,1908,627,1603,1533,1252,1386,998,1481,2032,1468,995,1856,367,1694,1766,1719,1624,1719,1795,1917,1344,118,1444,837,1140,1623,2139,2160,1796,2102,395,500,1161,1035,1015,1645,1386,1910,1624,1442,2081,1665,995,1168,667,1616,1867,0,900,1173,1775,648,1598,254,1701,1908,1523,1004,1694,1988,1383,2123,1983,1362,1840,1585,1657,1806,1695,503,89,2022,1796,1766,1796,1241,1529,1719,595,1654,1749,1778,889,1583,1179,2028,853,1725,1743,1886,980,2053,1991,1631,1753,2084,1112,73,593,1953,1785,1118,247,2024,1796,1646,1821,1877,745,2003,1278,2083,1229,946,1674,1401,1890,1525,1641,1123,274,1751,1383,841,753
531,1618,49,1246,1741,101,637,532,1374,340,1285,595,1735,643,606,1348,819,1226,1166,1273,665,1087,1023,1166,404,1930,1237,1094,1186,464,958,1658,1714,1571,1035,323,1123,1218,825,933,892,566,742,1060,1388,762,1063,1394,163,1161,1158,850,1357,821,719,600,1608,1212,1149,1166,541,1185,1185,1348,1091,943,1005,1664,166,1271,737,263,1545,1291,641,533,434,1203,1282,1270,1091,1267,1091,231,1730,1276,1169,1091,825,1270,1379,514,1365,1201,1227,1340,1650,1356,1658,1249,38,748,1259,257,1224,207,1057,211,469,1162,509,1679,318,1604,1226,514,596,1038,1329,454,80,448,260,533,735,1733,275,1268,1068,814,541,532,1015,1636,1005,244,1385,404,1270,1314,1291,1185,1253,1381,1553,907,805,1106,232,845,1155,1427,1755,1091,1392,431,318,95,619,557,1306,894,1703,1185,980,1746,1192,245,361,359,1212,1304,653,0,229,1376,757,1252,675,1339,1475,1185,541,1226,1588,891,1419,1647,647,1186,1252,1194,1344,1270,318,654,1636,1091,1314,1091,933,928,1253,634,1219,1284,1385,44,1185,271,1632,32,1382,1277,1179,819,1350,1231,1290,1325,1379,671,698,507,1593,1440,825,568,1322,1091,1213,1068,1293,679,1209,530,1748,321,46,1007,464,1481,1178,1186,642,596,1096,891,234,673
456,1286,16,983,1360,133,733,669,1032,265,1225,707,1354,589,855,1252,765,964,1083,1177,604,946,894,1083,340,1593,974,964,901,383,883,1321,1374,1262,952,269,982,1088,999,857,818,391,687,920,1285,708,943,1049,75,1086,1022,794,1277,759,668,539,1305,950,871,1083,407,1130,1130,1252,995,867,743,1400,24,1185,742,202,1223,1012,583,433,359,1265,963,1008,995,1327,995,147,1347,1180,897,995,999,1335,1301,175,1025,1121,1287,1244,1320,1227,1275,1309,26,753,1118,203,1128,153,982,403,391,1021,447,1298,257,1277,964,175,532,839,1098,370,149,387,176,485,740,1233,527,1126,807,544,407,669,886,1264,743,160,1249,341,986,1183,946,858,1123,1086,1208,636,743,965,423,850,895,1334,1409,995,1297,370,257,129,339,685,1168,820,1237,858,706,1418,928,161,286,297,846,1011,597,69,0,1000,983,1110,614,1030,1129,1044,675,1097,1297,817,1318,1317,572,1114,1114,931,1217,991,257,593,1331,995,1183,995,857,795,1123,572,1092,1155,1003,113,887,196,1335,68,1247,1147,1083,765,1257,1294,1155,985,1286,605,643,743,1325,1131,999,506,1242,995,1086,985,1218,625,1304,455,1420,246,34,873,383,1380,1042,901,594,534,1024,817,426,619
1061,277,1071,706,541,1136,1253,1281,324,983,1570,1291,535,1371,1665,1509,1355,706,1478,1450,1532,1381,1309,1478,1305,827,697,1525,588,862,1308,281,334,710,1350,1503,1418,1407,1192,1113,1338,1098,1610,1354,1565,1299,844,252,1112,1132,1272,1603,1237,1693,1454,1466,652,692,431,1478,1074,1653,1653,1525,1257,1123,673,686,1109,1217,1108,1155,577,467,1507,1445,1178,886,578,908,1257,949,1257,1235,454,1453,689,1257,1192,952,1129,923,152,1247,909,1517,418,1687,359,931,1111,1119,1558,1152,1386,1102,1249,1281,1002,1456,1403,479,1209,243,706,923,1409,1269,352,865,1185,1347,901,1441,1106,617,1346,1563,737,743,1074,1281,1301,443,673,951,1710,1287,759,1592,422,462,1442,405,527,612,1677,1400,1301,1216,527,1274,369,1257,1554,1317,1209,1067,894,1326,1605,1340,668,462,676,513,672,940,1091,1260,240,772,1521,1188,1299,0,1500,1554,1542,645,210,1479,1288,1561,395,1337,1500,415,1205,1069,1551,723,1671,446,1209,1540,450,1257,1592,1257,1113,1213,1442,1531,1537,1616,220,1177,503,955,453,1057,1683,1610,1488,1355,1368,913,1590,180,1354,1228,1566,1510,662,729,1192,1529,1160,1257,1530,1383,1071,1407,924,981,515,881,1119,1290,862,1562,1481,588,1212,1409,965,1337,1304,1401
715,2056,945,1750,2365,787,640,545,1840,951,1274,608,2359,1146,586,1543,1337,1735,1456,1605,712,915,975,1456,538,2304,1741,1046,1678,1258,1238,2098,2156,1957,1327,836,951,1170,660,753,948,916,717,892,1427,1282,1728,1861,964,1396,994,895,1631,743,1292,647,2019,1682,1610,1456,911,1232,1232,1448,1420,763,1505,2123,967,1599,573,526,1936,1754,579,1043,766,1488,1698,1773,1420,1549,1420,1025,2055,1608,1684,1420,660,1557,2054,975,1830,1988,1509,1672,2024,1345,2131,1531,955,584,1087,663,1545,721,1204,678,863,990,247,2303,407,2044,1735,975,357,811,1792,1248,736,383,982,285,571,1980,481,1098,1570,1289,911,545,967,2070,1505,1038,1374,325,1544,1303,1756,1661,1205,1832,1954,1381,727,935,752,681,1660,1751,2199,1420,1588,480,407,1019,1072,570,1140,950,1982,1661,1479,2119,1704,1039,708,584,1653,1798,567,927,1031,1812,0,1079,722,1739,1941,1013,554,1215,2026,947,1737,2021,903,1471,1086,1697,1333,1733,410,703,2060,1420,1303,1420,753,912,1205,371,1137,1273,1815,916,1621,980,2066,880,1219,1266,1508,1337,1671,1513,1127,1790,1701,676,728,155,1991,1823,660,477,1651,1420,1131,1360,1528,1242,1542,815,2121,996,963,1160,1258,1412,1014,1678,630,357,1377,947,701,1176
1004,1818,1299,1730,2097,1465,918,848,1810,1277,931,886,2091,1751,1189,1208,1598,1654,1086,1130,1398,305,499,1086,1269,2036,1721,518,1890,1300,995,1858,1933,1719,954,1432,111,326,681,838,1104,1136,1476,289,1087,1542,1473,1768,1318,1205,438,1603,1241,1498,1822,1332,1756,1682,1347,1086,1227,1964,1964,1108,1083,848,1420,1812,1321,1263,592,1265,1693,1491,1373,1642,1162,1297,1422,1791,1083,1358,1083,1342,1786,1127,1599,1083,681,1366,1600,1394,1698,1359,1318,1202,1756,719,1838,1340,1309,603,209,1356,1235,1307,792,1177,1179,107,1166,2035,1092,1804,1654,1394,1059,392,1662,1336,1090,1375,1372,1116,590,1863,1084,126,1485,1204,1227,848,491,1791,1420,1355,812,1118,1271,648,1726,1631,347,1802,1924,1296,1457,322,1079,537,1575,1274,1958,1083,1057,1183,1092,1373,1337,864,166,1106,1832,1631,1394,1852,1821,1356,1034,1224,1597,1711,1387,1174,1389,1695,979,0,1408,1483,1761,127,854,873,1747,1103,949,1753,1148,1221,224,1631,845,1470,1092,1394,1781,1083,648,1083,838,550,347,1331,685,931,1594,1453,1382,1306,1777,1151,188,920,1175,1601,1256,1322,272,1677,1225,899,1432,953,1742,1584,681,1255,1314,1083,391,987,1337,1784,1299,1088,1854,1322,1317,534,1300,949,167,1890,888,1059,1186,1103,1200,1778
1198,2076,998,1770,2385,807,1095,1020,1860,1269,1778,1061,2380,889,897,2077,1289,1757,1945,2000,10,1447,1511,1945,651,2325,1762,1582,1700,1425,1642,2119,2178,1978,1812,858,1484,1706,1138,1269,1408,1398,258,1420,1937,1122,1456,1881,1130,1785,1526,360,1991,280,914,77,2040,1703,1631,1945,1494,827,827,1958,1816,1274,1526,2144,1133,1991,1054,641,1957,1775,154,1065,1344,2025,1719,1794,1816,2087,1816,1191,2076,2003,1706,1816,1138,2094,2257,996,1851,2148,2047,2067,2045,1846,2172,2069,987,1065,1622,685,1949,743,1622,842,1422,1522,547,2324,524,2065,1757,996,405,1335,1813,1499,902,500,1003,585,1052,1846,651,1625,1592,1310,1494,1020,1503,2091,1526,1054,1876,495,1754,1789,1777,1665,1711,1887,2009,1402,249,1466,861,1162,1682,2154,2170,1816,2122,250,524,1185,1093,1037,1667,1410,1816,1665,1500,2140,1726,1054,1190,690,1674,1694,168,949,1197,1833,726,1620,0,1760,1962,1545,1026,1718,2047,1407,2140,2042,1384,1860,1596,1614,1830,1754,527,94,2081,1816,1789,1816,1269,1551,1711,726,1689,1773,1836,938,1642,1203,2087,902,1746,1767,1906,1289,2073,2051,1652,1811,2104,1134,214,703,2012,1844,1138,377,2043,1816,1680,1845,1896,838,2063,1300,2142,1253,995,1696,1425,1910,1539,1700,1145,405,1771,1407,865,846
903,473,1093,1035,261,1158,1159,1235,630,1005,1030,1140,255,1379,1687,965,1363,1045,1016,977,1552,995,895,1016,1327,619,1026,965,886,884,914,617,509,358,884,1525,1031,1089,1096,1015,1250,1043,1630,968,1085,1306,1080,558,1134,573,886,1453,729,1715,1462,1486,405,968,414,1016,1101,1442,1442,1030,793,1025,824,483,1131,709,1012,1177,332,247,1527,1467,1060,405,319,1059,793,464,793,1257,371,980,978,793,1096,477,647,945,479,750,424,927,336,1222,392,446,1133,1023,1167,1174,1024,1124,860,1303,1029,1070,1425,199,1231,567,1045,945,1431,1002,353,887,1207,1367,923,1463,1010,774,1368,1169,888,769,1101,1235,887,101,824,973,1075,1309,363,1184,724,623,1124,691,813,790,1699,1014,1323,1120,822,791,553,793,1010,1337,1231,1089,916,1254,1211,1252,777,623,831,431,1012,962,933,1282,423,1048,1541,1210,1288,495,1554,1159,1562,0,517,1093,1242,1092,113,1249,984,333,1046,611,1158,983,1212,270,1231,1560,91,793,1184,793,1015,796,1124,1562,1093,1150,400,1199,644,977,69,1079,1289,1142,1023,1363,858,428,1197,507,867,1087,1586,1532,399,197,1096,1551,655,793,1087,917,564,1415,438,992,433,903,1141,874,884,1046,1086,886,1076,1431,456,1249,1326,1409
989,333,1002,496,714,1067,1190,1212,115,918,1615,1231,708,1149,1598,1554,1132,495,1523,1495,1467,1424,1357,1523,1236,692,487,1568,376,795,1351,322,375,864,1395,1236,1461,1639,1125,1046,1278,1027,1545,1397,1610,1078,627,43,1043,1173,1315,1371,1278,1616,1230,1401,814,481,475,1523,1003,1446,1446,1570,1302,1056,448,860,1040,1261,1041,1086,749,511,1442,1376,1256,929,622,604,1302,993,1302,1165,496,1498,476,1302,1125,995,1156,919,120,1274,953,1562,460,1734,401,975,1042,1052,1599,1083,1431,1033,1292,1212,931,1499,1326,667,1140,255,495,919,1332,1312,408,800,1116,1275,836,1364,1039,254,1278,1602,472,668,1003,1212,1349,631,448,886,1757,1210,801,1637,211,286,1484,164,286,564,1600,1443,1231,1149,314,1320,411,1302,1599,1252,1140,998,829,1231,1644,1280,251,286,456,555,461,875,1019,1191,345,603,1456,1119,1385,467,1436,1597,1477,673,0,1522,1219,1606,583,1277,1540,457,1133,1110,1587,512,1718,490,1140,1475,638,1302,1637,1302,1046,1256,1484,1451,1596,1661,495,1108,547,890,641,988,1723,1655,1529,1132,1408,957,1629,113,1400,1161,1501,1433,834,757,1125,1452,1204,1302,1588,1428,1115,1185,968,1073,557,816,1050,1333,795,1602,1526,376,1145,1332,1008,1277,1235,1179
902,1718,1209,1639,1995,1385,822,753,1683,1175,833,791,1989,1671,1092,1102,1499,1563,986,1005,1308,206,393,986,1179,1934,1630,466,1787,1205,898,1758,1805,1732,853,1352,251,590,586,744,1006,1042,1385,190,981,1442,1382,1666,1228,1105,512,1530,1265,1407,1893,1241,1769,1591,1247,986,1125,1821,1821,1002,983,754,1328,1825,1231,1173,497,1175,1706,1391,1282,1645,1059,1309,1320,1700,983,1370,983,1240,1684,1002,1507,983,586,1378,2044,1289,1598,1453,1226,1097,1654,902,1755,1248,1219,508,383,1276,1130,1227,664,1087,1077,290,1069,1933,997,1704,1563,1289,969,288,1429,1231,1000,1274,1267,1019,495,1772,989,493,1393,1112,1125,753,386,1689,1328,1253,908,1021,1170,887,1636,1541,626,1712,1834,1204,1366,223,989,605,1483,1282,1855,984,1148,1086,997,1283,1231,769,535,1008,1742,1541,1302,1750,1730,1254,932,1134,1495,1620,1296,1084,1287,1595,885,369,1318,1381,1661,0,759,776,1645,1005,970,1651,1045,1122,674,1540,1006,1370,997,1298,1679,984,887,984,744,445,626,1232,587,834,1494,1376,1282,1204,1675,1061,598,823,1076,1499,1260,1230,744,1575,1234,806,1341,859,1673,1483,586,1165,1231,984,575,887,1238,1707,1208,991,1752,1220,1227,581,1205,970,615,1787,795,969,1095,1005,1110,1701
366,1602,684,1230,1819,751,110,93,1358,573,888,68,1813,1050,817,1154,1120,1210,1041,1079,1030,797,629,1041,658,1760,1221,699,1170,865,786,1642,1698,1481,910,740,832,820,543,520,87,458,1112,774,1044,1066,1132,1378,703,992,883,1251,1185,1134,1130,964,1537,1196,1133,1041,577,1383,1383,1065,899,527,989,1606,706,1089,541,679,1442,1275,1008,962,308,1054,1146,1254,899,1118,899,637,1714,1082,1153,899,543,1120,1782,902,1349,1603,1078,1146,1487,956,1642,1100,694,552,965,675,1030,625,736,563,530,872,794,1754,734,1588,1210,902,735,693,1313,860,475,824,667,744,539,1724,600,980,1052,798,577,93,621,1521,989,651,961,812,995,906,1275,1169,857,1362,1537,891,1093,817,460,649,1139,1236,1739,899,1199,811,734,758,870,37,1022,89,1694,1169,965,1582,1177,652,328,617,1197,1268,1022,559,675,1361,635,952,1040,1324,1460,895,0,830,1477,86,1220,1481,227,1038,945,1179,1060,1255,734,1022,1511,899,906,899,520,534,857,870,848,888,1370,778,1170,602,1515,536,1019,877,984,1119,1159,1082,1011,1310,1188,157,1068,621,1533,1425,542,876,1149,899,839,943,1124,1086,1060,358,1584,618,702,616,865,1021,883,1171,138,735,948,86,586,1080
886,1531,1287,1741,1397,1587,1038,963,1579,1159,87,1004,1391,1616,1553,294,1595,1665,324,247,1767,850,584,324,1545,1565,1732,698,1682,1187,500,1571,1524,1135,253,1697,885,635,1042,939,1233,1026,1843,826,188,1536,1484,1478,1277,591,979,1657,526,1865,1665,1699,1173,1693,1063,324,1109,1633,1633,209,325,1008,1508,1233,1274,450,954,1540,1096,1207,1740,1629,1043,773,1004,1802,325,850,325,1224,1477,244,1688,325,1041,862,1431,1252,1411,914,796,260,1345,361,1424,1003,1297,965,1020,1619,316,1570,419,1452,1061,925,1530,1615,1654,1517,1665,1252,1424,701,1343,1284,1365,1693,1253,1480,952,1670,1488,827,1574,1292,1109,963,576,1382,1508,1237,384,1487,856,441,1495,1400,846,1589,1711,1313,1823,869,1354,1062,1664,536,1609,325,339,1546,1654,1648,1284,980,921,1235,1676,1400,1482,1502,1708,1238,916,1499,1310,1722,1754,1340,1271,1408,1341,999,1777,1095,1473,948,969,0,1338,1232,234,1342,1029,679,897,1642,267,1174,1685,1761,1372,325,441,325,939,493,846,1763,815,141,1307,1729,1208,1188,1376,1508,945,225,434,1595,452,800,911,1390,484,1070,1799,1314,1195,1086,1041,1570,524,325,806,180,624,1652,949,975,1504,1204,1305,575,1188,236,875,1683,1059,1424,590,1232,1475,1646
1047,424,1057,988,212,1122,1239,1266,581,969,1087,1277,206,1437,1651,1036,1418,999,1094,1046,1516,1065,965,1094,1291,569,979,1036,837,848,986,568,458,361,963,1489,1101,1160,1178,1099,1324,1087,1594,1038,1154,1361,1008,509,1098,748,956,1417,789,1679,1442,1450,311,922,364,1094,1063,1406,1406,1121,862,1109,778,345,1095,771,1094,1141,247,198,1491,1431,1164,477,407,1013,862,536,862,1221,320,1049,932,862,1178,549,727,909,430,828,496,1012,288,1300,343,518,1097,1105,1239,1138,997,1088,932,1267,991,1140,1389,150,1195,518,999,909,1395,1027,304,851,1171,1331,887,1427,1092,735,1332,1268,842,719,1063,1266,968,52,778,937,1183,1273,354,1267,675,574,1206,652,774,740,1663,1095,1287,1202,773,851,502,873,1081,1301,1195,1053,880,1312,1306,1326,738,574,785,383,964,926,1077,1246,374,1002,1505,1174,1285,446,1486,1244,1526,190,468,1174,1273,1183,0,1320,1045,285,1191,697,1244,937,1301,221,1195,1524,42,873,1267,873,1099,877,1206,1517,1171,1241,351,1163,588,941,65,1043,1370,1233,962,1418,918,511,1278,458,927,1211,1550,1496,337,288,1178,1515,714,873,1165,1009,548,1473,518,967,385,867,1105,955,848,1107,1167,837,1198,1395,536,1320,1290,1467
441,1446,626,1215,1757,693,112,45,1341,679,834,95,1751,991,759,1103,1184,1195,987,1006,975,735,569,987,604,1698,1206,779,1155,933,817,1485,1538,1379,854,683,770,674,481,457,1,638,1055,712,982,1130,1114,1361,645,947,821,1196,1185,1077,1065,907,1435,1181,979,988,679,1318,1318,1004,928,464,974,1530,648,1118,480,624,1340,1121,951,890,487,1044,1084,1239,928,1108,928,705,1557,1004,1138,928,481,1110,1850,874,1328,1459,1068,1098,1425,903,1485,1090,636,491,900,616,1058,566,664,505,631,810,736,1695,704,1434,1195,874,683,631,1159,928,417,769,735,686,478,1719,542,917,1037,783,679,45,561,1462,974,719,907,757,936,845,1259,1154,711,1347,1520,876,1149,755,402,588,1124,1264,1579,928,1149,758,679,700,842,76,959,2,1689,1154,949,1523,1161,720,434,559,1181,1355,965,501,712,1325,578,974,985,1145,1442,833,95,777,1418,0,970,1422,432,1030,879,1163,1007,1100,678,969,1452,931,845,931,457,473,711,815,802,835,1224,720,1015,708,1456,478,957,824,1016,1184,1190,1072,953,1294,1219,117,1011,562,1440,1247,481,824,1181,931,793,888,1074,1027,1050,540,1525,724,644,555,933,970,821,1155,120,683,938,180,528,1021
974,1547,1393,1771,1285,1697,1234,1331,1595,1265,266,1230,1279,1729,1846,105,1700,1806,591,305,2064,1167,912,591,1655,1422,1762,846,1700,1289,833,1587,1541,1023,516,1800,1204,773,1185,1097,1319,1125,2147,1139,470,1641,1625,1493,1383,505,1067,1754,425,2169,1762,1999,1061,1834,1079,591,1215,1717,1717,203,343,1107,1526,1121,1380,349,1101,1651,984,1223,2043,1739,1150,790,1021,1794,343,758,343,1330,1334,308,1706,343,1185,770,934,1358,1427,707,813,186,1362,422,1436,911,1403,1112,1346,1753,218,1704,743,1368,1167,1242,1823,1404,1765,1606,1806,1358,1732,1016,1361,1371,1476,1804,1343,1617,1099,1962,1599,956,1619,1349,1214,1280,877,1299,1526,1327,401,1649,911,577,1595,1446,968,1665,1808,1379,1870,1130,1477,1210,1707,307,1421,362,73,1606,1765,1703,1366,1302,1061,1292,2038,1446,1506,1309,1749,1328,1014,1623,1379,1809,1826,1461,1392,1480,1460,1158,1836,955,1562,1222,1288,568,1251,1277,0,1427,1105,591,1029,1753,359,1178,1778,1821,1399,362,577,362,1094,795,968,1850,1082,487,1379,1723,1268,1274,1400,1624,1083,300,368,1668,260,829,1027,1458,254,1189,1872,1478,1053,946,1196,1781,417,362,1077,400,505,1728,805,1041,1311,1292,1426,856,1248,53,1061,1726,1122,1573,672,1277,1391,1730
1304,538,1346,1048,330,1420,1471,1613,656,1280,1416,1515,336,1298,1941,1335,1283,1014,1356,1285,1838,1315,1302,1356,1594,248,1039,1282,665,1111,1394,362,250,543,1230,1702,1352,1595,1453,1366,1555,1340,1928,1295,1407,1225,872,581,1387,960,1274,1513,1082,1954,1407,1781,493,1001,860,1356,1298,1523,1523,1361,1107,1368,794,548,1384,1138,1368,1433,418,713,1824,1670,1442,743,718,1016,1107,778,1107,1574,393,1288,888,1107,1453,780,1091,1187,943,1190,775,1353,1,1575,486,788,1478,1379,1492,1451,1243,1396,1190,1522,1231,1392,1672,351,1487,416,1014,1187,1685,1231,829,1126,1427,1613,1163,1711,1366,653,1610,1553,787,995,1298,1613,1294,358,794,1217,1597,1566,660,1599,757,1099,1445,526,589,1251,1938,1324,1541,1476,683,1150,338,1107,1380,1618,1487,1341,1223,1544,1595,1569,728,1099,1342,57,977,1206,1346,1547,869,749,1838,1440,1596,949,1734,1488,1848,500,536,1415,1621,1411,310,1554,1352,0,1435,935,1565,931,1663,736,1487,1833,367,1107,1599,1107,1366,1206,1445,1883,1545,1448,855,1432,934,1255,367,1333,1627,1520,1165,1283,1216,770,1567,971,1231,1453,1885,1796,513,588,1453,1807,1072,1107,1537,1263,944,1333,791,1371,59,1186,1486,1285,1111,1402,1506,665,1432,1685,793,1554,1545,1334
185,1368,543,1064,1463,837,460,339,1097,382,833,253,1457,1130,925,861,983,1028,996,817,1058,730,710,996,721,1678,1055,779,979,502,610,1371,1424,1290,867,893,765,1006,721,608,531,315,1150,710,929,924,954,1125,533,817,782,1264,938,1172,1227,1002,1353,965,985,996,364,1081,1081,893,649,610,816,1455,530,849,638,746,1251,1128,1046,865,113,847,1041,1056,649,882,649,456,1422,820,978,649,721,884,1531,477,1093,1427,879,885,1400,1219,1354,892,553,649,900,778,780,722,713,529,305,807,811,1401,805,1397,1028,477,823,646,1194,682,523,840,478,849,636,1320,669,939,881,629,364,339,702,1423,816,462,1232,872,865,968,1065,923,941,1133,1282,717,1110,739,526,746,967,952,1459,649,906,836,805,753,773,364,981,545,1292,923,760,1498,992,463,151,677,933,1196,1060,596,527,1142,708,887,1068,1107,1208,830,348,1053,1375,530,897,1397,0,822,966,980,1305,1109,801,1047,1412,649,968,649,608,619,941,938,919,1088,1103,850,944,411,1413,750,969,1160,705,983,853,874,981,1053,909,312,1106,725,1354,1194,721,989,918,649,915,847,929,1166,874,162,1500,429,561,697,502,948,896,979,301,823,726,530,552,1168
866,1032,1013,1334,1217,1088,1117,1164,1055,1136,634,1100,1211,1139,1595,646,1118,1184,693,573,1502,825,965,693,1262,1149,1325,1034,1178,794,741,1027,1039,800,582,1366,860,1177,1091,992,1201,951,1587,805,676,1060,978,1053,1289,194,775,1338,389,1612,1236,1445,849,1209,665,693,939,1354,1354,649,446,994,1083,923,1286,349,997,1101,777,787,1486,1336,1003,63,555,1324,446,38,446,1212,876,576,1257,446,1091,49,896,863,926,787,88,625,866,930,942,101,1146,1008,924,1119,543,1064,840,1190,872,902,1330,1155,1155,1055,1184,863,1341,1069,845,802,1095,1316,839,1368,995,1278,1280,1046,1147,890,939,1164,957,923,1083,893,929,1224,420,953,1023,880,1197,1091,1240,918,1596,834,1369,1105,1232,604,975,446,691,1286,1155,1007,847,1187,1088,1215,1250,880,1041,963,1263,882,905,1215,853,1220,1500,1108,1283,937,1364,987,1512,580,1008,925,1173,773,875,1200,631,863,996,0,1208,1161,820,686,1155,1509,912,446,953,446,992,874,1197,1484,1161,809,843,1100,775,903,907,1001,1132,747,546,1118,527,91,1382,954,652,1023,1545,1381,828,762,1091,1463,386,446,1156,634,294,1175,80,938,965,833,1154,952,794,683,1005,1178,1012,1341,45,1200,1213,1176
1057,1744,1356,1699,2165,1555,934,915,1738,1332,825,960,2159,1858,1270,1028,1518,1593,908,971,1393,376,250,908,1382,2103,1690,256,1792,1328,831,1716,1772,1569,777,1555,380,155,762,788,1152,1150,1480,359,934,1460,1389,1743,1366,1083,715,1606,1091,1502,2147,1336,1696,1620,1306,908,1301,2052,2052,954,877,934,1495,1762,1369,1079,670,1376,1628,1453,1377,1800,1195,1244,1503,1734,877,1282,877,1408,1833,932,1680,877,762,1284,1430,1429,1636,1201,1274,1033,1821,521,1712,1287,1365,681,506,1488,1071,1433,572,1291,1224,386,1244,2103,1146,1742,1595,1429,1152,381,1606,1407,1186,1439,1444,1190,668,1754,1135,286,1562,1293,1301,915,246,1871,1495,1414,627,1204,1352,434,1766,1616,113,1884,1984,1382,1440,384,1189,778,1650,1068,1813,877,895,1177,1146,1416,1397,934,327,1154,1741,1616,1450,1941,1765,1415,1101,1335,1556,1628,1391,1262,1479,1647,1037,277,1403,1521,1698,409,922,735,1823,1151,911,1818,1095,1058,0,1572,684,1434,1146,1393,1860,877,434,877,788,309,113,1386,570,771,1553,1567,1331,1361,1863,1247,314,681,971,1520,1054,1269,117,1664,1025,937,1436,1057,1679,1603,762,1377,1059,877,149,810,1226,1896,1271,1124,1943,1379,1373,270,1328,918,71,1794,926,1152,1065,1151,1314,1898
846,895,1017,236,1030,869,1040,1144,558,856,1621,1085,1024,673,1307,1530,635,135,1550,1488,986,1335,1325,1550,1170,1243,227,1301,434,670,1284,945,1035,1158,1424,738,1372,1615,1013,915,1138,890,1080,1315,1607,586,167,556,949,1224,1294,869,1363,1102,765,932,1116,149,858,1550,848,862,862,1564,1306,918,248,1211,946,1391,918,999,1049,892,976,944,1021,1057,769,268,1306,1092,1306,1244,971,1491,383,1306,1013,1094,1356,867,789,1544,1090,1556,960,1771,948,1115,969,929,1512,979,1439,965,1212,1072,781,1412,1220,968,921,896,135,867,1004,1251,779,806,1003,899,843,1258,916,650,1017,1568,269,585,848,1144,1318,904,248,897,1794,1113,821,1577,625,541,1464,584,740,383,1040,1344,1091,1026,288,1519,959,1307,1576,767,921,1011,793,1165,1610,1140,635,541,351,1057,302,886,885,1123,572,129,990,1016,943,761,1350,1508,996,820,634,1435,1151,1605,856,1137,1555,957,976,1203,1574,0,1860,877,924,978,910,1307,1577,1307,915,1227,1464,1371,1577,1643,702,1008,691,831,905,1005,1645,1715,1367,638,1498,1085,1587,651,1577,1011,1036,1093,1148,892,1013,1018,1357,1307,1569,1458,1221,708,1071,918,1059,761,977,1304,670,1606,1519,434,982,1004,1107,1137,1095,709
1245,1712,1640,2036,1392,1916,1290,1204,1805,1517,480,1257,1386,2021,1774,608,1976,2004,622,667,1902,1048,868,622,1668,1618,2027,699,1947,1511,794,1792,1687,1170,559,1866,1134,620,1281,1224,1380,1339,2001,1121,485,1918,1932,1729,1644,901,1229,2117,699,2018,2053,1853,1216,1934,1351,622,1490,2066,2066,505,676,1206,1778,1318,1658,804,1182,1662,1131,1496,1892,1945,1383,1110,1240,2025,676,1145,676,1593,1513,543,1953,676,1281,1147,1029,1614,1667,807,1143,613,1596,167,1585,1254,1681,1193,1245,1797,655,1742,737,1577,1413,1139,1748,1587,1755,1693,2004,1614,1658,917,1591,1670,1471,1794,1615,1699,1185,2051,1614,843,1845,1566,1490,1197,798,1482,1778,1599,239,1726,1222,433,1776,1625,830,1844,1993,1593,1950,1056,1468,1290,1933,707,1618,676,520,1683,1755,1694,1648,1219,937,1394,2128,1625,1714,1558,1975,1600,1287,1621,1637,2174,1911,1547,1655,1678,1545,1037,1917,1117,1684,1162,1212,684,1434,1379,423,1593,1376,884,887,2116,0,1391,1810,1903,1493,676,433,676,1224,702,830,1957,1006,367,1584,1870,1479,1546,1494,1525,958,280,736,1976,684,1138,904,1695,662,1284,1952,1558,1232,1108,1281,1865,666,676,945,493,931,2059,1228,1312,1560,1564,1689,713,1511,426,929,1947,1364,1658,935,1379,1593,2062
861,401,904,983,783,979,1056,1160,612,840,1270,1101,777,1188,1499,1290,1307,947,1244,1239,1394,1086,1018,1244,1153,701,974,1087,898,680,1008,626,588,901,1114,1256,1122,1230,1028,930,1154,892,1467,1066,1361,1247,1010,594,945,819,1047,1235,896,1492,1287,1337,869,884,128,1244,850,1219,1219,1315,1064,933,735,903,942,952,932,992,802,98,1378,1227,1215,609,287,975,1064,644,1064,1131,395,1242,897,1064,1028,646,860,848,525,958,638,1307,421,1392,327,651,1037,943,1263,1010,1198,955,966,1081,783,1163,1213,721,1046,656,947,848,1222,1122,143,693,986,1201,730,1251,930,885,1170,1326,800,547,850,1161,1010,361,735,784,1420,1106,463,1277,736,660,1250,776,895,576,1476,1095,1100,1040,886,981,718,1064,1304,1178,1046,898,755,1183,1364,1166,857,660,679,518,910,773,901,1106,428,1009,1392,999,1369,514,1301,1256,1404,323,607,1186,1169,1229,313,1151,1304,418,991,799,1264,899,1480,0,1046,1397,371,1064,1277,1064,930,926,1250,1364,1217,1264,413,991,208,815,371,892,1398,1335,1120,1307,1030,633,1340,507,1062,1027,1437,1371,888,402,1028,1343,887,1064,1211,1147,677,1223,654,932,520,745,1045,1006,679,1354,1273,898,999,1222,659,1151,1104,1224
754,1736,507,1380,1862,481,708,633,1503,693,1481,674,1856,803,329,1562,991,1344,1701,1528,453,1079,1184,1701,139,2077,1371,1254,1302,818,1255,1706,1762,1692,1571,501,1115,1397,855,956,1134,837,549,1059,1645,933,1301,1540,518,1406,1218,637,1647,585,1192,399,1739,1279,1294,1701,870,1021,1021,1601,1350,959,1128,1805,521,1556,760,128,1671,1441,445,718,803,1682,1375,1370,1350,1720,1350,570,1821,1528,1307,1350,855,1722,1648,684,1626,1544,1712,1593,1795,1554,1789,1725,337,771,1256,252,1479,385,1368,376,803,1156,274,1800,0,1732,1344,684,355,995,1594,796,282,66,692,254,758,1834,109,1319,1193,933,870,633,1176,1752,1129,576,1577,178,1393,1446,1472,1302,1417,1484,1686,1022,569,1088,396,868,1278,1663,1804,1350,1607,222,0,568,733,650,1357,1136,1821,1302,1086,1893,1312,753,710,180,1335,1420,459,533,580,1544,605,1249,463,1442,1626,1179,639,1393,1704,1133,1600,1793,885,1456,1344,1295,1645,1423,0,433,1741,1356,1448,1356,956,1232,1417,427,1348,1432,1544,525,1279,681,1736,485,1389,1502,1413,992,1558,1708,1331,1456,1623,749,505,399,1723,1529,855,338,1634,1356,1343,1610,1546,839,1731,834,1895,732,351,1346,824,1651,1266,1303,760,355,1359,1139,405,840
1134,2059,992,1728,2322,791,1058,975,1803,1181,1800,1020,2316,1011,877,1969,943,1588,2085,1908,179,1383,1513,2085,623,2260,1719,1586,1648,1312,1644,2065,2124,1949,1958,841,1420,1730,1106,1250,1375,1384,206,1363,2020,883,1382,1836,1005,1800,1492,497,2032,165,1129,17,2018,1613,1629,2085,1373,952,952,1984,1735,1252,1474,2129,1008,1940,1016,611,1931,1776,88,1056,1170,1962,1660,1718,1735,2000,1735,1061,1990,1911,1659,1735,1106,2002,2112,1001,1795,2021,1993,1976,1978,1877,2104,2006,919,1027,1560,649,1871,725,1681,761,1306,1460,545,2260,494,2093,1588,1001,428,1299,1930,1287,820,470,1008,583,1014,1747,576,1614,1541,1272,1373,975,1505,2036,1474,1069,1937,507,1810,1763,1774,1623,1721,1842,1991,1361,198,1392,780,1124,1629,2097,2168,1735,2014,138,494,1056,1047,994,1656,1389,1734,1623,1429,2075,1671,1069,1097,668,1634,1621,119,881,1068,1838,737,1556,85,1711,1921,1483,982,1712,1988,1374,1991,1975,1264,1834,1606,1565,1965,1757,497,0,2025,1734,1763,1734,1250,1561,1721,773,1685,1750,1793,873,1585,1163,2028,834,1693,1820,1792,943,2017,1988,1633,1755,2048,1098,148,743,1988,1783,1106,411,2013,1734,1677,1932,1915,963,2007,1213,2077,1214,927,1679,1312,2041,1551,1648,1109,428,1743,1374,784,973
1035,377,1066,970,170,1141,1203,1280,499,977,1181,1234,164,1492,1661,1101,1472,941,1189,1086,1555,1124,1063,1189,1314,530,961,1132,787,844,1203,485,411,303,1059,1417,1161,1361,1195,1098,1274,1036,1642,1104,1198,1412,990,511,1107,714,1086,1405,854,1668,1427,1498,271,871,297,1189,994,1395,1395,1162,917,1100,761,305,1104,910,1101,1154,204,144,1539,1388,1086,546,489,962,917,585,917,1292,259,1089,923,917,1195,587,870,912,384,968,574,1090,247,1411,326,587,1198,1112,1301,1172,1052,1117,1004,1242,927,1201,1386,108,1208,515,941,912,1397,1040,254,851,1147,1369,888,1424,1099,908,1331,1364,826,720,994,1280,1055,11,761,942,1381,1280,428,1320,628,547,1295,668,787,691,1652,1133,1262,1209,731,914,359,917,1064,1339,1208,1059,896,1263,1402,1288,749,547,766,343,936,931,1079,1267,315,992,1553,1160,1302,383,1459,1297,1565,266,466,1224,1349,1248,93,1273,1069,244,1166,747,1389,886,1499,167,1208,1562,0,917,1320,917,1098,970,1295,1553,1263,1283,289,1152,377,952,142,1054,1437,1355,974,1472,990,569,1379,394,994,1185,1598,1531,290,346,1195,1519,848,917,1258,1092,719,1528,588,1102,345,882,1206,1050,844,1121,1311,787,1164,1397,600,1273,1265,1530
497,1266,934,1379,1518,1141,721,796,1393,780,307,752,1512,1177,1231,335,1073,1273,325,282,1357,659,615,325,1101,1456,1370,733,1550,765,353,1413,1356,895,191,1285,694,809,723,621,792,567,1445,639,392,1015,1067,1375,924,341,619,1229,404,1467,1276,1301,945,1298,957,325,713,1213,1213,358,180,623,1377,1015,921,313,627,1154,872,1100,1342,1256,636,611,856,1412,180,646,180,855,1185,285,1561,180,723,648,1052,877,1313,939,640,350,1177,560,1272,653,944,638,764,1172,255,1117,384,915,636,736,1205,1456,1196,1442,1273,877,1111,726,1148,851,1002,1235,888,1151,625,1674,1096,869,1443,1176,713,796,607,1230,1377,862,609,1164,721,592,1416,1268,775,1487,1630,1204,1405,668,1004,735,1531,471,1384,180,380,1138,1196,1061,828,813,911,806,1646,1268,1333,1218,1443,863,546,1054,1209,1309,1356,987,918,1302,996,816,1367,863,1397,759,802,396,1182,791,395,1174,629,336,882,1250,648,995,1210,1354,1219,0,592,180,621,521,775,1347,833,430,1201,1154,1090,809,1220,1056,898,503,174,1073,331,635,1016,1288,419,703,1401,1016,931,936,723,1336,386,180,826,224,453,1209,638,565,1220,827,952,604,765,448,827,1502,678,1111,430,791,938,1210
960,1849,1258,1727,2017,1458,891,812,1851,1231,541,855,2011,1759,1458,619,1548,1621,748,787,1582,718,511,748,1285,1955,1718,330,1820,1236,714,1824,1820,1270,617,1458,809,250,953,818,1135,1051,1668,799,663,1486,1415,1861,1269,921,863,1784,771,1690,1688,1524,1389,1646,1443,748,1202,1651,1651,683,722,838,1872,1491,1272,823,860,1279,1287,1594,1565,1671,1098,1084,1347,1760,722,1119,722,1307,1684,748,2049,722,953,1121,1102,1328,1744,884,1117,652,1673,201,1771,1130,1268,871,918,1391,674,1336,517,1190,1125,815,1432,1955,1380,1850,1621,1328,1343,567,1649,1254,1086,1419,1291,1378,858,1780,1330,514,1760,1660,1202,812,440,1723,1872,1313,288,1399,1196,180,1820,1671,465,1888,2035,1685,1627,726,1088,968,1844,771,1924,722,594,1365,1380,1319,1303,829,608,1149,1767,1671,1808,1719,1791,1314,1000,1238,1672,1654,1579,1163,1378,1755,1229,716,1592,1365,1806,838,818,445,1675,1134,582,1670,1091,898,653,1598,339,1489,1412,1588,1712,722,0,722,818,340,465,1653,685,479,1661,1471,1556,1260,1707,1147,627,415,856,1548,752,1112,571,1772,726,1010,1624,1248,1390,1262,953,1559,741,722,585,613,950,1797,1111,1027,1721,1278,1276,344,1236,582,608,1820,966,1343,909,1134,1213,1799
531,1266,934,1384,1518,1143,721,796,1393,780,307,752,1512,1174,1231,335,1073,1278,325,282,1357,659,615,325,1102,1456,1375,733,1550,765,353,1413,1356,894,191,1285,694,809,723,621,792,567,1445,639,392,1015,1072,1375,924,340,619,1229,404,1467,1277,1301,944,1303,957,325,713,1213,1213,358,180,623,1377,1014,921,313,627,1156,871,1100,1342,1256,636,611,856,1417,180,646,180,855,1185,285,1561,180,723,648,1052,877,1313,938,631,354,1146,594,1272,653,1005,647,870,1155,267,1105,384,980,666,762,1243,1433,1194,1336,1292,905,1122,728,1157,844,1028,1333,881,1183,633,1544,1135,928,1392,1105,742,829,614,1216,1321,918,634,1273,656,621,1303,1153,820,1370,1477,1150,1405,695,1049,750,1485,507,1347,180,397,1149,1194,1052,837,810,931,837,1492,1153,1274,1238,1488,919,607,1134,1130,1282,1359,1048,979,1178,1023,949,1377,784,1302,782,951,406,1168,821,436,1143,640,339,889,1269,679,951,1194,1368,1205,180,621,0,624,534,820,1374,836,440,1106,1149,1027,874,1231,1047,908,530,177,1105,343,626,977,1206,455,661,1404,1027,942,855,745,1351,382,180,829,236,443,1290,623,589,1240,891,1013,617,780,489,834,1454,650,1122,412,821,1003,1285
434,1325,759,993,1364,835,296,245,1046,651,918,298,1358,1039,1025,933,938,888,1051,866,1132,638,572,1051,735,1586,984,648,927,662,653,1298,1352,1304,916,867,678,866,568,180,375,475,1217,617,973,883,938,1070,779,859,776,1349,987,1239,1102,1072,1352,903,924,1051,684,1068,1068,942,698,243,790,1451,782,896,327,757,1264,1047,1114,1080,386,876,975,1012,698,915,698,712,1324,869,922,698,568,912,1535,739,1040,1427,908,934,1317,972,1249,922,769,338,820,805,847,754,789,675,602,712,851,1301,812,1318,888,739,842,534,1102,679,548,929,740,938,324,1265,708,842,861,585,684,245,564,1255,790,724,974,879,897,831,1022,869,815,1091,1198,667,1177,645,566,441,953,1028,1392,698,978,907,812,834,667,267,884,390,1213,869,724,1409,960,725,410,693,853,1020,1128,632,775,1072,741,900,1142,1027,1156,732,253,793,1339,374,988,1314,344,848,844,918,1057,1036,812,1121,1376,698,831,698,0,482,815,978,789,829,1033,872,892,680,1402,609,861,912,757,938,920,903,894,1000,984,274,1173,744,1346,1113,568,1035,967,698,781,904,950,1077,895,430,1411,697,777,565,662,1040,788,927,242,842,750,374,698,1072
818,1643,1195,1554,1959,1360,768,693,1597,1126,652,734,1953,1710,1325,816,1408,1443,783,846,1418,477,257,783,1176,1883,1545,65,1652,1071,691,1600,1742,1530,649,1379,519,215,804,674,870,892,1499,453,723,1354,1219,1587,1215,921,700,1624,1020,1521,1532,1355,1581,1469,1170,783,1041,1536,1536,743,732,671,1242,1643,1218,929,696,1171,1497,1289,1396,1706,956,1046,1265,1621,732,1082,732,1188,1726,792,1383,732,804,1079,1483,1136,1516,1256,1079,815,1608,580,1688,1093,1205,707,666,1308,860,1258,408,1111,965,553,1298,1896,1280,1619,1443,1136,1182,369,1339,1075,984,1319,1112,1238,693,1668,1190,720,1587,1024,1042,693,91,1680,1243,1167,691,1290,1097,515,1563,1406,230,1588,1682,1109,1456,482,1005,810,1674,998,1700,732,861,1204,1280,1270,1086,710,813,885,1682,1406,1193,1698,1639,1156,889,1130,1418,1433,1410,1068,1261,1476,1082,644,1428,1252,1585,573,699,522,1632,869,785,1605,839,891,451,1420,723,1280,1312,1426,1669,732,515,732,674,0,230,1443,445,556,1404,1373,1141,1156,1697,1045,782,645,820,1408,1009,1074,530,1494,954,769,1455,1087,1555,1339,804,1413,1000,732,433,682,1027,1748,1072,880,1700,1173,1213,47,1072,792,518,1652,734,1182,884,869,1134,1743
912,1737,1279,1650,2048,1434,854,776,1698,1223,744,818,2042,1783,1340,908,1503,1539,877,933,1434,520,215,877,1260,1972,1641,208,1748,1170,763,1681,1831,1624,743,1453,588,44,821,768,968,995,1515,496,815,1450,1315,1714,1299,1018,699,1640,1141,1537,1618,1371,1658,1565,1282,877,1146,1605,1605,835,819,758,1350,1719,1302,1019,714,1255,1580,1403,1412,1849,1052,1131,1354,1717,819,1168,819,1285,1816,879,1491,819,821,1165,1367,1279,1606,1135,1164,907,1697,436,1777,1178,1289,725,741,1382,952,1332,502,1195,1070,591,1313,1985,1364,1700,1539,1279,1197,412,1453,1218,1068,1403,1255,1253,711,1719,1205,370,1683,1134,1146,776,221,1769,1353,1296,551,1306,1184,373,1675,1518,180,1682,1776,1222,1470,525,1089,828,1770,1011,1781,819,839,1220,1364,1354,1241,793,543,970,1733,1518,1306,1787,1735,1297,985,1214,1536,1526,1426,1152,1357,1590,1097,484,1444,1341,1666,611,782,616,1721,967,764,1694,927,988,212,1516,577,1394,1386,1442,1758,819,373,819,768,239,0,1464,484,650,1518,1447,1251,1252,1786,1129,427,682,911,1506,991,1159,176,1634,967,857,1471,1102,1630,1428,821,1428,994,819,278,776,1135,1821,1157,974,1789,1269,1297,222,1170,771,276,1748,824,1197,976,967,1218,1816
1007,2089,920,1731,2374,818,929,847,1825,1159,1678,892,2368,1158,746,1937,1313,1719,1844,1859,585,1249,1380,1844,532,2298,1722,1448,1664,1400,1560,2061,2119,1980,1710,831,1291,1596,995,1083,1251,1290,523,1227,1968,1258,1676,1855,1063,1722,1378,882,1978,548,1396,507,2035,1639,1642,1844,1228,1304,1304,1935,1687,1083,1515,2143,1066,1886,909,520,1940,1764,452,990,1076,1773,1687,1748,1687,1813,1687,1141,2142,1862,1658,1687,995,1810,2284,1090,1817,2094,1805,1927,2023,1742,2137,1819,908,920,1438,660,1845,718,1556,782,1148,1323,247,2311,406,2080,1719,1090,109,1146,1814,1495,838,381,1097,283,906,1975,605,1484,1587,1297,1229,847,1372,2095,1515,1156,1748,279,1833,1594,1803,1645,1616,1809,1916,1382,532,1255,802,1023,1681,2070,2163,1687,1982,472,406,1118,1071,866,1520,1265,1922,1645,1466,2113,1699,1156,984,577,1633,1887,440,870,1130,1857,364,1427,540,1717,1944,1343,854,1552,2047,1250,1994,2020,1183,1734,1502,1654,1827,1755,409,609,2084,1687,1594,1687,1083,1437,1616,0,1567,1591,1812,862,1607,1141,2112,822,1548,1682,1746,1313,1991,1800,1496,1777,2022,969,534,286,1997,1789,995,156,1960,1687,1559,1743,1818,1196,1794,1119,2115,1192,916,1547,1400,2045,1418,1664,980,109,1640,1250,805,1191
1001,1798,1326,1733,2124,1482,905,824,1778,1310,779,869,2118,1832,1353,943,1583,1622,962,1018,1447,427,280,962,1308,2048,1724,273,1831,1252,845,1740,1936,1571,829,1502,439,143,834,809,1126,1089,1528,419,850,1527,1398,1781,1346,1102,773,1653,1085,1550,1695,1384,1740,1648,1370,962,1240,1660,1660,870,906,976,1432,1801,1349,1139,727,1303,1662,1489,1425,1937,1141,1214,1437,1800,906,1255,906,1372,1892,964,1913,906,834,1252,1422,1367,1665,1195,1247,953,1773,493,1710,1261,1336,738,594,1430,987,1380,587,1243,1164,442,1326,2061,1231,1759,1622,1367,1210,479,1649,1306,1115,1502,1343,1266,724,1784,1218,345,1766,1215,1240,824,286,1845,1432,1383,608,1318,1267,429,1757,1598,101,1762,1869,1300,1483,433,1137,841,1859,1066,1840,906,896,1233,1231,1401,1317,843,392,1140,1798,1598,1384,1863,1818,1384,1072,1262,1609,1602,1439,1199,1444,1649,1110,335,1457,1424,1725,462,831,650,1797,1125,819,1770,1077,1157,69,1599,634,1480,1231,1455,1834,906,429,906,809,324,101,1493,0,684,1584,1494,1339,1339,1862,1176,402,739,998,1583,1047,1242,151,1693,1022,1007,1484,1115,1712,1511,834,1441,1055,906,475,810,1219,1872,1240,1058,1865,1356,1344,287,1252,826,129,1831,982,1210,1059,1125,1266,1867
1121,1830,1569,2048,2029,1807,1252,1159,1839,1429,395,1212,2023,1899,1762,507,1822,1891,298,445,1860,942,743,298,1624,1953,2039,627,1970,1369,733,1772,1812,1478,488,1872,1120,538,1238,1159,1338,1210,1944,920,384,1770,1667,1813,1559,848,1182,1878,756,1966,1886,1799,1529,1917,1411,298,1361,1848,1848,404,627,1143,1828,1603,1556,717,1134,1619,1439,1582,1841,1858,1261,1112,1335,2065,627,1149,627,1491,1797,442,1963,627,1238,1146,1191,1517,1697,965,1145,512,1678,352,1758,1159,1579,1145,1131,1771,568,1721,516,1564,1285,1016,1735,1966,1728,1791,1891,1517,1608,866,1694,1492,1438,1767,1518,1675,1131,1996,1598,814,1900,1623,1361,1159,754,1750,1828,1502,382,1735,1165,375,1816,1659,669,1822,1929,1667,1899,948,1460,1248,1993,693,1872,627,452,1641,1728,1724,1507,1181,907,1352,1943,1659,1759,1793,2012,1503,1192,1578,1641,1878,1855,1522,1553,1681,1511,1015,1870,1322,1757,1036,1167,221,1702,1337,372,1675,1230,838,813,1868,437,1483,1773,1857,1739,627,375,627,1159,630,669,1917,956,0,1616,1835,1541,1458,1767,1720,877,159,644,1822,662,1140,862,1725,647,1248,1900,1513,1510,1346,1238,1824,767,627,868,407,845,1937,1067,1178,1795,1475,1587,641,1369,375,898,1970,1337,1608,954,1337,1587,1932
1122,261,1129,721,421,1204,1280,1357,331,1038,1379,1311,415,1379,1717,1336,1326,700,1340,1275,1598,1296,1231,1340,1382,632,712,1222,587,911,1210,212,269,559,1213,1553,1338,1520,1272,1156,1351,1101,1679,1274,1397,1271,861,244,1170,994,1236,1493,1072,1734,1453,1535,506,687,365,1340,1059,1569,1569,1351,1090,1156,654,540,1167,1134,1168,1210,431,393,1576,1537,1151,728,675,754,1090,765,1090,1403,393,1278,627,1090,1272,762,1080,975,134,1159,761,1343,353,1575,305,775,1265,1179,1485,1226,1248,1176,1128,1290,992,1370,1449,358,1264,230,700,975,1455,1193,172,914,1209,1404,951,1488,1165,600,1395,1532,674,763,1059,1357,1229,305,654,1005,1595,1339,696,1480,420,471,1396,394,505,705,1718,1302,1311,1282,538,1136,312,1090,1381,1382,1264,1122,960,1342,1574,1367,741,471,810,443,664,996,1193,1338,307,754,1592,1229,1362,118,1547,1474,1610,473,198,1390,1375,1389,292,1352,1386,350,1231,937,1542,718,1660,378,1266,1608,345,1090,1480,1090,1158,1148,1396,1635,1470,1426,0,1221,453,1014,368,1119,1594,1516,1153,1326,1207,756,1541,162,1216,1263,1637,1575,529,560,1274,1574,1066,1090,1441,1246,941,1417,782,1179,445,946,1275,1228,913,1436,1470,587,1234,1457,775,1352,1315,1412
512,1557,58,1149,1590,280,549,449,1238,448,1282,509,1584,675,584,1432,831,1139,1433,1371,623,1062,936,1433,345,1814,1140,1007,1107,694,1065,1529,1586,1505,1303,318,1104,1156,825,642,875,588,704,1041,1362,774,1089,1266,354,1219,1185,804,1480,726,727,561,1556,1059,1085,1433,750,871,871,1382,1188,810,945,1617,357,1389,739,207,1471,1207,603,478,574,1257,1178,1168,1188,1298,1188,433,1550,1374,1080,1188,825,1295,1515,541,1234,1405,1287,1439,1539,1340,1475,1301,46,750,1251,252,1344,202,1149,145,683,1136,460,1527,265,1548,1139,541,555,960,1325,657,36,400,548,497,736,1454,251,1292,1017,742,750,449,928,1483,945,607,1324,357,1214,1182,1212,1063,1176,1280,1387,828,664,1069,166,853,1110,1536,1629,1188,1477,389,265,409,526,474,1330,890,1402,1063,879,1629,1115,607,509,300,1052,1177,616,8,421,1281,769,1240,633,1226,1354,1156,458,1155,1469,874,1490,1535,687,1233,1181,1073,1425,1196,265,615,1528,1188,1182,1188,642,851,1176,613,1134,1190,1242,0,1078,430,1556,38,1360,1279,1248,831,1492,1282,1311,1193,1489,593,660,488,1533,1312,825,535,1461,1188,1128,1336,1336,713,1277,630,1630,481,54,929,694,1429,1231,1106,554,555,1135,874,168,706
990,611,1145,1211,822,1220,1198,1276,711,1053,973,1230,816,1356,1733,949,1301,1200,1085,998,1614,1062,971,1085,1398,739,1202,1042,997,927,953,693,632,451,953,1572,1104,1191,1195,1073,1270,1116,1695,1041,1107,1246,1398,725,1187,591,1000,1512,716,1751,1511,1552,491,1122,322,1085,1075,1520,1520,1021,828,1073,984,574,1184,775,1091,1227,411,386,1593,1554,1130,447,140,1231,828,493,828,1420,585,1001,1119,828,1195,490,761,992,613,836,475,935,469,1327,549,489,1282,1102,1251,1243,1005,1193,899,1307,1008,1136,1466,759,1281,716,1202,992,1472,1065,483,931,1226,1423,968,1505,1088,1107,1412,1379,1056,780,1075,1276,963,538,984,1022,1278,1356,418,1217,842,770,1211,866,973,826,1735,1069,1328,1205,946,831,668,828,993,1399,1281,1139,977,1259,1330,1284,935,770,1023,559,1156,1011,1061,1353,534,1279,1607,1244,1377,573,1468,1240,1625,175,678,1156,1376,1142,490,1269,954,466,1099,676,1219,1137,1151,281,1281,1619,527,828,1217,828,1073,886,1211,1650,1172,1177,501,1236,0,1029,550,1134,1360,1110,1042,1302,849,470,1430,610,909,1179,1652,1590,905,257,1195,1589,714,828,1166,986,514,1395,495,1047,561,961,1290,964,928,1006,1231,999,1108,1472,503,1269,1330,1390
287,1404,244,1053,1444,489,587,669,1110,25,1054,468,1438,879,817,1068,1091,947,1208,999,898,940,856,1208,544,1666,1044,926,993,330,772,1377,1431,1397,1076,561,981,1075,983,700,669,286,982,919,1108,1045,986,1138,234,996,952,1116,1124,1037,944,837,1447,963,989,1208,264,1076,1076,1075,832,703,849,1546,231,1033,893,501,1358,1111,879,538,215,994,1070,1072,832,1030,832,307,1404,1002,981,832,983,1027,1392,472,1106,1276,1027,1067,1397,1448,1329,1041,254,904,1129,512,981,462,856,341,197,1014,747,1381,559,1397,947,472,825,838,1182,531,458,684,479,732,890,1329,486,1170,920,646,264,669,848,1335,849,318,1248,642,1111,1106,1086,935,1095,1155,1262,732,1021,947,362,1007,1012,1155,1473,832,1113,679,559,402,430,686,1208,684,1277,935,783,1487,1019,319,158,498,922,1200,893,297,228,1151,989,1110,908,1119,1227,1034,675,1263,1322,668,1116,1394,364,970,1183,978,1533,1101,559,893,1379,832,1106,832,700,771,1095,898,1049,1300,1112,509,971,0,1405,402,1238,1167,890,1091,1053,1022,1193,1066,1112,428,938,708,1436,1205,983,793,1104,832,1044,1038,1113,917,1021,324,1489,51,262,849,330,1167,1105,993,417,825,870,668,364,912
1159,489,1177,1210,277,1252,1319,1402,643,1076,1055,1350,271,1683,1766,1031,1611,1199,1162,1062,1648,1128,1044,1162,1429,633,1201,1115,1094,950,1200,624,519,484,1030,1604,1170,1315,1309,1197,1392,1139,1729,1107,1171,1555,1309,633,1218,625,1069,1535,797,1784,1531,1585,382,1119,569,1162,1097,1538,1538,1138,891,1197,1009,416,1215,856,1207,1258,307,675,1626,1585,1188,516,428,1228,891,560,891,1451,479,1065,1144,891,1309,557,793,1015,525,870,545,1036,364,1404,397,559,1312,1218,1317,1274,1048,1224,965,1338,1030,1202,1497,214,1312,643,1199,1015,1505,1139,361,954,1257,1457,991,1536,1204,1135,1443,1443,1081,802,1097,1402,1036,116,1009,1045,1322,1387,450,1287,937,783,1284,961,1068,848,1768,1135,1359,1321,1174,889,558,891,1076,1430,1312,1170,1007,1379,1396,1394,1084,783,951,454,1183,1034,1230,1383,464,1242,1640,1274,1399,485,1584,1306,1658,221,608,1222,1417,1219,125,1391,1034,361,1268,741,1294,1134,1489,573,1312,1646,105,891,1287,891,1197,955,1284,1681,1247,1254,413,1266,684,1051,0,1165,1427,1343,952,1610,931,540,1487,540,968,1300,1685,1621,402,292,1309,1622,791,891,1242,1063,582,1722,565,1216,456,983,1320,1035,950,1086,1297,1094,1271,1505,570,1391,1361,1717
481,1259,52,956,1298,71,594,501,1009,278,1331,554,1292,572,640,1286,726,850,1483,1225,557,1145,987,1483,308,1520,947,1058,889,480,960,1232,1286,1246,1353,211,1187,1260,889,693,847,418,640,1124,1411,674,896,1034,142,1116,1247,738,1333,662,628,495,1296,866,887,1483,541,771,771,1301,1044,861,752,1395,90,1242,803,141,1215,1010,537,433,404,1219,935,975,1044,1260,1044,221,1258,1228,884,1044,889,1257,1310,336,1003,1189,1252,1293,1251,1390,1183,1266,70,814,1334,145,1198,95,1199,201,474,1219,394,1235,199,1252,850,336,489,1082,1036,445,65,334,343,432,800,1229,307,1397,823,545,541,499,979,1189,752,402,1389,291,1081,1232,986,832,1227,1055,1162,628,600,1152,222,917,915,1383,1326,1045,1332,323,199,98,325,521,1413,862,1177,832,687,1343,922,402,339,266,816,1109,551,32,208,1026,805,1323,567,971,1120,1239,507,1205,1176,846,1332,1248,557,1134,1236,881,1475,999,199,544,1233,1045,1232,1045,693,901,1227,547,1189,1240,967,105,855,260,1259,0,1444,1329,1104,726,1272,1247,1445,963,1338,632,596,521,1289,1057,889,475,1316,1045,1183,1386,1439,610,1280,518,1345,311,78,979,480,1382,1314,889,643,489,1270,844,224,603
1099,1935,1432,1911,2261,1584,927,934,1851,1408,861,979,2254,1933,1296,1029,1702,1800,854,995,1390,367,563,854,1410,2184,1902,475,2032,1347,997,1892,2067,1596,962,1605,291,342,776,931,1126,1188,1471,359,934,1646,1576,1880,1452,1235,592,1596,1154,1493,2095,1327,1730,1826,1515,854,1339,2068,2068,954,1068,932,1537,1791,1455,1238,669,1405,1647,1638,1368,1849,1239,1352,1573,1978,1068,1393,1068,1470,2028,992,1679,1068,776,1390,1492,1476,1802,1265,1382,1034,1909,589,1860,1396,1442,680,365,1533,1086,1483,841,1349,1263,256,1269,2197,1174,1911,1800,1476,1149,493,1786,1415,1221,1445,1452,1209,666,2030,1161,40,1608,1311,1339,934,559,1981,1535,1481,700,1262,1401,522,1828,1673,394,1834,1941,1396,1426,373,1243,783,1702,1126,1992,1068,957,1176,1174,1507,1433,953,38,1140,1955,1673,1484,1996,1996,1482,1170,1364,1748,1780,1382,1305,1544,1786,1051,174,1400,1559,1877,276,941,735,1933,1125,914,1906,1088,1289,300,1777,732,1629,1174,1399,1970,1068,522,1068,931,481,394,1414,751,771,1721,1598,1485,1437,2001,1282,0,823,1130,1702,1108,1377,224,1830,1083,930,1427,1054,1698,1633,776,1380,1124,1068,462,896,1370,1970,1373,1156,1998,1454,1450,489,1347,920,245,2032,919,1149,1191,1125,1372,1965
1016,1751,1477,1943,1509,1748,1223,1081,1771,1325,294,1134,1503,1788,1743,376,1710,1782,439,406,1841,878,699,439,1693,1852,1934,660,1874,1266,649,1693,1711,1301,385,1820,919,571,1220,1043,1294,1104,1925,856,283,1654,1558,1734,1467,791,1111,1789,616,1947,1794,1780,1350,1808,1307,439,1255,1745,1745,303,526,1098,1727,1449,1464,580,1116,1688,1262,1481,1822,1801,1156,1014,1234,1960,526,1050,526,1387,1696,341,1865,526,1220,1047,1071,1413,1615,850,1047,387,1577,379,1657,1063,1487,1127,1067,1772,425,1722,567,1444,1179,952,1716,1865,1797,1709,1782,1413,1590,800,1593,1386,1504,1836,1423,1656,1113,1870,1616,833,1800,1522,1255,1081,691,1560,1727,1398,393,1716,1066,408,1749,1591,701,1755,1862,1566,1880,884,1526,1230,1894,552,1790,526,305,1622,1797,1790,1404,1104,926,1308,1818,1591,1658,1678,1911,1399,1087,1647,1545,1762,1836,1530,1461,1599,1493,1034,1851,1221,1675,972,1090,348,1601,1293,232,1574,1125,743,847,1759,265,1382,1808,1838,1638,526,408,526,1043,660,701,1907,896,239,1527,1763,1437,1354,1666,1661,896,0,545,1710,512,1042,881,1643,500,1204,1881,1495,1344,1166,1220,1809,629,526,900,305,705,1826,928,1073,1680,1371,1495,674,1266,239,917,1874,1138,1590,905,1293,1467,1821
1143,1320,1459,1568,1062,1336,1206,1283,1387,1307,394,1237,1056,1425,1726,561,1369,1409,477,254,1823,993,826,477,1674,1255,1559,896,1504,1032,847,1371,1350,896,423,1689,1034,1011,1203,1081,1277,1085,1907,971,363,1315,1185,1355,1449,241,1094,1772,272,1929,1497,1762,934,1435,930,477,1236,1728,1728,330,445,1081,1356,1001,1446,181,1099,1342,852,1086,1804,1670,1138,634,847,1585,445,671,445,1369,1144,257,1497,445,1203,668,1048,1100,1274,930,667,322,1184,826,1258,695,1469,1110,1182,1358,78,1308,646,1426,1160,1067,1699,1468,1396,1392,1409,1100,1573,922,1192,1039,1486,1817,1076,1639,1096,1603,1599,1131,1427,1140,1236,1283,818,1109,1356,1380,917,1478,691,842,1364,1208,1064,1434,1533,1185,1863,999,1508,1213,1520,340,1382,445,606,1604,1396,1255,1106,1266,1223,1291,1552,1208,1309,1193,1539,1119,1069,1628,1186,1396,1818,1358,1443,1234,1476,1168,1833,819,1358,1087,1296,662,1203,1276,609,1313,1107,364,1066,1386,590,986,1396,1820,1154,445,830,498,1081,742,1064,1880,1053,583,1264,1882,1062,1336,1180,1277,1546,555,0,1375,259,721,1319,1345,288,1186,1997,1613,902,769,1202,1788,254,498,1050,336,445,1462,653,1192,1196,1498,1582,843,1366,663,1430,1675,1244,1711,518,1415,1599,1461
1226,1863,941,1132,1935,864,1464,1363,1561,1173,1706,1419,1929,471,1540,1760,180,1033,1592,1647,1048,1450,1475,1592,1166,1971,1123,1412,1282,995,1327,1718,1691,1835,1465,726,1497,1709,1333,1257,1468,1226,1234,1426,1751,278,805,1498,1274,1671,1542,758,1832,1259,709,1122,2039,1059,1498,1592,1191,579,579,1726,1514,1261,1140,2083,1277,1711,1255,988,1967,1616,1160,932,1596,1495,1615,1185,1514,1546,1514,1601,1897,1650,1303,1514,1333,1543,1993,1242,1746,1915,1526,1712,1952,1797,1896,1562,1045,1266,1596,974,1650,960,1390,1067,1123,1525,1222,1879,1043,1629,1033,1242,1225,1365,1683,1109,995,1105,1249,1260,1251,1330,1265,1666,1166,1017,1191,1363,1467,1859,1140,1312,1818,1112,1446,1683,1345,1473,1571,1454,1559,1253,1243,1453,1087,1394,1203,1869,1905,1514,1806,1035,1043,1328,944,1385,1708,1470,1373,1473,1273,1808,1216,1312,1292,1120,1485,1023,1145,1007,1340,1678,1617,1633,1058,1595,1588,1545,1371,1632,1846,1467,1806,1949,1302,1637,1643,1010,1881,1607,1043,1139,1905,1514,1683,1514,1257,1333,1571,1363,1686,1724,1613,999,1511,1148,1933,960,1735,1714,1581,0,1797,1524,1678,1558,1816,1348,1245,1349,2058,1660,1333,1199,1840,1514,1682,1497,1699,507,1527,1275,1807,1082,1053,1408,995,1861,1591,1282,1326,1225,1556,1467,1090,506
1162,1697,1572,2045,1401,1816,1350,1523,1710,1469,387,1388,1395,1940,1882,316,1868,2041,618,419,1977,1274,1104,618,1810,1618,2036,1045,1950,1384,1003,1633,1723,1177,573,1892,1321,1020,1326,1240,1441,1218,2060,1250,611,1821,1816,1740,1562,422,1194,1962,585,2082,1980,1920,1246,2067,1311,618,1370,1961,1961,392,517,1244,1791,1344,1559,535,1248,1800,1158,1442,1959,1882,1303,974,1233,2023,517,912,517,1595,1516,422,1917,517,1326,918,1254,1624,1635,947,991,335,1595,849,1614,988,1582,1259,1430,1833,156,1783,776,1593,1293,1349,1856,1564,1854,1722,2041,1624,1735,1163,1581,1530,1622,1953,1625,1796,1244,2160,1786,1358,1864,1566,1370,1523,1096,1439,1791,1609,698,1931,1066,883,1783,1600,1203,1832,1979,1570,2027,1277,1647,1387,1957,323,1623,517,362,1766,1854,1899,1585,1428,1455,1443,2223,1600,1744,1555,1956,1610,1233,1764,1537,2038,1972,1625,1556,1603,1635,1457,1988,1079,1684,1369,1531,720,1426,1440,330,1592,1238,548,1322,2018,591,1362,1854,1969,1485,517,883,517,1240,966,1203,2015,1273,618,1529,1805,1427,1498,1513,1729,1395,556,181,1868,0,1004,1372,1610,271,1331,2017,1637,1232,1070,1326,1945,582,517,1269,480,685,1980,984,1211,1557,1515,1590,1041,1384,385,1412,1950,1263,1735,863,1440,1616,1980
730,1081,936,1198,725,1011,930,1086,1053,1037,708,975,719,1094,1447,638,1030,1098,728,608,1402,769,763,728,1166,914,1189,707,1351,688,766,1169,982,500,597,1295,815,1015,895,813,1028,771,1495,745,725,983,870,1081,941,306,687,1253,394,1518,1161,1344,566,1124,709,728,906,1268,1268,714,460,818,1317,651,938,465,814,1026,461,940,1382,1284,870,38,747,1250,460,57,460,1284,798,611,1453,460,895,83,686,764,964,819,24,657,847,950,864,5,1045,825,912,1024,693,974,629,1067,838,844,1262,826,1081,1073,1098,764,1265,766,831,703,995,1215,740,1300,810,1465,1198,967,1389,1097,906,1086,755,694,1317,794,961,1152,593,987,1243,1062,864,1294,1443,1101,1502,772,1087,953,1482,617,906,460,684,1190,1081,930,895,1015,1009,1030,1454,1062,1291,838,1281,783,798,1120,880,1089,1394,1007,935,942,1195,1025,1412,398,1036,864,1094,791,681,1027,646,844,805,207,977,1075,1034,858,1081,1407,735,460,987,460,813,628,864,1419,918,937,872,999,678,857,758,924,992,852,644,1030,538,0,994,992,660,903,1438,1202,554,389,895,1383,403,460,915,630,253,1130,97,784,840,791,1053,703,688,700,907,1351,821,1265,115,1027,1090,1129
995,1789,1295,1755,2045,1460,884,803,1747,1306,749,848,2039,1773,1513,961,1588,1653,925,893,1608,599,408,925,1279,2056,1746,333,1902,1224,827,1879,1942,1548,794,1444,588,184,956,804,1102,1044,1689,587,838,1531,1428,1748,1314,1035,790,1730,1072,1711,1831,1551,1667,1679,1346,925,1196,1681,1681,859,774,825,1422,1740,1317,970,875,1274,1581,1462,1589,1617,1136,1164,1418,1805,774,1214,774,1404,1873,890,1560,774,956,1211,1422,1362,1672,1149,1196,918,1792,454,1861,1210,1305,886,605,1375,993,1325,569,1220,1119,595,1486,1989,1383,1781,1653,1362,1365,494,1628,1301,1091,1422,1338,1426,871,1797,1369,277,1495,1201,1196,803,404,1849,1422,1418,561,1451,1257,356,1777,1594,244,1927,1973,1275,1653,599,1115,1014,1824,1034,1983,774,824,1391,1383,1368,1360,822,371,1116,1840,1594,1395,1883,1836,1419,1066,1233,1574,1641,1601,1174,1380,1640,1263,487,1618,1413,1747,615,810,629,1801,1101,789,1789,1071,1036,157,1630,582,1454,1376,1598,1838,774,356,774,804,349,244,1620,675,673,1566,1446,1328,1335,1866,1152,315,657,922,1588,1015,1194,0,1647,990,994,1645,1267,1638,1488,956,1559,1055,774,307,796,1150,1811,1161,1044,1885,1352,1313,347,1224,796,223,1902,958,1365,964,1101,1243,1810
1011,444,1032,761,471,1108,1156,1235,195,976,1359,1189,465,1330,1637,1377,1281,648,1404,1310,1499,1337,1362,1404,1262,696,752,1298,528,782,1266,290,348,620,1280,1391,1384,1594,1116,1045,1229,935,1581,1313,1432,1224,708,185,1062,996,1254,1516,1134,1620,1407,1443,570,627,284,1404,1006,1529,1529,1389,1156,1049,602,604,1059,1163,1035,1123,501,320,1481,1378,1126,771,464,739,1156,821,1156,1379,455,1313,561,1156,1116,818,1074,858,58,1195,803,1375,422,1633,385,817,1141,1046,1483,1122,1301,1072,1181,1163,938,1412,1359,415,1178,233,648,858,1366,1252,240,797,1091,1311,834,1398,1031,437,1294,1561,677,675,1006,1235,1354,386,602,888,1654,1251,639,1571,361,229,1456,330,458,469,1604,1340,1183,1174,480,1190,391,1156,1423,1286,1178,1024,1006,1218,1603,1243,424,229,598,513,606,877,1082,1216,203,696,1493,1103,1056,80,1417,1520,1509,510,210,1432,1235,1468,373,1228,1381,419,1087,963,1565,663,1717,308,1178,1503,427,1156,1571,1156,1045,1220,1456,1543,1591,1560,160,1095,364,951,450,1021,1625,1552,1341,1281,1275,801,1567,0,1270,1137,1537,1482,600,585,1116,1484,1138,1156,1587,1313,1001,1366,831,1060,515,885,1149,1295,782,1436,1509,528,1114,1366,831,1228,1186,1365
1274,1493,1679,1761,1125,1923,1478,1640,1450,1576,477,1522,1119,1598,1998,406,1539,1715,708,509,2093,1361,1190,708,1930,1301,1752,1131,1679,1496,1108,1582,1470,915,665,2017,1408,953,1426,1345,1566,1329,2176,1337,701,1482,1378,1441,1669,443,1299,2074,352,2198,1672,2036,976,1647,1038,708,1482,2091,2091,482,622,1349,1512,1050,1666,385,1353,1937,888,1150,2075,1989,1415,748,945,1737,622,562,622,1703,1199,512,1649,622,1426,568,939,1282,1374,686,643,440,1320,938,1388,640,1689,1364,1507,1938,246,1888,860,1699,1405,1436,1971,1282,2034,1483,1714,1282,1854,1249,1299,1221,1742,2073,1258,1911,1349,1722,1905,1299,1585,1289,1482,1640,1182,1155,1512,1716,660,1942,791,816,1500,1319,1068,1551,1690,1293,2142,1364,1766,1492,1679,54,1361,622,245,1881,2034,2019,1698,1554,1393,1581,1711,1319,1483,1238,1677,1717,1340,1884,1276,1592,2087,1732,1663,1342,1751,1507,2103,924,1449,1456,1648,810,1142,1565,256,1317,1350,529,1419,1581,552,1069,1991,2097,1363,622,816,622,1345,1052,1068,2096,1365,708,1268,1911,1154,1605,1389,1836,1336,639,271,1540,154,669,1305,1349,0,1449,2132,1756,954,806,1426,2070,289,622,1355,570,466,1635,636,1323,1240,1622,1697,1127,1496,310,1502,1678,1375,1854,513,1565,1722,1634
290,1455,608,1163,1513,870,69,155,1184,498,840,104,1507,1117,973,1063,1055,1114,964,946,1078,792,543,964,666,1744,1154,491,1097,858,716,1534,1591,1386,833,939,838,799,674,465,148,441,1161,768,1050,1008,1065,1175,598,975,906,1217,1107,1183,1183,1023,1457,1051,1021,964,494,1197,1197,1025,818,469,920,1555,595,1015,601,707,1358,1139,1061,929,234,964,1144,1142,818,1014,818,623,1491,949,1047,818,674,1011,1674,653,1166,1591,996,1011,1480,881,1417,1010,618,612,935,736,956,685,716,608,422,867,832,1457,759,1449,1114,653,783,789,1273,838,480,793,654,887,597,1379,643,996,992,702,494,155,535,1437,920,638,887,827,992,767,1157,976,655,1208,1357,777,1127,795,500,740,1085,1147,1636,818,1109,859,759,757,807,136,1038,163,1368,976,880,1571,1072,639,256,624,991,1287,1073,563,592,1211,672,968,1088,1193,1265,887,153,722,1424,147,1107,1477,96,924,1010,1066,966,1130,762,1065,1483,818,767,818,465,401,655,910,727,813,1172,809,1035,527,1511,783,1072,801,883,1055,1105,994,1017,1126,1104,0,1117,684,1443,1270,674,938,1087,818,722,889,1090,1153,960,278,1573,544,626,479,858,1162,938,1097,11,783,823,147,631,1152
1223,2037,902,1796,2354,812,1114,1023,1862,1158,1860,1074,2348,858,967,2132,1011,1750,2000,2009,281,1457,1556,2000,663,2362,1787,1626,1714,1424,1684,2148,2206,2005,1870,799,1504,1765,1156,1312,1434,1440,44,1433,1958,1058,1478,1853,1097,1854,1550,619,2023,66,856,73,2082,1682,1640,2000,1369,809,809,1979,1872,1316,1548,2189,1100,2068,1110,748,1980,1754,300,1032,1262,2027,1727,1773,1872,2081,1872,1186,2115,2012,1685,1872,1156,2078,2250,1037,1929,2138,2057,2074,2101,1906,2041,2071,890,1121,1603,639,2019,689,1733,801,1300,1532,434,2298,541,2050,1750,1037,264,1372,1886,1514,829,517,1044,472,1106,2057,639,1674,1621,1325,1369,1023,1548,2070,1548,1107,1927,378,1739,1790,1837,1660,1770,1886,2028,1399,64,1460,821,1377,1715,2242,2252,1872,2178,232,541,1151,1099,1044,1715,1436,2046,1660,1519,2192,1713,1107,1231,708,1668,1691,21,852,1163,1861,573,1640,388,1763,1943,1552,1030,1740,2110,1433,2173,2098,1338,1873,1650,1697,1990,1749,544,127,2147,1872,1790,1872,1312,1419,1770,495,1693,1830,1795,844,1629,1140,2174,805,1743,1819,1938,1011,2166,2054,1686,1803,2196,1159,0,577,2039,1829,1156,242,2142,1872,1689,1903,1941,820,2076,1264,2193,1191,898,1727,1424,1997,1598,1713,1143,264,1779,1433,824,840
895,2019,932,1778,2113,794,786,708,1844,1011,1534,750,2107,1103,583,1793,1240,1732,1674,1676,642,1105,1194,1674,445,2339,1769,1260,1696,1278,1356,2130,2188,1987,1543,781,1152,1398,851,968,1100,1106,592,1082,1780,1183,1783,1835,951,1510,1190,762,1697,617,1176,586,2064,1664,1622,1674,1341,1144,1144,1755,1543,972,1530,2171,954,1740,799,433,1962,1736,553,1014,892,1591,1709,1755,1543,1642,1543,1040,2034,1679,1667,1543,851,1639,2064,1019,1911,1992,1622,1741,2077,1578,1960,1636,942,810,1278,611,1681,671,1413,652,1273,1180,171,2053,323,2032,1732,1019,184,1095,1848,1255,728,299,1026,207,795,2039,486,1330,1603,1307,1341,708,1186,2033,1530,1055,1599,225,1721,1465,1819,1649,1418,1868,2010,1381,601,1109,672,1033,1697,1901,2234,1543,1839,413,323,1005,1081,725,1368,1114,2028,1649,1501,2168,1695,1056,899,490,1650,1765,541,834,1017,1843,210,1288,652,1745,1925,1200,714,1413,2092,1099,1837,2074,1009,1536,1346,1679,1662,1730,326,629,2129,1543,1465,1543,968,1247,1418,128,1339,1505,1778,826,1612,993,2157,787,1387,1497,1610,1240,1828,1620,1328,1786,1848,827,603,0,2022,1812,851,319,1814,1543,1329,1576,1610,1139,1583,935,2170,1044,950,1360,1278,1677,1267,1696,838,184,1441,1099,675,1138
1091,407,1105,1068,342,1181,1232,1309,609,1052,991,1263,336,1342,1711,921,1293,967,1235,1129,1574,1165,1171,1235,1336,564,1059,1108,854,858,1286,614,445,112,1106,1464,1212,1246,1200,1121,1303,1013,1656,1142,1002,1236,1107,524,1154,550,1084,1475,684,1692,1489,1518,158,957,330,1235,1080,1474,1474,997,979,1125,902,192,1151,748,1119,1196,41,193,1556,1451,1221,593,342,1048,979,643,979,1452,381,1132,885,979,1200,640,662,931,423,786,625,952,301,1466,324,587,1215,1130,1338,1195,977,1145,1013,1237,1012,1240,1429,286,1251,516,967,931,1438,1155,291,870,1165,1386,907,1468,1115,869,1368,1397,974,769,1080,1309,1163,152,902,961,1270,1321,345,1412,697,591,1266,669,784,780,1676,1169,1257,1258,801,800,484,979,967,1358,1251,1097,1097,1292,1433,1317,761,591,901,391,925,950,1163,1290,384,991,1568,1177,1148,407,1498,1348,1584,307,479,1260,1309,1303,139,1302,917,298,1166,686,1413,972,1186,216,1251,1569,193,979,1412,979,1121,1029,1266,1613,1346,1223,337,1169,412,1027,216,1094,1451,1135,902,1293,821,623,1389,451,925,1214,1613,1554,0,375,1201,1558,688,979,1336,962,553,1379,583,1140,393,962,1224,1104,859,972,1329,854,1191,1439,653,1303,1261,1378
953,451,1166,1208,258,1242,1150,1229,653,1111,903,1183,252,1307,1772,835,1252,1166,1051,938,1637,993,986,1051,1397,609,1199,927,898,917,902,656,494,346,922,1527,1040,1065,1120,1039,1223,1001,1718,970,1042,1195,1159,568,1213,458,912,1538,595,1760,1379,1579,409,1097,545,1051,1137,1530,1530,911,805,1043,1053,490,1210,660,1039,1257,321,237,1617,1512,1094,417,340,1188,805,468,805,1513,427,941,1189,805,1120,465,589,992,467,716,448,854,348,1283,368,462,1276,1050,1166,1256,890,1206,846,1298,1069,1068,1495,202,1311,560,1167,992,1505,985,335,931,1226,1452,968,1534,1035,906,1429,1218,1126,828,1137,1229,978,113,1053,1022,1176,1387,465,1323,741,767,1085,713,828,832,1744,997,1318,1178,845,723,530,805,881,1419,1311,1158,1156,1212,1256,1237,805,767,1049,439,1211,1011,1025,1351,432,1043,1629,1238,1206,451,1421,1176,1647,9,523,1088,1319,1119,122,1222,828,345,1029,594,1233,1112,1093,260,1311,1626,102,805,1323,805,1039,848,1085,1698,1153,1137,381,1230,650,1086,78,1155,1270,1053,821,1252,735,446,1215,495,839,1131,1674,1619,388,0,1120,1624,605,805,1150,955,461,1343,482,1005,441,1020,1284,923,917,882,1155,898,1058,1505,478,1222,1321,1342
735,1679,1037,1380,1796,1195,519,549,1483,993,1142,602,1790,1496,953,1282,1258,1339,1248,1182,1059,601,799,1248,1020,2002,1371,865,1312,967,916,1769,1827,1590,1116,1176,647,1002,180,576,710,776,1140,674,1232,1201,1219,1474,1056,1073,822,1199,1323,1162,1594,1002,1650,1266,1229,1248,923,1584,1584,1253,1037,580,1140,1723,1059,1231,313,1015,1564,1347,1040,1562,741,1147,1354,1357,1037,1197,1037,1118,1772,1185,1278,1037,180,1194,1754,1042,1562,1668,1179,1247,1738,1185,1698,1193,1047,324,743,1110,1174,1060,1013,962,846,676,870,1740,826,1671,1339,1042,819,614,1398,981,833,1000,1018,869,316,1678,818,896,1213,914,923,549,791,1720,1140,1133,1197,891,1211,1070,1456,1308,1004,1494,1646,988,1106,701,856,217,1307,1376,1873,1037,1328,841,826,1110,1029,571,938,725,1667,1308,1108,1829,1298,1061,754,974,1289,1438,1052,916,1087,1504,714,777,1069,1403,1564,696,557,1021,1707,709,1328,1735,720,1110,888,1281,1269,1339,826,1047,1766,1037,1070,1037,576,705,1004,948,926,1110,1456,1182,1245,1022,1794,894,921,1099,1102,1258,1323,1177,923,1425,1329,524,1096,721,1621,1478,0,975,1305,1037,923,1149,1188,1532,1144,789,1831,1039,1055,965,967,1294,836,1312,513,819,1009,709,985,1531
1040,2070,960,1878,2189,870,943,860,1895,1216,1689,905,2183,960,756,1947,1315,1832,1829,1826,477,1246,1339,1829,746,2416,1869,1409,1789,1477,1501,2192,2250,2098,1698,859,1293,1548,993,1117,1239,1252,382,1222,1786,1158,1725,1886,1155,1672,1357,707,1848,407,942,398,2176,1764,1722,1829,1265,899,899,1905,1689,1121,1629,2283,1158,1883,946,806,2074,1835,343,1034,1038,1746,1820,1855,1689,1796,1689,1244,2164,1829,1755,1689,993,1793,2266,1115,1966,2188,1778,1891,2152,1733,2090,1792,948,957,1402,697,1835,748,1561,826,1196,1321,328,2130,626,2094,1832,1115,129,1235,1938,1591,887,604,1122,366,942,2090,664,1489,1702,1404,1265,860,1331,2110,1629,1185,1754,465,1819,1619,1870,1687,1568,1919,2061,1476,391,1249,846,1180,1796,2054,2296,1688,1992,559,626,1209,1176,879,1525,1253,2079,1687,1582,2243,1795,1185,1044,791,1701,1947,331,910,1221,1894,328,1429,431,1857,1976,1341,867,1568,2097,1238,1991,2149,1155,1693,1503,1780,1817,1831,629,468,2156,1688,1619,1688,1117,1391,1568,312,1575,1660,1829,902,1719,1198,2184,863,1534,1650,1757,1315,1976,1776,1473,1837,2006,983,393,265,2134,1924,993,0,1956,1688,1571,1731,1761,910,1739,1081,2245,1249,956,1510,1477,1826,1418,1789,994,129,1598,1238,849,930
1113,1331,1536,1679,1021,1545,1301,1476,1366,1424,360,1339,1015,1619,1832,289,1553,1633,527,392,1930,1226,972,527,1760,1206,1670,917,1596,1217,954,1498,1390,823,482,1828,1273,994,1280,1191,1392,1169,2015,1203,584,1496,1393,1357,1526,254,1145,1794,62,2037,1693,1875,884,1565,954,527,1321,1775,1775,365,482,1195,1431,963,1523,96,1199,1559,796,1062,1914,1818,1254,655,861,1656,482,469,482,1550,1103,395,1567,482,1280,475,809,1298,1291,617,550,308,1236,823,1304,547,1546,1210,1382,1559,348,1509,695,1548,1244,1301,1805,1432,1613,1400,1633,1298,1683,1030,1215,1237,1573,1726,1274,1745,1195,1640,1736,1338,1504,1208,1321,1476,964,1052,1431,1328,676,1689,707,857,1418,1237,1075,1469,1608,1212,1981,1230,1597,1338,1597,215,1426,482,335,1715,1613,1464,1536,1379,1435,1394,1629,1237,1402,1142,1596,1317,1186,1714,1193,1606,1926,1540,1520,1259,1581,1409,1940,840,1366,1321,1484,693,1040,1391,301,1233,1189,436,1188,1595,564,981,1613,1918,1279,482,857,482,1191,838,1075,1964,1139,591,1185,1532,1071,1453,1305,1458,1373,529,347,1553,192,576,1345,1266,291,1282,1971,1585,854,720,1280,1893,0,482,1135,453,241,1657,543,1162,1145,1470,1554,913,1217,356,1399,1596,1214,1683,420,1391,1571,1656
537,1336,959,1422,1493,1169,728,814,1371,856,315,763,1487,1250,1266,368,1095,1320,331,254,1358,654,713,331,1123,1504,1413,742,1570,764,370,1503,1395,918,199,1452,700,818,719,617,807,569,1439,630,363,1049,1095,1362,949,342,568,1278,399,1461,1318,1301,979,1346,959,331,716,1248,1248,333,180,621,1436,1053,946,307,633,1184,891,1067,1339,1439,678,610,866,1472,180,660,180,981,1320,257,1572,180,719,657,1001,919,1296,909,642,319,1241,574,1309,656,969,644,797,1183,263,1133,370,990,639,729,1239,1437,1227,1405,1320,919,1115,566,1220,858,1009,1266,895,1179,629,1645,1173,854,1509,1213,716,814,705,1295,1436,996,621,1198,712,615,1423,1242,823,1474,1613,1217,1401,657,1033,772,1602,502,1431,180,414,1143,1227,1286,889,795,896,822,1634,1242,1407,1333,1503,997,617,1077,1198,1317,1351,1012,943,1264,1011,910,1368,845,1371,749,903,405,1247,806,430,1238,614,368,846,1297,658,986,1239,1360,1284,180,615,180,617,580,823,1371,868,498,1190,1157,1076,885,1310,1082,879,486,189,1095,418,640,881,1271,450,706,1395,1017,957,910,719,1327,381,0,865,232,431,1286,611,587,1335,902,977,658,764,485,794,1570,637,1115,395,806,1013,1285
978,1774,1289,1748,2131,1454,878,797,1733,1300,840,842,2128,1770,1254,1059,1581,1646,1004,985,1346,463,211,1004,1273,2145,1739,292,1895,1218,906,1864,2024,1684,873,1438,499,179,708,798,1087,1038,1427,434,931,1524,1421,1734,1308,1127,632,1486,1141,1449,1825,1289,1744,1672,1339,1004,1190,1871,1871,952,857,821,1418,1817,1311,1052,627,1268,1658,1455,1327,1647,1129,1242,1478,1798,857,1285,857,1396,1913,931,1548,877,720,1282,1491,1333,1587,1223,1273,1030,1839,566,1739,1280,1304,638,563,1404,1056,1354,748,1259,1134,546,1198,2045,1048,1702,1669,1333,1100,295,1601,1272,1127,1372,1309,1138,624,1813,1037,434,1485,1210,1204,828,207,1904,1412,1408,676,1180,1311,444,1756,1577,136,1821,1942,1291,1390,464,1156,796,1858,1144,1889,877,940,1111,1048,1354,1367,845,385,1087,1820,1577,1402,1932,1875,1411,1065,1274,1534,1646,1339,1202,1366,1535,995,418,1345,1493,1642,566,834,712,1856,1072,863,1836,1058,1106,105,1646,706,1394,1048,1327,1893,877,444,877,772,360,136,1374,56,758,1481,1502,1282,1325,1913,1188,442,772,1027,1587,1127,1265,190,1608,1101,919,1383,994,1746,1550,720,1323,1145,877,0,838,1229,1831,1248,1032,1934,1342,1312,306,1217,870,177,1991,895,1100,1030,1072,1282,1827
816,1614,1244,1797,1730,1550,1051,918,1621,1127,507,1084,1724,1607,1524,340,1473,1671,58,559,1632,758,584,58,1462,1757,1788,664,1816,1060,359,1695,1607,1270,49,1625,802,644,1006,920,1124,881,1726,732,237,1416,1446,1613,1234,706,905,1576,556,1748,1577,1587,1330,1695,1188,58,1030,1567,1567,258,442,921,1659,1428,1231,645,917,1457,1231,1323,1626,1624,955,881,1107,1824,442,930,442,1227,1542,512,1786,442,1006,927,1388,1256,1497,1339,914,325,1468,502,1550,927,1254,928,901,1569,363,1519,327,1232,960,838,1497,1674,1566,1612,1671,1256,1405,623,1501,1205,1272,1605,1257,1437,914,1815,1340,950,1732,1450,1030,918,576,1533,1659,1241,550,1483,953,524,1650,1471,679,1715,1836,1462,1689,759,1301,1092,1828,595,1654,442,386,1409,1566,1499,1218,1113,985,1138,1842,1471,1635,1561,1829,1242,897,1416,1444,1648,1638,1297,1228,1445,1295,919,1642,1122,1552,858,924,340,1485,1123,449,1465,895,753,781,1648,587,1243,1631,1615,1522,442,524,442,920,451,679,1700,729,234,1391,1527,1321,1156,1542,1466,951,418,632,1473,511,912,959,1518,543,1032,1682,1295,1346,1184,1006,1610,539,442,727,0,863,1645,892,875,1563,1173,1262,529,1060,656,854,1816,916,1405,673,1123,1255,1641
850,1063,1265,1339,967,1340,1085,1164,1102,1162,606,1118,961,1425,1557,496,1379,1304,657,591,1741,1095,1010,657,1485,1017,1330,957,1229,1046,731,1143,1089,540,593,1674,1142,1047,1039,953,1158,916,1837,1069,766,1325,1233,1039,1269,160,1046,1585,238,1861,1512,1698,601,1237,702,657,1068,1603,1603,564,469,954,1174,684,1266,292,949,1350,501,864,1737,1673,989,444,652,1322,469,270,469,1262,995,594,1310,469,1039,276,575,1118,947,519,360,535,922,977,1005,364,1305,960,1268,1352,535,1302,779,1380,998,1175,1581,911,1404,1062,1304,1118,1590,1120,936,1057,1314,1544,1094,1619,946,1312,1372,1429,1247,972,1068,1164,1002,764,1174,1148,846,1472,478,996,1079,902,1036,1146,1271,984,1845,1096,1334,1124,1343,450,1121,469,542,1515,1404,1245,1216,1147,1465,1172,1273,902,1192,980,1336,1137,931,1439,906,1444,1749,1337,1263,905,1324,1278,1751,448,999,1195,1210,862,749,1157,478,919,929,237,1193,1435,797,782,1404,1721,802,469,996,469,953,878,1036,1810,1141,777,854,1316,819,1226,816,1253,1459,750,579,1379,390,393,1416,976,510,1066,1793,1325,621,439,1039,1700,241,469,1138,650,0,1462,353,909,982,1160,1313,953,1046,532,1325,1229,955,1590,221,1157,1403,1458
1303,1862,704,1224,2028,640,1266,1180,1608,1214,1732,1227,2022,71,1416,1793,529,1100,1641,1718,861,1503,1765,1641,987,2279,1215,1709,1417,1082,1407,1697,1756,1875,1526,492,1547,1799,1485,1335,1637,1339,938,1476,1805,376,872,1553,1044,1778,1618,565,1907,962,298,953,1944,1124,1457,1641,1425,56,56,1816,1557,1335,1219,2051,1047,1758,1424,752,1876,1575,858,705,1330,1595,1569,1253,1557,1645,1557,1250,1920,1721,1407,1557,1485,1642,1937,959,1813,1904,1627,1802,1885,2083,1828,1659,881,1435,1647,751,1722,736,1469,880,1359,1583,976,1972,808,1743,1100,959,984,1442,1767,1306,815,913,966,1012,1421,1385,1022,1809,1251,1113,1425,1180,1754,1917,1219,1034,2124,868,1537,1946,1439,1560,1788,1519,1604,1328,946,1503,901,1688,1288,1944,1837,1557,1839,857,808,1093,791,1199,1851,1651,1389,1560,1361,1843,1306,1034,1271,941,1583,1084,846,843,1105,1749,1424,1662,871,1606,1641,1605,1187,1923,1902,1636,1841,1879,1422,1729,1756,1077,2165,1566,808,970,1961,1557,1946,1557,1335,1626,1788,1118,1924,2003,1688,822,1475,1196,1981,785,1870,1991,1643,529,1865,1625,1831,1657,1896,1311,949,1227,1934,1652,1485,1095,1902,1557,1911,1748,1764,0,1618,1333,1839,1248,889,1701,1082,1892,1705,1411,1275,984,1649,1636,903,80
868,996,1072,1272,1149,1148,1103,1182,1039,1181,714,1136,1143,1225,1573,648,1178,1262,676,607,1551,880,965,676,1294,1170,1263,913,1166,854,699,1067,1044,466,553,1481,926,1003,1056,970,1176,935,1643,854,657,1118,1037,964,1113,269,852,1384,390,1670,1311,1506,527,1172,635,676,1087,1438,1438,716,431,970,1113,612,1110,410,965,1160,427,741,1543,1480,1006,54,526,1257,431,29,431,1392,956,610,1249,431,1056,51,682,925,877,757,76,676,879,911,966,75,1184,976,1028,1161,687,1111,748,1193,1018,960,1392,1093,1216,986,1262,925,1400,918,918,864,1123,1354,901,1431,962,1247,1340,1202,1186,911,1087,1182,957,697,1113,955,920,1283,377,929,1016,841,992,1081,1206,923,1654,881,1214,1140,1282,610,1080,431,694,1328,1216,1052,1013,1165,1240,1190,1208,841,1128,914,1275,944,950,1251,838,1254,1558,1149,1283,837,1340,1058,1564,378,923,980,1228,755,897,1176,624,876,947,92,1186,1242,996,659,1219,1537,934,431,929,431,970,834,992,1579,1090,887,786,1128,751,1039,948,1064,1240,852,650,1182,542,82,1208,905,654,1085,1602,1341,552,369,1056,1513,392,431,1087,586,245,1265,0,927,916,973,1195,909,857,676,1108,1166,974,1403,18,1176,1219,1261
252,1229,673,962,1297,922,521,632,1018,564,747,475,1291,951,1219,805,893,833,914,731,1330,589,707,914,913,1551,953,857,899,376,484,1300,1356,1034,799,991,633,753,572,461,610,204,1422,558,818,848,920,1008,663,717,641,1048,848,1437,1028,1285,1094,862,883,914,347,1014,1014,829,570,460,744,1192,660,762,476,934,995,1004,1322,991,88,752,881,948,570,801,570,665,1260,734,867,570,572,798,1401,693,1113,1352,785,815,1262,1151,1190,798,683,487,731,932,735,881,556,674,276,669,1192,1241,990,1231,833,693,1094,532,1051,665,731,1053,694,1132,473,1225,900,875,816,551,347,632,699,1186,744,678,1162,1055,745,874,994,820,742,1059,1184,628,1421,587,758,665,910,924,1401,570,851,1105,990,960,853,648,918,625,1186,820,723,1355,896,679,333,870,843,961,1334,726,657,1009,989,748,1340,878,1095,689,638,989,1171,609,853,1259,333,696,838,877,1236,995,990,1321,1228,570,874,570,461,575,742,1311,865,1072,948,897,882,593,1246,835,948,1063,666,893,879,783,912,917,879,384,1378,988,1114,916,572,1317,829,570,863,832,874,988,761,0,1357,474,691,653,376,904,787,899,373,1094,584,609,697,984
1347,435,1343,906,281,1418,1519,1602,486,1330,1254,1554,287,1314,1985,1326,1269,856,1281,1254,1818,1267,1375,1281,1561,212,897,1512,748,1124,1319,312,193,511,1165,1753,1314,1403,1464,1377,1596,1283,1915,1240,1357,1209,796,404,1384,958,1217,1477,1049,1940,1397,1775,472,858,732,1281,1349,1522,1522,1352,1072,1377,826,465,1381,1094,1382,1428,389,608,1814,1755,1487,701,646,920,1072,750,1072,1667,195,1257,786,1072,1464,747,1020,1200,492,1142,734,1338,137,1520,264,747,1383,1393,1413,1431,1244,1381,1139,1451,1281,1347,1658,300,1482,373,856,1200,1668,1206,743,1139,1385,1600,1176,1694,1379,577,1598,1577,854,1033,1349,1602,1367,280,826,1230,1544,1550,655,1536,595,636,1393,474,512,1198,1924,1267,1472,1555,704,1119,297,1072,1372,1592,1482,1326,1295,1585,1620,1610,672,636,1329,5,846,1219,1435,1515,802,694,1826,1413,1415,521,1766,1450,1828,448,365,1367,1628,1359,265,1595,1359,134,1428,910,1555,865,1605,631,1482,1796,318,1072,1536,1072,1377,1235,1393,1891,1579,1443,771,1392,805,1305,332,1331,1631,1437,1175,1269,1204,732,1594,414,1199,1493,1871,1795,317,501,1464,1778,1050,1072,1576,1198,915,1351,774,1401,0,1239,1391,1310,1124,1410,1500,748,1424,1668,760,1595,1474,1347
379,1419,280,1115,1488,553,650,590,1170,130,1068,685,1482,932,840,1117,1103,1063,1229,1035,956,746,838,1229,465,1742,1106,787,1064,90,768,1490,1547,1488,1113,616,790,879,717,793,729,254,1066,720,1138,1052,1071,1162,270,1009,901,1087,1178,1090,1009,910,1551,1015,1034,1229,247,1251,1251,1133,875,794,899,1621,267,1093,622,576,1519,1156,946,611,282,1034,1145,1100,875,1083,875,402,1451,1038,1023,875,717,1080,1402,548,1100,1353,1067,1119,1453,1468,1381,1080,290,633,889,489,1035,438,829,269,179,826,730,1432,637,1419,1063,548,871,784,1239,442,401,742,555,759,619,1378,450,1068,971,700,247,590,830,1379,899,174,1503,700,1143,1018,1147,968,868,1212,1337,779,1072,747,290,810,1066,1216,1592,875,1163,734,637,628,476,608,1106,744,1339,968,876,1546,1054,623,230,419,986,1285,958,333,264,1175,958,905,966,1204,1249,846,597,1307,1364,728,1152,1450,410,973,1045,1030,1553,1147,637,939,1423,875,1018,875,793,708,868,821,955,1391,1136,531,1051,105,1443,466,1106,1385,965,1103,1178,1065,1074,1060,1173,518,1001,659,1609,1266,717,845,1159,875,953,1146,1176,969,1045,346,1548,0,298,783,90,1203,968,1064,507,869,863,728,292,965
419,1312,100,1018,1379,454,677,617,1069,211,1106,656,1373,849,847,1158,1020,893,1275,1086,967,946,1027,1275,478,1633,1009,973,959,514,808,1384,1441,1366,1159,535,993,1063,919,827,756,333,1018,920,1189,974,984,1061,111,949,984,1098,1219,1042,925,921,1429,919,934,1275,418,1162,1162,1184,916,828,804,1527,114,1134,798,522,1327,1055,957,524,321,1059,1027,1005,916,1108,916,192,1342,1089,927,916,919,1105,1248,218,1007,1135,1092,1170,1344,1514,1272,1105,110,809,1119,502,1076,451,869,299,349,1026,739,1323,583,1313,893,218,823,978,1133,409,413,619,219,766,795,1278,459,1267,876,606,418,617,1019,1268,804,203,1539,654,1040,1207,1046,870,1052,1112,1237,682,1026,947,320,1062,970,1259,1486,916,1204,745,583,160,379,633,1305,771,1239,870,781,1437,956,204,268,432,893,1034,969,152,172,1069,967,1129,977,1086,1148,1046,623,1353,1253,755,1193,1341,453,998,1251,934,1599,1046,583,950,1310,916,1207,916,827,894,1052,830,1158,1437,1030,432,933,193,1328,152,1306,1431,1007,1020,1219,1090,1269,967,1214,655,1012,668,1438,1148,919,799,1200,916,1155,1192,1116,886,1072,388,1439,245,0,969,514,1244,1173,959,541,823,888,755,322,882
844,1580,1175,1666,1816,1387,783,707,1587,1156,654,748,1810,1668,1213,851,1462,1540,743,829,1324,455,177,743,1200,1843,1657,18,1844,1088,681,1661,1693,1534,624,1351,501,104,710,639,941,909,1416,424,748,1405,1315,1579,1186,905,684,1462,997,1438,1739,1279,1597,1564,1153,743,1061,1549,1549,769,713,692,1254,1660,1189,905,615,1195,1495,1274,1316,1527,983,1078,1193,1693,713,1127,713,1256,1628,782,1389,713,710,1124,1335,1229,1463,1176,1111,836,1554,499,1636,1124,1185,626,610,1283,874,1233,408,1139,991,535,1186,1760,1304,1578,1540,1229,1088,317,1325,1168,1008,1343,1205,1126,612,1699,1025,687,1326,1054,1061,707,183,1612,1254,1270,614,1168,1034,376,1632,1453,119,1697,1815,1133,1379,453,1036,785,1421,1015,1765,714,897,1099,1304,1235,1181,724,644,943,1707,1453,1242,1647,1746,1271,925,1154,1410,1526,1328,1083,1247,1411,983,673,1334,1208,1518,555,713,542,1564,940,778,1551,923,952,357,1517,639,1266,1346,1315,1601,714,376,714,639,109,119,1367,439,621,1357,1382,1149,1185,1615,1069,700,612,864,1462,1018,1109,440,1484,972,834,1372,982,1590,1270,710,1311,979,714,424,657,1071,1706,1092,903,1649,1202,1193,0,1088,785,435,1844,773,1088,873,940,1162,1702
500,1253,411,993,1321,724,766,696,1042,254,898,801,1315,979,957,956,1006,867,1087,880,1008,676,776,1087,589,1575,984,725,933,180,637,1326,1383,1324,971,784,720,817,650,542,845,250,1097,650,967,960,951,1034,401,861,831,1149,1011,1133,1057,962,1386,893,908,1087,236,1133,1133,978,724,541,778,1484,398,918,554,632,1285,1027,998,782,412,896,990,979,724,945,724,527,1284,883,901,724,650,942,1381,238,1137,1331,929,964,1286,1326,1214,942,421,565,819,613,886,562,709,394,168,756,844,1265,688,1255,867,238,914,715,1075,481,525,793,239,873,551,1250,574,969,850,580,236,696,768,1210,778,213,1353,745,893,952,1019,844,806,1084,1209,656,1117,677,415,743,944,1069,1428,724,1002,785,688,752,647,713,1014,860,1211,844,755,1379,930,215,353,543,867,1008,1010,464,395,1033,1081,837,1018,1049,1121,778,702,1165,1195,844,1003,1283,544,835,940,908,1411,1018,688,990,1252,724,952,724,542,646,806,935,937,1054,972,701,907,229,1270,637,1039,1239,812,1006,1030,927,1007,941,1026,744,1053,773,1447,1111,650,890,992,724,935,915,1023,1016,906,360,1381,134,429,721,0,1054,880,933,630,914,725,844,417,1012
985,1578,1422,1857,1301,1725,1223,1346,1585,1303,298,1254,1295,1804,1700,128,1640,1791,599,328,1811,1060,925,599,1627,1536,1848,874,1775,1223,851,1659,1605,1019,547,1794,1107,869,1181,1083,1305,1060,1908,1034,465,1583,1707,1579,1412,571,1065,1741,429,1930,1745,1768,1079,1755,1152,599,1212,1701,1701,301,400,1083,1618,1177,1409,374,1094,1622,980,1287,1807,1797,1125,850,1071,1840,400,797,400,1405,1540,331,1745,400,1181,803,1144,1432,1461,930,886,242,1466,685,1506,890,1432,1105,1233,1735,238,1685,760,1401,1142,1140,1602,1445,1731,1576,1932,1432,1573,953,1478,1413,1436,1770,1433,1613,1091,2038,1515,1179,1691,1409,1212,1346,917,1304,1618,1417,725,1659,917,701,1614,1435,954,1679,1794,1421,1873,1061,1466,1268,1787,317,1652,400,97,1585,1731,1667,1421,1295,1285,1310,1806,1435,1594,1497,1788,1418,1072,1581,1408,1918,1819,1475,1406,1409,1464,1243,1821,933,1516,1160,1354,561,1289,1307,24,1463,1065,764,1097,1909,507,1207,1796,1789,1348,400,701,400,1083,795,954,1787,1045,475,1355,1701,1285,1332,1368,1638,1179,466,440,1640,277,881,1180,1482,265,1204,1864,1463,1099,924,1181,1793,412,400,1042,429,550,1842,879,1039,1499,1349,1440,870,1223,0,1180,1775,1093,1573,748,1307,1424,1838
1077,1765,1360,1894,2015,1585,1022,937,1829,1396,824,982,2009,1866,1251,1025,1676,1768,778,973,1360,375,347,778,1382,2042,1885,334,1669,1310,887,1847,1910,1596,784,1550,355,148,748,918,1095,1156,1452,342,920,1621,1543,1772,1371,1054,662,1497,1138,1474,1888,1315,1716,1792,1355,778,1308,1884,1884,941,856,919,1512,1779,1374,1051,657,1377,1669,1472,1352,1721,1217,1214,1392,1927,856,1264,856,1498,1827,926,1645,856,748,1261,1385,1510,1649,1228,1247,1033,1753,568,1786,1260,1370,668,381,1482,1057,1432,728,1323,1238,330,1224,1961,1074,1764,1768,1510,1127,468,1648,1449,1193,1403,1486,1164,654,1950,1063,169,1585,1304,1308,936,305,1813,1512,1510,676,1206,1231,442,1806,1627,178,1871,1989,1381,1415,374,1220,706,1681,1148,1951,856,945,1137,1074,1420,1457,953,211,1108,1955,1627,1501,1848,1683,1511,1165,1336,1596,1745,1364,1268,1432,1597,1022,244,1370,1409,1704,350,942,714,1765,1093,867,1752,1157,1122,51,1745,708,1464,1074,1353,1802,856,442,856,918,401,178,1420,602,760,1543,1580,1353,1425,1816,1254,219,774,1004,1676,1131,1245,187,1670,1105,946,1408,1021,1727,1468,748,1350,1150,856,208,817,1226,1909,1228,1131,1850,1442,1378,348,1310,874,0,1669,922,1127,1010,1093,1346,1906
967,776,981,406,878,1057,1138,1217,403,971,1507,1171,872,822,1637,1552,773,352,1529,1490,1109,1318,1422,1529,1202,1127,397,1563,6,761,1268,768,825,1018,1414,866,1365,1453,1093,1015,1211,915,1198,1291,1588,714,299,356,1022,1253,1268,974,1372,1220,898,1063,979,354,692,1529,998,988,988,1588,1314,1015,237,1013,1019,1389,1006,1069,903,725,1099,1391,1107,1012,732,442,1314,1061,1314,1303,857,1493,308,1314,1093,1058,1295,836,569,1412,1045,1574,881,1770,861,1058,1092,1017,1464,1070,1478,1020,1191,1101,930,1398,1301,822,1125,453,352,836,1304,1257,647,775,1031,1021,812,1340,1003,875,1133,1629,230,615,998,1217,1414,759,237,866,1761,1190,734,1586,281,392,1443,380,577,293,1164,1318,1122,1180,120,1461,867,1314,1598,881,1125,963,917,1200,1671,1225,542,392,242,974,342,855,1054,1156,397,197,1111,1054,1052,582,1377,1501,1119,771,435,1418,1267,1609,744,1210,1597,878,1047,1204,1590,365,1855,715,1125,1086,797,1314,1586,1314,1015,1284,1443,1485,1615,1691,537,1033,647,946,811,970,1685,1682,1406,773,1524,1043,1647,529,1541,1119,1154,1265,1002,809,1093,1063,1373,1314,1612,1447,1232,859,1089,1022,976,880,1100,1359,761,1649,1539,0,1064,1304,1071,1210,1124,855
306,1457,582,1138,1668,854,28,139,1206,465,933,88,1662,1067,907,1101,1056,1088,960,1019,1030,715,675,960,676,1695,1129,825,1083,585,756,1528,1585,1337,842,923,759,726,635,486,132,521,1119,689,1006,1010,1056,1198,572,996,870,1173,1159,1141,1151,984,1401,1038,988,960,452,1208,1208,1057,859,485,923,1499,569,1074,556,717,1299,1110,1020,923,282,1017,1045,1123,859,1066,859,567,1500,1022,1052,859,635,1063,1569,594,1138,1523,1050,1103,1406,979,1430,1063,592,567,858,703,1019,652,799,616,384,795,818,1612,773,1457,1088,594,801,750,1281,783,486,878,595,827,550,1414,659,1034,995,724,452,139,667,1428,923,579,994,833,900,842,1183,1004,715,1248,1373,803,1086,713,510,725,1090,1200,1630,859,1147,807,773,713,785,120,1072,147,1375,1004,900,1499,1081,580,238,634,1024,1270,1033,561,566,1213,692,871,1041,1060,1285,812,137,823,1423,131,1136,1403,110,956,987,1053,1064,1101,773,1012,1460,859,842,859,486,543,715,910,803,907,1174,805,976,494,1480,767,1073,898,947,1056,1162,1048,1041,1098,1157,11,1076,695,1410,1122,632,966,1140,859,801,875,1161,1104,1028,329,1501,511,600,621,585,1187,914,1083,0,801,846,131,639,1100
1027,1929,1010,1658,2034,843,847,771,1770,1075,1616,812,2028,1077,715,1799,1327,1597,1684,1724,562,1125,1252,1684,702,2296,1649,1322,1582,1282,1411,2031,2089,1971,1566,844,1172,1412,904,1016,1147,1196,489,1099,1811,1257,1696,1762,1021,1559,1235,788,1849,514,1029,482,2042,1556,1555,1684,1202,1017,1017,1731,1561,1016,1426,2149,1024,1763,845,690,1973,1671,427,1021,950,1667,1649,1641,1561,1716,1561,1111,1983,1727,1562,1561,904,1713,2085,1180,1821,2048,1699,1808,2010,1664,1913,1712,925,856,1291,664,1728,740,1476,808,1136,1205,420,1974,580,1948,1597,1180,180,1150,1775,1327,840,556,1187,456,842,1978,631,1460,1499,1220,1202,771,1244,1920,1426,1124,1687,414,1659,1528,1747,1568,1402,1765,1930,1299,498,1126,829,1047,1594,1949,2135,1561,1845,633,580,1070,1129,788,1496,1161,1939,1568,1414,2088,1594,1255,985,747,1589,1650,415,887,1106,1687,225,1308,515,1694,1849,1225,831,1504,2027,1146,1845,2040,1145,1642,1503,1571,1818,1589,583,575,1998,1561,1528,1561,1016,1293,1486,165,1534,1653,1640,866,1507,1125,2021,829,1489,1647,1647,1309,1859,1713,1515,1647,1867,940,500,227,1928,1653,966,107,1874,1581,1511,1692,1727,1040,1931,1064,2140,1177,946,1499,1281,1793,1418,1567,929,0,1533,1202,880,1071
866,1005,1206,1311,901,1282,1049,1128,1068,1164,717,1082,895,1376,1562,637,1336,1230,661,563,1650,791,978,661,1429,1140,1302,944,1151,1001,704,1085,1036,489,530,1627,837,1044,1012,938,1122,872,1726,760,685,1278,1218,988,1270,243,741,1545,351,1748,1469,1590,552,1222,657,661,1256,1577,1577,705,411,943,1146,637,1267,393,931,1280,450,828,1626,1633,1027,67,587,1305,411,33,411,1450,954,566,1273,411,1012,42,704,1073,889,674,89,658,861,894,890,102,1309,942,927,1290,558,1240,717,1324,1124,864,1522,848,1334,1008,1230,1073,1534,1027,865,1012,1271,1481,1049,1563,928,1262,1385,1365,1217,940,1256,1128,970,693,1146,1103,908,1408,442,912,1000,870,1077,1071,1222,947,1689,788,1367,1058,1335,561,1082,411,685,1438,1334,1186,1184,1111,1156,1136,1187,870,1191,903,1362,1092,931,1383,799,1431,1638,1271,1264,850,1374,942,1660,431,946,880,1201,739,678,1121,618,859,940,74,1193,1391,979,728,1334,1651,726,411,912,411,938,867,1077,1749,1141,821,800,1250,803,1173,741,1195,1119,815,624,1336,525,84,1371,917,645,1030,1682,1309,566,422,1012,1648,333,411,1136,563,158,1417,89,936,905,1107,1317,942,1001,671,1016,1151,947,1534,0,1121,1347,1408
500,1420,559,1263,1713,777,121,41,1364,750,958,104,1707,960,863,1209,1144,1126,1075,1105,977,726,684,1075,550,1707,1254,824,1219,943,796,1504,1561,1387,946,652,772,929,494,543,1,662,1043,695,1082,1088,1176,1361,573,910,862,1137,1165,1065,1034,916,1454,1176,990,1075,713,1254,1254,1101,970,547,1042,1552,576,1191,507,612,1348,1111,947,815,479,1026,1086,1253,970,1075,970,639,1450,1102,1169,970,494,1072,1647,667,1303,1597,1060,1209,1438,1026,1381,1073,569,518,862,587,1099,536,855,510,653,799,865,1660,648,1427,1126,667,739,667,1161,855,379,682,668,782,504,1558,546,1130,1113,838,713,41,676,1505,1042,652,1045,736,927,847,1296,1215,790,1403,1515,908,1009,722,405,634,1231,1273,1604,970,1257,766,648,624,788,85,1090,2,1483,1215,1016,1533,1254,653,517,504,1162,1389,957,457,636,1251,676,867,987,1117,1368,814,104,871,1461,180,1107,1435,620,985,1009,1191,1111,1102,668,978,1495,970,847,970,543,573,790,947,832,953,1197,703,992,655,1518,440,1053,947,1034,1144,1240,1058,1068,1310,1229,126,999,627,1450,1165,494,903,1264,970,829,979,1079,1001,1027,538,1535,796,577,651,943,1105,932,1219,129,738,878,0,533,992
503,1649,389,1376,1841,490,418,335,1470,504,1239,381,1835,710,624,1316,885,1237,1357,1237,741,926,940,1357,252,1986,1367,907,1330,783,936,1737,1794,1674,1231,363,976,1007,688,823,762,665,812,895,1342,840,1354,1467,403,1230,1033,866,1404,834,782,681,1728,1289,1249,1357,746,1258,1258,1384,1091,828,1153,1799,406,1312,620,325,1664,1363,715,526,482,1206,1356,1375,1091,1255,1091,471,1777,1240,1280,1091,688,1252,1488,498,1536,1438,1240,1321,1708,1307,1708,1253,399,631,1098,298,1220,247,1138,23,698,1004,537,1788,352,1660,1237,498,637,867,1578,687,211,391,499,537,617,1664,243,1254,1224,947,746,335,931,1707,1153,483,1314,461,1373,1127,1402,1272,1038,1473,1614,1017,780,923,89,747,1342,1406,1837,1091,1364,520,352,454,734,354,1292,777,1588,1272,1127,1803,1371,484,520,211,1275,1390,725,288,466,1458,808,1112,751,1404,1555,1024,342,1149,1722,761,1346,1705,623,1168,1230,1304,1392,1355,384,741,1756,1091,1127,1091,823,829,1038,616,1101,1229,1411,416,1274,486,1771,384,1255,1225,1155,886,1361,1238,1269,1416,1361,460,768,455,1722,1450,688,755,1385,1091,1096,1263,1390,752,1208,541,1805,538,407,904,783,1400,1152,1330,446,637,1059,761,0,743
1393,1791,694,1216,1950,631,1202,1119,1579,1187,1784,1165,1944,51,1382,1819,525,1089,1679,1735,772,1556,1586,1679,951,2166,1207,1547,1369,1113,1422,1763,1743,1812,1552,487,1602,1647,1475,1372,1715,1304,872,1526,1822,364,882,1581,1030,1768,1662,478,1880,896,218,856,1866,1111,1391,1679,1379,532,532,1833,1597,1376,1212,1973,1033,1815,1406,766,1802,1505,890,689,1295,1574,1498,1232,1597,1623,1597,1214,1974,1738,1375,1597,1475,1620,1988,937,1707,1952,1607,1819,1961,1949,1886,1642,838,1417,1686,743,1734,728,1464,851,1309,1630,997,1897,849,1693,1089,937,966,1498,1687,1228,800,830,944,1038,1403,1395,943,1871,1243,1106,1379,1119,1578,1816,1212,1012,1955,885,1508,1768,1725,1569,1680,1556,1612,1321,880,1554,872,1533,1309,1927,1893,1597,1868,771,849,1081,768,1138,1912,1729,1410,1569,1370,1896,1290,1012,1246,905,1589,1096,765,800,1093,1772,1405,1699,782,1546,1668,1646,1126,1789,1873,1714,1859,1958,1426,1727,1807,1066,2034,1497,820,873,1907,1597,1768,1597,1372,1468,1680,1136,1794,1868,1725,779,1416,1169,1930,715,1889,1860,1663,525,1875,1604,1893,1667,1880,1247,945,1058,1860,1587,1475,1155,1857,1597,1789,1585,1744,29,1605,1379,1895,1221,846,1543,1113,1913,1756,1369,1230,968,1632,1714,874,0
