0,8152,2176,7143,7760,3161,1008,1691,7569,1545,5132,1295,7712,5868,4013,4983,8352,7266,4762,4335,5252,4393,4751,4762,2953,8010,7064,5177,7153,2782,4066,8561,8970,7896,4320,3912,4634,5590,3398,1966,1379,1355,6023,4251,4757,8469,8177,7739,2081,4884,8308,6149,5529,6125,6666,5464,8278,7059,7001,4762,1875,6952,6952,4882,4065,1886,6614,8677,2060,5052,2389,3494,8034,7490,5691,3305,843,5620,6841,7233,4065,5831,4065,1870,7954,4356,6941,4065,3398,5840,9844,2172,8055,9083,5613,4764,8103,6449,8618,5641,2257,2481,5204,3182,4965,3002,4432,2288,1647,4718,4138,7508,3450,8503,7266,2172,4474,4317,8033,2463,2324,3586,2179,3770,2385,8132,3006,7082,6692,5563,1878,1691,4676,7378,6614,2032,7189,4852,6390,6221,7657,6996,5518,7691,7938,5844,6150,4226,1987,2926,6862,5852,9053,4065,5334,4426,3450,3158,2892,1791,5443,1395,8190,6996,6184,8335,7249,2053,890,2787,7016,8431,5769,2794,2043,7517,3024,5126,5339,6871,7921,4780,1733,5640,7229,1367,5320,8083,389,5743,5905,7201,6658,7527,4027,5173,7318,4065,6221,4065,1966,4620,5518,4493,5735,6129,7286,3110,7195,1689,7259,2976,5848,6225,4473,8352,5524,5673,6100,7506,5609,953,5859,3703,8368,7209,3398,4526,5394,4065,5581,4584,5302,6048,6065,995,8345,2034,2326,4864,2782,5666,5211,7148,870,4474,5265,1367,2474,5974
6992,0,5017,2622,1506,5009,8136,7301,1449,5175,6769,8290,1457,6749,7711,6619,6230,2745,6399,5972,7776,8587,7696,6399,5665,1748,2543,8302,2285,4060,6392,1079,1488,2175,5957,5414,8828,8558,10165,7749,8507,5217,8741,8445,6394,6347,3125,1241,5353,4374,9363,11564,5310,8842,7546,7987,1933,2539,672,6399,5161,8080,8080,6508,5702,7668,2093,2240,5332,5029,9275,5670,1742,853,8214,5153,5817,3111,1673,2713,5702,3322,5702,4992,1430,5993,2420,5702,10165,3331,4183,4436,573,4927,3104,6401,1790,9393,1312,3133,5349,9366,9398,5358,6602,5178,6233,5828,4878,8912,7264,1253,6206,1021,2745,4436,7960,8819,852,4017,5448,6727,4492,7415,9271,2163,6577,9738,2172,2267,5163,7301,7622,1185,2093,4674,9819,7028,2041,9167,1768,1254,8511,1891,2050,1996,8765,8420,5933,9812,2391,5615,1419,5702,7055,6950,6206,4643,4417,8438,9637,8570,2259,1254,1634,2022,2746,4671,5721,5499,615,3307,8292,5095,5850,152,8500,9580,7862,1821,1059,8974,7343,8586,1091,8495,6957,1770,7235,4350,9674,2680,9608,890,6203,7697,1248,5702,9167,5702,7749,7565,8511,7619,8571,9075,325,5286,1229,5089,1189,4824,9775,9171,5064,6230,6694,3164,10294,813,5859,8082,8382,7825,1635,2088,10165,8639,5472,5702,8418,6367,4352,6929,3383,6959,2032,4513,5418,7810,4060,7303,9405,2280,7962,7960,3449,8495,6015,6855
1983,5640,0,4646,6062,752,2692,2551,5072,1088,6306,2846,6013,3984,2961,6156,5142,4769,5936,5509,3519,7940,6434,5936,1408,6312,4567,7040,4656,1473,5239,6049,6739,6450,5493,2028,8181,7296,5081,3501,3063,1987,4290,7798,5930,5258,5680,5243,366,6057,9286,4517,6466,4585,4782,3731,6832,4781,4504,5936,1970,5945,5945,6045,5239,3569,4117,7231,315,5989,4141,1414,6711,4993,3957,1829,1508,6580,5142,4737,5239,6792,5239,683,6327,5530,4444,5239,5081,6800,8656,984,5543,7896,6573,5938,6404,7447,6122,6602,332,4233,8751,1297,6139,1118,5606,1078,1687,8265,3007,5809,1949,5991,4769,984,3703,8171,5551,1276,729,2471,992,3159,4138,5635,1827,9091,4196,3066,1972,2551,6360,5680,4117,845,7874,2771,5504,7905,5160,4543,7249,5283,5441,3348,4508,7772,1183,4679,4365,7026,6541,5239,6592,2693,1949,381,1416,2652,8990,3126,5693,4543,3687,6636,4752,866,1412,1242,4520,5331,4035,426,848,5122,3750,8933,3606,5636,5424,8327,2593,6640,5530,3051,6493,6384,1969,6917,9027,5978,7662,5030,1947,3440,5620,5239,7905,5239,3501,6303,7249,3362,9070,7129,4790,475,4698,780,5561,421,9127,7226,5647,5142,6593,6634,9647,5009,6782,2637,4125,3487,6922,5557,5081,4382,6330,5239,8917,5904,6475,4164,6853,2168,6646,1121,401,7098,1473,6840,8758,4652,2553,3703,6439,3051,1265,4090
6714,2698,4739,0,3876,4731,7858,7023,1453,4897,8382,8012,3828,4898,7433,8233,4379,472,8016,7585,10260,10201,9310,8016,5387,4119,114,9916,859,3782,8006,2289,2697,4546,7574,5154,10441,10171,9887,7471,8229,4939,11031,10058,8007,4496,1274,1457,5075,6500,10977,8437,7145,11235,5695,10472,4303,485,3043,8016,4883,6229,6229,8122,7316,7390,642,4611,5054,7155,8997,5392,4112,3224,10698,4800,5539,5244,3968,388,7316,5455,7316,4714,2902,7606,642,7316,9887,5464,6479,4158,2483,7732,5237,8015,3000,11006,2522,5265,5071,9088,11012,5080,8215,4900,7847,5550,4694,10525,6986,3624,8597,2231,472,4158,7682,10432,3223,3739,5170,8461,4214,7137,8993,1796,8970,11352,432,2268,4885,7023,9236,3556,642,4396,11433,6750,4437,10780,1701,2140,10124,1397,1656,1691,11158,10033,5655,9534,633,7983,2781,7316,8669,9434,8597,4365,4139,8160,11251,8292,1907,2140,1329,3232,236,4393,5443,5221,2206,759,10776,4817,5572,2707,10161,10933,10347,4462,1639,10588,7065,10199,3461,8217,8570,2980,6957,6475,11287,751,11221,3261,8618,10181,3618,7316,10780,7316,7471,9179,10124,7341,10184,10688,2476,5008,3524,4523,3559,4546,11388,10785,7723,4379,8670,5297,11908,2148,8859,7804,10867,9471,4122,4384,9887,11867,7307,7316,10031,7980,6526,5078,5557,6604,3242,4235,5140,9424,3782,8917,11018,854,7684,7682,5710,8217,5737,5004
7990,1651,6016,3621,0,6008,9135,9851,2526,5927,6435,9289,48,7748,8556,5883,7229,3744,5850,5383,8775,9004,8113,5850,6664,1315,3542,8719,3387,5059,5833,2651,1742,1340,5408,6413,9245,8975,11163,8748,9506,6216,9740,8862,5804,7346,4124,2478,6352,4104,9780,12563,4539,9841,8545,8986,1098,3538,1671,5850,6160,9079,9079,6155,5113,8667,3092,1405,6331,4679,10273,6669,907,922,9213,6152,6816,2938,1537,3712,5113,3150,5113,5991,1330,5403,3419,5113,11163,3158,3447,5435,1858,4190,2931,5797,1407,7362,1304,2960,6348,10365,9815,6357,5878,6177,6650,6673,5970,9329,8263,114,7205,2306,3744,5435,8959,9235,1119,5016,6447,7726,5280,8414,10270,3345,7422,10155,3171,3266,6162,9851,8039,915,3092,5445,7788,8027,1786,7895,2870,2253,8928,2993,3152,2995,9764,8836,6778,10811,3340,5442,1845,5113,6289,7948,7205,5642,5416,9437,10054,9522,3403,2253,2633,1639,3727,5424,8383,6498,1614,4306,9291,6094,6017,1437,12434,9736,8861,1577,2344,9391,9893,6555,820,9494,6190,1387,8234,4177,10091,3679,7577,1112,7202,8696,977,5113,7895,5113,8748,7982,8928,8618,8988,7044,1324,6285,2227,5800,918,5823,10191,7140,4891,7229,5923,2991,10711,2111,5686,9080,9381,8742,917,1877,11163,9638,4701,5113,8834,5672,3920,7928,3210,7881,1649,5512,6417,8227,5059,6537,9822,3382,8961,8959,3276,9494,6860,7854
3408,6071,1351,5062,6621,0,3143,2738,5488,2585,8132,2962,6572,3282,3148,7653,4440,5185,7988,7006,3366,6477,6753,7988,1255,6863,4983,7359,5072,2970,6736,6480,7290,6866,7545,1326,6718,7615,5570,3820,4571,3484,4137,6335,7427,4557,6096,5658,1863,7555,7823,4365,8856,4432,4080,3578,7248,5197,4920,7988,3412,5792,5792,7542,6736,4224,4533,7647,1885,7486,4257,1261,7127,5409,3804,1823,3005,6996,5558,5153,6736,7208,6736,2180,6545,7027,4860,6736,5570,7216,8068,1528,5760,9393,6989,7435,6956,8450,6537,7018,1256,4349,7288,596,7636,416,7430,1265,3184,6802,2855,6368,1796,6422,5185,1528,3551,6709,5967,2773,1039,2318,1584,3006,4254,6051,2014,7628,4611,3482,3414,2738,6679,6095,4533,1766,8876,2619,5920,8224,5576,4915,7568,5699,5857,3764,4355,6309,1369,4795,4781,8523,6972,6736,8089,2540,1796,2135,1832,2838,7527,4634,6109,4915,4103,7187,5168,1762,2909,1089,4936,5457,3882,943,2345,5436,4017,7209,3453,6052,5840,6864,2780,7643,5946,4559,7991,6935,3393,8235,7564,5120,8665,5446,1794,3287,6036,6736,8224,6736,3820,6623,7568,3209,7628,8132,5206,876,5114,2277,5977,908,7665,8228,7144,4440,8195,7050,8184,5425,8279,3383,3973,3334,7338,5973,5570,4230,7828,6736,7475,7809,8237,3463,7269,3665,7197,2618,1325,6867,2970,8337,7295,5068,3740,3551,7334,4559,1452,3388
1065,8619,2487,7694,9253,3093,0,406,8166,1855,5586,181,9204,5777,3922,5251,8903,7817,5107,4604,5161,4309,4207,5107,2861,9495,7615,4813,7704,3092,4334,9028,9922,9498,4665,3821,4550,5069,3482,1274,399,1624,5932,4167,5026,9020,8728,8336,2794,5153,5655,6057,5561,6574,6574,5372,9880,7611,7552,5107,2186,12486,12486,5140,4334,1624,7165,10279,2370,5084,1846,3403,9636,8041,5599,3615,1112,5889,8190,7785,4334,6100,4334,2180,9177,4625,7492,4334,3482,6109,10154,2482,8437,9393,5882,5033,9588,5904,9169,5910,2567,1938,5120,3090,5234,2910,4884,2196,1957,4634,3829,9000,3938,8970,7817,2482,4382,4541,8599,2773,2233,4460,2489,3678,1842,8729,2915,5460,7243,6114,2188,406,4133,8727,7165,2343,6330,4760,6659,5678,8253,7547,5022,8377,8535,6396,6497,4142,1895,2383,7413,6121,9520,4334,5687,4334,3938,3066,3202,329,5359,461,8787,7547,6735,9819,7800,2363,1200,2695,7568,8982,5677,3085,2353,8068,2932,5302,5247,8684,8518,4696,460,5097,8578,386,5589,9567,1025,6012,5396,9025,6119,8078,3936,5082,8668,4334,5678,4334,1274,4077,5022,5351,5082,5586,7838,3018,7746,1999,8609,3050,5497,5682,4742,8903,5689,5942,5576,8102,5877,202,5767,3612,9970,8605,3482,4435,5426,4334,4929,4999,5570,5957,6334,1264,9829,2344,2636,4871,3092,5935,5127,7700,220,4382,5534,386,2383,5882
1444,9019,2463,8437,9568,2687,406,0,8864,2233,5640,224,9520,5371,3516,6141,6529,8561,5495,6353,4755,3904,4261,5495,2456,9811,8359,4867,8448,3495,5451,9428,10238,9344,5053,3415,4144,5122,2908,1327,71,2003,5526,3761,5773,6645,9471,9034,2389,6569,5249,5652,7605,6168,6168,4967,9726,8354,7868,5495,2564,7582,7582,6025,6083,1731,7908,10125,2410,6833,1899,2997,9605,8357,5193,3911,1491,7068,8292,8528,6083,7279,6083,2705,9492,6374,8236,6083,2908,7288,10679,3007,8922,9918,7061,6782,9903,5957,9485,7090,2543,1991,4715,2684,6983,2505,4938,1790,2336,4228,3424,9316,3532,9370,8561,3007,3976,4135,8915,3298,1827,4054,3014,3273,1896,9426,2509,5054,7987,6858,2566,0,4187,8829,7908,2868,6384,4355,7841,5731,8951,8291,5075,9074,9233,7139,6091,3736,1489,2437,8156,7870,9920,6083,6492,3929,3532,2660,3568,100,4954,56,9485,8291,7479,10135,8544,2888,1578,2290,8311,9726,5271,2679,2871,8501,2526,4636,4842,8739,9216,4290,42,5150,8680,84,7338,9883,1403,7191,4990,9769,6172,8394,3530,4676,8769,6083,5731,6083,1327,4130,5075,4946,5135,5639,8387,2612,8062,2377,8711,2644,5091,5736,6491,6529,7437,7121,5611,8800,7626,646,5362,3206,9816,8660,2908,4029,7175,6083,4982,5317,6987,5551,7513,1642,10145,2723,2612,4925,3495,6675,4721,8443,625,3976,6713,84,1977,5477
7328,1449,5354,1978,2320,5346,8472,7638,0,5512,8519,8626,2272,6105,8048,8065,5587,1582,7777,7722,8112,10337,9446,7777,6001,1944,1900,10052,1126,4396,8142,1040,1449,3624,7335,5751,10578,10307,10501,8085,8844,5554,9077,10195,8143,5703,2428,209,5690,6124,11113,9644,6720,9178,6903,8324,3382,1567,2422,7777,5497,7436,7436,8258,7452,8005,1464,2861,5668,6779,9611,6007,3191,2603,8551,5489,6153,4860,3422,1794,7452,5072,7452,5328,1653,7742,1279,7452,10501,5081,5933,4773,845,6677,4854,8151,1752,9288,1274,4882,5685,9703,11148,5694,8351,5515,7983,6165,5308,10661,7601,2702,6542,982,1582,4773,8297,10260,1901,4353,5785,7064,4829,7752,9608,1084,6914,11488,1404,2604,5500,7638,9372,2635,1464,5011,9715,7365,3791,10917,609,1207,10261,732,891,2321,9101,10169,6269,10149,1233,7365,1532,7452,8805,7286,6542,4980,4753,8775,11387,8860,1142,1207,1959,1983,1587,5007,6057,5835,1585,2166,8628,5431,6186,1468,8837,11069,8199,3916,390,10724,7680,8481,2540,8831,8706,1731,7571,6099,11423,1834,9503,2640,6540,8033,2697,7452,10917,7452,8085,9315,10261,7956,10321,8970,1856,5622,2978,5137,2638,5160,11524,9067,6814,5587,8105,4914,12044,785,7609,8418,8719,8162,3201,3838,10501,8976,6883,7452,10167,8117,6102,6285,5133,7219,1993,4850,5754,10110,4396,9053,11154,1121,8299,8297,5199,8831,6352,6211
1366,5974,1103,5048,6607,2088,2075,2654,5521,0,5689,2258,6559,4432,3509,5539,5582,5172,5194,4892,4939,6607,6609,5194,2292,6850,4970,7215,5059,1587,4622,6383,7277,6852,4953,2493,6848,7470,4464,2884,2446,1266,5904,6465,5313,5699,6083,5691,1007,5440,7953,5835,5849,6005,5230,5150,7234,4965,4906,5194,1298,6643,6643,5428,4622,2952,4519,7634,986,5372,3524,2833,6991,5396,5377,2231,891,6176,5544,5139,4622,6388,4622,796,6531,4913,4847,4622,4464,6397,8770,1098,5792,8009,6170,5321,6942,6906,6524,6198,1183,3616,7418,2436,5522,2257,4989,1627,1069,6931,4427,6354,3369,6325,5172,1098,5123,6838,5954,1389,1663,3890,1106,3266,3521,6083,2375,7758,4598,3469,1300,2654,6535,6082,4519,959,7333,4191,5771,8080,5608,4902,7424,5731,5890,3750,5928,6439,1731,4062,4767,6409,6875,4622,5975,4112,3369,1722,1819,2754,7657,2509,6141,4902,4090,7174,5155,979,795,2126,4922,6337,5455,1537,969,5423,3987,7600,5025,6039,5873,6994,2696,6099,5933,2434,5876,6922,1352,6300,7693,5107,6729,5433,3366,4860,6022,4622,8080,4622,2884,6478,7424,4782,7737,6588,5192,2364,5100,144,5963,1902,7794,6685,5030,5582,5976,6230,8314,5457,6165,2020,5545,3623,7325,5960,4464,4621,5713,4622,7584,5287,5858,4613,6621,1551,7184,485,1252,6723,1587,6223,7424,5054,1936,5123,5822,2434,1813,4538
4843,7226,6523,11088,6531,8594,5810,6389,7796,5891,0,5964,6483,10824,8711,773,11159,10788,1331,842,9950,4407,3302,1331,7651,7263,11009,3884,8655,6698,2298,7635,7094,5560,1423,8999,4647,4362,8146,5730,6181,5109,10721,4264,444,11276,10318,7749,6428,2746,7477,14952,2066,10925,14720,10162,5661,10849,6074,1331,5502,14743,14743,657,1890,5650,8317,6060,6406,1912,7256,7764,5540,6155,10389,8737,5149,3984,5496,11179,1890,3658,1890,6217,6681,821,8644,1890,8146,3737,5743,7940,7129,5030,3827,1046,6759,2424,6656,3821,6603,7348,5218,7879,1216,7700,2233,7047,5274,4731,8619,6163,8148,7577,10788,7940,9172,3710,6510,7601,7022,8284,7866,8468,7253,8613,7704,5154,8395,7266,5504,6389,3228,6492,8317,6379,2851,9183,5046,2958,8138,7521,4116,8261,8420,7490,10848,4239,6684,7794,8565,1974,7196,1890,1125,9124,8148,8228,7999,6112,5411,6244,8671,7521,7887,7106,8952,6399,5236,7485,6885,10572,10466,6957,6389,6708,7722,5807,10037,5472,7615,4793,6431,1196,6397,6169,1074,6739,5087,3205,4346,10615,1666,6192,8725,9871,5974,1890,2958,1890,5730,3171,4116,9182,4176,1176,6594,8870,6233,6035,5915,8408,5438,1194,1612,11159,1775,4037,5036,7382,1731,5755,10557,8401,5751,5393,8146,9224,1935,1890,4023,1046,2791,11004,3863,4811,7116,6381,6672,3416,6698,1224,5182,8650,5671,9172,3535,6169,7172,10930
1219,8773,2687,7848,9407,2911,181,224,8320,2009,5864,0,9358,5595,3740,5406,6753,7971,5719,4758,4979,4128,4485,5719,2680,9649,7769,5091,7858,3246,4489,9183,10076,9652,5277,3639,4369,5347,3301,1552,217,1778,5751,3986,5180,6870,8882,8490,2613,5307,5474,5876,5715,6393,6393,5191,10034,7765,7706,5719,2340,7806,7806,6249,4488,1956,7319,10433,2635,5238,2124,3221,9790,8195,5418,3769,1266,6043,8344,7939,4488,6254,4488,2334,9331,4779,7646,4488,3301,6263,10308,2636,8591,9547,6036,5187,9742,6182,9324,6064,2767,2215,4939,2909,5388,2729,5162,2015,2111,4453,3648,9154,3757,9125,7971,2636,4201,4359,8753,2927,2051,4278,2643,3497,2120,8883,2734,5279,7398,6268,2342,224,4411,8882,7319,2497,6608,4579,8066,5956,8408,7701,5300,8531,8689,6550,6316,3960,1714,2661,7567,6275,9674,4488,5841,4153,3757,2885,3357,148,5178,280,8941,7701,6889,9973,7954,2517,1354,2514,7722,9136,5496,2903,2507,8222,2751,4860,5066,8838,8672,4515,279,5374,8732,205,5743,9721,781,6166,5215,9179,6397,8232,3755,4900,8822,4488,5956,4488,1552,4354,5300,5170,5360,5864,7992,2837,7900,2153,8763,2869,5315,5960,4896,6753,5843,6096,5835,8256,6032,421,5586,3431,10124,8759,3301,4253,5580,4488,5206,5541,5725,5776,6488,1418,9983,2498,2836,5149,3246,6089,4946,7854,413,4201,5688,205,2202,5701
7661,1699,6100,3669,48,6092,9219,9935,2574,6012,6173,9373,0,7796,8640,5932,7278,3792,5802,5334,8859,8956,8065,5802,6748,470,3591,8671,3435,5143,5784,2603,1694,1388,5360,6497,9196,8926,11248,8832,9590,6301,9824,8814,5756,7394,4172,2064,6436,4153,9732,12647,4587,9925,8594,9071,1146,3586,1719,5802,6244,9127,9127,5871,5065,8751,3140,1453,6415,4727,10358,6754,955,970,9297,6236,6929,2890,1489,3760,5065,3101,5065,6075,928,5355,3467,5065,11248,3110,3495,5439,1906,4239,2883,5846,1359,7314,1256,2912,6432,10449,9767,6441,5964,6261,6602,6757,5962,9280,8347,162,7289,1844,3792,5439,9043,9187,1167,5100,6531,7810,5365,8499,10354,3397,7506,10107,3219,3350,6246,9935,7991,866,3140,5529,7740,8111,1738,7847,2918,2301,8880,3041,3200,3043,9848,8788,6862,10895,3388,5394,1796,5065,6337,8033,7289,5726,5500,9521,10006,9606,3451,2301,2681,853,3775,5508,8054,6582,1662,4354,9375,6178,7007,1486,12518,9688,8946,1528,1882,9343,9977,6506,772,9578,6239,1339,7904,4129,10042,3727,7528,1161,7287,8780,929,5065,7847,5065,8832,7934,8880,8702,8940,6996,1372,6369,2276,5884,870,5907,10143,7092,4843,7278,5971,2943,10663,2159,5638,9165,9465,8827,965,1829,11248,9722,4749,5065,8786,5624,3969,7976,3162,7552,863,5597,6501,8179,5143,6585,9773,3431,9045,9043,3228,9578,6944,7902
5385,7396,3578,4908,8014,2963,5808,5402,6897,4268,11429,5627,7966,0,5812,11280,3170,4609,11059,10632,3912,12226,9418,11059,3920,8256,4830,10024,5346,6127,10363,6690,7521,8866,10617,2276,12466,10898,8234,6484,6465,5285,4043,12083,11054,1076,4139,6269,4528,10281,13571,2454,10925,4144,912,4279,9248,4670,6920,11059,5371,2245,2245,11169,10363,9736,5167,9647,4550,10936,6922,3925,9128,7410,4023,2367,4909,9024,7558,4999,10363,9236,10363,4084,7759,10653,5254,10363,8234,9245,12486,3529,7168,11725,9018,11062,7857,11115,7379,9046,3920,7013,13037,3260,11262,3081,10730,3929,5088,12550,5519,7761,4461,6804,4609,3529,6215,12149,7361,4166,3703,4982,3585,5670,6918,5603,5491,13376,4991,6056,5373,5402,9344,7694,5167,3766,11856,5283,8218,10889,6984,6278,10233,5810,6076,5828,4067,12058,4034,7459,5445,12149,7638,10363,11716,3658,4461,3736,3177,5503,13276,6527,5661,6278,5466,8053,4992,3763,4813,3754,6344,4393,3942,3607,4896,6845,6448,12958,3999,8053,6451,12612,5444,10307,7599,6452,11617,7837,5370,10256,13312,4436,11329,7447,4458,4429,7756,10363,10889,10363,6484,9287,10233,5874,13356,10797,6614,3541,7114,4182,7697,3573,13413,10893,10770,3170,11717,9078,13933,6833,11906,5995,4027,5999,8144,7974,8234,6894,11088,10363,13203,11027,10307,270,9338,5570,8043,4523,3989,10082,6127,11964,13043,5342,6405,6215,9491,6452,4116,196
4279,7895,2968,6885,8444,2774,3319,2914,7312,3616,8938,3138,8396,5459,0,9683,6616,7009,9006,9036,2463,5889,6605,9006,2136,8552,6807,6764,6896,4000,9056,8304,8713,8690,8351,3503,6130,7466,4981,4788,5522,4515,2282,5747,9747,6733,7920,7482,2894,10111,6945,3461,10282,2383,4866,2674,9072,6802,6744,9006,4497,4888,4888,9613,9056,5876,6357,9471,2915,9806,3669,2113,8951,7233,2319,3999,4035,8820,7382,6976,9056,9031,9056,3210,8368,9346,6684,9056,4981,9040,11184,3352,7798,10423,8813,9755,8644,9545,8361,8842,3048,3761,6700,2259,9955,2592,8526,2295,4215,6214,1946,8192,1638,8246,7009,3352,934,6121,7791,3803,2332,1502,3408,1517,3666,7837,1416,7040,6435,5306,4499,3203,6530,7919,6357,3590,9972,570,7608,9268,7400,6739,7419,7523,7681,5587,2306,5721,2400,4206,6605,10714,8796,9056,10409,1636,1638,3165,3656,3304,6939,5678,7895,6739,5927,8876,6992,3586,4372,2301,6759,7280,2238,2766,3376,7377,1107,6621,2549,7667,7664,6276,3245,8738,7770,5603,10310,8624,4264,10733,6976,6944,9760,7270,1659,2384,7859,9056,9268,9056,4788,7127,7419,533,7020,8718,7029,2700,6938,3308,7801,2732,7344,9324,9464,6616,10515,8873,7596,7249,10470,3849,2266,658,9162,7797,4981,1116,10147,9056,6866,9720,10529,5014,9092,4477,8886,3649,3117,7001,4000,10657,6707,6891,4785,934,10256,5603,2482,4973
4845,7228,6525,8848,6533,8596,5812,6579,7798,5893,554,5966,6485,12576,8713,0,12058,10790,1515,1061,9952,4607,3503,1515,7653,6669,8769,4085,8858,6700,2482,7637,7096,5563,1608,9001,4848,4563,8148,5733,6183,5111,10723,4465,659,12175,10320,7751,6430,2749,7479,14954,2068,10927,14722,10164,5663,10852,6077,1515,6224,14745,14745,872,1892,5652,8319,6062,6408,1915,7258,7766,5542,6157,10391,8739,5151,3986,5499,8938,1892,3660,1892,6219,6684,1082,8646,1892,8148,3739,5865,6520,7131,5170,3829,1000,6761,2625,6658,3823,6605,7350,5418,7882,1218,7702,2417,7049,5996,4932,8621,6166,8150,7579,10790,6520,9174,3911,6512,7603,7024,8286,7868,8470,7255,8615,7706,5355,8397,7268,6226,6579,3428,6036,8319,6381,3051,9185,5048,3158,8140,7523,4317,8263,8422,7493,10850,4440,6687,7796,8567,1695,7198,1892,658,9126,8150,7857,8001,6114,5612,6199,8673,7523,7889,7108,8954,6402,5238,7487,6887,10574,10468,6960,6391,6710,7724,6008,10039,5474,7617,4994,6621,1397,5887,6171,656,6741,5089,3521,4547,10618,1867,6194,8727,9873,5976,1892,3158,1892,5733,3372,4317,9184,4377,1377,6596,7810,6235,6037,5917,8410,5639,1394,1615,12058,1423,4040,5237,7384,1452,5762,10559,8403,5753,5395,8148,9226,1937,1892,4224,1230,2794,12757,3865,4813,7118,6383,6674,3616,6700,1003,5382,8853,5674,9174,3537,6171,7236,12682
9132,7466,4787,4979,8084,4172,7017,6612,6878,5477,11905,6836,8036,1603,7022,11353,0,4679,11209,10706,6009,12299,12301,11209,5129,8327,4900,12907,5417,6200,10436,6760,7591,9484,10767,3486,12540,13162,12305,9889,10648,7358,6935,12157,11127,1132,4209,6339,5738,10351,13645,4551,10996,5706,2425,6376,8511,4740,7538,11209,7311,2864,2864,11242,10436,9809,5238,8818,5759,11006,11415,5135,8320,8027,6603,3576,6119,9095,8176,5070,10436,9306,10436,5294,7829,10727,5325,10436,12305,9315,12344,4738,7369,11583,9088,11135,7927,13997,7449,9116,5130,11507,13110,4470,11336,4290,10803,5139,7112,12623,6729,7831,5670,6874,4679,4738,7425,12222,7431,5132,4913,6726,4794,6880,11412,5673,5888,13450,5061,6126,7313,6612,12227,7764,5238,4976,14739,6493,8288,13772,6965,6348,13091,5880,6146,5898,5629,12131,5244,11953,5315,11834,7708,10436,11704,5755,5670,4945,4387,6712,13349,10664,5731,6348,5536,8123,5062,4972,9525,4963,6414,4463,6680,4817,6105,6915,7811,13031,6096,9107,6521,12686,6654,13190,7669,10635,11690,7907,9376,10326,13385,4506,14212,8064,5668,6527,7826,10436,13772,10436,9889,12170,13091,7084,13429,13170,6684,4750,7732,5391,7767,4782,13486,13776,10844,0,11895,9148,14006,6911,11851,7258,6771,7208,8214,9029,12305,10716,11158,10436,13276,11101,10181,1784,9319,9100,8113,6663,5199,12965,6200,12037,13116,5412,7343,7425,9433,10635,5326,1709
8038,2741,4783,814,3920,5533,9183,9561,1497,5984,8426,9337,3872,4590,7477,8276,4072,0,8060,7629,9952,10244,9353,8060,5430,3236,736,9959,902,5107,8049,2332,2741,4589,7618,4846,10485,10215,11211,8795,9554,6264,10723,10102,8051,4188,970,1500,6257,6543,11021,8129,7188,10927,5388,10164,4347,162,3087,8060,6217,5921,5921,8165,7359,8715,638,3971,6235,7198,10321,5436,4156,3267,10391,4492,5582,5287,4012,431,7359,5499,7359,4757,2945,7650,446,7359,11211,5507,6522,4202,2526,7776,5281,8058,3043,11050,2565,5309,6432,10413,11055,5830,8259,5651,7890,5594,5934,10569,7030,3667,8290,2274,0,4202,11623,10476,3267,3782,5214,8154,4258,7181,10318,1893,8662,11395,428,2312,6219,9561,9279,3600,638,4440,11476,6794,4481,10824,1744,2184,10168,1440,1699,1734,10850,10077,5698,10859,677,8026,2824,7359,8712,9126,8290,4409,5615,9485,11294,9617,1951,2184,1372,3275,424,4436,8431,5264,2250,387,10468,5118,6218,2751,9853,10976,10039,4506,1682,10631,9626,10243,3505,9542,8614,3023,8282,6519,11331,430,11265,3304,8311,9873,3662,7359,10824,7359,8795,9223,10168,7385,10228,10222,2520,5051,3568,5856,3603,4589,11699,10828,7767,4072,8818,5341,11951,2191,8902,9128,10559,9164,4050,4427,11211,11560,7351,7359,10075,8024,6373,4770,5512,8006,3285,5569,6501,10017,5107,8960,11062,898,9009,11623,5626,9542,5781,4696
3996,6426,5676,8046,5617,7747,4963,5458,6997,5044,1266,5117,5569,10831,9559,1768,10312,9941,0,1914,10798,3486,2381,0,6865,5867,7968,2964,8057,5851,1468,6836,6294,5461,193,8152,3726,3838,7300,4884,5334,4262,11570,3344,1438,10429,9471,6950,5581,2525,6630,14105,3107,11774,13873,11010,5843,10003,5275,0,5375,13896,13896,1651,1644,4803,7517,6242,5559,2631,6409,8408,5722,5356,11237,7891,4302,3185,4697,8137,1644,3396,1644,5370,5882,1935,7845,1644,7300,3405,6014,7094,6329,7011,3178,2040,5960,2080,5857,3206,5756,6501,4297,8095,2544,7916,1403,6200,5147,3810,9467,5364,7363,6778,9941,7094,10020,2790,5710,6754,6237,7499,7019,9316,6406,7814,6949,4689,7596,6467,5377,5458,2307,5235,7517,5532,2506,10031,4247,2613,7339,6721,3171,7462,7620,6691,11697,3318,5838,6947,7765,3431,6397,1644,2119,9972,7363,7381,7152,5558,4946,5397,7872,6721,7088,6191,8153,5553,4389,6699,6086,9725,11315,6111,5542,5909,8570,4218,10885,5144,6816,3873,5500,776,5085,5322,2151,5939,4240,3275,3426,9769,2295,5393,8941,10719,5175,1644,2613,1644,4884,2250,3171,10030,3256,756,5795,8023,5434,5188,5116,7561,4973,1858,2052,10312,3103,3238,4571,6582,3187,4913,11405,9250,5933,5066,7300,10072,2972,1644,3102,282,2943,11011,3630,3964,6201,5534,5826,2495,5851,2301,4261,8052,4825,10020,2797,5322,6387,10937
3841,6040,5521,7843,5414,7592,4808,5387,6794,4889,997,4962,5366,11572,9404,663,11054,9786,933,0,10643,5699,3281,933,6649,5664,7765,3864,7854,5696,2073,6633,6092,4622,1026,7997,5939,4142,7144,4728,5179,4107,11414,5556,435,11170,9316,6747,5426,1514,6475,13950,1674,11618,13718,10855,5004,9847,5072,933,5220,13741,13741,589,888,4648,7315,5403,5404,1197,6254,6762,4884,5153,11082,7735,4147,2982,4494,7934,888,3194,888,5215,5679,21,7642,888,7144,3202,5206,6938,6127,4446,2975,482,5757,2980,5654,3004,5601,6346,6510,7940,1105,7761,1836,6045,4992,6023,9312,5161,7146,6575,9786,6938,9865,3689,5508,6599,6020,7282,6864,9161,6251,7611,6702,5589,7393,6264,5222,5387,3207,5032,7315,5377,3406,9876,4044,3513,7136,6519,4096,7259,7418,6488,11541,5531,5682,6792,7563,1864,6194,888,1014,9817,7146,7226,6997,5110,6749,5242,7669,6519,6885,5989,7950,5397,4234,6483,5883,9570,11159,5955,5387,5706,8415,6431,10730,4816,6613,6085,5429,1621,4883,5167,1465,5737,4085,2211,4326,9613,2038,5190,8786,10564,4972,888,3513,888,4728,3150,4096,9875,4155,1601,5592,7868,5231,5033,4913,7406,5873,1565,618,11054,1665,3035,4649,6379,1620,4758,11250,9094,5095,4737,7144,9917,1539,888,4002,649,2135,11752,3207,3809,5999,5379,5670,3921,5696,1812,6516,7849,4669,9865,2594,5167,6232,11678
5467,8461,4156,7451,8867,3340,4797,4392,7878,4804,9786,4616,8819,3641,3624,11161,5157,7575,9564,10514,0,7077,7793,9564,2729,9117,7373,8242,7462,5188,10244,8870,9278,9255,9199,4068,7318,8654,6170,7145,6804,5703,1000,6935,10935,4326,8394,8048,4082,11299,8423,1683,11707,1204,3405,441,9637,7368,7309,9564,5685,3427,3427,11050,10244,7064,6922,10037,4104,11230,4857,2706,9394,7799,668,4565,5224,9385,7947,7542,10244,9597,10244,4398,9132,10534,7250,10244,6170,9606,12372,3918,8363,11611,9379,10943,9210,10104,8927,9407,3645,4949,7888,2825,11143,3158,9084,3483,5403,7402,2870,8614,2231,8812,7575,3918,2001,7309,8357,4991,3520,2095,3974,3021,4854,9858,2604,8228,7001,5872,5687,4392,7718,8485,6922,4155,10530,2634,8174,9878,7965,7305,8583,8088,8247,6153,1127,6910,3588,5395,7170,11902,9362,10244,11512,851,2231,4353,4222,4492,8127,6819,9916,7305,6493,9441,7558,4152,5561,2895,7325,8648,746,3332,4449,7943,3795,7809,87,8233,8850,7464,4433,9296,8336,6791,11498,9190,5452,11922,8164,8691,10319,7836,2252,785,8425,10244,9878,10244,7145,8316,8583,2396,8208,9276,7595,3266,7503,4496,8366,3298,8265,9882,10652,5157,11703,9439,8784,7814,11659,6112,836,3105,8997,8363,6170,2484,11572,10244,8054,10908,11717,3553,9658,5666,9452,4837,3714,8190,5188,11845,7895,7457,5973,2001,11444,6791,3670,3511
6873,11271,7329,14060,11464,7553,5076,4997,12051,7921,5376,5222,11415,10237,6888,5878,15028,13760,5231,5478,8127,0,2753,5231,7322,11714,13982,3202,14498,8727,5303,11680,12141,11596,4789,8281,324,2422,4628,6044,5633,7138,8898,647,5549,15145,13290,11842,7255,6781,2121,9023,6998,9102,10530,8339,11978,13822,10120,5231,8252,10553,10553,5761,5771,5621,11258,12377,7277,6521,3738,7435,11857,10609,8565,10574,7178,9320,10544,14151,5771,9532,5771,8246,11729,5457,11585,5771,4628,9540,10449,9777,11174,9286,9313,6150,11806,4708,11737,9342,7409,3830,894,7551,6799,7371,4674,6657,8023,408,6796,11211,6888,11622,13760,9777,7348,2269,11167,9438,6693,8292,9703,6645,3734,14754,6528,1404,11337,10207,8254,4997,2679,11082,11258,8409,4782,7360,10093,3814,12177,11560,2164,14961,12458,10489,9025,1792,6356,4275,11506,7590,12172,5771,7175,7301,6888,7527,9836,4913,1303,5695,14812,11560,10829,12038,14143,8429,7266,7156,10930,13544,8643,7163,8419,10754,5898,815,8214,10991,11660,470,5039,4887,10932,5620,6262,11786,7116,9443,1718,13588,5004,10646,6886,8048,11022,5771,3814,5771,6044,3276,2164,7358,3168,4866,10640,7479,10314,8065,10963,7202,1440,5472,6307,15028,7318,9373,2303,11414,7347,4941,8733,6578,12069,10912,4628,7401,7228,5771,2031,5053,7198,10417,9765,6841,12048,8410,7478,3134,8727,6411,1449,14493,4802,7348,8966,5620,6843,10343
5819,8953,6519,11742,7690,9377,4569,4301,9524,6867,3194,4526,7642,13229,6543,3695,12710,11443,3049,3296,7782,1642,0,3049,6512,7940,11664,621,12180,9665,3121,9362,8367,7534,2607,7471,1883,1034,4283,3565,4941,6084,8553,1500,3327,12827,10972,9477,6445,4598,3368,8678,5180,8757,15503,7994,7916,11504,7802,3049,7198,15526,15526,3579,3717,3969,10204,8315,6467,4704,3393,6625,7795,8291,8220,9520,6124,5258,6770,11833,3717,5469,3717,7192,7955,3275,10531,3717,4283,5478,9125,8804,8856,7962,5251,3968,8033,3512,9420,5279,6599,3485,2453,6741,4138,6561,2492,5847,6969,1967,6451,7437,6543,9304,11443,8804,7003,946,8849,8384,5883,7947,8649,6300,3389,12436,6183,2133,10283,9153,7200,4301,74,7308,10204,8814,3458,7015,6320,2490,9859,9242,745,9982,10141,9435,8680,1474,5546,3930,10452,4997,9854,3717,4047,6956,6543,6717,8782,4402,2236,5003,12494,9242,9775,8264,11825,8792,6212,6346,8612,11227,8298,6353,7365,8436,5553,2179,7869,7217,9342,2029,4343,2704,7158,4928,4079,8012,6062,5348,1055,11270,3680,8328,6541,7703,7248,3717,2490,3717,3565,739,745,7013,885,2684,8322,6669,7996,7011,7189,9191,2416,3290,4125,12710,4725,5311,1379,9109,4754,4515,8388,6233,8006,7139,4283,7056,5045,3717,732,2871,5016,13409,5703,5787,8274,7356,6668,854,9665,4229,1280,12175,4396,7003,4870,4928,6033,13334
3996,6426,5676,8046,5617,7747,4963,5458,6997,5044,1266,5117,5569,10831,9559,1768,10312,9941,0,1914,10798,3486,2381,0,6865,5867,7968,2964,8057,5851,1468,6836,6294,5461,193,8152,3726,3838,7300,4884,5334,4262,11570,3344,1438,10429,9471,6950,5581,2525,6630,14105,3107,11774,13873,11010,5843,10003,5275,0,5375,13896,13896,1651,1644,4803,7517,6242,5559,2631,6409,8408,5722,5356,11237,7891,4302,3185,4697,8137,1644,3396,1644,5370,5882,1935,7845,1644,7300,3405,6014,7094,6329,7011,3178,2040,5960,2080,5857,3206,5756,6501,4297,8095,2544,7916,1403,6200,5147,3810,9467,5364,7363,6778,9941,7094,10020,2790,5710,6754,6237,7499,7019,9316,6406,7814,6949,4689,7596,6467,5377,5458,2307,5235,7517,5532,2506,10031,4247,2613,7339,6721,3171,7462,7620,6691,11697,3318,5838,6947,7765,3431,6397,1644,2119,9972,7363,7381,7152,5558,4946,5397,7872,6721,7088,6191,8153,5553,4389,6699,6086,9725,11315,6111,5542,5909,8570,4218,10885,5144,6816,3873,5500,776,5085,5322,2151,5939,4240,3275,3426,9769,2295,5393,8941,10719,5175,1644,2613,1644,4884,2250,3171,10030,3256,756,5795,8023,5434,5188,5116,7561,4973,1858,2052,10312,3103,3238,4571,6582,3187,4913,11405,9250,5933,5066,7300,10072,2972,1644,3102,282,2943,11011,3630,3964,6201,5534,5826,2495,5851,2301,4261,8052,4825,10020,2797,5322,6387,10937
3126,6325,1655,5315,6874,1204,2861,2456,5698,2303,7850,2680,6826,3888,1445,7371,5046,5439,7629,6724,3620,5871,6471,7629,0,7117,5237,7077,5326,2688,6454,6734,7544,7119,7263,1932,6112,7333,4963,3538,4289,3202,4391,5729,8022,5163,6350,5869,1581,7509,7217,4618,7917,4595,4686,3831,7501,5232,5173,7629,3130,6046,6046,8235,6454,3942,4786,7901,1603,7440,3651,356,7258,5663,4058,2429,2723,7250,5811,5406,6454,7461,6454,1898,6798,6744,5114,6454,4963,7470,9871,1782,6228,9111,7243,7153,7209,8168,6791,7271,1735,3743,6682,1202,7353,1022,7148,983,2902,6196,1353,6621,497,6676,5439,1782,3804,6102,6221,2490,757,633,1838,1202,3647,6261,610,7022,4865,3736,3132,2456,6397,6349,4786,2060,8594,2872,6038,7942,5786,5169,7286,5909,6068,4017,4518,5703,1087,4188,5034,8112,7226,6454,7807,2793,497,1853,2086,2556,6921,4351,6319,5169,4357,7441,5422,2080,2627,166,5189,5710,4136,1196,2063,5690,2588,6603,3706,6097,6051,6258,2497,7360,6200,4276,7708,7189,3111,8132,6958,5374,8383,5700,762,3541,6289,6454,7942,6454,3538,6340,7286,1915,7001,7340,5459,1130,5367,1995,6230,1162,7326,7946,6862,5046,7913,7303,7578,5686,7869,3101,4226,2979,7592,6227,4963,2498,7782,6454,6848,7527,7927,4068,7522,3383,7451,2336,1804,7135,2688,8055,6689,5321,3458,3804,7654,4276,1170,3994
8138,1907,6164,3877,621,6156,9282,9684,1944,6075,6237,9437,669,8004,8704,6045,7485,4109,5866,5398,8922,9019,8129,5866,6811,0,3798,8735,2780,5206,5848,1366,1757,1920,5424,6561,9260,8990,11311,8895,9654,6364,9693,8877,5820,7602,4380,1736,6500,4217,9796,12711,4813,9988,8801,9134,1678,3794,1710,5866,6308,12502,12502,5934,5128,8815,3348,1403,6478,4872,10421,6817,1486,1178,9361,6300,8444,2953,1552,3968,5128,3165,5128,6138,600,5419,3675,5128,11311,3174,3987,5503,2114,4731,2947,5827,1423,7377,878,2975,6495,10513,9830,6504,6028,6325,6665,6821,6025,9344,8411,699,7352,1516,4109,5503,9107,9251,1375,5163,6595,7874,5428,8562,10418,2738,7570,10170,3427,3414,6310,9684,8054,930,3348,5593,7804,8175,1801,7911,2263,2509,8943,2386,2544,3251,9911,8852,6926,10959,2886,5458,1279,5128,6481,8096,7352,5790,5563,9585,10069,9670,2796,2509,2889,525,3983,5572,8531,6645,1870,3953,9439,6499,7071,1693,12582,9752,9009,1592,1554,9406,9726,6570,835,9641,6383,1402,8382,4192,10106,3935,7592,1368,7350,8843,992,5128,7911,5128,8895,7998,8943,8766,9003,6550,1580,6432,2483,5947,933,5970,10207,7156,4906,7485,6198,3007,10726,2367,5701,9198,9529,8890,1380,1892,11311,9786,4975,5128,8850,5688,3998,8184,3226,8106,535,5660,6564,8242,5206,6729,9837,2775,9109,9107,3292,9641,7008,8110
6479,3092,4505,536,3642,4497,7623,6789,1531,4663,8148,7777,3594,5238,7199,7998,4720,550,7778,7351,7263,9966,9075,7778,5152,3884,0,9681,937,3547,7771,2366,2775,4311,7336,5494,10207,9937,9652,7236,7995,4705,8034,9824,7772,4837,1614,1535,4697,6265,10742,8777,6910,8329,6036,7475,4069,562,2808,7778,4657,6569,6569,7887,7081,7156,528,4376,4676,6920,8762,5158,3878,2989,7702,4640,5304,5009,3734,465,7081,5221,7081,4479,3566,7372,720,7081,9652,5229,6244,3924,2995,7498,5002,7780,3078,10772,2600,5031,4836,8854,10777,4845,7981,4666,7612,5316,4375,10291,6752,3389,5693,2308,550,3924,7448,10198,2989,3504,4936,6215,3980,6903,8759,1873,6065,11117,318,2034,4660,6789,9001,3321,528,4162,11198,6516,4203,10546,2523,1906,9890,1474,1733,1456,8252,9798,5420,9299,711,7748,2858,7081,8434,6437,5693,4131,3904,7926,11016,8010,1931,1906,1094,3309,314,4158,6872,4986,1972,836,7779,4840,4659,2473,7988,10698,7350,4228,1716,10353,6831,9965,3227,7982,8336,3057,6722,6241,11053,829,10987,3026,5691,7184,3384,7081,10546,7081,7236,8944,9890,7107,9950,9944,2242,4773,3290,4297,3325,4311,11421,10550,7489,4720,8540,5063,11673,2469,8624,7569,7870,7312,3771,4149,9652,8127,7072,7081,9796,7746,6095,5418,5234,6447,3319,4010,4905,9189,3547,8682,10784,932,7450,7448,5348,7982,5503,5344
5918,9053,6618,11841,7779,6842,4669,4401,9623,6966,3283,4625,7731,13328,8262,3785,12809,11542,3139,3385,9501,2233,728,3139,6611,8030,11763,0,12279,7773,3210,9462,8457,7623,2697,7571,2473,470,6002,3664,5040,6184,10272,2090,3417,12926,11072,9624,6544,4688,5146,10397,5270,10476,15603,9713,8005,11603,7901,3139,7297,15625,15625,3669,3807,4068,10303,8404,6566,4793,5112,6724,7762,8391,9939,9620,6224,5347,6860,11932,3807,5559,3807,7291,8045,3365,10631,3807,6002,5567,8545,8823,8955,7382,5341,4058,8122,2804,8019,5369,6699,5204,3044,6840,4706,6660,2582,5946,7068,2557,8170,7527,7109,9404,11542,8823,8722,1536,8949,8483,5983,7245,8748,8018,5108,12536,7902,2770,10382,9253,7299,4401,782,7397,10303,8913,2877,8734,6409,1910,9958,9341,597,12743,10240,9534,10399,2065,5645,5649,10551,5087,9954,3807,4136,8675,7109,6816,8881,4501,3028,5103,12594,9341,9874,8354,11925,8892,6311,6445,8712,11326,10017,6452,7464,8535,7272,2965,9588,7307,9442,2619,4443,2794,7248,5028,4169,8102,6162,5437,1056,11369,3100,8428,7686,9422,7337,3807,1910,3807,3664,912,597,8732,1445,2774,8421,6768,8095,7110,7279,6492,3054,3380,4214,12809,5266,5401,1939,9208,4843,4614,10107,7952,8096,7228,6002,8775,5135,3807,1292,2961,5106,13508,5792,5886,8364,7456,6768,75,7773,4319,1280,12275,4495,8722,4959,5028,6133,13434
6615,2568,4640,1427,3778,4633,7759,6924,1324,4799,9463,7913,3729,5214,7334,8911,4695,1031,8691,8264,10576,10879,9988,8691,5288,3063,1349,10594,0,3683,8684,2159,2568,4447,8249,5470,11120,10850,9788,7372,8131,4841,11347,10737,8686,4812,1357,1327,4833,6571,11655,8753,7167,8465,6011,10787,4205,1016,2944,8691,4793,6545,6545,8800,7994,7291,756,3980,4812,7226,8898,5294,4013,3125,11014,4776,5440,5308,3869,1243,7994,5519,7994,4615,2772,8285,728,7994,9788,5528,6380,4059,2353,7124,5301,8693,2870,11685,2392,5329,4972,8989,11690,4981,8894,4802,8525,5452,4511,11204,6888,3525,5829,2101,1031,4059,7584,10803,3124,3640,5072,6351,4116,7039,8894,1720,6200,12030,696,1844,4796,6924,9914,3457,756,4297,12111,6651,4232,11459,1571,1842,10779,1267,1526,1592,8388,10712,5556,9435,504,7812,2651,7994,9347,9749,5829,4266,4040,8061,11929,8146,1778,1842,1230,3102,1036,4294,7008,5122,2108,1096,11092,4976,4795,2609,8124,11611,10662,4364,1509,11266,6966,10878,3362,8118,9249,2850,6858,6547,11966,1283,11900,3162,5827,10497,3519,7994,11459,7994,7372,9857,10779,7242,10863,10857,2378,4909,3425,4713,3461,4447,12067,11463,7261,4695,8552,5361,12586,2018,8056,7705,11182,7448,3907,4285,9788,8262,7330,7994,10710,8659,6352,5394,5580,6583,3112,4146,5041,10652,3683,9595,11697,52,7586,7584,5646,8118,5638,5319
2364,5251,1401,4242,5801,2386,3073,3397,4669,1033,5937,3227,5753,4730,3807,5788,5639,4474,5442,5140,5237,6733,6735,5442,2590,6044,4164,7341,4253,0,4871,5661,6471,6046,5125,2841,6974,7597,6740,4324,3444,1072,6008,6591,5562,5755,5463,4839,1305,5689,8079,6133,6334,6212,5528,5448,6428,4159,4100,5442,1054,9222,9222,5677,4871,4243,3713,6827,1284,5857,5850,3131,6308,4590,5675,2529,1889,6425,4738,4333,4871,6636,4871,1749,5725,5161,4040,4871,6740,6645,8997,1813,5154,8236,6418,5569,6136,7079,5718,6447,1481,5941,7544,2819,5770,2639,5237,1924,772,7058,4725,5548,3666,5603,4474,1813,5421,6965,5148,1471,1961,4188,1869,3564,5846,5194,2673,7884,3792,2662,1056,3397,6661,5276,3713,1077,9174,4489,7195,8206,4756,4095,7550,4879,5038,2944,6135,6566,2029,6387,3961,6657,6153,4871,6223,4410,3666,2020,2117,3498,7783,3507,5289,4095,3284,6368,4349,1087,1793,2424,4116,5718,5753,1835,1267,4617,4596,7465,5323,5024,5021,7120,3439,6271,5126,3432,6125,6116,2350,6548,7820,5761,6978,4627,3664,5157,5216,4871,8206,4871,4324,6604,7550,5080,7864,6251,4386,2662,4294,905,5157,2200,7921,6857,5278,5639,6330,6478,8440,4605,6414,3018,5843,3921,5931,5154,6740,6100,6199,4871,7710,5535,6107,4910,6870,1573,6378,618,1550,6849,0,6472,7551,4248,2934,5421,6070,3432,2111,4836
3541,6987,5221,9776,5748,7292,4507,5087,7558,4589,2085,4662,5700,9522,9104,2755,9857,9477,1715,1861,10343,5389,3088,1715,6410,5998,9698,3671,10214,5396,0,7396,6426,5592,1272,7697,5630,3950,6844,4428,4879,3807,11114,5247,1893,9974,9006,7511,5125,2657,6165,13649,3588,11318,13418,10555,5974,9538,5836,1715,4920,13441,13441,2248,1838,4348,8119,6373,5104,2825,5954,7953,5854,6326,10782,7435,3847,3316,4829,9867,1838,3528,1838,4914,6014,1841,8446,1838,6844,3536,6146,6718,6890,5385,3309,2332,6091,3226,5988,3338,5301,6046,6200,7640,2738,7461,1308,5745,4691,5714,9012,5496,8488,7338,9477,6718,9565,3497,5842,6299,5781,9010,6775,8861,5951,10470,6493,6540,9859,7068,4922,5087,3014,5366,8119,6956,3653,9310,4378,3760,7893,7276,3903,8016,8175,7350,11241,5222,5382,6492,8367,3625,6528,1838,3191,9517,8488,6925,6697,4810,6439,4942,10529,7276,7689,6323,9860,6953,3934,6244,6646,9261,10859,7635,5087,6470,8115,6121,10430,5276,7377,5776,5129,2419,5217,4866,3093,6071,3785,3406,4133,9304,3441,5524,8486,10264,5306,1838,3760,1838,4428,2957,3903,9574,3963,2398,6356,7568,6030,4733,5247,7106,6577,3004,2246,9857,3297,3370,4457,7143,3381,4458,10950,8794,6065,5197,6844,9617,3457,1838,3810,1536,3074,9702,3761,3509,6333,5078,5370,3729,5396,3439,6207,10209,4369,9565,2928,4866,5931,9628
8040,1048,6065,3270,1707,6058,9184,9585,1828,5986,7803,9338,1659,6630,8605,7251,6112,2899,7071,6604,8824,9636,8745,7071,6713,1331,3192,9351,2429,5108,7440,0,569,2969,6629,6463,9876,9606,11213,8797,9556,6266,9595,9493,7025,6228,2774,1619,6258,5423,10412,10169,6167,9890,7428,9036,2647,2859,1720,7071,6218,7961,7961,7140,6334,8716,2781,2248,6237,6077,10323,6719,2511,1901,9262,6201,6865,4159,2721,3027,6334,4371,6334,6040,1040,6624,2512,6334,11213,4379,5075,5484,951,5819,4152,7033,1139,8583,661,4181,6397,10414,10447,6406,7234,6226,7281,6723,5936,9960,8313,2301,7254,585,2899,5484,9008,9867,1500,5065,6496,7776,5330,8464,10319,1298,7471,10786,2721,3316,6220,9585,8670,2233,2781,5722,9009,8076,3090,10215,1968,2302,9535,1560,1666,3044,9813,9468,6827,10860,2528,6663,919,6334,7687,7998,7254,5691,5465,9486,10685,9571,1393,2302,2682,1370,2879,5719,8433,6547,1663,2512,9340,6401,6220,1067,9395,10368,8911,2870,1437,10022,9627,7776,2139,9543,7588,1118,8283,5398,10722,3278,8798,1938,7252,8745,2296,6334,10215,6334,8797,8614,9535,8667,9619,7755,1373,6334,2277,5858,2237,5872,10823,8361,6112,6112,7552,4212,11342,1191,6907,9130,9430,8792,2405,3136,11213,9687,6330,6334,9466,6893,5353,6810,4431,8008,1380,5571,6466,8858,5108,7935,10453,2425,9011,9008,4497,9543,6910,6736
8457,1466,6483,3567,1737,6475,9602,10003,1427,6394,7713,9756,1785,6927,9023,7274,6409,3196,6986,6514,12289,10053,9162,6986,7130,1308,3489,9768,2726,5526,7858,801,0,2765,6544,7183,10294,10024,11630,9215,9973,6683,13060,9911,6936,6525,3071,1219,6819,5333,10829,10466,5929,13162,7725,12501,2794,3156,2138,6986,6627,8258,8258,7051,6245,9134,3078,1862,6798,5988,10740,7136,2603,2319,12728,6619,7283,4069,2668,3324,6245,4281,6245,6457,1032,6535,2809,6245,11630,4290,5104,5902,1369,5848,4063,7188,935,8497,652,4091,7131,10832,10864,6824,7144,6644,7699,7140,6344,10378,8730,1815,7671,1095,3196,5902,9426,10284,1454,5483,6914,8193,5958,8881,10737,1595,7889,11204,3018,3733,6629,10318,9088,2046,3078,5912,8924,8494,2917,10633,2265,2863,9952,1857,1964,3914,10231,9885,7245,11278,2825,6574,539,6245,7679,11463,7671,6109,5883,10418,11103,9989,1690,2863,3552,862,3176,6136,8850,6965,2081,2809,12806,6818,6484,1485,9812,10785,12376,2708,1037,10440,10360,7690,1952,9961,7581,914,8701,5309,11140,3575,8712,2356,7669,12210,2109,6245,10633,6245,9215,9031,9952,9085,10037,8179,1790,6752,2694,6266,2050,6289,11240,8276,6023,6409,7314,4123,11760,1446,6818,9517,12896,9209,2613,3009,11630,10105,6092,6245,9883,6808,5232,7107,4342,8348,852,5979,7200,9276,5526,7928,10871,2722,9428,9426,4408,9961,7327,7033
7549,2328,6693,4298,1382,6685,8515,9094,3203,6604,5430,8669,1334,8425,9233,4878,7906,4530,5154,4842,9452,8844,7953,5154,7341,1545,4219,8559,4064,5736,5659,3041,2380,0,5234,7140,9084,8814,11438,9425,8886,6893,10223,8701,5264,8023,4801,3103,7029,3099,9620,13240,3534,10518,9222,9663,717,4215,2348,5154,6837,13031,13031,5150,4893,9344,3769,1116,7008,3674,10548,7346,392,1599,9890,6829,7854,2764,1925,4389,4893,2620,4893,6668,1968,4863,4096,4893,11438,2984,2442,6112,2535,3185,2377,4792,2045,6897,1982,2371,7341,10640,9655,7034,4874,6854,6489,7350,6554,9168,8940,1411,7882,2883,4530,6112,9636,8767,1796,5693,7124,8403,5957,9091,10545,4022,8099,9994,3848,3943,6839,9094,7878,1343,3769,6122,7429,8704,2102,8251,3547,2930,8743,3670,3829,3672,10441,8676,7455,11086,4170,4190,2483,4893,5230,8625,7882,6319,6093,8817,9893,8949,4080,2930,3310,1926,4525,6101,7941,7175,2291,4983,9968,7028,6694,2114,10022,9576,9538,1487,2921,9230,9136,6335,1249,8874,5185,2025,7792,2997,9930,4356,6471,1789,7879,9373,1406,4893,8251,4893,9425,7822,8743,9295,8827,5980,2001,6962,2904,6477,1347,6499,10031,5998,4040,7906,4918,2818,10550,2788,5474,8460,10058,9419,603,1408,11438,10315,3696,4893,8674,5246,2915,8605,2413,7439,1936,6189,7410,8616,5736,5532,9661,4059,8377,9636,2566,8874,7537,8531
3891,6321,5571,7941,5511,7641,4858,5532,6892,4939,1836,5756,5463,10725,8461,2338,10207,9836,193,1907,9700,3560,2455,193,6698,5762,7862,3038,7951,5745,1362,6730,6189,5355,0,8097,3801,3317,6201,4795,5230,4156,10471,3418,2009,10324,9366,6844,5475,2420,4494,13999,3002,10573,13768,9912,5737,9897,5170,193,4550,13790,13790,2221,1539,4698,7412,6136,5454,2525,5311,8303,5617,5250,10138,7785,4196,3079,4592,10226,1539,3291,1539,5264,5777,1887,7739,1539,6201,3299,5796,7068,6224,7085,3073,2610,5854,2154,5751,3101,5651,5402,4371,7990,2780,7810,1540,6033,4321,3884,8369,5259,8838,6672,9836,7068,8921,2864,5605,6649,6070,9359,6914,8217,5307,7708,6752,4763,7490,6361,4552,5532,2381,5129,7412,7078,2580,9660,4141,2687,7233,6616,3245,7356,7515,6586,10598,3392,5732,5848,7660,3639,6291,1539,2689,8874,8838,7275,7046,5632,4567,5292,7766,6616,6982,6086,8047,7057,4284,6533,5980,9620,10216,7984,5437,5803,7471,4292,9787,5039,6710,3947,5574,1347,4980,5217,2722,5834,4134,3169,3500,9663,2369,5287,8836,9621,5069,1539,2687,1539,4795,2324,3245,8931,3330,1836,5689,7918,5328,5083,5010,7456,5047,1932,1946,10207,3340,3133,4645,6477,3396,4804,10306,8151,5828,4960,6201,8974,2867,1539,3176,267,2837,10906,3524,3782,6096,5428,5720,2569,5745,2871,4335,7947,4720,8921,2691,5217,6220,10831
3438,6041,1591,5141,6674,975,3821,3415,5587,2321,8809,3639,6626,2245,3825,7611,3402,4841,8588,6963,4043,7155,7431,8588,1932,6781,5062,8037,5126,3647,6694,6450,7208,6919,7024,0,7395,8292,6247,4497,5248,3387,4814,7012,7385,3519,4371,5758,2541,7749,8500,4850,9244,4365,3042,4255,7301,4903,4973,8588,3369,4456,4456,7499,6693,4901,4586,7700,2562,7443,4934,1938,7058,5463,4482,312,2962,7049,5611,5232,6693,7261,6693,2857,6796,6984,4913,6693,6247,7270,8122,1581,5859,10070,7043,7392,6874,9127,6591,7071,1933,5026,7966,1273,7593,1094,8108,1942,3861,7479,3532,6421,2473,6392,4841,1581,4228,7386,6021,2294,1716,2995,1638,3683,4931,5835,3503,8305,4665,3535,3371,3415,7357,6149,4586,1819,9869,3296,5838,8901,5675,4968,8221,5798,5956,3817,5032,6987,2047,5472,4834,8352,6942,6693,7962,3217,2473,2812,1230,3515,8204,5311,5893,4968,4157,7105,5222,1816,2866,1766,4989,4625,4560,1620,3023,5490,4460,7887,4130,6105,5939,7541,3457,8320,5999,5236,7948,6853,4071,8288,8241,4669,9342,5500,2471,3964,6089,6693,8901,6693,4497,7300,8221,3887,8285,8809,5259,1553,5167,2235,6030,1585,8342,8906,7101,3402,8152,7103,8862,5524,8108,4061,4650,4011,7392,6027,6247,4469,9072,6693,8131,7358,8212,2425,7322,3623,7115,2576,2002,7545,3647,8294,7972,5121,4418,4228,7388,5236,2129,2351
5936,10334,6392,13123,10527,6617,4325,4061,10905,6984,4485,4285,10479,9301,5951,4986,12060,12824,4340,4587,7190,1636,1862,4340,6385,10777,13045,2311,10861,9146,4412,10744,11205,10659,3898,7345,0,2098,3027,5107,4696,6202,7961,416,4618,12176,12354,10858,6319,5889,1435,8087,6471,7512,9594,7402,11041,12885,9183,4340,6595,9616,9616,4870,5008,4684,10321,11440,6340,5995,2801,6498,10798,9673,7629,9638,6242,8383,9607,13214,5008,8595,5008,7310,10792,4566,10649,5008,3027,8604,10160,8841,10237,8998,8377,5259,10870,4419,10801,8405,6473,2893,664,6614,5908,6435,3783,5720,6367,178,5859,10274,5952,10686,12824,8841,6412,1378,10231,8502,5757,7356,8766,5708,2798,13818,5592,1080,10400,9271,6597,4061,1788,10145,10321,8931,4493,6423,9157,3525,11240,10623,1840,11363,11522,9552,8088,1468,5419,2522,10570,6666,11236,5008,5337,6364,5952,6590,8899,4161,979,4759,13876,10623,9892,11101,10957,8910,6329,6219,9994,12608,7706,6226,7482,9817,4962,491,7277,10055,10724,240,4103,3995,9996,4684,5370,10849,6180,8507,1394,12651,4715,9710,5949,7111,10085,5008,3525,5008,5107,2385,1840,6422,2277,4485,9703,6542,9377,7128,10026,6266,1116,4581,5416,12060,6467,8437,2015,10490,6423,4005,7797,5641,11132,9976,3027,6464,6336,5008,1707,4162,6307,9481,8828,5827,11111,8996,6542,2242,9146,5520,1125,10856,3866,6412,8029,4684,5907,9406
6253,9385,6951,12174,8112,7178,5141,4736,9958,7299,3619,4960,8064,9862,8594,4120,13142,11874,3474,3720,9836,2916,1005,3474,6946,8365,12095,470,12612,9461,3546,9797,8792,7956,3032,7906,3157,0,6337,3999,5375,6519,10604,2774,3752,13261,11404,9908,6877,5023,5481,10732,6302,10706,15935,10045,8340,11938,8234,3474,6910,15960,15960,4004,4142,4403,10636,8737,6898,5128,5447,7059,8094,8726,10274,9952,6559,5682,7195,12267,4142,5894,4142,7624,8377,3700,10966,4142,6337,5903,8232,9155,9288,7069,5676,4393,8455,2491,8352,5704,7034,5539,3727,7175,5041,6996,2970,6278,6681,3240,8502,7859,7441,9739,11874,9155,9057,2220,9281,8816,6315,7577,9081,8351,5443,12871,6997,1687,10717,9585,6912,4736,1060,7730,10636,9245,2565,9066,6742,1597,10291,9673,363,10414,10572,9867,10731,2748,5980,5984,10887,5374,10286,4142,4959,9007,7441,7148,9214,4836,1944,5438,12926,9673,10206,8686,12257,9224,6646,6778,9044,11661,10349,6787,7796,8870,7605,1604,9920,7642,9774,3303,4778,3129,7580,5363,4802,8434,6497,5772,746,11702,2787,8760,8018,9754,7670,4142,1597,4142,3999,1247,363,9067,713,3112,8754,7100,8428,7443,7614,6827,1971,3210,4549,13142,5102,5736,934,9541,5130,5083,10440,8284,8428,7561,6337,9110,6120,4142,767,3296,5441,10042,6127,6144,8696,9310,7103,528,9461,4211,971,12607,4944,9057,5295,5363,6468,9967
4824,10747,5198,9738,11154,5423,2950,2872,10210,5872,7068,3096,11105,8107,4757,7669,10947,9861,7448,7021,5996,3585,4300,7448,5191,11404,9659,4749,9748,8034,6752,11156,11831,11542,7006,6151,3825,5161,0,2483,3507,5089,6767,3442,7443,11064,10772,10380,5125,7570,4931,6893,8215,6318,8904,6208,11924,9655,9596,7448,5483,8422,8422,7558,6751,3572,9209,12323,5146,7738,1607,5733,11680,10085,6435,8525,3722,8306,10234,9829,6751,8517,6751,6197,11419,7042,9536,6751,0,8526,10939,7808,10650,10298,8299,7450,11496,7386,11214,8327,5279,1699,4396,5420,7651,5241,6366,4526,5254,3909,4665,10901,4758,11098,9861,7808,5218,3508,10643,7389,4563,6162,7865,4514,1604,10689,4398,4736,9288,8158,5485,2872,4226,10772,9209,8046,8128,5229,9076,7160,10298,9591,5115,10421,10579,8440,6894,3417,4225,1208,9457,8538,11648,6751,8104,5170,4758,5396,7787,2972,4635,3570,10831,9591,8779,11728,9844,8043,5217,5026,9657,10133,6513,5415,6369,10230,3768,4317,6083,10728,10562,3972,2914,6579,10622,3495,8006,11476,5067,8429,4671,9796,7601,10122,4756,5917,10712,6751,7160,6751,2483,4823,5115,5228,4715,7068,9927,5348,9790,6016,10653,5380,4772,7164,7159,10947,8210,8359,5292,10147,8295,2816,6603,4447,12015,10649,0,5270,8080,6751,4562,7416,7987,8287,8751,4715,11738,7883,5348,4697,8034,8352,4402,9744,2676,5218,7951,3495,4713,8213
2758,8681,3579,7672,9231,3804,1263,1362,8098,2592,5439,1586,9182,6488,4962,5602,8881,7904,5257,4955,6201,4060,4060,5257,3572,9338,7593,4666,7682,4612,4685,9090,9765,9476,4944,4532,4301,4921,2752,0,1634,3023,6972,3918,5377,8998,8706,8314,3506,5741,5406,7098,5912,6523,7285,6413,9858,7807,7530,5257,2923,12465,12465,5491,4685,662,7143,10257,3527,5435,1782,4114,9614,8019,6640,6459,1850,6240,8168,7763,4685,6451,4685,2918,9353,4976,7470,4685,2752,6460,10678,5742,8415,8469,6233,5384,9430,5757,9148,6261,3660,1874,4871,3801,5585,3622,4737,2907,2695,4384,4870,8978,4649,9032,7904,5742,5423,4291,8577,5323,2944,5171,5799,4719,1778,8623,3626,5211,7222,6092,2925,1362,3986,8706,7143,3080,6183,5471,7010,5531,8232,7525,4875,8355,8513,6374,7099,3892,2606,2319,7391,6472,9582,4685,5954,5375,4649,3777,5721,1462,5110,1650,8765,7525,6713,9662,7778,5977,1937,3406,7546,8357,6717,3796,3090,8046,3973,4792,6288,8662,8496,4447,1404,4949,8556,1622,5940,9410,1762,6363,5146,9003,5971,8056,4647,6122,8646,4685,5531,4685,0,3929,4875,5432,5190,5439,7816,3729,7724,2736,8587,3761,5247,5535,5093,8881,6144,6293,5767,8080,6228,1178,6808,4652,9948,8583,2752,5475,5777,4685,5037,5350,6159,6668,6685,2649,9672,3082,3729,4724,4612,6286,4877,7678,1089,5423,5885,1622,3094,6593
1916,9071,2514,8489,9620,2739,685,119,8916,2664,5691,547,9572,5423,3695,7052,6580,8612,5547,6404,4934,3955,4313,5547,2507,9863,8411,4919,8500,3547,5503,9480,9888,9395,5104,3467,4196,5174,2960,1379,0,2507,5705,3813,5825,6697,9523,9086,2441,6621,5301,5830,7361,5256,6220,5146,9778,8406,7919,5547,2995,7633,7633,6077,6135,1783,7960,10177,2462,6885,2020,3049,9534,8409,5372,3963,1963,7119,8343,8580,6135,7331,6135,2757,9544,6425,8287,6135,2960,7340,10618,3059,8973,9970,7113,6834,9955,6009,9537,7141,2595,2111,4766,2736,7034,2557,4989,1842,2767,4280,3603,9367,3584,9422,8612,3059,4028,3879,8967,3350,1879,4106,3066,3452,2016,9478,2561,5106,8039,6909,2997,119,4238,8881,7960,2919,6436,4407,7893,5783,9003,8342,5127,9126,9285,7191,6143,3788,1541,2557,8208,7921,9972,6135,7403,4108,3584,2712,3620,381,5005,16,9536,8342,7531,10187,8596,2940,2009,2341,8363,9777,5450,2731,2923,8553,2578,4688,5021,9052,9268,4342,752,5202,8732,13,6577,9935,1901,7243,5042,9821,6224,8446,3582,4855,8821,6135,5783,6135,1379,4182,5127,4997,5187,5691,8439,2664,8113,2809,8762,2696,5143,5787,6542,6580,7594,7173,5662,8852,7678,727,5540,3258,9868,8973,2960,4081,7226,6135,5034,5368,7038,5603,7564,2114,10197,3154,2664,4976,3547,6726,4773,8495,745,4028,6765,13,2029,5528
1613,5674,1901,4748,6307,2886,2323,2901,5175,1214,5021,2477,6259,6006,4308,4872,6145,4980,4527,4224,5547,6321,6323,4527,3090,6414,4670,6929,4759,1333,3955,6083,6842,6552,4213,3341,6561,7184,6327,3911,2694,0,6318,6178,4646,6262,5970,5345,1806,4773,8197,6444,5181,5869,6803,5759,6935,4884,4606,4527,427,9728,9728,4761,3955,3831,4219,7334,1784,4704,5437,3632,6691,5096,5985,3030,1138,5509,5245,4839,3955,5721,3955,1540,6430,4245,4547,3955,6327,5729,9401,1841,5446,8752,5502,4653,6507,6163,6224,5531,1982,5529,7132,3319,4854,3140,4321,2425,199,6645,4216,6055,4167,6025,4980,1841,5922,6552,5654,1977,2462,4689,1849,4065,5434,5700,3174,7472,4298,3169,430,2901,6249,5782,4219,1584,6589,4990,5471,7793,5262,4602,7137,5386,5544,3450,6445,6153,2530,5975,4468,5741,6575,3955,5223,4721,4167,3295,2384,2625,7371,2757,5796,4602,3790,6739,4855,1593,1042,2925,4622,5434,6063,2336,1767,5123,4234,7314,5634,5739,5527,6708,2943,5355,5633,2682,5209,6487,1599,5632,7407,4807,6062,5133,4165,5468,5722,3955,7793,3955,3911,6192,7137,5580,7451,5845,4892,3247,4800,1120,5663,2701,7508,5941,4362,6145,5414,5562,8028,5111,5498,2269,6153,4422,7025,5660,6327,6601,5046,3955,7298,4619,5191,6186,5954,605,6749,973,2051,6987,1333,5556,7138,4754,2185,5922,5155,2682,2612,6112
6163,9184,4464,8175,9591,4064,5898,5493,8601,5278,11061,5717,9542,4199,3677,11857,6790,8298,10839,11210,1326,7773,8489,10839,3425,9841,8096,8938,8185,5884,10940,9593,10268,9979,10474,4792,8014,9350,6866,7841,7499,6399,0,7631,11631,6907,9017,8772,4778,11995,9119,2811,12166,140,3962,592,10361,8092,8033,10839,6381,3985,3985,11746,10940,7760,7646,10760,4800,11690,5553,3402,10117,8522,716,5288,5920,10109,8671,8266,10940,10321,10940,5094,9856,11230,7973,10940,6866,10329,12955,4641,9087,12307,10102,11639,9933,11378,9827,10131,4369,5645,8584,3548,11839,3882,10359,4179,6099,8098,2095,9338,2927,9535,8298,4641,1226,8005,9065,5354,4152,2791,4697,2246,5550,9126,3300,8924,7725,6595,6383,5493,8414,9209,7646,4879,12120,1859,9033,11152,8689,8028,9279,8812,8971,6877,131,7606,4284,6091,7894,12598,10085,10940,12208,1395,2927,5049,4945,5593,8823,7515,9184,8028,7216,10165,8281,4876,6257,3591,8049,9272,274,4056,5145,8667,2604,8505,1413,9165,9573,8160,5535,10571,9059,7487,12194,9913,6148,12617,8860,9315,11593,8559,2948,600,9149,10940,11152,10940,7841,8891,9279,1621,8904,11060,8553,3989,8227,5192,9090,4021,8961,11157,11348,6790,12399,10163,9480,8538,12355,6808,165,2574,9720,9086,6866,1710,12031,10940,8750,11604,12413,4110,10382,6362,10175,5675,4438,8886,5884,12541,8591,8181,6669,1226,12140,7487,4366,4069
5607,10005,6063,12794,10198,6287,3996,3732,10576,6655,4487,3956,10150,8972,5622,4989,11731,12495,4343,4589,6861,503,1864,4343,6056,10448,12716,2313,10532,8817,4414,10414,10875,10330,3900,7016,743,2726,3362,4778,4367,5872,7632,0,4621,11847,12024,10529,5989,7555,1437,7758,6474,7183,9265,7073,10712,12556,8854,4343,6266,9287,9287,4873,5011,4355,9992,11111,6011,5997,2472,6169,10469,9344,7300,9309,5913,8054,9278,12885,5011,8266,5011,6980,10463,4568,10320,5011,3362,8274,10924,8512,9908,9819,8048,5261,10541,4805,10472,8076,6144,2564,1314,6285,5910,6105,3785,5391,6038,827,5530,9945,5623,10356,12495,8512,6083,1380,9902,8172,5428,7027,8437,5379,2469,13488,5263,1411,10071,8942,6268,3732,1790,9816,9992,8602,5314,6094,8828,4346,10911,10294,2679,11034,11193,9223,7759,335,5090,2525,10240,6669,10906,5011,5340,6035,5623,6261,8570,3832,1311,4430,13547,10294,9563,10772,10628,8581,6000,5890,9664,12279,7377,5897,7153,9488,4633,823,6948,9725,10395,228,3774,3998,9666,4355,5373,10520,5851,8177,1726,12322,5020,9380,5620,6782,9756,5011,4346,5011,4778,2387,2679,6092,2279,4487,9374,6213,9048,6799,9697,5937,1448,4583,5418,11731,6470,8108,2836,10161,6425,3676,7468,5312,10803,9647,3362,6135,6339,5011,2126,4164,7973,9152,8499,5498,10782,8667,6213,2261,8817,5522,1457,10527,3536,6083,7700,4355,5578,9077
4298,6681,5978,8300,5871,8049,5266,5844,7251,5346,860,5420,5823,11133,9861,1029,10614,10243,1129,510,11100,4581,3476,1129,7106,6121,8222,4059,8311,6153,2096,7090,6549,5079,1221,8504,4822,4617,7601,5185,5637,4564,11871,4439,0,10731,9773,7204,5883,1971,6932,14407,2321,11422,14175,11312,5461,10304,5529,1129,4957,14198,14198,673,1345,5105,7772,5860,5861,1654,6711,7219,5341,5610,11539,8192,4604,3439,4951,8391,1345,3651,1345,5672,6136,530,8099,1345,7601,3659,6005,7395,6584,5357,3432,778,6214,2679,6111,3461,6058,6803,5392,8397,1471,8218,2031,6440,4729,4906,9769,5618,7603,7032,10243,7395,10322,3885,5965,7056,6477,7739,7321,9618,6708,8068,7159,5409,7850,6721,4959,5844,3402,5489,7772,7486,2480,10333,4501,3213,7593,6976,4291,7716,7875,6945,11998,4413,6139,7249,8020,2230,6651,1345,1380,10274,7603,7682,7454,5568,5666,5653,8126,6976,7342,6445,8407,7464,4691,6940,6340,10027,11616,8392,5844,6163,8872,5313,11187,5273,7070,4968,5886,1452,5340,5625,1745,6194,4542,2668,4521,10070,1900,5647,9243,11021,5429,1345,3213,1345,5185,3346,4291,10332,4351,1431,6049,8325,5688,5490,5370,7863,5693,1427,1075,10614,2030,3492,5291,6836,1986,5217,11707,9551,5552,5194,7601,10374,2190,1345,4307,844,3047,12209,3664,4266,6456,5836,6127,3590,6153,1895,5356,8306,5128,8627,3051,5625,6627,11239
6409,7173,3915,4686,7791,3300,6145,5739,6674,4605,12169,5964,7743,731,6149,11617,1305,4386,11400,10969,5223,12563,9755,11400,4257,8276,4607,10361,5124,6464,10700,6467,7298,9628,10958,2613,12803,10616,8571,6821,7573,6486,6149,12420,11391,0,3916,6046,4865,10058,13908,3765,10703,5430,1553,5590,8218,4447,7895,11400,6468,2078,2078,11506,10700,10073,4945,8825,4887,10713,7259,4262,8027,8384,5816,2704,5246,8802,8446,4777,10700,9013,10700,5181,7536,10990,5032,10700,8571,9022,12710,3865,7076,12062,8795,11399,7634,14261,7156,8824,4257,7350,13374,3597,11599,3418,11066,4266,6186,12887,5856,7538,4798,6581,4386,3865,6552,12486,7138,4503,4040,5319,3922,6007,7255,5380,5828,13713,4768,5833,6470,5739,12490,7471,4945,4103,14688,5620,7995,11226,6762,6055,10570,5587,5853,6255,5353,12395,4371,7796,5022,12358,7415,10700,11968,4969,4798,5136,3514,5840,13613,7588,5438,6055,5243,7830,4769,4100,5150,4091,6121,4170,5894,3944,5232,6622,7018,13556,5310,8815,6903,12949,5781,13454,7376,7560,11954,7614,6395,10033,13649,4214,11666,8421,4795,5740,7533,10700,11226,10700,6821,9624,13355,6211,13693,11134,6391,3878,8089,4519,7474,3910,13750,14039,11107,1305,12159,8855,14270,6611,12114,6385,5984,6335,7921,8736,8571,7231,10865,10700,13540,11364,10084,911,9026,6608,7820,4860,4326,10419,6464,12301,13380,5119,6742,6552,9140,7560,4453,837
8211,3728,5140,1172,4277,5705,9355,10071,2517,6157,9185,9361,4229,4763,8555,8634,4244,872,8417,7986,10125,10602,9711,8417,6662,4520,1093,10160,1598,5279,8406,2941,3773,4946,7975,5019,10842,10572,11384,8968,9727,6437,10896,10459,8408,4361,0,2521,6429,6900,11378,8302,7545,10446,5560,10336,4704,933,3444,8417,6389,8093,8093,8523,7716,8888,1430,5011,6408,7555,10494,6668,4513,3625,10563,4665,8516,5644,4369,1262,7716,5856,7716,5114,4011,8007,1517,7716,11384,5865,6879,4559,3630,8133,5638,8415,4109,11407,3631,5666,6663,10586,11413,6003,8616,5823,8247,6672,6107,10926,8262,4024,8462,3056,872,4559,8958,10833,3624,4139,6446,8326,4404,8413,10490,1854,8835,11752,1254,2343,6392,10071,9636,3957,1430,4569,11834,8025,4731,11181,2886,2541,10501,2062,2327,2091,11023,10434,6776,11031,1508,8383,3890,7716,8985,9299,8462,4766,5787,10172,11651,9742,1913,2541,1729,4305,1255,4548,8604,6496,2607,645,10641,6350,6391,3210,10025,11334,10211,4863,2703,10988,10113,10600,3862,9714,8971,4089,8454,6876,11688,699,11622,3661,8483,10046,4019,7716,11181,7716,8968,9580,10501,8616,10585,11089,2877,6283,3925,6029,3960,4946,11789,11185,8124,4244,9176,5698,12308,3096,9131,9301,10731,9336,4523,4784,11384,11732,7708,7716,10432,8381,6927,4943,5869,8179,4295,5742,6732,9824,5279,9318,11419,1593,9182,8958,5983,9714,6859,4868
7246,1241,5271,1896,2112,5264,8390,9107,209,5430,9115,8544,2064,6023,7965,8564,5504,1500,8347,7916,8030,10532,9641,8347,5919,1736,1818,10090,1044,4314,8337,832,1240,3842,7905,5719,10772,10502,10419,8003,8762,5472,8801,10389,8338,5621,2345,0,5608,6041,11308,9562,6637,9096,6820,8242,3600,1485,2340,8347,5424,7354,7354,8453,7647,7923,1382,2471,5586,6696,9529,5925,3409,2521,8468,5407,6071,4778,3339,1711,7647,4989,7647,5246,1445,7937,1197,7647,10419,4998,5850,4690,799,6594,4771,8345,1543,11337,1065,4799,5920,9621,11343,5612,8546,5433,8178,6083,5142,10856,7519,2920,6460,774,1500,4690,8215,10763,1693,4271,5703,6982,4747,7670,9525,1002,6831,11683,1509,2522,5427,9107,9567,2853,1382,4928,11764,7283,3709,11111,527,1125,10431,650,809,2239,9019,10364,6187,10066,1150,7282,1324,7647,8915,7204,6460,4897,4671,9207,11582,8777,1060,1125,1877,1775,1505,4925,7639,5753,1503,2084,8546,5607,6104,1260,8755,11525,8117,3834,182,10918,9148,10530,2758,8749,8901,1523,7489,6017,11618,1751,11552,2558,6458,7951,2915,7647,11111,7647,8003,9510,10431,7873,10515,11019,1773,5540,2895,5344,2856,5078,11719,11116,6731,5504,8022,4831,12239,735,7526,8336,8637,8079,3419,3755,10419,8894,6800,7647,10362,8311,5940,6203,5002,7214,1785,4768,5989,9755,4314,9248,11349,1039,8217,8215,5116,8749,6270,6129
1665,5619,349,4609,6025,1649,2374,2952,5036,548,6389,2528,5977,3993,3762,5838,5143,4841,5617,5190,4415,7621,7623,5617,2304,6275,4531,8073,4620,1154,4921,6028,6702,6413,5175,2104,7862,8485,4764,3332,2746,1614,5186,7479,5612,5260,5643,5206,0,5739,9163,5312,6384,4737,4791,4627,6795,4526,4467,5617,1596,6204,6204,5727,4920,3252,4080,7194,22,5907,6738,2310,6675,4957,4853,1792,1189,6543,5105,4700,4920,6755,4920,364,6290,5211,4407,4920,4764,6764,8225,666,5521,7577,6537,5619,6368,7132,6070,6565,429,6829,8432,1997,5820,1818,5287,1880,1368,7946,3904,5772,2845,5970,4841,666,4600,7853,5500,957,2088,3367,673,4055,6734,5598,3875,8772,4159,3029,1598,2952,7549,5643,4080,526,7559,3668,5467,9094,5123,4506,8438,5246,5405,3311,5313,7454,1984,7275,4328,6579,6520,4920,6189,3589,2845,271,1380,2676,8671,2808,5656,4506,3651,6599,4716,547,1093,2138,4483,5295,4931,783,215,4984,4285,8614,4502,5599,5388,8008,2994,6321,5494,2733,6175,6347,1650,6598,8708,4668,7343,4994,2843,4336,5583,4920,9094,4920,3332,7492,8438,4258,8752,6810,4753,850,4661,462,5524,1463,8809,6907,5328,5143,6379,6597,9328,4972,6335,2325,5022,4383,6886,5521,4764,5279,6249,4920,8598,5585,6156,4173,6768,1850,6609,803,498,7737,1154,6521,8439,4615,2236,4600,6120,2733,2067,4099
4467,5255,6146,6874,4413,7519,5433,6012,6079,5515,2735,5587,4365,10134,10030,2576,9616,6998,2240,1928,11269,6324,4588,2240,7274,4695,6796,5037,6684,6570,2699,5664,5123,3161,2333,7975,6565,5449,7770,5354,5805,4732,12040,6182,2350,9732,7878,5778,6051,0,7100,14575,1004,11591,10932,11481,3543,6791,4103,2240,5126,11465,11465,2465,1979,5274,6345,3942,6030,900,6880,8181,3300,4184,11707,7663,4772,2097,3525,6965,1979,1540,1979,5840,4710,1949,6673,1979,7770,1620,3633,6866,5158,2984,1710,2358,4788,4286,4685,1703,6227,6972,7135,7868,2558,7688,3142,6670,4897,6649,9938,4192,8716,5606,6998,6866,10490,4996,4539,6527,6707,9238,6792,9786,6876,6642,9670,7016,6424,5295,5128,6012,4514,4063,6345,6956,4713,10502,3075,4820,6167,5550,5402,6290,6449,5519,12167,6156,6308,7417,6594,2020,5225,1979,2927,10443,8716,7153,7622,5735,7374,5867,6700,5550,5916,4988,6981,6935,4860,7108,4914,8132,11785,7862,6013,4737,9040,7317,11356,3354,5644,6711,6054,3479,3914,5792,2731,4768,4710,1452,5742,8175,3775,4221,8714,11190,4003,1979,4820,1979,5354,4457,5402,10500,5572,3285,4623,7796,4262,5659,3944,7334,7512,3303,934,9616,2463,2150,6898,5410,3073,5384,11875,9720,3634,3276,7770,10543,1241,1979,5418,2333,674,10314,1746,4435,4998,6004,6296,4702,6570,3077,7142,6679,5295,10490,1417,5792,6857,10240
6494,10725,6950,13514,10917,7175,4697,6234,11295,7542,5043,6458,10869,15000,6509,5544,14482,13214,4898,5145,7748,1058,2420,4898,6943,11168,13435,2869,13952,11436,4970,11134,11595,11050,4456,7903,1299,3281,3585,5497,5254,6760,8519,1621,5176,14598,12744,11248,6876,8275,0,8645,9311,8070,10152,7960,11432,13275,9573,4898,7153,10174,10174,5428,5566,5901,11809,11831,6898,6553,3359,7056,11311,10063,8187,12529,6800,8774,9998,13605,5566,8985,5566,7867,11183,5124,12136,5566,3585,8994,11644,11732,10628,10374,8767,5615,11260,5361,11191,8795,7031,3451,1255,7172,6466,6992,4341,6278,6925,1383,6417,10665,6510,11076,13214,11732,6970,1936,10621,11393,6315,7914,11658,6266,3356,14208,6150,2379,13596,10758,7155,6234,2346,10535,11809,8030,5869,6981,9547,4902,11630,11013,3234,11754,11912,10983,8646,2239,5977,3080,13850,7224,11626,5566,5895,6922,6510,7148,9457,6334,2278,5317,14266,11013,11380,11492,13597,8050,6887,6777,10384,12998,8264,6784,8040,10207,5520,1790,7835,10445,11114,1445,6276,4553,10386,5242,5928,11240,6738,8897,2771,13041,5575,10100,6507,7669,10475,5566,4902,5566,5497,2943,3234,6980,2835,5042,10093,7100,9767,7686,10416,6824,2286,5139,5974,14482,7025,8827,3391,10881,6981,4563,8355,6199,11522,10366,3585,7022,6894,5566,2681,4720,8693,15180,8998,6462,11502,8031,7100,2817,11436,6078,2502,13947,4423,6970,8419,5242,6465,15106
5954,8948,4643,7938,9354,3827,5690,5284,8411,5069,10852,5508,9306,2527,4111,11648,4044,8019,10707,11001,1625,7565,8280,10707,3216,9605,7860,8729,7949,5676,10731,9357,9766,9743,10265,4556,7805,9141,6657,7632,7291,6190,2792,7422,11024,3213,7549,8581,4569,11787,8910,0,11958,2894,2291,2232,10125,8080,7797,10707,6172,2313,2313,11237,10731,7551,7410,10524,4591,11481,5344,3193,9881,8286,2459,5052,5711,9873,8435,8029,10731,10084,10731,4886,9620,11022,7737,10731,6657,10093,12747,4405,8851,12099,9866,11430,9697,11170,9590,9895,4132,5436,8376,3312,11631,3645,10150,3971,5890,7889,4661,9102,2719,9299,8019,4405,3792,7488,8829,5479,4007,2583,4461,3868,5341,9013,3091,8715,7488,6359,6175,5284,8206,8972,7410,4643,11596,4425,8797,10944,8498,7792,9070,8621,8780,6640,2919,7397,4075,5882,7658,12389,9849,10731,12000,1611,2719,4841,4709,5384,8615,7306,9071,7792,6980,9929,8045,4639,6048,3382,7858,7803,2537,3819,4937,8430,4282,8297,1712,8929,8763,7951,5326,10362,8823,7278,11986,9677,5940,12409,8651,7847,11384,8323,2740,2383,8912,10731,10944,10731,7632,8803,9070,4187,8695,10852,8128,3753,7991,4983,8854,3785,8752,10948,11139,4044,12190,9926,9272,8347,12146,5930,2627,3593,9484,8850,6657,4276,11823,10731,8542,10529,12204,2439,10097,6153,9939,5466,4201,8677,5676,11887,8382,7944,6460,3792,11931,7278,4158,2398
5140,5735,8192,7539,5078,8184,6107,6686,6490,6188,2509,6290,5030,10799,9008,1958,10280,9013,2707,2273,10951,6998,5185,2707,7948,5360,7461,5634,7550,7235,3372,6329,5787,4108,2800,8639,7238,6109,8443,6027,6478,5406,11722,6855,2695,10397,8542,6443,6725,1523,7774,14338,0,11272,11596,11162,4208,7456,4768,2707,5799,14129,14129,2189,2716,5947,7010,4607,6703,757,7553,8845,4087,4849,11389,8328,5446,2761,4190,7630,2716,2205,2716,6514,5375,2294,7337,2716,8443,2284,4297,7531,5822,3524,2374,1872,5453,4308,5350,2368,6900,7645,7809,8533,1953,8353,3609,7282,5571,7322,10439,4857,9381,6271,9013,7531,11135,5594,5203,7192,7319,9902,7456,8765,7550,7491,8001,7037,7089,5960,5801,6686,5111,4728,7010,7621,4410,10203,3740,4841,6832,6214,6000,6955,7113,6184,11940,6830,6981,8091,7258,1279,5890,2716,2309,10124,9381,7818,7592,6786,7295,6494,7365,6214,6581,5653,7646,7600,5533,7782,5579,8797,11467,8527,6686,5402,8019,7690,11037,4019,6309,7384,6728,3080,4578,6466,2265,5432,5384,2042,6230,8840,3550,4886,9378,10871,4668,2716,4841,2716,6027,5054,6000,10794,6060,3060,5288,8461,4927,6332,4609,7998,7321,3077,1384,10280,1997,2815,6920,6075,1523,6057,11557,8698,4298,3940,8443,9521,576,2716,5906,2769,1339,10979,2410,5108,5663,6678,6969,5299,7235,2611,7815,7545,5968,11135,2082,6466,7469,10905
5971,8993,4272,7983,9399,3872,5707,5301,8456,5308,10869,5526,9351,4144,3485,11666,6736,8107,10724,11018,1186,7582,8297,10724,3233,9649,7905,8746,7994,5693,10749,9402,9811,9787,10282,4600,7822,9159,6674,7649,7308,6207,140,7440,11440,4830,9018,8626,4587,11804,8928,2756,11975,0,3908,586,10170,7900,7841,10724,6190,3931,3931,11254,10748,7569,7454,10569,4608,11498,5362,3211,10049,8331,662,5097,5728,9918,8480,8074,10748,10129,10748,4903,9665,11039,7782,10748,6674,10138,12764,4450,8896,12116,9911,11447,9742,11187,9635,9940,4177,5453,8393,3357,11648,3690,10167,3988,5907,7906,1904,9147,2736,9344,8107,4450,1035,7813,8889,5496,3960,2600,4506,2055,5358,8935,3108,8733,7533,6404,6192,5301,8223,9017,7454,4688,11613,1668,8842,10961,8543,7837,9087,8666,8825,6685,77,7414,4093,5899,7703,12407,9894,10748,12017,1256,2736,4858,4754,5402,8632,7324,8993,7837,7025,9974,8090,4684,6065,3399,7903,9272,351,3864,5069,8475,2832,8575,1273,8974,8808,7969,5343,10380,8868,7296,12003,9722,5957,12426,8668,8042,11402,8368,2757,460,8957,10748,10961,10748,7649,8820,9087,1430,8712,10869,8173,3798,8035,5001,8898,3830,8769,10965,11156,6736,12208,9971,9289,8392,12163,6616,267,2383,10260,8895,6674,1518,11840,10748,8559,10546,11080,4056,10142,6170,9984,5483,4246,8694,5693,11904,8399,7989,6477,1035,11948,7296,4175,4015
6754,8078,4260,5590,8696,3644,6490,6084,7578,4949,11478,6308,8647,772,6494,11962,3852,5291,11334,11314,4358,9824,10100,11334,4601,8938,5512,10706,6028,6316,11045,7371,8203,9548,10892,2958,10064,10961,8916,7166,7917,6830,4490,9681,11736,1758,4820,6750,5210,10962,11169,2901,11607,4591,0,4725,9123,5352,7602,11334,6813,2692,2692,11851,11044,7570,5849,9430,5231,11617,7603,4607,8931,8091,4469,3048,5591,9706,8240,5681,11044,9918,11044,5526,8441,11335,5936,11044,8916,9926,12955,4210,7980,12195,9699,11743,8539,11796,8061,9728,4602,7695,10635,3942,11944,3763,10777,4611,6530,10148,6201,8443,5142,7486,5291,4210,6897,10508,8042,4848,4385,5076,4266,6352,7600,6284,5360,12431,5673,6738,6815,6084,10026,8375,5849,4448,12223,5965,8900,11570,7666,6960,10914,6492,7101,6510,4514,9656,4716,8141,5927,12445,8319,11044,12313,4104,5142,5481,3859,6184,10873,7980,6342,6960,6148,8735,5673,4445,6848,4435,7026,5075,4388,4289,5577,7527,7283,10556,4445,8734,6932,10210,6126,10989,8280,7905,12299,8519,6740,10938,11144,5118,12011,8128,5140,4876,8437,11044,11570,11044,7166,9969,10914,6556,10974,11478,7296,4222,7796,4863,8379,4254,11011,11575,11452,3852,12503,9760,12313,7515,12459,6730,4473,6608,8825,8655,8916,5871,11770,11044,10821,11156,10989,756,9931,6953,8724,5204,4671,10764,6316,12645,10641,6023,6815,6897,10045,7905,4798,574
5679,8672,4368,7663,9079,3552,5414,5009,8135,5016,10576,5233,9031,4196,3836,11373,6243,7786,10432,10725,513,7289,8004,10432,2941,9329,7585,8454,7674,5400,10456,9082,9490,9467,9989,4280,7530,8866,6381,7356,7015,5914,863,7147,11147,4882,8605,8306,4294,11511,8635,2555,11919,590,3960,0,9849,7580,7521,10432,5897,3982,3982,10962,10456,7276,7134,10248,4315,11442,5069,2918,9729,8011,531,4777,5435,9597,8159,7754,10456,9809,10456,4610,9344,10746,7461,10456,6381,9818,12471,4129,8575,11823,9591,11155,9422,10894,9315,9619,3857,5161,8100,3037,11355,3370,9874,3695,5614,7614,2733,8826,2443,9024,7786,4129,1864,7212,8553,5203,3732,2307,4186,2884,5065,10069,2816,8440,7213,6083,5899,5009,7930,8697,7134,4367,11321,2497,8521,10668,8223,7516,8795,8346,8504,6365,990,7121,3800,5606,7382,12114,9573,10456,11724,1063,2443,4565,4433,5109,8339,7031,10127,7516,6705,9653,7770,4364,5772,3107,7583,8860,608,3544,4661,8155,3242,8021,376,8653,8487,7676,5050,10087,8547,7003,11710,9401,5664,12133,8376,8903,11109,8048,2464,151,8637,10456,10668,10456,7356,8527,8795,2259,8419,10576,7853,3477,7715,4708,8578,3509,8476,10673,10863,6243,11915,9651,8996,8072,11870,5654,699,3212,9940,8575,6381,2347,11784,10456,8266,10254,11929,4108,9822,5877,9663,5190,3926,8401,5400,11612,8107,7669,6184,1864,11656,7003,3882,4067
7931,2202,6567,4172,884,6559,8897,9476,3260,6478,5812,9081,835,8299,9107,5261,7780,4404,6063,5224,9326,9226,8335,6063,7215,1046,4093,8941,3938,5610,6041,2681,2254,717,5616,7014,9466,9196,11820,8818,9268,6767,10097,9083,5646,7897,4675,3051,6903,3481,10002,13114,3916,10392,9096,9537,0,4089,2222,6063,6720,12905,12905,5492,5321,8737,3643,397,6882,4056,10930,7220,473,1473,9764,6703,8236,3146,1839,4263,5321,3358,5321,6542,1916,5245,3970,5321,11820,3366,2824,5986,2409,3568,2759,5174,1919,7570,2193,2753,7215,11022,10037,6908,5256,6728,6872,7224,6437,9550,8814,1285,7756,2831,4404,5986,9510,9149,1670,5567,6998,8277,5831,8965,10927,4041,7973,10376,3721,3817,6722,9476,8261,1217,3643,5996,7805,8578,1976,8628,3421,2804,9125,3544,3703,3546,10315,9058,7329,11468,3891,4567,2595,5321,5612,8499,7756,6193,5967,9199,10276,9331,3954,2804,3183,1840,4399,5975,8324,7049,2165,4567,9842,6902,6568,1988,13091,10219,9412,1869,2869,9612,9518,6763,1123,9256,5568,1899,8174,3379,10312,4230,6853,1663,7753,9246,1280,5321,8628,5321,8818,8204,9125,9169,9209,6363,1874,6836,2778,6351,1221,6373,10413,6380,4423,7780,5300,3200,10933,2662,5856,8843,9932,9293,896,1790,11820,10189,4078,5321,9056,5628,3298,8479,2795,7899,1850,6063,7284,8449,5610,5914,10043,3933,8759,9510,2948,9256,7411,8405
6598,3143,4624,655,3761,5496,7742,6908,1479,4782,8810,7897,3713,4554,7318,8258,4035,261,8038,7611,9916,10226,9335,8038,5271,4003,577,9785,884,3666,8031,2314,2723,4430,7596,4810,10467,10197,9771,7355,8114,4824,10687,10084,8033,4152,930,1482,4960,6525,11002,8093,7170,10238,5351,10128,4188,0,2928,8038,4777,7884,7884,8147,7341,7275,620,4495,4938,7180,8881,5277,3997,3108,10354,4456,5423,5269,3853,413,7341,5481,7341,4598,2927,7632,668,7341,9771,5489,6363,4043,3046,7758,5262,8040,3025,11032,2547,5291,5272,8973,11037,5794,8241,4785,7872,5435,4494,10551,6871,3508,8253,2270,261,4043,7567,10458,3108,3623,5055,8117,4099,7022,8878,1875,8626,11377,410,1827,4779,6908,9261,3441,620,4281,11458,6635,4215,10806,1726,2025,10126,1422,1681,1575,10814,10059,5539,9419,659,7795,2806,7341,8610,9090,8253,4250,4023,7008,11276,8130,1933,2025,1213,3257,406,4277,6991,5105,2091,547,10432,4959,5456,2625,9816,10958,10003,4347,1664,10613,6950,10225,3346,8101,8596,3005,6842,6501,11313,267,11247,3145,8274,9837,3503,7341,10806,7341,7355,9204,10126,7226,10210,10714,2361,4892,3409,4696,3444,4430,11414,10810,7749,4035,8800,5323,11933,2173,8756,7688,10522,9127,3891,4268,9771,11523,7333,7341,10057,8006,6552,4734,5494,6566,3267,4120,5341,9449,3666,8942,11044,880,7569,7567,5608,8101,5622,4660
6441,1373,4466,3296,1923,4458,7585,8301,2153,4624,6218,7739,1874,7767,7160,6068,7249,3528,5848,5421,7225,8036,7145,5848,5114,2292,3218,7595,2805,3509,5841,1782,2191,2430,5406,4913,8277,8007,9614,7198,7956,4666,7996,7894,5843,7365,3799,1944,4659,3823,8812,11013,4420,7547,10782,7437,2812,3213,0,5848,4619,10804,10804,5957,5151,7117,2767,3211,4637,4478,8724,5119,2159,1270,7663,4602,5266,2560,1122,3387,5151,2771,5151,4441,2307,5442,3094,5151,9614,2780,3632,3885,1276,4376,2553,5850,2384,8842,1839,2582,5114,8815,8847,4807,6051,4627,5682,5277,4337,8361,6713,1670,5655,1724,3528,3885,7409,8268,1269,3466,4897,6176,3731,6865,8720,2763,6026,9187,2846,1716,4621,8301,7071,1659,2767,4123,9268,6477,1490,8616,2288,1671,7960,2411,2570,1941,8214,7869,5382,9261,3015,5064,2274,5151,6420,6399,5655,4092,3866,7887,9086,8019,2821,1671,2338,2616,3403,4120,6833,4948,1032,3981,7741,4801,4620,856,10884,8768,7312,1616,1762,8423,8343,8035,1510,7944,6406,2364,6684,3799,9123,3354,9057,1307,5653,7146,1599,5151,8616,5151,7198,7014,7960,7068,8020,8524,742,4735,678,4259,1540,4273,9224,8620,5559,7249,6610,2613,9743,1516,5308,7531,7831,7274,2052,1537,9614,8088,4582,5151,7867,5816,3722,7947,2784,6409,2626,3972,5183,7259,3509,6752,8854,2800,7411,7409,2898,7944,5464,7873
3996,6426,5676,10241,5617,7747,4963,5458,6997,5044,1266,5682,5569,10831,9559,1768,10312,9941,0,1833,10798,3486,2381,0,6804,5867,10162,2964,8057,5851,1468,6836,6294,5461,193,8202,3726,3243,7300,4884,5334,4262,11570,3344,1438,10429,9471,6950,5581,2525,6630,14105,2871,11120,13873,11010,5843,10003,5275,0,4655,13896,13896,1651,1644,4803,7517,6242,5559,2394,6409,8408,5722,5356,11237,7891,4302,3185,4697,10332,1644,3396,1644,5370,5882,1812,7845,1644,7300,3405,5894,7174,6329,7011,3178,2040,5960,2080,5857,3206,5756,6501,4297,8095,2544,7916,1466,6200,4427,3810,9467,5364,8943,6778,9941,7174,10020,2790,5710,6754,6237,9465,7019,9316,6406,10935,9200,4689,7596,6467,4658,5458,2307,5235,7517,5532,2506,10031,4247,2613,7339,6721,3196,7462,7620,6691,11697,3318,5838,6947,7765,3302,6397,1644,2119,9972,8943,7381,7152,5558,4493,5397,7872,6721,7088,6191,8153,5553,4389,6638,6086,9725,11315,8090,5542,5909,8570,4218,10885,5144,6816,3873,5500,776,5085,5322,2151,5939,4240,3275,3535,9769,2295,5393,8941,10719,5175,1644,2613,1644,4884,2250,3196,10030,3365,756,5795,8023,5434,5188,5116,7561,4973,1858,2052,10312,3103,3238,4571,6582,3059,4913,11405,9250,5933,5066,7300,10072,2736,1644,3212,282,2943,11011,3630,3964,6201,5534,5826,2495,5851,2301,4261,8052,4825,10020,2797,5322,6387,10937
2760,5960,2357,5034,6578,3342,3905,4621,5461,1990,5533,4059,6530,6462,4764,4981,6431,5158,4636,4334,6003,5928,5930,4636,3547,6821,4956,6379,5045,940,4064,6369,6778,6838,4323,3798,6168,6791,5934,3518,4277,1620,6774,5785,4756,6548,6256,5631,2262,4883,7273,6900,5291,6325,7259,6215,7221,4951,4892,4636,0,10014,10014,4870,4064,3437,4505,7620,2241,4814,5044,4088,6977,5382,6442,3486,2846,5619,5531,5125,4064,5830,4064,2706,6502,4355,4833,4064,5934,5839,9677,2240,5732,7611,5612,4763,6913,6276,6495,5640,2438,5135,6739,3775,4964,3596,4431,2881,1374,6252,4672,6325,4623,6311,5158,2242,5768,5851,5925,2345,2918,5145,2250,4521,5040,6024,3630,7078,4584,3455,2,4621,5855,6068,4505,2029,6703,5446,6389,7400,5548,4931,6720,5672,5830,3736,6901,5760,2986,5581,4754,5722,6861,4064,5333,5177,4623,3751,2834,4207,6977,4292,6082,4931,4076,7145,5141,2039,3153,3381,4908,6510,6519,2792,2224,5409,7204,6920,6090,6025,5813,6314,4663,5469,5919,4264,5319,6893,3004,5742,7014,5093,6574,5419,4621,5924,6008,4064,7400,4064,3518,5799,6720,5234,7058,6083,5178,3703,5087,1862,5949,3157,7115,6101,4472,6431,5523,5672,7634,5397,5479,3851,6610,4878,8367,5946,5934,5876,5393,4064,6904,4729,5300,6642,5846,2651,7155,1575,2507,6043,940,5665,6745,5040,3732,5768,5264,4264,3068,6568
6235,7559,3741,5071,8177,3126,5971,5565,7060,4431,11669,5790,8129,253,5975,11443,2182,4772,11299,10795,4350,12389,9581,11299,4082,8662,4993,10187,5509,6290,10526,6852,7684,9029,10856,2439,12629,10442,8397,6647,7399,5551,4481,12246,11217,1239,4302,6432,4691,10444,13832,2892,11088,4582,840,4717,8604,4833,7083,11299,5534,0,0,11332,10526,9898,5330,9210,4712,11512,7085,4088,8413,7573,4461,2530,5072,9187,7721,5162,10526,9399,10526,4247,7922,10816,5417,10526,8397,9408,12649,3691,7462,11888,9181,11224,8020,11277,7542,9209,4083,7176,13200,3423,11425,3244,10892,4092,5251,12713,5682,7924,4623,6967,4772,3691,6378,12312,7524,4329,3866,5145,3748,5833,7081,5766,5654,13539,5154,6219,5536,5565,9507,7979,5330,3929,11704,5446,8381,11052,7147,6441,10371,5973,6238,5991,4505,12221,4197,7622,5408,12184,7801,10526,11794,4096,4623,3898,3340,5665,13438,7414,5824,6441,5629,8216,5155,3926,4976,3917,6507,4556,4380,3770,5058,7008,6764,13121,4437,9200,6614,12775,5607,10470,7762,7386,11780,8000,6221,10419,13475,4599,11492,7610,4621,4867,7919,10526,11052,10526,6647,9450,10371,6037,13519,10959,6777,3704,7277,4345,7860,3736,13576,11056,10933,2182,11985,9241,14095,6996,11940,6211,4465,6089,8306,9121,8397,7057,11854,10526,13365,11120,10470,237,9415,5733,8206,4685,4152,9695,6290,12127,13206,5505,6568,6378,9526,7386,4279,123
6235,7559,3741,5071,8177,3126,5971,5565,7060,4431,11669,5790,8129,253,5975,11443,2182,4772,11299,10795,4350,12389,9581,11299,4082,8662,4993,10187,5509,6290,10526,6852,7684,9029,10856,2439,12629,10442,8397,6647,7399,5551,4481,12246,11217,1239,4302,6432,4691,10444,13832,2892,11088,4582,840,4717,8604,4833,7083,11299,5534,0,0,11332,10526,9898,5330,9210,4712,11512,7085,4088,8413,7573,4461,2530,5072,9187,7721,5162,10526,9399,10526,4247,7922,10816,5417,10526,8397,9408,12649,3691,7462,11888,9181,11224,8020,11277,7542,9209,4083,7176,13200,3423,11425,3244,10892,4092,5251,12713,5682,7924,4623,6967,4772,3691,6378,12312,7524,4329,3866,5145,3748,5833,7081,5766,5654,13539,5154,6219,5536,5565,9507,7979,5330,3929,11704,5446,8381,11052,7147,6441,10371,5973,6238,5991,4505,12221,4197,7622,5408,12184,7801,10526,11794,4096,4623,3898,3340,5665,13438,7414,5824,6441,5629,8216,5155,3926,4976,3917,6507,4556,4380,3770,5058,7008,6764,13121,4437,9200,6614,12775,5607,10470,7762,7386,11780,8000,6221,10419,13475,4599,11492,7610,4621,4867,7919,10526,11052,10526,6647,9450,10371,6037,13519,10959,6777,3704,7277,4345,7860,3736,13576,11056,10933,2182,11985,9241,14095,6996,11940,6211,4465,6089,8306,9121,8397,7057,11854,10526,13365,11120,10470,237,9415,5733,8206,4685,4152,9695,6290,12127,13206,5505,6568,6378,9526,7386,4279,123
4153,6536,5833,8155,6089,7904,5427,5699,7106,5201,883,5303,6040,11884,8021,331,11366,10098,1245,364,9260,6011,3593,1245,6961,5976,8077,4175,8166,6008,2212,6945,6404,4836,1338,8359,6251,4482,7456,5040,5799,4419,10031,5868,886,11482,9628,7059,5737,1826,6884,14261,1624,10133,14030,9472,5219,10159,5384,1245,4812,14053,14053,0,1200,4960,7626,5618,5716,1470,6566,7074,5098,5874,9698,8047,4459,3294,4806,8246,1200,3216,1200,5526,5991,385,7954,1200,7456,3295,5301,7250,6438,4660,3287,318,6069,2681,5966,3316,5913,6658,6822,7189,774,7010,2147,6357,4584,6335,7929,5473,7458,6887,10098,7250,8481,4001,5820,6911,6332,7594,7176,7778,6563,11092,7014,5411,7705,6576,4814,5699,3519,5344,7626,5689,2504,8493,4356,3215,7448,6831,4361,7571,7729,6800,10158,5843,5994,7104,7875,1532,6506,1200,682,8434,7458,7537,7309,5799,5668,5815,11150,6831,7197,6664,8262,5709,4546,6795,6195,9882,9776,6267,5699,6018,7031,6743,9347,5030,6925,6397,5741,1454,5195,5787,1101,6048,4397,2523,4747,9925,1923,5502,8035,9181,5284,1200,3215,1200,5040,3462,4361,8491,4577,1433,5904,8180,5543,5345,5225,7718,5695,1451,930,11366,1333,3347,5293,6691,1289,5373,9866,7711,5309,4951,7456,8534,1493,1200,4423,960,2349,12064,3421,4121,6674,5690,5982,3707,6008,1447,6828,8161,4982,8481,2906,5787,6543,11990
3253,5370,4932,9497,4744,7003,4527,5243,6379,4301,2234,4681,4696,9233,8816,1682,9569,9198,1507,1035,10055,5110,3319,1507,6121,4995,9419,3902,9935,5107,1485,6331,5422,4588,1064,7458,5351,4158,6556,4140,4898,3518,10826,4968,1457,9685,8727,6077,4837,1831,5886,13361,2515,10928,10031,10266,4970,9259,4403,1507,3912,13152,13152,1571,0,4059,6645,5369,4815,1515,5666,7664,4850,4484,10493,7147,3558,2312,3825,9588,0,2524,0,4626,5010,1056,6972,0,6556,2533,5207,6430,5457,4559,2306,1464,5087,3018,4984,2334,5013,5757,5921,7351,1665,7172,1865,5456,3683,5435,8723,4492,8199,5905,9198,6430,9276,3728,4838,6010,5493,8721,6486,8572,5662,7125,6205,6261,6724,5594,3914,5243,3245,4362,6645,4788,3445,9022,3374,3552,6466,5849,4087,6589,6748,5819,10953,4942,5094,6203,6893,2423,5525,0,2034,9228,8199,6637,6408,4829,6160,4914,6999,5849,6215,5319,9580,6664,3646,5955,5213,8982,10571,7088,4798,5037,7826,6103,10141,4272,5943,5497,5285,2211,4213,4886,2020,5067,3496,2324,4474,9025,3233,4521,8197,9975,4303,0,3552,0,4140,3189,4087,9286,4303,2700,4923,7279,4561,4445,4244,6817,6297,2796,1173,9569,2224,2366,4797,5710,2180,4473,10661,8506,5061,4193,6556,9329,2384,0,4150,1328,2248,9414,2540,3143,5329,4790,5082,3433,5107,2366,5927,9930,4353,9276,1925,4886,5643,9339
3062,8902,3884,7976,9520,4108,1567,1666,8403,2897,5743,1890,9472,6792,5064,5907,9186,8099,5562,5259,6303,4364,4364,5562,3877,9762,7898,4970,7987,4916,4990,9311,9720,9780,5248,4836,4605,5226,2788,563,1939,3327,7074,4222,5681,9302,9010,8573,3810,5808,5808,7200,6453,7176,7589,6515,10162,8112,7834,5562,3227,12769,12769,5796,4990,0,7447,10561,3831,5976,2086,4418,9919,8324,6742,6764,2154,6467,8472,8067,4990,6679,4990,3222,9444,5280,7774,4990,2788,6688,9177,6047,8674,8536,6461,5688,9855,6061,9437,6489,3964,2178,5175,4105,5889,3926,5041,3211,2999,4689,4972,9267,4953,9253,8099,6047,5226,4288,8867,5627,3248,5475,6103,4821,2083,8965,3930,5515,7526,6397,3230,1666,4290,9010,7447,3384,6488,5776,7314,5835,8490,7873,5155,8613,8772,6678,7201,4197,2910,2624,7695,6648,9803,4990,6258,5477,4953,4081,6025,1766,5414,1954,9023,7873,7018,10087,8083,3405,2242,3711,7850,9265,6819,4100,3394,8351,3776,5357,6390,8966,8755,4751,1708,5254,8861,1926,6244,9835,2067,6667,5451,9308,6276,8361,4951,6224,8950,4990,5835,4990,563,4234,5155,6367,5495,5743,8120,4033,8028,3041,8891,4065,5552,5839,5397,9186,6449,6521,6071,8339,6404,1513,6910,4456,10253,8888,2788,5279,6318,4990,5341,5654,6226,6972,6695,2953,10097,3386,4033,4478,4916,6591,5182,7982,1394,5226,6190,1926,3398,6898
6153,2745,4179,351,3294,4171,7297,8014,1690,4337,8004,7451,3246,5122,6873,7855,4603,709,8017,7207,10484,9823,8932,8017,4826,3537,464,9381,1069,3221,7628,2830,3662,3963,7575,5378,10063,9793,9326,6910,7669,4379,11255,9680,7629,4720,1739,1693,4515,6122,10599,8661,6766,11357,5919,10695,3721,721,2461,8017,4322,8452,8452,7744,6938,6830,0,4029,4493,6776,8436,4832,3530,2642,10922,4314,4978,4865,3408,624,6938,5077,6938,4153,3218,7228,590,6938,9326,5086,5918,3598,2648,7354,4859,7636,3629,10628,3211,4887,4510,8528,10634,4519,7837,4340,7469,4990,4040,10147,6426,3041,5367,3096,709,3598,7122,10054,2641,3178,4610,5889,3654,6577,8432,1743,5739,10973,184,1382,4325,8014,8858,2974,0,3835,11055,6190,3770,10402,2265,1558,9722,1633,1892,1130,7926,9655,5094,8973,869,7350,3017,6938,8206,9658,5367,3805,3578,7600,10873,7684,1801,1558,746,3861,472,3832,6546,4660,1624,1477,11000,4256,5011,2125,10596,10816,10571,3902,1875,10209,8056,9821,2879,7656,8192,3609,6396,6097,9976,1053,10843,2679,5365,10405,3036,6938,10402,6938,6910,8801,9722,6780,9806,10310,1894,4447,2964,4251,2977,3985,11010,10407,7345,4603,8397,4919,11530,2113,8352,7243,11090,6986,3540,3823,9326,7801,6929,6938,9653,7602,6148,5302,5179,6121,3871,3675,4579,9046,3221,8539,10640,1065,7124,7122,5204,7656,5177,5227
8354,2615,7409,4264,1743,7402,9628,9900,2576,7321,6235,9504,1086,8622,9950,5684,8104,3868,6440,5647,10168,9649,8758,6440,8057,1314,4185,9364,3412,6452,6418,1998,2161,1140,5997,7857,9889,9619,12243,9241,10000,7610,11133,9506,6069,8221,4766,2368,7746,3905,10523,12162,4339,11234,9420,10380,506,3853,3065,6440,7553,11953,11953,5955,5698,9161,3750,0,7724,4479,11353,8063,1108,2316,10607,7545,8659,3569,2730,4079,5698,3425,5698,7384,1232,5668,3565,5698,12243,3790,3247,6748,2518,3991,3182,5598,1561,7951,1510,3176,7741,11445,10460,7750,5679,7571,7295,8067,7364,9973,9657,1821,8598,2148,3868,6748,10353,9572,2512,6409,7841,9120,6674,9808,11350,3290,8816,10800,3877,4660,7555,9900,8684,2052,3750,6839,8228,9421,2817,8485,2895,3646,9548,3018,3176,4388,11157,9481,8171,11891,3518,4822,1911,5698,6089,9342,8598,7035,6809,10000,10699,10015,3385,3646,4026,1157,3873,6817,8747,7891,3008,4505,10684,7487,8317,2634,11232,10381,10255,2292,2186,10036,9941,7144,1958,9987,5991,1541,8597,3802,10735,4119,7276,2506,8596,10089,2115,5698,8485,5698,9241,8627,9548,10011,9632,6786,2717,7678,3621,7193,2056,7216,10836,6803,4846,8104,5724,3623,11356,2596,5066,9574,10775,10136,1319,2214,12243,11032,4501,5698,9479,6052,3721,8803,3218,8322,1167,6906,7810,8872,6452,6337,10466,3407,9183,10353,3371,9987,8254,8728
1686,5625,327,4631,6046,1670,2396,2974,5057,791,6008,2578,5998,4015,3784,5859,5164,4754,5642,5212,4437,7643,7645,5642,2326,6297,4552,8094,4641,1176,4942,6034,6724,6435,5200,2125,7884,8506,4785,3354,2767,1635,5208,7501,5633,5281,5665,5227,22,5760,9185,5333,6405,5310,4812,4648,6817,4766,4489,5642,1618,6411,6411,5748,4942,3273,4102,7216,0,5928,3777,2331,6696,4978,4875,1814,1211,6565,5127,4722,4942,6777,4942,386,6312,5232,4429,4942,4785,6785,8247,687,5528,7598,6558,5641,6389,7154,6091,6587,408,3868,8454,2019,5841,1839,5309,1901,1390,7967,3925,5794,2867,5976,4754,687,4810,7874,5521,978,1083,3388,695,4076,3773,5582,3897,8794,4180,3051,1620,2974,7571,5664,4102,548,7580,3689,5489,9116,5145,4528,8435,5268,5426,3333,5426,7475,2006,4314,4350,6600,6526,4942,6210,3610,2867,261,1401,2698,8693,2783,5640,4528,3672,6621,4737,568,1115,2160,4504,5316,4953,762,194,5107,4306,8375,4523,5621,5409,8030,3016,6347,5515,2755,6196,6369,1672,6619,8729,4689,7049,5015,2864,4357,5605,4942,9116,4942,3354,7514,8435,4280,8773,6836,4774,829,4683,483,5546,749,8830,6932,5350,5164,6401,6618,9350,4994,6357,2346,5043,4404,6176,5542,4785,5002,6270,4942,8620,5606,6178,4195,6793,1871,6631,824,477,7759,1176,6543,8460,4637,2257,4810,6142,2755,2088,4121
4383,5498,6063,7302,4938,8134,5658,5929,6252,5431,2076,5533,4889,10522,8251,1524,10004,7425,1950,1197,9490,6241,4298,1950,7191,5122,7223,4747,7312,6238,2615,6459,5550,3967,2043,8589,6481,5159,7686,5270,6029,4649,10261,6098,1619,10121,8266,6205,5967,910,7114,14491,477,9812,11320,9702,4067,7218,4530,1950,5042,14283,14283,1795,1640,5190,6773,4467,5946,0,6796,7304,3947,4611,9928,8277,4689,2621,3953,7392,1640,2064,1640,5756,5138,1218,7100,1640,7686,2144,4157,7480,5585,3509,2234,1438,5215,3996,5112,2228,6143,6888,7052,7419,1519,7240,2852,6525,4814,6565,8159,4620,7688,6033,7425,7480,8711,4706,4966,7141,6562,7824,7406,8008,6793,7253,7244,6726,6851,5722,5044,5929,4223,4490,6773,5919,3977,8723,3502,4530,6594,5977,5088,6717,6876,5947,10388,6073,6224,7334,7021,1121,5652,1640,1875,8664,7688,7767,7539,6029,7291,6045,7349,5977,6343,5988,7408,5939,4776,7025,5341,8520,10006,6497,5929,5164,7261,7234,9577,3879,6071,6627,5971,2646,4341,6017,1831,5195,4627,1606,5452,8564,3116,4648,8265,9411,4430,1640,4530,1640,5270,4167,5088,8721,5282,2626,5050,8410,4689,5575,4371,7948,7428,2644,627,10004,1564,2455,6608,5838,1364,5603,10097,7941,4158,3800,7686,8764,342,1640,5128,2043,1198,10703,2270,4351,5998,5920,6212,4411,6238,2178,7058,7307,5212,8711,1942,6017,6712,10628
4388,10273,4066,9302,10718,4290,2147,2068,9774,4216,6265,2293,10670,6974,3625,7233,10511,9425,6120,6585,4864,2451,3801,6120,4059,10968,9224,4251,9313,6242,6316,10682,11395,11106,5678,5018,2691,4663,1377,1680,2704,4653,5635,2944,7007,10628,10336,9944,3992,7134,3385,5761,7779,5737,7772,5076,11488,9219,9160,6120,4547,7290,7290,7122,6316,3136,8773,11887,4014,7302,0,4600,11245,9650,5302,5515,3515,7793,9798,9393,6316,8005,6316,4309,10983,6606,9100,6316,1377,8014,10503,7373,10046,9862,7787,7014,11061,6583,10778,7815,4146,88,3262,4288,7215,4108,5563,3394,4818,2775,3533,10465,3625,10624,9425,7373,4085,3009,10208,6953,3430,5029,7218,3382,176,10337,3265,4237,8852,7722,4549,2068,3727,10336,8773,4471,7009,4097,8640,6357,9862,9155,4592,9985,10143,8004,5762,2918,3093,614,9021,7974,11174,6316,7584,4038,3625,4264,7351,2168,4136,2719,10395,9155,8344,11292,9409,4492,3561,3893,9222,10590,5380,4282,4474,9722,2635,3183,4951,10292,10126,2837,2110,5775,10186,2691,7570,11040,2832,7993,4173,10634,6797,9686,3623,4785,10276,6316,6357,6316,1680,4755,4592,4095,4216,6265,9492,4216,9354,4360,10217,4248,4273,6361,6723,10511,7775,7847,4793,9711,7730,2012,5470,3315,11579,10214,1377,4138,7644,6316,4063,6980,7552,7155,8021,4279,11302,4706,4215,4198,6242,7917,3904,9308,1873,4085,7515,2691,3581,7080
3233,6628,1763,5703,7246,1592,2969,2563,6129,2411,7958,2788,7198,3996,1801,7420,5153,5826,7813,6772,2400,6333,6579,7813,108,7369,5624,7028,5713,2795,6503,7038,7446,7507,7371,2040,6574,7440,5426,3645,4397,3255,3171,6191,7194,5270,6737,6300,1689,7558,7777,3398,8594,3466,4803,2612,7889,5620,5561,7813,3237,4826,4826,7309,6503,4049,5174,8288,1710,7489,4113,0,7645,6050,2838,2886,2830,7637,6199,5794,6503,7849,6503,2005,7170,6793,5501,6503,5426,7857,9866,2169,6401,9218,7630,7201,7461,8275,7163,7659,1326,4205,7144,1076,7402,1130,7256,1090,3009,6658,1888,6994,830,6980,5826,2169,2773,6565,6593,2598,864,1352,2225,2040,4110,6692,1860,7484,5253,4123,3239,2563,6505,6736,5174,2407,8702,1652,6426,8049,6217,5600,7369,6340,6498,4405,3389,6166,1195,4651,5422,8161,7529,6503,7771,1574,830,1960,2473,2663,7383,4412,6750,5600,4744,7693,5809,2403,2734,273,5577,6098,2916,1304,2056,6077,2817,7326,2487,6693,6481,6720,2605,7468,6587,4384,7757,7441,3219,8180,7420,5761,8490,6087,828,2321,6677,6503,8049,6503,3645,6448,7369,2243,7464,7957,5847,1237,5755,2103,6618,1269,7521,8054,6910,5153,7962,7691,8040,6066,7917,3209,3006,2368,7979,6614,5426,2966,7831,6503,7310,7635,7976,4176,7865,3432,7703,2444,1395,6693,2795,8993,7151,5709,3566,2773,7702,4384,1277,4102
8447,2107,6472,4077,1162,6465,9591,10307,2982,6384,5681,9745,1113,8204,9012,5130,7686,4200,5405,5093,9231,9212,8321,5405,7120,1732,3999,8770,3843,5515,5864,2513,2159,586,5443,6920,9453,9183,11620,9204,9963,6673,10002,9070,5515,7802,4580,2935,6809,3350,10086,13019,3785,10297,9002,9443,563,3994,2127,5405,6616,12810,12810,5401,5144,9123,3548,870,6787,3925,10730,7126,0,1378,9669,6608,7272,3146,1745,4168,5144,2871,5144,6447,1747,5114,3875,5144,11620,3366,2693,5891,2314,3437,2628,5044,1825,7397,1722,2622,6804,10821,10023,6813,5125,6633,6858,7283,6334,9537,8720,1190,7661,2663,4200,5891,9415,9443,1575,5472,6903,8183,5737,8871,10726,3801,7878,10363,3627,3723,6618,10307,8247,1245,3548,5901,7680,8483,1881,8502,3326,2709,9111,3449,3608,3451,10220,9044,7388,11267,3796,4441,2426,5144,5481,8405,7661,6098,5872,10408,10262,9978,3859,2709,3089,2056,4184,5880,8840,6954,2070,4762,9747,6550,6473,1894,12890,9944,9318,1738,2701,9599,10349,6590,1028,9950,5437,1804,8690,3248,10298,4135,6722,1569,7659,9152,1185,5144,8502,5144,9204,8190,9111,9074,9196,6232,1780,6741,2684,6256,1126,6279,10399,6249,4292,7686,5169,3199,10919,2567,4685,9537,9837,9199,382,1659,11620,10094,3947,5144,9042,5497,2970,8384,2664,8415,2066,5969,6873,8435,5515,5783,10029,3839,9418,9415,2817,9950,7470,8310
7000,900,5025,3189,1131,5017,8144,8860,2094,5183,5571,8298,1083,7444,7719,5422,7780,3312,5246,4774,7784,8595,7704,5246,5673,1381,3110,8154,2955,4068,6400,1932,1809,2161,4804,5472,8836,8566,10173,7757,8515,5225,8555,8453,5196,7897,3692,2046,5361,3593,9371,11572,4189,8850,8242,7996,1558,3106,523,5246,5169,11363,11363,5311,4505,7676,2660,1865,5340,4248,9283,5678,1367,0,8222,5161,5825,2330,928,3280,4505,2541,4505,5000,1396,4795,2987,4505,10173,2550,3364,4444,1426,4108,2323,5203,1474,6758,1065,2351,5357,9374,9406,5366,5404,5186,6241,5836,4886,8920,7272,878,6214,1874,3312,4444,7968,8827,879,4025,5456,6735,4500,7424,9279,2913,6585,9746,2738,2275,5171,8860,7630,950,2660,4682,7184,7036,1177,9175,2438,1821,8495,2561,2720,2500,8773,8428,5941,9820,2908,4834,1911,4505,5773,6958,6214,4651,4425,8446,9645,8531,2971,1821,2200,1705,3295,4679,7392,5507,1182,3874,8300,5103,5858,1005,11443,9588,7871,968,1912,8982,8902,5950,733,8503,5841,1454,7243,3569,8749,3247,6972,336,6212,7705,890,4505,9175,4505,7757,7573,8495,7627,8579,6439,891,5294,1237,5097,831,4832,9783,6536,4283,7780,5574,2383,10302,1679,5078,8090,8390,7833,1377,1269,10173,8647,4352,4505,8426,5068,3492,7625,2557,6968,1716,4521,5426,7818,4068,6188,9413,2950,7970,7968,2668,8503,6023,7550
6340,9362,4641,8352,9768,4241,6076,5670,8824,5455,11238,5894,9720,4050,3854,12034,7256,8475,11890,11387,1207,7951,8666,11890,3602,10018,8274,9115,8363,6062,11117,9771,10179,10156,11448,4969,8191,9527,7043,8018,7677,6576,403,7808,11809,4736,9300,8995,4955,12173,9394,2662,12581,505,3814,613,10538,8269,8210,11890,6558,3837,3837,11623,11117,7937,7823,10937,4977,12104,5730,4082,10295,8700,0,5466,6097,10286,8848,8443,11117,10498,11117,5272,10033,11408,8150,11117,7043,10507,13245,4818,9264,12485,10280,11816,10111,11556,10004,10308,4546,5822,8762,3726,12017,4059,10536,4357,6276,8275,2273,9515,3105,9713,8475,4818,1396,7874,9258,5531,4329,2969,4875,2424,5727,9304,3477,9101,7902,6772,6561,5670,8592,9386,7823,5056,11982,2036,9210,11330,8912,8206,9456,9035,9194,7054,530,7783,4461,6268,8071,12775,10263,11117,12386,1758,3105,5227,5123,5770,9001,7692,9362,8206,7394,10342,8459,5053,6434,3768,8272,9038,148,4233,5323,8772,2858,8683,1155,9342,9177,8337,5712,10748,9237,7664,12372,10090,6326,12795,9037,8411,11770,8737,3126,636,9326,11117,11330,11117,8018,9189,9456,1798,9081,11238,8542,4166,8404,5369,9267,4198,9138,11334,11525,7256,12576,10340,9658,8761,12532,6316,238,2752,9898,9264,7043,1589,12445,11117,8928,11712,12590,3962,10514,6539,10352,5710,4615,9063,6062,12273,8768,8358,6846,1396,12317,7664,4544,3921
3126,5729,1851,4804,6347,1352,3836,3791,5230,2009,7851,4016,6299,2309,4201,7299,3459,4927,7155,6651,4419,9332,9334,7155,2308,6590,4725,9783,4814,2616,6382,6138,6547,6608,6712,312,9572,10195,6623,4873,4207,3075,5191,9189,7073,3576,4427,5400,2187,7437,10722,4914,8598,5293,3107,4631,6990,4939,4662,7155,3058,4520,4520,7188,6382,4713,4275,7389,2166,7368,5310,2314,6746,5151,4858,0,2651,6745,5300,4894,6382,6957,6382,1825,6271,6672,4602,6382,6623,6965,7810,1270,5502,9038,6738,7081,6682,8666,6264,6767,2309,5402,10143,1649,7281,1470,6749,2318,2829,9656,3908,6095,2849,6080,4927,1270,4793,9563,5694,1983,2092,3371,1326,4059,5307,5793,3880,10482,4353,3224,3060,3791,9259,5837,4275,1508,9093,3672,5662,10804,5318,4700,10124,5441,5599,3505,5409,9164,2423,5848,4523,8040,6630,6382,7650,3593,2849,1477,919,3891,10382,4223,5851,4700,3845,6914,4910,1504,2555,2143,4677,4682,4936,1996,2683,5178,4836,10064,4506,5794,5582,9718,3833,7859,5688,4195,7636,6662,3112,7984,10418,4725,8881,5188,2847,4340,5777,6382,10804,6382,4873,8238,10124,4263,10462,8348,4947,1929,4856,1923,5719,1657,10519,8445,6790,3459,7841,6799,11039,5167,7796,3786,5026,4387,7080,5715,6623,5175,8760,6382,10309,6977,7979,2489,7010,3311,6924,2264,2252,8483,2616,7983,9184,4809,3697,4983,7076,4195,2505,2415
534,7793,1956,6867,8411,2941,1244,1822,7294,1324,5259,1398,8362,5999,4271,4707,8076,6990,4490,4059,5510,5775,5777,4490,3083,8653,6789,6383,6878,3083,3790,8202,8610,7620,4048,3346,6015,6616,3633,2202,1615,1112,6281,5632,4481,8193,7901,7464,1860,4608,8033,6407,5253,5832,6796,5722,8002,7003,6725,4490,1655,11660,11660,4606,3790,2121,6338,8401,1839,4776,2625,3625,7759,7215,5949,3084,0,5344,7363,6958,3790,5556,3790,1649,8335,4080,6665,3790,3633,5564,9510,1951,7565,8862,5337,4489,8746,6002,8328,5366,2036,2716,6586,3312,4689,3133,4157,2479,1426,6099,4179,8158,3581,8144,6990,1951,4604,6006,7757,2242,2516,4682,1958,4028,2621,7856,3137,6926,6417,5287,1657,1822,5703,7901,6338,1812,6428,4983,6114,7247,7381,6764,6545,7504,7663,5569,6408,5607,2117,3162,6586,5448,8694,3790,5058,4684,3581,2575,2672,1546,6825,1631,7914,6764,5909,8977,6974,1832,669,2918,6741,8155,6026,2390,1822,7242,3154,6768,5597,7857,7646,6162,1864,5195,7751,1603,5044,8725,520,5467,6861,8199,6299,7252,4158,5431,7841,3790,7247,3790,2202,5646,6545,5574,6905,5684,7011,3240,6919,1468,7782,2755,6962,5827,4198,8076,5249,5398,7482,7230,5205,1194,6117,3834,8093,7779,3633,4657,5118,3790,6752,4454,5026,6179,5789,719,8987,1813,2105,5891,3083,5391,6592,6873,1105,4604,4990,1603,2666,6105
4808,4178,6795,5798,3368,6787,5775,6799,5003,5856,3387,5958,3320,9402,10371,3238,8883,5921,3062,2590,9553,7426,4875,3062,7442,3619,5719,5302,5607,5838,3040,4587,4046,2603,2620,7192,7667,5714,8111,5695,6147,5073,10518,7284,3012,9000,7145,4749,6392,1409,8203,12941,2406,10620,10199,9765,2985,5715,3027,3062,5467,12732,12732,3137,2321,5615,5269,3384,6371,2064,7221,7448,2741,3107,9992,6931,5113,0,2449,5889,2321,183,2321,6769,3634,2611,5596,2321,8111,366,3805,6214,4081,4098,222,3019,3711,4573,3608,184,7127,7313,8237,7136,3220,6956,3421,7011,5238,7751,9042,3116,7983,4529,5921,6214,9738,7658,3462,5794,7226,8505,6059,9193,7217,5671,7669,8577,5347,4218,5469,6799,4801,2986,5269,6224,5000,8806,1998,5107,5090,4473,5643,5213,5372,4443,10543,7259,6649,7758,5517,3347,4148,2321,3589,8727,7983,6421,6195,6899,8476,6163,5623,4473,4839,3943,5904,6203,5201,7277,3837,7400,10070,6872,6354,3660,9381,8419,9640,2796,4567,7813,6840,3766,2837,6134,3575,3691,5051,1385,8513,7443,4785,3144,7981,9474,2926,2321,5107,2321,5695,4744,5643,9397,5859,4255,3546,7063,3185,6578,2867,6601,8614,4352,2099,8883,3628,283,9133,4321,3735,5721,10160,10061,3075,2717,8111,10417,2568,2321,5705,2884,1787,9582,225,4776,3953,6291,7196,4989,5838,3922,8244,5602,5637,9738,377,6134,7198,9507
7439,1688,5464,3658,1063,5457,8583,9299,2563,5623,6226,8737,1014,7884,8158,5674,8219,3781,5498,5026,8223,9035,8144,5498,6112,1313,3579,8750,3424,4507,5476,2093,1740,1732,5056,5862,9275,9005,10612,8196,8955,5665,9188,8892,5448,8336,4161,2516,5801,3845,9811,12011,4441,9289,8681,8435,1490,3793,962,5498,5608,11802,11802,5573,4757,8115,3129,1797,5779,4500,9722,6118,1299,802,8661,5600,6264,2582,0,3749,4757,2793,4757,5439,1328,5047,3456,4757,10612,2802,3616,4883,1895,4360,2575,5456,1405,7010,1302,2604,5796,9813,9846,5805,5656,5626,6681,6276,5326,9359,7712,810,6653,2243,3781,4883,8408,8958,1156,4464,6312,7175,4940,7863,9718,3443,7024,10185,3208,2715,5610,9299,8069,681,3129,5121,7436,7475,1430,7543,2907,2290,8934,3030,3189,2939,9212,8867,6380,10259,3377,5086,1843,4757,6025,7397,6653,5090,4864,9400,10084,8970,3440,2290,2670,1637,3764,5118,7832,5946,1651,4343,9144,5542,6297,1475,11882,10027,8310,1220,2281,9421,9341,6202,531,8942,6011,1385,7682,3821,10121,3716,7224,839,6651,8144,621,4757,7543,4757,8196,8013,8934,8066,9018,6692,1361,5733,1676,5537,562,5271,10222,6788,4535,8219,5826,2635,10744,2148,5330,8529,8829,8272,1192,1521,10612,9086,4604,4757,8865,5320,3744,8064,2854,7330,1647,4961,5865,8257,4507,6358,9852,3419,8410,8408,2920,8942,6462,7989
6357,2310,4382,827,3520,4375,7501,8217,1066,4541,8840,7655,3471,4954,7076,8289,4435,431,8221,7641,10316,10256,9366,8221,5030,3762,748,9815,471,3425,8061,1901,2310,4189,7779,5210,10497,10227,9530,7114,7873,4583,11087,10114,8063,4552,1404,1069,4719,6555,11033,8493,7200,11189,5751,10527,3947,415,2686,8221,4526,8284,8284,8188,7371,7033,313,4254,4697,7210,8640,5036,3755,2867,10754,4518,5182,5299,3611,0,7371,5511,7371,4357,2514,7662,255,7371,9530,5520,6122,3801,2095,7788,5293,8070,2612,11062,2134,5321,4714,8731,11067,4723,8271,4544,7902,5194,4244,10581,6630,3267,5571,1843,431,3801,7325,10180,2866,3382,4814,8517,3858,6781,8636,1462,5942,11407,440,1586,4528,8217,9291,3321,313,4039,11489,6393,3974,10836,1435,1584,10156,1009,1268,1334,11214,10089,5298,9177,246,7554,2241,7371,8640,9490,5571,4008,3782,8318,11306,7888,1520,1584,972,2844,436,4036,6750,4864,1850,1142,10832,4460,5215,2351,7866,11249,10403,4106,1251,10643,8259,10255,3104,7860,8626,2592,6600,6531,11343,682,11277,2904,5569,10237,3261,7371,10836,7371,7114,9235,10156,6984,10240,10744,2120,4651,3167,4455,3203,4189,11444,10840,7779,4435,8830,5353,11966,1760,8786,7447,10922,7190,3766,4027,9530,8004,7363,7371,10087,8036,6582,5134,5613,6248,2854,3879,4783,9479,3425,8972,11074,467,7328,7325,5638,7860,5380,5059
3253,5370,4932,9497,4744,7003,4527,4798,6125,4301,1877,4681,4696,9233,7339,1682,9569,9198,1507,1035,8578,5110,3319,1507,6060,4995,9419,3902,9935,5107,1485,6331,5422,4588,1064,7408,5351,4158,6556,4140,4898,3518,10734,4968,1457,9685,8727,6077,4837,1831,5886,13361,2229,10836,10031,8790,4970,9259,4403,1507,3912,13152,13152,1582,0,4059,6645,5369,4815,1752,5666,7664,4850,4484,9016,7147,3558,2312,3825,9588,0,2524,0,4626,5010,1056,6972,0,6556,2533,5207,6430,5457,4559,2306,1464,5087,3018,4984,2334,5013,5757,5921,7351,1665,7172,1865,5456,3683,5435,7247,4492,8199,5905,9198,6430,7581,3728,4838,6010,5493,8721,6486,7096,5662,7125,6205,6261,6724,5594,3914,4798,3245,4362,6645,4788,3445,9022,3374,3552,6466,5849,4087,6589,6748,5819,10759,4942,5094,6203,6893,2423,5525,0,2034,7752,8199,6637,6408,4829,6160,4914,7221,5849,6215,5319,7280,6664,3646,5894,5213,8982,9094,7088,4798,5037,6131,5842,8665,4272,5943,5497,4840,2211,4213,4886,2020,5067,3496,2324,4474,9025,3229,4521,8197,8499,4303,0,3552,0,4140,3189,4087,9613,4303,2700,4923,7279,4561,4445,4244,6817,6297,2796,1173,9569,2224,2366,4797,5710,2180,4473,9184,6811,5061,4193,6556,10633,2093,0,4150,1328,2248,9414,2757,3143,5329,4790,5082,3433,5107,2366,5927,9930,4082,7581,1925,4886,5643,9339
4672,4198,6471,5818,3389,6463,5640,6663,5023,5720,3252,5822,3340,9078,9165,3102,8559,5941,2927,2455,9229,7120,4739,2927,7118,3639,5740,5166,5627,5514,2905,4607,4066,2829,2484,6868,7360,5578,7976,5560,6012,4938,10194,6977,2876,8676,6821,4769,6807,1274,7896,12617,2270,10296,9875,9441,3211,5735,3047,2927,6615,12408,12408,3002,2185,5479,5289,3610,6786,1929,7085,7124,2968,3128,9668,6607,4978,183,2469,5909,2185,0,2185,6445,3654,2476,5616,2185,7976,133,4032,5890,4101,3962,243,2884,3731,4438,3628,271,6802,7177,7931,6811,3085,6632,3285,7282,6332,7444,8718,3136,7659,4549,5941,5890,9414,7351,3482,5470,6902,8181,5946,8869,7082,5692,8031,8270,5368,4238,6617,6663,4665,3007,5289,6128,4865,8482,2018,4971,5110,4493,5507,5233,5392,4463,10218,6952,7387,7623,5537,3212,4169,2185,3453,8403,7659,6097,5871,6763,8169,6027,5787,4493,4860,3963,5924,6124,5065,6953,3857,7076,10150,6548,6218,3681,9246,8112,9316,2916,4587,7506,6705,3631,2857,5999,3440,3711,4916,765,8206,7119,4649,3165,7657,9150,2947,2185,4971,2185,5560,4608,5507,9073,5723,4120,3567,6739,3206,6254,2888,6277,8307,4216,1963,8559,3655,465,8827,4341,3600,5586,9836,9926,3302,2837,7976,10093,2433,2185,5570,2748,1652,9258,312,4640,3973,5967,6871,4853,5514,3786,7937,5623,5502,9414,180,5999,7469,9183
3253,5370,4932,9497,4744,7003,4527,4798,6125,4301,1877,4681,4696,9233,7339,1682,9569,9198,1507,1035,8578,5110,3319,1507,6060,4995,9419,3902,9935,5107,1485,6331,5422,4588,1064,7408,5351,4158,6556,4140,4898,3518,10734,4968,1457,9685,8727,6077,4837,1831,5886,13361,2229,10836,10031,8790,4970,9259,4403,1507,3912,13152,13152,1582,0,4059,6645,5369,4815,1752,5666,7664,4850,4484,9016,7147,3558,2312,3825,9588,0,2524,0,4626,5010,1056,6972,0,6556,2533,5207,6430,5457,4559,2306,1464,5087,3018,4984,2334,5013,5757,5921,7351,1665,7172,1865,5456,3683,5435,7247,4492,8199,5905,9198,6430,7581,3728,4838,6010,5493,8721,6486,7096,5662,7125,6205,6261,6724,5594,3914,4798,3245,4362,6645,4788,3445,9022,3374,3552,6466,5849,4087,6589,6748,5819,10759,4942,5094,6203,6893,2423,5525,0,2034,7752,8199,6637,6408,4829,6160,4914,7221,5849,6215,5319,7280,6664,3646,5894,5213,8982,9094,7088,4798,5037,6131,5842,8665,4272,5943,5497,4840,2211,4213,4886,2020,5067,3496,2324,4474,9025,3229,4521,8197,8499,4303,0,3552,0,4140,3189,4087,9613,4303,2700,4923,7279,4561,4445,4244,6817,6297,2796,1173,9569,2224,2366,4797,5710,2180,4473,9184,6811,5061,4193,6556,10633,2093,0,4150,1328,2248,9414,2757,3143,5329,4790,5082,3433,5107,2366,5927,9930,4082,7581,1925,4886,5643,9339
2327,5169,1363,4243,5787,1783,3036,3360,4670,995,6863,3584,5739,4127,3769,6312,5640,4367,6095,5664,4549,7257,7259,6095,2552,5909,4165,7865,4254,790,5395,5578,5987,6047,5653,2188,7498,8098,7264,4848,3408,1304,5320,7115,6086,5757,5464,4840,1268,6213,8603,5446,6858,5615,4925,4761,6429,4379,4101,6095,1287,9223,9223,6211,5395,4767,3714,6829,1246,6381,6374,2444,6186,4591,4988,1926,1851,6178,4739,4334,5395,6389,5395,0,5711,5685,4042,5395,7264,6398,8886,645,5072,8238,6171,6093,6002,8956,5704,6199,1443,6465,8068,2131,6294,1952,5761,1887,1004,7582,4038,5534,2979,5520,4367,645,4922,7489,5134,593,1923,3501,652,3526,6370,5232,2636,8408,3793,2664,1289,3360,7185,5277,3714,442,9698,3802,5102,8730,4757,4140,8027,4880,5039,2945,5538,7090,1991,6911,3962,7053,6070,5395,6663,3723,2979,1417,1879,3460,8307,3423,5291,4140,3285,6234,4350,452,1755,2386,4117,4929,5065,1868,1229,4618,4559,8250,4636,5234,5022,7644,3401,8149,5128,3395,6649,5982,2312,7072,8344,5762,7904,4628,2977,4470,5217,5395,8730,5395,4848,7128,8027,4393,8388,8638,4387,2059,4295,867,5158,1597,8445,7431,5802,5640,6854,6231,8964,4606,6809,2987,5156,3883,6520,5155,7264,5413,6723,5395,8234,6059,6631,4308,6450,2512,6244,580,1512,7373,790,6996,8075,4249,2898,4922,6594,3395,2074,4233
8447,1456,6473,3104,2223,6465,9591,10308,1417,6384,8210,9745,2271,7463,9013,7658,6945,2709,7483,7011,9231,10043,9152,7483,7120,1794,3026,9758,2252,5515,7848,838,817,3630,7040,6870,10283,10013,11620,9204,9963,6673,10196,9900,7433,7061,3607,1208,6809,5830,10819,11002,6426,10297,8261,9443,3388,2693,2128,7483,6616,10793,10793,7558,6741,9124,2591,2172,6787,6485,10730,7126,3197,2309,9670,6608,7302,4566,3128,2920,6741,4778,6741,6447,0,7032,2405,6741,11620,4787,5639,5892,1358,6383,4560,7440,1244,8994,350,4588,6804,10822,10854,6813,7641,6634,7689,7130,6334,10367,8720,2301,7661,988,2709,5892,9416,9966,1152,5472,6904,8183,5737,8871,10727,2131,7879,11194,2718,3723,6619,10308,9078,2763,2591,5902,9421,8484,3497,10623,1735,2333,9942,1858,2017,3451,10220,9875,7235,11268,2359,7071,752,6741,8010,8405,7661,6099,5872,10408,11093,9979,2226,2333,3089,1348,2713,5881,8840,6954,2071,3345,9747,6550,6473,1475,12891,10775,9318,3622,1026,10430,10350,8187,2546,9950,8078,1224,8691,5805,11129,2960,9209,2346,7659,9152,2703,6741,10623,6741,9204,9021,9942,9075,10026,8676,1780,6741,2684,6256,2644,6279,11230,8773,6519,6945,7811,4620,11752,1436,7314,9537,9838,9199,3207,3544,11620,10095,6588,6741,9873,7305,5808,7643,4839,8338,1338,5969,6873,9266,5515,8424,10860,2248,9418,9416,4905,9950,7317,7569
3862,6061,5542,7864,5435,7613,4830,5853,6815,4910,978,5012,5387,9843,9425,684,10178,9807,861,21,10664,5720,3208,861,6670,5685,7786,3791,7875,5717,1828,6654,6113,4643,953,8018,5960,4047,7165,4749,5201,4128,11435,5577,414,10295,9337,6768,5446,1535,6496,13970,1695,11537,13739,10876,5025,9868,5093,861,4521,13762,13762,620,909,4669,7335,5424,5425,1218,6275,6783,4905,5174,11103,7756,4168,3003,4515,7955,909,3022,909,5235,5700,0,7663,909,7165,3223,5107,6959,6147,4467,2996,503,5778,2907,5675,3025,5622,6367,6531,7961,1126,7782,1763,6066,4293,6044,9333,5182,7167,6596,7988,6959,9886,3617,5529,6620,6102,7303,6885,9182,6272,7816,6723,5516,7414,6285,4523,5853,3134,5053,7335,5398,2599,9897,4065,3440,7157,6540,3976,7280,7438,6509,11562,5552,5703,6813,7584,1885,6215,909,1035,9838,7167,7246,7018,5953,6770,5217,7690,6540,6906,6009,7971,5418,4255,6504,5904,9591,11180,5976,5408,5727,8436,6713,10751,4837,6634,6106,5895,1549,4904,5189,1033,5757,4106,2232,4362,9634,2018,5211,8807,10585,4993,909,3440,909,4749,3077,3976,9895,4192,1528,5613,7889,5252,5054,4934,7427,5800,1546,639,10178,1685,3056,4686,6400,1641,4780,11271,9115,5116,4758,7165,9938,1560,909,4039,576,2156,10023,3228,3830,6019,5399,5691,3322,5717,1380,6537,7870,4691,9886,2615,5189,6252,9949
8500,3153,4897,1153,4034,5995,9645,10361,1580,6588,10265,9799,3986,5052,8844,9713,4534,434,9875,9065,10414,11681,10790,9875,6951,4097,1075,11396,898,5569,9486,2430,3119,4703,9433,5308,11921,11651,11673,9257,10016,6726,11185,11539,9487,4650,1196,1584,6861,7980,12457,8591,8625,10736,5850,10626,4461,525,3201,9875,6821,8382,8382,9612,8796,9177,976,4645,6839,8635,10783,6957,4270,3382,10853,5399,7444,6724,4126,515,8796,6935,8796,4872,3356,9086,0,8796,11673,6944,6636,4316,2610,9212,6717,9495,3455,12486,2977,6745,6952,10875,12492,6292,9695,6113,9327,7480,6538,12005,8551,3782,8752,2401,434,4316,9247,11604,3381,3897,6735,8616,4161,8702,10780,1200,9124,12832,766,2101,6823,10361,10716,3836,976,4554,12913,8315,4488,12261,1949,2099,11580,1408,1783,1849,11312,11513,7584,11321,760,9463,3235,8796,10064,9588,8752,4523,6077,10461,12731,10032,1258,2099,1486,3650,762,4550,8893,6786,2364,934,10930,6639,6822,2865,10315,12674,10501,4620,1766,12068,10403,11679,3619,10004,10050,3434,8744,7955,12767,1700,12701,3419,8773,10335,3776,8796,12261,8796,9257,10659,11580,8906,11664,12168,2634,6572,3682,6460,3717,4704,12868,12265,9203,4534,10255,6777,13390,2275,10210,9590,11021,9626,4164,4542,11673,12022,8787,8796,11511,9697,8006,5232,7037,8391,3640,6173,7021,10904,5569,10397,12498,894,9471,9247,7062,10004,7667,5158
3253,5370,4932,9497,4744,7003,4527,4798,6125,4301,1877,4681,4696,9233,7339,1682,9569,9198,1507,1035,8578,5110,3319,1507,6060,4995,9419,3902,9935,5107,1485,6331,5422,4588,1064,7408,5351,4158,6556,4140,4898,3518,10734,4968,1457,9685,8727,6077,4837,1831,5886,13361,2229,10836,10031,8790,4970,9259,4403,1507,3912,13152,13152,1582,0,4059,6645,5369,4815,1752,5666,7664,4850,4484,9016,7147,3558,2312,3825,9588,0,2524,0,4626,5010,1056,6972,0,6556,2533,5207,6430,5457,4559,2306,1464,5087,3018,4984,2334,5013,5757,5921,7351,1665,7172,1865,5456,3683,5435,7247,4492,8199,5905,9198,6430,7581,3728,4838,6010,5493,8721,6486,7096,5662,7125,6205,6261,6724,5594,3914,4798,3245,4362,6645,4788,3445,9022,3374,3552,6466,5849,4087,6589,6748,5819,10759,4942,5094,6203,6893,2423,5525,0,2034,7752,8199,6637,6408,4829,6160,4914,7221,5849,6215,5319,7280,6664,3646,5894,5213,8982,9094,7088,4798,5037,6131,5842,8665,4272,5943,5497,4840,2211,4213,4886,2020,5067,3496,2324,4474,9025,3229,4521,8197,8499,4303,0,3552,0,4140,3189,4087,9613,4303,2700,4923,7279,4561,4445,4244,6817,6297,2796,1173,9569,2224,2366,4797,5710,2180,4473,9184,6811,5061,4193,6556,10633,2093,0,4150,1328,2248,9414,2757,3143,5329,4790,5082,3433,5107,2366,5927,9930,4082,7581,1925,4886,5643,9339
4824,10747,5198,9738,11154,5423,2950,2872,10164,4464,7068,3096,11105,8107,4757,7669,10947,9861,6924,7021,5996,3585,4300,6924,5191,11404,9659,4749,9748,8034,6752,11156,11831,11542,6481,6151,3825,5161,0,2483,3507,5089,6767,3442,7443,11064,10772,10335,5125,7570,4931,6893,8215,6318,8904,6208,11924,9655,9596,6924,5483,8422,8422,7568,6751,3572,9209,12323,5146,7738,1331,5733,11680,10085,6435,8525,3722,8229,10234,9829,6751,8441,6751,5441,11419,7042,9536,6751,0,8449,10939,7808,10436,10298,8223,7450,11496,7386,11214,8251,5279,1423,4396,5420,7651,5241,6366,4526,5254,3909,4665,10901,4758,11098,9861,7808,5218,3508,10628,7389,4563,6162,7654,4514,1604,10689,4398,4736,9288,8158,5485,2872,4226,10772,9209,7819,8128,5229,9076,7160,10252,9591,5090,10375,10534,8440,6894,3417,4225,1208,9457,8410,11496,6751,8020,5170,4758,5396,7787,2972,4635,3523,10785,9591,8779,11728,9844,7797,3809,5026,9657,10133,6513,5415,5492,10158,3768,4317,6083,10728,10517,3972,2914,6579,10622,3495,8006,11476,3634,8429,4671,9796,7601,10122,4756,5917,10712,6751,7160,6751,2483,4823,5090,5228,4715,7068,9927,5348,9790,4608,10653,5380,4772,7164,7159,10947,8210,8283,5292,10101,8166,2816,6603,4447,12015,10649,0,5270,8080,6751,4562,6745,7987,8287,8674,4715,11738,7883,5348,4697,8034,8352,4402,9744,2676,5218,7951,3495,4713,8213
5084,4560,6832,6179,3750,6824,6358,7075,5384,6132,3352,6234,3702,9439,10647,3193,8920,6303,2857,2546,9591,7599,5205,2857,7480,4000,6101,5632,5989,5875,3316,4969,4427,3115,2950,7229,7840,6044,8387,5971,6730,5349,10556,7457,2967,9037,7182,5131,6668,1054,8375,12978,2051,10657,10236,9802,3497,6096,3408,2857,5743,10770,10770,3093,2597,5891,5650,3896,6647,1709,7497,7485,3254,3489,10029,6968,5389,544,2830,6270,2597,361,2597,6807,4015,2566,5978,2597,8387,0,4391,6251,4462,3743,604,2975,4093,4904,3990,632,7164,7589,8410,7173,3175,6993,3760,7287,5514,7923,9079,3497,8021,4911,6303,6251,9775,5613,3843,5832,7263,8542,6096,9230,7493,6053,7945,7513,5729,4600,5745,7075,5131,3368,5650,6489,5330,8843,2380,5437,5472,4855,5973,5595,5753,4824,10580,7431,6925,8034,5898,2992,4530,2597,3544,8765,8021,6458,6232,7175,8649,6745,6005,4855,5221,4324,6286,6486,5477,7314,4219,7437,10107,6910,6630,4042,9657,8592,9677,3308,4949,7986,7116,4096,3218,6717,3530,4072,5327,757,6359,7480,4392,3526,8018,9512,3308,2597,5437,2597,5971,5074,5973,9434,6189,3902,3928,7101,3567,6616,3249,6639,8786,3920,1744,8920,3273,827,7395,4702,3691,6304,10197,10337,3588,3230,8387,10454,2213,2597,6036,2950,1433,9619,673,4975,4334,6328,7233,5319,5875,3877,8416,5984,5913,9775,425,6717,7474,9545
7756,4613,7608,6438,3668,7600,9030,9301,5488,7519,6067,9184,3619,10027,10148,5299,10005,6561,5529,5217,10366,9970,7822,5529,8255,4238,6359,8503,6448,6650,5988,5574,4665,2415,5567,8005,10210,8053,11059,8643,9401,7808,11331,9827,5639,10122,6941,5441,7944,3474,10746,14155,3909,11432,10824,10578,2797,6354,3666,5529,7751,13946,13946,5785,5268,8562,5909,3196,7922,4049,10169,8261,2553,3710,10805,7743,8061,3890,3051,6528,5268,3746,5268,7582,4253,5238,6236,5268,11059,4111,0,6947,4820,1276,3503,5467,4331,6334,4227,3497,7939,10260,10781,7948,5603,7769,6368,8265,7562,10294,9855,3696,8796,5268,6561,6947,10551,8231,4081,6607,8039,9318,6872,10006,10165,6369,9014,8981,5987,4858,7754,9301,7748,3751,5909,7037,5962,9619,3138,6785,5730,5113,8503,5853,6737,5082,11355,9802,8370,10706,6157,4203,4768,5268,5156,9540,8796,7234,7007,9332,9239,9417,6464,5113,5479,4242,6544,7016,8148,8089,4576,6832,10882,7685,10367,4400,12329,9634,10453,2613,5306,10356,9343,6714,3534,9389,4999,4310,7999,4176,8797,6496,6341,3747,8794,10287,3691,5268,6785,5268,8643,7691,8503,10210,8697,6617,4286,7876,3825,7391,3632,7414,9265,6736,4416,10005,5294,3944,8864,5073,4447,8976,10973,10334,2887,2534,12564,11230,4071,5268,8544,5622,3291,10207,3539,7646,4252,7104,8008,8561,6650,5346,9471,6443,8585,10551,3692,9389,8452,10133
1944,5549,1184,4624,6167,1176,2653,2952,5050,827,6668,3177,6119,4211,3362,6116,5368,4747,5900,5469,3942,7184,7186,5900,2145,6410,4545,7635,4634,1433,5199,5958,6367,6428,5458,2255,7425,8048,5784,3611,3025,1893,4713,7042,5891,5485,5658,5220,1539,6018,9442,4941,6663,4815,5008,4154,6810,4759,4482,5900,1875,6368,6368,6016,5199,3531,4095,7209,1518,6186,4472,1837,6566,4971,4381,1807,1468,6558,5120,4715,5199,6770,5199,643,6091,5490,4422,5199,5043,6974,8504,0,5322,7856,6551,5898,6502,7414,6084,6775,1515,4194,7995,1524,6099,1345,5566,1480,1647,7509,3431,5915,2372,5969,4747,0,4315,7416,5514,384,1516,2894,56,3582,4099,5613,2228,8335,4173,3044,1932,2952,7112,5847,4095,325,7838,3195,5482,8657,5138,4521,7976,5261,5419,3466,4931,7017,1584,4698,4343,6858,6519,5199,6468,3116,2372,810,1394,3053,8234,3040,5671,4521,3665,6734,4730,322,1372,1979,4497,5309,4458,1261,1501,4998,4152,7916,4029,5614,5402,7571,2994,6604,5508,3012,6454,6482,1929,6877,8271,4682,7622,5008,2370,3863,5598,5199,8657,5199,3611,7055,7976,3786,8061,7093,4767,1452,4676,741,5539,990,8372,7190,5607,5368,6658,6807,8891,4987,6614,2599,4549,3476,6900,5535,5043,4508,6528,5199,7907,5722,6435,4391,7199,2129,6744,1081,1584,7300,1433,6800,8002,4629,2515,4315,6399,3012,1666,4317
7198,1740,5223,2648,2224,5215,8342,9058,684,5381,7473,8496,2176,6838,7917,6921,6320,2137,6745,6274,7982,9306,8415,6745,5871,2466,2454,9021,1681,4266,7110,1331,1739,2893,6303,5620,9546,9254,10371,7955,8713,5423,8753,9163,6695,6437,2982,637,5559,5093,10179,10377,5689,9048,7636,8193,2651,2122,1391,6745,5367,8170,8170,6821,6004,7874,2019,2958,5538,5748,9481,5876,2460,1571,8420,5359,6023,3829,2391,2348,6004,4041,6004,5198,1944,6295,1833,6004,10371,4049,4901,4642,0,5645,3822,6703,2042,8259,1564,3851,5555,9572,10117,5564,6904,5384,6952,6034,5084,9630,7470,1971,6412,1273,2137,4642,8166,9537,1571,4223,6071,6933,4698,7621,9477,1639,6783,10456,1959,2473,5369,9058,8340,1904,2019,4880,8683,7234,2760,9885,1164,1076,9183,1287,1445,2220,8971,9138,6139,10018,1787,6334,1671,6004,7439,7156,6412,4849,4623,9158,10355,8729,1697,1076,1858,2274,2142,4877,7590,5705,847,2721,8498,5301,6056,651,11641,10038,8069,2885,943,9692,9100,7450,1809,8701,7340,2022,7441,5068,10392,2388,8468,1608,6409,7903,1966,6004,9885,6004,7955,8284,9183,7825,9289,7939,824,5492,1947,5007,1907,5030,10760,8035,5782,6320,7073,3883,11013,240,6577,8288,8588,8031,2470,2806,10371,8845,5851,6004,9136,6567,5070,7019,4102,7088,2284,4719,5624,8528,4266,7687,10123,1676,8168,8166,4254,8701,6221,6944
9054,5384,9410,7253,4439,8300,12185,11406,6259,9256,5013,12339,4390,11609,11816,4245,11091,7261,5778,4815,13055,9548,8014,5778,10599,5009,7059,7449,7148,7351,7286,6346,5436,3144,5672,8705,9101,6999,14214,11798,12556,10356,13826,9238,5237,11207,7641,6212,9314,4773,11544,16633,5208,14031,16402,13267,3562,7055,4367,5778,10305,16424,16424,4732,5258,11717,6609,3961,9293,5347,13324,10712,3448,4410,13494,8444,9898,4591,3751,7229,5258,5455,5258,9758,5024,4836,6936,5258,14214,5535,1313,7647,5421,0,4204,4414,5102,5280,4999,4197,9490,13415,9766,8649,4550,8469,7647,9934,10110,9279,11724,4467,11096,5869,7261,7647,12821,8852,4852,7308,9970,11232,7572,11573,13320,7140,10682,7928,6688,5558,10307,11406,8369,4400,6609,7737,4909,12288,3838,5731,6430,5813,7450,6553,7509,5783,13954,9380,10038,13861,6857,4289,5539,5258,4102,12229,11096,7934,7708,11507,8185,12572,7235,5813,6179,5007,7244,7716,9802,10433,5348,7533,13572,9844,9276,5001,12606,8581,13142,3313,5907,9341,11448,5584,4305,12544,3946,5081,9298,5475,8243,7196,5288,4447,9494,12976,4462,5258,5731,5258,11798,7803,7450,12287,9318,5563,4887,8577,4525,9170,4403,8114,8212,5581,4980,11091,4245,4644,7810,5844,4274,12131,13662,11930,3659,3235,14214,13899,4193,5258,8297,5312,4589,11789,4240,8945,5017,9511,9559,7507,7351,4292,8418,7144,12011,12821,5333,12544,10120,11715
5582,3956,6228,5691,3146,6220,6549,7573,4735,6630,3960,6732,3098,8835,8922,3409,8316,7049,3233,2761,8987,6877,5986,3233,6876,3396,5497,6435,5385,5271,3211,4365,3823,3737,2791,6625,7117,6847,8885,6469,6921,5847,9952,6735,3183,8433,6579,4527,6564,1580,7751,12374,2577,10053,9632,9199,4119,7110,2804,3233,6372,10166,10166,3308,2491,6389,5046,4518,6543,2235,7995,6881,3999,2885,9425,6364,5887,155,2226,5666,2491,243,2491,6203,3411,2782,5374,2491,8885,376,4690,5647,3858,4269,0,3190,3489,4747,3386,80,6560,8087,7688,6569,3391,6389,4523,7039,6089,7201,8475,2893,7417,4307,7049,5647,9171,7108,3239,5228,7076,7938,5703,8627,7991,5449,7788,8028,5125,3996,6374,7573,5912,2764,5046,5885,5171,8239,1776,5278,4868,4251,6776,4991,5149,4220,9976,6709,7144,8532,5294,3356,3926,2491,3760,8161,7417,5854,5628,7673,7927,6937,5544,4251,4617,3720,5682,5882,5975,6710,3615,6833,9503,6306,7128,3438,10155,7609,9074,2673,4345,7264,7614,3937,2615,6908,3746,3468,5825,1555,7963,6876,4955,2922,7415,8908,2704,2491,5278,2491,6469,5855,6776,8830,6970,4426,3324,6497,2963,6012,2645,6035,8064,4523,2270,8316,3799,291,8584,4098,3906,6495,9593,9036,4210,2595,8885,9850,2577,2491,6817,3055,1958,9015,234,5550,3730,5724,6629,6100,5271,4093,7694,5380,6411,9171,387,6908,7226,8941
3859,6069,5539,7989,5444,7610,4827,5850,6824,4907,1238,5009,5396,10694,9422,687,10176,9804,1426,311,10661,5717,3774,1426,6667,5694,7795,4357,7884,5714,2393,7030,6121,4876,1519,8015,5958,4613,7163,4747,5199,4125,11433,5575,680,10292,9334,6777,5444,1972,6591,13968,1979,11637,13736,10873,5259,9866,5102,1426,4518,13759,13759,601,906,4666,7344,5658,5422,1826,6272,6780,5138,5183,11100,7754,4165,3012,4524,7964,906,3223,906,5233,5709,332,7671,906,7163,3232,5341,6957,6156,4700,3005,0,5787,3475,5683,3033,5620,6364,6528,7958,1129,7779,2329,6063,4290,6041,9330,5191,7164,6605,9804,6957,9883,4182,5537,6617,6100,7300,6882,9179,6269,7825,6720,6082,7423,6293,4521,5850,3700,5062,7344,5395,2859,9894,4074,4006,7166,6548,4542,7289,7447,6518,11560,5549,5701,6810,7592,1888,6224,906,1038,9835,7164,7244,7015,5950,6767,5214,7920,6548,6915,6018,7980,7026,4252,6501,5913,9588,11178,5974,5405,5736,8433,6449,10748,5070,6643,6104,5892,1809,4912,5186,1456,5766,4103,2465,4928,9632,2279,5220,8804,10582,5002,906,4006,906,4747,3643,4542,9893,4758,1789,5622,7886,5261,5051,4943,7424,6904,1806,876,10176,1688,3065,5252,6409,1644,4773,11268,9113,5349,4991,7163,9935,1848,906,4605,960,2389,10020,3461,3827,6028,5397,5689,3888,5714,1803,6534,7879,4689,9883,2624,5186,6250,9946
8682,2662,6707,4456,1056,6700,9826,10542,2624,6619,6683,9980,1104,7700,9247,6488,7182,3969,6312,5840,9466,9466,8575,6312,7355,627,4262,9181,3500,5750,6290,1574,1166,2409,5870,7105,9706,9436,11855,9439,10198,6908,10237,9323,6262,7299,3844,2415,7044,4659,10339,11239,5248,10532,8498,9678,2087,3929,2363,6312,6851,11031,11031,6387,5571,9358,3851,1689,7022,5314,10965,7361,1922,1613,9904,6843,8987,3396,1987,4097,5571,3607,5571,6682,1361,5861,3582,5571,11855,3616,4423,6046,2549,5167,3389,6270,0,7826,1639,3418,7039,11056,10277,7048,6470,6869,7112,7365,6662,9790,8955,1134,7896,1868,3969,6046,9650,9389,1810,5707,7139,8418,5972,9106,10961,2368,8114,10617,3791,3958,6853,10542,8501,1365,3851,6137,8250,8718,2236,8357,2942,2944,9365,2630,2737,3686,10455,9298,7469,11502,3598,5893,1586,5571,6998,8640,7896,6333,6107,10128,10516,10213,2463,2944,3324,175,3949,6115,9075,7189,2305,3582,9982,6785,7615,2129,13125,10198,9553,2027,2233,9852,10584,7016,1271,10185,6900,559,8925,4635,10552,4348,8035,1804,7894,9387,1428,5571,8357,5571,9439,8444,9365,9309,9449,7506,2015,6976,2919,6491,1369,6514,10921,7602,5349,7182,6633,3449,11173,2802,6137,9772,10072,9434,1815,2328,11855,10329,5411,5571,9296,6134,4630,7881,3661,8573,185,6204,7108,8689,5750,7247,10283,3495,9653,9650,3814,10185,7552,7806
6370,9496,8049,11436,8550,9315,7279,6873,10272,7418,2067,7097,8502,13204,10271,3016,12686,11423,2756,2854,11510,5053,3595,2756,9084,9282,11242,3031,11331,8224,3841,10532,9548,7298,2907,10043,4683,2580,8474,6137,7513,6635,12281,4819,2240,12803,11844,10272,7954,5080,7716,16478,4215,12485,16247,11722,7680,11238,8550,2756,7029,16269,16269,2453,4028,6541,10792,8079,7933,4017,7584,9197,7436,9039,11949,9178,6675,5558,7934,11412,4028,6170,4028,7743,9201,2617,11119,4028,8474,6250,6146,8045,9604,4983,5551,3184,9213,0,9110,5580,8130,7676,5347,9312,3320,9133,3228,8418,6800,4860,10179,8579,9581,10052,11423,8045,11195,4357,8964,9128,8455,9717,8052,10028,7581,11326,9137,3509,10871,9741,7031,6873,3874,8511,10792,7905,490,10743,6620,1313,10613,9996,3031,10736,10895,9966,12408,4886,8117,8122,11040,3288,9650,4028,2873,10684,9581,9288,9525,6973,3766,7528,11422,9996,10362,9125,11427,7926,6763,8918,9360,12099,12026,8924,7916,9183,9745,4162,11597,7496,10090,4923,6915,2366,8416,7500,1975,9193,6613,5623,3824,12142,286,9076,10158,11431,8573,4028,1313,4028,6137,3384,3031,10741,4933,955,9070,9240,8708,7562,8514,8964,3793,739,3750,12686,3015,5612,3391,9857,3044,7221,12117,10424,7770,7418,8474,11247,4034,4028,3878,2471,4896,13385,6376,6261,9135,7907,8199,3089,8224,2125,3999,11327,7081,11195,5170,7500,8605,13310
8304,1312,6329,3076,2337,6321,9448,10164,1274,6241,6571,9602,2385,7320,8869,6320,6801,2565,6144,5672,9088,9677,8786,6144,6977,1908,2883,9392,2109,5372,7482,695,674,2194,5702,6727,9918,9647,11477,9061,9820,6530,9859,9535,6094,6918,3463,1065,6666,4491,10551,10859,5088,10154,8117,9300,1952,2550,1984,6144,6473,8651,8651,6219,5403,8980,2447,2468,6644,5146,10587,6983,1761,2165,9526,6465,7158,3228,2985,2776,5403,3439,5403,6304,380,5693,2262,5403,11477,3448,4262,5748,1215,5006,3221,6102,1358,7658,0,3250,6661,10678,10488,6670,6302,6490,7323,6987,6191,10001,8577,1272,7518,845,2565,5748,9272,9600,802,5329,6760,8040,5594,8728,10583,1987,7735,10828,2387,3580,6475,10164,8712,1205,2447,5758,8082,8340,3354,10257,1592,2190,9576,1715,1874,3308,10077,9509,7091,11124,2215,5732,609,5403,6671,8262,7518,5955,5729,10265,10727,9835,2083,2190,2946,1462,2570,5737,8697,6811,1927,3202,9604,6407,7237,1331,12747,10409,9175,1866,883,10064,10206,6848,1110,9807,6739,1338,8547,4467,10763,2816,7867,2202,7516,9009,1267,5403,10257,5403,9061,8655,9576,8931,9661,7338,1637,6598,2541,6113,1208,6136,11132,7434,5181,6801,6472,3281,11384,1293,5976,9394,9694,9056,1771,2167,11477,9951,5250,5403,9507,5966,4469,7500,3500,8195,1452,5826,6730,8900,5372,7086,10494,2104,9275,9272,3653,9807,7174,7426
5319,4731,5965,7201,3922,5957,6287,7310,5302,6367,3989,6469,3874,8572,8659,3437,8054,6786,3261,2790,8724,6614,5723,3261,6613,4172,7007,6172,7523,5008,3240,5141,4599,3766,2819,6363,6855,6585,8622,6206,6658,5584,9689,6472,3211,8170,6316,5303,6302,1609,7488,12111,2605,9790,9370,8936,4148,6847,3580,3261,6109,11902,11902,3337,2520,6126,5822,4547,6280,2263,7732,6619,4027,3661,9162,6101,5625,184,3002,7176,2520,271,2520,5940,4187,2810,6149,2520,8622,404,4968,5384,4634,4297,80,3219,4265,4775,4162,0,6297,7824,7425,6306,3419,6126,4260,6776,5827,6939,8213,3669,7154,5083,6786,5384,8908,6845,4015,4965,6813,7676,5441,8364,7729,6225,7525,7765,5901,4772,6111,7310,5649,3540,5822,5622,5199,7976,2552,5306,5644,5026,6513,5767,6594,4996,9713,6446,6881,8270,6070,3384,4702,2520,3788,7898,7154,5591,5365,7410,7664,6674,6320,5026,5393,4496,7169,5619,5712,6447,4391,6570,9240,6043,6865,4214,9893,7346,8811,3449,5121,7001,7352,3965,3390,6646,3774,4244,5563,1584,7700,6613,4984,3698,7152,8645,3480,2520,5306,2520,6206,5592,6513,8567,6707,4455,4100,6234,3739,6038,3421,5772,8069,4551,2298,8054,3827,245,8321,4874,3935,6237,9330,8773,4238,3371,8622,9587,2605,2520,6554,3083,1987,8752,314,5287,4506,5462,6366,5837,5008,4121,7431,7519,6148,8908,467,6646,6963,8678
1989,5927,445,5049,6477,1973,2698,2518,5360,1093,6311,2742,6429,4626,2928,6162,5467,5056,5945,5514,4167,7229,6534,5945,1710,6719,4855,6983,4944,1478,5245,6336,6745,6737,5503,2670,7470,7395,5350,3600,3070,1992,4938,7087,5936,5584,5967,5530,372,6063,9585,5063,6708,5423,5423,4379,7119,5069,4791,5945,1975,6836,6836,6061,5244,3576,4404,7518,393,6231,4037,2252,6713,5281,4605,2116,1513,6875,5429,5024,5244,7086,5244,688,6401,5535,4731,5244,5350,7095,8549,990,5830,7901,6868,5943,6812,8232,6394,6896,0,4129,8040,1939,6144,1760,5611,1045,1692,7554,2836,6224,2787,6278,5056,990,4730,7461,5824,1281,1082,3309,997,2684,4034,5922,1794,8380,4483,3353,1977,2518,6459,6156,4404,850,8657,3609,5791,8004,5447,4830,7324,5570,5729,3635,5346,7062,1150,4575,4652,6903,6828,5244,6513,3341,2787,643,1704,2618,8279,3085,5980,4830,3975,7043,5040,871,1417,1544,4807,5619,4683,871,854,5308,3717,7961,4254,5923,5712,7616,2560,7423,6062,3057,6499,6792,1974,6922,8316,4992,8441,5318,2785,4088,6219,5244,8004,5244,3600,6403,7324,4200,7408,7912,5077,1867,4985,786,6160,867,8684,8008,5652,5467,6703,6928,8936,5296,6659,2644,4773,3042,6723,5845,5350,4923,6573,5244,7255,5767,6480,4806,7140,2174,7054,1127,69,6647,1478,6845,8047,4939,2560,4730,6444,3057,1232,4731
3380,10161,3978,9267,10567,4203,2059,1981,9624,4128,6177,2205,10519,6887,3537,7082,8044,9253,6032,6435,4776,2701,3714,6032,3971,10818,9073,4163,9162,5011,6165,10570,10979,10956,5590,4931,2941,4575,1627,1592,2616,3972,5547,2856,6350,8161,10186,9794,3905,6984,4442,5673,7392,5751,7684,4988,11338,9068,9010,6032,4459,7202,7202,6562,6165,1996,8623,11737,3926,6915,64,4513,11094,9499,5215,5427,3427,7719,9648,9242,6165,7931,6165,4221,10833,6456,8950,6165,1627,7940,10353,4523,10064,9712,7713,6864,10910,6497,10627,7741,4059,0,3512,4200,7065,4021,5475,3306,4231,3025,3445,10315,3538,10512,9253,4523,3998,2922,10057,6803,3343,4942,4530,3294,88,10186,3178,4149,8701,7572,4461,1981,3640,10185,8623,4383,6921,4009,8379,6269,9711,9005,4530,9834,9993,7853,5674,2831,3005,864,8871,7823,11062,6165,7433,3950,3538,4176,7200,2081,4048,2632,10244,9005,8193,11142,9258,4404,3473,3805,9071,10440,5293,4195,4387,9643,2548,3433,4863,10142,9976,3087,2022,5688,10036,2604,7063,10890,3365,7843,4085,10483,6706,9536,3536,4697,10125,6165,6269,6165,1592,4667,4530,4008,4129,6177,9341,4128,9204,4273,10067,4160,4186,6273,6573,8044,7624,7773,4705,9560,7580,1924,5383,3227,11428,10063,1627,4050,7257,6165,3975,5854,7401,7067,8164,3578,11152,4618,4128,4111,5011,7212,3816,9157,1785,3998,7365,2604,3493,6993
6735,11134,7192,14038,11326,7416,4939,4860,11952,7783,5239,5084,11278,10100,6750,5740,12859,13623,5094,5341,7989,1783,2616,5094,7184,11576,13844,3065,14360,8590,5166,11543,12004,9578,4652,8144,882,2391,4491,5564,5496,7001,8761,1454,5411,12976,13153,11705,7118,6643,1753,8886,7225,8965,10897,8201,9961,13684,9982,5094,7394,10415,10415,5624,5762,5483,11121,10360,7139,6749,3600,7298,9840,10472,8428,8640,7041,7302,10406,14013,5762,7514,5762,8109,11592,5320,11448,5762,4491,7523,10547,9640,11037,9385,7296,5811,11669,4806,11566,7324,7272,3692,0,7413,6183,7234,4537,6519,7166,1059,6658,11073,6751,11485,13623,9640,7211,2132,11015,9301,6556,8155,9565,6507,3597,14617,6391,1266,11199,10070,7397,4860,2542,10944,11121,8271,4880,7222,9956,3913,12039,11422,2133,12162,12321,10351,8888,1655,6218,4138,11369,7689,12035,5762,7274,7163,6751,7389,9698,4960,1167,5511,14675,11422,10691,11901,11756,8292,7128,7019,10793,13407,8506,7025,8281,10616,5761,678,8076,10854,11523,1122,4902,4749,10795,5483,6124,11649,5622,7392,1688,13450,5103,10509,6749,7910,10884,5762,3913,5762,5564,3139,2133,7221,3031,5238,10502,7341,10176,7927,10825,7065,1153,5335,6170,12859,7417,7356,2402,11289,7445,4804,8596,6441,10051,10775,4491,7263,7090,5762,2000,4916,7061,10280,7747,6626,11911,8273,7341,2770,8590,6274,1419,14356,4665,7211,6915,5483,6706,10206
3014,5685,1029,4807,6235,580,3237,2832,5117,1896,8226,3056,6186,3264,3242,7186,4422,4814,7042,6539,3787,6571,6848,7042,1349,6477,4613,7454,4702,2503,6269,6094,6503,6495,6600,1308,6812,7709,5664,3914,4095,2962,4558,6429,6961,4538,5725,5288,1365,7325,8015,4684,8485,4853,4061,3999,6877,4827,4549,7042,2945,5475,5475,7086,6269,4318,4162,7276,1343,7019,4351,1682,6634,5039,4226,1874,2538,6625,5187,4782,6269,6837,6269,1713,6159,6560,4489,6269,5664,6846,7698,1157,5389,8926,6619,6968,6570,8546,6152,6647,1350,4443,7382,0,7169,398,6636,1359,2717,6896,3276,5982,2217,6036,4814,1157,4160,6803,5581,1870,1133,2739,1214,3427,4348,5680,2108,7722,4241,3111,2947,2832,6773,5914,4162,1395,8971,3040,5549,8318,5205,4588,7638,5328,5487,3393,4776,6404,1464,4889,4410,7927,6586,6269,7538,2961,2217,1364,1461,2932,7621,4110,5738,4588,3733,6801,4798,1392,2442,1183,4565,5376,4303,1037,2325,5066,4031,7304,3874,5681,5470,6958,2874,7737,5575,4082,7524,6549,2999,7864,7658,4749,8755,5076,2215,3708,5665,6269,8318,6269,3914,6717,7638,3631,7702,8226,4835,970,4743,1811,5606,835,8026,8322,6677,4422,7728,6679,8278,5054,7684,3478,4394,3755,6968,5603,5664,4353,8647,6269,7548,6864,7867,3444,6898,3199,6811,2151,1419,6961,2503,7870,7389,4697,3585,4160,6964,4082,1546,3370
4156,7087,5836,8823,5941,7906,5123,6147,7658,5204,1196,5306,5893,10990,9719,1381,10472,8809,1723,760,10958,6013,4070,1723,6963,6674,8629,5668,8718,6010,2388,7496,6939,4689,1815,8311,6254,5217,7459,5043,5495,4421,11729,5871,1182,10589,8880,7611,5740,2386,6887,14264,1476,11933,14033,11170,5071,8624,5936,1723,4815,14055,14055,1307,1203,4963,8178,5470,5719,1323,6569,7076,4951,6426,11396,8050,4461,3625,5054,8798,1203,3068,1203,5529,6592,781,8505,1203,7459,3148,5161,7253,6990,4483,3238,1189,6604,3498,6501,3232,5916,6661,6824,7192,0,7013,2625,6359,4586,6338,9627,5970,7461,7438,8809,7253,10179,4479,6355,6914,6335,7597,7178,9476,6565,8581,7017,6146,8257,7127,4817,6147,3996,5902,8178,5692,3127,10191,4603,3949,7999,7382,5668,8123,8281,7352,11856,5846,5997,7106,8426,1385,7042,1203,1080,10132,7461,7540,7311,6247,6403,5511,8676,7382,7749,6516,8814,5712,4549,6797,6746,9134,11474,6270,5702,6570,8729,6799,11045,4883,7476,6400,6188,1766,5808,5482,981,6584,4399,2220,5225,9177,3375,6462,8038,10879,5965,1203,3949,1203,5043,3939,5668,10189,5054,1746,6456,7120,6095,5348,5906,7721,6430,1884,604,10472,1186,3678,6028,7243,1141,5069,11564,9409,5162,4804,7459,10232,1346,1203,4901,1256,2202,11171,3274,4047,6526,5693,5985,4184,6010,1328,6636,8713,4985,10179,2946,5482,6546,11096
4320,6983,1825,6089,7389,1210,4055,3649,6446,3179,9044,3874,7341,2907,4059,8506,4065,5504,8899,7859,4278,7389,7665,8899,2167,7640,5895,8271,5984,3785,7589,7392,8416,7777,8457,951,7630,8527,6481,4732,5483,4245,5049,7247,8280,4182,5034,6616,2775,9171,8832,5513,9767,5344,3705,4490,8160,5565,5831,8899,4227,5118,5118,9429,7589,5136,5444,8559,2797,9826,5169,2173,7916,6321,4716,1448,3821,7908,6470,6064,7589,8119,7589,2995,7655,7879,5772,7589,6481,8128,8980,2440,6886,10208,7901,8288,7732,9364,7449,7930,2167,5260,8200,587,8488,0,8342,2176,4000,7713,3766,7137,2708,7334,5504,2440,4651,7312,6879,3152,1950,3229,2496,3918,5165,6498,2925,8540,5523,4394,4230,3649,7591,7007,5444,2678,9788,3530,6832,9136,6533,5827,8455,6656,6815,4675,5267,7221,2281,5706,5693,10412,7884,7589,8857,3452,2708,3046,1651,3750,8439,5498,6556,5827,5015,7964,6080,2674,3725,2001,5893,5288,4794,1854,3257,6465,4695,8121,4365,6964,6798,7776,3691,8554,6858,5470,8843,7712,4305,9147,8475,5331,9573,6358,2706,4199,6947,7589,9136,7589,4732,7534,8455,4121,8519,9044,6163,1788,6026,3093,6888,1820,8844,9140,7997,4065,9048,7961,9096,6382,9004,4295,4884,4246,8250,6885,6481,4844,9930,7589,8366,8721,9149,3088,8180,4518,7974,3434,2236,7779,3785,10079,8206,5979,4380,4651,8333,5470,2363,3013
3923,6864,5603,9146,6054,7674,4207,5527,7434,4971,1884,5752,6006,9904,9486,2385,10239,9859,2009,1701,10725,3548,2443,2009,6792,6304,8952,3026,9041,5778,1292,7273,6731,5898,1567,8079,3788,3282,7226,3820,4578,4189,11496,3405,1691,10356,9389,7387,5508,2962,6645,14032,3308,11700,13800,10937,6280,9920,5712,2009,4582,13823,13823,2046,2081,3739,8501,6679,5486,2831,6336,8335,6036,5793,11164,7817,4229,3622,5134,9121,2081,3833,2081,5297,6319,1639,8828,2081,7226,3842,6331,7101,6766,5691,3615,2130,6397,2755,6294,3644,5683,6428,4359,8022,2981,7843,0,6127,4354,3872,9394,5801,8870,7215,9859,7101,9947,2851,6147,6681,6163,7425,6946,9243,6333,10853,6876,4751,8580,7450,4584,5527,2369,5672,8501,5459,3180,9693,4684,3287,7776,7159,3211,7899,8057,7732,11623,3380,5764,6874,8749,3739,6834,2081,2737,9899,8870,7308,7079,5628,4555,4594,10911,7159,8072,6628,9137,5479,4316,6626,6523,9643,11241,7759,5469,6346,8497,4280,10812,5581,7253,3934,5569,1946,5523,4566,3336,6376,4167,3712,3597,9686,2964,5830,8868,10646,5612,2081,3287,2081,3820,2312,3211,9957,3427,2435,6232,7950,5871,5115,5553,7488,5035,2531,2489,10239,3540,3675,4633,7019,3496,4122,11332,9176,6370,5503,7226,9999,3173,2081,3274,1482,3380,10084,4067,3814,6638,5461,5752,2557,5778,2919,4323,9036,4033,9947,3234,4566,6314,10010
2182,6606,1261,5712,7155,1485,1918,1512,6068,1909,6907,1737,7107,4169,2471,6369,5327,5698,6762,5721,3710,5252,5528,6762,1254,7262,5518,5977,5607,2293,5452,7015,7423,7400,6320,2213,5492,6389,4344,2594,3346,2774,4481,5109,6143,5443,6295,6239,1187,6270,6695,4607,7306,4967,4967,3922,7782,5513,5454,6762,2790,6380,6380,7292,5452,2998,5067,8181,1209,6438,3031,1795,7662,5944,4149,2710,2230,6929,6092,5687,5452,7141,5452,1503,7079,5742,5394,5452,4344,7150,9364,1805,6508,8716,6923,6150,7355,7227,7072,6951,1341,3123,6063,1483,6351,1303,6205,0,2508,5576,2379,6902,2330,6957,5698,1805,4274,5483,6502,2096,625,1887,1812,2228,3028,6548,1337,6402,5146,4016,2792,1512,5454,6630,5067,1666,7651,3153,6454,6998,6156,5450,6318,6279,6438,4298,4890,5084,144,3569,5315,7110,7507,5452,6720,2884,2330,1458,2367,1612,6302,3361,6689,5450,4638,7586,5703,1686,2276,1088,5516,6550,4227,1477,1555,6088,2845,5984,3797,6586,6421,5638,1554,6417,6481,3333,7792,7334,2168,7019,6338,5655,7435,5981,2328,3631,6570,5452,6998,5452,2594,5397,6318,3744,6402,6906,5786,1410,5648,1601,6511,1443,6439,7003,5859,5327,6911,6983,6959,6005,6866,2105,4317,2585,7873,6508,4344,4466,6780,5452,6249,6584,6688,4349,7374,2381,7596,1942,1410,5642,2293,7942,6069,5602,2170,4274,6542,3333,187,4275
1469,5544,1702,4665,6093,2687,2178,2756,4976,1024,5782,2360,6045,5807,4109,5230,5337,4673,5013,4582,5348,6176,6178,5013,2891,6336,4471,6627,4560,1189,4313,5953,6361,6354,4571,3851,6417,7039,6182,3766,2550,300,6119,6034,5004,5454,5771,5146,1607,5131,7619,6245,5776,6323,6604,5560,6736,4685,4408,5013,282,9529,9529,5129,4313,3686,4021,7135,1586,5299,5292,3433,6492,4897,5786,2831,993,5867,5046,4640,4313,6079,4313,1395,6017,4603,4348,4313,6182,6087,9256,2114,5247,8608,5860,5012,6428,6527,6010,5889,1783,5384,6987,3120,5212,2941,4680,2226,0,6500,4017,5840,3968,5895,4673,2114,5918,6407,5440,1778,2263,3525,1598,3866,5289,5539,2975,7327,4099,2970,285,2756,6104,5773,4021,1385,6951,4791,5408,7649,5064,4446,6968,5187,5345,3251,6246,6008,2331,5830,4269,5971,6445,4313,5581,4522,3968,2321,2185,2857,7226,2565,5597,4446,3591,6660,4656,1394,897,2726,4423,6025,5864,2137,1569,4924,4089,7169,5435,5540,5328,6563,2798,5717,5678,2537,5567,6408,1454,5990,7262,4608,6822,4934,3966,5269,5835,4313,7649,4313,3766,6047,6968,5382,7306,6207,4693,3048,4602,921,5776,2502,7363,6349,4720,5337,5772,5921,7883,4913,5727,2124,5955,4223,6826,5461,6182,6402,5641,4313,7153,4977,5549,5987,6312,801,6670,774,1852,6292,1189,5914,6993,4555,2040,5918,5513,2537,2413,5913
5833,10232,6289,13136,10424,6514,4036,3958,11050,6881,4337,4182,10376,9198,5848,4838,11957,12721,4192,4439,7087,920,1714,4192,6282,10674,12942,2163,13458,7688,4264,10641,11049,8676,3750,7242,1161,2575,3588,4662,4593,6099,7858,282,4470,12074,12251,10803,6216,5741,1855,7984,6323,8062,9491,7299,9058,12782,9080,4192,6492,9513,9513,4722,4860,4581,10218,9458,6237,5846,2698,6395,8938,9570,7526,7738,6139,6400,9504,13111,4860,6612,4860,7207,10689,4418,10546,4860,3588,6621,9110,8738,10134,9586,6394,5111,10767,4657,10698,6422,6370,2790,1731,6511,5280,6332,3635,5617,6264,0,5756,10171,5849,10583,12721,8738,6309,1230,10112,8399,5654,7253,8663,5605,2695,13715,5489,2241,10297,9168,6494,3958,1639,10042,10218,7369,5081,6320,9054,4053,11137,10520,2504,11260,11419,9449,7985,753,5316,3236,10467,6039,11133,4860,5189,6261,5849,6487,8796,4058,2140,4609,13773,10520,9789,10998,10854,7389,6226,6116,9891,12505,7604,6123,6583,9714,4859,1652,7174,9535,10621,105,4000,3847,9893,4581,5222,10747,4462,6490,2633,12548,4865,9607,5847,7008,9982,4860,4053,4860,4662,2237,2504,6319,2129,3827,9600,6439,9274,7025,9923,6163,2277,4433,5268,11957,5840,6454,3253,10374,5796,3902,7694,5538,9149,9873,3588,6361,6188,4860,1975,4014,6159,9378,6628,5724,11009,7371,6439,2396,7688,5372,2364,10753,3763,6309,6013,4581,5804,9303
4018,7924,3204,7031,8474,2804,3349,2943,7387,4120,8967,3167,8426,5488,92,9712,6646,7038,8822,9065,2317,5629,6344,8822,1353,8644,6837,6793,6925,4727,8795,8333,8742,8719,8380,3532,5869,7205,4721,5696,4776,4610,2467,5486,9139,6762,7949,7557,2923,9851,7072,3316,10887,2413,4721,2529,9101,6832,6773,8822,5224,4743,4743,9352,8795,5616,6386,9500,2945,9545,3409,1330,8981,7263,2349,4028,4762,8849,7411,7006,8795,9061,8795,3937,8398,9086,6713,8795,4721,9070,11910,3381,7827,11150,8843,9494,8736,9287,8391,8871,3109,3500,6440,2289,9695,2622,8265,2325,4941,5953,0,8221,855,8275,7038,3381,964,5860,7805,4094,2109,719,3437,151,3405,7866,1347,6779,6465,5335,5226,2943,6270,8153,6386,3619,9711,599,7773,8429,7475,6768,7159,7463,7756,5617,2336,5461,2429,3946,6634,10454,8825,8795,10064,1491,855,3195,3685,3043,6679,4792,7925,6768,5957,8968,7021,3616,4112,1519,6834,7310,2268,2796,3291,7335,1136,6361,2404,7489,7739,6015,2985,8477,8059,4764,10050,8716,4004,10473,6715,6973,9496,7299,876,2238,8216,8795,8429,8795,5696,6867,7159,563,6759,8457,7105,2729,6967,4034,8157,2761,7084,9063,9203,6646,10254,8903,7336,7324,10210,3589,2296,687,9192,7827,4721,1145,9887,8795,6606,8644,10268,4869,9122,4217,8978,4375,3178,7026,4727,10002,6446,6921,3674,964,9995,4764,2512,4828
7427,1619,5866,3704,334,5858,8985,9701,2493,5777,6403,9139,286,9167,8406,5851,8649,3712,5572,5100,8625,8722,7831,5572,6514,1243,3510,8437,3355,4909,6527,2024,1671,1308,5130,6263,8962,8670,11014,8598,9356,6066,9745,8579,5522,8765,4091,2394,6202,3919,9595,12413,4506,9691,12182,8836,1066,3505,1412,5572,6010,12204,12204,5647,4831,8517,3059,1373,6181,4646,10124,6519,874,890,9063,6002,6695,2656,1254,3679,4831,2867,4831,5841,1259,5121,3387,4831,11014,2876,3414,5205,1826,4158,2649,5765,1336,7086,1272,2677,6198,10215,9533,6207,5730,6027,6368,6523,5727,9046,8113,0,7055,2174,3712,5205,8809,8953,1087,4866,6297,7576,5130,8264,10120,3374,7272,9873,3138,3116,6012,9701,7757,632,3059,5295,8402,7877,1503,9301,2838,2221,8623,2961,3119,2962,9614,8554,6628,10661,3308,5160,1938,4831,6256,7798,7055,5492,5266,9801,9772,9419,3469,2221,2600,1568,3695,5274,7820,6348,1582,4274,9141,5944,6773,1405,12284,9454,8711,1257,2212,9108,9743,6276,538,9344,6158,1316,7670,3895,9808,3647,7295,1080,7052,8546,695,4831,9301,4831,8598,7700,8623,8468,8705,6256,1291,6135,2195,5650,636,5673,10177,6862,4609,8649,5891,2709,10429,2078,5404,8930,9231,8592,885,1595,11014,9488,4669,4831,8552,5394,3692,9347,2928,7318,1578,5362,6267,7945,4909,6505,9539,3350,8811,8809,2994,9344,6710,9273
3905,6822,2152,5928,7372,1702,3236,2830,6285,2579,8224,3054,7323,4386,947,9600,5543,5936,8080,8952,2209,5516,6231,8080,497,7542,5734,6680,5823,3185,8683,7231,7640,7617,7638,2430,5756,7092,4608,5583,4663,4497,2980,5373,8397,5660,6847,6455,2079,9738,6959,3208,10774,3275,4613,2421,7999,5730,5671,8080,3627,4635,4635,8610,8682,5503,5284,8398,2100,9432,3296,475,7878,6160,2648,2926,3220,10237,6309,5904,8682,10448,8682,2395,7296,8973,5611,8682,4608,10457,10369,2279,6725,9608,10230,9381,7634,8544,7289,10258,1716,3387,6327,1699,9582,1520,7523,1480,3399,5840,855,7119,0,7173,5936,2279,2582,5747,6703,2988,1254,136,2335,704,3292,6764,375,6667,5363,4233,3629,2830,6157,7051,5284,2557,8969,1462,6671,8316,6372,5666,7046,6361,6654,4515,3198,5348,1585,3833,5532,10341,7723,8682,9951,1383,0,2350,2583,2930,6566,4679,6822,5666,4854,7866,5919,2513,3999,663,5732,6208,2725,1694,2446,6233,2233,6248,2296,6387,6637,5903,2872,7735,6957,4651,9110,7614,3891,10360,6602,5871,8753,6197,2,2130,7114,8682,8316,8682,5583,6754,7046,2052,6646,7715,6002,1627,5865,2493,7055,1659,6971,8321,9090,5543,10141,10290,7223,6221,10097,3476,2816,2177,8089,6724,4608,2775,9774,8682,6493,7902,10156,4566,10464,4104,7876,2975,1785,6913,3185,9260,6333,5819,3561,2582,9882,4651,1667,4492
8454,1462,6480,2656,1796,7699,9598,10315,854,6391,8329,9752,1748,6756,9020,7665,6238,3025,7490,7018,12118,9827,8936,7490,7127,1420,2462,9542,2555,5522,7632,516,924,3057,7047,7012,10068,9775,11627,9211,9970,6680,12889,9685,7440,6354,2900,645,6816,5837,10701,10295,6433,13093,7554,12330,2322,2130,2135,7490,6623,8087,8087,7565,6748,9131,2027,2337,6794,6492,10737,7133,2600,2316,12557,6615,7309,4573,3135,3152,6748,4785,6748,6454,1129,7039,2638,6748,11627,4794,5164,5819,1365,5908,4567,7447,1227,9003,749,4595,6811,10829,10638,6820,7648,6641,7473,7137,6341,10152,8727,2715,7668,0,3025,5819,9423,9751,1906,5479,6911,10320,5744,8878,10734,1424,10828,10978,2154,3730,6626,10315,8862,2648,2027,5909,10151,8491,3504,10407,1172,1770,9729,1634,1792,2913,13016,9659,7242,11274,1795,7078,1008,6748,8183,11292,7668,6106,5879,10415,10877,9986,1519,1770,2522,1459,2150,5888,8847,6961,2078,2638,12634,6557,7387,1481,12897,10559,12205,3213,489,10214,10357,8194,2553,9957,8085,1207,8697,5812,10914,3404,9212,2353,7666,12039,2710,6748,10407,6748,9211,8805,9729,9082,9811,8173,1787,6748,2691,6263,2651,6286,11282,8779,6526,6238,7818,4627,11534,1443,7321,9544,12725,9206,2610,3551,11627,13726,6595,6748,9657,7311,5618,6936,4846,8345,1469,5976,6880,9600,5522,8431,10645,2551,9425,9423,4912,9957,7324,6862
8038,2741,6217,930,3951,5533,9183,9899,1497,6126,8527,9337,3902,4590,9682,8276,4072,0,8060,7629,9952,10244,9353,8060,6489,4193,736,9959,902,5107,8049,2332,2741,4620,7618,4846,10485,10192,11211,8795,9554,6264,10723,10102,8051,4188,970,1500,6399,6543,11118,8129,7188,10927,5388,10164,4378,162,3117,8060,6217,5921,5921,8176,7359,8715,638,4685,6377,7328,10321,6495,4187,3298,10391,4752,6982,5287,4012,431,7359,5499,7359,6192,2945,7650,427,7359,11211,5507,6522,5636,2526,7776,5281,8058,3043,11052,2565,5309,6574,10413,11055,5830,8259,5651,7890,7029,5934,10569,8089,3698,8290,2274,0,5636,11623,10476,3297,5217,6273,8154,5482,8240,10318,1893,8662,11395,428,2312,6219,9899,9279,3630,638,5874,11476,7853,4374,10824,1866,2015,10146,1440,1699,1734,10850,10077,7133,10859,677,8130,2824,7359,8628,9126,8290,5843,5615,9999,11294,9570,1951,2015,1403,3275,424,5871,8431,6324,2281,387,10468,6177,6360,2782,9853,10976,10039,4090,1682,10631,9941,10243,3536,9542,8614,3023,8282,6519,11331,430,11261,3335,8311,9873,3693,7359,10824,7359,8795,9223,10146,8444,10228,10222,2551,6110,3568,5998,3634,6024,11699,10828,7767,4072,8573,5341,11951,2191,8774,9128,10559,9164,4197,4427,11211,11560,7351,7359,10075,7882,6373,4770,5601,7929,3285,5711,6643,10017,5107,8960,11062,898,9009,11623,5754,9542,7215,4696
1944,5549,1184,4739,6167,1176,2653,2952,5050,827,6367,2807,6119,4211,3362,6116,5368,4747,5972,5469,3942,7184,6396,5972,2145,6410,4545,7002,4634,1433,5199,5958,6837,6428,5530,2255,7425,7235,5043,3611,3025,1844,4713,7042,5891,5485,5658,5220,1539,6018,9539,4941,7054,5008,5008,4154,6810,4759,4482,5972,1875,6422,6422,6016,5199,3531,4095,7209,1518,5949,4103,1837,6403,4971,4381,1807,1468,6754,5120,4715,5199,6965,5199,643,6091,5490,4422,5199,5043,6974,8617,0,5322,7856,6747,5898,6502,7486,6084,6775,1715,4194,7995,1524,6099,1345,5566,1480,1647,7509,3431,5915,2372,5900,4747,0,4315,7416,5514,384,1516,2894,56,3119,4099,5613,2228,8335,4173,3044,1877,2952,6322,5847,4095,325,7910,3195,5482,7866,5138,4521,7164,5261,5419,3325,4931,7017,1584,4640,4343,6858,6450,5199,6468,3116,2372,810,1394,3053,8234,3040,5671,4521,3665,6734,4730,322,1372,1979,4497,5309,4458,1261,1501,4998,4152,7916,4029,5198,5402,7571,2994,6676,5752,3012,6454,6482,1929,6877,8271,4682,7695,5008,2370,3863,5909,5199,7866,5199,3611,6265,7164,3786,8315,6656,4767,1452,4676,741,5850,990,8639,7262,5607,5368,6658,6807,8891,4987,6614,2604,4549,3476,6413,5535,5043,4508,6291,5199,8161,5794,6435,4391,7199,2129,6744,1081,1784,7060,1433,6800,8002,4629,2515,4315,6399,3012,1666,4317
4611,8617,3896,7723,9023,3979,3941,3536,8079,4322,8930,3760,8975,4985,2688,10305,7821,7731,8785,9658,2142,6221,6937,8785,2316,9273,7529,7386,7618,4928,9388,9026,9434,9411,8343,4707,6462,7798,5314,6289,5369,5203,1621,6079,10079,5671,8642,8250,3822,10443,7665,3597,11480,1567,4749,1893,9793,7524,7465,8785,5690,4772,4772,9315,9388,6208,7078,10193,3843,10138,4001,2293,9673,7955,1503,5204,4658,10942,8103,7698,9388,11154,9388,4138,9288,9678,7406,9388,5314,11163,12603,4557,8519,11842,10936,10087,9366,9250,9114,10964,4284,4093,7032,3464,10288,3797,8228,3223,5143,6546,964,8770,1819,8968,7731,4557,0,6453,8543,4731,3260,1683,4613,1115,3998,8559,2344,7372,7157,6028,5693,3536,6863,8641,7078,4794,9674,1355,8466,9022,8167,7461,7727,8156,8449,6309,1490,6054,3328,4539,7326,11046,9518,9388,10656,2693,1819,4093,4861,3636,7271,5385,8617,7461,6649,9597,7714,4791,4705,2482,7527,8002,1422,3971,4189,8099,1480,6953,2090,8181,8432,6608,3578,8441,8492,5356,10642,9346,4596,11066,7308,7666,9459,7992,1840,2027,8581,9388,9022,9388,6289,7460,7727,401,7352,8420,7797,3905,7659,4236,8522,3937,7676,9026,9796,7821,10847,10996,7928,8016,10803,4181,1450,1316,9884,8519,5314,232,10479,9388,7198,8607,10861,4897,11170,4810,9608,4718,4353,7619,4928,9965,7039,7613,4266,0,10588,5356,3410,4856
6158,9292,6858,12197,8029,9716,5046,4640,9863,7206,3533,4865,7980,9766,6346,4034,12281,11781,3388,3676,7585,1446,910,3388,6851,8279,12003,1359,12519,8012,3460,9701,10110,7873,2946,7810,1686,1771,4086,3904,5280,6423,8356,1303,3705,12398,11311,9815,6784,4937,2380,8584,5283,8560,15842,7797,8255,11843,8141,3388,6817,15865,15865,3918,4056,4308,10543,8654,6806,4806,3196,6964,8011,8630,8024,9859,6463,5597,7109,12172,4056,5808,4056,7531,8294,3614,10870,4056,4086,5817,8426,9142,9195,8782,5590,4307,8372,3853,9758,5618,6938,3288,2257,7080,4477,6900,2831,6185,6588,1770,6254,7776,6347,9643,11781,9142,6807,0,9188,8723,6222,7751,8988,6103,3193,12775,5987,2554,10622,9492,6819,4640,836,7647,10543,9153,4277,6818,6658,3250,10198,9581,1724,10321,10479,9550,8483,1278,5884,3734,10791,5336,10193,4056,4385,6759,6347,7055,9121,4740,2453,5295,12833,9581,10114,8603,11178,9131,6551,6685,8951,11566,8101,6692,7704,8775,5357,2178,7672,7140,9681,1832,4682,3043,7497,5267,4418,8351,6401,5687,1495,11609,4062,8667,6344,7506,7587,4056,3250,4056,3904,1433,1724,6817,1325,3023,8661,7007,8335,7350,7528,6731,2590,3629,4464,12281,5036,5650,1819,9448,5093,4400,8192,6036,8345,7478,4086,6859,5147,4056,1171,3210,5355,9946,6042,6049,8613,7695,7007,1307,8012,4568,2220,12514,4260,6807,5209,5267,6372,9872
7617,969,5642,3363,1330,5635,8761,9477,1896,5554,6004,8915,966,7374,8182,5921,6856,3188,5633,5162,8401,9213,8322,5633,6290,902,3169,8928,2731,4685,5612,1317,1329,1683,5191,6040,9453,9161,10790,8374,9133,5843,9521,9070,5583,6972,3750,1687,5979,3981,10086,12189,4577,9467,8172,8613,1441,3172,1298,5633,5786,11980,11980,5709,4892,8294,2718,1748,5957,4635,9900,6296,1250,548,8839,5778,6442,2717,1316,3338,4892,2929,4892,5617,630,5182,3045,4892,10790,2937,3751,5061,1408,4495,2717,5598,994,7154,622,2746,5974,9992,10024,5983,5799,5804,6859,6454,5504,9537,7890,761,6831,1467,3188,5061,8586,9444,0,4642,6074,7353,4907,8041,9896,2610,7049,10363,2797,2893,5788,9477,8247,694,2718,5299,7579,7653,1565,7686,2214,1879,9089,2338,2496,2621,9390,9045,6558,10437,2838,5221,1231,4899,6327,7575,6831,5268,5042,9578,10262,9148,2748,1879,2259,1226,3192,5296,8010,6124,1240,3824,8917,5720,6550,988,12060,9945,8488,1318,1505,9599,9519,6345,599,9120,6228,974,7860,3963,10299,3306,7363,739,6829,8322,756,4899,7686,4899,8374,8191,9089,8244,9196,6324,950,5911,1854,5426,697,5449,10667,6930,4677,6856,5961,2778,10920,1648,5465,8707,9007,8369,1260,1656,10790,9264,4739,4899,9043,5462,3762,7554,2989,7508,1236,5139,6043,8986,4685,6575,10030,2727,8588,8586,3063,9120,6640,7480
2473,5563,1198,4753,6181,1190,3182,3482,5064,1356,7197,3706,6133,3534,3892,6646,4684,4761,6502,5998,3956,7714,8429,6502,1845,6424,4559,8322,4648,1291,5729,5972,6381,6442,6059,1595,7954,9290,6314,4141,3554,1805,4727,7571,6420,4801,5672,5234,1534,6784,10069,4955,7820,5022,4332,4168,6824,4773,4496,6502,1787,5745,5745,6545,5729,4060,4109,7223,1512,6478,4564,1851,6580,4985,4395,1334,1997,6572,5134,4729,5729,6784,5729,1172,6105,6019,4436,5729,6314,6792,9146,339,5336,8385,6565,6427,6516,9414,6098,6594,1529,4655,8525,1538,6628,1359,6095,2009,1505,8038,3445,5929,2386,5914,4761,339,4329,7945,5528,0,1511,2908,265,3596,4560,5627,3416,8864,4187,3058,1789,3482,8355,5861,4109,430,9839,3209,5496,9186,5152,4535,9219,5275,5433,3340,4945,7546,2113,5101,4357,7387,6464,5729,6997,3130,2386,824,1408,3582,8763,3569,5685,4535,3679,6748,4744,408,1902,1679,4512,5033,4472,1275,2030,5012,4373,8446,4043,5212,5416,8100,3524,8605,5766,3541,6983,6496,2458,7406,8800,4696,9623,5022,2384,3877,5923,5729,9186,5729,4141,7585,9219,3800,8844,8584,4782,1466,4690,1270,5864,1004,9168,9190,6136,4684,7188,6626,9421,5001,7143,3133,4563,3924,6427,5549,6314,4522,6820,5729,8690,6323,7202,3715,6800,2658,6758,1081,1598,8379,1291,7330,8531,4644,3044,4329,6928,3541,2196,3640
2464,6108,921,5214,6514,988,2311,1905,5571,1347,7299,2129,6466,3672,2315,7801,4829,5222,7155,5989,3403,5645,5921,7155,1097,6765,5020,6348,5109,1953,5720,6517,6926,6903,6713,1716,5885,6760,4737,2987,3738,2468,4174,5502,7472,4946,5798,5741,847,6775,7088,4402,7811,4469,4469,3615,7285,5015,4957,7155,2450,5882,5882,7685,5720,3391,4570,7684,869,6469,3424,1298,7041,5446,3841,2212,1989,7033,5595,5189,5720,7245,5720,1163,6780,6010,4897,5720,4737,7253,9137,1465,5842,8376,7026,6419,6857,7619,6574,7055,634,3516,6456,985,6619,806,6598,432,2168,5969,2892,6262,1833,6459,5222,1465,3776,5876,6004,1756,0,2355,1472,2072,3421,6133,1181,6795,4648,3519,2452,1905,5847,6132,4570,1326,8359,2655,5957,7391,5658,4952,6713,5781,5940,3800,4392,5477,537,3962,4818,7378,7009,5720,8152,2577,1833,1118,1869,2005,6694,3754,6192,4952,4140,7089,5205,1346,1893,931,5018,6052,3919,321,1215,5519,3104,6377,3490,5673,5923,6031,1947,6810,5983,3726,8185,6837,2561,7397,6731,5157,7828,5483,1831,3324,6072,5720,7391,5720,2987,5790,6713,3246,6795,6790,5288,255,5151,1261,6014,538,7099,7396,6127,4829,7179,7086,7351,5507,7134,2551,4009,2429,7375,6010,4737,3969,6811,5720,6642,6977,7193,3852,7305,2649,7099,1744,703,6035,1953,8335,6462,5104,2563,3776,6920,3726,619,3777
3769,6958,2458,6064,7508,1838,3100,2694,6421,2884,8089,2918,7459,4522,811,8590,5679,6072,7944,8816,3778,5380,6095,7944,633,7678,5870,6544,5959,3491,8547,7367,7776,7753,7502,2566,5620,6956,4472,5447,4527,4361,3187,5237,8261,5796,6648,6591,2384,9602,6823,4776,10638,3132,5319,3990,8135,5866,5807,7944,3988,6204,6204,8474,8546,5367,5420,8534,2406,9296,3160,611,8014,6296,4216,3062,3526,10101,6445,6040,8546,10312,8546,2701,7693,8837,5747,8546,4472,10321,10674,2415,6861,9914,10094,9245,7770,8409,7601,10122,1852,3251,6191,1835,9446,1656,7387,1786,3705,5704,719,7255,136,7309,6072,2415,1683,5611,6839,3294,1823,0,2471,568,3156,6900,906,6531,5499,4369,3990,2694,6021,7187,5420,2863,8833,1319,6807,8180,6508,5802,6910,6497,6790,4651,3055,5212,1890,3697,5668,10205,7859,8546,8941,2952,136,2656,2719,2794,6430,4543,6958,5802,4990,8002,6055,2884,3863,799,5868,6344,2987,1730,2752,6441,2097,6112,3865,6523,6773,5767,2736,7599,7093,4515,8974,7750,3755,10224,6466,6007,8617,6333,157,3699,7250,8546,8180,8546,5447,6618,6910,1282,6510,7579,6138,1763,6001,2798,7191,1837,6835,8185,8954,5679,10005,10154,7087,6357,9961,3340,3015,1406,8225,6860,4472,1865,9638,8546,6357,7766,10020,4702,10328,3968,8012,3281,1921,6777,3491,9124,6197,5955,3697,1683,9746,4515,1973,4628
2403,5493,1127,4683,6111,1120,3112,3411,4994,1286,6826,3636,6063,4155,3821,6576,5312,4691,6431,5928,3886,7643,8359,6431,1775,6354,4489,8251,4578,1892,5659,5902,6311,6372,5989,2199,7884,9220,5502,4070,3484,2303,4657,7501,6350,5429,5602,5164,1464,6714,9999,4885,7750,4952,4952,4098,6754,4484,4425,6431,2389,6365,6365,6475,5658,3990,4038,7153,1442,6408,4562,1781,6510,4915,4324,1751,1927,6509,5064,4658,5658,6721,5658,1102,6369,5949,4366,5658,5502,6729,9076,546,5265,8315,6502,6357,6446,7945,6028,6531,1459,4653,8454,1468,6558,1289,6025,1939,2106,7968,3375,5858,2316,5844,4691,546,4259,7875,5458,265,1441,2838,0,3526,4558,5557,3346,8794,4117,2988,2391,3411,8284,5791,4038,784,8369,3139,5426,9116,5081,4464,9173,5205,5363,3269,4875,7476,2043,5157,4287,7317,6394,5658,6927,3060,2316,753,1338,3512,8693,3499,5615,4464,3609,6678,4674,781,1831,1609,4441,5253,4402,1205,1960,4942,4303,8375,3973,5141,5346,8030,3453,7135,5696,3471,6913,6426,2388,7336,8730,4626,8154,4952,2314,3807,5853,5658,9116,5658,4070,7514,9173,3729,8774,7115,4711,1396,4620,1200,5794,934,9098,7721,6066,5312,7117,6562,9350,4930,7073,3063,4493,3854,6357,5479,5502,4452,6750,5658,8620,6253,7132,4335,6774,2588,6688,1541,1528,7759,1892,7259,8461,4573,2974,4259,6858,3471,2125,4260
4169,8075,2857,7182,8655,2955,3500,3094,7538,3283,8684,3319,8607,4806,243,9864,6423,7168,8539,9216,2166,5780,6495,8539,1202,8795,6988,6944,7077,3889,8947,8485,8893,8870,8097,3683,6020,7357,4872,4372,5123,4300,2937,5638,9638,6540,7392,7709,2783,10002,7223,3165,11038,3141,4570,2378,9252,6983,6924,8539,4386,4592,4592,9763,8946,5767,6537,9651,2804,9696,3560,1179,9132,7414,2605,4180,3924,10501,7562,7157,8946,10712,8946,3099,8810,9237,6864,8946,4872,10721,11073,3532,7978,10312,10494,9645,8888,9004,8718,10523,2420,3651,6591,2440,9846,2773,7982,2184,4104,6104,151,8403,704,8427,7168,3532,1115,6011,8002,3692,1958,568,3589,0,3556,8018,1196,6931,6616,5486,4388,3094,6421,8335,6537,3770,9428,750,7924,8776,7626,6919,7310,7614,7908,5768,3064,5612,2289,4434,6785,10605,8977,8946,10215,1340,704,3054,3836,3194,6830,5139,8076,6919,6108,9119,7173,3767,4263,1368,6986,7646,2682,2947,3150,7558,1287,6512,2253,7640,7891,6167,3136,8195,8240,5110,10201,8867,4155,10624,6866,7125,9213,7451,725,2087,8397,8946,8776,8946,4372,7018,7310,714,6910,8174,7256,2880,7118,3197,8338,2912,7235,8780,9354,6423,10406,10554,7487,7475,10361,3740,2773,838,9343,7978,4872,1296,10038,8946,6757,8361,10420,4718,10946,4368,9129,3538,2489,7177,3889,9719,6597,7072,3825,1115,10146,5110,2371,4676
4180,10076,3921,9209,10638,4145,2001,1923,9520,4071,6120,2147,10589,6829,3480,7025,10303,9196,5975,6377,4719,2941,3656,5975,3914,10760,9016,4105,9104,6034,6108,10485,10894,10898,5533,4873,3181,4518,2505,1535,2558,4445,5490,2799,6799,10420,10128,9691,3847,6926,4384,5717,7334,5694,7627,4930,11280,9011,8952,5975,4402,7145,7145,6924,6107,2928,8565,11679,3869,6857,269,4455,11036,9442,5157,5370,3370,7662,9590,9185,6107,7873,6107,4163,10775,6398,8892,6107,2505,7882,10415,7164,9792,9654,7655,6806,10853,6440,10554,7684,4001,361,3752,4142,7007,3963,5418,3248,4173,3265,3388,10385,3480,10427,9196,7164,3940,2864,9984,6745,3285,4884,4472,3236,0,10083,3120,4092,8644,7514,4404,1923,3582,10128,8565,4326,6864,3952,8321,6211,9608,8991,4473,9731,9890,7796,5617,2773,2947,807,8813,7766,10977,6107,7376,3893,3480,4118,7143,2023,3991,2621,10141,8991,8136,11084,9200,4346,3416,3748,8968,10382,5235,4137,4214,9469,2490,3673,4806,9668,9873,3328,1965,5630,9978,2546,7362,10832,2427,7420,4027,9152,6648,9478,3478,4640,10068,6107,6211,6107,1535,4610,4473,3959,4071,5610,9238,4070,9146,4215,10009,4102,4128,6216,6515,10303,7567,7715,4648,9457,7522,1867,5325,3170,11371,10006,2505,3993,7199,6107,3918,6043,7344,7009,8107,3521,11094,4560,4070,4338,6034,7155,3758,9100,1728,3940,7307,2546,3435,6935
7943,2033,5968,2708,3405,5960,9087,9803,1303,5880,8899,9241,3454,5886,8508,8348,5367,2154,8060,7588,11248,11228,10338,8060,6616,2977,2514,10944,1685,5011,9033,1310,1999,4211,7618,6142,11469,11177,11116,8700,9458,6169,12019,11086,8010,5484,2029,1306,6304,6407,12102,9425,7003,12223,6683,11460,3500,2182,2705,8060,6112,7217,7217,8135,7318,8619,2079,3525,6283,7143,10226,6622,3778,2886,11686,6104,6797,5143,3705,2408,7318,5355,7318,5943,2236,7609,1893,7318,11116,5364,6548,5387,1935,7302,5137,8262,2335,9573,1857,5165,6300,10317,12039,6309,8218,6129,8874,6625,5830,11553,8215,3483,7157,1281,2154,5387,8911,11152,2476,4968,6282,7678,5233,8367,10222,0,7374,12379,2206,3218,6114,9803,10263,3218,2079,5397,11483,7979,4074,11808,1224,1822,11130,763,922,2965,12146,11061,6730,10763,1847,7648,2115,7318,8699,10422,7157,5594,5368,9903,12278,9521,490,1822,2573,2530,2202,5376,8335,6450,2200,1768,11764,6046,6875,2052,12386,11961,11335,3783,1488,11615,9845,8764,3123,9446,8655,2314,8186,6382,12315,2534,9782,2923,7155,11169,3280,7318,11808,7318,8700,10207,11130,8570,11322,8744,2470,6237,3261,5752,3221,5775,12683,9350,7097,5367,8388,5197,12935,1997,7891,9033,11854,8695,3788,4121,11116,9590,7165,7318,11168,8028,6188,6066,5416,7833,2520,5465,6369,10451,5011,9001,12046,1680,8913,8911,5482,9446,6812,5991
3015,6889,1544,5995,7296,1769,2751,2345,6352,1971,7740,2569,7247,4453,1321,7261,5610,5981,7595,6613,2560,5393,6108,7595,745,7546,5801,6557,5890,2577,6344,7298,7707,7684,7153,2497,5633,6969,4485,3427,4178,2988,3331,5250,7912,5727,6914,6522,1471,7399,6836,3558,8435,3535,5250,2772,8066,5797,5738,7595,3074,4986,4986,8125,6343,5380,5351,8465,1492,7093,3172,723,7822,6227,2998,2993,2612,7898,6376,5971,6343,8109,6343,1787,7561,6634,5678,6343,4485,8118,9761,2346,6623,9000,7891,7042,7638,8059,7356,7919,1625,3264,6204,1766,7243,1587,7038,872,2791,5717,1229,7186,492,7240,5981,2346,2913,5624,6785,2380,909,370,2096,1077,3169,6915,0,6543,5430,4300,3076,2345,6034,6914,5351,1949,8484,1793,6738,7831,6440,5733,6924,6563,6721,4582,3458,5225,977,4047,5599,8002,7790,6343,7612,1734,492,1742,2650,2445,6443,4194,6973,5733,4921,7870,5986,1970,2516,1372,5799,6275,3076,1761,1838,6300,2110,6125,2647,6454,6704,5779,2387,7250,6764,4166,7598,7618,3001,8021,6479,5938,8268,6264,1037,2481,6854,6343,7831,6343,3427,6230,6924,1800,6523,7230,6069,1694,5932,1885,6795,1726,6847,7836,6751,5610,7802,7951,7100,6288,7758,2991,3166,1435,8156,6791,4485,3106,7435,6343,6370,7417,7817,4633,8343,3273,7880,2226,1694,6790,2577,8775,6210,5886,3348,2913,7543,4166,1059,4559
6652,11050,7108,13955,11243,7333,4855,4777,11869,7700,5083,5001,11195,10017,6667,5584,14807,13540,5011,5258,7906,1739,2533,5011,7101,11493,13761,1844,14277,8507,5083,11460,11868,10350,4569,8061,1235,1880,4407,5481,5412,6918,8677,1371,5255,14924,13070,11622,7035,6560,2674,8905,7319,8881,10310,8118,9877,13601,9899,5011,7311,10332,10332,5468,5679,5400,11037,10276,7056,6429,3517,7214,9757,10389,8345,8557,6958,7219,10323,13930,5679,7431,5679,8026,11508,5237,11365,5679,4407,7440,9250,9557,10953,8087,7213,5857,11586,3509,11517,7241,7189,3609,1899,7330,6027,7151,4454,6436,7083,1412,6575,10990,6668,11402,13540,9557,7128,2049,10931,9218,6473,8072,9482,6424,3514,14534,6308,0,11116,9987,7313,4777,2458,10861,11037,8188,3583,7139,9873,2615,11956,11339,1265,12079,12238,10268,8804,1571,6135,4055,11286,6391,11952,5679,5976,7080,6668,7306,9615,4877,247,5428,14592,11339,10608,11817,13923,8208,7045,6935,10710,13324,8422,6942,8198,10533,5678,714,7993,10354,11440,1474,4819,4593,10712,5400,5079,11565,6896,7054,820,13367,3805,10426,6665,7827,10801,5679,2615,5679,5481,3209,1265,7730,2948,4573,10419,7258,10093,7844,10742,6982,324,4761,6087,14807,6119,7273,1104,11193,6148,4721,8513,6357,9968,10692,4407,7180,7137,5679,1132,5487,6978,10197,7664,6543,11827,8190,7258,1902,8507,5229,551,14273,4582,7128,6832,5400,6623,10122
6458,3003,4484,167,3621,4476,7602,6768,1506,4642,8201,7756,3573,4951,7178,7950,4432,525,7734,7303,10313,9918,9027,7734,5131,3863,281,9633,1009,3526,7723,2341,3602,4290,7292,5206,10159,9866,9631,7215,7974,4684,11084,9776,7725,4549,1327,1509,4820,6217,10792,8490,6862,11288,5748,10524,4048,537,2788,7734,4627,6282,6282,7850,7033,7135,184,4355,4798,7002,8741,5137,3857,2968,10751,4619,5283,4961,3713,440,7033,5173,7033,4458,3878,7324,530,7033,9631,5181,6223,3903,2535,7450,4955,7732,3053,10726,2574,4983,4815,8833,10729,4824,7933,4645,7564,5295,4345,10243,6731,3368,5672,2297,525,3903,7427,10150,2968,3483,4797,8514,3959,6882,8738,1683,9023,11069,0,1687,4630,6768,8953,3300,184,4141,11151,6495,4075,10498,1875,1885,9820,1449,1708,1435,11211,9751,5399,9279,686,7804,2833,7033,8302,9486,5672,4110,3883,6868,10968,7990,1741,1885,1073,3284,288,4137,5188,4965,1951,1417,10829,4561,5316,2452,7967,10650,10399,3791,1691,10305,6810,9917,3206,7961,8288,3032,6702,6193,11005,804,10935,3005,5670,10234,3363,7033,10498,7033,7215,8897,9820,7086,9902,9896,2221,4752,3269,4556,3304,4290,11373,10502,7441,4432,8247,5015,11625,2200,8448,7548,10919,7292,3867,4128,9631,8106,7025,7033,9749,7799,6047,5131,5275,6349,3294,3980,4884,9141,3526,8634,10736,1005,7429,7427,5428,7961,5482,5056
5445,2620,3471,1695,3169,3463,6589,5755,2052,3629,7992,6744,3121,5707,6165,7342,5188,1703,7674,7094,6229,9710,8819,7674,4118,3412,1501,9425,1590,2513,7515,3029,3839,4008,7232,3868,9950,9658,8618,6202,6961,3671,7350,9567,7516,5305,2083,2222,3807,5402,10583,9246,5998,7295,6504,6441,3596,1497,2062,7674,3624,7038,7038,7641,6825,6122,1051,3903,3785,6138,7728,4124,3405,2517,6668,3607,4270,4138,2700,1671,6825,4350,6825,3445,3427,7115,1378,6825,8618,4358,5210,2890,2323,5954,4131,7523,3504,10517,3086,4160,3802,7820,10521,3811,7724,3632,7356,4282,3341,10034,5718,2916,4659,2971,1703,2890,6414,9941,2516,2470,3902,5181,2946,5869,7725,2531,5031,10860,1129,0,3626,5755,8745,2849,1051,3128,10931,5482,3062,10289,2139,1433,9611,2263,2421,422,7218,9542,4386,8266,1299,6642,3521,6825,7694,5403,4659,3097,2870,5855,10760,6977,2589,1433,621,3736,1686,3124,4175,3952,1499,2265,7150,3548,4303,2000,6954,10442,6316,2778,2404,10096,5797,9708,2754,6948,7649,3484,5689,5377,10796,1638,10726,2553,4657,6150,2911,6825,10289,6825,6202,8688,9611,6073,9693,9688,1769,3739,2256,3543,2852,3277,11164,10294,6091,5188,7382,4191,11417,1988,6886,6535,6836,6279,3415,3115,8618,7093,6160,6825,9540,7496,5183,5887,4410,5336,3746,2967,3871,8933,2513,7996,10527,1585,6416,6414,4476,6948,4469,5813
2763,6019,2360,5152,6580,3345,3907,4308,5463,1992,5133,4061,6532,6464,4766,4984,6433,5160,4767,4336,6005,5930,5932,4767,3549,6823,4958,6359,5047,942,4067,6428,6836,7897,4325,4508,6170,6771,5936,3520,4279,1622,6776,5787,4758,6550,6071,5633,2264,4885,7373,7004,5921,7262,7262,6217,8279,4954,4895,4767,3,10017,10017,4883,4067,3440,4508,8678,2243,4816,5046,4090,8035,5384,6444,3488,2848,5621,5533,5128,4067,5832,4067,2708,6504,4357,4835,4067,5936,5841,8374,2767,5735,7613,5614,4765,6915,6281,6497,5643,2440,5138,6741,3778,4966,3598,5167,2883,1376,6254,4674,6328,4625,6370,5160,2767,6380,5853,5927,2347,2920,5147,2823,4523,5042,6026,3632,7080,4586,3457,0,4308,5858,6260,4508,2031,6705,5448,6391,7402,5551,4934,6724,5674,5832,3739,7185,5762,2988,5583,4756,5725,6920,4067,5335,5179,4625,3753,2745,4210,6980,4341,6084,4934,4078,7147,5143,2041,3156,3383,4910,5431,6522,2794,2226,5411,7206,6923,6092,5611,5815,6316,4350,5471,6165,4266,5321,6895,3006,5744,7016,5095,6490,5421,4623,5926,6322,4067,7402,4067,3520,5801,6724,6039,7060,5451,5180,3705,5089,1864,6263,3159,7117,6057,4474,6433,5526,5674,7637,5400,5481,3853,6612,4880,8369,5948,5936,7059,5158,4067,6907,4731,5303,6644,6066,1505,7157,1577,2509,6046,942,5668,6747,5043,3734,6380,5266,4266,3070,6570
1444,9019,2463,8553,9568,2687,406,0,8864,2233,5640,224,9520,5371,3643,6141,6529,8539,5495,5720,4882,3904,4261,5495,2456,9811,8359,4867,8448,3349,5451,9428,9837,9814,5053,3415,4144,5100,2908,1327,71,2035,5653,3761,5812,6645,9471,9034,2389,6569,5347,5881,7605,5857,6168,5094,10196,8354,7868,5495,2564,7308,7308,6025,5451,1731,7908,10595,2410,6201,1968,2569,9952,8357,5321,3994,1491,7068,8506,8528,5451,7279,5451,2559,9492,5741,8236,5451,2908,7288,10532,2860,9135,9772,7061,6150,9903,5960,9485,7090,2543,2060,4715,2684,6350,2505,4991,1790,2336,4228,3551,9316,2953,9370,8539,2860,3976,3827,8915,3152,1827,3089,2868,3400,1964,9426,2509,5054,7987,6858,2566,0,4187,9043,7908,2721,6384,4115,7841,5731,8951,8334,5053,9074,9233,7139,5780,3736,1489,2563,8156,7109,9920,5451,6492,4056,2953,2660,3581,100,4954,56,9485,8334,7479,10135,8544,2742,1578,2290,8311,9726,5398,2297,2731,8812,2526,4897,4969,8583,9216,4290,42,5150,8894,84,6525,9883,940,7191,4990,8496,6168,8394,3530,4803,8983,5451,5731,5451,1327,4130,5053,4122,5245,5130,8581,2612,8062,2377,8924,2336,5091,5736,5859,6529,6910,7121,5611,8800,6866,646,5489,3206,10286,8921,2908,4029,6542,5451,5091,5563,6987,5551,7513,1642,10145,2723,2612,4375,3349,6675,4721,8443,625,3976,6713,84,1977,5477
5724,8858,6424,11763,9408,9282,4612,4206,9429,6772,3099,4431,9359,13134,6448,3600,12615,11347,2954,3242,7687,1547,74,2954,6417,9515,11569,711,12085,7578,3026,9267,9676,7439,2512,7376,1788,1124,4188,3470,4846,5989,8458,1405,3271,12732,10877,9381,6350,4503,2481,8685,4849,8662,15408,7899,7821,11409,7707,2954,6383,15431,15431,3484,3622,3874,10109,8220,6372,4372,3298,6530,7577,8196,8125,9425,6029,5163,8345,11738,3622,5374,3622,7097,9332,3180,10436,3622,4188,5383,7992,8708,8761,8348,5156,3873,9607,3419,9324,5184,6504,3389,2358,6645,4043,6466,2397,5751,6154,1871,6356,9155,6914,9209,11347,8708,6908,851,8754,8289,5788,7050,8554,6204,3294,12341,6088,2655,10188,9058,6385,4206,0,8882,10109,8719,3843,6920,6224,2580,9764,9147,819,9887,10045,9116,8585,1379,5450,3835,10357,4801,9759,3622,3951,6861,6914,6621,8687,4306,2554,4908,12399,9147,9679,9839,11730,8697,6117,6251,8517,11132,8203,6258,7270,8341,5458,2279,7774,8423,9247,1934,4248,2609,8733,4833,3984,9587,5967,4997,1132,11175,3628,8233,6446,7608,8823,3622,2580,3622,3470,665,819,7511,962,2589,8227,6573,7901,6916,8764,6297,2692,3195,4030,12615,4602,5216,1456,9014,4558,4390,8293,6138,7911,8760,4188,6961,4713,3622,809,2776,4921,13314,5608,5615,9849,7261,6573,659,7578,4134,1357,12080,4301,6908,4775,4833,5938,13239
7798,1459,5824,3544,479,5816,8943,9659,2334,5982,6243,9097,431,7556,8518,5692,7037,3605,5414,4942,8583,8564,7673,5414,6472,1084,3350,8279,3195,4867,6369,1864,1511,1148,4972,6221,8804,8512,10972,8556,9314,6024,9703,8421,5364,7154,3932,2234,6160,3912,9438,12371,4347,9649,8353,8794,906,3346,1479,5414,5968,12162,12162,5963,4673,8475,2900,1213,6139,4487,10082,6477,715,730,9021,5960,6624,2498,1097,3520,4673,2709,4673,5799,1099,4963,3227,4673,10972,2718,3255,5243,1666,3999,2491,5605,1176,6928,1113,2520,6156,10173,9375,6165,5687,5985,6210,6635,5685,8888,8071,226,7013,2114,3605,5243,8767,8795,927,4824,6138,7534,5299,8222,10078,3214,7384,9715,2979,3074,5970,9659,7599,0,2900,5481,8242,7835,1345,9144,2678,2061,8465,2801,2960,2803,9572,8396,6740,10619,3148,5002,1778,4673,6097,7757,7013,5450,5224,9759,9614,9330,3310,2061,2441,1408,3535,5478,6528,6306,1422,4114,9099,5902,6657,1246,9307,9296,8669,1099,2052,8951,9701,6118,380,9302,5998,1156,8042,3737,9650,3487,7284,921,7010,8504,537,4673,9144,4673,8556,7542,8465,8426,8547,6098,1132,6093,2036,5608,478,5631,10019,6704,4451,7037,5731,2551,10271,1919,5246,8888,9189,8632,725,1437,10972,9446,4509,4673,8394,5363,3532,7736,2770,7689,1418,5320,6225,7787,4867,6345,9381,3190,8769,8767,2923,9302,6822,7662
6153,2745,4179,351,3294,4171,7297,6463,1690,4337,8105,7451,3246,5122,6873,7855,4603,709,7638,7207,10484,9823,8932,7638,4826,3537,464,9538,1069,3221,7628,2830,3662,3963,7196,5378,10063,9771,9326,6910,7669,4379,11255,9680,7629,4720,1739,1693,4515,6122,10696,8661,6766,8003,5919,10695,3721,721,2461,7638,4322,6453,6453,7754,6938,6830,0,4029,4493,6906,8436,4832,3530,2642,10922,4314,4978,4865,3408,624,6938,5077,6938,4153,3552,7228,590,6938,9326,5086,5918,3598,2448,7354,4859,7636,3629,10630,3211,4887,4510,8528,10634,4519,7837,4340,7469,4990,4040,10147,6426,3041,5367,2480,709,3598,7122,9746,2641,3178,4492,8685,3654,6577,8432,1743,5739,10973,184,1382,4325,6463,8858,2974,0,3835,11055,6190,3770,10402,1937,1558,9724,1633,1892,1130,7926,9655,5094,8973,869,7708,3017,6938,8206,9658,5367,3805,3578,6563,10873,7684,1801,1558,746,3861,472,3832,4882,4660,1624,1477,11000,4256,5011,2125,7662,10555,10571,3485,1875,10209,6505,9821,2879,7656,8192,3609,6396,6097,10909,988,10839,2679,5365,10405,3036,6938,10402,6938,6910,8801,9724,6780,9806,9801,1894,4447,2964,4251,2977,3985,11277,10407,7345,4603,8151,4919,11530,2113,8352,7243,11090,6986,3540,3823,9326,7801,6929,6938,9653,7703,5952,5302,5179,6044,3871,3675,4579,9046,3221,8539,10640,1065,7124,7122,5332,7656,5177,5227
1877,5268,1370,4374,5817,1362,2587,2886,4685,760,6301,2741,5769,4397,3296,6050,5555,4382,5834,5403,4128,7118,7120,5834,2078,5925,4180,7726,4269,1117,5133,5677,6086,6063,5391,2441,7359,7959,5718,3396,2958,1777,4899,6976,5824,5671,5293,4855,2012,5951,9473,5127,6987,5194,5194,4340,6445,4175,4117,5834,1809,6608,6608,5950,5133,3464,3730,6844,1452,5883,6234,2023,6201,4606,4567,1993,1402,6687,4755,4349,5133,6899,5133,577,5940,5423,4057,5133,5718,6908,8550,235,5171,7790,6681,5832,6017,8819,5734,6709,1649,6326,7929,1710,6032,1531,5500,1413,1332,7442,3617,5565,2558,5619,4382,235,4501,7349,5164,430,1450,3080,242,3053,6231,5248,2162,8269,3808,2679,1811,2886,7046,5292,3730,0,9243,3381,5117,8591,4773,4155,7912,4896,5054,2960,5117,6950,1518,4631,3978,6791,6169,5133,6401,3302,2558,996,1580,2986,8168,3021,5306,4155,3300,6249,4365,33,1306,1913,4132,4944,4645,1447,1435,4750,4085,7850,4215,4833,5037,7505,2928,8009,5143,2946,6387,5997,1863,6811,8204,4317,9028,4643,2556,4049,5232,5133,8591,5133,3396,6989,7912,3972,7994,7989,4402,1638,4311,674,5174,1176,8573,8595,5541,5555,6592,6741,8825,4622,6548,2532,4735,3410,6535,5170,5718,4694,6224,5133,7841,5899,6369,4577,7132,2062,6259,1015,1718,7234,1117,6734,7935,4264,2448,4501,6333,2946,1600,4503
6247,9419,7926,11360,8473,9192,7156,6750,10449,7295,1991,6974,8425,12227,10148,2939,13459,12192,2679,2778,11387,5064,3472,2679,8961,9009,11166,2908,11255,8101,3718,10033,9471,7221,2784,9920,4560,2457,8351,6014,7390,6512,12158,4696,2163,13576,11721,10195,8894,5003,7593,16355,4139,12362,16124,11599,7603,12253,8473,2679,6906,16146,16146,2376,3951,6418,10715,8002,7810,3940,7461,9074,7483,8963,11826,9055,6552,5435,7857,11335,3951,6093,3951,7620,9124,2540,11042,3951,8351,5655,6069,7922,9527,4907,5428,3107,9136,748,9073,5457,8007,7553,5224,9189,3243,9010,3105,8295,6677,4737,10056,8502,9458,9975,12192,7922,11072,4234,8887,9005,8332,9594,7929,9905,7458,11249,9014,3386,10794,9664,6908,6750,3751,8434,10715,7782,0,10620,6497,1190,10536,9919,2908,10660,10818,9889,12285,4897,7994,7999,10963,3211,9574,3951,2796,10561,9458,9165,9402,6850,3643,7452,11345,9919,10286,9048,11351,7803,6640,8795,9382,11976,11903,8801,7793,9107,9622,4039,11474,7420,10014,4800,6792,2243,8340,7377,1898,9116,6490,5269,3701,12019,624,8553,10035,11308,8497,3951,1190,3951,6014,3261,2908,11211,4810,1293,8993,9117,8632,7439,8438,8841,3670,1581,3674,13459,2939,5489,3268,9879,2967,7098,11994,10301,7694,7341,8351,11124,3957,3951,3755,2395,4819,12408,5891,6138,9058,7784,8076,2966,8101,2048,3876,11250,6958,11072,5047,7377,8482,12333
5025,7688,2968,6794,8238,2568,3997,3592,7151,3884,9182,3816,8189,5252,2181,10361,6409,6781,9037,9714,2256,6277,6993,9037,1929,8408,6600,7442,6689,4491,9444,8097,8506,8483,8595,3296,6518,7854,5370,4869,5620,4901,1868,6135,10135,6526,7713,7321,3480,10499,7721,3254,10473,1814,4659,2468,8865,6596,6537,9037,4988,4682,4682,10260,9444,6264,6150,9264,3502,10194,4057,2408,8744,7026,1750,3862,4526,8613,7175,6770,9444,8825,9444,3701,8423,9734,6477,9444,5370,8833,11674,3145,7422,10914,8606,10143,8500,9502,8155,8635,2873,4149,7088,2052,10343,2386,8480,2882,4705,6602,599,7985,1431,8039,6781,3145,1121,6509,7584,3858,2656,1295,3201,750,4054,7630,1804,7428,6229,5099,4990,3592,6918,7917,6150,3383,9926,0,7537,9273,7239,6532,7807,7362,7520,5381,1737,6110,2986,4931,6398,11102,8589,9444,10712,1430,1431,3752,3449,3692,7327,5103,7688,6532,5720,8732,6785,3380,4430,2095,6598,7074,1669,2560,3848,7099,1527,7009,2343,7253,7503,6664,3633,8692,7823,5075,10698,8480,5010,11121,7364,6737,9710,7063,1452,2274,7980,9444,9273,9444,4869,7516,7783,954,7408,9181,6868,2493,6731,3798,7921,2525,7732,9278,9852,6409,10903,8667,7984,7088,10859,4237,1696,1078,8956,7590,5370,1313,10535,9444,7254,8859,9658,4807,8886,5224,8742,4139,2942,7675,4587,10217,7095,6685,4322,1121,10644,5075,3069,4766
6688,2221,5011,3956,1527,5003,8130,8846,3001,5169,5565,7838,1478,7430,7705,5014,7195,3964,4725,4254,7770,7983,7092,4725,5658,1777,3762,7541,3851,4054,5788,2630,2204,2221,4283,5408,8223,7953,10158,7743,8501,5211,8735,7840,4675,7312,4344,2792,5347,3073,8856,11558,3669,8836,8228,7981,1954,3758,1070,4725,5155,11349,11349,4801,3984,7662,3312,3002,5326,3728,9268,5664,1763,1266,8208,5147,5811,1809,607,3932,3984,2021,3984,4985,1792,4275,3639,3984,10158,2029,3423,4430,2124,4167,1802,4927,1869,6239,1766,1831,5343,9360,8794,5352,4884,5172,5629,5822,4872,8307,7258,1274,6199,2572,3964,4430,7954,8214,1620,4011,5442,6721,4275,7409,9265,3794,6571,9133,3391,2261,5157,8846,7018,1145,3312,4668,8383,7022,0,8562,3133,2516,7906,3442,3601,2486,8759,7815,5927,9806,3560,4314,3122,3984,5365,6943,6199,4637,4411,8946,9033,8517,3852,2516,2882,2101,3947,4664,5715,5493,1880,4526,8690,5088,5843,1703,11429,8715,7856,1407,2610,8369,8888,5430,995,8489,5321,1849,6931,3048,9069,3899,6606,1303,6197,7690,1085,3984,8562,3984,7743,6961,7906,7613,8076,5919,1590,5280,1228,5083,1026,4817,9437,6133,3762,7195,5053,1863,9690,2364,4557,8045,8718,7819,1773,1329,10158,8633,3831,3984,7922,4547,2854,7610,2082,6579,2111,4507,5412,7206,4054,5667,8800,3847,7956,7954,2234,8489,6009,7536
7301,10436,8009,13337,9296,8233,6194,5792,11254,8349,2725,6016,9248,10917,9645,3226,14192,12922,2503,3295,10881,3964,2505,2503,7999,8109,13146,1941,13660,9153,3726,10845,8537,8044,2776,8961,3562,1488,7385,5047,6423,7564,11655,3727,2897,14307,12455,9664,7935,4768,6626,11880,4961,11859,11712,11096,8426,12983,7517,2503,7960,17008,17008,3110,3886,5451,11684,8825,7957,4763,6495,8113,8305,9774,11322,9455,7604,5427,6939,13313,3886,5639,3886,8674,8124,3274,12014,3886,7385,5647,6892,11443,8572,5729,5420,3499,8202,1151,8099,5449,8089,6584,4226,8228,4066,8049,3097,7337,7729,3739,9553,7606,8497,9020,12922,11443,10105,3268,7953,11101,7373,8633,11369,9401,6491,13916,9285,2417,13304,10636,7962,5792,2785,7477,11684,8837,1225,10117,6489,0,9581,8964,1939,9704,9863,8933,11782,3796,7036,7032,13761,4033,8803,3886,3619,10055,8497,8207,10264,5892,2674,6439,13974,8964,11257,9871,13305,8855,7691,7834,10095,12706,11397,7840,8847,8151,8655,3070,10971,6970,10825,3801,5831,2235,7328,6411,2721,8182,7545,5261,2732,12750,1447,7635,9077,10805,7417,3886,0,3886,5047,2295,1939,10708,3734,2215,9804,8159,7676,8493,7358,7882,2701,1900,3814,14192,3761,5480,2299,9430,3790,6435,11490,9335,8516,8164,7385,10155,4780,3886,2786,3129,5642,11098,5872,7189,9881,8839,8159,1999,9153,2871,2907,13655,5878,10105,5039,6411,7521,11021
6841,1919,4866,1591,3010,4859,7985,8701,675,4778,8952,8139,2962,5602,7406,8401,5084,1079,8184,7753,10964,10369,9478,8184,5514,2414,1397,10084,623,3909,8174,1510,1919,3679,7742,5858,10609,10339,10014,7598,8357,5028,11735,10226,8175,5200,1978,678,5203,5878,11242,9141,6474,11939,6400,11176,3437,1064,2177,8184,5010,8932,8932,8300,7484,7517,961,3744,5181,6614,9124,5520,3246,2358,11403,5002,5695,4614,3176,1291,7484,4826,7484,4841,2123,7774,776,7484,10014,4835,5687,4285,1472,6431,4608,8182,2221,11177,1743,4636,5198,9215,11180,5207,8383,5028,8015,5524,4728,10693,7114,2757,6055,1466,1079,4285,7809,10600,2357,3866,5180,9166,4131,7265,9120,993,9674,11519,1089,2070,5012,8701,9404,2690,961,4295,11590,6877,3538,10948,0,962,10268,642,800,1818,11862,10201,5628,9661,730,7119,2002,7484,8752,10138,6055,4492,4266,8802,11419,8419,1052,962,1456,2453,1084,4274,7234,5348,1340,1663,11480,4944,5774,1841,11284,11101,11051,3254,860,10755,8743,10367,2595,8344,8126,2201,7084,5853,11455,1331,11385,2395,6053,10885,2752,7484,10948,7484,7598,9347,10268,7468,10352,10856,1610,5135,2732,4650,2693,4673,11823,10953,7891,5084,7859,4668,12076,1138,7363,7931,11571,7593,3256,3592,10014,8488,6637,7484,10199,8006,5659,5782,4887,6732,2463,4363,5267,9592,3909,8473,11186,618,7812,7809,4953,8344,5711,5708
6546,1924,4572,2310,2473,4564,7690,8407,955,4730,8115,7696,2425,6321,7266,7864,5803,2015,7647,7216,7330,9832,8941,7647,5219,2716,2116,9390,1559,3614,7637,2333,2742,3143,7205,4969,10072,9802,9719,7303,8062,4772,8295,9690,7638,5920,2697,1125,4908,5341,10706,9860,5937,8396,7119,7542,2900,2000,1640,7647,4715,7652,7652,7763,6947,7223,1665,3208,4886,6077,8829,5225,2709,1821,7769,4707,5371,4078,2639,2285,6947,4289,6947,4546,2397,7237,1712,6947,9719,4298,5150,3991,1226,5894,4071,7646,2808,10640,2390,4099,4903,8921,10643,4912,7846,4733,7478,5383,4433,10156,6819,2221,5760,2275,2015,3991,7515,10063,1820,3571,5003,6282,3836,6970,8825,1517,6132,10983,1744,1822,4718,8407,8867,2153,1665,4228,11064,6583,3002,10412,1042,0,9731,1165,1324,1568,8319,9664,5487,9366,1665,6582,2825,6947,8215,6504,5760,4198,3971,8507,10882,8077,1575,0,1206,3040,2020,4225,5275,5053,803,2599,8251,4649,5404,1304,10989,10564,7417,2717,1307,10219,8449,9830,2058,8049,8201,2788,6789,5317,10918,2253,10849,1858,5758,7251,2215,6947,10412,6947,7303,8810,9731,7173,9815,10319,1073,4840,2195,4644,2156,4378,11287,10416,7354,5803,7322,4131,11539,891,6826,7606,8279,7379,2719,3055,9719,8194,6100,6947,9662,7713,5123,6502,4350,6437,3050,4068,4972,9055,3614,8548,10649,1554,7517,7515,4416,8049,5570,6427
6435,9567,7135,12474,9762,7357,5323,4918,10138,7481,3801,5142,9714,10044,7346,4302,13324,12057,3656,3944,8585,2445,940,3656,7128,10010,12280,644,12797,8287,3728,9979,10388,8138,3214,8085,1885,364,5086,4182,6023,6698,9356,2303,3973,13441,11586,10091,7059,5205,3380,9583,5422,9560,10841,8797,8520,12118,8416,3656,7092,16142,16142,4186,4196,5183,10818,8919,7081,4945,4196,7242,8399,8908,9023,8584,6741,5864,8840,12447,4196,6076,4196,7809,10025,3882,11145,4196,5086,6085,8414,9340,9470,7252,5855,4575,10102,2673,10036,5884,7216,4288,3256,7357,4745,7175,3152,6460,6863,2770,7254,9510,7623,9921,12057,9340,7806,1749,9463,8998,6497,7759,9266,7103,4192,13050,6986,1571,12438,9767,7094,4918,995,9378,10818,7971,2747,7818,8392,1779,10475,9856,0,13257,10754,10049,9483,2277,6159,4733,12893,5556,10468,4196,5141,7759,7623,7333,9398,5018,1829,6038,13108,9856,10391,10334,12439,7992,6826,6960,9226,11841,9101,6967,7979,9050,6356,1364,8672,8871,9956,2832,4960,3311,9228,6010,4243,10082,6679,5699,490,11886,2969,8942,8200,8506,9318,4196,1779,4196,4182,1429,0,8409,1658,3294,8936,7282,8612,7627,9259,7006,1855,3392,4732,13324,5284,5915,818,9726,5312,5564,9191,7036,8613,9209,5086,7859,5287,4196,544,3478,5620,10224,6307,6326,10344,7970,7282,702,8287,4393,715,12792,5478,7806,5477,6010,6650,10150
7286,1891,5312,2052,3213,5304,8431,9147,647,5223,9156,8436,3165,5738,8006,8604,5220,1541,8388,7957,11100,10572,9681,8388,5959,2906,1858,10287,1537,4355,8377,1688,2377,3883,7945,5994,10813,10543,10459,8043,8802,5473,9035,10430,8378,5336,1882,650,5648,6089,11446,9277,6678,9137,6536,11312,3641,1525,2380,8388,5456,7069,7069,8504,7687,7963,1423,3904,5627,6818,9569,5965,3449,2561,11539,5448,6112,4825,3380,1752,7687,5037,7687,5286,2615,7978,1237,7687,10459,5045,5890,4731,1676,6634,4818,8386,2713,11380,2235,4847,5644,9661,11383,5652,8587,5473,8218,6123,5173,10897,7559,2961,6500,934,1541,4731,8255,10495,2560,4311,5625,7022,4576,7710,9566,459,6872,11723,1550,2562,5458,9147,9607,2893,1423,4969,11793,7323,3742,11152,567,1165,10471,0,266,2308,9060,10404,6228,10107,1191,7322,2494,7687,8955,10274,6500,4938,4712,9247,11622,8865,517,1165,1917,2909,1545,4965,7679,5794,1544,1620,11616,5389,6144,2044,11730,11304,11187,3458,832,10959,9189,10570,2798,8790,8329,2693,7530,6064,11659,2386,11589,2598,6498,11021,2955,7687,11152,7687,8043,9550,10471,7914,10556,11060,1814,5580,2936,5095,2897,5118,12027,11156,6778,5220,8062,4879,12279,1341,7566,8346,11707,8038,3460,3795,10459,8934,6840,7687,10402,8209,5863,5918,5090,7177,2899,4808,5713,9795,4355,8676,11390,1533,8257,8255,5164,8790,6310,5844
7013,1618,5038,1778,2940,5031,8157,7323,373,5197,8582,8163,2892,5790,7732,8331,5271,1267,8263,7683,7797,10299,9408,8263,5686,2112,1585,10014,811,4081,8104,1208,1617,3609,7821,5436,10539,10269,10186,7770,8529,5200,8762,10156,8105,5388,2040,377,5375,5808,11172,9329,6404,8863,6587,8009,3367,1252,2107,8263,5182,7121,7121,8230,7414,7690,1149,3675,5353,6544,9296,5692,3176,2288,8235,5174,5838,4544,3106,1478,7414,4756,7414,5013,1822,7704,964,7414,10186,4765,5617,4457,1403,6361,4538,8112,1920,11107,1442,4566,5370,9388,11110,5379,8313,5200,7945,5850,4900,10623,7286,2687,6227,1164,1267,4457,7982,10530,2287,4038,5352,6749,4303,7437,9292,618,6598,11449,1276,2289,5184,7323,9334,2620,1149,4695,11531,7050,3469,10878,294,892,10198,266,0,2035,8786,10131,5954,9833,917,7049,1700,7414,8682,6971,6227,4664,4438,7423,11349,8544,676,892,1644,2151,1272,4692,7406,5520,1270,1779,8718,5116,5871,1771,11456,11031,7884,3184,559,10685,7364,10297,2525,8516,8668,1900,7256,5784,11385,1518,11315,2325,6225,7718,2682,7414,10878,7414,7770,9277,10198,7640,10282,10786,1540,5307,2662,4822,2623,4845,11754,10883,7821,5271,7789,4598,12006,1068,7293,8073,8404,7846,3186,3522,10186,8661,6567,7414,10129,8085,5589,5970,4817,6904,2161,4535,5439,9522,4081,9015,11116,806,7984,7982,4883,8516,6036,5896
5082,2850,3107,3032,3399,3100,6226,6943,2267,3266,7629,6380,3351,5527,5801,7378,5862,3039,7162,6731,5866,9346,8455,7162,3755,3642,2838,8905,2926,2150,7151,3259,3667,3644,6720,3505,9587,9317,8255,5839,6598,3308,6831,9204,7153,5979,3419,2437,4517,5645,10220,9654,6290,6932,6324,6078,4027,2833,1698,7162,3251,9446,9446,7278,6461,5759,2387,4426,3422,6430,7365,3761,3906,2188,6304,3243,3907,3782,2336,3007,6461,3993,6461,3082,3657,6752,2714,6461,8255,4002,4847,2526,2753,5591,3775,7160,3734,10154,3492,3804,3439,7457,10157,3448,7361,3269,6992,3919,2969,9671,5355,3147,4296,3201,3039,2526,6051,9578,2746,2107,3539,4818,2372,5506,7361,2829,4667,10497,2466,1336,3253,6943,8381,2874,2387,2764,10578,5119,2699,9926,2354,1737,9246,2477,2636,0,6855,9179,4023,7902,2635,6279,3751,6461,7730,5040,4296,2733,2507,7043,10396,6613,2888,1737,1958,3966,3022,2761,3811,3589,1714,3601,6382,3185,3940,2332,6591,10078,5953,2414,2619,9733,6984,9345,2725,6585,7716,3714,5325,5621,10433,2974,10363,2225,4294,5787,2814,6461,9926,6461,5839,8325,9246,5709,9330,9834,1984,3376,1892,3180,2755,2914,10801,9930,6869,5862,7675,3835,11053,2203,6523,6142,6473,5834,4117,2752,8255,6730,6453,6461,9177,7227,5475,5707,4703,4973,3976,2604,3508,8569,2150,8062,10164,2922,6053,6051,4856,6585,4106,5633
6054,8916,4583,8022,9496,3795,5225,4819,8333,5009,10409,5043,9447,4067,3408,11589,6810,8008,10264,10941,1224,7505,8220,10264,3156,9738,7828,8669,7917,5616,10672,9325,9733,9710,9822,4523,7745,9082,6597,7572,6315,6130,131,7362,11363,4753,9037,8515,4509,11490,8948,2679,12526,77,3831,663,10093,7823,7764,10264,6113,3853,3853,11488,10671,7492,7377,10492,4531,11421,5285,3636,9849,8254,585,5020,5651,9841,8402,7997,10671,10052,10671,4826,9374,10962,7705,10671,6597,10061,12799,4373,8819,12039,9834,11370,9785,10729,9367,9862,4100,5376,8316,3280,11571,3613,9760,3911,5830,7829,1827,9213,2659,9267,8008,4373,951,7736,8812,5419,3948,2523,4429,1978,5281,10501,3031,8656,7456,6327,6115,4819,8146,8940,7377,4611,11469,1591,8765,10501,8420,7760,9010,8455,8720,6608,0,7337,4015,5822,7626,12330,9817,10671,11940,1333,2659,4781,4677,4919,8555,6378,10559,7760,6948,10032,8013,4607,5555,3322,7780,9292,368,3787,4877,8281,2336,8237,1172,8480,8697,7892,4861,9919,8791,6303,11926,9780,6039,12349,8591,7965,10938,8291,2680,537,8880,10671,10501,10671,7572,8743,9010,1353,8635,10409,8050,3721,7958,4923,8821,3753,8960,10505,11079,6810,12130,9894,9212,8269,12086,5465,258,2306,10183,8818,6597,1143,11763,10671,8482,10086,11908,3979,10113,6253,10042,5406,4169,8902,5616,11444,8322,7912,5550,951,11871,6303,4098,3938
5705,10103,6161,13008,10296,6386,4235,3830,10674,6753,4254,4054,10248,9070,5720,4755,11829,12593,4109,4356,6959,269,1631,4109,6154,10546,12814,2080,13330,8915,4181,10513,10921,8594,3667,7114,510,2607,3460,4534,4465,5971,7730,832,4426,11945,12123,10627,6088,5658,1204,7958,6004,7281,9363,7171,8976,12654,8952,4109,6364,9385,9385,4639,4777,4453,10090,9375,6109,5527,2570,6267,8855,9442,7398,9407,6011,6318,9376,12983,4777,6529,4777,7079,10561,4335,10418,4777,3460,6538,10635,8610,10006,9472,6311,4826,10639,4894,10570,6339,6242,2662,1080,6383,5677,6204,3605,5489,6136,594,5628,10043,5721,10455,12593,8610,6181,1147,10000,8271,5526,7145,8535,5477,2567,13587,5361,1590,10169,9040,6366,3830,1557,9914,10090,8700,4967,6192,8926,4000,11009,10473,2349,11132,11291,9321,7857,0,5188,2291,10339,6435,11005,4777,5106,6133,5721,6359,8668,3930,1489,4481,13645,10473,9661,10870,10726,8679,6098,5988,9763,12377,7475,5995,7251,9586,4731,1001,7046,9407,10493,656,3872,3764,9765,4453,5139,10619,5949,6152,1904,12420,5190,9479,5718,6880,9854,4777,4000,4777,4534,2154,2349,6199,2046,4254,9472,6311,9146,6897,9795,6035,1626,4350,5185,11829,6236,6371,2489,10259,6192,3723,7566,5410,9066,9745,3460,6233,5869,4777,2216,3931,6076,9250,6763,5596,10880,8765,6311,2313,8915,5289,1635,13326,3635,6181,5930,4453,5676,9175
2159,6439,1094,5545,6989,1319,1895,1489,5902,1520,6884,1714,6940,4003,2275,6346,5160,5531,6739,5698,3514,5229,5505,6739,1087,7231,5351,5954,5440,2127,5429,6848,7257,7234,6297,2047,5469,6366,4321,2571,3240,2751,4285,5086,6120,5277,6464,6072,1021,6247,6672,4512,7283,4800,4800,3726,7616,5347,5288,6739,2624,6213,6213,6245,5429,2976,4901,8015,1042,6178,3009,1629,7372,5777,3952,2543,2162,6983,5926,5521,5429,7195,5429,1337,6913,5719,5228,5429,4321,7203,9310,1639,6173,8550,6976,6128,7324,7204,6905,7005,1175,3100,6040,1316,6328,1137,6235,422,2341,5553,3223,6736,2164,6790,5531,1639,4107,5460,6335,1930,459,1721,1646,2032,3005,6464,1141,6380,4979,3850,2626,1489,5431,6463,4901,1499,7943,2986,6288,6976,5989,5283,6295,6113,6271,4132,4723,5061,0,3546,5149,7087,7340,5429,6697,2688,2164,1292,2200,1590,6279,3256,6523,5283,4471,7555,5536,1520,2253,921,5349,6718,4030,1311,1388,5850,2822,5961,3601,6004,6254,5616,1531,6394,6314,3228,6683,7303,2145,6741,6315,5488,7413,5814,2162,3435,6404,5429,6976,5429,2571,5374,6295,2754,6489,6884,5619,1244,5482,1435,6345,1276,6684,6980,5836,5160,6888,7037,6936,5838,6843,2082,4120,2389,7706,6341,4321,4300,6520,5429,6336,6561,6665,4183,7428,2358,7565,1775,1244,5619,2127,7919,6046,5435,2147,4107,6629,3228,609,4108
4102,10025,4393,9131,10575,4617,2254,2175,9488,5150,6372,2400,10527,7301,4061,6947,10225,9118,6730,6299,5300,2165,3604,6730,4386,10682,8937,4053,9026,7312,6030,10434,10843,9860,6288,5345,2405,4465,1091,1787,2811,4367,6071,2746,6721,10342,10050,9658,4319,6848,4332,6299,7884,6275,8099,5512,10242,8933,8874,6730,4761,7726,7726,6846,6029,2850,8487,10641,4341,6779,347,4927,9998,9364,5738,7803,4407,7584,9512,9107,6029,7795,6029,5475,10499,6320,8814,6029,1091,7804,10337,7086,9760,9576,7577,6728,10775,6692,10492,7606,4473,439,2976,4615,6929,4435,5723,3721,4532,2489,3969,10322,4061,10376,9118,7086,4521,2812,9922,6667,3757,5465,6932,3818,372,10051,3701,4039,8566,7436,4763,2175,3529,10050,8487,7324,7431,4533,8354,6464,9576,8869,4420,9699,9857,7718,6198,2721,3420,0,8735,7688,10926,6029,7298,4474,4061,4591,7065,2276,3938,2873,10109,8869,8058,11006,9122,7321,4495,4220,8935,10304,5816,4609,4687,9436,3071,2897,5387,9590,9840,2551,2217,5882,9900,2798,7284,10754,4345,7342,3975,10348,6901,9400,4059,5221,9990,6029,6464,6029,1787,4127,4420,4540,4019,6372,9205,4543,9068,5294,9931,4575,4343,6468,6437,10225,7489,7637,4595,9425,7444,2069,5906,3751,10332,9928,1091,4574,7121,6029,3865,6552,7266,7481,8029,3993,11016,7161,4542,4286,7312,7630,3706,9022,1980,4521,7229,2798,3907,7407
6288,2212,4313,1341,3451,4306,7432,8148,968,4225,9136,7438,3402,5352,7007,8584,4834,829,8747,7937,10714,10552,9661,8747,4961,3693,1147,10267,373,3356,8357,1803,2212,4120,8304,5608,10793,10500,9461,7045,7804,4475,8037,10410,8359,4950,1728,971,4650,6851,11426,8891,6840,8138,6150,10926,3878,814,2617,8747,4457,6683,6683,8484,7667,6965,860,4185,4628,6980,8571,4967,3687,2798,11153,4449,5113,4981,3542,1041,7667,5192,7667,4288,2416,7958,526,7667,9461,5201,6053,3732,1997,6797,4974,8366,2514,11360,2036,5002,4645,8663,11363,4654,8567,4475,8198,5125,4175,10877,6561,3198,5502,1759,829,3732,7257,10476,2797,3313,4627,6024,3578,6712,8567,1364,5873,11703,839,1517,4459,8148,9587,3130,860,3970,11773,6325,3905,11132,1215,1486,10429,911,1170,1265,8061,10385,5229,9108,0,7485,2295,7667,8936,9888,5502,3939,3713,8249,11602,7866,1422,1486,903,2746,834,3967,6681,4795,1781,1413,11230,4391,5146,2282,10731,11284,10801,3620,1153,10939,8190,10551,3036,7791,8492,2494,6531,6827,11639,1081,11569,2835,5500,10635,3193,7667,11132,7667,7045,9530,10429,6915,10645,11040,2051,4582,3098,4097,3134,4120,12007,11136,7541,4834,8225,5034,12259,1662,7729,7348,11321,7040,3697,3958,9461,7936,7003,7667,10492,8568,6026,5532,5253,6179,2756,3810,4714,9775,3356,8839,11370,368,7259,7257,5319,7791,5311,5458
5241,6190,9299,8452,5244,9066,6515,6786,7064,9145,2081,6669,5196,11681,11705,1530,11163,9895,3040,1815,12944,6492,5388,3040,10488,5780,8258,5818,8347,8117,4007,6903,6242,3992,3133,9472,6733,5367,8544,6128,6887,5506,12798,6350,2254,11279,9425,7017,9203,2320,7972,15220,1048,12899,12479,13156,4374,9956,5565,3040,5900,13012,13012,1801,2287,6047,7808,4773,9182,1090,7654,9728,4253,5282,13383,9210,5546,3559,4623,8427,2287,3002,2287,6614,5829,1836,8135,2287,8544,3082,4396,8413,6396,3233,3172,1444,5907,3648,5843,3165,9379,7745,7303,9415,1283,9235,3942,9822,5671,6817,11322,5273,10263,6845,9895,8413,12017,5796,5658,8074,9859,10785,8339,11462,7650,7945,10571,6296,7886,6757,5902,6786,5313,5205,7808,8503,3277,11085,4537,4100,7629,7012,5818,7752,7911,6981,12822,6325,9927,8191,8056,0,6344,2287,1234,12118,10263,8700,8474,6887,6553,6902,8040,7012,7378,5819,8443,8482,5634,10322,6153,9679,13460,9152,9165,5976,9814,6949,13031,4185,6883,6879,6828,2652,5110,6874,1136,5887,5484,2839,6611,9722,3122,5318,10261,12865,5267,2287,4100,2287,6128,5257,5818,11676,6262,2632,5862,9343,5724,9059,5208,8881,6580,2649,1717,11163,717,3393,6178,6649,244,6461,13551,10494,4464,4106,8544,12696,748,2287,6109,2341,2136,11861,3208,5132,5829,9400,9448,5876,8117,1483,6786,8342,6070,11264,2879,6874,10009,11787
8414,1422,6439,3187,1292,6432,9558,10274,1384,6351,7625,9712,1244,7430,8980,7073,6911,2675,7114,7037,9198,9787,8896,7114,7087,916,2993,9502,2219,5482,7592,658,560,2530,6672,6837,10028,9735,11587,9171,9930,6601,10163,9645,7458,7028,3573,1175,6776,5294,10661,10969,5728,10264,8227,9410,1818,2660,2095,7114,6583,8761,8761,7344,6372,9091,2557,1652,6754,5868,10697,7093,2096,2275,9636,6575,7269,4197,3095,2887,6372,4409,6372,6414,988,7058,2372,6372,11587,4418,4636,5858,1171,5380,4191,6987,724,8628,609,4219,6771,10789,10598,6780,7068,6601,7433,7097,6301,10334,8687,1943,7628,955,2675,5858,9383,9710,1865,5439,6753,8150,5704,8838,10693,2097,7846,10938,2685,3690,6585,10274,9044,2174,2557,5869,9623,8451,3464,10589,1702,2300,9664,1825,1984,3443,10187,9619,7201,11234,2326,6212,0,6372,7424,8372,7628,6065,5839,10375,10837,9992,2193,2300,3052,955,2680,5847,8807,6921,2038,3312,9714,6517,7347,1441,12857,10519,9285,2799,993,10174,10316,7818,2079,9917,7380,703,8657,5192,10873,2927,8665,2312,7626,9119,2236,6372,10589,6372,9171,8765,9664,9041,9880,8175,1747,6708,2651,6223,2177,6246,11242,8193,6235,6911,7113,4251,11494,1403,7669,9504,9804,9166,1990,3137,11587,10062,5891,6372,9949,6936,4914,7610,4470,8305,965,5936,6840,9010,5482,7727,10604,2214,9385,9383,4536,9917,7284,7536
3253,5554,4932,9613,4744,7003,4220,4798,6125,4301,2234,4681,4696,9233,8816,1682,9569,9198,1507,1035,10055,5110,3319,1507,6121,4995,9419,3902,9935,5107,1485,5963,5422,4588,1064,6322,5351,4196,6556,4140,4898,3518,9349,4968,1457,9685,8727,6077,4837,1831,5886,13361,1992,9750,10031,8790,4970,9259,4403,1507,4631,13152,13152,1582,0,4059,6645,5369,4815,1515,5666,6578,4850,4484,9016,6061,3558,2312,3825,9588,0,2497,0,4626,5010,1056,6972,0,6556,2533,5320,6430,5457,4559,2306,1464,5087,3020,4984,2334,5013,5757,5921,6266,1665,6086,1865,5456,3683,5435,7247,4492,7114,5905,9198,6430,9276,5033,4838,6010,5493,7635,6275,7096,5662,6941,6205,6261,6724,5594,4634,4798,3245,4362,6645,4788,3445,7936,3374,3552,6466,5849,4087,6589,6748,5819,9673,4942,5094,6203,6893,2423,5525,0,2034,7752,7114,5551,6408,4899,6160,4914,6999,5849,6215,5319,9580,4809,3646,5955,5213,8982,9094,5367,4798,5037,7826,5842,8665,3856,5943,5497,4840,2211,4213,4886,2020,5067,3496,2324,6196,9025,3229,4521,7111,8499,4303,0,3552,0,4140,3189,4087,8527,4194,2190,4923,6194,4561,4445,4244,5732,6297,2796,1173,9569,2224,2366,6817,5710,2180,4473,9184,8506,5061,4193,6556,9329,1857,0,4041,1328,2248,9414,2757,3221,5329,4790,5082,3433,5107,2366,5927,9930,4082,9276,1925,4886,5643,9339
4727,7121,6407,8741,6381,7392,5693,6273,7692,5775,1529,5877,6332,12458,10290,761,11940,10672,2294,1331,11529,6585,4205,2294,7535,6917,8662,4632,8751,6582,2959,7530,6989,5129,2387,7797,6825,5129,8030,5614,6065,4993,12300,6442,1753,12056,10202,7644,6311,2595,7361,14835,1916,12402,14604,11741,5511,10733,5970,2294,6106,14627,14627,1248,1774,5534,8212,5910,6290,1762,7140,7648,5390,6459,11968,7535,5033,3879,5392,8832,1774,3508,1774,6100,7031,1352,8539,1774,8030,3587,5713,6402,7024,4271,3677,930,6654,3330,6551,3671,6487,7232,7396,7763,1066,7584,3196,6869,5877,6909,10198,6409,8032,7472,10672,6402,10751,4614,6405,7485,6906,8168,6410,10047,7137,8508,7588,6057,8291,7161,6108,6273,4131,6342,8212,6263,3150,10762,4941,3861,8033,7416,4973,8156,8315,7386,12427,6417,6568,7678,8460,1038,7710,1774,0,10703,8032,7739,7883,6373,6315,6127,8566,7416,7782,6956,8847,6283,5120,7369,6780,10456,12045,6841,6273,6603,9301,6710,11616,5322,7510,6971,6315,2100,6247,6052,1327,6634,4971,3089,5250,10499,2570,6088,8609,11450,5870,1774,3861,1774,5614,4074,4973,11353,5080,2080,6490,7691,6128,5919,5811,7206,6341,2097,1496,11940,766,3933,5939,7277,794,5644,12136,9980,5601,5243,8030,10803,1785,1774,4926,1828,2641,12638,3713,4695,6966,6264,6556,4319,6582,1674,7402,8747,5555,10751,3385,6052,7056,12564
4898,7892,3172,6883,8442,2772,4229,3823,7309,4088,9217,4047,8393,3619,3055,10593,5598,7006,9073,9945,851,6509,7224,9073,2160,8612,6804,7673,6893,4695,9676,8301,8710,8687,8631,3500,6749,8085,5601,6576,5656,5154,1622,6366,10367,4304,7825,7479,3513,10731,7855,1978,10902,1725,3382,1063,9069,6800,6741,9073,5137,3405,3405,10492,9675,6496,6354,9468,3535,10425,4289,2137,8825,7230,1290,4066,4730,8817,7379,6974,9675,9002,9675,3905,8366,9966,6681,9675,5601,9037,11878,3349,7581,11118,8810,10374,8704,9537,8358,8839,3077,4380,7320,2256,10575,2590,8569,2915,4909,6833,2547,8189,1663,8243,7006,3349,2616,6432,7788,4497,2952,1527,3405,2699,4285,7872,2035,7660,6432,5303,5139,3823,7150,8121,6354,3587,9962,3256,7741,9309,7397,6736,8014,7431,7678,5585,1749,6341,3019,4826,6602,11334,8793,9675,10944,0,1663,3785,3653,3923,7559,5672,7930,6736,5924,8936,6989,3583,4992,2326,6757,8079,1368,2764,3881,7257,3226,7241,938,7457,7661,6896,3865,8728,8026,5644,10930,8684,4884,11353,7595,8123,9746,7267,1684,855,8183,9675,9309,9675,6576,7747,8014,3018,7639,8708,7027,2697,6935,4002,8125,2729,7964,9314,10083,5598,11134,8870,8216,7246,11090,4469,1458,2537,9159,7794,5601,2809,10767,9675,7486,8895,11149,3530,9090,5097,8946,4343,3146,7906,4695,10253,7326,6889,4554,2616,10875,5644,3102,3489
3623,6822,2152,5813,7291,1702,3236,2830,6239,2579,8224,3054,7243,4386,947,7810,5543,5936,7665,7162,2209,5516,6231,7665,497,7542,5734,6680,5823,3185,6893,7231,7640,7617,7223,2430,5756,7092,4608,3912,4326,3645,2980,5373,7584,5660,6847,6410,2079,7948,6862,3208,8119,3275,4613,2421,7999,5730,5671,7665,3627,4635,4635,7709,6893,5503,5284,8398,2100,7642,3296,475,7878,6160,2648,2926,3220,8447,6309,5904,6893,8631,6893,2395,7557,7183,5611,6893,4608,8667,10369,2279,6511,9608,8440,7591,7634,8544,7289,8469,2233,3387,6327,1699,7792,1520,7259,1480,3399,5840,855,7039,0,7173,5936,2279,2582,5439,6703,2988,1254,136,2335,704,3292,6802,375,6667,5363,4233,3629,2830,6157,7051,5284,2557,8969,1462,6671,8316,6327,5666,7021,6450,6608,4515,3198,5348,1585,3833,5532,8551,7723,6893,8161,1383,0,2350,2583,2930,6566,4342,6860,5666,4854,7866,5919,2513,3124,663,5687,6208,2725,1694,2446,6187,2233,6248,2296,6387,6591,5903,2872,7735,6957,4314,8147,7614,3609,8570,6602,5871,8753,6197,2,2130,7114,6893,8316,6893,3912,6754,7021,1418,6646,7715,5957,1627,5865,2493,7055,1659,6971,8321,7300,5543,8352,8500,7223,6176,8307,3476,2816,2177,8089,6724,4608,2775,7984,6893,6493,7487,8366,4566,8020,3822,7876,2834,2302,6913,3185,9260,6333,5819,3561,2582,8092,4314,1667,4492
2965,5568,599,4642,6186,1195,3738,3333,5069,1848,7364,3557,6138,4230,3743,7138,5387,4766,6994,6490,3961,7072,7349,6994,1850,6429,4564,7955,4653,2455,6221,5977,6386,6447,6551,2274,7313,8188,6165,4415,4045,2914,4732,6930,6912,5504,5677,5239,271,7276,8418,4960,8437,5027,5027,4173,6829,4778,4501,6994,2897,6441,6441,7037,6221,4819,4114,7228,261,6971,4852,1856,6585,4990,4400,1826,2490,6577,5139,4733,6221,6761,6221,1664,6110,6511,4441,6221,6165,6797,9638,1109,5340,8877,6570,6920,6521,9047,6103,6599,628,4944,7883,1543,7120,1364,6588,1860,2669,7397,3450,5933,2391,5919,4766,1109,4334,6996,5533,1822,1063,2913,1165,3601,4849,5632,2609,8223,4192,3063,2899,3333,7274,5866,4114,1347,9472,3214,5501,8819,5157,4539,8116,5280,5438,3344,4950,6905,1964,5390,4362,7879,6469,6221,7489,3135,2391,0,1413,3433,8122,4060,5690,4539,3684,6753,4749,1343,2394,1684,4516,5328,4477,834,375,5017,4612,7804,4048,5217,5421,7459,3375,8238,5527,4032,7475,6501,2950,7898,8159,4701,9256,5027,2389,3882,5616,6221,8819,6221,4415,7218,8116,3804,8203,8217,4786,1471,4695,1762,5557,829,8527,8823,6628,5387,7680,6630,8779,5006,7635,3979,4568,3929,6919,5554,6165,4527,7312,6221,8049,6815,7622,4410,6849,3150,6763,2103,697,7462,2455,7822,7890,4648,3535,4334,6915,4032,2047,4336
2730,4917,1454,3908,5324,1053,3439,3738,4291,1613,7589,3963,5275,3085,4148,7439,4235,4031,7223,6792,4213,8385,8387,7223,2102,5574,3829,8836,3918,1779,6522,5326,5735,5712,6781,1146,8626,9249,8391,5976,3811,2294,4984,8243,7214,4352,4942,4461,1791,7341,9731,5212,7702,5279,3883,4425,6094,3825,3766,7223,2276,5296,5296,7339,6522,5895,3379,6493,1769,7272,7501,2108,5973,4255,4651,884,2254,5842,4404,3999,6522,6027,6522,1429,5589,6813,3706,6522,8391,6070,6914,873,4820,7853,5835,7221,5666,10086,5560,5864,1786,7593,9196,1795,7422,1616,6889,2266,1994,8710,3702,5071,2643,5268,4031,873,4586,8308,4813,1134,1768,3165,930,3853,7498,4853,3014,9536,3458,2328,2278,3738,8313,4942,3379,1111,10510,3465,4766,9858,4378,3761,9177,4501,4660,2610,5202,8217,2370,8039,3627,8181,5818,6522,7791,3387,2643,1080,0,3839,9435,3826,4911,3761,2949,5898,4014,1108,2158,1936,3827,4593,4729,1532,2287,4400,4938,9117,4300,4482,4643,8772,3780,9276,4792,3798,7777,5646,2715,7081,9472,3966,10295,4292,2641,4134,4882,6522,9858,6522,5976,8256,9177,4056,9262,9256,4097,1723,3960,1527,4823,1261,9840,9862,6930,4235,7981,5896,10092,4324,7937,3390,4819,4181,6184,4819,8391,4779,7614,6522,9108,7187,6887,3265,6115,2915,5908,1629,1855,8501,1779,8123,9203,3914,3301,4586,6181,3798,2452,3191
1367,9119,2563,7996,9312,2787,329,100,8468,2157,5740,148,9263,5471,3743,6241,6629,8119,5595,4906,4982,4004,4361,5595,2556,9562,7918,4967,8007,3273,4637,9528,9989,9444,5153,3515,4245,5222,3177,1427,93,1927,5753,3862,5912,6746,11138,8639,2489,6669,5350,5981,7705,5856,6269,5194,9826,7913,7968,5595,2488,7682,7682,6125,4637,1832,7467,10225,2511,5386,2000,3097,9582,8457,5421,3918,1415,7168,8392,8087,4637,7353,4637,2483,9577,4927,7794,4637,3177,7388,10456,3201,9022,9696,7161,5335,9654,6060,9586,7190,2643,2091,4815,2785,5536,2605,5091,1891,2260,4328,3651,9059,3633,9470,8119,3201,4077,3927,9000,3075,1927,4154,2792,3500,1996,9031,2609,5155,7546,6416,2490,100,4287,8930,7467,2645,6484,4455,7941,5832,8556,7849,5151,8679,8837,6698,5880,3836,1590,2537,7715,6295,10020,4637,6592,4156,3633,2760,3505,0,5054,109,9089,7849,7038,9886,8103,2665,1502,2390,7916,8391,5499,2779,2655,8602,2627,4736,5069,8423,8820,4391,155,5250,8780,81,6625,9634,864,7291,5090,8054,6269,8494,3630,4903,8870,4637,5832,4637,1427,4230,5151,4223,5236,5230,8488,2713,8162,2301,8811,2745,5459,5836,5044,6629,6096,7221,5711,8405,6051,508,5589,3306,9917,8761,3177,4129,5728,4637,5082,5417,7087,5651,7613,1566,9896,2647,2712,4475,3273,6775,4821,8002,526,4077,6814,81,2077,5577
6765,11163,7221,13952,11355,7445,5295,4889,11981,7812,5125,5114,11307,10129,6779,5626,12888,13652,5123,5695,8019,1852,2645,5123,7214,11606,13873,2897,14390,8619,5195,11572,12033,10392,4681,8173,979,1922,4520,5593,5525,7030,8790,1483,5297,13005,13182,11686,7147,6672,2428,9017,7361,8892,10422,8230,10810,13713,10011,5123,8143,10444,10444,5510,5791,5512,11150,11209,7168,7162,3630,7327,10696,10501,8457,8669,7070,9212,10436,14042,5791,9396,5791,8138,11621,5674,11477,5791,4520,9432,9292,9669,11066,8129,9205,5899,11698,3551,11629,9233,7301,3721,1569,7442,6466,7263,4619,6548,7915,1157,6687,11103,6780,11514,13652,9669,7240,2161,11044,9330,6585,8205,9595,6536,3626,14646,6420,247,11228,10099,8145,4889,2571,10973,11150,8300,3624,7252,9985,2657,12068,11451,1766,12191,12350,10380,8917,1684,6247,4167,11398,6433,12064,5791,6018,7192,6780,7418,9727,4989,0,5540,14704,11451,10720,11930,14035,8321,7157,7048,10822,13436,8535,7054,8310,10645,5790,488,8105,10466,11552,1219,4931,4635,10824,5512,5121,11678,7008,7166,960,13479,3847,10538,6778,7939,10913,5791,2657,5791,5593,3251,1766,7259,3060,4615,10531,7370,10205,7957,10854,7094,200,4270,6199,12888,6161,9265,1146,11319,6190,4783,8625,6470,10907,10804,4520,7293,7179,5791,1633,5179,7090,10309,9657,6732,11940,8302,7370,2955,8619,5271,691,14385,4694,7240,8857,5512,6735,10235
1900,9055,2499,8473,9248,2723,669,135,8946,2649,5676,531,9199,5407,3679,6177,6565,8597,5531,5778,4918,3940,4297,5531,2492,9498,8395,4903,8484,3531,5487,9464,9873,9380,5089,3451,4180,5136,3113,1363,16,2459,5689,3797,5848,6681,11074,9116,2425,6605,5286,5917,7641,5791,6205,5130,9762,8390,7904,5531,2980,7618,7618,6061,5487,1767,7944,10161,2447,6237,1935,3033,9518,8393,5357,3948,1948,7104,8328,8564,5487,7288,5487,2741,9513,5757,8272,5487,3113,7324,10715,3300,8958,10925,7097,6450,9590,5996,9521,7126,2579,2027,4751,2720,6387,2541,5027,1826,2751,4264,3587,8995,3568,9406,8597,3300,4013,3863,8936,3334,1863,4090,3050,3436,1932,9508,2545,5091,8023,6894,2982,135,4223,8865,7944,2904,6420,4391,7877,5768,9033,8327,5065,9156,9315,7175,5816,3772,1525,2473,8193,7145,9956,5487,6528,4092,3568,2696,3604,365,4990,0,9566,8327,7515,9822,8580,2924,1994,2326,8393,8868,5434,2715,2792,8537,2563,4672,5005,8359,9298,4327,520,5186,8716,28,6561,9570,1886,7227,5026,8532,6205,8430,3566,4839,8806,5487,5768,5487,1363,4166,5065,4158,5171,5166,8424,2648,8098,2793,8747,2680,5127,5772,5895,6565,6946,7157,5647,8882,6902,711,5525,3242,10061,8696,3113,4065,6578,5487,5018,5353,7023,5587,7549,2099,9832,3138,2648,4411,3531,6711,4757,8479,729,4013,6749,28,2013,5513
7992,2306,6018,3077,3679,7349,9136,9853,1352,5929,9280,9291,3128,6407,8558,8728,5888,2676,8440,7968,11769,11278,10387,8440,6665,2801,2998,10993,2236,5060,9083,1583,2272,4589,7998,6663,11519,11287,11165,8749,9508,6179,12540,11136,8390,6005,2399,1356,6354,6787,12054,9946,7384,12642,7204,11981,4347,2665,3086,8440,6162,7738,7738,8515,7699,8669,2588,3798,6332,7442,10275,6671,4155,3267,12207,6154,6847,5524,4086,2833,7699,5708,7699,5992,2510,7989,2318,7699,11165,5744,6596,5357,2382,7669,5517,8398,2608,12086,2130,5546,6349,10367,12089,6358,8598,6179,8924,6675,5879,11602,8265,3667,10106,1555,2676,5357,8961,11201,2749,5017,6331,9970,5282,8416,10272,490,10479,12429,2527,3268,6164,9853,10313,3599,2588,5447,12499,8029,4448,11858,1273,1871,11155,813,972,3423,12667,11110,6780,10813,2335,8028,2389,7699,9079,10943,10106,5644,5417,9439,12328,9571,0,1871,3061,2804,2686,5426,8385,6499,2250,2289,12285,6095,6925,2325,12436,12010,11856,4163,1538,11665,9895,11276,3504,9495,9035,2588,8236,6763,12364,3055,12295,3304,7204,11690,3661,7699,11858,7699,8749,10256,11155,8620,11262,11256,2520,6286,3642,5801,3602,5824,12733,11862,7477,5888,8768,5577,12985,2047,8272,9082,12375,8744,4165,4501,11165,13376,7546,7699,11108,8262,6569,6587,5796,7960,2794,5514,6418,10501,5060,9382,12095,2231,8963,8961,5862,9495,6862,6513
6546,1924,4572,2194,2473,4564,7690,8407,955,4730,8115,7844,2425,6321,7266,7827,5803,2015,7647,7216,7330,9832,8941,7647,5219,2716,2116,9547,1559,3614,7637,2333,2742,3143,7205,4969,10072,9802,9719,7303,8062,4733,8295,9690,7638,5920,2697,1125,4908,5341,10608,9860,5937,8396,7119,7542,2900,2000,1640,7647,4715,7652,7652,7763,6947,7223,1665,3208,4886,6077,8829,5225,2709,1821,7769,4707,5371,4078,2639,2285,6947,4262,6947,4546,2731,7237,1712,6947,9719,4298,5150,3991,1226,5894,4071,7646,2808,10640,2566,4099,4903,8921,10643,4912,7846,4733,7478,5383,4433,10156,6819,2221,5760,2275,2015,3991,7515,9755,1820,3571,5003,6282,3836,6970,8825,1517,6132,10983,1744,1822,4718,8407,8867,2153,1665,4001,11064,6583,3002,10412,1042,0,9731,1165,1324,1568,8319,9664,5487,9366,1665,6582,2825,6947,8178,6504,5760,4198,3971,8507,10882,8077,1575,0,1206,3040,2020,3979,6939,5053,803,2599,7846,4649,5404,1304,10989,10564,7417,2717,1307,10219,8449,9830,2058,8049,8201,2788,6789,5317,10918,2253,10849,1858,5758,7251,2215,6947,10412,6947,7303,8810,9731,7173,9815,9810,1073,4840,2195,4355,2156,4378,11287,10416,6031,5803,7322,4131,11539,891,6826,7636,7937,7379,2719,3055,9719,8194,6100,6947,9662,7469,5123,6502,4350,6514,3050,4068,4972,9055,3614,8548,10649,1554,7517,7515,4416,8049,5570,6427
6053,2141,4079,1670,2691,4071,7198,7914,1484,4237,7582,7352,2642,5976,6773,7500,5458,1296,7211,6740,6837,10049,9158,7211,4726,2933,1592,9764,1183,3122,7854,2550,2959,3360,6769,4476,10290,10020,9226,6810,7569,4240,7802,9907,7161,5574,2120,1655,4415,5559,10825,9515,6155,7904,6774,7049,3118,1308,1857,7211,4223,7307,7307,7287,6470,6730,644,3425,4394,6214,8336,4732,2927,2038,7276,4215,4879,4295,2857,1486,6470,4480,6470,4053,2948,6761,971,6470,9226,4515,5367,3498,2044,6111,4288,7169,3026,10857,2784,4317,4411,8428,10860,4419,7370,4240,7695,4890,3940,10374,6326,2438,5267,2492,1296,3498,7022,9973,2037,3078,4392,5789,3343,6477,8333,2047,5639,11200,723,1282,4225,7914,9084,2370,644,3508,11281,6090,3219,10629,1572,955,9949,1695,1853,1030,7827,9881,4995,8874,606,6800,3042,6470,7851,6011,5267,3705,3479,8014,11099,7585,2105,955,0,3257,1279,3487,6446,4561,1021,1858,7354,4156,4911,1522,10497,10781,6924,2935,1837,10436,7956,10047,2276,7557,7806,3005,6297,5534,11136,1575,11066,2075,5265,6758,2433,6470,10629,6470,6810,9027,9949,6681,10033,10027,1291,4347,2413,3862,2374,3885,11504,10633,6248,5458,7539,4349,11756,1517,7043,7143,7444,6887,2937,3272,9226,7701,6317,6470,9879,7033,5340,6156,4568,6021,3267,3575,4480,9272,3122,8153,10867,1179,7024,7022,4634,7557,5077,6082
8577,2022,6603,3671,1060,6595,9722,10438,1983,6514,6743,9876,1108,7526,9143,6682,7007,3275,6316,5844,9362,9470,8579,6316,7250,631,3592,9185,3325,5646,6294,1399,991,2138,5874,7782,9710,9418,11750,9335,10093,6803,10327,9327,6266,7124,3669,1775,6939,4902,10246,11065,5337,10428,8323,9573,1427,3259,2366,6316,6747,8857,8857,6391,5575,9254,3157,1260,6918,5477,10860,7256,1705,1617,9800,6739,7432,3400,1991,3486,5575,3584,5575,6578,639,5865,2971,5575,11750,3620,4245,5942,1925,4989,3393,6273,583,7830,917,3421,6935,10952,10281,6944,6474,6764,7116,7260,6464,9794,8850,1138,7791,1555,3275,5942,9546,9393,1814,5603,6916,8313,5867,9001,10857,2193,8009,10620,3284,3853,6749,10438,8505,1369,3157,6032,9232,8614,2240,8361,2302,2900,9347,2456,2562,3690,10351,9302,7365,11398,2925,5897,1318,5575,7033,8535,7791,6229,6003,10024,10520,10109,2289,2900,3651,0,3280,6011,8970,7085,2309,3408,9878,6680,7510,2041,13021,10202,9448,1994,1593,9856,10480,7020,1274,10081,6989,563,8821,4639,10556,4174,8039,1808,7789,9282,1431,5575,8361,5575,9335,8448,9347,9205,9563,7000,2019,6872,2923,6386,1373,6409,10924,7606,5353,7007,6721,3453,11177,2003,6141,9667,9968,9329,1715,2332,11750,10225,5499,5575,9409,6138,4522,7706,3665,8545,10,6099,7004,8693,5646,7335,10287,3320,9548,9546,3738,10081,7447,7631
6852,3485,4878,909,4015,4870,7996,8713,1777,4789,8629,8151,3967,5037,7572,8480,4518,704,8304,7832,10399,10339,9448,8304,5525,4257,831,10054,858,3920,8144,2762,3451,4684,7862,5292,10580,10310,10025,7609,8368,5039,11170,10197,8254,4635,1413,1781,5214,6638,11116,8576,7283,11272,5834,10610,4442,716,3182,8304,5021,6368,6368,8379,7563,7529,235,5148,5192,7293,9135,5531,4251,3362,10837,5383,5677,5382,4107,894,7563,5594,7563,4852,3688,7853,379,7563,10025,5602,6617,4297,3368,7871,5376,8262,3787,11147,3309,5404,5209,9227,11150,5218,8462,5039,7985,5689,4739,10664,7125,3762,8736,2733,704,4297,7821,10263,3362,3877,5191,8600,4142,7276,9132,1532,9109,11490,175,2081,5024,8713,9374,3695,235,4307,11572,6889,4469,10919,2025,2279,10239,1739,2349,1829,11297,10172,5793,9673,957,8121,3567,7563,8831,9572,8736,4504,4277,8813,11389,8431,1590,2279,1467,3982,0,4286,7245,5359,2345,1266,10915,4955,5710,2846,11296,11071,10485,4185,1963,10726,8755,10338,3600,8355,8817,3766,7096,6614,11426,983,11356,3399,8757,10320,3757,7563,10919,7563,7609,9318,10239,7480,10323,10317,2615,5146,3663,4661,3698,4684,11794,10923,7328,4518,8668,5436,12046,2472,8365,7942,11005,9610,4261,4522,10025,12006,7446,7563,10170,8126,6468,5217,5696,6820,3972,4374,5278,9562,3920,9164,11157,854,7823,7821,5849,8355,5876,5142
1874,5262,1334,4268,5812,1326,2583,2883,4695,757,6297,2766,5763,4361,3292,6009,5518,4391,5902,5399,4092,7617,7619,5902,2075,6054,4190,8068,4279,1149,5130,5671,6080,6072,5460,2405,7857,8480,5714,3541,2955,1823,4863,7474,5821,5635,5302,4865,2008,5948,9372,5091,6356,5158,5158,4304,6454,4185,4126,5902,1646,6572,6572,5946,5129,3461,3739,6853,1448,5879,6733,1987,6334,4616,4531,1957,1398,6684,4764,4359,5129,6868,5129,573,5736,5420,4066,5129,5714,6904,8547,199,4966,7786,6677,5828,6147,7416,5729,6706,1645,6824,8428,1674,6029,1495,5496,1410,1363,7941,3581,5559,2522,5613,4391,199,4465,7540,5158,439,1446,3044,206,3049,6729,5257,2159,8767,3818,2688,1648,2883,7544,5491,3739,33,7840,3345,5126,9089,4782,4165,8409,4905,5064,2970,5081,7449,1514,7270,3987,6788,6163,5129,6360,3266,2522,960,1544,2983,8666,2970,5315,4165,3310,6378,4375,0,1302,1909,4142,4953,4608,1411,1431,4643,4082,8349,4179,4842,5047,8003,2924,6606,5397,2942,6384,6126,1859,6679,8703,4326,7625,4653,2520,4013,5554,5129,9089,5129,3541,7488,8409,3936,8493,6586,4412,1602,4320,671,5495,1140,9071,7192,5537,5518,6589,6737,9323,4631,6544,2534,4699,3406,6058,5180,5714,4658,6221,5129,8340,5724,6603,4541,7129,2059,6388,1012,1714,7732,1149,6731,8434,4274,2445,4465,6329,2942,1597,4467
1093,6280,1325,5271,6749,2310,1802,2381,5743,694,5415,1985,6701,4655,3732,5266,5805,5394,5049,4618,4971,6334,6336,5049,2514,7000,5192,6785,5281,1809,4349,6689,7098,7075,4607,2715,6574,7197,6340,2761,2174,1042,5742,6191,5040,5921,6305,5913,1230,5167,8591,5970,6203,5844,5452,5183,7457,5188,5129,5049,1024,6866,6866,5165,4349,2680,4742,7856,1208,5098,5450,3056,7336,5618,5409,2454,617,5903,5767,5362,4349,6087,4349,1019,7015,4639,5069,4349,6340,6123,8992,1321,6014,8232,5896,5047,7092,6563,6747,5925,1406,5541,7145,2743,5248,2564,4715,1849,796,6658,3640,6577,3591,6631,5394,1321,5534,6257,6161,1612,1886,4113,1328,3489,5446,6306,2598,7484,4821,3691,1027,2381,6261,6509,4742,1181,6987,4414,6673,7806,5831,5124,7126,5819,6112,3973,6150,6166,1954,5987,4990,6007,7181,4349,5617,4145,3591,2719,2041,2481,7383,2188,6280,5124,4312,7324,5377,1202,0,2349,5190,5666,5487,1760,1191,5691,3713,7066,5058,5845,6095,6720,2422,5826,6415,2160,5603,7072,1078,6026,7420,5329,6848,5655,3589,4892,6572,4349,7806,4349,2759,6205,7126,4211,7210,6315,5460,2671,5323,838,6513,2125,7788,6411,4756,6587,5808,5956,8041,5679,5763,1752,5577,3846,7548,6182,6340,5727,5440,4349,7057,5013,5585,5610,6348,1278,7334,1183,1475,6449,1930,5950,7151,5277,1663,5534,5548,2160,2036,5536
2960,6159,1489,5149,6708,1038,2695,2290,5622,1915,7684,2514,6660,3722,1611,7146,4880,5251,7540,6499,3454,6029,6306,7540,166,6878,5071,6755,5160,2566,6229,6568,6977,6954,7097,1766,6270,7167,5122,3856,4040,2981,4225,5887,7857,4997,5849,5792,1415,7285,7375,4452,8321,4520,4520,3666,7336,5236,5007,7540,2964,5880,5880,8070,6229,3776,4620,7735,1437,6979,3809,279,7215,5497,3892,2263,2557,7084,5646,5240,6229,7268,6229,1732,6632,6520,4948,6229,5122,7304,9593,1616,5893,8945,7077,6928,6971,8004,6625,7106,1053,3901,6840,1036,7129,856,6982,817,2736,6354,1519,6456,663,6510,5251,1616,3827,6261,6040,2325,591,799,1672,1368,3806,6101,776,7180,4699,3570,2966,2290,6231,6388,4620,1894,8429,2706,6008,7776,5709,5003,7096,5698,5991,3851,4443,5862,921,4347,4869,7887,7060,6229,7498,2628,663,1687,1920,2390,7079,4055,6159,5003,4191,7203,5256,1850,2461,0,5069,6103,3970,1030,1783,5570,2754,6761,3541,5723,5974,6416,2332,7195,6293,4027,7484,6951,2945,7907,7116,5208,8217,5534,927,3375,6450,6229,7776,6229,3856,6175,7096,3297,7180,7684,5339,964,5202,1829,6391,996,7484,7780,6637,4880,7688,7137,7736,5558,7644,2936,4060,2814,7426,6061,5122,4020,7321,6229,7027,7361,7702,3903,7356,3159,7213,2170,1122,6419,2566,8719,6847,5155,2948,3827,7429,4027,1004,3828
6523,1285,4548,2171,1834,4541,7667,8069,911,4460,6681,7821,1786,6298,7089,6532,5780,2330,6363,5884,7307,8916,8025,6363,5196,2077,2093,8474,1874,3591,6721,1694,2103,2504,5914,4946,9157,8887,9696,7280,8039,4749,8078,8774,6306,5897,2674,864,4885,4710,9692,9837,5299,8373,7096,7519,2262,2088,1001,6363,4701,7629,7629,6421,5615,7200,1642,2569,4863,5439,8806,5202,2070,1182,7746,4684,5348,3440,2001,2262,5615,3631,5615,4523,1759,5905,1970,5615,9696,3660,4512,3968,1188,5256,3433,6313,2170,7870,1927,3461,4880,8898,9727,4889,6514,4710,6562,5360,4419,9241,6796,1582,5737,1636,2330,3968,7492,9148,1181,3548,4980,6259,3813,6947,8802,1866,5955,10067,1721,1799,4704,8069,7951,1514,1642,3978,8294,6560,2370,9496,1357,1030,8815,1514,1673,1545,8296,8748,5464,9343,1980,5944,2186,5615,6883,6481,5737,4175,3948,8169,9966,8054,1924,1030,1183,2401,2335,3956,6916,5030,0,2857,7823,4884,5381,665,10966,9648,7394,2079,1674,9303,8111,7060,1419,8026,6951,2149,6766,4679,10003,2230,8082,1219,5735,7228,1576,5615,9496,5615,7280,7894,8815,7150,8900,7550,435,4817,1557,4332,1517,4355,10371,7646,6022,5780,6684,3493,10623,497,6188,7613,7914,7275,1964,2417,9696,8171,5462,5615,8746,6185,4485,6479,3712,6491,2411,4045,4949,8139,3591,7298,9734,1869,7494,7492,3785,8026,5547,6404
7652,3880,5831,1324,4429,5146,8796,9197,1803,5598,9122,8950,4381,4203,9296,8973,3685,387,8797,8325,9566,10832,9941,8797,6103,4672,1245,10391,1209,4720,8637,3081,3912,5829,8355,4459,11073,10803,10825,8409,9168,5878,10337,10690,8747,3802,530,1807,5870,7131,11608,7743,7776,10439,5001,9777,4856,547,3596,8797,5830,5535,5535,8862,8056,8328,1583,5164,5848,7916,9935,6109,4665,3777,10004,4366,6454,5875,4521,737,8056,6087,8056,5805,4353,8346,606,8056,10825,6095,7031,5250,3783,8364,5868,8754,4764,10311,2872,5897,6046,10026,11643,5444,8955,5264,8478,6489,5548,11157,7702,4176,7903,3195,387,5250,11237,11064,3776,4830,5886,7767,5095,7854,9931,1994,8275,11983,1406,2906,5832,9197,9867,4109,1583,5260,10735,7466,5069,11412,2050,2693,10732,1747,2012,2243,10464,10664,6594,10472,983,8614,3130,8056,9324,8739,7903,5457,5228,9298,11882,9183,2052,2693,1881,4444,808,5239,8045,5937,2759,0,10082,5790,5831,3260,9466,11564,9652,4599,1989,11219,9239,9501,4014,9155,9310,4744,7895,7107,11919,852,10523,3814,7924,9486,4171,8056,11412,8056,8409,9810,10732,9142,10816,9990,3029,5724,4077,5470,4112,5637,12287,10087,8463,3685,9161,5929,12539,2498,9470,8742,10172,8777,4675,4937,10825,11173,7938,8056,10662,8619,6961,4384,6189,7620,4434,5183,6115,10055,4720,9657,11650,1204,8623,11237,6341,9155,6676,4309
6289,9310,4590,8301,9717,4190,5619,5214,8727,5626,10608,5438,9669,3999,3803,11983,6674,8403,10463,11336,1156,7899,8615,10463,3551,9967,8223,9064,8311,6055,11066,9719,10128,10105,10021,4918,8140,9476,6992,7967,7047,6848,352,7757,10781,4685,9249,8898,4904,12122,9245,2611,13158,454,3763,465,10487,8218,8159,10463,6453,3785,3785,10993,11066,7886,7772,10886,4926,11816,5679,3528,10367,8649,354,5484,6046,10235,8797,8392,11066,10420,11066,5220,9982,11357,8099,11066,6992,10456,11308,4767,8999,12433,10229,11765,10060,10928,9777,10257,4495,5771,8710,3675,11966,4008,9959,4306,6225,8224,2221,9464,3054,9661,8403,4767,1345,7823,9207,5480,4278,2918,4823,2372,5676,9290,3426,9050,7851,6721,6455,5214,8541,9335,7772,5005,11352,1985,9159,10700,8815,8198,9405,8938,9097,7003,479,7732,4410,6217,8020,12724,10211,11066,12334,1707,3054,5175,5071,5314,8949,7063,9348,8198,7343,10291,8407,5002,6383,3717,8175,9503,0,4182,5272,8676,2731,8632,1104,8875,9080,8286,5256,10119,9185,7035,12320,10039,6274,12744,8986,8359,11141,8685,3075,538,9275,11066,10700,11066,7967,9138,9405,1747,9030,10608,8445,4115,8353,5318,9216,4147,9354,10704,11474,6674,12525,10289,9606,8664,12481,5859,187,2567,10578,9213,6992,1538,12157,11066,8876,10285,12539,3911,10508,6488,10301,5659,4564,9297,6055,11643,8717,8307,5944,1345,12266,7035,4492,3870
2302,6012,404,5003,6562,634,2549,2143,5475,1406,7538,2368,6514,3576,2553,6474,4734,5105,6330,5827,3307,5883,6159,6330,1336,6732,4925,6608,5013,1835,5557,6421,6830,6807,5888,1620,6123,7020,4975,3710,3381,2305,4078,5740,6249,4850,5702,5645,685,6376,7229,4306,6784,4373,4373,3519,7189,5089,4861,6330,2288,5733,5733,6363,5557,3630,4474,7588,706,6307,3663,1202,7069,5351,3746,2116,1826,7112,5499,5094,5557,7296,5557,1001,6486,5848,4801,5557,4975,7332,8862,1469,5747,8214,7105,6256,6824,7858,6479,7133,313,3754,6694,889,6457,710,5924,670,2005,6207,2796,6309,1737,6363,5105,1469,3680,6114,5893,1594,321,2259,1310,2310,3659,5954,1419,7034,4553,3423,2290,2143,6085,6241,4474,1163,8282,2560,5861,7630,5563,4856,6949,5551,5844,3705,4296,5715,775,4200,4722,7216,6913,5557,6826,2481,1737,785,1773,2243,6933,3397,6013,4856,4045,7056,5109,1184,1730,1170,4922,5956,3823,0,1052,5423,3342,6615,3394,5577,5827,6270,2185,7048,6147,3369,6812,6804,2287,7235,6969,5061,8070,5387,1735,3228,6304,5557,7630,5557,3710,6028,6949,3151,7034,7537,5192,67,5055,1099,6245,271,7338,7634,5965,4734,7016,7165,7590,5412,6972,2789,3914,2667,7280,5915,4975,3873,6649,5557,6880,6152,6793,3756,7557,2487,7066,1439,382,6273,1835,7158,6700,5009,2801,3680,6757,3369,857,3682
1866,5736,134,4810,6354,886,2574,2862,5237,971,6188,3086,6306,3921,3271,6039,5079,4912,5895,5391,3653,7823,7825,5895,1542,6597,4732,8274,4821,1400,5122,6145,6554,6614,5452,1965,8063,8686,5693,3532,2946,1815,4424,7680,5813,5196,5845,5407,249,5940,9168,4651,6348,4719,4719,3865,6997,4897,4668,5895,1797,6079,6079,5928,5122,3452,4281,7396,197,5871,6939,1548,6753,5158,4091,1994,1390,6752,5307,4901,5122,6929,5122,565,6278,5412,4609,5122,5693,6965,8426,867,5508,7778,6738,5820,6689,9523,6271,6767,214,7031,8634,1235,6021,1055,5488,1389,1570,8147,3141,6101,2083,6087,4912,867,4026,7746,5701,1158,890,2604,874,3293,6935,5800,2138,8973,4360,3231,1800,2862,7751,6034,4281,728,9948,2905,5669,9295,5324,4707,8615,5448,5606,3512,4642,7655,1493,7476,4530,6780,6637,5122,6390,2827,2083,520,1581,2962,8873,2961,5858,4707,3852,6921,4917,748,1295,1376,4684,5205,4169,568,0,5185,4061,8555,3740,5384,5589,8209,2903,8714,5695,2933,6376,6669,1851,6799,8909,4869,9736,5195,2081,3574,5784,5122,9295,5122,3532,7694,8615,3496,8699,9203,4954,635,4862,663,5725,555,9277,9300,5529,5079,6581,6798,9530,5173,6536,2525,4259,3385,7087,5722,5693,4219,6213,5122,8546,5716,6358,4102,7017,2051,6931,1004,283,7939,1400,6723,8640,4816,2436,4026,6322,2933,1576,4027
7024,689,5049,3156,2042,5041,8168,8884,1468,4961,7087,8322,1994,6799,7589,6892,6281,2760,6716,6244,7808,9054,8163,6716,5697,1869,3077,8769,2304,4092,6858,1098,1507,2711,6274,5447,9294,9002,10197,7781,8540,5211,8579,8911,6666,6397,3175,1260,5386,5063,9830,10338,5659,8874,7597,8020,2469,2745,1361,6716,5193,8130,8130,6781,5975,7700,2143,2777,5364,5799,9307,5703,2278,1542,8246,5185,5831,3800,2361,2763,5975,3984,5975,5024,1711,6265,2457,5975,10197,4020,4872,4388,592,5616,3793,6673,1809,8230,1331,3821,5381,9398,9865,5390,6874,5210,6700,5707,4911,9378,7297,1789,6238,1040,2760,4388,7992,8977,1132,4049,5480,6760,4314,7448,9303,2182,6455,10204,2222,2300,5195,8884,8088,1722,2143,4478,8654,7060,2730,9633,1787,1304,8930,1910,2069,2046,8797,8886,5811,9844,2410,6304,1590,5975,7243,6982,6238,4675,4449,8470,10103,8555,2278,1304,1684,2041,2765,4457,7417,5531,665,3397,8324,5384,5957,0,11467,9786,7895,2439,1078,9440,8926,7420,1627,8527,7311,1789,7267,5039,10140,3011,8442,1579,6236,7729,1784,5975,9633,5975,7781,8032,8930,7651,9147,7909,642,5318,1917,4833,1725,4856,10508,8006,5753,6281,7044,3853,10761,832,6548,8114,8414,7776,2288,2777,10197,8671,5822,5975,8993,6538,4844,6979,4072,6915,2051,4546,5450,8276,4092,7658,9871,2299,7995,7992,4138,8527,5894,6905
3318,8597,3754,7587,9003,3476,2649,2243,8014,4067,7638,2467,8955,6160,2562,8139,7318,7689,7493,6857,3165,4929,5644,7493,2233,9254,7509,6093,7598,4831,6588,9006,9415,9392,7051,4204,5169,6506,4021,4996,4076,3878,2984,4787,7810,7435,8622,8184,3681,7643,6275,4163,8679,3085,5568,3376,9774,7504,7445,7493,4398,5590,5590,8023,6588,4916,7059,10173,3702,7337,2709,2210,9653,7935,3021,4701,3366,8142,8084,7678,6588,8327,6588,3997,9269,6878,7386,6588,4021,8362,11971,4054,8285,11210,8135,7287,9346,7958,9063,8164,3835,2800,5740,2961,7487,3294,6936,3082,4169,5253,880,8751,1736,8948,7689,4054,1760,4852,8478,4590,3119,1600,4110,1031,2705,8577,2203,6080,7137,6008,4400,2243,5570,8621,7059,4159,8382,1272,8912,7729,8101,7484,6434,8225,8383,6289,3008,4761,2944,3246,7307,8246,9498,6588,8490,2338,1736,3952,4358,2343,5979,4092,8635,7484,6629,9578,7694,4180,3412,2399,7461,7982,2940,3468,4048,7962,0,5661,3251,8161,8366,5316,2285,7148,8472,4064,7842,9326,3304,8265,6015,7646,8170,7972,1757,3085,8561,6588,7729,6588,4996,6128,6434,1235,6059,7637,7731,3402,7640,4211,8502,3434,6384,7734,6995,7318,8047,8196,6636,7950,8002,2889,2968,750,9864,8499,4021,1867,7679,6588,5906,7315,8061,5716,8370,3517,9588,4556,3904,6326,4831,8673,5746,7593,2901,1760,7788,4064,3269,6266
6345,10743,6801,13532,10936,7025,4875,4470,11561,7393,4848,4694,10888,9709,6360,5350,12469,13233,4704,4950,7599,1432,2225,4704,6794,11186,13454,1927,13970,8199,4775,11152,11613,11068,4261,7754,491,1607,4100,5173,5105,6610,8370,1064,5021,12585,12762,11267,6727,6253,1926,8598,7703,8472,10507,7811,11450,13294,9592,4704,7724,10025,10025,5234,5372,5093,10730,11849,6749,6121,3210,6907,11330,10082,8038,8250,6651,8792,10016,13623,5372,8977,5372,7718,11201,4929,11057,5372,4100,9012,9633,9250,10646,8471,8785,5623,11279,3892,11210,8814,6882,3302,1156,7023,5792,6843,4200,6129,7495,669,6268,10683,6360,11094,13233,9250,6821,1741,10640,8910,6166,7764,9175,6117,3207,14226,6001,588,10809,9680,7726,4470,2151,10554,10730,7881,3966,6832,9566,2998,11649,11032,1348,11772,11931,9961,8497,1264,5828,3014,10978,6775,11644,5372,6360,6773,6360,6999,9308,4570,488,5121,14284,11032,10301,11510,13615,7901,6738,6628,10402,13017,8115,6635,7891,10226,5371,0,7686,10047,11133,731,4512,4359,10404,5093,5462,11258,6589,6746,903,13060,4189,10118,6358,7520,10494,5372,2998,5372,5173,2748,1348,6839,2640,4848,10112,6951,9786,7537,10435,6675,625,4944,5779,12469,6503,8846,1488,10899,6531,4363,8206,6050,11541,10385,4100,6873,6463,5372,1215,4525,6670,9890,9237,6313,11520,7882,6951,1985,8199,5612,634,13965,4274,6821,8438,5093,6316,9815
5554,8547,3827,7538,8954,3427,4884,4478,7965,4891,9873,4703,8906,3728,3711,11248,5244,7640,9728,10600,87,7164,7879,9728,2816,9204,7460,8329,7549,5319,10331,8957,9365,9342,9286,4155,7405,8741,6256,7231,6312,6113,914,7022,10045,4413,8480,8135,4169,11386,8510,1770,12422,1016,3491,354,9724,7455,7396,9728,5772,3514,3514,10258,10331,7151,7009,10123,4190,11080,4944,2793,9604,7886,581,4652,5310,9472,8034,7629,10331,9657,10331,4485,9219,10621,7336,10331,6256,9693,10545,4004,8236,11698,9466,11030,9297,10193,9014,9494,3732,5036,7975,2912,11230,3245,9224,3570,5490,7489,2783,8701,2318,8899,7640,4004,1907,7087,8428,4717,3607,2182,4061,2934,4940,9944,2691,8315,7088,5958,5774,4478,7805,8572,7009,4242,10617,2547,8396,9965,8052,7391,8696,8175,8334,6240,1041,6996,3675,5481,7257,11989,9297,10331,11599,938,2318,4440,4308,4579,8214,6327,10002,7391,6580,9528,7645,4239,5647,2982,7412,8735,659,3419,4536,7913,3369,7896,0,8112,8317,7551,4520,9383,8422,6299,11585,9276,5539,12008,8251,8778,10405,7923,2339,505,8512,10331,9965,10331,7231,8402,8696,2309,8294,9873,7682,3352,7590,4583,8453,3384,8619,9969,10738,5244,11790,9526,8871,7901,11745,5124,749,3192,9815,8450,6256,2100,11422,10331,8141,9550,11804,3639,9745,5752,9538,4924,3801,8562,5319,10908,7982,7544,5209,1907,11531,6299,3757,3598
6782,2000,6096,3970,1020,6088,8057,8328,3084,6007,5762,7932,972,8702,8636,5210,8184,4072,4928,4456,8854,8077,7187,4928,6743,1625,3892,7636,3919,5139,5882,2713,2052,1577,4486,6493,8318,8048,10086,7670,8428,7048,9626,7935,4878,8300,4473,2875,6432,3431,8854,12643,3866,9921,9500,9066,1959,3887,2020,4928,6240,12434,12434,5482,4186,7589,3441,2358,6411,4005,9196,6749,1838,1271,9293,6232,7088,2011,610,4061,4186,2196,4186,6070,1640,4477,3768,4186,10086,2232,2779,5435,2207,3523,2005,5124,1717,6441,1654,2033,6428,9287,8888,6437,5205,6257,5723,6753,5957,8402,8343,767,7284,2655,4072,5435,9039,7595,1468,5095,6527,7806,5360,8494,9192,3877,7502,9228,3520,3346,6242,8328,7112,541,3441,5525,7766,8107,1316,8657,3402,2602,7977,3525,3684,3571,9844,7910,6858,9733,4026,4516,2155,4186,5561,8028,7284,5722,5496,8428,9127,8444,3936,2602,2982,1949,4076,5504,7175,6578,1963,5012,9371,6431,8328,1787,9661,8810,8941,0,2693,8464,8370,5632,547,8416,5517,1697,7026,3250,9164,4028,6654,1462,7282,8775,481,4186,8657,4186,7670,7056,7977,8698,8061,6121,1673,6364,2313,5879,509,5902,9532,6218,3964,8184,5250,2065,9784,2447,4759,7700,9461,8822,2049,684,10086,9718,4028,4186,7908,4750,3051,8882,2284,6750,1959,5592,6497,7300,5139,5864,8895,3915,7611,9039,2436,8416,6940,8808
7428,1059,5453,2078,1930,5446,8572,9288,390,5365,7457,8726,1882,6205,7994,7262,5686,1682,7086,6614,8212,9424,8533,7086,6101,1554,1999,9139,1226,4496,7229,650,1058,3234,6644,6461,9664,9432,10601,8185,8944,5615,8983,9281,7036,5803,2581,182,5790,5433,10200,9744,6030,9278,7002,8424,2992,1667,1731,7086,5597,7536,7536,7151,6345,8105,1564,2289,5768,6169,9711,6107,2801,1912,8650,5589,6253,4170,2732,1893,6345,4354,6345,5428,1263,6635,1379,6345,10601,4390,5242,4872,617,5986,4163,7044,1361,8600,883,4192,5785,9803,10235,5794,7244,5615,7070,6111,5315,9748,7701,2312,6642,592,1682,4872,8397,9347,1502,4453,5885,7164,4718,7852,9707,1184,6860,10575,1691,2704,5599,9288,8459,2244,1564,4883,9024,7464,3100,10003,709,1307,9301,832,991,2450,9201,9256,6215,10248,1332,6674,1142,6345,7613,7386,6642,5079,4853,9389,10474,8959,1242,1307,2059,1593,1687,4861,7821,5935,1685,2345,8728,5789,6286,1078,11871,10156,8299,2809,0,9810,9330,7790,2150,8931,7681,1341,7671,5409,10510,1933,8812,1949,6640,8133,2307,6345,10003,6345,8185,8402,9301,8055,9517,8280,1955,5722,2288,5237,2248,5260,10879,8376,6123,5686,7414,4223,11131,553,6918,8518,8818,8180,2811,3147,10601,9075,6192,6345,9363,6908,5215,6385,4442,7396,1603,4950,5854,8647,4496,8028,10241,1221,8399,8397,4508,8931,6298,6311
5728,10126,6184,12915,10319,6408,4258,3852,10697,6776,4231,4077,10270,9092,5743,4733,11851,12615,4087,4333,6982,815,1608,4087,6177,10569,12837,2057,13353,7582,4158,10535,10996,8571,3644,7136,1055,2470,3483,4556,4488,5993,7753,446,4404,11968,12145,10649,6110,5636,2568,7980,5981,7855,9385,7194,8953,12677,8975,4087,7107,9408,9408,4617,4754,4476,10113,9352,6132,5504,2593,6290,8832,9464,7420,8536,6033,6295,9399,13006,4754,6480,4754,7101,10584,4312,10440,4754,3483,6515,9005,8632,10029,9480,8168,5005,10661,4551,10592,8197,6264,2685,1626,6406,5175,6226,3582,5512,6878,1139,5651,10066,5743,10477,12615,8632,6203,1124,10007,8293,5548,7147,8558,5500,2589,13609,5383,2135,10192,9062,7109,3852,1534,9937,10113,7264,4975,6215,8948,3948,11032,10415,2398,11155,11313,9344,7880,647,5211,3130,10361,6034,11027,4754,5084,6156,5743,6382,8691,3953,2034,4504,13667,10415,9684,10893,12998,7284,6121,6011,9785,12399,7498,6018,7274,9609,4753,1547,7069,9430,10515,0,3894,3742,9787,4475,5117,10641,5971,6129,2527,12443,4760,9501,5741,6903,9877,4754,3948,4754,4556,2131,2398,6222,2023,4231,9495,6334,9169,6920,9818,6057,2172,4327,5162,11851,5735,8228,3148,10282,5791,3746,7588,5433,10924,9767,3483,6256,5846,4754,1870,3908,6053,9272,8620,5696,10903,7265,6333,2290,7582,5266,2258,13348,3657,6203,7821,4475,5698,9198
1426,9064,2694,8054,9442,2918,388,231,8526,2215,5870,206,9394,5602,3747,5612,6600,8156,5726,4965,4986,4135,4492,5726,2687,9693,7976,4941,8065,3375,4695,9473,9881,8525,5284,3646,4375,5353,3308,2043,224,1985,5757,3992,6043,6717,9088,8697,2620,5513,5480,5985,5921,5859,6399,5198,8907,8141,7912,5726,2546,7813,7813,6256,4695,1962,7525,9306,2641,5445,2130,3228,8664,8402,5424,3976,1473,6249,8523,8145,4695,6434,4695,2541,9537,4985,7853,4695,3308,6469,10402,3259,8798,9754,6243,5394,9785,6190,9530,6271,2774,2222,4946,2915,5594,2736,5222,2021,2318,4459,3655,9190,3763,9415,8156,3259,4207,4058,8944,3134,2058,4285,2850,3504,2127,9006,2740,5285,7604,6475,2548,231,4418,9060,7525,2703,6615,4586,8072,5962,8614,7908,5282,8603,8896,6756,5884,3967,1720,2668,7773,6353,9965,4695,5963,4160,3763,2891,3563,82,5185,240,9064,7908,7096,10017,8161,2724,1560,2521,7974,8449,5502,2527,2713,8475,2757,4867,5073,8628,8879,4521,0,5381,8911,211,5949,9765,922,6372,5221,8113,6399,8439,3761,4907,9000,4695,5962,4695,2043,4361,5282,4226,5366,5870,8244,2843,8106,2360,8941,2567,5322,5967,5103,6600,6154,6303,5842,8463,6110,628,5592,3437,8998,8966,3308,4260,5786,4695,5213,5548,5931,5782,6694,1624,10027,2705,2843,4606,3375,6906,4952,8060,607,4207,5895,211,2208,5708
4674,7133,6354,10919,6748,7339,6104,5698,7958,5722,490,5923,6700,12405,8619,991,11887,10619,1178,1060,9858,3719,2614,1178,7482,7481,10840,3196,8764,6529,2145,7542,7001,5496,1271,8441,3959,3537,6359,4954,6320,4940,10629,3576,662,12003,10149,7657,6258,2475,6436,14783,2283,10731,14551,10070,5878,10680,5982,1178,6053,14574,14574,875,1786,5481,8224,6277,6237,2130,5469,7595,5635,6472,10297,7483,4980,3891,5404,11009,1786,3875,1786,6047,7399,1039,8551,1786,6359,3955,5960,6349,7036,5630,3885,1264,6666,1738,6563,4039,6434,5561,4530,7710,1433,7531,1817,6816,5824,4043,8527,6071,7979,7484,10619,6349,9080,3022,6417,7432,6853,8115,6357,8376,5466,8520,7535,4466,8303,7173,6055,5698,2540,5942,8224,6210,2163,9091,4953,2270,8045,7428,3988,8169,8327,7398,10756,3551,6515,6007,8472,2192,8078,1786,1342,9032,7979,7686,7830,5798,4723,6336,8579,7428,7795,7323,8860,6230,5067,7316,6792,10403,10374,6788,6220,6616,7630,5119,9945,5690,7522,4105,5740,0,5792,6308,1375,6646,4918,3172,4281,10446,1530,6100,8556,9779,5882,1786,2270,1786,4954,2483,3988,9090,3488,488,6502,7638,6141,5866,5823,7153,4750,1057,1579,11887,1993,3945,4348,7289,1949,5591,10465,8309,5969,5611,6359,9132,2153,1786,3335,894,3009,12585,4081,4642,7333,6212,6503,2728,6529,1525,4493,8759,5502,9080,3504,6308,7003,12511
7460,1678,5486,3647,697,5478,8604,9321,2761,5397,5517,8759,649,8787,8026,5819,8268,3749,5192,4720,8244,8341,7451,5192,6133,1302,3569,7900,3597,4528,6146,2391,1730,1367,4749,5883,8582,8312,10633,8217,8976,5647,9015,8199,5142,8385,4150,2553,5822,3539,9118,12033,4474,9310,11801,8456,1125,3564,1698,5192,5630,11824,11824,5256,4450,8137,3118,1432,5800,4614,9743,6139,933,949,8683,5622,6267,2275,874,3738,4450,2460,4450,5460,1317,4741,3446,4450,10633,2496,3309,4825,1884,4053,2269,5733,1395,6705,1331,2297,5817,9835,9152,5826,5350,5647,5987,6143,5347,8666,7733,445,6674,2333,3749,4825,8429,8573,1146,4485,5917,7196,4750,7884,9740,3555,6892,9492,3197,2736,5632,9321,7376,218,3118,4915,8296,7497,1123,8921,3080,2279,8241,3203,3361,2961,9233,8174,6248,10281,3703,4780,1832,4450,6170,7418,6674,5112,4885,8907,9391,8992,3613,2279,2659,1626,3754,4894,7853,5967,1641,4690,8761,5821,6393,1464,11904,9074,8331,877,2371,8728,9363,5892,0,8964,6126,1375,7704,3514,9428,3706,6914,1139,6672,8165,159,4450,8921,4450,8217,7320,8241,8088,8325,6381,1350,5754,1703,5269,255,5292,9796,6478,4858,8268,5859,2329,10048,2124,5023,8550,8851,8212,943,1214,10633,9108,4637,4450,8172,5010,3438,8967,2548,7351,1636,4982,5886,7564,4528,6473,9159,3592,8431,8429,2700,8964,6330,8893
1928,9083,2527,8502,9276,2751,697,107,8974,2677,5704,560,9227,5435,3580,6205,6593,8603,5559,5806,4819,3968,4325,5559,2520,9526,8423,4931,8512,3604,5515,9492,9901,9617,5117,3479,4209,5164,3141,1876,13,2488,5590,3826,5876,6710,9536,9144,2453,6633,5314,5818,7669,5692,6233,5031,9999,8588,7932,5559,3008,7646,7646,6089,5515,1796,7973,10398,2475,6265,1964,3061,9755,8421,5258,3976,1976,7132,8356,8592,5515,7317,5515,2769,9557,5785,8300,5515,3141,7352,10630,3481,8986,10953,7125,6478,9618,6024,9550,7154,2607,2055,4779,2749,6415,2569,5055,1855,2779,4292,3488,9023,3017,9434,8603,3481,4041,3891,8964,3362,1891,4118,3079,3337,1960,9453,2573,5119,8051,6922,3010,107,4251,8894,7973,2932,6448,4419,7905,5796,9061,8355,5093,9050,9343,7203,6156,3800,1554,2501,8221,7173,9984,5515,6556,3993,3597,2724,3785,394,5018,28,9511,8355,7543,9850,8608,2952,2022,2354,8421,9790,5335,2361,2821,8566,2591,4961,4906,8387,9326,4355,548,5214,8744,0,6589,9598,1663,7255,5054,8560,6233,8458,3594,4740,8834,5515,5796,5515,1876,4194,5093,4059,5200,5704,8452,2677,8126,2821,8775,2400,5155,5800,5923,6593,6974,7185,5675,8910,6930,739,5426,3270,10090,8725,3141,4093,6607,5515,5046,5381,7051,5615,7577,2127,9860,3166,2676,4439,3604,6739,4785,8507,757,4041,6778,0,2041,5541
4826,7219,6505,8839,6479,7490,6100,6371,8044,5873,1628,5975,6431,12557,8693,478,12038,10770,2392,1430,9932,5408,4304,2392,7633,7212,8761,4679,8850,6680,3058,7629,7087,5227,2485,7895,5649,4229,8129,5713,6471,5091,10703,5266,1800,12155,10300,7743,6410,2491,7459,14934,2014,10806,14702,10144,5609,10832,6068,2392,6204,14725,14725,998,1872,5632,8310,6008,6388,1861,7239,7746,5365,6558,10371,7634,5131,3978,5490,8930,1872,3606,1872,6199,7130,1451,8638,1872,8129,3686,5502,6500,7122,4340,3971,1028,6753,1802,7407,3769,6586,7330,6219,7862,1164,7682,3295,7029,5976,5733,8601,6508,8130,7976,10770,6500,9154,4712,6503,7583,7004,8266,6508,10145,7235,9255,7686,5157,8795,7665,5487,6371,4229,6440,8310,6361,2138,10861,5040,2961,8537,7920,4679,8725,8819,7890,12526,5241,6667,7776,8964,1136,7809,1872,447,10801,8130,7838,7981,6471,5415,6534,9351,7920,8286,7054,9351,6382,5218,7467,7284,10554,12144,6940,6371,7107,9399,5810,11714,5420,8014,5795,6413,2198,6345,6459,0,7438,5069,3431,4973,10598,1405,6554,8684,11548,6336,1872,2961,1872,5713,4173,4679,10868,5178,2178,6994,7767,6632,6018,6277,7304,5441,903,1595,12038,864,4031,5040,7781,893,6046,12234,10079,5700,5342,8129,10902,1883,1872,5025,1926,2740,12737,3812,4793,7064,6363,6655,4737,6680,347,5647,9251,5654,10849,3483,6459,7216,12662
8594,2683,6619,4331,1076,6612,9738,10139,2644,6531,6703,9892,1124,7721,9159,6508,7202,3936,6333,5861,9378,9486,8595,6333,7267,648,4253,9022,3520,5662,6311,1594,1186,2375,5890,7017,9727,9495,11767,9351,10110,6781,10149,9344,6282,7319,3864,2436,6956,4680,10360,11260,5269,10444,8518,9590,2133,3920,2383,6333,6763,9052,9052,6397,5591,9270,3872,1527,6934,5409,10877,7273,1942,1634,9816,6755,8899,3416,2008,4117,5591,3628,5591,6594,1382,5882,3602,5591,11767,3636,4472,5958,2569,5216,3409,6290,20,7846,1659,3438,7268,10968,10297,6960,6491,6781,7132,7277,6481,9811,8867,1154,7808,1888,3936,5958,9563,9409,1831,5619,7051,8330,5884,9018,10873,2388,8026,10637,3811,3870,6765,10139,8521,1386,3872,6049,8271,8630,2257,8378,2963,2964,9363,2651,2757,3706,10367,9318,7381,11414,3619,5913,1607,5591,6859,8552,7808,6245,6019,10040,10536,10172,2484,2964,3344,195,3940,6027,8987,7101,2326,3603,9894,6955,7527,2149,13037,10218,9465,2010,2254,9873,10181,7037,1291,10097,6846,0,8837,4655,10572,4369,8055,1824,7806,9299,1448,5591,8378,5591,9351,8464,9363,9221,9579,7016,2035,6888,2939,6403,1389,6426,10941,7622,5999,7202,6653,3470,11193,2809,6157,9684,9984,9346,1952,2348,11767,10241,5431,5591,9426,6154,4454,7901,3681,8562,205,6116,7337,8709,5662,7192,10303,3515,9565,9563,3755,10097,7464,7826
535,7807,1957,6882,8425,2942,1243,1797,7308,1325,4871,1401,8377,5974,4119,4722,8091,6983,4505,4074,5358,5789,5791,4505,3059,8668,6803,6241,6892,2562,3805,8216,8625,7635,4063,3347,6030,6693,4629,2202,1615,1127,6129,5647,4496,8208,7916,7478,1861,4623,8145,6357,5031,6231,6772,5570,8017,6798,6740,4505,1656,11674,11674,4611,3804,2121,6353,8416,1840,4554,2625,3600,7773,7229,5797,3085,583,5359,7378,6973,3804,5570,3804,1650,8349,4095,6680,3804,4629,5579,9511,1952,7580,8863,5352,4503,8760,6019,8342,5381,2037,2716,6600,3288,4704,3108,4171,2481,1427,6114,4244,8173,3556,8158,6983,1952,4580,5713,7772,2243,2430,3692,1959,3876,2621,7871,3112,6940,6431,5302,1658,1797,5717,7915,6353,1813,6443,4958,6129,7262,7396,6779,6582,7583,7677,5583,6256,5622,2093,3162,6601,5591,8708,3804,5073,4532,3556,3264,2673,1897,6839,1677,7929,6779,5923,8992,6988,1833,670,2893,6755,8170,5875,2391,1823,7256,3130,6522,5445,7456,7660,6176,1839,5209,7766,1602,5059,8740,0,5482,6876,6940,6228,7266,4133,5279,7856,3804,7262,3804,2202,5660,6582,4599,6666,5189,7025,3218,6934,1469,7797,2756,6977,5795,4212,8091,5159,5412,7496,7245,5348,1194,5965,3809,8107,7793,4629,4632,4896,3804,6513,4469,5041,6154,5583,734,9002,1814,2106,5905,2562,5406,6607,6887,1105,4580,5004,1602,2667,6080
5029,4505,6919,6124,3695,6911,6303,6575,5329,6077,3297,6179,3647,9526,10592,3341,9007,7740,2802,2491,9678,7544,5096,2802,7567,3945,6046,5545,5934,5962,3261,4914,4373,3865,2841,7316,7785,5957,8332,5916,6675,5294,10643,7402,3105,9124,7270,5076,6613,1000,8418,13065,1996,10744,10324,9890,4247,7801,3353,2802,7063,10857,10857,3027,2542,5836,5596,4646,6592,1655,7442,7573,4126,3434,10116,7055,5335,489,2775,6215,2542,307,2542,6402,3960,2512,5923,2542,8332,386,4336,6258,4408,3688,549,3255,4038,4797,4238,578,7567,7534,8428,7260,3121,7080,3705,7577,6781,7869,9166,3442,8108,4856,7740,6258,9862,5504,3789,5919,7350,8629,6184,9318,7439,5892,8325,8695,5674,4545,7065,6575,5022,3313,5596,6348,5221,8930,2325,5328,5417,4800,5886,5604,5699,4769,10667,7376,6870,7980,5844,2938,4639,2542,3692,8852,8108,6545,6319,6675,8594,6738,5950,4800,5166,4270,6231,6327,5422,7401,4164,7524,10194,7254,6575,3987,9603,8276,9765,2806,4894,7931,6617,3987,3164,6662,3648,4018,5273,0,6141,7567,4338,3471,8106,9599,3253,2542,5328,2542,5916,4965,5886,9521,5970,3967,3873,7188,3512,6703,3194,6726,8999,3865,1689,9007,3381,747,7286,4648,3937,5946,10284,10282,4338,3980,8332,10541,2159,2542,5817,2895,1378,9706,619,4997,4280,6416,7636,5210,5962,3994,8362,5929,5857,9862,370,6662,7763,9632
6857,9995,7199,12784,8722,7424,4964,4982,10565,7905,4717,5206,8673,10108,6872,5218,13752,12484,4081,4369,8111,1944,1163,4081,7192,8972,12705,1069,13222,8712,4153,10404,10813,9984,3639,8152,1440,748,4612,4607,5617,7123,8882,1576,4889,13869,12014,10566,7126,5630,3795,9110,6953,8984,10515,8323,10418,12545,8843,4081,7516,10537,10537,5102,4621,5605,11242,10817,7147,5370,3722,7305,10297,9333,8550,9665,7163,6289,7802,12875,4621,6501,4621,8230,8987,4307,11570,4621,4612,6510,8884,8532,9898,7721,6283,5451,9064,3143,10398,6311,7280,3814,2104,7421,5661,7242,3577,6527,7288,1617,6780,8469,6873,10346,12484,8532,7333,1510,9891,9422,6564,8297,9687,6629,3719,13478,6513,1060,11321,10192,7518,4982,1132,8340,11242,8393,3216,7344,7351,2249,10900,10283,490,13685,11182,10473,9009,1776,6226,4260,11490,6025,10896,4621,5610,7285,6873,7397,9820,5082,960,5633,13536,10283,10813,12005,12867,8413,7250,7026,9654,12268,8627,7033,8403,9477,5883,919,8198,7833,10384,1679,5024,4227,8190,5605,4713,9044,5486,6124,0,12311,3439,9370,6870,8032,8280,4621,2249,4621,4607,1854,490,7351,2083,4207,9363,7349,9038,8049,8221,7073,1097,3862,5157,13752,5753,6343,627,10138,5782,4875,8718,6562,10508,8171,4612,7385,6771,4621,357,3903,6048,10288,6514,6825,12015,8394,7349,1127,8712,4862,269,13217,4786,7333,5902,5605,6714,10213
7735,3413,4826,858,3963,5229,8879,9280,2014,5681,9251,9033,3915,4286,9378,9056,3768,441,8880,8408,9648,10915,10024,8880,6186,4206,779,10451,1420,4803,8720,3356,4045,4632,8438,4542,11156,10924,10908,8492,9250,5931,10420,10773,8830,3885,662,2018,5953,7214,11789,7825,7859,10522,5084,9860,4390,619,3130,8880,5913,5617,5617,8945,8138,8411,1116,5096,5931,7869,10018,6191,4199,3311,10087,4633,6536,5958,4055,948,8138,6170,8138,4800,4221,8429,1203,8138,10908,6178,6565,4165,3316,8447,5951,8837,4298,10394,4056,5983,6129,10109,11726,5526,9038,5347,8561,6572,5631,11240,7785,3710,7986,3765,441,4165,11320,10838,3310,3825,5969,7850,4090,7937,10014,2126,8358,12066,940,2989,5915,9280,9950,3643,1116,4255,10818,7549,4417,11495,2261,2227,10792,1958,2217,1777,10547,10747,6677,10555,1194,8697,4315,8138,9407,8822,7986,4452,5311,9380,11965,9266,2184,2227,1415,4530,941,4234,8127,6020,2293,512,10165,5873,5914,2794,9549,11647,9735,4133,2200,11302,9322,9584,3548,9238,9393,4278,7978,7189,12002,0,10602,3347,8007,9569,3705,8138,11495,8138,8492,9893,10792,8140,11008,9564,2563,5807,3611,5553,3646,4632,12370,10170,8546,3768,9243,6011,12622,2790,9682,8825,10255,8860,4209,4470,10908,11256,8021,8138,10855,8702,7044,4467,6272,7702,4540,5266,6198,10138,4803,9740,11733,1415,8705,11320,6296,9238,6759,4392
6504,9630,9225,11455,8684,9169,7416,7007,10660,7552,1460,7232,8636,12485,10091,1961,13717,11557,2148,2083,11330,5190,3732,2148,9218,9220,11377,3168,11466,8359,3116,10666,10259,7432,2241,10177,4817,2715,7828,6271,8112,6770,12098,4953,1632,13833,11979,10470,9154,3822,7850,12329,4350,12203,16381,11539,7814,11372,8684,2148,7163,16404,16404,1845,2756,7273,10926,8213,8067,3100,6941,9331,7571,8727,11768,9312,6810,4862,8069,11546,2756,5073,2756,7877,9335,2009,11253,2756,7828,5082,6280,8179,9738,5118,4855,2194,9347,470,9612,5009,8264,7033,5536,9447,2404,9267,3363,8553,6935,4995,9999,8713,9718,10250,11557,8179,10549,4494,9098,9262,8589,9854,8187,9845,6935,11460,9271,3643,11005,9876,7165,7010,4011,8645,10926,8040,624,10563,5924,1447,10748,10130,3165,10935,11029,10100,12228,5023,8254,7479,11174,3422,10014,2756,3007,10504,9718,9425,9660,7110,3901,8175,11556,10130,10497,9259,11562,8060,6897,9052,9593,12233,11844,9059,8050,9318,9099,4296,11414,7631,10288,5057,7049,2501,8551,8100,1367,9327,6748,4315,3459,12276,0,8764,10295,11248,8708,2756,1447,2756,6271,3521,3165,10570,4960,1016,9204,9377,8843,7696,8649,9101,3927,800,2549,13717,3150,4915,3526,9978,3178,7689,11936,9781,7905,7552,7828,10604,4168,2756,3512,1864,3979,12665,5051,6472,9269,8041,8333,3226,8359,1517,4133,11461,7216,10549,4474,8100,8742,12591
6818,1817,4844,3674,1536,4836,7962,8364,2221,4755,6595,8117,1488,7263,7384,6446,7626,3775,5651,5798,7602,8414,7523,5651,5491,1786,3595,7972,3684,3886,6219,2059,2214,2205,5209,5241,8654,8384,9991,7575,8334,5005,8567,8272,6220,7743,4177,2174,5180,3998,9288,11391,4934,8668,8061,7814,1963,3590,499,5651,4987,11182,11182,6335,5529,7495,3145,2271,5158,5074,9101,5497,1772,405,8041,4980,5643,2735,1499,3764,5529,2946,5529,4818,1477,5819,3472,5529,9991,2955,3769,4263,1553,4513,2728,6228,1879,9222,1470,2757,5492,9193,9225,5184,6428,5005,6060,5501,4705,8738,7091,1283,6032,2001,3775,4263,7787,7931,948,3843,5275,6554,4108,7242,9098,3141,6250,9565,3223,2094,4990,8364,7449,1233,3145,4273,9646,6855,1868,8994,2666,1948,8313,2789,2948,2319,8591,8246,5606,9639,3393,5239,2551,5529,6882,6776,6032,4470,4243,8464,9464,8396,3200,1948,2715,2111,3780,4252,7211,5325,1309,4068,8118,5179,5676,1133,11262,9146,7689,1336,2039,8801,8406,8412,1138,8321,6783,1859,7062,3974,8568,3732,9431,0,6030,7523,1295,5529,8994,5529,7575,7392,8313,7446,8397,8392,1019,5112,1055,4627,1236,4650,9869,8998,5937,7626,6318,2788,10121,1806,5483,7908,8209,7498,1782,1674,9991,8466,5096,5529,8244,5473,3897,7443,3007,6786,2121,4340,5561,7637,3886,7130,9231,3679,7789,7787,3073,8321,5688,7369
3626,6825,2155,5815,7374,1704,3361,2956,6242,2581,8350,3180,7326,4388,1183,7812,5546,5917,7596,7165,2207,5620,6335,7596,500,7617,5737,6784,5826,3232,6895,7234,7642,7619,7153,2432,5860,7197,4712,5687,4706,3647,2978,5477,7586,5663,6850,6412,2081,7951,7063,3206,8122,3273,4610,2419,8001,5732,5673,7596,3684,4633,4633,7701,6895,5607,5286,8401,2103,7645,3400,477,7881,6163,2645,2929,3223,7750,6311,5906,6895,7961,6895,2398,7298,7186,5614,6895,4712,7970,10259,2282,6728,9611,7743,7594,7709,8670,7467,7771,1719,3491,6431,1396,7795,1522,7648,1483,3402,5944,1696,7121,3,7176,5917,2282,2580,5543,6721,2990,1257,367,2338,940,3396,6767,494,6771,5365,4236,3687,2956,6261,6849,5286,2560,9094,1459,6674,8442,6329,5669,7125,6364,6611,4517,3196,5452,1587,3937,5534,8682,7726,6895,8163,1381,3,2353,2586,3056,6670,4721,6825,5669,4857,7941,5922,2516,3719,666,5689,6210,2723,1696,2449,6190,2337,6352,2294,6389,6594,6007,2997,7861,6700,4693,8150,7689,3611,8573,6706,5874,8879,6200,0,2128,6789,6895,8442,6895,5687,6858,7125,2050,6750,7840,6193,1630,5867,2495,6730,1662,7075,8446,7303,5546,8249,7803,7327,6178,8438,3601,2813,2175,8092,6727,4712,2773,7987,6895,6597,7417,8368,4568,8022,3824,7951,2836,1788,7017,3232,8496,6437,5821,3686,2580,8095,4693,1670,4494
5563,8556,4252,7547,8963,3436,4893,4487,7974,4678,9882,4712,8915,4343,3720,9749,6262,8960,9533,9102,852,7173,7888,9533,2825,9213,7469,8338,7558,5328,8832,8966,9374,9351,9090,4164,7414,8750,6265,7240,6321,6154,600,7031,9523,6379,8489,8144,4178,9888,8519,2508,10295,460,4106,146,9733,9021,7405,9533,5781,4129,4129,9638,8832,7160,7018,10132,4199,9819,4953,2802,9613,7895,529,4661,5610,9481,8043,7638,8832,9693,8832,4494,9228,9123,7345,8832,6265,9702,12355,4013,8245,11707,9475,9531,9306,10202,9023,9503,3741,5045,7984,2921,9732,3254,9180,3579,5499,7498,2364,8710,2327,8908,8960,4013,1488,7096,8453,5087,3616,2191,4070,2515,4949,9953,2700,8324,7097,5967,5783,4487,7814,8581,7018,4251,10941,2128,8270,9974,8061,7444,8705,8249,8343,6249,537,7005,3684,5490,7266,10490,9457,8832,10100,921,2327,4449,4317,4588,8223,6383,10011,7444,6589,9537,7654,4248,5656,2991,7421,8744,538,3428,4545,7922,2950,7905,522,8121,8326,7560,4529,9392,8431,6308,10086,9285,5548,10510,8260,8787,10411,7932,2348,0,8521,8832,9974,8832,7240,8411,8705,1890,8303,9372,7691,3361,7599,4592,8462,3393,8628,9978,9240,6262,10291,9535,8880,7910,10247,5133,697,2710,9824,8459,6265,1680,10160,8832,8150,9497,10305,4254,9754,5761,9547,4933,3810,8571,5328,10433,7991,7553,5218,1488,10032,6308,3766,4213
7858,1519,5884,3489,539,5876,9003,9381,2394,5795,6303,9157,491,9185,8424,5751,8667,3664,5474,5002,8643,8624,7733,5474,6532,1144,3410,8182,3356,4927,5452,2232,1571,1208,5032,6281,8864,9076,11031,8616,9374,6045,9414,8481,5424,8783,3992,2394,6220,3972,9497,12431,4407,9709,12200,8854,966,3406,1539,5474,6028,12222,12222,5539,4733,8535,2960,1273,6199,4547,10141,6537,775,790,9081,6020,6738,2558,1156,3580,4733,2769,4733,5859,1159,5023,3287,4733,11031,2778,3305,5223,1726,4049,2551,5665,1236,6988,1436,2579,6532,10233,9435,6225,5632,6045,6270,6541,5745,8948,8131,286,7072,2174,3664,5223,8827,8547,987,4884,6315,7594,5148,8282,10138,3274,7290,9774,3038,3134,6030,9381,7659,60,2960,5313,8302,7895,1405,9203,2839,2121,8523,2962,3121,2863,9632,8456,6646,10679,3462,5062,1838,4733,6157,7816,7072,5510,5284,9305,9674,9437,3372,2121,2500,1468,3595,5292,8251,6366,1482,4489,9159,6219,6791,1305,12302,9356,8729,1159,2212,9010,9446,6178,440,9362,6058,1216,8102,3797,9710,3547,7197,980,7070,8563,0,4733,9203,4733,8616,7602,8523,8486,8607,6158,1191,6153,2095,5667,538,5690,10078,6764,5140,8667,5791,2611,10331,1979,5306,8948,9249,8538,785,1497,11031,9506,4569,4733,8454,5296,3592,9365,2830,7826,1478,5380,6601,7847,4927,6405,9441,3351,8829,8827,2896,9362,6728,9291
3253,5370,4932,9497,4744,7003,4527,4798,6125,4301,1832,4681,4696,9233,8816,1682,9569,9198,1507,1035,10055,5110,3319,1507,6121,4995,9419,3905,7184,5107,1485,5963,5422,4735,1064,6322,5351,4198,6556,4140,4898,3518,10826,4968,1457,9685,8727,6077,4837,1831,5984,13361,1992,10928,10031,10266,5118,9259,4403,1507,3912,13152,13152,1571,0,4059,6645,5517,4815,1515,5666,7664,4997,4484,10493,6061,3558,2312,3825,9588,0,2524,0,4626,5010,1056,6972,0,6556,2533,5207,4928,5457,4559,2306,1464,5087,3020,4984,2334,5013,5757,5994,7351,1665,7172,1865,5456,3683,5435,8723,4492,6619,5905,9198,4928,9276,3728,4838,6010,5431,6755,6275,8572,5662,6941,8456,6261,6724,5594,3914,4798,3245,4362,6645,4788,3445,9288,3374,3552,6466,5849,4087,6654,6748,5819,10953,4942,5094,6203,6893,2552,5525,0,2034,9228,6619,6637,6408,4899,6160,4961,6999,5849,6215,6563,9580,4809,3646,5955,5213,8982,10571,5367,4798,5037,7826,5842,10141,3856,5943,5497,4840,2211,4213,4886,2020,5067,3496,2324,6196,9025,3229,4521,8197,9975,4303,0,3552,0,4140,3189,4087,9295,4194,2190,4923,7279,4561,4445,4244,6817,6297,2796,1173,9569,2120,2366,5509,5710,2308,4473,10661,8506,5208,4193,6556,9329,1857,0,4041,1328,2248,9414,2537,3221,6573,4790,5082,3433,5107,2366,5927,9930,4353,9276,1925,4886,5643,9339
7301,8669,8009,13224,7859,8233,6197,5792,9493,8349,2725,6016,7811,10917,9645,3761,14192,12925,3219,3348,10884,3964,2505,3219,8002,8109,13146,1941,13662,9156,3710,9078,8537,7993,2776,8961,3591,1488,7385,5047,6423,7567,11655,3727,2897,14309,12455,9240,7935,4768,6626,11882,4961,11757,16986,11096,8426,12986,7517,3219,7960,17008,17008,3110,3758,6049,9760,8825,7957,4763,6495,8115,8182,7598,11322,9458,7607,5427,6939,13315,3758,5639,3758,8674,8124,3286,10087,3758,7385,5647,6892,8976,8572,5729,5420,3930,8202,1151,8099,5449,8089,6587,4310,8231,4066,8051,3097,7337,7732,3768,9553,7606,8500,9020,12925,8976,10105,3268,7953,11104,7373,8635,11369,9401,6491,13919,9285,2417,13307,8709,7962,5792,2785,7477,9760,8837,1225,10117,6489,0,9581,8964,1939,9768,9863,8933,11782,3796,7036,7032,13761,4033,9570,3758,3619,10058,8500,8207,10264,5892,2674,6486,13977,8964,9330,9871,13308,8857,7694,7836,8328,12709,11400,7843,8847,8151,8655,3070,10971,6970,9058,3831,5833,2235,7328,6411,2721,8182,7545,5261,2732,12752,1447,7635,9077,10805,7417,3758,0,3758,5047,2295,1939,10115,3734,2215,8037,8159,7676,8493,7358,7882,2701,1900,3814,14192,3761,5480,2299,8812,3790,5997,11490,9335,8516,8164,7385,10158,4780,3758,2286,3129,5642,11098,5651,7269,9881,8839,8159,1999,9156,2871,2907,13658,6000,10105,5039,6411,7524,11023
3253,5370,4932,9497,4744,7003,4527,4798,6125,4301,1832,4681,4696,9233,8816,1682,9569,9198,1507,1035,10055,5110,3319,1507,6121,4995,9419,3905,7184,5107,1485,5963,5422,4735,1064,6322,5351,4198,6556,4140,4898,3518,10826,4968,1457,9685,8727,6077,4837,1831,5984,13361,1992,10928,10031,10266,5118,9259,4403,1507,3912,13152,13152,1571,0,4059,6645,5517,4815,1515,5666,7664,4997,4484,10493,6061,3558,2312,3825,9588,0,2524,0,4626,5010,1056,6972,0,6556,2533,5207,4928,5457,4559,2306,1464,5087,3020,4984,2334,5013,5757,5921,7351,1665,7172,1865,5456,3683,5435,8723,4492,8199,5905,9198,6350,9276,3728,4838,6010,5431,8721,6275,8572,5662,6941,8456,5627,6724,5594,3914,4905,3245,4362,6645,4788,3445,9022,3374,3552,6466,5849,4360,6589,6748,5819,10953,4942,5094,6203,6893,2423,5525,0,2034,9228,8199,6637,6408,4829,6160,4961,6999,5849,6215,5319,9580,4809,3646,5955,5213,8982,10571,5367,4798,5037,7826,6103,10141,3856,5943,5497,4840,2211,4213,4886,2020,5067,3496,2324,6196,9025,3229,4521,8197,9975,4303,0,3552,0,4140,3189,4360,9295,4194,2190,4923,7279,4561,4445,4244,6817,6297,2796,1173,9569,2120,2366,5509,5710,2180,4170,10661,8506,5208,4193,6556,9329,1857,0,4041,1328,2248,9414,2757,3221,5329,4790,5082,3433,5107,2366,5927,6978,4081,9276,1925,4886,5643,9339
1801,8597,3579,7672,9215,3804,1263,1362,8098,2591,5439,1586,9167,8546,4760,5602,8881,7795,5294,4955,5999,4060,4060,5294,3572,9458,7593,4509,7682,4612,4685,9007,9415,9476,4852,4532,4301,4960,2752,0,1634,3023,6770,3918,5377,8998,8706,8269,3506,5504,5503,6997,5912,6872,9343,6211,9858,7589,7530,5294,2922,12465,12465,5491,4685,662,7143,10257,3527,5435,1782,4114,9614,8019,6437,4352,1849,6240,8168,7763,4685,6451,4685,2917,9139,4976,7470,4685,2752,6460,8880,3218,8370,8232,6233,5384,9551,5759,9132,6261,3660,1874,4871,3801,5585,3622,4737,2907,2694,4384,4757,8963,4649,8949,7795,3218,5093,3983,8562,5323,2944,5171,3226,4516,1778,8661,3626,5211,7222,6092,2924,1362,3986,8895,7143,3079,6183,5471,7010,5531,8186,7569,4850,8309,8467,6374,6897,3892,2606,2319,7391,6472,9498,4685,5954,5173,4649,3777,5721,1462,5110,1697,8719,7569,6713,9782,7778,3099,1936,3406,7546,8067,6515,3413,3089,8046,3643,5053,6086,8246,8450,4447,1404,4949,8556,1622,5940,9530,1503,6363,5146,7730,5968,8056,4647,5920,8646,4685,5531,4685,0,3929,4850,5112,4935,4929,7816,3729,7724,2735,8587,3453,5247,5535,5093,8881,6040,6293,5767,8035,6228,1208,6605,4323,9948,8583,2752,5146,5777,4685,4781,5350,5921,8726,6685,2000,9792,3081,3729,4174,4612,6286,4877,7678,1089,5093,5885,1622,3094,8652
5953,9087,6653,11876,7814,6877,4841,4435,9658,7001,3318,4660,7766,9561,8297,3820,12844,11577,3174,3461,9536,2331,1043,3174,6646,8064,11798,317,12314,7807,3245,9496,8492,7658,2731,7605,2572,772,6037,3699,5540,6218,10307,2189,3491,12961,11106,9611,6579,4723,5278,10534,4940,10409,15637,9747,8040,11638,7936,3174,6612,15660,15660,3704,3713,4701,10338,8439,6601,4463,5147,6759,7919,8426,9974,9654,6258,5382,6894,11967,3713,5594,3713,7326,8079,3399,10665,3713,6037,5602,8579,8858,8990,7417,5375,4092,8157,2839,8054,5404,6733,5238,3142,6875,4262,6695,2669,5981,6383,2656,8204,7561,7143,9438,11577,8858,8757,1635,8968,8518,6017,7279,8783,8053,5143,12570,7937,2805,11959,9287,6614,4435,743,7432,10338,8948,2912,8769,6444,1945,9993,9376,937,10116,10275,9569,10434,2163,5680,5684,12413,5122,9988,3713,4171,8709,7143,6851,8916,4536,3062,5603,12628,9376,9909,8389,11960,8927,6346,6480,8746,11361,10052,6487,7499,8570,7307,3063,9622,6925,9477,2718,4477,2829,7283,5528,4204,8137,5409,5216,1371,11404,3135,8462,7720,9456,7372,3713,1945,3713,3699,0,937,8776,1535,2808,8456,6803,8130,7145,7313,6526,3089,3414,4249,12844,4822,5435,1695,9243,4878,5114,10142,7987,8131,7263,6037,8810,4804,3713,1382,2995,5140,9742,5827,5921,8399,7490,6802,242,7807,4353,1596,12309,4995,8757,4994,5528,6168,9667
6433,9567,7133,12356,8294,7357,5321,4915,10385,7481,3798,5140,8246,10041,7346,4300,13324,12057,3653,3941,8585,2445,940,3653,7126,8544,12278,644,12794,8287,3725,9976,8972,8138,3211,8085,1885,364,5086,4179,6020,6698,9356,2303,3970,13441,11586,10138,7059,5202,3380,9583,5592,9458,16117,8797,8520,12118,8416,3653,7092,16140,16140,4183,4193,5181,10818,8919,7081,4943,4196,7239,8399,8905,9023,10134,6738,5862,7374,12447,4193,6073,4193,7806,8559,3879,11145,4193,5086,6082,8414,9337,9470,7252,5855,4572,8637,2673,8534,5884,7213,4288,2549,7355,4742,7175,3149,6460,6863,2063,7254,8041,7623,9918,12057,9337,7806,1749,9448,8998,6497,7759,9263,7103,4192,13050,6986,1571,12438,9767,7094,4915,995,7912,10818,7968,2747,7818,6924,1779,10473,9856,0,10596,10754,10049,9483,2277,6159,4733,12893,5556,10468,4193,5141,7759,7623,7330,9396,5015,1405,6036,13108,9856,10389,8868,12439,7989,6826,6960,9226,11841,9101,6967,7979,9050,6356,1364,8672,7405,9956,2125,4957,3308,7763,6007,4472,8616,5889,5696,490,11884,2969,8942,8200,8506,7852,4193,1779,4193,4179,1426,0,7825,1658,3288,8936,7282,8610,7625,7793,7006,1855,3422,4729,13324,5284,5915,818,9710,5312,5594,9191,7036,8610,7743,5086,7859,6302,4193,544,3475,5620,10221,6307,6401,8878,7970,7282,702,8287,4621,715,12789,5475,7806,5474,6007,6647,10147
4373,8279,3559,7270,8685,3159,4108,3703,7696,3778,8692,3927,8637,5843,2144,8559,7000,7445,8547,7912,2493,5983,6699,8547,1915,8936,7191,7148,7280,4429,7642,8688,9097,9074,8105,3887,6224,7560,5076,6051,5131,4965,1816,5841,8334,7117,8304,7866,3278,8698,7427,3845,8869,1917,5250,2243,9456,7187,7128,8547,5452,5273,5273,8448,7642,5970,6741,9855,3300,8392,3763,1892,9335,7617,1853,4263,4420,9197,7766,7361,7642,9408,7642,3594,8951,7933,7068,7642,5076,9417,10276,3736,7968,10807,9190,8341,9028,9012,8745,9218,3464,3855,6794,2643,8542,2977,7990,2679,5224,6308,563,8433,1418,8630,7445,3736,401,5907,8160,4449,3247,1282,3792,714,3760,8259,1800,7134,6819,5690,5455,3703,6625,8303,6741,3974,9752,954,7993,8784,7784,7167,7489,7907,8065,5972,1840,5816,2784,4301,6989,9301,9180,7642,8911,2021,1418,3549,4040,3803,7033,5194,8317,7167,6311,9260,7376,3970,4467,2081,7143,8558,1772,3151,3646,7644,1491,6716,2441,7844,8048,6370,3745,8203,8154,5119,8897,9008,4358,9320,7070,7328,9221,7654,1439,2377,8244,7642,8784,7642,6051,7222,7489,0,7114,8182,7413,3084,7322,3692,8185,3116,7438,8788,8050,7000,9101,9250,7690,7633,9057,4349,1800,1042,9546,8181,5076,583,8734,7642,6960,8369,9116,6023,9642,4572,9270,4033,3533,7381,4429,9243,6801,7276,4434,401,8842,5119,2866,5948
6747,9881,7455,12670,8608,7679,5643,5237,10699,7795,4606,5462,8560,10363,7020,5107,13638,12371,3967,4255,8259,2092,1254,3967,7448,8858,12592,958,13108,8601,4039,10290,9286,9873,3525,8407,1587,637,4760,4493,5869,7012,9030,1723,4778,13755,11900,10452,7381,5516,3943,9258,6842,9132,16431,8471,8834,12432,8730,3967,7406,16454,16454,4991,4507,4897,11132,9233,7403,6246,3870,7561,8713,9219,8697,10448,7052,6176,7688,12761,4507,6387,4507,8120,8873,4193,13016,4507,4760,6396,8773,9651,9784,7610,6169,5380,8951,3032,10284,6198,7535,3962,2251,7676,5549,7497,3463,6782,7177,1765,6928,8355,7020,10232,12371,9651,7480,2063,9777,9312,6819,8445,9577,6777,3867,13364,6661,1270,12752,10081,7408,5237,1309,8226,11132,8282,3105,7492,7238,2138,10787,10170,379,10910,11068,10363,9157,1924,6481,4408,13207,5914,10782,4507,5499,7433,7020,7652,9710,5337,1107,5931,13422,10170,10703,9182,12753,8303,7140,7282,9540,12155,8775,7289,8293,9364,6031,1067,8346,7719,10270,1827,5279,4116,8077,5856,4830,8930,5738,6266,193,12198,3328,9256,7018,8180,8166,4507,2138,4507,4493,1740,379,7499,0,4096,9250,7604,8924,7939,8107,7328,1554,3781,5043,13638,5642,6229,516,10024,5671,5443,8866,6710,8924,8057,4760,7533,6660,4507,1378,5010,5934,10543,6621,6715,9192,8284,7604,1016,8601,4980,417,13103,4934,7480,5788,5856,6969,10469
5730,8160,7410,9780,7350,8395,7754,7349,8985,6778,1545,7573,7302,13461,10429,2047,12942,11675,756,2116,11669,5529,4070,756,9559,7601,9701,3506,9790,7584,3201,8569,8028,6552,2327,8800,5129,3056,8170,6612,8453,5995,12440,5386,1718,13059,11205,8731,7314,3531,8191,15838,3339,12542,15607,11880,6934,11736,7009,756,6389,15629,15629,1931,2904,7614,9251,7333,7293,3186,7280,9672,6691,7090,12107,8538,6035,4918,6431,9871,2904,5130,2904,7103,7616,2095,9578,2904,8170,5138,7349,7405,8063,6186,4912,2280,7693,1257,7590,4940,7490,7371,6340,9788,2489,9608,1797,8894,6160,5853,10337,7098,10057,8511,11675,7405,10890,4832,7444,8488,8931,10193,7412,10186,7276,9547,9613,3985,9330,8200,6391,7349,4350,6968,9251,7266,1681,10902,5980,1788,9072,8455,3506,9195,9354,8425,12567,5361,8593,7817,9499,2601,9061,2904,1911,10842,10057,9764,8885,7449,4242,8516,9605,8455,8821,8379,9886,7286,6123,9393,7819,11459,12185,9400,7276,7642,9440,4638,11755,6462,8549,5916,7390,488,6819,8441,1465,7673,5973,4463,3800,11502,1466,7126,10634,11589,6908,2904,1788,2904,6612,3860,3506,10909,5299,0,7529,9716,7167,6922,6850,8209,4268,592,2635,12942,2329,4972,3867,8303,2357,8027,12275,10120,7025,6667,8170,10943,3208,2904,3853,1949,4065,13641,4921,5698,8389,7267,7559,3564,7584,1614,4474,9786,7557,10890,4530,8441,9081,13567
7622,782,5647,3249,1544,5640,8766,9145,1562,5559,6541,8920,1495,7608,8188,6346,7089,2853,6170,5698,8406,8995,8104,6170,6295,1786,3170,8531,2397,4690,6800,1191,1600,2213,5728,6045,9236,9004,10795,8379,9138,5809,9177,8853,6120,7206,3751,1353,5984,4517,9869,12194,5106,9472,8405,8618,1971,2838,1303,6170,5791,8939,8939,6235,5429,8299,2735,2278,5962,5246,9905,6301,1780,1484,8845,5783,6502,3254,1846,3064,5429,3465,5429,5622,1468,5719,2550,5429,10795,3474,4310,4986,685,5054,3247,6128,1902,7684,1424,3276,6296,9997,9806,5988,6328,5809,6641,6305,5509,9320,7895,1291,6836,1133,2853,4986,8591,8918,890,4647,6079,7358,4912,8046,9901,2275,7054,10146,2862,2898,5794,9145,8030,1223,2735,5077,8108,7659,2094,9575,1880,2478,8872,2003,2162,2229,9395,8827,6409,10442,2503,5751,1683,5429,6697,7580,6836,5274,5047,9069,10045,9200,2371,2478,1867,2134,2858,5055,8015,6129,848,3490,8922,5983,6555,264,12065,9727,8493,1848,1171,9382,9524,6874,1129,9125,6683,1882,7865,4493,10082,3104,7893,1520,6834,8327,1286,5429,9575,5429,8379,7973,8872,8249,9088,6854,0,5916,1859,5431,1227,5454,10450,7460,5837,7089,6491,3307,10702,925,5995,8712,9013,8374,1790,2186,10795,9270,5269,5429,8935,5992,4292,7788,3519,7590,2144,5144,6365,8218,4690,7030,9813,2392,8593,8591,3592,9125,6492,7713
2747,5946,475,4936,6480,825,2482,2077,5363,1702,7471,2301,6432,3509,2486,6933,4667,5112,7326,6286,3241,5816,6092,7326,1269,6665,4858,6542,4947,2353,6016,6355,6763,6740,6884,1553,6057,6954,4908,3159,3910,2719,4012,5674,7644,4784,5971,5533,1202,7072,7259,4239,7243,4114,4307,3452,7122,4853,4794,7326,2805,4593,4593,7856,6016,3563,4407,7522,1224,6766,3596,1135,7002,5284,3679,1929,2344,7570,5432,5027,6016,7782,6016,1519,6404,6307,4735,6016,4908,7791,9380,1403,5634,8732,7564,6715,6758,7791,6397,7592,380,3688,6627,823,6916,643,6769,604,2523,6141,2729,6227,1671,6297,5112,1403,3614,5739,5827,2112,255,2192,1459,2243,3592,5925,1353,6967,4486,3357,2808,2077,6018,6160,4407,1641,8531,2493,5795,7563,5450,4833,6883,5573,5732,3638,4139,5648,708,4133,4655,7803,6847,6016,7284,2414,1671,1474,1707,2177,6866,3973,5984,4833,3978,6989,5043,1637,2248,1103,4810,5331,3757,67,1570,5311,3276,6548,3327,5510,5715,6203,2119,6982,6065,3897,7271,6737,2732,7694,7137,4995,8000,5321,1668,3162,6222,6016,7563,6016,3159,5961,6883,3084,6967,6961,5080,0,4988,1616,6163,320,7271,7567,6424,4667,7475,7624,7523,5299,7559,2722,3847,2600,7213,5848,4908,3806,7108,6016,6814,7148,7489,3690,8015,2945,6999,1957,449,6206,2353,8506,6634,4942,2735,3614,7216,3897,791,3615
6831,2167,5943,4106,1541,5935,8105,8484,3011,5854,6114,8259,1493,10084,8483,5563,9565,4282,4976,4504,8701,8126,7235,4976,6590,1791,4028,7684,3974,4986,5931,2850,2219,1929,4534,6340,8366,8096,10134,7718,8477,6104,9472,7983,4926,9682,5398,3012,6279,3784,8999,12490,4218,9768,12258,8913,2311,4023,1440,4976,6087,12281,12281,5834,4235,7637,4244,2711,6258,4358,9244,6596,2068,1280,9140,6079,7136,2060,621,4197,4235,2271,4235,5917,1806,4525,4571,4235,10134,2280,3132,5282,2343,3876,2053,5477,1884,6490,1781,2081,6591,9335,8937,6283,5558,6104,5772,6600,5804,8450,8190,1288,7131,2792,4282,5282,8886,7643,1635,4942,6374,7653,5207,8341,9240,3922,7349,9566,4323,3193,6089,8484,7161,1159,4244,5372,8119,7954,1669,8705,3457,2738,8025,3580,3738,3418,9691,7958,6705,9781,4080,4564,2321,4235,5914,7875,7131,5569,5343,8407,9176,8539,3990,2738,3118,2115,4879,5351,7224,6425,2100,5137,9218,6278,6850,1923,11404,8858,8788,699,2830,8512,9746,5680,1010,8464,5870,1864,7074,3299,8280,4165,7155,1317,7129,8622,1099,4235,8705,4235,7718,7104,8025,8545,8109,5660,1809,6211,0,5726,1040,5749,9580,6682,4013,9565,5603,2113,9448,2596,4808,8051,9308,8669,1787,1037,10134,9565,4381,4235,7956,4798,3222,10264,2332,6799,2126,5439,6660,7349,4986,6216,8943,3969,7659,8886,2398,8464,6787,10190
1467,5976,1105,5050,6594,2090,2175,2755,5477,122,5789,2359,6546,4435,3512,5640,5584,5174,5423,4992,4856,6708,6710,5423,2294,6837,4972,7159,5061,1362,4723,6385,6794,6855,4981,2495,6948,7571,4565,3133,2547,1221,5627,6565,5414,5701,6085,5647,1010,5541,9063,5855,5949,5923,5232,5068,7237,4967,4909,5423,1204,5519,5519,5529,4723,3053,4522,7636,988,5472,3625,2751,6993,5398,5295,2234,991,6277,5547,5141,4723,6489,4723,852,6518,5013,4849,4723,4565,6497,8713,1517,5748,8065,6270,5421,6929,6937,6511,6299,1185,3717,7519,2438,5622,2259,5089,1629,921,7032,4345,6341,3286,6327,5174,1517,5230,6631,5941,1445,1666,3808,1573,3268,3621,6040,2378,7858,4600,3471,1206,2755,6635,6274,4522,1014,9148,4109,5909,8180,5565,4947,7500,5688,5846,3752,5846,6540,1733,4162,4770,6509,6877,4723,5991,4030,3286,1724,1821,2855,7758,2609,6098,4947,4092,7161,5157,1035,896,2128,4924,6339,5373,1539,971,5425,4301,7440,4943,5624,5829,7094,2796,6127,6179,2534,5977,6909,1452,6400,7794,5109,7146,5435,3284,4777,6336,4723,8180,4723,3133,6579,7500,3991,7584,6107,5194,2366,5103,0,6277,1904,8162,6357,5130,5584,6077,6330,8415,5413,6266,2126,5463,3626,7327,5962,4565,5422,5814,4723,7431,5387,5959,4615,6722,1652,7171,335,1254,6823,1362,6324,7525,5056,2037,5230,5923,2534,1816,4540
7309,1815,5334,4164,834,5326,8453,8831,2689,5246,6219,8607,786,8635,7874,5667,8117,4340,5040,4568,8093,8190,7299,5040,5982,1439,4086,7748,3973,4377,5018,2528,1867,1955,4598,5731,8430,8642,10482,8066,8824,5495,8864,8047,4990,8233,4667,2642,5670,3810,9064,11881,4323,9159,11650,8305,1262,4081,1393,5040,5478,11672,11672,5105,4299,7985,3635,1569,5649,4462,9592,5987,1070,1381,8531,5470,6189,2124,723,4255,4299,2335,4299,5309,1455,4589,3962,4299,10482,2344,3158,4673,2022,3902,2117,5581,1532,6554,1468,2146,5982,9683,9001,5675,5198,5495,5836,5991,5195,8514,7581,582,6523,2470,4340,4673,8277,7707,1283,4334,5765,7044,4599,7733,9588,3932,6740,9630,3714,2584,5480,8831,7225,356,3635,4763,8145,7345,971,8770,3456,2839,8089,3580,3738,2809,9082,8022,6096,10129,3883,4628,1969,4299,6018,7267,6523,4960,4734,8755,9240,8840,3990,2839,3206,1764,4271,4742,7701,5816,1778,4559,8609,5669,6241,1601,11752,8922,8180,725,2508,8577,9211,5744,362,8812,5974,1512,7552,3363,8344,4222,6763,1418,6521,8014,296,4299,8770,4299,8066,7168,8089,7936,8173,5724,1487,5603,1552,5118,0,5141,9645,6330,4706,8117,5707,2177,9512,2274,4872,8399,8699,8061,1081,1063,10482,8956,4485,4299,8020,4862,3286,8815,2396,7276,1774,4830,6051,7413,4377,6321,9007,3969,8279,8277,2462,8812,6178,8741
2405,5406,421,4480,6024,363,2907,2501,4907,1288,7896,2726,5976,3398,2911,6578,4556,4604,7751,5930,3130,6241,6517,7751,1019,6267,4402,6966,4491,1938,5661,5815,6224,6284,7309,1442,6481,7860,5333,3583,3485,2305,3901,6098,8068,4673,5515,5077,788,6716,7684,4128,6887,4003,4196,3341,6667,4397,4338,7751,2391,4482,4482,6467,5660,3988,3951,7066,736,6410,4021,1024,6546,4828,3568,1664,1929,6422,4977,4571,5660,6633,5660,1104,5948,5951,4279,5660,5333,6642,8965,947,5178,8317,6415,6359,6359,8216,5941,6444,584,4112,7052,712,6560,532,7194,1028,2109,6565,2618,5771,1560,5757,4604,947,3503,6925,5371,1697,538,2081,1003,2769,4017,5470,1777,8848,4030,2901,2393,2501,6443,5704,3951,1185,8955,2382,5203,7988,4994,4377,7307,5118,5276,3182,4028,6073,1133,4558,4200,7447,6307,5660,6929,2303,1560,803,1251,2601,7291,3547,5528,4377,3522,6591,4587,1181,1833,853,4354,5769,3646,271,1155,4855,3780,6973,3216,5054,5259,6628,2543,7406,5609,3472,6915,6339,2390,7338,7562,4539,8425,4865,1557,3050,5766,5660,7988,5660,3583,6386,7307,2973,7392,7386,4624,320,4532,1202,5707,0,7696,7992,6068,4556,7015,6475,8730,4843,7204,3147,3736,3097,6757,5392,5333,3695,6752,5660,7238,7573,7460,3578,6687,2590,6601,1543,653,6631,1938,7262,7058,4486,3232,3503,6760,3473,1215,3504
6964,11363,7420,14151,10313,7645,5072,5089,12181,8012,5179,5313,10264,10329,6979,5680,13088,13852,4957,5749,8218,2051,2492,4957,7413,10563,14073,2951,14589,8819,5603,11772,10990,10446,5230,8373,1116,1976,4719,5793,5724,7230,8989,1683,5351,13205,13382,12351,7347,7221,2414,9217,7415,9092,10622,8430,10864,13913,10211,4957,7623,10644,10644,5564,6340,5712,11350,11263,7368,6819,3829,7527,10750,10701,8657,9773,7270,7880,9393,14242,6340,8092,6340,8338,10578,5728,11677,6340,4719,8101,9345,9869,11265,8183,7874,5913,10655,3605,11766,7902,7501,3921,1556,7642,6122,7463,4974,6748,7395,1294,6887,10060,6980,11714,13852,9869,7440,2361,11259,9530,6785,8405,9794,6736,3826,14846,6620,324,11428,10299,7625,5089,2462,9931,11350,8500,3678,7451,8942,2711,12268,11651,1820,12391,12550,10580,9116,1884,6447,4367,11598,6487,12264,6340,6072,7392,6980,7618,9927,5189,200,5787,12801,11651,10920,12309,14235,8521,7357,7248,11022,13636,8735,7254,8510,10845,5990,625,8305,9424,11752,1356,5131,4689,9781,5712,5175,10635,5593,7970,1097,13679,3901,10738,6978,8139,9871,6340,2711,6340,5793,3304,1820,7459,3260,4669,10731,7570,10405,8156,9812,7294,0,4322,6748,13088,6215,7934,1200,11505,6243,4983,8825,6669,10961,9762,4719,7492,7233,6340,1687,5582,7698,10509,8325,6932,12319,8502,7570,3009,8819,5324,828,14585,4894,7440,7493,5712,6935,10435
5168,7598,6848,9218,7242,7833,6443,6230,8423,6216,984,6454,7194,12899,10731,1485,12381,11113,1672,1771,11970,4258,3153,1672,7976,7039,9140,3603,9229,7023,2639,8007,7466,5990,1765,8238,4498,3152,8471,5493,6814,5434,12741,4115,1156,12497,10643,8169,6753,3687,7899,15277,2777,12843,15045,12182,6372,11174,6447,1672,5827,15068,15068,1369,2343,5975,8689,6771,6731,2624,7581,8089,6129,6528,12409,7977,5474,4356,5869,9309,2343,4568,2343,6542,7054,1533,9016,2343,8471,4577,6021,6843,7501,4858,4350,1758,7131,1353,7028,4533,6928,7673,5069,8181,1927,8002,2357,7372,5599,4582,10639,6536,8473,7949,11113,6843,11192,3561,6882,7926,7347,8609,8191,10488,7578,8986,10372,4081,8768,7638,5829,6230,3079,7204,8689,6704,1077,11203,5418,1885,8510,7893,3603,8634,8792,7863,12868,4090,7009,8119,8937,2039,8499,2343,1350,11144,8473,8180,8324,6330,4338,6877,9044,7893,8260,7817,9325,6724,5561,7810,7257,10897,12486,7282,6714,7081,9742,4734,12057,5900,7987,4644,6271,1048,6257,6802,903,7111,5412,3902,3896,10940,1058,6565,9027,11891,6347,2343,1885,2343,5493,3956,3603,11210,4028,592,6967,8109,6606,6360,6288,7647,4365,0,2073,12381,1767,4410,3963,7741,1795,6388,12577,10421,6463,6105,8471,11244,2647,2343,3950,1388,3503,13079,4359,5136,7827,6706,6997,3661,7023,1053,4571,9224,5996,11192,4247,6802,7559,13005
4014,5532,6098,7336,5304,7943,5692,6071,6541,5466,1517,5846,5256,10557,9981,1253,10039,8771,1399,618,11220,4852,3747,1399,7225,5840,7258,4196,7347,6993,2650,6126,5584,4052,1492,8348,5092,4623,7721,5305,6064,4683,11991,4709,1040,10155,8301,6240,6002,944,7149,14526,1104,12093,11355,11432,4434,8832,4565,1399,5077,14317,14317,1155,1061,5225,6807,4833,5981,627,6831,8604,4314,4646,11658,8086,4723,2475,3987,7427,1061,2686,1061,5791,5955,639,7135,1061,7721,2695,4524,7289,5619,3876,2468,1048,5250,3317,5147,2595,6178,6923,5663,8291,627,8112,2302,6621,4848,5176,9889,4654,9139,6068,8771,7289,10441,4155,5000,6950,6597,7859,7215,9738,6827,7104,9621,6055,6886,5757,5079,6071,3673,5265,6807,5954,3736,9961,3537,3848,6629,6012,4537,6752,6910,5981,12118,4684,6259,7368,7055,1245,5687,1061,1604,10394,9139,7576,7350,5995,6312,6126,7162,6012,6378,5879,7443,7358,4811,7059,5376,8555,11736,8286,5964,5199,8991,5584,11307,4018,6106,5238,6450,2087,4375,6051,1591,5229,4661,1641,4792,8598,2557,4683,9137,11141,5328,1061,3848,1061,5305,3616,4537,10460,5316,2067,5085,6978,4724,5610,5269,7757,7326,2085,0,10039,1046,2528,5927,5872,1002,5638,11423,9267,4525,4167,7721,10494,969,1061,5163,1115,1565,10737,2637,3982,5889,5551,5843,4446,5868,1937,6689,7342,4842,10037,2047,5647,6404,10663
9132,7535,5006,4979,8084,4391,7237,6831,6135,7220,11503,7055,8036,1822,7241,11353,0,4679,11209,10706,6009,12299,12301,11209,5348,8569,4900,12728,5417,6200,10436,6760,7591,11239,10767,3705,12540,13200,12305,9889,10648,7470,5605,12157,11127,1132,4209,6139,5957,10351,13645,4551,10996,5706,3823,6376,8511,4740,7720,11209,7453,2864,2864,11253,10436,9809,5238,9118,5978,11186,11415,5354,8320,8209,6603,3795,6338,9095,8739,5070,10436,9306,10436,5513,8008,10727,5325,10436,12305,9315,12231,4957,7437,11583,9088,11135,7927,14000,7449,9120,5349,11507,13110,4689,11336,4510,10803,5358,7170,12623,6948,7831,5889,6967,4679,4957,7644,12222,7431,6311,5132,7310,5013,7099,11412,5673,7818,13450,5061,6126,7455,6831,12227,7764,5238,5195,14424,6712,8288,13772,6378,6348,13069,5880,6490,5898,5629,12131,5463,11953,5315,12223,7708,10436,11704,5755,5889,6228,4561,6931,13349,10664,5731,6348,5536,8123,5062,5192,9525,5182,6414,4463,5503,5036,6324,6915,9009,13031,6096,8770,6321,12686,6873,13190,7669,10635,11690,7907,9376,10326,13385,4506,14208,8246,5887,6527,7826,10436,13772,10436,9889,12170,13069,7303,13429,13679,6684,4969,7914,7092,7767,5001,13754,13776,10844,0,11895,9148,14006,6911,11979,10222,5588,8320,8330,9107,12305,10716,11158,10436,13276,11031,10181,2003,9408,9100,8113,6805,5418,12415,6200,12037,13116,5412,10103,7644,9433,10635,5545,1928
4857,7402,6537,8871,6456,7522,6131,6403,7822,5905,1698,6285,6408,12588,10420,1146,12070,10802,2386,1431,11659,5478,4374,2386,7664,6992,8792,4800,8881,6711,3089,7872,7454,5204,2479,7927,5719,5297,8160,5744,6503,5122,12430,5336,1870,12186,10332,8242,6441,1804,7491,14965,1991,12532,14734,11871,5586,10863,6100,2386,5516,14757,14757,1417,1904,5664,8342,5985,6420,1838,7270,8206,5465,6494,12098,7665,5163,4009,5835,8962,1904,3583,1904,6230,7106,1452,8669,1904,8160,3662,5675,6532,7154,4448,3752,1060,7119,3498,7055,3746,6617,7362,6289,7893,899,7714,3288,7060,5288,5803,10328,6485,8741,8022,10802,6532,10880,4782,6870,7615,7036,8298,6539,10177,7267,9157,7718,6226,8421,7291,5518,6403,4299,6417,8342,6393,3616,9564,5071,4029,8163,7546,5141,8351,8445,7516,12557,5311,6698,7808,8590,1214,7785,1904,1497,10833,8741,7869,8013,6434,6483,6519,9253,7546,7912,7031,8977,6413,5250,7499,6910,10586,12175,6971,6403,6733,9431,6210,11746,5397,8060,5865,6445,2268,6322,6490,1470,7099,5101,2501,5528,10629,2738,6531,8739,11580,6479,1904,4029,1904,5744,4243,5141,10899,5358,2248,6620,7798,6258,6049,6420,7336,6510,2265,860,12070,0,4063,6108,7407,971,6077,12266,10110,5676,5318,8160,10933,1860,1904,5204,2102,2717,12768,3788,4825,7041,6394,6686,4487,6711,1817,6253,8877,5685,10880,3460,6490,7247,12694
5308,4301,5954,7074,3866,5946,6582,6853,4871,6355,3934,6736,3817,8561,10870,3382,8042,6774,3305,2833,8712,6603,5712,3305,6601,4598,6996,6138,7512,4996,3283,4710,4863,2613,2863,6351,6843,6611,8611,6195,6953,5573,9677,6460,3464,8159,6304,4872,6147,1652,7379,12100,2037,9778,9358,8924,2996,6836,3150,3305,6107,9892,9892,3653,2564,6114,5508,3395,6125,2307,7721,6607,2752,3347,9151,6090,5613,227,2688,7165,2564,315,2564,5928,4516,2854,5836,2564,8611,448,3816,5293,4204,3730,124,3296,4529,4819,4465,42,6602,7812,7414,6294,3377,6115,4248,6611,5824,6927,8201,3894,7142,4652,6774,5293,8897,6834,4279,4953,6385,7664,5218,8352,7717,5805,7360,7753,5587,4458,6109,6853,5637,3827,5508,5383,5243,7965,2238,7182,5330,4713,6479,5517,5611,4682,9701,6435,6716,8258,5756,2979,5195,2564,3733,7886,7142,5580,5353,6884,7652,6969,5863,4713,5079,4441,7157,5362,5700,6435,3960,6558,9229,6289,6108,3783,9881,7595,8799,2807,4690,6989,6895,4009,3732,6941,3706,4508,5551,1233,7689,6602,5028,3384,7140,8633,3889,2564,7182,2564,6195,5581,6479,8556,6696,4484,3669,6222,3344,5746,3830,5760,7790,4502,2342,8042,3422,0,8309,4444,3995,6528,9319,10561,3086,2728,8611,9576,2200,2564,6542,3127,1223,8741,362,5275,4451,5459,6671,5825,4996,4053,7420,7507,6136,8897,514,6941,6798,8666
7416,10550,8124,13339,9277,8348,6312,5906,11121,8464,4284,6131,9229,11032,7554,4785,14307,13039,4636,4854,8793,2626,1486,4636,8117,9527,13261,2056,13777,9270,4708,10959,9954,9551,4194,9076,2121,1081,5294,5162,6538,7681,9564,2257,4456,14424,12569,11073,8050,6185,3560,9690,6520,9666,11829,9005,9503,13101,9399,4636,8075,17123,17123,4669,5176,6164,11801,9902,8071,5926,4404,8230,9382,9888,9231,9452,7721,6845,8357,13430,5176,7056,5176,8366,9542,4833,12128,5176,5294,7065,8451,10320,10453,7288,6838,5058,9620,2710,9517,6867,8204,4496,2840,8345,5227,8166,4132,7451,7846,2299,7462,9024,8614,10901,13039,10320,8014,1834,10446,9981,7488,8750,10246,7311,4400,14033,7194,948,11880,10750,8077,5906,1456,8895,11801,8529,2783,8026,7907,1816,11456,10839,814,14240,11737,11032,9691,2458,7150,4941,13675,5592,11451,5176,5177,7967,8614,8321,10379,6006,1205,6600,14091,10839,11371,9851,13422,8549,7809,7951,10209,12823,9309,7958,8417,10033,6564,1601,8880,8388,10939,2361,5948,3794,8746,6525,4508,9599,7659,6679,627,12867,3006,9925,7552,8714,8835,5176,1816,5176,5162,2409,814,8033,2407,3774,9919,8273,9593,8608,8776,7997,1231,3458,5564,14307,5320,6898,0,10706,5349,6112,9399,7244,9593,8726,5294,8067,6338,5176,681,4688,6603,11212,7290,7384,9861,8953,8273,2114,9270,4658,852,13772,6114,8014,6457,6525,7638,11138
7093,1641,5119,2742,1984,5111,8238,8616,854,5039,6838,8392,1936,6869,7659,6794,6350,2272,6509,6041,7878,9066,8175,6509,5766,2226,2663,8602,1816,4162,6870,1232,1641,2653,6066,5516,9306,9074,10266,7850,8609,5319,8649,8923,6463,6467,3245,806,5312,5014,9842,10408,5449,8944,7666,8089,2411,2257,1151,6509,5272,8200,8200,6588,5771,7770,2213,2718,5290,5515,9376,5772,2220,1331,8316,5255,5895,3596,2151,2833,5771,3808,5771,5093,1908,6062,1969,5771,10266,3816,4750,4458,477,5494,3590,6470,1944,8022,1466,3618,5767,9468,9877,5460,6671,5280,6712,5776,4989,9390,7366,1731,6307,1174,2272,4458,8062,8989,1331,4119,5550,6829,4383,7517,9373,1808,6525,10216,2291,2369,5274,8616,8100,1664,2213,4548,8447,7130,2520,9645,1299,972,8943,1456,1615,2116,8867,8898,5881,9914,1922,6094,1724,5771,7145,7051,6307,4745,4519,8540,10115,8672,1866,972,1753,2175,2277,4527,7486,5601,607,2856,8394,5454,5273,411,11537,9798,7964,2229,1212,9452,8671,7213,1569,8597,7101,1923,7337,4835,10152,2800,8231,1368,6305,7798,1726,5771,9645,5771,7850,8044,8943,7721,9159,7702,584,5387,1707,4912,1667,4925,10520,7799,5549,6350,6833,3650,10773,0,6337,8183,8484,7845,2230,2566,10266,8741,5611,5771,9005,6331,4634,7049,3862,7061,2185,4624,5836,8288,4162,7447,9883,1811,8064,8062,3935,8597,5963,6975
4997,6960,6677,8580,6119,7662,6272,6543,7531,6045,1838,6426,6071,11925,10560,1286,11406,8682,2526,1572,11799,5618,4514,2526,7805,6655,8502,4941,8591,6852,3229,7369,6828,4867,2619,8067,5859,5124,8300,5884,6643,5263,12570,5476,2010,11523,9668,7484,6581,2563,7631,15105,1288,12672,12722,12011,5249,8497,5809,2526,5656,14897,14897,1557,2044,5804,8051,5648,6560,1333,7410,8323,5128,5890,12238,7806,5303,3802,5231,8671,2044,3246,2044,6370,6769,1592,8378,2044,8300,3325,4661,8657,6863,3477,3415,1200,6494,3638,6390,3409,6757,7502,6429,8010,1039,7831,3429,7201,5428,5943,10468,6148,8302,7311,8682,8657,11021,4922,6244,8317,7176,8438,8582,10317,7407,8348,7858,6052,8130,7000,5658,6543,4439,6080,8051,6533,3033,11032,4780,3856,7872,7255,5574,8060,8154,7225,12697,5451,6838,7948,8299,244,7448,2044,991,10973,8302,8009,8153,6574,6310,6706,8406,7255,7622,6694,8687,6553,5390,7639,6619,9923,12315,7111,6543,6443,9571,6705,11886,5262,7350,6005,6585,2408,5985,6631,893,6473,5241,3265,5668,9966,2297,5927,8856,11720,5709,2044,3856,2044,5884,4383,5574,11039,5498,2388,6329,7938,5968,6189,5650,7476,6336,2406,1000,11406,473,3655,5934,7116,0,6217,12406,10250,5339,4981,8300,11073,992,2044,5344,2242,2380,12105,3451,4965,6704,6535,6826,4628,6852,1239,6393,8586,5825,11021,3123,6631,7388,12030
1011,8565,2432,7639,9183,3417,267,646,8066,1801,5489,421,9135,6017,4289,5197,8849,7741,5344,4550,5528,3761,4110,5344,3101,9426,7561,4537,7650,2960,4280,8974,9383,8110,4902,3822,4002,5009,2765,1650,639,1602,6299,3619,4971,8965,8673,8236,2337,5098,5107,6425,5506,6401,6814,5740,8492,7556,7497,5344,2131,12432,12432,5097,4280,1569,7110,8891,2315,5030,1825,3643,8249,7987,5966,3561,1058,5834,8135,7730,4280,6046,4280,2126,9107,4570,7438,4280,2765,6055,9987,2428,8337,9339,5828,4979,9518,5809,9100,5856,2513,1917,4572,3330,5179,3151,4787,2436,1903,4086,3995,8930,3599,8916,7741,2428,4622,3993,8530,2719,2473,3735,2435,4046,1822,8628,3155,4912,7189,6060,2134,646,4036,8863,7110,2288,6233,5001,6605,5581,8153,7536,4878,8341,8435,6341,6426,3594,2135,2363,7359,6067,9466,4280,5548,4702,3599,3306,3148,570,4811,701,8687,7536,6681,9750,7746,2309,1146,2936,7513,8928,6044,2942,2298,8014,3172,4493,5615,8213,8418,4148,700,4999,8768,626,5534,9498,507,5958,4848,7698,6018,8024,4176,5449,8925,4280,5581,4280,1650,3979,4878,4350,5094,5488,7783,3258,7691,1945,8866,3232,5216,5585,4688,8849,5739,5888,5468,8002,5823,0,6134,3852,8583,8551,2765,4675,5371,4280,4941,5413,5516,6197,6279,1209,9760,2290,2582,4224,2960,5881,4579,7645,85,4622,5480,626,2623,6123
6147,9153,4448,8159,9574,4048,5477,5071,8585,5460,10466,5296,9526,4250,3660,10333,6917,8260,10321,9686,1453,7757,8472,10321,3409,9825,8080,8922,8169,6111,9416,9562,9971,9963,9879,4776,7998,9334,6849,7824,6905,6738,165,7615,10638,4935,9144,8755,4960,10472,9103,2862,11508,267,4014,581,10345,8076,8017,10321,6509,4036,4036,10851,9416,7744,7630,10744,4982,10166,5537,3888,10224,8506,1077,5272,6102,10093,8655,8250,9416,10305,9416,5277,9626,9707,7957,9416,6849,10313,11165,4625,9056,12490,10086,10115,9917,10786,9619,10115,4353,5629,8568,3532,10316,3866,9764,4163,6280,8082,2079,9322,2911,9504,8260,4625,1203,7680,9049,5338,4136,2775,4681,2230,5533,9148,3284,8908,7708,6579,6511,5071,8398,9382,7630,4863,11210,1843,9017,10558,8673,8012,9289,8860,8954,6860,258,7589,4268,6411,7878,11074,10054,9416,10684,1522,2911,5232,4929,5172,8807,6920,9206,8012,7200,10149,8265,4859,6240,3575,8032,9398,154,4040,5328,8533,2665,8489,1665,8733,8937,8144,5113,9976,9043,6892,10670,9897,6132,11094,8844,8217,10995,8543,2932,727,9133,9416,10558,9416,7824,8956,9289,1605,8887,10466,8302,3973,8211,5374,9074,4005,9212,10562,9824,6917,10875,10146,9464,8522,10831,5717,0,2425,10435,9070,6849,1396,10507,9416,8734,10143,10889,4162,10365,6345,10159,5715,4422,9155,6111,11501,8575,8164,5696,1203,10616,6892,4350,4120
3920,8301,2899,7307,8850,3196,3251,2845,7733,3325,8239,3069,8802,5880,1691,8107,7037,7409,8095,7459,2884,5531,6246,8095,1952,9093,7228,6695,7317,3976,7190,8710,9119,9111,7653,3924,5771,7107,4623,5598,4678,4512,2704,5388,7881,7154,8341,7904,2825,8245,6877,3780,9281,2805,5287,3096,9493,7224,7165,8095,4429,5310,5310,8006,7190,5518,6778,9892,2847,7939,3311,1930,9372,7654,2741,4420,3968,8744,7803,7398,7190,8956,7190,3142,8727,7480,7105,7190,4623,8964,11003,3773,8204,10355,8737,7888,9186,8559,8719,8766,2980,3402,6342,2680,8089,3014,7538,2227,4146,5855,600,8598,1455,8652,7409,3773,1021,5762,8197,3735,2264,1319,3829,751,3307,8296,1347,6682,6857,5727,4431,2845,6172,8530,6778,3304,8984,991,8165,8331,7821,7160,7036,8008,8103,6009,2728,5363,2331,4185,7026,8976,9202,7190,8458,2058,1455,3097,4077,2945,6581,4741,8354,7160,6348,9417,7413,3325,4014,2118,7181,7992,2660,3188,3193,7681,1038,6263,2971,7881,8086,5918,2887,7750,8191,4666,8444,9165,3906,8867,6617,7365,8768,7691,1476,2805,8281,7190,8331,7190,5598,6769,7036,493,6661,8239,7451,3121,7359,3239,8222,3153,6986,8336,7597,7037,8649,8797,7238,7670,8733,3491,2687,0,9584,8218,4623,1129,8281,7190,6508,7917,8663,6060,9189,4119,9427,3580,3049,6928,3976,9275,6348,7313,3576,1021,8390,4666,2414,5986
8123,1784,6149,3753,1119,6141,9267,9646,2867,6069,5995,9422,1071,9422,8689,5443,8903,4159,5739,5267,8907,8889,7998,5739,6796,1408,3675,8424,3703,5191,5717,2497,1836,732,5297,6546,9129,8837,11296,8880,9639,6349,9678,8746,6020,9020,5057,2659,6342,3664,9665,12696,4098,9973,12464,9119,675,3670,1804,5739,6302,12487,12487,5714,4997,8800,3224,982,6320,4238,10406,6802,337,1055,9346,6285,6925,2822,1471,3844,4997,3034,4997,6123,1424,5288,3856,4997,11296,3043,3014,5488,1991,3758,2816,5357,1501,7252,1437,2935,6797,10498,9700,6489,5438,6310,6534,6806,6019,9213,8396,867,7337,2439,4159,5488,9092,9120,1252,5148,6580,7859,5413,8547,10403,3581,7555,10039,3303,3399,6304,9646,7923,799,3224,5578,8011,8160,1665,8834,3186,2777,8765,3309,3468,3127,9896,8721,6911,10944,3809,4581,1938,4997,5794,8081,7337,5775,5548,9570,9938,9702,3719,2777,2765,1733,4164,5557,8516,6630,1747,4796,9424,6484,6303,1570,12567,9621,8994,1424,2477,9275,9700,6443,704,9627,5767,1481,8367,3744,9975,3812,7035,1245,7335,8828,861,4997,8834,4997,8880,7867,8765,8751,8982,6545,1456,6417,2360,5941,802,5955,10343,6563,4605,8903,5483,2876,10595,2231,6056,9213,9514,8875,0,1761,11296,9771,4261,4997,8828,5811,3283,9602,2978,8091,1743,5654,6866,8111,5191,6114,9706,3698,9094,9092,3161,9627,6993,9528
6861,2234,6175,5048,1099,6167,8136,8514,3317,6095,5690,8290,1050,10114,8715,5138,9596,5223,5003,4535,8933,8156,7265,5003,6822,1858,4969,7692,4153,5217,5961,2947,2286,1505,4560,6572,8397,8104,10164,7748,8507,7127,9704,8014,4956,9712,5507,3109,6367,3359,8932,12721,3794,9999,10912,9145,1887,4964,2233,5003,6327,12513,12513,5410,4265,7668,4475,2286,6346,3933,9274,6828,1766,1505,9372,6310,7167,2090,689,5138,4265,2302,4265,6149,1873,4556,4803,4265,10164,2310,2707,5513,2440,3451,2083,5052,1951,6516,1887,2112,6823,9366,8967,6515,5133,6336,5802,6832,6045,8481,8422,846,7363,2889,5223,5513,9118,8387,1702,5174,6606,7885,5439,8573,9271,4031,7581,9307,4554,3425,6330,8514,7191,620,4475,5604,7694,8186,1572,8517,3636,3680,8033,3759,3917,3649,9922,7988,6936,9812,4259,4277,2388,4265,5489,8107,7363,5801,5574,8438,9206,8570,4169,3680,4059,2183,5111,5582,7254,6656,2197,5246,9449,6510,6329,2020,11435,8888,9020,79,2927,8543,8449,5707,626,8495,5463,1931,7105,3439,9243,5106,6730,1695,7361,8854,560,4265,8517,4265,7748,7134,8033,8776,8249,6240,1906,6443,2392,5967,587,5981,9611,6258,4300,9596,5178,2144,9863,2680,5751,8081,9540,8901,1977,0,10164,9797,3956,4265,8096,4824,2979,10294,2363,6829,2193,5680,6892,7379,5217,5809,8974,4148,7689,9118,2428,8495,7019,10220
4824,10747,5198,9738,11297,5423,2854,2872,10164,4464,7068,3096,11248,8107,4757,7669,10947,9840,6924,7021,5996,3182,4300,6924,5191,11467,9659,4749,9748,6678,6752,11156,11565,10582,6481,6151,3422,5161,0,3652,3507,5089,6767,3442,7241,11064,10772,10335,5125,7807,4931,6893,7978,6870,8400,6208,10964,9655,9596,6924,5483,8422,8422,7454,6751,3572,9209,11363,5146,7501,1331,5305,10843,10085,6435,8525,3722,8306,10234,9829,6751,8517,6751,4790,11221,7042,9536,6751,0,8526,11183,7728,10650,10535,8299,7450,11559,7388,11214,8327,5279,1423,3993,5420,7651,5241,6366,4526,5254,3506,4591,11044,4758,11098,9840,7728,5218,3508,10628,7389,4563,5310,7654,4514,1604,10727,4398,4736,9288,8158,5485,2872,4226,10976,9209,4952,7813,5229,9076,7160,10252,9591,5117,10286,10534,8440,6894,3417,4225,1208,9457,8538,11648,6751,8020,5170,4758,5396,7787,2972,4635,3570,10785,9591,8779,11791,9844,7797,3809,5026,9612,11026,6513,5032,4962,10112,3768,3914,6083,10312,10517,3568,2914,6579,10882,3495,8006,11539,3634,8429,4671,9796,7597,10122,4756,5917,11039,6751,7160,6751,3652,5559,5117,4946,4715,7068,10116,5348,9790,4608,10980,5072,4772,7164,7159,10947,8210,8359,5292,10101,8295,2765,6603,4447,11054,10649,0,5270,7843,6751,4562,6745,8225,8287,8751,4792,11801,4954,5348,4982,6678,8104,4402,9744,2676,5218,7951,3495,4713,8213
4868,9284,4579,8290,9833,4179,4198,3792,8716,5591,9187,4017,9785,4781,2944,9054,8020,8392,9042,8407,1938,6478,7193,9042,3540,10076,8211,7643,8300,6242,8137,9693,10102,10094,8600,4907,6719,8055,5570,6545,5626,5459,1261,6336,9359,5466,10030,8887,5091,9193,7824,3393,10229,1363,4545,1688,10476,8207,8148,9042,5947,4567,4567,8954,8137,6465,7761,10875,5113,8887,4258,4019,10355,8637,1299,5283,4915,9691,8786,8381,8137,9903,8137,5408,9757,8428,8088,8137,5570,9912,13269,4756,9187,12621,9685,8836,10169,9507,9750,9713,4484,4350,7289,3663,9037,3997,8485,3480,5719,6803,1853,9581,3042,9635,8392,4756,469,6709,9180,5469,4267,2906,4812,2004,4254,9279,2600,7629,7840,6710,5949,3792,7119,9513,7761,4994,9931,1974,9148,9279,8804,8187,7984,8991,9086,6992,1286,6310,3585,5132,8009,9795,10185,8137,9405,2488,3042,5363,5060,3893,7528,5688,9337,8187,7331,10400,8396,4991,4961,3706,8164,10285,1217,4171,5459,8664,1736,7210,1886,8864,9069,6865,3834,8697,9418,5613,9391,10148,4853,9815,7565,8348,9716,8674,3063,1823,9575,8137,9279,8137,6545,7716,7984,819,7608,9187,8434,4104,8342,5505,9516,4136,7933,9283,8545,8020,9596,9745,8185,8653,9552,4438,1245,1573,10567,9201,5570,0,9228,8137,7455,8864,9610,4693,10136,5066,10410,5846,4553,7876,6242,10222,7296,8296,4523,469,9337,5613,3667,4651
4725,5617,6405,7421,4960,8066,5999,6271,6372,5773,2098,6153,4912,10681,10288,1547,10162,7523,2292,1832,11527,6582,4639,2292,7532,5496,7343,5066,7432,7117,2957,6211,5669,3708,2384,8471,6823,5698,8028,5612,6371,4990,12298,6440,2271,10279,8424,6325,6309,1176,7358,14220,296,12400,11478,11739,4090,7338,4650,2292,5384,12012,12012,1818,2304,5532,6892,4489,6288,342,7138,8727,3969,4731,11965,8210,5030,2643,4072,7512,2304,2087,2304,6098,5611,1853,7220,2304,8028,2166,4179,7413,5704,3138,2256,1460,5335,3899,5232,2250,6485,7230,7393,8415,1542,8235,3194,6928,5155,6907,10196,4739,9263,6153,7523,7413,10748,5048,5085,7074,6904,9784,7338,10045,7134,7189,7586,6626,6971,5842,5386,6271,4565,4921,6892,7503,4016,10085,3622,4430,6714,6096,5407,6901,6995,6066,12425,6415,6566,7675,7140,779,5772,2304,1898,10701,9263,7700,7880,6302,6884,6386,7247,6096,6463,5535,7528,7482,5118,7366,5461,8679,12043,8409,6271,5284,9298,7314,11614,4103,6191,6969,6312,2669,4826,6358,1871,5314,4968,2106,5794,8722,3139,4768,9260,11448,4550,2304,4430,2304,5612,4508,5407,10767,5623,2649,5170,8343,4809,5917,4491,7881,6910,2666,969,10162,1586,2497,6509,5957,1023,5945,12133,9978,4180,3823,8028,10801,0,2304,5470,2502,1221,10861,2292,4693,5545,6262,6554,4753,7117,2217,7400,7427,5553,10748,1964,6358,7115,10787
3253,5370,4932,9497,4744,7003,4527,4905,6125,4301,1832,4681,4696,9233,8816,1682,9569,9198,1507,1035,10055,5110,3319,1507,6121,4995,9419,3902,9935,5107,1485,5963,5422,4735,1064,7408,5351,4196,6556,4140,4898,3518,10826,4968,1457,9685,8727,6077,4837,1831,5886,13361,1992,10928,10031,10266,5118,9259,4403,1507,3912,13152,13152,1582,0,4059,6645,5517,4815,1515,5666,7664,4997,4484,10493,7147,3558,2312,3825,9588,0,2524,0,4626,5010,1056,6972,0,6556,2533,5207,6350,5457,4559,2306,1464,5087,3020,4984,2334,5013,5757,5921,7351,1665,7172,1865,5456,3683,5435,8723,4492,6619,5905,9198,6350,9276,5033,4838,6010,5431,6755,6275,8572,5662,6941,6114,6261,6724,5594,3914,4905,3245,4362,6645,4788,3445,9288,3374,3552,6466,5849,4087,6654,6748,5819,10953,4942,5094,6203,6893,2423,5525,0,2034,9228,6619,6265,6408,4829,6160,4961,6999,5849,6215,5319,9580,4809,3646,5955,5213,8982,10571,5367,4798,5037,7826,6103,10141,3856,5943,5497,4840,2211,4213,4886,2020,5067,3496,2312,6196,9025,3229,4521,8197,9975,4303,0,3552,0,4140,3189,4087,9295,4303,2700,4923,7279,4561,4445,4244,6817,6297,2796,1173,9569,2224,2366,6817,5710,2180,4473,10661,8506,5208,4193,6556,9329,1857,0,4150,1328,2248,9414,2757,3221,5329,4790,5082,3433,5107,2366,5927,9930,4081,9276,1925,4886,5643,9339
6595,9729,7303,12518,8466,7527,5491,5085,10300,7643,4770,5310,8418,10211,6783,5272,13486,12219,3825,4113,8023,1883,839,3825,7296,8716,12440,1123,12956,8449,3897,10139,9144,8310,3383,8255,1752,801,4524,4341,5717,6860,8794,1740,4943,13603,11748,10253,7229,5374,3609,8919,7007,8896,11009,8234,8692,12280,8578,3825,7254,10448,10448,5156,4365,5343,10980,9091,7251,5115,3634,7409,8571,9068,8461,8624,6901,6034,7546,12609,4365,6246,4365,7968,8660,4051,11308,4365,4524,6254,8937,10737,9632,7775,6027,5544,8809,3196,10196,6056,7375,3725,2416,7517,5714,7337,3268,6623,7026,2207,6691,8213,6784,10081,12219,10737,7244,1186,9626,10398,6659,8209,10662,6540,3630,13213,6424,1434,11059,9930,7256,5078,809,8084,10980,8131,3270,7256,7096,2302,10635,10018,544,10758,10917,10211,8921,1715,6322,3905,12855,6079,10630,4365,5664,7196,6784,7493,9558,5178,1272,5780,13271,10018,10551,9040,12602,8151,6988,7122,9389,12003,8539,7129,7589,9212,5794,1215,8109,7577,10119,2270,5119,4281,7935,5705,4994,8789,6839,5868,357,12046,3492,9105,6782,7943,8024,4365,2302,4365,4341,1905,544,7254,187,4260,9098,7445,8772,7787,7965,7168,1718,3945,4901,13486,5807,6087,681,9885,5835,4837,8629,6474,8782,7915,4524,7297,6825,4365,0,3647,5792,10384,6479,6563,9050,8132,7445,1181,8449,5144,581,12952,4698,7244,5646,5705,6810,10309
3982,6412,5662,10226,5602,6647,4948,5910,6982,5030,1392,5102,5554,9963,9545,1387,10298,9927,282,1209,10784,3938,2834,282,6789,5853,10148,3416,8042,5836,1453,6821,6280,5446,399,7052,4179,3673,7285,4869,5320,4247,11555,3796,1058,10415,9456,6935,5566,2511,6616,14090,2683,11657,13859,10996,5828,9988,5261,282,4641,13881,13881,1271,1461,4789,7503,6227,5545,2210,6395,6902,5585,5341,11222,6790,4287,3170,4683,10317,1461,3382,1461,5355,5796,1147,7830,1461,7285,3390,6000,5657,6315,5239,3163,1659,5945,2535,5842,3192,5742,6487,4749,7018,1829,6839,1388,6185,4412,4263,9453,5350,7287,6763,9927,5657,10005,3242,5696,6740,6161,7423,5664,9302,6391,10921,9185,5141,7581,6452,4643,5910,2759,5220,7503,5518,2959,10017,4232,3066,7324,6707,3601,7447,7606,6677,11682,3771,5823,6940,7751,2588,6382,1461,1738,9958,7287,6994,7137,5251,4946,5382,7857,6707,7073,6177,8138,5538,4375,6623,6071,9711,11300,6096,5528,5894,8555,4670,10871,4713,6801,4325,5952,1725,5071,5307,2156,5925,4225,3004,3988,9754,2743,5378,7864,10705,5160,1461,3066,1461,4869,2703,3601,10024,3818,1032,5780,6923,5419,5174,5101,6461,5425,2311,1675,10298,2389,3224,5023,6568,2344,4894,11390,9235,5919,5051,7285,10058,2548,1461,3664,0,2928,10143,3615,3950,6187,5519,5811,2947,5836,2427,4713,8038,4810,10005,2782,5307,6372,10068
5007,5129,7097,6792,4264,7089,5973,6352,5953,6055,3057,6127,4216,9704,10570,2505,9185,6967,2780,2791,9855,7746,5074,2780,7744,4519,6713,5501,6558,6140,3239,5538,4981,2731,2819,7494,7986,5913,8310,5894,6345,5272,10627,7603,3242,9302,7447,5700,6591,726,8522,13243,1161,10922,10501,10067,3113,6708,3977,2780,5666,11035,11035,2777,2520,5814,6219,3512,6570,1300,7420,7750,2869,4021,10294,7233,5313,1666,3362,6882,2520,1110,2520,6380,4497,2812,6547,2520,8310,1189,3228,6436,5032,2467,1279,2419,4646,4857,4543,1273,7429,7512,8557,7437,2500,7258,3620,7754,5438,8070,9344,4012,8285,5480,6967,6436,10040,7977,4397,6096,7528,8807,6361,9495,7417,6516,10211,8896,6298,5169,5668,6352,5000,3944,6219,6526,4975,9108,2644,5389,6041,5424,5866,6164,6322,5393,10845,7578,6848,7965,6468,1975,5083,2520,2856,9029,8285,6723,6497,6276,8796,6407,6574,5424,5803,4558,6855,6505,5400,7579,4788,7702,10372,7432,6553,4611,9581,8478,9942,2924,5518,8132,6595,3628,3849,6332,2812,4626,5251,1129,6228,7745,4097,4058,8283,9776,4006,2520,5389,2520,5894,4943,5866,9699,6058,3607,4497,7365,4136,6880,3947,6903,9200,3625,1667,9185,2545,1519,9453,5272,3101,5919,10462,10260,3203,2845,8310,10719,1323,2520,5905,2873,0,9884,1315,4975,4568,6593,7498,5188,6140,3159,8563,6553,5835,10040,987,6332,7941,9809
6253,7735,3758,5089,8194,3143,5988,5583,6245,4448,11610,5807,8146,270,5992,11460,3350,4789,11316,10813,4130,12406,9598,11316,4100,8437,5010,10025,5527,6307,10543,7012,7701,9046,10874,2456,12646,10437,8414,9996,7333,5465,4261,12264,11234,1256,4319,6249,4708,10461,13752,2672,11106,4362,1064,4497,9429,4850,7100,11316,5496,263,263,11360,10543,9916,5348,9828,4730,11530,7102,4106,9308,7590,4241,2547,5090,9205,7739,5180,10543,9416,10543,4264,7939,10833,5435,10543,8414,9425,12666,3709,7547,11905,9198,11242,8037,11297,7559,9230,4100,7194,13217,3441,11443,3261,10910,4110,5268,12730,5700,7941,4641,6984,4789,3709,6395,12329,7541,4421,3883,5163,3765,5851,7098,5783,5671,13557,5171,6236,5499,5583,9524,7874,5348,3947,11721,5463,8398,11069,6488,6458,10391,5990,6600,6008,4285,12238,4214,7976,5425,12201,7818,10543,11811,3876,4641,4980,3358,5683,13456,7395,5841,6458,5646,8233,5172,3943,4994,3934,6524,4573,4160,3788,5076,7025,6862,13138,4217,7816,6431,12793,5624,10487,7779,7320,11797,8017,6238,10436,13492,4616,11506,7627,4639,4648,7936,10543,11069,10543,9996,9467,10391,6054,10582,10977,6794,3721,7294,4362,7877,3753,13861,11073,10951,3350,12002,9258,14113,7021,11958,6228,4245,6106,9519,8154,8414,7074,11268,10543,10429,11208,10291,0,9518,6451,8223,4703,4169,9712,6307,12144,13223,5522,6241,6395,9543,7320,4297,348
5910,4283,6556,5946,3474,6548,6876,7255,5108,6958,3862,7030,3426,9163,11473,3310,8644,7377,3126,2654,9315,7205,6314,3126,7204,3724,5868,6741,5713,5599,3104,4693,4151,2542,2684,6953,7445,7153,9213,6797,7248,6175,10086,7062,3259,8761,6906,4855,6892,1303,7981,12702,1966,10381,9960,9526,2924,5863,3132,3126,6569,10494,10494,3582,2385,6717,5374,3323,6871,1958,8323,7209,2680,3213,9753,6692,6215,361,2554,6037,2385,201,2385,6531,3668,2675,5701,2385,9213,332,3744,5895,4186,3658,421,3224,3817,4640,3714,611,7204,8415,8016,6897,3306,6717,3485,7213,6417,7529,8803,3221,7745,4635,7377,5895,9499,7436,3567,5556,6987,8266,5820,8954,8319,5671,7962,8356,5453,4324,6571,7255,6240,3755,5374,5985,5064,8567,2104,5171,5196,4578,7106,5319,5477,4548,10304,7037,7318,8868,5622,2907,4254,2385,3662,8488,7745,6182,5956,7178,8255,7310,5729,4578,4958,4369,6010,5964,6303,7038,3943,7161,9831,6891,7456,3766,10483,7937,9401,2735,4673,7592,7497,3830,2942,7235,3635,3796,6153,766,8291,7204,4848,3250,7742,9236,3032,2385,5171,2385,6797,6183,7106,9158,7298,4412,3652,6825,3291,6340,2973,6363,8660,4430,1993,8644,3350,635,8912,4426,3924,6822,9921,11163,3015,2657,9213,10178,2128,2385,7144,2948,1151,9343,0,5878,4379,6052,7273,6428,5599,3981,8022,5708,6738,9499,153,7235,7400,9269
857,7411,2537,6485,8029,3522,1823,2403,6912,1905,4475,2007,7981,7359,4725,4325,7695,6609,4105,3678,5964,5393,5395,4105,3664,8272,6407,6001,6496,2701,3408,7820,8229,7238,3663,3927,5634,6234,5399,2984,2195,839,6735,5251,4099,7811,7520,7082,2441,4227,7651,11487,4635,7354,8157,6176,7621,6402,6343,4105,1232,11278,11278,4225,3408,2903,5956,8020,2420,4158,4509,4183,7377,6833,6402,3665,739,4962,6183,6576,3408,5174,3408,2230,7953,3699,6284,3408,5399,5183,7715,2532,7314,6955,4956,4107,8364,5619,7946,4984,2617,4601,6204,3870,4308,3691,3775,3060,1004,5718,4633,7776,4718,7762,6609,2532,5185,5316,7376,4137,3036,4298,2539,4481,4506,7474,3718,6544,6035,4906,1234,2403,5321,7709,5956,2393,6043,5540,5733,6866,6999,6382,6187,7123,7281,5187,7277,5225,2698,5054,6205,5195,8312,3408,4677,5138,4718,3869,3252,2503,6443,2257,7533,6382,5527,8596,6592,2413,1250,3498,6359,7171,6480,2971,2403,6860,3735,6125,6051,6214,7264,5780,2444,4809,7614,2182,4663,8344,1100,5086,6480,6544,5827,6870,4716,5885,7771,3408,6866,3408,2984,5264,6187,6131,6523,5298,6629,3798,6537,2049,7712,3336,6848,5395,3816,7695,4867,5016,7100,6856,4951,1774,6570,4415,7711,6552,5399,5238,4500,3408,6370,3927,4644,7540,5407,0,8606,1777,2686,5509,2701,5009,6211,6491,1685,5185,4608,2182,3247,7465
8587,2032,6613,3681,1070,6605,9732,10110,1993,6524,6651,9886,1118,7516,9153,6502,6997,3257,6322,5854,9372,9469,8578,6322,7261,641,3602,9184,2829,5656,6304,1389,981,2369,5880,7010,9709,9417,11760,9345,10103,6813,10143,9326,6276,7114,3659,1785,6949,4673,10245,11055,5262,10438,8313,9583,2127,3270,2376,6322,6757,8847,8847,6401,5585,9264,3167,1270,6928,5328,10870,7266,1936,1627,9810,6749,8893,3410,2001,3496,5585,3621,5585,6588,649,5875,2981,5585,11760,3630,4466,5952,1935,5210,3403,6284,593,7836,927,3432,6945,10962,10280,6954,6484,6774,7115,7270,6474,9793,8860,1148,7802,1565,3257,5952,9556,9392,1824,5613,7044,8323,5877,9011,10867,2183,8019,10619,3294,3863,6759,10110,8504,1379,3167,6042,8260,8624,2250,8367,2312,2910,9370,2446,2552,3700,10361,9301,7375,11416,2935,5907,1328,5585,6853,8545,7802,6239,6013,10034,10519,10166,2278,2910,3338,10,3290,6021,8980,7095,2319,3398,9888,6948,6614,2051,13031,10201,9458,2004,1603,9855,10490,7026,1285,10091,6839,573,8831,4649,10555,4164,8045,1818,7799,9292,1442,5585,8367,5585,9345,8447,9370,9215,9562,7516,2029,6882,2933,6397,1383,6419,10923,7612,5992,6997,6647,3463,11176,2013,6151,9677,9978,9267,1609,2342,11760,10235,5425,5585,9408,6144,4447,7696,3675,8555,0,6109,7014,8692,5656,7186,10286,2824,9558,9556,3748,10091,7457,7621
1916,5824,953,4898,6442,1938,2625,2949,5325,585,6239,2779,6394,4282,3359,6089,5432,4972,5869,5442,4704,7200,7202,5869,2142,6684,4820,7629,4909,549,5172,6233,6642,6702,5427,2343,7441,8041,7207,3583,2996,989,5669,7058,5863,5549,5932,5495,857,5991,8546,5601,6635,5770,5080,4916,7084,4815,4756,5869,971,6493,6493,5989,5172,3502,4369,7484,836,6159,6317,2599,6678,5246,5143,2081,1441,6726,5394,4989,5172,6938,5172,1301,6366,5463,4697,5172,7207,6947,9275,1365,5604,8514,6720,5871,6777,7382,6359,6748,1033,6408,8011,2371,6072,2191,5539,1477,689,7525,3484,6189,3134,6175,4972,1365,5077,7432,5789,1415,1513,3656,1421,3116,6313,5887,2225,8351,4448,3319,973,2949,7128,6122,4369,1014,7807,3957,5757,8673,5412,4795,7995,5535,5694,3600,5693,7033,1581,6862,4617,6959,6725,5172,6440,3878,3134,2346,1669,3050,8250,3059,5945,4795,3940,7009,5005,1599,1345,1976,4772,6187,5220,1387,819,5273,4149,7933,4791,5472,5677,7587,2991,6573,6027,2984,6427,6757,1902,6850,8287,4957,7591,5283,3132,4625,6184,5172,8673,5172,3583,7072,7995,3839,8186,7062,5042,2214,4950,457,6125,1752,8655,7159,5580,5432,6631,6780,8907,5269,6715,2575,5311,3473,6688,5810,7207,5270,6500,5172,8033,5691,6408,4463,7171,2101,7019,0,1102,7316,549,6773,8018,4904,2486,5077,6372,2984,1663,4388
2009,5879,466,4953,6497,1993,2717,2538,5380,892,6331,2762,6449,4337,2948,6182,5487,5077,5961,5534,4187,7250,7252,5961,1730,6740,4875,7678,4964,1542,5265,6288,6697,6757,5519,2398,7490,8091,5370,3675,3089,1909,5342,7107,5956,5604,5988,5550,392,6320,9507,5084,6728,5443,5135,4399,7139,4870,4811,5961,1940,6548,6548,6081,5265,3595,4424,7539,413,6251,6366,2272,6896,5301,4625,2136,1533,6819,5449,5044,5265,7030,5265,708,6421,5555,4752,5265,5370,7039,8569,1010,5659,7921,6812,5963,6832,7475,6414,6841,546,6457,8061,1959,6164,1780,5631,1065,1712,7574,3072,6244,2807,6230,5077,1010,4750,7481,5844,1301,1102,2364,1017,2705,6362,5942,1814,8400,4503,3374,1942,2538,7177,6177,4424,871,7899,3630,5812,8722,5467,4850,8044,5590,5749,3655,5366,7082,1170,4931,4672,7051,6780,5265,6533,3361,2807,663,1724,2638,8299,3151,6000,4850,3995,7064,5060,891,1437,1565,4827,5348,4703,891,759,5328,3737,7982,4274,5527,5732,7636,2580,6665,6082,3076,6519,6812,1994,6942,8336,5012,7684,5338,2805,4108,6239,5265,8722,5265,3675,7121,8044,3427,8236,7155,5097,2269,5005,806,6180,887,8704,7251,5672,5487,6724,6872,8956,5324,6808,2663,4793,3062,7230,5865,5370,4943,6593,5265,8082,5783,6738,4518,7264,2194,7074,1147,0,7365,1542,6866,8067,4959,2579,4750,6464,3076,1252,4443
5976,9110,6676,11899,9303,6900,4864,4459,9681,7024,3341,4683,9255,9584,7246,3843,12867,11600,3197,3484,8485,2346,798,3197,6669,9553,11821,75,12337,7830,3268,9520,9980,7681,2754,7628,2586,528,4987,3722,5098,6241,9256,2203,3514,12984,11129,9634,6602,4746,5204,9382,4963,9359,10382,8697,8063,11661,7959,3197,6635,15683,15683,3727,3736,4724,10361,8462,6624,4486,4096,6782,7820,8449,8924,8005,6282,5405,8383,11990,3736,5617,3736,7349,9497,3422,10688,3736,4987,5625,8704,8881,9013,7429,5398,4115,9646,2850,9543,5427,6756,4188,3157,6898,4285,6718,2693,6004,6407,2670,7154,9050,7166,9462,11600,8881,7707,1649,8991,8541,6040,7302,8806,7003,4093,12594,6887,2817,10440,9311,6637,4459,853,8921,10361,7512,2924,7718,7933,1956,10016,9399,693,10139,10298,9592,9384,2178,5703,4368,10609,5145,10011,3736,4194,7659,7166,6874,8939,4559,2042,5114,12652,9399,9932,9877,11983,7532,6369,6503,8770,11384,9002,6510,6970,8593,6257,1985,8572,8414,9500,2732,4500,2852,8772,5086,4227,9625,6220,5239,1127,11427,3146,8486,7744,8406,8861,3736,1956,3736,3722,564,693,7717,1516,3341,8479,6826,8153,7168,8802,6549,3101,3437,4272,12867,4845,5459,1451,9266,4901,4672,9092,6937,8154,8752,4987,7759,4828,3736,1181,3018,5163,9765,5850,5944,9887,7513,6825,0,7830,4376,1351,12332,4553,7707,5017,5086,6191,9690
3567,5168,1401,4242,5786,2386,3073,3397,4669,1033,5937,3227,5737,5505,3807,5788,5639,4365,5567,5140,5237,6733,6735,5567,2590,6028,4164,7162,4253,0,4871,5577,5986,6046,5125,2791,6974,7574,6740,4324,3444,1072,6008,6591,5562,5755,5276,4839,1305,5689,8079,6133,6097,6303,6303,5448,6428,4159,4100,5567,1054,9222,9222,5687,4871,4243,3713,6827,1284,5620,5850,3131,6185,4590,5675,2529,1889,6425,4738,4333,4871,6636,4871,1749,5710,5161,4040,4871,6740,6645,8997,1283,5071,8236,6418,5569,6121,7081,5703,6447,1481,5941,7544,2819,5770,2639,5237,1924,772,7058,3932,5533,3666,5519,4365,1283,5610,6965,5133,1471,1961,4188,1290,3564,5846,5231,2673,7884,3792,2662,1056,3397,6661,5465,3713,1070,7505,4489,7195,8206,4756,4139,7528,4879,5038,2944,6226,6566,2029,6395,3961,6657,6069,4871,6139,4410,3666,2794,2117,3498,7783,3507,5289,4139,3284,6352,4349,1079,1793,2424,4116,4637,5753,1835,1267,4617,4596,7465,5323,4816,5021,7120,3439,6271,5371,3432,6125,6101,2350,6548,7820,4301,7290,4627,3664,5157,5528,4871,8206,4871,4324,6604,7528,4287,7864,6487,4386,2662,4294,905,5469,2200,8188,6857,5278,5639,6330,6478,8440,4613,6414,3018,5843,3921,6032,5154,6740,5802,5962,4871,7710,5535,6107,5685,6870,1573,6362,560,1550,6849,0,6472,7551,4248,2934,5610,6070,3432,2111,5611
4847,7241,6527,8861,6500,7512,5813,6393,7811,5895,1649,5967,6452,10828,10410,499,11163,8935,2414,1383,11649,5430,4325,2414,7654,7036,8782,4752,8871,6701,3079,7650,7498,5248,2506,7917,5670,5385,8150,5734,6185,5112,12420,5287,1821,11280,10321,7764,6431,2716,7481,14955,2040,12522,14724,11861,5630,8777,6089,2414,5506,14746,14746,1369,1894,5654,8332,6029,6410,1882,7260,7767,5387,6170,12087,7655,5152,3999,5512,8951,1894,3627,1894,6220,7015,1404,8659,1894,8150,3707,5720,6522,7144,4391,3797,1050,7164,3449,7100,3791,6607,7352,6241,7883,1185,7704,3316,7050,5277,5754,10534,6529,8152,7592,10792,6522,10870,4733,6914,7605,7026,8288,6529,10167,7256,9276,10050,6177,8410,7281,5508,6393,4251,6462,8332,6383,3874,10882,5061,3981,8153,7536,5117,8276,8435,7506,12547,5262,6688,7805,8580,1157,7601,1894,468,10823,8152,7859,8002,6116,6434,6200,8686,7536,7902,7075,8967,6403,5240,7488,6900,10576,12165,6961,6393,6723,9420,6162,11736,5442,7630,5816,6435,2220,6367,6172,21,7143,5090,3647,5479,10619,2689,6207,8729,11570,6524,1894,3981,1894,5734,4194,5117,10889,5309,2199,6609,7788,6248,6039,6465,7326,6461,2217,1616,11163,885,4053,6059,7397,914,5759,12255,10100,5721,5363,8150,10923,1905,1894,5156,2053,2761,11008,3833,4815,7085,6384,6676,4439,6701,0,6205,8866,5675,10870,3505,6172,7237,10933
6588,10217,7044,13005,10409,7269,4977,4713,11035,7636,4941,4937,10361,9953,6603,5442,12712,12706,4719,4591,7842,1675,1590,4719,7037,10659,12927,1293,11513,8443,4374,10626,11087,10209,3860,7997,1125,973,4343,5417,5348,6854,8613,1307,5113,12828,12236,10740,6970,5852,3428,8739,7177,8715,10246,8054,9169,12767,9065,4719,7247,10268,10268,5326,4842,5336,10973,9568,6992,5592,3453,7150,9049,9555,8281,8373,6894,6511,9489,13096,4842,6723,4842,7961,10603,4528,11301,4842,4343,6731,9220,9493,10119,7945,6505,5675,10752,3367,10683,6533,7125,3545,1834,7266,5885,7086,3745,6372,7019,1303,6511,10156,6604,10568,12706,9493,7064,1984,10113,9153,6409,8028,9418,6360,3450,13700,6244,791,11052,9923,7249,4713,1357,10027,10973,8124,3441,7075,9039,2473,11122,10505,714,11245,11404,10204,8740,1507,6071,3697,11221,6249,11118,4842,5835,7016,6604,7242,9551,4813,691,5411,13758,10505,10544,10983,11609,8144,6981,6871,9876,12490,8358,6878,7338,9699,5614,634,7929,9520,10606,1365,4755,4451,9878,5336,5165,10732,6832,6601,269,12533,3663,9592,6601,7763,9967,4842,2473,4842,5417,2076,714,7074,2307,4431,9585,7194,9259,7780,9908,6918,828,4116,5378,12712,5977,6565,852,10372,6006,4657,8449,6293,9260,9858,4343,7116,6996,4842,581,4125,6269,10133,6956,6556,10993,8125,7194,1351,8443,5315,0,11508,4517,7064,6123,5336,6559,10058
6610,3223,4636,1422,3773,4628,7754,8133,1165,4547,9165,7909,3725,5209,7176,9015,4690,999,8839,8368,10571,10875,9984,8839,5283,4015,1344,10590,52,3678,8679,2000,2409,4442,8397,5465,11115,10823,9783,7367,8126,4836,11342,10732,8789,4807,1353,1168,4972,7174,11651,8748,7163,11444,6006,10783,4200,1011,2940,8839,4779,6540,6540,8915,8098,7287,752,4507,4950,7828,8893,5289,4009,3120,11009,4772,6916,5310,3865,1238,8098,5522,8098,4610,3697,8388,723,8098,9783,5530,6375,3975,2194,8406,5303,8797,2711,10353,2233,5332,5284,8985,11686,4976,8997,4797,8521,5293,4497,11199,6883,3520,5824,1956,999,3975,7579,10798,3120,3635,5067,8772,3900,7034,8890,1876,9281,12025,692,1839,4782,8133,9909,3453,752,4065,12095,6647,4227,11454,1304,2037,10776,1108,1367,1587,11469,10707,5398,9438,499,7807,2492,8098,9366,9745,5824,4262,4035,8057,11924,8188,1619,2037,1225,2943,1031,4044,7003,5117,2103,1091,11087,4971,4636,2604,11054,11607,10658,3943,1350,11261,8513,9543,3358,8113,9352,2691,6854,7149,11961,1857,10562,3157,5822,10492,3515,8098,11454,8098,7367,9853,10776,7238,10968,10033,2373,4904,3421,4419,3456,4442,12329,10129,8506,4690,8547,5364,12582,1859,8051,7700,11177,9782,4019,4280,9783,12178,7325,8098,10814,8661,6348,5389,5575,6578,2953,4132,5353,10097,3678,9699,11692,0,7581,7579,5648,8113,5480,5315
1146,8650,2568,7724,8980,3553,220,625,8151,1936,5408,401,8932,5996,4141,5333,8934,7798,5263,4685,5380,3672,4029,5263,3081,9230,7646,4635,7735,3173,4416,9059,9468,9321,4821,3958,3913,4868,2676,1580,618,1738,6151,3530,5541,9050,8758,8321,2473,5234,5018,6277,5879,6253,6794,5592,9703,7641,7636,5263,2267,12517,12517,5793,4416,1500,7195,10103,2451,5402,1736,3622,9460,8126,5819,3697,1194,5970,8060,7815,4416,6182,4416,2262,9192,4706,7523,4416,2676,6190,10235,2563,8430,9475,5963,5115,9323,5728,9185,5992,2648,1828,4483,3310,5315,3130,4706,2415,2039,3997,4266,8727,4157,9001,7798,2563,4602,3904,8615,2855,2452,4679,2571,3898,1733,8713,3134,4823,7274,6145,2269,625,3955,8948,7195,2424,6152,4980,7610,5500,8238,7621,4822,8361,8520,6426,6278,3505,2114,2332,7443,6202,9551,4416,5684,4554,4157,3285,3284,549,4722,681,8771,7621,6766,9554,7831,2445,1281,2915,7598,9013,5896,2922,2434,8099,3152,4404,5467,8091,8503,4059,680,4919,8449,606,5670,9303,592,6093,4759,7783,5937,8163,4155,5301,8538,4416,5500,4416,1580,3898,4822,4620,5013,5408,7868,3237,7830,2080,8479,3367,5127,5504,4823,8934,5875,6024,5379,8095,5959,85,5987,3831,9794,8429,2676,4654,5744,4416,4860,5085,5652,6176,6415,1345,9564,2426,2717,4143,3173,6017,4490,7730,0,4602,5616,606,2602,6102
4611,8601,3896,7607,9151,3979,3941,3536,8034,4322,8930,3760,9103,4985,2688,8797,7821,7681,8785,8150,2142,6221,6937,8785,2316,9273,7529,7386,7618,4928,7880,9011,9419,9411,8343,4707,6462,7798,5314,6289,5369,5203,1466,6079,8572,5671,8642,8204,3822,8936,7567,3597,9344,1567,4749,1893,9793,7524,7465,8785,5690,4772,4772,9315,7880,6208,7078,10193,3843,8867,4001,2293,9673,7955,1503,5083,4658,9435,8103,7698,7880,9646,7880,4138,9075,8171,7406,7880,5314,9655,12112,4557,8504,11351,9428,8579,9366,9250,9068,9456,4284,4093,7032,3464,8780,3797,8228,3223,5462,6546,964,8898,1819,8953,7681,4557,0,6453,8498,4731,3260,1683,4613,1115,3998,8596,2344,7372,7157,6028,5693,3536,6863,8831,7078,4301,9674,1774,8466,9022,8121,7504,7751,8156,8403,6309,1490,6054,3328,4875,7326,9538,9502,7880,9149,2693,1819,4093,4861,3636,7271,5432,8654,7504,6649,9718,7714,4791,4705,2482,7481,8293,1422,3971,4189,7982,1556,6953,2090,8181,8386,6608,3578,8441,8492,5356,9135,9434,4596,11066,7308,7666,9459,7992,1840,2027,8581,7880,9022,7880,6289,7460,7751,401,7352,8930,7751,3905,7659,4236,8522,3937,7676,9026,9796,7821,10847,10996,7928,7970,10931,4181,1450,1316,9884,8519,4594,232,10716,9388,7198,8607,10861,4897,9814,4810,9696,4577,4353,7619,4928,9965,7039,7613,4161,0,10588,5356,3410,4856
4856,4800,7073,6463,4240,7065,6130,6509,5625,5904,3690,6284,4192,9679,10419,3138,9161,6543,3110,2667,9831,7474,4923,3110,7720,4529,6384,5349,6229,6115,3088,5209,4956,2706,2668,7470,7715,5762,8159,5743,6502,5189,10602,7332,3280,9278,7423,5371,6440,1176,8250,13218,1793,10704,10477,10043,3088,6380,3649,3110,7216,11010,11010,3410,2368,5663,5891,3488,6419,1830,7269,7726,2845,3730,10270,7208,5161,419,3071,6554,2368,237,2368,7047,4473,2688,6218,2368,8159,316,3909,6411,4703,3486,479,3052,4622,4624,4558,508,7721,7361,8285,7413,3297,7234,3469,7730,7027,7799,9320,3987,8261,5151,6543,6411,10016,5331,4372,6072,7504,8783,6337,9471,7265,6187,10059,7230,5970,4840,7219,6509,4848,3920,5891,6502,5048,9084,2620,5155,5712,5095,5690,5900,5994,5065,10729,7307,6697,7806,6139,2735,5059,2368,3489,9005,8261,6699,6472,6432,8524,6564,6245,5095,5475,4533,6526,6480,5249,7554,4459,7677,10347,7408,6402,4282,9429,8206,9918,2900,5189,7861,6443,3814,3825,6489,3462,4601,5099,613,6077,7721,4832,3766,8259,9752,3982,2368,5155,2368,5743,4792,5690,9675,5907,4303,4169,7341,3807,6865,3923,6879,8929,4400,1865,9161,3178,678,7112,4943,3751,6076,10438,10109,3179,2821,8159,10695,1956,2368,5753,2932,979,9860,649,4824,4544,6578,7790,5036,6115,3809,8292,6224,5684,10016,0,6489,7917,9785
1971,9126,2569,8544,9318,2794,740,107,8970,2719,5746,602,9270,5478,3623,6248,6635,8667,5602,5848,4862,4010,4367,5602,2562,9568,8466,4976,8554,3646,5558,9535,9943,9659,5159,3522,4251,5848,3183,1918,13,2530,5633,3868,5919,6752,9578,9141,2496,6676,5356,5758,7712,5735,6275,5073,10041,8461,7974,5602,3050,7688,7688,6132,6190,1838,8015,10441,2517,7176,2006,3104,9798,8464,5300,3898,2018,7174,8398,8635,6190,7386,6190,2812,9536,5827,8342,6190,3183,7395,10785,3113,9028,10025,7168,6480,9661,6066,9529,7196,2650,2098,4821,2791,7089,2612,5044,1897,2822,4335,3456,9065,3060,9477,8667,3113,4083,3934,9006,3405,1934,3196,3121,3379,2002,9533,2616,6699,8094,6964,3052,107,4293,8936,8015,2974,6490,4461,7948,5838,9058,8397,5135,9092,9340,7246,5760,3843,1596,2543,8263,7976,10027,6190,6599,4035,3060,2767,3827,436,5060,28,9591,8397,7586,9892,8650,2995,2064,2396,8418,9832,5378,2403,2863,8608,2633,4742,4948,8429,9515,4397,591,5257,8787,0,6632,9641,1956,7298,5097,8602,6275,8501,3637,4783,8876,6190,5838,6190,1918,4237,5135,3811,5351,5746,8494,2719,8168,2909,8817,2443,5465,5842,6597,6635,7649,7228,5717,8907,7733,782,5468,3313,10132,8767,3183,4136,7518,6190,5198,5423,7093,5658,7619,2169,9903,3209,2719,4481,3646,6781,4828,8550,800,4083,6820,0,2084,5583
2369,6713,1368,5703,7262,1592,2105,1699,6130,1794,7094,1923,7214,4276,2578,6556,5434,5827,6949,5908,3818,5439,5715,6949,1361,7369,5625,6142,5714,2445,5639,7122,7531,7507,6507,2320,5679,6554,4531,3266,3195,2928,4589,5296,6330,5551,6738,6300,1294,6457,6784,4714,7102,4691,5074,4029,7890,5620,5561,6949,2843,6243,6243,7479,5639,3185,5174,8289,1316,6625,3218,1902,7769,6051,4256,2697,2417,7193,6200,5794,5639,7404,5639,1611,7186,5929,5502,5639,4531,7413,9584,1912,6616,8824,7186,6337,7462,7414,7179,7215,1448,3310,6250,1590,6538,1410,6392,187,2615,5763,2703,7010,1858,7064,5827,1912,4381,5362,6609,2204,732,1994,1920,2335,3215,6693,1445,6589,5253,4124,2845,1699,5641,6942,5174,1773,8153,3260,6562,7185,6217,5600,6483,6405,6499,4405,4716,5271,331,3756,5423,7425,7614,5639,6907,2991,1858,1566,2474,1799,6488,3258,6751,5600,4745,7694,5810,1794,2463,1195,5577,6098,4334,1202,1662,6078,3032,6171,3904,6277,6482,5825,1741,6604,6588,3183,6893,7442,2355,7316,6525,5762,7622,6088,2436,3738,6677,5639,7185,5639,3266,5584,6483,3058,6699,7093,5847,1518,5755,1708,6618,1550,6893,7190,6046,5434,7098,7246,7146,6066,7182,2345,4424,2692,7980,6615,4531,3690,6967,5639,6545,6771,6875,4457,7638,2568,7704,2049,1517,5829,2445,7240,6256,5709,2324,4381,6838,3183,0,4382
5491,8177,3684,5014,8727,3069,5914,5508,6171,4373,11535,5733,8679,196,5918,11386,2125,4715,11241,10738,3782,12331,12333,11241,4025,8923,4936,12760,5452,6233,10469,6938,7627,8972,10799,2382,12572,13172,8340,9922,6570,5391,3914,12189,11160,1182,4244,6175,4634,10386,13677,2325,11031,4015,715,4149,9354,4776,7026,11241,5578,2116,2116,11285,10469,9841,5273,9753,4655,11455,7028,4031,9234,7516,4376,2473,5015,9130,7664,5105,10469,9342,10469,4190,7865,10759,5360,10469,8340,9351,12380,3634,7281,11619,9124,11167,7963,14032,7485,9155,4026,7119,13142,3366,11368,3187,10835,4035,5296,12656,5625,8474,4636,7002,4715,3634,4811,12255,8074,4347,3809,4500,3691,5776,7024,5709,5008,13482,5097,6162,5581,5508,12259,8407,5273,3872,14772,5389,8324,13804,7001,6384,13101,5916,6525,5934,3938,12164,4140,7565,5351,12255,7744,10469,11737,3528,4636,4905,3283,5608,13381,6633,5767,6384,5572,8159,5098,3869,4919,3860,6450,4499,3812,3713,5001,6951,6199,13064,3869,7742,6356,12718,5550,13223,8052,6558,11723,7943,5476,10362,13418,4542,14241,7553,4564,4300,8142,10469,13804,10469,9922,12203,13101,5980,13462,13712,6720,3646,7220,4288,8083,3490,13786,13808,10876,2125,11928,9184,14038,6947,12012,6154,4544,5510,9445,8080,8340,5295,11194,10469,13308,11063,10216,180,9444,5676,8149,4628,4095,12447,6233,12070,13149,5448,6133,4811,9469,6558,4222,0
