0,33917,37624,23311,36392,37399,39720,27668,32634,34551,34246,28272,31105,36210,30632,40698,38568,32947,31708,32015,34494,41882,39000,33048,38731,31349,23878,28665,41081,15659,36803,38098,37437,23827,31148,34335,29434,38966,21541,32790,36513,38388,36511,28775,34374,24859,35694,38351,38190,36728,32253,34939,28512,42826,35157,34806,39952,35692,27117,40083,39481,26618,35071,30202,27557,35128,25984,37984,33005,33647,32285,26919,35968,37485,36163,29880,29178,25967,32475,29331,40985,16296,35060,43291,38502,36853,42161,38940,39594,35902,32234,33220,33791,26679,16988,34691,42534,21553,30466,38344,28603,24073,40269,40285,35977,22488,24732,28180,36647,30212,34827,28655,37154,29695,30034,30084,30736,28212,35715,33103,28390,31572,26810,37494,37559,35068,39229,34837,39407,32095,22605,33327,30078,41604,38179,32319,35189,33418,29129,36185,32564,33918,37066,39130,26955,27917,35503,37319,35690,40658,38812,26944,41035,43240,34559,33238,39790,32270,27116,23443,36394,40189,42470,37114,28386,37270,37184,34630,30695,25026,38827,30614,34411,36217,28405,36240,35238,39955,37478,42267,22121,35338,34562,31696,24560,38798,34909,24501,26273,35793,37361,40370,26195,25912,30364,37729,38945,40839,16908,32236,43164,36521,35978,35094,28967,32053,33875,37524,33459,35810,37105,36688,25805,13786,37229,28777,40205,27771,43213,35448,27685,41113,34913,38424,25046,32468,24739,32354,38487,39410,40143,25472,24152,31557,25231,30862,42172,26647,35645,27709,30642,38434,37149,26583,40552,31580,28636,42277,34734,34880
37383,0,1612,13576,10771,4168,4569,12185,7340,13291,283,22856,12022,7567,7559,5356,8860,8535,14156,11590,4814,5597,13829,1898,6984,12043,15727,14156,16612,25063,2675,4364,9525,13464,13936,4009,16214,2150,15032,11217,2075,4499,9218,16593,9469,12202,4160,7467,3886,4038,14849,1046,19919,5787,13615,4857,1953,15094,10123,5866,15111,15406,9890,4945,19072,1336,13627,2075,14772,14772,14849,10779,6024,4249,11945,13667,11569,20633,17557,13239,4168,22551,5132,6860,4857,4245,4364,5696,4345,8342,11260,8403,2075,17624,25300,4567,7114,17539,5140,9768,16220,14366,2513,2405,3914,16002,14155,21165,7139,13742,9519,14156,12879,7661,7818,21645,11229,13936,14586,2075,15862,14071,19788,3261,3936,14511,13929,772,7922,9159,14321,8120,8404,4401,4833,14849,10814,8616,14391,2094,7522,4241,1575,6245,10433,14587,3364,4168,14454,2771,4711,14012,4168,5696,12047,14849,5876,7173,16999,13596,2365,4020,7114,2646,21645,4168,11436,8592,4765,15434,2242,4501,12312,2091,16596,11977,11287,7032,4190,7382,14979,4910,12041,8026,16602,9903,13710,11827,11518,12364,12879,6404,13101,11490,6651,5545,12066,2735,23139,14499,6529,4011,2322,2338,8582,9081,11988,95,4587,12305,3960,11558,15746,24974,4190,13627,4011,10168,12066,2020,13711,5855,772,13415,15579,11367,22124,11376,4056,6929,2190,18646,14558,14840,13526,7091,5730,14880,7345,9215,7879,4022,4201,9737,2462,2449,8201,4104,798,13880
34136,1860,0,12453,9526,4172,5195,11061,5533,12167,997,23763,10777,5761,6797,5958,9165,6173,13033,10345,4052,6141,16953,1405,7290,10798,18039,13033,17523,23293,3123,4812,14915,12341,12812,4695,15600,2597,17235,9972,1581,5174,9919,19193,14819,10865,3298,8068,3890,3871,13726,1493,18895,6093,16022,4091,2301,17652,9000,6507,16032,14694,15441,4183,19949,1466,12503,1581,13648,13648,13726,10017,6682,4741,10700,12544,10446,21543,16820,15481,4172,23125,5806,7388,4091,4249,4812,6001,4971,7757,10015,8574,1581,20279,23503,5247,7420,18245,4378,15266,15589,15089,2960,2853,4522,16690,16290,22068,7793,16070,13516,13033,11634,6950,7056,20522,9984,12812,17090,1581,15259,12948,20649,3952,4384,15435,14848,1220,8491,7914,14964,6314,8678,4878,4068,13726,9569,9317,13268,2238,5715,3479,1082,6551,9309,15419,3985,4172,15374,3297,5159,14743,4172,6001,10924,13726,6527,5367,17781,12472,2813,3853,7420,3093,13992,4172,10191,6785,4003,16268,2690,3739,11188,2439,15927,10732,10042,7695,4194,7981,17214,5574,10917,7315,17320,15459,16808,10490,10408,11119,11634,7047,11978,10379,6102,6105,12371,3183,23688,15384,6834,3844,1829,1845,7819,7958,10743,1846,3825,11060,4469,10313,16619,28076,4194,14421,3844,8644,12371,1796,14467,6454,1220,16808,16287,10122,23008,10131,4503,7452,2638,17724,15166,17319,15742,6328,6263,17214,5538,8453,7117,4691,4205,8975,3060,1956,7490,4552,1246,16808
25693,12251,12356,0,16427,18351,9637,1765,13862,6802,12318,8716,14727,14773,9904,15008,20104,15679,6237,17962,8939,14698,20608,11963,18747,15018,7105,6237,17719,15250,15756,17070,8941,933,6016,8364,6862,14185,5481,18011,12511,8713,8273,10318,7073,6773,15261,15130,16995,15902,6930,13080,11463,17740,9984,14031,15755,15684,4130,9875,15803,7319,9785,8199,10526,13371,51,12511,6852,6852,6930,11838,9587,15780,17075,3409,6488,11486,7500,10566,16198,12022,8878,17601,14319,15824,15663,17912,9563,15668,15630,14318,12511,10676,15261,8605,16713,7876,8393,9562,6355,7268,16078,14256,9644,7599,6059,11476,13478,10809,7374,6237,18516,14263,11293,10566,15629,6016,15475,12511,10258,6152,10676,8202,15952,13493,13688,12807,17833,15417,8564,14260,14319,14576,13844,6930,16765,8261,6472,15800,13583,8367,12012,18805,3925,7278,9338,18348,15395,14847,16864,7236,18145,18045,6966,6930,9678,13338,10269,20,14076,16205,16751,16534,10566,16377,17599,15114,8454,7809,14277,8404,7792,14221,12602,17203,15855,9888,16483,15116,6252,9089,6960,14005,6551,9872,22320,6967,8198,18706,18997,13362,1119,8170,6304,14424,19130,16383,15261,6642,16977,17420,12387,12403,9632,5822,19675,12237,8081,16656,13961,19222,10128,14496,16120,10566,15712,5529,21156,13567,7809,15422,12807,22074,6275,18117,11470,18077,16009,16102,14142,10198,5072,12602,7236,9436,16489,8283,14645,11389,10778,8773,17576,10796,16321,12496,14181,17514,12833,22426
33019,9329,9434,18105,0,12680,17434,14658,5872,16519,9395,27580,1720,4801,7861,16839,17824,3587,18162,1287,8253,18782,7258,8739,16040,1741,20671,20457,26162,28818,11788,15393,24133,18480,18435,14984,22803,11262,21692,914,9589,15675,21343,26014,21185,14718,11860,19630,12398,11738,19360,10158,25017,14843,25406,9150,12839,24529,12665,17536,27072,19930,24842,8684,26387,10449,18011,9589,18069,20835,19625,9115,17729,15130,1617,18903,14111,28318,23997,22363,12680,26205,18197,20561,9150,12757,15393,14751,15522,3541,1419,5007,9589,23981,28976,17356,16170,22971,8879,24626,24855,22426,12978,11518,16462,23647,19109,28709,21171,21149,23542,20311,2551,6171,8121,19420,2762,19442,24051,9589,22159,18295,24369,13975,14589,26325,25804,9885,20170,2613,19443,4776,5111,16843,9127,19890,2173,20645,17504,12489,4181,7980,9089,15301,12974,19680,14219,12680,23923,12880,15633,22183,12680,14751,15865,21091,19335,4201,25875,18058,11478,11720,16170,11758,21905,12680,1108,4797,8504,22490,11355,8240,15975,12977,22827,1650,984,19049,12702,19515,22034,16249,17342,5913,22261,24881,7113,14343,11087,2036,2551,18248,16858,11059,12105,17012,20476,11848,29178,22538,15585,11711,8973,8958,8884,11623,1660,9314,8326,1977,16310,1230,23226,27637,12702,22583,11711,12137,20476,10373,20120,19282,9885,7113,21244,1065,29377,1074,15084,20644,11303,26134,21262,22684,22005,7393,18941,20991,4434,6196,7121,15066,12713,8073,12643,8864,6089,15132,9911,7113
41220,6536,3764,16650,11143,0,7630,15977,7112,13674,3666,28662,12394,7339,8863,8202,6946,7752,15644,11962,6435,8064,18570,4852,5071,12415,22814,16060,21099,27465,3803,3871,17451,18355,17757,7555,19947,3684,21959,11588,5028,7924,18905,21859,19486,15106,1013,13471,475,891,16581,3777,25724,3874,20177,5621,2441,21775,10506,8951,19755,19112,19593,6566,22551,3306,18142,5028,15057,15629,16827,12083,9230,6584,12317,17016,11952,26440,23323,18495,0,27335,8517,9120,5621,102,3871,3782,7424,9374,11632,9697,5028,25181,30491,8029,5201,23020,6761,17656,22017,21504,2580,3297,6924,21079,19097,26968,13587,19014,19522,17568,13251,9016,9122,17418,11601,16975,21188,5028,21666,15820,25553,6899,6097,19245,18562,4157,13748,9531,19304,7892,9801,6632,5597,18818,11186,17977,16396,2116,7294,5862,4529,4332,10816,20314,6511,0,19092,2482,4162,21130,0,3782,12430,16008,9036,6945,24502,16555,3371,873,5201,2518,20324,0,11807,8364,6386,21164,3776,6122,12695,2579,22397,12349,11658,14939,350,14705,21990,8214,12424,9381,20063,19588,17812,14727,11914,12736,13251,9469,17235,11885,9947,8115,10152,2951,30696,21758,4616,864,6855,6840,9885,9464,12360,6522,6208,12676,6424,11930,21524,32548,350,20800,864,10150,10152,3083,20840,8645,3777,17812,21070,11739,25326,11748,3562,9153,3273,24439,21446,20099,18725,8394,8116,20050,7117,10519,9183,7423,361,11041,2245,6746,9556,3610,4183,17812
36038,4569,5195,9637,15818,7630,0,8278,8341,3883,4252,18146,16999,8466,8837,859,8815,9402,6302,16692,5322,1509,19807,5024,6290,15570,15455,6541,8317,25142,3708,3865,5794,9297,6748,1300,8590,3742,15124,15941,3970,946,5732,15711,6581,9659,7627,2921,7119,7268,6553,3738,15629,7545,6290,6871,4945,7356,6969,1336,7346,9920,5895,5499,15258,4815,9439,3004,5484,5527,6677,9421,1603,1562,17008,7680,5362,17834,9420,8615,7130,22462,1140,2687,7157,6947,3990,7745,224,9769,15490,15128,3202,17426,23059,1075,5895,17221,5679,5834,8837,14783,5025,4212,708,16806,14163,16745,2652,8612,6492,6489,20112,8765,9115,7790,15066,6475,6947,4342,8692,6439,17686,1786,1973,7015,6449,3867,3469,9970,15600,9042,15333,1696,6809,6805,16771,5061,5803,5156,9011,5962,4582,5709,7260,9106,1210,7737,6847,4910,5834,9822,7537,7579,3691,5884,1406,9027,15149,9538,4118,8135,6077,4809,8931,7330,18550,9408,5103,9600,3262,5976,3819,4846,9120,17125,17747,2612,7219,2843,14781,781,3660,9412,16251,5879,21724,9750,8888,17199,20702,1871,9279,8951,5134,1331,9817,4609,23229,8502,5448,7395,3437,3889,14993,5774,18815,4522,6134,18431,1477,18804,9473,27980,6924,9007,7296,6477,9619,4955,9419,1344,3645,19415,13988,18105,19608,18177,4402,2780,4218,16270,14670,8910,9285,8616,1707,15108,8889,13444,9814,920,6724,9487,5013,4064,9486,4374,3997,19884
25104,10667,10772,1823,16156,14496,8278,0,12278,6251,10733,9803,16075,12537,8892,8984,16098,13248,5685,14644,7052,9774,20857,10379,14845,13338,8150,5685,15623,16295,13126,13389,8444,2756,5465,6984,7086,12600,6526,14594,10927,7383,7793,11363,6812,6256,12809,13646,16344,15152,6378,11496,12508,15574,9506,12580,13788,15157,2603,8661,15262,8364,9253,6311,11571,11787,1874,10927,6301,6301,6378,10981,8413,9365,15389,4454,4462,12531,7854,11611,15471,13067,7622,15765,12580,15059,13561,17356,8183,13055,15307,13378,10927,11721,14599,7286,14553,8921,6506,9034,6682,8313,13927,12856,8217,8644,7104,12521,9127,11854,7083,5685,18568,9046,9152,11611,15282,5465,13488,10927,11303,5600,11721,6742,9448,9826,9864,11223,16178,13211,9609,13136,12735,9563,12557,6378,14847,7653,5921,13438,13245,6480,10428,14912,2913,8323,7871,14497,14768,13829,14707,8281,14309,15878,4940,6378,8478,12111,11314,1843,12816,15517,14587,14989,11611,15672,17466,13530,6545,8854,12693,6517,5205,13926,13647,17105,14168,8839,14321,15009,7297,7795,4934,12421,7596,9332,18590,6449,6614,16885,19118,8940,1348,6586,4720,9576,17009,15422,13430,6862,16349,15052,10803,10819,9114,4237,17750,10652,6193,16504,9084,17335,11173,16834,15383,11611,14947,3945,17063,11711,8854,9309,11223,18353,7375,16245,12515,14713,15312,14435,12641,11243,6118,13647,8281,8424,9973,9328,12283,11181,9921,7386,15190,9939,13592,10786,12597,15179,11249,18697
35968,5686,5792,13817,5345,8557,8341,12426,0,13532,5753,23636,5222,1031,5583,9132,13792,1804,15168,6045,5595,9342,12084,5398,11917,5364,19121,14173,23536,26012,8146,9835,18883,13287,14099,7678,20252,7620,18130,5672,5947,8203,16610,21548,18270,14297,7737,14878,8275,7615,14906,6516,21007,10720,20126,5508,7423,21757,10364,9626,19771,17849,19558,5947,20030,6807,13868,5947,14915,15781,15171,9680,9761,7939,6519,16227,11810,21680,19588,16169,8557,25956,8834,15446,5508,8634,9835,10628,8118,2012,6177,3168,5947,22236,26208,8256,12047,19321,6141,19348,20063,18309,7983,7876,7689,17949,17344,22087,14398,18651,18432,14042,7453,3893,5842,16764,4308,14675,21223,5947,17828,13910,22646,6916,7567,19108,18613,6243,15466,2664,16014,1584,3272,8071,5485,17012,5269,17511,14633,8366,1323,5243,5447,11178,10674,17368,7139,8557,19127,8242,11510,16336,8557,10628,12288,16079,9624,998,21622,13837,7836,7597,12047,8116,17504,8557,6009,2416,5767,18203,7713,5502,12553,7561,18503,6551,5742,14232,8579,14766,16622,8642,12282,3635,16786,19593,11939,13922,10666,6938,7453,14822,13342,10637,9805,9303,16998,8206,26414,18124,11462,7588,5823,5838,6606,9322,6562,5672,5588,6878,7669,6132,17059,25452,8579,18117,7588,10008,16998,6731,17879,9630,6243,11939,15833,5822,25128,5990,9526,15538,7661,19739,17649,20207,17692,5115,9465,17222,766,5395,5903,7747,8590,8637,8520,5806,3810,9575,6269,11939
31348,11691,11796,7697,18207,14653,3883,6534,13302,0,11757,13420,17117,13561,10752,4357,14665,14670,2040,18779,8421,5207,22979,11403,18013,15752,11293,2040,7572,19512,14150,17366,4167,6535,2251,2840,5298,13624,9669,16563,11951,2948,3674,14506,3628,9068,13833,5320,14371,13711,2733,12520,15651,13396,5152,13604,14812,6223,4727,3811,6267,11507,4805,7681,14714,12811,7747,11951,2656,2656,2733,13972,3492,5345,17573,6269,4483,15674,6210,14754,14653,17340,2905,6024,13604,14730,17366,15031,3888,15024,17592,13495,11951,14864,19788,2813,18143,12064,7875,4617,5375,11456,14951,13880,4156,11787,10247,15664,4090,14997,3708,2040,20922,10905,11011,14754,16594,2251,5911,11951,14446,1955,14864,3140,5633,5692,5474,12247,6113,13708,12752,14160,13662,5514,13581,2733,15599,3223,2276,14462,14269,7849,11451,17274,5037,11466,4101,14653,5823,14853,17606,11424,14653,13564,1244,2733,3603,13135,14457,7716,13840,13693,18143,16013,14754,14653,17679,14554,7914,11997,13717,7887,973,14950,16791,17703,16462,3799,14675,5309,10440,3188,1244,13445,10739,4858,20641,8693,7681,17655,21522,3990,7896,7652,5786,4988,17515,16446,19972,5153,17558,13684,11827,11843,11774,5304,19774,11676,7563,17210,5155,17761,14316,22386,14675,14754,13684,5070,15755,12735,11997,4558,12247,20360,10518,18653,15658,16951,17057,6123,13665,14386,9261,16791,11424,10283,5399,12471,13307,12408,11072,3216,14686,12930,14616,11936,13620,17105,12273,22916
37745,2147,1405,13369,10564,3961,4252,11978,7133,13084,0,22809,11815,7360,7352,5028,8652,8328,13949,11383,4607,5249,15660,1691,6777,11836,17466,13949,16279,25252,2468,4157,9317,13257,13729,3755,16072,1942,15176,11009,1867,4227,9029,18247,9331,11994,3877,7139,3679,3831,14642,838,18034,5580,13310,4650,1746,14787,9916,5560,14801,14042,9659,4738,19060,1129,13419,1867,14564,14564,14642,10572,5732,3892,11738,13460,11362,20584,15797,21438,3961,25030,4858,6510,4650,4038,4157,5489,4029,8135,11053,8196,1867,17633,25492,4302,6907,16034,4933,9542,16106,14426,2305,2198,3587,16086,15747,21125,6844,13687,9370,13949,12672,7454,7611,21438,11022,13729,14274,1867,14298,13864,17957,3020,3577,15668,15006,565,7582,8952,14441,7913,8197,4043,4626,14642,10607,8417,14184,1887,7315,4034,1368,6038,10226,13268,3044,3961,14142,2564,4504,14064,3961,5489,11840,14642,5578,6966,18740,13388,2158,3813,6907,2438,14587,3961,11228,8385,4558,15466,2035,4294,12104,1884,16488,11770,11079,6745,3983,7053,16644,4624,11833,7819,15176,9669,15539,11620,11311,12157,12672,6099,12894,11283,6444,5202,11858,2528,25694,14376,6322,3804,2115,2131,8374,8874,11781,2132,4380,12097,3605,11351,15742,25175,3983,13622,3804,9560,11858,1813,13743,5526,565,13804,14255,11160,22103,11169,3849,6578,1983,16897,14701,14736,14942,6883,5381,14926,7138,9008,7672,3742,3994,9530,2255,2242,7994,3897,591,14270
25651,20737,21560,8716,30398,26005,19999,9803,26051,14791,20695,0,28680,23929,21882,20225,27721,24957,7859,30436,18944,19404,35139,20438,25407,26304,5976,7550,9888,7604,24251,25125,8891,8324,7484,18840,5195,23233,6758,30342,21294,17041,8531,3133,7254,19156,25017,19875,28584,27876,7280,22877,2014,29382,9303,26135,22821,9126,16404,17252,9222,5832,9466,19553,2750,21943,8718,21611,8441,8220,7122,19734,16693,20206,28351,6809,15278,1527,4520,5692,25419,7109,16647,21795,26535,27621,22981,29634,20109,25073,26830,23927,19143,2807,7778,18576,27517,5903,18407,9329,4877,5524,23072,24603,18733,5089,6848,1172,16394,5302,7431,7636,32857,23896,19649,6490,28081,8012,9339,21741,5023,7721,2506,17576,20690,8866,9506,22925,20855,24945,6539,27393,24037,22473,25942,6965,29113,9114,8442,25328,24283,21160,22591,27574,17049,5976,20708,28725,9370,23171,27561,5653,28465,26863,15382,7873,16966,24084,3120,8716,22139,28612,25113,25575,5860,25653,31716,23853,17813,5421,20524,20973,13772,22708,4594,31392,27131,16073,28283,19956,6291,18864,14065,21618,6078,9556,31555,16974,19846,28289,30315,18773,9522,17584,17345,21071,28849,25332,7817,5245,27307,27876,19876,19327,22395,16302,29036,22925,20876,27937,22078,31609,4971,9516,27828,5449,25173,15055,31727,22304,5638,18299,20644,34514,6631,30527,895,27676,23480,19882,24523,2945,6900,4807,5758,19765,21607,5025,26443,21594,23396,17537,27572,19444,23212,19193,21598,23400,22975,31665
34283,10725,10831,16231,2023,14077,15424,16123,6540,15530,10792,26022,0,6977,7956,16497,19543,4984,18626,1406,9649,18545,8838,10437,17437,259,20876,17285,27964,24252,13185,16790,23143,15110,18877,14408,23725,12659,17935,1996,10986,15129,20390,22108,22124,15274,13257,19283,13795,13135,18125,11555,23497,16240,24483,10547,14236,26097,12372,17082,26144,18329,21714,10081,22384,11846,14658,10986,18640,17785,18388,7969,17216,16520,1946,17502,13960,26640,22701,20774,14077,26810,17581,20376,10547,14154,16790,16148,15130,4938,1653,3395,10986,22384,24391,16730,17567,19108,10276,23697,23390,18744,14375,12915,16080,21792,19181,27005,20603,21773,22349,17153,3523,6266,6731,18030,673,16333,23220,10986,20821,18760,25102,13404,15984,23007,24906,11282,19909,4010,17749,6173,3266,15167,10524,20558,2789,21758,16279,13886,5578,9377,10486,16698,14371,20007,13850,14077,25455,14277,17029,20439,14077,16148,14892,19817,17056,5597,24138,14692,12875,13117,17567,13155,20252,14077,2687,6194,9901,20787,12751,9637,14984,14374,21481,2080,992,20388,14099,21134,20145,17347,16273,5428,20384,21759,8693,14899,11643,2136,3523,17784,14989,11614,13502,16763,22194,13245,24574,23424,16982,13108,10370,10355,6679,13020,2632,10711,9723,1798,14627,2202,19575,28328,14099,20956,13108,12693,22194,11770,20478,17159,11282,8693,19383,1464,25063,1351,16481,18573,12700,22181,19352,21355,18432,7488,18731,21378,5831,5050,5974,16045,14110,6927,14040,10261,5603,16529,11308,8693
32853,5946,6051,13403,5697,8816,8466,12672,1031,13778,6012,26374,5693,0,5829,9250,14051,1407,15476,6516,5854,9443,12555,5658,12176,5835,19446,14454,23779,26326,8405,10094,19144,14970,15852,7828,18652,7879,18455,6143,6206,8348,18576,19842,16839,14767,7996,16570,8534,7874,15183,6775,21299,10979,20378,5768,7682,19970,10611,9758,22042,16490,19808,6206,20323,7066,13262,6206,13803,16073,15446,9926,9900,8028,6871,15011,12057,21972,21895,18141,8816,23838,8980,15584,5768,8893,10094,10887,8243,1614,6648,3638,6206,22561,24063,8404,12306,17825,6400,19601,18484,16907,8242,8135,7808,20109,16032,24666,14582,17209,18717,14322,7805,4139,6088,17081,4779,14988,19482,6206,18110,15641,20841,7066,7647,19341,18838,6502,17202,3228,17976,680,3743,8156,5744,17316,5120,16127,13336,7432,717,5502,5706,11437,10920,16052,7261,8816,19353,8501,11769,16631,8816,10887,12535,14857,9761,968,21946,13332,8095,7856,12306,8375,17827,8816,6362,2019,6026,16810,7972,5761,12799,7820,20705,6904,6213,14422,8838,14921,18646,8782,12528,3881,17081,19842,12410,14393,11137,7291,7805,15017,13589,11108,10051,9408,17257,8465,26727,18401,11721,7847,6082,6097,6852,9569,6914,5931,5847,7231,7763,6484,19124,25730,8838,16729,7847,10255,17257,6990,18203,9747,6502,12410,17777,6293,23093,6461,9785,15674,7920,22078,17973,20517,18016,5361,9562,17517,649,5641,6150,7888,8849,8884,8779,6065,4056,9834,6528,12410
27792,7050,7155,9920,8231,10014,8837,8529,5593,10838,7116,19854,6612,5852,0,9697,15249,6312,11705,8937,5058,13507,14969,6073,13374,6753,15733,11705,20222,20637,9509,12727,17304,11013,11484,7740,15561,8983,14109,8564,7310,8303,14990,15953,14374,6861,9194,17001,9732,9072,12398,7879,17333,12177,18758,6710,10173,20309,6618,9864,18489,15948,18250,4732,17873,8170,9971,7310,12320,12320,12398,5577,9835,9111,9404,11216,7784,19846,18413,19194,10014,20626,8847,16737,6710,10091,12727,12085,8642,6119,8608,4227,7310,16221,20821,8291,13504,16504,4927,17978,15197,15897,10312,9239,8374,13661,14687,18335,15878,13671,14628,11705,10339,3044,732,19194,5697,11484,19864,7310,16298,11620,16611,7073,8914,19523,17445,7606,16261,6506,17193,6450,4210,9293,6687,12398,8161,14461,11940,9823,5775,4611,6810,12635,7448,15906,7827,10014,19736,10214,12967,15864,10014,12085,9594,12398,9777,5426,15734,9940,9199,9054,13504,9479,19194,10014,8895,6845,5136,16437,9076,4871,9859,10311,17012,9437,8634,15569,10036,16910,14881,8802,9588,2378,15179,16625,14824,6943,7723,9824,10339,13685,9446,7694,5336,14714,18455,9569,19077,15279,12919,9045,6307,6292,3380,6782,9447,7035,4614,9764,8798,9018,14793,22575,10036,19194,9045,6518,18455,8094,16437,13461,7606,14824,14959,8715,20830,8724,12418,15298,9024,17652,13701,16894,15864,903,13735,14583,5598,4013,2677,7992,10047,4535,9977,6198,2554,12466,7632,14824
36926,5356,5958,13617,18559,8202,859,8984,9132,4357,5028,18350,18182,9250,9697,0,9342,13470,6709,19554,6179,852,22893,5842,6718,18337,16123,6921,7829,23465,4250,4226,5594,9923,7154,2083,8692,4444,15850,18702,4809,1608,5632,16055,6645,13881,8298,2111,7624,7877,6849,4476,15897,8014,5956,7586,5563,6974,7747,895,6953,15144,5573,6353,17209,5522,14718,3803,5848,5789,6953,13603,1304,1729,18036,8098,6146,18098,9481,8973,7707,23093,1452,1864,7864,7543,4336,8214,1062,13967,16535,16342,4035,16205,23716,1698,6318,17952,6538,5543,8995,14002,5618,4793,1443,17460,14891,16995,2113,8891,6517,6880,19254,9613,9973,8170,16149,6941,6561,5173,8877,6840,18098,2638,2224,6685,6073,4611,2616,15704,14856,9808,15014,1774,7532,7062,16269,4966,6248,5781,9800,6819,5384,6063,8058,9542,2000,8316,6463,5468,6231,14973,8118,8019,4247,6149,1082,9823,17135,14863,4715,8769,6514,5343,9342,7905,19653,13528,5960,14602,3985,6834,4362,5465,9277,18151,18905,2162,7778,2026,17049,1201,4231,13586,16989,5544,22803,13991,9733,20100,21807,1317,9975,9789,5984,631,15095,5144,26322,8625,5780,8017,4296,4744,16244,6599,18068,5303,6993,19574,1803,18075,9823,28741,7494,9373,7920,7260,13406,5638,9840,500,4387,22476,14696,17464,19911,19324,4746,1960,4813,15104,15406,9061,9710,9475,1041,14254,9685,16068,14124,1743,7296,15087,5582,4917,13685,4734,4745,20864
42509,10075,8933,18241,17908,6930,8815,17743,13507,16164,9295,30553,19628,13734,15432,9342,0,15962,17364,19195,12829,9139,30542,9620,5521,19649,24611,19598,22671,29017,7787,8017,19105,18271,17830,8811,21667,8452,21535,18822,9796,9160,20751,25984,19387,15484,7407,16429,6648,7285,18303,8545,27616,4122,21965,12015,7209,23553,13678,14764,21364,20787,19400,12961,26737,8074,18058,9796,18493,17347,18549,18652,15196,7678,26387,18728,18347,28332,25217,20207,6930,31857,9742,14774,12015,7006,8017,3772,8615,15769,19327,16092,9796,27055,29212,9270,5651,24817,13155,21258,23915,21189,7347,7622,8115,25061,20723,26183,15127,20734,19414,17660,26065,15360,15691,19133,17376,18867,20834,9796,23564,17540,24887,8171,7182,23006,22232,8925,15111,15925,20939,14287,16196,7707,11992,20716,20081,19816,16597,7227,13689,12257,9297,5191,13375,22181,7729,6930,22816,7250,5114,20855,6930,3772,15472,17727,13523,13340,23933,20003,7696,7267,5651,6843,20141,6930,19016,14759,12781,23031,8544,12516,14207,7347,22043,26420,18892,15115,6952,16285,23789,9429,13913,15141,23919,21372,30397,14482,18309,26807,26065,15505,18967,18280,16342,9208,5427,7276,32402,23655,5474,7259,10044,10059,16454,15859,25688,10061,12602,26747,7545,26001,23406,31032,6952,22682,7259,14602,5427,7851,22707,9768,8545,30397,22873,18972,27036,18982,7708,14811,7598,23885,23226,24051,20419,14963,9174,23956,13512,17088,15752,8661,6963,17610,7013,10171,15317,7757,8951,30397
36313,6750,6856,14226,4081,9621,9402,13113,1762,13310,6817,27507,5034,1364,6270,14846,14856,0,15183,4900,6639,15098,11896,6462,12981,5176,18486,15591,25162,24533,9210,12333,18615,14453,17089,8777,19806,8684,17558,4527,7010,9296,18091,20894,18042,14109,8801,16262,9339,8679,16340,7580,22341,11784,21757,6572,8487,21221,11051,15606,21251,17445,19224,7070,23517,7870,15541,7010,14983,17390,16605,9490,15819,8922,5255,17734,12497,23016,21016,17524,9621,24514,9928,15329,6572,9698,12333,11692,9178,653,4570,2980,7010,23647,24701,9352,13110,18665,7265,19035,21621,17864,9047,8940,8739,19141,16882,25802,17450,18305,18193,17039,6189,4579,6529,18281,4120,14716,20735,7010,19237,16894,21831,8016,8528,22693,20091,7306,18537,2267,17177,1339,3084,9044,6549,18593,4124,17370,14489,8237,745,6720,6511,12242,11361,18802,8195,9621,22711,9305,12573,19401,9621,11692,12975,16042,14166,764,20910,15609,8899,8661,13110,9180,17203,9621,4746,1360,6873,19630,8776,6830,13239,8625,21946,5287,4597,17276,9643,17798,19586,9728,12968,4321,17947,21223,11751,13734,10478,5674,6189,14871,14029,10450,10492,15056,18062,9269,27430,19552,12525,8652,6886,6902,7292,10009,5298,6736,6712,5615,8663,4868,20267,28969,9643,17776,8652,11528,18062,7794,19307,15570,7306,11751,17000,4677,24095,4845,12024,16982,8725,21062,17132,21766,17352,5801,13850,18485,997,6081,6590,8834,9654,8448,9584,6995,4497,12073,7332,11751
28768,11487,11593,7198,20018,17242,6302,5688,13762,2037,11554,7859,16900,14042,10548,6709,19139,16734,0,18475,8218,7561,24840,11199,15019,17153,10795,223,7711,16131,13946,17162,4404,6037,1742,5274,3506,13421,9171,20020,11747,5376,3740,14008,2721,8526,16258,7324,17125,14943,693,12317,15153,16260,5458,13451,14609,6299,4524,6058,6374,11009,5240,7477,14216,12607,7249,11747,615,615,693,13768,5687,7782,21059,5771,4279,15176,4412,14256,16582,15695,5269,8250,15240,14692,17162,18174,6318,16980,17508,16298,11747,14366,14890,5239,16077,11566,7672,5018,3359,10958,14747,13677,6594,11289,9749,15166,6004,14499,2983,223,20559,10701,10807,14256,18057,1742,6117,11747,13948,105,14366,5512,8070,5735,5818,12043,8117,16955,12254,16509,14933,7949,14640,693,18863,3709,235,14258,15993,7645,11248,14673,4833,10968,6524,17314,6055,14650,14637,10926,17048,16463,3298,693,5838,15823,13959,7218,13636,17280,16230,15810,14256,15284,19356,14318,7711,11499,13513,7683,3027,14747,16292,19239,19760,5706,15281,7335,9942,5579,3298,13242,10241,5326,24552,8151,7477,19128,21094,6123,6724,7448,5583,7338,18526,16242,16590,3307,15928,16488,11623,11639,11571,5100,21626,11473,7359,18716,7593,19360,13818,17296,14867,14256,14837,5978,18439,12531,11499,6846,12043,22009,10020,20329,15160,18451,16853,8347,13461,13888,8762,16292,10926,10080,7745,11973,14235,12205,10868,5654,16126,12726,14413,11606,13417,16902,12069,22411
35286,10294,10400,16297,2267,13646,18398,16140,6109,17039,10361,27614,1822,6546,8827,17742,18881,4553,20363,0,9218,18005,6602,10006,17006,1843,20499,18863,29563,25688,12754,13756,22483,18396,20621,15759,25466,12228,21477,1077,10554,18151,21892,26126,21619,14842,12826,20535,13364,12704,19696,11124,27656,15809,26098,10116,13805,25148,11940,20260,25188,21953,25542,9650,26427,11415,17892,10554,18467,19331,21999,9218,18544,16124,763,21045,13528,28398,24284,20443,13646,28412,17298,21650,10116,13723,13763,15717,16397,4507,1189,5131,10554,23972,25821,16529,17136,20664,9844,22967,25139,22410,13943,12484,17450,23524,18969,26096,22071,21348,24045,18731,2634,7137,9086,21627,2864,17915,27205,10554,22408,20499,26853,14751,15606,26989,26512,10850,21117,3578,19319,5742,5235,16288,10093,20224,2325,23396,17848,13455,5147,8946,10055,16267,13940,21766,16646,13646,24558,13846,16598,22193,13646,15717,16395,21531,20248,5166,23492,16265,12444,12686,17136,12724,19971,13646,2694,5762,9470,22544,12320,9205,18177,13943,23069,802,753,21873,13668,22509,19842,17063,16266,6879,20062,25588,6457,14467,11212,613,2634,19090,16722,11183,13071,17960,21763,12813,26002,22834,16550,12677,9939,9923,7928,12589,1743,10280,9291,608,17390,1313,21172,29832,13668,20610,12677,12262,21763,11338,22236,18402,10850,6457,19158,545,26652,432,13512,19724,12269,23776,21069,25285,22073,8359,20017,23130,5400,6298,7223,17501,13679,8175,13609,9830,7054,14781,10876,6457
31296,3816,4106,8613,8233,8287,5322,7222,5293,8583,3883,20880,8647,5520,4845,6179,13522,6565,9450,9175,0,6648,15477,3407,11647,8789,14752,9450,18205,20255,6276,10999,9206,8758,9229,4328,13385,5750,11854,8802,4062,4891,8781,14811,8718,8234,7467,8200,8005,7345,10143,4646,16286,10450,14735,4983,5553,14840,4866,6437,16399,13693,9721,1419,16978,4936,8664,4062,10065,10065,10143,8941,6466,5543,9406,8961,5473,16951,16096,16939,8287,22146,5482,7922,4983,8364,10999,10358,5118,6578,9307,5714,4062,17241,20464,4904,11777,14958,1613,9564,13257,13642,6113,6006,4820,13766,12432,17395,7562,17182,8830,9450,10341,4998,5104,16939,7733,9229,15843,4062,16632,9365,17628,3606,5364,14182,13746,4372,8790,6735,14938,6073,6697,5727,4959,10143,8390,8259,9685,8096,5475,614,3562,10908,5725,13651,4266,8287,14248,8487,11239,13609,8287,10358,7339,10143,6377,5126,16582,8633,5965,7327,11777,6246,16939,8287,8897,6545,618,14182,5842,724,7604,5691,13571,9439,8872,7384,8309,8130,12626,5381,7333,5395,12924,9754,15252,7860,5971,9826,10341,6942,8138,5942,3125,6538,16728,6335,22759,9930,11192,7318,3641,3625,5867,3983,9449,3802,922,9766,5229,9020,16501,24723,8309,16939,7318,4263,16728,5045,14182,6666,4372,13556,12704,8952,20047,8962,10691,8005,5790,15064,11446,13387,13609,4377,6817,14656,5298,6501,5165,4524,8320,7899,8250,3532,5570,10739,4398,15420
37999,5597,6141,16199,17041,8064,1509,9774,9342,5207,5249,21386,16826,9443,14887,852,9139,13698,7561,19845,6648,0,20852,6149,6430,18681,19011,7772,8217,27105,4149,3927,6246,15679,8006,2808,9477,4551,18703,18941,5196,2395,6341,15656,7422,14740,8295,2125,7410,7790,7689,4641,18707,7755,6507,7660,5522,7473,8478,1627,7443,14868,6138,6922,18421,5612,15909,4101,6698,6626,7790,14309,2050,1489,18251,8950,6870,17487,14947,9820,7580,26696,2303,1279,7924,7443,4018,7954,1645,14219,16789,16806,4416,17312,27381,2501,6031,19193,7060,6132,9798,15131,5543,4723,1833,16970,16009,19911,2603,9726,7280,7731,19418,14592,13899,9019,16506,7793,7061,5528,9689,7691,17523,3250,1968,7231,6586,4781,2373,14535,15978,9961,17012,1434,7621,7895,16546,5684,7101,5745,14589,7285,5657,5710,8764,15162,2382,8186,6966,5352,5918,16217,7993,7729,5086,6986,1842,14650,16655,16054,4667,8709,6240,5200,13491,7774,17988,13880,6519,14375,4141,7314,5204,5429,13339,18362,17421,2731,7627,2026,16592,2034,5067,14147,16540,6099,20795,14872,15083,20359,21979,1888,14254,13787,6579,223,14796,5007,25010,9418,5410,7948,4822,5320,17016,7263,20078,5531,7484,19832,1701,20126,15562,29981,7361,14909,7854,7985,9902,5687,14150,860,4561,20499,17433,17701,19141,19592,4412,1359,4759,16200,18211,9862,13978,9984,199,15381,9903,15182,16244,2427,7167,15890,5478,5504,14252,4418,4921,23117
35385,15242,17572,22714,9954,20818,21830,18924,13506,20849,14208,31882,9956,12939,16573,20771,28181,11725,22537,6630,14042,22983,0,14811,14697,9977,24815,22935,33482,29922,15411,17730,26179,20991,22808,19117,29954,14891,23803,9150,14949,21802,25650,30789,25542,14833,19998,23540,20536,19876,23734,14861,32336,22981,30091,17288,13572,28783,17069,21557,31755,24201,26784,14877,28242,14841,22639,15884,24729,23264,23999,13175,24021,18897,7192,25640,17236,33080,28372,24640,20818,30031,22725,22399,17288,20895,16047,22889,19512,11679,9656,12528,15804,28256,30048,19867,13745,27532,14225,26598,29674,24617,14973,14640,18896,25653,25661,30356,23265,28118,28336,25132,9130,14883,16832,23783,11224,24262,31185,14403,29241,22670,31573,19965,18309,31030,30473,16189,26443,10750,23630,12914,12632,19019,17265,26743,10311,24934,21878,14633,12319,14816,15292,15949,16442,23996,20068,20818,28165,15319,15446,24411,20818,22889,20192,25904,23795,12338,27766,22676,14694,19858,13456,15594,26676,20818,10383,12935,15051,27237,17085,13564,20307,13689,29976,7231,9220,23133,20840,25812,24156,22402,20061,14625,24375,29553,188,15295,13950,7042,9130,22270,21471,15873,17000,20856,30832,14376,30227,26913,16380,19849,16174,17799,11542,16041,8753,13871,14929,7037,20502,9065,27999,31214,20840,24828,19849,17011,30832,14695,24429,23603,16515,188,23468,9301,30934,9310,17285,22462,16066,28027,25825,29820,24278,16105,20971,25267,12572,11369,12115,19151,20851,12132,13717,16105,14800,17202,14517,188
36424,862,1674,11678,8419,4815,5024,10287,5365,11393,929,22526,9670,5592,5798,5842,12477,6637,12258,9237,2916,6149,13438,0,10602,9691,16699,12258,16941,24331,3322,5011,9679,11566,12038,4313,14594,2796,15892,8864,1108,4838,9330,17957,9469,9729,6422,7942,4532,6300,12951,1692,17773,9405,15302,3565,2599,15366,8225,6281,15390,13500,13362,3047,16952,1983,11728,1108,12873,12873,12951,9895,6401,4855,9593,11769,9671,20312,17431,19747,4815,24144,5469,7424,3565,4891,5011,9313,4803,6444,8908,7546,1108,18996,22286,4890,10731,16905,3242,9963,16032,13897,3159,3052,4405,15485,13563,18896,7520,14859,9542,12258,10527,5951,6057,19747,8686,12038,16389,1108,15657,12173,17576,3551,4573,14755,14220,1418,8438,6807,15154,6145,7650,5016,3541,12951,8462,8752,12493,3092,5547,2343,608,9863,8535,16459,3842,4815,16246,3418,5358,13556,4815,9313,10149,12951,6270,5198,18321,11697,3012,6282,10731,3292,19747,4815,9083,6616,2867,14974,2888,2603,10413,2737,16397,9625,8934,7390,4837,7862,15874,5282,10142,6348,15982,14756,14648,9354,9633,10012,10527,6814,11203,9604,4966,6081,15683,3381,24767,14368,10146,6273,738,754,6821,7183,9635,848,2689,9952,4556,9206,15353,26744,4837,14631,6273,5891,15683,2649,13292,6342,1418,15779,13562,9015,19732,9024,4702,7496,2837,16586,13948,14673,16417,5330,6293,15908,5370,7454,6118,4387,4847,8852,3706,607,6523,4750,1444,13456
42688,7405,6263,17009,14867,4260,6290,16361,10837,17398,6625,28003,16118,11064,12587,6718,4726,13292,16553,15686,10159,6430,13335,6949,0,16140,22950,16996,19251,30718,5117,5347,15944,16893,15540,6526,19013,5781,22209,15313,7126,6781,17375,23473,18251,13872,4737,8552,3977,4615,15804,5875,22764,1654,18350,9345,4539,18053,14231,7545,18037,18986,17773,10291,22102,5404,18509,7126,14260,14692,17669,15807,7877,5009,16041,16574,15677,23387,20199,19867,4260,27679,7311,7366,9345,4336,5347,1562,6109,12626,15357,12948,7126,24782,28086,6905,2981,21009,10485,16040,19151,21341,4677,5056,5617,21046,21232,26344,8829,18394,18221,16876,16975,12689,12846,16914,14089,16425,17511,7126,20799,15203,25124,5998,4508,17607,18575,6255,8663,13255,21401,11694,13053,5013,9322,17921,14910,16411,14248,4557,11019,9587,6626,2112,14540,20028,5323,4260,19155,4580,2443,20934,4260,1562,16154,16657,7666,10670,24076,16901,5130,4597,2981,4277,19961,4260,15532,12088,10111,18930,5874,9846,16419,4677,19512,16074,15383,8851,4282,8452,20077,6974,16148,13054,22209,16104,13395,14239,15638,16461,16975,8029,16093,15610,13671,6518,7932,4710,31159,20762,2396,4588,7374,7389,13610,13189,16084,7390,9932,16401,4918,15654,19116,30100,4282,20340,4588,14287,7932,5181,18644,7112,5875,21536,19231,15463,27371,15472,5038,7387,5032,21680,21686,21235,20343,12119,6449,21872,10842,14244,12907,6302,4292,14765,4343,7500,13230,5086,6281,13582
34552,10770,10875,16552,2067,14122,17161,14700,6585,17362,10837,28991,259,7075,8095,16637,19357,4715,18905,1451,9694,16949,8883,10181,17482,0,21199,17540,25574,24547,13229,16834,23379,16971,19161,16067,24008,12704,20091,2041,11030,16858,22715,24672,22386,15318,13301,21411,13840,13180,20253,11600,23776,16285,22420,10592,14281,23887,12416,18999,26373,20515,21919,10126,22666,11890,16475,11030,18907,18023,18640,8108,19155,15100,1990,19585,14004,26948,25305,19120,14122,27136,17767,20506,10592,14198,16834,16193,16837,4668,1697,3534,11030,22669,24686,16917,17611,19401,10320,21708,23678,20973,14419,12960,16233,20062,17694,27315,20785,22068,20512,17408,3568,6405,6870,18297,812,16591,25820,11030,21083,19041,25415,13572,14606,23220,25131,11326,20041,3740,18040,7050,3406,15274,10568,20835,2833,19955,18217,13931,6455,9422,10531,16743,14416,18432,15421,14122,25682,14322,17074,20752,14122,16193,15112,20084,17216,6475,22184,14982,12919,13162,17611,15482,20557,14122,2732,5924,9946,21096,12796,9681,15206,14419,21744,2124,1037,18668,14144,21290,18570,15901,16515,5567,20705,21963,8738,14943,11688,2181,3568,17941,13890,11659,13547,18617,22239,15914,27409,23707,17026,13153,10415,10399,6819,13064,2677,10756,9767,1843,14742,2247,19852,28649,14144,19288,13153,12738,22239,11814,18860,17299,11326,8738,17877,1509,25348,1396,16525,20599,12744,22460,19675,23824,20623,7627,17115,21691,6708,5189,6114,16222,14155,7066,14085,10306,5742,16574,11352,8738
21665,17333,16367,8958,22783,20699,17034,9041,17348,11275,15847,5976,18941,17644,15736,17770,22330,20375,10710,22593,13384,17248,27350,15151,20823,19234,0,10710,15844,11032,19678,18952,9297,7872,10489,13907,6073,16603,1053,20580,14456,14203,8661,4629,7200,11860,19385,18784,23090,19952,11403,17864,5775,23914,14898,18127,18098,15602,9606,15336,15740,3129,13412,12665,4837,17043,9009,15288,11325,11325,11403,16586,16380,19036,21289,7610,10955,5797,6343,4877,22277,7804,14201,20120,18434,21864,21089,21885,17001,18481,21896,16935,16173,4987,11043,15467,22575,753,12860,9921,5447,2847,20263,17925,17278,1212,1444,5788,16852,5120,7512,10710,25042,14932,15995,4877,20276,10489,15571,14704,4569,10625,4987,13942,17547,13494,15388,17840,18090,20118,1418,18510,18753,17514,17941,11403,19448,8896,10945,20030,17840,14715,15443,20753,9915,3088,15418,20710,14092,18604,22709,3046,22608,21981,11433,11403,15049,19396,4580,8978,17739,20336,22650,18726,4877,22490,21836,17181,12899,3619,17865,12764,11698,18012,6914,21415,22123,16419,22583,17060,631,16060,11427,14639,527,13542,26945,11411,12665,23335,23191,15455,8483,12637,10771,18690,23271,18562,11043,5898,20621,19876,13430,16870,14719,10288,22086,17441,12547,23002,18697,23877,4439,10278,20111,4877,21797,9996,23312,17417,3619,18033,16127,24231,2085,20658,5782,22724,21531,20262,19640,4510,1629,6914,3046,15268,17501,4093,17544,14381,15518,15921,19921,15543,18587,16963,16083,19426,16167,24538
31594,11487,11593,7198,18561,17701,6541,5840,15621,2037,11554,7550,19051,15930,10548,6921,17781,17184,105,20790,8218,7772,25279,11199,15421,19332,10795,0,7587,15880,13946,17162,4335,6037,1742,5539,3207,13421,9171,18561,11747,5622,3666,14008,2549,8526,15170,7461,15949,16929,693,12317,15153,16670,5377,15287,14609,6179,4524,6248,6257,11009,5180,7477,14216,12607,7249,11747,615,615,693,13768,5868,8034,21492,5771,4279,15176,4108,14256,17040,15430,5491,8427,15702,15108,17162,16900,6564,15811,17902,16721,11747,14366,14664,5484,14986,11566,7672,4956,3046,10958,14747,13677,6852,11289,9749,15166,6136,14499,2827,105,20953,13499,10807,14256,16767,1742,6015,11747,13948,223,14366,5797,8331,5617,5737,12043,8251,15785,12254,16963,15315,8198,15102,693,17508,3692,235,14258,16443,7645,11248,15066,4833,10968,6796,17774,5957,14650,15035,10926,17507,18595,3298,693,6027,16271,13959,7218,13636,17741,15128,15810,14256,17304,19755,16222,7711,11499,13513,7576,3027,14747,16292,21638,20190,5839,15696,7477,9942,5808,3298,13242,10241,5268,24988,8151,7477,21511,23682,6291,6724,7448,5583,7549,18944,16242,16339,3005,14840,16948,11623,11639,11571,5100,22065,11473,7359,21059,7850,19755,13818,17086,15281,14256,16814,5978,18856,12531,11499,7042,12043,22405,10020,18837,15160,20767,14967,8523,13461,13888,8762,16292,10926,10080,7954,11973,16138,14706,10868,5913,15045,12726,14413,11606,13417,14870,12069,25136
37273,18309,19314,16076,28835,23255,8317,17219,21354,7572,17942,9888,25372,21575,22288,7829,24987,22830,7711,26822,16517,8217,30378,18672,21218,28187,17463,7587,0,21859,17534,17582,3442,15337,7881,8547,5934,15855,16256,26239,15430,8089,4046,8478,5075,19678,23124,6218,20416,20600,6897,17379,8881,23097,2420,19875,17531,1414,17186,7013,1345,14917,2776,16008,9352,18992,17485,16118,7149,6437,6773,22804,6715,9550,30071,8421,15645,8978,5938,8348,22525,21283,7467,7664,22338,22248,16095,23389,8520,25604,28313,23400,14610,9959,24381,8004,18722,15920,16562,2955,6565,13493,17650,18274,9021,14865,17126,9383,5718,7601,4775,7652,31563,23144,22453,8119,27471,8276,1665,17609,6753,7718,9924,9291,14657,1979,2104,15917,6469,23386,15244,24731,25982,9568,21785,6654,25354,4359,7850,19623,24499,17248,18224,20252,17946,9420,9442,21238,1750,17504,20507,9962,23116,20972,8013,6504,6913,24442,9609,17602,18133,23931,18980,19142,9063,20702,30057,22463,15675,9475,16749,18929,7971,17399,6702,27410,28915,5710,20559,6315,15557,7745,8102,23767,16898,2734,33311,21533,19317,27407,32165,6518,16424,19144,16991,8088,23998,17102,24505,6090,17992,22872,15671,14334,21743,15360,30339,18282,19040,26946,9630,30220,8784,27139,22227,8665,20620,16759,26154,17465,9467,7456,17235,29933,15184,26653,14872,26694,18334,7694,18279,8971,16011,6537,9420,19978,8251,13246,24260,24501,23976,8585,19901,22711,17640,14423,23832,18322,16066,33490
17259,22739,25672,17143,26147,30271,22811,17225,23600,17704,22911,7604,26730,23886,18724,25862,31981,27039,14635,28312,22324,24592,32979,22076,27871,27055,11012,14408,24092,0,25061,26203,20960,16057,15493,21262,15590,23756,10494,28662,21552,21559,20108,14655,16260,17067,26013,24257,27851,26718,14758,23351,15801,28595,20063,24818,25152,22482,17047,22650,20530,13277,22113,20893,14863,24061,17193,22501,17433,17804,14712,20014,24425,24624,26526,15794,18788,15824,15431,14903,29796,6374,23745,28164,27648,29385,26383,31700,25109,24409,27889,24767,21867,15013,11,23575,27566,11783,19470,19801,14704,13093,25444,25073,25382,12793,11367,15814,22496,15147,16649,14440,27860,23007,18293,14903,23732,15739,20492,23962,14596,14474,15013,23446,27431,19833,22555,25693,25292,24088,14620,24670,22507,24868,27148,16171,24898,20612,15201,27772,26385,20078,24741,27893,15676,13236,22757,30257,20485,28320,30541,13194,27278,31858,19760,17320,24644,26086,14607,17162,27434,26943,30431,28480,14903,27205,27227,23086,19300,13767,25799,19892,19572,27638,16940,29362,25365,24367,30113,24284,11207,24161,19812,20329,10902,20195,32517,16542,16722,26329,31150,25055,17342,17907,18852,24300,32883,28319,11,15431,27789,29325,20620,21906,20033,19290,27454,25181,21703,26116,26796,26955,14465,3987,29722,14903,29229,17630,32992,26926,13767,23685,25658,29330,11639,28607,15808,28532,26762,25681,27513,14536,10898,13347,13194,18789,24843,14241,26068,21771,21573,24028,29537,17789,25661,21659,20251,26648,23274,32579
40563,4026,3540,14295,12223,3933,3708,15484,8230,16590,3245,22003,13474,8457,9368,4250,7756,10174,17455,13041,6606,4149,16986,3570,5880,13495,17854,17455,15909,27622,0,2507,9408,14076,17235,3867,15525,1538,19034,12668,3746,4129,9257,19752,9858,18022,3660,6245,3651,3803,18148,2496,19375,4683,9977,6788,1718,16126,13422,5013,16114,15861,9579,6617,18771,2024,15496,3746,18070,18070,18148,12588,5310,2660,13397,14645,14868,19987,18410,14711,3933,24820,4676,5282,6788,4010,2507,4592,3512,9981,12712,10304,3746,19195,25288,4251,6010,18038,6812,9505,15691,17877,1731,530,3012,17962,16348,20514,6324,15008,9834,17455,14067,9494,9627,14979,11444,17235,15532,3746,16999,17370,19490,3363,2195,15603,14803,2875,6507,10611,18139,9087,10408,2734,6765,18148,12266,8599,17690,1875,8412,5913,3247,5142,13732,14972,2672,3933,15386,1990,2636,17452,3933,4592,15346,18148,5109,8063,20440,14177,501,3785,6010,1864,16389,3933,12887,9482,6437,15715,1630,6173,15610,1856,16055,13429,12738,6312,3955,6149,18867,4349,15339,9859,17162,9568,16947,18216,14830,13234,16068,5524,14869,14801,8323,4182,10962,1873,28071,15357,5425,3776,3994,4010,10391,12380,13439,4011,6259,13756,2478,13010,17438,30216,3955,15164,3776,13479,10962,1801,15436,4695,2496,15080,17937,12819,21473,12828,2198,5328,600,18332,16793,17419,15249,8900,4220,18363,8235,11024,9688,3645,3966,11546,2279,4121,10035,2247,2901,15557
41991,5947,5147,15488,15048,3868,3865,14757,11018,17580,5393,22796,16300,11245,12943,4226,7953,13000,18445,15162,8527,3927,16086,5492,6077,16321,20888,18445,15952,28880,2474,0,9659,15241,18224,4328,16195,4012,18402,15494,5668,4476,9574,20673,15026,14848,4918,6051,3586,4168,19138,4417,20194,4881,14784,9526,3081,14796,14412,5072,16284,16893,9744,8539,19651,3946,15248,5668,19060,19060,13371,16163,5421,2506,15266,14224,15858,22914,17348,15618,3868,25945,4945,4911,9526,3945,0,4789,3704,12807,15538,13130,5668,22162,29134,4610,6207,21089,8733,9691,18095,19001,2803,2727,3234,20950,17470,23509,6339,17462,13564,18445,16380,12871,13202,14496,14270,18224,14251,5668,17825,18360,20390,3961,2006,14376,13598,4797,6194,13436,17564,11875,13234,2506,9503,13580,15091,8905,18680,3099,11200,7835,5169,5339,14721,17593,3054,3868,15563,2706,2833,16847,3868,4789,16336,19138,5205,10851,19453,15368,2976,4150,6207,2054,17452,3868,14810,12270,8359,16693,4105,8094,16600,3219,16786,13947,15564,6374,3890,5951,20084,4593,16329,13236,18253,9723,17728,13757,15820,15568,16927,5542,16217,15791,13853,4012,11159,1901,29332,16045,5622,4142,5916,5932,13965,13370,13642,5933,8180,13657,2437,13780,16742,31512,3890,17732,4142,14469,11159,3723,16420,4609,4417,17405,19157,14743,24596,14846,574,4940,2809,21156,17927,16526,17893,12474,3952,19459,11023,14599,13263,4033,3901,15121,2469,6043,13411,622,4823,17931
33967,9525,13533,8941,21896,19234,5794,8444,17133,4167,9317,8891,20998,17370,15700,5594,21057,20516,4404,24780,9206,6246,28854,9679,17573,21212,9297,4335,3442,19017,9408,9659,0,8398,4645,5632,3851,9151,9460,24200,8552,5286,670,6557,2104,16678,18849,4812,16932,16878,3709,9029,7322,19339,1062,17544,15296,2061,8342,4699,2111,7434,853,8743,7454,14769,8768,8120,3751,3058,3632,16148,4299,7269,22985,5338,7300,7600,4375,5559,18507,20398,4737,6221,17982,18188,9784,19626,5956,20917,21378,20926,8016,8020,19281,5171,15429,9380,9183,631,4382,7477,14042,9847,6438,8705,8840,8045,3701,4990,1798,4384,24370,16563,15836,5113,20534,4959,1781,8961,4429,4435,8082,6314,7734,1525,1420,9125,5434,21047,8663,18263,21113,7348,15790,3565,23177,950,4465,14127,19827,9726,9436,15218,8862,6557,6737,17570,1703,13968,16936,7200,17306,19426,4629,3186,4523,17914,7575,8855,9732,17905,17255,13883,6221,18798,23033,18134,8519,6757,8652,9660,4575,13746,4621,23113,24138,3524,16952,4880,8980,5077,4723,17084,8842,947,25996,16533,14763,25444,24917,4358,9116,14589,8298,6057,20406,13622,19417,3895,16397,18730,7579,7583,17194,8192,25673,9521,9721,22633,7253,23148,6196,21783,16542,5938,16862,8048,20191,15075,6691,5388,8929,25710,8592,24626,8897,22377,13494,6290,9831,7043,9223,4404,6612,15462,6353,7413,19570,19523,17239,5780,16278,17698,15517,7628,17137,13454,9221,26153
26261,12796,12901,3425,16767,16653,9297,3508,14645,7348,12863,8324,16654,13583,11815,9923,20137,15930,6782,16691,9484,14226,23136,12508,18619,15398,7792,6782,16904,15937,15514,16798,8398,0,6561,8040,6303,14730,6168,16692,13056,8364,7729,11004,6514,8516,16880,14556,16945,17530,7475,13626,12150,19500,9437,14064,14170,14872,5684,9476,14991,8006,9243,8744,11212,13916,3476,13056,7397,7397,7475,13241,9175,13929,19238,3682,7034,12173,6951,11252,16179,12708,8498,15455,14366,15805,15418,19698,9233,14472,15983,14864,13056,11362,15948,8251,16578,8562,8938,9020,5802,7955,15938,14077,9338,8285,6746,12163,9736,11496,6816,6782,18905,14808,12074,11252,16051,6561,13309,13056,10945,6697,11362,7921,14114,9640,9796,13352,15610,15727,9251,15935,14865,14184,13877,7475,17154,7732,7017,14226,13801,8912,12557,18623,5993,7964,9058,18361,13238,16206,16717,7922,16466,19824,7512,7475,9275,14951,10956,3445,15314,16265,16628,16361,11252,16367,17949,15659,8977,8495,14822,8842,8337,15530,13289,17584,17892,9439,16460,14547,6939,8723,7505,14550,7237,9332,22753,8032,8744,17366,21375,9678,2858,8715,6849,15373,21160,14697,15948,6082,18509,17439,12932,12948,11374,6367,18203,12782,8626,17037,13582,19628,10814,13351,16089,11252,17331,6074,21212,13461,8495,13485,13352,20415,7017,16811,12157,16780,17395,15587,13966,10885,5759,13289,7922,11346,14488,8969,14884,16310,12135,8450,15906,12199,16172,13041,14726,17268,13378,20745
28260,11325,11430,7030,20318,16111,6748,5672,15540,2254,11391,7484,17127,14382,10386,7154,19651,15505,1659,18710,8055,8006,25139,11037,17128,17385,10626,1659,7881,14057,13784,17000,4645,5868,0,5713,3330,13258,9002,18429,11585,5821,3976,13839,2827,8357,15181,7744,16031,15404,2352,12154,14985,18470,5685,13879,14446,6475,4361,6499,6554,10840,5491,7315,14047,12445,7080,11585,2274,2274,2352,13606,6125,8225,21335,5602,4117,15007,4212,14087,15519,15053,5716,8688,15708,15163,13280,16985,6763,17316,17765,16543,11585,14197,15775,5684,16658,11397,7509,5268,3112,10790,14585,13514,7036,11120,9580,14997,6421,14330,3113,1659,20814,13337,10645,14087,18302,13,6317,11585,13779,1574,14197,5937,8510,5915,6045,11881,8535,17272,12085,15319,16698,8393,13708,2352,17368,4007,1894,14096,16346,7483,11085,16767,4671,10799,6958,17825,6260,13294,15170,10757,15934,18700,3515,2352,6279,14668,13790,7049,13474,17760,15248,13341,14087,15755,21637,16089,7548,11330,13351,7413,3243,14584,16124,21481,18170,6123,17369,7757,9773,6026,3515,13079,10072,5580,24840,7982,7315,21346,21346,6557,6555,7286,5420,7783,18978,16080,15952,3120,16529,15413,11461,11477,11408,4938,21929,11310,7197,18962,8034,21626,13649,16724,15346,14087,16855,5809,18900,12369,11330,7289,11881,24549,9851,20605,14992,20607,15157,8784,13299,13720,8594,16124,10757,9917,8190,11804,14552,15286,10706,6095,16657,12564,14690,11570,13254,15057,11907,22670
37843,4009,4695,8364,16515,7555,1300,6984,7678,2840,3755,17094,15879,7828,7740,2083,8811,8777,5274,17369,4328,2808,21070,4313,6526,14577,15328,5539,8547,23434,3867,4328,5632,8040,5713,0,7911,3519,14910,15084,3181,565,5421,9895,5998,8414,7330,3917,7191,7123,5656,3406,15997,7676,6318,6474,4859,7430,5674,2125,7437,8796,5918,4355,14037,4509,8167,2512,4524,4701,5803,8292,2140,2544,17793,6619,4069,15097,8787,7613,7057,20932,1167,3947,6772,6838,4466,7870,1201,9110,14582,9517,2504,14542,23703,583,6153,15519,4598,5811,8081,9027,4990,4251,1339,13770,9497,15645,3246,7703,5968,5476,17447,7825,7992,6772,15445,5377,7038,3589,7902,5414,14802,762,2798,7013,6539,3508,4573,9271,9506,8455,9656,2726,6389,5953,15737,4775,4737,5044,8348,4957,3962,6087,5976,8013,1280,7645,6938,4955,6138,8717,7445,7759,2551,5044,2051,8335,15300,8265,4129,7914,6304,4911,7866,7256,16054,8642,3979,8531,3020,4950,2688,4759,8361,17928,16716,3091,7182,3856,9987,1062,2501,8420,9971,5924,20923,8491,7681,17969,17990,2617,7988,7725,3961,2624,9790,4719,23893,7796,5870,7215,2421,2764,9151,4522,16303,3988,5089,15832,2329,16239,8472,23804,6870,7990,7115,5184,9633,4709,8340,2503,3306,18691,9377,15537,18355,17184,4857,4043,4226,14948,9875,8162,8202,7522,3007,9282,8203,9120,8768,411,6672,8338,5029,2918,8488,4804,3612,21108
32441,14711,17194,6862,25132,21985,8590,7086,18375,5298,14582,5195,21526,20557,17151,8692,23880,21830,3506,23106,14753,9477,27177,16085,20955,21782,6073,3207,5934,14145,17112,17850,3851,6303,3330,7911,0,14768,6457,25134,13289,7801,3395,2722,2059,15385,21151,8458,19708,19275,2622,15971,3486,20404,4505,17904,16559,4739,7839,7851,4838,4436,4559,9342,3625,17417,6745,13289,3716,3273,2423,17336,7427,13434,26170,3273,7516,3802,923,2690,19323,13600,7450,9752,20159,20924,16378,20647,8683,20040,22146,19410,9761,4208,15880,7662,20435,6121,9849,4382,631,4351,18501,15934,9081,5303,5994,4247,7201,1838,2244,3307,27772,18731,17106,2867,21007,3927,4796,15168,859,3407,4247,8371,15376,4299,4791,16052,9154,20022,5736,19588,21550,13604,17744,2224,23974,3938,4018,18465,19136,15252,14508,20401,8368,3747,9184,20029,4791,16828,18548,4157,21799,22667,5765,2977,7636,20927,3791,6803,17367,22150,18717,16822,3393,19572,23996,20895,9281,3658,15611,13696,5637,16437,798,23876,22562,6954,19538,8510,5908,7809,5859,18976,5722,4657,26915,13681,14080,23761,25731,7675,7362,13764,8961,9263,25216,16584,14533,224,18234,21294,9026,8768,18284,8415,26740,14751,15075,23351,13289,26451,2911,16919,19120,2905,21154,7766,25079,17792,3698,8638,14368,29371,5714,23081,5091,23086,16896,9834,17498,3216,6317,607,3685,16964,9625,4107,20790,17524,17086,8212,20800,17115,18619,8723,18993,18546,16135,27050
35354,3251,3171,16506,11641,3564,3742,15115,8161,16221,2471,21079,12892,8388,8594,4444,8286,9592,17086,12459,5832,4551,16413,2796,6411,12913,18299,17086,17475,26183,1513,3227,9151,16394,16866,3519,16277,0,15982,12086,2972,3908,8925,18695,9372,17653,3291,6537,3282,3434,17779,1478,20314,5214,9817,5938,1349,14453,13053,5077,14456,16189,9416,5843,17761,1250,16556,2972,17701,17701,17779,11814,5304,3124,12815,16597,14499,21006,17600,15083,3564,25935,4518,5781,5938,3641,3227,5123,3522,9399,12130,9722,2972,19999,26429,4007,6541,18503,6038,9318,16386,16597,1375,1267,3041,18481,16612,19569,6389,14063,9381,17086,14774,8720,8853,24575,10862,16866,15348,2972,16064,17001,20341,2868,2757,15345,13263,2101,6916,10029,16754,9018,9826,3255,5914,17779,11684,8287,17321,1506,8343,5139,2473,5672,13363,15263,2554,3564,15202,1633,3573,14683,3564,5123,14977,17779,5128,7994,17504,16525,1203,3416,6541,1508,13778,3564,12305,9412,5663,14603,266,5398,15241,1487,15223,12847,12156,6325,3586,6447,17482,4237,14970,8502,17545,9417,14814,17847,14461,13234,13932,5613,16031,14432,7549,4531,11493,1517,24161,14580,5956,3407,3220,3236,9617,12011,12858,3237,5484,13174,2861,12428,16286,28738,3586,15557,3407,13110,11493,1432,15782,4930,1478,14518,16550,12237,20495,12246,2918,5842,1243,19112,15505,16516,15576,8126,4663,17113,8166,10250,8914,3407,3597,10772,1922,3347,8678,2966,2127,16522
23742,16568,15638,7722,19681,19924,16669,7804,16450,10039,16727,6758,19767,16744,14500,17470,23735,19351,9473,19486,12170,16969,26234,14419,20151,18228,1053,9473,17917,10514,17270,20282,9460,6636,9253,13528,6457,17614,0,21587,15210,15290,8808,5818,7387,10985,18570,18665,22284,19176,10166,15580,6964,20966,13785,19097,19206,14519,8369,16670,14641,2820,15035,11429,6026,16353,7772,16209,10089,10089,10166,15710,14671,18601,20281,6374,9719,6987,6819,6066,21441,7286,13931,18054,19424,21028,18583,21146,15075,17536,20800,15943,14077,6176,10525,13709,19827,1824,11624,14717,5845,2769,17715,17302,16847,3099,1562,6977,16751,6310,7702,9473,21708,13979,14759,6066,17390,9253,15929,15451,5759,9388,6176,14869,17117,13834,15696,17137,19826,17296,1853,19397,17655,18874,17140,10166,20339,8986,9709,17488,16918,11597,16250,20127,8679,2778,14984,19928,15880,17950,19960,2736,19737,21259,10197,10166,14842,18374,5770,7742,18867,19517,21915,18084,6066,19640,20842,16230,11662,3309,15617,11528,10461,17344,8103,22491,19066,14803,19734,18676,891,14279,10190,13655,943,13769,23431,11178,11429,22218,22175,16852,7247,11400,9535,18386,24741,17930,10525,6268,22056,19090,15618,15633,13843,9052,23244,16680,11311,19862,16553,20660,5628,9760,21341,6066,18993,8760,24801,16725,3309,17775,15505,25589,1833,21662,6971,21614,18966,20042,18950,5699,573,8103,2736,14032,18986,3783,16622,13368,14820,15508,21140,14668,19756,15727,13605,18853,15519,23520
36140,13577,13683,16342,6659,17150,17569,16085,9839,18256,13644,27530,6289,10329,12331,16969,28222,8057,18164,5857,12722,17185,7160,13209,20510,6310,22682,20457,28920,26005,16037,19862,21957,18398,20312,16625,22804,15511,19586,0,13837,15779,21395,25972,21213,18573,16330,21780,16868,16208,19367,14407,24974,19313,25483,13399,15314,24597,15671,19457,27148,21898,24920,13154,26331,14698,17922,13837,19936,18929,19632,14106,19661,16843,6093,20810,17259,28270,23996,20261,17150,26069,16614,18806,13399,17227,19862,29794,17243,8011,5989,8861,13837,26366,26147,17467,20640,20749,13348,24701,22544,22358,17447,15767,16603,23559,20967,26000,21293,21129,23578,20311,5771,10641,12590,19400,7663,17634,24121,13837,24412,20165,26794,15513,16252,23949,25884,14133,22386,7082,19360,10304,8966,15436,13376,19897,6643,20704,19301,16959,9710,12450,13338,19771,17444,21640,15809,17150,23994,17350,20102,22120,17150,29794,17537,19156,19459,9729,25814,16301,15727,16190,20640,16007,19834,17150,7767,9266,12956,22436,15603,12914,16018,15452,25147,6126,5554,19155,17172,19647,21938,18030,17393,10383,22168,24961,7015,18198,14942,6513,5771,18364,15211,14914,16575,17152,30873,16096,29020,22538,20054,16181,13443,13427,13528,16093,5249,13563,12795,6453,14946,5707,23183,30283,17172,20454,16181,15992,30873,14621,20072,17626,14133,7015,19194,5634,29313,5643,19553,18882,15552,23666,21160,22676,21953,11863,19104,23070,9963,10766,12826,15174,17183,13064,17113,13334,10558,19602,14159,7015
33128,999,1811,12800,9541,4952,3970,11409,5722,12515,1066,19320,10792,5949,6920,4809,9643,7934,13380,10360,4158,5196,16476,1122,7768,10813,15933,13380,17007,23753,3459,5148,8552,12689,13160,3181,14647,2933,13800,9987,0,3715,8217,15177,8415,11176,4867,6888,4669,4822,14073,1829,16656,6571,9353,4280,2736,13860,9347,5189,15302,17623,8959,4169,15901,2120,12851,0,13996,13996,14073,11017,5288,4018,10715,12891,10793,19069,15990,20870,4952,21341,4342,6475,4280,5028,5148,6479,3753,7741,10030,8668,0,17892,23996,3761,7897,16139,4364,8827,13290,17572,3296,3189,3395,16183,16363,19606,6406,21113,8473,13380,13246,7073,7179,20870,9999,13160,13362,0,20562,13295,18251,2419,3819,14608,9606,1555,7422,7929,18868,6579,8772,4197,4256,14073,9584,7630,13616,2877,5904,3466,546,7029,9657,17582,2830,4952,13232,3555,5495,17540,4952,6479,11271,14073,5165,5555,17199,12820,3149,4804,7897,3429,20870,4952,10206,6974,3990,18113,3025,3725,11536,2874,13631,10747,10057,6267,4974,6811,13711,4171,11265,7438,13782,8977,16313,10801,10755,11134,13790,5717,12325,10726,5876,5105,12849,3438,24198,9880,7312,4835,1547,1562,7943,8306,10758,985,3811,11075,3706,10328,20432,23843,4974,20870,4835,8991,12849,2786,18113,5306,1555,15992,16634,10137,20573,10146,4839,6554,2974,17094,14685,13414,17540,6452,5354,14901,5727,8577,7241,3278,4984,9975,3245,1674,7614,4888,1581,16495
34829,4499,5174,8713,17276,7924,946,7383,8203,2948,4227,18782,16675,8348,8303,1608,9160,9296,5376,16468,4891,2395,19781,4838,6781,15295,15654,5622,8089,23762,4129,4476,5286,8364,5821,565,7801,3908,13873,17391,3715,0,5131,9901,5834,8938,7766,3356,7509,7513,5668,3828,14496,7974,5911,6934,5218,7013,6146,1561,7015,8978,5510,4916,14084,4934,8514,2966,4575,4664,5800,8851,1582,2418,16841,6748,4550,15061,8656,7699,7423,23379,633,3463,7230,7215,4610,8171,942,9636,15286,13330,3012,16114,21807,141,6397,14373,5163,5418,8014,9196,5332,4561,1280,15434,9756,17215,2694,7726,5775,5567,19986,8387,8552,6869,16245,5535,6615,4119,7854,5514,14865,1305,2757,6618,6114,3939,4025,9804,9749,8965,13514,2577,6856,5937,14987,4470,4868,5413,8874,5522,4466,6283,6470,8169,1458,8019,6514,5270,6364,8883,7819,8040,2745,5018,1486,8865,13959,8614,4448,8329,6561,5205,7999,7624,18443,9186,4542,8668,3407,5516,2873,5118,8296,18695,17498,2552,7537,3298,13528,499,2714,8985,13492,5510,19655,9006,8223,17007,18675,2051,8377,8259,4517,2194,13431,5009,24222,7701,6047,7616,2983,3328,9710,5047,16982,4471,5655,18224,2261,18658,8558,26599,7230,8087,7516,5662,9977,5118,8485,1988,3728,19362,9623,16238,16650,16294,5013,3560,4547,13595,13419,8090,8349,8086,2595,9425,8732,9685,9333,501,7030,8895,5355,3480,9053,4970,4052,21850
33126,9218,9919,8273,23523,17153,5732,7793,18307,3674,9029,8531,22473,16854,16522,5632,18828,19940,3740,24128,8781,6341,28271,9330,15764,20610,8661,3666,4046,18244,9257,9574,670,7729,3976,5421,3395,8925,8808,23581,8217,5131,0,6058,1499,14325,16723,5097,16690,18249,3040,8784,6880,17326,1719,15513,14988,2641,7745,4744,2702,6789,1520,8268,6947,9867,8100,7865,3110,2407,2967,15412,4328,7252,24704,4672,6761,7187,4017,4924,18183,17745,4629,6448,15911,16197,9704,17583,5875,20321,20804,20233,7724,7500,18508,5007,16815,8746,8722,1297,3881,6841,15184,9668,6339,8088,8181,7634,3892,4389,1213,3716,26245,15925,16652,4454,19917,4296,2403,8620,3895,3768,7578,6063,7698,2082,2078,8871,5770,20429,8009,19573,18524,7347,15379,2905,20446,671,3819,15251,17456,9279,9116,16631,8270,5908,6589,17265,2333,13729,16764,6559,18740,17423,4155,2521,4550,19144,7043,8186,9548,17549,15473,13661,5576,18472,24789,17555,8065,6124,8431,9206,4086,14844,4134,24846,21313,3675,16670,5155,8334,4982,4251,18088,8199,1612,28056,14183,13994,22503,26847,4468,8453,13808,7827,6140,22170,13404,20553,3410,16271,16660,7224,7182,18124,7664,22753,9221,9258,22055,7207,24898,5586,21005,16256,5309,16528,7467,19917,13351,6051,5481,8684,27743,7936,23991,8481,21797,13383,6523,9646,6536,8566,3913,5969,14758,6465,6793,18975,17007,16535,5612,15995,16874,13830,7213,16461,13336,8960,28226
26107,18288,17414,12499,23603,24093,14255,12581,19551,14816,16556,3133,24367,21869,17583,14567,23575,23028,14250,23704,16324,17256,27935,16292,21297,22385,4630,14250,8478,16101,17921,18756,6557,11413,14030,9895,2722,16962,5759,23565,16728,9901,6058,0,4614,13707,20874,16085,24026,21146,14943,16633,1764,24827,7225,19570,20603,7386,13146,13525,7486,3382,7280,13619,826,19623,12550,17079,14866,14866,14943,17537,9804,17961,24418,11151,14496,1786,2543,2971,23448,12873,9657,16206,21970,20916,18943,25077,14330,23181,25209,22041,16552,976,16112,9760,22995,5400,14289,7101,2179,3086,18947,18218,14780,3676,4935,1776,9731,3215,4859,14250,28526,17697,15790,2971,23771,14030,7480,15580,2664,14165,976,13519,18456,6982,7504,18376,15555,20926,4642,22893,22171,16493,21377,14943,22460,6541,14486,18848,22284,16626,18022,20938,13456,3340,16294,21916,7482,19055,23048,3298,23896,22735,14974,14943,13232,22074,1057,12519,19876,24044,23150,21047,2971,23705,27336,21861,15076,2956,16418,14918,15239,20480,2903,27058,25574,9465,21518,16147,5671,14590,14967,17703,5969,7378,30447,13337,14186,26867,29092,13391,12698,13788,14312,16934,27227,20808,16112,2662,20707,21146,15317,14759,18280,13829,25064,16656,14838,24008,17738,24729,2533,14780,23263,2971,21027,13537,24640,20022,2956,16078,18210,30173,4578,23760,1771,26171,19432,16321,18142,499,5170,2903,3298,15843,15873,2429,19930,19585,17380,14946,20875,15644,19092,14624,17692,19347,18422,30576
31187,9469,13445,7073,23349,17680,6581,6812,16576,3628,9331,7254,20073,18559,15843,6645,21368,19885,2721,23828,8718,7422,28151,9469,16559,20311,7200,2549,5075,17921,9858,13633,2104,6514,2827,5998,2059,9372,7387,23380,8415,5834,1499,4614,0,13309,18806,6429,17347,17037,1838,9188,5498,18021,3029,17418,15657,3684,7076,5796,3768,5347,2935,8064,5490,14915,6914,8267,2408,1729,1702,16190,5372,8140,22198,3357,6366,5844,2842,3463,17039,15761,5441,7699,17852,16715,13813,18271,6686,20207,20587,19827,8040,6029,16524,5697,16072,7281,8552,2722,2455,5380,15887,14887,7105,6601,6786,6287,5154,2892,316,2625,26043,15546,14423,3081,19576,3281,3571,8797,2430,2702,6121,6527,8546,3134,3376,9257,7144,20253,6595,17765,20000,8261,15654,1579,22275,1927,3000,14419,19161,9143,9336,17626,7614,4482,7252,19591,3528,15895,16060,5107,17518,18158,4126,1618,5583,19031,5565,6993,14698,17937,17925,14392,4139,17295,22360,19121,7930,4657,8897,9051,4018,14079,2725,24611,23205,4902,18999,6477,6896,5802,4226,15914,6752,3034,27900,9907,9942,22254,24171,5616,7355,9758,7645,7209,22744,15591,18366,2022,17301,17107,7394,7230,17258,7290,24936,9487,9071,21822,8046,24703,4094,20965,16819,3837,16978,6879,20480,15271,4598,6580,9092,27595,6532,23742,7123,21560,15807,7782,13460,5081,7163,2502,4524,15615,7568,5309,18877,18060,17552,6269,16565,16030,14501,7219,15949,15738,9328,25459
27399,14306,14411,6770,14976,17268,9659,6232,14314,11214,14372,17380,9860,14804,8192,15299,14049,14188,10648,15918,10158,16246,16349,14018,15290,10002,13097,10648,21688,15485,16765,13472,15132,7697,10427,8414,13959,16239,11473,15545,14566,8938,15789,15107,14668,0,16448,16190,13389,16326,11341,15135,14990,14080,18209,15964,17427,19640,6576,15237,19730,13312,17768,9418,15197,15426,6821,14566,11263,11263,11341,7475,13655,13618,16150,9401,8851,15649,15006,16558,17268,15497,9375,16337,15964,17345,13610,15637,9498,13995,16050,13336,14566,13678,15646,8888,13735,13868,9613,15847,13456,13261,17566,16495,9346,13591,12051,17535,14891,16801,15022,10648,17084,8888,6930,16558,14476,10427,17488,14566,16250,10563,14075,7888,13498,17077,16980,14862,18885,13868,14556,14779,13440,15294,15941,11341,15523,15394,10883,17077,14184,9586,14066,15750,6021,13270,8856,17268,19162,17468,15387,13228,17268,15921,10614,11341,15043,14204,14615,6790,16455,16308,15071,18628,16558,17268,15640,16741,9651,13801,16332,9517,10878,17565,15029,16182,15615,14556,17290,16129,12245,9425,10607,8198,12543,16208,15935,2943,6408,16569,17084,14362,6296,6083,8331,16017,16172,19061,17450,13665,15809,16299,14442,14458,5608,7849,16193,14291,9300,16509,9977,15763,16120,18967,17290,16558,16299,7584,16361,15350,13801,14447,14862,14247,12323,15696,16350,15705,13777,16461,16280,13666,11065,13583,13228,7358,14991,14275,14437,7674,6415,8748,17301,6433,17231,14425,8373,13646,14888,14546
39341,4294,3282,16821,12465,3009,7627,14100,8644,15206,3184,27573,13716,8871,10395,8298,9036,10417,14751,13284,7967,8295,19279,3838,7161,13738,21365,16720,20981,28671,3810,4796,17102,15315,16732,7330,19191,3413,20467,12911,4015,7766,18431,23007,17063,16638,0,15110,2727,2419,15764,3222,22354,5964,19906,7153,2660,19533,12038,8964,19542,17921,17531,8098,23697,2593,15085,4015,14273,16447,16019,13615,9193,6810,13639,17641,13484,23013,22497,17485,3009,25907,8387,9445,7153,3086,4796,5872,7409,10224,12955,10546,4015,21750,28884,7854,7290,19571,8293,17385,19154,18328,3040,3540,6923,19833,19589,25869,14990,18082,18885,16582,14573,10497,10654,16438,12923,15916,19013,4015,18815,16444,24358,6615,6357,20913,20228,3602,14111,10853,18002,9501,10651,6894,7129,17936,12508,15913,15425,2597,8826,7394,3515,6422,12348,19081,6443,3009,20810,2942,5087,19847,3009,5872,13962,16829,9017,8477,21150,15173,3500,2401,7290,3027,17357,3009,13130,9896,7918,19931,3505,7654,14227,2798,21477,13672,12981,14899,3031,14973,18641,8118,13955,10279,18768,17540,19134,16259,13446,14059,14573,9498,15670,13417,11479,8310,12242,3870,26393,20907,6705,2393,4263,4278,11417,10996,13892,4280,7740,14208,6600,13462,20368,28018,3031,19652,2393,11682,12242,2684,17788,8771,3222,19344,17816,13271,24285,13280,4487,9491,3516,23310,18111,21250,17608,9926,8376,18892,8649,12051,10715,7268,3042,12573,2705,4390,10454,4536,3628,19344
42269,7467,8068,16675,21636,14848,2921,15040,16398,5320,7139,18033,21253,15034,15425,2111,14906,17924,7324,22632,8200,2125,25945,7942,8552,19426,17042,7461,6218,26735,6245,6051,4812,16044,7744,3917,8458,6537,16935,19761,6888,3356,5097,14594,6429,17844,13710,0,9535,9891,7185,6582,15783,9878,4802,9676,7600,5640,9321,1800,5594,14561,4482,8272,17336,7614,14867,5910,6421,6123,7235,16155,1927,3596,20829,8674,7773,17882,9114,9363,9692,26259,2861,1477,9951,9548,6140,13336,3141,18473,21303,19387,6123,18082,27020,3380,8153,17191,8508,4533,8884,16265,7635,6810,3553,16568,17630,16814,1331,9087,6216,7447,24293,17021,15759,8646,18930,7689,5239,7263,8839,7434,18253,4598,4086,5494,4804,6717,798,18782,15893,17382,17776,3557,9627,7290,21009,4520,6987,7821,15762,8837,7492,7819,9698,13388,4107,13631,5151,7458,8036,14344,14739,9849,5399,6460,1920,15792,17378,14998,6745,15754,8363,7312,9859,9887,22723,16312,7895,13903,6088,8841,5478,7505,9154,20944,19945,1624,9745,100,18137,2857,5421,16276,18025,4420,23465,16249,15298,23178,24878,1390,16409,16889,7873,2065,17895,7117,24671,8445,7516,13290,6293,6678,19059,8359,22983,7414,8988,20553,3770,20866,14830,29707,9474,9774,9947,8859,15917,7716,15122,1614,6494,23169,17360,20258,19758,20326,6530,1527,6840,15193,18211,8931,13565,15137,2106,14890,15609,17233,16771,3678,9279,16212,7580,6834,18043,6539,6853,23641
42092,5025,3886,18732,11593,475,7119,14829,7562,14124,4035,25934,12844,7789,9312,7624,6664,8202,15537,12411,7005,7410,18407,4570,4789,12865,20949,17578,22502,30697,3521,3588,18661,18676,17669,7191,21722,3402,20219,12038,4746,7509,18395,21799,19119,14757,1462,9535,0,1340,16407,3495,23275,3592,17715,6070,2159,21101,10956,8415,21090,19245,18943,7016,22544,3024,16793,4746,16387,16948,16645,12533,8720,5951,12767,16999,12402,26357,20911,20357,475,30523,8075,8406,6070,552,3588,3500,6923,9351,12082,9674,4746,25218,30925,7624,4919,23296,7211,18829,19789,19635,2297,3015,6423,23432,21341,26904,9719,18920,17351,15833,13701,9466,9572,19149,12051,16921,18606,4746,19488,17323,25577,6589,5454,20572,17945,3875,9692,9981,21543,8419,9778,5978,6047,18609,11635,17447,16274,2177,7744,6312,4247,4050,11266,20392,6063,475,20362,2200,3879,21251,475,3500,12880,17389,8517,7395,22252,18620,3089,1323,4919,2236,20367,475,12257,8814,6836,21238,3494,6571,13144,2297,22199,12799,12108,9717,497,9436,20201,7754,12873,9247,20295,18929,18262,13786,12364,13186,13701,8918,16023,12335,10397,7480,9870,2669,28244,19516,4333,1314,4994,5009,10335,9914,12809,5011,6657,13126,5824,12380,19532,33056,497,20799,1314,10600,9870,2801,18978,8044,3495,18262,19359,12189,27888,12198,3280,8432,2990,24408,21765,21943,18793,8844,7445,20150,7567,10969,9633,7015,508,11490,1963,5121,9423,3328,3901,18262
40480,7126,3483,17526,10866,2115,7268,13748,6835,13397,3385,25292,12117,7062,8585,7877,7789,7475,16469,11684,6278,7790,18293,6344,5914,12138,21990,15360,22704,29448,3913,4169,18602,15905,16978,7123,21244,3516,21135,11311,4216,7513,16557,23306,18778,14829,732,9891,1833,0,17518,3535,22627,4717,17765,5343,2274,19223,10229,8599,19225,18372,17235,6289,21828,2794,15712,4216,15845,14965,16142,12682,8861,6302,12040,17962,11675,25656,20491,17777,2115,29304,8117,8887,5343,2192,4169,4625,7058,7967,11355,8290,4216,22118,29669,7614,6044,20139,6484,17106,21261,20689,2412,3178,6560,22413,20224,23754,9916,20179,17079,15238,12974,8739,8845,16704,11324,16190,18694,4216,18968,16662,24752,6449,5827,20607,19874,3915,13415,9254,18557,7692,8394,6365,5320,16391,10909,17329,15625,1924,7017,5585,3717,5175,10539,17698,6124,2115,20458,2315,5507,20318,2115,4625,12153,15336,8673,6668,23700,17422,3252,93,6044,2400,19521,2115,11530,8087,6109,18470,3608,5845,12417,2412,19633,12072,11381,9878,2137,9794,19205,7824,12146,9104,19316,18995,18148,14450,11637,12459,12974,9123,16412,11608,9670,7827,10995,2832,27105,19066,5459,84,6578,6563,9608,9187,12082,7111,5931,12399,6122,11653,20727,31731,2137,18149,84,9873,10995,2841,18176,8333,3535,18148,20247,11462,24605,11471,3860,8926,3154,23646,20622,19414,17993,8117,7854,21287,6840,10242,8906,7012,2148,10763,2078,6469,9279,3908,3941,18148
29264,13398,13504,7897,21338,18275,6553,6387,16429,2736,13465,7280,19976,16734,11247,6849,20173,18010,2015,21708,8916,7689,26159,13110,17418,18376,11494,2015,6897,16265,15858,19073,3709,6736,2441,5656,2622,15332,9870,21346,13659,5668,3040,14707,1838,9225,17375,7185,18083,15895,0,14228,15852,17118,4733,14471,13268,5494,5223,6115,5574,11708,4560,8176,14914,14519,7948,13659,77,77,0,14467,5716,8084,22394,6470,4978,15875,3541,14954,17600,15781,5457,8245,14854,15622,14714,19127,6600,16580,20628,16016,13659,15064,16552,5527,15353,12264,8371,4338,2566,11657,13508,15588,6930,11987,10448,15865,5855,15198,2125,2015,23992,13587,11506,14954,19411,2441,5346,13659,14647,804,15064,6000,8415,4935,5092,13955,7962,18265,12953,17766,16163,8238,15770,0,18326,3150,520,14819,17272,8344,13159,15387,5532,11667,6933,16656,5293,13583,16956,11624,16409,19069,3996,0,5892,17111,14658,7917,15548,18383,15509,14991,14954,16213,20550,17098,8409,12198,15424,8382,3725,16658,16991,20451,21102,5565,17848,7210,10641,5793,3996,13861,10939,4652,25878,8850,8176,20346,24583,6096,8097,8147,6282,7466,19492,13375,16721,2437,15141,17554,13535,13550,14786,5799,20816,13384,8058,19930,7924,20564,14516,17472,17389,14954,15802,6677,21366,14442,12198,6918,13955,23210,10664,21665,15859,21674,13847,8338,15373,14587,9461,16991,11624,10779,7863,12671,15399,14241,13791,6007,17121,13425,15026,13644,13884,15172,13981,26029
38509,2885,2403,14107,11289,3956,3738,12716,7871,15253,2331,20756,12540,8099,8090,4476,8678,9241,14687,12108,5345,4641,16379,2429,6803,12562,16208,14687,15768,25736,1929,3618,9029,13996,14467,3406,14491,1403,17172,11735,2606,3828,8784,18332,9188,15254,3631,6582,3673,3626,15380,0,18104,5606,9722,5571,1740,15797,10654,5066,14340,15773,9321,5476,19198,884,14158,2606,15303,15303,15380,11310,5271,3251,12463,14198,12100,18735,17299,14704,3956,23129,4448,5890,5571,4032,3618,5514,3516,9048,11159,9813,2606,19612,23573,3918,6932,18069,5671,9217,14572,14683,1766,1659,3050,16385,16172,19242,6369,15143,9205,14687,14693,8243,8349,22176,11128,14467,15221,2606,14275,14602,18107,2721,2918,13788,9935,1735,6992,9677,14805,8729,9918,3395,5548,15380,10713,8153,14923,1898,8053,4772,2106,6064,10964,14859,2533,3956,13678,2025,3965,14310,3956,5514,12578,15380,5103,7705,18907,14127,1619,3608,6932,1899,13418,3956,11954,9123,5297,14239,1495,5032,12843,1878,16451,12496,11805,6291,3978,6494,17046,4184,12572,8025,17112,9325,16279,13520,12062,12883,13862,5605,13632,12033,7183,4606,11884,1908,26183,14298,6347,3599,2854,2869,9113,9613,12506,2870,5118,12823,2973,12076,14427,28285,3978,15172,3599,10711,11884,1551,13953,4969,0,15953,14620,11885,20159,11895,3309,5954,1444,17003,16647,16193,15173,7622,4764,16706,7876,9746,8410,3330,3988,10268,1930,2980,8200,3358,1761,16471
25869,18073,20825,14812,27573,23340,17226,14895,23153,17130,19876,2014,25897,23475,19104,17521,25056,24624,16564,25092,17950,16973,29338,19589,25089,26205,6943,16564,8881,18414,21355,22257,7322,13727,16343,14514,3486,18431,8072,27525,18358,15977,6880,2802,5498,16522,24637,17395,25653,24938,17257,19954,0,26453,7888,23199,22227,7909,15460,16346,8009,5695,7989,16631,3139,19282,14863,16963,17179,17179,17257,19023,14276,19486,25815,13464,16810,16,3033,5285,22755,15186,14143,17452,23600,22396,20380,24229,17320,24767,26759,23577,16490,3289,18425,15771,24608,7714,15758,7826,3048,5400,20419,21693,17833,5989,7299,6,15534,5528,5714,16564,30065,21065,18905,5285,22955,16343,8054,17061,4977,16479,3289,14962,18144,7560,8137,18146,18425,24640,6956,24497,23704,17872,20874,17257,26303,7410,16799,22399,21667,18243,19654,24681,15769,5654,16205,25787,8068,20524,24657,5612,25528,26681,18390,17257,14540,23666,3370,14832,21490,25675,24766,20561,5285,25337,28894,23437,16703,5269,17882,16384,18119,22103,1132,25947,24598,13755,22997,15847,7710,16098,18390,21040,8283,8084,31986,16097,15531,28398,27787,16159,15012,16668,14687,16683,28859,22421,18425,3482,24421,24938,15374,14871,19726,15056,29182,18136,17966,27999,17489,28803,4847,17660,22586,5285,22508,15850,28789,21651,5269,15888,19831,28776,6891,27729,6,25141,20873,19358,19607,2344,7484,1132,5612,18992,18939,4743,21377,21073,18739,14970,24638,16982,22663,16256,21024,20790,20047,32112
38856,6998,5864,19553,14468,3860,7545,17165,10437,14765,6444,26659,15719,10665,12188,8014,4383,12420,17921,15287,9760,7755,21282,6542,2452,15740,21698,18373,20956,31516,4718,4947,17546,17692,16758,7676,22488,5374,23108,14914,6719,7974,19096,22526,19862,15519,4338,9878,3578,4216,18867,5468,24001,0,18300,8946,4132,19720,13831,8824,19707,19991,17774,9891,23277,4997,19331,6719,17169,16072,17354,15408,9142,6318,15642,17733,15277,27155,23811,21164,3860,28439,8529,8702,8946,3937,4947,835,7356,12226,14338,12549,6719,23618,28801,8093,2581,24120,10086,19483,22589,20380,4270,4657,6858,24255,20111,25137,13392,21650,18018,16555,16576,12290,12447,18104,14306,17727,21138,6719,20197,16441,23943,7092,5818,19254,18519,5848,14584,12856,20294,11295,12654,6331,8922,19389,13891,16460,15488,4150,10619,9187,6219,2121,14141,19244,6522,3860,19047,4173,2044,20026,3860,835,15755,18160,8935,10271,25337,19441,4731,4198,2581,3878,19218,3860,15133,11689,9712,22055,5467,9447,16020,4270,22979,15674,14984,14775,3882,9779,23090,8202,15749,12655,21044,19572,21137,15962,15239,16061,16576,9318,18478,15210,13272,7836,7589,4311,31949,20215,2405,4189,6967,6982,13211,12790,15685,6983,9533,16002,6211,15255,22339,33868,3882,21610,4189,13888,7589,4774,19720,8420,5468,21137,20107,15064,28694,15073,4639,8723,4633,25214,20495,22720,19535,11720,7778,23028,10442,13844,12508,7484,3893,14366,3936,7076,12830,4687,5874,21137
38749,15006,14537,9984,23051,18306,6290,9506,18260,5152,14670,9303,22213,18489,17019,5956,19929,19740,5458,23679,13369,6507,27302,13884,16649,24711,13517,5377,2420,22113,9977,13413,1062,9437,5685,6318,4505,9817,15193,23121,9353,5911,1719,7225,3029,16521,18061,4802,19525,19580,4733,9722,7888,20169,0,16911,14725,1120,9387,5077,1142,8374,401,9688,8128,15791,9813,8830,4813,4120,4643,17489,4715,7676,24158,6344,8306,8112,4864,6484,19447,19534,5318,6270,17307,19146,14957,20459,6473,22180,24862,20225,8772,8713,22404,5810,17773,13618,13385,539,5090,8397,16388,13827,6970,9578,9814,8552,3904,5854,2714,5430,28135,19635,18924,6097,23982,6015,762,9765,5187,5485,8746,7038,8161,729,360,9825,5305,22332,9624,21346,20397,7730,16792,4560,24485,1942,5528,16517,19127,14084,14898,17477,9903,7511,7330,20318,671,14763,16040,8130,18170,20227,5595,4239,4932,21012,8292,9898,15084,18832,16366,16152,7167,17909,26644,19322,9446,7671,9316,14004,5552,16083,5301,26766,25452,3799,19606,4883,9922,5632,5685,18368,9775,413,29905,16395,16128,24271,28737,4654,13461,15964,9241,6339,21244,14391,20458,4592,15497,19726,8409,8460,20440,9186,26928,13600,14099,23814,7702,26790,7068,25169,19161,6849,19580,9083,23152,16075,7622,5671,9621,26844,9560,23522,9403,23560,14117,6326,13818,7721,13487,5095,7551,18489,6585,8297,18903,19027,18551,6412,18869,17407,16406,8519,18425,15529,9930,27293
38362,4678,4783,15464,9284,6811,6871,11255,5254,13792,4744,23712,10535,5481,6794,7586,12046,6579,14825,10103,4739,7660,16711,4390,10171,10557,19979,13870,21906,27353,7137,9523,15917,15501,15296,6474,19733,6611,17326,9730,4938,6934,17098,21569,15803,13793,5991,9676,6529,5869,15950,5507,21049,8974,18639,0,6970,18388,9193,8202,18402,18332,18057,4871,20198,5798,13848,4938,13842,15041,16231,10891,8406,6195,10458,14701,10639,23926,21079,16181,6811,24699,7563,8856,0,6887,9523,8882,6650,6386,9774,6708,4938,20451,25015,7015,10300,20185,5065,16228,19683,18779,7108,6867,6176,18557,18206,22166,9506,18493,17506,15149,11392,6947,7053,15133,9742,13006,17875,4938,17518,13619,22925,5741,5771,19634,18975,5234,13276,7672,18450,6111,6813,6300,18,14982,9327,16219,13461,6620,5436,4167,4438,9432,9503,17650,5669,6811,19556,7011,9763,18422,6811,8882,11117,15417,8240,5087,19849,13939,6827,5851,10300,8171,16055,6811,9949,6505,4691,16785,6704,4426,11382,7108,18189,10491,9800,9425,6833,9585,19158,7312,11110,7134,17504,18072,16566,13414,10601,10878,11392,8740,13906,10572,8634,7655,15252,8604,25202,19486,9715,5842,4814,4830,7817,8151,10501,4663,4512,10818,5958,10071,17177,29608,6833,16526,5842,9250,15252,5722,16490,8071,5234,16566,16554,9880,22982,9889,9214,8909,6652,21873,18588,17986,17976,6326,7758,19397,5259,8451,7114,6443,6844,9849,6774,4797,7310,9263,5260,16566
36248,3055,2297,14294,11459,2404,4945,13954,7964,16491,2274,25152,12710,8191,8259,5563,7095,9411,15926,12278,5514,5522,14959,2599,5220,12731,19947,15926,19322,27722,1884,3031,13878,15617,15705,4859,18251,1431,17426,11905,2775,5218,13598,18693,14206,16493,2488,7600,2122,2274,14624,1525,20166,4023,16229,5741,0,17828,11893,6275,17827,17942,14195,5646,19465,1053,14076,2775,16541,16541,14884,11480,6539,4036,12633,13925,13339,20800,19577,15387,2404,24956,5811,6670,5741,2481,3031,3932,4735,9217,11329,9983,2775,21851,27960,5324,5350,18285,5841,15513,16645,18361,1066,1614,4237,20204,16539,21303,7593,15804,14217,15926,13567,8362,8519,15742,11297,15705,17242,2775,18018,15841,20144,4226,3581,15663,14981,1904,7887,9847,16693,8821,10087,4119,5717,13742,10882,9633,16161,249,8146,4942,2276,4481,12202,17067,3808,2404,15511,969,3378,16294,2404,3932,13817,16619,6350,7797,19190,14185,1574,2256,5350,1312,15438,2404,12124,9215,5466,16247,1523,5202,14081,138,18736,12665,11975,7555,2426,7505,17353,5510,13810,8144,19207,15640,14919,16686,13301,13052,13567,6801,14760,13272,11334,5543,10301,1745,25552,18041,4765,2247,3023,3039,9282,10851,12676,3040,5288,12993,3832,12246,16465,27397,2426,17417,2247,11950,10301,830,17589,6025,1525,14593,16506,12055,24482,12064,2722,6717,1590,21002,16951,18478,15772,7791,5600,18903,7969,9916,8580,4718,2437,10437,698,3150,8319,2771,1930,13717
39338,16637,16016,14230,27035,19757,7356,13752,19740,6223,16298,9126,23678,22010,18427,6974,21370,23389,6299,27718,16356,7473,31723,16936,19898,26327,14156,6179,1414,20398,14631,16308,2061,13493,6475,7430,4739,15929,16002,27110,15276,7013,2641,7386,3684,17819,21528,5640,19145,21187,5494,14333,7909,21734,1120,20267,16176,0,15147,6110,100,8914,1516,15729,8280,17410,15447,9942,5738,5024,5376,20803,5765,8702,28251,7039,9361,8068,4891,7024,19094,19842,6412,7117,20703,20749,14950,19983,7545,23809,24031,21681,9890,8881,22772,6915,17528,15696,14842,1652,5362,8900,17981,16826,8044,9993,15181,8493,4883,6310,3380,6243,29763,19265,20459,6750,25593,6864,413,14406,5518,6308,8876,8153,9192,565,907,15951,6048,23958,14871,22979,24085,8745,18270,5263,23687,3000,6437,18119,20606,17136,14998,18999,14436,8087,8420,19887,511,17855,17435,8655,21627,19763,6678,5090,5978,22641,8498,15565,16673,20299,19589,16085,7732,21337,25653,22917,13959,8176,13790,17046,6628,17682,5530,25760,27073,4812,19234,5729,13834,6718,6770,21824,15009,1506,28613,17674,19266,28374,27551,5660,16048,17299,15078,7318,22688,15820,22906,4871,18594,21337,9528,9574,21953,14952,28558,15079,17145,27871,8744,25783,7511,23172,20756,7358,19227,13367,24736,17690,8154,6657,15651,31218,14796,27549,9331,27590,15495,7164,16819,7884,15713,5346,8099,18187,7536,8744,20381,20439,19964,7514,18567,20701,16325,9630,21885,15472,14612,31712
29887,8868,8973,3978,13024,11830,6969,2587,10479,5823,8934,14883,14275,10738,6631,7747,15076,11644,5257,13843,4790,8478,18813,8579,15190,14297,9286,5257,15593,15467,11327,14542,8342,4566,5037,5674,7839,10801,7662,13470,9128,6146,7745,12499,7076,4683,11010,9321,11548,10888,5950,9697,13644,13993,9387,10526,11989,13743,0,7573,13820,9500,9078,4050,12706,9988,4029,9128,5873,5873,5950,9851,7394,7879,13563,4768,3134,13667,8698,12746,11830,15303,6500,9608,10526,11907,14542,13309,6841,11450,13514,11111,9128,12857,17279,6073,15320,10056,4244,8873,7556,9449,12127,11057,6793,9780,8240,13342,8259,12990,7296,5257,16563,6784,6890,12746,13482,5037,14765,9128,12439,5172,12857,5294,7901,9826,9731,9424,14685,11412,10745,11336,11215,8078,10503,5950,13067,7452,5493,11639,10661,4218,8628,14451,651,9459,6382,11830,13292,12030,14782,9417,11830,13441,3612,5950,7417,10312,12450,3998,11017,10870,15320,13190,12746,11830,13929,11731,4283,9990,10894,4255,3876,12127,14783,13696,13540,7993,11852,9285,8433,6606,3605,6566,8732,9143,18480,4308,3801,13538,15547,7931,3503,3772,2833,8297,16105,13623,17483,7625,14735,10861,9004,9019,7653,2470,14191,8853,3932,14558,7582,13863,12308,17677,11852,12746,10861,2205,14654,9912,9990,8129,9424,18202,8456,13620,15431,13630,14234,9705,10842,12379,7253,14783,9417,6162,8675,10463,10484,8287,6951,6051,11863,8809,11793,9113,6741,14282,9450,18613
36367,5866,6507,9875,19328,8951,1336,8661,9626,3811,5560,19015,18827,9758,9864,895,13395,14159,6058,18382,6437,1627,23759,6281,7545,17238,16903,6248,7013,24964,5013,5072,4699,9476,6499,2125,7851,5077,15124,17653,5189,1561,4744,14906,5796,13825,8964,1800,8415,8599,6115,5066,14831,8824,5077,8202,6275,6110,7573,0,6092,9756,4690,6475,14594,6149,9676,4300,5174,5044,6206,13776,424,2600,18719,7446,6004,15340,8623,8268,8452,22258,1075,2214,8489,8275,5187,9024,1555,16128,18943,15329,4445,15207,25243,1579,7146,17079,6723,4654,8175,9939,6350,5532,2043,16520,15617,17545,1317,8135,5656,6215,22017,9924,13382,7486,16708,6340,5698,5579,8070,6184,16982,2831,3085,5805,5205,5193,2503,14883,15550,15093,17099,2660,8138,6302,18630,4081,5637,6488,13627,7070,5864,6916,7931,8897,2533,9060,5599,6224,7069,9623,8861,8843,3791,5402,223,15029,16038,9775,5442,9469,7337,6114,8678,8652,20460,14106,6102,9342,4595,7068,3889,6176,8456,18838,19608,1306,8536,1747,16207,1062,3795,13942,14633,4664,21455,15314,9761,18902,22609,539,9626,9785,6074,1413,14725,5914,23067,7792,6639,8728,4526,4888,14913,6566,18806,5824,7210,18427,2635,20702,9110,25294,8244,8674,8629,7101,14451,6291,9181,805,4971,21160,13954,19983,16998,20051,5599,2313,5542,15515,14691,8238,9055,9646,1778,13368,14831,16398,14414,1921,8044,13830,6331,5041,15467,5582,5321,23837
35821,16655,17669,14338,24562,21773,7346,13848,21791,6267,16313,9222,23721,19999,20377,6953,23546,23422,6374,27762,14879,7443,28811,16962,19879,23929,14281,6257,1345,22627,14621,14774,2111,13602,6554,7437,4838,15933,16137,24632,13884,7015,2702,7486,3768,17901,21539,5594,19135,21189,5574,15805,8009,21720,1142,20282,16174,100,15232,6092,0,9006,1532,14320,8380,15803,14122,9949,5804,5092,5458,18942,5752,8682,28291,7124,9409,8167,4990,7117,21042,19973,6411,7071,20718,20748,16452,22011,7537,23845,26527,21728,9903,8981,20793,6919,17511,15835,16409,1679,5460,8994,16311,15260,8036,13352,15314,8592,4858,6405,3462,6320,27038,19315,18628,6837,25642,6938,401,15903,5615,6384,8975,8164,9173,640,902,14480,5993,23998,15005,20876,24137,8723,20153,5346,26150,3044,6505,18118,22746,15591,15017,18974,14512,8178,8417,21918,501,16193,19194,8748,19621,19748,6719,5163,5964,22678,8598,15684,15122,20304,19572,16075,7824,19357,25685,22960,14004,8269,15202,15510,6671,17680,5629,28432,27117,4793,19230,5684,13957,6715,6810,19856,13742,1516,28643,17758,19346,25782,30403,5638,14662,19150,15132,7290,22683,17426,23051,4969,18567,19363,9549,9602,19988,13627,28593,15094,17196,25325,8727,25818,7607,23303,20753,7451,21195,14813,24728,16055,8247,6631,15659,31251,13545,27590,9429,27632,15472,7117,15255,7984,15846,5445,8191,18248,7504,8839,20414,20500,22071,7516,18564,18851,16319,9660,19912,15450,16115,31746
24150,13978,16195,9560,21966,21064,9920,9642,16194,11877,15477,5832,20201,18175,16338,13740,22911,19228,11312,19918,14008,16387,26673,14879,20926,18614,3585,11312,13534,13162,17482,18619,7434,8474,11091,8796,4436,14689,2820,19868,17580,8978,6789,3441,5347,13160,19752,16048,21212,20249,12004,14311,4587,22033,8374,16633,16279,8914,10207,9756,9006,0,8277,13267,3649,16832,9611,14669,11927,11927,12004,18283,9388,16539,20666,8212,11557,4610,4878,3689,18582,9934,8934,17433,18701,20072,17078,20194,9912,17516,21121,17907,17580,3799,13173,8846,18612,4355,13462,8061,3839,1448,16557,16003,14782,2756,2046,4600,9676,3933,5662,11312,22123,14053,16597,3689,17784,11091,8867,17580,3382,11227,3799,8891,15321,8398,8716,15771,17199,19125,1978,19172,16351,15241,18130,12004,18746,7007,11547,16383,16779,13435,13706,20745,10517,118,9982,19141,8835,18451,20622,359,18927,22318,12035,12004,9537,16562,3393,9580,15816,18876,18705,16837,3689,18793,21120,16261,13501,932,15697,13366,12867,17837,5726,22921,21431,9380,20775,14582,2732,9227,12029,15357,3030,8374,23865,13108,13267,20594,24932,9824,9759,13238,11373,14575,24039,18356,13173,4239,20564,18326,17456,17472,16249,10890,23562,14064,13149,20250,14718,23151,3251,12613,20341,3689,18218,10598,24037,17243,932,15373,15672,23630,1639,22061,4594,22032,17508,15945,17532,3322,2231,5726,359,15870,15117,1406,18169,13878,13517,9196,18248,17240,18452,17439,13907,19182,15772,26421
38654,9890,14010,9785,22539,17777,5895,9253,17745,4805,9659,9466,23932,17972,16558,5573,21382,21189,5240,23174,9721,6138,29521,14728,16125,24159,14783,5180,2776,20063,9579,9744,853,9243,5491,5918,4559,9416,13641,22610,8959,5510,1520,7280,2935,16121,19322,4482,17187,18995,4560,9321,7989,19589,401,16383,15645,1516,9078,4690,1532,8277,0,9321,8182,13798,9610,8430,4556,3879,4485,18782,4324,7290,26065,6190,7965,8235,4987,6397,17114,19544,4918,5941,16779,16841,9863,18037,6077,19611,24302,21749,8374,8759,22403,5409,17196,13520,9742,223,5121,8315,14339,13299,6573,9527,9690,8678,3537,5806,2624,5227,27571,17327,18425,5964,23435,5790,1142,9371,5194,5276,8805,6639,7773,1120,671,9425,5018,19752,9511,18849,19905,7347,16265,4417,21710,1628,5275,14456,18613,14974,9817,16906,9590,7404,6930,17905,1046,14234,17104,8040,19442,17828,5240,4025,4542,20448,8326,9697,9942,20172,17461,15570,7066,17379,26077,20739,9073,7592,8916,13509,5201,14062,5346,23776,24896,3421,19022,4560,9825,5233,5328,19718,9684,100,26617,16005,15699,26193,25562,4277,9944,17132,8874,5968,20715,13863,22551,4626,14980,19142,8018,8077,18104,8838,23917,9878,14997,25688,7311,23795,7016,22833,18577,6772,18995,8763,20477,15491,7531,5298,9221,26329,9442,23014,9530,23053,14989,6000,14647,7772,14692,5134,7455,16312,6222,8239,18390,20459,19935,6011,18285,16965,15823,8138,17949,14957,9530,26778
33288,3917,4208,8506,9059,9113,5499,7115,6091,9652,3984,17740,9474,6318,5671,6353,14348,7358,9086,10001,826,6922,16397,3508,12473,9615,13115,9086,17643,18957,6377,8066,8743,8395,8866,4355,9342,5851,11491,9628,4163,4916,8268,15011,8064,9669,8293,8272,8831,8171,9779,4747,15090,11276,9688,5809,5654,14271,5077,6475,15783,13329,9321,0,15625,5038,8557,4163,9702,9702,9779,9768,6440,5976,10233,8597,5109,15758,14961,16576,9113,20710,5452,8170,5809,9190,8066,11185,5315,7165,10134,7419,4163,15864,19167,4900,12603,13885,193,9149,9208,13278,6214,6107,5098,13609,12069,17844,7492,16819,8202,9086,11167,5824,5930,16576,8559,8866,13830,4163,16268,9001,14750,3716,5870,14974,9992,4474,8920,7795,14574,6949,7523,6170,5786,9779,9450,7793,9322,5589,6273,816,3664,11734,5362,13288,4578,9113,13709,6473,8413,13246,9113,11185,6872,9779,6384,5924,13804,8526,6067,8153,12603,6347,16576,9113,9723,7343,232,13819,5943,570,7136,5792,18612,10265,9698,7284,9135,8211,12262,5415,6865,6221,12561,9362,16139,9294,6181,10652,14879,6947,9766,6153,2762,6786,17555,6437,21329,9151,12018,8144,3742,3727,6694,3619,10276,3903,548,10592,5662,9846,16137,23313,9135,16576,8144,3899,17555,5146,13819,6817,4474,15835,12340,9779,16961,9788,7757,8259,5892,13851,11082,18612,13246,5203,7104,14292,6096,7328,5991,4626,9146,8726,6163,3634,6396,7806,4500,14787
25003,17304,18100,12825,23941,24855,16816,12907,22076,15142,17293,2750,24671,22399,16216,15614,24258,21337,14576,23977,15404,16713,31127,18684,24360,24981,4955,14576,9352,16427,20689,21658,7454,11739,14356,15472,3625,19575,6085,23890,17525,15523,6947,814,5490,13788,21501,15729,24847,24058,15269,17418,1959,25655,8128,22261,21453,8280,13472,16085,8380,3708,8182,14177,0,18542,12875,17973,15192,15192,15269,16107,14049,19049,24712,11476,14822,1982,3414,3297,24226,13198,13800,17313,22653,23826,21864,25899,15320,23636,23190,22361,17418,295,16438,13898,21681,5726,14838,8002,3073,3412,19725,20980,17356,4002,5311,1972,15434,3541,5743,14576,26173,18042,17652,3297,24071,14356,8379,16281,2990,14491,295,15881,19522,7881,8406,19231,18406,21312,4968,21244,20398,17487,20020,15269,22775,7416,14811,19607,20664,15622,18795,21786,13782,3666,17320,22599,8382,21880,23962,3624,22370,25900,15300,15269,15761,20461,376,12844,20775,24742,21811,21940,3297,24477,27705,20219,14277,3282,18997,17028,16132,19356,3098,24843,25892,13646,24502,17396,5722,15705,15293,17979,6295,8280,27916,13393,15848,27170,29402,14487,13024,13960,15214,18098,25357,19696,16438,3560,23773,21814,14651,15545,16713,14155,25397,19149,15353,26781,17066,27598,2859,15672,21823,3297,23915,13863,27898,18909,3282,15659,19080,30503,4903,26516,1966,26492,20316,17429,18954,694,5496,3098,3624,16126,18665,2755,22454,19803,19395,16000,23804,15821,19880,13965,17960,20227,17480,28027
38717,2388,1525,13610,10208,3118,4815,12219,7375,14756,1834,24185,11459,7602,7593,5522,8111,8159,14191,11026,4848,5612,13465,1933,6236,11480,18784,14191,17232,26519,2054,3744,13400,13499,13970,4509,15802,1529,18023,10653,2109,4934,9867,17804,13532,14758,2823,7614,2836,2817,14883,858,21252,5039,14327,4773,1247,15796,10158,6149,17418,15271,15207,4980,20436,0,13661,2109,14806,14806,14883,10813,6366,4163,11382,13702,11604,21959,18753,14469,3118,23873,5554,6827,4773,3195,3744,4947,4595,7966,10077,8289,2109,20808,24276,5025,6366,18990,5174,15053,17465,17257,2082,1785,4116,17306,17055,20416,7458,16459,13571,14191,12316,7746,7852,13375,10046,13970,16834,2109,17121,14106,21167,3812,3764,16806,14612,1238,7981,8596,17235,8232,8393,4281,4750,14883,9631,9242,14426,1184,7557,4276,1610,5497,10467,14508,3619,3118,16688,1985,4091,16861,3118,4947,12082,14883,6194,7208,20115,13630,1744,2799,6366,2025,14480,3118,10872,8626,4800,16835,1621,4535,12346,1385,17849,11414,10723,7387,3140,7523,17961,5286,12075,7528,16377,13803,13390,13218,11565,11801,12316,6686,13135,11537,6686,5599,11317,2034,26959,17194,5781,2791,2357,2373,8616,9116,11424,2374,4621,11741,3914,10995,15531,26290,3140,16389,2791,10214,11317,742,16515,6007,858,17550,17029,10804,23480,10813,3435,6884,1569,18146,17501,15968,16310,7125,5717,17814,7380,9250,7914,4436,3151,9771,1713,2484,7703,3483,1264,13567
23575,12200,12306,3655,16342,16460,9439,1816,13812,6752,12267,8718,16156,14617,11219,13353,19903,14100,6186,16233,8888,14435,20540,11912,16793,14948,7054,6186,15865,15199,14059,16806,8768,882,5966,8167,6745,14134,5430,16261,12460,8514,8100,10267,6914,6427,16626,16386,18509,17318,6879,13030,11413,17539,9813,15263,15514,14015,4181,9676,15565,7268,9610,8148,10475,13320,0,12460,6801,6801,6879,11549,9388,14060,17006,3358,6438,11435,7398,10515,17638,11971,8679,15706,15585,17226,15423,19522,9365,15540,17138,14268,12460,10625,15210,8406,16493,7825,8342,9387,6247,7217,15836,14027,9448,7548,6008,11425,9987,10758,7213,6186,20336,14212,11005,10515,14112,5966,13820,12460,10207,6101,10625,8008,14218,13277,13463,12756,17544,13881,8513,15568,14269,14318,13661,6879,15130,8081,6421,14120,14829,8316,11961,18556,3976,7227,9145,16460,13747,14625,16641,7185,17936,17842,8013,6879,9479,13645,10218,3675,13847,17668,16533,16286,10515,17838,17518,15063,8381,7758,14226,8354,7741,15432,12552,18884,17397,9691,16287,16371,6201,8890,8013,13955,6500,9697,22249,6340,8148,16909,18935,9898,1169,8119,6253,14161,20895,14638,15210,6524,18458,17215,12336,12352,9516,5771,17771,12186,8030,18282,13704,19140,10077,13359,15922,10515,17111,5478,19018,14716,7758,15131,12756,22001,6224,18038,11419,17999,17383,17456,13913,10148,5022,12552,7185,10751,16199,8232,13817,11232,10490,8576,17356,10507,16078,12445,14130,17253,12782,20285
34463,999,1811,12800,9541,4952,3004,11409,6487,13946,1066,19608,10792,6714,6920,3803,9643,7934,13380,10360,4038,4101,17507,1122,7768,10813,16850,13380,14624,24800,3459,5148,8120,12689,13160,2512,14647,2933,14707,9987,0,2966,7865,15496,8267,13947,4867,5910,4669,4862,14073,1829,18695,6571,8830,4280,2736,9942,9347,4300,9949,13309,8430,4169,16307,2120,12851,0,13996,13996,14073,11017,4466,2861,10715,12891,10793,19384,15971,20870,4952,24530,3596,5378,4280,5028,5148,6479,2780,7741,9411,8668,0,18411,25052,3046,7897,17053,4364,8320,14754,13672,3296,3189,2361,15404,15191,19950,5578,21113,8283,13380,15746,7073,7179,20870,9379,13160,9550,0,20562,13295,18747,1806,2651,9521,9051,1555,6389,7929,13892,7344,8772,3036,4256,14073,8964,7237,13616,2877,6669,3466,546,7029,9657,17582,1804,4952,9450,3555,5495,14648,4952,6479,11271,14073,4313,6320,17701,12820,3149,4844,7897,3429,20870,4952,10206,7739,3990,18113,3025,3725,11536,2874,13743,10747,10057,5478,4974,5827,14552,3357,11265,7438,14596,8436,15773,12408,10755,11134,16338,4838,12325,10726,5876,4030,12849,3438,22910,9899,7312,4835,1547,1562,7943,8306,10758,985,3811,11075,2552,10328,13333,27411,4974,20870,4835,9404,12849,2786,18113,4303,1555,17059,15109,10137,20978,10146,4839,5452,2974,15882,14231,13504,17540,6452,4249,15567,6492,8577,7241,2478,4984,9975,3245,1674,7614,4888,1581,17573
29946,13321,13426,7820,19915,16596,5484,6309,13533,2658,13388,8441,16912,15213,11169,5848,16779,16514,1938,20353,8839,6698,22436,13033,15717,17154,11416,1938,7149,15817,15780,18996,3751,6658,2364,4524,3716,15255,9792,18088,13581,4575,3110,14629,2408,9209,15732,6421,14868,14376,77,14151,15775,15577,4813,14980,16443,5738,5145,5174,5804,11631,4556,8098,14837,14441,7871,13581,0,0,77,14390,4797,6991,21009,6392,4901,15797,4639,14877,14441,16990,4421,7358,13372,15537,18996,15815,5514,15248,17452,14820,13581,14987,16073,4435,13809,12187,8293,4338,3720,11580,16581,15510,5820,11910,10370,15788,5102,15120,2603,1938,20500,15333,11429,14877,18087,2364,5513,13581,14569,727,14987,4841,7304,5174,5170,13877,7214,16826,12876,16242,14975,7152,14956,77,18814,2964,443,16092,15781,8267,13082,13848,5455,11589,5795,16681,5443,16483,13841,11547,14886,17369,3919,77,4953,14186,14580,7840,15470,16732,15391,17643,14877,16187,19252,15678,8332,12120,15347,8304,3648,16581,16914,19193,19736,4803,14664,6432,10564,4743,3919,15075,10862,4635,24464,8834,8098,21059,23190,5226,8019,8070,6204,6475,17977,18076,17893,3549,13605,14414,13457,13473,12192,5722,21511,13307,7981,18680,6818,19288,14439,18485,15702,14877,15748,6599,19689,14365,12120,5967,13877,21923,10642,20282,15782,20298,18687,7454,15295,14510,9384,16914,11547,10701,6880,12594,14053,12826,11490,4887,15433,13347,16247,13566,15251,18735,13903,22338
30528,13321,13426,7820,18904,17226,5527,6309,14318,2658,13388,8220,19601,14583,11169,5789,19119,15778,1938,21306,8839,6626,25641,13033,16193,19864,11416,1938,6437,16154,15780,18996,3058,6658,2364,4701,3273,15255,9792,20863,13581,4664,2407,14629,1729,9209,14922,6123,15377,16493,77,14151,15775,17714,4120,13647,16443,5024,5145,5044,5092,11631,3879,8098,14837,14441,7871,13581,0,0,77,14390,4643,7071,21947,6392,4901,15797,4183,14877,15001,15722,4415,7171,15471,14666,18996,16316,5586,16061,20171,15702,13581,14987,16413,4523,15679,12187,8293,3658,3385,11580,16581,15510,5938,11910,10370,15788,4793,15120,1900,1938,23525,13258,11429,14877,19054,2364,4808,13581,14569,727,14987,5113,7421,4459,4478,13877,6905,17740,12876,15513,17479,7219,13492,77,17923,2322,443,16092,15118,8267,13082,14216,5455,11589,5981,17321,4740,16483,14239,11547,17042,17894,3919,77,4821,16527,14580,7840,15470,17431,14396,17643,14877,15252,22133,15064,8332,12120,15347,8304,3648,16581,16914,20044,20684,4501,16768,6145,10564,4758,3919,13636,10862,3961,23032,8834,8098,22006,24122,5022,8019,8070,6204,6404,18569,18076,18261,3133,15377,16552,13457,13473,13448,5722,20346,13307,7981,19535,6926,20130,14439,20784,16306,14877,16411,6599,20320,14365,12120,5848,13877,25081,10642,19255,15782,21242,18687,7264,15295,14510,9384,16914,11547,10701,6798,12594,16375,14129,15061,5032,14546,13347,16247,13566,13672,18735,13903,25545
29292,13398,13504,7897,21630,18546,6677,6387,16720,2736,13465,7122,20267,17025,11247,6953,20444,18301,2015,19960,8916,7790,26451,13110,16031,20544,11494,2015,6773,16216,15858,14737,3632,6736,2441,5803,2423,15332,9870,21638,13659,5800,2967,14707,1702,9287,17655,7235,18346,17792,0,14228,15852,19127,4643,14727,13504,5376,5223,6206,5458,11708,4485,8176,14914,14519,7948,13659,77,77,0,14467,5803,8215,20583,6470,4978,15875,3343,14954,16213,15721,5573,8321,15110,15868,13557,17592,6730,16845,18981,16279,13659,15064,16503,5659,17169,12264,8371,4263,2379,11657,13743,15588,7068,11987,10448,15865,5906,15198,1998,2015,22033,15266,11506,14954,19701,2441,5240,13659,14647,804,15064,6162,8553,4820,5000,13955,8008,18557,12953,18057,18105,8366,16052,0,20490,3117,520,15082,15935,8344,13159,15605,5532,11667,7082,18630,5189,15225,17201,11624,18357,17535,3996,0,5983,15790,14658,7917,15548,16932,15736,13829,14954,18140,22942,15778,8409,12198,15424,8382,3725,13386,16991,22832,21393,5618,16437,7262,10641,5913,3996,15565,10939,4578,23744,8912,8176,22716,22569,6171,8097,8147,6282,7568,21758,14991,15125,2240,16924,16177,13535,13550,13665,5799,21081,13384,8058,20194,8060,22957,14516,17436,17657,14954,17692,6677,21638,14442,12198,7011,13955,25873,10719,21957,15859,19930,15492,8413,15373,14587,9461,16991,11624,10779,7962,12671,15663,15979,14049,6149,17389,13425,13866,13644,14145,15403,13981,26321
29669,8161,8267,11257,8111,11356,9421,10718,6926,12397,8228,21750,6494,7185,3681,14992,16591,7645,12015,7494,6399,15771,11848,7415,14716,6636,17075,12015,20690,18159,10621,14068,17798,12355,11808,8292,15729,10095,15451,8084,8421,8851,16986,15911,14689,5370,10536,17806,11074,10414,12708,8991,17259,13519,19276,8052,11515,18875,7960,15184,20877,17289,17041,6073,17752,9281,11307,8421,12630,12630,12708,0,15115,9750,8034,12557,9126,17929,18569,20535,11356,18176,9378,15980,8052,11432,14068,13427,9231,7452,7741,5541,8421,17707,20189,8832,14845,17845,6268,18502,15321,17238,11653,10351,8980,13404,16029,18231,15080,13747,14962,12015,9611,4377,2418,20535,6113,11808,20376,8421,14907,11930,16460,7645,9565,18152,17925,8717,18750,7839,18534,7783,5448,9934,8028,12708,8877,16446,12250,11165,7108,6481,7922,13977,8789,17248,8439,11356,20251,11556,14308,17206,11356,13427,10936,12708,13649,6759,17200,11276,10310,10396,14845,12716,20535,11356,8775,8177,6633,17779,10187,6591,11200,11653,15542,8168,7080,16299,11378,17718,16222,9350,10929,3711,16521,17113,11703,5452,9065,8224,9611,14393,10782,9036,6677,15589,19797,10680,20393,17020,14260,10387,7649,7633,1889,8124,8720,8147,5956,7886,9435,8290,14758,19838,11378,20535,10387,7859,19797,9205,17779,15676,8717,11703,16300,7552,18747,7439,13759,16094,10135,15936,15042,15451,17206,2846,14541,18252,6931,3001,1903,8560,11389,3044,11319,7540,3886,13808,8743,11703
39642,6024,6682,9587,19540,9230,1603,8413,9761,3492,5732,18398,18975,9900,9835,1304,13787,14353,5687,20439,6466,2050,21794,6401,7877,17379,14862,5868,6715,22161,5310,5421,4299,9175,6125,2140,7427,5304,16170,17839,5288,1582,4328,9804,5372,15050,9193,1927,8720,8861,5716,5271,15734,9142,4715,8406,6539,5765,7394,424,5752,9388,4324,6440,15484,6366,9388,4466,4797,4643,5803,13714,0,2977,18903,7071,5849,14783,8199,7875,8729,23986,990,2564,8696,8543,5540,9342,1806,16327,19130,15424,4566,14666,24706,1562,7479,15019,6716,4278,7753,9565,6624,5814,2306,14492,13720,15362,1119,7728,5232,5838,22242,9965,13325,7101,18549,5986,5355,5687,7651,5810,16383,2886,3453,5442,4859,5393,2686,15047,13649,15322,17202,3049,8336,5895,17063,3663,5281,6748,15216,7093,6007,7268,7773,8523,2750,9335,5255,6512,7410,9249,9136,9170,3513,4999,224,13803,15443,9487,5718,9718,7666,6412,8297,8929,18773,14242,6080,8960,4813,7083,3603,6439,8034,19023,19786,1021,8820,1893,15693,1119,3526,13967,14161,4302,23896,15107,9667,19075,22837,537,9366,9676,6026,1837,16658,6212,24885,7369,6996,8983,4561,4878,14848,6457,19019,5988,7216,20502,2988,18980,8714,24815,8524,8283,8883,6932,14850,6522,8802,1219,5174,23571,14876,20176,18123,18364,5953,2661,5818,13530,15698,7816,8677,9620,2200,9718,15017,16393,15877,2014,8324,15158,6614,5019,14055,5932,5516,24084
41315,4249,4741,14318,16676,6584,1562,9365,7939,5345,3892,22271,14989,8028,9111,1729,7678,8922,7782,17772,5543,1489,20828,4855,5009,16642,17272,8034,9550,27140,2660,2506,7269,15352,8225,2544,14807,3124,16876,15281,4018,2418,7252,16296,8140,15009,6810,3596,5951,6302,8084,3251,17680,6318,7676,6195,4036,8702,7879,2600,8682,15006,7290,5976,17283,4163,15496,2861,6991,7071,8215,9750,2977,0,16344,9144,6290,20100,14532,14749,6097,24298,2701,2664,6454,5957,2612,6518,1485,9325,14906,13487,3263,19640,27408,2558,4608,19228,6027,7251,15164,16872,4055,3235,1206,18885,15918,18799,3839,14795,8046,7977,17489,8755,9435,9278,16191,7912,8289,4298,13562,7921,19911,2624,501,8405,7799,3393,3852,9577,17567,8524,15071,199,6162,8348,14676,6581,7260,4259,8591,6163,4338,4336,8088,13961,1499,6704,8191,3866,4512,16419,6510,6311,5091,7427,2755,8644,18912,14189,3181,7220,4809,3716,13754,6291,16057,9119,5565,16133,2757,6212,5226,3944,15576,16453,15544,3889,6149,3498,16578,2343,5044,9474,18253,7263,20772,15212,9415,18268,18010,3046,15142,9533,5692,1532,8685,3522,25041,14678,4051,6460,3874,4444,14015,6510,16283,4175,6395,16098,316,16341,14519,27154,5878,13892,6365,7380,8452,4222,15859,2104,3181,20446,17378,15806,19838,15884,3020,2721,3273,18509,18091,15271,14208,8888,1567,17232,8503,15012,9969,2143,5684,9859,3990,4641,9559,3012,3534,19026
32811,10179,10285,18819,1467,14006,18746,16961,7197,19369,10611,31248,2350,6126,9187,19879,27337,4913,19107,775,9578,20115,7176,10257,17366,2372,23464,19499,27283,29236,13004,13851,25333,17455,19357,16144,23744,12478,22353,917,10805,18562,22414,26913,24466,15214,13186,22957,13724,13064,20319,11374,28453,16169,26626,10367,12281,25633,14949,20632,25669,22777,23649,9964,27237,11665,18743,10805,19061,19912,22686,9743,20834,18014,0,19775,13828,26490,24929,23298,14006,29332,19481,19869,10367,14083,15261,16077,16712,4867,1593,5502,10805,24721,29383,16909,17495,21455,10158,23448,23465,21082,12841,12734,16131,24379,19751,29569,22466,24277,24672,21346,1834,7497,9446,20299,3725,18562,27730,10805,25425,21200,27677,16681,17420,24981,24525,11101,23561,3938,22150,6102,5607,18182,10343,20848,2729,21731,18466,13815,5507,9659,10305,16627,14300,20472,16986,14006,27590,14206,16958,23011,14006,16077,16924,20130,20634,5526,26709,17040,12694,13046,17495,12974,22799,14006,1894,6122,9812,23348,12571,9770,17027,12419,26157,164,1316,22283,14028,22830,22733,19203,18510,7239,20843,23687,7031,14839,11583,400,1834,19430,15947,11555,13431,18219,22102,12983,29583,25873,16910,13037,10299,10283,8456,12948,943,10530,9605,471,17646,415,21886,30764,14028,23494,13037,13528,22102,11589,20903,18693,11101,7031,21971,891,30199,778,13565,19945,12710,24502,19905,23598,22873,8719,20277,23953,5760,6827,7751,16238,14039,8700,13969,10190,7414,13470,11127,7031
27110,11732,11838,4436,20834,18755,7680,4518,14723,6006,11799,6809,19290,16545,10751,8098,20641,16090,5440,19095,8420,8950,23263,11444,18268,17769,8108,5440,8421,16253,13287,15677,5338,3350,5220,6619,3273,13666,6484,18881,11992,6748,4672,11320,3357,9526,16005,8674,18736,16297,6133,12562,12466,19545,6344,16203,15347,7039,4620,7446,7124,8322,6190,7680,11528,12852,4486,11992,6055,6055,6133,13060,7071,9144,21795,0,5970,12489,4058,11568,18121,13024,6657,9633,16603,16079,15883,19788,7689,16257,18201,15381,11992,11678,16264,6612,17813,8878,7874,5968,2891,8271,14188,14900,7949,8601,7062,12479,7348,11812,3666,5440,23407,13745,11010,11568,18704,5220,6924,11992,11261,5355,11678,6805,9417,6490,6699,12288,9464,17832,9665,15944,17096,9314,14526,6133,19614,4793,5675,14064,16989,7848,11493,17958,4929,8281,7850,17068,6877,15786,16231,8238,18556,19792,7266,6133,7225,16791,11272,4455,14695,18680,16285,14384,11568,18373,20103,15094,7913,8811,13758,7886,6995,13818,13605,19907,18572,7052,18395,8690,7255,6964,7266,13487,7553,6283,22973,9719,7680,21779,23985,7500,3961,7651,5785,8727,19842,15628,16264,3050,17736,17954,11868,11884,12384,5303,22448,11718,7562,19372,8946,20062,11130,15481,16281,11568,17825,5010,19787,13364,8811,8235,12288,25037,7278,21065,12473,19107,16391,9729,13434,11201,6075,13605,8238,10283,9135,9285,15129,13337,11071,7007,16055,12017,15812,11977,13662,14777,12314,25458
32159,8523,8628,7368,12679,11485,5362,5977,10134,5525,8589,16839,13930,10393,7583,6146,16720,11299,5143,13498,5253,6870,18997,8234,14845,13952,11977,5143,14194,17047,10982,14197,7300,7256,4935,4069,7516,10456,10353,13125,8783,4550,6761,15189,6366,7705,10665,7773,11203,10543,5836,9352,16335,13648,8306,10181,11644,9361,3779,6004,9409,12191,7965,4512,15397,9643,7418,8783,5758,5758,5836,9892,5849,6290,15241,7459,0,14648,8424,15437,11485,16826,4929,8008,10181,11562,14197,13556,5233,11105,13630,10590,8783,15547,19034,4482,14975,12747,4707,7774,7356,12140,11782,10712,5190,12470,10930,13728,6764,15681,6535,5143,15274,10535,7843,15437,12010,4935,9062,8783,15130,5058,15547,3691,6333,8820,8633,9079,8506,11067,13533,10876,10591,6489,10158,5836,12870,6368,5378,11294,10316,4681,8283,14106,4089,12149,4791,11485,8975,11685,14437,12107,11485,13556,4064,5836,5858,9967,15141,7387,10672,10525,14975,12845,15437,11485,14053,11386,4746,12680,10549,4718,4328,11782,17474,13960,13195,6510,11507,7732,11124,5017,4057,10277,11422,8020,18717,7898,4512,13864,17427,6386,6893,4484,2618,6691,15043,13278,19235,7319,14390,10516,8659,8674,8606,2136,14318,8508,4395,13443,5997,15506,14999,19381,11507,15437,10516,2761,15019,9567,12680,6537,9079,18420,11147,13275,14516,13285,13889,8105,10688,15070,9944,17474,12107,7115,7067,13154,9969,12037,7904,4444,11518,8850,11448,8642,10452,13937,9105,17120
28620,18720,19546,14838,25693,23989,16181,14921,23895,17156,18676,1527,24170,24217,18006,16420,25706,25367,16590,25766,18683,19274,30013,18429,25777,24450,6928,16590,8978,18399,22029,20790,7600,13753,16370,16640,3802,19059,8057,25649,17302,16600,7187,2786,5844,17248,25364,16224,23914,23278,17283,20649,3496,24638,8112,21709,22925,8068,15486,16907,8167,5680,8235,17368,3124,19923,14889,17587,17205,17205,17283,19760,16293,18237,29196,13490,13290,0,3250,5269,23401,15170,16189,19754,24329,23044,20976,27407,16273,23147,24953,22066,17122,3274,18410,14874,22948,7698,16427,8081,3417,5384,23202,22378,16750,5974,7283,3509,14553,5513,6044,16590,30808,19788,19645,5269,26042,16370,8235,17710,4962,16505,3274,17155,18710,7747,8347,18779,18894,23032,6940,22900,24447,20308,23734,17283,24540,7739,16825,20959,22341,17222,18481,23004,13576,5638,16790,26504,8255,21151,25337,5596,23811,27380,18416,17283,16588,24410,3354,14858,20120,26401,23094,21185,5269,23636,29638,24181,17435,5254,20395,17054,18145,20687,1116,29341,25272,15674,23643,16292,7694,15154,18416,19764,8267,8329,32730,15261,17856,26440,28462,15149,15038,15790,15353,17199,29581,20964,18410,3822,25089,25658,16014,17105,20457,15796,27152,20701,16972,26078,18054,26808,4831,17644,23230,5269,25527,15876,26772,20284,5254,18068,20525,32460,6875,28472,3503,25815,21473,18032,20230,2328,7468,1116,5596,19735,19501,4727,22051,21811,19410,17135,22997,17650,21191,16974,21766,23576,20748,32856
29465,15929,18538,7500,26449,21161,9420,7854,21589,6210,17411,4520,25021,19866,16706,9481,22880,23163,4412,26765,14604,13562,31270,15816,22263,22960,6343,4108,5938,14000,16704,19120,4375,6951,4212,8787,923,15968,6819,26447,14508,8656,4017,2543,2842,16539,20412,9114,23048,22584,3541,15696,3033,21604,4864,19125,17762,4891,8698,8623,4990,4878,4987,13574,3414,17014,7398,14491,4639,4183,3343,16848,8199,16017,27476,4058,8424,3250,0,3315,20535,13425,8280,13832,19512,20197,19321,24080,9522,23415,23334,22686,14127,4021,14262,8517,21739,6373,14246,4836,1172,4740,19824,17124,9932,5499,6432,3691,7894,2462,2968,4209,26385,20032,16650,3645,24445,4813,5022,14982,1489,4309,3994,9265,15063,4528,5106,17382,9779,21222,6152,20802,20724,16195,18965,3145,25282,4618,4934,17959,20345,16588,17334,21689,9223,4303,13306,21244,5035,18023,19725,4595,23137,23985,6681,3895,8413,22257,3679,7448,16948,21317,19903,19853,3968,22908,27766,22214,13499,4103,16929,16429,6554,17640,1082,25062,23744,7662,20749,9171,6257,8640,6776,20253,6055,5080,30977,16213,16734,27489,26918,8415,8058,16371,9878,14639,24095,19588,14375,1106,19397,20537,9946,9691,19491,9319,25457,15968,16406,27042,15873,27763,3323,16765,20330,3442,20411,8644,26417,17353,4187,9399,15573,27840,6150,24267,4544,24270,18052,15360,18812,3034,6723,1078,4202,18233,15152,4416,22121,20562,18223,9077,20081,16638,18090,9646,20267,17985,17467,28239
26612,14591,14046,12748,20290,20385,8615,12830,17821,15065,20574,5692,18848,16459,19526,8973,22272,19315,14499,22532,17196,9820,27158,20219,18026,21073,4943,14499,8348,16350,16214,17214,5559,11662,14279,7613,2690,13685,6008,22331,20768,7699,4924,3050,3463,16745,19272,9363,18470,19593,15192,13341,4195,19202,6484,17834,16959,7024,13395,8268,7117,3631,6397,16455,3258,15947,12798,20768,15115,15115,15192,21470,7875,13382,21138,11400,14745,4218,3315,0,17919,13121,7553,13785,18233,17557,17420,21409,8641,19483,21575,16730,20768,3408,16361,7561,19407,5713,16650,6183,2164,3335,15648,16491,8929,3989,5234,4208,8032,848,3776,14499,24912,15861,19785,0,18312,14279,6974,20768,1079,14414,3408,7846,15181,6505,6825,13371,13416,19383,4891,17390,18577,14988,16005,15192,21125,5186,14735,17117,18570,16623,20268,17723,13705,3589,8864,20443,6942,15776,17670,3547,18315,19423,15223,15192,8045,18365,3001,12767,16286,18428,19547,15831,0,18149,23686,16498,16688,3205,22533,16554,16055,15279,5334,23444,21966,7743,18166,9388,5645,7876,15216,15933,6218,6495,24341,16938,16455,23269,23122,8268,12947,16426,14561,9597,21323,15623,16361,2475,19302,19586,20644,20659,14898,14078,21754,13306,16337,20732,9928,23625,467,16113,19571,0,17653,13786,23440,16350,3205,9069,14587,26549,4826,22569,4202,22559,16275,15330,14880,2930,5419,5334,3547,19058,13232,2678,16561,14605,14195,7990,19321,20428,15803,20627,15930,17837,13403,26962
37186,6536,3764,17853,11143,0,7130,14037,7112,13892,3666,28016,12394,7339,8863,7707,6946,9094,15045,11962,6435,7580,17957,6621,5071,12415,20212,15461,20437,27034,3803,3871,16791,17832,17105,7057,21297,3684,19453,11588,5028,7423,16497,21275,18780,15106,1013,9692,475,891,15968,3777,25079,3874,17644,5621,2441,21045,10506,8452,19092,20481,18863,6566,21980,3306,16003,5028,15916,16534,17869,11172,8729,6097,12317,16441,11952,25792,22633,19749,0,29640,8016,8649,5621,102,3871,3782,6924,8901,12094,9224,5028,22288,30020,7529,5201,22483,6761,16994,21340,20917,2580,3297,6424,22668,20516,26325,9768,18421,17068,15341,13251,8965,9122,16836,10364,14817,20458,5028,19047,16778,24934,6405,5613,18583,19727,4157,9911,9531,20735,7854,9328,6149,5597,18140,11333,15653,14276,2116,7294,5862,4529,4332,10816,19709,6010,0,20312,2482,4162,20539,0,3782,12430,15383,8536,6945,23882,16100,3371,873,5201,2518,19708,0,11807,8364,6386,18652,3776,6122,12695,2579,21722,12349,11658,9742,350,9595,19464,7713,12424,9330,19569,18858,17812,15300,11914,12736,13251,8971,15202,11885,9947,7627,10152,2951,27423,21073,4616,864,6855,6840,9885,9464,12360,6522,6208,12676,5932,11930,20898,29134,350,18302,864,10150,10152,3083,18359,8153,3777,17812,20529,11739,24752,11748,3562,8684,3273,23804,18985,19484,18175,8394,7635,21504,6947,10519,9183,6923,361,10129,2245,6746,9505,3610,4183,17812
17961,24855,25487,13977,28882,30128,24757,14059,23550,19112,22710,7109,24325,26273,18714,25452,28904,27018,14240,25778,20094,24221,33099,21906,30507,24620,7846,14000,23458,6454,27355,28596,18508,12891,13657,23071,14990,23531,7328,28732,23522,21212,19558,11490,17372,17080,28554,23825,27694,26588,14318,25492,12635,31345,21529,27222,27506,21869,16867,24532,22014,9978,21541,18790,11697,26312,14027,22256,15415,17328,14264,20033,21763,26781,26613,12628,18545,12658,14797,11737,26893,0,23338,27722,27525,26519,26126,31533,24732,26900,27956,24812,23837,11847,6465,23189,27365,8617,21292,21256,9674,9928,25247,27390,22703,9627,8201,12648,24318,11981,17795,14037,30817,22990,18295,11737,23800,15331,19945,23747,11430,14075,11847,23113,24577,21256,21966,25454,24856,24096,11321,24635,22553,27046,27016,14215,24956,18221,16339,27565,23911,19943,22261,30503,17128,9937,22448,27328,19940,25489,27502,9895,27148,28743,19381,16838,24210,26059,11441,13996,27188,29584,30215,25628,11737,29834,30087,23083,21072,10468,25535,19756,19191,27419,13774,26729,28041,23893,29955,23855,8041,21559,17636,22422,7736,19676,29616,16554,18410,26425,28372,24604,14176,17885,18667,23928,32784,28080,6465,13463,30378,26483,20381,19646,18235,19092,27527,22656,19561,28877,23993,27036,11299,6202,26818,11737,26393,17431,29834,26720,10468,25679,23055,29439,8473,28693,12642,25969,26514,27862,27270,11370,7732,13774,9895,20686,26970,10942,26035,19803,21612,21469,26646,17808,28061,19426,22340,26402,23062,32708
38642,5132,5806,8878,16511,8517,1140,7622,8834,2905,4858,18348,15951,8980,8847,1452,9742,9928,5269,19065,5482,2303,20619,5469,7311,16120,15652,5491,7467,21544,4676,4945,4737,8498,5716,1167,7450,4518,15354,18311,4342,633,4629,9657,5441,9375,8387,2861,8075,8117,5457,4448,15588,8529,5318,7563,5811,6412,6500,1075,6411,8934,4918,5452,15209,5554,8679,3596,4421,4415,5573,9378,990,2701,17675,6657,4929,14689,8280,7553,8016,21175,0,3193,7857,7814,5075,8727,1254,14975,16118,14138,3645,15836,24022,583,6922,14366,5726,4834,7704,9135,5918,5133,1711,13928,9802,16814,2082,7512,5355,5446,20908,8983,9083,6741,17147,5490,6010,4747,7564,5402,16087,1925,3107,6031,5510,4562,3578,15216,9774,9598,14321,2831,7485,5694,17433,3960,4800,6010,9504,6107,5099,6776,6857,8098,2013,8615,5910,5841,6877,8820,8415,8583,2808,4775,942,9494,13708,8778,5024,8943,7093,5765,7904,8217,19366,9808,5090,8573,4018,6095,2920,5711,7986,17797,16706,1925,8124,2813,13547,361,2799,9566,14871,4913,20493,9425,8701,17839,21505,1498,8598,8718,5041,2083,15658,5567,24205,7364,6526,8224,3582,3888,14930,5499,19640,5103,6228,19141,2609,17765,8408,26623,7819,7951,8124,6027,13970,5732,8400,1695,4349,22263,9653,18815,16307,18876,5484,3292,5124,13298,13488,7776,8268,8632,2494,9333,9362,13564,9896,1120,7619,9411,5931,4029,9632,5449,4677,20662
39278,6860,7388,15970,18655,9120,2687,14304,14014,6024,6510,19775,18487,14139,15185,1864,13405,16895,8250,19644,7922,1279,24688,7424,7366,18605,18255,8427,7664,25554,5282,4911,6221,17034,8688,3947,9752,5781,19898,20727,6475,3463,6448,17862,7699,18006,9445,1477,8406,8887,8245,5890,19235,8702,6270,8856,6670,7117,9608,2214,7071,15817,5941,8170,19081,6827,17310,5378,7358,7171,8321,17612,2564,2664,21899,9633,8008,17923,15246,15194,8649,25152,3193,0,9112,8533,4980,8898,2858,15858,20308,16931,5695,19792,25809,3542,6974,20294,8323,5981,14789,17688,6670,5864,3102,17881,17099,18509,2558,14915,7511,8399,23158,14933,15570,9654,18175,8548,6716,6806,14685,8373,19990,4469,3091,6967,6280,6030,1306,16184,18776,16317,18867,2557,8825,8400,20049,5835,7844,6894,16403,8560,6927,6587,9922,16169,3658,9248,6628,6454,6836,15631,9059,8645,5987,7523,2427,16472,19077,17456,5823,9819,7192,6284,14365,8837,19580,15549,7769,16797,5390,8587,6091,6582,15191,22019,19062,2798,8676,1390,19430,3019,5984,17458,17553,5883,24641,18133,16880,20098,21531,2149,15601,16976,7815,1387,14723,6099,28624,9721,6275,9057,6081,6562,18859,8457,19805,6793,8754,21626,2921,21896,14885,28209,8426,15790,8965,9122,15846,6883,15035,1499,5813,24315,18607,21304,21614,21389,5345,100,5911,16784,19421,14867,14871,14891,1131,16241,16267,18596,16427,3598,8238,17723,6586,6742,17573,5368,6171,22538
34933,4678,4783,15782,9284,6811,7157,11255,5254,12579,4744,24075,10535,5481,6794,7864,12046,6579,13828,10103,4739,7924,16711,4390,10171,10557,20318,14247,20268,25085,7137,9523,16315,15834,14252,6772,18290,6611,17624,9730,4938,7230,17536,19934,16197,13793,5991,9951,6529,5869,16372,5507,21413,8974,19075,0,6970,18784,9193,8489,18797,16967,18493,4871,20553,5798,14140,4938,14738,14037,16654,9103,8696,6454,10458,15064,10639,22073,21505,16543,6811,24974,7857,9112,0,6887,9523,8882,6936,6386,10235,6708,4938,22925,27863,7311,10300,18621,5065,18322,20103,17374,7108,6867,6460,20808,16823,22529,9794,18903,17942,15563,11392,6947,7053,15500,7849,14887,20137,4938,19726,15425,23311,6040,6024,20071,17611,5234,15019,7672,17050,5995,6813,6555,18,16936,9475,16658,13461,6620,5436,4167,4438,9432,9503,16360,5957,6811,18138,7011,9763,18795,6811,8882,11117,15845,8529,5087,22264,14229,6827,5851,10300,8171,16408,6811,9949,6505,4691,17132,6704,4426,11382,7108,20467,10491,9800,9716,6833,9859,19498,7605,11110,6882,19636,16792,16566,13987,10601,10878,11392,9026,13280,10572,8634,7923,15252,8604,25467,18065,9715,5842,4814,4830,7817,8151,10501,4663,4512,10818,6223,10071,19325,29878,6833,16884,5842,8837,15252,5722,18556,8348,5234,16566,18588,9880,23338,9889,9214,9164,6843,20205,18917,20244,18358,6326,8019,19771,5088,8451,7114,6738,6844,8061,6774,4797,7057,9263,5260,16566
40618,7071,3662,17441,11041,2293,6947,13663,7010,13790,3564,25061,12292,7238,8761,7543,7690,7650,16193,11860,6333,7443,17855,6519,5814,12313,19838,16651,20186,26662,4092,4347,16502,17420,16712,6838,18984,3695,19079,11487,4395,7215,17851,23053,18423,15004,911,9548,2011,789,17218,3789,24684,4618,17371,5519,2453,18825,10404,8275,18825,18211,18562,6464,21617,3318,15629,4395,14097,16164,17489,11070,8543,5957,12215,17722,11850,25398,22261,19351,2293,29229,7814,8533,5519,0,4347,4526,6738,8799,11992,9122,4395,21922,26865,7319,5944,22070,6659,18425,20959,18608,2591,3357,6240,20194,20104,23526,9592,19911,18460,16519,13149,8863,9020,18160,10263,15935,18295,4395,20610,14868,24531,6176,5478,20177,19433,4169,9786,9429,18439,7752,9226,6016,5495,17760,11232,16926,15346,2102,7192,5760,3895,5076,10714,19303,5814,2293,20018,2493,4638,20131,2293,4526,12328,15045,8353,6844,23480,17333,3431,771,5944,2578,17515,2293,11706,8262,6285,18285,3788,6020,12593,2591,21340,12247,11556,9559,2315,9451,21040,7516,12322,9228,21156,18559,17710,14625,11812,12634,13149,8797,16344,11783,9845,7484,10896,3011,29814,18779,5359,762,6754,6738,9784,9363,12258,7057,6106,12575,5781,11828,18597,31703,2315,17938,762,10048,10896,3095,19829,7996,3789,17710,18252,11637,24390,11646,4038,8571,3333,21236,18611,19140,19627,8293,7505,19141,6845,10417,9081,6715,2326,10027,2257,6645,9403,4087,4195,17710
38253,5947,5147,17263,15048,3868,3990,14947,11018,19010,5393,25329,16300,11245,12943,4336,7953,13000,18445,15169,10340,4018,17687,5492,6077,16321,19134,18445,17739,29078,2474,0,9784,16994,14637,4466,18051,4012,20481,15494,5668,4610,9704,20878,15225,15000,4918,6140,3586,4796,13351,4417,22462,4881,13571,9526,3081,16477,14412,5187,14927,18823,9863,10472,19838,3946,16999,5668,19060,19060,14942,15251,5540,2612,13846,14411,15858,23119,17530,15805,3868,28795,5075,4980,9526,3945,0,4789,3832,12807,15999,13130,5668,22368,29332,4745,6207,19317,10666,9812,16602,19206,2803,2727,3365,19193,19455,21516,6449,16030,15146,18445,16360,12871,13202,14683,14270,18224,15876,5668,16358,18360,20577,4102,2113,16019,15157,4797,6268,13436,19559,11760,13234,2604,9503,15172,15239,9035,18680,3099,11200,9768,5169,5339,14721,16149,3192,3868,15732,2706,2833,17033,3868,4789,16336,19138,5323,10851,21647,15543,2976,4778,6207,2054,17658,3868,13420,12270,10292,18604,4105,10027,16600,3219,18705,13942,15564,6488,3890,6040,18404,4722,16329,12646,18436,9842,16051,15318,15820,14125,15337,5653,16405,15791,13853,4108,11159,1901,29530,16228,5622,4770,5916,5932,13259,13370,15015,5933,10113,15053,2553,15176,18658,28768,3890,17939,4770,14469,11159,3723,16607,4712,4417,17369,19358,13378,24801,13473,574,5007,2809,19382,19957,16710,16420,12474,4038,19664,10853,14599,13263,4170,3901,14209,2469,6025,12822,622,4823,16236
42919,6907,5773,19742,14377,3769,7745,15747,10346,13638,6353,26887,15628,10574,12097,8214,4292,12329,16490,15196,9669,7954,21191,6451,2361,15649,24121,18627,21221,28762,4627,4856,17807,17872,18720,7870,22756,5283,23307,14823,6628,8171,19380,22752,20138,14187,4247,14699,3487,4125,17354,5377,26704,835,18563,8855,4041,22025,14669,9024,19971,22257,19879,9800,23498,4906,17712,6628,17430,17982,19389,14406,9342,6518,15551,17954,15186,24867,21848,19424,3769,28610,8727,8898,8855,3846,4856,0,7555,12135,15328,12458,6628,26270,28967,8289,2490,24327,9995,17940,22852,22687,4179,4462,7057,22204,22369,25364,13657,19873,18269,16785,16485,12199,12356,20200,13599,16307,19443,6628,22522,18373,24161,7282,6018,21510,18783,5757,14871,12765,20482,11088,12562,6530,8831,17830,14568,16719,15718,4059,10528,9096,6128,2030,14050,21442,6719,3769,19311,4082,1953,22299,3769,0,15664,16718,9135,10179,25577,19632,4536,4107,2490,3683,21418,3769,15042,11598,9621,22288,5376,9356,15929,4179,23242,15583,14892,13670,3791,9978,23296,8400,15658,11975,23402,18021,21046,16085,15148,15970,16485,9518,16930,15119,13181,8036,7498,4116,29153,20457,2314,4098,6876,6891,13120,12699,15594,6892,9442,15911,6411,15164,22580,34038,3791,21851,4098,13797,7498,4683,19931,8620,5377,21046,22369,14973,28940,14982,4548,8919,4437,25460,22789,20853,21763,11629,7976,21101,10181,13753,12417,7680,3802,13363,3845,6984,12150,4596,5783,21046
35924,4345,4971,9563,17107,7424,224,8183,8118,3888,4029,18245,16676,8243,8642,1062,8615,9178,6318,18072,5118,1645,21505,4803,6109,15276,15425,6564,8520,22782,3512,3704,5956,9233,6763,1201,8683,3522,16615,15645,3753,942,5875,15794,6686,9498,7409,3141,6923,7058,6600,3516,15715,7356,6473,6650,4735,7545,6841,1555,7537,9912,6077,5315,16885,4595,9365,2780,5514,5586,6730,9231,1806,1485,18419,7689,5233,17936,9522,8641,6924,22440,1254,2858,6936,6738,3832,7555,0,9545,16747,14810,2983,17482,23028,1080,5716,15596,5485,6011,8916,14779,4818,4008,501,16799,14114,16835,2868,8659,6606,6509,17952,8553,8923,7811,16283,6472,7137,4123,8765,6456,17749,1612,1860,7196,6638,3645,3678,9748,15555,8818,15015,1638,6587,6862,16446,5205,5808,4945,8788,5758,4359,5543,7121,9107,986,7530,7038,4708,5660,9820,7330,7394,3669,5942,1615,8804,16754,9464,3912,7921,5895,4612,8940,7124,16534,9187,4917,9609,3041,5774,3800,4635,9199,18548,17421,2821,7015,3061,14744,895,3632,9204,14714,6063,21399,9595,8715,18630,18487,2091,9188,8784,4957,1483,9617,4412,25569,8590,5287,7182,3241,3706,13350,5619,16775,4298,5934,18105,1360,18477,9500,25344,6718,9029,7083,6347,9421,4737,9424,1555,3422,19119,13946,17779,17872,16197,4243,2949,4012,16344,14618,8991,9289,8421,1839,13717,8666,9955,9612,798,6518,9301,4809,3884,9278,4211,3774,19589
32574,6600,6705,14215,3782,9470,9769,12962,2012,13631,6666,27635,4884,1614,6119,15394,14705,401,15406,4601,6488,15672,11745,6312,12830,5026,20369,17427,23230,26903,9059,12183,18978,15951,15711,9110,22087,8533,19327,4228,6860,9636,18437,21032,18334,13958,8650,16760,9188,8528,18274,7429,22471,11633,20124,6422,8336,21602,10900,14633,21635,19305,21614,6874,21445,7720,14100,6860,16806,17702,18566,8428,14814,9325,4956,17917,12346,25511,21245,17677,9470,24406,13587,17478,6422,9547,12183,11541,9545,0,3469,2829,6860,21541,27083,9688,12960,18658,7068,21400,19827,19767,8896,8789,9112,21127,16885,23530,16294,20372,18496,15679,5890,4429,6378,16760,3970,16443,21122,6860,21430,15547,24161,8348,8937,23104,22574,7156,19104,1968,17189,1589,2934,9450,6398,18858,3091,17729,14725,8086,995,6569,6360,12091,11210,18922,8565,9470,20994,9670,12423,19491,9470,11541,12824,16311,14632,1014,21007,14157,8749,8510,12960,9029,19096,9470,4446,1210,6722,17912,8626,6680,13089,8474,20116,4988,4297,16128,9492,18348,19589,13333,12818,4171,17957,19645,11600,13583,10328,5375,5890,15343,13878,10299,10341,14176,17911,9038,27288,19781,12375,8501,6736,6751,7142,9859,4999,6585,6515,5315,9062,4569,18517,26111,9492,17913,8501,10957,17911,7644,17621,14626,7156,11600,18752,4378,26665,4387,11874,17567,8765,23347,17118,21999,19242,5651,15844,20459,1247,5931,6439,9180,9503,7386,9433,6845,4346,11922,7182,11600
35527,9697,9802,17227,1082,13049,17073,13888,6240,15962,9763,29571,1871,5169,8230,18224,18283,3956,19296,1439,8621,18505,7897,9107,16408,1892,19867,19731,25689,25304,12156,15761,23562,17615,19580,16072,24409,11631,18872,1066,9957,16848,22929,22872,22690,14333,12228,19328,12766,12106,18716,10526,24278,15211,22557,9519,13208,26486,13033,17187,24068,19163,22050,9052,25559,10817,15549,9957,19235,18301,20920,10713,17357,16428,1820,20061,14479,27503,25718,19575,13049,25364,17765,18426,9519,13125,15761,15120,15195,3909,0,4621,9957,23217,25447,15350,16538,22083,9247,21847,21876,19580,13346,11886,14626,20664,18311,27886,18838,20451,22894,19585,3397,6539,8489,20635,2663,16969,23560,9957,23675,17637,26018,14960,14387,23376,22927,10253,21937,2981,20554,5144,4726,16608,9495,21212,1505,20124,16862,12857,4550,8348,9458,15669,13342,18937,15319,13049,23433,13248,16001,21345,13049,15120,15312,20412,18936,4569,22719,17182,11846,12088,16538,14409,21096,13049,1746,5165,8873,19657,11723,8608,15416,13346,22146,1954,1136,18664,13070,21178,21152,17498,16734,6282,19401,22089,7752,13958,10702,2010,3397,19725,15980,10673,12474,18457,21490,14841,28248,21878,15953,12080,9342,9326,9427,11991,2506,9682,8694,1673,14561,1869,20340,29526,13070,21783,12080,11752,21490,10741,21352,17194,10253,7752,18482,1216,25892,1225,15452,20396,11862,22969,18485,24257,19220,7762,18675,20227,4802,6348,8724,16192,13081,9671,13012,9233,6457,15501,10279,7752
30140,6804,6909,13723,4900,10623,13725,13184,3584,14874,6870,26372,3443,4021,4053,14827,15858,3458,14787,4443,5792,15248,11639,6516,13983,3585,18665,15171,25791,22471,9263,13335,18986,13678,15009,9517,21393,8737,17571,5033,7064,14692,18357,19998,17989,11763,9803,17590,10341,9681,17652,7633,21392,12786,22292,6625,10782,23896,8861,16895,23948,16247,19733,6627,20288,7924,13773,7064,16335,17306,17943,6536,16999,14865,4982,16952,10449,24321,20583,18439,10623,22512,15582,18660,6625,10700,13335,12694,13437,3265,4689,0,7064,22376,24932,13367,14113,17105,6822,19512,21054,18366,10921,8993,9773,19544,15378,24693,16892,19436,18201,16576,7008,2363,4312,17535,2607,15668,21234,7064,18700,14907,20692,8769,9864,21001,22725,7360,20141,2537,15715,4049,129,13685,6602,18233,3528,19541,15622,10432,3455,5873,6564,13244,9691,16048,9209,10623,21111,10823,13575,18137,10623,12694,12259,17511,15282,3474,19811,13742,8953,9663,14113,9233,17926,10623,5565,4836,6026,18472,8830,5984,12524,10920,19360,5116,4029,16675,10645,17487,17920,15384,12253,2105,18150,21804,11494,11388,8133,5172,7008,16020,13248,8104,10048,16709,19064,9242,25135,21091,13528,9654,6916,6901,5250,9566,6117,6789,6268,4835,9903,5687,19249,26497,10645,16899,9654,9183,19064,7848,16478,17070,7360,11494,17138,4501,25327,4388,13027,17025,8969,22129,15554,21200,17997,3585,17011,19081,3419,3726,4548,9663,10656,5494,10586,6807,2280,13075,7386,11494
37243,999,1811,12800,9541,4952,3202,11409,6564,13946,1066,21099,10792,6792,6920,4035,9643,7666,13380,10360,4038,4416,17419,1122,7768,10813,14673,13380,16102,24101,3459,5148,8016,12689,13160,2504,9761,2933,15515,9987,0,3012,7724,15018,8040,13947,4867,6123,4669,4862,14073,1829,18175,6571,8772,4280,2736,9890,9347,4445,9903,17623,8374,4169,15803,2120,12851,0,13996,13996,14073,9229,4566,3263,10715,12891,10793,18871,15570,20870,4952,21628,3645,5695,4280,5028,5148,6479,2983,7473,10492,8668,0,17835,24350,3072,7897,16376,4364,8253,9808,17572,3296,3189,2616,16328,16363,17627,5685,21113,8073,13380,14147,7073,7179,20870,9809,13160,9505,0,20562,13295,16493,1749,3097,9450,9010,1555,6646,7929,13275,7306,8772,3447,4256,14073,9732,7113,13616,2877,6746,3466,546,7029,9657,17582,2051,4952,9406,3555,5495,17540,4952,6479,11271,14073,4433,6398,15542,12820,3149,4844,7897,3429,20870,4952,10206,7816,3990,18113,3025,3725,11536,2874,13331,10747,10057,5560,4974,6044,15359,3447,11265,7438,15413,8387,17274,12408,10755,11134,16190,4977,12325,10726,5876,4324,12849,3438,22274,9611,7312,4835,1547,1562,7943,8306,10758,985,3811,11075,2949,10328,20432,26697,4974,20870,4835,8991,12849,2786,18113,4534,1555,15380,16634,10137,20438,10146,4839,5774,2974,15387,13601,22906,17540,6452,4575,13562,6399,8577,7241,2552,4984,8187,3245,1674,7614,4888,1581,17459
24206,19424,18399,13016,26432,22847,15810,13099,20175,15334,19434,2807,24671,20470,17878,17861,24547,21455,14768,26422,15643,19081,31143,17235,22485,24985,5106,14768,9959,15246,21156,20107,8020,11931,14547,16027,4208,18145,6235,23922,16233,14620,7500,964,6029,15076,23973,16406,22880,24378,15461,17794,2109,26031,8713,22540,19826,8881,13664,16760,8981,3858,8759,14393,295,18879,13067,16705,15383,15383,15461,16066,16165,17820,27247,11668,15014,2132,4021,3447,24565,12018,14368,17958,20800,24162,20295,23834,15862,23742,25589,20302,16182,0,15257,14435,24330,5876,16583,8576,3640,3562,20091,21417,16269,4152,5461,2122,16169,3691,6291,14768,26178,19947,17629,3447,24069,14547,8976,18291,3140,14683,0,16391,20094,8477,8995,19636,17387,23574,5118,21384,20406,19872,22342,15461,25130,7951,15003,19958,22909,15820,17366,24472,13973,3816,16208,22890,8978,20232,24406,3774,24980,26287,16594,15461,14912,20574,314,13036,19245,22702,22196,20296,3447,22511,27745,22371,14522,3432,19439,17242,16323,21735,3248,24851,25900,14308,24847,18138,5872,14811,16594,17988,6445,8858,30773,14624,14342,24648,29401,16668,13216,13911,15481,18757,28239,20092,15257,4133,24245,22094,16542,14433,18323,14347,25432,19506,15535,24306,19387,27620,3009,14492,24401,3447,21980,14054,28206,21215,3432,17934,19498,30513,5053,24071,2116,24045,20764,19923,21324,844,5646,3248,3774,16145,17538,2905,20492,19754,19361,16568,24158,17379,22323,14283,17963,20672,19663,28027
15413,22954,25904,17153,26290,27664,25415,13246,23778,17954,23129,7778,26883,26521,18891,26139,32196,27225,16412,28458,22554,24843,33117,24563,30956,27208,11023,16163,22121,11,27872,26433,21250,16068,14312,21506,14408,23979,10505,28818,21772,24035,20398,14666,18212,17245,26206,24515,28058,26918,15017,25982,15812,31744,20327,27571,25368,20661,15677,22903,22917,13288,20327,21125,14874,26756,17204,22729,17715,18089,14973,18318,22416,24868,26660,15805,17270,15835,15719,14914,27237,6385,21795,28445,25280,29609,26613,31926,25381,24573,28047,22621,22093,15024,0,21637,30623,11794,19676,20065,13605,13104,25661,27881,25651,12804,11378,15825,22755,15158,16912,14696,27988,21042,18456,14914,26311,14532,22876,24201,13463,16234,15024,23709,27697,20097,22846,25938,28161,26725,14631,27381,22655,25112,27365,16459,27600,20902,15453,25413,24110,20280,24978,28114,15879,13247,25347,30476,20748,28561,27929,13205,27478,32087,18175,17606,22614,26273,14618,17173,25114,27134,27826,28722,14914,27407,30162,25625,19513,13778,26049,22147,18005,25293,13354,29509,25501,22367,27525,27049,11218,22171,18222,22581,10913,22549,29626,15171,16892,29163,31289,25337,17353,16418,19067,27059,33091,28563,0,14264,30875,29544,20847,20100,20193,19525,30411,23062,21924,28932,24555,29858,14476,3998,29947,14914,29448,17866,30126,27162,13778,26384,25904,29456,11650,28757,15819,28682,26990,28586,25185,14547,10909,13610,13205,20895,27658,14252,26257,19901,19726,22045,29764,17947,25878,19875,22493,29622,23495,32714
38235,4567,5247,8605,15747,8029,1075,7286,8256,2813,4302,16854,15179,8404,8291,1698,9270,9352,5239,18217,4904,2501,21897,4890,6905,15349,14034,5484,8004,21389,4251,4610,5171,8251,5684,583,7662,4007,15110,15848,3761,141,5007,9760,5697,8888,7854,3380,7624,7614,5527,3918,14309,8093,5810,7015,5324,6915,6073,1579,6919,8846,5409,4900,15317,5025,8406,3046,4435,4523,5659,8832,1562,2558,18637,6612,4482,16394,8517,7561,7529,21040,583,3542,7311,7319,4745,8289,1080,9688,16918,14732,3072,15909,23848,0,6523,14203,5160,5313,7873,9062,5442,4676,1421,15240,9633,15432,2664,7585,5640,5429,20068,8403,8535,6731,14785,5402,6518,4167,7713,5376,14679,1343,2899,6514,6018,4027,4064,9851,9623,9026,13550,2717,6934,5796,15048,4348,4733,5518,8926,5531,4528,6414,6405,8034,1583,8124,6418,5384,6492,8749,7924,8161,2619,4876,1486,8914,13774,8506,4561,8424,6685,5323,7863,7729,18529,9225,4531,8532,3506,5522,2745,5224,8155,17031,17564,2508,7645,3324,14726,537,2590,8993,14684,5410,19738,8951,8186,18815,18750,2051,8278,8216,4495,2296,13574,5127,21807,7560,6179,7714,3001,3323,9691,5000,18804,4542,5657,18295,2403,17001,8419,26416,7337,7949,7614,5591,13351,5213,8349,2057,3818,19444,9498,16304,18145,18030,5147,3640,4660,14779,14612,7950,8215,8075,2700,9289,8782,9683,9331,609,7137,8872,5468,3469,9059,5103,4137,21940
38591,5581,4447,18421,13121,2444,5895,16040,9090,17083,5027,24966,14372,9318,10841,6318,6889,11073,14586,13940,8413,6031,15150,5126,130,14393,20483,16517,20635,30383,3642,3709,17005,18272,15114,6153,18541,3958,21853,13567,5302,6397,15257,20864,17715,15138,2991,8153,2161,2869,16921,4051,22327,3817,16125,7599,2715,19319,12485,7146,19299,20514,15602,8544,23896,3580,18178,5302,15220,14225,15578,13150,7479,4608,14295,16162,13931,25292,19723,17608,2444,30160,6922,6974,7599,2520,3709,3726,5716,10880,14072,11202,5302,22075,27784,6523,0,22780,8739,17104,18690,20925,2853,3136,5225,20682,18933,25863,8429,17957,17679,16399,15229,10943,11100,16493,12343,14487,16985,5302,18415,14771,22382,5640,4107,17084,17996,4431,8270,11509,19078,9832,11307,4612,7576,15804,13312,15850,15229,2733,9273,7841,4803,4275,12794,17781,4940,2444,18575,2756,4001,20513,2444,3726,14408,14650,7268,8924,21432,16603,3210,2851,0,2357,19520,2444,13786,10342,8365,18536,4050,8100,14673,2853,20999,14328,13637,8452,2466,8054,19738,6583,14402,10719,19806,17173,13793,15530,13892,14715,15229,7629,17432,13864,11925,6118,10095,2790,30825,20245,4559,2842,5550,5565,11864,11443,14338,5567,8186,14655,4518,13908,18704,29821,2466,19886,2842,12541,10095,3357,18252,6712,4051,14886,20822,13717,24405,13726,3401,6996,3112,21255,19351,20727,19910,10373,6051,19458,8925,12498,11161,5921,2476,12108,2519,5677,10894,3449,4457,13980
23755,15914,16554,9728,20842,20886,15625,9811,17530,12046,17672,5903,21060,19646,16507,16288,22516,20572,11480,22776,13571,17414,24980,15338,23156,21383,753,11480,17547,11802,19881,19134,9380,8643,11260,14081,6121,16788,1824,22869,14643,15841,8746,5400,7281,12631,21570,18948,21136,22196,12173,16394,6545,21885,15009,18314,20153,14241,10376,15496,14367,3900,14901,13436,5607,17230,9779,15472,12095,12095,12173,17356,16554,17446,23647,8380,11726,6568,6373,5647,20399,8574,15833,18413,20523,20025,21290,22072,17189,20564,20036,18852,14858,5757,11813,15654,20669,0,13630,13237,5493,3056,18572,19960,15850,1982,2215,6558,15438,5891,7592,11480,22886,16652,16766,5647,20460,11260,14220,16412,5340,11395,5757,14120,17723,13584,15498,18045,18237,20312,2241,20600,18940,17688,19979,12173,19617,8990,11715,20236,18020,14920,15629,23078,10685,3858,15595,23032,14186,18790,22914,3816,22814,22168,12204,12173,15208,17777,5351,9748,19756,20522,20737,20844,5647,20592,24254,17357,13669,4389,16394,14715,13035,18199,7684,21581,22307,15045,20676,18968,1402,14738,12197,16324,1298,15044,24612,12824,13436,21337,25742,17204,9928,13407,11541,18872,25854,18747,11813,5950,20806,22113,13615,17640,15322,11059,22255,16011,13318,23185,17139,24062,5209,11048,22372,5647,19963,10766,25899,17603,4389,18211,16313,26888,2856,20826,6552,20784,21733,20436,18005,5280,2400,7684,3816,16039,19471,4863,19535,16032,14247,16112,22163,16314,18773,17607,16271,19609,18023,27226
33579,3725,4015,8313,8866,8921,5679,6922,5926,8140,3791,20288,9281,6154,5478,6538,14155,7165,7758,9808,633,7060,15678,3315,12280,9422,12922,7758,18254,21459,6184,7873,9183,8202,7551,4598,9849,5658,11298,9435,3970,5163,8722,15749,8552,9476,8100,8508,8638,7978,8451,4554,17368,11083,14753,5616,5461,16358,4884,6723,14888,13136,9742,528,16354,4845,8364,3970,8373,8373,8451,7787,6716,6027,10040,8405,4916,18105,15702,16383,8921,19318,5726,8323,5616,8997,7873,10992,5485,6972,10792,7226,3970,15046,21686,5160,12410,13693,0,9575,9717,13085,6021,5914,5227,13416,11876,16856,7789,16626,8685,7758,10974,5631,5737,16383,8366,7551,14394,3970,16075,7673,16978,3917,5880,14165,15187,4281,9131,7368,14479,6668,7330,6216,5593,8451,10413,8233,7993,5396,6080,623,3471,11541,5169,13095,4687,8921,14271,6280,8220,13053,8921,10992,6679,8451,6645,5731,14460,8333,5874,7960,12410,6154,16383,8921,9531,7150,39,13626,5751,377,6943,5599,18419,10072,9505,7593,8942,8444,12069,5660,6672,6028,12368,9780,15426,9101,5989,10459,10974,7210,7838,5960,2569,6936,17362,6244,21891,9659,11825,7952,3550,3534,6501,2851,10083,3710,355,10400,5712,9653,15945,23835,8942,16383,7952,3706,17362,4953,13626,7014,4281,15120,12092,9586,17621,9595,7564,8409,5890,15999,10890,18419,13053,5010,7235,14100,5733,7135,5799,4837,8953,6745,6569,3441,6203,7613,4307,15587
34790,9768,13851,9562,22343,19460,5834,9034,17555,4617,9542,9329,21500,17784,16312,5543,19287,20980,5018,25313,9564,6132,29315,9963,17679,23926,9921,4956,2955,21824,9505,9691,631,9020,5268,5811,4382,9318,13353,22412,8827,5418,1297,7101,2722,17466,19161,4533,17084,18854,4338,9217,7826,17677,539,17886,14075,1652,8873,4654,1679,8061,223,9149,8002,13657,9387,8320,4338,3658,4263,16787,4278,7251,25843,5968,7774,8081,4836,6183,18730,19285,4834,5981,16624,16717,9812,19773,6011,19416,24079,21505,8253,8576,22115,5313,15519,14590,9575,0,4937,8101,14224,9967,6504,9319,9470,8525,3538,5599,2412,5004,24819,18849,18148,5744,23196,5568,1302,9238,5002,5053,8627,6524,7730,1202,861,9318,5095,21550,9292,20572,19684,7314,17752,4196,23701,1421,5056,15797,18420,14737,9691,16829,9387,7186,6847,19599,1210,15570,17018,7825,19307,17738,5058,3802,4498,20232,8140,9474,9858,20020,17365,14025,6849,19022,23467,20512,8906,7379,8818,13291,5016,13942,5165,23575,24668,3405,17143,4609,9608,5156,5148,17656,9468,316,29127,15728,15436,25967,25365,4258,9723,16838,8702,5956,22704,15168,20200,4444,16438,18995,7877,7924,19670,8652,26149,9758,13385,25464,7263,23598,6808,24876,16737,6559,18849,8562,20367,13920,7316,5285,9116,26138,9223,22811,9377,22849,13532,6043,9958,7592,9853,4952,7239,16067,6222,8029,18195,18319,17843,5918,18155,18415,15701,7981,17713,13501,9421,26586
31525,14716,17181,6355,22551,19976,8837,6682,18203,5375,14613,4877,21222,20372,16749,8995,21698,19617,3359,22809,14612,9798,26924,14546,21108,21483,5447,3046,6565,13341,17294,16417,4382,5802,3112,8081,631,14867,5845,24847,14647,8014,3881,2179,2455,14831,21111,8884,21810,19291,2566,16061,3048,20495,5090,17859,18346,5362,7556,8175,5460,3839,5121,9208,3073,15846,6247,13386,3720,3385,2379,16886,7753,13758,25863,2891,7356,3417,1172,2164,19362,9674,7704,13418,18240,19017,18298,20734,8916,21853,24111,19102,9808,3640,14995,7873,20600,5493,9717,4937,0,3740,18605,16064,9294,4672,5399,3855,7603,1305,2687,3145,24924,16705,16675,2478,22811,3712,5409,13744,317,3244,3702,8494,14250,4912,5385,14636,9598,21811,5135,21405,19240,13939,17694,2195,21477,4377,3911,16828,20878,13666,15982,20603,8076,3189,9361,20051,5400,16943,18710,3558,21828,20671,5818,3054,7956,18784,3205,6300,17507,20072,20782,16952,2843,19607,23748,20628,9174,3058,15738,14897,5684,16526,283,23598,24550,7345,21587,8931,5293,8058,5908,18603,5103,5220,26650,9943,13648,25867,25454,8034,6895,14674,8843,9580,22888,18429,15135,499,18431,21297,9035,8739,17795,8236,26467,16271,14860,25425,14979,26159,2299,16116,21127,2334,21160,7519,25109,16194,3113,8971,14453,29083,5118,25132,4681,22803,17111,13530,17636,2662,5714,100,3110,15039,9953,3483,20572,18886,18413,8402,18925,16649,18737,8680,18614,17037,14701,26781
26532,15834,16630,9509,20347,19510,13413,9592,16612,11826,15899,5524,20659,18635,16287,15433,23353,19689,11261,20333,13957,16676,27132,15316,19363,19029,2847,11261,14871,13111,16220,17240,7477,8423,11040,9027,4351,15059,2769,20286,17529,9196,6841,3159,5380,13506,20201,14757,21641,18771,11954,16183,4305,22462,8397,17038,16659,8900,10156,9939,8994,658,8315,13216,3367,15657,9560,15068,11876,11876,11954,18596,9565,15308,23235,8161,11506,4327,4740,3407,18978,9883,9135,16048,19149,20509,17426,20584,13409,17935,21581,16663,17529,3517,13122,9062,18985,3617,13411,8101,3740,0,16936,18044,15118,2406,1995,4318,9822,3650,5693,11261,24841,15950,16546,3407,18199,11040,8868,13333,3099,11176,3517,9140,17232,8393,8734,14684,17411,19586,1627,19633,18479,15541,16855,11954,19163,7087,11496,18479,18955,13385,14096,21147,10466,617,13530,19541,8839,17116,19081,574,21300,20636,11984,11954,9718,18715,3110,9529,16184,21252,21030,17209,3407,19190,21538,16680,13450,1148,14606,13315,12816,16562,5444,21212,21889,9527,21210,16292,2382,9434,11978,15815,2338,8413,26761,13699,13216,23155,25389,9992,9709,13187,11322,16353,24486,17024,13122,4162,19019,20641,17405,17421,16198,10839,24022,15928,13098,20666,16562,21421,2969,12357,18849,3407,18619,10547,24482,16030,1148,15646,16081,24045,1662,22519,4312,20406,19684,16175,17939,3040,2180,5444,574,15819,15377,1124,18630,15748,13929,9425,20545,17554,17118,17388,14323,17757,16188,24387
36537,3852,3366,14587,12668,2542,5025,14093,8637,15417,3298,25429,13919,8864,9194,5618,7233,10619,16064,13487,6312,5543,13585,3396,5358,13940,18385,16064,19453,28044,2391,2679,15476,14460,15844,4990,16786,1833,19525,13113,3573,5332,13777,20883,14414,16631,2534,7635,2260,2412,14888,2322,22505,4161,14869,7146,1544,16315,12031,6350,17977,18249,15804,6443,21741,1851,14368,3573,16680,16680,15147,11503,6624,4055,13842,15637,13477,21051,17986,17247,2542,27827,5918,6670,7146,2619,2679,4070,4818,10426,13619,10942,3573,22144,28282,5442,5488,20469,6638,15677,16881,18667,0,1101,4318,20514,18546,23759,7666,17695,15892,16064,14776,9321,9453,14541,12082,15844,15781,3573,16586,15979,20408,4374,3589,15811,15118,2702,7901,11056,18714,9379,11046,4128,7122,13978,12858,9765,16299,1343,8819,5739,3073,4619,12341,15757,3908,2542,17247,463,3026,16570,2542,4070,13955,16757,6431,8470,19455,15957,1175,2395,5488,960,15706,2542,13332,9889,6264,16518,1925,5999,14220,493,17236,13874,13183,7637,2564,7539,17639,5611,13949,9686,19522,15797,13559,16825,13439,14261,14776,6871,13686,13410,11472,5574,10440,1050,25845,16597,4903,2386,3821,3836,10217,10989,13885,3837,6085,14201,3866,13455,18438,27691,2564,17708,2386,12088,10440,1628,16231,6073,2322,14619,18509,13264,24766,13273,2371,6714,1076,21287,19001,16999,17683,8726,5615,17425,8472,10851,9515,4834,2575,10461,369,3947,9861,2419,2728,15145
36551,3736,3179,15713,14530,3361,4212,15955,10500,18492,3182,22323,15782,10727,9078,4793,7666,12482,17927,15349,6196,4723,16135,3280,5791,15803,19756,17927,16580,27635,530,2617,9847,15515,17706,4251,17562,1601,19070,14976,3457,4561,9668,20079,13507,18494,3353,6810,3079,3231,18620,2206,19682,4594,15240,9008,1428,15266,13894,5532,16819,17638,14657,6327,19035,1735,15460,3457,18542,18542,18620,11387,5814,3235,15704,13519,15340,20303,18874,14962,3361,24851,5133,5864,9008,3438,2617,4502,4008,12289,15481,10826,3457,19432,25296,4676,5920,18110,6522,9967,17706,16371,1154,0,3508,19933,18068,22947,6848,15312,13494,17927,13297,9205,9337,13847,11966,17706,14730,3457,17396,17842,21754,3681,2776,16284,15505,2586,7085,12918,16523,11241,10930,3314,8985,18620,14721,9016,18162,1586,10682,5623,2957,5052,14203,16701,3120,3361,14598,1130,2964,17628,3361,4502,15818,18620,5618,10333,20708,15586,373,3213,5920,887,15075,3361,15195,11752,6148,15905,1693,5883,16082,1566,18103,15737,15046,6824,3383,6715,18939,4818,15811,9570,19001,13289,16096,18687,15302,16124,15218,6051,13409,15273,13335,4750,10872,813,28082,15755,5335,3205,3705,3720,10101,12852,15747,3721,5969,16064,3041,15318,17701,30181,3383,15400,3205,13951,10872,1512,15622,5247,2206,15770,18007,15127,21759,15136,2308,5911,275,18608,18545,17834,15435,8610,4798,18554,10335,10735,9399,4067,3394,10345,1301,3831,9745,2356,2612,16296
39652,3914,4522,9644,14936,6924,708,8217,7689,4156,3587,20646,14589,7808,8374,1443,8115,8739,6594,15833,4820,1833,20827,4405,5617,14728,15676,6852,9021,23029,3012,3234,6438,9338,7036,1339,9081,3041,15286,15064,3395,1280,6339,16290,7105,9346,6923,3553,6423,6560,6930,3050,16180,6858,6970,6176,4237,8044,6793,2043,8036,13412,6573,5098,15747,4116,9448,2361,5820,5938,7068,8980,2306,1206,17779,7949,5190,18461,9932,8929,6424,25022,1711,3102,6460,6240,3365,7057,501,9112,16120,9773,2616,17931,23273,1421,5225,17469,5227,6504,9294,13717,4318,3508,0,17129,14327,17306,3360,8986,7037,6792,19130,8208,8669,8092,14244,6712,7637,3747,9132,6733,16522,1499,1485,7692,7137,3181,4035,9324,15811,8372,9914,1390,6117,7208,15827,5671,6065,4448,8358,5458,3942,5066,7039,9349,565,7030,7537,4207,5173,14666,6830,6899,3888,6290,2113,8380,17203,9546,3412,7427,5402,4112,9197,6624,17564,8782,4692,9864,2566,5485,4024,4137,9575,16247,15243,3319,6514,3469,16514,1362,3840,8879,16494,6560,20727,9460,8526,16329,17890,2575,9229,8614,4766,1718,9116,3912,23446,8981,4816,6686,2991,3504,9833,5497,17827,3861,5652,17472,999,16175,9788,25563,6218,9311,6587,6296,8920,4251,9674,1942,2958,18510,15622,17147,18331,17221,3774,3186,3512,16823,16338,9371,9537,8151,2009,14049,8242,9650,9312,942,6018,9063,4309,3692,8956,3738,3314,18980
24785,17637,18395,9839,21455,23233,15248,9922,19783,12157,17730,5089,19772,18245,15056,15842,22738,21097,11591,21344,15172,18704,28274,17067,23196,22112,1212,11591,16384,12806,19797,19008,8705,8754,11370,15176,5303,16768,2076,21376,14683,14003,8088,3675,6601,13837,21860,18260,21260,20336,12284,18059,4821,22007,9578,20453,18331,9993,10487,14989,14717,3231,9527,13547,3883,19074,9890,16978,12206,12206,12284,14774,15972,17134,22119,8491,11837,4844,5499,3923,20567,9577,15351,19707,18879,22257,21154,24472,15241,19169,22776,17732,14814,4033,12817,13828,22795,1982,13741,9319,4672,2511,18612,18086,15541,0,2326,4834,16320,4167,6908,11591,23562,15648,13380,3923,21189,11412,14582,14970,3616,11548,4033,15314,17452,9511,9904,16377,17603,18968,1958,21086,17821,19143,20249,12326,22314,8379,11868,18425,20373,13806,15725,23045,10838,3190,16908,21101,9977,20728,22911,3147,23028,24550,12356,12326,14697,20118,3627,9901,19728,20788,20767,20843,3923,20771,22632,17885,13822,2805,16335,15013,13188,18238,5960,24520,23034,14419,22967,18290,1875,14323,12350,16999,1572,9626,25297,14030,13588,24268,24044,16590,9406,13560,11694,16676,23726,20647,12817,5143,20753,20277,14971,17793,13860,11211,22886,16092,14852,23918,18569,22481,3485,12051,22539,3923,20172,10919,23744,17680,2805,17671,17961,27635,2966,21480,4828,21445,21621,19847,19824,3556,2511,5960,3147,13619,17216,2278,18189,16796,16439,15759,20250,17520,20723,17886,16956,21506,16371,27988
22440,15601,14780,7501,21062,21048,15610,7584,15736,9818,14288,6848,17403,17670,14279,16412,22840,18607,9253,20907,11949,17645,23282,14948,19264,19502,2621,9253,15539,11343,18018,19255,8840,6415,9032,9497,5994,15072,1001,19024,15521,9756,8181,4995,6786,11738,17773,15996,19363,18349,9946,14673,6140,22166,9814,16518,18228,13774,8149,14170,13894,1996,9690,11208,5202,15474,7552,13783,9868,9868,9946,16588,15121,17544,21769,6153,9498,6163,6432,5242,18615,8114,9802,18846,18542,18241,17651,20295,15556,18610,20182,16949,15521,5353,11354,9633,20867,3392,11403,9470,5399,3002,16827,16394,15790,3115,0,6153,15721,5486,7102,9253,21189,13342,14539,5242,16857,9032,13685,15521,4935,9168,5353,9474,16162,9881,13449,14646,18792,18367,3339,18628,15463,17817,18000,9946,19720,8334,9488,16607,16235,11377,15286,19221,8458,1955,15462,21058,15029,18797,21008,1913,18910,20399,9976,9946,15307,17628,4946,7521,17865,18724,18994,18939,5242,18806,20281,15589,11442,2486,16199,11307,10808,16455,7279,19878,18532,15285,18894,17639,1768,14680,9970,17015,2067,9786,25263,11931,11208,21650,21667,15807,7026,11180,9314,17328,23871,17025,11354,5795,19099,18271,15397,15413,15302,8832,20532,14255,11091,19332,15596,22174,4804,10588,20410,5242,20029,8539,23919,17466,2486,16721,14596,22700,357,21068,6147,19078,18040,17230,17950,4875,412,7279,1913,13811,17928,2959,17567,18775,14600,9907,20204,15546,17033,15506,17191,19760,16114,25367
25567,19203,20022,14806,26048,24469,18456,14889,24343,17124,19167,1172,24502,22379,20208,18732,28858,23410,16558,28762,19172,18065,33457,20826,23902,24783,6937,16558,9383,18408,22610,21329,8045,13721,16338,17243,4247,21569,8066,28656,17788,15619,7634,2796,6287,15910,23471,18532,24410,26180,17251,21207,3506,27705,8552,24431,23480,8493,14705,15918,8592,5689,8678,16190,3133,22501,14857,18101,17173,17173,17251,20094,16931,20720,26828,13458,15130,10,3691,5279,23885,15180,15256,20400,24830,25930,23714,27955,18555,25933,25301,22404,19428,3283,18419,17009,23466,7708,18578,8525,3855,5394,21557,20820,19074,5984,7243,0,16688,5523,6489,16558,31180,22204,18138,5279,26406,16338,8666,18190,4972,16473,3283,16099,21236,8179,8784,21252,17733,25796,6950,25685,24815,20929,24238,17251,24886,8185,16793,21459,22736,19451,18961,25935,15357,5648,17337,27030,8688,23875,23510,5606,26771,25345,18385,17251,17226,22538,3364,14826,20636,26908,23609,23917,5279,24118,30028,22312,16264,5263,19021,17478,18113,21191,1126,29713,25609,14808,24129,18606,7704,17326,18385,22150,8277,8772,33101,17097,18189,26770,31737,17340,15006,17729,15795,17776,30096,23676,18419,4266,23295,26178,16508,16001,20762,14751,30315,21236,19167,29114,20513,27153,4841,17654,23717,5279,23633,14887,30030,22901,5263,18707,19130,29791,6885,28847,0,26153,22010,18619,22865,2338,7478,1126,5606,20105,18272,4737,22445,20092,19720,16099,25886,17946,23917,15877,20078,24167,19325,33224
40391,7139,7793,14855,19209,14975,2652,9127,15869,4090,6844,18068,18694,16072,14406,2113,16673,15832,6004,20025,7562,2603,25642,7520,8829,18858,15290,6136,5718,24794,6324,6339,3701,9736,6421,3246,7201,6389,15198,19319,6406,2694,3892,9731,5154,16412,13601,1331,9719,9916,5855,6369,14094,14760,3904,9506,7593,4883,8259,1317,4858,9676,3537,7492,14003,7458,9987,5578,5102,4793,5906,16621,1119,3839,20384,7348,6764,16040,7894,8032,9768,22064,2082,2558,9794,9592,6449,15052,2868,17959,20762,18617,5685,14670,25080,2664,8429,17015,7789,3538,7603,9822,7666,6848,3360,14807,14263,15141,0,7766,4958,6123,23871,14640,16199,7316,18305,6383,4470,6806,7545,6113,16348,3999,4336,4629,3990,6494,2116,18217,14152,15379,18820,3870,9439,5963,18544,3276,5684,7806,15286,8184,7125,8175,8669,8789,3838,15135,4374,7537,8343,9510,13468,14775,4229,5129,1267,15284,14029,14711,6759,15733,8624,7424,8529,9967,22320,17326,7143,9175,5903,8169,4291,7494,7876,20504,19432,299,9849,1357,16212,2238,4263,16976,16096,3496,23155,16438,14093,22656,24466,801,13289,14078,7069,2438,16458,7224,25251,7176,7890,14652,5663,5954,16211,7432,22590,7102,8297,22135,3912,22550,8838,27768,9559,8443,9946,7816,16178,7605,9037,1774,6273,22860,14012,19787,17907,21873,6858,2637,6859,13469,14791,7653,8921,15568,2685,9921,15106,16288,15818,3133,9359,16647,7645,6087,17070,6847,6619,25709
27411,15146,14580,12991,23309,20957,8612,13073,16923,15308,15085,5302,19755,18967,15068,8891,22852,20176,14742,23529,17439,9726,25511,13482,20273,20022,5186,14742,7601,16593,16542,15844,4990,11905,14522,7703,1838,15500,6251,23287,21011,7726,4389,3293,2892,16988,19930,9087,20853,18308,15435,13739,4438,19643,5854,16779,17419,6310,13638,8135,6405,3874,5806,16698,3501,14934,13042,21011,15358,15358,15435,15151,7728,13424,22026,11643,14988,4461,2462,848,20303,13364,7512,13532,17151,18065,17668,21903,8659,18484,22540,17634,21011,3651,16604,7585,19792,5956,16893,5599,1305,3578,16055,16876,8986,4232,5477,4451,7766,0,3193,14742,23489,16826,13575,848,21188,14522,6291,21011,1322,14657,3651,8014,15274,5810,6183,13783,9844,18416,5134,19998,17765,15019,18305,15435,22094,4739,14978,15965,17630,16866,13508,19867,13948,3832,8976,19077,6266,17806,18002,3790,18838,21873,15466,15435,7912,17455,3244,13011,15128,20960,18101,17846,848,20564,24632,17333,16931,3448,14892,16797,16298,17294,5577,22159,20824,7486,20565,9121,5888,7850,15459,16952,6461,5905,25223,16539,16698,24262,26467,8080,13190,16669,14804,9504,21883,17605,16604,1627,19611,20190,20887,20902,16022,14321,24923,13801,16580,23833,9982,24591,681,15199,18245,848,18198,14029,21805,15293,3448,8940,13627,24966,5069,23547,4445,21359,16518,15047,16794,3173,5662,5577,3790,13528,9896,2921,19118,15579,15160,8060,19851,14898,17850,20870,16955,16433,13830,27939
31599,9519,14897,7374,21360,17712,6492,7083,16723,3708,9370,7431,20277,16982,16122,6517,21398,20052,2983,21816,8830,7280,25709,9542,16532,22608,7512,2827,4775,18349,9834,14950,1798,6816,3113,5968,2244,9381,7702,21392,8473,5775,1213,4859,316,13629,17134,6216,19124,18824,2125,9205,5714,19858,2714,15883,15669,3380,7296,5656,3462,5662,2624,8202,5743,14957,7213,8283,2603,1900,1998,16490,5232,8046,22385,3666,6535,6044,2968,3776,18812,16146,5355,7511,16279,16749,13742,20136,6606,20385,20772,20061,8073,6291,18640,5640,16040,7592,8685,2412,2687,5693,14419,14872,7037,6908,7102,6489,4958,3193,0,2899,26243,17367,16190,3395,19784,3547,3259,8861,2686,2973,6374,6523,8463,2826,3061,9278,6918,18549,6910,19734,18360,8162,15737,1884,20399,1697,3227,15911,19332,9270,9393,15940,7834,4797,7207,17812,3214,14414,17656,5421,17553,18146,4209,1837,5447,19208,5832,7293,14687,18000,17896,15845,4454,17326,24833,17529,8054,4969,8900,9182,4107,15529,2949,22516,21248,4714,19025,6266,7210,5716,4309,17798,7066,2722,25488,14813,14822,24740,26841,5451,7644,9985,7778,7069,22785,14127,18793,2232,15637,17156,7456,7315,17571,7458,25123,9534,9208,24260,7964,22593,4398,21396,18564,4149,17026,7085,22602,13888,4912,6431,9108,25209,6847,23949,7330,21750,14274,7592,13451,5332,7478,2726,4839,15889,7420,5617,19051,16642,16179,6222,18282,14824,14498,7313,16185,14215,9353,25635
31583,12700,12805,7449,18428,15940,6489,5688,15476,2037,12766,7636,18905,15786,10548,6880,19465,15459,105,20644,8218,7731,22803,12412,15312,19186,10795,105,7652,15915,15159,18374,4384,6037,1742,5476,3307,14633,9171,18428,12960,5567,3716,14008,2625,8588,15045,7447,17451,16795,693,13529,15153,18247,5430,13744,15821,6243,4524,6215,6320,11009,5227,7477,14216,13820,7500,12960,615,615,693,12857,5838,7977,19367,5771,4279,15176,4209,14256,16909,15471,5446,8399,14121,14988,18374,18500,6509,17281,17769,15039,12960,14366,16197,5429,14879,11566,7672,5004,3145,10958,15960,14889,6792,11289,9749,15166,6123,14499,2899,0,22948,10701,10807,14256,16635,1742,6074,12960,13948,223,14366,5725,8270,5680,5790,13256,8238,15652,12352,15260,16734,8142,14963,693,17375,3726,235,15471,16297,7645,12460,14962,4833,10968,6730,17640,6015,15862,14928,10926,17375,18470,3298,693,5994,16126,13959,7469,14849,17604,16553,17022,14256,15580,21627,14585,7711,11499,14726,7576,3027,15959,16292,19499,20044,5826,17169,7461,9942,5760,3298,14454,10241,5315,24842,8213,7477,21365,21355,6266,6974,7448,5583,7508,18821,17455,16374,3105,14739,15255,12836,12852,11571,5100,21919,12685,7359,20913,7791,19623,13818,17112,16712,14256,16679,5978,20649,13744,11499,7007,13256,24548,9965,18705,15160,20621,14859,8495,14865,13888,8762,16292,10926,10080,7914,11973,15993,12205,10868,5853,14927,11815,15625,12945,14629,14761,13282,22673
33710,15135,15240,20408,9314,18006,18248,16847,11397,18982,15201,29812,6758,11834,14299,21221,27805,9615,22660,6259,14690,21402,4908,14847,31126,6779,22720,23094,28638,30706,15504,14862,26860,20836,22941,19230,25198,13404,23925,7041,14599,18133,23812,25882,23629,13367,17185,22041,17723,17063,21768,13331,27278,29727,25527,14957,16872,27005,15027,19976,29801,24383,25015,15121,28847,16255,18451,14286,22594,21345,24284,11854,20180,19276,6822,21238,16834,27953,29081,22602,18006,27961,18970,21012,14957,18082,14843,29377,19786,9568,7234,10419,15593,28852,30848,18208,31256,25224,15316,27354,27470,22538,17431,14655,17357,25970,23354,28289,21659,25889,23810,20821,0,12608,11309,21761,7480,22064,26526,15395,27033,20688,26569,16439,18659,26360,28532,15691,24858,8640,23739,11862,10523,17630,14933,24575,8201,25480,21949,16621,11268,14417,14896,13479,15861,24175,16648,18006,26399,18205,30719,24619,18006,29377,18330,23772,22031,11287,28318,18483,13330,17045,31256,17564,22149,18006,10422,10824,14941,22646,13985,14677,20321,17010,25192,6861,6989,21505,18027,21924,24316,20612,18199,12350,22282,25050,4763,13560,16500,6671,8280,20689,19167,16471,14898,19400,30456,17573,28169,24929,13847,17037,15894,15802,10222,15506,7774,15120,14763,6666,17169,8216,25735,32171,18027,22780,17037,16521,30456,16179,22365,21941,14822,4763,21377,7114,28857,7001,14527,21082,17109,25964,21337,25057,24485,11737,21552,25559,11520,10049,10794,19309,18038,10812,17969,15735,12526,15915,15717,4763
32729,7309,7415,14566,6965,11129,8765,13175,4327,15712,7376,21681,5105,4586,3468,9613,16364,5046,15146,7671,6292,13240,13704,7021,14489,5962,16457,15146,20998,20874,9769,13841,18256,14454,14926,7825,16995,9243,15407,7298,7569,8387,17551,19505,17134,7972,10308,15443,10847,10187,14975,8139,19112,13292,17815,7131,9046,21234,11113,9924,21288,15489,19097,6678,19886,8429,14617,7569,15762,14613,13851,5777,9965,8755,8139,14657,12559,21809,18175,14391,11129,20859,8983,16458,7131,11205,13841,13200,8553,4853,7066,2961,7569,18098,23192,8403,14618,15108,6872,17102,18411,14472,11426,9499,8208,17246,14706,20146,16136,15266,15757,15146,9073,0,3728,13538,4432,14926,18824,7569,16307,15061,20372,7093,8479,20478,18214,7865,17837,4978,15050,5069,2944,8920,7108,15557,5352,15307,15381,10938,4509,5974,7070,13750,11423,13777,7644,11129,20613,11329,14081,15695,11129,13200,13037,14820,9872,4160,17584,14586,9459,10169,14618,9739,15396,11129,7629,5579,6498,15988,9335,6233,13302,9184,16970,8171,6406,14404,11151,15347,15684,8873,13030,1743,15893,17380,13559,8054,9921,8558,9073,15221,14091,9893,10554,9918,19570,9748,23397,18432,14033,10160,7445,7461,4491,10071,8182,7295,6319,8498,8453,7752,15168,22634,11151,16075,10160,10757,19570,8353,15672,14743,7865,13559,14860,7449,20765,6765,13532,16570,9474,19627,13565,18558,15500,3000,13443,16654,4162,4198,3789,8005,11162,4735,11092,7554,1918,13581,7891,13559
27250,7094,7199,10514,8378,10274,9115,9123,5852,11268,7161,21656,6164,6111,732,9973,15508,6572,10886,9196,5317,15319,12061,6806,13633,6306,15993,10886,20372,20162,9553,12986,17454,11272,10678,7992,15521,9028,14368,8823,7354,8552,15108,17403,15897,5582,9453,17369,9991,9331,11578,7924,17153,12436,17169,6916,10433,18563,6877,14749,20531,16207,16717,4991,16016,8214,10565,7354,11501,11501,11578,3387,14687,9435,9552,11475,8044,17824,18351,19453,10274,20164,9083,17161,6916,10350,12986,12345,8923,6378,7411,4468,7354,15995,20341,8535,13763,16763,5186,16466,15129,16156,10571,9284,8669,14747,14946,19991,14698,14962,14689,10886,10486,3303,0,19453,5957,10678,18169,7354,14717,10800,16388,7341,9250,17843,19400,7650,18309,6766,17452,6594,4469,9619,6892,11578,6877,14604,11121,10082,6034,4999,6855,12894,7707,16165,8128,10274,19900,10473,13226,16123,10274,12345,9853,11578,14612,5685,15523,10534,9243,9313,13763,9524,19453,10274,9042,7104,5523,16696,9120,5258,10118,10571,16927,9584,6750,15881,10295,17281,15140,9051,9847,2637,15438,16787,11916,5664,7982,9971,10486,14002,10039,7953,5595,13735,18715,9533,18642,16792,13178,9305,7230,7246,2101,7041,9595,7080,5344,9911,9121,9165,14618,22062,10295,19453,9305,6777,18715,8138,16696,15232,7650,11916,15218,8974,20584,8983,12677,15685,9259,17449,13960,15261,16123,1162,15573,17170,5687,2735,1399,8256,10306,2345,10237,6458,2813,12726,7676,11916
27295,20507,20613,12748,21404,19198,7790,12830,15210,15065,20574,6490,19873,15497,19526,8170,21088,16586,14499,19623,17196,9019,26213,20219,18642,20166,4943,14499,8119,16350,13591,15977,5113,11662,14279,6772,2867,22441,6008,21382,20768,6869,4454,3050,3081,16745,18117,8646,17374,18410,15192,21337,4195,19954,6097,16679,14283,6750,13395,7486,6837,3631,5964,16455,3258,14741,12798,20768,15115,15115,15192,21470,7101,9278,22373,11400,14745,4218,3645,0,18556,13121,6741,9654,17083,16476,16183,18328,7811,18472,18722,15909,20768,3408,16361,6731,18178,5713,16650,5744,2478,3335,16027,15261,8092,3989,5234,4208,7316,848,3395,14499,23985,14922,19785,0,17500,14279,6652,20768,1079,14414,3408,6999,9568,6207,6449,21063,9429,18394,4891,16432,17680,9444,14960,15192,20190,4627,14735,14429,17536,16623,20268,18300,13705,3589,8020,19260,6609,16163,18245,3547,19001,20192,15223,15192,7264,15734,3001,12767,13661,17377,18321,16221,0,18812,20620,15605,16688,3205,22533,16554,16055,15621,5334,22519,19098,7022,18826,8666,5645,7058,15216,13661,6218,6059,25896,16296,16455,22360,24563,7510,12947,16426,14561,8796,22331,15990,13230,2643,18067,18410,20644,20659,19437,14078,20884,20493,16337,19897,9090,20583,467,17101,18373,0,18279,13786,20197,13739,3205,8283,21063,23237,4826,19637,4202,19632,16701,9749,15172,2930,5419,5334,3547,19058,9201,2678,17222,15297,14830,7152,16441,20428,16195,20627,15062,16600,21090,26035
33877,9223,9328,14181,3019,12684,16605,14730,4674,15056,9290,25478,673,4564,6277,17799,17919,3351,16384,2402,8256,18193,8093,8935,16044,812,18396,18481,24925,26157,11682,15397,22632,14563,16605,14013,23153,11157,19167,2992,9483,14739,21952,21568,21576,9733,11864,20864,12402,11742,17612,10053,25300,14847,21759,9045,10960,23220,12669,18415,23265,19600,21262,8688,21840,10343,15554,9483,16410,17288,17875,7419,16830,14690,2942,16970,14115,23628,22179,20183,12684,26231,15557,20032,9045,12761,15397,14755,14774,3304,2649,2849,9483,21838,23872,16296,16174,18563,8883,21046,20697,20058,11520,11412,15699,19225,18579,23959,20175,19224,21805,18335,4519,4587,6184,19288,0,17427,25093,9483,20295,18189,24501,9833,14219,22546,22147,9779,19574,2376,17203,4539,2720,16393,9021,18139,2173,21247,17380,12493,3945,7984,8984,15305,12978,17611,14881,12684,24956,12884,15637,19839,12684,14755,15894,17478,16675,3964,21356,14146,11372,11724,16174,11653,19657,12684,3683,4560,8508,18317,11249,8244,14510,11098,20953,3076,1988,19952,12706,20746,17732,15355,15754,4881,19782,23487,7948,9927,12639,3132,4519,17407,15646,12610,12109,18115,21125,11662,24055,20733,15589,11715,9359,9375,6133,11627,3628,9209,8330,2794,15785,3198,20980,25200,12706,18475,11715,12725,21125,10267,18037,18528,9779,7948,18781,2460,24518,2347,15088,20130,11388,23849,18751,20829,17890,5809,16681,18851,4197,4503,5428,15625,12717,6377,12647,8868,5056,15136,9805,7948
31094,12531,12636,7280,17640,15402,6475,5519,13315,2254,12597,8012,18001,13598,10386,6941,17118,16220,1659,19745,8055,7793,22013,12243,14903,18286,10626,1659,8276,14280,14990,18206,4959,5868,6,5377,3927,14464,9002,19436,12791,5535,4296,13839,3281,8419,14441,7689,15353,14689,2352,13360,14985,16083,6015,14444,15652,6864,4361,6340,6938,10840,5790,7315,14047,13651,7331,12791,2274,2274,2352,12694,5986,7912,20459,5324,4117,15007,4813,14087,16331,13910,5490,8548,13507,14458,18206,17973,6472,14919,18703,14216,12791,14197,16016,5402,15967,11397,7509,5568,3712,10790,15791,14720,6712,11120,9580,14997,6383,14330,3547,1659,20019,10539,10645,14087,15812,0,6679,12791,13779,1574,14197,5539,8171,6299,6375,13087,8486,16397,12183,16020,14357,8086,14421,2352,16572,4241,1894,15302,14042,7483,12292,16105,4671,10799,6594,17038,6616,15693,16039,10757,15223,17967,3515,2352,6123,15296,13790,7300,14680,16948,16105,16853,14087,15050,18837,15213,7548,11330,14557,7413,3243,15791,16124,18695,17375,6084,16600,7695,9773,5781,3515,14285,10072,5875,21742,8044,7315,20469,20550,6446,6805,7286,5420,7572,20117,17286,16199,3719,14409,14692,12667,12683,11408,4938,21053,12516,7197,20023,7705,18826,13649,16906,14650,14087,14572,5809,20042,13575,11330,7113,13087,21478,9796,17899,14992,19731,17897,8646,14696,13720,8594,16124,10757,9917,7982,11804,15168,12042,10706,5770,14420,11652,15456,12776,14461,17945,13113,24109
39364,16076,15506,14040,26508,19224,6947,14865,19256,5911,15732,9339,25593,21473,18023,6561,22962,22853,6117,24684,14374,7061,28294,14870,19299,23427,14128,6015,1665,22586,14092,15707,1781,14669,6317,7038,4796,13926,14453,26586,14728,6615,2403,7480,3571,19274,20956,5239,20507,20604,5346,13810,8054,19179,762,19701,15644,413,13397,5698,401,8867,1142,15243,8379,15274,15232,9550,5513,4808,5240,18487,5355,8289,25160,6924,9062,8235,5022,6974,18562,21983,6010,6716,18270,20164,14404,21429,7137,23280,25967,23403,9505,8976,20756,6518,18720,15672,15864,1302,5409,8868,17393,16235,7637,13231,15083,8666,4470,6291,3259,6074,29237,20747,20026,6652,22767,6679,0,13908,5543,6134,8984,7766,8780,499,501,15376,5662,23436,14787,22438,23593,8332,19573,5140,25592,2694,6221,17534,22180,16633,14493,16693,15523,8024,8016,19356,100,17263,16890,8614,19091,21185,6357,4900,5567,20063,8579,13930,14592,21795,18991,15546,7673,18827,27742,22403,13509,8142,13263,16546,6312,15511,5593,27870,26560,4400,20610,5327,13780,6314,6447,21355,13572,1120,31002,19126,18863,25275,27073,5247,14333,16945,14592,6905,24416,15282,20880,4912,16325,18832,9159,9218,19539,9944,25428,16057,15107,27352,8332,25306,7500,23267,20168,7321,20610,9826,24144,17111,8109,6245,15075,30683,14704,27030,9510,24564,14950,6764,14725,7979,14175,5400,8048,17780,7125,8734,21934,20031,19556,7115,19876,18402,15790,9278,21418,14927,14092,28289
36485,999,1811,12800,9541,4952,4342,11409,6564,13946,1066,19726,10792,6823,6783,5173,9643,7759,13380,10360,4066,5528,15874,1122,7768,10813,16206,13380,15977,21741,3459,5148,8961,12689,13160,3589,13762,2933,14019,9987,0,4119,8620,17172,8797,13947,4867,7263,4669,4862,14073,1829,18804,6571,9765,4280,2736,15877,9347,5579,14429,17623,9371,4169,17944,2120,12851,0,13996,13996,14073,9092,5687,4298,10715,12891,10793,19520,16513,20870,4952,21546,4747,6806,4280,5028,5148,6479,4123,7566,10110,7889,0,16595,21958,4167,7897,14891,4364,9238,15149,14695,3296,3189,3747,16500,16363,20048,6806,21113,8861,13380,11649,6936,7042,20870,9029,13160,15329,0,13414,13295,16927,2826,4064,13798,13258,1555,7781,7929,14657,7306,7993,4471,4256,14073,9732,8036,13616,2877,6746,3466,546,7029,9657,17582,3182,4952,15186,3555,5495,17540,4952,6479,11271,14073,5561,6398,17604,12820,3149,4844,7897,3429,20870,4952,10206,7816,3990,18113,3025,3725,11536,2874,15521,10747,10057,6671,4974,7185,13957,4569,11265,6718,14037,9390,14255,11176,10755,11134,13246,6109,12325,10726,5876,5446,12849,3438,24404,14927,7312,4835,1547,1562,7806,8306,10758,985,3811,11075,3991,10328,13262,26448,4974,20870,4835,9404,12849,2786,18113,5672,1555,15390,16634,10137,19053,10146,4839,6883,2974,15899,14928,15287,17540,6315,5680,15262,6399,8440,7103,3674,4984,8050,3245,1674,6893,4888,1581,14420
31290,14392,16818,12440,24423,19657,8692,12523,19650,14757,15759,5023,22948,19960,14787,8877,21379,21203,14192,24698,16888,9689,26530,14206,18871,23237,4635,14192,6753,16042,15423,16173,4429,11354,13971,7902,859,14575,5700,22149,20460,7854,3895,2742,2430,16437,20737,8839,21478,20905,14885,15733,3888,22261,5187,19307,16348,5518,13088,8070,5615,3323,5194,16147,2950,15534,12491,20460,14807,14807,14885,16430,7651,14947,23068,11092,14437,3910,1489,1041,20992,12814,7564,13324,17897,18699,18029,20434,8765,19443,21480,20611,20460,3100,14838,7713,20297,5406,16342,5002,317,3027,18281,15784,9132,3681,4926,3901,7545,1284,2686,14192,24527,17973,16221,1041,22368,13971,5543,14784,0,14107,3100,8295,15477,5050,5493,14334,9565,19400,4583,20993,18837,15152,19124,14885,21081,4356,14427,18215,20460,13293,14173,18431,13397,3282,9183,19730,5530,16656,20324,3240,21475,20379,14915,14885,7850,20281,2693,12460,17197,21752,20474,18373,1041,19290,25743,20198,16381,2897,15423,16246,15747,16229,5027,25571,24110,7282,21243,8883,5338,7916,14909,16473,5910,5294,26255,16631,14584,25426,25057,7949,12640,16119,14253,9470,24868,18121,14983,670,20032,18996,20336,20352,17336,13771,26035,15916,16030,24986,13384,25723,603,15972,20783,1041,20800,13478,24755,17507,2897,8870,14157,28648,4519,22405,3895,24694,16864,14810,15718,2623,5111,5027,3240,14632,9848,2371,20152,18432,16295,8231,18614,14690,18417,20445,18166,18501,14396,29081
28646,12615,12720,7364,20165,17436,6439,5603,15332,1952,12681,7721,17021,14191,10463,6840,19332,15328,105,18598,8133,7691,24986,12326,16756,17276,10710,105,7718,15952,15074,18289,4435,5952,1657,5414,3407,14548,9086,18296,12875,5514,3768,13923,2702,8503,14920,7434,15718,15117,798,13444,15068,18121,5485,15010,15736,6308,4439,6184,6384,10924,5276,7392,14131,13735,7415,12875,721,721,798,12772,5810,7921,19234,5686,4194,15091,4309,14171,15222,15513,5402,8373,13995,16388,18289,16670,6456,17135,19439,16430,12875,14281,14729,5376,16280,11480,7587,5053,3244,10873,15874,14804,6733,11204,9664,15081,6113,14414,2973,105,22802,10616,10722,14171,16503,1657,6134,12875,13863,0,14281,5654,8210,5744,5845,13171,8227,15520,12267,16674,15051,8087,14825,798,19004,3762,341,15386,14655,7560,12375,16377,4748,10883,6664,17507,6074,15777,14823,10841,17242,16645,3213,798,5963,15980,13874,7384,14764,15848,16433,16937,14171,15461,19490,14453,7625,11414,14641,7491,2941,15874,16207,21346,19898,5815,15459,7447,9857,5714,3213,14369,10156,5363,24695,8128,7392,21219,23390,6243,6889,7363,5498,7469,18699,17370,16412,3206,14638,15133,12751,12766,11486,5015,19755,12600,7274,20767,7732,21481,13732,18890,16582,14171,15011,5893,20516,13659,11414,6973,13171,22140,9880,20469,15075,20475,14751,8469,14780,13803,8677,16207,10841,9995,7875,11887,14378,12120,10783,5793,14809,11730,15540,12860,14544,13295,13197,22541
24325,17954,18735,12975,26858,23185,16047,13057,20547,15292,19792,2506,22775,22971,18308,16420,27429,24062,14726,24364,15994,19313,28646,19371,22796,23060,5106,14726,9924,16577,21482,22473,8082,11889,14506,16315,4247,18455,6235,24310,16560,16384,7578,964,6121,15513,22100,16561,23206,22457,15419,19956,2109,26389,8746,20800,22202,8876,13622,15408,8975,3858,8805,16256,295,19205,13025,17010,15342,15342,15419,18142,14865,18065,25112,11627,14972,2132,3994,3447,22623,13348,14596,18137,21150,22258,22679,26629,16104,21921,23606,22806,18178,0,16588,16179,24668,5876,15404,8627,3702,3562,22493,19737,18209,4152,5461,2122,14833,3691,6374,14726,29283,18483,18062,3447,22230,14506,8984,18656,3140,14641,0,16699,18486,8486,9020,18132,17533,21771,5118,21757,22921,20139,22727,15419,23189,8047,14962,22351,23323,17834,17699,24801,13932,3816,18157,23229,8989,22643,22447,3774,23003,24172,16553,15419,15114,20951,314,12994,21549,23051,22506,20604,3447,25181,28172,22792,14871,3432,19774,16006,16282,22084,3248,27821,23890,15953,25214,18312,5872,16580,16553,18378,6445,8903,31204,13665,14735,27598,29832,16872,13174,15767,15867,17229,25968,22482,16588,4187,22292,24728,15326,16268,17021,14632,28457,18027,15899,27219,17842,25449,3009,15822,24767,3447,22322,14013,28584,19573,3432,16473,18002,30944,5053,26960,2116,26932,21050,20119,19654,844,5646,3248,3774,16534,19559,2905,23000,18317,17960,16849,24523,16163,22669,14613,20228,23101,20014,31322
34018,3261,3952,8202,15403,6899,1786,6742,6916,3140,3020,19371,14774,7066,7073,2638,8171,8016,5512,16259,3606,3250,18114,3551,5998,14959,15366,5797,9291,21272,3363,3961,6314,7921,5937,762,8371,2868,13491,14075,2419,1305,6063,14900,6527,7888,6615,4598,6589,6449,6000,2721,16491,7092,7038,5741,4226,8153,5294,2831,8164,8891,6639,3716,14409,3812,8008,1806,4841,5113,6162,7645,2886,2624,15135,6805,3691,15565,9265,7846,6405,20971,1925,4469,6040,6176,4102,7282,1612,8348,13573,8769,1749,14872,21512,1343,5640,15562,3917,6524,8494,9140,4374,3681,1499,13894,9474,17744,3999,8014,6523,5725,18119,7093,7341,6999,9833,5539,7766,2826,8295,5654,15151,0,2745,7724,7268,2812,5215,8509,9509,7695,8908,2821,5653,6326,13271,5432,4948,4400,7586,4241,3206,5632,5543,8151,1137,6983,7666,4371,5647,8836,6785,7195,2757,5440,2781,7572,15669,8105,3551,7215,5774,4351,8034,6603,15046,7883,3324,8691,2380,4243,2899,4129,8770,15257,15606,3850,6541,4531,14584,1781,2685,7705,14586,6648,17979,7989,7104,16857,16982,3342,7757,7172,3348,3095,9139,4167,23903,8242,5441,6530,1696,2106,8504,4016,16859,3244,4390,16338,2348,16787,8698,26190,6226,8207,6430,4796,8996,4027,8490,3102,2622,17686,9375,14528,18822,16072,4468,4560,3644,13953,9841,8579,8350,6853,3440,9429,7440,8424,8075,921,6030,7706,4433,2279,7775,4404,2907,19999
41396,3936,4384,14473,16080,6097,1973,9448,7567,5633,3577,22804,14503,7647,8914,2224,7182,8528,8070,17201,5364,1968,20180,4573,4508,16098,19339,8331,13299,24889,2195,2006,7734,15556,8510,2798,13951,2757,18865,14746,3819,2757,7698,16745,8546,14877,6357,4086,5454,5827,8415,2918,19997,5818,8161,5771,3581,9192,7901,3085,9173,16887,7773,5870,17712,3764,15671,2651,7304,7421,8553,9565,3453,501,15806,9417,6333,20622,16602,13774,5613,27088,3107,3091,6024,5478,2113,6018,1860,8937,15856,9864,3097,18232,25129,2899,4107,19534,5880,7730,15706,15635,3589,2776,1485,19235,17813,19268,4336,13858,8463,8270,16930,8479,9250,9568,15671,8171,8780,4064,14042,8210,20374,2745,0,8890,8289,3058,4313,9200,16199,8123,14592,539,5745,8692,15614,7027,7535,3805,8212,5968,4044,3839,8078,14300,1612,6219,8682,3388,4012,15227,6025,5810,5345,7774,3232,8273,17571,15811,2732,6750,4309,3233,14111,5806,17081,8768,5460,14991,2438,6027,5484,3492,16118,15913,15030,4381,5660,3988,18564,2747,5292,9214,16837,7748,20133,13703,9294,16044,17447,3541,15264,9430,5617,2026,8188,3041,25304,15238,3557,5988,3801,4393,13758,6483,15721,3856,6216,15567,500,17405,16434,30189,5393,15734,5894,7404,7954,3803,14736,2604,2857,19807,16024,15277,22369,15358,2522,3141,2820,17230,16650,14351,16040,8691,2027,17615,8132,14656,9732,2418,5200,9687,3516,4592,9300,2512,3199,18447
38650,15993,17012,14872,23885,21211,7015,9826,21060,5692,14215,8866,25358,21317,17713,6685,20873,20589,5735,24487,15631,7231,28154,16262,19406,25592,14873,5617,1979,21860,14156,15845,1525,9640,5915,7013,4299,13922,15247,26396,13254,6618,2082,6982,3134,18822,18974,5494,18665,18697,4935,15197,7560,21221,729,17814,17263,565,9826,5805,640,8398,1120,13586,7881,15248,14633,9521,5174,4459,4820,20006,5442,8405,27533,6490,8820,7747,4528,6505,20481,19286,6031,6967,18210,18306,14534,19516,7196,20962,25765,23146,9450,8477,22150,6514,18830,14972,15612,1202,4912,8393,17426,14774,7692,9511,9881,8179,4629,5810,2826,5680,29053,18580,19666,6207,24849,6299,499,15208,5050,5744,8486,7724,8890,0,707,13923,5966,21089,9674,22293,21171,8459,17692,4710,25382,2473,5871,15922,22010,16399,14405,16820,13699,7562,8044,21350,509,17315,17001,8142,21058,19309,6154,4525,5660,21933,8080,14752,16126,19755,19094,17199,7209,20773,27572,22192,14642,7667,14614,16305,6099,17118,5095,25109,26346,4528,20643,5578,9941,6349,6247,21053,9781,1142,30836,16929,16747,25086,29655,5383,15227,18255,9821,7065,22186,16909,20221,4417,16460,18825,9058,9085,19191,9714,25275,15981,16398,24632,8430,25138,7017,22608,18325,6847,20603,9546,21952,17095,7639,6398,15051,27690,9619,24341,9024,26867,16621,7020,14763,7480,13563,4903,7580,19261,7308,8251,21757,19727,21220,7119,19905,19900,17448,9135,19155,16589,15494,31010
35593,15352,16365,15087,23412,20458,6449,9864,20514,5474,13615,9506,22597,20763,19227,6073,20172,22144,5818,24054,15150,6586,27649,15673,16853,22801,13962,5737,2104,20464,13431,14987,1420,9796,6045,6539,4791,14618,14241,23485,9606,6114,2078,7504,3376,18715,18353,4804,19779,18032,5092,9935,8137,20411,360,17216,16512,907,9731,5205,902,8716,671,9992,8406,16105,14838,9051,5170,4478,5000,19756,4859,7799,27030,6699,8633,8347,5106,6825,17899,19930,5510,6280,19411,17632,13752,20702,6638,20482,25269,20619,9010,8995,20728,6018,16328,14061,13779,861,5385,8734,16663,14068,7137,9904,14823,8784,3990,6183,3061,5790,25888,20075,17602,6449,24409,6375,501,14612,5493,5845,9020,7268,8289,707,0,14647,5262,22735,9971,19711,20791,7845,18847,4915,22588,2281,5885,16803,21473,14470,13838,16040,13560,7857,7516,18693,401,16534,17894,8470,18428,18563,5911,4599,5072,21409,8582,14962,15353,21065,16573,16406,7511,20020,27035,19696,9742,8009,9521,14394,5871,14848,5588,24652,23468,3911,19880,4890,13584,5813,5999,20698,13386,633,30293,16858,18268,27161,26434,4761,15362,16415,9544,6428,23686,16114,20857,4887,15674,20026,8672,8740,20925,9508,24785,15332,15973,26655,7838,27188,7396,25612,17636,7186,18037,9422,23415,14863,7962,5764,9835,27196,9908,23891,9633,26376,15758,6331,15499,8001,15372,5386,7894,17199,6656,8627,21229,19450,20913,6615,17371,19670,16673,8804,18838,15732,13431,27646
38396,1874,1199,13096,9878,3491,3867,11705,6860,14242,900,20800,11129,7119,7079,4611,8182,8055,13676,10697,4362,4781,14689,1418,6307,11150,16186,13676,17543,23312,1998,3687,9125,12985,13456,3508,14564,1473,15548,10324,1595,3939,8871,16673,9257,14243,3407,6717,3209,3361,14369,368,19999,5110,9825,4444,1276,14472,9643,5193,15959,14309,9425,4465,17448,659,13147,1595,14292,14292,14369,9388,5393,3393,11052,13187,11089,20698,15771,14737,3491,23095,4562,6030,4444,3568,3687,5019,3645,7862,10829,8802,1595,17816,23533,4027,6437,16372,4660,9318,16131,16184,1835,1728,3181,18050,16142,19282,6494,15191,9278,13676,11986,7232,7338,21166,9943,13456,13951,1595,15799,13591,19984,2812,3058,15345,13289,0,7131,8266,16293,7602,8907,3536,4420,14369,9301,8244,13912,1417,7042,3762,1095,5568,9953,13492,2660,3491,13818,2094,4034,14313,3491,5019,11567,14369,5228,6694,17179,13116,1688,3343,6437,1968,13435,3491,10543,8112,4286,15707,1565,4021,11832,1414,16519,11085,10394,6413,3513,6629,15443,4302,11561,7014,15506,9430,16087,14437,11051,11471,13684,5732,12621,11022,6172,4745,11389,1977,26139,15836,5852,3334,1843,1858,8102,8602,11095,1860,4107,11412,3114,10665,14452,25613,3513,13790,3334,9700,11389,1326,15391,5104,0,14300,14597,10474,22257,10483,3379,6095,1704,18777,16612,14756,15185,6611,4904,15164,6695,8736,7399,3442,3524,8346,1785,1970,7189,3427,80,16279
43433,7922,8491,16180,22230,15153,3469,14679,17046,6113,7582,18922,21943,15607,17922,2616,16654,16819,8117,23274,8790,2373,23992,8438,8663,22088,19938,8251,6469,27875,6507,6194,5434,17204,8535,4573,9154,6916,17988,20311,7422,4025,5770,17144,7144,17135,15552,798,9692,14786,7962,6992,16717,13232,5305,14633,7887,6048,13324,2503,5993,15605,5018,8920,16700,7981,15917,6389,7214,6905,8008,17012,2686,3852,21377,9464,8506,17143,9779,14787,9911,27395,3578,1306,13627,9786,6268,13492,3678,17333,19903,18274,6646,19163,25551,4064,8270,20101,9131,5095,9598,15797,7901,7085,4035,19402,17050,19545,2116,9844,6918,8238,22554,16184,16612,9429,21574,8486,5662,7781,9565,8227,19325,5215,4313,5966,5262,7131,0,17636,18676,17976,18461,3774,9992,8058,21660,5222,7784,8111,18014,9429,7965,7890,15218,14430,4600,13914,5581,7699,8135,16956,13662,9946,6182,7238,2651,16390,18464,17688,7034,16136,8486,7537,14084,13369,21124,18681,8534,14936,6493,9441,6264,7796,9865,21489,22628,2412,9947,804,17506,3530,6201,18787,19181,4947,26381,17207,17865,21592,23079,2153,17555,17911,8532,2387,16432,7348,28332,9150,7579,15025,6897,7315,20004,9063,23536,7862,9596,21115,4074,23579,14473,30853,9690,13960,13508,9600,16091,8060,14757,2125,6909,26054,16803,22948,18851,20894,6639,1302,7125,17813,17577,9642,14604,17602,2287,15921,17860,19873,19370,4296,9500,18828,7828,7479,18896,6659,7270,24114
35374,6507,6612,13988,2799,10992,9970,13038,2769,15108,6574,27494,4051,3174,6173,14249,16227,1960,15383,3618,6564,16019,9613,6219,14352,4072,18253,17398,25775,26549,8966,13704,19096,14269,15671,9271,22068,8441,19063,3245,6767,9804,18535,23064,18376,13458,10172,17041,10710,10050,16572,7337,22356,13155,20262,6329,8244,21737,10976,16404,21773,17352,21771,6996,23489,7627,15299,6767,15267,16096,16837,8656,16584,9577,3973,16179,12422,25385,23390,17586,10992,26558,13806,17838,6329,11069,13704,13063,9748,1914,2485,2188,6767,21389,24248,9851,14482,18429,7190,19552,19789,17771,8804,8697,9324,20906,16665,23405,16528,20298,20444,17252,4908,4483,6432,16689,2453,14877,21263,6767,21382,17105,23996,8509,9200,23243,20628,7063,19437,0,18712,3149,2292,9707,6305,18849,2038,17843,16219,10801,2554,6292,6268,13613,11286,18778,8771,10992,23296,9062,13944,19321,10992,13063,12900,16333,16393,2573,22996,15358,8656,10032,14482,8937,17209,10992,3464,3170,6816,19592,8533,6551,13165,8382,22121,4006,3315,16352,11014,18659,19345,13566,12894,4225,19555,19790,9468,12942,9686,4393,4908,15591,13954,9658,10417,15962,19433,8946,24433,19760,13897,10023,6643,6659,7370,9935,4016,6493,6637,4333,9309,3587,18404,25754,11014,17807,10023,10620,19433,7551,19273,14909,7063,9468,18521,3396,26506,3405,13396,16268,8672,21061,16885,21956,17326,5705,16198,18405,2807,5985,6668,9356,11025,7614,10955,7176,4400,13444,7089,9468
24914,15784,16493,7968,21429,21276,14154,8050,17650,10285,15917,6539,19562,16309,14746,16374,23079,18932,9720,21293,12416,17611,26044,13749,19418,19883,1306,9720,16801,11570,16458,19358,8663,6882,9499,9506,5736,15201,1228,21338,15988,9749,8009,5138,6595,11965,19841,17516,19546,20453,10412,16318,6283,22368,9624,16740,18398,13493,8615,14109,13614,2139,9511,11675,5346,15638,8019,15311,10335,10335,10412,17055,15043,15939,20097,6620,9965,6306,6152,5386,18813,8342,9774,17036,18792,20323,17746,22575,14114,18946,18648,17321,14631,5496,11581,9623,21027,2076,11870,9292,5135,3145,16980,18211,14345,2350,454,6296,15598,5629,6910,9720,21539,13655,15005,5386,18960,9499,13417,13298,5078,9635,5496,9509,17854,9674,9971,14783,16945,16977,0,17185,17417,16184,18245,10412,20092,8182,9955,18481,16526,11843,15472,21328,8925,2098,15504,19316,14736,18956,19200,2056,21070,20577,10443,10412,13825,16289,5089,7988,16337,20890,21102,19092,5386,20950,20617,17523,11909,2629,16325,11774,11275,18304,7422,20225,18877,13757,21040,15904,841,14650,10437,13409,797,9607,23273,12159,11675,22037,24268,14261,7493,11646,9781,15689,21891,17159,11581,5540,21185,20372,15864,15880,15769,9298,23002,14419,11557,19678,17220,22552,4948,10816,18710,5386,18383,9006,24167,16011,2629,15120,14725,23050,1095,19459,6290,19423,19996,18919,18095,5018,639,7422,2056,14278,17892,3103,16230,19242,15067,9915,20412,16013,18937,15973,14734,18033,16270,25756
36732,6249,6354,15717,5017,9120,9042,13746,1941,15070,6316,24854,6239,680,6903,9808,14355,1382,14979,5836,7273,9961,12530,5961,12479,6284,20401,15391,22438,27190,8708,11832,20128,14458,16885,8455,21589,8183,17599,5462,6509,8965,17758,20771,19580,14884,8299,15771,8838,8178,16119,7079,22226,11283,19367,6071,7986,20849,11685,13694,23009,17395,20774,6791,23415,7369,14125,6509,14737,17098,16383,9386,13902,8524,6191,17573,13131,25239,22928,19167,9120,27152,9598,14804,6071,9196,11832,11191,8818,1589,4704,3614,6509,23569,24843,9026,12609,18691,6986,18665,19421,17813,8546,8439,8372,19132,16901,23305,16950,18144,17905,16819,7125,5213,7163,18110,4754,14535,20358,6509,19047,15128,23980,7695,8123,20227,21725,6805,16310,3203,18941,0,3718,8642,6047,18347,4326,17023,14273,7735,692,6087,6010,11741,11994,18705,7833,9120,22295,8804,12072,19333,9120,11191,13609,15790,15109,943,20829,14192,8398,8160,12609,8679,18846,9120,5681,1994,6611,17728,8275,6347,13873,8124,19723,6223,5532,15231,9142,15655,19606,9389,13602,4955,19791,20805,12385,14368,11112,6610,7125,15879,14663,11083,11126,9938,17561,8688,27586,21314,12024,8151,6385,6401,8100,10643,6234,6235,6433,6550,8269,5804,18278,26468,9142,17657,8151,11329,17561,7293,19215,15029,6805,12385,17006,5613,26465,5622,11523,14881,8414,20957,18921,19553,17265,6435,14692,20309,828,6715,7398,8497,9153,8344,9083,6494,5131,11572,6831,12385
33151,6932,7038,13852,5029,10752,13912,13313,3713,15058,6999,26493,3411,4149,4182,16547,15987,3587,16458,4314,5921,15435,11768,6644,14112,3456,17015,16880,23573,24806,9392,13464,19156,13807,15150,9656,19553,8866,16019,4904,7193,14895,20416,20116,18146,12033,9932,19592,10470,9810,17815,7762,21507,12915,22481,6754,8669,21852,8990,15514,21899,18021,21939,6306,22482,8053,13902,7193,16505,15859,16427,6665,15608,13674,4853,15512,10578,22181,22841,16855,10752,24857,15784,17118,6754,10829,13464,12823,13623,3394,4560,129,7193,22491,24970,14934,14242,17184,6501,21695,21205,16766,9229,9122,9914,19642,17043,22515,17075,19580,20236,15183,6431,2492,4441,16041,2933,15824,21406,7193,20762,16589,20796,8908,13240,23333,22916,7489,20347,2666,15803,4178,0,15289,6731,18395,3788,17899,14323,10561,3583,5603,6693,13373,10774,17814,9350,10752,23457,9488,13704,16563,10752,12823,12388,16042,17046,3603,21953,13871,9082,9792,14242,9362,16383,10752,5693,4965,6127,16872,8958,5862,12653,8807,21487,4988,3900,16858,10774,17674,18012,14143,12382,2234,16553,21994,11623,11517,8262,5044,6431,17860,13377,8233,10177,15347,19193,9371,25172,21248,13657,9783,7069,7084,5379,9695,5540,6918,5948,4706,13292,5110,19380,24058,10774,17020,9783,9312,19193,7977,18286,15674,7489,11623,17235,4372,25443,4259,13156,18970,9098,22254,15633,19372,16442,3714,15621,17417,3836,3855,4677,9803,10785,5623,10715,6936,2409,13204,7515,11623
37748,4401,4878,16065,15281,6632,1696,9563,8071,5514,4043,20390,16716,8156,9293,1774,7707,9044,7949,17952,5727,1434,20962,5016,5013,16835,19303,8198,9568,27408,2734,2506,7348,15633,8393,2726,14994,3255,17124,17013,4197,2577,7347,18178,8261,13876,6894,3557,5978,6365,8238,3395,19698,6331,7730,6300,4119,8745,8078,2660,8723,16798,7347,6170,19274,4281,15780,3036,7152,7219,8366,9934,3049,199,16497,9314,6489,18425,14694,13599,6149,24539,2831,2557,6555,6016,2604,6530,1638,9450,15068,15083,3447,18030,27677,2717,4612,19495,6216,7314,15363,17129,4128,3314,1390,17368,16166,18989,3870,13627,8162,8142,19431,8920,9619,9444,14874,8086,8332,4471,13748,8087,18272,2821,539,8459,7845,3536,3774,9707,17837,8642,13871,0,6271,8497,16360,6677,7431,4342,8720,6344,4495,4318,8287,14191,1698,6754,8234,3927,4508,15129,6562,6314,5267,7575,2826,8777,19143,15922,3268,7289,4818,3770,15409,6342,16198,9259,5758,16383,2905,6395,5402,4029,14313,18301,17314,3935,6194,3458,18541,2475,5222,9643,18520,7318,20912,14062,9607,16731,20003,3085,15429,9727,5888,1506,8712,3578,25284,14870,4027,6527,4069,4641,14256,6709,16422,4324,6579,16255,509,18172,16241,30201,5929,14111,6434,7580,8474,4329,14617,2113,3328,20586,16013,15964,22078,17683,3007,2609,3357,18732,16662,15469,14437,9070,1489,15863,8636,15264,14795,2321,5736,13293,4055,4838,9728,3005,3678,19154
34640,4654,4760,15258,9261,6787,6809,11231,5230,13768,4721,23537,10512,5489,6770,7532,12022,5870,13283,10079,4744,7621,16688,4366,10147,10533,19774,13702,19766,24631,7114,9500,17403,15295,15109,6389,19556,6588,18891,9706,4914,6856,16950,19395,17253,13770,5967,9627,6505,5845,14308,5484,23007,8950,18508,18,7084,20137,9170,8138,18285,16450,17926,4847,22065,5775,15057,4914,13818,14870,14564,9079,8336,6162,10435,16010,10616,21534,20903,17641,6787,24512,7485,8825,18,6864,9500,8859,6587,6362,9830,6685,4914,20271,24828,6934,10277,18127,5042,16107,19502,18577,7085,6844,6117,18372,16332,21991,9439,16608,17345,13576,11369,6924,7030,16488,7825,12982,17758,4914,17352,13451,20620,5653,5745,19499,17100,5210,9992,7649,16554,5972,6789,6271,0,16334,8684,16075,13438,6596,5412,4143,4415,9408,9479,17451,5605,6787,19428,6987,9740,16532,6787,8859,11094,13830,8172,5063,21680,13752,6804,5827,10277,8147,17499,6787,9925,6482,4668,16605,6680,4403,11358,7222,19865,10467,9776,9354,6809,9537,18953,7239,11087,7289,17318,17942,16543,13963,10577,10854,11369,8676,12147,10549,8610,7612,15228,8580,25015,19308,9692,5818,4791,4806,7793,8128,10478,4640,4489,10794,5921,10048,17000,26678,6809,16349,5818,8814,15228,5698,17976,8020,5210,16543,18040,9857,25134,9866,9191,8879,6819,19669,16678,17821,16129,6302,7722,17417,5065,8427,7091,6366,6820,8037,6750,4774,7464,9239,5236,16543
29324,13398,13504,8148,21922,17074,6805,6387,15435,2736,13465,6965,18652,15710,11247,7062,18796,16870,2015,22291,8916,7895,24264,13110,16260,18904,11494,2015,6654,14672,15858,14967,3565,6736,2441,5953,2224,15332,9870,21930,13659,5937,2905,14707,1579,9287,16273,7290,16884,18066,0,14228,15852,17592,4560,16513,15146,5263,5223,6302,5346,11708,4417,8176,14914,14519,8199,13659,77,77,0,13556,5895,8348,22978,6470,4978,15875,3145,14954,16458,15667,5694,8400,15366,16114,13765,19651,6862,17110,19245,16543,13659,15064,14933,5796,17418,12264,8371,4196,2195,11657,15406,15588,7208,11987,10448,15865,5963,15198,1884,2015,22297,14115,11506,14954,19992,2441,5140,13659,14647,804,15064,6326,8692,4710,4915,13955,8058,17102,13051,16647,16690,8497,14820,0,18855,3098,520,13923,17855,8344,13159,15824,5532,11667,7233,18903,5092,15481,15830,11624,18630,19586,3996,0,6080,16055,14658,8168,15548,17186,17595,15495,14954,16704,21081,17683,8409,12198,15424,8275,3725,13623,16991,23124,19675,5679,18386,7320,10641,6038,3996,15853,10939,4512,26462,8912,8176,23007,25166,6252,7673,8147,6282,7673,22033,15242,16624,2043,15571,18105,13535,13550,13915,5799,23527,13384,8058,22549,8198,23249,14516,17403,16264,14954,17967,6677,21911,14647,12198,7107,13955,26165,10664,20186,15859,20194,14267,8491,15563,14587,9461,16991,11624,10779,8065,12671,17556,16263,15768,6294,17657,12513,14100,13644,15878,14188,13981,26613
31927,9209,9315,15211,2434,12670,15216,13471,5862,17193,9276,26415,2764,4068,7851,17931,17905,2854,17115,2575,8243,18237,9248,8921,16030,2904,21435,19296,27944,27442,11668,15383,21028,15564,19142,14278,21752,11143,18454,2202,9469,16519,22535,24755,20210,15610,11850,19062,12388,11728,20198,10039,23865,14833,22215,9031,10946,26107,12655,16903,23726,20662,23928,8628,25102,10329,16676,9469,17070,19754,18590,10335,18807,16175,3608,17796,14101,27047,22939,19167,12670,27505,15817,18191,9031,12747,15383,14742,14921,2808,1505,3001,9469,22801,25042,16585,16160,21622,8823,21504,23671,21121,11506,11399,14360,20245,17892,27429,20439,20046,22483,19150,4543,6161,8111,18318,2091,18265,23219,9469,23234,17243,25558,14626,14167,23029,24896,9765,19652,1879,18229,4043,2872,14843,9008,20781,0,21793,18156,12479,3448,7924,8970,15291,12964,18524,15021,12670,23093,12870,15623,18950,12670,14742,16480,18139,18617,3467,22303,15170,11358,11710,16160,11639,18728,12670,3099,4064,8448,19242,11235,8184,16591,11084,23967,3641,2272,20240,12692,18950,20691,17175,14823,5903,18982,23972,9103,15094,14062,4028,4543,17611,14080,14034,12095,16497,21111,11648,25225,23678,15575,11701,9345,9361,9049,11613,3651,9195,8270,3968,14325,3222,21965,29091,12692,21330,11701,12712,21111,10253,20896,16930,9765,9103,18063,2352,25476,2361,15074,18272,11374,24859,18067,21610,18806,7383,16705,19810,3701,7663,8346,14398,12703,9292,12633,8855,6079,15122,9791,9103
36832,8616,9317,8261,22755,16310,5061,7653,15888,3223,8417,9114,19741,17774,15938,4966,17979,19144,3709,21227,8259,5684,27481,8752,14890,21994,8896,3692,4359,18701,8599,8905,950,7732,4007,4775,3938,8287,8986,22820,7630,4470,671,6541,1927,13967,17539,4520,15830,15723,3150,8153,7410,18142,1942,14716,9633,3000,7452,4081,3044,7007,1628,7793,7416,9242,8081,7237,2964,2322,3117,14921,3663,6581,23951,4793,6368,7739,4618,5186,17253,20082,3960,5835,15114,15357,9035,18427,5205,19541,22180,17730,7113,7951,18964,4348,14381,8990,8233,1421,4377,7087,9765,9016,5671,8379,8334,8185,3276,4739,1697,3726,23118,16871,16096,4627,19277,4241,2694,8036,4356,3762,8047,5432,7027,2473,2281,8244,5222,19666,8182,18762,19728,6677,14585,3098,19773,0,3684,9816,18452,8777,8520,15658,7966,6113,5928,18104,2609,9723,14332,6793,16162,16554,3681,2524,3884,18367,7482,8171,8898,16729,14599,9668,5798,17542,24010,16879,7569,6383,7791,8710,3629,9534,4643,21860,20645,3045,15822,4572,8536,4313,3774,15833,8416,1696,27276,13851,13558,21831,26083,3819,8374,13397,7348,5481,21240,9473,19109,3928,13878,17448,6648,6639,17607,7253,24297,8615,8771,21378,6536,21896,5905,23642,15409,5586,17302,7142,21016,9459,6290,4826,8053,26961,8101,21089,9027,21122,9444,5913,8996,7007,8725,4420,6196,14220,5812,7083,16507,18154,17631,4955,16695,16353,9801,6681,17510,9409,8336,24904
32105,12935,13040,7684,19292,14876,5803,5923,14546,2272,13001,8442,17943,14699,10783,6248,18293,15969,1552,19671,8453,7101,24113,12647,15704,16529,11030,1552,7850,16754,15394,18610,4465,6272,1978,4737,4018,14869,9406,17512,13195,4868,3819,14243,3000,8823,13995,6987,14765,14176,514,13764,15389,17070,5528,14848,16056,6437,4759,5637,6505,11244,5275,7712,14451,14055,7735,13195,437,437,514,13092,5281,7260,20353,6006,4514,15411,4934,14491,15735,14824,4800,7844,14848,13923,18610,17323,5808,16229,18585,14174,13195,14601,17032,4733,13818,11801,7907,5056,3911,11194,16195,15124,6065,11524,9984,15401,5684,14734,3227,1552,19914,10936,11042,14491,15769,1978,6221,13195,14183,341,14601,4948,7535,5871,5885,13491,7784,14716,12587,15731,15786,7431,14825,514,16473,3684,0,15706,13818,7881,12696,13909,5069,11203,5975,14943,6152,16097,13870,11161,14701,17294,3533,514,5420,15067,14194,7704,15084,14920,13956,17257,14491,14515,18695,15053,7946,11734,14961,7811,3262,16195,16528,20498,19063,5385,14511,6992,10178,5097,3533,14689,10476,5354,21624,8448,7712,20385,22540,5740,7209,7683,5818,6879,19577,17690,15618,3827,13690,14195,13071,13087,11806,5335,18960,12920,7594,18078,7062,18710,14053,19656,15537,14491,15511,6213,17673,13979,11734,6413,13491,23536,10200,19624,15396,19634,18301,7942,15100,14124,8998,16528,11161,10315,7289,12208,13545,12440,11104,5124,13860,12050,15860,13180,14865,18349,13517,21762
39882,3069,2394,14335,11074,2116,5156,13632,7978,16169,2095,22980,12325,8237,8274,5781,6898,9250,15603,11892,5557,5745,13276,2614,5022,12346,18173,15603,17804,25198,1899,3116,15570,15679,15383,5044,16754,1446,19274,11519,2790,5413,13837,20773,15892,16170,2426,7821,1834,1951,13446,1539,20323,3825,14986,5639,316,16439,11570,6488,16439,18057,15932,5661,21610,1068,15562,2790,16219,16219,13684,10583,6748,4259,12247,15501,13016,23100,19794,15531,2116,25009,6010,6894,5639,2193,3116,3734,4945,9057,12024,9998,2790,21998,28009,5518,5152,18360,5855,14333,18547,16766,1151,1629,4448,20307,18304,23651,7806,17596,14436,15603,13182,8377,8534,15904,11138,15383,15908,2790,16526,15518,20279,4400,3805,17549,15246,1919,8111,9462,16768,8720,10102,4342,5615,15346,10497,9816,15839,0,8160,4957,2291,4283,11880,15604,4012,2116,17388,1053,3463,16404,2116,3734,13494,16296,6560,7812,21300,15681,1589,1934,5152,1397,17155,2116,11738,9230,5481,18040,1538,5216,13759,454,17180,12280,11589,7766,2138,7726,19207,5713,13488,8742,19294,14453,14593,16364,12978,12667,13182,7015,13418,12949,7367,5766,10104,1830,25597,16559,4567,1925,3038,3054,9297,10529,12290,3055,5302,12607,4055,11861,18298,30227,2138,17569,1925,11627,10104,845,16079,6245,1539,18232,16581,11670,22360,11679,2807,6941,1605,21164,18751,16948,17516,7806,5824,19028,7813,9931,8595,4913,2149,9541,782,3165,8917,2855,1945,14793
35891,5655,5760,14971,5196,8525,9011,13152,1347,14476,5721,26764,5645,693,6309,9800,13760,787,14510,5241,5650,13237,11935,5367,11885,5690,19663,14919,22228,23939,8114,11238,17989,15211,14831,8348,21091,7588,18646,4868,5915,8874,19240,20219,17385,14289,7705,17373,8243,7583,15671,6484,23880,10688,21081,5476,7391,22711,11090,15019,20638,18494,20514,6035,22775,6775,13454,5915,14318,16663,17563,8792,13806,8591,6370,15415,12536,24624,22424,16849,8525,26354,9504,14882,5476,8602,11238,10596,8788,995,4109,3019,5915,20785,26573,8926,12015,19861,6230,20302,18943,17198,7951,7844,8358,18485,17893,25059,16848,19431,17540,14787,7305,4619,6568,15910,4160,15476,20124,5915,18563,16152,21161,7586,8212,19970,19483,6211,16344,2608,18214,668,3124,8720,5453,16200,3731,16742,15230,7141,0,5331,5415,11146,11400,18061,7808,8525,22038,8210,11478,16935,8525,10596,13014,15378,15017,349,20239,14899,7804,7565,12015,8084,16529,8525,5861,1399,5856,17139,7681,5591,13279,7529,19237,6403,4938,15120,8547,15650,18872,9313,13008,4361,17296,20551,11790,13773,10518,6790,7305,15802,14068,10489,10531,9966,16966,8093,26779,18881,11430,7556,5791,5806,7506,10048,6413,5640,5677,6730,8325,5984,17714,28347,8547,17101,7556,11147,16966,6699,16846,13629,6211,11790,16348,5018,25817,5028,10929,14965,7820,20388,18175,21024,18384,5841,13396,19638,441,6121,6804,8418,8558,7750,8499,5900,4536,10977,6237,11790
30774,3202,3492,8255,8535,8589,5962,6864,5567,9401,3269,19199,9521,5826,5147,6819,13824,6839,8836,9477,572,7285,13443,2793,11949,9565,13351,8836,19010,22129,5661,7351,9726,8144,8615,4957,13838,5136,11240,9104,3448,5522,9279,15085,9143,7612,7769,8837,8307,7647,9529,4032,16552,10752,15523,5285,4939,15548,4252,7070,17183,13079,13586,805,17219,4322,8306,3448,9451,9451,9529,7456,7093,6163,9709,8347,4859,18982,15051,16325,8589,21981,6107,8560,5285,8666,7351,10660,5758,6646,10460,6895,3448,17436,22352,5531,12079,13537,999,13371,15062,13028,5499,5392,5458,15216,11818,17648,8184,16568,9270,8836,10643,5300,5406,16325,8035,8615,15091,3448,14651,8751,16181,4241,5968,14879,15948,3758,9429,7271,14324,6309,6999,6344,5261,9529,10082,8777,9071,4873,5749,0,2948,11210,5111,13037,4903,8589,14967,5757,7698,12995,8589,10660,6725,9529,7008,5400,15239,8275,5351,7629,12079,5632,16325,8589,9199,6819,473,13568,5228,259,6990,5077,13969,9741,9174,8002,8611,8768,12012,6013,6719,5665,12310,15025,15129,7237,5357,10128,10643,7573,7781,5328,2511,7176,17030,5721,20466,13586,11494,7620,3027,3011,6170,2793,9752,3188,457,10068,5849,9322,15887,22186,8611,16325,7620,3649,17030,4431,13568,7305,3758,15129,12090,9255,20284,9264,7042,8642,5367,16869,10832,15207,12995,4679,7452,14042,5402,6803,5467,5160,8622,6414,6046,2918,5840,7090,3784,14734
33631,500,1312,12301,9215,4489,4582,10910,6065,13447,567,20497,10466,6324,6421,5384,9708,7260,12881,10034,3567,5657,13875,623,7833,10487,17020,12881,16534,22448,2959,4648,9436,12189,12660,3962,15990,2434,14744,9661,546,4466,9116,16351,9336,13448,4368,7492,4207,4362,13574,1329,17832,6636,13517,3781,2237,16530,8848,5864,16551,15106,9817,3670,17053,1620,12351,546,13496,13496,13574,8730,6007,4338,10389,12392,10294,20369,15728,20370,4489,24535,5099,6927,3781,4566,4648,6545,4359,7066,10166,8169,546,19141,22662,4528,7963,17226,3865,9691,14501,15536,2796,2689,3942,17331,13869,20898,7125,14888,9393,12881,11323,6574,6680,20370,9309,12660,15973,546,15621,12796,19507,3206,4044,15877,15252,1056,7965,7603,14037,6807,8273,4495,3757,13574,8638,8520,13116,2378,6247,2966,0,7094,9157,17082,3385,4489,14362,3055,4995,13743,4489,6545,10772,13574,5866,5898,16744,12320,2649,4344,7963,2929,20370,4489,9880,7317,3490,15144,2526,3226,11036,2375,14840,10422,9731,7009,4511,7409,14695,4890,10765,6939,14780,9832,15150,13641,10256,10808,11323,6401,11826,10227,5376,5597,12914,2939,22847,14292,7378,4336,1047,1063,7444,7806,10432,485,3312,10749,4043,10002,14034,27201,4511,14741,4336,8905,12914,2287,14822,5884,1056,14827,15266,9811,21850,9820,4340,6998,2665,18374,15728,16120,14618,5953,5796,16106,5900,8077,6741,3997,4522,7687,2746,1174,7114,4388,1082,13914
43128,7459,6422,17062,15026,4418,5709,16435,10995,18988,6485,25018,16277,11254,12920,6063,5173,11635,16172,15845,10346,5710,14470,7004,3010,16298,22874,16605,18375,30743,5276,5505,16773,16896,15213,6087,18510,5892,22184,15472,7180,6283,15089,23078,15992,14290,4896,7819,4136,4774,16959,5929,22393,2101,15857,9504,4593,17238,14390,6916,17215,18822,15339,10449,24012,5458,16836,7180,15262,15668,17199,15229,7268,4336,16200,16294,15835,25354,19679,19534,4418,27675,6776,6587,9504,4495,5505,2009,5543,13529,15977,14469,7180,22204,30987,6414,3139,20939,10644,15269,18693,19187,4732,5111,5066,20909,21185,23531,8175,18026,17568,16491,14856,12848,13179,16604,15610,14612,18398,7180,20314,14859,22502,5632,3839,18538,17679,6309,7890,13414,19351,11737,14574,4318,9480,17441,14449,14207,15330,4370,11177,9745,6681,0,14699,17957,4838,4418,18254,4634,2602,18807,4418,2009,16313,16149,7051,10829,21556,16949,5185,4756,3139,4332,19692,4418,15691,12247,10270,18705,5984,10005,16578,4731,21006,16233,15542,8217,4440,7719,22057,6427,16307,12630,20069,15311,16011,16128,15797,16619,15363,7380,16194,13229,13830,5813,8379,4765,31188,20222,315,4747,7428,7444,13462,13348,16243,7445,10091,16560,4282,15813,18831,33269,4440,18172,4747,14446,8379,5235,20306,6430,5929,14241,19166,15622,26992,15631,5197,6603,5086,23529,19651,20726,20100,12452,5713,19642,10830,14577,13240,5823,4451,14187,4397,7537,12805,5245,6335,16217
29709,8276,8381,4926,12432,11238,7260,3535,9887,6045,8342,15469,13683,10146,5980,8058,14741,11052,6741,13251,4139,8764,18122,7988,14598,13705,10770,6741,16283,17277,10735,13951,8862,6050,6521,5976,8368,10209,9146,12878,8536,6470,8270,13983,7614,4984,10418,9698,10956,10296,7434,9105,15128,13401,9903,10189,11535,15910,1624,7931,15995,10984,9590,3399,14191,9396,4977,8536,7357,7357,7434,8289,7773,8088,13606,6253,2821,14963,9223,14231,11238,15540,6857,9922,10189,11315,13951,13309,7121,10859,13383,7316,8536,14341,17501,6405,14728,11541,3593,9387,8076,10933,11536,10465,7039,11264,9724,13933,8669,14474,7834,6741,14391,6133,6239,14231,12271,6521,14084,8536,13923,6656,14341,5543,8078,15098,14945,8832,13807,10570,12229,10629,7299,8287,10166,7434,11856,7966,6977,11047,11048,3567,8036,13859,0,10943,6601,11238,13978,11438,14190,10901,11238,14598,4631,7434,7784,9720,13934,4946,10425,10278,14728,12598,14231,11238,13315,11139,3632,11474,10302,3497,4896,11673,16267,13639,12948,8409,11260,9658,9917,6941,4624,5915,10216,9654,17781,4609,3150,14026,14906,8310,4451,3121,2075,8591,14265,13031,17706,8153,14143,10269,8412,8428,7002,1819,13576,8261,3281,13966,7784,13236,13793,19634,11260,14231,10269,1554,14327,9320,11474,8458,8832,15884,9940,13028,16052,13038,13642,14613,10441,13863,8738,16267,10901,5512,8960,11948,9722,7636,6300,6340,11271,7246,11201,8521,6090,13690,8858,17911
25329,13235,13989,9519,21691,18431,9106,9601,15758,11836,14623,5976,18153,17692,16297,9542,20125,17059,11270,19748,13966,13756,26448,16990,18172,20315,3543,11270,9420,13120,16501,15963,6557,8433,11050,8013,3747,13848,2778,19634,17538,8169,5908,3400,4482,13516,17312,14756,18502,19507,11963,13482,4546,21210,7511,16014,15485,8087,10166,8897,8178,118,7404,13226,3608,15991,9569,17538,11886,11886,11963,18606,8523,15388,22563,8170,11516,4568,4303,3648,17882,9892,8098,14670,18032,17514,17799,19455,9107,17168,20872,17688,17538,3758,13131,8034,19597,4314,13420,7186,3189,1407,17367,15153,9349,2715,2005,4558,8789,3891,4797,11270,21935,15185,16556,3648,19410,11050,8024,17538,3340,11185,3758,8151,15761,7562,7857,14870,15904,17037,1936,16971,16163,15641,15833,11963,20416,6113,11505,17198,16387,13394,17039,19791,10475,0,9222,20357,7989,17546,19692,318,18248,19488,11994,11963,8677,16183,3351,9538,14966,18264,17887,17636,3648,18101,23011,15945,13459,891,14740,13325,12826,16956,5685,20603,19254,8493,19995,14781,2690,8400,11987,13746,2989,7500,23678,13709,13226,20422,22444,8951,9718,13197,11331,13462,21187,15809,13131,3536,17776,17668,17414,17430,16207,10849,23298,14674,13108,22109,13686,22915,3210,14952,19553,3648,17556,10556,23326,14880,891,9686,14752,25827,1597,19815,4553,21820,16593,16309,16600,3281,2190,5685,318,15829,15433,1365,16095,15203,13406,8408,19316,17563,17558,17397,13732,16493,13504,26223
39130,3364,3985,9338,15672,6511,1210,7871,7139,4101,3044,18788,15265,7261,7827,2000,7729,8195,6524,15103,4266,2382,18208,3842,5323,13992,16993,6796,9442,25082,2672,3054,6737,9058,6958,1280,9184,2554,16514,14344,2830,1458,6589,14783,7252,8856,6443,4107,6063,6124,6933,2533,17861,6522,7330,5669,3808,8420,6382,2533,8417,9982,6930,4578,15715,3619,9145,1804,5795,5981,7082,8439,2750,1499,15411,7850,4791,18506,14666,8864,6010,24742,2013,3658,5957,5814,3192,6719,986,8565,13899,9209,2051,17864,22998,1583,4940,17188,4687,6847,9361,14912,3908,3120,565,15340,14029,19109,3838,8976,7207,6730,18349,7644,8128,8020,13502,6594,8016,3182,9183,6664,16474,1137,1612,8044,7516,2660,4600,8771,14067,7833,9350,1698,5605,7233,13629,5928,5975,4012,7808,4903,3385,4838,6601,9222,0,6612,7916,3827,4910,9917,6412,6583,3776,6324,2575,7827,15549,9242,3012,6970,5103,3754,9090,6211,15230,8222,4170,9752,2065,4933,3916,3708,9640,17114,15996,3772,6114,4024,16216,1703,3716,8317,14709,6923,18111,8980,8015,15605,17183,3072,8887,8113,4262,2278,8724,3557,23172,9072,4610,6240,2465,3001,9291,5035,17051,3315,5103,15129,1213,15461,9721,25258,5811,9236,6140,5884,8543,3772,9556,2501,2438,19635,13892,16349,18342,16422,3587,3740,3112,16802,16000,9441,9417,7604,2552,15311,7689,9092,8755,986,5611,8527,3918,3194,8395,3538,2789,18284
41132,7173,3764,16647,11143,0,7737,15978,7112,15105,3666,26062,12394,7371,8863,8316,6946,7752,15709,11962,6463,8186,18965,4852,5071,12415,22826,16126,23407,27453,3803,3871,19366,16659,16172,7645,22075,3740,21964,11588,5028,8019,19029,24155,17775,15106,1013,15023,475,891,18357,3777,23397,3874,18435,5621,2441,21919,10506,9060,19886,21096,19734,6566,24908,3306,18142,5028,15135,15715,16903,11172,9335,6704,12317,18812,11952,24048,23414,18548,0,30119,8615,9248,5621,102,3871,3782,7530,9646,12094,10586,5028,25228,27651,8124,5201,20897,6761,17782,22100,21537,2580,3297,7030,23257,19106,24524,13732,21026,19631,16005,13251,8965,9122,17474,11727,15459,21333,5028,21746,15885,25603,6983,6219,19371,20603,4157,15336,9531,21290,7854,10690,6754,5597,17150,10566,16425,16469,2116,7294,5862,4529,4332,10816,18470,6612,0,19223,2482,4162,19205,0,3782,12430,16090,9143,6945,24551,18245,3371,873,5201,2518,18484,0,11807,8364,6386,21207,3832,6122,12695,2579,22478,12349,11658,15095,350,13502,19963,8315,12424,8747,20077,17901,18820,15300,11914,12736,13251,9580,15629,11885,9947,8235,10152,2951,27838,19822,4616,864,6855,6840,9885,9464,12360,7158,6208,12676,6541,11930,21577,32521,350,20853,864,10150,10152,3083,18947,8762,3777,18820,21084,11739,25377,11748,3562,9281,3273,24497,21452,22236,20681,8394,8240,20084,6947,10519,9183,7519,361,10129,2245,6746,8922,3610,4183,18820
39336,15931,16945,13968,26367,21042,6847,13399,21081,5823,15587,9370,23096,21331,17907,6463,20701,20606,6055,27066,15704,6966,31043,14740,17379,23302,15532,5957,1750,22578,13960,14121,1703,14591,6260,6938,4791,13793,14408,26445,14584,6514,2333,7482,3528,17385,18881,5151,18474,18562,5293,15075,8068,20993,671,17743,17096,511,14650,5599,501,8835,1046,15109,8382,15141,15151,9450,5443,4740,5189,18374,5255,8191,25033,6877,8975,8255,5035,6942,18429,21977,5910,6628,19991,18162,14274,21284,7038,23139,25827,23267,9406,8978,22868,6418,16853,15635,15729,1210,5400,8839,15648,16089,7537,9977,13636,8688,4374,6266,3214,6015,29096,18702,18055,6609,22643,6616,100,13778,5530,6074,8989,7666,8682,509,401,15230,5581,21136,13370,20228,21283,8234,17627,5092,25452,2609,6152,15776,19996,16496,15829,16562,15406,7989,7916,21187,0,17117,18472,8583,18958,21040,6267,4837,5468,19936,8577,15273,15937,21649,18846,16989,7639,18694,25042,22264,13385,8113,9922,16409,6223,16950,5588,25160,23972,4302,18567,5239,13738,6214,6357,19256,13532,1021,27999,19016,17006,25148,26945,5149,14252,16838,9912,6810,22021,15150,23006,4903,17849,20610,9061,9122,21413,9856,27884,15912,16515,27213,8233,27751,7477,23260,18166,7291,18567,9745,23998,15392,8077,6148,13546,30541,13293,24398,9532,26934,16333,6677,16083,7981,14128,5394,8015,17663,7031,8711,19773,19915,19439,7015,17901,20159,15657,9183,21287,16308,15386,31037
36889,3979,3304,16364,12570,2482,4910,13995,8540,15319,3005,25538,13821,8799,10464,5468,7136,9179,15967,13389,6467,5352,13899,3524,5261,13843,20504,15967,19292,25695,2137,2426,15395,14703,14652,4955,18547,2022,19784,13016,3700,5270,15131,21002,14421,16534,2437,7458,2200,2315,14970,2449,22621,4064,16271,7048,1228,16200,11934,6224,17847,16741,15689,6571,19852,1978,16119,3700,16582,16582,13813,12773,6512,3866,13744,14322,13380,23311,19864,17387,2482,28094,5841,6454,7048,2559,2426,3972,4708,11073,13521,12014,3700,22299,25913,5384,5391,20710,6765,14127,18674,18864,500,1396,4207,18807,17054,21662,7537,16155,15887,15967,14678,10392,10724,14664,13154,15746,15663,3700,18358,15882,20544,4371,3388,15710,15001,2829,7699,10958,17199,9281,12118,3927,7025,14046,11993,9723,16202,1246,8722,5867,3201,4522,12243,15920,3827,2482,15531,0,2773,18455,2482,3972,13858,16660,6314,8373,19592,14736,1470,2297,5391,707,15858,2482,13235,9791,6391,18382,2114,6126,14122,788,17301,13777,13086,7519,2504,7361,19684,5524,13851,10174,19758,14224,13882,16727,13341,14164,14678,6738,13961,13313,11374,5393,10342,1139,28763,18346,4805,2288,3948,3964,11487,10892,13787,3965,6212,14104,3694,13357,16864,27962,2504,17858,2288,11991,10342,1755,16392,5913,2449,13588,17013,13166,22588,13176,2117,6495,1372,21418,19259,17061,16205,9996,5415,19392,8374,12121,10785,4775,2478,11731,271,4057,10349,2165,2855,15502
42778,6263,5587,18587,15223,4147,5834,16209,11193,19185,5289,25006,16474,11452,13117,6231,5082,11832,16133,16042,10543,5918,14014,5807,3207,16496,20604,16571,18606,27710,2636,2866,15366,18425,16719,6138,20443,4174,21999,15669,5984,6364,15210,20912,17701,13960,5093,8036,3865,4971,15384,4733,22372,2010,17679,9701,3397,19216,14587,7069,17415,18711,15519,10647,21741,4262,18341,5984,15255,15694,15606,15426,7410,4512,16397,17889,16033,22989,21741,19476,4147,30312,6877,6836,9701,4224,2866,1918,5660,13726,16174,14271,5984,22143,30782,6492,3337,20790,10841,15441,20622,21030,2816,3003,5173,20788,19061,25912,8343,19841,16020,16454,28926,13045,13377,16553,15412,14552,18616,5984,18440,16337,24741,5647,4012,18738,16235,5113,8135,13611,21162,11934,14376,4508,9678,17447,14646,15796,15287,3415,11375,9943,5484,2468,14896,17866,4910,4147,16759,2718,0,20616,4147,1918,16511,14669,7196,11026,23695,18464,3137,4953,3337,2067,17789,4147,15888,12444,10467,20521,4266,10202,16775,3535,19074,16430,15739,8374,4169,7936,21890,6534,16504,12827,19924,15495,14066,14312,15994,16817,14846,7545,15977,15966,14027,6011,8288,2180,28112,18379,2752,4944,6231,6247,14140,13545,16440,6248,10288,16757,4436,16010,20689,33041,4169,19961,4944,14644,8288,4039,18336,6614,4733,13780,19015,15819,24458,15829,2557,6855,3236,21310,21474,18824,18149,12649,5931,19547,11027,14774,13438,5894,4180,14384,2482,6340,13002,2606,5139,15709
24447,15443,16250,9476,20127,19172,9822,9559,18005,11794,15501,5653,18545,18330,16255,13585,22985,17603,11228,20136,13924,14714,26905,14940,18993,18828,3501,11228,9962,13078,15834,18568,7200,8391,11008,8717,4157,16183,2736,20070,17496,8883,6559,3358,5107,13474,18007,15809,19282,18434,11921,15772,4503,22072,8130,16714,17958,8655,10124,9623,8748,359,8040,13184,3566,15298,9527,13290,11843,11843,11921,18563,9249,14897,20878,8128,11474,4526,4595,3606,18635,9850,8820,17228,17053,18265,18773,20232,9820,17684,19366,16456,17496,3716,13089,8749,18612,4271,13378,7825,3558,1365,18262,15994,13306,2673,1963,4516,9510,3849,5421,11228,22337,14240,16514,3606,18000,11008,8614,17496,3298,11143,3716,8836,16782,8142,8470,15776,15385,17530,1894,17541,18255,16675,18221,11921,20886,6793,11463,18080,18665,13352,15147,20728,10433,318,9917,21167,8583,16744,18705,0,20927,22350,11952,11921,9403,18429,3309,9496,17422,18961,18710,16834,3606,18849,23498,18117,13417,849,14224,13282,12783,16196,5643,23155,19657,9215,20830,15836,2648,9120,11945,14144,2947,8138,26540,13667,13184,22938,22838,9677,9676,13155,11289,15893,21892,16647,13089,3961,20539,18394,17372,17388,16165,10807,23783,15536,13066,22554,16110,21212,3168,12324,18502,3606,20153,10514,24119,17272,849,13778,15668,26278,1555,20226,4510,20202,17469,15758,15899,3238,2148,5643,0,15786,16488,1323,18340,15557,15151,9114,18292,17521,18461,17355,14121,19142,15782,24189
37231,7173,3764,16463,11143,0,7537,15771,7112,15105,3666,25826,12394,7371,8863,8118,6946,7752,15468,11962,6463,7993,18965,6621,5071,12415,20512,15885,20973,30065,3803,3871,19075,18148,17562,7445,19778,3684,21753,11588,5028,7819,17003,21681,19308,15106,1013,13373,475,891,18085,3777,23161,3874,20026,5621,2441,19622,10506,8861,21625,20860,17640,6566,24655,3306,16273,5028,16407,15462,16656,11172,9136,6510,12317,16836,11952,26244,20993,20187,0,29922,8415,9059,5621,102,3871,3782,7330,8482,12094,8805,5028,22664,30285,7924,5201,20699,6761,17517,19804,19326,2580,3297,6830,20893,20842,24290,14844,20762,19347,15764,13251,9016,9122,17239,9946,16778,21041,5028,19484,15644,25353,6785,6025,19106,20310,4157,15057,9531,19117,7854,8910,6562,5597,16903,10566,17814,16203,2116,7294,5862,4529,4332,10816,20112,6412,0,20895,2482,4162,18987,0,3782,12430,17457,8943,6945,24301,16368,3371,873,5201,2518,20123,0,11807,8364,6386,20962,3776,6122,12695,2579,22207,12349,11658,14803,350,14597,21784,8115,12424,8798,19876,19438,18820,14727,11914,12736,13251,9381,17029,11885,9947,8040,10152,2951,27664,21572,4616,864,6855,6840,9885,9464,12360,7158,6208,12676,6345,11930,19348,29346,350,18691,864,10563,10152,3083,18725,8565,3777,18820,20864,11739,25146,11748,3562,9094,3273,21994,21240,19928,20436,8394,8048,19866,6947,10519,9183,7319,361,10129,2245,6746,8973,3610,4183,18820
39232,6810,5773,19889,14377,3769,7579,17500,10346,14950,5836,29607,15628,10605,12271,8019,4292,10986,18144,15196,9697,7729,21804,6355,2361,15649,24227,16871,23115,28905,4627,4856,17625,17987,16967,7759,20565,5242,23431,14823,6531,8040,19203,25057,20013,14445,4247,9849,3487,4125,17301,5280,24208,835,18352,8855,3944,21782,14814,8843,21765,20249,19649,9800,23499,4809,19664,6531,15759,16236,19327,14580,9170,6311,15551,17957,15186,24842,21761,21407,3769,31680,8583,8645,8855,3846,4856,0,7394,12880,15328,13425,6531,23850,29112,8161,2490,24433,9995,19550,22783,22745,4082,4462,6899,22275,22483,27934,13406,19846,20000,16758,16485,12199,12530,18321,14565,16301,19221,6531,22461,18345,26642,7195,5810,21282,20459,5660,9946,12765,22679,11088,13529,6314,8831,17770,13800,18245,15691,3962,10528,9096,6032,2030,13245,21479,6583,3769,19089,3985,1953,20279,3769,0,15664,18346,8960,10179,25590,17943,5128,4107,2490,3683,19455,3769,15042,11598,9621,20254,5335,9356,15929,4082,23176,15583,14892,14803,3791,9750,23402,8250,15658,12564,23502,17809,21659,16361,15148,15970,16485,9329,18823,13423,13181,7819,7498,4116,32291,20381,2314,4098,6779,6795,13294,12699,15594,6796,9442,15911,6218,15164,20495,34225,3791,21859,4098,13797,7498,4586,19964,8414,5280,21659,20390,14973,26251,14982,4548,8663,4437,23094,22911,20790,21798,11803,7745,23303,10181,13928,12591,7554,3802,13538,3748,6888,12739,4596,5686,21659
31355,10447,10552,6681,17486,13410,3691,5290,12058,1244,10514,13956,16413,12317,9508,4247,14038,13028,3301,18070,7178,5086,22255,10159,16769,16655,11515,3301,8013,17928,12906,16122,4629,6794,3512,2551,5765,12381,9891,15911,10707,2745,4155,14728,4126,7824,12589,5399,13127,12467,3994,11277,15873,15572,5595,12361,13706,6678,3484,3791,6719,11729,5240,6437,14935,11567,6732,10707,3917,3917,3994,11817,3513,5091,18653,6997,3239,15896,6681,14975,13410,17584,2808,5987,12361,13486,16122,15481,3669,12835,16877,12514,10707,15085,20032,2619,16899,12285,6632,5058,5818,11678,13707,12636,3888,12008,10469,15886,4229,15219,4209,3301,20202,9661,9767,14975,14421,3512,6357,10707,14668,3216,15085,2757,5345,6154,5911,11003,6182,12992,13072,12800,12515,5267,12337,3994,14952,3681,3536,13218,12240,6605,10208,16030,3793,11688,3776,13410,6267,13609,16362,11645,13410,15481,0,3994,3596,11892,14679,6701,12596,12449,16899,14769,14975,13410,18762,13310,6670,12219,12473,6536,265,13844,17012,17054,15817,3948,13431,5380,10662,3051,0,12201,10961,5288,19986,7449,6437,18746,20804,4034,6206,6408,4543,4871,15257,15202,18345,5614,16314,12441,10583,10599,10531,4060,17285,10433,6319,18254,4880,18857,14537,20502,13431,14975,12441,4685,15126,11491,12219,4498,11003,19704,10740,16275,14807,16304,15813,6086,12612,14608,9482,17012,11645,9040,5281,12692,11893,11164,9828,2948,13442,10774,13373,10692,12377,15862,11029,20137
30157,13398,13504,7897,19136,17643,5884,6387,14588,2736,13465,7873,17980,16375,11247,6149,19538,17681,2015,19535,8916,6986,23503,13110,15113,18223,11494,2015,6504,15714,15858,19073,3186,6736,2441,5044,2977,15332,9870,21113,13659,5018,2521,14707,1618,9563,15269,6460,15777,16903,0,14228,15852,16476,4239,13988,16520,5090,5223,5402,5163,11708,4025,8176,14914,14519,7948,13659,77,77,0,13556,4999,7427,22186,6192,4978,15875,3895,14954,16955,15277,4775,7523,14376,16582,19073,18426,5942,17978,18520,15888,13659,15064,15974,4876,16147,12264,8371,3802,3054,11657,16658,15588,6290,11987,10448,15865,5129,15198,1837,2015,21568,13446,11506,14954,19264,2441,4900,13659,14647,804,15064,5440,7774,4525,4599,13955,7238,18001,13051,17403,17681,7575,15243,0,19992,2524,520,16170,16950,8344,13159,14652,5532,11667,6324,17734,4837,16561,16167,11624,15839,16645,3996,0,5179,16806,14658,7917,15548,16169,14817,17721,14954,17230,22394,15292,8409,12198,15424,8275,3725,16658,16991,20262,18975,4839,17193,6484,10641,5117,3996,13791,10939,4112,23264,9188,8176,20175,22108,5373,8097,8147,6282,6763,20876,18154,16128,2826,14392,16955,13535,13550,13519,5799,22686,13384,8058,19749,7279,22436,14516,20307,16732,14954,15257,6677,20737,14442,12198,6206,13955,22990,10719,19471,15859,21476,18764,7615,15563,14587,9461,16991,11624,10779,7157,12671,16658,15704,15197,5380,14934,12513,16324,13644,15235,18813,13981,25797
36102,5876,6527,9678,17543,9036,1406,8478,9624,3603,5578,18699,18798,9761,9777,1082,14904,15613,5838,18372,6377,1842,21589,6270,7666,18975,16587,6027,6913,22359,5109,5205,4523,9275,6279,2051,7636,5128,16359,17656,5165,1486,4550,14584,5583,13648,9017,1920,8517,8673,5892,5103,16025,8935,4932,8240,6350,5978,7417,223,5964,9537,4542,6384,14300,6194,9479,4313,4953,4821,5983,15044,224,2755,18721,7225,5858,15051,8413,8045,8536,21966,942,2427,8529,8353,5323,9135,1615,16127,17181,16843,4433,16435,24924,1486,7268,16762,6645,4498,7956,9718,6431,5618,2113,16199,13888,15629,1267,7912,5447,5994,19989,9872,13257,7264,18379,6123,5567,5561,7850,5963,16658,2781,3232,5660,5072,5228,2651,14873,15237,13708,15466,2826,8172,6080,16891,3884,5420,6560,13625,7008,5866,7051,7784,8677,2575,9143,5468,6314,7196,9403,8943,8960,3596,5179,0,15019,14256,9579,5524,9535,7455,6211,8456,8736,20478,15519,6017,9121,4640,7002,3691,6250,8238,18840,17779,1206,8624,1875,14419,1000,3603,15274,14346,4519,23675,15111,9643,20828,20528,565,9439,9660,5976,1627,14850,6010,25103,7576,6778,8797,4469,4808,16296,6440,18824,5838,7140,18423,2770,18792,8887,27560,8329,8451,8698,6950,16073,6345,8960,1028,5007,21186,13671,18127,18415,20045,5736,2525,5624,15191,14410,8020,8834,9560,1998,9880,14822,14780,14313,1888,8129,15096,6418,4955,15373,5716,5353,23864
35567,5306,5411,14701,4684,8177,9027,12259,998,14796,5372,26544,5133,787,5416,9823,13411,807,14357,5385,5334,13292,11423,5018,11536,5178,17598,14763,22177,23668,7765,10889,19744,13565,16167,8335,18987,7239,16671,5012,5566,8865,17370,20027,17267,13674,7356,17405,7894,7234,15525,6135,21472,10339,19064,5128,7042,20542,10198,13636,20576,18254,18552,5936,22552,6426,13701,5566,15635,14995,17403,7899,15213,8644,5858,15234,11643,22147,20194,16663,8177,23644,9494,14945,5128,8253,10889,10248,8804,1014,4128,2507,5566,22676,23838,8914,11666,19593,6131,18356,20703,16980,7602,7495,8380,18253,15994,24840,16845,19239,17428,14631,6793,3726,5675,17341,3648,13878,22113,5566,18402,14499,23092,7572,8273,19900,19425,5862,18064,2628,17953,943,2612,8777,5104,17695,3750,16664,13671,6792,349,5232,5066,10797,10507,17837,7827,8177,21972,7861,11129,16721,8177,10248,12121,15248,13627,0,20032,14631,7455,7216,11666,7735,16331,8177,5349,1419,5756,16933,7332,5491,12386,7181,19075,5891,5081,15110,8198,17283,18607,9311,12115,3468,17059,20486,11278,13299,10006,6278,6793,14344,13175,9977,9638,13237,16618,7744,26479,18730,11081,7208,5442,5458,6613,9156,5901,5291,5577,6218,8374,5472,17519,28038,8198,16908,7208,10254,16618,6350,18341,13660,5862,11278,17757,5162,25589,5171,10580,16565,7471,22252,17904,20848,18159,4948,14831,17603,234,5228,5911,8415,8209,6857,8150,5551,3643,10629,5888,11278
24602,18736,19598,12510,23476,22231,16697,12592,19617,14827,17003,3120,21901,19912,17341,15547,26378,23046,14261,25892,15045,18356,30603,16622,21844,24450,4641,14261,9609,14781,18546,21440,7575,11424,14041,13882,3791,19293,5770,23421,15605,15385,7043,1045,5565,13260,23311,15767,24525,21504,14954,17155,2190,22989,8292,21877,21151,8498,13157,14551,8598,3393,8326,15214,376,18250,12560,16060,14877,14877,14954,15606,14012,17159,24233,11162,14507,2213,3679,2982,21668,11553,15109,17309,20200,21303,19640,23206,15201,23153,25040,21835,17129,314,14792,15181,23621,5411,15937,8140,3205,3097,21443,18788,15609,3687,4996,2203,15462,3226,5832,14261,25693,19380,17109,2982,23538,14041,8579,15973,2675,14176,314,14216,19366,8080,8582,18934,16753,20864,4653,22957,19918,17369,19670,14954,24582,7482,14497,19326,22307,16796,18455,23758,13467,3351,17138,22276,8577,21594,21499,3309,22049,23218,16088,14954,15713,22078,0,12530,18602,24358,23757,19654,2982,24129,24670,21791,15344,2967,16992,16603,15817,19084,3329,26853,25364,15061,24162,15817,5407,15597,16088,19287,5980,8425,27436,15920,13878,24168,28870,14472,12709,14829,14821,18032,27572,19449,14792,3702,21348,21483,14373,13805,16193,13840,27477,18817,16488,26252,18659,27076,2544,14027,23715,2982,21369,13548,27533,20521,2967,15616,17050,27197,4588,25990,2197,25965,20111,17427,20615,925,5181,3329,3309,17249,16881,2440,19946,19249,18847,15840,23471,16880,19615,15054,19263,22065,18963,27545
25838,12231,12337,3624,16384,18246,9538,1785,13843,6783,12298,8716,16193,14694,11250,13485,18149,14162,6217,17927,8919,14566,20574,11943,18628,16513,7085,6217,15970,15230,15625,16938,8855,913,5997,8265,6803,14165,5461,17966,12491,8614,8186,10298,6993,6793,16723,16531,16894,15807,6910,13061,11443,17639,9898,15363,15634,14122,4150,9775,14230,7299,9697,8179,10506,13351,31,12491,6832,6832,6910,11518,9487,15638,18781,3389,6456,11466,7448,10546,17745,12002,8778,15838,15683,15726,17131,17812,9464,15604,15589,13653,12491,10656,15241,8506,18299,7856,8373,9474,6300,7248,14478,14142,9546,7579,6039,11456,13347,10789,7293,6217,20371,14243,10974,10546,15591,5997,15353,12491,10238,6132,10656,8105,14346,13385,13575,12787,16049,13934,8642,15642,13757,14446,15157,6910,16720,8171,6452,14227,13518,8347,11992,18681,3945,7258,9242,16554,13857,16241,16752,7216,18040,19776,8043,6910,9579,13274,10249,0,15388,17764,16642,16410,10546,16280,17558,15094,8412,7789,14257,8277,7772,14111,12583,18922,15819,9790,16385,14985,6232,8989,8043,13986,6531,9785,22284,6206,9033,18671,18965,13231,1138,8707,6284,15753,20989,14751,15241,6582,18584,15712,12367,12383,9651,5802,19630,12217,8061,18319,13832,19180,10108,14596,16021,10546,17214,5509,19106,14834,7789,13860,12787,22037,6310,18077,11450,16366,15890,17601,15460,10178,5053,12583,7216,10781,14829,8263,13677,11201,10459,8675,17466,10476,14697,12350,14161,15772,12813,20316
40112,3715,3040,15514,12446,3383,4118,14933,8702,17470,2741,24401,12971,8961,9256,4715,7687,9897,16904,12538,6203,4667,16195,3260,5812,12992,19552,16904,16452,24891,501,2638,9732,13894,16684,4129,15757,1228,17118,12165,3436,4448,9548,18033,13336,13688,3350,6745,3100,3252,17597,2185,19498,4615,13686,6285,1408,15127,12871,5442,16667,17432,9942,6307,18849,1714,15261,3436,17520,17520,17597,11565,5718,3181,13619,13333,14317,22175,18680,14776,3383,24667,5024,5823,6285,3459,2638,4523,3912,9703,12671,10806,3436,21212,27680,4561,5942,17925,6502,9858,15885,17838,1421,373,3412,17899,16209,22745,6759,16673,13325,16904,14692,9184,9516,15057,11946,16684,16083,3436,15603,16819,19551,3551,2732,14631,13930,2565,7034,10108,18007,9444,10910,3268,6262,17597,11143,8898,17140,1565,8884,5603,2937,5073,13181,16495,3012,3383,14460,1680,2985,15807,3383,4523,14795,17597,5524,8535,20502,13961,0,3235,5942,908,14888,3383,13110,9954,6127,17324,1320,5862,15060,1546,16244,13652,12235,6730,3405,6650,16998,4712,14789,9549,18797,9935,16149,13313,14279,14039,13844,5964,13232,14250,8013,4688,10893,834,27881,17169,5356,3226,3684,3700,10279,11830,13662,3701,5948,13979,2977,13233,17496,27203,3405,15213,3226,12515,10893,1491,15435,5174,2185,14357,16152,12316,21574,12325,2329,5871,98,20305,16642,17636,15248,8788,4747,16647,8537,10913,9577,3952,3415,10523,1323,3793,9725,2378,2591,14833
36464,6878,3465,17861,10848,2097,8135,14078,6817,14810,3367,25959,12099,7076,8568,8769,7771,7457,15678,11667,6168,8709,18670,6326,5896,12120,22413,16097,21712,29695,3896,4101,19734,17926,16114,7914,20097,3498,21511,11293,4198,8329,19342,21816,19770,14811,714,14294,1815,93,16679,3406,23295,4699,20757,5326,2393,22373,10211,9469,22379,20804,18302,6271,22449,2777,16030,4198,15181,15815,18662,10877,9718,7220,12022,16948,11657,23954,23495,20311,2097,26842,8943,9819,5326,2174,4101,4608,7921,8187,11799,8510,4198,25021,29907,8424,6026,22618,6466,18164,22122,19282,2395,3161,7427,22911,20636,24414,14275,19017,19839,15972,12956,8721,8827,19153,9651,15377,19775,4198,19736,17467,25406,7215,6750,21773,19113,3786,14640,9236,18954,7559,8615,7289,5302,18942,10271,18438,16444,1906,6999,5567,3699,5157,10521,20130,6970,2097,19642,2297,5489,20898,2097,4608,12135,17821,9535,6650,22100,16118,3235,0,6026,2382,18307,2097,11512,8069,6091,19036,3591,5827,12400,2531,20406,12054,11363,15662,2119,14167,21594,8662,12129,8503,21735,18307,18525,14432,11619,12441,12956,13232,15157,11590,9652,8740,10978,2814,30113,19878,5441,9,6560,6545,9590,9169,12065,6863,5913,12381,7031,11635,21412,28930,2119,20695,9,10268,10978,3035,18740,9232,3406,18525,20686,11444,27810,11453,3792,9859,3136,22095,21006,20198,18560,8099,8777,19846,6652,10224,8888,7830,2130,9834,2060,6451,8678,3840,3812,18525
38533,5484,4447,18462,13121,2444,6077,16077,9090,17083,4510,27679,14372,9350,11015,6514,6889,9730,14726,13940,8441,6240,14831,5029,130,14393,20551,16673,20919,27610,3642,3709,15656,18327,16806,6304,20629,3917,19883,13567,5205,6561,17053,21004,16264,13674,2991,8363,2161,2869,17093,3954,22470,3817,18038,7599,2618,17774,12485,7337,17757,20616,15842,8544,24039,3483,18222,5205,13965,15867,17344,13324,7666,4809,14295,17949,13931,25453,21936,17735,2444,27415,7093,7192,7599,2520,3709,3726,5895,10461,14072,10784,5205,24463,30669,6685,0,22856,8739,15756,18855,19081,2757,3136,5402,22889,20935,26021,8624,19950,16237,15019,15229,10943,11274,16622,11924,14613,17231,5205,18576,14910,24805,5774,4309,17324,18267,4334,8486,11509,19146,9832,10888,4818,7576,15964,12544,16090,15381,2637,9273,7841,4706,4275,12794,19714,5103,2444,17099,2659,4001,20622,2444,3726,14408,16331,7455,8924,21555,18342,3210,2851,0,2357,19644,2444,13786,10342,8365,18644,4009,8100,14673,2757,19216,14328,13637,8643,2466,8263,21829,6757,14402,11308,21908,15822,13506,14036,13892,14715,15229,7824,15841,13864,11925,6324,10095,2790,28010,20435,4559,2842,5453,5469,12038,11443,14338,5470,8186,14655,4712,13908,18827,29848,2466,20021,2842,12541,10095,3260,20234,6913,3954,20403,18959,13717,24542,13726,3401,7214,3112,23574,19408,18971,20028,10547,6262,21559,8925,12672,11336,6081,2476,12282,2422,5562,11483,3449,4360,13693
40906,3923,3323,15001,12600,2475,4809,14025,8569,16562,2949,23204,13851,8828,10494,5343,6834,9209,15996,13419,6411,5200,14149,3468,4959,13872,20639,15996,17367,25840,1486,1774,15301,14845,14704,4911,18541,1966,19932,13045,3644,5205,15056,19096,15862,16563,2466,7312,2192,2344,13601,2393,22662,3762,14655,7078,1257,17728,11963,6114,17718,18557,14127,6515,19906,1922,14776,3644,16612,16612,15242,12803,6412,3716,13774,15854,13409,23349,18012,17449,2475,28246,5765,6284,7078,2551,1774,3670,4612,11103,13551,11648,3644,22370,26060,5323,5089,18912,6709,15458,18684,18967,749,834,4112,18911,17183,21700,7424,16192,14376,15996,14708,10422,10753,14717,12788,15776,17135,3644,16670,15911,22709,4351,3233,15605,14885,2773,7537,10988,17322,9311,11752,3770,7054,14059,12023,9668,16232,1275,8751,5811,3145,4220,12273,16002,3754,2475,15414,651,2121,18554,2475,3670,13887,16689,6211,8402,21662,14889,908,2327,5089,0,17558,2475,13264,9821,6335,18468,2058,6070,14152,1037,17312,13806,13115,7414,2496,7214,17983,5442,13881,10204,19889,14114,15582,16184,13371,14193,13397,6624,15571,13342,11404,5247,10040,488,26243,16644,4504,2318,3892,3908,11517,10921,13817,3909,6156,14133,3557,13387,18655,30995,2496,17926,2318,12020,10040,1699,16472,5780,2393,15258,18887,13196,24947,13205,1465,6323,810,19482,17608,18812,16285,10026,5257,19486,8404,12150,10814,4714,2507,11761,415,4001,10379,1514,2799,14321
25755,20507,15421,12748,19874,18440,8931,12830,15882,15065,13235,5860,18375,16175,19526,9342,22199,18960,14499,22012,17196,14869,24203,20219,18111,18652,4943,14499,9063,16350,14870,15834,6221,11662,14279,7866,3393,15185,6008,21860,20768,7999,5576,3050,4139,16348,19130,9859,18479,17712,15192,14789,4195,21182,7167,17696,17015,7732,13395,8678,7824,3631,7066,16455,3258,15959,12798,20768,15115,15115,15192,21470,8297,15160,20685,11400,14745,4218,3968,0,17881,13121,7904,15833,18084,19305,16021,19433,8940,17326,19140,16264,20768,3408,16361,7863,17710,5713,16650,6849,2843,3335,17311,16615,9197,3989,5234,4208,8529,848,4454,14499,24412,13969,19785,0,17835,14279,7673,20768,1079,14414,3408,8034,15552,7209,7511,14807,15523,18967,4891,17099,18057,13981,15876,15192,20642,5798,14735,15565,18217,16623,20268,17866,13705,3589,9090,20372,7639,17478,19606,3547,18258,21442,15223,15192,8456,17999,3001,12767,16409,20177,17824,15931,0,18104,23226,17764,16688,3205,13287,16554,16055,16901,5334,20817,21459,8235,18137,9878,5645,8213,15216,13971,6218,7163,23891,16158,16455,22753,22662,8715,12947,16426,14561,9971,23390,17341,16361,3181,19482,17690,20644,20659,19404,14078,23515,13294,16337,20275,13489,20997,467,13910,17733,0,19371,13786,21187,16367,3205,9471,13318,26059,4826,22073,4202,20012,18157,15972,16517,2930,5419,5334,3547,19058,15137,2678,16238,14053,15053,8255,17514,20428,17496,20752,15386,16377,13454,26461
41078,7173,3764,18050,11143,0,7330,14219,7112,15105,3666,28274,12394,7371,8863,7905,6946,7752,16846,11962,6463,7774,18965,6621,5071,12415,20405,15700,22817,29985,3803,3871,17055,18040,17365,7256,21572,3684,21647,11588,4497,7624,16759,21508,19062,15106,1013,9887,475,891,17869,3777,22988,3874,19739,5621,2441,19359,10506,8652,21335,20713,19155,6566,22208,3306,16184,4497,14687,16810,16458,11172,8929,6291,12317,16670,11952,26051,20785,20003,0,27069,8217,8837,5621,102,3871,3782,7124,8482,12094,8805,4497,24811,30207,7729,5201,22696,6761,17259,21610,21151,2580,3297,6624,22893,20728,26582,9967,18658,19096,17172,13251,8965,9122,17068,9946,16588,20750,4497,21261,17040,22847,6603,5806,18847,18164,4157,14735,9280,19008,7854,8910,6342,5597,18411,10566,15916,15998,2514,7294,5862,3997,4332,10816,19950,6211,0,20604,2482,4162,20774,0,3782,12430,15633,8736,6945,21893,17944,3371,873,5201,2518,19954,0,11807,8364,6386,18871,3776,6122,12695,2579,19953,12349,11658,9942,350,9789,19658,7914,12424,8747,19765,19150,18820,14727,11914,12736,13251,9170,15374,11885,9947,7822,10152,2951,30412,21347,4616,864,6855,6840,9885,9464,12360,7158,6208,12676,6129,11930,19187,32284,350,18529,864,10563,10152,3083,18578,8350,3777,18820,18821,11739,27534,11748,3562,8871,3273,21828,19173,21746,20273,8394,7827,21741,6947,10519,9183,7123,361,10129,2245,6746,8922,3610,4183,18820
33737,10191,10296,19397,1210,13543,16830,15847,6734,19485,10258,28776,2680,6993,8724,17831,18987,4450,21334,2248,9147,19826,8468,9903,16902,2702,24067,21773,27271,30009,12650,13437,25387,19782,19632,17694,26448,12125,22971,1875,10451,16734,22491,24802,24645,16039,12722,20617,13260,12600,22650,11020,26215,15706,24174,10013,11928,28274,15352,18563,28309,23278,23660,9546,25137,11311,19307,10451,21219,20081,20816,11033,20691,17698,1940,22157,15489,26891,25192,21491,13543,27298,17571,21580,10013,13619,14791,15614,18223,4403,2380,5304,10451,25173,27366,16812,17032,22006,9741,25865,26175,23738,12488,12380,15936,24945,22353,27245,20251,22348,22531,19622,2874,7034,8983,22727,3943,20761,25171,10451,23357,21481,25561,16584,15498,25016,24529,10747,23283,3475,22724,5638,5408,17853,9989,23234,3036,21785,20605,13351,5044,8843,9952,16164,14675,20878,16786,13543,27601,13743,16495,21320,13543,15614,17023,20319,18580,5063,27191,19352,12340,12583,17032,12620,21073,13543,0,5659,9367,21602,12217,9102,17135,12066,24025,1973,1945,22156,13565,20499,23323,19064,16892,6776,23554,26113,8323,15664,14935,2360,2874,19276,18150,14906,12968,17971,21639,12630,30363,23732,16447,12574,9836,9820,9747,12485,1983,10176,9188,2300,17346,1553,24548,31597,13565,21690,12574,15265,21639,11235,23495,18483,10747,8323,22540,2025,27846,2035,15946,19651,12356,24909,22545,26321,21162,8256,18123,24449,5296,7157,9044,17762,13575,9990,13506,9727,6951,15995,10773,8323
31420,5389,5494,13142,3796,8260,9408,11751,1651,14288,5455,26289,4244,2019,4908,14911,13494,1403,15781,4496,5310,15298,10534,5101,11619,4289,18936,14718,24758,25445,7848,10972,19987,13031,14598,8642,18958,7322,17888,4123,5649,9186,19348,19835,17348,12785,7439,17979,7977,7317,15513,6218,21264,10422,21296,5211,7125,20793,9690,15547,20832,17922,18817,5709,22284,6509,13193,5649,14225,16604,17390,7391,15697,9119,4970,16636,11136,21940,20155,18183,8260,25441,9808,17138,5211,8336,10972,10331,9187,1210,4628,1618,5649,20297,23250,9225,11749,19131,5904,18610,18715,18384,7685,7578,8782,19713,17182,24592,15720,19104,19320,16075,5904,3218,5167,17200,2759,13803,20326,5649,18325,15929,20679,7883,8768,20135,21708,5945,16949,1114,15899,1994,1723,9259,5187,16044,3100,18603,13658,8068,1399,5005,5149,10880,9999,17574,8222,8260,20200,7944,11212,16438,8260,10331,11613,16855,14081,1419,19771,13162,7538,7299,11749,7818,16117,8260,4460,0,5529,16683,7415,5265,11878,7264,20936,5002,4193,15528,8281,17860,18160,9645,11607,2960,16665,18858,10390,12410,9117,5389,5904,14808,12667,9088,9130,15220,16701,7908,23436,18695,11164,7291,5525,5541,6105,8648,5013,5374,5351,5329,8839,4583,19081,27330,8281,18424,7291,9334,16701,6433,18068,14190,5945,10390,17331,4273,22956,4282,10663,17236,7554,19968,17431,20773,16233,4440,14054,17313,1652,4720,5403,8752,8292,6349,8223,5634,3135,10712,5971,10390
33831,3579,3869,8506,8721,8775,5103,7115,5830,9652,3646,19633,9706,6089,5333,5960,14010,7025,9087,9663,488,6519,16589,3170,12135,9751,13116,9087,17276,21271,6038,7728,8519,8395,8866,3979,9281,5513,11491,9290,3825,4542,8065,13679,7930,7863,7955,7895,8493,7833,9780,4409,15155,10938,9446,5471,5316,15385,4503,6102,15435,13330,9073,668,15735,4699,8557,3825,9702,9702,9780,7642,6080,5565,9894,8598,5110,15819,14878,16576,8775,19119,5090,7769,5471,8852,7728,10846,4917,6832,10646,7081,3825,16005,21507,4531,12265,13886,863,8906,9174,13279,5876,5769,4692,13609,12069,17926,7143,16819,8054,9087,10829,5486,5592,16576,8221,8866,14889,3825,16268,9002,16391,3324,5460,13284,9742,4135,8534,7456,14575,6572,7185,5758,5447,9780,10268,7569,9322,5250,6012,478,3325,11396,5362,13288,4170,8775,14753,6134,8075,13246,8775,10846,6976,9780,6017,5663,13921,8526,5728,7815,12265,6009,16576,8775,9385,7082,0,13819,5605,290,7241,5454,18613,9927,9360,6942,8797,7833,12263,5041,6970,5851,12561,9111,16347,7488,5608,10314,13708,6581,8032,5579,2762,6384,17216,6098,21710,9095,11680,7806,3404,3388,6356,3044,9937,3565,488,10254,5250,9508,16138,21528,8797,16576,7806,3900,17216,4808,13819,6427,4135,16039,12341,9440,18804,9450,7419,7858,5744,13934,11083,18613,13246,4865,6699,14293,5665,6989,5653,4239,8808,6599,6423,3295,6026,7467,4161,14980
27582,14003,14760,10091,20406,19202,9600,10174,16516,12409,14033,5421,18860,18527,16870,13249,20896,17810,11843,20454,14539,15844,24712,13586,20864,19140,4074,11843,9475,13652,17320,18398,6757,9006,11623,8531,3658,16095,3310,20356,18111,8668,6124,3016,4657,13650,18084,15323,19269,20357,12536,15693,4161,20011,7671,18500,17907,8176,10739,9342,8269,933,7592,13799,3224,15274,10142,18111,12458,12458,12536,18772,8960,14638,21184,8743,12089,4184,4103,3264,20558,10423,8573,15240,18882,20153,16879,20222,9609,19742,21665,16760,18111,3374,13663,8532,20430,4845,13993,7379,3058,1023,18206,17530,9864,2606,2536,4174,9175,3507,4969,11843,24960,14506,17129,3264,20188,11623,8142,18111,2956,11758,3374,8691,16522,7667,8009,14251,16462,17776,2467,19539,18596,14864,18301,12536,21208,6383,12078,16368,18890,13967,13740,20616,11048,891,9752,19241,8113,16678,18619,849,19019,22323,13670,12536,9121,18663,2967,10111,15718,20981,20549,16757,3264,20799,23809,18387,14032,0,14123,13897,13398,16145,5300,21315,19965,8882,20844,13931,3221,8883,13670,15931,3520,7691,24389,13844,13799,23287,23152,9374,10291,13728,11863,14080,21959,16562,13663,3463,20412,18440,17946,17961,14615,11380,21862,14082,13639,20771,15839,21508,2825,12897,18510,3264,18328,11088,24177,17244,0,14785,15585,26614,2128,22626,4168,22604,19098,16936,15815,2896,2721,5300,849,16360,16111,981,18567,15951,15532,8922,18294,17730,16690,18055,15911,17230,14265,24502
35228,3344,2669,14566,12074,4074,3262,13175,8330,14499,2370,22621,12716,8589,8885,3985,8379,9525,15146,12284,5832,4141,15502,2888,6504,12737,16209,15146,15196,23407,1606,3319,8652,14454,14926,3020,14164,266,17213,11910,3065,3407,8431,18095,8897,15713,3384,6088,3792,3944,15839,1814,19709,5307,9316,6105,1441,15199,11113,4595,13793,14242,8916,5935,17236,1343,14617,3065,15762,15762,15839,11194,4813,2757,13248,14657,12559,18504,15360,22635,4074,23168,4018,5390,6105,4151,3319,5215,3041,9332,12416,10434,3065,17637,23634,3506,6633,18068,6130,8818,14279,16098,1467,1360,2566,18004,14697,20964,5903,13512,8900,15146,15414,8813,9144,22635,11574,14926,14618,3065,13994,15061,17941,2380,2438,13260,9521,2194,6493,9853,14811,9072,10538,2905,6081,15839,10888,7791,15382,1599,8512,5231,2565,5765,11423,13374,2065,4074,9922,1726,3666,15677,4074,5215,13037,15839,4640,8163,18728,14586,1295,3926,6633,1600,14645,4074,12739,9582,5756,15566,0,5491,13302,1579,16133,13280,11980,5834,4096,5999,17053,3740,13031,9178,15519,8916,15415,12942,12521,13667,14516,5132,14091,12492,7641,4107,11585,1609,26248,13980,6048,3918,3313,3328,9908,10071,13291,3329,5577,13607,2475,12861,15722,25760,4096,13605,3918,10757,11585,1525,13842,4476,1814,15119,14627,12061,21998,12070,3010,5456,1335,18525,16688,14396,15050,8417,4264,15059,8165,10541,9205,2907,4107,10151,2015,3439,9353,3059,2220,15591
33742,3366,3656,8293,8645,8700,5976,6902,5755,9439,3432,19029,9631,6014,5257,6834,13935,6949,8873,9587,724,7314,14949,2957,12059,9675,12902,8873,17174,21924,5825,7514,9660,8182,8653,4950,15095,5299,11278,9214,3611,5516,9206,16442,9051,7650,7879,8841,8417,7757,9566,4195,18058,10862,15435,5395,5102,15466,4289,7068,17095,13116,14889,579,15450,4486,8344,3611,9489,9489,9566,7566,7083,6212,9819,8385,4896,18797,14907,16363,8700,21775,6095,8587,5395,8776,7514,10771,5774,6756,10571,7005,3611,15644,20094,5522,12189,13351,774,14649,13516,13065,5662,5555,5485,13622,11856,19264,8169,16606,9182,8873,10753,5410,5516,16363,8145,8653,15012,3611,16055,8788,17641,4243,6027,14793,15864,3922,9441,7381,14361,6496,7109,6395,5372,9566,10192,8710,9109,5037,5937,259,3112,11320,5149,13075,4933,8700,14888,5921,7861,13033,8700,10771,6763,9566,7002,5588,15064,8313,5515,7739,12189,5795,16363,8700,9310,7006,290,13606,5392,0,7028,5241,15229,9851,9284,7982,8722,8773,12049,6009,6756,5775,12348,13557,14699,7275,5394,10238,10753,7567,7818,5366,2549,7202,17141,5885,20280,13442,11604,7731,3191,3175,6280,2831,9862,3351,198,10179,5898,9432,15925,24250,8722,16363,7731,3686,17141,4595,13606,7318,3922,15239,12127,9365,18231,9374,7205,8670,5531,15135,10870,13648,13033,4789,7484,14080,5589,6914,5578,5163,8732,6524,6210,3082,5951,7254,3948,13483
31221,10712,10817,6946,17607,13674,3819,5554,12323,973,10778,15179,16515,12582,9772,4362,15658,13488,3030,16492,7442,5204,22381,10423,17034,16759,11780,3030,7971,17758,13171,16386,4575,7059,3241,2688,5637,12645,10155,17655,10972,2873,4086,14992,4018,8088,12854,5478,13392,12732,3723,11541,16138,15837,5552,12625,13833,6628,3748,3889,6671,11994,5201,6701,15200,11832,6996,10972,3645,3645,3723,12081,3603,5226,18767,7262,3504,16160,6554,15240,13674,17412,2920,6091,12625,13751,16386,15745,3800,13294,16991,12779,10972,15350,19845,2745,17164,12550,6896,5016,5684,11943,13971,12901,4024,12273,10733,16151,4291,15483,4107,3030,18437,9926,10032,15240,15992,3241,6312,10972,14932,2945,15350,2899,5484,6099,5871,11268,6264,13256,13336,13065,12780,5402,12602,3723,15053,3629,3265,13483,12505,6870,10472,16295,4058,11952,3916,13674,6223,13874,16626,11910,13674,15745,265,3723,3691,12156,14943,6965,12861,12714,17164,15034,15240,13674,18886,13575,6935,12483,12738,6800,0,13971,17277,18910,17542,4007,13696,5460,10927,3170,265,12466,11225,5251,20097,7713,6701,17109,20922,4119,6471,6673,4807,4988,15422,15467,20032,5484,16579,12705,10848,10863,10795,4325,17398,10697,6584,16664,5017,18975,14802,22414,13696,15240,12705,5350,16857,11756,12483,4605,11268,21840,11005,16378,13249,18081,16078,6190,12877,14873,9747,17277,11910,9304,5399,12957,12158,11429,10093,3083,13707,11039,13637,10957,12641,16126,11294,22316
39917,3193,2517,15674,11923,2787,4846,14093,8179,16630,2219,25028,12448,8438,8733,5465,7233,9374,16064,12015,5681,5429,15087,2737,5358,12469,19853,16064,19177,25076,2022,2807,15150,14091,15843,4759,18117,1569,19116,11642,2913,5118,13468,18581,15518,16631,2626,7505,2504,2412,16757,1663,20054,4161,14592,5837,138,16043,12031,6176,16042,16183,15499,5784,21334,1192,14001,2913,16888,16679,14754,11042,6439,3944,13097,15229,13477,22800,19442,16840,2787,24877,5711,6582,5837,2863,2807,4070,4635,9181,12148,10283,2913,19720,27877,5224,5488,20058,5979,15367,18215,18255,493,1228,4137,20101,18136,23356,7494,15691,14089,16064,14031,8662,8993,14173,11423,16052,17096,2913,17888,15979,20037,4129,3492,15531,16365,2043,7796,9585,16607,8921,10387,4029,5739,15015,10539,9534,16508,387,8361,5080,2414,4619,12549,15384,3708,2844,15379,751,3154,17851,2844,4070,14164,16966,6250,8012,21034,15552,1302,2603,5488,1088,15334,2844,11861,9431,5604,17795,1662,5340,14428,0,18605,12403,11712,7456,2866,7410,19031,5410,14157,9026,19111,15494,13651,12790,13648,12790,13305,6702,13324,13619,7490,5449,10440,1178,28080,17907,4903,2594,3161,3177,9756,11198,12414,3178,5426,12730,3738,11984,18029,27328,2866,17300,2594,12297,10440,969,15858,5929,1663,13355,16421,11793,22103,11802,2498,6629,1204,20881,16869,16645,17272,8265,5509,18793,8014,10390,9054,4618,2877,10000,836,3288,9202,2547,2069,15245
31307,15058,17554,13674,25159,20321,9120,13757,20394,15991,14960,4594,23675,18785,15435,9277,24295,19911,15426,25426,14958,14702,27198,14877,21505,23965,5805,15426,6702,17276,17695,18501,4621,12589,15205,8361,798,16778,6934,22816,15023,8296,4134,1663,2725,13636,19486,9154,20142,21639,16119,14926,2374,20849,5301,20048,16999,5530,14322,8456,5629,4557,5346,17382,2001,16194,13725,15147,16041,16041,16119,17130,8034,14132,23732,12326,15671,2396,1082,4147,19708,14048,7986,13783,18570,19362,16971,21087,9199,22171,24408,21338,14693,2151,14718,8155,19052,6576,17576,5165,283,4262,18997,16425,9575,4851,6110,2387,7876,4390,2949,15426,27766,18704,15358,4147,23094,15205,5593,14082,3839,15341,2151,8770,14624,5095,5588,14988,9865,20071,5818,21738,19496,15775,18024,16119,21746,4643,15661,18936,21203,15396,16357,19058,14631,4516,9640,20394,5588,19069,21022,4474,20148,21028,17252,16119,8238,21024,2232,13694,17904,22491,21179,19081,4147,21991,26479,18995,17615,4131,14638,13817,16981,16881,0,26303,24840,7620,19934,9201,6572,8341,17252,17127,7144,5444,26920,13330,15277,26156,25720,8312,13874,13518,15487,9862,25602,18826,14856,726,18798,19663,21570,21586,18022,15005,26771,15105,15187,25717,13964,24005,3709,17486,19516,4147,21535,14712,25487,18233,4131,9251,14808,26659,5753,23069,2381,25425,19266,15314,18032,1205,6345,0,4474,15283,14927,3605,18958,17364,16938,8683,21243,16886,17357,21553,18885,19183,15052,29813
32881,10687,10792,18960,1499,14038,18875,15519,6628,19512,10753,28482,2498,6159,9220,20006,27369,4946,21205,802,9611,20238,7203,10097,17398,2519,23603,19632,30210,26641,13146,15372,25475,19380,19490,16266,26316,12620,20406,1058,10947,16962,22543,24550,22330,15399,13218,23083,13756,13096,22540,11516,28597,16201,24285,10509,12423,28392,15095,20762,25796,20796,26205,10042,27381,11807,17134,10947,21154,22092,20716,11703,20967,18134,164,21941,15387,26621,27622,21270,14038,29460,19615,19978,10509,14115,15366,16110,16829,4899,1740,5650,10947,27390,26774,18771,17528,23786,10237,25984,26009,23379,14336,12876,17907,22247,21909,26959,22599,24423,24816,21492,1867,7529,9479,20431,3872,20605,25287,10947,23201,19367,25242,16816,17538,27674,27170,11243,23684,3971,22291,6134,5754,16605,10485,20980,2876,24093,18598,13847,5540,9338,10447,16659,14332,22708,15528,14038,27730,14238,16991,21008,14038,16110,18796,22332,20765,5559,24364,17168,12836,13078,17528,15398,22944,14038,1927,6155,9862,23493,12713,9598,17157,12561,23865,0,1463,20339,14060,22957,22873,19335,16924,7271,23113,23814,7058,15024,11731,427,1867,19549,16075,11702,13464,18331,30021,13206,29709,26019,16943,13069,10331,10316,10417,12981,976,10672,9684,618,17767,546,22017,28021,14060,21448,13069,13661,30021,11731,23183,20730,11243,7058,22112,1038,27530,926,13657,22102,12852,27150,20032,23731,23017,8751,18507,21862,5792,6974,9714,18030,14071,10660,14001,10223,7447,13563,11269,7058
31971,9991,10097,17475,1288,13343,16102,15615,5806,18144,10058,29903,1094,6242,8524,17152,18808,4250,17929,632,8915,19201,7035,9703,16703,1115,20072,18319,26235,27956,12450,16055,21901,16233,20027,15167,24867,11925,21014,989,10251,15876,23491,23203,21054,14577,12523,21983,13061,12401,19146,10821,27111,15506,23093,9813,11728,24564,13327,17791,24603,19444,22588,9347,23492,11111,15785,10251,17906,18766,19410,8486,17952,17132,1273,20469,13225,27854,26170,19930,13343,25442,18412,21009,9813,13419,16055,15414,15807,4204,886,4828,10251,23500,28107,15936,16832,20239,9541,22381,22274,19860,12288,12181,16801,20899,20425,28225,21418,22952,23419,18186,2749,6834,7252,21049,2469,19150,24098,10251,21875,18054,26331,14159,16565,23903,25865,10547,20531,3275,20806,6271,4932,15709,9790,21685,2022,22754,17296,13152,5676,8643,9752,15964,13637,21221,14513,13343,26421,13543,16295,21665,13343,15414,17433,20914,19596,5696,23013,17436,12140,12383,16832,14703,19470,13343,1953,5459,9167,22005,12017,8902,15916,11866,22537,1305,0,19253,13365,21860,19408,16471,15688,6576,21629,22630,6890,14202,10909,1362,2749,18498,14727,10880,12768,17375,21460,12510,25684,24569,16247,12374,9636,9620,7200,12285,1858,9977,8988,1024,16749,1428,22782,26790,13365,20103,12374,11959,21460,11035,19684,17813,10547,6890,20626,690,28853,577,15746,19143,12156,25663,18689,22406,21530,8056,19374,20511,5641,5571,6495,15287,13376,7444,13306,9527,6751,15795,10573,6890
36251,7032,7695,9888,20995,13554,2612,8839,15686,3799,6745,17715,18498,15895,14126,2162,16659,15675,5706,19845,7384,2731,25496,7390,8851,20575,14897,5839,5710,22108,6312,6374,3524,9439,6123,3091,6954,6325,16315,21112,6267,2552,3675,9465,4902,16043,13518,1624,9717,9878,5565,6291,15160,13406,3799,9425,7555,4812,7993,1306,4793,9380,3421,7284,15040,7387,9691,5478,4803,4501,5618,14788,1021,3889,20218,7052,6510,14221,7662,7743,9742,21678,1925,2798,9716,9559,6488,15067,2821,17776,20570,18379,5560,15770,24652,2508,8452,16582,7593,3405,7345,9527,7637,6824,3319,15892,13868,16321,299,7486,4714,5826,23702,15876,14409,7022,18102,6084,4400,6671,7282,5815,14474,3850,4381,4528,3911,6413,2412,18022,15162,16787,18580,3935,9354,5679,18364,3045,5385,7766,16664,8002,7009,8217,8409,8493,3772,13696,4302,7519,8374,9215,13431,13431,3948,4839,1206,16654,13665,9790,6730,14211,8643,7414,8235,9942,20102,17114,6942,8882,5834,7982,4007,7456,7620,22417,21220,0,9830,1645,14315,2122,3984,16699,14211,3388,23016,14572,15184,22466,24298,855,9751,13753,6857,2552,18123,7213,22523,6924,7937,13236,5495,5763,17542,7194,22428,6998,8106,21946,3938,22376,8552,27339,9535,8154,9902,7554,17826,7543,8744,1880,6194,25043,15008,21619,15911,21682,6899,2880,6830,9909,15866,7398,8627,15261,2831,9629,14934,16022,17138,3012,9335,14805,7624,5890,16791,6884,6535,23186
41307,7378,3969,18167,11348,231,7219,15784,7318,15310,4118,25661,12599,7577,9068,7778,6849,7957,16842,12167,6668,7627,18162,4754,4973,12621,20489,17300,22659,27322,3705,3773,18684,18142,15759,7182,21535,3586,21751,11794,4931,7537,18373,23716,17238,15312,1218,9745,378,1096,16194,3680,25347,3777,17788,5826,2344,21199,10712,8536,21194,18849,17259,6772,22231,3209,17951,4931,16162,15214,18117,11377,8820,6149,12522,16690,12158,26058,22869,20022,231,27179,8124,8676,5826,307,3773,3685,7015,9580,12299,9259,4931,22544,30337,7645,5103,22789,6966,18894,19586,19244,2482,3200,6514,20838,20824,26594,9849,18659,17262,15577,13456,9170,9327,17081,11187,15061,18700,4931,19274,17038,22877,6541,5660,18730,18037,4060,9947,9486,19090,8059,9260,6194,5803,16682,10690,17439,15994,2019,7500,6068,4431,4235,11021,18141,6114,231,20464,2385,4064,18899,231,3685,12636,15600,8624,7151,21922,18058,3274,1078,5103,2421,19990,231,12013,8569,6592,18912,3679,6327,12900,2482,21970,12555,11864,9830,0,9647,21758,7816,12629,9535,19845,17252,18017,14932,12119,12942,13456,9051,15489,12091,10152,7681,10055,2853,30542,21313,4518,1069,7061,7045,10091,9670,12565,7364,6413,12882,5994,12135,19212,32432,0,18553,1069,10769,10055,2986,18619,8217,3680,18017,20834,11944,25001,11954,3464,8709,3175,24077,19266,21722,20318,8600,7677,19773,7152,10725,9388,7037,10,10335,2148,6952,9711,3513,4086,18017
38349,7382,7981,16661,21509,13342,2843,13618,16275,5309,7053,18106,19175,16446,15342,2026,14775,16148,7335,20423,8130,2026,23419,7862,8452,19317,18803,7477,6315,26765,6149,5951,4880,16034,7757,3856,8510,6447,16945,21654,6811,3298,5155,14651,6477,17777,13585,100,9436,9794,7210,6494,17466,9779,4883,9585,7505,5729,9285,1747,5684,16071,4560,8211,15783,7523,14854,5827,6432,6145,7262,16076,1893,3498,20714,8690,7732,17956,9171,9388,9595,26292,2813,1390,9859,9451,6040,9978,3061,16647,19215,19274,6044,16456,24542,3324,8054,17210,8444,4609,8931,14782,7539,6715,3469,16595,16004,16881,1357,9121,6266,7461,24164,16915,15679,8666,18823,7695,5327,7185,8883,7447,16614,4531,3988,5578,4890,6629,804,16930,17529,17255,19479,3458,9537,7320,20886,4572,6992,7726,17249,8768,7409,7719,9658,13411,4024,14881,5239,7361,7936,14368,13244,9750,5380,6484,1875,15681,17433,16516,6650,15614,8263,7214,9878,9789,22594,16205,7833,15354,5999,8773,5460,7410,9201,20829,19833,1645,9647,0,16470,2798,5399,17837,18043,4500,23345,17846,15229,23053,24749,1357,16384,16818,7815,1968,16105,7020,27222,8494,7415,9947,6225,6616,18972,8311,22853,7329,8921,20439,3674,22869,13492,26977,9376,9799,9851,8821,17398,7624,15150,1527,6406,25404,15761,20144,19831,20213,6431,1443,6745,16806,16531,8978,14979,16591,2006,16445,17081,18896,18388,3610,9182,16135,7484,6773,17942,6439,6765,23522
24381,16510,15619,8493,19991,19952,16291,8576,18321,10810,15101,6291,18278,16918,15271,15469,21584,17771,10245,21869,12941,18288,26624,14403,22129,20467,631,10245,17147,11227,17118,18222,8980,7407,10024,9987,5908,15862,891,19904,15112,14910,8334,5663,6896,11301,20546,16455,22265,21167,10937,15466,6808,20949,9922,17382,19125,15247,9140,14705,15383,2664,9825,12200,5871,16296,8544,16039,10860,10860,10937,17580,14238,18272,20626,7145,10490,6831,6257,5911,21452,7998,14931,17629,17690,19090,20285,21136,16251,17773,19192,16259,13935,6021,11238,13361,21755,1402,12395,9608,5293,2382,19442,17184,14983,1654,979,6821,14709,6154,7210,10245,22062,14230,15530,5911,19544,10024,15188,15383,5603,10160,6021,13232,16844,9941,14971,17021,19294,17552,1213,17788,16342,16822,17196,10937,18773,8536,10480,17427,17123,12368,16196,20012,9450,2623,14713,22003,15142,17859,19861,2581,19765,21233,10968,10937,15892,16882,5614,8513,18735,19592,19806,19820,5911,21666,21161,16477,12434,3154,15472,12299,11800,17267,7948,20753,21390,15777,19741,18153,0,15331,10962,13958,303,9922,23793,11495,12200,20516,22538,16359,8018,12171,10306,17968,22528,19640,11238,5722,21913,19130,16389,16405,14390,9823,21412,16618,12082,20207,16266,23141,5473,10472,19363,5911,20974,9531,24873,18372,3154,15722,16958,25982,1620,22035,6815,21992,20723,19572,17078,5543,1164,7948,2581,14803,18568,3628,18546,13727,13417,15162,21132,16538,19665,16372,15335,20602,15423,23886
38948,4910,5574,9089,17910,8214,781,7795,8642,3188,4624,17116,15739,8782,8802,1201,9429,9728,5579,18807,5381,2034,20325,5282,6974,17525,14572,5808,7745,21922,4349,4593,5077,8723,6026,1062,7809,4237,15738,16358,4171,499,4982,13237,5802,9425,8118,2857,7754,7824,5793,4184,14606,8202,5632,7312,5510,6718,6606,1062,6715,9227,5233,5415,14249,5286,8890,3357,4743,4758,5913,9350,1119,2343,17423,6964,5017,16702,8640,7876,7713,23762,361,3019,7605,7516,4722,8400,895,14695,15876,13958,3447,16325,24436,537,6583,16244,5660,5156,8058,9434,5611,4818,1362,15787,13319,15720,2238,7850,5716,5760,18702,8873,9051,7058,16924,5781,6314,4569,7916,5714,15043,1781,2747,6349,5813,4302,3530,14952,13292,9389,15588,2475,7239,6038,15583,4313,5097,5713,9313,6013,4890,6427,6941,8400,1703,8315,6214,5524,6534,9120,8115,8250,3051,5117,1000,9311,14151,8989,4712,8662,6757,5442,8213,7914,17297,9645,5041,8883,3740,6009,3170,5410,8341,17543,18154,2122,7816,2798,13910,0,3033,9477,15278,5224,20208,9489,8718,17594,19242,1562,8781,8751,5016,1820,15207,5243,22339,7721,6176,7936,3471,3826,13511,5536,17543,4877,6149,18870,2248,17501,8732,27025,7514,8271,7837,6126,13553,5454,8706,1526,4086,19914,9921,16825,16768,16883,5132,3117,4812,15155,13832,8131,8573,8584,2230,9642,9176,13474,9830,895,7313,9394,5618,3979,9545,5098,4422,20378
31359,10440,10546,6674,15734,13403,3660,5283,12052,1244,10507,15502,14764,12311,9501,4231,15334,13022,3301,17928,7171,5067,22110,10152,16763,14984,11508,3301,8102,17975,12900,16115,4723,6788,3512,2501,5859,12374,9884,15781,10701,2714,4251,14721,4226,7817,12583,5421,13121,12461,3994,11270,15867,15566,5685,12354,13699,6770,3477,3795,6810,11723,5328,6430,14929,11561,6725,10701,3917,3917,3994,11810,3526,5044,16794,6991,3233,15889,6776,14969,13403,19437,2799,5984,12354,13480,16115,15474,3632,12829,15183,12508,10701,15079,20083,2590,16893,12279,6625,5148,5908,11672,13700,12630,3840,12002,10462,15879,4263,15212,4309,3301,20059,9655,9760,14969,14294,3512,6447,10701,14661,3216,15079,2685,5292,6247,5999,10997,6201,12985,12967,12794,12509,5222,12331,3994,16337,3774,3536,13212,13018,6599,10201,16024,3787,11681,3716,13403,6357,13603,16355,11639,13403,15474,0,3994,3603,11885,14672,6694,12590,12443,16893,14763,14969,13403,18617,13304,6664,12212,12466,6529,265,13837,17006,18653,17291,3984,13425,5399,10656,3033,0,12195,10954,5375,19855,7442,6430,16879,18745,4050,6200,6402,4536,4853,15130,15196,20272,5707,16307,12434,10577,10592,10524,4053,18906,10426,6312,18112,4829,18713,14531,20543,13425,14969,12434,4679,16534,11484,12212,4492,10997,19573,10734,17795,14920,17827,15806,6084,12605,14602,9476,17006,11639,9033,5263,12686,11887,11158,9822,2901,13436,10768,13366,10686,12370,15855,11023,20006
28758,6627,6732,13631,6282,10447,9412,12240,3645,15030,6694,23827,5341,3904,2409,14974,15682,4364,14464,6244,5610,15592,13021,6339,13806,5386,16135,14464,21564,22406,9086,13159,18829,13772,14243,8420,17217,8561,15051,6616,6887,8985,16411,19512,17540,6606,9626,17939,10164,9504,15277,7457,19090,12609,20244,6449,8364,19801,10431,15366,21885,13933,17891,5996,19816,7747,13682,6887,15079,15029,14122,4411,15394,9474,7456,13975,11877,21783,18376,14456,10447,20344,9566,15840,6449,10523,13159,12518,9204,4171,6491,2261,6887,19826,20488,8993,13936,14811,6190,19460,16879,14349,8924,8817,8879,15423,17446,20097,15402,15381,16148,14464,8391,1271,2668,15057,3749,14243,19376,6887,18156,14379,20256,7705,9214,19102,18779,7183,17046,4308,14779,4387,2262,9643,6425,14383,4589,17450,14699,10255,3827,5292,6388,13068,10740,15151,8317,10447,21223,9182,13399,15589,10447,12518,12355,15200,13858,3478,17499,13651,8776,9487,13936,9057,15398,10447,6947,4897,5844,14454,8653,5551,12619,8502,18877,7489,5830,15151,10469,16184,15384,9477,12348,0,14164,19783,12876,6688,9239,7876,8391,14606,13156,9210,9872,14021,18888,9146,22786,18669,13351,9478,6763,6779,3125,9389,7499,6613,5637,7816,9169,7070,16721,21999,10469,16105,9478,10488,18888,7671,14173,14235,7183,12876,13242,6302,20666,6189,12850,15945,8792,19590,13260,18749,15458,1941,14357,14999,3480,2915,2137,8623,10479,3369,10410,6631,175,12899,7209,12876
22284,15063,15714,8450,20198,22113,14744,8532,18501,10767,16726,6078,18495,18826,15228,15415,21702,19781,10201,22112,12897,18230,26865,14500,20150,18786,527,10201,15331,10921,18915,20118,8842,7364,9981,9971,5722,15919,943,20113,15190,14871,8199,5619,6752,12050,20686,16354,22369,21290,10894,15526,6765,23193,9775,19293,17427,13618,9097,16128,15146,2621,9684,12157,5827,18050,8500,16087,10817,10817,10894,17172,15608,16561,22972,7101,10447,6788,6055,5867,21568,7693,13493,19347,17816,19195,20320,21233,16217,19792,21383,16468,13985,5977,10932,13323,21829,1298,12351,9468,5103,1724,17712,17240,14965,1572,936,6778,14604,6111,7066,10201,24558,14420,15487,5867,17949,9981,14959,15472,5560,10116,5977,13234,18557,9781,14754,17090,17403,17742,910,17956,18245,16803,19088,10894,20921,8416,10436,17506,19063,12325,16290,22119,9406,2579,16212,22128,14915,17927,21960,2537,21907,21323,12028,10894,15812,18801,5571,8469,17055,19720,19877,18046,5867,21784,21370,18367,12390,3110,17104,12256,11757,17339,7904,20970,19624,15663,21872,16371,303,13862,12028,15611,0,9782,26468,12243,12157,20736,25085,16265,7975,12128,10262,17909,22658,17879,10932,5538,19933,21212,16345,16361,15138,9780,23831,15159,12039,20424,16253,23377,5429,10167,19464,5867,21100,9487,25010,16751,3110,15656,15443,26224,1577,20207,6772,22230,18840,17682,17136,5500,1121,7904,2537,14760,16793,3584,18737,13951,13635,13734,19271,16130,19742,16328,15564,18731,17071,26572
35202,9903,14026,9872,22575,17772,5879,9332,17777,4858,9669,9556,23982,18003,18324,5544,19391,19256,5326,23216,9754,6099,26814,13388,17750,24207,14926,5268,2734,22258,9568,9723,947,9332,5580,5924,4657,9417,15176,22647,8977,5510,1612,7378,3034,17864,19332,4420,17174,17234,4652,9325,8084,17757,413,16397,14190,1506,9143,4664,1516,8374,100,9362,8280,15213,9697,8436,4635,3961,4578,18861,4302,7263,26107,6283,8020,8329,5080,6495,17110,21686,4913,5883,18508,16838,9842,19862,6063,21652,24346,19783,8387,8858,20459,5410,15581,13650,9780,316,5220,8413,14333,14647,6560,9626,9786,8772,3496,5905,2722,5315,27610,19155,18502,6059,21310,5875,1120,9390,5294,5363,8903,6648,7748,1142,633,9430,4947,21812,9607,18877,19955,7318,16279,4512,21750,1696,5354,15929,18646,13632,9832,16875,9654,7500,6923,19730,1021,15677,17078,8138,17636,19628,5288,4112,4519,18587,8425,9785,9935,20177,17439,15556,7163,17375,23692,20785,9111,7691,8916,14942,5251,14058,5444,26247,24941,3388,19015,4500,9922,5224,5375,17949,9782,0,29372,17740,15779,26237,28212,4243,14626,15627,8914,5930,22823,15265,22697,4725,16478,17369,8040,8107,18178,8889,26396,9890,15052,23346,7289,26265,7115,25311,18571,6871,18997,8825,22558,14058,7629,5261,9225,29053,9538,25409,9624,23093,14957,5941,14637,7871,13457,5233,7552,18051,6179,8338,20307,18628,20006,6010,18279,18781,15813,8170,18009,13543,9535,29549
38476,15111,17182,20251,10018,19948,19711,20489,13339,22750,14099,34779,7398,13776,16241,20689,28036,13213,22276,6485,13838,22920,188,13291,14764,7419,24447,22671,30223,29502,15376,16085,28652,20644,22538,18984,29665,16327,25825,7755,14801,21664,25456,27624,25314,14458,19127,25862,19665,19005,23479,14770,29021,29958,27133,16899,13536,31536,16767,23647,31570,26304,29337,14643,30768,14758,20187,17384,22196,25385,26170,12794,21681,18847,7047,25320,16982,29696,28106,26828,19948,32642,22587,22357,16899,20024,17691,29608,19415,11512,7874,12361,15673,27920,32653,21754,15203,27126,13996,26427,29373,24281,14944,14604,18806,27882,22921,30033,25521,27800,28092,22539,8985,14550,12250,23495,7825,23964,28128,15712,28937,22406,28311,19815,18267,27977,27485,14596,23935,10583,25650,13804,12465,18974,16875,24009,10144,24748,23833,13241,13210,16359,13746,14527,16132,26097,19961,19948,30860,15301,15503,24080,19948,29608,22027,25641,21481,13229,30239,20219,14652,18988,14886,14138,26332,19948,11126,12768,14831,26881,16990,13337,22150,15045,29671,7086,7215,25367,19970,25730,26224,22273,21883,14292,24014,26649,0,14918,14989,6897,8985,22168,19126,14047,15196,20793,30687,15827,29805,29371,14913,18979,16009,15961,11162,17393,8479,13756,13310,6892,20438,8920,27655,30777,19970,27027,18979,16723,30687,14626,26571,23516,16413,0,23112,7339,33726,7227,17303,22422,16023,27708,23064,29519,23958,15772,23056,24932,13174,10989,11735,19031,19980,11752,13700,15911,14468,15621,14422,0
27004,14112,14217,6577,14782,17075,9750,6038,14120,11020,14179,18709,9362,14557,7999,15420,15962,13994,10454,15725,10773,16392,16858,13824,15694,9407,12904,10454,19537,15009,16571,15162,15000,7504,10234,8491,15078,16046,11280,15352,14372,9006,15632,14700,9907,2556,16254,17909,15194,16132,11147,14942,14605,14482,18070,15771,17234,19480,6383,13894,19572,13118,17640,10032,14761,15232,6628,14372,11070,11070,11147,7281,13707,13802,15956,9208,8658,16820,14710,16364,17075,15019,9425,16452,15771,17151,13898,14594,9595,13801,15857,13142,14372,13268,16720,8951,14091,13674,10227,17334,9943,13067,17372,16302,9460,13397,11601,15512,14914,16608,13440,10454,16890,8695,6737,16364,8884,10234,17353,14372,16057,10369,15062,7989,15103,18659,18580,14668,18965,13073,14363,14585,13247,15499,15747,11147,16330,15266,10690,16883,13991,10200,13873,14633,5828,13077,8980,17075,17253,17274,15774,13034,17075,14844,10467,11147,13710,14010,16068,6597,16261,16115,15470,18435,16364,17075,15447,15372,10266,13607,16138,10131,10732,17372,14691,15989,15421,16061,17097,16192,12051,9489,10461,8004,12349,16095,16442,0,6215,16375,15056,14416,6102,5890,8138,16156,15121,18867,16925,13385,16177,16106,14248,14264,5215,7655,15999,14098,9914,16316,13389,15569,15926,16741,17097,16364,16106,7391,16850,15156,13607,14545,14668,16210,11872,15502,17564,15511,15518,16577,16277,14638,10871,14642,13034,7165,15125,14081,13955,6964,6222,8835,17107,6239,17038,14357,8179,13948,14694,15004
28957,10635,10740,8520,11305,13597,8888,7129,10643,9666,10701,18007,12291,11079,8328,9733,18832,10517,9100,12247,6487,13685,15376,10346,16957,12335,13129,9100,21291,18430,13094,16309,16271,8408,8880,7681,15519,12568,11505,11874,10895,8223,15424,15635,9942,5048,12777,16861,13315,12655,9793,11464,17118,15760,17776,12548,13756,17480,3592,9761,17553,13343,17303,5747,14379,11755,8571,10895,9716,9716,9793,9774,9667,9415,12479,8611,5180,16200,15183,16589,13597,16703,8701,15316,12548,13674,16309,15668,8715,10323,13230,9665,10895,15807,18618,8186,17087,13899,5941,17013,15043,13292,13894,12824,8526,13622,12083,16503,15533,16833,13448,9100,13413,9272,8587,16589,10805,8880,17115,10895,13233,9015,16240,7104,9294,18458,16575,11191,16209,10197,14588,11108,9769,9607,12525,9793,12852,14943,9336,13406,10513,5915,10395,16218,5375,13302,8015,13597,18743,13797,16549,13260,13597,15668,6990,9793,9643,10532,15296,8540,12784,12637,17087,14957,16589,13597,11969,11894,5980,13833,12661,5845,7254,13894,13861,12511,11944,13776,13619,16785,12276,8718,6983,9014,12575,17391,13600,5242,0,12898,13413,13492,8045,603,4660,13493,14657,15390,17078,15200,16502,12628,10771,10786,7907,4178,12521,10620,5629,12838,9100,12092,16151,20417,13619,16589,12628,3913,14834,11679,13833,14847,11191,13372,12354,12024,18761,12034,16001,17013,12800,14208,11096,13778,13260,7860,13930,14306,10478,10774,8648,7991,13630,8731,13560,10880,9189,16049,11217,13700
32475,11080,11185,16972,1892,14431,18956,15320,6659,19459,11146,31180,2529,7096,9612,18237,27762,5339,21082,613,10004,18471,7014,10490,17791,2550,21172,19517,30207,29019,14586,14125,23086,19141,19367,16304,26188,13013,20158,1096,11340,18744,24802,24377,24527,15430,13611,21030,14149,13489,22424,11909,25766,16594,26751,10902,12816,25743,14922,20833,28416,22698,23765,10435,24652,12200,18636,11340,19107,19966,20610,9592,21024,16574,388,19760,15280,29141,24941,21112,14431,29124,19661,22151,10902,14508,15568,16503,16903,5292,1772,5681,11340,27166,26460,17071,17921,23517,10630,23560,23469,21008,14729,13269,17998,22019,19644,29505,20556,22013,22447,19385,2260,7922,9872,20287,3574,18572,27857,11340,23069,19252,25040,15295,17683,27649,24643,11636,23798,4364,19994,6527,5785,18441,10878,20874,2908,24061,18496,14240,5933,9731,10840,17052,14725,22508,17200,14431,27718,14631,17384,20812,14431,16503,17008,22237,18897,5952,26637,16940,13229,13471,17921,15791,20644,14431,2320,6548,10255,21129,13106,9991,18857,12954,23731,427,1495,20384,14453,20916,22612,19392,18604,7664,22855,23805,6869,15055,11762,0,2260,21615,17466,11733,13856,20318,30414,13599,29362,23489,14659,13462,10724,10709,8306,13374,1369,11065,10077,534,16236,939,21844,27686,14453,23455,13462,13522,30414,12124,22979,18895,11636,6869,21859,1070,27328,957,13853,20175,13245,26948,21810,26013,22816,9144,20524,21661,6185,6676,7601,18086,14464,8550,14394,10616,7840,15162,11662,6869
33898,11470,11575,20938,2282,14822,18783,17346,8013,19527,11536,33412,3807,6942,10003,19786,28152,5729,23249,2341,10394,19942,8883,10880,18181,3828,25561,21487,29184,28263,14578,15358,27462,19394,23527,19828,28360,15355,24440,2118,15198,20583,24358,26395,26641,16708,14001,22572,14539,13879,22304,15279,30626,16984,26074,11292,13207,30366,17135,20514,27585,22621,28173,13500,26677,12590,20869,14824,21040,21886,24875,12486,20720,19850,1568,21761,15812,31369,29668,25484,14822,31271,19512,23731,11292,14898,16904,16893,20376,5682,3049,6959,14689,26675,28388,20666,18311,23355,11020,27957,28055,23036,15119,13808,19718,26500,23880,28795,22198,24013,24353,23536,17614,8312,10262,22286,5181,22650,29839,14599,27617,21222,27067,18717,19229,26907,29135,15082,25437,4754,22019,6917,7063,18148,11268,22834,4315,23665,20451,14630,6323,10121,11231,13939,16429,24737,18938,14822,29698,15021,13470,25171,14822,16893,18875,24367,22625,6342,26194,20903,15258,13861,18311,14765,24977,14822,2710,6938,15108,25518,15998,10381,18982,13345,28348,1600,2772,22046,14843,22455,24840,21208,20660,8055,22760,25597,8738,13661,13040,1987,0,21227,19698,13011,15497,19926,30804,14998,28568,28064,14312,13853,16495,14884,11200,14605,917,11455,10467,1927,19500,1181,23862,29559,14843,25676,13853,17101,30804,12514,25209,20438,13980,8738,21858,2347,29355,2235,16547,23808,15137,26472,21808,28201,25045,9535,20076,26108,6575,8283,10497,18060,14854,11444,14785,16337,8230,14928,14886,8738
36628,6404,7047,14727,20112,9469,1871,8940,13448,3990,6099,17033,19601,13625,15083,1317,14068,16390,6123,21040,6942,1888,24546,6814,8029,19774,17034,6291,6518,22732,5524,5542,4358,9678,6557,2617,7675,5613,15290,20240,5717,2051,4468,14760,5616,15830,9498,1390,8918,9123,6096,5605,14661,9318,4654,8740,6801,5660,7931,539,5638,9824,4277,6947,15967,6686,9898,4838,5226,5022,6171,15863,537,3046,21415,7500,6386,16697,8415,8268,8971,22324,1498,2149,9026,8797,5653,9518,2091,16911,17896,17657,4977,15123,22988,2051,7629,15610,7210,4258,8034,9992,6871,6051,2575,15052,14342,15733,801,8080,5451,6266,22803,13810,15432,7510,19185,6446,5247,6109,7949,6243,15308,3342,3541,5383,4761,5732,2153,17184,15718,14407,16205,3085,8676,6252,19410,3819,5740,7015,14337,7573,6401,7380,8310,8951,3072,9580,5149,6738,7545,9677,9381,9329,4034,5373,565,15809,15951,14582,5964,14584,7824,6624,8715,9170,21245,16321,6581,9374,5132,7567,4119,6702,8312,21546,20388,855,9051,1357,14842,1562,4050,16098,14757,4243,24433,15888,14870,19611,23395,0,9888,14887,6538,1701,15399,6424,23149,7631,7097,9255,5032,5373,15528,6987,21513,6363,7705,21091,3112,21487,9098,25400,8761,8678,9156,7470,15118,6826,9222,1030,5510,21873,15554,20765,16826,20833,6063,2242,6063,13961,14867,8092,9099,13399,2000,13405,15611,15528,16600,2442,8562,15912,6848,5519,14696,6051,5860,24623
23767,11705,11810,1059,15295,15637,9279,1276,13316,7472,11771,9522,13599,13575,9416,9975,17209,13996,6907,15172,7575,15710,19481,11417,17738,15309,8165,6907,18102,16309,13491,14713,9116,1993,6686,7988,7362,13638,6540,16765,11965,8377,8453,11377,7355,5887,14218,14888,17659,14890,7599,12534,12523,16765,14837,13364,13392,14561,3641,9626,16160,8379,9944,6835,11585,12825,1110,11965,7522,7522,7599,11010,9366,13738,17576,3807,5500,12545,8058,11625,16755,13081,8598,17195,14637,14829,14885,18659,9188,13803,14499,13144,11965,11735,16320,8278,15816,8935,7029,9723,6895,8328,15084,14779,9229,8658,7118,12536,14647,11868,7644,6907,17390,12751,10465,11625,14285,6686,15797,11965,11317,6822,11735,7757,13849,13816,13938,12261,15928,14249,9624,14058,13249,13999,13340,7599,15518,8374,7142,14789,13993,7003,11466,17848,3436,8337,8887,17226,15708,15388,17609,8295,15451,17078,8733,7599,9439,13149,11328,1079,14584,16706,17459,14128,11625,16945,16468,14568,7068,8868,13731,6933,8462,14685,13662,17717,16231,9751,17071,14865,7312,8781,8733,12494,7610,13270,21080,5698,8524,15847,17872,9888,0,8199,5758,13990,19920,15433,16320,7139,16127,16295,11841,11857,9143,5275,18428,11690,6717,15529,13367,16311,11187,15438,16680,11625,14695,4983,18149,12749,8868,15008,12261,18901,7390,16873,12530,16833,15207,17340,14649,11258,6132,13662,8295,8948,14518,9342,13151,10693,9950,8392,14968,9968,15335,11950,12669,16627,12287,21187
28560,10276,10382,8162,10946,13239,8951,6771,10285,9308,10343,19380,11932,10721,7970,9789,18474,10158,8742,11889,6129,15196,14402,9988,16599,11977,12771,8742,21100,16247,12736,15951,16080,8050,8522,7725,15170,12210,11147,11516,10537,8259,15219,15197,9758,4987,12419,15324,12957,12297,9435,11106,15123,15402,17595,12190,13398,19066,3234,9785,17375,12985,15544,5389,15386,11397,8213,10537,9357,9357,9435,10278,9676,9533,12120,8253,4822,17403,14853,16231,13239,16227,8718,15402,12190,13315,15951,15310,8784,9965,12872,9306,10537,15332,18095,8216,16728,13541,5583,15277,13313,12934,13536,12466,8614,13264,11725,16085,15516,16475,9985,8742,13055,8914,8229,16231,10447,8522,18676,10537,15924,8657,14305,7172,9430,16562,18092,10832,16251,9838,14230,10750,9411,9727,12166,9435,12494,14765,8977,13048,10155,5557,10037,14581,5017,12943,8113,13239,18558,13439,16191,12901,13239,14794,6632,9435,9660,10174,13455,8182,12426,12279,16728,14599,16231,13239,11611,11536,5622,13474,12302,5487,6896,13536,14899,12153,11586,15158,13261,15259,11918,8751,6625,8656,12216,17223,15482,5181,571,12540,13055,13507,7687,0,4302,13587,15155,15032,16605,13473,14638,12270,10413,10428,7846,3819,12163,10262,5271,12480,9219,11734,15793,18060,13261,16231,12270,3555,13906,11320,13474,13534,10832,15234,11996,11666,16591,11675,15642,17110,12441,13798,10738,13443,12901,7501,15469,13948,10119,10416,8290,8046,13272,9236,13202,10521,8831,15691,10859,14146
33466,5576,5866,7187,12341,11147,5134,4483,9796,7273,5642,19117,13592,10055,5439,5984,16382,10766,6707,13160,3047,6579,15424,5167,14507,13613,10736,6707,15416,20779,8035,13859,8298,6015,6487,3961,8961,7510,9112,12787,5821,4517,7827,13948,7645,6120,10327,7873,10865,10205,7400,6405,16188,13310,9241,6828,7313,13680,2760,6074,13729,10950,8874,2306,13804,6696,7238,5821,7322,7322,7400,7747,6026,5692,13515,6218,2730,16921,9878,14196,11147,20574,5041,7815,6828,11224,13859,13218,4957,10573,13292,6756,5821,14046,21015,4495,14636,11506,2501,8702,8843,10899,7872,7765,4766,11229,9690,17409,7069,14440,7778,6707,13517,5592,5698,14196,8245,6487,13239,5821,13889,6622,14396,3348,5617,9821,9544,6132,8532,10729,12195,10538,6758,5888,6805,7400,11683,7348,6942,10956,10762,2475,5322,13768,2982,10908,4262,11147,9912,11347,14099,10866,11147,13218,4597,7400,5976,9629,13447,7207,7725,10187,14636,8005,14196,11147,13006,11048,2540,11439,7602,2405,4861,7451,16233,13548,12857,6857,11169,7815,9883,5016,4590,5374,10181,8914,16749,5745,3953,13934,14060,6538,5400,3924,0,6435,19588,8095,21219,8772,14051,10178,5401,5385,6461,406,13558,5561,2189,13875,5380,13128,13758,23252,11169,14196,10178,1520,19588,6805,11439,6440,6132,16443,9961,12937,18283,12946,13550,7905,7741,14839,8703,16233,10866,4970,6764,11913,9631,7095,5759,4248,11180,6705,11110,5292,5549,13599,6158,15342
41584,5545,6105,15898,18750,8115,1331,9576,9303,4988,5202,19118,18476,9408,13350,631,9208,13660,7338,19795,6538,223,22987,6081,6518,16891,16957,7549,8088,26783,4182,4012,6057,13948,7783,2624,9263,4531,16682,18905,5105,2194,6140,15364,7209,14533,8310,2065,7480,7827,7466,4606,18388,7836,6339,7655,5543,7318,8297,1413,7290,16064,5968,6786,16420,5599,15608,4030,6475,6404,7568,14144,1837,1532,20080,8727,6691,18956,13282,9597,7627,26373,2083,1387,7923,7484,4108,8036,1483,15624,16746,15160,4324,17018,24551,2296,6118,17122,6936,5956,9580,14837,5574,4750,1718,18380,15722,19592,2438,9504,7069,7508,21382,9918,15138,8796,16436,7572,6905,5446,9470,7469,18989,3095,2026,7065,6428,4745,2387,14482,17292,9938,16915,1506,7612,7673,18182,5481,6879,5766,9966,7176,5597,5813,8591,14838,2278,8235,6810,5393,6011,14420,8040,7819,4871,6763,1627,14589,16360,14293,4688,8740,6324,5247,9971,7822,19807,13810,6384,15519,4107,7202,4988,5449,9862,20204,19150,2552,7681,1968,16303,1820,4853,15453,16249,5930,22917,14659,14871,18434,21962,1701,15419,14975,6435,0,14898,5052,24718,9202,5518,7981,4694,5180,16836,7101,20062,5482,7368,17957,1711,20100,13824,29661,7409,14584,7885,7806,9978,5685,15271,671,4524,22591,17115,17663,18851,19548,4508,1474,4782,17532,16236,9645,15081,9865,411,16628,9862,15045,14598,2250,7214,14246,5516,5361,14124,4509,4884,20971
42924,13189,12151,21084,20550,10148,9817,18747,18257,15891,12215,31796,22270,18516,18650,13696,5418,19452,20419,21838,16075,13424,30780,12733,8739,22291,25649,20879,26450,29835,11005,11235,22491,19199,20916,9790,22879,11565,22447,21464,12910,14803,20115,24703,20636,14673,10625,16236,9866,10503,21484,11659,26184,7340,23415,15233,10323,25006,14613,16229,25001,21811,22831,16179,27947,11188,18958,12910,19814,20466,19741,20958,15113,8685,29030,21869,13648,26839,26557,23501,10148,29745,14207,16228,15233,10224,11235,6990,9617,19258,21970,18666,12910,25622,30023,14961,8869,23457,16373,20599,25227,22216,10461,10840,9116,26150,21658,27307,18139,24118,20672,20744,28707,18578,18909,20261,23644,18253,22153,12910,22562,20610,28621,9139,8188,24453,21491,12039,18111,19143,24127,18998,18667,8712,15210,19991,22724,19271,17762,10341,18439,15475,12410,8409,15722,23352,8724,10148,24270,10364,8332,24129,10148,6990,16815,18941,16367,18090,25016,19043,10914,10485,8869,10061,21222,10148,21658,19509,15999,24203,11658,15734,16998,10461,23229,29062,21534,16443,10170,17750,24830,13797,16676,18359,24973,20708,30635,16666,13298,29449,28707,16972,18073,13750,19560,13517,0,10494,33297,24985,8692,10477,13158,13173,19672,19077,28201,13174,15820,29389,8552,28643,22334,31781,10170,21681,10477,15669,0,10965,21664,14259,11659,30635,23923,21615,31013,21624,10926,16262,10816,24996,21990,23013,21483,18181,13468,22777,18092,20306,18970,9649,10181,19916,10127,13284,18535,10975,12065,30635
37054,3932,3257,14865,13088,2951,4609,14260,9057,15837,2958,22984,14339,9316,9473,5144,7354,11784,15454,13906,6420,5007,15844,3477,5479,14360,20458,15454,18849,25694,1599,1887,15014,16199,15247,4719,18279,2055,19762,13533,3653,5009,14773,18879,14145,17051,2954,7117,2669,2832,14741,2402,20343,4282,15861,7566,1745,17437,12451,5914,15811,16654,15280,6524,21709,1931,16133,3653,16070,16070,13601,11782,6212,3522,14262,14180,13897,23106,17773,17220,2951,25477,5567,6099,7566,3028,1887,4190,4412,11591,14039,11022,3653,22145,25915,5127,5609,20663,6718,13762,16720,18763,1237,718,3912,18733,18765,21482,7224,15973,15570,15454,15196,9401,9732,14508,12163,15247,16843,3653,16441,15369,20398,4167,3041,15341,14621,2782,7348,11476,18912,9799,11127,3578,7542,13829,12430,9473,15690,1763,9239,5820,3154,4740,12761,17424,3557,2951,16697,1139,2234,18348,2951,4190,14375,16147,6010,8890,21436,16258,792,2814,5609,488,15733,2951,13752,10309,6344,18255,2148,6079,14640,1525,17081,14294,13603,7213,2973,7020,17820,5243,14368,9183,19706,13850,14360,16347,13859,14681,13607,6424,14003,13830,11892,5052,10560,0,26098,18084,5023,2806,3901,3917,10496,11409,14305,3918,6165,14621,3360,13875,18429,27989,2973,17701,2806,12095,10560,1708,17942,5582,2402,14065,16973,13684,22420,13851,1579,6139,694,19270,17454,18556,17736,9005,5066,17490,8892,11130,9794,4519,2984,10740,902,4010,9358,1627,2808,14543
15340,25503,26108,17153,26473,27851,25602,14802,23965,18121,23313,7817,27084,24250,21026,23883,29398,24887,15052,28658,20649,27565,33315,22471,28270,24869,11074,14824,22233,11,25469,26613,21401,16068,14474,21678,16018,26630,10575,26330,21955,21977,18647,14666,16663,15832,29090,27192,31130,29874,15171,23756,15812,28987,22548,27776,28163,20782,15862,25423,20914,13288,20461,19352,14874,24460,17204,25251,16234,16568,16670,18503,22578,27599,26841,15805,17452,15835,15843,14914,30225,6385,21962,25970,28069,27051,26793,32131,23199,24759,25630,22805,24550,15024,0,24035,27968,11844,19862,22264,13732,13104,28485,25479,25841,12804,11378,15825,22911,15158,17051,14857,31047,21228,20546,14582,26513,14698,23013,22142,13594,14890,15024,21687,27889,22287,22988,23716,25706,26929,14631,25029,22839,27867,27571,15083,27802,21061,17214,28212,24297,22557,25181,28297,16065,13247,25540,30682,20874,26097,30984,13205,30491,29298,20219,17776,22777,24024,14618,17173,25296,27321,30872,28924,14914,27593,27549,25830,19698,13778,23815,22352,18175,25477,13479,26955,28307,24824,27711,24699,11268,24621,18392,20673,12387,20593,32850,15356,18823,26641,31487,25514,17353,18301,19252,27243,30210,28764,0,15862,28195,29750,23177,20282,20396,17900,27774,25622,22129,26432,27255,27272,14476,3998,27357,14914,29654,18069,33409,27366,13778,24102,26105,29635,11650,26273,15819,26205,29946,26098,25367,14547,10909,15140,13205,21101,25260,14252,24010,20085,21945,22217,27191,18132,26062,22106,22698,29821,26097,29860
29247,15980,16955,6642,24840,19742,8502,6862,19976,5153,15845,5245,21253,20281,16841,8625,21462,21550,3307,25167,9930,9418,29662,15836,18837,21510,5898,3005,6090,14000,16926,17684,3895,6082,3120,7796,224,16070,6268,24840,9880,7701,3410,2662,2022,15061,18969,8445,21510,21014,2437,15759,3482,22280,4592,17680,16368,4871,7625,7792,4969,4239,4626,9151,3560,15600,6524,9899,3549,3133,2240,15442,7369,13317,23475,3050,7319,3822,1106,2475,19120,14838,7364,9721,19910,20698,17886,22547,8590,21802,24113,19136,9611,4133,15721,7560,18369,5950,9659,4444,499,4162,18293,17365,8981,5143,5795,4266,7176,1627,2232,3105,27476,16723,15236,2643,22851,3719,4912,13543,670,3206,4187,8242,13826,4417,4887,14368,9150,21779,5540,19338,19278,13491,17518,2043,21483,3928,3827,18251,20810,14975,15753,18347,8153,3536,9072,21847,4903,16645,20257,3961,19572,22463,5614,2826,7576,20644,3702,6582,15577,21909,18541,18344,3181,19368,26157,20605,9095,3463,15408,14816,5484,16247,726,23607,22292,6924,19338,8494,5722,7721,5707,16938,5538,4725,26648,14753,13791,25889,25463,7631,7139,14849,8772,9202,22669,16408,14392,0,18076,19108,8865,8599,17964,8215,23997,16025,13422,25440,9947,26157,2725,16775,20852,2700,18982,7556,24853,15942,3496,8583,15625,29078,5516,22812,5102,25148,18454,9804,15696,3149,6122,509,3480,16655,9568,3932,20508,19001,16802,8104,20580,15240,18415,8550,18685,16672,14441,29519
39163,7867,7066,18711,15337,4729,5448,14834,11306,18086,6893,24776,16588,11533,13057,5780,5484,14033,14451,16155,10657,5410,14862,7411,3320,16609,22727,16357,19830,30628,5586,5816,14877,16793,14997,5870,20096,6243,20012,15782,7588,6047,14762,22823,15698,14344,5207,7516,4447,5085,16688,6337,22157,2411,17080,9815,5001,16871,14700,6639,16846,18658,16511,10760,21569,5866,16747,7588,14995,13952,15355,15366,6996,4051,16511,16092,16146,22763,21378,17513,4729,27562,6526,6275,9815,4806,5816,2320,5287,13840,15207,13901,7588,21998,28013,6179,3450,22931,10955,14914,20314,20962,5392,5422,4816,22873,21050,25675,7890,17793,17235,16245,15262,13159,13316,16392,15921,15881,17993,7588,18175,16133,24569,5441,3557,18142,17276,6717,7579,13725,19221,12048,14884,4027,9791,17162,14679,15296,15089,5019,11488,10056,7088,315,15010,19592,4610,4729,16195,5294,2913,18635,4729,2320,16624,15862,6778,11139,23529,16862,5496,5067,3450,4643,17676,4729,16001,12558,10580,18520,6336,10316,16889,5139,20718,16543,15852,7937,4751,7415,19882,6176,16618,12941,21969,14951,16437,14678,16108,13300,15774,7097,17774,13281,14141,5518,8690,5131,31075,19922,0,5058,7835,7851,14989,13658,16554,7852,10402,16870,4008,16124,18626,30103,4751,17968,5058,14344,8690,5643,18241,6140,6337,16121,19036,15933,26741,15942,5507,6290,5397,23284,19535,18542,18054,12588,5410,21452,11141,14713,13377,5594,4762,14323,5057,7944,13116,5556,6743,16642
40252,6869,3457,15805,10839,2088,7395,13657,6808,14801,3359,25292,12090,7036,8559,8017,7763,7448,14959,11658,6159,7948,18661,4013,5887,12111,21907,15377,20752,26607,3887,4092,16994,15822,16988,7215,19320,3489,21040,11285,4190,7616,18362,23306,18855,14802,705,14648,1806,84,15927,3397,22626,4690,17898,5317,2385,19359,10202,8728,21341,20198,17367,6262,24043,2768,15619,4190,15887,15018,17829,10868,8983,6460,12013,16290,11648,23280,22635,17771,2088,29189,8224,9057,5317,2165,4092,4599,7182,9342,10709,9403,4190,24351,26805,7714,6017,20063,6457,17235,19323,18727,2386,3152,6686,22349,20138,23751,13294,18319,18909,16814,12947,8661,8818,16703,11423,16193,20757,4190,20937,16679,22436,6530,5988,20749,18170,3777,13632,9227,18484,7550,9404,6527,5293,16427,10181,15831,15646,1897,6990,5558,3690,5149,10512,19473,6240,2088,18700,2288,5480,20274,2088,4599,12126,15384,8797,6641,23678,17317,3577,9,6017,2373,19497,2088,11504,8060,6083,20324,3582,5818,12391,2523,21672,12045,11354,14589,2110,9947,21084,7936,12120,8443,19245,19143,18516,14423,11610,12432,12947,9255,14785,11581,9643,7981,10969,2806,26992,21060,5432,0,6551,6536,9582,9161,12056,6855,5904,12372,6273,11626,18791,28661,2110,19989,0,10259,10969,2859,19999,8477,3397,18516,20167,11435,27106,11444,3783,9097,3127,21446,18626,19447,17963,8091,8016,21245,6643,10215,8879,7115,2121,9825,2051,6443,8618,3831,3803,18516
32643,999,1811,12539,9885,5163,3437,11148,6226,13685,1066,18034,10972,6453,6522,4296,10208,7498,13119,10540,3805,4822,17826,861,8333,10993,14802,13119,14218,22727,3459,5148,7579,12427,12899,2421,9026,2933,15524,10167,2107,2983,7224,13897,7394,13686,4867,6293,4881,4862,13812,1829,16944,7136,8409,4186,2736,9528,9086,4526,9549,17362,8018,3908,16147,2120,12590,2107,13734,13734,13812,8831,4561,3874,11059,12630,10532,17650,9946,20608,5163,22463,3582,6081,4186,5239,5148,7044,3241,7305,9591,7366,3291,15008,22977,3001,8462,15006,4103,7877,9035,17311,3296,3189,2991,13583,16102,18195,5663,20852,7456,13119,14421,6624,6781,20608,9386,12899,9159,2107,20301,13034,16892,1696,3801,9058,8672,1555,6897,7123,18607,6967,7367,4069,4163,13812,9063,6648,13354,3229,6408,3204,546,7594,9396,17320,2465,5163,9061,3555,5495,17278,5163,7044,11010,13812,4469,6059,15842,12559,3149,4844,8462,3429,20608,5163,10550,7478,3728,17851,3025,3464,11275,2874,22645,11092,10237,5495,5185,6225,16295,3471,11003,6406,16593,8040,17644,10719,10494,11478,14966,5032,12064,10465,5614,4694,13414,3519,21028,8865,7877,4835,0,16,7544,8044,14670,985,3550,11419,3560,10672,20170,22981,5185,20608,4835,9143,13414,2786,17851,4775,1555,15719,16373,10317,19183,10326,4839,6167,2974,14246,15115,22645,17278,6054,5000,18325,6061,8178,6842,2616,5196,7788,3245,109,6581,4888,1581,16170
31841,1219,2031,12554,9737,5382,3889,11163,6241,13700,1285,17536,10988,6469,6537,4744,10427,7513,13135,10556,3820,5320,16149,877,8552,11009,17164,13135,15798,19875,3678,5367,7583,12443,12914,2764,8768,3152,15539,10182,1464,3328,7182,13391,7230,13702,5087,6678,5100,5081,13828,2048,16391,7355,8460,4202,2955,9574,9102,4888,9602,17378,8077,3924,14104,2339,12605,1464,13750,13750,13828,8846,4878,4444,10911,12646,10548,15520,9691,20624,5382,21653,3888,6562,4202,5459,5367,7263,3706,7320,9607,7382,1464,15908,22154,3323,8682,17934,4118,7924,8739,17327,3515,3408,3504,17657,16117,17636,5954,20867,7315,13135,14337,6640,6796,20624,9401,12914,9218,1464,20316,13050,14760,2106,4393,9085,8740,1775,7315,7139,18623,6983,7383,4641,4178,13828,9079,6639,13370,3448,6423,3220,965,7813,9411,17336,3001,5382,9122,3774,5714,17294,5382,7263,11026,13828,4808,6075,15216,12574,3368,5063,8682,3648,20624,5382,10401,7493,3744,17867,3245,3479,11290,3094,22661,10943,10252,5763,5404,6616,16311,3826,11019,6421,16609,8107,17592,10735,10510,11330,16404,5373,12080,10481,5630,5180,13633,3738,22354,8599,8097,5054,16,0,7560,8060,13258,1204,3565,11270,4133,10524,20186,22217,5404,20624,5054,9159,13633,3006,17867,5208,1775,17277,16389,10333,16872,10342,5058,6652,3193,15117,15131,22661,17294,6069,5504,18341,6076,8194,6858,3020,5415,7804,3465,93,6597,5107,1801,17765
26282,7851,7957,9739,9253,11046,13603,9200,6616,13302,7918,20319,5684,6875,3371,14738,16281,7335,12737,6586,6090,15439,10941,7105,14406,5728,16066,12737,23964,18176,10311,13758,18951,10666,12516,9151,16589,9785,14442,7176,8112,9710,16444,16585,15658,3852,10226,17292,10764,10104,13416,8681,17898,13209,18545,7689,9588,19918,7650,16437,22030,16280,19954,5764,18420,8972,9790,8112,13352,14822,15061,2653,16365,15446,7227,12248,8816,18561,17684,13517,11046,20097,13546,17111,7689,11123,14614,13117,14714,7142,6833,5232,8112,16624,18321,9691,14536,16836,5958,17847,16146,16229,11344,10041,9833,15276,14763,18837,17867,14536,15942,12737,8703,4067,2109,19526,5206,12516,21536,8112,15729,12651,18760,8504,15164,21151,18985,8408,18149,7529,17525,7358,4540,15713,7665,15336,7074,15975,12972,10855,6798,6171,7612,14837,8480,16238,9291,11046,19428,11246,13998,16196,11046,13117,10626,14900,14785,6449,17848,9759,10001,10086,14536,12406,19526,11046,9918,7868,6324,13260,9877,6281,10891,9726,16352,7260,6173,15916,11068,17213,15213,14892,10620,4264,15511,20036,10796,3934,8755,7316,8703,17115,9264,8726,6797,15276,19487,10371,18505,16299,13600,10077,7339,7323,0,7814,7812,7837,5646,6978,13599,7382,15522,21735,11068,13587,10077,7550,19487,8895,16769,15360,8408,10796,15034,6644,21271,6531,14670,18985,9826,16572,14033,17938,16196,2537,15670,13671,6451,2204,1594,9419,11079,1611,11009,7230,4439,13498,8434,10796
29082,7768,7873,5710,11925,10730,5774,4319,9379,5538,7835,17967,13176,9638,5635,6599,15965,10349,6291,12743,3356,7263,17680,5475,14090,13197,10319,6291,16929,17502,10227,13443,8192,5599,6070,4522,8415,9702,8695,12370,8028,5047,7664,13532,7290,6729,9910,8359,10448,9788,6983,8597,13661,12893,9186,9681,11027,13566,2256,6566,15020,10533,8838,2615,13740,8888,5761,8028,6906,6906,6983,7944,6457,6510,13099,5802,2313,14332,9319,13780,10730,17322,5499,8457,9681,10807,13443,12802,5619,10156,11794,9894,8028,13890,17716,5000,14220,11090,2810,8652,8236,10483,11028,9957,5497,10813,9273,16258,7432,14023,7458,6291,14068,5788,5894,13780,11034,6070,9944,8028,13472,6206,13276,4016,6483,9714,9508,8324,9063,10313,11778,10121,9998,6709,9658,6983,11267,7253,6526,10539,10346,2783,7529,13351,2566,10492,5035,10730,9856,10930,13683,10450,10730,12802,4076,6983,6440,9213,13483,5730,9917,9770,14220,12090,13780,10730,12589,10631,2849,11023,9794,2714,4341,11165,15817,13131,12407,7194,10752,8311,9466,5536,4070,6153,9765,8889,15781,6922,3537,13518,16097,6987,5235,3508,406,7101,19171,12523,19729,8215,13635,9761,5710,5694,6658,0,13141,7753,2497,13458,6203,12712,13342,19737,10752,13780,9761,1104,19171,8812,11023,7024,8324,15513,9544,12521,17084,12530,13134,8551,9742,13413,8287,15817,10450,5167,7455,11497,9214,7292,5956,4860,10763,6902,10693,5601,6329,13182,8350,15917
37336,10780,10885,17851,1436,13975,17071,16104,7166,17941,10847,32003,3155,6095,9156,19914,26472,4882,19621,1738,9746,18217,7942,10034,17334,3176,24343,20020,27526,30258,13239,15036,23293,20063,19897,17969,24261,12714,21090,1507,11040,18717,25077,27625,22624,15812,13154,20853,13692,13032,22942,11610,26477,16138,24432,10445,12517,25911,15641,20727,25942,21378,26360,9978,27992,11900,19586,11040,19517,22424,23234,11639,20962,17947,965,20367,15781,29926,28058,23976,13975,30340,17820,21828,10445,14051,13623,16046,18489,4835,2446,5736,11040,28030,27592,17061,17464,24529,10173,23725,24013,21796,14272,12969,16175,25224,22630,27505,20496,22613,22794,19888,1058,7466,9415,23018,4418,19102,28025,11040,23621,21773,25819,15297,17327,27857,27318,11336,21354,3907,20870,6070,5840,18100,10421,21346,3468,22044,20897,13783,5476,9275,10541,16596,14963,21139,15470,13975,25299,14175,16927,21579,13975,16046,19051,20583,20747,5495,24930,17810,12929,13015,17464,15335,21335,13975,1863,6091,9799,24096,12806,9534,19175,12655,24290,997,2169,20349,13997,20735,23600,19335,17154,7208,21622,23949,7797,15669,12437,1384,1058,19519,16720,12408,13400,18202,29123,13299,30611,26449,16879,13006,13310,14612,10353,12917,0,10766,9620,1324,15967,578,24837,28882,13997,24195,13006,14114,29123,11824,23782,20632,11336,7797,22819,1744,28105,1632,14667,19875,12754,25170,20704,24146,23612,8688,20225,24734,5729,7632,9650,18034,14008,10597,13938,10159,7383,16427,11362,7797
34046,95,1598,13204,10277,4154,4522,11813,7771,13136,268,20800,11528,7998,7682,5303,8845,8520,13784,11096,4827,5531,15288,1884,6970,11549,15824,13784,16587,22847,2661,4350,9521,13092,13563,3988,16258,2135,15134,10723,2060,4471,9221,18358,9487,14351,4069,7414,3872,4064,14477,1031,19989,5773,14990,4842,1938,16619,9751,5824,16637,15501,9878,4931,17374,1322,13254,2060,14399,14399,14477,9991,5988,4175,11451,13295,11197,18782,17600,14666,4154,24971,5103,6793,4842,4231,4350,5681,4298,8327,10147,8188,2060,17698,25418,4542,7100,17647,5125,9758,14763,14452,2498,2391,3861,17736,15711,19267,7102,15211,9534,13784,12385,7808,7941,21273,10116,13563,14568,2060,14441,13699,19869,3244,3856,14499,13911,758,7862,8665,15892,8512,8189,4324,4819,14477,9619,8615,14019,2079,7953,4227,1561,6231,10060,13314,3315,4154,14437,2719,4697,14096,4154,5681,11675,14477,5838,7604,17073,13223,2351,4046,7100,2631,14653,4154,10942,9022,4751,15520,2228,4486,11939,2076,16649,11484,10793,6998,4176,7329,15077,4877,11668,8173,16708,9890,15162,14545,11159,11870,12385,6363,12729,11130,6637,5482,12051,2721,23247,14540,6515,4037,2308,2324,8704,8709,11494,0,4572,11811,3888,11064,15824,25086,4176,13697,4037,9808,12051,1989,15199,5801,758,14837,14232,10873,20141,10882,4041,6860,2176,18720,16157,14887,14995,7213,5663,16491,7605,9338,8002,3991,4187,8948,2447,2435,8348,4090,784,15350
30358,3463,3753,7326,8174,8393,6134,5935,5283,9173,3530,18941,9159,5510,4688,6993,13628,6478,8608,9116,934,7484,13546,3054,11753,9204,12636,8608,17275,19691,5922,7611,9721,7916,8387,5089,13678,5397,11012,8743,3709,5655,9258,16354,9071,7384,7572,8988,8111,7451,9301,4293,16301,10556,15539,4871,5200,15555,4024,7210,15602,12850,13606,449,16921,4583,7377,3709,9223,9223,9301,6997,7216,6395,9347,8119,4630,18706,14886,16097,8393,21560,6228,8754,4871,8469,7611,10464,5934,6285,10099,5655,3709,17122,19892,5657,11882,13407,644,14753,13483,12800,5760,5652,5652,13475,11590,17390,8297,16340,9208,8608,10282,4841,4947,16097,7674,8387,16651,3709,15789,8523,17523,4390,6216,14878,14493,4019,9596,6464,14095,6025,5656,6579,4847,9301,9721,8771,8843,5692,5465,362,3209,11014,4883,12809,5103,8393,14984,6018,7958,12767,8393,10464,6497,9301,7140,5116,14960,7346,5612,7433,11882,5893,16097,8393,8838,6535,354,13340,5489,198,6762,5338,13779,9380,8813,8106,8415,8921,11784,6149,6491,4623,12082,13657,14670,7009,5129,9767,10282,7705,6851,5100,2283,7368,16834,5982,20078,14793,11297,7424,3288,3272,5711,2565,9390,3449,0,9707,6081,8961,15659,24013,8415,16097,7424,3421,16834,5250,13340,7474,4019,14767,11862,8893,19984,8903,7303,8839,5437,15045,10604,13615,12767,4220,7655,13814,5118,6344,5008,5311,8426,5954,6307,3179,4798,7351,4045,14829
32491,10472,10578,18358,1827,13667,16723,14974,6130,18969,10539,30792,2000,6567,8848,17760,17942,4574,20628,534,9438,17994,7129,9726,17027,2021,20870,19107,29699,28784,12932,15052,24945,18778,20899,17450,25737,12406,21891,668,10732,16534,24309,26461,24051,14840,12847,22653,13385,12725,21966,11302,25404,15830,26247,10137,12209,25287,13651,20309,27912,22319,23307,9671,24299,11593,16587,10732,20589,21531,22258,9392,18602,17742,685,21351,14816,28742,24535,22850,13667,26201,17367,19621,10137,13744,13657,15738,16427,4528,1243,5152,10732,26789,26250,16600,17157,21036,9865,23103,23068,22777,13964,12662,15853,21701,21307,26415,20083,21624,22012,18975,2195,7158,9107,21930,3263,18167,24817,10732,22670,18842,24696,14824,17158,27149,24184,11028,23272,3599,21689,6595,5256,17915,10114,20459,2379,23563,19925,13476,6001,8967,10233,16288,13961,20060,16674,13667,24690,13867,16619,20463,13667,15738,16562,21767,20306,6020,23819,16621,12622,12707,17157,15027,22347,13667,2255,5784,9491,22893,12498,9226,18367,12347,23333,723,966,19912,13689,22528,22272,17121,16433,6900,22511,25731,6984,14465,11233,534,2195,19136,17115,11204,13092,19791,20594,12992,29132,23081,16572,12698,9960,9944,8106,12610,1304,10458,9312,0,15759,874,21476,30323,13689,23044,12698,12283,20594,11516,20490,20300,11028,6984,19516,541,29741,428,13389,21711,12447,26551,21477,23201,22418,8380,18145,21317,6253,6476,7401,15936,13700,8350,13630,9851,7075,13292,11054,6984
40896,3960,4469,15387,14799,6424,1477,9084,7669,5155,3605,20032,16121,7763,8798,1803,7545,8663,7593,15778,5229,1701,18602,4556,4918,16248,16964,7850,9630,24312,2478,2437,7253,14970,8034,2329,14647,2861,18244,16473,3706,2261,7207,16093,8046,9977,6600,3770,5824,6122,7924,2973,19276,6211,7702,5958,3832,8744,7582,2635,8727,16222,7311,5662,18809,3914,15104,2552,6818,6926,8060,9435,2988,316,16010,8946,5997,19898,14402,9928,5932,26444,2609,2921,6223,5781,2553,6411,1360,9062,16048,9903,2949,17590,27063,2403,4518,18890,5712,7263,13591,15026,3866,3041,999,16848,17189,18612,3912,9982,7964,7791,18923,8453,9121,9090,14322,7705,8332,3991,14752,7732,19664,2348,500,8430,7838,3114,4074,9309,15624,8269,14650,509,5921,8198,15789,6536,7062,4055,8325,5849,4043,4282,7784,15084,1213,6541,8233,3694,4436,14617,6345,6218,4880,7279,2770,8374,16930,15245,2977,7031,4712,3557,14867,6129,15739,8839,5250,14371,2475,5898,5017,3738,15391,16120,15196,3938,5994,3674,17928,2248,4829,9169,17914,7289,18544,14757,9100,17895,17692,3112,14732,9219,5380,1711,8552,3360,24728,9947,4008,6273,3560,4133,14988,6203,17598,3888,6081,17369,0,17651,14275,26830,5716,13643,6177,7083,8329,3986,15561,2224,2899,18248,15451,17046,21649,15543,2966,2983,3072,16581,16088,15089,15360,8575,1804,15365,8233,9984,9660,1939,5520,9544,3814,4330,9253,2947,3255,18723
33287,10470,10576,17440,1126,13665,17061,15728,6857,19576,10537,28679,2650,5786,8846,19922,26996,4572,21338,1184,9436,18261,7727,9724,17025,2672,21664,21773,27419,29709,12930,15188,25513,17808,19621,17898,23999,12404,22771,961,10731,16929,22590,27256,22413,15490,12845,22997,13383,12723,22665,11300,26133,15828,24306,10135,12207,28418,15280,18783,28455,21005,26226,9669,25040,11591,17366,10731,21259,22186,20829,11329,20919,18011,411,22111,14068,29547,25189,21436,13665,29799,19580,19866,10135,13742,13769,15736,16765,4526,1893,5802,10731,25060,27090,18738,17155,21831,9864,26009,23734,23610,13963,12660,17827,24778,20119,29927,20460,22311,24901,21627,1494,7156,9106,22686,3913,20749,27891,10731,23339,19490,28049,15231,15792,27707,24668,11027,21393,3598,20461,5761,5907,16488,10112,21094,3158,24133,20621,13474,5166,8965,10231,16286,14588,20791,17041,13665,25178,13865,16617,23379,13665,15736,17109,20356,20712,5185,24566,17403,12620,12705,17155,15025,23142,13665,1553,5782,9489,23706,12496,9225,17216,12345,26457,444,1616,20302,13687,20749,20996,19289,16978,6898,21210,23830,7582,15115,11883,831,1494,19495,17977,11855,13090,18237,29647,12990,30058,23732,16570,12696,9958,9943,10043,12608,602,10456,9311,771,16015,0,24465,28358,13687,21622,12696,13810,29647,11515,23394,18730,11027,7582,22370,1191,27736,1078,14848,21976,12445,24822,20281,23866,23226,8378,20282,24324,5419,7127,9341,16318,13698,10287,13628,9849,7074,14748,11053,7582
28442,14286,15078,12310,21073,19529,9473,12392,18802,14627,14283,4971,21575,17352,13422,9823,21236,18388,14061,23335,16758,14120,25403,13930,21069,21880,4505,14061,8784,15912,15822,18452,6196,11224,13841,8472,2911,14776,5570,21034,20329,8558,5586,2612,4094,15910,18480,13455,21528,18805,14754,15901,3757,20268,7068,18932,18147,7511,12957,9110,7607,3193,7016,16017,2820,17117,12360,14695,14677,14677,14754,13390,8714,16002,24122,10962,14307,3780,3323,596,18961,12683,8408,16405,17534,20497,16929,20487,9500,20409,22418,17465,20329,2970,15923,8419,20615,5275,16212,6808,2299,2897,16729,16060,9788,3551,4796,3770,8838,681,4398,14061,23350,16717,13263,596,19035,13841,7500,14617,641,13976,2970,8698,14910,7017,7396,15929,15952,20284,4453,20145,17583,14736,18736,14754,19929,5905,14297,16602,19524,16185,15468,20755,13267,3151,9721,19577,7477,18587,18771,3109,21325,22589,15888,14754,8887,19308,2563,12329,15874,19428,20750,16926,596,21148,22272,17312,16250,2767,14265,16116,15617,16358,4896,24267,20671,8552,21175,14871,5207,8732,15888,15171,5780,7115,25092,15720,16017,24076,26300,9098,12509,15988,14123,15237,24616,16721,15923,2725,20529,20711,20297,20282,14083,13640,22534,14358,15899,23670,15734,22197,0,15029,20726,596,18675,13348,22290,15898,2767,9912,15786,27382,4388,23396,3764,23379,17395,15007,17608,2492,4981,4896,3109,14670,15821,2240,19204,16804,14854,8849,20480,19990,18613,20189,15160,19070,14480,25209
14396,27525,25474,17778,30460,29531,25386,15274,28053,20311,27747,9516,25703,28359,20482,26077,34202,26284,19063,27067,22432,27201,34403,24265,33175,25994,11699,18831,24624,5208,27415,28591,24009,14715,18433,26236,18648,26074,11180,27476,26279,24134,23152,13410,19022,17209,30880,26953,29992,28790,19257,25663,16437,30729,22836,26863,30196,25539,19482,27878,25684,13913,25166,21152,15499,28976,14723,24870,20374,18857,19217,21865,27350,29928,27913,17062,21361,16459,18478,14620,32111,7538,24155,31091,27109,28764,31707,30883,27933,28779,26789,24041,24223,15649,5219,23968,32868,12469,21625,22570,17762,13729,30521,27383,28175,13428,12003,16450,25194,16752,19413,18860,29189,24946,20017,15515,27775,18633,25644,23997,17604,17139,15649,23762,27391,24918,23238,28230,27993,28385,12498,29173,26516,27402,29404,19181,26394,21450,17834,27425,25720,24453,24680,30185,17814,13566,27838,29507,25636,30819,29978,13829,32344,31053,22597,18425,25006,25439,15242,13243,29983,31886,32897,28122,15331,29292,28668,24796,23728,14403,28392,22002,20336,30120,15865,30884,29527,24805,29425,29733,11893,24520,22641,24246,11588,22965,33922,18452,18525,30515,32579,27995,14007,19905,21096,26911,35028,30849,5219,18489,33179,31589,25329,24487,19721,21753,31833,27649,21787,27512,29571,31255,13635,0,32057,14080,28580,18241,31910,26655,14589,26319,25599,30625,12274,30171,16444,27297,32102,28337,27268,15172,11533,17769,13389,20578,27455,14876,25439,23491,21184,26833,28931,19465,27917,24229,24148,31973,25564,33968
41033,7378,3969,17767,11348,230,6924,13957,7317,15310,3871,25249,12599,7544,9068,7494,6848,10044,16386,12166,6668,7361,19170,4754,4973,12620,22166,16842,20166,26967,3705,3772,18232,17733,16914,6870,21073,3586,19363,11793,4930,7230,17917,21106,18538,15311,1217,9474,377,1096,15777,3679,24893,3776,17385,5826,2343,18832,10711,8244,18829,18455,16855,6771,24052,3208,17549,4930,14246,14795,16020,11376,8524,5878,12522,17944,12157,25603,22407,17757,230,29558,7819,8426,5826,307,3772,3684,6718,9851,11217,9258,4930,22139,27171,7337,5103,20298,6966,18447,19168,20775,2482,3199,6218,20450,18518,26140,9559,20109,16843,15163,13456,9170,9327,16670,11186,16147,18299,4930,18856,15045,22471,6226,5393,20197,19438,4059,9690,9736,20622,8059,9259,5929,5802,17925,10690,16984,14097,2361,7499,6067,4431,4234,11021,17741,5811,230,20022,2384,4064,20392,230,3684,12635,15181,8329,7150,21517,17658,3273,1078,5103,2420,19545,230,12012,8569,6591,20401,3678,6327,12900,2481,21510,12554,11863,9535,0,9376,21341,7514,12628,9535,21452,16849,19025,14932,12119,12941,13456,8761,15134,12090,10152,7409,10054,2901,30152,18919,4518,1069,7060,7045,10090,9669,12565,7363,6413,12881,5716,12135,18805,29085,0,18145,1069,10768,10054,2985,18218,7938,3679,19025,18523,11944,24592,11953,3464,8461,3175,21436,18894,21261,18033,8599,7415,19375,7152,10724,9388,6730,10,10334,2147,6951,9710,3512,4085,19025
26109,15019,15894,12748,20490,18871,9007,12830,16438,15065,15013,5449,19013,18438,19526,9373,20579,19592,14499,22715,17196,13527,27365,13274,18455,21259,4943,14499,8665,16350,16713,16089,5938,11662,14279,7990,2905,14115,6008,22544,20768,8087,5309,3050,3837,16348,17830,9774,18871,20003,15192,13765,4195,19607,6849,18215,15803,7358,13395,8674,7451,3631,6772,16455,3258,14870,12798,20768,15115,15115,15192,21470,8283,15311,21316,11400,14745,4218,3442,0,20172,13121,7951,14327,18609,19771,16276,19826,9029,19743,19764,18626,20768,3408,16361,7949,18043,5713,16650,6559,2334,3335,16067,16973,9311,3989,5234,4208,8443,848,4149,14499,25108,14585,19785,0,20362,14279,7321,20768,1079,14414,3408,8207,14275,6847,7186,15199,15387,19627,4891,19461,18759,15552,18020,15192,19353,5586,14735,15940,18848,16623,13375,20028,13705,3589,9236,18920,7291,16203,18111,3547,20600,19833,16326,15192,8451,18636,3001,12767,16767,18776,18165,16265,0,20422,23906,16716,16688,3205,14994,16554,16055,15696,5334,23639,22157,8154,20448,9799,5645,8271,16326,14612,6218,6871,24522,16158,16455,21281,23296,8678,12947,16426,14561,13232,23896,16060,16361,2700,19803,18136,20736,20720,14975,14078,21952,15097,16337,20908,15037,23831,467,15519,19999,0,18020,13786,23844,16794,3205,9474,13661,24272,4826,22767,4202,22753,18451,15927,15315,2930,5419,5334,3547,19058,13765,2678,18529,16222,14318,8371,19752,20428,17884,20627,16097,18348,15230,27158
36478,6869,3457,17318,10839,2088,7296,13562,6808,14801,3359,27745,12090,7036,8559,7920,7763,7448,16353,11658,6159,7854,18661,4013,5887,12111,19777,15255,22727,26519,3887,4092,18584,15725,15293,7115,19193,3489,20934,11285,4190,7516,18216,23175,18712,14802,705,9947,1806,84,17417,3397,24807,4690,17765,5317,2385,21191,10202,8629,19230,20079,17235,6262,21698,2768,15525,4190,14289,14890,16052,10868,8883,6365,12013,16172,11648,23161,22496,19456,2088,29090,8124,8965,5317,2165,4092,4599,7083,8611,10709,8750,4190,24226,26718,7614,6017,22003,6457,17102,19198,20521,2386,3152,6587,22233,18172,26048,9946,20057,18766,15133,12947,8661,8818,16585,10677,16061,18700,4190,18872,16545,24603,6430,5894,18693,19880,3777,14889,9227,20262,7550,8751,6434,5293,16302,10181,15699,14073,1897,6990,5558,3690,5149,10512,19350,6140,2088,20464,2288,5480,18285,2088,4599,12126,16815,8698,6641,23552,15618,3226,9,6017,2373,17576,2088,11504,8060,6083,20200,3582,5818,12391,2523,19539,12045,11354,9902,2110,9851,19030,7837,12120,8443,19144,17236,18516,14423,11610,12432,12947,9156,16196,11581,9643,7885,10969,2806,26905,20921,5432,0,6551,6536,9582,9161,12056,6855,5904,12372,6177,11626,20583,31500,2110,19861,0,10259,10969,2859,19876,8380,3397,18516,20056,11435,26978,11444,3783,9005,3127,23508,18529,19323,19675,8091,7922,21123,6643,10215,8879,7015,2121,9825,2051,6443,8618,3831,3803,18516
30608,8216,8322,4607,12373,11179,6477,3216,9828,5753,8283,16593,13624,10087,7442,7260,13248,10797,5187,13192,5601,7985,18748,7928,14538,13645,9216,5187,15206,15995,10675,13891,8048,4495,4967,5184,7766,10150,7592,12818,8476,5662,7467,12429,6879,5750,10358,8859,10896,10236,5880,9046,13574,13342,9083,10130,11475,14732,1153,7101,13440,9430,8763,4861,12636,9336,4658,8476,5803,5803,5880,9751,6932,7380,14910,4823,2599,13597,8644,12676,11179,15815,6027,9122,10130,11255,13891,13250,6347,10604,12243,10284,8476,12786,16210,5591,14668,9986,5055,8562,7519,9379,11476,10406,6296,9709,8170,13507,7816,12920,7085,5187,14990,10228,7701,12676,12211,4967,9826,8476,12369,5102,12786,4796,7404,9546,9422,8772,9600,10761,10675,10569,10285,7580,10106,5880,11715,7142,5422,10987,10794,5029,7977,13800,1462,9389,5884,11179,9745,11379,14131,9346,11179,13250,3077,5880,6950,9661,12380,4627,10365,10219,14668,12539,12676,11179,13850,11079,5094,9920,10242,4960,3341,11613,14713,15056,12856,7554,11201,8821,8363,6126,3070,9971,8661,8825,18431,5375,4164,14904,15516,7470,4132,4135,2269,7806,14217,12971,16394,7556,14083,10210,8352,8429,8465,1787,15556,8202,4743,13906,7083,15221,12238,20105,11201,12676,10210,0,15696,9260,9920,7647,8772,16465,8441,12969,14207,12978,13582,9219,10190,12309,7183,14713,9346,6974,8182,10393,9662,11730,7762,5559,11211,8708,11142,8335,10146,13631,8798,18571
39208,13189,12388,19195,20550,10148,9619,18807,18257,17365,12215,28786,22270,18484,18475,14775,5418,19452,20323,21838,16075,9902,30780,12733,8739,22291,25694,20783,23730,29934,11005,11235,22254,19245,20831,9633,22755,11565,22502,21464,12910,9977,21952,27157,22572,14845,10625,17543,9866,10503,19386,11659,26120,7340,21005,15233,10323,22443,16151,15927,22436,21809,22569,16179,25312,11188,20961,12910,17864,18437,19633,20784,16367,8452,29030,21808,13626,29508,23968,21267,10148,32882,15397,14377,15233,10224,11235,6990,9421,19258,21970,18666,12910,25591,33203,14715,8869,23499,16373,22448,22781,22212,10810,10840,8920,26169,21702,27247,17831,24033,20507,18735,28707,18578,18735,22261,23533,18184,21906,12910,22461,18614,25934,8996,7954,24194,21244,12039,17735,19143,21927,18998,18667,8474,15210,19880,22521,19067,19478,10341,18439,15475,12410,8409,15791,21164,8543,10148,21774,10713,8332,21883,10148,6990,16672,18815,14583,18090,24981,21058,10914,10485,8869,10061,23352,10148,21658,19509,15999,21936,11658,15734,15295,10461,23125,29062,21534,16173,10170,15785,22568,14938,15001,18359,22692,20467,30635,15288,13459,29449,28707,16663,20003,15326,19560,9978,0,10494,30313,22549,8692,10477,13416,13432,19498,19077,28201,13174,15820,29389,8329,28643,24567,35170,10170,21634,10477,14241,0,10965,23852,15386,11659,30635,21741,21615,30962,21624,10926,14405,10816,27492,24295,22905,23651,18007,9931,25091,18092,20132,18796,9480,10181,19742,10476,13284,18535,10975,12065,30635
39070,2783,1809,14953,10492,3046,4955,12027,7985,13351,1809,24583,11743,8213,8125,5638,7737,8457,12969,11311,5271,5687,13333,2327,5862,11764,19196,12969,19249,24430,1910,3599,13678,14836,13778,4709,16143,1498,18434,10938,2503,5118,14715,18166,13855,14566,2270,7716,2764,2832,13662,1253,19644,4665,14585,5057,830,16050,9966,6291,17695,15645,14055,5374,20840,782,13352,2503,13584,13584,13662,10434,6522,4222,11666,14730,11412,22356,19126,14835,3046,24244,5732,6883,5057,3123,3599,4573,4737,8264,10362,8403,2503,19249,24644,5213,5992,19402,5569,15342,17849,17668,1708,1640,4251,19486,15847,20778,7605,16855,15307,12969,12600,8252,8384,15143,10330,13778,15525,2503,15885,12884,21573,4027,3803,15511,16381,1632,8060,8880,17647,8727,8404,4329,5034,13289,9834,9459,13204,972,8167,4670,2004,5123,10275,16400,3772,3046,16965,1611,3946,15671,3046,4573,11890,13662,6345,7819,18619,13459,1600,2814,5992,1880,14850,3046,11156,9237,5194,15646,1591,4930,12154,969,16543,11698,11007,7543,3068,7624,16669,5454,11883,8616,18462,15494,13270,14759,11374,12085,12600,6826,12944,11345,7080,5685,10943,1970,24829,17571,5407,2805,2751,2767,9148,8924,11709,2768,5016,12025,3986,11279,17523,29378,3068,15237,2805,9610,10943,0,16924,6117,1253,17774,15824,11088,21668,11097,3290,6937,1616,18511,17911,17983,16720,7657,5784,16535,7820,9781,8445,4618,3079,9391,1340,2878,8792,3339,1658,13448
25118,15112,15945,10050,22176,18908,9419,10132,16221,12367,15147,5638,18580,16516,16828,9840,20602,17518,11801,20175,14498,15596,26925,14650,20549,20787,4074,11801,9467,13652,17013,18098,6691,8964,11581,8340,3698,14319,3310,22122,18070,8485,6051,3016,4598,13650,19605,13720,20917,20033,12494,15379,4161,21735,7622,18174,15959,8154,10697,9181,8247,933,7531,13757,3224,14984,10100,18070,12417,12417,12494,18772,8802,14389,23038,8702,12047,4184,4187,3264,20235,10423,8400,16571,16836,17991,18303,21967,9424,19421,19373,18162,18070,3374,13663,8349,20116,4845,13952,7316,3113,1023,17889,17218,9674,2606,2536,4174,9037,3507,4912,11801,24650,14219,17087,3264,19880,11581,8109,18070,2956,11716,3374,8490,16241,7639,7962,13964,16265,17486,2467,17434,16591,16110,16309,12494,18959,6290,12037,17721,18567,13925,13448,18424,11007,891,9556,20883,8077,18067,20209,849,20638,22003,13628,12494,8960,16641,2967,10070,17012,20655,18359,18155,3264,20476,21317,16393,13990,0,15256,13856,13357,17478,5300,21034,21695,8744,20521,13746,3221,8706,13628,15622,3520,7629,24108,13505,13757,20849,22872,9222,10249,13728,11863,13856,23877,16279,13663,3496,20105,18146,18038,18022,16706,11380,21577,13790,13639,22583,14118,21225,2825,13237,20079,3264,18033,11088,21641,15356,0,9973,15271,26303,2128,20247,4168,22294,17053,16711,15531,2896,2721,5300,849,16360,14394,981,16553,15652,13819,8732,19841,17730,16404,17929,15603,16954,13978,24221
37302,5855,6454,13992,17495,8645,1344,9309,9630,4558,5526,20169,18912,9747,14836,500,9768,14127,6846,20282,6666,860,21415,6342,7112,19066,16361,7042,7456,26105,4695,4609,5388,14863,7289,2503,8638,4930,16128,19427,5306,1988,5481,14587,6580,15923,8771,1614,8044,8333,6918,4969,17512,8420,5671,8071,6025,6657,8129,805,6631,13948,5298,6817,17259,6007,13728,4303,5967,5848,7011,14223,1219,2104,20603,8235,6537,16394,9399,9069,8153,23298,1695,1499,8348,7996,4712,8620,1555,16120,18951,15488,4534,16272,23938,2057,6712,16523,7014,5285,8971,14196,6073,5247,1942,16033,15171,16973,1774,8940,6431,7007,19907,13376,13820,8283,16811,7113,6245,5672,8870,6973,18156,3102,2604,6398,5764,5104,2125,16432,16664,13636,17275,2113,8020,7107,18659,4826,6413,6245,15021,7305,5884,6430,8458,9686,2501,8762,6148,5913,6614,15186,8565,8414,4498,6206,1028,15056,17212,15276,5174,9232,6913,5780,9471,8350,20372,15640,6427,13415,4476,7318,4605,5929,9251,18808,19632,1880,8217,1527,17328,1526,4492,15689,17256,5261,21336,16031,13471,20826,22527,1030,13617,14917,6440,671,15716,5582,26565,8583,6140,8477,4775,5208,16929,7024,18719,5801,7474,18418,2224,20644,9912,29008,7938,9474,8380,7647,13960,6117,9973,0,4880,23190,14963,19975,18056,20050,5118,1599,5271,15141,15690,9033,9845,9951,989,15893,13477,15221,14765,2192,7740,15764,6030,5377,15797,5113,5240,23710
38480,1874,1199,13096,9878,3491,3645,11705,6783,14242,900,22753,11129,7010,7079,4387,8182,8055,13676,10697,4362,4561,14984,1418,6307,11150,17775,13676,15637,23279,1998,3687,8929,12985,13456,3306,15836,1473,17089,10324,1595,3728,8684,16522,9092,14243,3202,6494,3209,3196,14369,0,17993,5110,9621,4444,1276,14201,9643,4971,14207,14219,9221,4465,17312,659,13147,1595,14292,14292,14369,9388,5174,3181,11052,13187,11089,18623,17163,13235,3491,25410,4349,5813,4444,3568,3687,5019,3422,7862,9748,7924,1595,17690,23503,3818,6437,17979,4660,9116,15930,14590,1835,1728,2958,16296,16087,21085,6273,15019,9108,13676,13448,7181,7338,21166,9943,13456,13678,1595,15603,13591,19841,2622,2857,13655,9835,0,6909,7681,16230,7525,7925,3328,4420,14369,9220,8053,13912,1417,6965,3762,1095,5568,9953,13384,2438,3491,14929,2056,4034,14216,3491,5019,11567,14369,5007,6616,18792,13116,1688,3178,6437,1968,14678,3491,10543,8035,4286,14140,1565,4021,11832,1414,16320,11085,10394,6194,3513,6406,15386,4086,11561,7546,17021,9225,14891,11472,11051,11471,15409,5510,12621,11022,6172,4524,11389,2058,23685,14176,5852,3169,1843,1858,8102,8602,11095,1860,4107,11412,2899,10665,14323,28215,3513,15057,3169,9700,11389,1343,13855,4880,0,16087,14540,10474,20050,10483,3379,5879,1513,16895,15029,14572,15065,6611,4686,16600,6618,8736,7399,3230,3524,8346,1785,1970,7721,3427,80,15066
34862,14786,17182,20027,10018,21059,21399,20228,13339,22440,15214,31315,7398,13776,16241,20393,28036,13213,24257,6485,14940,22594,188,17118,31357,7419,26706,24694,32991,32327,16621,15792,28337,22500,22274,20600,26648,16001,23217,7755,14509,21340,25171,27377,25037,15702,20239,25536,20777,20117,25581,14474,31716,29958,29587,16899,13241,28324,16515,23321,28355,26044,29018,14367,27676,18197,19961,15478,24163,22756,23475,12719,21386,18551,7047,22716,16712,29451,30685,24088,21059,32446,20200,22061,16899,21136,15759,29608,21073,13020,7874,12361,16951,27685,32465,21431,13506,24396,13719,28809,26387,26502,13264,14308,20401,25073,25020,32834,25196,27516,27785,22273,8985,14550,12175,25612,7825,23673,27839,13964,25993,24402,28075,19492,17971,30519,29974,15761,23639,10582,25404,13804,12465,18678,16875,23740,10143,24462,21354,20868,13210,16359,13452,15696,17506,23433,17815,21059,27710,14976,15188,23842,21059,29608,21717,25339,23350,13229,29976,19994,15823,20099,31487,13844,23644,21059,11126,12766,14552,24147,16664,16619,19816,14719,29382,7086,7215,22721,21081,23049,23573,21948,21572,14292,23793,26360,0,14708,14738,6897,8985,24108,20832,13822,14919,20497,30687,15502,32663,26382,14626,20090,17325,15676,11087,17098,8479,13461,16705,6892,20112,8920,24844,33754,21081,26751,20090,18147,30687,18121,23865,21040,14596,0,22888,7339,33465,7227,15408,24387,15697,27464,22847,26520,26137,15772,22730,27219,13462,11136,11660,20651,21092,11677,13405,15627,14468,15329,15569,0
22724,14134,14777,7773,19275,19117,15417,7855,17451,10090,15711,6631,17586,16129,14551,16197,20753,18736,9524,21115,12220,15817,25865,14947,21196,19703,2264,9524,16735,11841,16274,17382,8592,6687,9304,9377,5714,15016,1499,21155,15792,9623,7936,4637,6532,11839,19636,15750,21337,18370,10217,16114,5783,22162,9560,18245,18193,13425,8420,15380,14929,1639,9442,11480,4845,15451,7823,13708,10140,10140,10217,16962,13497,15767,19934,6424,9770,5806,6150,4885,18626,8613,9653,16882,16865,20117,17564,20295,15370,17014,20370,15549,15792,4995,11852,9498,18892,3034,11675,9223,5118,2644,16793,16337,14174,2757,357,5796,15444,5129,6847,9524,23561,13482,14810,4885,17040,9304,13341,15792,4578,9439,4995,9375,17661,9619,9908,16088,18520,16804,2981,18743,15638,17649,16368,10217,19909,8101,9759,18275,18018,11648,13851,21124,8730,1597,15312,19130,14651,18751,20957,1555,18930,22473,11351,10217,15068,16111,4588,7792,17803,18768,20896,17136,4885,20744,20451,15725,11713,2128,16122,11579,11080,18098,6922,20062,18714,13617,18903,17371,1411,9921,11351,14595,1709,9538,25473,11694,11480,19833,24091,14112,7298,11451,9586,15528,21705,18707,11852,5516,20981,18297,15669,15684,14928,9103,20703,15686,11362,21509,17029,20297,4447,11087,20416,4885,18197,8811,23962,17441,2128,16492,16025,25226,0,19296,5790,21228,19795,18751,17890,4518,910,6922,1555,14083,16072,2602,16052,19047,14871,9786,18333,15920,18732,15652,17462,17849,14576,25579
35785,10159,10265,16438,1879,13354,16427,14739,5817,16924,10226,27697,1710,6254,8535,19249,18819,4261,18445,687,9125,19509,7756,9413,16714,1732,22769,20762,29376,25955,12619,13376,22343,18529,18695,17124,25440,12093,19654,556,10419,17897,21767,26187,21541,14527,12534,22327,13072,12412,19657,10989,25158,15517,25925,10050,11896,24995,13338,18130,25033,20016,25366,9358,24058,11279,16366,10419,18402,21222,19922,9103,18306,17420,771,19113,13236,25833,26746,20477,13354,26033,17071,19329,10050,13430,14745,15425,16131,4215,929,4839,10419,26530,26092,17969,16843,22953,9552,25142,22803,20432,13651,12349,15557,23675,19116,26173,21808,21364,21729,20615,2247,6845,8794,21643,2973,19728,24525,10419,24694,18572,24461,16012,16838,26828,26332,10715,20821,3286,21448,6282,4943,17595,10026,22249,2065,23243,17805,13163,5687,8654,9920,15975,13648,21840,14833,13354,26891,13554,16306,22292,13354,15425,17938,21460,19979,5707,23581,16401,12308,12394,16843,14714,20027,13354,2306,5470,9178,20529,12185,8913,18051,12034,25426,803,619,19615,13376,22202,19992,18544,16146,6587,22272,23053,7611,14152,10920,859,2247,18840,15309,10891,12779,19467,20281,12678,28958,25143,16258,12385,9647,9631,7817,12296,1355,10145,8999,522,15466,926,21227,27374,13376,20657,12385,11970,20281,11203,22315,18123,10715,7611,21267,0,26749,448,15757,21389,12133,26282,21244,22935,20096,8067,19676,21082,5652,6187,7111,17238,13387,8060,13317,9538,6762,15806,10741,7611
27267,20073,20875,14806,26654,27914,17790,14889,22799,17124,20054,895,27624,25452,18899,18065,29798,26557,16558,29375,18189,21097,34094,21748,24834,27937,6937,16558,13494,18408,23666,22316,8897,13721,16338,16653,5091,22589,8066,26596,18666,18351,8481,2796,7123,18020,26766,17927,25303,27119,17251,22219,3506,26035,9403,25329,22213,9331,14001,18735,9429,5689,9530,18693,3133,21303,14857,19034,17173,17173,17251,20662,16443,21865,27399,13458,15999,10,4544,5279,27281,15180,17973,19611,25722,26882,22502,26258,19698,24193,28538,22979,18543,3283,18419,16463,26899,7708,19421,9377,4681,5394,22470,23982,20204,5984,7293,0,16248,5523,7330,16558,31805,22887,18676,5279,27023,16338,9510,20999,4972,16473,3283,17078,20295,9024,9633,20194,20777,24049,6950,24012,23084,20032,22804,17251,28079,9027,16793,24645,23424,18404,19825,24490,14564,5648,20216,27969,9532,24895,26956,5606,27715,28933,13435,17251,16708,23217,3364,14826,23778,25232,27049,22634,5279,24981,30691,25302,17061,5263,19959,20094,14602,24361,1126,30342,26178,17537,27555,17993,7704,18481,13537,22777,8277,9624,30600,15936,17022,30120,32354,18545,15006,18286,16589,20777,28139,24711,18419,5102,24262,24594,17404,18595,19300,15500,30977,22199,18131,26984,19642,30570,4841,17654,27104,5279,24477,15659,28092,23882,5263,19901,22099,30363,6885,29482,0,26724,22990,21737,21680,2338,7478,1126,5606,18821,19351,4737,25495,20603,20247,17116,26854,18449,24931,18447,22750,22905,20230,30706
35660,10417,10522,16401,1804,13612,16492,16217,6075,18683,10484,30503,2068,6511,8793,17533,17887,4519,20336,648,9383,17776,7681,9671,16971,2089,20617,18842,29422,25887,12876,13470,24663,18494,18697,15591,25445,12351,19611,645,10677,17959,24024,23745,23762,14784,12791,22403,13329,12669,19665,11247,27709,15775,25967,10082,12154,25033,13596,18192,25071,19990,25409,9615,24037,11537,16331,10677,18417,19273,21966,9460,20240,17507,696,21059,13494,28453,26750,20468,13612,28622,17127,19407,10082,13688,14850,15683,17851,4472,1187,5097,10677,26502,26023,16358,17101,22908,9810,25184,25133,22490,13909,12606,15625,23636,21027,28825,19845,23541,23972,18710,2172,7103,9052,21637,3331,17902,27073,10677,22405,18577,24436,14582,16927,24377,23931,10973,23029,3544,21408,6540,5201,16044,10058,22258,2323,23280,17814,13420,5945,8912,10178,16233,13906,19797,14899,13612,24437,13812,16564,22266,13612,15683,17969,19486,18187,5964,23558,18038,12566,12652,17101,14972,22056,13612,2232,5728,9436,20509,12443,9171,16405,12292,23068,729,1013,19672,13634,22278,19953,18608,16174,6845,20170,25452,7536,14410,11178,785,2172,18902,15273,11149,13037,17736,20539,12936,28882,22816,16516,12643,9905,9889,8174,12554,1281,10403,9257,447,17131,851,21212,30085,13634,20644,12643,12228,20539,11461,20228,18192,10973,7536,19260,113,29454,0,16015,19485,12391,23827,19234,25279,20078,8325,17928,23208,6198,6544,7469,17302,13644,8418,13575,9796,7020,16064,10999,7536
42419,5347,4802,17644,14740,3559,4402,13892,10709,17489,4373,25879,15991,10936,12460,4746,7644,13436,18136,14892,7835,4412,15683,4891,5769,16012,19535,13580,16634,29496,2166,574,14872,15783,13752,4857,18623,3704,20904,15185,5068,5013,14751,21417,14341,15185,4609,6530,3277,3823,15261,3817,23006,4572,15559,9218,2736,17078,14103,5599,17053,19296,13599,7938,22392,3346,15772,5068,18752,18752,14056,14768,5953,3020,14951,14872,15549,23666,19896,17938,3559,29223,5484,5345,9218,3636,574,4480,4243,13243,14609,14183,5068,22885,29747,5147,5898,19719,8133,14915,18860,17859,2228,2418,3774,19617,19883,24258,6858,18206,15733,13482,16011,12562,12719,15153,15323,17916,16477,5068,18586,13384,23201,4468,2522,15080,14298,4197,6639,13128,18143,11451,14287,3007,9194,15724,14082,9444,18371,2754,10891,7234,4568,5030,14413,18288,3587,3559,14819,2130,2524,19254,3559,4480,16027,17799,5736,10542,22165,17514,2667,3805,5898,1479,16474,3559,15404,11961,7759,17328,3796,7494,16292,2516,17480,15053,15255,6899,3581,6431,18802,5132,16020,12344,20765,13571,15699,14079,15511,15268,15014,6063,16761,15482,13544,4508,10850,1592,27171,16744,5313,3797,5316,5331,13310,13061,13307,5332,7580,14757,2966,13472,19173,29126,3581,16741,3797,13747,10850,3123,18795,5118,3817,16982,17960,15336,25339,15345,0,5368,2244,21893,20379,17220,18590,12166,4426,18285,10544,14290,12954,4568,3592,13900,1893,5425,12519,48,4223,15884
43436,6929,7452,17747,18730,9153,2780,15910,14098,6123,6578,21913,20471,14221,16861,1960,13438,15408,8347,21739,8005,1359,24757,7496,7387,18689,18384,8523,7694,28305,5328,4940,6290,17180,8784,4043,9834,5842,18184,20811,6554,3560,6523,17989,7782,18143,9491,1527,8432,8926,8338,5954,17564,8723,6326,8909,6717,7164,9705,2313,7117,17574,6000,8259,19210,6884,15838,5452,7454,7264,8413,17738,2661,2721,21982,9729,8105,19875,13936,13909,8684,25279,3292,100,9164,8571,5007,8919,2949,15939,18505,18764,5774,18076,25936,3640,6996,18541,8409,6043,14912,17828,6714,5911,3186,18007,18990,20521,2637,13652,7592,8495,23236,15034,17287,9749,18264,8646,6764,6883,13438,8469,18254,4560,3141,7020,6331,6095,1302,17929,17166,16401,17212,2609,8879,8491,20139,5913,7942,6941,16494,8642,6998,6603,13258,14797,3740,9281,6677,6495,6855,17368,9094,8663,6086,7615,2525,15029,19208,15970,5871,9859,7214,6323,14492,8871,21658,15638,7858,15366,5456,8670,6190,6629,13894,20053,21098,2880,8709,1443,17758,3117,6084,17573,19489,5941,24713,18271,15436,22237,21601,2242,15733,15524,7905,1474,14755,6139,28764,9804,6290,9097,6167,6652,17225,8551,21905,6860,8839,19699,2983,19939,16541,31232,8461,14451,9005,9219,15877,6937,15162,1599,5879,22126,17012,19407,19722,21476,5368,0,5958,18627,17752,14990,14997,15003,1203,18039,14843,16980,18225,3692,8274,16197,6628,6832,17689,5393,6236,22603
36422,3814,3139,15586,11818,3614,4218,15165,8723,17702,2840,22250,13069,8950,9156,4813,7919,9993,17136,12637,6302,4759,14577,3358,6044,13090,17820,17136,16585,24962,600,2539,9831,15392,16916,4226,15876,1326,17193,12264,3535,4547,9646,19995,14835,17703,3449,6840,3332,3484,17829,2284,21610,4847,15230,6458,1506,15260,13103,5542,16813,15906,13289,6405,20890,1813,15335,3535,17752,17752,17829,11465,5818,3273,12992,14807,14549,22297,17069,16400,3614,24742,5124,5911,6458,3691,2539,4755,4012,9800,12769,10904,3535,19347,27758,4660,6173,19845,6600,9958,16001,16276,1520,275,3512,17987,16286,20745,6859,15237,14825,17136,13926,9283,9415,13765,12044,16916,16229,3535,17324,17051,21662,3644,2820,16271,14062,2664,7125,10206,16417,9465,11008,3357,6434,17829,11160,8996,17371,1664,8905,5701,3035,5305,13413,15061,3112,3614,14592,1730,2886,17524,3614,4755,15027,17829,5624,8556,18704,14027,98,3466,6173,1140,14986,3614,12483,9975,6226,17430,1419,5961,15292,1644,16360,13024,12334,6830,3636,6745,18823,4812,15020,9065,18887,13281,14537,17897,14511,13411,13734,6063,13291,14482,8111,4782,11125,735,27959,17300,5588,3458,3783,3798,10179,12061,13035,3799,6047,13352,3072,12605,15976,30054,3636,16880,3458,12747,11125,1590,17118,5271,2284,14242,16232,12414,23895,12582,2231,5958,0,18529,16717,16117,16912,8688,4838,16742,8558,10813,9477,4051,3647,10423,1554,3891,9240,2279,2690,14718
28075,16918,19535,12467,23711,22174,14762,12549,21756,14784,18623,2945,24447,20032,16016,16647,26325,23213,14218,26205,16603,17855,30891,18281,23895,24755,4597,14218,8971,16068,20204,19195,7043,11381,13998,13563,3216,17341,5726,26084,15509,14984,6536,456,5081,15062,21150,16745,22145,21454,14911,18740,1263,22877,7721,19846,19055,7884,13114,14077,7984,3349,7772,15266,793,19999,12517,17504,14833,14833,14911,17564,14912,16793,27005,11118,14464,1285,3034,2939,21598,12840,14657,18499,22269,23406,21362,23100,14829,21183,25315,20078,16959,943,16079,13409,23426,5368,14516,7592,2662,3054,19314,20509,15264,3644,4953,1276,14846,3183,5332,14218,28617,17808,15831,2939,21638,13998,7979,17523,2632,14133,943,15379,18990,7480,8001,17037,16162,23213,4610,23098,20192,16995,21679,14911,22555,7007,14453,19203,22471,15305,16670,21348,13423,3308,15244,22226,7981,19433,23487,3266,24241,25453,16045,14911,13783,20190,1024,12486,18423,24353,21388,21472,2939,24058,27454,22008,15358,2923,16808,16681,15774,18946,2402,24633,23284,9909,21845,15248,5364,13750,16045,17774,5320,7871,30538,13281,15659,24450,29177,15388,12666,15208,13464,15907,27549,21238,16079,3149,21126,23637,15702,13716,18265,13797,27742,16985,16582,24090,18275,27358,2501,15314,23626,2939,21329,13504,24943,20402,2923,16688,18621,30270,4545,23846,1270,26261,19864,16901,20422,0,5138,2402,3266,15917,16420,2397,22150,17796,19197,15472,21208,17257,19464,13583,19572,19776,18817,27821
21913,16045,16716,7313,19291,19458,16169,7396,16013,9630,16203,6900,17558,16307,14091,16980,21073,18883,9065,19116,11761,16523,23431,15373,19675,17851,2017,9065,17647,10915,18509,19758,9223,6228,8844,9875,6317,17089,573,19199,13324,14790,8566,5315,7163,10914,19961,16523,19748,18710,9758,15104,6461,22589,14865,16865,18682,14256,7961,16192,14377,2317,13330,11020,5523,15878,7364,15685,9680,9680,9758,16036,14243,16414,21939,5965,9310,6483,6723,5563,20925,7687,14866,17621,17164,20513,18107,20676,16112,18867,20374,17143,14990,5673,10926,13257,21328,2787,11215,9853,5714,2180,17240,16826,14824,2511,406,6474,16302,5806,7478,9065,23517,14951,14351,5563,17013,8844,15624,13544,5255,8980,5673,9841,18351,14949,13947,15072,19373,18610,3659,17167,17230,18365,18382,9758,19912,8725,9300,17013,16490,11189,14270,21659,8270,2275,14517,19464,15571,17474,19484,2233,19271,20788,9788,9758,15883,16245,5266,7333,18342,19059,21391,19407,5563,21132,20455,15815,11254,2806,15141,11119,10620,18592,7600,22078,20598,14395,21234,18220,1164,15245,9782,14615,1463,14832,25420,10768,11020,19788,24036,16386,6838,10992,9126,17895,24237,19237,10926,6122,21531,20529,15209,15225,14002,8644,22820,14660,10903,19486,17732,22353,5125,10161,20824,5563,20422,8351,22043,16251,2806,17293,16564,25181,678,19275,6468,21199,18490,19565,18425,5196,0,7600,2233,13623,16780,3280,16194,18587,14412,15002,18711,14994,17449,15192,17003,20254,16580,23155
28632,16356,15714,13674,25001,22153,8910,13757,18334,15991,16242,4807,23536,18615,15328,9061,21821,19748,15426,22941,14755,9862,27056,16172,19267,21616,5805,15426,6537,14710,15804,18214,4404,12589,15205,8162,607,14985,6934,24993,14784,8090,3913,1663,2502,14971,19281,8931,19909,21398,16119,14692,2374,20614,5095,19823,16765,5346,14322,8238,5445,4557,5134,17382,2001,17600,13725,14884,16041,16041,16119,17030,7816,13855,26009,12326,15671,2396,1078,4147,21475,14048,7776,13489,18367,21095,18417,22984,8991,19960,22009,19235,21694,2151,15001,7950,18805,6576,17576,4952,100,4262,18736,16181,9371,4851,6161,2387,7653,4390,2726,15426,27617,16837,16820,4147,22957,15205,5400,13870,3839,15341,2151,8579,15817,4903,5386,16263,9642,19921,5818,21550,21351,14035,19642,16119,23818,4420,15661,18680,19075,13797,14626,18805,14631,4516,9441,20175,5394,18804,20747,4474,21964,22914,17252,16119,8020,18915,2232,13694,16001,22261,20909,17068,4147,19730,23881,18848,17615,4131,15867,15042,16981,18346,0,26155,24696,7398,19708,8978,6572,8131,17252,17011,6528,5233,26783,13285,15186,23601,25587,8092,13874,14816,15487,9645,25364,16836,13737,509,20436,21434,21570,21586,16275,15005,26613,16407,15006,25571,13691,26305,3709,16122,19290,4147,21297,14712,25245,16316,4131,9033,16061,29229,5753,25278,2381,22936,18980,13600,17764,1205,6345,0,4474,15171,13255,3605,20717,17267,18558,8481,20992,16792,18867,21553,17021,18898,14822,29663
27809,14908,14283,9476,19965,20638,9285,9559,16052,11794,13557,5758,20315,16346,16255,9710,22505,19124,11228,20027,13924,15406,26758,16948,18457,18711,3501,11228,9420,13078,16807,16234,6612,8391,11008,8202,3685,14132,2736,19918,17496,8349,5969,3358,4524,13077,19407,14951,20713,19831,11921,13767,4503,21530,7551,16309,17384,8099,10124,9055,8191,359,7455,13184,3566,14798,9527,17496,11843,11843,11921,18199,8677,15659,20752,8128,11474,4526,4202,3606,20032,9850,8268,16390,16656,17807,18098,19746,9289,17458,21184,16328,17496,3716,13089,8215,18065,4271,13378,7239,3110,1365,16044,17012,9537,2673,1963,4516,8921,3849,4839,11228,22215,14063,16514,3606,19717,11008,8048,17496,3298,11143,3716,8350,14553,7580,7894,13778,16096,19096,1894,19029,18122,15911,17777,11921,20728,6196,11463,15892,16680,13352,13263,18237,10433,318,9417,18764,8015,17861,20003,0,18542,19778,13054,11921,8834,16475,3309,9496,16806,20456,18172,17949,3606,18394,23324,17892,13417,849,13655,13282,12783,15671,5643,20884,19534,8627,18434,13590,2648,8573,13054,14025,2947,7552,26406,12931,13184,20701,22723,9099,9676,13155,11289,13683,23678,16092,13089,3480,19898,19798,17372,17388,16133,10807,21423,13605,13066,20340,13936,21073,3168,14757,19876,3606,17851,10514,21459,15170,849,9845,13669,23714,1555,22150,4510,22129,16867,16529,15344,3238,2148,5643,0,15786,14222,1323,18061,14063,13678,8595,17817,17157,16217,17355,14010,16768,13791,26531
28001,6351,6457,9787,7762,9546,8616,8396,5125,10541,6418,21785,6500,5384,903,9475,14781,6075,10158,8469,4590,9984,14501,5605,12906,6642,15265,10158,22019,20708,8811,12259,17041,10545,9951,7522,15392,8285,13641,8096,6612,8086,16266,17461,14167,6393,8726,16683,9264,8604,10851,7181,17232,11709,16775,6242,8088,20045,6150,9646,20112,15479,17978,4264,17774,7472,9837,6612,10774,10774,10851,4198,9620,8888,8936,10873,7316,17906,16543,18726,9546,18769,8632,16412,6242,9623,12259,11617,8421,5882,7746,3741,6612,17794,18958,8075,13036,16036,4458,17709,16576,15429,9844,8541,8151,15011,14219,18242,14125,14911,14416,10158,9871,2576,1162,18726,5229,9951,19596,6612,16127,10073,18223,6853,8691,17476,18956,6908,15970,6038,16724,5867,3742,9070,6218,10851,6992,15672,10393,9355,5307,4671,6112,12167,6980,15438,7604,9546,19468,9746,12498,15396,9546,11617,9126,10851,9560,4958,15650,9807,8501,8586,13036,10906,18726,9546,8427,6377,4824,15969,8377,4781,9391,8226,16844,8969,8166,13846,9568,15053,14412,8584,9120,1910,14711,16377,14356,6475,7255,9356,9871,14768,9312,7226,5298,9865,17987,8871,19145,15111,12451,8577,5839,5824,2912,6314,8979,6337,4146,9296,8575,8550,13310,22680,9568,18726,8577,6050,17987,7396,15969,9951,6908,14356,14490,8246,20743,8256,11950,16536,8326,17543,13233,16721,15396,0,13440,16443,4960,3545,2209,7772,9579,3155,9509,5730,2085,11998,6934,14356
38263,5730,6263,14961,17185,8116,1707,9973,9465,5399,5381,19604,16995,9562,15138,1041,9174,15265,7745,18161,6817,199,23113,6293,6449,18864,19289,7954,8251,27381,4220,3952,6353,15968,8190,3007,9625,4663,17226,17333,5354,2595,6465,17494,7568,16522,8376,2106,7445,7854,7863,4764,17183,7778,6585,7758,5600,7536,8675,1778,7504,16661,6222,7104,16935,5717,14698,4249,6880,6798,7962,16027,2200,1567,18397,9135,7067,17693,13748,14584,7635,24470,2494,1131,8019,7505,4038,7976,1839,14375,16944,15434,4575,19330,25094,2700,6051,17666,7235,6222,9953,16948,5615,4798,2009,18975,16266,20139,2685,9896,7420,7914,19554,14817,14130,9201,18385,7982,7125,5680,9848,7875,17746,3440,2027,7308,6656,4904,2287,14697,16233,13330,17217,1489,7722,8065,18412,5812,7289,5824,14765,7452,5796,5713,8960,14002,2552,8240,7031,5415,5931,14960,8048,7745,5281,7157,1998,13456,18606,16344,4747,8777,6262,5257,13734,7827,19974,15490,6699,14618,4264,7484,5399,5509,13544,20398,17578,2831,7677,2006,16847,2230,5263,15824,18509,6179,20919,16671,15353,18622,22127,2000,16001,14035,6764,411,14844,5066,27841,9568,5410,8016,5000,5504,17270,7455,18350,5663,7655,19998,1804,18402,14355,30260,7415,15171,7922,8182,9931,5784,15865,989,4686,20623,17715,17852,21328,19760,4426,1203,4838,18098,18495,14609,15675,14813,0,17220,14626,16972,14957,2624,7223,16149,5543,5689,15941,4436,5045,23254
24177,16400,15618,10304,23136,22099,13707,10387,18982,12621,16450,5025,19396,19307,13232,15711,21735,20374,12056,20986,14752,16952,27848,14433,19845,19680,3667,12056,14599,13906,16661,17655,7413,9218,11835,9282,4107,15527,3564,20932,13519,9425,6793,3252,5309,13904,20822,16412,22208,19314,12749,15157,4397,20893,8297,17599,17150,8744,10952,14734,8839,1187,8239,14011,3460,16162,10355,14124,12671,12671,12749,19027,9718,15635,21732,8956,12301,4420,4416,3500,19510,10678,9333,17901,17939,21096,17842,23257,15118,18563,22294,17312,14947,3610,13917,9289,21446,4437,14206,8029,3483,891,19205,16834,15484,2474,2790,4410,9921,3743,5617,12056,23190,15110,17341,3500,20777,11835,8734,13847,3192,11971,3610,9429,15982,8251,8627,16713,17548,20285,2447,18426,19196,17483,19196,12749,21834,7083,12291,17264,17818,14180,14613,21649,11261,1146,13892,22136,8711,17594,21544,1104,21896,21143,13882,12749,9880,19401,3203,10324,18348,21874,19560,17680,3500,19725,22183,19082,14245,761,16597,14217,13611,17051,5536,24096,22606,9629,21793,14921,3202,9642,13882,16531,3158,8338,27480,13749,14011,23874,23688,14774,10504,13983,12117,15086,25104,19277,13917,3932,19464,19275,18200,18216,15068,11634,22441,14962,13893,23495,16934,22070,3061,13152,21355,3500,19165,11342,22765,18224,761,14420,15061,24696,2383,23235,4404,21056,20153,16367,18452,3132,2975,5536,1104,16614,15624,0,17523,16474,14585,9674,21122,17985,19400,18183,16504,18185,15173,25040
32341,5642,5747,13287,4738,8512,8889,12368,766,14905,5708,23992,5305,649,5525,9685,13747,1044,15689,5556,5637,9903,11595,5354,11872,5349,19337,14642,22011,23651,8101,11225,17756,13505,16038,8203,18863,7575,18321,5183,5902,8732,17216,21966,17127,13552,7692,17204,8230,7570,16972,6471,23561,10675,20834,5464,7378,22463,10307,13456,22499,16484,20269,6058,20372,6762,13810,5902,15488,14858,17264,8009,13625,8503,5912,16675,11753,24304,20071,18253,8512,23622,9362,14759,5464,8589,11225,10584,8666,1251,4366,2679,5902,22585,23823,8782,12002,17724,6252,20054,18665,16903,7938,7831,8242,20047,15938,24738,16649,17346,17285,14510,6846,3835,5785,15626,3819,13762,19901,5902,18284,15847,20868,7440,8132,19741,19261,6198,16205,2175,17888,828,2783,8636,5440,15928,3988,18194,14929,8321,463,5354,5402,11133,10616,17739,7689,8512,21793,8197,11465,16640,8512,10584,12231,15114,13448,234,21984,13779,7791,7552,12002,8071,17897,8512,5402,1302,5878,16846,7668,5613,12495,7516,20895,5944,5253,16459,8534,15498,16827,9176,12224,3577,17000,18424,11450,13409,11715,6331,6846,14164,13285,11686,9748,9862,16953,8161,26463,18607,11417,7543,5778,5794,6722,9265,5955,5627,5699,6271,8233,5525,17424,28038,8534,16811,7543,10364,16953,6686,18244,14854,6198,11450,17692,5334,23131,5343,10916,16360,7616,20097,17849,18797,16387,5057,13270,19314,0,5337,6020,8281,8545,6966,8475,5761,3753,10964,6224,11450
30540,8995,9101,11622,6107,12190,14817,14236,5388,15560,9062,23800,4588,5647,4005,14579,17425,6338,15177,5491,6724,16733,10453,8249,15550,4633,15851,13343,22229,19753,11455,14902,17713,15516,15987,9120,19314,10929,14734,6081,9255,9685,18744,17769,16386,6172,11370,18993,11908,11248,15696,9825,19120,14353,20971,8551,10732,22527,12174,14878,22594,15296,18563,6398,17967,10116,11673,9255,15793,15572,14498,3977,14874,13621,6132,14700,13620,19789,18656,16097,12190,21826,14950,16873,8551,12267,14902,14261,9955,6145,5737,3573,9255,17923,21934,9683,15680,14546,6592,20190,17135,14289,12487,11185,9650,15239,19190,22145,17953,17171,18343,15177,7608,3757,2743,13879,4110,15987,22078,9255,16723,15092,20188,8424,13297,21742,21437,9551,18031,6302,21695,6130,3444,13849,8527,14755,6873,16471,15413,11999,5570,7490,8756,14811,12484,13793,9092,12190,21949,12390,15142,14115,12190,14261,14098,14248,16290,5222,17465,11642,11145,11230,15680,13550,15489,12190,6772,6640,6631,14472,11021,6915,14363,10870,19138,6164,5077,17658,12212,17144,15130,14850,14092,2897,15376,20531,10308,6254,10940,6220,7608,17115,11147,10911,11615,16582,20631,11514,22137,17239,15094,11221,8483,8467,2691,11133,6716,8981,6280,5883,9984,6287,15247,21313,12212,14718,11221,11818,20631,10039,14201,16776,9551,10308,19461,5548,22708,5436,14594,18715,10970,19614,18203,19031,15499,3170,15399,14947,5223,0,1986,9345,12223,2935,12153,8374,3072,14642,9577,10308
27802,7388,7493,10961,8153,10582,9814,9097,5516,12838,7454,21228,5513,5775,2907,15567,15817,6466,12273,6415,5626,14738,11553,6641,13942,5557,14080,12273,21754,19574,9847,13295,19000,11581,12052,8768,18832,9321,14677,7005,7648,9333,18224,19155,15925,5075,9762,18484,10300,9640,15200,8217,20654,12745,20446,7225,9124,22004,7186,15886,20025,14898,18087,5300,17597,8508,11012,7648,12888,13665,15484,2880,14405,9969,7056,11784,8353,21393,20085,15646,10582,19608,9896,18106,7225,10659,13295,12654,9612,6273,6662,4131,7648,17566,21741,9331,14072,15703,5495,19666,16706,15352,10880,9577,9312,14915,15255,21735,17434,16709,17832,12273,8532,2967,1645,13455,5035,12052,21554,7648,17960,12188,19794,8075,9732,19253,18974,7944,17574,6429,17761,6257,4132,13424,7201,14307,7798,15996,12508,10391,5698,5707,7148,13203,8016,14776,8755,10582,21425,10782,13535,13746,10582,12654,10162,13788,15776,5349,17100,10981,9537,9622,14072,11942,13658,10582,8818,6767,5860,14092,9414,5818,10427,9263,18669,7089,6001,15549,10604,16683,14787,9830,10156,2192,15028,18152,11408,5157,8291,7145,8532,15062,10487,8262,6334,16090,19023,9907,19911,18519,13487,9613,6875,6860,1594,11260,7641,7373,5182,6807,9660,7211,16371,23348,10604,15781,9613,7086,19023,8432,15230,16273,7944,11408,15527,6473,22316,6360,12986,16536,9362,17417,14269,16838,15075,2073,16485,16075,5350,1986,0,8996,10615,1837,10545,6767,2367,13034,7970,11408
34871,4022,4691,8773,16605,7423,920,7386,7747,3216,3742,19328,14558,7888,7992,1743,8661,8834,5654,15879,4524,2427,21108,4387,6302,14718,14445,5913,8585,21800,3645,4033,5780,8450,6095,411,8212,3407,14071,16724,3278,501,5612,13561,6269,8748,7268,3678,7015,7012,6007,3330,16500,7484,6412,6443,4718,7514,6051,1921,7516,9196,6011,4626,14517,4436,8576,2478,4887,5032,6149,8560,2014,2143,17897,7007,4444,15546,9077,7990,6923,23662,1120,3598,6738,6715,4170,7680,798,9180,14691,9663,2552,15032,24297,609,5921,14618,4837,5918,8402,9425,4834,4067,942,14298,9907,17743,3133,8060,6222,5853,17519,8005,8256,7152,14177,5770,7115,3674,8231,5793,15288,921,2418,7119,6615,3442,4296,9356,9915,8497,9803,2321,6366,6294,15869,4955,5124,4913,8418,5160,3997,5823,6340,8408,986,7519,7015,4775,5894,9114,7319,7554,2948,5380,1888,8415,14372,8675,3952,7830,6081,4714,8255,7123,16116,8752,4239,8922,2907,5163,3083,4618,8683,16358,16848,3012,7037,3610,13757,895,2901,8623,15137,6010,20975,8835,7991,16410,19905,2442,8392,8046,4248,2250,9649,4519,24487,8104,5594,7115,2616,3020,9419,4860,16363,3991,5311,17564,1939,17985,8849,24346,6730,8371,7015,5559,9480,4618,8732,2192,3230,18737,9786,15640,18864,15698,4568,3692,4051,14037,13611,8481,8595,7772,2624,9674,8281,9345,8996,0,6530,8617,4859,3186,8694,4521,3557,21162
40944,7368,3959,15947,11338,221,6724,13782,7307,15300,3861,25016,12589,7535,9058,7296,6838,9763,14631,12157,6658,7167,18152,4744,4963,12610,21957,16582,21935,26799,3695,3763,17942,17532,15113,6672,18872,3576,19181,11784,4921,7030,17629,23008,18257,15302,1208,9279,367,1086,15534,3670,22354,3766,17120,5816,2334,20464,10702,8044,20461,20113,16590,6761,21598,3199,15747,4921,14002,16032,15777,11367,8324,5684,12512,17695,12147,25347,22133,17530,221,29368,7619,8238,5816,297,3763,3675,6518,9570,12289,9249,4921,21919,27005,7137,5093,20108,6956,16472,20858,18641,2472,3189,6018,22318,18331,23487,9359,18010,16587,16452,13446,9160,9317,18121,11177,15894,18034,4921,20516,16322,22250,6030,5200,18060,19146,4050,9500,9726,18520,8049,9250,5736,5793,16020,10680,15147,15276,2352,7490,6058,4421,4224,11011,17525,5611,221,19730,2374,4054,20161,221,3675,12625,16459,8129,7141,21295,15847,3263,1068,5093,2411,19303,221,12003,8559,6582,20163,3669,6317,12890,2472,19274,12545,11854,9335,212,9182,19173,7313,12619,9525,21240,16584,18007,15495,12109,12931,13446,8562,16497,12081,10142,7214,10045,2843,29969,18672,4508,1059,7051,7035,10081,9660,12555,7354,6403,12872,5520,12125,18581,31887,212,17921,1059,10758,10045,2976,18002,7740,3670,18007,20205,11934,24365,11943,3454,8274,3165,23375,20622,19047,19638,8590,7223,19164,7142,10715,9378,6530,0,10325,2138,6942,9700,3503,4076,18007
29298,8209,8315,11305,9612,11404,9487,9919,6974,13660,8276,21430,6479,7233,3729,13688,16639,7693,13095,7479,6448,14417,11897,7463,14764,6620,17123,13095,20606,19606,10669,14117,16058,12403,12874,8338,15529,10143,15499,8068,8470,8895,15310,17242,14544,5418,10584,17868,11122,10462,13787,9039,18717,13567,19186,8047,9946,18782,8008,15243,20777,17337,18699,6122,17437,9330,11356,8470,13710,13710,13787,220,13753,9859,8120,12606,9174,19453,18338,20584,11404,19627,9411,16081,8047,11481,14117,13475,9301,7500,7725,5590,8470,15768,19780,8872,14894,17894,6316,16708,15105,17287,11702,10399,9063,17617,16077,19780,15104,13517,16338,13095,9595,4425,2467,20584,6098,12874,20282,8470,16191,13010,17814,7706,9687,18055,17847,8766,17082,7887,18582,7716,5591,14651,8023,13787,8861,14837,13330,11213,7156,6529,7970,14025,8838,17296,8527,11404,18290,11604,14357,17254,11404,13475,10984,13787,13696,6807,15315,11325,10359,10444,14894,12764,20584,11404,10276,8226,6682,17827,10236,6639,11249,10084,15321,8152,7065,16318,11426,17784,16271,9394,10978,3759,16569,17040,11752,5501,9113,8208,9595,14437,10830,9084,7156,15701,19845,10729,19985,16797,14309,10435,7697,7682,1937,8172,8704,8195,6004,7871,9544,8274,20146,21453,11426,20584,10435,7908,19845,9254,17827,14303,8766,11752,16349,7536,20333,7424,13808,17851,10184,15658,15091,15236,17254,2895,14652,18301,6809,3049,1952,8617,11437,0,11367,7588,3934,13856,8792,11752
36793,3843,3043,14808,12320,2194,5013,13745,8289,15069,2869,25583,13571,8516,10214,5582,6886,8929,14686,13138,6331,5478,15119,3387,5010,13592,20486,14686,19442,28282,1901,2189,14079,14673,13328,5029,16893,2220,17924,12765,3564,5355,15243,21042,15982,16283,2186,7580,1912,2064,13634,2313,20562,3814,14885,6798,977,17993,11683,6331,17987,16741,14356,6434,21911,1842,14587,3564,15302,15302,15283,12523,6614,3990,13494,14346,13129,23356,19938,17417,2194,25460,5931,6586,6798,2271,2189,3722,4809,10821,13271,11763,3564,20254,28522,5468,5140,20691,6629,14246,17000,18867,369,1265,4309,18802,18773,21700,7645,16195,15980,14686,14428,10142,10473,14694,12903,14479,17403,3564,16709,14601,20568,4433,3516,15831,15127,2693,7828,10708,17182,9031,11867,4055,6774,15540,11662,9801,14921,995,8471,5731,3064,4272,11993,15931,3918,2194,17257,271,2536,16749,2194,3722,13607,15379,6418,8122,21619,16199,1339,2046,5140,470,15874,2194,12984,9541,6255,18395,2312,5990,13872,657,19130,13526,12835,7624,2216,7484,17842,5618,13600,9924,17912,14347,15099,16477,13091,13913,14428,6848,13913,13062,11124,5516,10092,902,28725,16708,4555,2038,3812,3827,11237,10641,13537,3829,6076,13853,3814,13107,16888,30769,2216,16226,2038,11327,10092,1619,18079,6030,2313,14775,16995,12916,22620,13083,1880,6628,1240,21453,19232,17118,17874,9746,5543,17602,8124,11870,10534,4859,2227,11480,0,3921,10099,1928,2719,13882
34806,1312,2124,12284,9451,5475,4064,10893,5971,13430,1379,17414,10702,6199,6267,4917,10520,7242,12865,10270,3550,5504,17751,607,8645,10724,16893,12865,15897,19651,3771,5461,7628,12173,12644,2918,8723,3246,15269,9897,1558,3480,7213,13268,7219,13432,7028,6834,5193,6906,13557,2142,14749,7448,8519,4171,3049,9630,8832,5041,9660,17107,8138,3654,15392,2432,12335,1558,13480,13480,13557,8576,5019,4641,10625,12501,10278,15400,9646,20354,5475,21411,4029,6742,4171,5552,5461,7357,3884,7049,10402,7112,1558,15742,21906,3469,8775,17664,3848,7981,8680,17057,3609,3501,3692,17387,15847,17499,6087,20597,7313,12865,14276,6369,6526,20354,9131,12644,9278,1558,20046,12780,16106,2279,4592,9135,8804,1868,7479,6867,18352,6713,7113,4838,4148,13557,8793,6681,13100,3541,6153,2950,1058,7906,9141,17066,3194,5475,9183,3867,5807,17024,5475,7357,10755,13557,4955,5804,13658,12304,3461,6888,8775,3742,20354,5475,10116,7223,3474,17597,3338,3209,11020,3187,22391,10658,9967,5890,5497,6773,16040,3979,10749,6151,16339,8170,17537,13625,10239,11045,14823,5519,11809,10211,5360,5361,13727,3831,20057,8550,8190,6880,109,93,7290,7790,10668,1298,3295,10985,4330,10239,19916,21984,5497,20354,6880,8888,13727,3099,17597,5377,1868,17223,16118,10047,16737,10057,5152,6832,3286,14971,14861,22391,17024,5799,5689,18071,5806,7924,6588,3186,5508,7534,4156,0,6326,5200,1894,17707
31561,6802,6908,14059,6458,10622,9486,12668,3820,15205,6869,23804,5517,4079,3137,15083,15857,4540,14639,7164,5786,15708,13197,6681,13982,5561,14592,14639,21622,22320,9262,13334,18888,13947,14419,8488,17232,8736,14995,6791,7062,9053,18142,19499,17578,7641,9802,16371,10340,9680,15302,7632,19075,12785,20307,6624,8539,19856,10606,14033,21946,15328,19783,6171,19794,7923,14110,7062,15255,15069,15590,5446,15490,9559,7632,14275,12052,19749,18389,14453,10622,20269,9632,15945,6624,10699,13334,12693,9278,4346,6666,2436,7062,19798,20408,9059,14111,14763,6366,19523,16889,15786,10919,8992,8956,15384,17622,22129,15488,15384,17839,14639,8566,1447,3396,13665,3925,14419,19433,7062,16482,14554,18353,7775,9300,21112,20763,7358,17144,4734,13368,4562,2437,9728,6601,14406,4764,15887,14875,10431,4002,5867,6563,13243,10916,15135,8395,10622,19314,10822,13574,15564,10622,12693,12530,13823,13948,3653,17477,14079,8952,9662,14111,11982,13960,10622,7122,5072,6020,14436,8828,5977,12795,8677,17135,7664,6006,15234,10644,16279,13913,9545,12524,175,14121,19849,13052,7723,9414,8051,8566,16197,13584,9386,10047,15567,19063,9322,20594,16953,13526,9653,6915,6899,4160,9564,7675,6788,5813,7991,9253,7245,16709,21910,10644,14605,9653,10663,19063,7846,14157,14333,7358,13052,17893,6942,20641,6365,13025,16050,8777,17758,16635,18760,15441,2669,14463,14974,3655,3090,3457,8694,10655,4404,10585,6806,0,13074,7384,13052
38358,5395,4850,15890,14788,3608,4374,13772,10757,17537,4421,25790,16039,10985,12682,4734,7692,11397,18185,13411,7883,4418,15607,4940,5817,16060,21411,13491,16623,29370,2214,622,14829,15667,13661,4804,16827,3752,20779,15234,5116,4970,14698,21323,14279,15040,4658,6539,3325,3872,13765,3865,22914,4620,14089,9266,2785,17053,14152,5582,17028,17404,13571,7987,22294,3394,15654,5116,18800,18800,13976,14991,5932,3012,14846,16287,15598,21391,19822,16183,3608,29099,5449,5368,9266,3684,622,4529,4211,13289,14658,14231,5116,22784,26876,5103,5947,21613,8181,14880,18777,19571,2276,2467,3738,19512,17928,21927,6847,18112,15667,13393,14440,12610,12941,15061,15372,17964,16452,5116,16786,14653,20959,4404,2512,15052,14274,4245,6659,13176,19875,11499,14336,3005,9243,15637,14130,9409,18420,2803,10940,7283,4617,5078,14461,18178,3538,3608,14796,2117,2573,17368,3608,4529,16075,18877,5716,10591,20019,17383,2715,3854,5947,1527,18050,3608,15453,12009,7807,18990,3844,7542,16340,2564,17405,14949,15304,6884,3630,6439,18692,5098,16069,12392,20645,14927,17216,15373,15559,13756,16453,6051,15086,15531,13592,4509,10898,1641,27057,18376,5362,3845,5364,5380,13705,13110,16005,5381,7628,14650,2947,13380,17303,29009,3630,16647,3845,13796,10898,3171,18687,5113,3865,16895,19673,15384,25245,15393,48,5393,2293,21797,18377,17146,18481,12214,4436,20043,10592,14339,13003,4521,3640,13949,1942,5473,12567,0,4271,17420
38283,1900,1225,13122,9904,3517,3997,11731,5912,14268,926,20845,11155,6139,7242,4745,8208,8079,13702,10723,4388,4921,16000,1444,6333,11176,17818,13702,17708,25652,2024,3713,9221,13011,13482,3612,14639,1499,17104,10350,1621,4052,8960,16714,9328,14269,3433,6853,3235,3427,14395,394,18189,5136,9930,4470,1302,16105,9669,5321,14621,14310,9530,4491,19266,685,13173,1621,14318,14318,14395,9551,5516,3534,11078,13339,11115,18824,15848,14772,3517,25418,4677,6171,4470,3594,3713,5045,3774,7886,10855,7815,1621,17841,25895,4137,6463,16353,4686,9421,16203,14687,1861,1754,3314,18044,14620,21299,6619,15242,9353,13702,12012,7369,7501,21192,10131,13482,15532,1621,15867,13617,18158,2907,3199,14058,14804,80,7270,8292,14762,6653,7816,3678,4446,14395,9246,8336,13938,1443,6094,3788,1121,5594,9979,14884,2789,3517,13960,2120,4060,14319,3517,5045,11593,14395,5353,5745,17205,13142,1714,3409,6463,1994,14828,3517,10569,7163,4312,15722,1591,4047,11858,1440,16590,11111,10420,6535,3539,6765,16998,4422,11587,7040,15489,9535,15895,14463,11077,11497,13506,5860,12647,11048,6198,4884,11979,2004,23678,15916,6443,3360,1869,1884,8265,8628,11121,1886,4133,11438,3255,10691,15959,28176,3539,13818,3360,9726,11979,1369,15406,5240,80,14126,16065,10500,22297,10509,3405,6236,1539,17072,15043,16336,15200,6637,5045,16723,6644,8762,7425,3557,3550,8372,1811,1978,7215,3453,0,14596
38444,15298,17182,20347,10018,21059,21916,20608,13339,20792,15728,34901,7398,13829,16241,22996,28147,13213,24701,6485,13991,20974,188,14831,14970,7419,27045,22806,30386,29559,17147,16269,28825,22865,24986,19151,29814,14990,25923,7755,14966,19824,25610,27741,28060,16032,20239,26057,20777,20117,23616,14945,29136,30070,30081,16899,15119,28772,16888,21627,28803,23972,29514,16298,30891,14953,22358,15944,24621,23177,23881,12794,21852,20970,7047,23098,18869,29810,31124,24463,21059,29677,22773,24840,16899,21136,17894,29720,21590,13020,8016,12361,15841,30890,29681,19906,15408,24702,14142,29303,29517,26879,13741,14785,20919,25394,23016,30145,23326,25349,28254,24990,8985,14550,12250,23621,7825,21874,31179,15894,26385,24844,28418,18146,20332,28136,30471,14770,26578,12292,23369,13804,12465,21111,16875,24146,10143,27449,23985,13422,13210,13368,15336,14714,16251,23792,20152,21059,28160,14065,14253,26660,21059,29720,22194,23406,21652,13229,30359,22392,16349,20099,15092,15784,24008,21059,11126,12766,16510,27005,17184,14861,20248,13832,27050,7086,7215,25554,21081,25925,26327,22460,22050,14539,24109,26810,0,16537,15100,6897,8985,22341,19223,15591,16910,23113,30799,16029,32911,26783,15100,20090,17822,16118,11162,17544,8479,13927,13455,6892,20635,8920,27784,30819,21081,24640,20090,16849,30799,14822,26695,21512,16605,0,23208,7339,33844,7227,17507,24912,16222,30664,25520,26914,24072,15772,21098,27598,13462,10989,11735,19200,21092,11752,15301,16066,14714,15806,16087,0
