0,1271,874,1460,1266,1463,1501,1239,835,709,820,1381,957,727,1129,1016,1140,1125,1205,526,1436,1189,1439,652,912,404,1595,668,353,411,855,1241,1492,709,838,1184,1219,902,1552,914,1048,634,1508,1349,855,1285,1346,987,1495,1099,855,836,1018,444,1546,1243,1171,1152,1528,152,1194,1241,1013,1446,1197,1147,1432,376,439,855,575,679,1082,702,1123,1254,1280,1093,397,1595,1086,1221,1308,583,933,633,1029,429,1075,1443,1346,1159,173,1046,1140,1358,454,1011,761,1435,1255,284,1241,372,1383,1104,1127,366,706,1502,958,1134,1286,1245,1093,1300,794,1556,1459,1827,429,1048,986,580,1528,1012,957,244,268,734,1183,301,687,208,1250,576,804,734,793,740,714,1170,1313,268,1111,1321,1508,1671,956,615,744,1483,632,1464,1259,1445,380,190,429,780,429,273,1169,1488,1362,813,1271,822,1104,548,1226,97,470,1353,916,1039,698,985,1604,1276,1075,1642,1410,1389,669,1071,1542,1369,1388,962,663,990,1153,353,527,985,195,1332,1325,255,929,1410,527,1372,292,1222,1254,1161,1006,1084,734,1184,1385,913,1158,1224,1164,855,691,679,1618,389,1054,1259,636,1017,1426,1575,739,1330,276,892,1702,1027,1299,1466,1286,1067,928,829,1215,1071,1571,1520,1375,1491,1286,847,700,1340
1554,0,1713,2146,1045,1554,2120,2091,1716,1084,1360,917,1351,866,2026,1395,1267,1837,955,1297,2220,1291,2143,1371,1710,1301,1643,1669,1586,1362,1540,2476,2074,1431,1642,2006,2171,909,2163,1921,1879,1226,1465,2115,1540,2131,2117,1611,1587,2284,1540,1710,1123,1570,2421,2169,1941,1924,2225,1333,1885,914,616,2179,1965,2161,1936,1337,1509,1540,1496,1689,1572,1602,2068,1959,253,2052,1466,2115,1780,2069,1881,1112,1731,1225,1133,1555,1593,2124,450,1923,1284,1738,1695,1447,1418,1079,1580,1726,369,1331,2476,1333,2181,1254,1758,1327,1728,1545,1545,1870,1959,2480,1590,1666,1137,2158,2019,2302,1356,1722,1381,1595,1485,1407,1916,1252,1397,1784,1910,1296,1409,1297,1955,963,712,1784,1689,1792,1045,1841,2004,1343,1261,1773,1465,2332,1730,937,1559,2065,874,2292,741,2015,1341,1306,1314,1123,1555,1577,1000,1598,1772,1628,1640,1519,1954,1076,961,1528,1065,2056,1715,1805,1308,1590,2111,2335,2041,2174,1767,1860,1706,1732,2532,2017,1755,1857,1701,1385,1520,1586,1441,1839,1288,1967,2090,1382,1269,2191,1441,2072,1597,1780,2015,1935,980,1439,1784,1811,1768,920,1076,212,834,1540,1066,1494,2125,1445,1463,2287,1455,1427,1481,2345,1554,2101,1579,1228,2001,1793,2113,2080,2100,864,1809,1907,1855,1652,2362,2109,1423,2260,1987,1532,1730,856
591,1327,0,956,1687,1945,1263,1261,255,1163,1270,1711,1371,1145,815,1357,1511,963,1681,453,520,1534,1041,1099,468,834,2092,933,726,1142,1306,613,1241,1156,198,737,728,1212,1344,44,537,778,1356,515,1306,472,520,1184,1973,368,1306,543,1281,881,872,943,733,891,1444,721,1078,1632,1398,1166,754,501,1329,905,673,1305,437,851,1048,634,822,973,1628,800,596,1423,946,921,1279,1010,489,777,1291,866,1130,1294,1724,888,748,905,802,1842,832,1517,247,1980,1449,646,613,901,901,1497,907,956,915,1939,1130,796,1176,617,1092,1842,913,1472,1198,1921,1072,944,1400,989,1376,1426,1077,944,632,873,696,801,1133,784,969,1057,1223,873,528,882,1125,1032,1030,630,1504,1185,1356,1516,690,1022,224,1232,1109,788,1612,1184,909,764,444,899,866,744,1567,1942,1905,221,1414,1284,598,864,1563,694,1199,878,473,763,1141,1177,1409,511,794,930,1960,1922,867,881,1505,939,1414,556,862,1405,1234,726,358,134,960,1073,485,617,1199,490,358,1075,544,1135,711,901,1319,1495,873,1045,1933,1223,1663,1303,1532,1306,1145,184,1423,575,1462,623,217,1426,1875,561,219,503,658,1213,1807,751,514,1193,501,1446,603,525,1070,930,1300,1337,1817,647,931,1298,968,1656
1430,1673,1161,0,2258,2141,894,2031,1426,1580,2039,1945,2060,1561,475,1343,2129,880,2368,1364,791,2139,250,1866,1485,1710,1973,1708,1575,1792,2073,1051,785,1923,1316,1296,714,1614,1190,1177,968,1218,1339,712,2073,800,694,1082,2171,924,2073,801,1633,1685,359,545,1328,729,1254,1562,1032,1944,1739,445,1285,1062,1175,1764,1350,2073,1270,1625,1031,1414,510,215,1985,727,1460,1233,929,523,1258,1428,1506,1217,1643,1670,1113,680,2082,930,1589,888,710,2005,1290,1908,1381,1967,1814,1482,1051,1760,664,2115,771,1754,1691,2140,1063,704,944,1055,1075,1829,1296,1282,1182,2620,1789,923,2090,1758,1359,2116,1852,1728,1468,1117,1301,1704,1901,1629,211,1475,1560,1117,1504,1125,1541,986,205,1466,2215,859,1339,1324,928,1340,1359,759,1527,544,1771,998,1768,1605,1308,1282,1670,1584,2265,1928,1892,1349,1259,2052,787,1453,2133,1532,1440,82,1490,847,1900,1271,1255,759,586,421,1947,1909,1642,809,1176,148,1397,1226,1636,2094,1217,1574,1214,1056,1583,719,686,1452,1763,762,1214,240,1395,1112,1269,743,1721,2183,1117,999,1920,1625,2276,1645,1834,2072,1562,1263,1269,1438,2150,1187,1224,2114,2076,664,1353,677,1508,1722,1617,909,659,814,646,2000,754,830,838,976,1284,1147,2018,644,134,2064,1742,1979
1399,589,1674,1911,0,1711,2157,1327,1677,934,920,361,933,964,1853,1429,725,2003,522,1258,2175,751,1906,1063,1672,1242,1797,1474,1541,1240,1232,2435,2111,1123,1604,2025,1969,1144,2107,1728,1844,1187,1622,2070,1232,2095,2072,1768,1745,2243,1232,1651,1277,1571,2170,1975,1960,2034,2281,1275,1922,578,841,1934,1984,2231,1956,1146,1363,1232,1458,1487,1773,1623,1867,1720,504,2101,1428,2051,1864,1868,1825,1226,1693,1186,1287,1556,1630,2161,519,1986,1226,1819,1853,1603,1112,837,1542,1883,327,1272,2435,1142,2339,836,1918,1293,1532,1702,1805,1841,2018,2439,1627,1823,1098,2308,2058,1936,1161,1856,963,1399,1642,989,1198,1198,1337,1672,1929,1243,1101,1239,1716,909,939,1672,1710,1680,1318,1878,1779,1284,935,1810,1622,2356,1889,1212,1521,2102,1062,2058,365,2052,1150,1248,1276,1084,1556,1404,458,1752,1931,1590,1675,1211,1915,1018,583,1469,1007,1821,1677,1964,1030,1747,2102,2251,1839,2210,1924,2017,1503,1892,2135,1780,1776,1876,1498,967,1554,1541,1403,1800,1235,2004,2045,1322,987,2146,1403,1826,1364,1819,2034,2049,1216,898,1672,1848,1925,1051,535,504,274,1232,1038,1456,2116,1407,968,2168,1417,932,1638,2307,1516,2056,1406,943,2152,1952,2068,2117,2055,686,1662,1631,1914,1853,2071,1965,1580,2214,1750,1224,1534,389
982,701,1189,1377,1221,0,1646,1500,1194,1119,1301,1099,1168,1101,1263,860,996,1111,1131,845,1600,1022,1367,1244,1137,1208,660,1175,1128,1327,1413,1865,1544,1304,1107,1535,1397,1141,1197,1230,1261,776,691,1503,1413,1510,1505,837,132,1629,1413,954,1050,1216,1636,1385,1473,1169,1246,1112,1148,1098,838,1397,1494,1555,1182,1302,948,1413,993,1094,798,1063,1300,1185,770,1178,1014,1119,1018,1301,1131,1137,1158,775,1059,1201,945,1589,852,1166,1139,976,934,475,1005,1010,1040,720,767,1033,1865,1298,1502,1071,999,1292,1158,146,771,1107,1191,1869,1141,663,687,1180,1489,2139,1354,951,1198,1235,711,1224,1320,1141,1019,1018,1436,1181,1282,1176,1181,1197,936,1018,1155,1026,1279,1102,1243,1017,1047,1254,691,1542,968,1171,1019,1535,1109,1554,917,1481,1306,1155,862,673,1201,1138,1224,629,773,1083,1152,1392,1230,1164,1168,1083,1153,1280,1142,1042,1222,816,1112,1817,1272,1674,761,868,1109,973,1564,1241,1008,1378,1104,1202,981,1128,896,1532,1160,1472,1478,1004,1177,1574,896,1295,948,1328,1544,1180,1213,1182,1018,1360,762,1152,1272,673,1008,1413,1216,951,1126,993,1252,1682,912,1216,195,1671,1013,1489,1064,1133,1020,1030,1502,1578,1489,1083,1037,1133,1085,880,1381,1182,299,1648,1211,1405,1210,1030
1077,1521,1107,526,1944,1578,0,1498,1065,1420,1682,1713,1771,1274,411,949,1689,630,1876,1013,948,1713,537,1511,1018,1368,1506,1345,1228,1423,1718,1343,545,1568,990,1440,587,1347,787,1123,607,1005,944,871,1718,826,853,689,1612,1131,1718,674,1418,1367,690,420,1357,302,850,1207,655,1886,1655,323,1378,1213,772,1398,1151,1718,869,1264,638,946,385,331,1596,368,1109,828,545,398,850,1450,1039,1004,1428,1352,722,596,1692,506,1234,507,465,1432,1313,1481,923,1387,1605,1128,1343,1394,541,1674,644,1388,1328,1569,670,577,536,1347,683,1240,916,878,502,2195,1417,542,1801,1404,964,1827,1489,1366,1114,804,1320,1341,1546,1271,327,1307,1479,804,1038,813,1387,609,387,1112,1681,449,944,917,618,1281,902,624,1282,668,1541,496,1402,1250,956,902,1352,1228,1854,1494,1303,966,851,1697,661,1411,1822,1178,1398,429,1023,422,1530,886,852,911,461,296,1358,1332,1279,669,849,390,994,1410,1274,1805,825,1228,780,1010,1222,395,846,1099,1586,921,780,418,1043,708,1414,318,1456,1858,804,622,1331,1358,1840,1497,1787,1718,1402,834,866,1088,1883,1340,795,1847,1505,820,896,837,1159,1545,1213,599,819,186,806,1698,627,702,430,595,601,742,1447,798,360,1710,1380,1642
974,1479,1176,1828,1495,1874,1871,0,1293,1371,1103,1388,1202,1304,1477,1339,1045,1592,1236,709,1610,1056,1826,932,1175,741,1907,508,838,975,1139,1667,1906,989,1295,1085,1573,1362,2022,1192,1437,1173,1780,1586,1139,1686,1619,1572,1902,1457,1139,1349,1443,848,2063,1600,1119,1532,2186,956,1828,1459,1496,1847,1189,1408,1866,1098,812,1139,979,600,1681,892,1488,1639,1683,1463,991,1942,1768,1489,1732,1169,1196,1172,1453,833,1537,1852,1779,1529,958,1726,1469,1768,1195,1420,1169,1804,1828,1156,1667,1094,1839,1188,1552,1032,491,1867,1538,1463,1926,1671,1534,1662,1309,2237,1863,1157,906,1597,1232,558,1800,1258,350,790,996,1300,1219,838,967,950,1635,1216,1570,1300,981,1211,1323,1783,1659,994,1111,1717,1736,2260,1309,1209,1137,1897,1298,1906,1438,1787,1102,987,835,1283,848,1133,1317,1757,1775,1213,1584,1177,1440,1200,1475,1065,1146,1743,1132,1385,968,1454,2017,1720,1435,1936,1830,1768,734,1467,2024,1671,1679,1179,729,1299,1451,836,841,1451,906,1682,1694,1004,1098,1680,841,1734,931,1695,967,1521,1527,1242,1203,1717,1803,1428,1387,1459,1414,1198,1414,1072,2018,963,1356,1268,1034,1320,1775,1746,1132,1774,1047,1112,2015,1373,1605,1858,1590,1317,1274,1212,1772,1570,1961,1826,1715,1808,1641,1190,537,1530
528,1291,316,1168,1529,1884,1286,1095,0,1201,1167,1518,1274,1081,835,1373,1420,988,1650,446,709,1443,1167,990,577,782,1967,774,658,847,1206,800,1250,1047,354,985,662,1163,1382,348,559,716,1368,626,1206,609,622,1185,1952,590,1206,561,1194,820,1164,913,926,899,1439,643,1128,1526,1375,1176,944,820,1370,825,889,1206,417,695,1081,511,822,974,1560,832,538,1442,961,891,1267,954,598,715,1204,805,1143,1255,1665,896,670,917,840,1788,783,1448,348,1835,1374,592,800,821,946,1398,881,815,757,1907,1150,834,1152,804,1083,1715,845,1467,1208,1696,863,959,1304,847,1388,1330,920,815,577,824,930,804,1025,703,970,982,1191,824,598,832,1061,1082,1046,576,1405,1198,1368,1525,696,957,329,1242,1033,1080,1324,1150,829,686,381,831,805,682,1526,1942,1778,340,1494,1185,609,1040,1484,618,987,1071,582,772,977,1177,1447,793,799,1332,1833,1771,710,855,1538,1029,1439,834,705,1308,1262,658,296,443,772,1072,601,563,1107,685,296,1088,481,1157,1048,908,1271,1397,824,1095,1806,1174,1482,1264,1423,1206,1183,298,1461,512,1365,923,336,1329,1843,752,324,606,597,1339,1721,760,624,1249,608,1326,615,530,1053,943,1324,1349,1783,756,999,1198,809,1539
721,1193,1169,1882,643,2210,2325,1191,1324,0,533,728,544,553,1505,1572,547,1632,765,854,1618,558,1888,356,1194,586,2171,801,897,585,571,1635,2282,413,1239,1336,1540,646,2253,1182,1438,1288,1982,1547,571,1577,1578,2086,2280,1437,571,1283,1657,845,2113,1586,1276,1547,2403,603,2043,653,821,1915,1295,1526,2097,466,797,571,955,789,1918,900,1495,1689,992,1507,876,2185,1994,1564,1968,422,1215,1287,1667,830,1779,2303,1102,1544,561,1950,1512,2091,448,933,1194,2074,1007,635,1635,462,1818,528,1531,643,847,2235,1949,1506,2143,1639,1767,1960,1229,2456,2240,1495,465,1986,574,713,2002,600,1014,544,689,1221,1281,602,391,567,1685,451,866,1221,998,1229,533,1999,1735,647,535,1956,1982,2490,1347,528,1174,2274,286,1948,631,2192,470,576,913,1215,830,754,672,2005,2023,1244,1822,550,1482,354,622,830,351,1791,1199,1423,361,2065,2248,1633,1471,2172,2078,2008,804,1505,2310,1747,1938,1183,799,578,1700,897,860,1428,587,2143,1519,675,90,1593,860,1811,774,1950,1361,1559,754,663,1221,1969,2051,657,691,1165,550,571,26,1109,2262,850,631,1449,1071,595,2171,1659,1170,1565,757,81,2270,1412,1584,2247,1569,462,1312,1251,2044,2018,2235,2092,2111,1723,1717,563,833,673
1186,1367,1445,2473,838,2075,2062,1330,1578,566,0,701,236,869,1707,2146,335,1801,670,993,1888,317,2463,267,1328,850,2726,930,1108,712,553,1909,2124,295,1501,1486,1793,945,2842,1458,1701,1506,2578,1820,553,1839,1843,1663,2143,1691,553,1490,1655,987,2721,1786,1426,1744,3016,986,2635,860,1112,2502,1445,1678,2688,599,1008,553,1167,928,2493,1034,1700,2285,1154,1705,1341,2755,1790,1764,2553,941,1349,1505,1665,972,2358,2023,1298,1741,944,1746,1717,1984,885,744,1459,2659,1125,1101,1909,595,2054,247,1726,766,976,2100,1644,1711,2068,1913,2348,2535,1821,3041,2082,1200,598,1791,266,842,2599,292,1153,856,1154,1410,1431,914,250,950,2283,969,1160,1410,1132,1417,1048,2591,2330,1113,511,2542,2579,3106,1544,1158,1371,2116,608,2183,838,2029,603,959,1119,1807,972,1221,577,2562,2597,1439,2425,532,1742,791,829,1297,784,2377,1333,1620,476,1655,2838,1891,1676,2155,2652,2599,943,1700,2939,2342,2541,1334,938,270,2278,1108,1068,1702,899,1883,1792,1140,651,1862,1068,2410,1240,2539,1511,1756,1049,366,1410,2560,2625,951,520,1285,754,553,739,1304,2852,1315,333,1602,1266,296,2036,1933,1366,1827,1223,602,2864,1608,1846,2075,1831,674,1508,1455,1968,1769,2200,2663,1976,1982,2312,545,962,646
1487,998,2114,2293,622,2047,2524,1122,2145,1029,793,0,675,984,2309,1770,499,2361,196,1207,2556,510,2281,913,2021,1521,2149,1603,1326,1382,1082,2559,2483,994,2172,1495,2365,1059,2459,2127,2275,1544,1964,2483,1082,2516,2515,2093,2115,2373,1082,2068,1627,1678,2539,2393,1532,2400,2614,1392,2246,644,1262,2329,1608,1858,2308,1277,1289,1082,1407,1147,2116,1727,2300,2103,948,2462,1645,2398,2194,2371,2174,1303,2042,1543,1637,1663,1980,2504,896,2339,1350,2152,2195,1956,1244,860,1972,2235,723,1400,2559,1273,2681,655,2223,1435,1140,2072,2149,2303,2379,2563,1969,2197,1455,2716,2441,1667,1273,2188,705,1518,1984,731,999,1326,1459,1709,1616,1374,879,1357,2099,977,1277,1709,1828,1716,1381,2202,2146,1413,524,2163,1964,2701,2230,1267,1954,2475,1082,2480,522,2393,1284,1366,1334,1441,1666,1522,233,2124,2314,2021,2049,1062,2170,1151,680,1598,1144,2197,2029,2306,1006,2072,2454,2572,2275,2540,2276,2392,1647,2197,2531,2158,2170,1984,1642,709,1900,1326,1353,2365,1363,2344,2458,1445,1104,2527,1353,2227,1542,2156,1476,2414,1168,695,1709,2172,2277,1070,305,916,488,1083,1120,1889,2468,1620,771,1782,1849,735,2008,2605,1949,2502,1524,1056,2541,2294,2522,2459,2509,716,2099,2037,2280,2215,2449,2305,1948,2507,2128,1075,1638,92
1283,1385,1534,2577,987,2322,2127,994,1672,665,246,752,0,908,1788,1859,349,1871,564,1076,1969,187,2562,368,1411,934,2444,1017,1191,803,649,1986,2206,396,1590,1566,1879,982,2549,1546,1794,1605,2290,1930,649,1926,1924,1743,2392,1779,649,1569,1926,1074,2822,1868,1506,1823,2708,1085,2338,922,1151,2600,1525,1757,2398,693,1092,649,1213,1014,2206,1118,1781,2385,1333,1786,1434,2490,2286,1846,2264,1031,1432,1604,1936,1059,2070,2088,1277,1821,1043,2244,1798,2231,974,783,1551,2359,1104,1198,1986,689,2132,195,1806,857,1063,2347,1724,1792,2471,1990,2059,2240,1903,2754,2164,1101,685,1862,40,929,2310,66,871,943,1251,1491,1511,1001,351,1049,2381,1059,1201,1491,1216,1498,1138,2294,2428,1210,251,2255,2290,2794,1624,1190,1451,2198,1005,2260,900,2116,697,1058,1205,1889,1059,1314,554,2278,2303,1520,2138,628,1837,880,831,1394,873,2468,1416,1700,572,1735,2544,1974,1757,2219,2358,2294,1029,1780,2627,2439,2259,1416,1024,44,1990,1191,1152,1790,986,1948,1900,1237,733,1945,1152,2506,1333,2248,1591,1833,1090,235,1491,2264,2331,993,497,1303,900,649,830,1384,2558,1408,202,1680,1346,165,2283,2016,1446,1908,1316,688,2590,1688,1927,2139,1912,817,1588,1535,2372,1849,2545,2397,2223,2069,2409,641,1049,623
703,802,1151,1668,648,1750,1873,1380,1307,442,566,797,551,0,1488,1085,482,1724,628,907,1600,500,1672,520,1209,566,1653,963,878,636,689,1617,1783,601,1221,1531,1523,227,1849,1164,1421,1070,1498,1528,689,1559,1560,1602,1816,1419,689,1266,1320,821,1892,1569,1471,1694,1894,583,1547,658,418,1690,1490,1422,1610,608,779,689,937,978,1421,1083,1478,1475,617,1490,859,1676,1498,1547,1553,367,1230,1069,1330,806,1283,1791,716,1526,541,1454,1495,1645,428,260,1176,1582,623,617,1617,604,1801,454,1513,598,1040,1765,1454,1489,1645,1621,1273,1459,1010,1922,1683,1678,653,1490,581,875,1518,607,1203,524,671,1203,1476,582,579,547,1471,97,463,1203,1181,1211,17,1502,1519,629,461,1457,1498,1981,1329,382,1157,1775,47,1858,636,1685,612,556,896,996,806,737,672,1488,1522,1229,1318,668,1465,334,629,813,331,1576,1214,1405,612,1581,1844,1616,1454,1857,1577,1517,993,1487,1801,1531,1424,1406,988,585,1209,878,842,1410,567,1673,1500,657,630,1576,842,1594,757,1453,1556,1712,329,688,1203,1475,1550,238,616,774,555,689,424,1092,1860,833,659,1527,1054,623,1701,1642,1152,1544,739,578,1755,1393,1563,1775,1548,467,1294,1233,1547,1518,1701,1584,1641,1702,1501,681,995,741
1429,1677,1425,870,2079,1731,614,1674,1410,1715,2052,1911,1921,1443,0,1153,1847,757,1998,1346,1425,1876,866,1875,1222,1664,1579,1676,1545,1762,2091,1619,564,1932,1171,1840,918,1488,958,1438,891,1193,1148,1217,2091,1189,1199,905,1798,1421,2091,1056,1573,1700,923,747,1522,474,1012,1547,855,2043,1869,672,1541,1586,946,1736,1321,2091,1051,1595,854,1118,710,675,1775,540,1445,1061,734,725,1000,1625,1243,1192,1583,1685,916,530,1880,675,1574,691,615,1599,1680,1646,1090,1583,1783,1488,1619,1732,858,1824,965,1726,1659,1746,888,897,692,1623,854,1461,1104,1040,704,2369,1779,727,1951,1744,1168,1977,1821,1718,1473,979,1527,1692,1910,1608,671,1482,1679,979,1219,987,1579,809,747,1472,1831,615,1148,1094,771,1468,1071,538,1450,992,1722,647,1740,1590,1290,1090,1685,1584,2026,1654,1524,1142,1004,2070,959,1614,2006,1520,1607,771,1227,591,1865,1047,1023,1260,789,622,1579,1518,1612,783,960,729,1201,1677,1607,1955,1035,1545,952,1302,1570,379,1190,1459,1894,1402,952,772,1386,868,1814,487,1599,2005,979,822,1552,1499,1990,1648,1942,2091,1697,1006,1037,1419,2032,1690,968,1996,1682,1170,1066,1181,1500,1855,1292,755,1163,527,1150,1842,948,998,593,782,820,922,1622,1144,699,2083,1711,1925
753,1011,982,1047,1357,857,816,1243,962,1041,1262,1244,1247,767,920,0,1167,777,1321,592,1295,1187,996,1233,916,924,1139,920,859,1074,1402,1423,708,1314,868,1285,990,817,547,983,926,510,466,1216,1402,1229,1211,570,927,1230,1402,655,932,970,1045,930,1226,628,771,868,482,1362,1181,801,1244,1346,528,1051,696,1402,743,841,349,816,893,854,1261,696,768,612,432,908,410,954,937,509,942,955,215,714,1365,588,895,392,632,730,852,975,791,706,1268,812,1423,1047,1041,1150,658,1041,903,877,383,683,588,1427,201,581,421,799,666,1835,1091,427,1277,990,486,1303,1066,893,797,776,1230,939,1292,928,850,808,1000,776,918,784,914,436,925,796,1157,398,466,852,544,795,772,700,774,1175,1046,609,1055,911,614,407,955,913,1364,975,646,845,235,1381,924,943,1325,843,936,950,921,620,1120,549,716,1446,861,805,701,644,856,632,842,908,336,1132,851,1281,132,859,653,1105,908,614,1191,783,1237,1272,653,902,710,388,1310,642,925,1339,776,410,674,828,1314,983,1257,1402,1023,707,730,742,1359,1451,669,1323,813,1350,767,1195,824,1190,681,608,1214,723,1199,1169,648,903,489,440,782,519,753,1323,878,1394,955,1259
1060,1328,1288,2568,930,2286,1901,685,1369,931,393,620,306,853,1508,1805,0,1633,436,797,1744,18,2554,512,1163,1076,2389,723,915,948,793,1752,2520,540,1284,1023,1592,928,2494,1301,1487,1954,2234,1759,793,1738,1830,1492,2356,1533,793,1287,1876,935,2092,1589,1059,1552,2653,1237,2283,864,1096,2592,1139,1387,2343,835,812,793,969,702,2152,869,1500,2376,1273,1508,1075,2717,2231,1567,2209,1213,1184,1953,1884,920,2014,2538,1216,1549,1195,2186,1517,2193,1152,726,1199,2300,1043,1352,1752,831,1698,97,1535,1004,706,2309,2183,1511,2413,1756,2003,2181,1892,2695,2475,1116,827,2222,336,1071,2252,362,563,1085,1410,1234,1147,1143,495,1201,2370,879,1145,1234,967,1242,1249,2237,2418,1364,45,2197,2232,2736,1352,1133,1180,2510,948,1989,840,2428,839,1210,918,1878,920,1470,479,2221,2244,1248,2082,772,1531,1058,771,1549,1051,2458,1168,1428,716,2315,2487,1760,1476,1976,2299,2235,749,1509,2566,2429,2203,1178,744,340,1934,915,873,1544,1128,1722,1734,1396,993,1720,873,2496,1017,2191,1004,1564,1034,238,1234,2207,2272,936,549,1243,842,793,1021,1114,2501,1049,335,1311,1076,298,2245,1787,1175,1814,1472,945,2536,1416,1824,1898,1809,767,1316,1254,2315,2249,2484,2340,2185,1848,2399,785,758,651
942,1290,1195,698,1844,1731,872,1375,1187,1488,1571,1706,1697,1219,400,1288,1623,0,1771,862,1108,1646,714,1394,921,1194,1861,1183,1056,1264,1610,1390,805,1451,875,1290,626,1266,1013,1208,622,965,1276,1027,1610,891,1022,1090,1797,1196,1610,622,1342,1247,665,453,1231,146,1066,1059,1033,1820,1637,757,1249,1351,1001,1240,1025,1610,748,1104,988,821,418,539,1382,339,957,1115,868,431,1179,1404,942,964,1352,1232,1050,810,1486,232,1086,825,309,1626,1192,1422,796,1728,1389,1001,1390,1236,410,1600,624,1230,1166,1746,1055,388,700,1394,990,1608,876,1094,763,2070,1281,866,1727,1255,1296,1753,1329,1226,986,771,1235,1198,1429,1119,535,1260,1450,771,923,779,1360,987,580,985,1607,747,1276,1148,301,1246,777,797,1226,529,1520,705,1244,1102,803,862,1232,1101,1814,1861,1671,850,1059,1589,676,1391,1780,1033,1380,619,925,261,1474,1082,1078,1180,498,943,1726,1664,1119,598,1012,591,1339,1137,1114,1731,1169,1056,658,1071,1081,669,1002,972,1666,1084,658,667,899,1062,1315,157,1376,1794,771,1000,1699,1277,1767,1263,1719,1610,1470,712,1092,931,1810,1456,674,1774,1682,1032,772,1006,1015,1621,1344,309,1026,859,1012,1623,614,868,601,850,879,976,1622,1165,561,1602,1218,1614
1359,1067,1966,2714,577,2054,2590,1027,1995,880,685,175,556,881,2169,1833,404,2426,0,1470,2408,415,2700,788,1857,1361,2156,1444,1639,1225,957,2417,2548,869,2021,1401,2213,956,2523,1979,2118,1551,1971,2346,957,2375,2374,2100,2124,2232,957,1931,1634,1515,2962,2254,1926,2466,2682,1265,2312,513,1124,2734,1515,2161,2372,1117,1537,957,1675,1458,2180,1565,2161,2522,993,2174,1511,2464,2260,2232,2238,1169,1878,1550,1644,1500,2044,2569,958,2405,1223,2218,2169,1963,1114,756,1835,2243,785,1273,2417,1113,2446,459,2181,1278,1045,2079,2191,2163,2422,2421,2011,2205,1462,2723,2484,1442,1112,2231,586,1356,1991,612,904,1203,1332,1936,1933,1252,770,1229,2518,831,1154,1936,1662,1942,1258,2245,2566,1285,396,2206,1971,2745,1993,1142,1816,2518,957,2912,492,2436,1121,1238,1547,1448,1501,1390,106,2131,2322,1883,2090,936,2165,1020,579,1470,1013,2606,1862,2069,880,2079,2495,2423,2135,2583,2284,2402,1474,2155,2577,2577,2211,1824,1469,590,1942,1639,1600,2221,1241,2387,2318,1318,941,2377,1600,2644,1409,2199,1382,2457,1043,608,1936,2215,2285,945,178,985,483,957,975,1751,2509,1485,685,2081,1712,649,2015,2455,1811,2358,1392,896,2548,2057,2378,2502,2365,599,1960,1899,2323,2257,2495,2348,1955,2495,2547,949,1476,206
566,1178,516,1205,1124,1697,1308,747,781,859,787,1213,894,847,870,1002,1037,1023,1262,0,940,1058,1204,610,547,177,1773,408,433,535,825,983,1267,667,568,1010,808,937,1622,528,711,754,1434,883,825,903,917,915,1764,783,825,661,1086,311,1320,951,983,917,1457,387,1144,1141,1102,1214,1001,757,1455,349,88,825,248,327,1139,724,859,1011,1279,869,576,1459,977,929,1331,718,568,753,1096,296,965,1272,1383,914,360,933,877,1592,822,1221,527,1869,1286,618,983,345,1090,1020,898,289,392,1711,895,871,1325,987,1139,1369,883,1485,1225,1330,567,975,924,410,1453,950,561,289,615,654,987,352,645,352,1007,745,1153,654,703,662,827,1098,1083,630,1027,1214,1433,1542,713,711,543,1259,796,1225,1119,1167,353,400,419,869,296,720,1148,1749,1432,592,1557,804,750,693,1106,478,622,1108,552,789,597,906,1616,951,836,1372,1909,1434,348,872,1556,1066,1507,739,343,928,1320,433,173,772,305,1113,855,601,731,916,173,1125,519,1318,984,926,1042,1016,654,1111,1460,945,1183,1150,1036,825,841,450,1630,550,984,860,412,948,1647,982,510,901,634,1010,1740,777,920,1289,906,948,680,630,1226,1024,1341,1366,1587,1045,1036,817,444,1158
908,1606,779,475,1958,2177,963,1485,895,1613,1554,1853,1665,1479,570,1453,1818,640,1969,844,0,1582,559,1377,932,1103,2187,1165,1037,1245,1593,627,994,1434,784,903,545,1549,1295,792,483,1117,1455,213,1593,190,191,1400,2247,495,1593,767,1522,1204,452,482,898,616,1350,1041,1160,1921,1788,659,892,650,1283,1222,951,1593,787,1086,1160,882,515,531,1886,560,939,1401,1040,460,1350,1410,953,1116,1518,1189,1222,906,1992,708,1070,988,772,2076,1174,1867,808,2090,1659,983,627,1243,690,1838,773,1153,1148,2202,1184,716,1003,605,1157,1941,1247,1396,1055,2077,1284,1024,1689,1256,1453,1715,1310,1144,964,1004,852,1150,1408,1107,557,1441,1547,1004,936,1012,1511,1079,544,963,1845,943,1433,1284,935,1329,786,912,1493,332,1634,1008,1251,1086,779,1233,1135,1058,1914,2009,2004,788,1356,1575,630,1403,1886,1015,1345,426,942,801,1354,1300,1383,338,504,482,2059,2001,1099,810,1205,489,1483,848,1094,1693,1333,999,691,635,1049,748,244,950,1488,493,691,530,870,1161,833,684,1755,1781,1004,1093,2032,1655,1897,1604,1834,1596,1554,740,1397,903,1749,721,701,1713,2137,47,781,232,984,1701,1640,918,192,909,185,1734,695,758,902,1079,1166,1290,2077,206,476,1588,1200,1841
1021,1345,1263,1839,906,2345,1879,634,1331,738,367,729,277,850,1479,1841,18,1610,531,767,1691,0,1838,489,1146,1065,2469,709,898,925,770,1681,1868,517,1247,994,1482,950,2507,1276,1331,1233,2281,1704,770,1572,1775,1460,2383,1499,770,1257,1920,926,1928,1568,1038,1510,2632,1220,2266,813,1137,1842,1137,1313,2298,804,786,770,939,669,2188,843,1499,1641,1330,1489,1050,2744,2251,1546,2222,1147,1167,1232,1931,911,2019,1870,1298,1507,1178,2210,1488,2233,1075,728,1158,2334,1125,1324,1680,800,1712,123,1500,984,692,2358,1441,1482,1858,1684,2010,2219,1947,2734,1819,1142,815,1572,307,1059,2301,333,549,1072,1416,1202,1123,1128,472,1184,1637,903,1162,1202,944,1211,1278,2224,1715,1336,45,2200,2281,2733,1311,1172,1139,1860,948,1846,788,1780,808,1193,892,1933,911,1427,576,2277,2282,1213,2122,749,1383,981,795,1518,974,1754,1151,1387,693,1452,2504,1712,1475,1935,2337,2285,719,1474,2526,1703,2203,1166,714,311,1966,898,845,1511,1115,1702,1678,1402,785,1664,845,1761,983,2181,974,1519,1061,211,1202,2195,2310,934,646,1268,814,770,908,1081,2518,1016,305,1253,1042,268,2294,1730,1134,1758,1429,753,2576,1375,1746,1859,1731,1074,1262,1226,1755,1545,1936,2337,2234,1786,1673,762,744,760
1358,1775,1157,303,2179,1825,727,1932,1300,1511,1897,1857,1973,1524,432,1186,1955,854,2145,1285,921,1986,0,1820,1303,1439,1978,1624,1447,1737,2042,982,708,1877,1289,1266,684,1601,1149,1170,917,1272,1200,820,2042,725,754,975,1859,877,2042,804,1539,1636,316,501,1288,586,1196,1496,903,1838,1915,248,1255,1005,1063,1711,1293,2042,1198,1541,924,1333,466,219,1857,652,1383,1260,805,479,1252,1368,1324,1271,1550,1621,985,650,1962,780,1523,765,730,1705,1224,1730,1268,1678,1691,1432,982,1707,620,1933,711,1701,1607,1831,958,654,783,986,933,1562,1183,1224,807,2548,1746,800,2003,1695,1220,2029,1768,1621,1417,1105,1251,1606,1855,1563,215,1399,1772,1105,1331,1113,1469,857,39,1416,1940,724,1200,1297,893,1329,1247,682,1532,569,1666,901,1715,1539,1227,1169,1621,1507,2078,1791,1625,1317,1187,2021,705,1403,2088,1465,1392,114,1308,695,1820,1134,1214,751,553,378,1680,1630,1558,887,986,18,1237,1203,1553,2009,1107,1447,1138,1008,1497,529,795,1403,1671,895,1138,57,1319,939,1235,591,1712,2105,1105,871,1653,1612,2054,1747,2039,2042,1493,1187,1228,1349,2063,1125,1148,2027,1767,657,1242,738,1431,1628,1463,876,703,947,695,1932,705,761,683,853,918,1121,1707,619,151,2034,1659,1874
1002,1325,1247,2367,798,1945,1956,1112,1368,482,253,963,378,832,1554,1430,469,1684,765,799,1655,451,2363,0,1159,663,2079,697,928,527,138,1708,1946,56,1314,1292,1609,933,2093,1260,1456,1369,1848,1612,138,1623,1675,1500,1979,1505,138,1334,1492,785,2049,1641,1233,1589,2192,824,1850,817,1120,2365,1251,1482,1870,397,832,138,981,722,1784,856,1575,2169,1101,1562,1151,2003,1609,1619,1807,904,1180,1368,1503,770,1611,1953,1304,1586,782,1567,1561,1826,830,709,1265,1927,1131,923,1708,393,1837,601,1577,590,743,1952,1481,1555,1898,1712,1603,1815,1719,2319,1897,1368,410,1619,408,609,1868,434,948,667,1013,1245,1237,723,33,788,2165,936,1145,1239,957,1247,1006,1805,2212,935,637,1785,1848,2290,1390,1029,1218,1938,636,1966,792,1861,401,797,927,1705,770,1028,699,1888,1878,1287,1683,117,1509,736,772,1113,729,2267,1164,1466,122,1486,2089,1738,1552,2012,1933,1877,737,1551,2075,2224,1750,1142,732,412,1555,928,887,1495,710,1778,1584,999,377,1629,887,2286,1047,1761,1309,1598,1044,495,1239,1780,1906,916,651,1243,704,138,663,1159,2103,1117,463,1422,1120,427,1888,1695,1213,1659,1030,391,2125,1454,1642,1935,1627,615,1342,1302,1789,1579,2016,1910,1828,1812,2193,130,729,785
923,1710,331,1186,1794,2117,1505,1086,584,1402,1374,1917,1491,1363,1079,1594,1222,1235,1829,848,736,1230,1271,1207,0,789,2193,1003,1022,1105,1430,794,1506,1263,387,1068,947,1484,1675,343,787,1135,1611,717,1430,677,746,1330,2158,585,1430,828,1541,893,1095,1165,959,1164,1713,1048,1390,1769,1668,1442,977,806,1450,965,651,1430,799,922,1338,497,1094,1241,1860,1090,952,1779,1217,1144,1545,1242,21,1134,1552,878,1400,1501,1965,1161,965,1175,1084,2008,1193,1714,339,2274,1865,1171,794,961,1135,1671,1156,905,986,2133,1311,1078,1418,798,1345,2117,1293,1742,1457,1784,1143,1225,1521,1009,1632,1547,1148,899,979,1072,963,955,1241,957,1237,1273,1695,1072,286,1080,1343,1346,1288,978,1678,1512,1612,1813,963,1242,355,1498,1325,1019,1745,1413,969,1003,794,1279,878,1073,1756,2174,2180,461,1771,1409,833,1239,1717,1030,1184,1107,5,1039,1203,1322,1837,750,1072,1155,2315,2183,937,1130,1804,1171,1675,749,932,1525,1523,1022,710,573,916,1314,689,965,1323,710,710,1219,885,1432,1037,1170,1595,1613,1072,1360,2208,1495,1731,1683,1669,1430,1384,420,1851,918,1581,927,457,1545,2069,777,360,730,999,1520,1967,1027,787,1480,771,1568,881,796,1317,1207,1571,1636,2009,895,1161,1422,1038,1862
573,1438,732,1463,1152,1828,1529,1006,983,754,773,1304,885,746,1104,1315,1064,1255,1291,552,1130,1085,1447,606,796,0,1954,471,501,385,829,1193,1477,662,801,1223,1097,875,1918,745,950,933,1739,1074,829,1091,1157,1166,1862,984,829,877,1374,440,1487,1193,1164,1138,1683,219,1364,1161,1065,1467,1182,1032,1686,193,390,829,584,611,1328,750,1119,1266,1255,1114,717,1748,1191,1171,1621,620,817,932,1385,425,1214,1471,1358,1135,192,1149,1109,1707,798,1108,757,1813,1261,474,1193,189,1336,1065,1131,133,517,1834,1147,1103,1390,1197,1419,1698,1170,1711,1428,1769,394,1199,915,383,1759,941,843,166,579,906,1168,186,640,184,1262,651,1088,906,851,915,726,1319,1313,486,1072,1486,1739,1782,937,595,774,1469,703,1409,1136,1384,197,208,548,1157,425,598,1167,1767,1761,839,1567,808,998,570,1113,419,499,1373,801,1013,600,1158,1913,1149,1097,1583,1816,1764,631,1105,1777,1324,1635,993,626,919,1439,501,463,972,191,1338,1046,567,724,1105,463,1390,617,1574,1240,1144,986,1005,906,1333,1789,886,1120,1495,1057,829,736,707,1928,683,973,1156,668,937,1770,1170,779,1141,600,887,2017,1001,1103,1499,1089,963,888,846,1289,1252,1542,1605,1710,1288,1294,821,503,1249
1066,772,1286,1456,1337,686,1226,1546,1272,1200,1405,1157,1250,1162,1391,496,1060,1138,1234,916,1647,1081,1391,1307,1249,1267,0,1242,1163,1434,1476,1918,959,1357,1198,1614,1354,1199,558,1344,1344,847,773,1563,1476,1521,1557,910,726,1700,1476,1071,1086,1295,1457,1399,1554,1065,593,1201,755,1122,923,1209,1573,1715,592,1409,1018,1476,1075,1161,719,1140,1363,1259,852,1132,1095,483,870,1377,690,1343,1270,846,1097,1280,647,996,944,1001,1228,830,1046,448,1069,1058,1109,518,849,1137,1918,1405,1522,1153,1075,1399,1225,695,806,1097,979,1922,753,432,758,524,734,2106,1433,865,1280,1318,793,1306,1386,1299,1122,1084,1559,1222,1335,1265,1255,1204,1023,1084,1244,1092,1297,709,1305,1121,1092,817,773,716,958,1191,1090,951,1170,1631,950,909,1413,1244,937,744,1280,1214,1419,392,497,1164,686,1455,1290,1328,1173,1173,1317,1365,1254,1034,1399,889,472,1890,1228,1276,559,531,1176,1049,698,1316,553,1469,1171,1284,648,1163,978,1592,1207,1125,1539,1108,1264,1622,978,1298,1028,664,1631,1074,1274,1233,1084,688,525,1211,1310,746,1097,1476,1232,1032,486,1061,1311,1835,993,1275,631,1775,1085,1542,1141,1221,391,1022,1600,1192,1585,1178,1059,1186,878,792,708,539,571,1735,1286,1468,1277,1168
845,1495,986,1685,1146,1825,1736,822,1150,1088,767,1298,879,986,1326,1312,1058,1456,1285,577,1387,1079,1684,600,928,421,1951,0,764,627,823,1435,1721,656,1058,1100,1377,1109,1982,999,1228,1057,1737,1356,823,1355,1413,1308,1859,1243,823,1105,1371,553,1738,1414,1041,1358,1928,706,1582,1155,1299,1681,1059,1290,1748,752,628,823,775,414,1304,632,1342,1487,1484,1336,874,1867,1409,1392,1683,864,949,1056,1382,538,1361,1717,1591,1355,593,1366,1332,1704,1013,1155,1012,1810,1491,794,1435,748,1610,1059,1348,684,75,1831,1289,1326,1705,1439,1481,1695,1184,1956,1672,1589,549,1417,909,105,1757,935,648,465,796,1050,1045,583,634,585,1483,896,1323,1050,725,1058,966,1537,1561,806,1066,1703,1737,2026,1159,867,1029,1713,948,1659,1130,1629,756,631,716,1170,538,810,1161,1764,1758,1059,1564,802,1281,864,1107,823,810,1601,933,1235,533,1300,1977,1472,1318,1795,1813,1761,434,1322,1980,1549,1632,950,429,913,1436,764,686,1231,481,1541,1328,784,718,1362,686,1606,807,1636,1117,1366,1220,999,1050,1658,1786,1120,1114,1470,1051,823,1070,929,1991,840,967,1230,890,931,1767,1427,982,1397,812,732,2014,1223,1386,1710,1372,956,1110,1071,1603,1395,1786,1774,1707,1546,1519,815,127,1243
239,1062,497,1061,1251,1604,1151,830,430,839,880,1240,993,813,701,862,1159,859,1390,150,908,1180,1053,713,513,518,1478,505,0,599,934,1170,1062,769,432,908,652,942,1550,540,528,431,1312,822,934,753,817,817,1640,961,934,475,938,580,1106,787,849,728,1260,378,951,1258,1014,1039,867,968,1319,578,258,934,340,422,1038,431,717,863,1360,708,248,1326,783,765,1259,688,534,430,949,565,864,1053,1464,725,405,743,708,1482,518,1175,345,1741,1065,317,1170,574,894,1160,718,568,488,1609,798,702,977,1174,1071,1220,557,1288,1013,1416,609,793,1023,574,1332,1049,656,496,301,550,853,496,747,440,859,720,867,550,521,560,793,905,932,301,1167,1084,1312,1361,526,665,326,1054,772,1030,1035,966,582,421,86,543,565,392,1262,1288,1283,400,1480,913,570,550,1210,350,723,975,518,600,822,809,1545,1125,695,1205,1338,1296,442,692,1361,921,1361,753,437,1027,1221,336,219,621,472,943,797,289,818,882,219,974,192,991,925,731,1053,1114,550,919,1311,953,1215,1036,1153,934,821,261,1559,214,1082,1088,220,1046,1545,1021,321,801,306,966,1682,588,859,1110,845,1059,475,441,874,902,1123,1185,1485,961,891,926,540,1254
584,1338,875,1818,814,1730,1760,814,1153,763,451,975,564,750,1350,1215,729,1480,954,507,1275,751,1816,276,858,306,1853,390,666,0,497,1333,1742,336,947,1028,1380,879,1879,888,1231,944,1637,1228,497,1248,1305,1249,1767,1130,497,1127,1274,471,1826,1438,969,1379,1957,364,1611,830,1069,1818,987,1218,1647,155,529,497,708,406,1245,564,1366,1620,1259,1360,728,1767,1436,1416,1582,625,879,943,1285,456,1392,1738,1362,1376,323,1394,1355,1607,809,844,901,1716,1147,485,1333,151,1613,737,1369,68,436,1734,1230,1349,1646,1337,1381,1600,1183,1985,1693,1555,50,1445,594,302,1657,620,640,309,590,991,973,365,316,328,1616,657,1092,991,655,999,730,1566,1693,497,744,1731,1637,2057,1180,609,1008,1734,709,1747,805,1650,159,337,749,1169,456,609,892,1666,1663,1080,1467,476,1284,584,785,693,513,1732,863,1256,273,1241,1875,1300,1342,1819,1718,1668,426,1343,2007,1681,1532,875,421,598,1339,666,619,1117,352,1565,1200,578,373,1250,619,1739,628,1537,1045,1387,990,681,991,1559,1691,890,848,1261,724,497,745,950,1889,694,649,1157,911,613,1670,1315,1003,1289,611,387,1916,1244,1258,1734,1244,632,1131,1093,1545,1336,1808,1675,1610,1435,1651,489,422,920
1087,1513,1358,2457,990,2029,1989,1214,1473,584,379,1027,492,923,1604,1521,750,1735,951,898,1821,565,2452,116,1250,762,2164,796,1028,625,0,1819,1996,112,1421,1382,1710,1022,2181,1371,1560,1447,1937,1723,0,1722,1774,1571,2066,1594,0,1386,1581,892,2126,1691,1322,1634,2300,909,1946,1001,1210,2448,1341,1575,1967,495,917,0,1069,824,1876,948,1625,2259,1400,1612,1232,2098,1683,1669,1896,999,1271,1446,1592,877,1702,2001,1507,1631,867,1641,1613,1916,924,802,1287,2013,1330,1008,1819,491,1922,716,1626,686,842,2041,1552,1607,1968,1823,1694,1903,1805,2404,1947,1482,509,1693,522,708,1957,548,1050,766,1098,1319,1327,822,135,873,2256,1031,1235,1319,1048,1327,1102,1902,2303,1020,751,1876,1937,2395,1436,1123,1266,1988,731,2052,976,1909,499,882,1026,1791,877,1112,886,1973,1966,1335,1774,47,1610,831,953,1198,1016,2347,1255,1512,52,1563,2176,1831,1603,2063,2021,1963,839,1600,2181,2315,1847,1235,834,526,1646,1028,972,1606,809,1812,1695,1084,476,1793,972,2375,1131,1856,1399,1643,1134,609,1319,1873,1994,1008,841,1435,896,0,758,1206,2190,1198,577,1515,1167,541,1977,1864,1261,1758,1114,490,2220,1500,1753,1984,1738,808,1390,1354,1865,1655,2066,2005,1917,1913,2285,6,828,972
728,1475,314,864,1724,2044,1243,1245,376,1328,1309,1849,1426,1286,786,1390,1624,942,1754,662,397,1634,948,1142,476,714,2180,936,816,1153,1364,0,1298,1198,313,792,587,1407,1453,326,467,940,1414,384,1364,322,382,1230,2084,227,1364,624,1346,813,775,811,822,874,1490,863,1177,1700,1496,1052,781,525,1367,890,580,1364,651,855,1131,644,845,948,1794,793,757,1554,1011,789,1331,1165,497,939,1357,798,1192,1192,1897,958,890,969,813,1934,1001,1637,447,2029,1492,801,0,886,777,1601,952,830,919,2059,1195,807,1212,18,1138,1919,1066,1518,1249,1927,1077,1019,1456,1010,1434,1482,1081,824,785,987,777,880,1176,927,944,1196,1350,987,518,995,1266,1131,903,785,1609,1306,1414,1589,760,1149,341,1290,1248,698,1677,1202,894,906,599,1052,798,879,1683,1988,1982,348,1557,1343,583,1163,1648,835,1108,785,481,836,1138,1222,1518,467,739,833,2037,1979,870,926,1597,848,1464,585,865,1460,1314,816,516,157,841,1035,431,773,1256,368,516,897,690,1217,758,966,1518,1548,987,1145,2010,1418,1662,1450,1600,1364,1310,307,1532,723,1516,643,344,1480,1995,438,336,365,803,1270,1761,824,421,1201,405,1501,677,593,1111,1001,1361,1412,1935,541,838,1356,971,1794
1194,1547,1311,819,1959,1282,592,1613,1248,1585,1828,1750,1816,1310,810,977,1742,715,1943,1124,1276,1770,804,1657,1189,1462,1185,1455,1294,1565,1879,1495,0,1713,1133,1553,785,1387,565,1324,829,1056,994,1194,1879,1046,1189,768,1319,1302,1879,723,1437,1488,829,819,1493,414,632,1329,539,1921,1707,608,1512,1605,479,1538,1280,1879,1013,1373,717,1079,783,723,1632,480,1223,677,600,797,665,1488,1210,1055,1448,1473,577,282,1737,609,1356,563,553,1159,1288,1516,1047,1126,1642,1265,1495,1534,930,1719,777,1528,1438,1285,751,642,491,1499,685,1005,967,744,136,2321,1576,598,1846,1529,1014,1872,1599,1446,1250,922,1498,1442,1691,1393,719,1352,1559,922,1183,931,1444,493,792,1249,1726,359,994,594,713,1339,1028,80,1318,1066,1562,192,1542,1372,1065,953,1473,1338,1873,1209,1070,1100,604,1858,815,1475,1872,1301,1468,740,1194,525,1657,810,630,1332,655,697,1125,1080,1389,703,391,771,820,1404,1384,1850,581,1294,916,1171,1336,465,1169,1236,1749,1251,916,710,1156,473,1570,421,1498,1900,922,507,1098,1398,1840,1520,1818,1879,1567,970,644,1189,1925,1725,931,1889,1221,1240,1023,1173,1268,1706,895,696,1275,609,1217,1719,771,872,390,651,295,551,1161,1200,750,1871,1490,1770
1034,1367,1299,2407,843,1980,1944,1157,1411,528,264,974,389,872,1544,1468,480,1674,776,841,1762,462,2405,56,1193,708,2114,670,970,572,120,1760,1934,0,1362,1327,1651,971,2126,1312,1500,1399,1883,1664,120,1668,1718,1522,2015,1535,120,1325,1530,832,2078,1631,1267,1577,2237,856,1891,859,1159,2402,1286,1514,1908,442,860,120,1012,767,1822,890,1565,2211,1351,1552,1180,2043,1631,1609,1841,946,1214,1398,1541,817,1649,1941,1353,1574,814,1589,1551,1865,873,750,1313,1959,1178,955,1760,438,1874,612,1568,633,716,1990,1503,1545,1919,1764,1641,1849,1758,2350,1885,1379,455,1641,419,582,1903,445,993,712,1045,1267,1272,768,61,820,2207,978,1182,1267,991,1275,1049,1847,2255,967,648,1823,1883,2332,1381,1071,1209,1926,679,2004,834,1849,446,829,969,1745,817,1060,710,1923,1912,1278,1721,99,1550,780,814,1145,963,2305,1198,1457,104,1514,2121,1772,1542,2001,1967,1909,782,1542,2118,2267,1790,1177,777,423,1593,970,915,1547,755,1767,1636,1031,423,1734,915,2329,1079,1799,1344,1586,1082,506,1267,1818,1938,956,662,1290,753,120,706,1149,2133,1146,474,1457,1110,438,1924,1805,1203,1702,1062,437,2163,1445,1694,1924,1679,667,1333,1293,1816,1606,2004,1948,1864,1854,2237,112,703,796
642,1435,213,1161,1640,1970,1289,1161,313,1296,1227,1609,1343,1254,847,1413,1526,1005,1672,494,711,1267,1199,1062,572,848,2203,854,726,1003,1285,766,1319,1118,0,934,698,1375,1478,90,617,841,1436,729,1285,656,724,1254,2005,557,1285,645,1306,865,1070,971,875,982,1514,776,1201,1618,1412,1188,893,678,1392,981,746,1285,539,773,1155,627,864,1009,1753,856,658,1578,1035,949,1355,1133,667,840,1317,850,1216,1311,1857,979,803,993,853,1855,920,1605,133,2053,1448,717,766,977,940,1518,974,971,837,1980,1219,847,1233,770,1162,1942,967,1542,1270,1767,998,1043,1376,927,1456,1402,999,881,701,912,951,808,1096,840,1005,1164,1268,912,684,921,1234,1155,1078,701,1525,1330,1436,1613,782,1068,150,1311,1216,994,1420,1224,985,819,500,953,850,791,1598,2011,2005,259,1582,1264,614,1131,1565,749,1077,1082,651,858,1059,1246,1646,722,842,1340,2060,2004,788,948,1621,1067,1488,738,783,1380,1338,726,418,342,787,1098,704,689,1174,685,418,1121,602,1241,981,987,1486,1468,912,1169,2033,1386,1578,1411,1517,1285,1278,216,1660,624,1436,871,256,1400,1916,752,155,708,715,1410,1784,846,765,1257,749,1418,699,614,1132,1025,1384,1436,1856,868,1037,1277,889,1713
1151,1632,702,1278,1480,2073,1661,1091,952,1362,1072,1615,1183,1215,1298,1446,1228,1376,1602,819,826,1237,1364,905,765,645,2148,696,948,915,1127,812,1648,961,772,0,1199,1338,2058,715,1037,1288,1808,850,1127,969,922,1306,2113,709,1127,1199,1508,750,1189,1286,147,1428,1926,903,1580,1459,1521,1473,78,434,1831,1045,627,1127,775,613,1302,391,1317,1411,1715,1351,1105,1962,1406,1264,1768,1094,786,1287,1519,735,1359,1619,1820,1528,821,1364,1422,1963,1208,1443,728,2229,1825,1025,812,1041,1380,1358,1518,973,679,2088,1287,1416,1703,816,1564,1827,1268,1954,1801,1789,842,1415,1213,766,1828,1239,845,753,994,1048,86,794,939,813,1407,1125,1549,1048,557,1056,1195,1535,1319,993,1365,1694,1808,2026,1332,1096,745,1622,1177,1113,1435,1762,1049,859,947,1254,735,1011,1451,2129,1890,891,1991,1106,1169,1092,1410,1022,1038,1182,808,1280,905,1298,2052,830,1352,1247,2270,1953,672,1492,1978,1264,1885,401,628,1235,1772,1004,736,854,799,1466,784,1033,1045,800,686,1278,1112,1722,122,1364,1472,1333,1092,1741,1993,1372,1486,1650,1391,1147,1353,853,2066,1160,1299,372,887,1262,2087,860,796,904,1225,1059,2196,1268,893,1608,880,1288,1149,1225,1646,1431,1830,1845,2027,944,1231,1139,772,1567
871,1422,886,645,2010,1773,700,1432,771,1591,1454,1826,1566,1336,199,1145,1781,378,1953,794,640,1804,534,1278,917,1138,1948,1114,1027,1255,1509,912,803,1335,749,1289,0,1389,1039,899,171,1072,1134,543,1509,381,550,883,1807,715,1509,388,1442,1191,554,348,1319,261,1110,1020,867,1793,1758,510,1278,1019,1027,1231,1207,1509,705,1039,835,809,278,347,1513,185,918,1103,726,345,1167,1314,938,1071,1453,1176,902,598,1619,351,1047,689,262,1723,1134,1540,745,1607,1523,950,912,1227,323,1753,304,1221,1097,1757,848,256,704,916,871,1498,983,1138,756,2060,1268,706,1596,1205,1154,1622,1256,1156,935,708,1271,1102,1313,1084,343,1337,1579,708,903,717,1461,823,401,934,1760,687,1134,1222,505,1358,726,665,1344,467,1620,725,1235,1063,736,969,1176,1024,1870,1738,1563,792,1082,1488,265,1166,1921,992,1361,465,922,346,1327,875,1104,731,170,771,1623,1560,1046,341,994,409,1150,1189,1041,1600,1016,1027,622,752,998,498,518,921,1404,614,622,446,832,901,1242,352,1501,1698,708,837,1594,1400,1870,1403,1864,1509,1573,668,1118,880,1664,1145,629,1627,1694,628,721,533,946,1724,1374,488,583,647,568,1762,307,432,605,691,867,1019,1634,605,379,1501,1149,1759
1213,986,1468,1728,1591,1599,1982,1690,1467,1421,1597,1429,1497,1394,1721,1217,1313,1850,1498,1055,1937,1335,1723,1517,1514,1388,1617,1375,1370,1684,1692,2180,1895,1579,1426,1778,1730,0,1728,1524,1580,985,1465,1842,1692,1841,1844,1601,1634,2000,1692,1406,1096,1444,1921,1812,1765,1745,1940,1362,1674,1381,1151,1711,1787,1850,1619,1579,1160,1692,1256,1300,1558,1331,1729,1531,1078,1811,1258,1788,1634,1790,1625,1351,1535,984,1107,1429,1412,1915,1183,1782,1389,1596,1679,1451,1235,1296,1344,1716,1088,1292,2180,1575,1924,1400,1704,1569,1358,1582,1591,1708,1817,2184,1411,1696,896,2142,1812,2446,1619,1631,1527,1467,1485,1553,1518,1439,1277,1460,1772,1362,1557,1426,1527,1441,1247,1460,1415,1467,1563,1630,1588,1276,1347,1594,1465,2052,1745,1460,1323,1887,1402,1926,1209,1823,1583,1405,1078,882,1429,1361,1440,1591,1793,1393,1459,1671,1626,1395,1447,1334,1385,1645,1519,1821,1578,1580,1915,2023,1711,2051,1757,1884,1308,1678,1887,1595,1542,1596,1302,1531,1344,1370,1206,1603,1343,1803,1817,1263,1463,1911,1206,1637,1174,1563,1883,1754,1523,1473,1460,1601,1758,1457,1435,960,1376,1692,1439,1263,1929,1220,1553,1975,1224,1516,1518,2057,1318,1828,1286,1422,1991,1809,1880,1933,1865,1394,1451,1383,1717,1597,1826,1704,1458,1989,1565,1684,1410,1357
893,1254,905,1104,1663,974,809,1322,917,1296,1542,1461,1520,1012,1019,673,1447,786,1567,819,1282,1468,933,1487,872,1161,904,1139,1050,1278,1662,1539,523,1549,823,1255,1048,1064,0,977,958,748,716,1196,1662,1188,1200,401,1018,1343,1662,691,1119,1216,1118,787,1242,564,366,1042,274,1638,1432,794,1263,1299,34,1253,977,1662,692,1064,350,767,752,916,1349,630,940,169,461,765,282,1183,893,747,1130,1201,242,523,1450,627,1069,430,668,843,983,1217,738,808,1353,972,1539,1249,902,1423,694,1243,1122,963,406,726,580,1543,368,690,659,394,435,2020,1259,464,1550,1230,736,1576,1281,1197,957,713,1248,1122,1527,1106,912,1013,1258,713,861,722,1141,231,883,956,1430,415,716,469,587,1033,719,455,1020,1037,1245,436,1257,1085,757,645,1201,1046,1542,922,755,793,292,1641,938,1144,1593,1014,1134,1031,878,662,1350,567,64,1523,911,904,815,763,1071,668,525,900,503,1120,1066,1554,268,1050,609,1221,1105,717,1170,943,1529,1258,609,848,854,192,1381,569,1177,1609,713,312,786,1075,1540,1230,1539,1662,1278,661,78,902,1639,1426,622,1602,899,1418,714,1183,968,1488,654,650,1235,778,1222,1441,669,966,481,423,493,85,839,1395,949,1654,1174,1394
669,1425,57,1021,1781,2001,1382,1335,334,1440,1360,1892,1471,1398,913,1483,1662,1063,1842,539,586,1684,1103,1184,535,836,2277,1018,813,1240,1415,636,1364,1241,90,864,731,1497,1428,0,601,897,1482,600,1415,527,607,1256,2038,414,1415,679,1317,971,928,985,937,984,1527,817,1204,1755,1423,1250,853,600,1416,1013,691,1415,535,943,1175,735,918,1065,1780,919,708,1518,1064,963,1422,1275,556,896,1328,956,1243,1374,1880,986,844,1026,907,1860,930,1793,209,2098,1496,748,636,1009,955,1637,1011,953,1001,1991,1221,901,1269,640,1209,1991,1022,1555,1317,1989,1141,1067,1501,1109,1502,1527,1160,940,733,898,942,991,1219,881,1061,1307,1249,898,558,907,1378,1160,1124,732,1644,1362,1482,1639,831,1075,225,1356,1360,850,1732,1286,1017,860,526,1008,956,823,1757,2067,2055,309,1477,1394,635,1276,1709,789,1218,943,540,906,1235,1248,1493,586,903,986,2115,2050,950,985,1661,1005,1518,672,945,1505,1357,813,414,192,963,1188,575,719,1314,560,414,1035,630,1243,825,989,1610,1603,898,1175,2086,1508,1754,1405,1657,1415,1422,266,1507,670,1569,725,305,1532,1927,624,230,590,743,1328,1791,894,640,1324,625,1554,739,658,1170,1053,1430,1434,1867,721,990,1407,1053,1837
869,1270,786,767,1878,1720,1074,1429,767,1588,1448,1813,1560,1434,593,1087,1755,748,1992,791,538,1778,930,1272,915,1133,1620,1111,1025,1252,1503,776,1039,1329,751,1146,222,1241,1033,799,0,1104,1077,441,1503,403,448,855,1754,569,1503,304,1466,1188,678,471,1282,661,1127,1017,813,1844,1605,909,1303,876,1021,1228,1107,1503,702,1036,776,807,599,742,1364,590,915,1120,667,449,1009,1311,936,1103,1477,1173,843,967,1465,670,1044,630,591,1572,1131,1390,820,1540,1368,947,776,1224,446,1731,633,1218,1094,1704,820,585,948,780,811,1431,834,1155,992,2056,1265,673,1590,1202,1097,1616,1253,1153,932,565,1288,1099,1307,1081,738,1343,1430,565,901,575,1414,769,796,931,1738,927,1077,1239,392,1275,801,1031,1195,591,1607,961,1232,1060,733,820,1173,1021,1849,1682,1495,801,1077,1482,137,1163,1802,989,1359,856,920,667,1323,847,1098,629,589,1129,1555,1492,1043,544,1226,803,1087,1090,1038,1594,957,1026,619,650,996,861,416,919,1398,512,619,843,830,850,1104,672,1352,1692,565,783,1526,1252,1848,1246,1747,1503,1571,666,1112,878,1658,1003,627,1621,1640,650,796,431,944,1722,1390,455,481,999,466,1646,246,361,849,658,1103,1036,1580,595,773,1495,1146,1746
437,1027,680,1374,1484,1445,1486,980,667,770,1132,1471,1248,740,1024,797,1208,1175,1324,324,1124,1226,1373,956,734,673,1447,659,607,707,1187,1388,1288,1013,657,1129,904,832,1293,745,771,0,1208,1035,1187,1024,1039,1006,1433,1190,1187,713,1026,712,1349,1161,1116,912,1450,478,1250,1458,870,1364,1136,1063,1185,684,432,1187,585,583,1135,646,1026,1175,1190,1031,466,1353,991,1139,1196,612,755,3,1037,697,990,1298,1291,914,505,953,1015,1308,412,987,573,1272,1196,324,1388,680,1133,1188,939,674,642,1427,987,1009,1195,1392,991,1154,236,1514,1241,1616,720,994,1278,754,1228,1304,807,613,498,753,1121,644,991,538,1171,646,705,753,733,762,720,1206,1234,299,1195,1165,1208,1562,759,550,554,1280,788,1272,1435,1210,688,521,284,222,697,420,1312,1234,1218,632,1021,1166,811,444,1414,452,617,1285,739,834,984,998,1483,1372,1009,1552,1278,1226,596,913,1450,1238,1094,999,591,1282,922,607,450,803,529,1292,1010,484,940,1101,450,1289,390,1139,1256,917,945,1380,753,1179,1249,843,1302,1001,1359,1187,752,496,1497,428,1346,1190,457,1309,1363,1241,549,1023,309,898,1437,822,1075,1432,1060,1259,702,692,1096,1097,1353,1269,1303,1191,1208,1179,694,1416
567,1037,575,1011,1609,1302,1083,987,575,1243,1150,1437,1259,956,661,709,1392,624,1512,478,967,1413,1002,974,510,826,1202,803,710,945,1205,1223,933,1031,480,939,816,1008,795,640,605,690,0,878,1205,846,882,194,1290,1017,1205,319,1082,874,1072,744,926,501,875,714,560,1392,1375,1012,946,933,687,922,822,1205,385,728,144,448,693,812,1132,567,596,855,354,722,694,1129,531,689,1093,859,303,943,1233,504,741,323,482,1163,829,1161,394,1129,1138,647,1223,918,859,1369,314,912,786,1284,117,487,549,1227,504,1011,601,903,886,1687,933,301,1289,895,20,1315,945,853,632,381,931,792,1009,775,808,959,1202,381,524,391,1087,516,868,631,1376,644,2,986,348,979,375,925,964,993,1220,855,926,757,414,587,859,718,1487,1279,1076,453,904,1184,632,1107,1539,688,1049,928,515,423,1032,186,973,1193,678,1131,1136,1083,735,288,885,875,682,806,730,1293,566,710,264,894,699,870,854,618,1103,945,264,915,520,651,1072,504,1121,1550,381,692,1107,1019,1485,1011,1485,1205,1224,316,987,558,1357,1060,275,1320,1220,1063,370,867,633,1429,1137,411,919,1000,906,1385,323,452,450,226,795,771,1160,1039,845,1197,838,1368
1201,1886,773,813,2006,2457,1260,1534,839,1640,1561,2092,1673,1588,832,1735,1869,941,1988,1078,360,1894,895,1385,944,1024,2520,1222,1257,1340,1616,606,1245,1442,783,917,843,1686,1636,786,795,1436,1732,0,1616,488,447,1636,2446,479,1616,1070,1772,1155,724,830,949,978,1711,1350,1452,1959,1991,985,906,653,1624,1201,874,1616,1038,1147,1425,937,863,889,2092,897,1247,1702,1312,808,1673,1469,965,1435,1783,1140,1492,1154,2195,1157,1182,1271,1083,2312,1466,1976,810,2356,1971,1280,606,1197,1017,1847,1125,1141,1205,2440,1458,1077,1301,610,1458,2244,1562,1739,1338,2171,1342,1462,1703,1243,1752,1729,1364,1123,1265,1382,899,1168,1420,1174,885,1502,1820,1382,904,1389,1568,1408,850,1264,1854,1254,1732,1588,1297,1513,791,1219,1557,644,1936,1425,1204,1215,1066,1548,1140,1349,1950,2307,2307,791,1689,1595,906,1469,1917,1322,1410,735,949,1154,1431,1628,1701,393,837,782,2367,2309,1154,1162,1509,797,1777,843,1149,1707,1609,1257,946,628,1151,1047,50,1251,1512,334,946,828,1162,1496,878,1036,1798,1802,1382,1423,2338,1696,1964,1862,1860,1616,1621,753,1715,1209,1769,781,787,1732,2376,398,786,430,1274,1526,1963,1280,417,1186,402,1755,1011,1046,1202,1449,1451,1618,2316,594,781,1608,1257,2037
1039,1465,1364,2453,972,2097,2062,1239,1488,582,377,1133,492,929,1652,1555,753,1759,935,908,1800,574,2442,116,1218,755,2220,776,1040,580,0,1815,1993,112,1438,1396,1749,1047,2085,1377,1601,1418,1980,1722,0,1719,1785,1561,2096,1592,0,1338,1606,918,2141,1742,1383,1583,2198,949,2023,984,1256,2425,1404,1629,1976,505,919,0,1061,847,1736,935,1660,2254,1445,1655,1210,2145,1667,1720,1976,1040,1239,1417,1617,903,1751,2014,1445,1586,822,1629,1591,1960,937,815,1273,2035,1268,959,1815,501,1944,726,1616,640,820,2090,1542,1638,1964,1819,1754,1930,1788,2226,1946,1500,505,1673,522,688,2000,548,1064,759,1065,1313,1389,810,135,814,2250,1072,1266,1313,1023,1321,1144,1980,2307,971,779,1941,1980,2309,1433,1093,1252,1985,727,2074,961,1922,509,922,1050,1774,903,1075,855,2010,1994,1321,1806,47,1648,843,944,1151,836,2344,1223,1509,52,1553,2255,1806,1642,2141,2054,1986,854,1590,2260,2314,1895,1259,849,526,1682,1040,969,1590,799,1883,1694,1051,478,1774,969,2356,1095,1915,1519,1592,1160,624,1313,1949,2025,1010,846,1385,883,0,756,1192,2269,1172,590,1563,1153,553,2026,1839,1247,1769,1077,492,2247,1497,1752,2026,1737,795,1380,1316,1865,1648,2064,2061,1966,1919,2284,6,808,962
951,1645,724,616,1977,2227,1062,1506,701,1677,1532,1898,1644,1625,635,1454,1839,762,1957,873,299,1864,698,1356,897,1188,2248,1193,1110,1340,1587,651,1192,1413,682,966,502,1723,1431,737,462,1189,1453,204,1587,0,205,1228,2226,525,1587,756,1541,1316,525,625,997,757,1506,1102,1176,1930,1739,790,955,698,1419,1315,1041,1587,782,1118,1147,891,658,747,2004,683,1000,1497,1036,603,1558,1506,918,1188,1552,1301,1215,953,2106,822,1129,998,746,2090,1216,2013,742,2068,1724,1032,651,1311,679,1817,788,1304,1176,2220,1193,740,1100,655,1181,1961,1315,1534,1145,2137,1353,1039,1674,1284,1473,1700,1335,1286,1017,956,948,1186,1391,1166,743,1539,1560,956,926,964,1605,1132,653,1016,1824,1080,1453,1454,967,1364,723,1018,1595,438,1688,1114,1319,1145,816,1301,1301,1104,1921,2038,2025,725,1480,1566,589,1248,1888,1074,1448,538,902,819,1403,1220,1496,391,665,588,2085,2019,1125,825,1375,600,1488,1024,1120,1678,1329,1110,699,579,1078,846,180,1003,1482,273,699,633,914,1215,925,825,1836,1774,956,1147,2056,1734,1934,1623,1831,1585,1657,687,1508,960,1739,826,721,1702,2154,180,718,188,1026,1812,1768,948,227,987,229,1727,670,733,999,1023,1254,1411,2094,268,595,1577,1226,1826
1056,1743,845,577,2080,2266,1048,1608,962,1786,1636,2006,1745,1731,608,1499,1946,721,2101,976,94,1723,659,1460,1014,1093,2284,1295,1212,1445,1691,680,1035,1517,856,999,600,1829,1405,858,549,1292,1494,499,1691,281,0,1314,2261,555,1691,815,1643,1219,494,584,1030,721,1480,1205,1219,2033,1844,750,988,729,1393,1420,946,1691,888,1220,1191,993,617,716,1835,647,1103,1471,1080,562,1438,1612,1035,1291,1654,1204,1259,941,1936,802,1232,1042,847,2170,1320,2119,882,2108,1828,1135,680,1416,775,1919,889,1209,1278,2255,1225,841,1079,684,1225,2000,1418,1508,1120,2242,1458,1127,1774,1313,1514,1800,1437,1191,1120,1041,981,1294,1495,1269,712,1644,1669,1041,977,1049,1711,1175,614,1119,1926,1033,1494,1359,1069,1470,863,1009,1697,400,1794,1205,1424,1248,919,1404,1204,1207,2022,2074,2064,863,1454,1670,678,1352,1991,1177,1551,499,1019,918,1518,1306,1470,429,591,557,2124,2059,1227,926,1280,561,1534,891,1222,1778,1374,1212,799,702,1220,835,474,1106,1586,68,799,594,1017,1255,957,779,1942,1873,1041,1190,2095,1840,2036,1720,1934,1691,1768,852,1484,1065,1840,857,813,1803,2191,136,858,370,1130,1913,1744,1052,324,972,319,1827,759,835,980,1113,1231,1387,2131,300,556,1683,1330,1936
652,772,874,1042,1288,1204,1533,1120,868,958,1196,1160,1167,662,1163,742,1086,1393,1206,478,1324,1104,1032,1150,943,826,1220,803,796,1073,1325,1591,1404,1212,857,1255,1113,714,1238,941,974,399,1156,1239,1325,1236,1242,0,1241,1393,1325,916,800,874,1230,1250,1242,1259,1457,800,1195,1285,1074,1011,1263,1219,1130,1050,585,1325,722,728,1080,805,1168,843,852,1166,688,1745,1157,1228,1141,838,964,398,811,859,935,1415,958,1303,827,1119,1155,1054,654,869,772,1319,863,731,1591,1046,1337,1070,1115,1040,786,1186,1114,1149,1333,1595,936,1299,309,1749,1301,1757,932,1154,1197,895,1176,1223,945,863,716,939,1248,790,1190,864,839,670,906,939,893,948,800,1151,898,715,1077,1111,1156,1569,936,690,753,1395,670,1249,945,1326,1054,843,506,295,859,806,1196,1190,1396,827,966,1304,1015,800,1245,772,793,957,948,1011,1031,1246,1675,1575,1151,1581,1360,1491,735,1088,1393,905,1040,1118,730,1201,867,796,639,1000,771,1338,1214,702,1193,1301,639,945,612,1084,1381,1269,827,1257,939,1124,1361,725,1184,747,1184,1325,940,695,1689,650,1286,1346,656,1249,1122,1458,748,1226,725,1150,1597,999,1279,1460,1266,1090,879,894,1234,1120,1318,1214,1062,1395,875,1317,838,1086
956,662,1190,1361,1237,104,1476,1434,1192,1061,1232,1059,1126,1117,1268,856,933,1153,1129,796,1580,953,1359,1162,1156,1138,553,1116,1113,1343,1337,1836,1349,1224,1104,1523,1417,1120,1077,1251,1223,724,678,1493,1337,1486,1494,814,0,1613,1337,916,970,1193,1553,1357,1510,1117,1148,1105,1120,1069,814,1350,1531,1588,1129,1318,900,1337,971,1041,859,1046,1301,1164,755,1184,1003,1059,980,1335,1077,1075,1177,723,981,1178,882,1511,843,1119,1132,942,893,382,960,935,1017,616,748,1035,1836,1314,1548,1029,919,1308,1099,14,755,1102,1176,1840,1087,602,635,1074,1418,2067,1235,983,1156,1207,698,1182,1258,1177,1020,985,1516,1102,1202,1169,1160,1121,909,985,1139,993,1249,1076,1222,1019,971,1058,678,1238,963,1141,998,1341,1126,1573,840,1422,1322,1148,819,621,1178,1107,1072,541,693,1072,1092,1316,1268,1117,1139,1077,1107,1273,1161,1038,1234,793,992,1811,1282,1533,657,809,1048,893,1493,1226,956,1391,1043,1160,981,1113,882,1513,1082,1282,1468,1006,1114,1556,882,1275,917,1236,1640,1123,1195,1107,985,1275,658,1131,1063,651,1036,1337,1102,940,1006,965,1188,1713,901,1151,102,1667,993,1478,1031,1071,925,1026,1530,1412,1515,1054,928,1077,1077,860,1235,1117,206,1643,1196,1329,1151,983
892,1582,460,883,1882,2162,1399,1435,621,1541,1454,1986,1566,1489,933,1564,1761,1083,1936,812,429,1784,965,1278,636,929,2345,1117,1048,1332,1509,285,1446,1335,662,666,757,1588,1515,472,675,1127,1558,500,1509,428,507,1331,2161,0,1509,756,1481,1062,790,959,699,1061,1613,1040,1282,1850,1673,1057,655,402,1503,1107,780,1509,718,1042,1255,834,1024,1085,1938,939,938,1604,1143,937,1500,1370,657,1126,1492,1047,1322,1312,2042,1063,1067,1105,999,2025,1154,1878,660,2174,1660,970,285,1103,927,1737,1088,1047,1100,2155,1295,993,1349,289,1287,2066,1253,1641,1399,2078,1236,1146,1596,1208,1578,1622,1259,1031,955,1096,648,1076,1313,1104,1084,1403,1494,1096,660,1105,1469,1238,920,954,1744,1446,1558,1725,908,1298,641,1438,1459,712,1827,1370,1111,1083,754,1239,1047,1044,1855,2135,2130,644,1565,1488,711,1371,1808,1012,1311,805,641,983,1327,1322,1580,454,923,848,2190,2125,1049,1062,1742,867,1599,767,1044,1600,1439,1049,635,312,1056,1208,664,942,1404,403,635,898,853,1323,628,1067,1701,1697,1096,1253,2161,1599,1854,1560,1751,1509,1523,606,1594,901,1664,527,640,1627,2091,467,636,490,967,1418,1873,971,540,1346,525,1652,816,734,1251,1132,1513,1520,2031,527,851,1501,1152,1931
1040,1466,1366,2453,972,2096,2062,1239,1486,582,377,1134,492,928,1652,1554,753,1759,936,907,1799,574,2444,116,1217,755,2219,776,1039,580,0,1816,1993,112,1439,1395,1747,1048,2085,1379,1599,1418,1982,1728,0,1720,1786,1561,2095,1593,0,1339,1605,918,2137,1743,1382,1583,2196,949,1811,984,1256,2427,1403,1625,1976,505,919,0,1061,847,1733,935,1660,2254,1445,1656,1209,2145,1665,1721,1975,1040,1238,1417,1616,903,1750,2016,1446,1586,822,1627,1591,1959,937,814,1273,2035,1270,959,1816,501,1940,726,1616,640,820,2089,1542,1638,1964,1820,1753,1929,1788,2224,1946,1500,505,1671,522,688,2002,548,1064,759,1065,1312,1388,810,135,814,2250,1072,1267,1312,1023,1320,1144,1767,2310,971,779,1940,1982,2305,1433,1093,1252,1985,727,2070,961,1922,509,922,1049,1774,903,1074,856,2009,1993,1321,1808,47,1646,843,944,1151,836,2347,1222,1509,52,1552,2254,1805,1642,2141,2053,1986,854,1590,2265,2317,1897,1260,849,526,1681,1039,969,1591,799,1883,1700,1051,478,1773,969,2359,1094,1914,1516,1592,1159,624,1312,1948,2024,1010,846,1386,883,0,756,1192,2268,1171,590,1559,1153,553,2025,1838,1247,1770,1076,492,2249,1497,1822,2026,1807,795,1380,1316,1864,1647,2064,2061,1965,1920,2287,6,808,963
592,1073,726,765,1644,1519,896,1010,590,1277,1170,1472,1279,992,397,860,1430,586,1550,500,870,1449,734,994,534,848,1640,827,729,970,1225,908,786,1051,500,955,471,1046,867,739,413,740,846,780,1225,636,796,644,1556,710,1217,0,1099,902,911,473,890,332,960,736,678,1430,1412,717,914,953,858,931,833,1217,419,774,576,480,437,517,1180,384,600,954,469,453,791,1126,535,739,1130,896,652,811,1269,325,721,431,304,1369,879,1139,415,1331,1185,678,859,927,729,1373,355,921,832,1497,622,309,962,863,593,1191,651,1059,720,1754,933,478,1335,905,903,1361,993,852,668,360,898,798,1055,751,513,961,1262,360,559,369,1086,634,570,662,1380,728,883,1130,170,978,405,759,952,842,1254,722,935,737,446,637,896,749,1504,1451,1255,488,895,1196,300,1107,1504,672,1048,629,519,245,1086,651,1070,854,427,915,1315,1286,783,329,1074,578,906,1018,778,1339,762,743,298,576,715,760,764,650,1145,864,298,616,545,720,979,328,1092,1558,360,649,1286,990,1499,1030,1460,1217,1173,343,1084,576,1407,1080,304,1370,1433,876,401,782,659,1304,1223,233,791,815,778,1373,86,325,862,456,831,929,1373,937,548,1209,884,1387
704,385,1021,1198,1013,1212,1421,1401,1006,842,1023,739,868,785,1226,694,644,1362,826,540,1442,670,1193,942,986,881,1330,875,865,1072,1096,1670,1330,1023,940,1234,1241,794,1175,1085,1063,453,1123,1345,1096,1292,1352,1243,1251,1488,1096,1002,0,936,1410,1309,1221,1198,1451,805,1158,737,522,1175,1245,1285,1091,1042,645,1096,796,800,1040,839,1267,998,509,1270,727,1220,1137,1287,1094,763,1007,452,720,921,899,1374,588,1263,832,1095,1295,1066,698,686,842,1226,507,788,1670,1038,1459,801,1317,1032,858,1195,1072,1235,1278,1674,885,1086,364,1479,1254,1718,1005,1131,898,931,1143,924,1019,895,778,980,1230,822,1001,862,994,799,591,980,927,988,924,1114,1056,772,675,1047,1123,1551,1238,816,825,1322,792,1414,565,1285,1046,848,573,350,921,862,1017,1138,1150,903,925,1075,1109,833,775,783,826,1108,991,1313,1017,1222,1390,1676,1248,1467,1210,1181,809,1291,1381,1060,1005,1168,804,902,826,865,709,1380,803,1259,1320,760,884,1417,709,1109,665,1035,1311,1202,871,810,980,1084,1181,805,794,359,777,1096,867,761,1404,703,898,1412,722,861,1131,1544,821,1336,781,844,1384,1301,1345,1373,1330,773,956,956,1178,1087,1248,1148,1071,1498,1030,1088,910,693
527,1239,695,1409,1329,1560,1508,1109,859,979,933,1400,1041,937,1081,992,1212,1218,1408,200,1112,1238,1406,755,758,351,1629,574,320,660,953,1097,1388,813,779,981,1098,1060,1484,707,923,724,1426,1027,953,1068,1037,1132,1600,937,953,799,1059,0,1533,1163,968,996,1612,381,1245,1309,1655,1388,992,965,1400,630,308,953,497,498,1338,559,1123,1207,1544,1080,535,1529,1098,1141,1399,812,779,723,1070,421,1197,1432,1635,997,382,1056,977,1417,695,1332,711,1521,1215,491,1097,626,1322,1206,1014,459,557,1545,1113,1091,1298,1101,1183,1392,850,1640,1341,1569,712,1101,1071,636,1446,1097,727,421,481,879,977,343,791,411,1203,844,1456,879,638,887,917,1201,1267,475,1213,1355,1426,1712,843,891,694,1380,897,1434,1285,1342,634,391,381,836,421,680,1340,1437,1456,772,1231,932,967,816,1266,498,757,1317,763,918,821,1124,1687,1095,1106,1556,1516,1473,513,988,1600,1271,1317,925,508,1075,1124,320,376,910,327,1346,999,463,874,1087,376,1322,480,1333,1058,1000,1171,1177,879,1382,1487,1071,1328,1202,1214,953,961,630,1701,511,1143,1092,591,1106,1481,1148,690,1021,596,888,1699,906,1055,1462,1040,1137,815,753,1198,1222,1454,1457,1421,1233,1241,945,609,1354
779,1196,874,1221,1597,1645,1287,1471,868,910,1315,1307,1402,843,894,1048,1508,789,1609,618,1275,1530,1451,1235,812,1030,1838,946,945,1051,1389,1491,1196,1316,804,1173,1053,964,1001,946,903,613,1066,1179,1389,1130,1188,840,1685,1334,1389,625,1015,1015,0,977,1160,766,1161,864,807,1564,1012,1312,1184,1230,987,1021,722,1389,715,871,764,742,935,1021,1300,1065,804,1130,654,955,981,718,833,612,1026,1000,840,1240,1390,767,891,613,596,1506,661,1238,706,1520,1169,737,1491,1017,1175,1471,615,1011,929,1634,803,753,1147,1495,781,1391,780,1189,1117,1923,1023,661,1432,1003,1086,1458,1090,984,914,728,1169,899,1294,921,1017,750,832,728,835,736,823,763,1080,712,1478,913,1066,1260,614,682,689,1188,803,1275,1133,1151,1025,1020,650,766,1000,821,1602,1649,1455,767,1046,1368,947,791,1514,842,784,1132,817,689,1296,832,1065,1500,920,1337,1515,1472,880,589,1256,1084,1098,1112,875,1436,950,945,580,1207,880,1125,1154,896,1079,1251,580,1366,740,847,1250,769,1077,1538,728,776,1486,975,1596,1159,1470,1389,892,625,1079,780,1504,1357,586,1467,1570,1376,685,1172,822,1038,1455,677,1181,1243,1166,1383,724,773,1047,639,1111,1057,1510,1332,1054,1381,981,1261
890,1580,920,544,1936,1772,934,1673,828,1574,1488,1968,1599,1451,397,1119,1915,331,2060,821,800,1943,626,1310,937,1161,1916,1149,1057,1258,1508,1036,752,1368,889,1301,322,1484,999,933,353,1258,1137,700,1508,495,709,1005,1810,874,1508,536,1635,1212,503,0,1288,226,1058,991,850,1881,1950,684,1311,1191,985,1228,1278,1508,745,1074,836,866,103,522,1695,150,915,1028,727,24,1120,1407,958,1257,1646,1197,913,796,1781,304,1018,685,443,1636,1175,1643,791,1609,1692,974,1040,1224,240,1879,503,1218,1132,1761,968,437,666,1044,854,1479,1169,1086,705,2132,1230,814,1629,1207,1157,1655,1293,1143,964,895,1296,1121,1346,1048,518,1440,1760,895,959,903,1507,806,575,958,1886,627,1137,1157,673,1482,774,744,1458,365,1797,707,1232,1034,760,1155,1197,1043,1992,1727,1543,913,1046,1487,395,1408,1836,969,1348,466,942,533,1367,997,1064,882,53,564,1603,1562,1083,638,916,528,1175,1224,1078,1633,1022,1057,663,797,1012,765,675,946,1434,775,663,552,851,887,1435,303,1597,1731,895,820,1574,1495,2005,1547,1787,1508,1556,710,1078,891,1698,1321,671,1661,1697,768,770,693,967,1711,1353,656,701,819,687,1702,494,496,566,794,816,956,1637,732,516,1500,1184,1922
1156,1772,749,1278,1529,2125,1676,1284,996,1345,1113,1593,1221,1294,1315,1524,1407,1374,1610,883,836,1432,1360,935,814,728,2180,759,996,1002,1133,833,1718,993,836,114,1340,1411,1864,761,1159,1370,1897,797,1133,945,937,1337,2172,741,1133,1236,1591,717,1203,1304,0,1311,1997,910,1601,1498,1601,1463,73,461,1779,1127,681,1133,820,684,1602,468,1334,1345,1814,1376,1181,1909,1447,1282,1778,1169,835,1369,1602,702,1350,1626,1900,1312,897,1405,1294,1999,1219,1456,788,2271,1822,1139,833,1123,1515,1396,1331,1059,742,2125,1318,1460,1718,837,1557,1929,1300,2025,1671,1803,897,1453,1251,813,1917,1277,904,758,1008,1087,11,799,971,889,1341,1201,1557,1087,630,1095,1274,1557,1315,1002,1403,1706,1897,2097,1160,1219,804,1692,1254,1108,1475,1677,1131,855,1027,1286,702,1000,1480,2124,1993,903,1887,1112,1204,1173,1453,1027,1114,1200,819,1235,1003,1329,2062,816,1500,1261,2312,2009,693,1305,2020,1262,1994,358,688,1255,1790,996,733,858,804,1508,769,990,1059,811,733,1294,1117,1712,139,1318,1524,1357,1087,1759,2313,1422,1522,1738,1404,1133,1327,865,2076,1157,1323,400,899,1286,2061,872,808,921,1002,1073,2190,1223,869,1633,856,1321,1132,1189,1617,1425,1787,1837,2001,943,1247,1125,794,1547
910,1208,968,538,1725,1564,685,1553,878,1329,1508,1576,1611,1088,193,933,1551,305,1651,841,1003,1573,503,1330,872,1181,1713,1169,1077,1278,1528,1133,548,1388,862,1235,513,1124,804,981,465,879,952,904,1528,713,913,699,1604,973,1528,416,1251,1232,637,240,1222,0,867,1011,712,1692,1592,634,1246,1213,790,1248,1188,1528,714,1094,648,802,205,316,1315,72,935,835,544,218,917,1268,893,878,1262,1217,727,594,1405,80,1038,506,208,1427,1195,1282,764,1401,1319,994,1133,1244,384,1514,440,1238,1152,1549,680,296,460,1137,668,1268,790,895,501,2092,1250,541,1641,1227,972,1667,1313,1163,984,665,1231,1140,1366,1068,312,1101,1401,665,895,673,1226,668,371,978,1521,445,952,884,398,1118,747,540,1095,506,1411,505,1252,1054,780,776,1217,1063,1647,1523,1332,825,847,1507,456,1230,1642,989,1370,430,877,310,1388,824,869,891,374,683,1392,1353,1103,381,793,379,981,1270,1098,1645,835,1077,632,845,1031,518,879,966,1484,978,632,417,871,721,1312,45,1235,1703,665,682,1363,1135,1639,1171,1598,1528,1311,683,883,911,1729,1339,644,1692,1485,806,743,897,987,1445,1165,382,906,581,893,1513,431,544,360,612,609,763,1425,770,349,1520,1204,1529
1192,1004,1222,1257,1605,921,919,1883,1210,1412,1597,1367,1479,1172,1266,706,1292,1016,1455,1031,1780,1317,1239,1505,1161,1364,643,1359,1363,1568,1659,1731,694,1586,1153,1503,1321,1208,494,1283,1234,963,938,1674,1659,1518,1682,724,965,1546,1659,950,1316,1409,1301,1124,1490,896,0,1294,717,1362,1154,1106,1514,1586,527,1537,1479,1659,1006,1284,673,1090,1090,1180,1115,968,1217,472,696,1102,627,1348,1182,962,1327,1394,586,798,1204,882,1321,654,1035,660,1215,1366,1052,742,1120,1274,1731,1533,1252,1382,936,1527,1342,914,737,1121,674,1735,716,605,874,28,447,2411,1481,690,1509,1417,958,1535,1503,1394,1265,1057,1499,1317,1564,1353,1176,1184,1218,1057,1181,1065,1309,673,1188,1258,1319,521,938,486,859,1201,1034,686,1179,1364,1190,709,1541,1337,1063,860,1394,1346,1550,606,670,1110,664,1638,1167,1313,1399,1271,1304,1179,1166,1003,1572,802,409,1764,1187,1145,730,723,1294,910,336,1206,570,1363,1288,1513,688,1363,915,1441,1295,831,1649,1245,1443,1753,915,1154,1153,593,1580,899,1319,1446,1057,643,701,1219,1436,967,1350,1659,1394,968,423,1193,1529,1715,929,1492,850,1676,1030,1666,1266,1404,339,922,1698,1042,1660,1396,927,1192,574,725,421,526,790,1641,1213,1651,1394,1321
279,1334,810,1388,1139,1670,1451,1279,797,669,754,1223,862,662,1022,1215,1036,1159,1231,462,1238,1061,1383,576,785,286,1871,626,327,326,774,1456,1324,634,745,1182,1035,788,1381,851,863,565,1645,1139,774,1090,1148,1071,1709,1299,774,799,1173,565,1476,1104,1169,937,1545,0,1185,1135,947,1366,1193,1115,1498,293,504,774,657,679,1326,757,1061,1187,1193,1021,327,1513,1038,1082,1497,534,806,564,1184,550,1077,1369,1282,938,29,996,918,1531,423,1062,647,1766,1198,278,1456,289,1265,1028,953,283,670,1659,1052,1030,1235,1460,1281,1637,747,1573,1277,1857,300,1041,892,538,1671,918,899,98,208,820,1178,60,612,50,1183,565,768,820,845,828,642,1141,1245,202,1035,1294,1651,1645,784,558,630,1316,618,1377,1111,1279,297,37,350,733,550,200,1166,1687,1701,708,1471,753,906,494,1092,66,423,1295,790,859,574,1063,1785,1465,1044,1507,1761,1718,688,927,1537,1249,1561,1128,683,896,1353,327,522,1172,81,1287,1114,190,708,1213,522,1300,220,1226,1259,941,901,998,820,1156,1732,799,1151,1419,1040,774,651,567,1799,303,964,1242,528,927,1595,1336,626,1132,201,800,1937,847,1141,1410,1126,966,756,753,1135,1162,1390,1441,1535,1290,1219,766,658,1177
855,1158,827,966,1463,1150,770,1552,821,1077,1356,1322,1351,828,877,551,1289,777,1387,698,1232,1310,858,1263,758,1040,1328,1026,1022,1231,1417,1446,663,1344,757,1128,897,862,359,899,953,615,619,1133,1417,1084,1142,296,1188,1289,1417,673,1029,1094,1002,870,1115,474,759,956,0,1434,1331,719,1139,1180,138,1201,1075,1417,668,951,245,697,836,790,1266,543,880,404,387,848,347,1010,779,614,1040,1079,155,660,1356,601,983,349,641,1012,847,1023,659,977,1270,939,1446,1197,1002,1254,660,1191,1009,1134,308,728,550,1450,285,837,526,787,589,2004,1155,384,1381,1084,639,1407,1170,1056,929,686,1124,981,1323,1013,786,844,1145,686,790,694,969,25,808,923,1261,320,619,856,589,861,642,589,835,1116,1148,571,1205,999,725,512,1079,1009,1384,1135,902,720,443,1397,882,977,1388,934,970,888,763,580,1252,373,424,1373,761,753,962,932,960,634,709,825,654,1068,955,1385,433,1022,533,1162,962,603,1108,911,1242,1207,533,773,816,204,1205,476,975,1439,686,41,933,873,1378,1121,1338,1418,1059,578,438,856,1474,1306,539,1437,1070,1282,638,1126,932,1201,817,652,1135,654,1120,1257,650,910,450,300,586,332,1010,1247,823,1410,1061,1276
1160,533,1668,2480,829,1609,2359,1939,1842,709,884,941,933,658,1974,1656,747,1878,741,1293,2105,773,2469,803,1665,1062,1644,1269,1275,1010,957,2071,2318,884,1747,1745,2094,799,2174,1680,1898,1182,1455,2035,957,2021,2046,1601,1652,1922,957,1725,1111,1265,2718,2065,1732,1839,2241,1079,2130,0,996,2444,1757,2018,2090,930,1275,957,1400,1339,2005,1378,2018,2278,506,1904,1320,2262,2101,2043,2081,1091,1686,1181,1122,1250,1863,2376,585,1844,1037,2060,1686,1469,917,551,1642,1740,504,1075,2071,926,2205,836,1709,1067,1313,1597,1538,1833,1939,2075,1851,1721,1093,2161,2271,1820,950,2095,963,1181,1475,989,1559,1010,1157,1765,1742,1055,862,1043,2274,670,1042,1765,1462,1772,1066,2087,2334,1087,843,2025,1455,2566,1694,958,1625,2310,755,2679,805,2280,934,1052,1341,1079,1250,1206,667,1588,1491,1698,1918,936,1954,823,145,1269,816,2370,1670,1770,882,1580,2200,2078,1997,2423,1781,1912,1350,1683,2379,2341,2022,1604,1344,967,1788,1275,1331,1893,1046,2209,2007,1139,751,2076,1331,2383,1225,2011,1823,1847,912,914,1765,2054,1782,734,699,509,735,957,736,1559,2214,1297,1056,1949,1518,1019,1533,2144,1621,2030,1208,711,1998,1758,2064,2334,2049,183,1749,1684,1839,1644,2389,2147,1473,2214,2311,949,1301,840
859,581,1366,1463,981,1531,1515,1751,1342,642,927,1038,897,365,1680,790,830,1437,931,870,1784,852,1454,832,1307,780,1429,1093,1089,803,986,2004,1425,913,1266,1534,1595,409,1271,1378,1405,802,1217,1678,986,1636,1686,1337,1571,1853,986,1434,1031,1046,1679,1673,1521,1293,1550,906,1254,464,0,1536,1545,1651,1187,773,986,986,1083,1155,1136,1145,1638,1263,454,1366,987,1316,1234,1651,1190,604,1328,801,1042,1031,995,1469,534,1361,757,1191,1399,1388,704,567,1165,1323,453,795,2004,769,1801,799,1420,763,1137,1516,1168,1479,1371,2008,981,1183,713,1578,1350,1901,775,1227,926,1005,1237,952,1373,736,956,1289,1530,787,891,763,1259,412,183,1289,1231,1296,539,1210,1319,754,806,1140,1217,1650,1340,429,1147,1417,373,1659,866,1379,777,772,1009,699,1032,863,932,1236,1247,1223,1023,965,1454,543,534,884,536,1374,1312,1404,970,1316,1479,1842,1641,1554,1307,1278,1164,1394,1468,1326,1106,1394,1159,930,922,1087,1029,1723,776,1353,1653,938,806,1757,1029,1368,883,1131,1611,1300,486,993,1289,1180,1278,420,919,672,884,986,624,1081,1493,963,1019,1774,1042,982,1452,1755,1143,1670,864,766,1488,1404,1679,1461,1664,452,1411,1209,1271,1183,1343,1244,1392,1719,1296,978,1125,992
1324,1670,1247,548,2031,1783,691,1963,1339,1614,1925,1862,1893,1369,735,1126,1832,798,1984,1253,1050,1859,292,1744,1290,1584,1926,1591,1488,1700,1942,1088,665,1803,1282,1418,958,1402,1018,1260,920,1167,1141,956,1942,888,1030,894,1821,1000,1942,845,1548,1615,623,759,1439,536,1077,1430,857,1976,1873,0,1407,1175,1004,1671,1369,1942,1099,1515,843,1220,725,312,1779,605,1344,1047,734,737,1139,1547,1311,1166,1559,1600,920,546,1863,714,1457,692,664,1650,1400,1563,1181,1621,1774,1406,1088,1667,887,1796,832,1661,1574,1772,875,754,687,1092,861,1490,1078,1105,727,2489,1671,728,1923,1647,1161,1949,1736,1591,1397,1061,1400,1562,1782,1489,308,1385,1679,1061,1310,1069,1504,813,244,1390,1803,644,1141,1176,836,1401,1163,639,1376,727,1694,841,1675,1473,1193,1064,1600,1478,1916,1734,1554,1239,1067,1921,902,1514,1930,1404,1508,346,1295,642,1819,1078,1083,887,822,681,1614,1574,1526,806,935,259,1186,1331,1520,1927,1029,1487,1045,1116,1447,524,931,1377,1785,1025,1045,205,1284,894,1415,538,1515,1971,1061,827,1585,1413,1922,1636,1882,1942,1596,1097,1097,1321,2012,1301,1058,1975,1708,802,1159,1014,1398,1746,1372,819,838,1097,831,1791,769,986,587,781,838,975,1648,766,263,1934,1626,1816
1114,1728,709,1220,1486,2090,1618,1246,956,1308,1071,1550,1179,1253,1257,1483,1365,1316,1567,842,782,1390,1302,893,773,687,2145,718,955,960,1091,778,1661,951,796,19,1285,1371,1829,721,1119,1329,1861,742,1091,891,883,1302,2137,686,1091,1195,1547,674,1145,1246,43,1276,1957,870,1566,1455,1561,1402,0,401,1744,1085,646,1091,785,642,1567,426,1276,1283,1774,1319,1140,1874,1412,1224,1743,1128,794,1328,1558,659,1315,1570,1860,1277,856,1370,1259,1964,1179,1412,748,2236,1778,1098,778,1081,1461,1355,1296,1017,701,2090,1283,1420,1683,782,1522,1887,1265,1985,1636,1766,855,1418,1209,773,1881,1235,866,718,968,1052,74,759,929,848,1279,1160,1519,1052,588,1060,1233,1522,1257,962,1362,1671,1861,2059,1125,1178,764,1635,1213,1050,1432,1642,1089,815,985,1251,659,961,1440,2089,1950,863,1852,1070,1164,1132,1411,987,1073,1142,778,1200,961,1294,2029,762,1444,1204,2277,1966,655,1270,1985,1204,1953,395,650,1213,1755,954,698,928,764,1452,714,950,1017,757,698,1233,1075,1677,40,1283,1484,1315,1052,1724,2278,1382,1480,1693,1361,1091,1290,825,2043,1115,1281,344,859,1244,2026,818,768,867,963,1031,2158,1188,815,1577,802,1279,1097,1149,1582,1390,1752,1802,1966,888,1188,1083,753,1504
1132,1747,592,1133,1505,2098,1537,1264,844,1323,1089,1569,1197,1269,1172,1500,1383,1241,1584,859,693,1408,1215,911,639,703,2153,736,972,978,1109,697,1584,969,669,240,1208,1387,1861,589,977,1346,1869,715,1109,797,789,1310,2145,591,1109,1119,1565,692,1058,1159,266,1306,2054,885,1650,1474,1577,1314,229,0,1752,1103,654,1109,793,660,1575,444,1189,1196,1790,1232,1157,2006,1494,1137,1751,1144,660,1345,1576,677,1323,1493,1876,1386,872,1452,1450,1972,1194,1430,623,2244,1798,1114,697,1099,1391,1372,1406,1035,719,2098,1291,1444,1695,701,1530,2225,1273,2082,1745,1783,873,1500,1227,789,1889,1253,884,733,983,1060,222,774,947,864,1192,1176,1533,1060,606,1068,1249,1607,1170,977,1379,1615,1869,2154,1236,1194,639,1558,1229,963,1451,1779,1107,830,1003,1259,677,974,1456,2097,1968,738,1860,1088,1088,1148,1429,1002,1089,1055,644,1311,979,1302,2037,664,1365,1117,2285,1984,673,1380,1902,1117,1967,112,668,1231,1763,972,706,721,779,1375,663,965,1035,668,706,1146,1093,1700,250,1391,1500,1333,1060,1623,2286,1398,1498,1713,1380,1109,1305,700,2051,1133,1299,244,734,1262,2034,729,643,773,976,1049,2166,1299,721,1497,708,1297,1174,1073,1594,1398,1861,1934,1974,828,1101,1101,771,1523
915,1308,931,1086,1592,1025,774,1553,925,1196,1480,1428,1477,952,960,680,1417,786,1520,815,1470,1439,939,1378,872,1153,881,1143,1078,1279,1532,1446,500,1459,863,1235,1018,988,117,1003,962,747,725,1281,1532,1222,1288,432,1064,1289,1532,682,1126,1204,1123,952,1222,594,380,1012,264,1559,1457,800,1246,1293,0,1249,1188,1532,719,1068,381,802,918,872,1418,663,936,162,401,930,393,1131,893,746,1137,1189,294,498,1510,609,1039,363,649,889,988,1146,765,854,1424,995,1446,1245,1085,1380,668,1239,1126,1011,445,817,584,1450,424,714,658,408,427,2092,1267,398,1507,1201,745,1533,1287,1172,985,776,1231,1097,1437,1069,868,968,1268,776,895,784,1093,221,889,979,1387,431,725,472,597,985,748,427,959,1199,1260,409,1253,1055,781,645,1189,1065,1511,829,779,841,326,1511,859,1164,1510,996,1087,1001,912,619,1346,510,182,1462,832,835,839,800,1077,642,448,942,541,1167,1071,1566,305,1107,650,1148,1074,686,1276,967,1445,1348,650,878,876,188,1316,606,1163,1587,772,246,810,1063,1570,1240,1516,1601,1221,702,196,921,1652,1460,663,1615,936,1364,760,1264,989,1408,586,607,1255,764,1242,1427,623,915,494,449,440,90,876,1335,914,1593,1170,1391
494,1497,886,1694,963,1880,1764,1186,1131,709,612,1061,723,702,1330,1330,842,1490,982,638,1320,868,1693,433,974,337,1988,497,627,151,635,1328,1616,491,983,1089,1357,823,1796,900,1186,862,1747,1295,635,1256,1355,1328,1933,1139,635,1040,1388,538,1752,1456,1076,1214,1869,339,1521,970,1017,1691,1097,1320,1720,0,548,635,729,571,1321,670,1364,1497,1214,1312,651,1841,1351,1434,1735,571,995,861,1399,523,1374,1712,1328,1215,298,1307,1196,1734,709,1056,951,1805,1237,398,1328,1,1582,865,1270,62,541,1867,1309,1339,1528,1332,1530,1684,1048,1897,1583,1729,174,1344,753,409,1767,779,806,290,499,1081,1082,343,469,303,1493,603,959,1081,760,1089,682,1469,1555,410,872,1457,1747,1944,1062,604,934,1608,658,1672,935,1605,3,312,676,1034,523,525,1009,1779,1748,1010,1586,614,1218,538,943,604,463,1608,979,1137,419,1320,1862,1348,1338,1796,1808,1761,593,1244,1767,1564,1654,1005,587,757,1458,627,636,1102,332,1572,1267,485,534,1293,636,1611,544,1684,1155,1220,935,856,1081,1484,1779,834,995,1422,878,635,691,871,1876,623,825,1256,832,788,1803,1351,929,1339,527,548,1897,1125,1329,1700,1314,790,1067,1019,1429,1421,1698,1770,1743,1421,1535,627,529,1015
382,1256,627,1177,1384,1610,1286,1179,619,1024,1009,1399,1112,1010,841,1292,1238,984,1387,312,1007,1264,1177,830,593,676,1650,641,566,707,1032,1289,1111,888,516,941,808,1130,1274,649,655,588,1295,930,1032,867,909,818,1658,1093,1032,537,1096,645,1227,974,928,737,1347,486,1031,1366,1237,1169,949,1017,1198,680,0,1032,210,564,1004,523,869,978,1290,832,399,1319,870,1018,1215,883,614,587,1107,630,843,1200,1406,738,513,827,717,1461,659,1359,430,1693,1314,464,1289,676,1050,1270,790,706,624,1595,799,848,1037,1293,1020,1672,768,1375,1078,1651,686,861,1142,699,1315,1168,799,679,449,567,934,651,866,539,974,915,1050,567,603,576,990,980,1037,448,1277,955,1295,1420,583,861,414,1103,970,1144,1331,1095,684,529,242,754,630,536,1409,1578,1872,495,1320,1011,677,691,1335,464,839,1090,598,658,873,810,1339,1086,843,1322,1735,1842,586,764,1279,1043,1338,860,580,1146,1187,566,89,979,514,1100,905,435,928,979,89,1095,335,1168,1007,740,1241,1245,567,995,1736,1141,1404,1160,1273,1032,1006,352,1353,371,1214,1136,313,1177,1531,1117,409,893,449,1198,1631,646,884,1229,871,1186,583,521,938,916,1189,1247,1471,1052,1013,1024,676,1353
1039,1459,1368,2440,958,2127,2053,1521,1593,594,390,1022,498,889,1647,1574,717,1752,805,941,1814,583,2438,116,1253,813,2207,793,1033,593,0,1819,1929,112,1450,1364,1672,1007,2056,1381,1493,1410,2003,1790,0,1725,1824,1580,2183,1604,0,1361,1636,878,2045,1775,1351,1525,2254,914,2075,965,1201,2426,1373,1602,1980,509,950,0,1056,909,1775,965,1676,2245,1391,1630,1189,2101,1708,1753,1983,1036,1274,1409,1647,863,1772,2032,1446,1527,871,1664,1511,1983,923,771,1268,2039,1261,962,1819,505,1887,590,1588,649,837,2115,1561,1653,1975,1823,1776,1915,1778,2431,1896,1506,559,1702,527,705,2023,553,1139,814,1045,1340,1358,865,135,878,2241,1068,1234,1340,1054,1347,1143,2024,2301,974,597,1948,2003,2332,1377,1091,1252,1921,702,1975,930,1921,513,887,1085,1764,863,1067,833,1999,1978,1325,1843,47,1528,829,938,1149,818,2339,1258,1453,52,1572,2121,1791,1650,2095,2038,1995,927,1562,2067,2310,1915,1276,921,531,1702,1033,997,1586,854,1878,1762,1031,493,1784,997,2354,1086,1934,1501,1532,1118,630,1340,1991,2009,972,819,1381,873,0,739,1188,2135,1161,599,1536,1149,562,2051,1847,1247,1808,1069,507,2149,1441,1797,2007,1782,785,1385,1338,1876,1672,2015,2029,1991,1916,2280,6,825,965
234,1227,522,1060,1207,1561,1183,1059,488,842,862,1263,965,804,722,895,1089,866,1227,164,906,1114,1054,683,486,530,1599,508,441,565,885,1183,1005,741,410,835,689,923,1229,595,548,440,1250,828,885,753,807,774,1614,987,885,418,972,505,1105,855,822,620,1247,342,931,1214,1097,1047,843,911,1153,538,273,885,0,431,960,410,750,859,1434,713,251,1274,771,899,1170,677,507,439,983,490,797,1095,1551,623,369,728,737,1411,517,1156,324,1642,1151,319,1183,534,928,1113,672,564,491,1545,755,731,935,1187,975,1234,565,1275,972,1510,544,762,995,557,1270,1021,671,535,303,523,828,518,719,395,855,709,912,523,490,532,784,879,916,303,1120,852,1250,1319,469,721,308,997,764,1022,1089,990,542,385,94,551,490,388,1259,1524,1298,382,1275,864,577,549,1185,317,735,971,491,544,824,766,1294,1196,724,1214,1683,1317,453,646,1176,924,1291,747,447,999,1143,441,192,645,441,981,803,291,779,878,192,972,187,950,901,624,1035,1098,523,894,1684,934,1245,1131,1121,885,824,236,1308,223,1067,1030,197,1030,1481,1002,303,791,301,1013,1588,532,782,1111,769,1034,469,402,836,872,1083,1202,1421,973,894,877,543,1217
624,1402,770,1528,1085,1631,1634,871,974,948,742,1183,845,933,1196,1087,967,1326,1108,324,1210,992,1530,563,857,355,1723,317,444,504,765,1221,1474,621,867,801,1194,1053,1549,784,1028,831,1507,1177,765,1140,1245,1198,1679,1025,765,956,1137,363,1598,1326,788,1079,1730,518,1582,1092,1247,1805,809,1191,1473,631,432,765,658,0,1429,545,1224,1333,1437,1184,642,1594,1218,1304,1485,806,878,830,1148,348,1282,1564,1554,1080,519,1174,1062,1482,815,1072,815,1557,1391,754,1221,627,1426,991,1134,562,300,1616,1179,1203,1387,1225,1284,1433,956,1758,1441,1513,501,1210,875,367,1527,901,480,391,605,953,749,437,599,519,1329,838,1188,953,625,961,913,1531,1392,604,998,1307,1507,1803,928,865,797,1466,893,1518,1057,1459,635,548,487,942,348,777,1139,1516,1497,873,1338,744,1060,820,1065,631,762,1448,862,1003,613,1190,1614,1234,1198,1665,1557,1514,262,1108,1630,1401,1402,854,256,879,1213,444,523,985,442,1442,1149,591,662,1182,523,1448,578,1434,867,1083,1164,978,953,1498,1528,1064,1123,1309,999,765,930,734,1628,614,947,1127,695,910,1552,1242,792,1229,692,676,1655,991,1220,1570,1206,915,931,934,1288,1294,1555,1522,1492,1307,1372,757,352,1137
701,1125,733,1006,1341,1181,767,1395,734,953,1278,1158,1241,716,923,380,1170,651,1258,535,1093,1187,909,1168,670,898,1170,860,889,1028,1322,1379,618,1287,631,1021,844,764,497,758,749,448,429,1016,1322,967,995,51,1233,1187,1322,527,886,886,1026,731,1008,509,739,804,518,1321,1193,735,1029,1098,419,1000,641,1322,559,784,0,605,747,854,1483,578,733,542,407,709,430,886,691,447,897,871,171,709,1600,468,831,367,504,1043,693,925,545,1008,1047,782,1379,996,1025,1143,524,1027,843,1166,33,570,530,1383,217,881,359,767,585,1851,970,293,1270,907,449,1296,1014,924,767,609,1014,851,1265,857,850,743,1005,609,685,618,879,467,910,766,1150,354,429,809,431,769,529,610,723,1112,985,604,1004,847,578,345,871,854,1286,962,945,610,329,1301,776,878,1290,782,867,965,675,506,1078,54,562,1173,721,795,1005,966,802,498,656,876,388,940,796,1274,256,889,424,1076,795,574,991,753,1163,1065,424,812,662,369,1087,511,876,1296,609,435,976,775,1274,1029,1228,1322,934,467,576,705,1363,1217,429,1326,1102,1223,524,979,776,1124,790,494,970,698,955,1141,510,660,431,183,593,470,1042,1139,888,1314,895,1112
939,1634,626,1480,1240,1977,1668,1053,900,1091,889,1337,992,1053,1234,1312,985,1365,1343,659,1057,995,1570,710,703,511,2028,502,764,643,912,1072,1515,768,719,491,1344,1173,1661,640,1097,1162,1672,1031,912,993,1098,1182,2033,879,912,941,1370,518,1395,1564,478,1119,1772,697,1426,1245,1367,1842,499,797,1585,758,453,912,680,388,1380,0,1267,1376,1559,1228,973,1706,1258,1542,1598,926,724,1161,1381,503,1218,1605,1675,1120,683,1214,1101,1833,997,1219,667,2069,1544,908,1072,754,1537,1144,1175,696,485,1965,1163,1246,1427,1076,1395,1666,1398,1800,1482,1489,646,1251,1022,552,1692,1048,665,542,787,936,438,588,746,675,1372,958,1307,936,515,944,1033,1374,1435,786,1151,1352,1672,1845,967,984,683,1507,1013,1315,1210,1500,762,644,817,1384,503,790,1287,1953,1730,782,1707,891,1087,939,1215,812,881,1403,708,1042,760,1174,1726,1087,1241,1454,1790,1743,447,1149,1670,1468,1740,395,441,1026,1564,764,545,839,593,1476,1003,773,807,1029,545,1490,900,1548,711,1123,1284,1125,936,1609,1761,1184,1275,1539,1152,912,1073,744,1740,945,1094,733,778,1057,1901,1088,687,1082,792,821,2006,1030,1073,1604,1058,1063,972,920,1328,1278,1596,1634,1841,1160,1414,904,537,1291
904,1567,929,569,1912,1940,853,1699,835,1563,1515,1863,1619,1420,377,1132,1883,325,2032,846,805,1887,707,1337,981,1199,1958,1165,1096,1231,1541,1016,702,1395,904,1316,271,1467,972,943,286,1170,1136,727,1541,464,706,910,1996,824,1541,464,1553,1185,491,144,1303,205,1039,1007,906,1862,1892,697,1325,1096,958,1203,1258,1541,781,1089,848,889,0,513,1608,129,938,1012,746,34,1096,1412,1002,1169,1564,1170,930,769,1721,285,1034,703,369,1778,1180,1625,818,1776,1628,985,1016,1199,297,1855,429,1230,1148,1928,874,363,636,1020,875,1655,1081,1067,669,2165,1210,737,1649,1216,1156,1675,1319,1196,970,810,1311,1138,1373,1060,509,1445,1704,810,983,818,1513,854,569,969,1862,584,1136,943,598,1477,801,694,1429,399,1690,688,1207,1050,782,1067,1170,1054,1975,1749,1719,942,1020,1520,419,1212,1855,985,1361,491,986,462,1496,903,1037,826,133,550,1779,1732,1107,473,884,577,1177,1230,1101,1653,1030,1096,688,811,1039,660,702,956,1443,777,688,624,865,925,1311,283,1580,1746,810,869,1750,1478,1988,1473,1794,1541,1545,738,1051,910,1716,1215,699,1679,1863,732,796,690,978,1757,1349,581,681,793,668,1700,420,482,537,719,779,940,1803,703,547,1533,1200,1817
1426,1959,1029,276,2279,2112,898,2229,1357,1657,2043,2000,2222,1595,619,1308,2172,826,2344,1362,825,2195,370,1865,1208,1341,2125,1696,1605,1770,2069,886,879,1923,1133,1184,766,1701,1229,1043,930,1314,1313,752,2069,579,658,1071,2168,785,2069,954,1683,1429,505,721,1209,765,1297,1534,1081,1997,1806,447,1173,929,1215,1743,1199,2069,1281,1618,1020,1409,651,0,2183,790,1455,1270,917,699,1347,1474,1229,1313,1694,1414,1101,732,2298,938,1561,874,849,1980,1345,1925,1324,1946,1890,1507,886,1739,833,2151,909,1733,1679,2100,1054,843,927,890,1045,1822,1265,1325,1225,2688,1749,910,2252,1741,1333,2278,1849,1446,1492,1279,1163,1659,1901,1594,343,1507,1610,1279,1212,1286,1575,1030,325,1491,2158,858,1313,1195,1076,1398,1308,853,1562,532,1825,1025,1747,1577,1301,1251,1414,1576,2284,1917,1886,1309,1279,2048,886,1549,2227,1508,1540,201,1213,938,1919,1142,1294,676,762,564,1946,1903,1637,953,1136,268,1354,1152,1631,2256,1203,1605,1208,899,1561,705,727,1478,1881,797,1208,298,1386,1098,1144,768,1813,2299,1279,1045,1917,1712,2285,1864,2170,2069,1639,1256,1308,1427,2314,1048,1216,2277,2036,584,1304,642,1500,1847,1602,1059,609,1223,600,2066,900,974,828,963,1337,1198,1976,642,251,2061,1731,1954
1388,585,1852,1989,865,1612,2093,2237,1808,1112,1390,722,1285,822,1978,1370,1089,1855,812,1293,2295,1114,1992,1279,1749,1259,1653,1565,1615,1269,1433,2290,2034,1398,1674,2036,2122,899,1839,1865,1857,1221,1457,2136,1433,2066,2113,1605,1660,2109,1433,1728,1118,1533,2205,2108,2023,1893,2137,1273,1871,718,629,2098,2048,2143,1763,1241,1476,1433,1538,1626,1716,1693,2019,1798,0,1957,1514,1884,1803,2021,1778,1047,1770,1220,1129,1518,1568,2134,307,1854,1230,1759,1694,1463,1280,1031,1596,1696,220,1254,2290,1237,2176,1188,1718,1231,1609,1597,1542,1842,1923,2294,1572,1675,1132,2193,1999,2204,1249,1795,1315,1477,1477,1341,1857,1210,1479,1814,2033,1258,1376,1237,1794,904,693,1814,1778,1821,1040,1820,1854,1266,1195,1738,1457,2210,1703,930,1579,2024,830,2219,546,2023,1245,1246,1328,1118,1518,1395,857,1581,1814,1651,1626,1412,1897,1037,758,1429,1023,1904,1754,1779,1417,1584,2204,2322,1993,2127,1737,1846,1645,1692,2030,1864,1697,1896,1639,1319,1498,1615,1465,2068,1249,1918,2111,1465,1147,2262,1465,1909,1414,1726,2156,1901,975,1223,1814,1787,1738,910,924,499,667,1433,1094,1515,2218,1486,1362,2258,1475,1325,1533,2324,1574,2097,1397,1108,2031,1767,2087,2040,2072,820,1727,1662,1824,1653,2011,1812,1473,2268,1834,1425,1597,676
835,1395,852,516,1876,1620,677,1567,755,1491,1445,1685,1552,1252,173,992,1714,309,1883,776,866,1737,502,1267,904,1131,1803,1096,1026,1161,1471,1041,617,1325,864,1247,336,1299,896,866,365,996,998,788,1471,529,767,759,1668,848,1471,387,1379,1116,579,232,1234,111,964,937,779,1689,1734,492,1255,1160,882,1133,1013,1471,738,1020,708,816,195,306,1431,0,868,936,608,210,1020,1341,925,995,1390,1101,790,562,1548,191,964,568,198,1483,1110,1461,778,1451,1456,915,1041,1129,385,1686,258,1160,1079,1605,742,192,551,1045,736,1327,907,992,584,2120,1140,603,1582,1146,1018,1608,1250,1126,900,686,1240,1067,1303,990,302,1285,1538,686,911,694,1414,727,364,899,1693,500,998,863,456,1310,761,609,1261,487,1517,603,1137,980,712,893,1101,984,1826,1598,1391,837,942,1450,347,1142,1820,915,1290,422,909,452,1425,769,961,902,202,711,1451,1408,1038,302,804,372,1030,1152,1032,1586,890,1026,645,734,968,458,764,886,1373,839,645,419,795,795,1375,185,1412,1841,686,742,1422,1310,1820,1301,1758,1471,1473,698,975,840,1649,1277,659,1612,1541,808,756,752,909,1680,1319,439,743,607,730,1667,249,406,452,703,693,864,1481,779,342,1464,1132,1639
200,1193,549,1095,1170,1593,1216,1028,515,810,827,1229,930,783,759,861,1052,903,1191,130,938,1077,1095,648,519,496,1497,474,407,535,850,1215,1038,706,435,862,722,902,1260,622,581,406,1280,860,850,788,839,804,1641,1019,850,454,952,491,1139,892,849,654,1279,308,963,1177,1056,1089,870,944,1184,508,239,850,346,397,990,440,787,896,1399,750,0,1252,803,936,1201,656,540,405,963,457,829,1127,1516,655,335,760,635,1444,484,1135,349,1325,1117,285,1215,504,962,1077,707,534,457,1578,785,766,967,1219,1006,1200,531,1307,1005,1479,514,794,960,523,1300,986,637,504,269,553,855,459,684,364,892,688,872,553,520,562,763,912,955,269,1084,884,1280,1351,501,685,333,1030,743,1056,1055,1022,512,351,60,517,457,354,1224,1289,1264,414,1306,829,610,516,1150,283,710,1008,524,576,794,796,1325,1228,761,1250,1324,1282,419,681,1208,961,1324,776,413,964,1173,407,225,672,346,1012,835,257,745,910,225,1013,153,976,928,657,1014,1063,553,921,1295,913,1209,1097,1084,850,792,269,1339,189,1032,1063,230,995,1514,1037,328,823,267,979,1617,564,814,1146,801,998,501,438,868,902,1116,1174,1454,1009,931,842,509,1183
971,1160,998,1136,1668,1051,830,1627,1005,1282,1608,1448,1575,1045,1011,740,1353,781,1537,859,1418,1378,997,1490,966,1212,712,1174,1163,1298,1644,1523,577,1610,925,1304,1016,1095,217,1071,942,788,776,1344,1644,1221,1323,495,1102,1311,1644,710,1167,1198,1156,1006,1291,597,270,1074,335,1446,1529,823,1313,1400,203,1270,1072,1644,799,1098,444,876,969,901,1196,669,1005,0,457,984,462,1215,987,787,1178,1183,350,593,1310,644,1101,417,681,752,1027,1254,839,786,1219,1052,1523,1266,1157,1478,703,1260,1157,1035,518,746,628,1527,487,629,699,144,506,2183,1284,452,1605,1225,796,1631,1328,1245,1037,836,1299,1169,1590,1127,897,1074,1332,836,970,844,1210,284,952,1036,1485,442,776,334,607,1100,822,569,1053,1244,1274,488,1274,1117,849,685,1183,1121,1620,701,693,898,382,1623,932,1205,1613,1052,1191,1058,971,682,1398,583,350,1484,894,883,753,744,1116,677,547,964,597,1215,1110,1609,365,1163,706,1224,1114,748,1322,1023,1494,1394,706,903,932,242,1372,612,1206,1485,839,300,724,1106,1613,1064,1348,1644,1264,759,364,977,1619,1520,720,1582,971,1389,817,1310,1045,1457,429,673,1300,789,1285,1471,696,991,532,509,539,55,911,1360,939,1636,1209,1402
743,1099,735,1027,1378,1225,788,1437,737,994,1321,1202,1284,755,944,424,1213,731,1304,578,1096,1231,930,1212,673,939,1214,901,935,1070,1366,1385,639,1331,634,1024,952,804,417,827,868,491,479,1019,1366,971,998,169,1278,1191,1366,640,925,929,1047,939,1011,530,791,846,420,1361,1236,756,1032,1099,340,1042,999,1366,562,825,118,608,902,834,1136,599,777,462,0,917,349,928,694,490,936,914,192,730,1250,580,873,388,616,1087,729,965,548,1052,1090,824,1385,1038,1107,1187,636,1069,884,1210,149,682,560,1389,107,925,402,819,606,1891,1011,423,1314,948,499,1340,1055,969,809,610,1017,894,1309,899,830,785,1047,610,688,619,921,369,886,808,1194,375,479,861,543,811,532,631,763,1194,1028,625,1046,889,621,388,914,896,1324,1006,989,613,446,1345,859,920,1332,824,908,946,678,618,1117,227,482,1176,830,816,1049,1010,843,610,669,897,448,941,837,1318,307,935,427,1080,838,595,994,795,1205,1068,427,833,704,275,1090,532,916,1338,610,333,1020,815,1318,1003,1269,1366,976,470,496,749,1407,1218,432,1370,1146,1318,527,982,818,1166,805,606,973,719,958,1182,622,916,461,187,607,390,1086,1142,869,1358,936,1156
950,1558,977,545,2047,1925,792,1743,881,1615,1565,1854,1666,1411,314,1118,1873,368,2023,892,772,1897,632,1385,1035,1242,1944,1211,1142,1277,1589,989,744,1443,951,1329,233,1458,1006,991,248,1161,1122,694,1589,429,673,903,1981,799,1589,507,1540,1231,467,62,1356,248,1073,1053,892,1853,1881,709,1318,1070,992,1249,1303,1589,827,1135,834,945,130,451,1598,172,984,1046,732,0,1130,1462,1056,1160,1551,1216,916,704,1712,328,1080,689,360,1769,1226,1616,864,1761,1619,1031,989,1245,273,1846,420,1239,1194,1913,866,354,677,993,861,1640,1072,1101,711,2213,1257,723,1696,1262,1142,1722,1364,1244,1016,801,1308,1186,1421,1106,447,1443,1695,801,1039,809,1572,840,507,1015,1853,624,1122,979,589,1468,847,736,1420,375,1681,729,1253,1096,828,1058,1216,1100,1966,1735,1704,987,1054,1568,335,1258,1985,1031,1411,467,1040,453,1542,895,1071,794,46,526,1764,1717,1153,464,920,530,1163,1277,1147,1700,1016,1142,734,855,1087,599,669,1002,1491,744,734,568,911,911,1285,315,1571,1793,801,855,1735,1469,1979,1464,1922,1589,1597,784,1085,956,1763,1189,745,1726,1849,697,842,657,1024,1810,1381,572,648,730,635,1827,411,524,578,705,822,974,1789,671,517,1581,1246,1808
852,1205,827,984,1494,889,792,1546,830,1108,1438,1319,1403,871,901,545,1335,706,1429,694,1212,1354,887,1323,788,1053,753,1010,1044,1179,1477,1496,539,1442,750,1134,907,921,211,911,819,611,611,1135,1477,1091,1114,290,945,1284,1477,593,1021,1042,1004,710,1121,487,482,955,326,1477,1356,713,1142,1219,131,1151,903,1477,676,934,239,705,673,791,1240,556,886,256,381,688,0,1043,809,610,1032,1027,145,555,1356,534,982,341,570,798,843,1080,664,720,1264,933,1496,1147,1080,1306,590,1178,993,878,309,636,515,1500,279,584,522,486,468,2004,1118,376,1433,1059,631,1459,1164,1085,918,719,1127,1010,1420,1008,787,901,1163,719,800,727,1037,275,843,917,1313,332,611,552,497,927,647,531,879,1167,1145,450,1155,998,730,508,1027,1002,1445,742,648,723,170,1456,814,1033,1446,933,1019,903,793,572,1224,374,469,1373,785,773,708,678,952,564,565,854,386,1046,946,1437,149,1044,541,1195,953,552,1110,904,1314,1184,541,790,813,181,1200,489,1032,1461,719,239,679,932,1439,1109,1385,1477,1090,584,483,858,1526,1336,546,1489,814,1275,642,1098,926,1277,470,560,1089,676,1074,1298,576,870,416,302,473,184,754,1246,826,1469,1045,1274
576,956,1038,1611,915,1663,1783,1439,1216,322,861,1163,829,138,1351,1029,755,1654,947,758,1469,774,1610,727,1122,448,1659,757,668,455,929,1479,1685,785,1130,1283,1450,269,1491,1052,1275,998,1449,1420,929,1400,1498,1571,1711,1277,929,1066,1384,716,1801,1531,1270,1240,1796,458,1523,922,470,1608,1292,1329,1415,428,656,929,796,827,1371,883,1439,1414,673,1387,733,1536,1457,1509,1427,0,1143,997,1395,701,1224,1780,784,1295,415,1413,1223,1527,290,513,1035,1494,692,480,1479,424,1672,732,1296,454,801,1648,1404,1358,1579,1483,1226,1370,964,1824,1652,1804,434,1449,859,669,1469,885,1057,400,581,1056,1277,451,763,422,1410,52,501,1056,972,1064,118,1471,1472,492,739,1393,1449,1869,1143,96,1017,1677,108,1974,887,1673,432,431,758,950,701,607,873,1451,1434,1092,1274,908,1306,196,891,686,190,1526,1127,1218,714,1550,1556,1506,1413,1814,1494,1451,845,1325,1685,1481,1338,1194,839,863,1155,668,703,1254,440,1591,1392,567,593,1442,703,1528,626,1376,1350,1300,378,882,1056,1440,1465,280,859,884,829,929,304,952,1570,705,952,1447,860,915,1584,1500,1012,1482,609,552,1593,1206,1472,1718,1457,737,1148,1045,1479,1420,1651,1464,1524,1579,1451,921,789,1006
966,1727,284,1159,1540,2055,1436,1238,562,1348,1153,1619,1256,1323,987,1573,1156,1123,1543,827,724,1166,1246,974,17,776,2106,799,922,1093,1179,735,1446,1032,374,982,1003,1428,1537,297,727,1176,1583,691,1179,645,757,1276,2111,536,1179,774,1525,885,1074,1232,822,1052,1701,1008,1356,1522,1629,1318,843,726,1523,1065,633,1179,774,723,1292,437,1015,1124,1817,975,987,1667,1189,1210,1516,1199,0,1175,1536,870,1319,1361,1930,1053,948,1146,1001,1911,1229,1659,320,2147,1835,1181,735,1061,1217,1429,1106,888,782,2043,1257,995,1360,739,1316,2128,1241,1729,1413,1788,911,1182,1286,987,1603,1312,953,889,1019,1032,828,934,1010,940,1120,1232,1562,1032,251,1040,1303,1304,1183,1018,1436,1280,1583,1774,901,1257,335,1438,1288,991,1488,1431,1069,982,831,1227,870,1103,1483,2031,2152,437,1672,1158,750,1249,1712,1058,1183,1093,22,1097,1207,1294,1635,689,1025,1139,2191,2311,948,1106,1753,1172,1748,725,942,1484,1544,944,695,511,911,1301,662,1013,1309,693,695,1279,927,1416,950,1190,1588,1580,1047,1355,2192,1490,1768,1618,1632,1389,1375,399,1649,973,1550,850,430,1513,1973,760,343,711,1042,1567,1960,1085,705,1447,691,1541,874,785,1396,1195,1636,1605,1913,868,1127,1381,1033,1865
427,1352,718,1312,1319,1494,1387,1223,707,736,1200,1605,1263,714,952,857,1216,1068,1413,335,1125,1248,1293,1022,705,703,1543,664,612,745,1249,1376,1339,1080,651,1063,951,774,1309,785,778,1,1291,1054,1249,1007,1027,1003,1534,1216,1249,623,1040,671,1379,1072,1050,971,1479,464,1167,1314,956,1293,1070,1076,1227,709,442,1249,579,614,1196,648,974,1091,1242,935,445,1358,1027,1050,1260,593,726,0,1050,656,1048,1347,1351,972,485,982,966,1371,408,988,566,1293,1259,323,1376,705,1178,1209,917,699,647,1494,984,960,1264,1380,1063,1174,240,1511,1309,1687,698,988,1293,726,1311,1319,840,652,509,753,1056,643,1058,528,1087,629,767,753,732,761,694,1116,1153,298,1216,1250,1291,1543,808,583,550,1331,789,1286,1279,1338,713,489,286,226,656,406,1344,1343,1238,624,1103,1228,817,440,1308,453,624,1197,710,883,978,995,1374,1205,950,1451,1296,1252,620,891,1525,1156,1194,1007,614,1297,984,612,444,835,540,1233,1030,495,937,1097,444,1211,380,1205,1131,979,883,1355,753,1274,1268,785,1344,1322,1221,1249,718,490,1388,417,1365,1192,450,1328,1430,1234,545,1011,439,898,1530,871,1005,1372,990,1137,721,601,1189,1121,1419,1284,1370,1171,1126,1241,699,1435
1231,952,1019,1182,1506,456,1279,1912,998,1345,1573,1317,1436,918,1072,738,1247,924,1383,1053,1351,1275,1163,1493,935,1404,517,1373,1438,1623,1647,1595,1172,1581,912,1286,1225,911,1209,1081,1002,983,481,1284,1647,1229,1256,627,548,1414,1647,749,155,1360,1359,1193,1273,934,1107,1339,1189,1298,1179,1164,1294,1380,1168,1590,1052,1647,783,1322,659,866,1123,962,1068,1003,1265,1074,831,1171,1134,1098,956,982,0,1345,715,1277,1174,935,1360,786,718,335,1196,1239,825,575,1083,1307,1595,1586,1268,1259,741,1580,1356,459,560,910,932,1599,896,563,894,1034,1108,2328,1502,792,1466,1423,501,1492,1532,1363,1292,844,1280,1382,1561,1408,958,946,1202,844,962,852,1083,1138,1023,1291,1273,890,481,1208,771,996,808,1163,926,1363,1127,1170,1594,1364,1106,880,1345,1387,1479,468,652,879,1113,1626,1044,1083,1328,1324,1068,1066,940,846,1495,606,1020,1541,1096,1316,616,748,1319,714,1440,1026,981,1147,1313,1470,865,1437,693,1345,1326,1108,1260,1278,1375,1324,693,1081,1191,1038,1355,940,1020,1382,844,1107,617,922,1476,917,1236,1647,1355,747,1034,1237,1518,1496,707,1481,394,1430,803,1240,1306,1338,873,832,1234,1239,1219,1340,749,926,857,668,1211,1132,334,1413,996,1639,1408,1269
585,1486,695,1520,1132,1654,1591,1004,948,841,782,1371,894,835,1161,1183,1067,1272,1237,420,1099,1099,1499,604,761,194,1878,427,457,624,832,1079,1527,662,787,873,1090,941,1559,708,935,818,1621,1069,832,1023,1118,1094,1693,919,832,834,1201,15,1457,1280,860,1154,1688,420,1360,1150,1155,1500,880,983,1476,498,347,832,575,377,1412,472,1183,1300,1354,1144,732,1608,1214,1258,1506,715,782,817,1211,0,1119,1549,1463,1155,369,1170,1173,1535,721,1196,730,1619,1371,634,1079,494,1309,1060,1103,313,410,1657,1075,1167,1473,1083,1299,1505,1047,1716,1497,1645,565,1176,924,486,1641,950,610,244,509,842,866,305,640,361,1296,749,1134,842,553,850,815,1308,1362,508,1067,1452,1621,1747,994,721,747,1519,802,1364,1115,1529,502,406,573,1033,0,518,1204,1678,1569,820,1440,811,978,708,1145,494,633,1411,766,1069,654,1086,1624,1071,1159,1651,1627,1578,383,1077,1723,1368,1535,812,377,928,1311,457,440,895,311,1431,1042,494,745,1071,440,1415,538,1441,941,1162,1050,1030,842,1511,1599,952,1196,1566,1057,832,823,688,1638,704,999,1088,648,962,1592,1137,752,1102,518,759,1868,1057,1096,1574,1081,973,908,809,1398,1213,1608,1534,1532,1219,1338,824,462,1263
861,1285,1118,977,1604,1285,730,1517,1006,1227,1559,1451,1527,1004,865,701,1437,573,1631,846,1171,1470,850,1456,826,1201,1300,1163,1068,1246,1610,1234,538,1544,806,1183,830,997,494,1131,698,774,730,1114,1610,1052,1087,448,1323,1074,1610,478,1129,1181,981,652,1170,428,646,965,328,1601,1512,687,1190,1271,489,1210,949,1610,690,1113,397,759,614,734,1401,497,897,598,280,630,584,1182,847,773,1139,1166,0,645,1510,412,986,231,452,1152,987,1211,720,1116,1328,938,1234,1206,929,1429,473,1200,1146,1284,431,511,412,1238,395,995,685,674,508,2064,1199,268,1557,1216,750,1583,1329,1147,923,628,1176,1089,1524,1029,730,1032,1311,628,856,637,1169,277,805,922,1436,255,730,692,372,1082,703,530,1012,1025,1262,539,1214,990,738,671,1166,1019,1567,1368,1059,774,682,1589,692,1169,1585,954,1154,839,831,447,1380,608,559,1311,705,741,1117,1077,1112,447,581,817,738,1126,1106,1561,580,1068,592,987,988,570,1090,908,1434,1157,592,753,822,349,1251,437,1107,1575,628,292,1089,1009,1569,1249,1509,1611,1210,641,573,868,1650,1387,601,1613,1220,1199,697,1058,937,1397,984,435,1065,651,1050,1418,460,747,337,321,613,524,1160,1183,769,1603,1198,1403
1130,1476,1198,729,1866,1358,425,1786,1173,1487,1748,1699,1775,1252,972,966,1687,641,1864,1069,1300,1721,768,1560,1102,1419,1338,1396,1345,1522,1786,1473,514,1619,1088,1442,764,1243,642,1391,782,1019,959,1159,1786,943,1132,729,1398,1292,1786,737,1374,1376,731,569,1429,345,743,1235,638,1852,1752,444,1450,1453,628,1489,1223,1786,917,1345,678,1036,934,845,1597,414,1165,701,565,950,743,1432,1123,1018,1384,1361,648,0,1702,537,1256,521,493,1222,1233,1459,999,1191,1609,1206,1473,1485,1117,1677,729,1479,1379,1357,712,611,501,1477,785,1070,930,771,484,2348,1473,557,1805,1446,979,1831,1555,1428,1191,883,1436,1366,1599,1304,841,1280,1551,883,1132,891,1414,587,593,1190,1684,375,959,541,677,1329,981,224,1260,1226,1518,361,1493,1260,1006,916,1361,1286,1815,1311,1134,1051,674,1765,752,1418,1842,1222,1407,646,1107,458,1615,875,707,1143,639,848,1192,1152,1342,703,482,603,886,1313,1336,1809,656,1345,864,1247,1262,311,1135,1177,1736,1273,864,538,1091,549,1511,354,1352,1825,883,601,1164,1254,1816,1445,1761,1786,1469,918,721,1137,1897,1570,878,1860,1293,1031,976,1116,1207,1697,996,660,1041,758,1031,1669,605,827,426,610,589,627,1233,1015,880,1778,1431,1651
1458,655,1883,2049,888,1639,2142,1953,1817,1084,1318,726,1303,908,2091,1433,1150,1916,787,1326,2300,1178,2026,1247,1781,1292,1708,1646,1513,1351,1401,2271,2116,1334,1726,2090,2247,931,1909,1896,1882,1255,1535,2157,1401,2101,2128,1682,1678,2120,1401,1805,1189,1574,2265,2329,2077,1973,2306,1310,1943,701,721,2023,2101,2342,1827,1315,1513,1401,1594,1746,1778,1755,2145,1832,296,2113,1578,1958,1865,2147,1850,1089,1802,1254,1199,1559,1629,2233,0,1976,1267,1821,1772,1520,1323,976,1648,1750,198,1322,2271,1311,2223,1205,1796,1305,1690,1642,1614,1954,1982,2275,1644,1732,1166,2232,2087,2172,1317,1857,1333,1558,1555,1359,1957,1243,1550,1873,2087,1291,1312,1272,1828,937,744,1873,1839,1880,1074,1893,1889,1334,1212,1821,1535,2272,1815,987,1631,2109,916,2209,530,2122,1319,1283,1378,1152,1559,1440,878,1648,1866,1701,1703,1380,1925,1074,746,1495,1059,1934,1786,1891,1243,1661,2242,2348,2120,2190,1791,1908,1744,1770,2125,1896,1803,1978,1738,1337,1562,1513,1515,2093,1282,1997,2133,1536,1121,2267,1515,1942,1460,1796,2162,1982,1005,1285,1873,1859,1792,942,945,572,653,1401,1089,1568,2256,1550,1420,2276,1526,1383,1578,2329,1626,2112,1442,1082,2071,1879,2108,2123,2095,876,1805,1689,1907,1722,2084,1884,1518,2313,1866,1393,1678,678
698,1125,760,625,1639,1584,826,1347,740,1260,1310,1487,1420,1036,256,979,1469,360,1664,644,984,1503,583,1133,652,1009,1855,969,904,1082,1360,1101,653,1191,637,1019,505,1030,904,996,539,804,971,913,1360,685,886,750,1623,941,1360,341,1165,987,688,307,1006,63,1050,801,739,1477,1549,783,1026,1095,898,1046,1004,1360,564,919,691,608,267,387,1238,132,733,1007,577,285,882,1136,673,803,1175,972,764,758,1347,0,822,533,237,1454,971,1244,551,1426,1256,774,1101,1042,460,1462,325,1036,952,1587,714,353,584,1105,690,1308,715,1078,623,1887,1034,541,1451,1021,991,1477,1138,983,759,460,1012,924,1169,865,383,1064,1343,460,689,469,1201,687,446,758,1469,553,971,871,216,1114,535,645,1045,573,1305,653,1050,826,574,701,972,858,1601,1655,1372,609,989,1339,507,1128,1618,790,1062,491,657,180,1312,742,969,1018,381,827,1430,1385,920,299,812,451,1043,1093,914,1455,874,904,429,852,824,664,889,745,1470,956,429,499,659,757,1087,76,1139,1608,460,701,1402,1041,1601,1093,1541,1360,1243,475,983,705,1521,1211,435,1484,1523,908,530,870,776,1433,1324,228,864,737,849,1450,326,608,508,531,728,933,1463,891,421,1352,1004,1440
284,1255,739,1429,1123,1627,1503,1246,838,613,772,1362,884,604,1075,1181,1057,1191,1228,499,1144,1089,1406,594,806,171,1876,569,303,315,822,1123,1450,652,773,1148,1054,709,1566,752,899,529,1619,1187,822,1126,1160,1101,1666,963,822,752,1177,463,1476,1196,1135,1075,1598,33,1276,1141,924,1404,1155,1029,1483,276,393,822,621,637,1419,711,1097,1209,1122,1058,362,1615,1136,1174,1513,482,827,528,1187,448,1126,1467,1228,1076,0,1091,1087,1508,428,964,687,1614,1137,225,1123,272,1276,1050,1024,266,670,1630,1082,1081,1368,1127,1306,1500,661,1626,1420,1841,269,1097,914,481,1635,940,863,71,209,849,1141,40,630,24,1205,518,790,849,803,857,584,1224,1269,209,1057,1373,1615,1658,915,459,670,1442,571,1383,1106,1447,280,25,335,647,448,216,1195,1676,1564,741,1438,801,941,432,1136,85,357,1318,811,990,548,1093,1631,1116,1073,1566,1622,1573,643,998,1643,1275,1533,1025,637,918,1309,303,486,940,61,1349,1086,197,740,1116,486,1322,237,1300,1216,1083,818,1020,849,1239,1594,720,1187,1328,1048,822,595,609,1645,334,989,1145,569,952,1566,1354,665,1144,217,791,1865,978,1138,1488,1123,963,830,727,1293,1219,1530,1541,1506,1304,1245,814,601,1254
819,1067,773,1122,1391,1059,886,1514,753,1014,1354,1250,1321,795,1031,481,1230,481,1426,641,1090,1262,1018,1260,672,1005,1340,960,1025,1235,1414,1337,723,1347,659,1038,759,788,456,840,630,550,556,1019,1414,972,992,220,1095,1175,1414,405,950,983,1295,843,1025,612,823,922,463,1390,1293,863,1045,1117,369,1199,1026,1414,587,910,169,629,658,902,1181,681,854,505,48,821,402,973,693,549,960,968,240,828,1287,326,943,0,379,927,755,1002,574,891,1123,895,1337,1195,859,1223,400,1189,943,1059,200,436,320,1341,157,770,461,851,693,1961,1087,37,1351,1012,576,1377,1129,1044,880,614,1031,969,1325,986,898,821,1101,614,711,623,958,412,971,879,1230,456,556,875,296,871,558,715,803,954,1061,723,1203,947,695,447,968,976,1358,1140,834,632,499,1393,627,958,1382,911,943,1007,677,367,1169,275,521,1170,631,908,892,852,911,374,788,983,521,1115,905,1355,357,1025,452,1087,917,724,995,866,1219,1062,452,920,780,309,1106,623,897,1369,614,378,864,799,1358,1034,1296,1414,996,498,535,826,1444,1233,458,1407,995,1198,553,976,894,1180,837,355,970,816,955,1213,388,674,245,90,801,431,935,1136,937,1406,995,1202
753,1294,817,838,1809,1552,821,1544,686,1320,1363,1659,1473,1201,481,947,1634,556,1817,697,1102,1668,813,1185,854,1056,1822,1021,959,1137,1412,938,648,1243,831,1209,628,1192,967,830,453,968,938,1032,1412,811,1005,719,1591,772,1412,165,1323,1032,1006,605,1196,260,1069,856,720,1650,1705,778,1216,1064,953,1101,973,1412,705,971,659,786,528,616,1413,329,788,1026,546,530,844,1189,875,967,1333,1017,732,753,1522,256,877,502,0,1587,1026,1409,745,1394,1430,829,938,1097,747,1627,42,1091,1004,1555,683,61,579,942,658,1276,879,1097,618,2091,1089,510,1503,1073,958,1529,1189,1038,814,650,1202,979,1221,920,612,1230,1505,650,882,658,1364,668,676,813,1634,548,938,866,421,1279,728,640,1210,854,1478,648,1105,881,629,865,1017,907,1766,1622,1340,799,956,1391,397,1183,1791,845,1117,721,859,236,1230,711,950,1145,504,822,1398,1353,971,82,807,681,1011,1060,965,1507,842,959,615,687,879,659,1008,800,1529,1075,615,729,714,738,1277,272,1302,1773,650,682,1370,1204,1766,1258,1709,1412,1302,667,964,760,1572,1181,627,1535,1491,1033,723,989,831,1492,1281,405,983,732,969,1618,66,433,503,500,723,952,1431,1018,651,1404,1056,1611
951,639,1184,1340,1170,459,1323,1644,1159,1003,1240,998,1113,1034,1221,585,924,1085,1057,775,1518,952,1316,1174,1087,1134,183,1092,1157,1335,1328,1765,1124,1261,1074,1427,1376,1058,872,1246,1166,702,640,1443,1328,1403,1415,786,551,1601,1328,901,944,1110,1515,1339,1414,1083,767,1054,1096,979,856,1362,1435,1536,820,1299,880,1328,904,1042,924,1021,1275,1120,737,1152,986,737,1013,1317,783,1039,1108,701,954,1095,776,1229,850,1084,1075,968,871,0,912,901,985,376,758,1027,1765,1295,1442,937,894,1289,1075,462,719,1061,1114,1769,791,364,613,694,906,1999,1244,1004,1143,1145,660,1169,1259,1174,1012,994,1421,1099,1239,1118,1116,1063,879,994,1117,1003,1200,1045,1179,1011,951,951,640,876,922,1113,967,1116,1042,1505,808,1124,1303,1079,827,599,1095,1108,1181,152,453,1037,763,1307,1207,1114,1098,1043,1099,1228,1092,997,1164,765,683,1698,1250,1369,417,356,1041,868,1123,1185,633,1299,1035,1147,712,1158,851,1510,1048,1169,1419,998,1041,1489,851,1232,912,945,1496,1091,1132,1061,994,1014,418,1069,1148,619,925,1328,1017,904,697,958,1198,1652,864,1161,398,1590,962,1399,1027,1002,539,985,1394,1292,1379,1014,903,1075,1039,827,880,793,338,1573,1155,1320,1127,950
578,1072,1162,1127,1125,1555,1698,1471,1148,533,975,1283,1090,487,1407,962,983,1570,1087,847,1573,1015,1108,797,1160,466,1650,800,803,516,1023,1821,1635,855,1111,1267,1381,543,1424,1220,1221,496,1403,1496,1023,1457,1469,1523,1594,1658,1023,1091,1053,743,1301,1519,1254,1505,1704,627,1464,971,720,1109,1275,1357,1341,480,679,1023,941,867,1303,871,1431,907,1007,1380,718,1473,1389,1497,1371,365,1180,495,1063,728,1154,1744,1113,1412,648,1343,1416,1425,0,762,1022,1397,1022,496,1821,476,1596,977,1362,512,844,1558,1336,1410,1503,1825,1169,1279,462,1732,1605,1955,469,1380,1120,712,1423,1146,1086,416,672,1150,1261,468,833,691,903,401,534,1150,961,1159,467,1412,968,471,984,1342,1403,1763,1250,325,1004,1627,454,1312,1108,1636,484,452,692,452,728,571,1124,1450,1343,1074,1208,1002,1260,108,1138,616,210,1011,1164,1326,752,1502,1489,1484,1406,1360,1401,1356,868,1336,1613,971,1298,1130,862,1124,1089,803,888,1288,456,1538,1470,658,772,1541,888,1026,592,1311,1336,1517,652,1124,1150,1381,1373,554,1114,1221,1050,1023,515,941,1503,690,1195,1472,901,1158,1494,1373,999,1451,572,733,1635,1314,1446,1672,1431,965,1167,1064,1428,1354,1575,1399,1434,1356,941,1015,832,1292
870,866,1352,1703,647,1764,1899,1772,1529,643,636,898,587,167,2059,1173,500,1789,701,1013,1778,532,1684,550,1405,758,1868,1101,979,818,704,1755,1851,637,1427,1560,1758,120,1643,1365,1597,1059,1607,1753,704,1675,1763,1727,1804,1591,704,1452,1401,1032,1894,1954,1547,1721,1924,777,1681,669,529,1687,1568,1647,1560,782,968,704,1072,1177,1516,1183,1798,1484,728,1784,1073,1691,1603,1931,1589,587,1426,1058,1411,1017,1366,1952,825,1740,734,1559,1788,1633,635,0,1379,1604,749,788,1755,778,2099,489,1813,772,1118,1757,1548,1837,1710,1720,1368,1471,1087,1973,1820,1681,741,1594,617,986,1571,645,1360,707,845,1435,1535,758,583,745,1535,375,511,1435,1248,1443,515,1603,1600,794,498,1549,1551,2007,1685,424,1315,1842,268,1959,629,1857,769,756,1028,1073,1010,894,536,1691,1535,1385,1412,658,1623,529,645,965,517,1645,1398,1761,663,1646,1975,1720,1753,1923,1593,1564,1143,1775,1802,1605,1467,1418,1137,623,1292,967,1005,1557,747,1755,1719,831,602,1742,1005,1656,914,1532,1605,1715,95,658,1435,1572,1565,111,540,921,564,679,613,1253,1989,999,713,1798,1212,675,1693,2030,1310,1728,896,555,1718,1749,1751,1866,1736,474,1494,1370,1636,1518,1816,1674,1633,1885,1575,671,1106,713
609,1488,215,1114,1467,1870,1284,1274,315,1149,1052,1690,1158,1143,868,1372,1358,969,1465,348,646,1415,1175,874,726,743,1970,713,634,835,1114,586,1291,932,96,1091,717,1241,1288,160,548,837,1365,675,1114,565,631,1111,1932,468,1114,590,1267,677,1017,932,1050,918,1432,700,1118,1453,1421,1175,1074,814,1274,952,878,1114,551,658,1092,633,900,973,1699,842,646,1392,963,910,1307,1020,747,836,1277,662,1145,1236,1810,920,721,921,882,1754,872,1506,0,1980,1432,688,586,948,1001,1361,877,859,696,1880,1092,876,1191,590,1105,1834,961,1460,1261,1696,863,926,1188,764,1385,1214,884,644,673,902,1059,700,910,770,969,1055,1240,902,894,911,1123,1074,1035,672,1368,1185,1365,1486,750,1038,16,1283,1108,927,1419,1290,956,725,488,947,662,762,1403,1897,1898,115,1333,1093,585,1017,1441,672,952,1031,731,826,925,1103,1353,593,875,1075,1956,1933,667,851,1441,1038,1448,837,661,1192,1279,625,416,431,665,1132,611,659,1049,622,416,1093,572,1111,1046,927,1356,1291,900,1089,1928,1252,1416,1455,1355,1114,1131,79,1367,617,1260,943,111,1223,1814,694,21,615,686,1063,1684,814,644,1310,631,1275,651,541,1121,915,1380,1318,1754,769,1008,1106,748,1578
852,532,1085,1236,1054,279,1243,1559,1063,938,1166,927,1013,949,1165,475,817,991,964,688,1440,845,1214,1071,1011,1063,345,1002,1062,1233,1225,1681,1153,1151,988,1330,1289,987,852,1147,1108,602,557,1401,1225,1328,1356,698,289,1554,1225,828,877,1004,1410,1271,1317,1009,946,943,1032,940,751,1263,1342,1480,764,1195,793,1225,851,948,829,938,1188,1013,637,1078,889,812,918,1190,725,939,1032,601,887,989,688,1137,749,1021,964,878,785,130,803,817,900,0,658,931,1681,1191,1334,825,810,1185,985,283,635,989,1016,1685,687,106,513,866,1078,1925,1191,913,1043,1057,577,1069,1169,1096,916,879,1327,1021,1129,1013,1009,990,805,879,1034,888,1130,988,1074,915,837,859,557,1147,850,1039,882,1066,957,1424,746,1048,1199,968,731,499,989,1002,973,281,136,952,696,1204,1154,997,1010,915,983,1117,1016,926,1066,677,840,1608,1163,1282,100,48,952,784,1143,1077,572,1211,946,1047,611,1062,766,1448,965,1076,1377,902,986,1416,766,1132,814,915,1397,1024,1065,950,879,958,101,998,1046,512,847,1225,950,819,854,860,1088,1610,780,1051,219,1518,877,1340,927,943,624,914,1363,1212,1348,927,819,944,946,741,1072,827,159,1482,1047,1217,1037,862
1581,618,1846,2088,663,1749,2244,1691,1798,964,1061,525,1095,1022,2223,1506,880,1980,559,1354,2289,908,2067,1099,1801,1427,1845,1552,1642,1264,1253,2386,2211,1179,1742,2002,2094,1060,2072,2018,1938,1283,1627,2229,1253,2163,2183,1769,1804,2256,1253,1737,1297,1561,2303,2319,1989,2083,2458,1456,2009,530,829,2061,2017,2272,1983,1208,1641,1253,1608,1643,1866,1663,2243,1874,262,2174,1555,2121,1958,2297,1944,1199,1822,1282,1306,1546,1725,2315,191,2087,1407,1917,1858,1628,1463,851,1664,1849,0,1456,2386,1204,2274,997,1888,1317,1596,1754,1704,2056,2074,2390,1725,1831,1194,2377,2181,2055,1220,1953,1125,1464,1646,1151,1860,1374,1519,1776,2002,1422,1157,1418,1870,1063,881,1776,1747,1784,1203,1965,1930,1468,1004,1913,1626,2403,1917,1112,1647,2203,1030,2303,357,2220,1212,1429,1397,1180,1546,1568,618,1768,1926,1717,1780,1232,1992,1200,596,1583,1189,1975,1806,1993,1095,1747,2380,2382,2217,2279,1890,2007,1646,1862,2205,1937,1841,1895,1640,1129,1647,1642,1532,1966,1413,2101,2210,1505,1015,2263,1532,1983,1588,1900,2073,2091,1138,1014,1776,1934,1891,1071,684,554,467,1253,976,1584,2394,1526,1151,2196,1543,1114,1690,2401,1642,2172,1570,972,2222,1981,2196,2220,2183,705,1833,1694,2001,1807,2304,2048,1630,2342,1907,1245,1584,471
145,1181,761,1338,1420,1563,1447,1392,699,595,1008,1400,1114,548,1035,1038,1071,1131,1200,447,1155,1127,1316,830,785,468,1681,833,581,563,1070,1412,1362,888,720,1178,968,646,1356,828,830,398,1439,1114,1070,1044,1070,1059,1616,1271,1070,785,1112,569,1443,1141,1165,986,1500,272,1185,1408,823,1314,1190,1192,1493,525,524,1070,666,779,1330,745,1068,1120,1102,1006,315,1460,1031,1119,1466,425,806,397,1122,554,1254,1403,1214,988,293,989,1049,1441,283,862,634,1492,1122,0,1412,521,1251,1080,942,558,816,1567,1040,1043,1261,1416,1253,1354,525,1528,1332,1747,502,993,1144,745,1459,1170,1001,415,155,806,1175,426,866,343,1116,460,646,806,836,814,528,1141,1179,20,1087,1256,1439,1554,818,458,617,1354,513,1351,1374,1362,529,297,314,511,554,176,1129,1564,1417,689,1287,1049,870,315,1396,242,558,1228,790,894,805,1051,1859,1245,1043,1554,1475,1449,784,916,1463,1185,1343,1050,778,1148,1175,581,512,880,290,1295,1090,59,1006,1131,512,1232,196,1178,1245,995,758,1247,806,1156,1447,656,1131,1147,1308,1070,577,557,1873,286,1216,1322,518,1179,1503,1281,612,1054,178,810,1597,882,1077,1480,1062,1230,801,744,1190,1147,1451,1386,1443,1211,1155,1062,865,1532
686,1536,310,909,1688,1920,1333,1502,416,1228,1275,1919,1383,1221,914,1370,1582,1011,1692,635,420,1627,1003,1097,453,695,2169,944,896,1067,1336,0,1366,1155,301,846,678,1335,1286,321,545,914,1356,419,1336,299,376,1108,1982,231,1336,587,1320,814,808,797,785,966,1430,777,1116,1672,1502,1118,856,565,1272,1029,558,1336,644,890,1090,668,933,1018,1633,884,723,1390,961,775,1304,1098,474,913,1330,799,1143,1283,1744,993,798,919,910,1804,949,1577,433,1972,1488,765,0,1025,861,1584,941,811,927,1930,1089,904,1265,18,1103,1832,1038,1458,1336,1876,1087,924,1413,1000,1376,1439,1112,804,750,945,813,850,1133,847,1014,1134,1318,945,571,953,1199,1072,1080,749,1591,1184,1356,1484,747,1116,395,1358,1190,720,1638,1366,1033,802,566,1024,799,837,1630,2050,1896,405,1330,1315,582,1095,1657,749,1029,826,458,823,1144,1100,1351,371,831,866,1954,1931,895,848,1467,905,1446,582,889,1417,1277,896,492,147,823,1181,395,736,1273,394,492,968,648,1109,805,1000,1448,1513,939,1087,1926,1344,1641,1494,1574,1336,1212,370,1365,694,1483,688,401,1446,1853,468,390,360,762,1428,1682,811,381,1359,366,1491,648,538,1194,913,1455,1316,1793,514,878,1328,979,1775
505,1315,870,1726,968,1826,1677,1205,1069,708,591,1206,706,667,1293,1428,876,1359,1079,625,1283,932,1709,413,931,315,2083,494,633,153,655,1237,1627,471,962,1053,1357,789,1712,883,1212,792,1833,1259,655,1229,1287,1190,1886,1112,655,967,1378,509,1809,1390,1040,1241,1835,336,1496,981,959,1712,1064,1190,1624,3,519,655,687,585,1465,642,1327,1509,1175,1253,674,1761,1332,1368,1594,544,952,791,1388,494,1223,1615,1288,1243,288,1290,1305,1710,679,1034,904,1876,1196,411,1237,0,1623,887,1198,58,538,1836,1171,1299,1551,1241,1381,1735,1057,1863,1597,1716,154,1295,736,406,1853,762,815,262,481,935,1049,318,449,298,1505,579,997,935,725,944,647,1452,1570,423,894,1561,1833,1888,1074,567,875,1619,632,1722,947,1631,7,309,674,1043,494,535,940,1967,1799,945,1702,634,1251,536,973,602,462,1615,936,1150,441,1182,1990,1242,1302,1791,1857,1835,596,1172,1814,1575,1764,923,590,740,1569,633,595,1080,305,1520,1232,467,583,1259,595,1626,555,1546,1119,1251,902,840,935,1585,1829,800,942,1387,881,655,690,812,2004,645,809,1281,773,771,1772,1331,870,1271,537,597,2004,1138,1294,1715,1279,806,1056,925,1477,1276,1720,1687,1712,1396,1545,647,526,1091
1042,1535,1092,247,1906,1919,783,1853,1006,1288,1749,1679,1834,1286,302,1269,1734,719,1828,991,836,1748,346,1562,1113,1364,2078,1306,1259,1495,1808,863,885,1621,1057,1282,577,1294,1222,1105,616,991,1243,756,1808,637,703,1033,1981,813,1808,641,1351,1292,188,369,1297,644,1320,1133,1001,1673,1475,468,1292,998,1153,1461,1274,1808,886,1252,982,1042,333,307,1879,563,1079,1281,854,347,1200,1164,1134,990,1361,1277,1036,704,1993,642,1154,814,543,1803,1030,1507,968,1871,1523,1092,863,1457,0,1736,574,1451,1289,1929,1014,537,834,867,996,1730,1142,1348,1228,2285,1428,849,1864,1361,1261,1890,1467,1399,1106,1011,1249,1329,1601,1203,303,1201,1291,1011,1137,1019,1266,957,301,1067,1743,804,1241,1126,796,1089,950,817,1257,54,1501,996,1465,1158,922,1128,1277,1147,1777,1962,1794,1020,1206,1787,566,1223,1874,1105,1212,166,1118,618,1512,1061,1287,680,454,247,1852,1830,1254,605,1067,248,1331,1195,1248,1868,1169,1259,836,936,1188,626,732,1092,1526,812,836,315,1004,994,1236,648,1409,1890,1011,972,1824,1305,1792,1504,1789,1808,1270,887,1301,1050,1932,1126,848,1895,1865,584,945,687,1149,1485,1570,781,658,746,648,1700,589,628,764,871,1347,1207,1805,553,221,1800,1341,1616
1530,1294,1473,2377,874,2320,2454,899,1332,882,454,582,205,813,1605,1722,58,2329,382,797,1904,58,2358,578,1406,1122,2358,1243,888,981,844,1848,2424,606,1554,1059,1620,895,2300,1486,1476,1729,2161,1877,844,1823,1880,2277,2373,1724,844,1274,1869,1258,2590,1707,1084,2282,2581,1297,2232,821,1064,2347,1113,1425,2209,917,870,844,973,719,2081,911,1638,2162,1276,1570,1691,2349,2181,1685,2168,1186,1427,1728,1879,1243,1941,2521,1190,2304,1180,2136,1488,2198,1281,692,1193,2168,1016,1443,1848,913,1876,0,1516,1038,738,2322,2113,1610,2290,1852,1942,2025,1694,2580,2394,1175,928,2173,235,1155,2181,261,602,1118,1506,1250,1211,1166,561,1172,2158,858,1104,1250,1001,1258,1188,2188,2221,1455,13,2129,2161,2643,1384,1099,1177,2416,911,1972,787,2429,921,1270,926,1680,1243,1556,417,2242,2087,1249,2008,823,1520,1187,701,1628,1176,2254,1411,1460,828,2256,2551,1855,1613,2495,2145,2128,779,1490,2445,2225,2074,1380,773,239,1863,888,921,1692,1157,2311,1849,1492,927,1876,921,2272,1576,2115,1040,2296,1008,185,1250,2155,2117,897,419,1230,787,844,896,1116,2565,1662,332,1348,1077,294,2258,1955,1172,1864,1558,886,2307,1448,1887,2437,1872,789,1361,1231,2217,2092,2508,2275,2198,2024,2195,836,1275,613
701,1187,802,833,1741,1595,807,1442,661,1245,1523,1573,1627,1127,510,1001,1558,565,1667,650,812,1572,807,1342,764,1026,1815,971,911,1082,1580,873,681,1400,712,1101,629,1122,937,815,413,885,972,771,1580,662,727,753,1648,753,1580,123,1240,967,1002,621,1088,280,1089,792,772,1569,1627,777,1112,1045,923,1044,883,1580,660,917,717,695,531,610,1286,349,738,1042,591,533,930,1112,785,884,1250,952,771,768,1403,280,813,554,59,1473,964,1335,626,1444,1309,780,873,1040,727,1560,0,1034,954,1599,734,80,593,877,731,1305,796,1117,651,1941,1019,562,1657,1027,992,1683,1139,933,765,565,1097,958,1378,862,606,1138,1445,565,793,574,1275,727,670,764,1567,578,972,841,367,1186,609,673,1135,827,1397,679,1048,817,581,782,952,850,1605,1696,1369,681,1010,1559,349,1110,1708,764,1044,715,769,255,1320,745,1002,881,506,820,1427,1403,922,31,782,675,1056,1052,916,1661,902,911,506,657,840,648,747,751,1485,788,506,723,663,765,1283,292,1235,1754,565,741,1399,1133,1617,1154,1627,1580,1228,549,1016,709,1724,1173,510,1687,1535,901,604,711,777,1444,1348,431,734,736,721,1541,29,387,517,551,771,968,1475,865,645,1572,1006,1510
523,1215,707,1490,893,1683,1573,1127,957,617,498,1131,613,567,1169,1223,788,1283,919,464,1118,844,1471,320,769,147,1882,394,517,72,562,1067,1494,378,800,969,1109,689,1615,720,968,810,1619,1092,562,1059,1121,1097,1736,946,562,840,1229,432,1479,1273,956,1115,1651,237,1316,906,858,1471,980,1021,1526,62,358,562,587,497,1368,557,1204,1272,1078,1138,693,1663,1158,1251,1498,444,790,809,1239,417,1127,1518,1190,1117,210,1117,1184,1561,697,934,743,1671,1098,429,1067,58,1380,799,1071,0,438,1687,1077,1178,1458,1071,1285,1536,1075,1679,1464,1634,99,1123,643,306,1639,669,733,144,499,841,965,200,356,202,1267,479,896,840,638,849,547,1271,1333,441,806,1389,1618,1704,946,467,759,1485,532,1385,872,1495,66,326,566,1061,416,554,848,1762,1599,820,1484,541,1008,436,888,620,362,1382,773,1022,360,1087,1891,1079,1178,1671,1657,1628,508,1044,1587,1339,1545,837,502,647,1363,516,451,913,187,1415,1064,485,492,1093,451,1386,574,1446,1035,1123,802,747,840,1486,1629,700,855,1292,806,562,599,689,1905,664,716,1148,650,678,1622,1165,764,1103,556,506,1795,1010,1125,1597,1110,722,929,798,1385,1183,1586,1588,1562,1229,1309,554,426,1016
822,1545,1055,1662,1142,1738,1724,1076,1103,1012,759,1378,866,1002,1340,1284,1049,1412,1251,580,1481,1105,1646,581,888,421,1941,64,673,547,820,1430,1677,639,1145,1017,1391,1125,1768,1068,1245,1051,1681,1454,820,1404,1458,1243,1795,1289,820,1013,1288,507,1841,1437,1004,1287,1887,737,1551,1151,1295,1649,1028,1319,1680,683,603,820,746,438,1409,608,1374,1445,1506,1300,860,1817,1387,1415,1650,879,909,1050,1298,492,1277,1664,1620,1290,589,1345,1350,1620,1031,1145,939,1727,1381,890,1430,679,1655,1058,1245,608,0,1746,1224,1344,1603,1434,1436,1590,1174,1915,1647,1690,566,1350,896,114,1701,922,675,496,832,992,1013,577,617,581,1441,914,1332,992,689,1000,982,1507,1507,902,1065,1615,1681,1947,1121,894,921,1669,967,1754,1117,1680,687,625,702,1160,492,832,1108,1823,1654,991,1554,799,1285,876,1139,798,811,1552,893,1197,555,1235,2046,1438,1349,1837,1712,1685,449,1219,1873,1512,1616,887,443,900,1425,673,661,1268,512,1567,1427,818,751,1455,661,1562,784,1601,1082,1296,1238,999,991,1640,1683,1136,1111,1513,1051,820,994,857,2059,830,968,1242,818,931,1681,1706,915,1441,833,765,1865,1184,1464,1760,1449,973,1102,970,1528,1327,1769,1742,1621,1598,1481,812,52,1263
984,682,1180,1327,1181,120,1431,1691,1158,1084,1310,1057,1159,1084,1259,830,963,1083,1092,822,1547,991,1305,1212,1104,1197,565,1135,1196,1363,1366,1779,1360,1292,1084,1422,1385,1122,1256,1242,1210,751,653,1497,1366,1432,1453,795,14,1654,1366,919,996,1143,1504,1360,1409,1114,1166,1075,1327,1083,891,1303,1435,1583,1138,1326,928,1366,911,1081,827,1033,1283,1109,762,1184,1021,1133,1005,1285,1102,1098,1125,750,1006,1128,895,1522,880,1116,1096,963,878,361,964,975,995,591,788,1063,1779,1322,1434,972,902,1316,1118,0,731,1084,1113,1783,1050,568,662,1086,1458,2075,1332,967,1189,1193,673,1215,1301,1230,1048,967,1420,1155,1270,1145,1105,1126,943,967,1128,975,1263,1283,1168,1047,984,1066,653,1264,945,1174,977,1352,1092,1522,874,1431,1330,1100,864,648,1128,1136,1155,512,697,1047,1077,1345,1250,1157,1153,1047,1146,1218,1109,1021,1218,774,1068,1702,1258,1471,632,744,1084,876,1499,1175,948,1305,1078,1193,968,1196,861,1547,1099,1279,1473,1034,1138,1521,861,1222,946,1210,1490,1123,1200,1097,967,1253,633,1133,1196,662,977,1366,1093,914,1082,992,1234,1712,875,1197,96,1612,972,1437,1059,1095,935,1009,1460,1402,1445,1070,911,1039,1043,837,1480,1194,200,1576,1145,1358,1170,992
744,1008,733,1008,1348,1171,799,1340,716,944,1294,1187,1265,738,673,413,1159,571,1277,570,1074,1215,957,1185,665,949,1201,893,954,1125,1339,1335,641,1265,640,1005,792,732,543,804,755,480,484,1034,1339,982,990,45,1222,1195,1339,515,890,895,1102,781,992,455,795,835,490,1334,1243,769,1016,1142,455,1087,801,1339,568,839,38,612,692,787,1111,524,781,592,326,694,430,887,686,479,900,880,167,728,1223,398,856,276,587,1042,684,948,554,1016,1131,823,1335,1083,922,1167,484,1077,876,1172,0,487,419,1326,205,876,391,823,611,1856,1037,265,1295,949,504,1321,1061,865,808,558,1001,905,1243,905,783,750,1060,558,693,567,890,446,849,719,1174,360,484,840,348,799,538,633,746,1012,1011,639,1091,860,623,377,878,893,1209,1081,940,612,503,1318,700,887,1323,807,873,892,670,424,1094,37,833,1165,667,812,998,976,844,458,603,924,430,874,838,1299,290,954,433,1089,848,642,1010,794,1186,1050,433,849,706,372,1071,462,845,1319,558,416,970,743,1219,976,1236,1339,926,478,847,752,1388,1255,439,1351,1108,1216,533,986,819,1143,853,412,997,728,982,1157,498,750,349,132,617,518,1048,1131,822,1331,928,1126
744,1312,836,662,1872,1570,805,1584,720,1290,1343,1707,1449,1251,330,981,1683,456,1782,691,871,1697,627,1165,906,1065,1794,1011,954,1125,1404,916,682,1223,878,1234,425,1244,935,849,481,1012,951,830,1404,600,786,735,1623,796,1404,169,1364,1005,759,421,1221,281,1042,835,754,1719,1744,778,1246,1078,921,1087,1018,1404,743,957,697,832,325,431,1414,238,781,995,573,327,911,1155,927,1011,1374,990,751,769,1530,281,856,536,20,1598,1007,1456,790,1424,1433,823,916,1083,570,1685,46,1077,994,1575,716,0,594,920,711,1285,923,1070,652,2096,1062,544,1479,1068,971,1505,1178,976,808,699,1231,1001,1201,905,427,1266,1565,699,929,707,1402,709,490,807,1692,579,951,842,444,1314,772,674,1259,671,1529,680,1091,860,623,909,990,893,1727,1675,1349,842,975,1383,429,1153,1839,807,1088,535,911,256,1364,727,1001,932,302,821,1407,1383,961,77,783,495,1036,1082,955,1483,882,954,658,690,883,646,806,794,1532,847,658,543,706,747,1301,293,1359,1839,699,723,1379,1255,1741,1279,1755,1404,1272,711,1015,752,1545,1206,672,1508,1511,841,767,770,819,1491,1301,429,793,737,778,1666,75,433,518,533,772,921,1451,805,465,1396,1046,1642
534,1005,650,1067,1287,1356,1050,1256,629,703,1146,1084,1231,666,741,852,1090,550,1215,368,994,1146,1047,856,577,764,1650,695,748,882,1206,1243,957,914,550,919,861,664,818,720,673,362,828,954,1206,889,910,601,1412,1118,1206,447,779,702,1101,977,906,603,971,583,653,1074,843,1071,930,1037,804,844,475,1206,478,640,569,522,762,846,1268,821,577,923,445,955,769,543,598,361,789,687,622,1045,1384,603,604,408,379,1231,422,880,464,1283,924,484,1243,839,921,1098,416,876,678,1358,582,564,0,1247,582,1145,567,999,927,1680,818,416,1260,750,848,1286,866,782,648,468,915,716,892,652,842,577,664,468,603,477,645,608,908,458,1105,668,828,1016,425,478,448,949,630,1011,902,956,847,607,419,553,687,547,1144,1533,1209,522,853,1184,719,606,1270,554,594,951,582,501,903,593,883,1085,737,1105,1267,1242,649,390,918,911,903,884,644,1264,754,748,343,1011,685,883,952,634,936,970,343,1151,505,614,985,618,776,1248,468,622,1228,674,1150,973,1183,1205,684,390,900,527,1332,1125,349,1282,1301,1125,443,913,553,895,1204,469,947,1030,938,1137,505,520,759,400,925,835,1241,1073,810,1176,737,1041
681,1504,313,900,1687,1921,1270,1476,408,1210,1267,1894,1353,1176,861,1427,1583,952,1664,627,413,1614,994,1083,453,722,1967,926,886,1024,1281,18,1318,1142,287,852,628,1293,1328,324,525,906,1415,438,1281,333,391,1162,1942,234,1281,624,1303,827,794,757,865,953,1464,770,1180,1667,1442,1112,852,558,1313,995,569,1281,635,876,1147,660,788,957,1573,825,715,1465,1044,735,1346,1051,474,905,1313,812,1233,1229,1689,954,791,996,852,1781,948,1589,357,2005,1501,750,18,991,835,1570,883,838,909,1900,1143,846,1221,0,1158,1880,1032,1492,1288,1962,1045,1003,1383,993,1435,1409,1086,825,736,899,823,870,1120,834,953,1086,1293,899,597,907,1156,1129,949,734,1577,1157,1415,1539,791,1090,338,1310,1142,712,1632,1283,999,795,558,1018,812,823,1634,1931,1944,404,1358,1248,609,1077,1639,744,1013,817,458,866,1156,1154,1427,354,783,852,2002,1963,871,916,1497,896,1528,566,865,1387,1331,886,481,152,850,1114,414,720,1248,385,481,965,641,1152,783,962,1406,1483,899,1144,1974,1302,1643,1466,1574,1281,1192,369,1441,677,1453,660,400,1416,1836,447,333,375,752,1394,1741,854,409,1301,400,1473,684,598,1149,988,1406,1379,1776,532,869,1273,961,1782
726,1041,768,937,1361,1205,726,1431,757,955,1286,1207,1262,739,867,403,1176,585,1260,561,1150,1206,852,1167,693,947,1189,881,931,1069,1300,1262,551,1262,675,1054,853,730,345,818,743,477,468,1106,1300,1016,1059,148,1223,1108,1300,463,858,889,920,595,1041,388,533,815,300,1154,1233,658,1065,1147,317,1040,1034,1300,622,831,97,643,559,724,1118,452,760,401,308,573,242,890,714,476,868,874,55,603,1235,433,836,258,462,1039,786,944,597,999,1026,795,1262,1036,933,1164,486,1030,864,1182,128,521,399,1266,0,870,387,561,521,1849,1000,296,1292,948,488,1318,1041,976,781,585,1051,899,1240,879,720,747,1086,585,716,595,885,249,782,779,1171,261,468,604,382,794,578,543,747,1021,1024,517,1044,840,602,373,874,868,1224,1063,934,648,300,1267,685,885,1318,789,866,818,698,457,1272,260,648,1302,727,737,992,959,826,460,613,819,505,898,820,1296,285,931,468,969,841,567,1082,765,1216,1124,468,743,686,165,1121,402,845,1308,585,212,964,741,1232,1005,1251,1300,937,515,662,722,1385,1252,472,1348,1118,1201,573,1043,797,1171,722,445,1077,652,1067,1153,502,790,328,195,545,315,1058,1172,751,1292,916,1145
800,618,961,1074,1175,408,1060,1499,951,1029,1237,1054,1095,817,982,331,933,844,1099,637,1343,962,1059,1074,895,1021,477,949,1005,1143,1284,1619,1044,1133,867,1243,1178,808,745,975,1053,554,436,1301,1284,1216,1253,552,382,1467,1284,673,940,959,1252,1079,1230,879,834,889,938,1022,787,1063,1255,1350,642,1114,741,1284,742,899,655,817,1096,861,692,944,834,730,756,1057,609,967,916,553,950,944,519,1032,810,880,910,708,666,232,852,1021,786,106,723,869,1619,1110,1185,997,694,1104,932,376,515,856,836,1623,527,0,464,706,971,1967,1069,746,1125,1016,456,1151,1109,1051,855,757,1241,974,1111,953,857,824,884,757,906,766,962,887,920,853,937,692,436,1013,717,871,767,964,825,1275,866,945,1118,914,674,450,944,942,1174,357,130,836,580,1251,975,959,1092,863,940,954,900,792,1256,531,720,1441,1051,1120,188,138,894,668,1019,918,453,1086,888,1131,450,1005,649,1327,917,890,1277,839,1038,1318,649,977,760,800,1311,887,923,1069,757,854,160,819,1138,586,960,1286,1011,704,734,796,1208,1459,662,1171,314,1339,762,1237,871,993,579,780,1269,1037,1258,1011,703,836,765,622,959,715,254,1311,887,1278,984,990
463,1195,726,1277,1324,1456,1375,1177,754,677,945,1458,1192,700,966,825,1137,1055,1222,283,1159,1167,1257,760,740,687,1444,621,648,806,958,1124,1305,819,680,1024,950,691,1391,739,809,153,1211,1115,958,1022,1068,949,1475,974,958,668,970,616,1417,1063,1011,940,1554,552,1331,1112,824,1253,1035,1068,1288,777,390,958,624,571,1155,595,999,1062,1091,930,485,1447,1031,1041,1215,611,761,152,980,601,1019,1358,1208,941,573,983,942,1315,387,905,602,1240,1121,532,1124,773,1236,1125,929,767,604,1435,930,936,1343,1128,1027,1115,0,1582,1275,1591,729,990,1222,680,1231,1248,787,581,518,706,1021,630,797,616,1058,647,686,706,667,715,718,1279,1120,424,1132,1197,1211,1631,778,500,583,1297,708,1335,1272,1270,781,577,327,8,601,605,1185,1322,1179,653,1076,925,878,584,1281,526,565,1158,745,853,855,941,1610,1083,954,1483,1237,1198,571,903,1482,1121,1167,868,565,1226,948,648,470,932,599,1221,1091,502,909,1133,470,1173,417,1193,1091,949,806,1269,706,1247,1209,702,1193,1158,1214,958,659,520,1624,448,1294,1173,477,1257,1371,1294,578,1052,528,866,1527,841,1085,1412,1074,1114,745,640,1271,1040,1393,1361,1311,1212,1090,950,656,1349
1106,965,1182,1085,1485,856,781,1799,1169,1343,1605,1374,1444,1121,1091,579,1284,937,1420,945,1571,1312,1085,1419,1109,1324,549,1255,1314,1458,1653,1676,546,1478,1084,1461,1255,1112,501,1185,1159,879,798,1520,1653,1418,1473,591,854,1523,1653,876,1333,1252,1092,966,1448,771,28,1197,674,1377,1135,897,1473,1573,395,1429,1221,1653,921,1205,540,1036,930,950,1041,836,1140,159,725,944,527,1274,1130,878,1343,1237,488,613,1158,842,1218,677,871,604,1084,1328,1003,676,1071,1175,1676,1425,1278,1346,897,1419,1238,815,574,930,802,1680,590,505,789,0,445,2233,1376,715,1474,1324,818,1500,1414,1256,1161,964,1459,1287,1458,1263,946,1130,1461,964,1125,973,1265,622,1010,1159,1286,658,798,496,791,1176,984,538,1130,1367,1192,527,1433,1222,981,775,1237,1248,1505,490,571,1053,553,1620,1094,1265,1446,1169,1249,1044,1114,866,1625,723,305,1530,1127,962,629,637,1200,871,380,1052,467,1304,1194,1478,541,1314,865,1383,1228,705,1496,1145,1386,1543,865,975,1066,427,1529,786,1227,1414,964,588,601,1123,1486,928,1255,1653,1325,920,319,1102,1549,1680,878,1512,751,1431,979,1457,1177,1345,202,854,1489,877,1478,1364,915,1200,731,629,373,232,691,1403,977,1645,1290,1309
1039,1390,1259,837,1725,1179,525,1689,1180,1312,1662,1546,1628,1093,772,797,1543,623,1623,916,1200,1574,746,1545,1022,1295,1230,1226,1250,1391,1678,1409,136,1641,996,1375,801,1084,455,1272,726,850,774,1156,1678,964,1109,562,1197,1246,1678,610,1177,1223,844,551,1362,344,543,1131,446,1705,1580,531,1386,1483,441,1361,1130,1678,832,1176,511,948,515,625,1464,408,1074,602,481,529,479,1243,1043,849,1187,1208,459,240,1582,540,1152,433,496,1013,1055,1298,914,973,1492,1109,1409,1357,698,1528,722,1351,1209,1156,545,599,361,1413,561,844,760,571,0,2207,1366,471,1656,1296,794,1682,1385,1279,1095,787,1372,1294,1619,1196,621,1100,1431,787,1037,795,1235,395,682,1092,1535,239,774,155,530,1146,894,128,1100,795,1365,151,1364,1155,914,746,1208,1181,1591,1105,908,963,473,1643,711,1235,1675,1102,1218,718,1026,462,1648,694,554,1204,675,642,966,933,1171,606,96,682,679,1215,1165,1660,462,1249,775,1114,1173,414,1132,1078,1557,1174,775,637,999,357,1441,358,1197,1672,786,410,938,1093,1601,1353,1610,1676,1292,830,568,1035,1745,1592,788,1708,1092,1102,889,1091,1110,1515,834,645,1150,534,1113,1509,648,780,289,544,74,451,1032,1074,651,1668,1261,1479
887,1585,1117,1761,1428,1771,1831,722,1189,1264,1011,1628,1095,1239,1452,1317,1121,1452,1237,641,1530,1132,1749,826,1010,728,1943,584,735,777,1024,1522,1791,885,1111,942,1491,1354,1909,1129,1342,1112,1715,1537,1024,1561,1529,1301,1791,1349,1024,1112,1282,733,1926,1492,939,1364,1919,844,1828,1412,1541,1748,968,1343,1803,893,697,1024,802,546,1651,732,1486,1497,1718,1409,921,1965,1459,1522,1721,1116,1031,1111,1292,718,1513,1772,1833,1415,845,1411,1376,1631,1153,1388,1032,1724,1477,956,1522,889,1755,1308,1411,831,567,1750,1282,1370,1633,1526,1522,1599,1237,1947,1711,0,792,1423,1125,634,1735,1151,431,773,942,1059,1052,802,863,881,1545,1151,1553,1059,815,1068,1219,1777,1610,940,1154,1700,1715,2001,1254,1163,1063,1733,1207,1852,1377,1713,897,850,762,1223,718,1029,1366,1819,1663,1133,1591,991,1413,1144,1385,950,1080,1647,1015,1280,910,1293,2117,1472,1440,1874,1721,1682,606,1334,1992,1610,1694,994,600,1129,1440,735,746,1330,824,1621,1509,926,993,1503,746,1666,847,1695,921,1373,1469,1228,1059,1743,1693,1365,1376,1548,1318,1024,1246,949,2131,883,1197,1254,959,1160,1686,1825,1058,1513,958,1007,1896,1268,1546,1817,1535,1219,1171,1134,1558,1390,1830,1879,1626,1671,1528,1016,619,1534
560,1410,766,1497,988,1707,1583,1069,1064,777,595,1196,689,756,1191,1250,891,1254,1069,482,1178,922,1484,406,779,225,1873,344,554,489,603,1168,1519,466,844,942,1181,878,1587,779,1038,792,1645,1171,603,1148,1195,1074,1726,1016,603,896,1218,459,1522,1286,929,1154,1678,313,1370,992,1063,1487,953,1185,1484,182,431,603,662,446,1321,512,1225,1286,1252,1152,607,1643,1229,1264,1407,631,800,791,1228,444,1112,1576,1370,1155,286,1181,1167,1567,692,1174,798,1654,1282,616,1168,178,1454,880,1143,119,388,1686,1055,1161,1404,1172,1212,1531,1044,1706,1489,1673,0,1189,719,256,1665,745,670,220,480,830,939,276,444,278,1282,665,1083,830,584,838,736,1318,1347,628,887,1294,1645,1754,993,668,816,1511,718,1440,957,1487,186,302,637,1030,444,475,948,1749,1595,868,1524,570,1105,634,967,451,558,1386,784,1068,551,1066,1804,1122,1180,1690,1653,1612,446,1117,1578,1349,1627,786,440,723,1373,554,508,974,263,1424,1144,464,571,1152,508,1401,494,1376,1009,1163,993,822,830,1428,1625,889,948,1372,898,603,759,736,1818,570,791,1091,694,754,1619,1210,795,1179,478,966,1833,1056,1212,1615,1201,797,960,868,1332,1165,1608,1557,1559,1307,1318,595,376,1096
812,1087,1011,969,1456,1080,954,1509,931,1044,1380,1298,1355,832,551,494,1270,460,1347,649,1142,1300,885,1259,734,1032,1136,959,1017,1155,1392,1158,754,1354,715,1091,746,822,491,1024,649,566,559,1098,1392,907,1051,236,1098,1006,1392,364,930,970,996,573,1078,366,634,901,344,1252,1319,692,1103,1190,474,1126,1075,1392,658,909,185,665,663,756,1164,430,846,627,72,551,397,981,755,565,940,955,265,742,1281,308,922,88,401,916,869,1036,636,877,1114,881,1158,1122,826,1257,390,1116,942,1057,216,406,297,1162,180,748,476,662,681,1935,1080,0,1385,1027,579,1411,1119,1063,867,541,1089,986,1332,965,752,838,1176,541,756,551,976,293,816,865,1264,303,559,701,266,885,617,674,840,913,1114,655,1130,926,686,462,955,954,1315,1010,812,687,454,1359,586,973,1411,875,954,850,739,340,1364,311,590,1112,619,769,870,836,904,364,735,852,538,936,898,1389,375,1017,504,867,929,599,1074,851,1301,1116,504,777,772,321,1159,373,937,1402,541,308,842,833,1325,1050,1346,1392,1026,554,604,808,1472,1295,511,1435,993,1179,612,1035,883,1260,923,328,1068,683,1057,1244,406,692,222,74,669,541,933,1195,783,1384,994,1235
1296,1474,1490,2391,987,2507,2595,1284,1762,662,279,818,40,904,1899,1890,241,1897,585,1121,1910,223,2381,407,1454,951,2485,1072,1247,796,648,1898,2568,435,1563,1589,1878,1068,2506,1503,1914,1766,2322,1915,648,1873,1921,1768,2526,1751,648,1597,1812,1157,2598,1991,1576,1851,2713,1142,2416,892,1248,2369,1601,1812,2400,723,1173,648,1295,1130,2222,1177,1933,2186,1432,1853,1441,2562,2337,1969,2309,946,1475,1765,1822,1142,2088,2634,1364,1853,1004,2289,1871,2168,973,795,1522,2298,1188,1204,1898,719,2109,228,1854,850,1116,2483,2255,1865,2428,1902,2098,2166,1720,2683,2538,1196,752,2327,0,984,2342,9,988,945,1276,1532,1587,990,390,996,2181,980,1271,1532,1259,1539,1051,2364,2243,1216,263,2285,2322,2797,1692,1223,1500,2560,1002,2159,857,2544,727,1108,1282,1706,1142,1310,573,2363,2229,1570,2183,615,1717,879,824,1410,860,2273,1459,1768,620,2417,2694,1849,1886,2640,2287,2259,1125,1828,2661,2245,2289,1431,1119,2,2013,1247,1222,1708,981,2454,1887,1260,728,1881,1222,2296,1329,2285,1656,1860,1183,272,1532,2330,2259,983,569,1398,1011,648,743,1437,2708,1403,241,1720,1394,203,2419,1945,1495,1905,1313,685,2467,1756,1937,2584,1924,887,1663,1569,2356,1852,2651,2476,2359,2042,2214,640,1104,733
722,1545,818,1531,1080,1792,1606,1093,1150,923,685,1285,773,892,1227,1335,983,1292,1158,601,1229,1014,1525,497,902,319,1958,86,595,464,695,1222,1559,557,894,1082,1222,1014,1639,831,1079,952,1737,1223,695,1199,1246,1121,1812,1068,695,935,1303,583,1572,1322,1069,1194,1729,514,1422,1081,1195,1528,1094,1330,1536,593,480,695,708,472,1372,635,1262,1323,1381,1189,883,1695,1277,1300,1459,767,923,951,1313,568,1165,1617,1500,1195,487,1229,1204,1652,854,1056,848,1743,1363,809,1222,589,1493,972,1185,523,130,1771,1102,1198,1451,1226,1264,1617,1208,1757,1529,1694,472,1239,803,0,1757,829,694,352,642,877,1080,475,535,479,1319,801,1217,877,707,885,872,1371,1386,821,979,1350,1737,1805,1034,815,866,1551,854,1490,1046,1527,597,523,723,1194,568,637,1040,1834,1681,909,1609,662,1047,796,1055,612,732,1423,907,1110,447,1113,1857,1172,1217,1719,1739,1701,472,1159,1638,1386,1712,927,466,807,1458,595,554,1026,368,1446,1196,626,665,1203,554,1442,809,1430,1150,1203,1129,906,877,1482,1711,1025,1040,1468,987,695,905,777,1871,845,875,1242,735,838,1707,1261,836,1230,640,679,1910,1098,1262,1645,1251,887,1001,907,1379,1212,1648,1609,1647,1361,1355,687,118,1185
514,980,565,901,1560,1449,879,1156,543,1042,1123,1390,1207,935,596,838,1372,516,1449,460,930,1403,885,938,490,851,1636,798,716,857,1136,1206,731,997,453,843,789,924,792,555,587,682,20,885,1136,794,838,178,1468,1052,1136,306,1036,796,1052,697,830,486,866,603,591,1392,1426,834,854,943,688,828,827,1136,381,748,126,421,708,688,1057,550,547,863,399,675,618,881,511,681,1046,781,346,784,1174,485,624,351,278,1285,780,1139,377,1249,1087,583,1206,824,882,1359,315,818,781,1428,99,453,460,1210,444,1124,592,894,701,1675,833,339,1237,851,0,1263,958,752,569,369,840,758,975,667,686,942,1277,369,493,379,1080,540,748,567,1366,455,20,937,316,989,358,723,943,969,1209,697,832,628,389,578,781,656,1418,1514,1188,430,676,1103,573,910,1512,577,846,784,495,391,1129,170,1007,1019,665,900,1246,1207,743,291,839,748,902,785,737,1241,735,716,246,913,642,718,861,553,1285,904,246,909,474,557,910,504,1039,1503,369,662,1218,935,1429,944,1449,1136,1024,295,1021,510,1309,1046,250,1272,1364,1066,353,822,585,1244,1082,379,856,813,847,1347,414,432,384,208,777,777,1304,982,717,1128,833,1325
1324,1500,1519,2407,1012,2332,2624,1310,1788,688,306,843,66,930,1930,1919,268,1923,609,1147,1936,250,2398,433,1480,977,2512,1097,1275,822,674,1924,2597,461,1591,1614,1909,1093,2535,1531,1942,1787,2351,1942,674,1902,1950,1797,2351,1778,674,1628,1837,1182,2623,2021,1601,1881,2743,1170,2445,917,1273,2386,1626,1834,2429,749,1199,674,1326,1156,2251,1203,1964,2203,1456,1884,1469,2591,2366,1999,2338,968,1501,1786,1847,1166,2117,2661,1394,1883,1030,2318,1900,2193,992,821,1550,2328,1217,1232,1924,745,2143,255,1886,876,1141,2310,2284,1894,2457,1928,2127,2195,1741,2712,2567,1215,778,2356,22,1009,2371,0,1014,971,1304,1560,1612,1016,416,1022,2199,1002,1295,1560,1285,1568,1073,2393,2261,1244,290,2314,2351,2826,1723,1248,1531,2589,1029,2185,882,2571,753,1136,1307,1727,1166,1338,601,2389,2258,1601,2212,641,1748,898,852,1438,879,2289,1485,1799,646,2446,2722,1879,1917,2669,2316,2289,1151,1860,2694,2262,2318,1457,1145,18,2042,1275,1253,1735,1007,2483,1914,1288,748,1907,1253,2314,1357,2314,1682,1890,1208,299,1560,2359,2288,1008,597,1424,1037,674,768,1468,2736,1431,268,1747,1425,230,2246,1971,1526,1934,1341,705,2496,1787,1967,2613,1956,913,1694,1600,2385,2350,2680,2505,2186,2069,2231,666,1129,759
886,1584,1131,1672,1292,1770,1743,799,1187,1129,881,1488,965,1112,1367,1314,1191,1416,1271,638,1543,1221,1663,696,944,598,1937,292,732,653,894,1536,1707,755,1209,1126,1489,1229,1906,1143,1340,1111,1716,1552,894,1500,1543,1265,1790,1363,894,1078,1281,606,1924,1458,1113,1330,1880,819,1566,1283,1418,1664,1138,1371,1800,769,663,894,768,533,1520,666,1401,1463,1597,1321,920,1962,1418,1436,1718,987,965,1110,1291,591,1510,1692,1711,1332,766,1370,1342,1630,1120,1261,999,1721,1579,1053,1536,765,1753,1178,1326,707,275,1749,1246,1336,1598,1540,1519,1596,1236,1908,1677,1415,669,1382,995,342,1736,1021,0,658,909,1024,1124,703,733,758,1459,1022,1431,1024,749,1033,1092,1515,1524,907,1185,1655,1716,1960,1170,1031,980,1699,1078,1850,1248,1679,773,799,761,1222,591,904,1238,1813,1660,1049,1588,861,1411,1013,1258,879,949,1561,949,1246,797,1257,2114,1484,1355,1848,1718,1679,533,1300,1947,1524,1691,969,527,999,1437,732,712,1344,708,1584,1524,893,863,1516,712,1580,846,1692,1164,1339,1344,1098,1024,1740,1690,1240,1246,1549,1190,894,1111,916,2128,882,1067,1283,874,1030,1685,1578,975,1527,907,877,1894,1234,1560,1783,1549,1090,1137,1049,1523,1355,1796,1876,1625,1685,1493,886,327,1397
420,1346,647,1370,1292,1700,1463,1272,919,714,881,1488,965,692,1062,1291,1191,1132,1271,425,1059,1221,1355,696,703,325,1917,495,292,405,894,1048,1385,755,726,1153,1046,814,1452,660,901,661,1689,1053,894,1030,1077,950,1720,897,894,764,1211,461,1413,1159,1140,1024,1536,98,1240,1283,999,1355,1165,980,1349,217,272,894,499,669,1196,692,1094,1158,1189,1026,467,1508,1103,1137,1270,565,724,660,1221,445,988,1443,1306,1025,71,1055,1037,1560,557,1110,682,1697,1219,525,1048,213,1321,1178,1014,157,539,1679,931,1031,1282,1052,1088,1572,912,1564,1355,1873,382,1063,995,407,1709,1021,881,0,345,707,1150,46,733,63,1154,601,1019,707,774,716,672,1189,1218,343,1185,1340,1689,1612,862,583,700,1377,654,1331,1248,1354,221,87,509,898,445,335,1238,1793,1636,741,1343,861,969,550,1258,311,470,1257,708,937,700,942,1666,1006,1049,1570,1694,1655,666,988,1604,1219,1668,970,660,999,1414,292,364,854,29,1307,1026,329,863,1033,364,1271,354,1254,1220,1033,929,1098,707,1308,1666,825,1246,1309,1190,894,696,609,1680,430,1067,1085,566,1030,1615,1091,667,1061,338,902,1723,925,1094,1499,1083,1090,829,736,1210,1041,1474,1422,1555,1187,1188,886,527,1397
365,1155,942,1301,1243,1631,1562,1482,913,573,1178,1388,1262,627,1170,1022,1064,1308,1155,613,1416,1094,1282,993,942,643,1640,991,589,695,1191,1690,1499,1052,880,1299,1210,618,1656,981,1067,379,1420,1366,1191,1283,1319,1137,1650,1537,1191,876,1088,794,1475,1284,1286,1106,1781,441,1528,988,722,1280,1310,1401,1553,666,705,1191,754,882,1307,871,1204,1109,1018,1167,474,1620,1402,1243,1363,513,958,385,1098,784,1162,1531,1122,1108,461,1354,1170,1388,281,810,796,1372,1035,63,1680,666,1397,1032,1112,696,987,1550,1080,1164,1444,1684,1172,1223,517,1754,1468,1874,677,1241,1081,907,1385,1107,1171,576,0,849,1265,620,1000,504,1105,539,585,849,955,857,625,1455,1150,47,1039,1358,1365,1821,952,408,777,1490,614,1482,1177,1442,674,465,527,503,784,349,1101,1412,1287,845,1221,1118,1119,313,1193,413,493,1192,942,1027,963,1091,1763,1475,1186,1566,1347,1324,956,1086,1662,1160,1311,1132,950,1085,1092,597,659,1113,507,1430,1323,35,832,1369,659,1229,368,1392,1334,1118,692,1177,849,1422,1318,588,1104,1109,1127,1151,576,715,1777,445,1153,1512,675,1116,1486,1513,772,1284,352,788,1652,1015,1316,1602,1305,1026,917,880,1372,1212,1586,1544,1426,1438,1129,1143,1027,1246
704,969,729,1121,1591,1474,1085,1334,718,1189,1286,1372,1468,947,929,848,1385,494,1491,622,1080,1424,1214,1109,639,1015,1576,933,882,1047,1295,1359,1011,1166,619,1002,935,922,836,724,720,682,824,1034,1295,922,987,289,1491,1199,1295,425,1031,1017,1010,964,989,633,900,789,590,1371,1470,1067,1014,1096,740,1019,965,1295,568,890,583,593,927,1036,1063,745,739,880,475,942,669,1107,660,681,1041,1002,377,1037,1180,620,810,427,428,1287,902,1150,542,1270,1093,782,1359,1015,851,1370,452,1009,916,1450,270,617,623,1363,505,1121,592,928,1014,1808,1027,430,1498,1010,844,1524,1100,914,769,0,1000,929,1144,853,1032,964,1322,81,667,6,1096,546,1078,766,1377,711,824,995,478,1000,523,1003,954,932,1202,950,1023,814,560,578,1002,869,1437,1468,1186,595,741,1262,689,1081,1530,762,1070,1120,644,553,1322,281,1068,1165,811,1170,1246,1223,885,426,1048,1088,931,860,879,1502,771,882,414,1094,811,913,1010,752,1422,1053,414,1138,659,602,1069,645,1035,1520,81,560,1217,933,1445,945,1466,1295,1171,462,1081,710,1585,1203,421,1548,1385,1204,518,971,792,1379,1106,541,1005,1071,996,1359,461,610,551,387,1013,803,1325,1128,1057,1287,968,1319
1136,1591,729,1320,1529,2023,1667,1275,985,1306,1075,1700,1205,1279,1316,1516,1395,1391,1501,830,853,1434,1422,898,772,707,2052,732,962,857,1084,781,1665,955,789,88,1249,1425,1788,742,1096,1358,1763,866,1084,981,918,1227,2028,706,1084,1204,1479,723,1211,1282,115,1301,1869,896,1536,1491,1601,1609,47,464,1691,969,646,1084,746,689,1494,455,1313,1429,1793,1372,1167,1832,1404,1260,1616,1152,793,1357,1489,708,1287,1614,1908,1304,853,1356,1383,1876,1203,1455,743,2085,1818,1178,781,965,1422,1380,1313,909,715,1985,1208,1378,1575,785,1418,1761,1202,1899,1679,1739,864,1363,1235,793,1783,1261,900,730,993,980,0,776,933,845,1425,1178,1626,980,676,989,1259,1493,1377,990,1387,1650,1763,1966,1148,1143,761,1637,1234,1135,1454,1658,973,887,989,1188,708,981,1447,2010,1826,855,1694,1051,1181,1146,1466,957,1079,1215,777,1224,983,1219,2017,756,1374,1232,2126,1861,685,1287,1982,1291,1885,313,679,1239,1684,962,696,915,781,1476,770,976,1054,794,696,1367,1089,1642,102,1313,1540,1338,980,1669,2127,1436,1455,1566,1405,1084,1288,823,2031,1138,1307,331,851,1270,1921,852,766,869,984,1068,2034,1212,866,1647,857,1297,1116,1167,1500,1340,1797,1756,1861,861,1269,1076,767,1611
384,1384,686,1573,1209,1641,1551,1167,923,643,773,1398,903,643,1134,1195,1092,1195,1206,405,1060,1122,1539,596,710,186,1755,579,322,331,782,1040,1437,653,819,1084,1062,804,1589,699,909,642,1589,1051,782,1108,1094,1038,1657,895,782,858,1151,402,1443,1225,1071,1046,1669,60,1343,1183,976,1571,1097,964,1492,302,251,782,480,576,1301,645,1173,1360,1255,1108,416,1633,1216,1203,1422,511,731,641,1161,387,1094,1470,1372,1048,40,1168,1113,1507,531,1049,738,1586,1284,325,1040,298,1277,1076,1054,242,602,1616,1019,1107,1383,1044,1225,1443,925,1697,1407,1737,311,1174,933,491,1609,959,792,109,309,789,1083,0,631,50,1356,537,833,789,728,797,623,1300,1401,309,1083,1259,1589,1765,892,651,719,1429,590,1363,1145,1381,306,56,462,911,387,291,1143,1641,1507,787,1473,749,994,468,1161,268,390,1444,715,967,611,1030,1822,996,1127,1641,1567,1538,576,1028,1587,1412,1576,942,570,937,1324,322,345,870,21,1393,1024,297,752,1033,345,1485,310,1446,1152,1058,917,1036,789,1476,1538,815,1148,1358,1095,782,625,657,1836,387,1005,1071,617,968,1552,1091,714,1078,294,836,1779,955,1111,1551,1100,994,857,820,1311,1151,1525,1557,1492,1198,1381,774,611,1279
1065,1345,1300,2246,855,1991,2019,1491,1487,495,204,905,344,784,1643,1532,447,1602,698,846,1684,429,2218,33,1176,676,2082,784,978,550,147,1667,1948,58,1351,1293,1730,1068,2028,1313,1564,1366,1954,1680,147,1652,1712,1469,1996,1520,147,1362,1495,841,2070,1731,1280,1539,2128,770,1786,842,1237,2233,1305,1613,1930,458,889,147,990,903,1727,897,1677,2036,1000,1611,1197,2072,1646,1709,1849,780,1197,1365,1505,826,1522,1993,1309,1543,743,1601,1529,1845,808,672,1233,1924,1133,969,1667,454,1917,409,1558,606,828,1954,1450,1609,1815,1671,1653,1777,1582,2156,1919,1357,487,1610,374,696,1974,400,1113,682,1039,1222,1292,729,0,735,2032,805,1273,1222,982,1230,889,1743,2080,981,416,1721,1954,2225,1392,817,1216,1941,642,1998,804,1901,462,860,1005,1568,826,1072,637,1969,1842,1286,1814,114,1650,714,811,1177,702,2115,1182,1468,119,1461,2235,1613,1632,2109,1899,1874,898,1533,2106,2091,1910,1158,892,378,1658,975,939,1494,719,1875,1652,1022,430,1655,939,2159,1091,1882,1361,1553,1183,478,1222,1908,1870,864,633,1274,752,147,538,1154,2249,1168,447,1520,1112,409,1887,1720,1211,1696,1075,444,2100,1456,1729,2034,1718,641,1358,1326,1743,1581,2037,1996,1827,1824,2060,139,816,778
310,1489,766,1509,1438,1600,1494,1295,865,829,988,1610,1118,828,1065,1123,1313,1137,1413,509,1144,1351,1478,811,808,161,1682,588,357,543,997,1126,1374,868,745,1174,985,989,1523,779,836,577,1517,1134,997,1035,1184,980,1613,979,997,791,1107,538,1373,1158,1161,985,1609,51,1283,1404,901,1510,1187,1065,1426,311,357,997,591,710,1242,777,1104,1296,1351,1041,342,1567,1158,1136,1356,699,829,576,1117,523,1036,1410,1469,987,24,1110,1045,1463,466,1234,665,1518,1379,251,1126,307,1207,1296,992,251,736,1572,961,1039,1326,1130,1165,1375,860,1637,1344,1863,524,1116,1148,500,1537,1174,920,63,235,731,1173,50,846,0,1292,724,762,731,861,739,808,1239,1340,235,1303,1200,1517,1705,830,586,646,1366,777,1293,1367,1321,315,29,387,846,523,217,1358,1572,1439,715,1393,964,921,687,1380,103,613,1383,813,905,813,972,1756,1077,1058,1578,1499,1470,705,966,1523,1351,1495,1037,699,1152,1252,357,437,954,59,1336,1107,223,968,1117,437,1424,236,1385,1242,997,1102,1251,731,1415,1470,1000,1366,1463,1314,997,811,585,1770,313,1220,1172,544,1183,1508,1175,641,1168,220,1023,1699,893,1201,1489,1190,1210,795,753,1254,1092,1462,1491,1448,1281,1320,989,620,1520
1364,1872,1102,287,2308,2123,886,2137,1332,1637,1938,2053,2086,1665,609,1341,2098,831,2197,1272,854,2138,398,1761,1255,1425,1911,1599,1530,1720,1944,909,879,1818,1157,1247,774,1627,1212,1114,851,1311,1319,683,1944,673,753,1125,2128,834,1944,908,1636,1654,500,687,1258,714,1314,1456,1063,2041,1778,576,1247,953,1198,1696,1280,1944,1193,1555,1074,1335,646,42,2080,853,1396,1256,956,665,1252,1540,1276,1310,1646,1639,1145,741,2198,944,1477,908,855,1925,1354,1852,1080,1904,1877,1444,909,1692,828,2092,885,1686,1582,2085,1106,849,892,913,1072,1757,1289,1342,1217,2556,1699,948,2116,1666,1339,2142,1762,1598,1430,1258,1218,1584,1796,1527,0,1565,1640,1258,1308,1265,1645,1019,353,1428,2099,865,1319,1216,1075,1431,1062,851,1619,544,1876,1036,1700,1481,1216,1275,1639,1529,2151,1949,1822,1125,1255,1911,858,1561,2266,1424,1552,216,1260,854,1859,1249,1311,690,745,556,1882,1857,1549,916,1157,298,1464,1215,1543,2120,1262,1530,1127,978,1467,723,659,1414,1867,828,1127,366,1317,1076,1160,750,1743,2207,1258,1034,1853,1638,2166,1845,2198,1944,1619,1182,1325,1367,2178,1060,1140,2141,2021,602,1057,737,1451,1829,1571,1060,647,1004,639,2080,900,918,821,996,1333,1180,1961,567,276,1936,1634,1993
642,862,1132,1757,1033,1878,1817,1563,1235,399,785,1165,932,30,1492,1062,849,1391,959,796,1503,884,1746,670,1166,497,1618,873,700,574,855,1492,1764,727,1187,1364,1465,357,1636,1144,1309,1141,1457,1508,855,1515,1532,1574,1896,1323,855,1216,1386,859,1947,1577,1351,1565,1838,523,1599,769,525,1744,1377,1439,1539,547,689,855,787,974,1407,971,1525,1540,720,1458,774,1680,1503,1555,1469,316,1187,1140,1396,844,1262,1806,842,1401,476,1455,1462,1745,361,608,1090,1458,755,548,1492,543,1672,834,1419,573,917,1854,1438,1456,1604,1496,1272,1316,1100,1866,1734,1870,555,1495,962,785,1477,988,1184,427,616,1019,1363,478,705,478,1536,0,564,1019,1054,1027,163,1556,1581,560,841,1459,1457,1932,1250,181,1073,1756,57,1756,979,1714,551,489,823,1086,844,651,908,1509,1380,1143,1320,822,1394,267,993,756,257,1626,1171,1326,843,1553,1869,1437,1478,1879,1440,1410,969,1393,1766,1592,1419,1230,963,966,1191,700,737,1321,467,1656,1481,599,638,1475,737,1662,670,1493,1432,1601,472,984,1019,1523,1411,368,906,838,926,855,381,1011,1883,745,1055,1550,969,1018,1790,1535,1068,1516,654,587,1761,1314,1549,1806,1538,823,1218,1178,1532,1486,1722,1604,1730,1648,1561,847,905,1037
680,588,1274,1358,880,1343,1483,1706,1247,557,814,1035,797,248,1656,734,712,1347,829,939,1657,746,1319,735,1309,650,1290,1022,841,725,868,1640,1424,827,1180,1508,1478,254,1291,1287,1322,722,1118,1655,868,1529,1584,1235,1366,1494,868,1333,1158,1010,1543,1425,1495,1226,1485,676,1265,489,238,1481,1521,1579,1194,698,838,868,936,1121,1077,1120,1388,1142,442,1293,786,1335,1174,1403,1130,474,1330,721,1168,995,933,1458,554,1290,629,1126,1326,1160,534,456,1103,1143,469,699,1640,694,1674,699,1354,724,1066,1323,1109,1387,1268,1644,942,994,632,1513,1394,1736,704,1166,827,934,1138,853,1331,580,815,1162,1507,631,805,631,1138,300,0,1162,1203,1170,430,1221,1183,573,706,1123,1118,1581,1248,332,1085,1416,256,1552,830,1369,702,642,842,618,995,664,769,1183,1059,1155,989,835,1407,424,559,728,414,1227,1314,1324,840,1214,1533,1586,1570,1542,1119,1096,1116,1328,1417,1193,1079,1374,1110,831,863,841,886,1468,620,1325,1627,798,754,1628,886,1262,683,1158,1576,1263,331,846,1162,1190,1090,265,768,564,777,868,539,1023,1547,757,920,1688,981,883,1259,1642,1080,1568,667,710,1290,1312,1601,1458,1590,477,1230,1190,1196,1158,1377,1259,1199,1726,1162,860,1054,899
700,969,734,1121,1591,1475,1085,1334,717,1189,1282,1372,1468,947,929,846,1385,494,1491,618,1085,1424,1214,1105,639,1008,1572,929,878,1044,1291,1358,1011,1162,618,1002,935,922,835,723,719,682,820,1039,1291,918,992,289,1492,1198,1291,425,1031,1013,1010,964,989,633,900,786,590,1370,1468,1067,1014,1097,739,1016,965,1291,564,886,582,593,927,1036,1063,745,735,879,475,942,668,1107,660,681,1041,997,376,1037,1180,620,806,427,428,1288,901,1150,540,1271,1093,778,1358,1011,851,1370,452,1042,911,1451,270,617,623,1362,504,1122,592,928,1014,1808,1023,430,1498,1005,840,1524,1095,910,765,81,1000,926,1139,849,1032,964,1322,0,667,6,1094,546,1078,762,1377,711,820,995,478,1000,521,1003,954,932,1202,950,1019,810,555,578,997,865,1437,1464,1187,593,741,1257,689,1083,1530,758,1072,1120,644,553,1318,281,1071,1170,811,1170,1247,1224,880,426,1045,1088,932,860,874,1502,770,877,409,1095,808,913,1015,748,1422,1058,409,1138,654,602,1069,645,1035,1520,81,560,1218,933,1445,945,1466,1290,1171,460,1085,705,1585,1204,419,1548,1387,1200,516,976,787,1379,1110,541,1009,1071,998,1359,461,610,551,387,1013,803,1327,1133,1057,1282,963,1319
580,1340,517,1246,1193,1628,1343,983,680,857,757,1380,887,856,920,1261,1076,893,1190,268,885,1106,1205,580,536,210,1668,412,402,577,766,868,1216,637,564,1075,840,1015,1266,488,693,809,1233,875,766,857,917,735,1645,722,766,633,1066,263,1226,1013,1033,827,1346,405,1035,1167,1184,1233,1059,789,1169,397,75,766,306,369,994,733,957,1027,1378,895,618,1310,915,991,1105,727,557,808,1076,248,789,1245,1496,829,378,867,807,1495,854,1261,521,1703,1406,725,868,393,1064,1060,833,337,395,1604,716,892,1081,872,917,1677,936,1374,1186,1376,551,870,917,429,1253,943,594,322,644,484,1045,366,615,370,1023,752,1221,484,0,494,836,991,1069,737,1067,974,1233,1443,672,719,485,1208,805,1150,1129,1158,401,414,436,922,248,745,1127,1625,1742,557,1170,733,773,720,1145,638,646,1111,541,747,682,727,1510,821,911,1316,1744,1777,369,807,1274,1079,1348,787,363,921,1182,402,171,695,338,1185,848,627,740,859,171,1148,535,1133,992,839,1130,1020,484,1165,1745,1026,1132,1315,1079,766,839,424,1524,589,989,897,383,952,1540,917,480,901,669,1049,1536,735,935,1231,926,978,643,598,1010,848,1302,1234,1480,1025,1048,758,447,1289
690,960,724,1111,1581,1464,1075,1327,707,1179,1272,1362,1459,937,919,836,1376,484,1480,608,1084,1415,1204,1095,631,998,1562,919,868,1034,1281,1348,1001,1152,608,992,927,912,825,710,718,672,810,1038,1281,917,991,279,1481,1188,1281,415,1021,1003,1000,954,979,624,890,776,580,1361,1458,1057,1004,1087,729,1006,955,1281,554,876,572,583,917,1026,1054,735,725,869,465,932,658,1097,652,671,1031,988,366,1027,1171,610,797,417,418,1278,891,1140,531,1261,1084,769,1348,1002,841,1361,442,996,902,1441,260,607,616,1352,494,1112,582,918,1004,1801,1014,420,1489,996,830,1515,1086,901,756,517,990,917,1130,840,1022,954,1312,517,657,0,1084,536,1068,753,1368,701,810,985,468,990,512,993,944,922,1193,940,1010,801,546,568,988,856,1426,1454,1177,584,731,1248,679,1073,1520,749,1062,1110,636,543,1311,271,1061,1169,803,1160,1237,1214,871,416,1036,1078,922,850,865,1493,760,868,400,1085,799,903,1014,739,1412,1057,400,1128,645,592,1059,636,1025,1511,517,550,1208,923,1434,936,1456,1281,1161,451,1075,695,1576,1194,409,1539,1377,1199,506,975,777,1369,1100,531,1008,1061,997,1350,451,601,541,377,1003,793,1317,1132,1047,1272,953,1310
841,778,1316,1634,904,1615,1763,1748,1443,605,839,1059,821,20,1696,1015,737,1611,853,979,1700,772,1599,758,1345,690,1570,1068,876,771,891,1682,1717,850,1361,1553,1685,256,1589,1329,1519,1029,1411,1696,891,1718,1728,1528,1631,1536,891,1413,1316,1051,1828,1789,1540,1516,1786,722,1552,892,434,1629,1566,1623,1492,744,878,891,978,1167,1360,1168,1733,1420,637,1580,970,1633,1454,1767,1422,522,1366,1028,1326,1036,1214,1758,752,1567,675,1406,1604,1427,565,479,1290,1412,665,745,1682,740,1878,723,1633,770,1112,1784,1391,1663,1556,1686,1225,1270,985,1814,1687,1758,750,1446,851,980,1431,877,1376,618,815,1210,1552,668,828,677,1416,345,467,1210,1251,1218,0,1509,1461,757,730,1410,1411,1880,1526,380,1271,1709,52,1824,854,1666,748,688,1018,971,1036,848,794,1462,1334,1339,1273,858,1606,471,868,953,460,1504,1350,1602,863,1507,1822,1630,1687,1841,1394,1364,1162,1607,1717,1472,1372,1419,1156,855,1144,875,926,1510,658,1602,1668,798,771,1671,926,1545,867,1446,1621,1552,368,872,1210,1476,1365,267,792,754,801,891,587,1209,1836,941,944,1730,1167,907,1720,1736,1266,1712,851,727,1712,1590,1745,1754,1734,700,1406,1377,1482,1439,1673,1557,1658,1841,1441,883,1100,923
824,1128,805,955,1484,991,828,1494,797,1077,1358,1286,1361,838,921,489,1280,617,1381,644,1239,1318,859,1265,724,1035,1072,948,1000,1169,1398,1333,564,1357,704,1083,901,813,203,812,763,563,558,1193,1398,1070,1146,247,1011,1173,1398,510,930,1036,966,641,1070,432,435,910,158,1227,1364,696,1096,1184,189,1141,1050,1398,647,905,196,659,604,770,1225,496,856,247,352,619,319,999,745,562,940,1021,133,559,1342,483,931,304,512,807,776,1041,624,788,1254,903,1333,1137,952,1263,536,1130,931,970,283,577,483,1335,238,637,473,463,490,1909,1091,344,1391,1025,578,1417,1115,1047,889,606,1082,970,1335,973,766,855,1213,606,752,616,987,0,811,886,1270,320,558,530,438,891,605,492,845,1034,1120,473,1144,934,679,459,1021,989,1326,962,704,675,317,1365,747,971,1423,882,957,846,729,513,1370,353,302,1361,777,806,764,742,900,510,527,826,515,941,894,1395,386,999,493,1068,913,600,1169,872,1325,1212,493,764,777,55,1151,472,926,1414,606,16,735,824,1335,1103,1360,1398,1059,544,316,826,1478,1291,503,1441,906,1273,600,1130,910,1282,771,501,1163,705,1152,1253,523,856,407,262,489,171,846,1235,786,1390,983,1236
1407,1762,1159,329,2190,2029,746,2184,1380,1508,1876,1928,1958,1538,482,1248,1952,868,2045,1319,906,1992,51,1808,1313,1483,1969,1646,1579,1763,1991,964,781,1865,1204,1302,735,1479,1166,1171,899,1185,1220,730,1991,722,800,1032,2034,889,1990,770,1517,1704,372,555,1312,626,1270,1499,969,1917,2023,226,1302,1008,1152,1738,1338,1990,1240,1601,981,1387,518,143,1852,691,1439,1210,863,533,1166,1413,1334,1184,1527,1689,1052,695,1967,841,1520,815,723,1828,1229,1706,1126,1811,1877,1487,964,1734,705,1942,753,1728,1628,1991,1013,717,801,968,979,1664,1210,1298,1171,2617,1742,855,1987,1709,1240,2013,1808,1643,1473,1162,1273,1634,1842,1570,139,1438,1883,1162,1369,1170,1518,925,0,1471,1949,774,1220,1170,978,1299,1108,804,1491,627,1751,990,1742,1524,1263,1196,1689,1572,1997,1858,1729,1171,1207,1957,715,1434,2139,1467,1425,151,1318,765,1901,1156,1265,742,611,428,1789,1764,1595,784,1111,25,1335,1277,1589,1991,1169,1578,1174,1035,1510,585,706,1457,1744,880,1174,48,1360,979,1215,661,1594,2078,1162,940,1760,1490,2012,1736,2072,1990,1490,1229,1279,1410,2049,1115,1187,2012,1927,653,1103,784,1494,1701,1527,963,700,983,690,1954,768,775,730,903,1287,1134,1867,619,82,1982,1680,1870
166,1112,849,1294,1463,1578,1454,1303,827,564,1011,1347,1141,614,1032,949,1026,1105,1141,428,1158,1060,1252,834,766,521,1507,867,622,566,1020,1444,1335,891,706,1171,944,555,1486,882,797,347,1338,1112,1020,996,1065,946,1592,1285,1020,757,1086,607,1475,1123,1158,946,1543,307,1216,966,701,1279,1184,1225,1389,539,534,1020,649,718,1207,738,1071,1075,984,1006,303,1530,1092,1101,1319,482,787,346,1096,592,1001,1370,1100,948,328,1044,926,1442,246,789,626,1356,1013,20,1444,535,1167,1011,952,565,744,1551,927,1006,1292,1448,1130,1209,478,1571,1305,1715,547,1050,1171,779,1358,1197,928,451,173,697,1170,417,869,373,1071,508,562,697,822,705,594,1172,1116,0,1018,1159,1338,1639,791,386,607,1327,593,1254,1389,1281,543,332,348,464,592,178,1078,1399,1274,676,1207,987,882,278,1403,277,588,1158,771,868,852,938,1719,1297,1025,1470,1372,1364,705,926,1474,1167,1289,1053,699,1166,1078,535,500,957,292,1274,1128,43,763,1180,495,1194,201,1319,1245,956,776,1253,690,1357,1346,668,1142,1110,1090,1032,532,545,1693,278,1224,1335,505,1188,1492,1293,608,1104,185,720,1498,856,1108,1450,1097,994,753,678,1224,1055,1390,1449,1436,1243,1137,1024,961,1289
1241,1341,1262,2383,929,2372,2377,869,1356,838,515,535,212,791,1600,1688,45,2255,359,737,1644,45,2360,370,1212,898,2292,764,873,753,617,1629,2375,398,1287,1120,1640,904,2321,1245,1489,1775,2150,1648,617,1691,1691,2263,2388,1485,617,1313,1876,1046,2605,1691,1149,2209,2533,1194,2254,790,1073,2447,1171,1491,2210,661,900,617,1016,701,2031,928,1550,2168,1263,1572,1038,2365,2138,1681,2108,1015,1233,1774,1885,1031,1889,2422,1211,1523,955,2090,1564,2217,1075,681,1212,2151,1028,1146,1629,657,1849,13,1540,805,747,2344,2064,1558,2244,1633,1907,1989,1730,2461,2345,1098,704,2130,242,912,2170,268,686,896,1191,1223,1251,939,353,947,2164,818,1108,1223,1016,1230,1184,2202,2211,1158,0,2086,2150,2662,1371,1089,1194,2367,889,1935,753,2331,665,1160,880,1716,1033,1250,443,2159,2051,1264,1986,584,1573,981,719,1358,968,2261,1217,1447,589,2242,2492,1613,1503,2408,2103,2105,735,1514,2480,2236,2077,1218,729,246,1816,873,947,1468,932,2232,1620,1174,877,1617,947,2264,992,2132,1101,2239,1021,187,1223,2171,2077,870,511,1259,884,617,838,1125,2506,1008,210,1405,1083,172,2280,1941,1189,1675,1253,834,2270,1435,1678,2409,1667,773,1333,1270,2145,2084,2456,2289,2224,1828,2206,609,799,566
881,1280,1043,709,1646,1274,512,1480,872,1309,1549,1467,1540,1034,675,695,1480,432,1599,775,1130,1506,636,1275,812,1150,1477,1093,922,1234,1455,1217,339,1332,787,1161,646,1065,586,1055,608,771,747,1078,1455,837,1046,468,1297,1058,1455,404,1098,1154,723,383,1148,168,751,955,451,1628,1531,441,1172,1239,570,1204,1116,1455,728,1061,417,734,346,573,1279,237,876,734,302,361,588,1204,833,770,1108,1139,491,378,1412,377,982,252,354,1120,1006,1243,707,1088,1314,957,1217,1200,541,1442,573,1194,1076,1254,451,448,216,1221,429,931,682,779,309,1975,1241,292,1570,1155,767,1596,1323,1128,943,585,1158,1051,1310,1016,569,1081,1353,585,832,594,1196,400,574,941,1449,0,747,604,335,1101,688,331,1043,636,1297,289,1208,992,718,668,1139,1047,1558,1346,994,756,600,1422,600,1197,1585,915,1186,679,817,303,1321,623,685,1164,519,548,1046,1041,1037,403,545,591,793,1035,1031,1574,598,922,574,949,959,323,1054,926,1545,1106,574,531,831,432,1227,199,1184,1610,585,414,1020,1076,1546,1160,1536,1455,1292,619,699,846,1652,1370,579,1616,1190,1090,683,1030,965,1502,1061,351,1105,488,1022,1431,419,646,117,352,424,658,1134,1039,623,1447,1128,1412
578,1068,588,927,1563,1621,905,1170,566,1118,1146,1372,1264,951,596,822,1392,497,1543,477,959,1418,905,984,519,901,1600,801,635,931,1164,996,792,1040,475,870,794,983,671,577,604,672,2,908,1164,824,876,170,1643,852,1164,334,1030,881,1017,689,857,480,836,652,535,1351,1448,875,880,941,710,901,819,1164,404,770,153,447,715,704,1068,543,576,715,416,667,627,958,540,671,1040,866,338,826,1200,481,679,368,308,1468,832,1160,399,1438,1106,652,996,897,852,1354,345,891,784,1602,126,464,515,1000,470,1284,583,864,851,1677,940,367,1294,865,20,1320,1032,841,638,430,866,752,1018,713,700,998,1270,430,524,439,1113,484,754,636,1361,496,0,961,325,1018,380,784,960,938,1201,739,905,689,415,569,866,744,1467,1469,1347,452,699,1131,606,961,1502,612,894,803,524,400,1197,216,1027,1051,668,926,1399,1390,746,319,860,777,886,740,740,1298,733,635,269,711,660,741,884,621,1332,936,269,810,528,517,935,497,1101,1522,430,498,1373,993,1456,949,1453,1164,1101,312,1041,546,1356,1071,270,1320,1538,1080,375,860,661,1289,1070,388,864,896,855,1337,428,480,415,236,841,639,1482,1010,747,1156,836,1319
1038,1564,1211,1013,1831,1231,725,1645,1039,1492,1712,1669,1719,1213,966,900,1656,688,1769,1030,1296,1682,958,1532,986,1398,1149,1353,1082,1387,1793,1387,412,1589,953,1329,965,1244,553,1223,853,957,898,1238,1793,1127,1206,677,1256,1229,1793,577,1280,1422,1024,717,1316,520,546,1112,338,1812,1703,789,1341,1426,539,1358,1292,1793,787,1321,626,903,680,867,1553,583,1034,357,416,695,579,1380,1007,956,1290,1407,562,428,1685,565,1139,368,579,1081,1189,1417,873,1049,1589,1115,1387,1354,1018,1621,602,1348,1336,1214,716,645,532,1391,650,891,868,574,224,2150,1480,408,1749,1413,918,1775,1583,1284,1101,743,1327,1208,1567,1173,863,1256,1531,743,1001,751,1372,287,895,1099,1628,391,898,0,506,1280,854,404,1222,1104,1492,342,1362,1149,876,854,1407,1204,1729,1211,954,922,560,1760,830,1376,1769,1072,1368,968,991,581,1582,794,652,1455,838,839,1006,1002,1297,576,54,913,753,1203,1292,1753,560,1082,735,1117,1116,643,1214,1084,1733,1270,735,853,988,402,1396,555,1363,1782,743,302,980,1255,1722,1443,1720,1793,1474,785,666,1004,1832,1557,745,1796,1150,1379,849,1191,1122,1690,856,569,1195,806,1184,1612,592,913,432,657,106,453,1094,1331,910,1785,1388,1613
712,1191,878,619,1666,1536,738,1308,707,1254,1278,1494,1397,1052,287,855,1497,388,1615,614,972,1523,597,1115,645,984,1635,932,763,1065,1295,1051,597,1171,616,1007,468,1083,726,890,433,788,853,920,1295,655,888,620,1557,906,1295,254,1115,1005,693,360,994,176,891,786,590,1471,1549,710,1018,1072,710,1035,946,1295,562,901,582,593,388,393,1192,245,710,770,469,338,764,1092,666,787,1125,990,657,630,1324,177,813,421,134,1386,968,1258,540,1295,1229,788,1051,1031,518,1459,185,1025,915,1516,681,139,524,1055,594,1138,699,919,567,1810,1074,435,1427,995,873,1453,1163,973,774,418,1004,883,1149,847,389,1099,1371,418,670,427,1214,539,448,772,1466,466,853,1016,0,1119,521,589,1061,613,1324,544,1039,823,552,685,990,878,1573,1504,1201,593,751,1262,422,1096,1604,746,1029,498,650,54,1325,618,825,985,341,761,1253,1247,877,170,711,473,916,878,871,1432,763,763,408,786,791,576,896,757,1457,948,408,501,662,572,1074,189,1202,1624,418,553,1227,1094,1563,1070,1555,1295,1236,453,839,680,1489,1202,413,1453,1452,913,516,872,795,1414,1201,42,876,728,867,1450,144,594,424,422,678,694,1396,861,443,1287,967,1441
480,902,1062,1224,778,1403,1463,1696,1053,482,700,977,688,150,1308,753,631,1347,802,720,1528,652,1202,642,1064,572,1377,991,698,664,775,1713,1432,742,997,1381,1324,187,1332,1100,1181,634,1158,1469,775,1377,1437,1271,1425,1570,775,1013,1121,1117,1404,1394,1368,1252,1501,575,1294,768,371,1192,1393,1471,1222,634,743,775,833,1131,1095,987,1257,1002,573,1274,600,1376,1191,1388,1140,404,1085,633,1131,1102,951,1472,704,1298,538,1143,1272,1250,358,364,919,1218,612,428,1713,630,1547,590,1242,624,1035,1384,1129,1266,1292,1717,968,1061,588,1529,1403,1759,672,1183,718,903,1178,744,1393,507,649,967,1379,550,720,542,998,227,164,967,1075,974,303,1243,1053,403,597,1132,1158,1628,1077,0,900,1425,159,1424,731,1383,638,553,655,574,1102,472,710,1245,1124,969,1012,742,1262,370,716,535,361,1108,1069,1153,747,1250,1539,1612,1210,1504,1176,1171,1107,1216,1432,1079,1088,1258,1101,722,881,698,781,1192,543,1304,1445,632,711,1502,781,1106,491,1173,1448,1281,303,760,967,1213,1150,198,684,709,688,775,464,831,1553,570,801,1603,791,765,1320,1503,895,1421,475,668,1303,1141,1423,1490,1412,575,1039,971,1192,1154,1393,1300,1264,1571,1049,767,1023,814
632,1451,258,1145,1471,1780,1357,1233,314,1173,1039,1610,1157,1140,939,1488,1356,1024,1479,333,652,1382,1252,877,745,727,1800,692,629,809,1057,636,1311,933,101,1131,739,1291,1385,202,593,821,1503,653,1057,550,621,1002,1803,486,1057,656,1209,776,1035,927,1079,950,1559,706,1233,1455,1431,1243,1103,849,1371,955,844,1057,538,661,1219,606,889,1051,1444,910,630,1429,1106,905,1417,1011,766,820,1219,761,1295,1352,1576,953,725,1058,906,1631,888,1485,22,1856,1417,708,636,951,975,1317,958,844,675,1761,974,900,1248,640,1232,1948,956,1587,1281,1689,827,1072,1187,758,1523,1213,926,626,694,741,1089,668,911,767,1047,1047,1253,741,683,749,1120,1182,1103,692,1324,1182,1503,1686,797,1051,0,1303,1105,957,1419,1263,959,743,469,942,761,798,1437,1756,2010,101,1428,1024,673,1015,1413,666,949,1158,750,872,917,1000,1484,619,842,1393,1897,2000,639,932,1478,1129,1595,867,634,1191,1405,629,384,469,638,1198,629,677,1027,629,384,1156,582,1221,1043,960,1410,1278,741,1197,1898,1302,1417,1329,1362,1057,1155,65,1498,600,1249,981,97,1213,1697,695,4,605,715,1041,1862,860,611,1373,604,1262,717,609,1148,1060,1396,1353,1641,755,1099,1049,727,1566
1175,1582,1267,756,1882,1247,454,1775,1180,1541,1739,1743,1774,1265,807,967,1711,590,1820,1070,1310,1737,780,1573,1122,1433,1218,1395,1223,1531,1753,1463,49,1629,1085,1463,820,1295,563,1279,758,1024,965,1251,1753,1005,1219,744,1274,1318,1753,707,1352,1458,768,543,1450,333,651,1249,552,1864,1758,598,1475,1566,549,1503,1429,1753,924,1363,693,1041,506,706,1572,396,1171,607,580,521,596,1429,1143,1023,1362,1443,579,343,1703,545,1276,532,520,1097,1259,1469,1009,1065,1607,1252,1463,1499,693,1676,747,1493,1378,1231,727,624,525,1467,667,908,935,780,124,2287,1537,572,1804,1454,985,1830,1628,1417,1238,861,1461,1343,1607,1314,702,1309,1587,861,1138,869,1425,501,715,1236,1683,466,965,604,691,1333,991,0,1274,784,1567,47,1507,1286,1013,921,1443,1341,1782,1204,971,1061,577,1720,777,1425,1823,1209,1417,681,1127,471,1625,831,662,1295,694,680,1023,1018,1342,704,545,733,770,1340,1337,1808,577,1223,872,1176,1253,336,1227,1222,1787,1284,872,673,1125,418,1530,367,1414,1837,861,515,997,1306,1775,1460,1772,1753,1523,922,676,1141,1887,1695,882,1851,1167,1220,986,1203,1259,1744,921,674,1235,647,1196,1661,625,812,425,620,280,531,1111,1170,749,1745,1430,1689
734,1157,1168,1904,655,2016,1984,1270,1333,494,576,803,554,34,1577,1290,497,1863,627,927,1536,517,1882,518,1193,584,1906,1003,768,676,651,1527,1980,618,1219,1485,1616,467,1893,1147,1463,967,1722,1548,651,1529,1586,1835,2023,1382,651,1285,1516,1117,2110,1668,1472,1803,2088,599,1840,646,635,1868,1497,1471,1783,646,744,651,842,1143,1633,1099,1527,1687,830,1548,867,1937,1729,1658,1693,417,1214,966,1526,1102,1489,2031,958,1502,550,1684,1541,1852,477,229,1189,1743,863,640,1527,642,1829,456,1519,636,1047,1980,1666,1535,1840,1531,1506,1583,1252,2056,1950,1618,684,1723,584,915,1742,610,1405,519,684,1068,1483,562,596,554,1683,94,671,1068,1187,1075,49,1789,1733,652,463,1680,1722,2216,1350,282,1171,1972,0,1915,609,1938,650,565,918,1238,1102,744,579,1776,1646,1240,1572,618,1547,383,592,850,373,1789,1198,1426,623,1814,2090,1509,1480,2011,1698,1696,1119,1493,2018,1759,1660,1362,1113,588,1417,768,790,1366,555,1839,1520,667,606,1510,790,1786,763,1723,1552,1832,586,622,1068,1757,1672,428,550,961,567,651,476,1102,2104,837,666,1603,1060,630,1916,1914,1166,1570,747,555,1868,1414,1573,2013,1562,451,1312,1242,1740,1685,1969,1861,1860,1723,1729,643,1035,685
1121,1554,1071,566,1902,1891,689,1795,1107,1244,1638,1661,1718,1260,231,1229,1677,664,1790,941,1115,1703,543,1472,1175,1312,2006,1264,1176,1451,1730,1163,753,1529,1094,1572,512,1264,1120,1083,476,933,1229,925,1730,700,922,1007,1899,1004,1730,553,1273,1328,121,300,1501,603,1282,1182,975,1884,1389,528,1561,1279,1099,1413,1341,1723,935,1225,949,1085,256,333,1667,518,1117,1157,835,271,1132,1124,1189,925,1276,1306,1024,719,1797,586,1202,787,508,1721,982,1431,1011,1838,1484,1046,1157,1409,452,1635,538,1403,1240,1851,983,502,826,1161,961,1681,1054,1303,892,2231,1446,827,1741,1319,1242,1767,1486,1291,1250,908,1535,1260,1500,1236,329,1160,1210,908,1182,916,1233,917,386,1021,1642,768,1222,1159,737,1008,993,719,1236,0,1478,871,1417,1212,959,1040,1306,1071,1743,1867,1744,1056,1148,1690,568,1154,1836,1135,1143,436,1173,579,1488,1087,1212,945,378,170,1796,1791,1201,569,1100,411,1289,1379,1195,1745,1133,1169,883,970,1207,520,894,1234,1434,1084,883,440,1071,952,1467,630,1377,1796,908,932,1770,1269,1736,1426,1785,1723,1219,932,1226,1087,1803,1413,892,1767,1787,872,988,900,1074,1391,1574,720,888,664,878,1674,553,614,726,875,1003,1081,1731,821,382,1715,1292,1599
1110,899,1546,2381,378,1884,2184,1910,1750,618,820,543,859,587,1979,1500,672,2058,616,1239,1928,697,2361,775,1580,965,1893,1199,1166,930,908,1909,2189,875,1593,1684,2026,702,2121,1527,1882,1285,1945,1931,908,1925,1977,2058,1892,1766,908,1673,1386,1224,2603,2066,1671,2015,2323,980,2062,171,873,2340,1697,2007,2010,839,1140,908,1255,1343,1844,1300,1928,2167,821,2077,1245,2165,1944,2059,1908,802,1601,1284,1396,1209,1700,2232,862,2045,932,1896,1878,1720,862,474,1577,1944,678,1016,1909,835,2337,761,1909,982,1243,1850,1877,1933,2051,1913,1718,1799,1196,2260,2159,1665,881,1936,889,1111,1965,915,1608,903,1061,1459,1683,946,853,935,2163,585,907,1459,1384,1466,983,2010,2213,1028,768,1892,1945,2451,1976,885,1559,2181,685,2415,0,2141,843,946,1295,1182,1209,1120,568,1848,1862,1633,1784,875,1775,768,237,1226,755,2263,1585,2052,880,2037,2292,1902,1881,2216,1985,1913,1322,1883,2274,2238,1866,1560,1317,893,1628,1166,1186,1751,939,2038,1903,1044,679,1898,1186,2266,1139,1940,1752,2044,819,805,1459,1979,1888,666,597,820,291,908,627,1490,2306,1215,972,1918,1448,936,1786,1973,1554,1961,1123,636,2062,2040,1965,2217,1954,350,1702,1631,1951,1897,2271,2089,1730,2066,2208,900,1231,499
1387,1760,1653,706,2042,1552,401,1998,1696,1703,1947,1933,1938,1428,918,1149,1875,764,2028,1283,1313,1902,642,1777,1334,1646,1361,1610,1424,1739,1957,1411,201,1833,1298,1676,1093,1454,843,1665,1138,1205,1149,1119,1957,1280,1189,928,1574,1569,1957,915,1526,1669,720,913,1663,536,930,1464,825,2032,1922,448,1689,1488,829,1714,1640,1957,1153,1578,877,1258,876,819,1756,599,1385,887,763,891,881,1586,1355,1204,1536,1654,952,87,1886,748,1491,715,726,1399,1438,1632,1224,1369,1790,1464,1411,1710,1059,1840,944,1704,1593,1533,911,823,721,1415,889,1215,1116,958,276,2500,1747,755,1968,1665,1169,1994,1843,1645,1450,1070,1676,1563,1811,1529,815,1470,1751,1070,1349,1077,1586,774,580,1448,1847,576,1149,802,897,1494,1205,174,1437,1151,1753,0,1718,1501,1226,1102,1654,1553,1948,1347,1278,1273,872,1924,1158,1586,1990,1422,1578,631,1339,674,1833,1015,942,1149,966,791,1330,1321,1557,912,743,597,1071,1553,1552,1972,864,1424,1084,1559,1468,283,1095,1434,1930,1287,1084,537,1338,697,1683,570,1573,2006,1070,789,1304,1465,1940,1641,1935,1957,1685,1136,956,1355,2050,1620,1094,2014,1469,1075,1200,1173,1472,1894,1064,722,1090,758,1080,1824,832,1192,621,803,431,811,1413,1024,862,1949,1645,1873
491,1524,802,1704,1002,1820,1731,1230,1082,669,573,1227,688,672,1338,1323,894,1377,1052,611,1171,915,1682,411,829,213,1939,519,491,155,591,1159,1639,467,852,1086,1352,833,1789,782,1210,716,1755,1171,591,1404,1228,1254,1841,1000,591,1042,1326,546,1745,1424,1073,1256,1892,362,1553,997,1002,1672,1097,1439,1679,2,401,591,628,658,1489,650,1287,1485,1194,1304,628,1833,1415,1418,1589,538,850,715,1336,531,1273,1685,1326,1261,314,1367,1300,1669,627,1022,946,1779,1230,396,1160,3,1575,857,1272,66,562,1799,1226,1294,1624,1164,1403,1622,1047,1920,1609,1652,191,1384,718,430,1775,744,923,293,440,995,1083,340,445,317,1481,575,1038,995,738,1002,652,1502,1533,408,864,1663,1755,2021,1106,544,928,1631,825,1664,961,1593,0,328,676,1033,531,500,976,1809,1685,998,1605,558,1291,505,951,606,431,1587,834,1182,448,1252,1985,1149,1240,1778,1737,1732,636,1246,1815,1557,1693,957,631,722,1450,489,474,1005,333,1568,1145,422,558,1148,474,1586,519,1619,1152,1266,950,809,995,1653,1711,844,955,1326,901,591,651,860,1999,598,780,1353,820,744,1735,1213,923,1212,503,572,1898,1170,1216,1753,1205,805,1068,1000,1524,1357,1724,1757,1679,1362,1527,583,550,1098
357,1433,848,1540,1116,1760,1602,1320,975,574,697,1260,814,577,1209,1444,1011,1201,1166,591,1221,1031,1522,535,875,260,2059,623,536,287,715,1209,1499,591,898,1177,1242,740,1599,828,1045,611,1879,1221,715,1214,1267,1060,1783,1050,715,917,1268,812,1580,1299,1164,1132,1700,44,1362,1113,911,1723,1188,1145,1489,252,447,715,674,751,1303,743,1161,1322,1101,1181,497,1643,1229,1292,1402,443,896,610,1278,797,1085,1538,1233,1135,40,1181,1176,1611,504,929,852,1901,1139,258,1209,248,1351,973,1144,242,667,1741,1032,1170,1430,1213,1216,1743,943,1728,1469,1778,299,1195,844,535,1899,870,1013,202,335,797,1174,71,569,43,1318,480,945,797,831,805,557,1311,1371,270,980,1267,1879,1825,979,449,804,1491,732,1499,1077,1449,256,0,547,928,797,369,1088,1927,1806,872,1487,682,1015,410,1067,86,332,1425,880,1055,554,1058,1798,1198,1114,1649,1858,1855,727,1118,1578,1396,1814,1051,721,848,1571,536,520,1051,102,1439,1194,317,790,1197,520,1427,388,1427,1243,1142,857,935,797,1465,1832,751,1071,1233,1017,715,556,735,1812,467,906,1274,695,870,1677,1262,799,1251,372,747,2008,1043,1254,1624,1243,923,941,875,1330,1162,1584,1567,1621,1401,1366,707,655,1216
187,1563,703,1221,1386,1473,1304,1166,681,781,955,1525,1073,802,888,976,1277,973,1434,298,1064,1303,1200,793,644,512,1596,625,92,541,973,1246,1180,849,577,1047,916,876,1357,741,708,365,1390,1012,973,901,980,834,1495,1087,973,610,986,578,1205,978,1034,819,1422,261,1105,1370,1001,1190,1058,1071,1247,511,405,973,523,594,1074,623,837,999,1231,858,174,1401,977,968,1164,670,665,364,996,563,859,1214,1364,822,288,929,854,1324,470,1046,501,1431,1266,275,1246,507,1034,1239,827,501,608,1454,806,848,1117,1250,992,1277,490,1450,1150,1618,551,942,1103,784,1410,1129,859,436,258,566,1044,362,827,323,995,705,823,566,699,575,782,1054,1051,259,1246,1050,1390,1549,666,630,482,1172,849,1126,1334,1127,515,298,0,476,563,354,1348,1465,1340,554,1238,940,687,502,1327,221,526,1106,649,741,793,832,1564,1157,790,1340,1392,1383,572,801,1348,1077,1317,918,567,1107,1104,92,369,833,269,1145,988,247,982,1040,369,1104,132,1197,1113,829,993,1194,566,1237,1366,887,1337,1233,1277,973,763,414,1578,144,1165,1201,374,1129,1390,1158,477,964,265,935,1527,729,967,1320,956,1180,626,562,1017,938,1261,1325,1334,1106,1047,965,660,1481
459,1353,764,1288,1293,1411,1371,1137,758,657,940,1390,1125,636,953,762,1070,1039,1224,267,1140,1090,1267,778,711,664,1386,594,514,812,958,1129,1246,834,646,1017,986,670,1341,802,782,138,1168,1088,958,975,1056,903,1434,971,958,669,1001,596,1279,1043,1004,887,1511,533,1304,1286,782,1259,1028,1070,1232,782,373,958,591,563,1105,591,906,1066,1017,925,457,1386,1201,1037,1150,574,732,137,1011,581,961,1281,1149,890,560,1153,923,1259,403,841,569,1228,1054,532,1129,778,1104,1032,895,772,577,1393,875,917,1183,1133,978,1071,9,1539,1216,1587,729,1009,1155,664,1188,1181,830,560,519,635,1014,607,812,594,1062,611,611,635,668,644,688,1253,1118,516,1039,1142,1168,1638,734,426,550,1238,644,1196,1250,1193,786,570,294,0,581,625,1147,1255,1134,622,1022,925,756,574,1239,493,564,1173,716,809,819,901,1550,1233,859,1407,1186,1181,541,869,1442,1144,1098,887,536,1159,891,514,437,894,572,1212,1064,501,853,1116,437,1171,409,1183,1083,897,787,1246,635,1223,1160,681,1130,1141,1191,958,639,482,1564,427,1217,1200,442,1181,1329,1230,545,1040,543,810,1311,797,1044,1387,1033,1094,694,627,1083,1007,1328,1310,1273,1180,1114,950,629,1390
611,1688,740,1430,1166,1633,1502,1008,1022,873,745,1310,862,845,1099,1154,1059,1118,1214,434,1107,1079,1416,583,752,198,1772,452,416,527,763,1097,1386,639,790,905,1016,1003,1508,720,933,800,1571,1106,763,1113,1170,975,1656,951,763,806,1144,15,1472,1189,892,1025,1600,435,1273,1162,1170,1411,915,1258,1398,385,339,763,566,421,1215,479,1051,1212,1352,1071,720,1552,1146,1182,1311,713,773,799,1154,0,1000,1427,1484,1028,370,1098,1066,1484,711,1199,744,1605,1386,727,1097,381,1252,1021,1035,325,435,1614,947,1060,1348,1101,1133,1448,1131,1628,1356,1600,540,1112,892,464,1591,918,690,253,523,714,901,319,617,362,1208,748,1206,714,556,722,825,1222,1265,520,1028,1181,1571,1726,873,747,701,1378,806,1387,1126,1338,389,402,562,1117,0,519,1149,1640,1511,769,1437,730,905,717,1115,495,642,1319,757,948,642,973,1707,1083,1004,1548,1563,1559,399,1009,1557,1290,1523,775,394,896,1282,415,412,944,324,1343,1080,505,734,1082,412,1321,538,1343,970,1035,1122,983,714,1381,1537,1014,1119,1491,1067,763,855,632,1721,690,954,1173,592,918,1550,1148,696,1154,522,748,1731,936,1158,1524,1147,971,833,765,1248,1079,1471,1476,1494,1304,1260,755,487,1266
56,1307,645,1183,1274,1428,1277,1122,625,673,849,1415,966,722,850,928,1164,935,1295,250,1105,1184,1162,687,597,408,1550,577,318,438,867,1285,1142,743,529,1001,878,756,1308,685,750,317,1335,1053,867,943,1021,787,1450,1126,867,572,941,502,1311,940,988,781,1380,156,1066,1267,870,1152,1012,1023,1199,408,356,867,475,546,1027,574,799,961,1105,820,126,1352,939,930,1117,538,618,316,951,487,812,1176,1237,784,183,891,816,1279,357,927,453,1387,1143,152,1285,404,1133,1126,789,398,560,1409,759,810,1160,1289,945,1232,442,1408,1112,1570,448,904,996,684,1355,1022,813,373,135,518,998,298,721,217,957,575,699,518,651,527,652,1015,1013,136,1133,1012,1335,1507,628,515,434,1134,730,1226,1231,1089,412,193,140,428,487,0,1253,1419,1301,506,1190,834,834,505,1220,116,431,1068,615,703,699,764,1493,1267,752,1310,1347,1312,533,770,1356,1100,1321,862,527,1039,1056,323,324,687,201,1088,1003,124,886,1060,324,1149,19,1072,1071,807,942,1138,513,1093,1324,836,1240,1167,1220,893,677,371,1507,96,1107,1103,333,1070,1336,1164,438,984,44,843,1648,699,978,1267,967,1102,570,502,1029,850,1241,1186,1285,1135,1031,885,623,1389
1405,1216,1970,2212,838,1924,2278,1138,1838,1000,674,290,483,818,2123,1604,357,2095,113,1009,2370,387,2160,796,1454,1409,1968,1536,1125,1291,911,2378,2275,852,2039,1346,2152,956,2186,1984,2029,1350,1758,2396,911,2376,2428,1891,1944,2229,911,1807,1437,1573,2412,2233,1391,2108,2424,1414,2110,733,1148,2208,1413,1734,2234,1193,1130,911,1251,1000,1962,1168,2086,1995,1035,2172,1665,2220,2061,2219,2063,1174,1475,1349,1448,1558,1815,2310,1098,2145,1361,2015,2139,1780,1282,716,1732,1977,922,1441,2378,1189,2399,385,2084,1339,1023,1904,1841,2144,2155,2382,1858,1953,1260,2498,2246,1493,1211,2054,513,1448,1778,539,958,1181,1336,1441,1792,1227,830,1240,1991,890,1158,1441,1503,1448,1281,2087,2040,1328,431,1990,1758,2576,2006,1186,1714,2267,917,2418,704,2219,975,1252,1126,1246,1316,1420,0,1901,2122,1789,1901,878,1920,1066,559,1519,1042,2073,1711,2082,883,1870,2448,2129,2036,2345,2017,2123,1037,2058,2366,2090,2016,1665,1031,517,1746,1125,1180,1980,1217,2133,2151,1320,920,2105,1180,2128,1438,2036,1327,2140,1075,491,1441,2055,2018,892,75,1120,803,911,864,1642,2462,1509,623,1655,1602,586,1840,2176,1709,2205,1424,877,2330,2070,2198,2317,2185,535,1849,1776,2056,1935,2360,2149,1789,2308,2021,903,1075,321
1047,999,1395,1622,1395,251,1208,1768,1417,1314,1527,1336,1381,1082,1404,495,1211,1105,1352,905,1882,1241,1404,1392,1355,1274,244,1243,1133,1417,1624,1869,1148,1449,1329,1707,1421,1232,899,1433,1356,834,894,1806,1624,1679,1779,1027,332,1706,1624,1065,772,1297,1471,1191,1694,977,859,1152,1049,1282,1025,1239,1721,1777,816,1388,1010,1624,1171,1211,849,1285,1155,1405,992,1043,1073,747,942,1169,787,1280,1376,833,783,1282,702,1216,1117,1032,1179,898,1074,578,1060,1179,1249,651,1030,1143,1869,1384,1477,1283,1101,1378,1226,346,883,1126,1026,1873,744,486,744,780,1248,2217,1361,936,1411,1294,914,1437,1473,1286,1129,1237,1706,1212,1427,1207,1401,1116,1137,1237,1369,1244,1244,1026,1345,1127,1243,860,894,964,989,1149,1230,1140,1091,1568,1124,1129,1392,1196,916,730,1282,1171,1408,0,550,1298,740,1591,1328,1245,1344,1113,1224,1498,1360,1065,1596,1006,706,1977,1307,1269,598,624,1187,1076,1193,1360,626,1579,1181,1415,634,1133,1104,1498,1167,1036,1782,1113,1332,1851,1104,1304,1008,976,1785,1012,1351,1346,1237,997,573,1243,1432,883,1155,1624,1296,1158,720,1042,1476,1873,1119,1439,474,1865,1225,1763,1104,1291,608,1053,1756,1232,1745,1279,1092,1300,927,938,1183,811,649,1836,1438,1616,1278,1249
730,525,980,1350,925,1170,1428,1457,939,855,1077,864,899,776,1265,745,722,1326,877,584,1511,751,1306,1066,1032,954,1336,924,819,1094,1181,1482,1399,1122,971,1257,1363,847,1440,1019,1126,502,1136,1442,1181,1325,1417,1245,1210,1320,1181,962,697,977,1516,1373,1244,1229,1482,834,1240,826,556,1373,1270,1401,1307,1065,688,1181,794,893,1102,858,1222,1127,529,1293,756,1474,1191,1353,1277,875,1053,501,709,962,953,1427,651,1279,861,1147,1323,1044,732,696,887,1165,567,825,1482,1061,1486,801,1351,1055,907,1169,1136,1237,1280,1486,998,1041,411,1510,1370,1721,1059,1185,929,979,1156,955,1156,969,811,922,1256,890,1100,887,1123,889,667,922,943,930,1018,1218,1186,809,756,1112,1136,1633,1234,923,869,1391,784,1545,644,1338,1069,878,601,397,962,854,942,1205,0,938,1018,1148,1204,971,896,796,947,1226,1037,1310,1153,1224,1671,1591,1170,1504,1151,1118,869,1325,1404,1236,1118,1129,863,933,887,819,743,1084,843,1270,1418,795,889,1483,743,1274,691,1166,1335,1263,930,857,922,1187,1126,859,957,405,687,1181,833,796,1685,725,989,1444,758,952,1105,1588,864,1401,787,846,1444,1298,1395,1463,1382,813,990,926,1179,1193,1415,1403,1054,1554,1167,1173,959,781
356,1160,555,1154,1414,1494,1202,1148,563,953,951,1435,1085,915,795,1140,1272,822,1363,278,996,1306,1112,784,548,665,1541,616,447,714,974,1014,1097,840,487,907,808,1065,1066,592,605,570,1120,940,974,827,913,623,1529,849,974,479,1018,594,1158,900,894,738,1210,459,988,1389,1135,1368,919,941,1085,685,853,974,206,585,859,493,748,933,1157,759,379,1100,799,879,935,783,569,569,1029,579,656,1120,1283,740,486,754,711,1364,628,1188,401,1559,1195,448,1014,681,978,1236,738,675,599,1489,594,763,994,1018,749,1579,676,1238,1068,1639,716,781,1115,677,1140,1141,848,658,435,373,904,563,818,511,929,817,954,373,569,382,895,965,992,432,1243,813,1120,1363,576,772,382,1089,872,1086,1224,1033,689,551,217,662,580,487,1327,1478,1641,0,996,942,685,660,1323,422,729,1034,553,652,825,621,1334,1088,696,1264,1599,1656,562,712,1112,1042,1214,959,556,1120,1042,447,71,672,476,1029,916,418,1159,973,71,1091,317,915,983,747,1184,1219,373,936,1664,1076,1320,1039,1298,975,935,310,1348,348,1188,1040,271,1151,1425,1092,377,897,415,1114,1385,640,892,1221,881,1180,512,448,894,712,1182,1029,1374,1063,973,967,652,1344
786,1066,1043,1050,1426,716,851,1507,1053,1043,1264,1327,1300,814,1025,487,1238,730,1335,641,1436,1271,978,1303,993,1011,738,974,875,1151,1418,1501,787,1360,970,1340,993,964,547,1082,932,557,557,1371,1418,1180,1346,327,755,1339,1418,649,918,1023,1063,775,1327,560,696,890,651,1401,1378,823,1353,1409,415,1122,746,1418,793,943,424,912,739,946,1059,624,812,581,520,753,389,1015,1014,556,929,1008,279,812,1185,618,917,476,659,586,789,1016,886,546,1098,881,1501,1118,1105,1202,686,1112,957,715,458,709,602,1505,322,403,466,724,728,1969,1098,514,1330,1029,577,1356,1206,1026,867,878,1338,947,1339,944,942,846,1196,878,1007,886,976,628,917,865,1209,434,557,849,571,881,868,779,822,1199,1115,726,1126,934,657,452,1008,910,1299,660,467,937,0,1386,905,977,1334,852,953,1047,997,647,1391,645,788,1512,879,887,515,506,919,660,733,933,224,1211,913,1334,206,875,742,1197,900,687,1347,851,1244,1411,742,878,747,578,1417,601,1083,1375,878,599,490,975,1285,945,1309,1419,1025,795,802,781,1417,1509,757,1380,651,1412,863,1330,843,1199,525,635,1324,830,1311,1191,678,1012,502,521,744,510,600,1383,987,1411,1009,1240
1104,1488,1300,2293,1023,2055,2039,1563,1445,619,354,1008,494,824,1695,1590,699,1640,835,905,1687,729,2241,95,1240,728,2177,830,1019,619,59,1720,2008,91,1364,1354,1717,962,1964,1313,1633,1312,2033,1711,59,1703,1760,1497,2075,1557,59,1383,1567,869,2154,1804,1341,1639,2132,809,1895,994,1154,2290,1367,1613,2015,511,948,59,1065,1000,1759,952,1649,2077,1322,1657,1239,1998,1656,1782,1848,830,1262,1311,1578,854,1556,1986,1477,1641,782,1612,1615,1912,937,722,1323,2012,1301,1010,1720,507,1990,543,1644,672,874,2035,1468,1659,1852,1724,1650,1883,1646,2160,1979,1473,531,1646,524,742,2053,550,1263,723,1036,1254,1352,766,114,774,2073,865,1164,1254,1038,1261,942,1872,2122,1022,550,1729,2033,2283,1478,897,1291,2000,923,2089,966,1955,515,930,1025,1632,854,1119,794,2047,1944,1359,1888,0,1712,843,923,1218,816,2157,1246,1554,9,1495,2233,1677,1599,2110,1992,1966,976,1618,2072,2171,2003,1225,970,528,1733,1020,998,1524,759,1895,1683,1020,491,1660,998,2209,1137,1822,1431,1649,1081,627,1254,1842,1967,898,768,1393,903,59,645,1219,2247,1208,596,1532,1180,559,1971,1726,1286,1744,1123,505,2329,1542,1737,2078,1726,786,1417,1349,1752,1575,2098,1928,1920,1906,2102,51,862,906
669,1349,411,774,1722,1668,893,1462,463,1257,1261,1640,1387,1252,413,1152,1573,517,1667,596,545,1607,734,1093,722,966,1899,929,752,1029,1283,691,863,1149,483,1049,306,1393,1025,492,161,879,1132,488,1283,395,459,839,1703,517,1283,300,1207,988,673,419,1066,446,1166,773,853,1694,1461,1008,1091,754,1010,1001,813,1283,597,898,871,651,358,549,1336,377,688,1059,755,397,1057,1122,743,878,1218,973,944,836,1461,446,800,710,386,1539,948,1515,397,1715,1371,764,691,997,462,1540,428,991,912,1663,930,380,797,695,891,1591,857,1194,834,1925,1032,737,1417,985,1152,1443,1161,978,750,615,1076,880,1127,826,545,1158,1279,615,747,624,1232,830,615,748,1547,738,1132,1319,458,1093,378,855,1213,575,1419,799,1005,817,533,843,973,793,1632,1765,1653,442,1053,1250,0,1113,1625,735,1030,653,727,442,1144,836,1102,627,311,937,1701,1668,874,594,1075,664,1226,788,868,1421,1054,752,443,378,786,729,464,734,1451,520,443,719,630,875,971,463,1512,1513,615,845,1676,1404,1625,1226,1605,1283,1239,488,1116,657,1483,853,450,1446,1599,648,373,443,726,1410,1432,522,439,877,430,1478,256,261,697,721,948,988,1548,590,595,1275,964,1548
544,1250,1001,1217,1055,1582,1757,1481,1065,367,765,1187,864,365,1388,1017,905,1435,1014,708,1393,934,1175,718,1052,384,1618,786,692,452,875,1420,1715,774,1075,1273,1488,521,1725,1014,1251,795,1415,1421,875,1461,1449,1288,1617,1258,875,1086,1521,733,1381,1494,1260,1335,1785,415,1509,1027,716,1233,1286,1317,1591,423,587,875,694,917,1377,873,1346,996,890,1349,682,1759,1469,1479,1558,227,1073,794,1532,718,1228,1691,1014,1339,365,1424,1364,1449,110,653,1010,1428,927,449,1420,419,1609,870,1344,413,830,1577,1259,1358,1560,1438,1270,1307,603,1813,1656,1837,456,1444,894,697,1435,920,1179,351,469,1044,1270,395,751,369,992,263,725,1044,957,1051,345,1487,1055,461,877,1394,1415,1934,1180,248,992,1677,318,1713,999,1629,426,381,724,589,718,562,973,1484,1369,1063,1296,842,1330,0,957,655,150,1097,1071,1256,704,1503,1952,1400,1296,1441,1415,1378,892,1318,1698,1105,1406,1143,886,898,1159,692,643,1238,387,1595,1408,452,599,1382,643,1154,580,1437,1349,1345,640,997,1044,1456,1390,532,953,1022,936,875,349,921,1966,651,966,1431,882,929,1511,1723,987,1447,566,550,1737,1244,1441,1792,1428,819,1115,1051,1460,1371,1709,1688,1460,1602,1036,867,817,1102
1177,837,1580,2285,562,1577,2247,1528,1757,657,866,698,811,600,2046,1574,750,2117,526,1248,1970,780,2233,859,1590,1010,1630,1200,1360,960,974,1992,2245,915,1652,1698,2071,741,2157,1593,1947,1317,1409,1996,974,1986,2034,1542,1612,1834,974,1727,1096,1220,2490,2156,1685,2077,2395,1046,2080,120,936,2282,1712,1943,2204,856,1212,974,1344,1349,1931,1310,2006,2069,475,2141,1313,2190,2030,2139,2033,817,1611,1316,1107,1205,1784,2279,597,2114,992,1984,1802,1447,924,493,1652,1645,513,1083,1992,852,2418,713,1749,1011,1244,1572,1492,1807,2124,1996,1828,1619,1227,2162,2215,1839,875,2023,841,1112,1429,867,1611,981,1109,1526,1696,1025,893,1001,2065,646,946,1526,1388,1533,1062,2057,2114,1095,720,1959,1409,2547,1669,967,1634,2236,697,2502,327,2188,860,1013,1353,1213,1205,1192,481,1564,1791,1709,1870,941,2032,830,0,1291,803,2149,1595,1745,946,1521,2418,1964,1956,2314,1685,1785,1326,1723,2335,2165,1985,1570,1320,845,1715,1360,1268,1800,1017,2102,1968,1093,703,1939,1268,2203,1210,2006,1775,2109,857,886,1526,2025,1686,673,506,553,449,974,632,1562,2432,1282,934,1863,1522,897,1508,2010,1629,2018,1196,660,1995,1733,2013,2286,2002,255,1768,1695,2025,1584,2329,2119,1457,2136,2096,966,1232,660
245,1551,700,1478,1335,1514,1376,1404,649,685,866,1448,1001,692,976,1063,1189,1048,1285,390,1213,1222,1431,699,739,412,1661,767,490,433,889,1452,1281,755,682,1130,1059,848,1360,739,819,464,1461,1150,889,1018,1123,892,1549,1290,889,661,1037,635,1377,1081,1117,922,1479,158,1147,1306,967,1554,1142,1138,1376,404,580,889,612,840,1142,696,929,1259,1191,937,265,1394,1044,1060,1223,559,760,463,1048,620,938,1308,1316,924,185,1000,894,1384,393,966,596,1466,1228,186,1452,400,1195,1153,921,394,854,1509,863,944,1256,1456,1033,1345,816,1507,1252,1738,438,1030,1031,679,1481,1057,1103,380,169,643,1127,462,733,219,1255,594,787,643,782,651,672,1124,1310,170,1160,1131,1461,1630,760,552,577,1273,649,1300,1279,1219,408,202,305,802,620,138,1247,1527,1407,646,1353,856,897,539,1239,0,449,1352,744,836,688,890,1616,1295,877,1442,1455,1418,816,895,1481,1361,1463,1001,810,1036,1205,490,458,802,376,1218,1126,158,877,1187,458,1399,157,1202,1206,932,965,1135,643,1222,1430,859,1236,1288,1216,889,667,505,1630,234,1104,1237,467,1067,1445,1283,572,1107,141,834,1794,824,1101,1398,1090,1098,694,628,1155,976,1369,1323,1394,1254,1292,881,799,1385
437,1585,855,1638,1235,1757,1672,1363,970,694,763,1351,898,704,1296,1282,1089,1351,1188,630,1249,1118,1592,596,909,280,1872,670,593,334,786,1274,1620,652,925,1158,1393,859,1827,868,1157,623,1698,1268,786,1248,1303,1197,1790,1093,786,993,1274,638,1692,1402,1145,1244,1822,299,1580,1207,1051,1652,1170,1165,1693,302,483,786,619,799,1450,758,1253,1421,1225,1257,589,1861,1367,1384,1534,571,930,622,1285,623,1247,1606,1349,1248,250,1321,1274,1626,555,978,916,1688,1259,342,1274,298,1515,1053,1249,292,714,1750,1168,1268,1554,1278,1339,1564,987,1850,1591,1873,341,1352,928,582,1718,954,1062,256,362,951,1155,312,630,254,1417,606,1061,951,844,958,684,1558,1472,354,1060,1413,1698,1972,1086,555,898,1612,661,1619,1179,1564,306,266,629,973,623,458,1148,1738,1626,969,1577,753,1236,548,1139,548,0,1513,914,1162,594,1195,1928,1237,1201,1744,1674,1641,775,1223,1719,1522,1689,1029,769,932,1424,593,558,1077,299,1511,1241,345,886,1224,558,1560,477,1511,1234,1255,977,1031,952,1527,1649,870,1136,1359,1116,786,676,828,1943,559,1000,1262,790,963,1687,1284,894,1287,461,843,2018,1151,1281,1699,1268,998,1022,959,1455,1280,1710,1791,1636,1439,1453,778,702,1283
1345,1690,1109,178,2089,2007,834,2142,1271,1424,1817,1847,1906,1383,387,1266,1802,788,1898,1269,812,1836,162,1769,1271,1365,2013,1612,1422,1718,1939,918,816,1826,1082,1277,597,1519,1170,1122,843,1062,1245,670,1939,673,725,1036,2026,834,1939,712,1393,1438,266,450,1282,656,1240,1456,1019,1784,1501,215,1271,977,1155,1693,1221,1939,1190,1580,985,1335,414,163,1794,638,1370,1204,870,428,1205,1256,1292,1061,1404,1423,1058,666,1916,695,1483,826,637,1858,1110,1576,1124,1831,1644,1176,918,1689,608,1768,679,1683,1595,1986,1019,631,904,922,1007,1706,1220,1268,1203,2593,1720,864,1936,1657,1265,1962,1842,1506,1427,1057,1248,1558,1804,1516,159,1290,1324,1057,1244,1064,1363,996,113,1151,1775,806,1245,1161,870,1138,1106,790,1343,554,1626,937,1697,1500,1213,1206,1423,1469,1866,1878,1768,1170,1198,1906,688,1359,2019,1413,1339,0,1276,691,1816,1106,1247,672,476,327,1816,1785,1557,710,1090,92,1347,1145,1551,1940,1169,1422,1119,998,1463,670,645,1411,1608,788,1119,130,1305,1044,1196,688,1641,1939,1057,1011,1791,1530,1853,1567,1683,1939,1406,1171,1261,1339,1998,1076,1132,1961,1922,572,1101,708,1401,1566,1504,855,632,788,622,1861,622,790,804,912,1318,1133,1871,544,51,1931,1647,1757
387,1169,590,1166,1428,1504,1212,1164,576,968,965,1438,1099,930,805,1153,1287,836,1377,293,1007,1321,1124,798,561,680,1553,632,465,729,988,1025,1105,854,500,920,818,1079,1079,662,620,587,1133,951,988,828,924,636,1539,860,988,488,1016,722,1174,910,907,747,1231,474,1001,1403,1151,1378,932,955,1098,700,866,988,221,601,872,506,758,945,1166,769,396,1113,813,889,948,800,582,588,1027,707,669,1128,1291,749,503,768,720,1374,645,1201,414,1570,1203,465,1025,698,994,1250,747,692,615,1499,607,773,1008,1029,762,1592,684,1259,1076,1655,733,795,1121,693,1153,1155,857,691,452,387,917,566,832,528,941,835,1019,363,582,372,912,978,981,503,1228,835,1133,1378,578,847,404,1089,924,1064,1203,1012,696,511,230,659,708,555,1322,1484,1626,476,999,964,569,728,1323,431,758,1023,0,659,981,625,1256,1220,697,1246,1645,1655,570,695,1129,1027,1215,799,564,1125,1016,444,87,657,474,983,933,489,1180,987,87,1061,339,957,1040,733,1258,1218,363,996,1649,1152,1307,1047,1308,997,961,332,1270,381,1188,1081,293,1151,1419,1117,399,911,474,1138,1394,647,920,1230,909,1199,578,464,936,751,1185,1166,1368,1085,962,989,659,1315
749,1174,741,724,1657,1632,713,1340,902,1340,1322,1509,1444,1050,383,886,1462,411,1537,654,959,1502,719,1155,681,1046,1627,974,803,1089,1347,1157,551,1211,675,1075,520,1140,842,985,526,817,886,906,1347,714,876,630,1668,982,1347,289,1089,1040,686,363,1062,136,929,830,665,1515,1612,637,1087,1104,827,1060,1015,1347,605,950,610,630,325,538,1214,205,786,877,495,341,777,1195,702,816,1100,1025,682,569,1344,146,857,452,260,1416,1064,1248,589,1475,1254,883,1157,1056,515,1425,318,1050,957,1640,722,336,467,1161,611,1342,727,957,521,1884,1083,469,1474,1044,906,1500,1207,1008,869,455,1071,929,1189,884,534,1099,1446,455,709,464,1231,637,604,867,1432,422,886,822,54,1134,570,543,1059,613,1358,465,1064,874,594,713,1025,918,1532,1521,1404,639,833,1314,523,1197,1573,793,1115,642,686,0,1200,628,919,1099,385,730,1452,1427,920,292,752,649,983,923,914,1478,789,803,451,834,833,542,882,853,1301,936,451,695,701,687,1156,149,1257,1597,455,652,1427,1151,1515,1106,1557,1347,1322,498,933,741,1540,1210,460,1503,1561,996,565,860,835,1490,1193,66,870,697,859,1441,337,676,391,459,639,805,1510,964,584,1339,1009,1465
868,1352,1148,1923,895,1926,1927,1552,1342,401,359,997,484,854,1586,1499,707,1531,824,837,1533,566,1915,100,1169,660,2083,582,953,360,64,1544,1902,96,1231,1309,1784,986,1906,1163,1540,1146,1934,1545,64,1540,1584,1424,1947,1395,64,1317,1457,792,2039,1709,1296,1523,2115,729,1726,893,1171,2201,1323,1560,1917,475,875,64,989,993,1657,877,1579,1745,1032,1561,1025,1941,1571,1687,1778,867,1190,1145,1468,777,1494,1887,1354,1534,674,1528,1568,1789,1033,753,1243,1949,1178,771,1544,471,1887,556,1528,413,626,1919,1395,1562,1796,1548,1598,1808,1432,2143,1872,1473,464,1548,514,494,1954,540,1250,656,838,1167,1307,699,119,684,1742,892,1190,1167,963,1175,981,1698,1801,783,563,1804,1934,2204,1380,866,1224,1894,953,1977,865,1826,479,696,946,1418,777,885,807,1977,1869,1292,1796,9,1606,864,811,982,782,1835,1174,1462,0,1422,2081,1521,1527,2005,1917,1903,963,1502,2087,1847,1919,1158,957,518,1631,953,927,1358,692,1778,1517,822,339,1506,927,1881,904,1789,1392,1532,1103,611,1167,1829,1892,927,775,1274,802,64,700,1152,2095,980,581,1469,1113,544,1845,1576,1219,1568,888,353,2212,1450,1575,2008,1564,693,1383,1287,1721,1537,1993,1870,1794,1725,1782,56,614,895
463,953,686,1280,1349,1098,1339,1165,638,696,1090,1003,1178,614,940,984,1020,1034,1115,294,1189,1054,1275,1054,736,701,1135,631,519,798,1171,1427,1274,1110,692,1064,1058,703,1497,723,820,275,944,1133,1171,1014,1103,1092,1138,1276,1171,671,637,725,1344,1054,1051,901,1555,544,1191,998,744,1575,1076,1104,1359,769,401,1171,622,607,1124,609,930,1097,1023,910,501,1696,1054,1032,1232,544,757,274,648,710,958,1294,1155,912,571,1010,926,979,431,812,606,1217,1068,532,1428,765,1175,983,897,759,614,1111,874,920,1278,1432,1062,1198,428,1688,1244,1654,794,1027,1208,703,964,1234,864,689,582,636,1060,610,1088,597,1093,569,578,636,688,645,663,1163,1159,507,990,1120,944,1646,755,416,587,1266,622,1271,841,1189,773,588,306,414,710,476,1103,1100,1350,656,1263,1138,884,630,1262,508,612,1199,741,836,844,0,1541,1274,875,1420,1257,1358,577,871,1455,1205,1391,912,571,1212,1116,519,468,784,562,1172,1109,566,882,1166,468,1239,416,1247,1145,909,820,1155,636,1286,1258,714,1069,885,1249,1171,678,515,1555,457,1274,1210,477,1237,1035,1295,582,1087,479,841,1502,824,1097,1403,1086,1139,755,642,1203,1019,1363,1460,984,1264,1140,1163,666,959
926,1096,921,1154,1560,781,957,1544,960,1194,1409,1432,1420,950,1051,629,1359,719,1437,765,1395,1398,988,1434,890,1156,598,1092,978,1267,1551,1522,643,1490,877,1265,980,1039,205,958,967,694,682,1334,1551,1157,1306,396,936,1373,1551,659,999,1150,1098,792,1252,576,577,1008,457,1440,1509,827,1279,1319,242,1238,1223,1551,693,1068,345,817,757,973,1137,642,963,507,525,770,328,1174,911,693,1010,1135,286,652,1269,631,1035,482,678,706,953,1150,792,741,1181,1060,1522,1234,1096,1322,696,1228,1075,911,453,727,591,1526,383,647,603,485,555,2091,1228,520,1450,1160,702,1476,1325,1152,1046,795,1263,1075,1468,1062,969,999,1342,795,906,803,1131,429,927,1044,1329,453,682,641,588,1034,773,635,959,1182,1283,548,1242,1052,771,589,1135,1095,1432,597,709,843,339,1518,905,1170,1472,970,1152,1077,895,669,1313,527,0,1555,856,904,757,696,1038,670,576,943,541,1114,1032,1454,332,978,647,1020,1025,863,1310,1030,1430,1370,647,888,878,359,1348,616,1156,1494,795,396,732,1050,1410,1029,1331,1551,1176,700,13,918,1538,1430,662,1501,835,1453,768,1290,1012,1391,337,657,1299,874,1286,1341,708,1042,515,411,580,294,784,1421,1016,1543,1127,1389
995,1732,689,807,2078,2070,1178,1851,716,1593,1667,1874,1787,1573,834,1657,1943,925,2002,893,348,1982,889,1501,829,1003,2103,1322,1046,1323,1694,501,1166,1557,615,821,715,1683,1597,704,596,1223,1687,212,1694,373,261,1459,2099,430,1694,908,1474,1046,722,795,824,957,1787,1077,1414,2083,1830,1015,815,514,1582,1294,847,1694,794,1297,1384,915,824,866,1766,871,1032,1632,1264,773,1557,1439,850,1222,1485,1031,1454,1118,1894,1026,1104,1219,969,1940,1309,1881,640,2175,1738,1129,501,1290,859,1910,1009,1141,1305,2072,1551,963,1235,505,1383,2139,1266,1815,1345,2196,1452,1310,1817,1224,1707,1843,1553,1094,1115,1075,792,1139,1535,1131,862,1463,1658,1075,942,1083,1553,1386,840,1113,1917,1212,1687,1627,1076,1464,621,1140,1519,649,2056,1292,1297,1121,837,1252,1030,1164,2002,2071,2201,683,1626,1661,774,1444,2009,1039,1363,731,834,1022,1538,1457,1674,0,891,777,2214,2238,1267,1040,1557,819,1803,743,1261,1821,1570,1046,748,544,1130,994,188,1099,1633,324,748,853,947,1442,738,1023,1802,1909,1075,1402,2224,1694,1998,1662,1993,1694,1575,651,1688,987,1880,618,679,1843,1996,390,616,245,1081,1754,2037,1182,223,1238,214,1869,820,876,1160,1302,1466,1560,1945,146,772,1687,1358,1830
922,1385,710,576,1855,1725,740,1680,765,1518,1497,1731,1618,1249,235,1160,1669,362,1745,824,637,1709,571,1330,953,1216,1898,1148,974,1263,1523,934,812,1387,778,1393,186,1334,1075,815,179,1025,1160,584,1523,388,552,887,1759,784,1523,402,1298,1217,595,205,1401,313,1240,1004,897,1725,1821,895,1387,1082,1060,1234,1085,1523,725,1124,882,882,271,390,1411,210,959,1110,764,183,1050,1367,974,1024,1309,1202,953,738,1541,392,1031,720,319,1600,1236,1447,691,1752,1452,1056,934,1230,418,1635,359,1224,1131,1731,979,313,720,938,882,1614,935,1268,782,2154,1257,735,1648,1216,1180,1674,1381,1177,1042,731,1364,1102,1365,1058,386,1293,1648,731,972,739,1423,869,456,1040,1642,683,1160,1072,556,1330,672,804,1258,519,1571,723,1238,1048,767,921,1202,1091,1739,1790,1676,733,1107,1490,320,1369,1772,966,1289,494,958,386,1369,885,1152,769,0,791,1724,1705,1094,390,1002,501,1260,1051,1088,1652,1062,974,679,665,1006,568,560,1026,1465,613,679,565,874,921,1303,400,1453,1809,731,884,1699,1345,1721,1315,1763,1523,1500,701,1166,914,1715,1188,691,1678,1655,663,667,536,1008,1680,1492,540,546,749,535,1637,308,493,645,725,900,1038,1604,633,436,1515,1183,1687
929,1404,902,392,1873,1886,601,1687,836,1526,1503,1751,1624,1267,65,1120,1685,499,1764,831,757,1725,382,1336,960,1223,1856,1155,980,1270,1529,1050,634,1393,846,1357,315,1351,1051,917,386,1044,1121,705,1529,508,675,910,1907,898,1529,409,1322,1224,457,127,1325,435,1138,1011,869,1744,1839,728,1351,1046,1036,1241,1185,1529,732,1131,845,889,89,200,1431,347,966,1086,727,105,1077,1375,981,1043,1333,1209,916,583,1560,414,1038,683,341,1619,1243,1465,760,1711,1471,1063,1050,1237,282,1651,381,1231,1138,1879,879,335,658,1054,845,1573,954,1166,732,2162,1264,758,1654,1223,1141,1680,1388,1183,1049,750,1328,1108,1371,1065,196,1311,1667,750,979,758,1441,841,265,1047,1658,630,1121,1023,578,1348,741,608,1276,383,1589,674,1245,1055,774,940,1209,1098,1757,1748,1635,802,1092,1496,382,1377,1790,973,1296,314,965,408,1376,908,1128,806,180,0,1683,1664,1101,412,953,312,1222,1155,1095,1658,1025,980,686,766,1013,399,681,1033,1471,734,686,346,881,892,1267,422,1470,1751,750,856,1658,1362,1737,1334,1781,1529,1508,736,1142,921,1721,1152,698,1684,1803,701,736,659,1015,1688,1391,562,749,604,658,1655,389,500,583,748,850,1014,1752,671,246,1521,1190,1707
739,440,964,1296,889,1115,1428,1437,914,842,1070,792,864,738,1218,711,684,1286,892,572,1481,713,1290,1033,1013,964,1291,902,793,1079,1150,1450,1365,1089,963,1270,1346,810,1349,1001,1112,492,1119,1415,1150,1304,1387,1242,1156,1299,1150,957,655,960,1491,1337,1257,1197,1475,820,1201,782,530,1446,1284,1407,1212,1050,676,1150,783,879,1058,838,1208,1113,491,1263,776,1384,1152,1315,1088,863,1034,491,666,945,914,1388,624,1247,847,1108,1337,997,751,679,879,1157,540,873,1450,1046,1456,766,1313,1040,885,1129,1092,1197,1218,1454,918,1019,401,1503,1335,1694,1047,1146,894,975,1139,920,1135,957,859,898,1268,878,1067,874,1109,852,631,898,924,906,984,1173,1174,857,710,1082,1119,1568,1203,887,861,1357,746,1528,625,1282,1054,864,584,387,945,908,907,1188,1081,933,983,1117,1176,958,867,783,939,1214,1018,1285,1122,1221,1403,1562,1153,1475,0,1110,848,1287,1364,1220,1102,1119,842,898,843,793,737,1063,829,1261,1392,843,869,1454,737,1254,691,1101,1353,1230,892,816,898,1140,1104,821,1084,374,674,1150,803,790,1417,731,949,1434,752,912,1053,1579,856,1371,825,828,1395,1273,1380,1464,1367,783,1021,925,1143,1137,1368,1312,1002,1528,1155,1142,937,748
811,518,975,1224,970,257,1104,1506,1013,900,1128,865,937,804,975,366,764,895,966,645,1441,793,1218,1089,939,1037,263,971,866,1152,1206,1433,1089,1145,925,1317,1106,875,843,1012,1077,565,489,1377,1206,1268,1349,637,252,1281,1206,762,733,1031,1417,1090,1304,847,879,893,970,861,595,1092,1331,1375,706,1123,750,1206,745,947,710,868,1037,1041,558,915,848,806,806,1068,683,939,960,564,744,1016,567,1100,689,872,920,762,848,94,825,756,841,144,605,945,1433,1119,1266,839,800,1113,954,246,581,853,868,1437,569,130,474,824,1001,1770,1105,800,967,1039,509,993,1204,1032,931,849,1315,953,1123,947,1037,918,696,849,958,857,1050,946,1102,929,788,732,489,1100,714,953,823,1085,813,1351,701,1000,1127,937,656,460,1016,980,981,225,220,895,617,1173,1036,1090,931,855,1071,1142,944,795,1178,616,774,1623,982,1165,184,0,918,774,1026,1148,511,1166,912,971,496,866,699,1074,903,920,1353,915,927,1414,699,1182,763,874,1400,879,957,895,849,913,185,886,1163,451,752,1206,863,752,788,803,1025,1486,714,988,170,1520,818,1333,897,886,632,783,1342,1137,1329,847,910,925,793,689,1186,810,119,1488,1083,1198,1007,821
812,1525,1004,1620,1227,1634,1646,603,1045,1054,780,1328,903,1065,1285,1218,1073,1274,1163,580,1387,1107,1611,618,898,455,1796,179,722,586,810,1403,1626,674,1089,1067,1489,1178,1790,1019,1242,1040,1645,1406,810,1394,1434,1147,1670,1251,810,1030,1171,464,1739,1405,1054,1239,1813,672,1437,1215,1366,1874,1079,1334,1610,695,582,810,686,427,1364,612,1281,1444,1531,1259,849,1783,1295,1409,1476,931,919,1039,1182,449,1198,1654,1659,1251,610,1250,1276,1509,944,1119,953,1654,1518,763,1403,691,1581,1036,1242,638,162,1642,1118,1270,1525,1407,1301,1516,1340,1841,1596,1270,586,1267,933,229,1665,959,291,551,749,888,1063,581,652,602,1440,955,1377,888,691,896,1045,1409,1495,747,1043,1529,1645,1905,1095,931,935,1618,1011,1674,1187,1545,699,642,657,1326,449,755,1148,1690,1578,1006,1512,777,1305,929,1138,715,848,1537,903,1177,668,1145,1785,1377,1226,1736,1626,1607,0,1216,1836,1541,1641,915,6,937,1350,722,640,1211,586,1475,1379,733,767,1362,640,1575,764,1492,1148,1248,1295,1030,888,1528,1601,1189,1122,1454,1127,810,1036,864,1799,804,1000,1246,825,963,1566,1428,930,1418,758,781,1936,1165,1427,1716,1414,1017,1097,999,1450,1265,1717,1711,1515,1575,1476,802,214,1255
820,1140,714,708,1627,1511,853,1286,731,1415,1391,1478,1516,1021,367,1230,1433,492,1504,722,871,1473,703,1223,621,1113,1968,1045,874,1161,1416,958,750,1280,782,1016,434,1111,1149,801,347,787,1228,818,1416,667,788,959,1547,806,1416,124,1060,1107,776,481,1003,329,1319,902,969,1484,1582,1025,1028,1010,1134,1132,953,1416,543,1021,952,569,346,522,1181,340,857,1184,836,459,1122,1264,642,786,1071,1092,1023,806,1311,337,929,791,131,1386,1135,1219,695,1824,1223,954,958,1128,608,1396,72,1122,1028,1519,1051,152,665,962,951,1685,697,1347,720,1830,1155,807,1546,1113,1247,1572,1278,1079,940,427,1011,1000,1258,956,518,1071,1416,427,648,436,1203,941,588,938,1403,623,1227,1412,563,1106,676,742,1030,703,1327,664,1136,946,665,683,1092,989,1497,1858,1747,737,1177,1383,362,1267,1545,864,1187,626,626,329,1267,957,1226,963,299,917,1795,1778,991,0,942,633,1335,1037,985,1550,1132,874,389,651,904,680,797,924,1364,851,389,667,772,995,1230,346,1228,1643,427,956,1770,1122,1485,1072,1528,1416,1397,436,1240,812,1612,1116,398,1575,1443,949,671,775,906,1568,1571,632,785,879,774,1412,41,468,590,797,840,1112,1392,929,568,1408,1080,1434
1116,1476,1095,864,1786,1157,714,1706,1271,1420,1623,1598,1659,1175,913,909,1595,714,1668,1017,1298,1635,847,1672,1058,1405,967,1349,1167,1463,1789,1518,344,1728,1043,1434,879,1261,555,1349,900,947,908,1237,1789,1058,1209,684,1271,1368,1789,653,1219,1416,886,654,1421,437,640,1200,510,1774,1746,689,1449,1502,540,1437,1394,1789,876,1324,633,986,619,835,1512,503,1153,411,500,632,583,1388,1078,946,1230,1401,577,352,1640,662,1227,457,660,1080,1264,1373,959,1084,1551,1251,1516,1433,796,1561,690,1427,1332,1249,668,724,427,1520,676,946,857,549,182,2266,1457,495,1689,1411,928,1715,1579,1365,1236,797,1433,1291,1706,1259,831,1221,1574,797,1076,805,1351,482,786,1235,1568,314,908,70,582,1258,941,266,1184,891,1445,248,1441,1244,958,843,1401,1285,1664,966,1008,1012,583,1756,899,1389,1698,1161,1373,790,1062,581,1564,819,632,1420,755,768,1056,1037,1294,664,0,802,781,1285,1288,1693,597,1166,816,1197,1200,607,1213,1221,1665,1273,816,747,1068,414,1518,477,1380,1730,797,497,1031,1272,1647,1407,1687,1789,1402,870,646,1108,1775,1610,831,1738,1173,1319,936,1193,1202,1625,699,651,1366,735,1355,1562,702,1036,351,596,49,481,1122,1287,874,1781,1384,1554
1417,1761,1164,356,2226,1981,753,2083,1333,1585,1976,1918,2059,1539,544,1210,1935,847,2004,1218,896,1974,40,1723,1294,1472,1948,1552,1467,1766,2084,985,755,1780,1120,1314,755,1605,1139,1179,872,1212,1208,746,2084,720,801,983,2002,914,2084,861,1522,1618,425,604,1322,607,1227,1508,957,1913,1664,166,1308,1004,1124,1742,1322,2084,1244,1527,932,1391,569,160,1794,674,1457,1174,816,582,1102,1405,1315,1211,1533,1603,1003,639,1922,822,1535,772,786,1827,1302,1719,1124,1804,1783,1379,985,1737,746,1902,826,1731,1635,1974,966,780,785,989,932,1665,1157,1255,879,2660,1757,810,2089,1714,1228,2115,1882,1681,1538,1139,1285,1599,1856,1568,156,1429,1497,1139,1426,1147,1519,929,25,1354,1909,762,1208,1108,969,1296,1160,729,1485,611,1755,824,1745,1552,1266,1143,1713,1297,2007,1840,1727,1224,1180,2051,838,1511,2168,1466,1495,178,1299,740,1864,1050,1215,767,633,482,1774,1757,1597,857,1037,0,1311,1230,1591,2093,1112,1467,1179,1018,1500,580,722,1522,1777,873,1179,71,1372,980,1224,636,1724,2078,1138,943,1749,1616,1991,1691,1819,2084,1567,1229,1229,1412,2156,1110,1190,2119,1897,661,1155,785,1300,1738,1478,788,709,969,699,2028,834,958,709,857,996,1101,1846,631,61,2076,1687,1875
825,1092,935,1163,1444,792,913,1521,974,1083,1299,1272,1307,837,1059,372,1246,731,1326,658,1405,1285,997,1326,902,1050,721,986,878,1166,1443,1533,599,1383,888,1278,992,927,348,972,978,580,585,1344,1443,1169,1316,405,831,1385,1441,671,902,1044,1135,805,1265,589,513,907,470,1272,1401,835,1292,1335,210,1137,1236,1441,706,962,354,829,770,981,1132,655,862,383,538,783,179,1066,923,579,913,1029,299,608,1262,643,934,495,690,658,840,1037,804,623,1174,959,1533,1133,1107,1207,708,1127,969,805,389,739,604,1537,396,468,489,541,511,1994,1122,533,1335,1053,605,1361,1219,1045,945,807,1276,966,1359,961,977,885,1229,807,919,815,1017,442,936,943,1214,466,585,607,600,920,786,591,844,1193,1115,504,1141,951,670,475,1029,994,1315,757,531,856,72,1408,917,1058,1353,869,1039,1085,906,681,1208,540,494,1564,868,912,579,583,932,682,532,952,0,1127,926,1339,267,878,660,1034,916,819,1320,929,1278,1380,660,897,777,372,1361,620,1042,1383,807,409,554,936,1293,1024,1341,1441,1063,713,508,817,1422,1446,675,1385,729,1461,781,1300,911,1239,305,669,1309,882,1296,1227,720,1052,528,424,536,311,678,1429,1024,1433,1021,1228
896,1488,467,1194,1543,1836,1529,1289,732,1360,1099,1628,1222,1281,1220,1592,1389,1300,1459,725,760,1429,1279,937,509,671,1867,754,811,891,1129,701,1663,993,553,270,1062,1384,1745,482,864,1116,1621,783,1129,858,832,1100,1862,631,1129,962,1314,738,1105,1161,257,1274,1919,877,1540,1534,1574,1390,281,295,1565,999,517,1129,644,731,1319,471,1190,1250,1522,1195,925,1738,1392,1139,1431,1147,530,1115,1320,723,1152,1482,1650,1287,828,1348,1205,1703,1202,1430,507,1943,1831,1101,701,995,1203,1352,1278,941,737,1834,1071,1199,1476,705,1256,1924,1036,1947,1633,1798,895,1365,1252,825,1641,1278,987,769,1008,841,265,813,971,820,1246,1170,1578,841,480,849,1261,1512,1230,1006,1359,1626,1621,2010,1133,1151,526,1655,1225,1034,1507,1584,1003,861,733,1022,723,1057,1451,1829,2136,626,1499,1096,926,1149,1459,918,1067,1120,514,1215,980,1098,1740,756,1155,1161,1983,2098,700,1252,1855,1209,1736,0,694,1256,1505,811,592,682,799,1362,724,992,1083,737,592,1243,840,1446,350,1283,1503,1348,841,1482,1984,1395,1442,1418,1445,1129,1342,591,1754,880,1318,308,622,1281,1758,801,532,816,974,1097,1868,1203,818,1605,807,1328,1090,930,1397,1193,1740,1666,1707,872,1232,1121,776,1611
1042,1776,1120,1710,1470,1929,1741,807,1175,1485,993,1026,913,1248,1343,1441,701,1310,827,785,1529,713,1694,1085,958,895,1967,767,903,1025,1277,1502,1700,1141,1097,850,1476,1425,1782,1135,1253,1241,1679,1535,1277,1431,1584,1195,1959,1367,1277,1109,1377,907,1745,1491,924,1336,1878,964,1621,1451,1615,1970,944,1125,1657,1144,645,1277,747,772,1297,670,1411,1528,1646,1337,1050,1816,1357,1469,1555,1352,979,1240,1386,892,1249,1681,1676,1348,965,1315,1374,1777,1370,1149,1021,2047,1496,1179,1501,1140,1580,693,1347,1080,750,1939,1166,1368,1562,1505,1358,1707,1367,1906,1671,1282,1033,1337,943,817,1699,969,687,992,1163,940,963,928,1119,1045,1524,1375,1618,940,755,947,1467,1598,1578,1163,690,1442,1679,1950,1163,1533,1003,1692,1347,1680,1425,1654,1148,976,883,1353,892,1207,903,1917,1768,1074,1557,1244,1201,1342,1201,1093,1276,1621,963,1246,1139,1193,1873,1492,1359,1817,1816,1800,808,1291,1759,1624,1805,971,0,947,1572,903,704,1331,883,1575,1465,1150,1237,1501,704,1658,994,1540,830,1348,1532,828,940,1566,1791,1321,973,1683,1415,1277,1458,931,1887,1010,949,1061,892,912,1863,1567,998,1566,1128,1298,1993,1234,1576,1746,1565,1252,1200,1081,1488,1282,1782,1742,1812,1594,1559,1269,802,1057
1245,1368,1548,2398,967,2425,2515,1236,1669,682,283,834,44,905,1905,1786,431,1807,635,1119,1952,228,2382,409,1437,945,2465,1051,1237,723,672,1928,2492,437,1617,1615,2089,1090,2451,1562,1868,1776,2217,1958,672,1967,2011,1707,2472,1791,672,1625,1984,1084,2629,2019,1602,1849,2655,1055,2279,895,1279,2458,1629,1783,2325,702,1164,672,1293,1267,2135,1153,1944,2217,1270,1863,1395,2485,2237,1997,2210,889,1458,1775,1993,1069,1995,2533,1298,1861,1001,2192,1813,2284,1053,803,1584,2211,1122,1142,1928,698,2182,233,1861,777,1095,2446,2167,1900,2347,1932,2007,2072,1726,2593,2463,1220,746,2231,2,963,2237,6,1065,940,1173,1453,1613,987,392,993,2213,912,1290,1453,1235,1460,1007,2256,2267,1154,278,2202,2217,2723,1675,1196,1523,2484,1004,2278,868,2442,706,1022,1221,1712,1069,1262,582,2252,2134,1598,2076,639,1915,959,841,1358,935,2305,1442,1758,644,2317,2513,1918,1894,2590,2182,2160,1258,1805,2610,2312,2059,1435,1253,0,1922,1237,1224,1755,978,2371,1930,1160,721,1922,1224,2347,1281,2197,1696,1861,1195,277,1453,2223,2157,980,544,1292,859,672,737,1450,2527,1355,246,1718,1410,208,2370,1992,1518,1995,1265,680,2382,1746,2001,2536,1988,823,1719,1597,2273,1789,2571,2411,2319,2093,2248,664,1083,680
900,1251,981,1057,1622,1317,799,1586,912,1241,1457,1398,1492,1002,952,600,1430,650,1509,746,1320,1470,980,1259,868,1117,1479,1061,953,1235,1612,1428,648,1316,839,1281,879,1019,510,935,874,671,656,1255,1612,1083,1233,369,1359,1292,1612,571,969,1132,1050,709,1268,491,755,998,453,1371,1434,754,1295,1302,490,1208,1183,1612,667,1025,318,791,673,870,1315,557,908,544,408,687,404,1008,889,670,978,1120,177,688,1418,534,1019,370,581,1172,915,1203,762,1188,1328,1037,1428,1204,1025,1394,629,1198,1044,1340,347,637,540,1432,186,1048,580,783,619,2081,1205,407,1522,1141,676,1548,1301,1122,1021,767,1279,1047,1294,1044,866,1082,1267,767,880,774,1170,429,952,1021,1401,379,656,826,497,1070,743,640,1011,1117,1209,599,1212,1036,742,566,1120,1065,1472,1251,1110,813,229,1579,831,1203,1532,951,1182,969,873,579,1307,505,741,1443,765,826,1158,1137,1015,573,694,936,460,1097,1010,1526,0,953,624,1130,1002,633,1231,1008,1476,1296,624,847,852,368,1362,518,1124,1571,767,399,1133,1030,1459,1177,1251,1612,1224,669,755,868,1610,1421,631,1573,1264,1350,738,1217,986,1436,441,567,1224,752,1212,1391,606,937,464,387,720,470,1213,1322,908,1604,1096,1332
231,1180,599,1076,1281,1485,1134,988,402,887,807,1259,931,857,738,1105,1133,786,1227,130,976,1173,1062,645,507,527,1532,457,291,572,837,1169,1024,701,431,933,807,989,1209,528,617,428,1107,919,837,809,895,647,1528,1022,837,456,859,602,1095,894,920,684,1242,337,1057,1256,1083,1118,945,925,1085,545,236,837,374,420,831,437,767,889,1284,704,237,1243,802,872,994,718,528,427,868,587,693,1064,1388,694,358,761,635,1346,559,1173,355,1616,1116,368,1169,541,920,1094,683,535,440,1508,618,725,1019,1173,800,1144,556,1270,995,1495,576,784,961,538,1127,987,698,547,352,384,929,417,679,384,885,738,913,384,513,392,837,1034,946,352,1101,876,1107,1312,502,731,336,1016,794,1023,1076,975,549,375,69,542,587,396,1185,1479,1206,408,980,804,620,591,1184,284,657,988,512,584,699,645,1323,1074,713,1203,1656,1232,412,627,1207,992,1213,742,406,965,1013,0,220,873,332,957,897,339,803,956,220,1026,184,971,1012,697,1094,1058,384,1003,1229,1000,1153,1106,1169,837,869,262,1337,198,1028,1044,223,991,1432,1066,331,881,246,1043,1451,572,888,1125,877,1056,539,427,945,740,1101,1169,1381,1037,927,829,492,1195
635,1260,692,1183,1817,1597,1248,1251,620,1250,1375,1646,1498,1208,845,1232,1241,890,1731,539,1078,1254,1171,1208,604,914,1644,853,694,970,1400,1263,1141,1264,546,1037,893,1223,1337,644,708,835,1231,1021,1400,877,997,767,1640,1116,1400,573,1105,929,1205,956,1024,799,1347,732,1001,1798,1639,1462,1049,1024,1213,942,913,1400,135,817,958,552,875,994,1320,805,644,1371,865,934,1122,1115,625,834,1114,914,819,1181,1423,809,753,824,752,1458,964,1408,470,1731,1333,772,1263,938,1030,1607,800,932,836,1620,738,833,1131,1267,927,1674,815,1375,1112,1822,974,847,1528,937,1251,1554,1092,893,756,500,1033,817,1242,777,990,1136,1475,500,628,508,1231,978,1055,756,1614,1100,1231,1417,619,1141,451,1133,1217,1133,1456,1091,946,770,477,801,914,800,1691,1594,1735,523,1109,1367,721,1102,1730,686,1035,1095,609,701,1260,765,1448,1228,821,1299,1771,1766,807,744,1323,1101,1349,1067,802,1532,1140,694,0,795,726,1070,997,743,1440,1056,13,1135,587,1100,1116,812,1328,1625,500,1130,1771,1234,1672,1186,1714,1400,1232,378,1462,604,1595,1143,340,1558,1544,1137,446,981,720,1400,1569,689,988,1230,977,1585,655,540,1057,853,1221,1297,1493,1108,1033,1392,888,1582
678,1454,92,964,1685,1785,1249,1388,355,1290,1228,1763,1350,1290,846,1369,1535,928,1613,723,525,1575,1048,1063,399,688,1826,863,840,1020,1255,481,1261,1119,217,810,746,1409,1314,106,648,877,1370,555,1255,530,589,1094,1818,349,1255,581,1150,772,876,805,774,916,1469,775,1115,1660,1536,1463,799,500,1302,992,543,1255,486,827,1098,600,876,995,1630,806,686,1348,978,783,1292,1154,420,876,1159,757,1158,1184,1731,926,796,936,840,1637,1007,1557,290,1961,1438,815,481,988,833,1499,883,830,846,1799,1186,834,1176,485,1102,1821,1005,1497,1232,1926,1012,959,1380,947,1390,1406,1102,789,799,754,783,836,1097,821,991,1175,1375,754,486,761,1270,1092,1056,799,1506,1212,1370,1538,738,1110,270,1253,1230,804,1634,1210,996,884,520,991,757,843,1576,1773,1882,337,1294,1222,531,1141,1593,729,1074,890,404,820,1118,1092,1379,489,822,933,1930,1909,817,862,1443,978,1506,533,812,1384,1282,840,427,0,816,1071,526,786,1215,503,427,1012,630,1142,731,929,1517,1476,754,1107,1905,1420,1563,1376,1575,1255,1272,301,1393,646,1446,618,333,1409,1720,563,264,573,763,1438,1747,808,582,1234,571,1450,708,551,1102,948,1342,1274,1669,666,931,1247,898,1719
368,1608,700,1485,1182,1445,1441,1132,799,759,705,1316,828,774,1061,1049,1032,1024,1125,449,1115,1067,1472,543,741,255,1742,560,266,318,735,1082,1369,599,765,1105,1184,912,1469,715,1001,569,1463,1110,735,1116,1168,896,1488,936,735,798,1004,370,1495,1176,1092,1022,1555,81,1192,1161,1014,1676,1118,1023,1345,269,298,735,529,570,1088,625,1090,1303,1293,1026,426,1503,1055,1154,1251,635,762,568,1013,355,948,1392,1396,1032,61,1013,1053,1306,496,1057,726,1445,1306,304,1082,265,1326,993,1024,229,590,1468,867,1047,1259,1086,1058,1310,814,1583,1340,1776,322,1036,858,472,1483,884,847,29,288,630,1102,21,577,59,1299,656,845,630,701,638,754,1169,1355,288,1000,1290,1463,1625,842,667,746,1361,711,1426,1134,1318,273,77,379,800,355,293,1084,1515,1372,759,1244,702,1037,611,1084,252,537,1397,746,925,606,894,1569,1082,1036,1516,1420,1393,562,968,1601,1402,1430,922,556,862,1187,265,375,908,0,1280,1083,275,958,1091,375,1436,312,1234,1185,1035,1017,955,630,1264,1395,923,1052,1408,1073,735,741,617,1583,387,925,1142,579,888,1392,1154,686,1152,296,916,1755,913,1159,1447,1148,957,879,768,1185,981,1451,1429,1341,1309,1337,727,592,1241
1400,1574,1398,717,2042,1529,169,1897,1301,1666,1971,1852,1924,1431,615,1085,1857,674,1943,1303,1265,1896,774,1800,1253,1683,1506,1621,1452,1742,1992,1314,391,1857,1304,1720,762,1438,807,1412,744,1135,1087,1130,1992,965,1122,860,1572,1330,1992,883,1399,1709,826,609,1726,410,880,1505,768,1818,1866,506,1720,1407,795,1720,1569,1992,1072,1583,809,1184,573,528,1641,476,1412,841,688,587,858,1473,1274,1132,1408,1694,868,322,1742,622,1526,647,786,1385,1380,1629,1228,1406,1653,1536,1314,1716,749,1824,829,1710,1604,1552,841,780,598,1318,812,1272,1043,908,768,2474,1745,684,1952,1689,1105,1978,1860,1659,1521,983,1701,1580,1835,1557,524,1502,1699,983,1271,990,1589,745,745,1520,1831,560,1085,823,772,1490,1209,365,1438,851,1656,604,1724,1543,1246,1029,1694,1566,1908,1433,1334,1271,857,1959,892,1621,1963,1454,1600,631,1258,540,1851,952,872,1104,649,487,1382,1353,1575,792,753,729,1059,1669,1570,1956,991,1452,1012,1261,1482,0,1106,1506,1911,1241,1012,626,1355,727,1632,436,1544,2000,983,760,1357,1447,1888,1497,1944,1992,1646,1058,886,1372,2037,1524,1019,2000,1476,1010,1204,1106,1488,1875,1160,588,1084,391,1072,1818,834,993,522,756,873,767,1425,981,573,1983,1656,1785
931,1668,761,609,1943,1993,975,1669,634,1555,1508,1839,1629,1544,637,1601,1791,755,1974,830,138,1830,692,1342,908,1071,2037,1144,982,1268,1534,550,981,1398,579,935,649,1701,1426,776,505,1130,1621,25,1534,232,56,1325,2031,488,1534,817,1388,1132,526,614,942,778,1520,1029,1351,1931,1803,804,935,625,1414,1241,930,1534,718,1108,1330,874,643,747,1733,691,939,1460,1207,592,1528,1409,929,1129,1397,1117,1389,922,1834,968,1050,1165,893,1849,1259,1818,503,2115,1696,1068,550,1237,797,1760,936,1231,1127,2011,1417,887,1018,554,1333,2063,1209,1548,1147,2166,1272,1189,1659,1224,1640,1685,1384,1168,1052,997,917,1108,1376,1076,743,1431,1633,997,995,1004,1524,1328,643,1052,1767,990,1620,1427,971,1435,484,955,1487,449,1646,1126,1245,1067,772,1195,1118,1096,1848,1993,2124,549,1529,1501,638,1402,1858,982,1335,533,913,954,1388,1323,1491,231,808,586,2171,2149,1098,1100,1357,622,1746,849,1093,1663,1515,982,675,613,1021,808,0,1039,1482,116,675,656,883,1384,852,971,1807,1754,997,1343,2146,1712,1824,1593,1842,1534,1537,514,1505,899,1725,745,545,1688,1935,179,479,40,1017,1712,1798,1042,77,972,66,1714,944,786,944,1179,1256,1386,1884,198,585,1526,1179,1774
106,1190,683,1249,1281,1378,1303,1266,604,599,818,1371,942,578,918,1021,1089,970,1182,346,1191,1129,1238,656,693,427,1718,755,375,430,848,1081,1230,712,639,1138,990,677,1410,719,808,324,1434,1129,848,977,1107,840,1421,935,848,652,937,501,1319,1029,1125,886,1433,173,1082,1258,774,1317,1151,1121,1286,403,447,848,474,705,1031,649,948,1063,1048,878,222,1444,945,1007,1195,436,714,323,946,486,892,1269,1153,896,194,903,838,1239,238,860,561,1417,1065,233,1081,399,1141,1050,885,393,724,1401,811,905,1204,1085,1000,1282,456,1461,1201,1706,433,926,972,667,1454,998,980,403,217,574,1135,331,690,229,1059,459,597,574,732,582,558,1059,1122,60,1057,1179,1434,1502,705,427,542,1222,514,1245,1232,1179,407,211,274,442,486,89,1141,1490,1344,614,1278,815,842,270,1186,123,510,1162,698,787,707,838,1515,1324,894,1374,1392,1365,695,829,1411,1168,1402,953,690,976,1159,375,427,785,240,1142,1105,0,787,1167,427,1202,108,1175,1218,899,782,1069,574,1205,1367,688,1109,1116,1171,848,581,469,1529,183,1039,1239,431,1002,1325,1232,537,1091,92,746,1727,775,1098,1306,1087,1057,741,622,1130,926,1310,1370,1274,1204,1103,840,787,1254
906,1206,1159,1904,749,1781,1864,1423,1242,62,754,825,555,413,1498,1409,608,1408,772,731,1562,637,1890,592,1038,552,2106,671,842,334,784,1540,1818,648,1228,1228,1641,677,1800,1174,1439,1118,1827,1569,784,1577,1627,1308,1814,1406,784,1224,1336,683,2112,1615,1215,1458,2001,697,1748,772,864,1957,1241,1424,1788,298,766,784,883,862,1424,750,1533,1720,1064,1462,1054,1834,1463,1593,1685,389,1059,1117,1345,668,1378,1801,1169,1468,600,1423,1491,1633,546,625,1193,1818,1020,796,1540,294,1763,555,1471,393,715,1795,1279,1485,1670,1544,1486,1674,1233,2029,1789,1605,349,1448,585,583,1847,611,1137,541,832,1053,1225,584,626,592,1716,412,879,1053,835,1060,511,1725,1774,808,562,1701,1827,2072,1282,458,1126,1810,319,1863,745,1772,302,664,833,1219,668,921,646,1884,1735,1196,1682,751,1479,452,632,1015,431,1810,1043,1365,552,1306,2003,1526,1481,1915,1783,1767,852,1415,2048,1820,1807,1043,847,589,1547,842,825,1368,577,1698,1539,819,0,1534,825,1854,940,1662,1308,1470,782,682,1053,1694,1758,688,610,1127,647,784,83,1053,2017,1014,652,1358,1014,615,1719,1600,1121,1609,924,22,2123,1353,1615,1858,1604,509,1321,1197,1596,1392,1900,1760,1668,1710,1755,776,703,781
938,1678,775,502,1948,2002,880,1679,831,1567,1517,1848,1638,1555,528,1360,1798,662,1981,839,21,1837,585,1351,920,1089,2223,1154,992,1278,1543,571,889,1407,698,956,478,1543,1260,790,485,1139,1361,275,1543,192,263,1140,2041,509,1543,753,1397,1154,413,501,963,664,1414,1038,1063,1937,1649,704,956,646,1248,1251,948,1543,728,1117,1089,884,530,635,1743,576,948,1294,969,479,1281,1420,941,1138,1406,1139,1149,831,1844,804,1059,927,729,1859,1268,1735,698,1953,1706,1077,571,1247,631,1767,772,1241,1137,2021,1121,723,924,575,1093,1813,1219,1442,1050,2174,1282,965,1668,1233,1381,1694,1394,1185,1061,1005,937,1116,1385,1086,631,1442,1483,1005,970,1012,1535,1040,536,1061,1774,896,1361,1331,946,1280,679,863,1498,338,1654,1030,1255,1076,781,1205,1139,1105,1855,2002,1874,740,1282,1510,552,1414,1865,991,1347,426,925,790,1397,1259,1325,349,507,473,1922,1901,1108,824,1261,515,1497,867,1103,1672,1273,992,685,630,1029,713,261,1048,1491,0,683,549,890,1088,872,720,1650,1760,1003,1055,1897,1554,1829,1601,1846,1541,1547,728,1339,906,1731,765,690,1694,1943,65,672,257,1024,1722,1691,931,212,874,207,1719,633,720,850,1114,1157,1220,1892,227,478,1533,1187,1781
641,1266,699,1183,1680,1603,1251,1257,627,1256,1224,1652,1346,1214,848,1237,1247,903,1737,545,1087,1260,1174,1059,610,918,1650,860,700,977,1251,1271,1148,1115,552,1042,901,1229,1343,650,716,841,1236,1027,1251,885,1003,773,1646,1137,1251,575,1111,933,1213,959,1029,805,1353,738,1007,1656,1647,1465,1054,1029,1219,949,919,1251,135,824,964,558,878,997,1325,808,650,1377,871,937,1128,1121,631,840,1120,918,825,1187,1428,815,759,830,758,1464,970,1414,476,1737,1339,778,1271,945,1038,1610,806,939,843,1626,744,836,1137,1275,933,1680,821,1381,1119,1828,981,853,1376,943,1256,1402,1099,899,762,506,1038,823,1093,784,993,1142,1481,506,634,514,1237,984,1058,762,1617,1106,1236,1423,625,1147,457,1140,1223,1141,1461,1097,953,776,483,807,918,806,1697,1600,1741,529,1115,1218,730,1108,1589,692,1041,1098,615,707,1267,771,1454,1236,824,1302,1777,1773,814,750,1329,1104,1355,1079,809,1380,1146,700,13,801,732,1073,1003,749,1444,1063,0,1138,593,1108,1121,818,1334,1473,506,1138,1777,1240,1675,1192,1570,1251,1238,384,1468,610,1443,1148,346,1406,1550,1145,452,987,726,1404,1575,695,994,1236,983,1444,661,546,1063,859,1228,1303,1499,1116,1039,1243,895,1588
1431,1717,1223,431,2219,1910,727,2180,1335,1546,1911,1958,1994,1496,537,1186,1939,798,2033,1337,980,1978,90,1837,1362,1551,2059,1657,1488,1770,2029,1032,669,1894,1271,1431,761,1521,1109,1237,981,1211,1185,850,2029,808,840,963,1940,969,2029,880,1516,1741,422,604,1437,559,1185,1535,885,1923,1946,119,1431,1119,1097,1748,1406,2029,1247,1619,912,1397,568,228,1782,625,1446,1143,792,582,1158,1361,1383,1210,1526,1726,970,609,1883,771,1556,750,745,1750,1279,1713,1195,1766,1794,1566,1032,1744,744,1907,824,1738,1640,1919,943,775,743,1036,914,1625,1144,1213,829,2682,1771,788,2024,1725,1204,2050,1896,1686,1551,1122,1412,1610,1872,1587,224,1384,1781,1122,1477,1129,1476,862,48,1320,1914,712,1184,1110,917,1289,1176,643,1440,648,1761,810,1752,1573,1280,1130,1726,1596,1993,1833,1686,1239,1164,1996,888,1494,2152,1484,1472,253,1367,690,1888,1025,1174,821,647,482,1734,1715,1611,935,1040,62,1297,1328,1606,2028,1093,1488,1186,1077,1512,561,826,1537,1736,958,1186,0,1386,909,1344,586,1628,2121,1122,877,1709,1531,1973,1645,1822,2029,1528,1231,1188,1406,2091,1237,1192,2054,1843,727,1171,824,1519,1696,1459,738,802,910,790,2002,829,989,669,836,934,1069,1792,698,221,2021,1692,1891
97,1276,653,1217,1315,1362,1281,1156,563,733,849,1457,973,709,882,961,1170,931,1263,305,1152,1210,1208,687,656,459,1661,631,367,460,879,1341,1192,743,599,1096,952,823,1371,678,767,372,1369,1090,879,937,1068,801,1405,1206,879,613,921,498,1280,993,1083,848,1389,208,1041,1292,915,1502,1109,1081,1247,433,411,879,449,594,992,615,912,1031,1182,842,181,1405,904,971,1156,567,677,371,930,483,853,1231,1285,858,229,863,800,1223,408,1011,523,1359,1197,208,1341,429,1101,1131,847,459,614,1385,772,869,1165,1345,961,1224,500,1417,1163,1665,464,886,1003,698,1389,1029,871,435,192,535,1093,328,721,264,1027,591,748,535,691,543,689,1018,1092,192,1138,1139,1369,1459,667,579,504,1184,646,1204,1266,1141,437,246,188,486,483,266,1222,1433,1286,576,1218,846,801,440,1221,155,545,1132,661,749,735,799,1479,1285,858,1336,1334,1306,586,791,1373,1138,1337,912,580,1007,1099,367,390,755,237,1103,1066,179,844,1128,390,1172,0,1136,1176,861,928,1100,535,1166,1309,834,1190,1202,1205,879,715,431,1493,142,1070,1200,393,1033,1309,1194,499,1052,93,884,1659,737,1059,1268,1048,1090,704,584,1091,887,1272,1331,1258,1165,1073,871,666,1335
869,1188,920,950,1570,1005,845,1446,1050,1190,1408,1339,1441,951,846,538,1379,530,1459,693,1203,1419,854,1203,802,1064,1207,1008,900,1182,1561,1307,537,1259,778,1222,762,968,229,1160,752,610,605,1141,1561,1027,1119,291,1050,1172,1561,446,911,1079,945,591,1209,373,440,945,98,1313,1380,625,1235,1233,217,1155,1118,1561,615,972,240,732,555,763,1253,439,855,263,307,569,314,943,823,609,920,1064,186,533,1357,409,973,257,485,857,832,1152,701,876,1267,952,1321,1152,938,1265,535,1146,981,1018,269,507,418,1311,295,754,514,467,467,1993,1176,296,1393,1070,578,1497,1248,1068,937,589,1193,1008,1237,998,736,951,1214,589,820,575,1065,78,827,936,1350,252,558,541,369,965,691,535,891,1018,1151,451,1160,990,716,500,1010,1037,1323,979,817,757,336,1444,736,1013,1436,905,1002,830,808,451,1259,446,297,1299,633,793,869,808,949,479,510,811,542,1031,944,1397,438,926,578,1003,955,521,1068,923,1317,1133,578,722,822,0,1271,411,1006,1450,567,94,843,912,1317,1159,1389,1477,1053,622,311,842,1482,1333,579,1445,942,1226,686,1057,956,1278,705,439,1047,626,1036,1290,496,801,256,339,460,194,891,1179,770,1469,1034,1292
1200,1689,667,1215,1580,1977,1559,1188,930,1396,1145,1687,1270,1522,1240,1709,1173,1319,1500,938,779,1187,1297,981,715,934,2066,785,1095,926,1173,726,1559,1037,722,45,1253,1650,1891,682,1069,1398,1769,809,1173,940,858,1253,2015,657,1173,1141,1541,925,1135,1235,125,1394,1912,1165,1561,1565,1836,1384,142,412,1767,1040,721,1173,844,746,1363,521,1264,1270,2029,1308,1207,1928,1403,1213,1609,1397,736,1397,1551,910,1328,1487,2130,1523,1078,1364,1409,1860,1438,1478,687,2107,1867,1329,726,1036,1406,1413,1448,979,768,2002,1224,1403,1649,730,1411,2084,1221,1940,1775,1726,927,1389,1300,858,1789,1326,1021,1003,1242,999,149,1061,1015,1070,1266,1364,1844,999,742,1006,1501,1533,1248,1241,1420,1642,1769,2010,1330,1394,707,1527,1420,1051,1540,1743,1044,1115,1049,1207,910,1248,1464,2065,1920,808,1602,1140,1158,1369,1521,1207,1306,1141,720,1413,1045,1251,1918,773,1420,1190,2147,1917,736,1473,1898,1227,1878,383,731,1304,1633,1095,786,770,1066,1386,747,1228,1121,758,786,1261,1153,1601,0,1524,1755,1396,999,1638,2147,1660,1470,1620,1469,1173,1379,777,1932,1173,1366,327,804,1329,1926,812,711,842,1251,1135,2008,1401,840,1552,829,1370,1284,1143,1577,1362,1889,1853,1875,936,1201,1165,820,1642
934,1339,923,655,1822,1672,726,1518,872,1516,1511,1739,1635,1210,354,993,1636,428,1694,835,816,1678,623,1345,870,1233,1525,1147,985,1242,1538,1112,557,1401,840,1259,413,1227,850,938,371,969,1032,758,1538,556,737,778,1699,937,1538,350,1242,1179,793,424,1246,274,918,1012,735,1685,1759,667,1270,1179,838,1219,994,1538,681,1107,727,806,316,457,1404,213,935,887,614,402,881,1382,891,968,1251,1164,792,585,1503,281,1033,578,161,1525,1192,1414,768,1533,1412,1012,1112,1215,610,1597,365,1209,1130,1684,768,231,498,1116,677,1428,880,946,521,2056,1240,615,1665,1218,1052,1691,1383,1223,997,597,1257,1146,1379,1060,453,1275,1537,597,901,605,1386,707,529,996,1604,481,1032,820,83,1291,750,548,1219,710,1525,495,1223,1050,776,866,1164,1097,1658,1614,1491,818,892,1505,447,1354,1771,965,1292,546,875,47,1519,717,915,922,274,828,1543,1479,1098,313,753,553,1122,1095,1093,1669,912,985,638,808,1031,551,734,983,1478,795,638,593,882,744,1335,0,1332,1779,597,722,1517,1238,1654,1269,1717,1538,1498,683,929,902,1729,1294,641,1692,1608,847,745,721,1016,1653,1181,95,711,661,701,1614,297,576,422,545,625,812,1559,800,488,1535,1187,1666
830,805,1248,1646,912,1504,1727,1668,1348,509,775,979,782,274,2017,994,734,1569,789,888,1641,772,1616,825,1292,618,1663,971,907,654,919,1660,1695,881,1296,1472,1832,234,1712,1262,1615,999,1429,1662,919,1642,1709,1542,1542,1509,919,1287,1225,939,1874,1714,1459,1497,1785,648,1522,656,417,1730,1484,1548,1588,631,820,919,942,1106,1364,1056,1678,1456,622,1561,970,1749,1437,1692,1517,487,1313,998,1234,924,1209,1731,723,1541,598,1398,1620,1369,503,493,1264,1377,635,720,1660,627,1897,684,1662,655,1015,1529,1405,1625,1469,1664,1234,1274,910,1813,1659,1802,651,1435,812,883,1449,838,1382,600,784,1095,1471,646,859,603,1452,303,441,1095,1142,1102,417,1494,1500,732,691,1390,1429,1886,1487,313,1190,1686,286,1815,873,1637,635,615,1015,896,924,845,750,1463,1337,1256,1243,886,1662,409,846,939,399,1542,1297,1570,891,1521,1826,1718,1523,1878,1389,1324,1097,1606,1676,1546,1368,1310,1092,816,1145,907,884,1466,637,1555,1634,770,791,1614,884,1581,864,1422,1549,1530,0,881,1095,1460,1363,155,736,738,803,919,491,1122,1840,937,901,1614,1079,864,1453,1679,1185,1693,848,752,1641,1558,1683,1725,1674,710,1352,1293,1398,1443,1639,1674,1402,1858,1481,911,1002,878
1296,1485,1621,2425,1252,2321,2586,1169,1724,770,371,741,284,1012,1992,1878,231,1823,550,1186,2020,213,2396,483,1515,1005,2399,1123,1294,788,741,2028,2576,511,1675,1629,2063,1190,2610,1636,1997,1801,2326,2051,741,2012,2074,1732,2364,1881,741,1685,1884,1146,2678,2071,1616,1944,2728,1138,2410,1150,1372,2441,1642,1845,2485,755,1211,741,1328,1265,2242,1216,1974,2236,1357,1911,1433,2647,2329,2049,2317,990,1536,1800,1893,1131,2091,2606,1421,1954,1088,2288,1954,2203,1133,901,1645,2282,1247,1197,2025,751,2289,323,1959,840,1167,2344,1703,1948,2357,2029,2117,2168,1759,2633,2540,1103,807,1853,314,1035,2346,340,992,1002,1249,1482,1629,1055,466,1093,2232,960,1386,1482,1302,1488,1098,2381,2280,1209,225,2277,2326,2825,1761,1300,1578,2567,1111,2379,1124,2514,759,1105,1299,1745,1131,1312,630,2345,2231,1647,2164,708,1786,1039,955,1409,1029,2318,1520,1844,713,1730,2616,2000,1927,2729,2283,2230,1257,1901,2669,2325,2162,1469,1252,318,2029,1294,1277,1836,1043,2436,2023,1235,737,1991,1277,2359,1331,2318,1373,1955,1295,0,1482,2348,2257,1091,698,1412,914,741,809,1510,2630,1400,315,1760,1466,277,2268,2058,1573,2058,1315,751,2463,1832,2046,2589,2033,982,1748,1689,2284,1839,2648,2572,2217,2229,2260,733,1155,772
678,984,753,1112,1515,1439,1021,1261,690,1097,1404,1381,1380,898,869,772,1329,462,1369,591,1172,1372,1144,1237,614,991,1598,902,744,990,1430,1327,964,1294,594,1005,802,917,939,745,771,628,812,1107,1430,997,1088,280,1477,1175,1430,441,932,924,1032,884,992,591,916,760,625,1334,1438,1013,1016,1017,816,966,926,1431,436,863,293,569,848,977,1061,710,685,976,433,862,667,953,635,627,941,909,390,993,1163,617,782,397,471,1303,857,1107,522,1313,1073,761,1327,963,860,1282,521,957,885,1464,251,543,664,1331,474,1210,539,944,928,1797,989,421,1410,975,832,1436,1138,1009,746,78,1003,901,1273,807,973,967,1223,78,647,6,1081,597,1028,745,1289,666,812,1019,405,981,503,955,907,948,1172,902,971,799,527,525,909,846,1335,1399,1273,569,638,1398,729,1038,1453,714,1028,1038,619,487,1271,278,983,1350,668,1174,1325,1258,853,465,920,1074,908,841,848,1414,696,744,389,859,780,836,1083,732,1340,1148,389,1126,631,648,1081,609,1022,1467,0,692,1299,928,1334,914,1233,1431,1079,435,997,651,1499,1134,392,1462,1388,1276,498,1072,765,1302,1088,475,1062,1005,1051,1320,584,654,594,373,938,901,1337,1230,1009,1423,937,1309
804,1174,891,982,1460,994,741,1405,825,1031,1294,1331,1324,843,980,492,1273,595,1321,656,1213,1315,925,1160,750,1056,1176,962,864,1117,1439,1385,611,1216,734,1145,827,862,450,824,877,564,519,1148,1439,976,1129,250,1028,1236,1439,519,879,990,970,654,1132,436,672,889,409,1288,1383,686,1157,1164,302,1094,1068,1439,576,923,199,693,618,792,1246,502,812,487,358,632,319,886,771,563,888,975,125,765,1348,479,910,322,548,847,792,1052,661,857,1256,889,1385,1090,971,1226,598,1084,945,1013,324,570,407,1389,275,749,475,700,690,1944,1104,359,1354,1034,539,1380,1198,1051,874,659,1144,972,1194,935,788,912,1168,659,788,667,1026,381,896,873,1233,324,519,775,432,926,642,602,852,1060,1125,674,1098,927,655,461,975,974,1288,976,812,708,331,1406,802,973,1397,842,962,883,755,514,1223,395,641,1351,692,843,864,803,913,542,700,880,537,982,908,1358,387,864,529,1069,919,568,1124,860,1281,1189,529,791,757,304,1220,472,965,1408,657,0,837,871,1276,1102,1348,1437,1011,571,654,777,1441,1277,528,1404,936,1275,635,1111,891,1240,754,500,1100,674,1089,1250,559,864,329,289,682,411,885,1228,821,1429,995,1258
1126,944,1823,1985,1236,764,1787,1806,1761,1110,1357,1160,1183,1127,2074,1053,1046,1580,1202,976,2152,1078,1959,1381,1689,1374,831,1283,1184,1329,1475,2146,1822,1437,1664,2083,1847,1249,1470,1748,1874,900,1245,2163,1475,2109,2146,1382,798,2003,1475,1511,689,1320,2232,1772,2070,1557,1449,1211,1661,1120,1364,1792,2093,2101,1418,1303,1081,1475,1513,1243,1423,1640,1760,1796,1036,1620,1133,1398,1497,1750,1371,1227,1710,899,698,1305,1268,1830,1472,1601,1232,1458,1595,637,1130,1017,1595,890,1005,1209,2146,1299,1908,1085,1589,1378,1266,783,1329,1600,1530,2150,1293,869,811,1370,1739,2132,1350,1495,1213,1351,1265,1239,1518,1374,1194,1567,2080,1288,1415,1262,1792,1116,1499,1567,1726,1573,1414,1633,1843,1193,1047,1450,1245,1566,1462,1315,1578,1813,1226,1989,957,1736,1307,1249,974,797,1305,1293,1379,822,1013,1647,1346,1442,1792,1316,1182,1163,1308,1876,1694,1545,1447,1361,1360,2365,1715,1935,930,1053,1234,1533,1794,1889,1222,1927,1229,1217,1204,1184,1464,1927,1240,1615,2139,1180,1136,2123,1464,1921,1079,1562,2158,1590,1735,1179,1567,1599,0,1206,1162,871,1007,1475,1110,1510,1374,1099,1301,2217,1466,1264,707,2286,1573,2130,1213,1095,1205,1533,2118,1788,2105,1095,1656,1695,1458,1502,1780,1468,656,2239,1824,1467,1318,1091
1021,790,1456,1600,987,1545,1670,1897,1466,725,858,1056,862,259,1966,944,811,1515,866,1095,1855,850,1570,907,1501,830,1613,1185,1120,870,1001,1865,1641,963,1488,1692,1820,9,1659,1470,1730,949,1379,1872,1001,1963,1903,1492,1583,1713,1001,1532,1107,1155,1825,1660,1679,1442,1728,861,1468,516,281,1674,1705,1756,1535,846,1036,1001,1161,1332,1315,1283,1624,1410,482,1506,1074,1696,1385,1638,1465,692,1522,948,1116,1140,1159,1676,583,1488,811,1346,1567,1426,858,137,1415,1328,496,932,1865,842,1849,764,1609,836,1229,1570,1355,1572,1414,1869,1183,1225,860,1756,1605,1888,868,1383,892,1097,1399,918,1610,814,1129,1411,1692,863,941,816,1406,522,278,1411,1366,1417,641,1440,1454,903,771,1335,1379,1829,1434,537,1397,1632,361,1763,948,1582,850,828,1124,846,1140,948,826,1414,1288,1469,1193,968,1780,624,586,1021,614,1495,1506,1517,973,1471,1774,1839,1687,1826,1340,1273,1326,1553,1622,1500,1316,1534,1321,896,1095,1120,1100,1668,853,1498,1844,1115,869,1826,1100,1535,967,1368,1770,1475,122,959,1410,1406,1314,0,816,600,878,1001,707,1329,1788,1040,981,1825,1285,944,1494,1895,1392,1887,951,830,1588,1505,1876,1669,1865,502,1571,1502,1343,1393,1585,1621,1443,1851,1435,993,1217,964
1403,1146,1831,2397,762,1815,2325,1136,1940,777,684,427,479,769,2616,1622,379,1985,235,1374,2232,411,2368,828,1741,1212,1885,1330,1510,997,922,2232,2323,884,1886,1353,2415,947,2357,1843,2214,1351,1684,2242,922,2210,2270,1821,1841,2085,922,1888,1367,1355,2646,2310,1823,2132,2558,1254,2156,665,1129,2409,1849,2049,2232,959,1416,922,1534,1477,1989,1444,2200,2204,829,2198,1540,2394,2077,2288,2157,958,1759,1350,1376,1340,1836,2352,1083,2178,1204,2033,2028,1683,1102,654,1855,1936,908,1307,2229,955,2282,381,2021,1046,1371,1827,1768,2033,2103,2233,1863,1917,1262,2418,2286,1354,1010,2072,509,1239,1704,535,959,1209,1360,1691,1836,1262,862,1209,2200,778,1147,1691,1525,1698,1158,2127,2249,1319,643,2024,1684,2655,1896,1058,1784,2313,865,2584,639,2260,963,1221,1505,1248,1340,1417,24,1877,2008,1852,1886,889,2005,1006,559,1516,996,2285,1741,1979,894,1800,2454,2211,2154,2473,1976,2108,1469,1965,2416,2292,2019,1677,1464,513,1770,1505,1483,2042,1248,2171,2213,1344,791,2201,1483,2326,1436,2054,1334,2163,1050,520,1689,2092,1976,844,0,1069,610,922,776,1715,2468,1505,641,1958,1672,604,1751,2264,1777,2252,1420,752,2256,1967,2242,2328,2233,477,1959,1898,2029,2068,2394,2317,1700,2414,2227,914,1357,407
1462,198,1818,2075,907,1494,2095,2273,1796,1089,1214,820,1243,762,1892,1399,1192,1707,866,1419,2219,1234,2046,1265,1843,1197,1575,1549,1496,1236,1359,2219,2095,1322,1789,2074,1974,826,2129,1833,2068,1350,1366,2234,1359,2291,2260,1502,1532,2075,1359,1628,1055,1526,2330,1978,2061,1764,2201,1228,1937,740,511,2141,2084,2102,2004,1213,1406,1359,1524,1711,1534,1682,1887,1887,236,1883,1510,2155,1852,2024,1840,1049,1864,1349,1064,1511,1616,2130,458,1776,1178,1809,1717,1375,1323,972,1720,1629,371,1285,2219,1209,2033,1145,1707,1203,1592,1519,1450,1722,1836,2223,1641,1610,1261,2123,2059,2229,1233,1622,1273,1460,1386,1299,1987,1186,1572,1693,2070,1239,1300,1183,1883,890,656,1693,1763,1700,1004,1908,1931,1297,1152,1797,1366,2344,1583,904,1703,2086,771,2114,578,2037,1217,1195,1421,1247,1511,1389,906,1566,1701,1772,1666,1326,2110,986,802,1466,975,1966,1848,1666,1331,1481,2115,2203,1841,2246,1669,1798,1703,1651,2146,1976,1799,1917,1698,1277,1550,1496,1475,2034,1227,1944,2207,1558,1145,2193,1475,2009,1408,1832,2148,1776,890,1333,1693,1874,1669,837,974,0,680,1359,1071,1636,2129,1477,1361,2217,1593,1324,1443,2547,1698,2244,1392,1104,1959,1654,2236,2103,2227,797,1777,1817,1763,1545,2169,2091,1392,2500,1911,1351,1581,757
1406,797,1828,2395,302,1923,2325,1479,1938,774,1016,363,917,767,2616,1622,722,2175,371,1372,2227,753,2366,1036,1739,1210,2005,1328,1505,995,1130,2229,2323,1092,1886,1837,2416,948,2358,1843,2215,1457,1793,2242,1130,2210,2270,1930,1959,2085,1130,1888,1475,1356,2649,2347,1824,2133,2559,1256,2157,339,942,2412,1850,2047,2233,960,1416,1130,1534,1478,1990,1445,2200,2207,705,2199,1541,2395,2078,2325,2158,959,1760,1456,1484,1341,1837,2353,770,2179,1206,2034,2253,1800,1104,655,1855,2048,593,1308,2229,956,2476,819,2291,1047,1372,1944,2031,2258,2104,2233,1864,2025,1368,2539,2287,1802,1011,2073,947,1240,1813,973,1756,1210,1362,1691,1837,1263,1070,1211,2203,779,1148,1691,1526,1698,1159,2128,2252,1320,826,2025,1793,2656,2121,1059,1784,2314,866,2587,177,2261,964,1223,1506,1354,1341,1420,411,2003,2120,1854,1889,1097,2007,1010,401,1519,1000,2290,1744,2204,1102,1909,2457,2213,2156,2476,2088,1977,1472,2235,2419,2296,2022,1680,1467,951,1773,1505,1485,2044,1251,2174,2215,1348,794,2201,1485,2330,1439,2057,1915,2166,1053,862,1690,2095,2088,847,479,720,0,1130,780,1717,2471,1508,983,1958,1674,946,1868,2262,1779,2253,1423,755,2298,2192,2243,2331,2234,528,1961,1900,2032,2071,2397,2320,1817,2415,2231,1122,1360,319
1052,1477,1351,2302,1004,1949,2048,1544,1419,639,374,1048,502,881,1720,1536,744,1552,858,909,1745,584,2276,116,1234,729,2191,838,1018,516,0,1758,2004,112,1405,1354,1899,1060,2115,1365,1685,1294,1991,1761,0,1739,1806,1461,1988,1606,0,1400,1506,866,2151,1799,1341,1663,2145,874,1775,991,1237,2319,1366,1583,1990,478,935,0,1060,983,1577,931,1689,2114,1142,1647,1193,2152,1606,1777,1826,855,1255,1293,1516,851,1543,2039,1471,1675,824,1564,1670,1832,999,769,1376,1937,1293,946,1758,474,1980,573,1681,571,882,1975,1432,1664,1856,1762,1627,1825,1641,2173,1968,1547,530,1590,532,750,2011,558,1258,724,1006,1208,1353,773,135,778,2111,824,1258,1208,1020,1215,962,1747,2162,958,580,1841,1991,2245,1483,906,1303,1995,725,2072,965,1946,482,841,1020,1628,851,1067,818,2005,1887,1375,1803,47,1735,907,941,1162,937,2199,1239,1566,52,1459,2125,1732,1644,2201,1939,1885,973,1625,2203,2208,1925,1190,968,536,1687,1018,999,1563,763,1899,1733,992,460,1717,999,2246,1086,1819,1431,1675,1165,630,1208,1860,1913,961,808,1405,895,0,677,1235,2139,1159,600,1495,1192,563,1899,1783,1298,1790,1070,474,2201,1554,1780,2062,1771,798,1470,1408,1783,1564,2078,2077,1848,1960,2143,6,870,956
778,1304,1193,1800,721,1769,1940,1341,1296,26,460,832,551,479,1542,1233,612,1389,772,835,1583,666,1772,339,1239,564,1898,651,855,330,531,1605,1928,395,1244,1176,1781,623,1956,1208,1563,1185,1679,1608,531,1588,1655,1792,1795,1455,531,1237,1646,663,2023,1621,1163,1495,2048,594,1768,711,798,1809,1188,1416,1831,287,767,531,889,778,1603,738,1513,1609,999,1469,918,1993,1681,1599,1673,346,1260,1184,1655,648,1449,1965,1101,1506,544,1639,1488,1616,449,787,1213,1622,1011,668,1605,283,1867,562,1514,385,695,1781,1644,1482,1708,1609,1474,1517,1143,2076,1892,1593,329,1677,581,563,1699,607,1053,546,731,1042,1175,593,373,549,1605,318,824,1042,827,1049,459,1740,1676,680,569,1628,1679,2146,1314,351,1137,1919,372,1971,685,1872,291,561,963,1129,648,793,641,1702,1580,1203,1497,498,1610,355,661,887,346,1692,1244,1397,343,1771,1982,1571,1467,2079,1632,1568,768,1458,1947,1702,1628,1013,763,585,1384,855,831,1412,583,1790,1580,717,95,1558,831,1737,812,1663,1253,1508,728,679,1042,1704,1606,634,614,1114,615,531,0,1069,1996,885,649,1329,1026,612,1705,1620,1132,1639,796,86,1900,1385,1629,1952,1620,524,1299,1242,1636,1692,1898,1918,1654,1804,1637,523,683,788
583,1374,316,1137,1455,1694,1232,1182,254,1150,1014,1557,1139,1163,837,1352,1333,878,1371,318,739,1375,1112,853,721,720,1764,655,634,797,1045,670,1237,909,186,1101,631,1282,1344,360,515,783,1398,681,1045,580,660,927,1720,520,1045,528,1041,700,970,765,1062,903,1437,664,1114,1441,1429,1158,1087,809,1332,870,857,1045,391,615,1088,561,804,945,1514,760,592,1406,973,743,1229,1036,742,782,1050,685,1154,1145,1613,914,672,933,786,1561,847,1471,97,1815,1522,666,670,866,789,1287,825,862,638,1706,898,780,1147,674,1036,1798,917,1465,1201,1669,799,956,1169,731,1418,1195,894,729,651,669,1074,643,887,710,941,1005,1216,669,639,677,1143,1086,996,650,1294,1204,1398,1538,720,1027,77,1228,1059,887,1416,1173,874,696,432,903,685,751,1338,1753,1861,82,1213,1012,543,995,1392,619,934,1036,726,803,915,925,1409,675,759,1372,1855,1857,609,856,1408,1042,1518,850,603,1173,1274,634,344,432,587,1046,657,637,993,718,344,1081,536,1128,1055,916,1389,1265,669,1103,1887,1292,1339,1303,1345,1045,1132,0,1423,559,1235,927,78,1198,1631,772,71,644,669,1007,1700,791,635,1219,626,1247,673,528,1076,943,1311,1331,1580,800,977,1037,690,1528
943,1070,1038,1104,1577,822,917,1604,978,1169,1393,1469,1441,961,1099,619,1382,708,1429,774,1355,1424,1048,1280,908,1174,620,1082,978,1240,1556,1523,596,1336,880,1296,963,980,192,970,1007,694,648,1286,1556,1107,1265,401,892,1375,1556,660,992,1118,1089,771,1283,556,517,1009,455,1420,1496,807,1308,1334,231,1217,1028,1556,735,1042,350,844,735,912,1146,622,931,447,499,749,315,1024,929,693,1001,1103,278,593,1248,622,1030,463,691,685,925,1170,808,704,1158,1008,1523,1213,1073,1343,740,1207,1065,877,477,712,531,1527,425,599,605,422,519,2094,1223,500,1471,1153,668,1497,1318,1164,993,799,1295,1087,1314,1058,908,1029,1285,799,939,806,1144,427,1027,992,1350,444,648,619,574,1044,790,587,970,1162,1262,503,1221,1047,772,591,1103,1093,1393,610,662,858,328,1523,943,1125,1517,961,1117,1002,913,656,1341,533,80,1469,839,961,714,652,1033,684,553,1003,534,1132,1028,1475,319,978,668,1209,1038,822,1262,979,1372,1298,668,954,895,338,1373,594,1036,1524,782,393,705,991,1393,1068,1461,1556,1203,709,0,930,1580,1448,666,1543,878,1409,785,1215,938,1335,307,644,1221,830,1210,1347,695,996,442,416,527,283,827,1368,938,1535,1113,1468
212,1246,542,1137,1436,1400,1168,1225,472,849,936,1506,1072,854,764,950,1301,759,1320,364,1011,1334,1094,779,530,548,1648,666,260,549,975,1235,1055,835,454,1045,853,928,1180,543,696,437,1450,962,975,946,927,646,1424,1083,975,505,947,625,1227,876,1032,737,1248,314,892,1388,1122,1382,1057,905,1069,527,470,975,411,640,827,473,774,928,1385,726,235,1217,757,854,957,709,551,437,958,611,723,1091,1459,748,336,721,685,1275,516,1142,383,1394,1368,319,1235,524,1040,1271,739,518,650,1419,617,786,962,1239,770,1268,573,1276,1019,1707,566,745,1103,750,1471,1129,923,533,302,389,1045,510,813,365,924,683,894,389,555,396,835,869,997,303,1278,993,1451,1318,545,705,365,1046,739,1143,1365,999,532,353,49,559,611,380,1293,1463,1331,433,954,943,726,689,1368,262,614,1023,535,627,818,644,1281,1102,737,1279,1383,1340,635,683,1216,1024,1306,873,629,1107,1082,260,257,667,392,983,938,291,953,988,257,1061,165,930,1113,745,1034,1200,389,884,1357,940,1295,1182,1310,976,832,299,1295,0,1170,1017,254,1133,1343,1223,360,910,207,1040,1628,615,914,1140,903,1203,532,501,894,728,1132,1142,1292,1069,955,968,702,1345
1381,1452,1580,2660,1313,2306,2561,1161,1596,938,414,735,327,982,1843,1822,413,1809,545,1038,2046,427,2611,548,1545,1111,2374,1064,1203,893,811,1968,2498,576,1564,1372,2024,1099,2480,1593,1854,2019,2317,2008,811,1928,1981,2217,2336,1825,811,1575,1863,1246,2882,1963,1442,2341,2691,1229,2307,1168,1255,2577,1459,1670,2367,862,1215,811,1340,1024,2166,1242,1860,2452,1376,1807,1328,2517,2261,1941,2236,1179,1566,2018,1872,1231,2024,2534,1406,2373,1180,2221,1878,2188,1261,874,1492,2476,1227,1286,1968,858,2170,557,1856,948,1047,2329,2211,1872,2270,1972,2043,2147,1974,2549,2462,1088,911,2257,357,1112,2337,383,989,1115,1370,1476,1466,1168,531,1184,2448,1006,1293,1476,1332,1482,1433,2284,2492,1298,397,2215,2317,2755,1659,1328,1474,2489,1080,2264,1145,2442,866,1196,1144,1960,1231,1409,649,2357,2211,1547,2110,778,1888,1167,907,1494,1161,2545,1550,1742,783,2407,2535,2042,1822,2655,2263,2231,1068,1800,2565,2541,2108,1572,1062,361,1955,1203,1289,1785,1156,2411,1980,1356,1004,2016,1289,2578,1428,2228,1352,2357,1204,141,1476,2250,2237,1060,718,1384,1165,811,989,1407,2549,1292,0,1573,1363,320,2253,2090,1469,1965,1412,965,2428,1730,1968,2536,1955,944,1651,1577,2198,2207,2572,2442,2202,2171,2472,803,1099,766
839,1455,416,960,1867,1770,1311,1601,696,1242,1400,1962,1533,1243,977,1467,1736,1052,1774,681,459,1768,1050,1239,453,623,1829,1043,823,1197,1435,423,1312,1295,450,559,979,1375,1570,428,669,1064,1564,520,1435,613,571,1023,1785,334,1435,863,1245,703,868,969,550,1140,1822,833,1437,1835,1532,1118,559,230,1458,915,469,1435,598,1017,1207,782,998,1087,1563,1042,862,1607,1285,947,1336,1097,474,1063,1255,688,1100,1251,1634,1249,775,1247,1240,1636,1121,1538,420,1932,1543,1025,423,911,1140,1711,1285,769,1026,1779,994,1234,1336,427,1149,1910,1019,1850,1519,1794,1201,1273,1562,833,1584,1588,1299,713,912,767,540,762,1272,767,1083,1070,1562,767,497,774,1223,1415,1001,912,1718,1358,1564,1890,1050,1121,441,1284,1124,785,1811,1507,919,810,677,1005,688,916,1744,1799,2004,544,1345,1402,843,1081,1815,875,1013,886,458,1133,1299,1021,1651,487,1170,926,1972,2102,1011,1189,1577,980,1616,388,1005,1566,1391,823,549,467,750,1144,473,899,1405,439,549,1017,791,1318,485,1245,1483,1657,767,1348,1972,1386,1738,1389,1751,1435,1224,514,1665,826,1628,0,540,1591,1703,505,446,552,834,1419,1743,1121,572,1291,563,1640,1002,858,1267,1100,1634,1532,1652,603,933,1427,1078,1925
651,1321,377,1225,1425,1720,1255,1126,300,1196,927,1493,1063,1197,852,1031,1289,924,1308,242,687,1062,1181,770,781,574,1779,564,565,727,966,705,1300,826,228,1199,707,1210,1389,413,550,877,1513,643,966,542,609,949,1735,549,966,601,1019,628,1078,880,1114,905,1539,592,1161,1378,1846,1472,1139,874,1377,846,349,966,433,538,1155,602,862,1016,1457,814,675,1426,1027,858,1282,1051,802,876,1029,613,1207,1177,1530,988,593,989,880,1586,931,1296,138,1882,1439,736,705,842,891,1258,925,723,547,1729,920,874,1208,709,1098,1340,1010,1567,1264,1610,732,1012,1093,650,1533,1119,822,541,720,694,1126,559,803,611,1012,1024,1620,694,684,701,1177,1139,1084,720,1265,1180,1513,1607,786,1120,118,1291,1078,994,1354,1245,850,617,488,996,613,751,1280,1749,1403,183,1295,933,580,1035,1357,617,967,1110,786,869,827,947,1453,784,825,1358,1455,1413,532,926,1424,1111,1564,883,526,1098,1339,565,384,506,508,1070,619,707,943,666,384,1148,603,1197,1113,982,1317,1191,694,1154,1429,1223,1282,1256,1299,966,1178,45,1467,639,1161,988,0,1124,1653,730,112,591,644,957,1689,857,597,1228,588,1192,738,594,1139,1000,1378,1351,1602,751,1042,958,599,1490
1384,1460,1748,2534,1317,2311,2634,1164,1871,781,418,739,331,1061,2077,1896,278,1907,549,1294,2134,260,2484,552,1626,1115,2565,1209,1418,897,815,2132,2571,580,1793,1743,2096,1177,2553,1761,2141,1900,2380,2171,815,2077,2131,1854,2339,1993,815,1805,1867,1249,2766,2192,1730,2070,2765,1233,2380,1172,1336,2529,1756,1936,2440,866,1325,815,1449,1338,2240,1327,2097,2325,1381,2032,1538,2589,2336,2170,2309,1029,1647,1899,1876,1234,2098,2609,1411,2080,1184,2296,2028,2192,1108,955,1762,2353,1232,1290,2132,862,2257,370,2069,952,1253,2333,2285,2102,2345,2136,2117,2218,1855,2617,2535,1091,915,2332,361,1121,2400,387,992,1119,1374,1598,1743,1172,535,1188,2321,1002,1369,1598,1413,1605,1155,2357,2365,1302,272,2290,2380,2825,1884,1405,1694,2562,1159,2707,1149,2517,870,1200,1401,1841,1234,1413,653,2391,2283,1764,2184,782,1936,1014,991,1498,1008,2408,1631,1967,787,2470,2608,2132,2058,2729,2335,2302,1333,2025,2646,2414,2178,1575,1327,365,2029,1418,1398,1955,1160,2484,2143,1360,846,2105,1398,2451,1432,2301,1355,2079,1282,145,1598,2323,2309,1139,722,1392,1169,815,832,1628,2622,1502,114,1842,1585,0,2257,2179,1689,2115,1416,807,2505,1955,2118,2610,2105,1026,1878,1806,2273,1928,2643,2513,2206,2276,2345,807,1241,770
1029,747,1254,1416,1243,186,1436,1719,1189,1038,1336,1160,1179,1068,1185,681,1054,1035,1172,864,1542,1086,1371,1355,1138,1178,486,1163,1067,1295,1449,1547,1407,1411,1094,1510,1307,1117,1128,1182,1289,789,680,1487,1449,1535,1452,816,100,1400,1449,1038,868,1199,1627,1304,1497,1071,1103,1126,1218,1103,811,1445,1522,1535,1020,1275,967,1449,957,1137,848,1061,1192,1206,858,1279,1053,1043,1102,1282,990,1132,1159,788,878,1184,879,1411,926,1084,1147,1064,1018,305,1006,998,1022,502,837,1133,1547,1271,1444,1083,1023,1331,1146,94,764,1023,1093,1551,897,482,700,1027,1310,2119,1318,950,1209,1232,700,1235,1418,1244,1117,1005,1509,1169,1388,1175,1202,1181,937,1005,1158,1011,1295,1196,1250,1117,1043,1060,680,1210,885,1187,1004,1398,1076,1535,959,1316,1279,1164,867,686,1184,1197,1297,460,636,1072,947,1416,1245,1159,1173,1078,1153,1300,1143,968,1421,795,1017,1793,1154,1541,542,676,1131,967,1440,1301,831,1340,1125,1213,812,1067,897,1359,1123,1269,1463,1104,1105,1517,897,1332,981,1129,1577,1079,1182,1190,1005,1163,542,1129,1248,686,993,1449,1083,938,1031,1017,1312,1647,895,1275,0,1702,999,1434,1016,1066,870,956,1439,1411,1428,1090,1090,1127,1025,858,1200,1093,100,1660,1232,1441,1198,1077
963,1687,673,482,1954,1998,884,1616,880,1559,1518,1854,1649,1539,525,1361,1842,598,1871,862,601,1612,567,1358,1004,1154,2198,1162,998,1296,1551,713,884,1414,817,1046,441,1560,1293,878,413,1189,1454,468,1551,265,488,1259,2020,627,1551,715,1402,1197,411,482,1042,649,1439,1060,1072,1940,1758,653,1046,724,1281,1274,1010,1551,758,1136,1092,897,511,632,1869,553,987,1330,963,460,1221,1397,1025,1188,1412,1182,1143,822,1937,804,1081,925,708,1875,1260,1839,747,1986,1848,1067,713,1270,617,1817,753,1264,1145,2014,1136,702,940,717,1033,1850,1244,1469,1079,2168,1310,960,1679,1231,1474,1702,1417,1286,1051,1000,1027,1167,1388,1109,628,1371,1531,1000,996,1006,1519,1050,518,1051,1821,913,1454,1213,929,1324,729,856,1427,297,1681,1072,1278,1098,801,1230,1182,1131,1846,2024,1913,794,1220,1515,528,1398,1918,1012,1335,405,1009,770,1414,1257,1357,468,488,470,1965,1935,1130,817,1146,497,1430,934,1124,1680,1276,998,700,731,1121,711,444,1038,1513,581,700,534,915,1106,963,656,1688,1770,1000,1065,1940,1594,1841,1625,1853,1548,1541,741,1371,951,1741,838,698,1704,1938,0,724,469,958,1748,1738,915,429,860,419,1744,693,710,872,1116,1192,1255,1887,339,453,1540,1197,1810
804,1441,431,1277,1415,1756,1535,937,711,1189,917,1207,1054,1306,1154,1430,901,1225,1024,789,802,914,1480,760,309,690,1815,554,974,717,956,827,1612,816,463,680,1123,1444,1530,443,852,1028,1527,877,956,783,842,984,1771,673,956,898,1385,670,1186,1268,667,1273,1854,907,1468,1369,1602,1759,691,708,1418,836,434,956,563,528,1169,211,1160,1319,1550,1122,827,1567,1316,1246,1296,1160,330,1028,1395,655,1062,1477,1621,1284,838,1278,1179,1622,1196,1286,433,1918,1702,1084,827,832,1277,1248,1224,772,537,1765,955,1173,1298,831,1111,1896,1005,1882,1576,1452,722,1304,1084,640,1547,1110,812,745,987,729,678,802,793,830,1315,1133,1631,729,297,736,1286,1446,1360,987,1255,1551,1527,1922,1084,1184,454,1603,1187,1102,1345,1561,840,873,642,991,655,991,1271,1785,1982,557,1307,923,878,1144,1347,949,1077,1203,314,1167,817,982,1611,823,1122,1244,1958,2088,522,1223,1742,1410,1578,527,516,1088,1353,973,514,643,806,1368,813,973,933,781,514,1442,756,1280,746,1282,1551,1181,729,1310,1958,1454,1272,1375,1289,956,1171,527,1625,791,1151,822,553,1114,1689,845,0,825,799,947,1703,1155,829,1515,818,1182,1037,893,1229,1062,1691,1492,1638,984,1341,948,589,1475
916,1637,736,619,1917,1945,1016,1676,638,1520,1477,1807,1608,1500,666,1473,1801,707,1832,815,98,1564,704,1317,872,1020,2018,1117,951,1249,1510,564,1004,1373,664,915,563,1534,1420,748,449,1141,1572,60,1510,182,18,1294,1967,477,1510,750,1357,1077,556,613,911,777,1538,1013,1194,1899,1830,786,915,590,1408,1227,874,1510,707,1091,1213,846,642,777,1824,686,939,1457,1084,591,1340,1358,893,1140,1367,1062,1265,942,1891,922,1034,1046,824,1818,1213,1801,594,2107,1802,1020,564,1223,727,1776,869,1161,1100,1961,1286,818,1061,568,1154,1962,1194,1566,1200,2118,1263,1163,1638,1229,1592,1664,1372,1110,1004,951,896,1120,1350,1062,773,1332,1608,951,904,957,1480,1172,655,1004,1783,1034,1572,1333,937,1402,576,976,1388,440,1633,1192,1231,1051,754,1180,1062,1084,1809,2130,2025,641,1349,1477,623,1359,1880,965,1291,542,877,888,1370,1292,1484,194,619,615,2077,2046,1085,1077,1266,634,1621,790,1079,1642,1396,951,649,601,1148,831,36,991,1475,78,649,671,868,1228,832,783,1641,1732,951,1187,2051,1545,1803,1575,1815,1510,1502,610,1498,903,1703,700,637,1666,1885,146,571,0,911,1709,1834,1030,67,988,60,1706,730,745,993,1151,1313,1382,1834,161,590,1502,1152,1763
339,1180,657,1249,1547,1338,1282,1160,597,950,1053,1323,1191,951,878,885,1406,874,1423,299,1140,1439,1205,895,661,663,1586,602,364,664,1091,1044,1182,951,586,980,991,902,1311,690,831,294,1376,1089,1091,1075,1056,768,1362,879,1091,627,885,685,1359,990,967,863,1382,433,1015,1500,1095,1500,992,1042,1200,641,406,1091,439,576,957,571,888,1040,1319,840,170,1348,879,968,1088,805,682,293,895,670,852,1218,1388,874,454,843,814,1210,494,1115,515,1328,1297,297,1044,637,1171,1378,868,631,585,1356,739,900,1081,1048,899,1201,429,1410,1146,1646,679,867,1221,688,1396,1247,858,647,280,508,979,437,928,478,1036,779,867,508,653,515,931,993,1108,281,1385,1115,1376,1450,672,682,497,1173,835,1274,1475,1126,645,471,184,415,670,38,1393,1400,1264,565,1136,1058,862,793,1479,387,724,1134,666,755,936,766,1413,1231,851,1379,1316,1274,570,812,1338,1135,1242,807,564,1225,1016,364,390,767,319,1097,1065,269,1067,1117,390,1172,291,1063,1047,871,1007,1319,508,1008,1290,913,1406,1115,1419,1091,932,431,1427,134,1289,1112,388,1252,1280,1351,492,1039,0,1144,1562,743,1044,1250,1033,1306,662,625,1013,846,1259,1273,1229,1198,1066,1083,637,1279
826,1196,1128,1948,755,1725,1795,1296,1223,66,688,872,579,423,1424,1291,630,1315,682,718,1496,699,1903,533,1016,494,1987,612,795,285,728,1522,1775,589,1163,1136,1633,733,1785,1140,1468,1151,1794,1540,728,1478,1534,1222,1740,1375,728,1166,1268,630,1976,1542,1123,1435,1871,651,1484,706,885,1929,1148,1355,1673,242,697,728,824,712,1415,709,1437,1740,1149,1390,985,1822,1332,1520,1550,416,1037,1150,1278,615,1313,1730,1209,1446,553,1294,1447,1591,503,647,1131,1743,1042,722,1522,238,1799,596,1428,346,656,1734,1193,1441,1535,1526,1360,1608,1276,1899,1739,1625,295,1320,609,524,1814,635,994,493,813,970,1135,540,566,545,1736,391,930,970,802,976,548,1462,1804,734,603,1567,1794,1939,1245,439,1066,1766,325,1895,683,1723,246,618,784,1262,615,855,642,1805,1670,1134,1558,695,1499,409,682,657,401,1824,1021,1328,459,1220,1865,1504,1397,1907,1722,1691,706,1387,1836,1833,1672,963,700,613,1424,795,766,1336,530,1624,1512,800,26,1471,766,1864,874,1532,1203,1444,838,712,970,1562,1696,744,621,1122,626,728,86,1000,1879,949,681,1260,957,644,1658,1542,1061,1517,858,0,1986,1316,1521,1783,1510,533,1236,1165,1465,1299,1854,1747,1607,1685,1763,720,644,808
1019,908,1251,1344,1409,604,1192,1709,1188,1272,1495,1286,1346,996,1318,465,1218,868,1333,854,1596,1250,1315,1528,1135,1168,446,1153,1057,1352,1622,1678,728,1585,1093,1509,1213,985,441,1181,1202,776,770,1536,1622,1356,1501,550,756,1526,1622,986,1012,1189,1461,1145,1496,817,451,1116,654,1271,984,1064,1521,1532,482,1330,957,1622,959,1127,651,1060,1109,1135,1033,885,1043,354,725,1123,490,1221,1156,775,1022,1174,505,835,1093,843,1137,689,927,514,993,1199,1021,605,1001,1123,1678,1326,1285,1250,972,1320,1136,729,696,932,735,1682,524,511,687,236,653,2158,1309,724,1376,1222,789,1402,1408,1147,1107,1001,1508,1159,1563,1165,1131,1074,1394,1001,1157,1007,1188,631,1294,1107,1207,685,769,718,794,1080,1003,719,1004,1376,1118,744,1334,1154,857,673,1174,1187,1435,390,574,1071,440,1589,1246,1169,1341,1068,1163,1229,1140,877,1594,859,330,1717,1060,1191,626,561,1121,916,602,1270,328,1339,1115,1380,440,1057,896,1358,1113,1081,1512,1094,1271,1569,896,1176,971,565,1576,831,1090,1350,1001,600,600,996,1448,845,1162,1622,1254,937,344,1007,1475,1644,894,1438,653,1626,998,1483,1006,1234,0,865,1488,1050,1477,1257,915,1216,668,652,591,434,602,1584,1161,1614,1188,1242
781,1194,839,770,1715,1503,855,1360,915,1350,1335,1573,1468,1074,389,881,1526,492,1544,680,903,1559,715,1175,711,999,1730,980,819,1110,1371,1077,665,1231,671,1097,512,1063,903,760,473,853,960,860,1371,664,825,610,1527,913,1371,379,1121,1014,904,501,1084,266,1027,877,679,1551,1698,786,1109,1095,849,1088,1016,1371,524,954,609,645,386,548,1300,337,804,940,488,479,737,1233,732,852,1131,999,661,699,1369,274,898,456,316,1377,1078,1276,600,1351,1279,885,1077,1085,719,1499,339,1079,963,1521,602,304,579,1081,553,1224,764,1055,629,1894,1126,483,1498,1049,980,1524,1236,1100,869,447,1096,985,1208,924,544,1152,1472,447,742,454,1266,656,618,869,1506,571,960,857,42,1158,582,656,1082,821,1404,608,1093,915,619,750,999,949,1516,1543,1287,651,733,1338,508,1223,1657,829,1156,643,716,66,1237,608,1062,1031,355,906,1339,1297,948,304,790,644,980,924,942,1502,791,819,475,844,955,682,836,856,1511,882,475,680,733,714,1164,281,1168,1663,447,671,1313,1074,1527,1130,1597,1371,1332,516,1076,768,1565,1208,473,1528,1445,945,577,808,776,1474,1170,0,812,770,801,1479,310,612,503,469,737,865,1394,903,575,1363,1015,1529
957,1677,789,704,1946,1988,1097,1610,689,1553,1509,1848,1642,1533,747,1623,1832,789,1861,856,180,1605,794,1349,927,1093,2064,1156,992,1290,1542,644,1082,1405,715,990,674,1579,1505,801,519,1183,1724,117,1542,296,100,1352,2010,557,1542,808,1396,1152,638,695,984,858,1626,1054,1275,1931,1860,867,990,668,1493,1268,950,1542,752,1130,1363,891,724,858,1862,767,981,1542,1235,673,1497,1391,948,1182,1406,1137,1416,1021,1930,1027,1075,1197,932,1865,1254,1833,645,2150,1841,1061,645,1264,837,1807,977,1234,1139,2004,1344,926,1142,649,1308,2107,1234,1654,1281,2161,1304,1221,1673,1225,1744,1699,1411,1183,1045,993,971,1161,1382,1103,854,1365,1649,993,1032,999,1513,1255,745,1045,1814,1115,1724,1412,996,1443,627,1054,1421,522,1675,1275,1272,1092,795,1220,1137,1125,1839,2042,2171,692,1507,1509,635,1392,1912,1006,1329,630,932,995,1406,1350,1571,274,702,696,2190,2191,1124,1135,1345,724,1774,873,1118,1677,1546,992,694,654,1115,912,93,1032,1507,160,694,761,909,1315,907,865,1684,1767,993,1270,2198,1590,1834,1615,1847,1542,1535,661,1585,945,1738,782,688,1701,1928,228,622,81,952,1742,1917,1138,0,1069,67,1738,800,803,1074,1209,1396,1469,1877,241,677,1534,1191,1804
1057,1608,951,382,2071,2037,764,1811,978,1647,1608,1990,1743,1453,281,1228,1905,634,1931,956,888,1936,321,1446,1068,1273,2078,1257,1095,1391,1639,995,799,1502,992,1351,511,1437,1162,1058,532,1254,1310,759,1639,795,779,1008,2059,914,1639,571,1523,1293,638,278,1352,595,1319,1154,942,1971,2061,366,1351,1022,1150,1369,1313,1639,853,1231,957,994,240,153,1721,499,1081,1199,830,256,1087,1484,1089,1253,1532,1278,1008,737,1787,594,1175,794,493,1830,1354,1654,920,1848,1698,1161,995,1365,429,1879,538,1359,1240,2053,1001,487,809,999,899,1713,1165,1347,947,2268,1405,829,1773,1324,1330,1799,1511,1381,1145,937,1332,1267,1479,1203,149,1458,1850,937,1091,943,1606,920,200,1145,1886,783,1310,1128,715,1535,902,771,1461,537,1818,987,1373,1192,896,1151,1278,1224,1910,1897,1775,1079,1086,1606,566,1485,2036,1106,1422,251,1073,560,1508,1056,1226,765,354,152,1827,1796,1225,602,1061,251,1346,1284,1219,1777,1141,1095,795,919,1216,592,735,1132,1604,867,795,288,1009,974,1264,602,1545,1868,937,935,1801,1448,1906,1546,1973,1639,1629,836,1240,1045,1838,1135,793,1801,1977,677,897,762,1044,1838,1608,702,724,0,713,1862,464,649,742,877,1059,1124,1926,638,181,1631,1292,1946
947,1665,775,674,1938,1976,1070,1598,676,1543,1499,1838,1632,1523,720,1527,1823,762,1853,846,153,1595,764,1339,913,1070,2052,1146,982,1280,1532,618,1057,1395,702,961,612,1567,1478,787,507,1173,1627,84,1532,134,73,1339,1998,531,1532,795,1386,1129,611,670,955,833,1628,1044,1248,1922,1850,840,961,639,1466,1258,926,1532,740,1120,1267,879,699,831,1852,742,971,1515,1138,648,1398,1381,934,1172,1396,1114,1319,996,1920,967,1065,1100,870,1853,1244,1823,632,2138,1831,1051,618,1254,773,1798,915,1211,1129,1992,1331,864,1115,622,1209,2012,1222,1656,1254,2151,1294,1208,1662,1215,1647,1688,1401,1160,1035,982,942,1151,1372,1093,827,1355,1639,982,957,988,1503,1226,716,1035,1805,1088,1627,1387,983,1433,614,1029,1411,495,1665,1249,1262,1082,785,1208,1114,1115,1831,2030,2075,679,1408,1499,623,1382,1903,996,1319,601,918,934,1396,1337,1542,247,676,669,2127,2096,1114,1122,1320,695,1676,856,1108,1667,1450,982,682,640,1105,885,60,1022,1498,133,682,732,899,1286,878,839,1672,1757,982,1241,2101,1578,1825,1603,1838,1532,1525,648,1556,935,1728,753,675,1691,1916,201,609,54,942,1732,1919,1076,38,1042,0,1729,788,790,1047,1196,1367,1440,1865,214,648,1524,1181,1794
1197,1048,1465,1784,1594,1468,1930,1889,1427,1363,1662,1459,1517,1371,1692,1189,1389,1657,1506,1034,1854,1422,1739,1548,1474,1352,1529,1335,1240,1606,1788,1831,1863,1605,1409,1692,1848,1416,1835,1511,1682,958,1329,1789,1788,1937,1754,1465,1492,1679,1788,1413,1015,1377,1997,1910,1679,1707,2011,1298,1671,1406,1119,1772,1705,1885,1723,1585,1137,1788,1261,1308,1535,1273,1703,1576,1167,1769,1222,1872,1621,1888,1600,1286,1495,957,1025,1362,1391,1903,1227,1731,1319,1581,1669,1342,1175,1322,1336,1640,1135,1299,1831,1581,2031,1421,1678,1508,1318,1486,1413,1674,1631,1835,1409,1621,869,2075,1827,2456,1628,1617,1547,1397,1349,1573,1589,1330,1284,1317,1692,1338,1583,1350,1572,1483,1237,1317,1359,1323,1593,1648,1640,1283,1378,1579,1329,2078,1536,1488,1318,1854,1379,1945,1293,1810,1589,1336,1037,855,1362,1362,1483,1503,1356,1391,1456,1755,1717,1328,1476,1246,1321,1661,1479,1619,1760,1444,1915,1817,1665,2039,1680,1815,1303,1622,1850,1669,1569,1525,1297,1550,1322,1241,1210,1572,1283,1780,1765,1270,1422,1825,1210,1701,1150,1581,1760,1723,1483,1521,1317,1614,1680,1427,1576,983,1349,1788,1419,1251,1929,1186,1644,1791,1207,1607,1410,2177,1313,1737,1185,1385,1916,1607,1741,1919,1732,0,1491,1415,1561,1506,1868,1797,1359,1905,1600,1780,1370,1415
881,1224,738,751,1738,1535,853,1370,743,1436,1386,1603,1519,1100,370,944,1553,474,1575,730,871,1585,696,1226,717,1048,1793,1032,869,1163,1422,992,721,1282,880,1104,494,1089,941,896,353,882,1022,828,1422,648,793,674,1554,826,1422,170,1151,1068,814,483,1091,435,1066,927,717,1582,1724,736,1116,1114,929,1141,1023,1422,613,1006,672,651,367,530,1329,339,854,978,551,461,802,1278,738,881,1161,1053,724,791,1402,322,948,519,115,1404,1128,1301,810,1417,1311,935,992,1137,629,1526,61,1131,1015,1548,666,139,626,996,616,1290,793,1094,685,1902,1177,546,1549,1101,1042,1575,1288,1152,919,476,1103,1037,1259,976,526,1178,1498,476,749,483,1294,694,600,919,1533,627,1022,1137,515,1184,792,712,1108,730,1433,666,1145,965,669,779,1053,999,1548,1607,1353,857,798,1389,405,1273,1683,879,1206,625,722,286,1289,672,1005,968,337,898,1655,1363,1000,64,846,634,1046,1109,994,1621,854,942,564,723,990,680,804,969,1450,850,564,638,783,752,1334,330,1194,1712,476,846,1631,1123,1581,1157,1645,1492,1487,684,1161,903,1682,1194,641,1645,1487,941,744,796,971,1692,1456,594,766,720,755,1546,0,441,578,710,790,1088,1436,957,551,1484,1151,1599
807,1058,712,766,1610,1385,866,1257,743,1431,1387,1514,1518,992,395,800,1422,482,1464,722,858,1469,742,1219,605,1043,1528,1041,872,1131,1421,923,844,1276,568,1068,461,983,826,803,365,766,895,779,1421,730,776,569,1418,765,1421,52,1051,1084,818,508,1055,425,904,922,604,1440,1572,748,1081,1021,817,1111,907,1421,426,999,537,560,380,553,1227,360,838,904,441,486,752,1272,626,765,1062,1069,619,898,1290,428,940,405,333,1281,1091,1186,491,1364,1199,925,923,1107,652,1388,373,1101,1024,1425,542,357,740,927,534,1229,677,932,811,1782,1138,409,1548,1071,915,1574,1276,1156,910,354,1067,1021,1254,968,549,1087,1364,354,640,360,1204,580,617,909,1395,671,895,1050,220,998,474,835,1000,734,1311,794,1115,957,662,663,1069,975,1433,1422,1291,542,728,1388,459,1270,1585,870,1202,656,610,302,1247,567,891,954,335,933,1339,1318,987,333,922,672,926,1049,982,1552,723,872,382,662,979,690,755,895,1383,836,382,676,763,627,1272,442,1087,1569,354,594,1314,994,1443,1012,1519,1421,1413,409,905,829,1613,1133,367,1576,1349,1031,469,760,897,1376,1200,290,730,758,719,1415,100,0,670,407,918,829,1298,921,589,1413,1076,1451
544,937,638,1144,1406,1437,980,1243,635,717,1177,1191,1272,791,782,750,1245,459,1295,395,1077,1292,1131,1047,566,720,1513,726,624,873,1338,1070,892,1104,531,1029,790,808,768,651,800,367,839,993,1338,950,992,522,1470,914,1338,516,782,752,1053,834,1016,574,846,648,549,1384,911,976,1042,939,759,851,868,1338,389,682,481,521,795,942,1076,740,580,846,385,812,696,651,587,366,793,737,563,947,1138,577,669,349,408,1333,444,1010,454,1613,1046,504,1070,847,889,1209,462,841,709,1477,495,507,685,1074,478,1178,721,874,859,1702,880,354,1302,760,859,1328,960,805,720,451,1028,713,1082,693,938,645,703,451,601,457,778,525,1006,479,1216,614,839,992,370,520,437,883,824,969,990,843,855,686,399,707,737,577,1265,1471,1240,505,668,1305,726,623,1369,601,612,1045,571,452,934,520,833,1167,665,1162,1288,1268,672,406,862,1061,875,808,666,1306,667,624,345,825,661,804,969,705,933,1053,345,1067,500,572,1099,591,912,1398,451,539,1263,819,1263,891,1304,1338,699,372,847,572,1368,1052,330,1331,1401,1242,432,976,580,896,1142,440,946,978,935,1209,559,589,0,349,881,771,1350,1134,978,1330,761,1128
802,1039,868,1028,1459,1263,882,1385,795,1095,1291,1360,1322,830,1116,495,1258,518,1308,656,1245,1305,1025,1155,731,978,1231,977,866,1126,1451,1173,709,1212,699,1196,830,822,731,786,748,571,579,1156,1451,1111,1155,216,1291,1029,1451,619,879,1018,1071,796,1183,577,870,917,514,1437,1400,816,1209,1109,612,1106,1036,1451,557,935,170,669,757,919,1210,644,833,774,498,774,504,1102,752,570,890,1003,271,763,1272,448,935,462,512,1075,786,1024,622,1063,1181,920,1173,1102,948,1223,566,1096,960,1296,172,547,459,1177,274,928,482,898,676,1911,1133,297,1352,1008,599,1378,1211,1029,905,622,1195,954,1190,963,915,926,1197,622,768,628,1043,490,983,904,1230,439,579,1016,410,836,605,700,838,1029,1156,659,1110,952,657,468,1003,970,1278,1122,990,674,464,1418,830,980,1422,865,971,1022,736,492,1184,248,816,1331,705,995,1038,1017,922,510,698,980,652,973,917,1356,401,866,513,981,906,695,1132,890,1261,1220,513,906,758,430,1266,596,926,1403,622,461,1013,833,1277,993,1357,1451,1075,540,830,824,1441,1221,498,1404,1222,1405,600,1139,892,1227,947,480,1109,815,1098,1260,505,749,383,0,663,699,1171,1298,955,1445,1014,1300
1055,1385,1116,850,1732,1206,679,1648,1230,1379,1564,1668,1618,1114,942,832,1551,626,1610,973,1239,1599,842,1457,1001,1291,1189,1291,1124,1382,1660,1391,156,1514,960,1453,838,1105,501,1268,846,890,929,1150,1660,1006,1149,618,1235,1252,1660,744,1172,1337,893,614,1440,392,552,1172,432,1720,1695,635,1466,1389,492,1362,1306,1660,826,1249,567,931,575,748,1544,458,1087,448,471,592,518,1371,1022,889,1183,1322,514,274,1615,596,1191,435,585,1017,1109,1307,884,1006,1526,1173,1391,1358,767,1519,781,1352,1274,1239,607,648,390,1395,653,870,801,580,26,2167,1389,472,1648,1316,949,1674,1524,1410,1158,725,1452,1324,1492,1219,744,1211,1485,725,1029,731,1323,408,792,1157,1526,267,929,151,538,1120,867,147,1122,849,1462,171,1366,1208,912,787,1322,1220,1576,1124,932,934,513,1627,863,1338,1707,1120,1328,852,1006,514,1493,694,566,1330,713,821,980,960,1237,638,79,797,700,1235,1232,1652,527,1124,770,1127,1222,536,1126,1143,1544,1214,770,724,1011,351,1523,410,1209,1706,725,422,955,1116,1574,1335,1638,1660,1363,802,580,1078,1734,1501,759,1697,1163,1258,862,1133,1062,1509,791,562,1103,641,1092,1539,629,940,314,554,0,477,1112,1201,785,1652,1326,1604
992,1240,1141,1076,1615,1060,921,1679,1074,1255,1442,1540,1491,995,1169,623,1426,707,1468,843,1429,1473,1079,1471,1024,1162,922,1165,1059,1316,1616,1474,595,1528,985,1475,1036,986,208,1071,952,769,778,1342,1616,1199,1339,471,1091,1334,1616,826,1054,1202,1119,857,1462,637,288,1109,332,1602,1576,867,1488,1412,199,1296,1329,1616,851,1123,420,956,818,973,1398,705,1024,124,554,835,374,1252,1045,768,1065,1187,372,608,1471,660,1128,518,752,982,988,1189,909,863,1380,1110,1473,1292,1109,1392,776,1286,1148,1095,575,757,623,1477,512,726,680,316,517,2136,1271,555,1521,1192,798,1547,1399,1133,1095,812,1474,1141,1506,1156,969,1090,1367,812,1053,818,1207,309,1037,1094,1399,501,778,414,620,1001,892,586,1003,1189,1336,505,1300,1145,848,666,1187,1160,1437,857,788,959,380,1583,1047,1216,1588,1057,1207,1076,1029,752,1365,651,273,1555,909,1048,836,817,1111,720,462,1034,571,1258,1106,1525,388,1059,795,1208,1093,823,1318,1080,1416,1403,795,957,948,254,1545,648,1090,1574,812,323,811,997,1447,1194,1522,1616,1237,827,287,1015,1607,1524,784,1570,1019,1481,887,1323,999,1380,521,691,1292,869,1279,1418,711,1022,551,531,513,0,968,1425,1009,1608,1200,1476
1070,794,1325,1473,1296,226,1500,1757,1259,1117,1407,1246,1263,1151,1294,772,1120,1145,1314,923,1667,1155,1452,1298,1208,1243,558,1246,1139,1362,1501,1633,1501,1355,1170,1653,1425,1194,1176,1258,1366,852,758,1574,1501,1611,1571,895,202,1490,1501,1149,874,1284,1689,1489,1640,1197,1169,1187,1372,1180,925,1499,1667,1597,1095,1377,1029,1501,1039,1204,927,1141,1343,1267,965,1389,1102,1106,1211,1467,1072,1408,1229,851,885,1269,985,1521,1032,1203,1206,1172,1132,369,1071,1065,1094,588,940,1188,1633,1373,1536,1164,1097,1367,1229,196,838,1137,1154,1637,1006,567,763,1105,1416,2222,1359,1012,1293,1273,778,1319,1479,1213,1173,1081,1653,1225,1333,1234,1263,1246,1020,1081,1237,1086,1358,1349,1326,1172,1117,1153,758,1299,1000,1254,1077,1492,1159,1614,1042,1414,1381,1223,927,749,1269,1235,1378,518,715,1144,1034,1468,1353,1264,1250,1135,1255,1366,1212,1083,1323,874,1084,1851,1296,1684,628,776,1192,1041,1438,1382,913,1444,1187,1297,909,1139,980,1432,1173,1331,1550,1158,1184,1639,980,1385,1026,1291,1724,1206,1257,1258,1081,1316,628,1205,1340,750,1147,1501,1205,1012,1098,1093,1378,1708,969,1341,120,1774,1072,1555,1077,1145,944,1071,1526,1501,1515,1166,1194,1202,1083,939,1431,1182,0,1716,1299,1493,1281,1183
998,1744,633,666,1904,2062,1049,1676,692,1556,1495,2037,1628,1532,710,1508,1801,732,1858,915,393,1848,774,1327,763,975,2201,1161,1067,1261,1530,447,1027,1384,562,875,652,1696,1490,646,632,1245,1623,264,1530,334,313,1362,2094,367,1530,889,1451,1036,596,659,861,816,1569,1115,1262,1901,1863,880,918,559,1481,1241,830,1530,830,1119,1249,886,687,816,1873,736,1030,1533,1148,637,1463,1397,784,1243,1461,1021,1331,973,1944,897,1134,1108,881,1965,1283,1805,614,2092,1855,1116,447,1237,805,1771,924,1116,1144,2105,1335,875,1114,451,1246,1950,1321,1597,1272,2146,1267,1201,1658,1189,1643,1684,1395,1064,1101,1067,841,1120,1362,1162,812,1390,1665,1067,861,1072,1519,1240,725,1100,1778,1068,1623,1406,1120,1454,597,1000,1446,484,1918,1257,1245,1151,855,1307,1021,1165,1833,2108,2012,661,1451,1497,780,1395,1886,1063,1331,589,768,950,1361,1360,1555,176,665,654,2060,2048,1107,1165,1334,704,1674,751,1102,1662,1436,1066,774,496,1103,862,240,1086,1488,371,774,753,954,1292,813,849,1800,1753,1067,1254,2035,1707,1826,1701,1819,1530,1538,630,1569,1021,1723,668,657,1686,2029,205,592,296,1005,1502,1863,1106,275,999,264,1719,1025,881,1043,1200,1380,1458,1978,0,642,1522,1196,2002
1392,1705,1100,248,2106,1999,796,2148,1344,1453,1906,1914,1996,1498,467,1222,2003,847,2048,1316,889,2048,150,1805,1210,1441,1945,1639,1463,1722,2007,928,815,1862,1063,1421,688,1546,1212,1113,933,1122,1325,778,2007,785,737,1008,2031,855,2007,810,1403,1685,349,532,1360,661,1275,1511,964,1874,1660,201,1410,1053,1203,1703,1297,2007,1224,1596,957,1383,493,154,1839,706,1423,1268,857,510,1224,1363,1231,1121,1414,1670,1038,698,1907,810,1531,817,712,1823,1159,1753,1282,1806,1818,1510,928,1699,691,1966,755,1693,1622,2042,997,706,825,932,953,1663,1187,1303,1060,2599,1728,855,2026,1656,1345,2052,1872,1751,1495,1126,1337,1652,1840,1560,150,1356,1450,1126,1328,1131,1485,940,101,1189,1973,779,1325,1129,954,1242,1265,788,1412,600,1709,976,1707,1548,1255,1173,1670,1553,2023,1847,1725,1331,1239,1974,803,1354,2108,1457,1344,70,1215,775,1845,1081,1277,763,563,408,1773,1761,1585,817,1057,80,1438,1239,1580,2030,1145,1463,1177,963,1546,621,754,1480,1670,866,1177,129,1348,989,1305,671,1650,2121,1126,954,1748,1557,2021,1662,2032,2007,1435,1210,1291,1414,2091,1166,1166,2054,1966,690,1260,721,1406,1634,1565,940,721,768,709,1935,760,843,755,906,1170,1193,1915,634,0,1999,1674,1851
1037,1492,1282,2354,994,1924,2060,1514,1429,569,358,959,497,811,1722,1497,714,1522,780,893,1705,580,2333,105,1196,693,2064,813,1043,530,4,1713,2009,101,1354,1385,1840,918,2008,1295,1666,1408,1999,1773,4,1702,1775,1412,1956,1569,4,1414,1481,859,2138,1836,1372,1745,1986,782,1641,973,1093,2342,1398,1556,1887,495,903,4,1040,954,1522,911,1721,2148,1320,1687,1187,2051,1506,1814,1758,786,1218,1407,1491,844,1518,2068,1390,1751,755,1464,1664,1822,892,710,1327,1941,1270,945,1713,491,1988,518,1719,590,857,1965,1383,1729,1708,1717,1537,1799,1701,2014,1976,1572,519,1467,527,725,2019,553,1231,693,1039,1161,1384,743,124,747,2143,778,1109,1161,1001,1166,912,1617,2208,957,525,1734,1999,2129,1547,886,1323,2000,908,2064,990,1962,499,833,989,1686,844,1064,737,1971,1861,1395,1768,39,1722,797,954,875,785,2242,1202,1630,44,1410,2044,1741,1674,2208,1909,1897,942,1663,2007,2262,1878,1164,937,531,1634,1043,981,1544,732,1907,1744,1024,474,1677,981,2270,1083,1706,1455,1754,1021,628,1161,1734,1884,883,733,1416,894,4,616,1257,2058,1178,597,1462,1213,560,1889,1750,1318,1759,1067,488,2184,1618,1729,2037,1718,799,1521,1410,1636,1492,2083,1976,1838,1920,2179,0,845,876
825,1441,1065,1755,1210,1636,1753,1081,1110,1041,766,1332,906,1085,1387,1191,1088,1302,1154,627,1491,1137,1738,598,910,487,1771,121,782,639,802,1494,1770,655,1127,1102,1508,1253,1759,1078,1335,1070,1684,1556,802,1491,1561,1179,1654,1354,802,1100,1182,509,1837,1507,1089,1424,1742,784,1402,1186,1426,1742,1115,1284,1638,756,664,802,798,517,1275,634,1394,1550,1378,1356,856,1805,1277,1485,1514,947,931,1069,1193,494,1406,1689,1659,1430,640,1238,1403,1520,1039,1106,1100,1616,1481,872,1494,752,1679,1052,1401,693,57,1664,1153,1397,1474,1498,1296,1473,1198,1771,1737,1718,536,1241,936,141,1704,962,796,485,858,929,1101,628,633,632,1546,938,1439,929,715,934,1072,1380,1612,857,1059,1510,1684,1884,1226,972,1007,1761,993,1758,1204,1725,760,676,680,1184,494,864,1118,1664,1534,1074,1460,769,1388,933,1171,826,865,1645,915,1309,565,1180,1810,1526,1347,1902,1582,1571,505,1345,1817,1668,1577,881,500,940,1328,782,745,1330,501,1580,1527,843,773,1463,745,1671,781,1463,1172,1433,1360,1034,929,1488,1557,1264,1106,1391,1109,802,1023,942,1824,847,1004,1191,899,967,1588,1536,1002,1545,867,787,1885,1297,1516,1723,1505,1014,1198,1093,1403,1264,1848,1730,1537,1706,1585,794,0,1293
1514,898,1864,2366,519,1934,2501,1286,2080,884,776,44,654,906,2366,1778,527,2132,151,1494,2302,563,2345,871,1845,1305,2017,1444,1659,1138,1016,2296,2451,928,1947,2020,2406,1012,2333,1878,2360,1492,1803,2351,1016,2270,2333,1939,1964,2157,1016,2007,1489,1482,2601,2428,2007,2306,2591,1386,2264,617,1104,2354,2031,2143,2212,1112,1518,1016,1646,1582,2124,1566,2392,2160,805,2373,1651,2376,2232,2406,2182,1138,1866,1491,1499,1467,1994,2506,836,2330,1333,2191,2154,1831,1247,810,1917,2101,660,1427,2296,1108,2474,555,2123,1193,1488,1973,1883,2159,2243,2300,2014,2075,1403,2549,2418,1586,1130,2229,684,1356,1823,710,1096,1309,1518,1775,2017,1367,870,1343,2156,966,1204,1775,1650,1781,1415,2240,2221,1439,523,2173,1803,2730,2023,1311,1934,2442,1004,2559,446,2401,1116,1353,1610,1389,1467,1535,210,1985,2223,1980,2067,983,2393,1153,684,1625,1144,2255,1850,2106,988,1918,2462,2334,2278,2684,2141,2287,1571,2067,2569,2275,2046,1808,1566,688,1915,1659,1599,2126,1352,2350,2323,1503,946,2275,1599,2324,1553,2190,1541,2317,1116,674,1775,2208,2141,979,280,818,355,1016,978,1846,2476,1642,788,2054,1802,751,1897,2344,1908,2317,1539,908,2387,2094,2288,2508,2279,678,2119,2009,2170,1982,2523,2301,1846,2476,2192,1008,1476,0
