0,2562,3098,2885,2457,2691,2471,2261,3151,3502,2222,1340,0,1974,1626,2067,1966,2260,2707,1858,1608,1479,1698,3041,1608,3516,1472,1601,2319,1925,2111,2532,3419,2330,2586,2958,2536,2829,2228,2829,2818,1876,3106,2262,2993,2175,2913,2934,1943,3176,3464,2046,2175,2246,2359,2445,2969,2127,2646,1908,2201,2962,2960,2833,2094,2262,1610,2423,2121,2471,3357,2946,3039,2127,1989,3175,2679,2041,1476,1632,2200,2492,2037,2302,1697,2244,3025,2432,1766,1905,1814,2833,2838,2261,2403,2308,2214,2711,2376,2481,2471,2711,2111,2415,2960,2185,2562,2711,410,2960,2711,1474,1918,1727,1351,2536,2192,3036,2794,2273,2441,3006,1728,2906,2711,2842,2960,0,2214,2521,2209,1968,2326,1537,3585,2177,2181,2015,2796,2960,2206,2033,1552,3086,2780,2521,1205,3222,1516,1896,2445,2477,2473,1955,2132,2330,2070,1337,2165,2778,2887,2701,2330,2129,1419,0,2115,2135,2446,2561,2330,2960,2590,2115,1958,1920,2519,2261,2028,0,2151,1811,1988,1447,1615,2960,2950,2140,2184,2585,2286,1964,2797,2835,2783,2677,2766,2261,2711,1634,2037,1577,2220,1651,2361,2960,2293,2829,0,3156,2843,2261,2598,2961,2846,2762,2420,2960,2558,2366,2390,2425,2262,2137,2592,1595,2306,2700,2320,2131,2062,2319,2842,2443,2217,2240,2050,1390,2868,1530,2946,2666,2962,3175,2292,2801,3260,2285,2592,2230
3259,0,1080,1748,2630,1169,2667,2128,1168,983,2051,1811,0,880,1798,2236,2167,2127,1346,2482,989,2064,1617,995,989,1247,1739,1735,2135,3488,563,1580,1117,2146,1254,2957,2690,1138,550,1395,1366,2611,1208,2129,1342,1985,1117,1378,2142,1453,976,626,1985,2074,2476,2220,1476,2331,1372,2465,1926,1522,2957,3024,2247,2129,1720,2198,792,2667,1244,1500,1449,2331,841,1210,1352,2240,2963,3568,844,2694,2234,644,1195,2432,1413,2629,2120,2505,2242,3024,3019,2059,2178,373,2039,1400,467,1364,2667,1151,873,347,2957,451,1,1415,2820,2957,1155,2965,717,3435,1822,2690,617,1131,1412,2740,2637,1129,3436,1475,1410,3015,2957,0,2039,2675,666,1188,1319,3586,1407,2069,2063,2213,1403,2957,472,2072,934,978,1399,2674,2022,1379,3717,2493,2220,1379,1133,2506,2070,2146,1022,1639,1975,1132,1427,1326,2146,498,1912,0,2318,541,2221,1,2146,2957,1628,2318,1179,927,34,2128,929,0,2361,2143,692,2027,3551,2957,1175,485,606,2784,1218,846,2994,3022,1678,1668,1102,2128,1115,3570,2233,1708,2049,1216,2478,2957,2160,1588,0,1178,1181,2128,2795,1493,1730,968,353,2957,69,1332,1323,525,2129,2277,103,1729,1918,1621,2136,424,2258,2135,1585,2635,2046,691,2186,1882,1158,3731,1492,1644,1847,1197,2052,2990,1175,654,103,450
1902,1305,0,2246,1240,2015,1205,1608,2066,517,1848,1699,0,1365,1561,1491,1176,1607,1170,1450,2463,1654,1131,736,2463,612,1908,1252,1932,2339,1146,2495,669,1108,2292,917,1212,1837,1405,1837,1826,1454,701,1609,1944,1122,1073,1904,1146,2104,530,1391,1801,1568,1461,1714,2148,1339,1692,1433,1449,2184,917,1080,1224,1609,1738,1692,1171,1205,569,2170,340,1339,1191,2103,2354,1221,1984,2419,1453,1185,1246,1501,2539,1395,1941,1193,1309,1473,1374,1080,1075,1553,1672,1392,1836,1172,1506,2307,1205,1172,1507,1278,917,1289,1233,1172,2087,917,1172,1986,1154,2286,1710,1212,1179,906,1948,1184,1201,880,2287,2207,1172,1071,917,0,1836,1244,1474,2218,2094,2437,3012,1546,1544,1225,2209,917,1116,1264,2293,953,1931,1244,1747,2152,2562,1461,1714,2353,2331,1474,1547,1167,2039,1171,1791,1784,1847,1162,1943,1096,1148,0,1327,1154,1715,1098,1122,917,2355,1327,2236,1179,1348,1608,1368,0,1367,1272,1376,1617,2402,917,2079,1040,1166,1277,2257,1167,1128,1078,2126,2178,1723,1608,1172,2421,1246,1210,1846,2546,1463,917,1640,2184,0,2071,1929,1608,1288,2190,2145,1000,1550,917,1336,2242,2266,1253,1609,1240,1122,1024,1600,2375,1933,1332,1271,1932,2197,1133,1843,1229,1162,960,1867,2576,2170,2338,2184,2103,1546,1134,695,1493,1116,1336
2224,1448,2347,0,2114,1258,2016,2150,1375,2523,1503,1046,1107,1600,1282,1130,1589,2149,1980,1826,2027,1033,1593,2404,2027,2434,1095,1230,1529,1981,1414,1102,2475,1382,761,1160,2130,1405,1763,1405,1384,1699,2436,921,1620,1342,2270,1315,1559,1413,2543,1686,1544,1174,1895,1086,167,1749,1240,1809,944,110,2319,2263,1630,2151,1277,1153,1710,2016,2469,82,2364,1749,1697,1412,509,953,2554,2061,1447,2126,1658,1811,1939,1851,897,2004,1143,1849,1950,906,2269,981,1167,1457,1288,1982,1533,1584,2016,1982,1465,1616,913,1664,1700,1982,2157,2319,1982,2556,1359,1928,1037,2130,1452,2388,1105,1968,2012,2352,1929,48,1982,2379,2319,1206,1316,2055,1849,1622,1516,2078,1638,1172,1131,1637,287,2319,1697,937,1877,2435,1313,2055,1294,1308,2153,1837,1353,1607,1599,1850,1162,1426,1426,1400,1224,1360,999,1972,1663,1664,1418,1273,1737,1430,1364,1458,1391,2319,632,1737,1641,1382,1454,2150,1679,1347,1777,955,1650,1003,2044,2319,1044,1620,1441,2139,1674,1648,2226,2266,207,394,1514,2137,1982,2063,1658,1218,1590,1896,1897,2319,948,662,1153,1380,963,2137,2074,159,144,2039,1953,2319,1791,1629,1661,1535,944,1696,1813,1472,916,530,1358,1422,1683,1282,675,1944,1262,1482,1568,1163,1412,2167,82,496,110,1412,1196,2221,2601,1809,1508,1438
1745,2338,1218,1671,0,1380,526,1285,1481,1097,1698,1636,0,1756,1455,1117,786,1284,1122,1304,1375,1591,1440,1050,1375,1009,1845,1709,1782,1225,1717,1900,1049,1793,1701,960,389,1252,1857,1252,1241,1089,1105,1286,1359,1651,918,1319,854,1519,1107,1641,1651,1279,972,1610,1573,763,1111,1287,1381,1609,960,726,928,1286,1675,1588,1710,526,1044,1595,1102,763,1720,1518,1782,1153,1385,1305,905,385,812,950,1451,792,1350,517,1373,1327,1304,726,732,1294,1568,1966,1685,1125,1163,1595,405,1125,1141,1014,960,1975,2338,1125,1866,960,1125,1387,1509,1172,1647,389,1805,1042,1356,248,525,1006,1173,1632,1125,737,960,0,1685,405,1141,1181,1489,1323,2327,1203,1221,1041,1636,960,1996,1176,1199,1089,1353,405,1684,1565,1478,1315,1610,1605,1583,1328,1204,1792,1329,1871,1640,1199,1256,1115,1792,1902,1944,0,783,1744,1611,2338,1792,960,1827,783,1178,1806,2296,1285,1799,0,742,1166,1587,1554,1288,960,1490,1914,1794,398,1248,1555,684,729,1549,1327,1138,1285,1125,1307,812,1682,1695,1492,974,960,1317,1593,0,1486,1344,1285,409,1615,1568,993,1018,960,2335,1492,1519,968,1286,919,2369,1703,1515,1803,1782,1912,789,1781,1606,454,1692,1129,910,1914,1274,1492,1595,1767,1609,1518,1442,679,1239,1141,2369,2069
1615,1412,1688,816,1358,0,1293,1523,699,1664,963,1464,0,1285,1328,1354,938,1522,1325,1170,1404,1419,1279,1531,1404,1583,1597,1169,987,1317,1382,851,1625,1330,679,1451,1374,729,1187,729,708,1052,1587,1524,618,1061,1400,578,908,737,1675,1129,1205,1517,1228,1451,718,1099,230,1153,1216,754,1451,1617,986,1524,1503,1429,1149,1293,1618,740,1647,1099,1380,736,997,988,1946,1397,1426,1370,1008,1489,1380,1162,559,1281,1075,1193,1287,1617,1623,1290,1409,1429,1007,1327,1525,610,1293,1327,1203,1619,1451,1332,1362,1327,1504,1451,1327,1948,1325,1264,1475,1374,1182,1522,349,1212,1289,1486,1265,777,1327,1510,1451,0,1035,1332,1258,951,770,1415,1553,1285,1459,987,850,1451,1368,1030,1228,1569,325,1332,1472,824,1507,1181,1451,633,625,1194,1286,1145,729,1627,1139,577,465,1317,1325,1106,906,0,1087,1159,1452,1180,1109,1451,1027,1087,971,1121,1422,1523,1121,0,1127,1039,1101,1382,1380,1451,487,1289,1414,1383,998,1104,1576,1620,763,498,512,1523,1327,1399,1008,1150,1035,1337,1230,1451,1555,799,0,704,395,1523,1318,760,738,1384,1622,1451,1204,651,675,1528,1524,1007,1476,956,1350,1018,1080,1147,1033,1212,812,1221,981,1215,925,1671,406,1521,740,983,754,736,1283,1571,1721,1485,1484,1161
1543,2157,1304,1784,140,1498,0,1072,1585,1183,1514,1439,0,1575,1253,905,587,1071,1026,1099,1493,1394,1236,1153,1493,1095,1648,1506,1598,1344,1499,1974,1136,1609,1813,1066,46,1356,1637,1356,1345,884,1208,1073,1463,1467,1021,1423,655,1623,1193,1437,1467,1066,773,1397,1686,545,1223,1082,1179,1722,1066,842,729,1073,1478,1375,1505,28,1130,1708,1227,545,1518,1622,1900,951,1180,1424,1557,97,594,1653,1569,593,1462,177,1019,1122,1100,842,848,1081,1355,1758,1502,1028,1804,1703,28,1028,1651,949,1066,1789,2157,1028,1659,1067,1028,1182,1306,1291,1450,46,1582,1146,1478,151,185,1110,1292,1747,1028,854,1067,0,1502,31,1800,1292,1594,1442,2415,990,1008,842,1757,1067,1810,974,1317,1193,1458,31,1487,1669,1596,1110,1397,1718,1696,1123,991,1609,1437,1470,1457,1303,1370,1018,1609,1710,1753,0,565,1521,1398,2157,1610,1068,1939,566,1288,1605,2116,1073,1606,0,525,965,1387,1356,1407,1068,1604,1723,1572,127,1359,1352,802,847,1665,1435,1242,1073,1028,1426,595,1480,1513,1610,776,1068,1105,1707,0,1590,1458,1073,138,1730,1684,1082,1150,1068,2155,1602,1634,1863,1074,721,2189,1501,1314,1923,1600,1727,572,1599,1720,56,1510,1602,712,1721,1379,1610,1710,1886,1724,1622,1230,797,1344,1637,2189,1888
1112,1716,1199,1683,1020,1431,1039,0,1548,1516,938,1040,0,1077,832,278,380,0,1577,655,1945,995,801,1375,1945,1437,1250,1071,1022,1806,1075,1955,1470,1033,1498,1296,1067,1291,1215,1291,1280,673,1431,0,1426,891,1245,1386,348,1586,1525,1000,891,86,665,802,1585,563,908,638,564,1147,1296,1364,411,0,1079,780,1068,1039,1472,1133,1195,563,1081,1585,1576,683,1201,1886,1120,1074,450,1216,2021,599,1148,1001,647,678,569,1364,1359,101,760,1337,926,1579,1390,1757,1039,1579,1214,1560,1296,1364,1716,1579,1209,1296,1579,1203,870,1753,1051,1067,1163,1367,1152,1120,1009,1331,1754,1095,1579,1355,1296,0,926,1052,1378,1687,1412,1904,2410,384,72,429,1431,1296,1385,597,1771,1414,1493,1052,1088,1632,2047,666,802,1531,1509,679,333,1033,1334,1037,881,1238,1053,1569,1033,1282,1352,0,551,1102,803,1716,1033,1296,1604,551,1678,1167,1674,0,1176,0,607,525,950,958,1869,1296,1288,1295,1153,1165,1583,915,1342,1362,1344,1403,1226,0,1579,1888,450,1044,936,2062,667,1296,32,1390,0,1553,1140,0,1176,1097,1363,1419,1567,1296,1714,1416,1446,1449,1,444,1748,1065,501,1597,1023,1302,475,1022,1403,1013,933,1165,349,1321,1239,2061,927,1561,1160,1585,634,1337,1565,1200,1748,1464
2084,1411,1950,1015,1836,644,1760,1558,0,1826,932,1649,0,1347,1511,1441,1126,1557,1483,1678,1739,1604,1113,1691,1739,1745,1858,1229,934,1663,1175,1198,1786,1065,1046,1611,1852,34,1210,34,45,1545,1747,1559,445,1259,1560,93,1096,74,1835,1167,982,1518,1411,1664,917,1287,557,1661,1399,953,1611,1680,1174,1559,1688,1642,1434,1760,1780,939,1793,1287,1190,73,1136,1171,1934,1743,1473,1848,1196,1268,1717,1345,752,1748,1259,1701,1324,1680,1675,1503,1622,1203,1187,1485,1290,968,1760,1485,1251,1634,1611,1352,1119,1485,1984,1611,1485,1936,1146,1610,1660,1852,1464,1682,532,1690,1756,1646,1611,976,1485,1671,1611,0,1008,1799,1543,1298,1106,1761,1754,1496,1493,1175,989,1611,1397,1214,1565,1729,508,1799,1697,321,1841,1689,1664,991,983,1702,1497,1112,1080,1141,925,98,673,1475,1053,1132,1141,0,1275,1435,1665,1182,1298,1611,1181,1275,1318,1171,1433,1558,1395,0,1315,1222,1381,1567,1726,1611,669,1086,1200,1861,1348,1156,1653,1678,902,704,178,1558,1485,1745,1196,994,1006,1674,1413,1611,1590,909,0,3,578,1558,1796,959,921,1542,1638,1611,1450,1010,1038,1294,1559,1190,1218,1005,1533,1157,1238,1403,1221,1150,922,1688,1149,1512,1112,943,269,1855,939,1122,953,73,1496,1648,1881,1264,1221,1173
2060,1188,383,2067,1004,1869,959,1748,1870,0,1991,1877,0,1027,1722,1637,1332,1747,921,1615,1958,1832,1028,354,1958,182,2086,934,2075,1819,1262,2254,219,2086,2097,366,964,1641,1284,1641,1630,1497,413,1749,1748,1944,537,1708,1301,1908,42,1267,1944,1708,1393,1854,1969,1181,1499,1598,1636,2005,366,539,1371,1749,1916,1832,1069,959,217,1991,365,1181,1314,1907,2175,1381,1787,1899,1330,937,1401,1141,2034,1213,1746,950,1470,1638,1537,539,534,1693,1812,1271,1979,923,1385,2094,959,923,1145,1426,366,967,1117,923,2181,366,923,1789,1051,1766,1888,964,1078,344,1765,936,958,308,1767,2028,923,530,366,0,1979,996,1354,1699,1952,1917,2788,1686,1684,1380,2014,368,1015,1425,1784,391,1938,979,1919,1981,2003,1642,1860,2181,2159,1655,1692,2096,1922,1900,1941,1566,1612,922,2096,994,2189,0,1177,1271,1861,1000,2096,368,2188,1177,2092,1076,1229,1753,1031,0,1136,1441,1037,1788,1819,368,1840,939,1065,1003,2133,1286,602,549,1928,1976,1528,1753,932,1838,1405,1893,1999,2012,1379,368,1785,1948,0,1912,1758,1753,1014,1982,1947,587,1432,368,1010,2066,2095,1152,1754,1412,1026,1112,1804,2179,2086,1212,1183,2085,1961,859,1996,1127,1371,2119,1801,2017,1964,2143,1980,1944,1692,608,571,1371,1021,1007
1829,2045,1870,1245,1542,1164,1564,792,1126,2261,0,1089,0,1271,794,833,1010,791,2175,1370,2545,1038,990,2020,2545,2175,1201,1108,84,2421,1248,1113,2109,95,1278,1941,1592,1866,1361,912,1855,1378,2088,793,2017,230,1888,911,989,1170,2276,1187,230,716,1363,425,1523,1198,926,1356,880,1316,1941,2015,1134,793,1119,581,1255,1564,2210,1300,938,1198,1271,1169,1143,1401,1881,2501,1305,1603,1082,1404,2621,1264,963,1526,996,1393,1246,2015,2010,701,617,1504,12,2177,1534,929,1564,2177,1399,1889,1941,1698,2045,912,1768,1941,2177,1883,1071,2368,1100,1592,1321,2003,1150,1648,1534,1968,2369,1271,1094,2006,1941,0,12,1577,1692,2102,1903,2519,1197,727,728,1060,1199,1941,1719,952,2375,2051,943,1577,1140,925,2650,1384,425,1131,1120,1397,728,95,1942,1090,220,1816,1173,2167,95,1622,1376,0,1186,1269,424,2045,95,1941,1383,1186,2677,1357,2003,792,1517,0,1234,837,1139,996,2484,1941,953,1634,1313,1693,2153,1111,1988,2013,1179,1170,1804,792,2177,2503,1082,1081,296,2662,1365,1941,824,1337,0,1132,1161,792,1704,1279,1480,2093,1895,1940,2042,2089,2116,1588,792,1159,2076,1102,1075,1135,85,1635,1106,84,1339,1537,293,1350,1072,1345,1129,2663,1290,1392,1326,1160,693,1988,2223,1389,2076,1795
1314,1712,2039,1263,2119,2217,2141,1304,2309,2442,1208,0,0,944,370,1346,1606,1303,2309,1492,2407,70,664,2197,2407,2356,244,491,1292,2349,933,2700,2289,1303,2545,2119,2168,2057,1060,2057,2046,1180,2265,1305,2208,1139,2066,2020,1583,2347,2457,858,1139,1261,1882,1407,1085,1794,1665,1615,1189,1355,2119,2191,1653,1305,322,1385,926,2141,2391,1096,1991,1794,942,2346,1155,1602,1775,2410,976,2180,1679,1075,2483,1783,1913,2103,678,1515,806,2191,2186,1246,1365,1201,1196,2311,1243,2272,2141,2311,1070,1556,2119,1373,1712,2310,884,2118,2310,1777,742,2296,17,2167,1012,2179,2251,2224,2110,2144,2297,1297,2310,2181,2118,0,1196,2152,1374,2256,2058,2315,1222,1239,1238,1656,1212,2118,1394,872,2330,2227,2232,2152,89,2430,2293,1530,1406,2344,2322,1656,1240,1303,2085,263,1129,2003,1824,2300,1303,1294,349,0,1781,960,1407,1712,1303,2118,1145,1781,2277,1028,1670,1303,1189,0,1827,816,810,113,2393,2119,2051,1306,1004,2269,2300,783,2148,2189,1200,988,1991,1303,2310,2412,1678,464,1206,2383,1883,2119,1335,919,0,2313,1905,1303,2280,1328,1034,2283,1562,2119,1709,2233,2257,1297,1304,1678,1743,485,1131,946,1293,1310,1703,1292,913,2113,1203,1021,1591,312,2018,2307,1088,1166,1127,2345,1238,2148,2401,1060,1743,1472
0,0,0,1336,0,0,0,0,0,0,0,0,0,0,0,0,0,0,0,0,0,0,0,0,0,0,0,0,0,0,0,995,0,0,1141,0,0,0,0,0,0,0,0,0,0,0,0,0,0,0,0,0,0,0,0,0,1100,0,0,0,0,1411,0,0,0,0,0,0,0,0,0,1406,0,0,0,0,1001,0,0,0,0,0,0,0,0,0,0,0,0,0,0,0,0,0,0,0,0,0,0,0,0,0,0,0,0,0,0,0,0,0,0,0,0,0,0,0,0,0,0,0,0,0,0,1130,0,0,0,0,0,0,0,0,0,0,1268,0,0,0,1281,0,0,0,0,0,0,0,0,0,0,0,0,0,0,0,0,0,0,0,0,0,0,0,0,0,0,0,0,0,0,0,0,0,1012,0,0,0,0,0,0,0,0,0,0,0,0,0,0,0,0,0,0,0,0,0,1033,1233,0,0,0,0,0,0,0,0,0,0,0,969,0,0,0,0,0,1119,1081,0,0,0,0,0,0,0,0,0,0,0,0,995,0,0,0,0,978,0,0,0,0,0,0,0,1153,1009,1182,0,0,0,0,0,0,0
2242,735,1130,1324,2106,1064,2128,1291,1116,1241,1287,1104,0,0,1037,1333,1593,1290,1126,1890,2983,1325,864,1060,2983,1088,1013,980,1371,2854,435,1181,962,1382,1129,921,2155,1332,505,1118,1080,1848,1289,1292,1060,1218,1184,1081,1570,1146,1234,336,1218,1248,1867,1394,1372,1781,1258,1876,1176,1402,1146,2176,1640,1292,971,1372,404,2128,1315,1656,1205,1781,420,1168,1500,1589,2354,2934,454,2167,1666,553,2625,1770,1289,2090,1223,1913,1474,2176,2171,1233,1352,613,1275,1408,676,1232,2128,1400,548,579,966,386,735,1173,2265,2104,1160,2356,434,2801,1115,2155,479,1229,1307,2212,2098,1006,2802,1634,1172,2167,2104,0,1275,2140,392,2244,979,3116,1566,1227,1226,1644,1551,2104,407,1179,2812,1051,1292,2140,1468,1058,3101,1904,1394,1255,1245,1917,1228,1382,1116,902,1208,1296,1308,1113,1382,306,1240,0,1769,413,1395,735,1382,2104,1230,1769,2265,506,693,1291,200,0,1815,1258,288,1288,2917,2104,1327,318,471,2257,2288,237,2139,2174,1279,1539,1052,1291,1354,2936,1666,953,1285,2582,1869,2104,1323,1205,0,1135,1098,1291,2268,1673,1316,985,585,955,732,1201,994,730,1292,1666,766,974,1119,1231,1372,323,1691,1371,1444,2101,1282,499,1579,1209,1082,3115,1649,1251,1697,1381,1226,2139,1278,538,766,486
1557,1709,1813,1062,1870,2018,1892,846,2042,2183,644,336,0,941,0,887,1352,845,2109,1640,2726,735,661,1937,2726,2098,404,774,728,2602,930,921,2030,739,2028,1860,1919,1783,1057,1783,1772,1603,2005,847,1934,575,1805,1746,1328,2080,2197,855,575,770,1616,916,1323,1541,1410,1626,932,1138,1860,1938,1397,847,263,894,923,1892,2132,1114,1745,1541,939,2079,969,1338,2111,2682,973,1931,1425,1072,2448,1527,1656,1854,979,1663,1229,1938,1933,755,874,1198,632,2111,1240,2068,1892,2111,1067,1553,1860,1370,1709,2111,1545,1860,2111,2113,739,2549,347,1919,1009,1920,1671,1976,1862,1885,2550,1090,2111,1929,1860,0,632,1904,1371,2054,1844,2700,1024,781,782,1403,1230,1860,1391,935,2556,1968,1892,1904,392,2147,2831,1654,916,2147,2125,1667,782,739,1896,467,565,1730,1568,2101,739,1291,500,0,1529,957,917,1709,739,1860,1163,1529,2075,1025,1667,846,1186,0,1575,1018,807,693,2665,1860,1796,1303,1001,2021,2107,780,1909,1936,1007,999,1718,846,2111,2684,1425,747,642,2405,1618,1860,878,1125,0,2047,1714,846,2032,1342,1266,2008,1559,1860,1706,2032,2062,1294,847,1423,1740,768,876,959,729,1307,1450,728,927,1865,639,1018,1336,463,1756,2845,1335,1181,1144,2079,748,1910,2143,1057,1740,1469
1165,1820,1194,935,1019,1519,1023,252,1532,1633,731,1032,0,1032,801,0,353,251,1590,716,1978,981,752,1380,1978,1547,1230,963,815,1839,1021,2000,1487,826,1847,1301,1054,1284,1148,1284,1273,721,1448,253,1435,681,1246,1247,331,1570,1645,946,681,246,707,542,1151,554,887,702,516,1007,1301,1373,475,253,1062,520,1014,1024,1582,991,1187,554,1030,1569,1603,741,1257,1919,1064,1069,425,1163,2054,608,1126,986,634,739,651,1373,1368,261,500,1291,719,1592,1324,1891,1024,1592,1158,1664,1301,1461,1820,1592,1278,1301,1592,1259,830,1786,1043,1055,1100,1362,1139,1114,994,1327,1787,1162,1592,1364,1301,0,719,1040,1462,1549,1342,1937,2454,232,188,403,1457,1301,1482,585,1804,1410,1555,1040,1083,1643,2086,730,542,1558,1536,743,146,826,1373,964,671,1231,1038,1582,826,1383,1320,0,456,1048,543,1821,826,1301,1653,456,2137,1116,1779,252,1278,0,598,476,898,939,1902,1301,1267,1395,1092,1159,1610,871,1355,1371,1363,1466,1219,252,1592,1921,425,936,729,2095,709,1301,284,1374,0,1537,1185,252,1170,1173,1106,1448,1671,1301,1818,1443,1471,1378,253,504,1852,957,444,1624,816,1399,450,815,1387,1001,726,1109,414,1289,1248,2100,981,1590,1016,1569,374,1355,1584,1148,1852,1561
979,1687,1163,1525,560,1279,571,469,1687,1598,904,805,0,920,685,287,0,468,1555,511,1654,754,640,1345,1654,1512,1003,848,988,1514,909,1782,1452,999,1607,1266,613,1251,1036,1251,1240,538,1413,470,1402,854,1211,1214,50,1725,1610,834,854,463,166,709,1430,181,854,497,566,1128,1266,1338,231,470,835,687,902,571,1547,1108,1154,181,918,1724,1781,338,1053,1594,952,621,71,1051,1730,148,1093,533,415,534,445,1338,1333,478,667,1177,892,1557,1219,1649,571,1557,1046,1531,1266,1348,1687,1557,1091,1266,1557,1055,718,1461,816,613,988,1327,1323,666,541,1292,1462,1490,1557,1329,1266,0,892,598,1349,1778,1309,1612,2244,399,405,49,1633,1266,1369,366,1480,1375,1306,598,856,1610,1762,525,709,1672,1664,538,342,999,1340,867,844,1198,1005,1547,999,1269,1099,0,169,936,710,1687,999,1266,1841,169,1774,1004,1645,469,1164,0,225,357,786,712,1577,1266,1449,1281,980,711,1845,759,1212,1336,1536,1237,1186,469,1557,1596,71,821,902,1771,168,1266,501,1341,0,1692,1361,469,722,1471,1449,1413,1537,1266,1684,1681,1713,1273,470,301,1718,842,586,1800,989,1285,96,988,1354,549,899,997,213,1065,1403,1776,908,1766,944,1724,541,1212,1547,1036,1718,1447
1183,1851,1213,1779,1038,1547,1042,0,1546,1721,905,1071,0,1071,829,288,373,0,1613,735,1998,1020,791,1403,1998,1573,1269,998,989,1859,1062,2028,1511,1000,1875,1324,1073,1298,1189,1298,1287,740,1471,1,1449,855,1269,1261,351,1584,1668,987,855,83,727,710,1684,574,901,721,555,956,1324,1396,495,0,1101,688,1055,1042,1608,943,1209,574,1071,1583,1618,761,1277,1939,1105,1087,445,1204,2074,628,1141,1004,673,758,671,1396,1391,98,668,1332,893,1615,1362,1908,1042,1615,1199,1695,1324,1502,1851,1615,1296,1324,1615,1279,870,1806,1082,1073,1141,1385,1157,1132,1012,1350,1807,912,1615,1387,1324,0,893,1058,1495,1554,1357,1957,2482,400,82,423,1473,1324,1523,624,1824,1433,1581,1058,1122,1658,2106,749,710,1567,1545,762,343,1000,1380,996,845,1246,1054,1605,1000,1423,1357,0,476,1089,711,1851,1000,1324,1671,476,2147,1157,1809,0,1318,0,618,515,939,978,1922,1324,1282,1435,1133,1177,1615,910,1378,1394,1379,1492,1234,0,1615,1941,445,971,903,2115,729,1324,32,1390,0,1552,1200,0,1188,916,1705,1471,1701,1324,1848,1456,1480,1416,1,524,1882,992,499,1640,990,1439,470,989,1403,1019,900,1151,434,1326,1263,2120,932,1606,966,1584,542,1378,1608,1190,1883,1600
1825,1114,975,1751,1146,1823,1090,1525,1617,1307,1771,1605,0,1360,1494,1473,1101,1524,0,1367,1860,1557,1360,1065,1860,1223,1795,1030,1855,1721,1159,1941,1164,973,1788,984,1106,1329,1429,1329,1318,1375,1133,1526,1484,971,929,1453,1080,1655,1319,1159,1107,1487,1358,1633,1656,1288,1176,1353,1362,1697,984,1046,1217,1526,1641,1611,1424,1090,1258,1681,958,1288,1441,1654,1890,1134,1876,1801,1212,1080,1173,1516,1936,1259,1416,1073,1223,1390,1298,1046,1041,1472,1591,1173,1096,5,1529,1821,1090,5,1512,1309,984,1314,1278,5,1995,984,5,1878,1393,1668,1616,1106,1442,1047,1431,1071,1081,1012,1669,1718,5,1037,984,0,929,1138,1244,2066,1619,1819,2513,1463,1460,1151,1745,984,1133,1179,1685,1095,1459,1138,1653,1692,1967,1381,1633,1843,1821,1394,1464,1021,1664,960,1711,1276,1328,8,1150,1110,1145,0,1276,1168,1634,1365,1188,984,1949,1276,2056,1179,1381,1525,1143,0,1294,1186,1380,1520,1783,984,1556,1277,1426,1164,1919,1407,1038,1044,1648,1703,1238,1525,5,1802,1173,1207,923,1976,1360,984,1557,1664,0,1622,1474,1525,1175,1699,1667,667,1314,984,1380,1727,1758,1271,1526,1155,1159,1229,1489,1911,1102,1360,1198,1855,1677,1018,1766,1498,1156,953,1540,1981,1681,1875,1697,1654,1465,1038,1267,1249,1397,1368
709,1862,1522,1410,1123,1151,1127,727,1559,1980,1098,965,0,1083,839,545,471,726,1906,0,1886,914,803,1664,1886,1828,1163,1010,1182,1747,1075,1639,1774,1193,1479,1584,1158,1589,1202,1589,1568,266,1731,728,1493,1025,1529,1462,449,1597,1927,1000,1025,721,841,968,1315,669,1071,50,739,1356,1584,1659,609,728,995,946,1068,1127,1863,1340,1459,669,1084,1596,1661,511,1154,1827,1118,1172,543,1217,1962,742,1411,1089,667,49,538,1659,1654,736,926,1345,1082,1908,1375,1521,1127,1908,1212,1706,1584,1516,1862,1908,816,1584,1908,1156,884,1694,976,1158,1154,1647,1195,1217,1097,1611,1695,1377,1908,1650,1584,0,1082,1143,1507,1758,1588,1708,2139,657,663,521,1515,1584,1537,539,1712,1695,1178,1143,1016,1701,1684,38,968,1544,1536,91,600,1189,1561,1007,1015,1452,1323,1898,1189,1437,1253,0,574,1102,969,1862,1189,1584,1718,574,2069,1170,1820,727,1332,0,707,527,952,872,1810,1584,1321,1449,1146,1262,1815,924,1627,1657,1421,1118,1401,727,1908,1829,543,983,1092,2102,843,1584,759,1509,0,1564,1233,727,1273,1358,1336,1730,1712,1584,1859,1553,1585,1428,728,638,1893,1004,832,1682,1179,1453,568,1178,1522,1104,1089,1163,548,1222,1275,1698,1340,1648,1356,1596,800,1627,1864,1202,1893,1612
1202,1194,2014,1352,1304,1374,1379,2089,1759,2109,2561,2002,0,2437,2155,1910,1448,2088,1635,1661,0,1956,2165,1858,1,2024,2191,2350,2645,622,1134,1031,1967,959,1081,1779,1320,1475,1193,1475,1464,1452,1926,2090,1626,2511,1724,1438,1811,1797,2123,920,2511,2083,1626,2427,1437,1416,1208,1647,2034,1428,1779,1963,1962,2090,2040,2405,1134,1379,2059,1412,1966,1416,1119,1796,1237,1867,701,331,1171,1316,1905,1023,183,1453,1449,1362,1754,1684,1668,1963,1970,2098,2385,1190,2549,1635,1058,1022,1379,1635,986,1147,1779,909,956,1635,1067,1779,1635,699,2235,434,2013,1320,1179,1841,1422,1123,1370,1806,435,1369,1635,1976,1779,0,2549,1427,1060,577,801,210,2336,2021,2023,1883,1269,1779,932,1895,79,1889,1405,1427,2050,1832,390,1675,2427,1082,1060,1688,1965,1206,647,2201,2501,1422,1361,1625,1163,905,2277,0,1436,1154,2428,1205,965,1779,1124,1436,712,2507,989,2089,914,0,1395,1794,2289,1919,314,1779,1543,2767,966,1327,563,2280,1923,1966,1355,1282,1410,2089,1635,333,1905,2323,2559,224,1628,1779,2121,1432,0,1764,1456,2089,1228,1430,1321,1707,1148,1779,1025,968,996,1060,2090,1623,1260,2344,2158,1258,1159,1153,1442,2645,1445,1307,2556,1005,1902,2245,1515,404,1412,1226,1428,1796,2259,1924,2064,1021,1273,1173
1331,1730,1886,1248,1964,2233,1986,1146,2153,2287,1062,54,0,956,333,1187,1450,1145,2198,1744,2415,0,676,2043,2415,2201,267,520,1146,2463,945,2279,2135,1157,2129,1964,2013,1898,1072,1898,1887,1355,2111,1147,2049,993,1911,1861,1426,2191,2302,870,993,1102,1713,1248,1294,1638,1509,1730,1030,1110,1964,2042,1494,1147,163,1226,938,1986,2236,1309,1826,1638,954,2190,943,1436,1949,2543,988,2025,1523,1087,2491,1624,1757,1948,649,1767,993,2042,2037,1087,1206,1214,1050,2200,1253,2156,1985,2200,1082,1574,1964,1385,1730,2200,1223,1964,2200,1951,754,2410,65,2012,1024,2026,1778,2069,1955,1991,2411,1062,2200,2033,1964,0,1050,1997,1386,2138,1932,2323,1206,1081,1082,1500,990,1964,1406,684,2417,2074,1993,1997,113,2270,2301,1758,1248,2229,2207,1771,1082,1157,1971,293,983,1845,1669,2190,1157,1306,379,0,1625,968,1249,1726,1157,1964,935,1625,2159,1036,1684,1146,1197,0,1671,628,818,120,2526,1964,1897,1314,1012,2114,2182,791,2015,2040,1184,974,1833,1146,2200,2545,1522,493,1060,2391,1715,1964,1178,906,0,2158,1815,1146,2125,1086,1021,2121,1576,1964,1723,2118,2142,1303,1147,1520,1757,514,974,1126,1147,1318,1547,1146,2018,1958,1057,1029,1434,342,1863,2315,1300,952,1347,2190,1080,2016,2247,1068,1757,1480
2116,1050,1366,1319,2273,1059,2295,1477,1344,1242,1453,1245,0,286,1205,1486,1765,1476,1126,2069,3335,1491,0,1062,3335,1089,1279,1135,1537,2759,275,1175,1164,1548,1357,926,2322,1101,410,1348,1301,1967,1291,1478,1057,1384,982,1302,1744,1143,1023,199,1384,1439,2026,1585,1650,1952,1253,2055,1334,1396,1150,2352,1815,1478,1126,1563,267,2295,1091,1365,1454,1952,283,1165,1237,1749,2533,3333,317,2334,1837,416,2789,1945,1063,2256,1379,2092,1599,2352,2347,1424,1543,557,1441,1407,581,1015,2294,1159,411,894,1172,716,1050,1416,2171,2280,1159,2535,81,2706,1256,2321,358,1233,1302,2378,2264,1008,2707,1627,1415,2343,906,0,1441,2306,718,2405,1177,3240,1559,1415,1412,1814,1544,2280,737,1335,3258,1272,1287,2306,1322,1273,3225,2083,1585,1249,1026,2096,1416,1548,920,1049,1374,1070,1078,1113,1548,638,1267,0,1939,306,1586,1050,1548,2280,1479,1939,2423,369,1008,1477,532,0,1985,1416,151,1454,3316,2280,1322,650,351,2423,2458,121,2302,2350,1274,1269,1268,1477,1120,3335,1836,1108,1451,2746,2028,2280,1509,1449,0,1368,1321,1477,2434,1380,1310,985,900,1158,1047,1196,989,636,1478,1841,1081,1129,1277,1225,1538,653,1861,1537,1438,2267,1448,362,1754,1236,1079,3239,1359,1504,1690,1141,1417,2302,1281,401,1081,813
2229,1201,404,2202,1079,1967,1023,1773,2111,280,2216,2049,0,1280,1918,1595,1280,1772,1127,1805,1980,2003,1282,0,1980,171,2238,1169,2300,1841,1068,2401,396,2311,2248,460,1039,1719,1083,1719,1708,1568,67,1774,1870,2166,635,1682,1348,2041,292,1299,2166,1767,1468,2069,2107,1249,1628,1791,1810,2148,460,638,1611,1774,2087,2047,1095,1023,206,2132,732,1249,1117,2040,2329,1570,1857,1921,1127,1013,1298,1164,2056,1285,1876,1006,1665,1828,1783,638,633,1908,2027,1071,2204,1004,1166,2246,1023,1004,1417,1442,460,987,1128,1004,2396,460,1004,1859,1082,1788,2060,1039,1329,264,1858,1002,1014,340,1789,2169,1004,629,460,0,2204,1071,1375,2156,2033,1939,2965,1702,1708,1563,2184,460,1037,1618,1806,312,1842,1071,2097,2078,2088,1819,2069,2319,2297,1832,1650,2311,2046,2071,2156,1666,1788,994,2311,1229,2324,0,1268,1298,2070,1223,2311,460,2350,1268,2147,1107,1247,1772,1056,0,1227,1622,1065,1966,1904,460,2015,960,1088,1095,2433,1324,684,636,2099,2141,1732,1772,1004,1923,1297,1125,2214,2097,1469,460,1804,2124,0,2008,1869,1772,1106,2150,2118,757,1199,460,1020,2208,2232,1416,1773,1410,1250,955,1857,2350,2301,1233,1274,2300,2137,951,2211,1391,1550,2292,1762,2102,2132,2314,2148,2040,1901,690,207,1158,1242,1024
1207,1194,2011,1353,1301,1373,1376,2086,1758,2103,2552,1999,0,2434,2152,1907,1441,2085,1627,1658,1,1953,2162,1852,0,2018,2188,2347,2636,622,1136,1031,1961,957,1081,1773,1317,1474,1194,1474,1463,1449,1920,2087,1625,2502,1718,1499,1808,1796,2117,922,2501,2080,1637,2417,1452,1413,1207,1644,2014,1428,1802,1960,1911,2087,2023,2395,941,1375,2043,1427,1963,1442,1122,1700,1247,1847,704,330,1174,1327,1902,1238,184,1482,1413,1358,1733,1669,1619,1987,1994,2056,2375,986,2539,1626,1280,951,1375,1626,1195,1148,1802,1099,955,1626,1078,1802,1626,702,2187,432,1996,1331,978,1877,1349,1115,1366,1843,433,1384,1626,2000,1802,0,2539,1418,1281,712,739,210,2359,1979,1981,1851,1284,1802,1128,1837,79,1925,1331,1418,2033,1759,390,1657,2417,1002,980,1670,1923,1203,638,2185,2491,1360,1335,1616,961,907,2261,0,1580,957,2418,1205,1163,1802,1137,1580,709,906,1195,2047,916,0,1421,1773,2249,1902,313,1802,1474,2745,1169,1329,521,2234,1945,1990,1366,1296,1348,2047,1626,332,1873,2269,2549,223,1639,1802,2079,1437,0,1668,1386,2047,1220,1444,1336,1698,1387,1802,1238,888,916,1062,2048,1605,1260,2290,2138,1268,1155,1153,1586,2635,1450,1303,2546,1216,1852,2226,1457,404,1427,1235,1443,1700,2249,1944,2112,1235,1272,1174
2169,1032,346,2295,1209,2271,1164,1913,2128,303,2170,1994,0,1313,1893,1711,1412,1912,1098,1763,2126,1948,1315,525,2126,0,2180,995,2254,1988,1101,2423,464,2265,2299,703,1231,1906,1349,1906,1895,1691,334,1914,2000,2120,899,1964,1414,2166,312,1337,2120,1877,1590,2023,2197,1380,1701,1746,1782,2238,703,856,1529,1914,2032,2001,1126,1164,35,2222,394,1380,1147,2165,2384,1531,1977,2068,1158,1149,1512,1446,2203,1420,1948,1147,1610,1786,1687,856,851,1862,1981,1106,2158,1100,1450,2233,1164,1100,1204,1231,703,1021,1175,1100,2310,703,1100,1979,1341,1935,2005,1231,1369,671,1974,1154,1155,740,1936,2263,1100,847,703,0,2158,1207,1417,2249,2041,2086,3071,1853,1847,1490,2240,703,1293,1563,1953,719,2148,1207,2042,2226,2235,1774,2023,2301,2279,1787,1854,1108,2078,928,2110,1853,1869,1090,2265,1050,1097,0,1400,1338,2024,1050,2265,703,2389,1400,2268,1372,1068,1913,1088,0,1359,1575,1323,1911,2051,703,2087,1200,1121,1261,2293,1358,915,854,2160,2279,1782,1913,1100,2070,1512,1158,2168,2242,1592,703,1948,2149,0,2133,1951,1916,1272,2239,2179,827,1236,703,1278,2190,2214,1457,1917,1536,1073,1186,1919,2405,2258,1275,1406,2257,2162,1092,2168,1184,1470,1110,2013,2249,2222,2369,2238,2165,1858,921,442,1191,1289,1059
1467,1614,2154,1323,2216,2349,2210,1532,2746,2490,1414,345,0,841,457,1549,1696,1531,2363,1700,2555,623,550,2270,2555,2399,0,285,1498,2664,815,1150,2365,1509,2703,2203,2237,2099,941,2099,2088,1589,2341,1533,2221,1345,2148,2185,1672,1094,2507,743,1345,1496,1945,1642,1374,1876,1750,1722,1348,1416,2203,2275,1724,1533,617,1620,811,2210,2434,1381,1167,1876,827,1119,1219,1703,2149,2554,862,2248,1769,961,2632,1859,1997,2172,752,1723,1230,2275,2270,1481,1600,1081,1402,928,1124,2696,2210,1113,955,1465,2203,1282,1614,935,1249,2203,921,2151,631,2611,356,2237,893,2260,2386,2288,2180,2226,2612,1124,934,2266,2203,0,1402,2222,1254,2301,2079,2461,1285,1472,1467,1747,1054,2203,1303,946,2483,2308,2367,2222,565,2448,2443,1738,1642,2719,2711,1763,1473,1509,2130,220,1335,2046,1918,2355,1509,1196,134,0,1864,841,1643,1614,1509,2203,999,1864,2917,913,1572,1532,1086,0,1912,890,695,524,2537,2203,2508,1208,885,2334,2345,677,2261,2273,1264,1257,2034,1532,2365,2556,1769,258,1412,2625,1947,2203,1564,972,0,2751,2421,1532,2345,1152,1085,2365,1471,2203,1611,2228,2252,1178,1533,1751,1645,279,1209,1205,1499,1219,1794,1498,1164,2183,1409,907,1664,100,2460,2457,1373,1018,1421,2783,1474,2259,2495,946,1645,1385
2196,1111,1037,1486,2343,968,2337,1545,1018,1128,1498,1301,0,355,1246,1563,1836,1544,1244,2127,3239,1567,60,968,3239,1201,1217,0,1582,2770,327,1087,2506,1593,1035,2344,2364,1214,462,1020,1186,2023,1178,1546,1162,1429,2289,983,1813,1049,928,248,1429,1510,2088,1656,1276,2010,1141,2110,1453,1579,2344,2417,1867,1546,1199,1634,316,2337,1204,1543,1108,2010,332,1070,1147,1837,2590,2850,367,2375,1908,466,2759,2002,971,2299,1450,2150,1649,2417,2412,1495,1614,607,1486,1291,634,924,2337,1062,460,962,2344,786,1111,1076,2235,2344,1284,2591,139,2717,1312,2364,409,1121,1189,2415,2307,915,2718,1259,1076,2408,2344,0,1486,2349,757,2416,2212,3143,1451,1486,1480,1886,1437,2344,807,1405,3165,960,1175,2349,1470,960,3128,2138,1656,943,934,2151,1487,1593,2266,1121,1419,1178,986,1229,1593,703,1403,0,1998,357,1657,1111,1593,2344,1371,1998,2434,418,1069,1545,593,0,2045,1494,200,1530,2833,2344,1001,715,401,2461,2476,186,2403,2415,1430,1423,1153,1545,1024,2852,1908,1182,1496,2716,2090,2344,1577,1110,0,1253,1209,1545,2472,1290,1221,2506,968,2344,1108,2361,2385,688,1546,1894,1142,1203,1351,1371,1583,723,1933,1582,1329,2310,1493,412,1808,1372,1189,3142,1271,1395,1584,1263,1488,2402,969,451,1142,888
1897,2140,1966,1266,1653,1192,1643,888,1128,2302,377,1187,0,1424,893,930,1109,887,2233,1475,2621,1139,1083,2101,2621,2209,1266,1200,0,2498,1342,1377,2180,11,1313,2016,1673,1922,1456,908,1911,1472,2172,889,2044,327,1968,917,1086,970,2320,1281,327,813,1470,523,1538,1290,1143,1458,968,1611,2016,2088,1231,889,1223,679,1349,1643,2244,1322,1102,1290,1365,963,1403,1522,1971,2578,1400,1688,1181,1499,2698,1366,1190,1605,1067,1498,1318,2088,2083,798,715,1598,110,2235,1605,957,1643,2235,1493,1991,2016,1799,2140,2235,1857,2016,2235,1973,1166,2445,1198,1673,1415,2091,968,1728,1613,2057,2446,1560,2235,2079,2016,0,110,1658,1770,2163,1118,2596,1467,825,824,1159,1473,2016,1820,1023,2452,2139,961,1658,1236,1137,2727,1486,523,960,951,1499,826,11,1992,1171,317,1096,991,2225,11,1717,1468,0,1278,1363,522,2140,11,2016,1167,1278,2753,1451,2098,888,1610,0,1329,1074,1233,1101,2561,2016,965,1729,1407,1774,2207,1211,2102,2086,1445,1187,1857,888,2235,2580,1181,1173,375,2737,1472,2016,920,1362,0,935,975,888,1785,1292,1244,2179,1997,2016,2137,1124,918,1659,889,1258,2171,1194,1171,1394,1,1736,1206,0,1132,1619,372,1445,1171,1439,1143,2741,1585,1171,1625,1161,791,2100,2326,1484,2171,1900
1464,2944,1854,1492,1157,1240,1205,1887,1627,2030,2278,1802,0,2219,1968,1709,1293,1886,1469,1482,595,1754,1937,1754,595,1893,1988,2138,2362,0,2192,1543,1846,2373,1544,1663,1161,1377,2310,1377,1366,1259,1788,1888,1499,2228,1613,1463,1619,1665,1977,2134,2228,1881,1481,2295,1394,1263,1137,1465,1855,1435,1663,1820,1754,1888,1838,2273,2202,1205,1928,1417,1786,1263,2214,1664,1732,1688,1542,179,2253,1157,1716,929,672,1301,1375,1188,1555,1505,1445,1820,1827,1896,2253,2434,2266,1471,1161,1092,1205,1471,2342,1261,1663,2637,2944,1471,1370,1663,1471,1544,2017,124,1813,1161,2265,1739,1286,945,1196,1705,125,1458,1471,1833,1663,0,2266,1248,1158,440,881,197,2263,1818,1821,1694,1512,1663,2658,1678,416,1787,1269,1248,1851,1725,710,1493,2295,1144,1122,1506,1764,2373,589,2008,2218,1324,1297,1461,2373,2563,2084,0,1415,2213,2296,2944,2373,1663,1627,1415,436,2300,2902,1887,2461,0,1243,1595,2081,1718,162,1663,1412,2575,2257,1159,351,2064,1778,1823,1419,1205,1312,1887,1471,181,1716,2111,2276,711,1484,1663,1919,1580,0,1632,1324,1887,1050,1434,1413,1542,1045,1663,1106,1030,1058,963,1888,1431,934,2132,1981,1753,2363,2574,1421,2362,1593,1133,2273,912,1694,2052,1419,724,1417,1718,1433,1664,2127,1777,1983,1119,1139,2732
2338,729,1384,1708,2352,1144,2346,1553,1419,1045,1507,1308,0,364,1255,1571,1845,1552,1400,2135,939,1576,1103,1290,941,1330,1223,1216,1591,2777,0,1272,1186,1602,1219,2354,2373,1395,128,1415,1139,2031,1075,1553,1351,1438,992,1144,1822,1208,1254,62,1438,1518,2095,1664,1757,2019,1118,2118,1461,1491,944,2426,1875,1553,1206,1642,342,2346,1329,1464,1241,2019,269,1478,1326,1845,2597,2857,416,2384,1917,486,938,2010,1385,2308,1460,2158,1657,2426,909,1503,1622,269,1495,1201,316,1102,2346,1194,397,495,1153,347,729,1211,2409,2354,1444,2599,218,2724,1319,2373,78,1230,1395,2424,2316,1011,2725,1742,1208,916,915,0,1495,2358,282,1157,1062,3247,1668,1493,1487,1895,1372,2354,390,1413,2684,1275,1381,2358,1732,1130,3232,2146,1664,1351,1110,2159,1494,1602,1208,1128,1428,1371,1402,1144,1602,365,1446,0,2007,26,1665,729,1602,2354,1317,2007,955,355,687,1552,359,0,2054,1502,120,1539,2840,2354,1168,377,70,2470,974,349,2413,2424,1364,1357,1110,1552,1156,2859,1917,1189,1505,1160,2097,2354,1584,1557,0,1191,1413,1552,2481,1469,1403,1014,501,946,726,1299,1072,370,1553,1902,760,1210,1359,1588,1592,320,1942,1591,1282,2319,1502,510,1816,1417,1390,3247,1457,1335,1496,1454,1496,2412,1277,496,760,360
2132,1308,2103,299,1952,933,1713,2064,1123,2169,1344,1838,1202,1426,1113,1885,1278,2063,1707,1723,1784,1791,1419,1970,1784,2076,952,1313,1140,1721,1536,0,2047,1251,420,1885,1780,1153,1592,1153,1132,1588,2041,2065,1320,1207,1835,1060,1253,1161,2187,1514,1381,2058,1588,969,385,1458,901,1706,1623,376,1885,2059,1369,2065,1106,1818,1538,1713,2111,360,2044,1458,1524,1160,241,1368,2078,1956,1304,1698,1351,1639,1697,1494,615,1696,1446,1746,1847,2059,2065,1679,1798,1315,1395,1709,1680,1310,1713,1709,1322,1475,1885,1236,1534,1709,2060,1885,1709,2080,1468,1668,1849,1780,1309,1960,862,1741,1704,1926,1669,317,1709,2070,1885,0,1428,1756,1678,1365,1476,1836,1526,1671,1998,1329,217,1885,1263,1399,1770,2008,1000,1756,1121,1056,2012,1734,999,1333,1325,1747,1940,1563,1180,1227,1316,1279,738,1699,1507,1493,1246,948,1446,1555,1217,1319,1259,1885,126,1446,1383,1238,1314,2064,1506,1212,1495,1414,1477,1754,1939,1885,780,1450,1298,1955,1607,1221,2020,2062,302,289,1265,2064,1709,1958,1351,1299,1430,1654,1590,1885,2096,395,0,1128,698,2064,1846,377,269,1780,1783,1885,1344,1164,1194,1682,2065,1386,1362,1299,1770,262,1488,1281,1376,1156,408,1641,1365,1339,1309,1232,1111,2026,360,231,376,1160,1672,2018,2195,1355,1655,1297
1812,925,809,1794,755,1807,710,1552,1597,700,1796,1619,0,1162,1529,1276,960,1551,594,1390,1646,1571,963,580,1646,614,1805,1684,1880,1508,982,1917,0,1891,1793,543,773,1375,1001,1375,1364,1250,650,1553,1469,1746,579,1433,1074,1635,709,1191,1746,1518,1148,1664,1696,928,1200,1373,1392,1737,543,673,1205,1553,1655,1642,1005,710,649,1721,915,928,1237,1634,1906,1164,1533,1588,1037,691,1169,1078,1723,968,1440,697,1238,1413,1319,673,668,1503,1622,1196,1784,596,1085,1781,710,596,1306,1355,543,905,2489,596,2007,543,596,1535,1191,1455,1630,773,1226,570,1461,689,705,536,1456,1762,596,664,543,0,1784,749,1280,1824,1610,1606,2560,1493,1487,1147,1762,543,953,1194,1473,618,1487,749,1667,1695,1755,1401,1664,1801,1779,1414,1494,1891,1654,1669,1736,1322,1362,586,1891,932,1896,0,948,1195,1665,1137,1891,543,1946,948,1824,1222,957,1552,967,0,907,1204,973,1534,1571,543,1581,2113,1211,796,1895,1208,585,671,1665,1790,1251,1552,596,1590,1169,1657,1794,1762,1150,543,1584,1643,0,1602,1446,1552,807,1738,1684,357,1126,543,952,1685,1716,1090,1553,1174,1170,1678,1536,1927,1881,1138,954,1880,1656,638,1791,1285,1145,1867,1518,1769,1721,1891,1737,1634,1496,583,804,1295,965,1144
1909,2155,917,1669,1664,1101,1654,900,1286,2317,389,1199,0,1436,905,942,1122,899,1175,1487,1158,1151,1095,2115,1155,2224,1278,1212,11,2504,1354,1511,2195,0,1197,2031,1684,1238,1471,1259,1028,1482,2186,901,1009,339,1983,1261,1098,1330,2335,1293,339,825,1482,535,1397,1303,1063,1470,975,1755,2031,2103,1243,901,1236,691,1361,1654,2259,1438,1278,1303,1377,1326,1546,1536,1978,2584,1412,1699,1194,1511,1161,1378,1329,1616,1075,1510,1326,2103,2098,810,727,1610,122,1019,1623,1289,1654,1010,1505,2006,2031,1811,2155,1034,1866,2031,1227,1980,1178,2451,1211,1684,1427,2105,1089,1739,1624,2071,2452,1701,1241,2094,2031,0,122,1669,1782,926,1249,2602,1334,837,836,1172,1614,2031,1832,1031,2458,2153,1304,1669,1249,1282,2733,1498,535,1074,1286,1511,838,0,1158,1183,329,1035,1338,955,0,1729,1481,0,1291,1375,534,2155,0,2031,1283,1291,915,1463,2113,900,1622,0,1342,1082,1245,1115,2567,2031,1314,1741,1419,1785,1158,1223,2111,2101,1316,1307,1208,900,1179,2586,1194,1185,387,972,1484,2031,932,1503,0,1069,1097,900,1796,1709,1645,2193,2012,2031,2152,1041,1030,1677,901,1270,2186,1206,1183,1536,10,1748,1219,11,1505,1630,384,1457,1183,1452,1293,2747,1428,1289,1767,1093,803,2109,2340,1496,2186,1912
2280,1515,2086,510,1936,989,1698,1702,1046,2146,1059,1822,945,1364,1719,1598,1261,1701,1686,1926,1400,1775,1124,1944,1400,2053,2008,1250,1087,1685,1472,206,2024,1445,0,1859,1765,1076,1264,1076,1055,1799,2015,1703,1177,1153,1809,983,1236,1084,2164,1450,1089,1664,1570,1108,596,1441,862,1909,1605,587,1859,2048,1353,1703,1859,1788,1221,1698,2088,571,2027,1441,1210,1083,421,1350,2060,1571,1512,1683,1334,1304,1312,1476,599,1681,1426,1949,1516,2048,2054,1649,1768,1261,1329,1688,1337,907,1698,1688,1534,1421,1859,1428,1468,1688,2244,1859,1688,2062,1406,1632,1833,1765,1256,1934,790,1725,1689,1900,1633,528,1688,2059,1859,0,1363,1741,1336,1326,1038,1451,1703,1640,1637,1312,428,1859,1209,1381,1385,1982,814,1741,1870,979,1627,1937,1143,901,879,1950,1641,1497,1113,964,1250,1031,668,1678,1194,1428,979,0,1429,1491,1154,1527,1205,1859,306,1429,1345,1433,1522,1702,1194,953,1479,1396,1414,1738,1554,1859,707,1385,1504,1939,1232,1170,2009,2051,513,469,1122,1702,1688,1573,1334,1235,1130,1269,1572,1859,1734,433,0,1051,625,1702,1830,588,480,1760,1422,1859,1290,788,815,1618,1703,1368,1580,1024,1769,442,1179,1482,1359,1332,446,1626,1076,1554,1293,1169,923,1641,571,411,587,1083,1642,2007,2169,1302,1316,1243
1990,2673,598,960,868,1723,813,1690,1737,493,1938,1816,0,1113,1712,1376,1058,1689,792,1577,1746,1768,1118,276,1746,400,2002,1871,2022,1608,1913,2202,322,2033,2077,0,880,1487,1095,1487,1476,1352,347,1691,1609,1888,136,1573,1126,1775,440,1109,1888,1651,1246,1797,1137,1026,1420,1560,1598,1015,0,409,1346,1691,1852,1775,1130,813,435,1017,696,1026,967,1774,2109,1343,1630,1688,1166,798,1075,996,1823,1066,1665,796,1419,1600,1509,409,404,1636,1755,2157,1926,794,989,1980,813,794,1230,1207,0,2360,2673,794,2080,0,794,1632,938,1555,1827,880,1125,267,1606,794,804,235,1556,1185,794,400,0,0,1926,856,1152,1959,1822,1706,2791,1628,1625,1305,916,0,2381,1374,1573,315,1587,864,1864,1826,1865,1588,1797,2011,1989,1601,1629,2033,2090,1853,1878,1434,1587,784,2033,2287,2098,0,1054,906,1798,2673,2033,0,2119,1054,1965,962,2631,1690,2185,0,1013,1389,915,1731,1681,0,1806,2299,1110,911,1585,954,460,407,1884,1855,1415,1690,794,1700,1083,1844,1936,1872,1256,0,1722,1869,0,1742,1642,1690,923,1161,932,548,1005,0,2670,1896,1926,996,1691,1201,2704,1865,1762,2130,2023,2297,1061,2022,1882,750,1933,1191,1286,2066,1532,1880,1005,2094,1031,1774,1629,466,501,1195,2704,2455
1525,2290,1339,1761,162,1529,139,1097,1613,1226,1496,1463,0,1571,1303,919,603,1096,1067,1111,1357,1417,1252,1175,1357,1138,1649,1459,1580,1219,1506,2007,1106,1591,1883,1066,0,1236,1627,1236,1225,894,1213,1099,1485,1444,1030,1449,672,1651,1237,1448,1444,1092,792,1609,1663,560,1126,1094,1236,1704,1066,892,747,1099,1501,1587,1516,139,1173,1688,1233,560,1532,1650,1839,1008,1177,1299,1567,64,609,1666,1434,612,1366,193,1043,1134,1081,892,898,1107,1567,1768,1482,1069,1791,2114,15,1069,1660,2141,1066,1956,2290,1069,1624,1066,1069,1179,1336,1166,1474,0,1577,1164,1346,118,201,1132,1167,1729,1069,903,1066,0,1481,15,1918,1535,1907,1317,2494,1027,1034,810,1693,1066,1977,999,1184,1212,1329,15,1511,1711,1466,1122,1609,2186,2164,1135,975,1588,1642,1455,1433,1183,1288,1059,1588,1882,1747,0,580,1525,1610,2290,1588,1066,1886,580,1526,1618,2248,1098,1777,0,539,980,1400,1380,1282,1066,1471,1894,1569,94,1812,1381,853,894,1596,1476,1267,1098,1069,1301,609,1433,1491,1473,794,1066,1130,1571,0,1618,1384,1098,105,1705,1615,1063,2147,1066,2287,2072,2100,1845,1099,738,2321,1454,1222,1860,1578,1893,586,1577,1584,72,1488,1612,845,1716,1278,1480,1688,1825,1106,1650,1441,852,1405,1651,2321,2051
2114,1374,1551,1016,1736,672,1489,1587,34,1636,1831,1697,0,1103,1603,1519,1166,1586,1153,1703,1757,1649,1330,1432,1757,1548,1883,1005,1915,1663,1155,1157,1520,1025,1026,1338,1556,0,1434,0,19,1566,1502,1588,215,1216,1293,55,1142,83,1650,1388,948,1553,1460,1699,918,1346,610,1686,1465,959,1338,1410,1262,1588,1733,1677,1413,1489,1583,943,1483,1346,1175,82,1230,1233,1960,1743,1202,1474,1238,1249,1698,1356,768,1472,1307,1726,1394,1410,1405,1538,1657,1180,946,1155,1532,1046,1489,1155,1493,1602,1338,1095,1087,1155,2040,1338,1155,1962,1368,1610,1708,1556,1192,1421,559,1524,1480,1387,1611,984,1155,1401,1338,0,1173,1532,1514,1303,1059,1761,1819,1527,1521,1216,1083,1338,1370,1263,1584,1469,540,1532,1745,341,1866,1714,1698,1069,1061,1727,1528,1295,1113,933,1770,53,668,1145,1011,1110,929,0,1334,1167,1699,1392,1035,1338,1287,1334,1322,1399,1160,1586,1372,0,1385,1273,1128,1612,1726,1338,688,1062,1424,1738,1356,1143,1431,1408,986,731,133,1586,1155,1745,1238,980,1169,1655,1462,1338,1618,862,0,39,599,1586,1629,960,1005,1226,1330,1338,1170,1024,1052,1272,1587,1248,1187,1199,1629,1251,1183,1136,1263,1097,875,1417,914,1490,1202,929,285,1880,943,1218,959,82,1530,1429,1656,1245,1435,1384
2520,734,1164,1460,2558,1434,2552,1702,1462,1063,1684,1487,0,556,1434,1744,2048,1701,1183,2320,988,1737,1289,1308,989,1117,1409,1403,1768,2915,177,1318,1209,1779,1527,907,2579,1187,0,1454,1417,2137,1315,1703,1393,1615,1218,1180,2026,1502,1275,240,1615,1664,2297,1810,1809,2224,1400,2303,1680,1856,1151,2555,2077,1703,1393,1788,528,2552,1116,1824,1529,2224,455,1518,1370,2083,2803,2995,602,2591,2119,472,986,2212,1437,2514,1650,2343,1835,2555,1120,1649,1768,316,1672,1226,302,1146,2552,1471,583,500,1161,394,734,1237,2520,2483,1221,2805,409,2862,1498,2579,221,1244,1196,2631,2522,1237,2863,1798,1234,933,1125,0,1672,2564,329,1001,1336,3420,1721,1640,1637,2097,1712,2483,437,1603,936,1069,1184,2564,1698,1170,3405,2331,1810,1161,1392,2344,1641,1779,1042,1321,1605,1171,1453,1411,1779,412,1639,0,2212,155,1811,734,1779,910,1362,2212,1203,541,692,1702,547,0,2261,1692,306,1700,2978,2483,1207,424,213,2677,1231,540,2544,913,1407,1401,1383,1702,1426,2997,2119,1376,1682,1217,2299,2483,1734,1610,0,1479,1210,1702,2688,1513,1448,1253,506,1152,731,1352,1347,356,1703,2104,765,1397,1580,1359,1769,367,2144,1768,1327,2525,1679,519,2018,1608,1190,3419,1503,1379,1542,1496,1642,2543,1290,482,765,407
2114,1155,1551,1016,1736,672,1489,1586,34,1636,1102,1697,0,1350,1602,1519,1166,1585,1153,1703,1751,1649,1116,1432,1751,1548,1883,1232,1097,1657,1171,1157,1520,1043,1026,1338,1556,0,1204,0,19,1566,1502,1587,215,1025,1293,55,1142,83,1650,1165,965,1552,1460,1698,918,1346,610,1686,1483,959,1338,1410,1262,1587,1733,1676,1185,1489,1583,943,1483,1346,1438,82,1230,1233,1960,1737,1218,1474,1238,1528,1692,1356,768,1472,1307,1726,1394,1410,1405,1537,1656,1196,1164,1155,1551,1046,1489,1155,1511,1622,1338,1342,1334,1155,2040,1338,1155,1956,1148,1604,1709,1556,1459,1421,559,1524,1480,1387,1605,984,1155,1401,1338,0,1194,1532,1270,1297,1065,1755,1819,1527,1521,1216,1083,1338,1151,1263,1578,1469,540,1532,1746,341,1860,1714,1698,1069,1061,1727,1528,1090,1113,1144,1097,53,668,1145,1029,1360,945,0,1334,1429,1699,1413,1053,1338,1287,1334,1316,1173,1176,1586,1152,0,1385,1273,1143,1613,1720,1338,688,1078,1195,1738,1350,1399,1431,1408,986,731,133,1586,1155,1739,1238,1201,985,1649,1462,1338,1618,862,0,39,599,1586,1629,960,1005,1226,1626,1338,1187,1024,1052,1289,1587,1248,1455,1007,1647,1251,1205,1393,1263,1119,875,1417,1125,1249,1202,944,285,1874,943,1218,959,82,1530,1429,1656,1523,1205,1163
2115,1131,1540,1046,1725,702,1478,1419,45,1625,1664,1482,0,1305,1391,1320,959,1418,1142,1706,1576,1436,1078,1421,1576,1536,1668,982,1748,1478,1375,1187,1509,1242,1056,1327,1545,19,1173,19,0,1569,1491,1420,204,1214,1282,44,936,94,1639,1131,1140,1381,1248,1527,948,1139,640,1689,1255,989,1327,1399,1067,1420,1520,1505,1390,1478,1571,973,1472,1139,1394,93,1260,1027,1760,1558,1184,1463,1031,1488,1528,1144,798,1461,1101,1729,1181,1399,1394,1366,1485,1409,1142,1144,1253,1076,1478,1144,1215,1316,1327,1082,1307,1144,2070,1327,1144,1762,1342,1425,1493,1545,1175,1410,589,1513,1469,1376,1426,1014,1144,1390,1327,0,1172,1521,1498,1118,848,1576,1849,1357,1354,1009,1113,1327,1352,1057,1403,1458,570,1521,1530,371,1685,1717,1527,1099,1091,1730,1358,1298,916,909,1604,42,698,1134,1228,1322,1098,0,1127,1151,1528,1144,1253,1327,1317,1127,1137,1136,1388,1419,1118,0,1179,1066,1108,1399,1541,1327,717,1266,1405,1727,1171,1353,1420,1397,1016,761,122,1419,1144,1560,1031,958,968,1485,1250,1327,1451,892,0,50,629,1419,1618,990,1035,1215,1319,1327,1405,1054,1083,1518,1420,1036,1426,970,1382,1281,989,1124,1056,1106,905,1406,1104,1216,1007,1096,315,1699,973,1247,989,93,1359,1418,1645,1483,1183,1371
935,1823,1658,1840,1331,1614,1324,880,2012,2059,1027,631,0,1033,794,703,643,879,1922,504,2135,579,751,1782,2135,1922,826,958,1111,2000,1019,2089,1874,1122,1968,1691,1351,1575,1145,1575,1564,0,1816,881,1697,958,1641,1661,621,2050,2006,944,958,874,995,1097,1742,824,1239,487,825,1145,1691,1771,756,881,660,1075,1012,1324,1957,927,1586,824,1028,2049,1999,706,1382,2080,1063,1364,715,1162,2212,891,1479,1288,301,527,466,1771,1766,936,1055,1286,1015,1924,1318,1980,1326,1924,1156,1671,1691,1478,1820,1924,887,1691,1924,1384,831,1947,642,1353,1098,1767,1658,1404,1296,1734,1948,1808,1924,1762,1691,0,1015,1338,1445,2271,1652,2098,2561,930,816,693,1855,1691,1499,424,1965,1815,1639,1338,682,1913,2241,515,1097,2003,1995,528,758,1122,2377,846,948,1522,1401,1914,1122,1397,925,0,812,1046,1098,1820,1122,1691,2013,812,2262,1114,1778,880,1288,0,865,345,896,536,2063,1691,1779,1409,1090,1450,2545,877,1775,1769,1766,1555,1510,880,1924,2082,715,931,1025,2251,997,1691,912,1682,0,2017,1692,880,1461,1111,1763,1834,1677,1690,1817,1957,1986,1372,881,783,1851,952,939,2020,1112,1415,740,1111,1695,1299,1022,1108,696,891,1725,2255,918,1984,1154,2049,929,1774,2010,1147,1851,1578
2244,1000,558,2309,1122,1993,1077,1799,2120,474,2291,2108,0,1067,1974,1622,1322,1798,1089,1841,2028,2062,1069,159,2028,360,2294,975,2375,1890,1298,2471,477,2386,2313,547,1144,1898,1089,1898,1887,1608,0,1800,1992,2162,728,1956,1390,2158,483,1307,2162,1793,1500,2144,2211,1291,1719,1824,1862,2252,547,687,1632,1800,2146,2122,1101,1077,395,2236,857,1291,1358,2157,2399,1645,1893,1970,1369,1062,1340,1414,2105,1330,1962,1060,1724,1864,1781,687,682,1808,2102,1301,2279,1091,1172,2233,1077,1091,1180,1199,547,993,1134,1091,2327,547,1091,1895,1089,1837,2119,1144,1107,135,1882,1067,1068,421,1838,2278,1091,678,547,0,2279,1120,1382,2181,2042,1988,3085,1729,1734,1592,2255,547,1043,1677,1855,391,1866,1120,2156,2218,2137,1852,2144,2302,2280,1865,1677,2386,2289,1099,2152,1845,1884,1081,2386,1024,2383,0,1311,1081,2145,1018,2386,547,2404,1311,2172,1346,1253,1799,1283,0,1270,1688,1295,2025,1953,547,2102,1167,1321,1174,2458,1103,743,685,2175,2121,1774,1799,1091,1972,1340,1134,2289,2144,1502,547,1831,2164,0,2125,1966,1799,1185,2254,2194,842,1454,547,1238,2191,2215,1179,1800,1456,1256,963,1988,2421,2376,1240,1317,2375,2177,1005,2286,1158,1572,2352,1825,2151,2237,2385,2253,2157,1976,749,230,1406,1248,1243
1113,1878,1223,1113,1034,1636,1013,0,1495,1611,926,1082,0,1094,848,287,373,3,1561,742,2011,1032,812,1402,2011,1518,1272,1019,1010,1873,1083,2111,1491,1021,1990,1309,1043,1245,1202,1245,1234,744,1472,0,1367,876,1264,1331,351,1533,1621,1008,876,85,738,710,928,560,889,725,592,989,1372,1423,496,0,1113,750,1076,1027,1553,1181,1239,574,1092,1555,1598,795,1213,1887,1125,1075,472,1224,2022,559,1110,990,708,689,601,1423,1418,100,730,1330,912,1597,1341,1832,1027,1597,1212,1751,1372,1557,1900,1597,1236,1372,1597,1215,910,1754,1062,1058,1156,1442,1135,1119,998,1409,1755,1143,1597,1414,1372,0,912,1043,1526,2094,1280,1905,2441,420,84,450,1452,1372,1578,660,1772,1489,1501,1043,1094,1613,2054,677,772,1855,1444,690,330,1019,1297,1056,864,1195,1045,1587,1019,1478,1351,0,562,1104,773,1900,1019,1372,1659,562,2085,1176,1858,0,1372,0,616,551,958,974,1870,1372,1215,1490,1148,1164,1523,950,1426,1421,1353,1431,1183,0,1597,1889,472,954,922,2061,665,1372,31,1321,0,1523,1130,0,1175,947,1372,1507,1757,1372,1897,1345,1373,1394,0,451,1931,978,474,1615,1009,1494,497,1008,1334,1004,919,1170,361,1319,1214,2068,968,1578,1208,1555,604,1424,1649,1209,1931,1658
1890,1111,1695,1194,1857,887,1610,1571,421,1692,1810,1668,0,1280,1612,1511,1190,1570,1285,1451,1666,1625,1277,1523,1666,1746,1870,962,1894,1568,1118,1359,1662,1219,1241,1471,1604,142,1153,142,131,1477,1586,1572,0,985,1413,105,1163,209,1662,1111,925,1537,1446,1683,1087,1352,608,1434,1467,1128,1471,1524,1245,1572,1712,1661,1131,1610,1781,1112,1616,1352,1134,208,1308,1217,1939,1648,1163,1858,1262,1463,1622,1342,829,1594,1295,1474,1380,1524,1519,1522,1641,1146,926,1287,1489,1234,1610,1287,1195,1296,1471,1283,1283,1287,2026,1471,1287,1941,1317,1515,1679,1604,1155,1515,730,1646,1602,1482,1516,1152,1287,1515,1471,0,1149,1635,1474,1208,946,1666,2005,1512,1506,1240,1165,1471,1328,1247,1493,1562,713,1635,1711,525,1775,1462,1683,1180,1158,1475,1513,1056,1021,1726,1753,89,764,1277,1205,1298,1963,0,1340,1131,1684,1358,1019,1471,1373,1340,1227,1116,1129,1571,1098,0,1387,1259,1314,1592,1631,1471,866,1242,1380,1860,1261,1329,1522,1522,1066,920,95,1571,1287,1650,1262,938,1147,1579,1448,1471,1603,1039,0,426,781,1571,1751,1129,1085,1358,1299,1471,1381,1060,1090,1237,1572,1234,1402,950,1633,1329,1173,1334,1287,1897,1052,1539,1808,1444,1185,1933,468,1789,1112,1293,1128,208,1515,1520,1726,1458,1405,1347
1757,2006,929,1621,1575,1282,1564,816,1042,2194,214,1066,0,1308,762,855,1054,815,1173,1318,2511,1022,951,2072,2511,2229,1155,1019,298,2388,1182,1458,2156,309,1392,1991,1595,1007,1296,1238,1005,1346,2104,817,1190,0,1943,1230,1028,1302,2164,1125,0,727,1314,489,1647,1216,1238,1301,869,1415,1991,2047,1075,817,1109,645,1193,1564,2264,1397,1276,1216,1209,1304,1501,1361,1832,2468,1244,1612,1126,1343,2588,1210,1061,1527,972,1341,1219,2047,2042,712,681,1433,202,1228,1443,1025,1564,1008,1331,1857,1991,1669,2006,1030,1766,1991,1013,1834,1032,2335,1077,1594,1257,2056,1274,1655,1534,2023,2336,1369,1238,2038,1991,0,202,1579,1638,2081,989,2486,1298,753,752,1104,1566,1991,1690,924,2342,2103,1262,1579,1109,1241,2617,1329,489,1034,1025,1342,754,309,916,1064,4,1009,1293,1153,309,1587,1362,0,1204,1205,488,2006,309,1991,1242,1204,2635,1295,1964,816,1481,0,1251,820,1077,989,2451,1991,1277,1599,1249,1700,910,1072,2048,2045,1280,1535,1179,816,973,2470,1126,989,212,917,1316,1991,848,1457,0,1049,1065,816,1711,1668,1324,2142,1863,1991,2003,1205,1194,1496,817,1102,2037,1013,1068,1234,299,1606,1151,298,1206,1540,209,1289,1015,1330,1040,2631,1388,1512,1720,1071,705,2046,2279,1328,2037,1770
2111,925,557,2137,1073,2109,1062,1796,1992,345,2116,1931,0,980,1860,1614,1291,1795,901,1705,2068,1887,1186,167,2068,370,2133,1950,2200,1930,1198,2519,311,2211,2137,487,1056,1750,1008,1750,1739,1581,231,1797,1847,2066,0,1804,1380,2030,315,1206,2066,1790,1468,1975,2030,1262,1546,1688,1730,2071,487,591,1461,1797,1974,1953,1229,1062,405,2055,859,1262,1039,2029,2241,1479,1891,2010,1267,1029,1479,1088,2145,1299,1773,1046,1553,1728,1637,591,586,1814,1933,1204,2104,903,1092,2123,1062,903,1323,1356,487,1102,2806,903,2270,487,903,1893,1211,1877,1945,1056,1025,158,1803,1045,1054,127,1878,2095,903,582,487,0,2109,1087,1065,2212,1906,2028,2901,1810,1731,1460,2099,487,1161,1508,1895,205,1987,1087,1977,2092,2176,1719,1980,2149,2127,1732,1811,2216,1947,1989,2061,1697,1707,893,2216,941,2226,0,1282,1207,1981,1138,2216,487,2277,1282,2203,1028,1159,1796,1182,0,1241,1527,987,1857,1993,487,1876,2428,1222,1156,2485,1228,683,589,2009,2113,1626,1796,903,2012,1482,1923,2119,2184,1470,487,1828,1987,0,1997,1792,1796,1167,2072,2028,671,1128,487,951,2029,2057,1098,1797,1488,1167,1947,1977,2262,2206,947,1288,2205,2000,991,2116,1075,1405,2194,1862,2190,2055,2224,2071,2029,1812,689,374,1082,961,1148
1701,1141,1499,989,1695,652,1442,1442,97,1500,1100,1490,0,1306,1438,1352,1022,1441,1093,1274,1511,1446,1078,1356,1511,1548,1692,1188,1107,1408,1381,1128,1467,1044,1006,1279,1436,55,1425,55,44,1302,1418,1443,178,1018,1233,0,996,135,1470,1370,1156,1405,1271,1551,882,1185,538,1257,1277,923,1279,1331,1088,1443,1533,1529,1155,1442,1583,907,1427,1185,1156,134,1166,1049,1789,1488,1187,1409,1094,1236,1466,1167,702,1426,1127,1297,1205,1331,1326,1390,1509,1417,1159,1095,1521,999,1442,1095,1470,1600,1279,1316,1094,1095,1965,1279,1095,1791,1112,1355,1501,1436,1426,1349,500,1483,1434,1317,1356,947,1095,1322,1279,0,985,1467,1248,1048,772,1506,1777,1381,1377,1072,1023,1279,1360,1079,1337,1396,481,1467,1533,288,1620,1285,1551,1022,1020,1298,1382,1317,854,1099,1616,16,615,1085,1249,1101,1101,0,1173,1397,1552,1394,1054,1279,1232,1173,1067,1137,1399,1442,1123,0,1220,1089,1111,1413,1471,1279,647,1056,1411,1697,1101,1355,1333,1329,924,695,96,1442,1095,1490,1094,961,1188,1423,1273,1279,1474,898,0,102,559,1442,1588,924,943,1166,1603,1279,1418,964,992,1525,1443,1059,1192,971,1406,1187,1008,1368,1119,1129,911,1371,1123,1220,1028,909,231,1634,907,1151,923,134,1383,1332,1558,1488,1443,1144
818,1779,1173,1406,688,1148,671,587,1446,1519,978,824,0,1071,766,396,102,586,1536,372,1671,780,701,1377,1671,1567,1030,859,1062,1533,947,1606,1486,1073,1502,1298,714,1176,1070,1176,1165,402,1439,588,1301,909,1252,1258,0,1484,1489,876,909,581,371,875,1299,278,817,355,675,952,1298,1350,131,588,867,853,944,671,1602,1130,1168,278,960,1483,1520,449,917,1613,995,720,174,1094,1748,267,1038,634,480,395,303,1350,1345,596,833,1208,966,1538,1216,1498,671,1538,1082,1630,1298,1434,1779,1538,941,1298,1538,919,781,1480,835,714,1026,1368,1183,764,642,1336,1481,907,1538,1341,1298,0,966,699,1403,1845,1208,1631,2163,523,524,152,1378,1298,1455,432,1498,1415,1166,699,867,1541,1780,383,875,1521,1519,396,451,1073,1233,944,899,1123,973,1528,1073,1352,1131,0,266,974,876,1779,1073,1298,1585,266,1841,1046,1737,587,1243,0,323,421,828,747,1596,1298,1320,1364,1018,809,1461,821,1352,1348,1279,1112,1111,587,1538,1615,174,829,976,1787,373,1298,619,1249,0,1451,1235,587,820,917,1320,1432,1636,1298,1776,1461,1485,1269,588,159,1810,853,669,1541,1063,1371,199,1062,1262,649,973,1040,71,1097,1142,1794,926,1504,962,1483,707,1350,1579,1079,1810,1534
2110,1203,1827,1064,2030,729,1760,1628,100,1847,968,1745,0,1385,1680,1530,1214,1627,1438,1707,1721,1702,1381,1706,1721,1902,906,1266,1172,1627,1459,1205,1816,1101,1083,1628,1754,130,1244,130,105,1598,1739,1629,477,1078,1577,120,1187,0,1817,1449,1228,1591,1507,1737,957,1376,615,1690,1541,998,1628,1683,1270,1629,1789,1715,1220,1760,1937,982,1742,1376,1475,35,1242,1286,1994,1707,1512,1727,1286,1571,1671,1414,779,1744,1364,1730,1455,1683,1678,1576,1695,1237,1230,1440,1323,1076,1760,1440,1282,1387,1628,1393,1394,1440,2042,1628,1440,1996,1178,1574,1756,1754,1245,1691,577,1819,1752,1659,1575,1023,1440,1674,1628,0,1261,1785,1311,1267,1033,1725,1848,1566,1563,1264,1099,1628,1190,1316,1548,1738,558,1785,1788,365,1830,1718,1737,1099,1097,1731,1567,1148,1092,976,960,125,692,1430,1316,1407,1180,0,1364,1221,1738,1217,1342,1628,1308,1364,1286,1452,1475,1628,1434,0,1411,1332,1176,1669,1690,1628,715,1352,1233,2033,1320,1187,1675,1681,1000,766,205,1628,1440,1708,1286,1239,1042,1628,1509,1628,1660,974,0,105,630,1628,1924,1000,1019,1511,1390,1628,1236,1041,1071,1602,1629,1306,1253,1036,1707,1263,1282,1444,1311,989,987,1689,988,1551,1210,1176,308,1844,983,1227,999,35,1569,1674,1916,1297,1256,1207
2037,1178,394,2023,880,1994,867,1691,1872,30,1937,1800,0,1021,1731,1575,1096,1690,761,1572,1859,1757,1235,295,1859,207,2002,1121,2021,1721,1038,2403,184,2032,2021,327,861,1630,1056,1630,1619,1383,359,1692,1727,1887,523,1684,1243,1910,0,1260,1887,1652,1284,1798,1916,1066,1429,1555,1598,1957,327,492,1324,1692,1844,1776,1062,867,242,1941,426,1066,1307,1909,2125,1343,1692,1801,1322,834,1343,1370,1936,1104,1655,851,1420,1595,1510,492,487,1637,1756,1045,1925,763,1376,2264,867,763,1139,1417,327,960,1107,763,2151,327,763,1694,1262,1667,1811,861,1294,285,1686,848,859,253,1668,1981,763,483,327,0,1925,892,1114,2038,1791,1818,2782,1629,1626,1321,1983,327,1008,1372,1685,332,1872,892,1843,1957,1967,1583,1798,2045,2023,1596,1630,2032,1867,1858,1877,1577,1590,753,2032,1193,2092,0,1086,1046,1799,993,2032,327,2161,1086,2029,1293,1010,1691,1024,0,1045,1389,1030,1724,1783,327,1759,1125,1058,959,2314,1278,543,490,1893,1999,1506,1691,763,1802,1343,1788,1935,1974,1286,327,1723,1871,0,1877,1675,1691,970,1958,1912,544,1423,327,1002,1924,1953,1145,1692,1361,1229,915,1747,2146,2022,1203,1092,2021,1884,796,1932,1121,1264,2060,1743,1981,1941,2108,1957,1909,1630,549,502,1363,1224,1208
2351,796,1152,1396,2365,1364,2358,1523,1410,1049,1450,1356,0,340,1180,1563,1866,1522,1400,2105,1111,1529,1102,1076,1113,1107,1234,1156,1534,2733,72,1253,986,1545,1201,918,2386,1150,195,1407,1366,2010,1083,1524,1341,1381,998,1135,1842,1199,1043,0,1381,1490,2060,1636,1439,2027,1104,2088,1475,1473,955,2431,1846,1524,1215,1614,68,2358,1337,1745,1498,2027,195,1217,1310,1832,2565,2813,119,2399,1937,218,918,1981,1368,2321,1434,2128,1630,2431,915,1475,1594,336,1438,1201,351,1086,2358,1441,262,562,968,414,796,1210,2368,2380,1195,2567,156,2680,1367,2386,150,1028,1380,2443,2329,1231,2681,1425,1208,1113,922,0,1438,2371,349,943,1264,3312,1365,1464,1458,1915,1636,2380,433,1386,2641,1286,1366,2371,1705,1118,3297,2116,1636,1333,1323,2129,1465,1545,987,1146,1371,1126,1147,1145,1545,408,1500,0,2015,98,1637,796,1545,2380,1300,2015,941,293,754,1523,297,0,2062,1506,58,1496,2796,2380,1397,420,142,2488,1157,287,2408,2429,1628,1342,1332,1523,1395,2815,1937,1126,1448,1137,2062,2380,1555,1273,0,1184,1158,1523,2499,1756,1386,1015,568,1158,793,1061,1058,404,1524,1873,827,1150,1349,1569,1535,387,1962,1534,1265,2332,1445,164,1786,1469,1377,3311,1438,1593,1785,1195,1468,2407,1068,203,827,427
1756,2002,1909,1279,1573,998,1562,815,1186,2194,214,1066,0,1307,762,854,1053,814,916,1317,2501,1022,950,2072,2501,2229,1152,1018,298,2378,1181,1143,2156,309,1315,1991,1593,1145,1295,1166,944,1345,2104,816,1117,0,1943,957,1027,1017,2164,1124,0,726,1313,489,1301,1215,1162,1300,868,1633,1991,2047,1074,816,1109,645,1192,1562,2264,1333,1210,1215,1208,1232,1180,1360,1831,2458,1243,1610,1125,1342,2578,1209,998,1525,971,1340,1218,2047,2042,711,681,1432,202,961,1442,961,1562,953,1330,1853,1991,1666,2002,975,1767,1991,958,1833,1031,2325,1077,1593,1256,2056,992,1654,1533,2023,2326,1577,970,2038,1991,0,202,1578,1635,2636,1118,2476,1491,752,751,1103,1490,1992,1687,923,2332,2104,982,1578,1109,965,2607,1328,489,971,961,1341,753,309,1912,1062,5,1145,1217,2196,309,1584,1362,0,1203,1204,488,2002,309,1992,1179,1203,2625,1294,1960,815,1478,0,1250,981,1076,989,2441,1992,995,1596,1248,1699,2124,1071,2047,2046,1216,1208,1106,815,1108,2460,1125,988,212,2617,1315,1992,847,1143,0,1195,1211,815,1710,1318,1261,2143,1859,1992,1999,1128,925,1495,816,1101,2033,1012,1067,1170,299,1603,1151,298,1143,1540,209,1288,1014,1330,1181,2621,1324,1436,1643,1010,704,2045,2280,1327,2033,1767
1145,1755,1365,972,1083,1592,1070,105,1558,1640,846,891,0,1040,745,333,449,104,1642,715,1987,847,670,1476,1987,1691,1097,826,930,1849,915,2065,1611,941,1946,1421,1101,1288,1038,1288,1277,735,1538,106,1413,796,1365,1370,423,1596,1610,844,796,0,712,291,989,619,931,698,428,1044,1421,1474,470,106,934,269,912,1070,1726,1242,1288,619,928,1595,1636,766,1261,1929,963,1118,521,1062,2064,608,1152,1033,545,738,649,1474,1469,10,249,1176,834,1644,1184,1932,1070,1644,1050,1606,1421,1406,1755,1644,1268,1421,1644,1263,749,1796,902,1101,994,1467,1177,1162,1041,1434,1797,999,1644,1465,1421,0,834,1086,1376,2114,1320,1947,1117,279,124,499,1119,1421,1427,497,1814,1514,1202,1086,934,1653,2096,726,291,1498,1476,739,280,941,1329,910,786,1235,1087,1634,941,1322,1198,0,607,942,292,1753,941,1421,1702,607,2105,1014,1711,105,1212,0,661,387,796,814,1912,1421,1257,1334,986,1207,1562,789,1472,1472,907,1559,1223,105,1644,1931,521,796,844,2103,714,1421,137,1363,0,1563,1172,105,1218,1216,953,1556,1610,1421,1750,1381,1405,1237,106,500,1784,820,514,1657,931,1343,546,930,1376,1047,841,1008,410,1164,1256,2110,1230,1620,1272,1595,123,1470,1678,1047,1784,1506
897,1934,1610,1483,958,1228,936,809,1676,1890,1124,989,0,1228,912,621,230,808,1887,451,1742,945,871,1750,1742,1945,1194,1025,1208,1604,1105,1679,1857,1219,1582,1671,967,1706,1219,1706,1685,481,1783,810,1680,1055,1620,1613,210,1714,1860,1048,1055,803,0,1203,1376,480,1145,434,851,943,1671,1729,106,810,1032,1181,1116,936,1980,926,1535,480,1132,1713,1644,623,998,1684,1167,984,292,1266,1819,225,1439,899,653,474,384,1729,1724,818,1161,1356,1112,1889,1366,1578,936,1889,1254,1785,1671,1593,1934,1889,1020,1671,1889,1000,952,1551,1000,967,1180,1735,1266,1028,907,1703,1552,1441,1889,1720,1671,0,1112,951,1562,1932,1656,1702,2242,741,745,270,1502,1671,1614,605,1569,1782,1249,951,1032,1910,1851,462,1203,1601,1599,475,676,1219,2045,1082,1045,1639,1370,1879,1219,1512,1289,0,323,1128,1204,1934,1219,1671,1710,323,1928,1218,1892,809,1407,0,523,593,1000,912,1667,1671,1403,1524,1172,1072,2213,992,1719,1727,1403,1189,1435,809,1889,1686,292,995,1122,1858,43,1671,841,1582,0,1681,1318,809,1083,1098,1397,1805,1791,1671,1931,1546,1578,1419,810,236,1965,1019,874,1665,1209,1530,317,1208,1595,912,1119,1212,427,1257,1390,1865,916,1628,1150,1713,1035,1718,1960,1251,1965,1694
1372,1841,1592,1312,1257,1878,1249,447,1753,1874,641,993,0,1141,825,486,675,446,1870,936,2234,949,771,1734,2234,1929,1198,927,725,2110,1019,1170,1842,736,918,1655,1277,1483,1137,1483,1472,964,1767,448,1608,591,1604,1565,650,1791,1844,948,591,224,939,0,1085,837,1153,919,533,1390,1655,1713,700,448,1036,156,1016,1249,1964,1381,1518,837,1032,1790,981,999,1456,2190,1067,1290,746,1166,2311,835,1375,1212,650,959,866,1713,1708,209,192,1272,629,1872,1283,2147,1249,1872,1154,1692,1655,1499,1841,1872,1479,1655,1872,1458,852,2057,1004,1277,1098,1719,1400,1334,1220,1687,2058,1341,1872,1704,1655,0,629,1262,1466,2372,1531,2208,1246,384,383,724,1040,1655,1520,602,2065,1766,1425,1262,1036,1841,2340,947,3,2170,2168,960,385,736,1582,998,581,1430,1310,1862,736,1420,1293,0,825,1046,1,1841,736,1655,1196,825,2362,1118,1799,447,1314,0,872,492,900,916,2173,1655,1534,1432,1090,1379,1829,892,1704,1711,1014,1003,1418,447,1872,2192,746,897,639,2350,941,1655,479,1145,0,1758,1395,447,1390,1334,1283,1791,1698,1655,1838,1664,1694,1336,448,727,1872,921,734,974,726,1436,771,725,955,1223,636,1112,640,1261,1475,2354,1133,1195,1164,1790,162,1702,1944,1151,1872,1599
2519,1783,2449,246,2342,1275,2069,2401,1736,2475,1261,1310,1328,1657,1096,953,1819,2400,2067,2119,2278,1071,1367,2327,2278,2519,1138,1541,1274,2141,1454,1138,2431,1687,1086,941,2063,1766,1497,1766,1745,2012,2362,1121,1747,1363,2213,1673,1794,1774,2444,1738,1571,1194,2120,1311,0,1980,1223,2102,1170,209,2267,2388,1878,2402,1093,958,1459,2068,2553,164,2425,1980,1451,1773,580,1182,2812,2221,1491,2035,1890,1863,2189,2041,1002,2052,976,2142,921,2388,2394,998,1183,1493,1579,2068,1573,1625,2068,2068,1512,1650,2267,1706,1731,2068,2407,2267,2068,2814,1406,2088,1299,2062,1802,2313,1213,2130,2060,2281,2089,204,2068,2414,2267,988,1334,2093,1568,1781,1536,2327,1565,991,1151,1868,384,2267,1742,1167,2057,2360,1314,2093,1112,1637,2500,2130,1357,1648,1646,2143,981,1742,1587,1454,1245,1706,1123,2058,1389,1416,1468,1041,1968,1469,1133,1488,1698,2267,645,1968,1800,1429,1487,2401,1728,1339,2015,1188,1703,1040,2204,2267,1360,1663,1788,2344,1834,1412,2352,2391,201,463,1620,2401,2068,2223,1890,1523,1610,2146,2122,2267,961,734,1145,1741,1208,2401,2235,8,160,2140,1995,2267,1511,1593,1625,1903,953,1933,1846,1265,939,601,1649,1759,1915,1559,747,1997,1279,1525,1819,1207,1450,2514,164,566,209,1773,1216,2351,2528,1540,1853,1776
1179,1836,1421,1892,490,1631,471,628,1614,1497,1034,886,0,1136,820,437,110,627,1360,752,1573,842,766,1509,1573,1545,1092,922,1118,1433,1014,2094,1466,1129,1985,1446,514,1344,1132,1344,1333,524,1571,629,1469,965,1398,1426,159,1652,1467,943,965,622,279,1091,1785,0,988,735,741,1826,1446,1212,226,629,929,1069,1011,471,1580,1810,1347,0,1027,1651,2051,515,1055,1513,1062,520,63,1161,1650,91,1209,434,545,775,705,1212,1219,637,1049,1267,1022,1362,1278,2423,471,1362,1149,1687,1446,1494,1836,1362,1302,1446,1362,1057,847,1380,897,514,1093,1500,1656,564,442,1467,1381,1850,1362,1224,1446,0,1022,499,1461,1709,2220,1531,2594,564,565,70,1909,1446,1515,497,1401,1547,1640,499,929,1704,1683,763,1091,2443,2421,776,492,1129,1855,993,955,1291,1144,1352,1129,1415,1193,0,34,1041,1092,1836,1129,1446,2090,34,1706,1113,1794,628,1309,0,37,487,895,809,1497,1446,1791,1427,1085,609,1777,887,1173,1215,1810,1598,1531,628,1362,1516,63,892,1032,1690,281,1446,660,1420,0,1619,1709,628,620,1829,1808,1412,1693,1446,1833,2331,2355,1331,629,217,1867,916,699,2074,1119,1431,40,1118,1433,450,1029,1107,332,1159,1313,1697,1812,2036,1828,1651,923,1172,1711,1146,1867,1594
1480,1136,1441,771,1319,604,1085,1197,583,1494,1118,1264,0,1042,1218,1127,799,1196,1089,1048,1262,1220,1037,1354,1262,1542,1466,945,947,1159,1350,1080,1463,1284,958,1275,1079,613,1159,613,592,1077,1416,1198,580,1025,1229,520,773,621,1464,1334,962,1157,1050,1303,664,962,0,1031,1056,705,1275,1470,864,1198,1307,1281,1124,1085,1577,689,1369,962,1352,620,897,828,1568,1239,1397,1319,871,1207,1214,946,407,1069,905,1071,984,1470,1322,1142,1261,1155,970,1091,1236,951,1085,1091,1180,1311,1275,1296,1321,1091,1636,1275,1091,1570,1075,1106,1275,1079,1395,1345,448,1107,1077,1313,1107,729,1091,1318,1275,0,1205,1110,1485,799,535,1257,1622,1135,1133,849,753,1275,1105,857,1088,1392,429,1110,1307,819,1371,1059,1303,974,972,1072,1136,1107,604,1370,1096,539,339,1081,1058,1302,1566,0,950,1132,1304,1386,1072,1275,962,950,818,1327,1147,1197,1095,0,997,868,1077,1187,1222,1275,595,1038,1381,1321,852,1307,1430,1325,654,647,453,1197,1091,1241,871,927,998,1171,1052,1275,1229,619,0,588,507,1197,1212,706,673,1162,1586,1275,1171,646,670,1496,1198,838,1189,1127,1185,918,1039,1117,896,963,632,1014,944,1190,804,1534,287,1385,689,883,705,620,1135,1428,1556,1204,1443,1131
733,1939,1617,1499,1188,1246,1180,816,1694,1899,1127,996,0,1235,901,628,575,815,1894,101,1998,952,878,1759,1998,1943,1201,1032,1211,1860,1112,1697,1866,1222,1600,1680,1208,1724,1226,1724,1703,384,1792,817,1698,1058,1629,1631,549,1732,1869,1055,1058,810,906,1210,1392,741,1163,0,858,1433,1680,1738,667,817,1039,1188,1123,1180,1978,1417,1542,741,1139,1731,1660,630,1272,1940,1174,1221,647,1273,2075,802,1457,1143,723,150,613,1738,1733,825,1168,1363,1115,1896,1373,1596,1180,1896,1261,1790,1680,1598,1939,1896,855,1680,1896,1274,959,1807,1007,1208,1187,1744,1284,1265,1151,1712,1808,1457,1896,1729,1680,0,1115,1193,1567,1858,1672,1728,2257,748,752,625,1518,1680,1619,612,1825,1791,1267,1193,1039,1928,1701,100,1210,1619,1617,101,683,1222,1664,1089,1048,1657,1388,1886,1222,1517,1296,0,729,1135,1211,1939,1222,1680,1726,729,2116,1225,1897,816,1412,0,776,600,1007,919,1923,1680,1420,1529,1179,1310,1911,999,1728,1736,1419,1205,1571,816,1896,1942,647,1002,1125,2114,908,1680,848,1600,0,1699,1335,816,1321,1434,1413,1814,1796,1680,1936,1564,1596,1426,817,694,1970,1026,881,1681,1212,1535,672,1211,1613,1154,1122,1219,607,1264,1408,1715,1417,1644,1433,1731,1042,1727,1969,1258,1970,1699
1313,1978,1100,1140,1246,1248,1238,554,1367,1441,1052,1045,0,1285,936,430,664,553,1462,877,2167,1002,928,1297,2167,1492,1250,1082,1136,2037,1159,1456,1408,1147,1324,1220,1266,1097,1273,1097,1086,905,1359,555,1222,1002,1174,1179,639,1405,1411,1102,1002,548,885,836,968,826,743,860,0,1228,1220,1273,643,555,1089,814,1170,1238,1527,998,1091,826,1186,1404,1445,666,1402,2117,1221,1279,735,1320,2244,781,963,1201,699,900,818,1273,1268,563,794,1410,1040,1464,1420,1305,1238,1464,1308,1827,1220,1640,1976,1464,1419,1220,1464,1404,1009,1984,1056,1266,1234,1290,986,1323,1209,1258,1985,1173,1464,1264,1220,0,1040,1251,1609,1328,1129,2135,2138,488,491,713,1303,1220,1661,651,1998,1337,1010,1251,1088,1462,2273,888,836,1315,1293,901,448,1147,1156,1139,992,1044,898,1452,1147,1559,1344,0,814,1182,837,1976,1147,1220,1509,814,1346,1272,1934,554,1454,0,861,650,1054,969,2100,1220,1068,1571,1226,1368,1384,1049,1273,1271,1204,1321,1032,554,1462,2119,735,1052,1050,1688,887,1220,586,1174,0,1372,983,554,1379,985,1119,1354,1833,1220,1973,1194,1224,1473,555,673,2007,1076,161,1466,1137,1577,760,1136,1187,1212,1047,1266,583,1313,1071,2287,989,1429,1025,1404,668,1272,1499,1305,2007,1741
2677,1839,2463,1027,2418,1409,2143,949,1855,2764,1589,1122,1168,1693,1374,1216,934,1154,2136,2232,2469,1340,1686,2606,2469,2801,1172,1308,1334,2437,1801,1410,2721,1453,1278,1226,2140,1885,1536,1885,1864,948,2667,1194,1864,1709,2502,1792,1150,1893,2734,1780,1352,1260,1139,1151,1207,2050,1352,2215,1017,0,925,958,1140,1153,1368,1021,1804,2143,2836,1232,2440,2050,1790,1892,1059,1240,2925,2517,1524,2101,917,1904,2380,1117,1072,2115,1234,2255,966,1169,2453,1271,1036,1851,1643,2131,1944,1763,2131,2131,1542,1692,965,1755,1482,2131,2522,2557,2131,2927,1735,2384,1113,2128,1846,2600,1465,2207,2123,2569,2385,1043,2131,2473,2557,1278,1676,2159,1608,2063,1600,2518,697,1260,1007,944,915,923,1789,1012,2349,2647,1447,2159,1386,1691,2624,2243,1187,1698,1696,2256,1034,1808,1666,1237,1566,1691,1177,2121,1447,1757,1251,1343,2038,1507,1196,1852,1462,2557,1124,2038,2084,1459,1848,1151,1467,1177,2116,1030,1743,1079,2500,961,1389,1418,1518,2409,1890,1442,1121,2450,826,1107,1679,1145,2322,2519,917,1564,1388,2286,1139,1112,1018,1058,1016,1808,1307,946,2313,1230,845,2395,1694,949,1558,1642,1672,1947,1223,1140,1903,1296,1195,1253,1723,1809,2009,1351,1071,2067,1334,1559,953,1240,1512,2417,1213,1214,1229,1840,1062,2406,2710,1902,1582,1513
2011,2736,585,1992,852,1875,839,1688,1803,317,1936,1836,0,949,1727,1414,1106,1687,723,1601,1789,1791,952,280,1789,399,1988,1850,2020,1672,1140,2284,323,2031,2225,0,833,1497,953,1497,1486,1341,343,1689,1655,1886,139,1460,1178,1841,287,1153,1886,1649,1303,1795,1885,1070,1387,1584,1615,1117,0,422,1361,1689,1875,1773,1175,839,430,1121,663,1070,1209,1840,2241,1364,1636,1752,1004,817,1119,1039,1868,1112,1614,822,1432,1624,1570,422,417,1634,1753,1136,1924,725,1252,2145,839,725,1054,1275,0,2377,2736,725,2067,0,725,1638,968,1619,1847,833,1177,269,1742,810,830,233,1620,1950,725,413,0,0,1924,864,1214,1994,1777,1770,2766,1626,1623,1363,1969,0,910,1384,1629,316,1726,864,1883,1888,1905,1612,1795,2168,1996,1625,1627,2031,2102,1931,1876,1444,1547,715,2031,2318,2093,0,1090,1146,1796,2737,2031,0,2144,1090,1985,1199,2695,1688,934,0,1049,1407,1145,1754,1735,0,1716,2330,1161,915,2270,1187,473,420,1868,1732,1481,1688,725,1754,1119,1820,1934,1906,1305,0,1720,1880,0,1808,1632,1688,926,1927,1887,544,1062,0,2734,1898,1926,1043,1689,1381,2768,1844,1744,2262,2021,2325,1096,2020,1893,768,1931,1241,1302,2060,1542,1919,916,2223,941,1840,1627,479,486,1247,2768,2472
2062,2788,585,2179,892,1894,879,1661,1884,317,2006,1889,0,2043,1777,1457,1146,1660,889,1650,1832,1844,1741,280,1832,399,2041,1902,2090,1715,1994,2313,323,2101,2244,612,873,1551,2111,1551,1540,1381,343,1662,1736,1956,139,1514,1218,1922,287,1941,1956,1719,1343,1865,2072,1110,1575,1633,1669,1157,632,0,1419,1662,1928,1843,2010,879,430,955,663,1110,2017,1921,2421,1418,1676,1795,2061,857,1159,916,1911,1152,1795,862,1486,1673,1610,13,4,1704,1823,2237,1994,891,915,2167,879,891,931,1133,572,2431,2788,891,2107,990,891,1678,1829,1662,1900,873,2066,269,1782,853,870,233,1663,1111,891,7,565,0,1994,904,2437,2027,1900,1813,2812,1696,1596,1416,2136,933,2452,1438,1672,316,1766,904,1936,1974,1948,1661,1865,2190,2188,1674,1697,2101,2135,1978,1946,1498,1728,881,2101,2371,2146,0,1130,2014,1866,2788,2101,545,2315,1130,2018,2103,2746,1661,2269,0,1089,1461,1885,1807,1778,876,1917,2383,2058,958,2303,1875,51,2,2045,1774,1460,1661,891,1797,1159,1872,2004,1949,1345,1003,1693,2061,0,1889,1833,1661,969,908,2064,695,943,562,2785,2011,2039,921,1662,1278,2819,1896,1798,2435,2091,2378,1136,2090,2074,808,2001,2108,1360,2113,1585,1962,943,2397,972,1921,1697,57,486,1099,2819,2525
787,1665,1201,1379,849,1114,836,474,1554,1514,870,722,0,867,626,270,174,473,1557,342,1702,676,570,1351,1702,1535,879,749,954,1585,830,1567,1501,965,1464,1265,875,1185,956,1185,1174,385,1411,475,1343,801,1220,1148,151,1592,1484,766,801,468,275,727,1272,421,1034,325,554,944,1265,1294,0,475,760,705,834,836,1566,1117,1176,421,847,1591,1714,328,869,1665,885,893,233,986,1781,166,1322,799,345,365,274,1299,1289,483,685,1102,858,1559,1099,1464,837,1564,969,1516,1270,1279,1665,1564,908,1270,1564,872,659,1533,733,876,909,1347,1179,922,808,1310,1534,1337,1564,1290,1270,0,858,861,1288,1911,1568,1684,2148,399,411,211,1409,1270,1300,295,1543,1394,1162,861,769,1586,1819,353,727,1487,1485,366,325,965,1516,852,791,1132,1252,1554,965,1213,1001,0,264,857,728,1665,965,1270,1617,264,1907,933,1623,474,1108,0,466,284,715,639,1649,1270,1316,1225,901,972,2192,704,1274,1297,1308,1067,1120,474,1564,1668,233,719,868,1820,277,1270,506,1468,0,1559,1231,474,983,911,1293,1445,1522,1270,1662,1427,1453,1133,475,128,1696,743,468,1735,955,1226,258,954,1481,816,865,932,162,965,1265,1831,1106,1696,1150,1591,559,1270,1552,971,1696,1377
1122,1915,1288,1812,1025,1543,1021,0,1468,1590,937,1071,0,1127,861,315,399,0,1630,674,2014,1026,832,1411,2014,1611,1237,1001,1021,1897,1079,2020,1579,1032,1893,1341,1060,1252,1188,1252,1241,716,1471,0,1410,887,1296,1215,368,1506,1560,1032,887,85,674,773,1705,570,856,657,592,955,1341,1367,427,0,1110,751,1100,1021,1642,948,1245,570,1113,1505,1744,742,1201,1977,1151,1080,473,1252,2093,565,1078,984,697,697,608,1367,1362,100,731,1335,925,1632,1330,1883,1021,1632,1235,1766,1341,1534,1915,1632,1242,1341,1632,1203,920,1842,1081,1060,1151,1402,1101,1108,992,1365,1843,1105,1632,1358,1341,0,925,1045,1543,2158,1281,1993,2546,445,84,451,1439,1341,1555,647,1852,1449,1126,1045,1117,1649,2127,685,773,1445,1423,698,331,1032,1271,1093,877,1199,1011,1622,1032,1472,1339,0,558,1099,774,1915,1032,1341,1647,558,2149,1199,1873,0,1370,0,612,550,981,988,1958,1341,1181,1484,1143,1158,1503,965,1348,1365,1338,1500,1187,0,1632,1977,473,971,935,2129,676,1341,31,1303,0,1473,1096,0,1169,909,1357,1516,1772,1341,1912,1327,1353,1364,1,457,1946,995,426,1765,1022,1481,498,1021,1316,1000,932,1198,368,1306,1179,2141,1131,1726,1169,1505,605,1343,1605,1237,1946,1630
1517,1868,1926,1057,2016,2075,2020,1218,2132,2248,1066,181,0,1079,263,1218,1529,1217,2315,1736,2686,129,783,2097,2686,2262,371,678,1150,2570,1028,916,2222,1161,2162,2013,2055,1914,1137,1914,1903,1371,2128,1219,2072,997,1965,1877,1500,2170,2218,980,997,1174,1734,1320,1320,1693,1523,1719,1083,1133,2013,2034,1490,1219,0,1298,1048,2020,2293,1338,1891,1693,1061,2169,966,1489,1949,2650,1099,2070,1603,1200,2765,1625,1750,1983,524,1759,1042,2034,2029,1159,1278,1284,1054,2317,1279,2093,2020,2317,1183,1719,2013,1486,1868,2317,1193,2013,2317,1951,871,2517,192,2055,1100,2080,1779,2098,1991,2044,2518,1311,2317,2025,2013,0,1054,2040,1495,2076,1905,2667,1021,1155,1156,1581,1224,2014,1507,719,2525,2128,1963,2040,237,2316,2801,1747,1322,2127,2105,1760,1156,1161,1921,404,987,1861,1683,2308,1161,1424,502,0,1681,1047,1323,1867,1161,2014,959,1681,2805,1147,1825,1220,1322,0,1729,662,929,179,2632,2014,1852,1436,1091,2148,2121,916,2037,2033,1212,1203,1849,1221,2318,2651,1603,648,1064,2396,1736,2014,1253,1121,0,2137,1768,1221,2159,1108,1044,2206,1724,2014,1864,2007,2035,1312,1222,1517,1898,672,995,1153,1151,1433,1628,1150,923,1995,1061,1146,1431,464,1836,2815,1100,975,1376,2169,1155,2032,2301,1185,1898,1582
1395,1858,1579,955,1236,1912,1238,450,1809,1881,804,1013,0,1069,803,488,684,449,1911,959,2347,968,773,1716,2347,1908,1179,942,888,2232,1020,2331,1863,899,1732,1629,1273,1503,1129,1503,1492,1007,1747,451,1661,754,1579,1466,656,1847,1851,970,754,223,967,203,1158,853,1137,942,533,1233,1629,1676,723,451,1052,0,1038,1238,1939,1222,1537,853,1051,1846,2018,1028,1474,2312,1089,1288,758,1190,2426,858,1359,1201,639,982,863,1676,1671,208,191,1276,792,1913,1271,2187,1238,1913,1173,1709,1629,1476,1858,1913,1498,1629,1913,1476,861,2179,1024,1273,1092,1699,1383,1316,1209,1663,2180,980,1913,1667,1629,0,792,1258,1485,2491,1539,2330,2918,384,386,736,909,1629,1497,589,2187,1746,1408,1258,1060,1894,2462,970,203,2210,1759,983,385,899,1588,1033,744,1450,1293,1903,899,1414,1283,0,841,1040,204,1858,899,1629,1921,841,2481,1137,1816,450,1312,0,892,491,919,931,2295,1629,1518,1426,1084,1366,1834,906,1637,1674,1612,1870,1438,450,1913,2314,758,912,802,2464,969,1629,482,1586,0,1814,1378,450,1377,977,1126,1804,1715,1629,1855,1660,1690,1305,451,750,1889,936,660,2039,889,1423,783,888,1599,1213,799,1136,664,1249,1457,2476,1209,2000,1033,1846,161,1633,1919,1175,1889,1572
2485,970,1414,1416,2339,1388,2343,1656,1187,1291,1601,1480,0,485,1336,1695,1852,1655,1179,2151,939,1672,1250,1322,1137,1360,1360,1304,1685,2787,228,1273,1214,1696,1474,935,2378,1170,359,1432,1151,2150,1330,1657,1366,1532,1017,1395,1826,1473,1283,166,1532,1618,2123,1764,1762,2015,1358,2134,1741,1493,973,2498,1890,1657,1417,1742,0,2343,1360,1465,1522,2015,154,1494,1607,2072,2606,2867,118,2394,1924,219,1132,2025,1392,2306,1582,2174,1763,2497,1128,1603,1722,508,1589,1220,519,1107,2343,1465,221,737,986,482,970,1485,2514,2479,1215,2608,333,2734,1491,2378,310,1047,1405,2422,2314,1038,2735,1745,1483,1136,1136,0,1589,2363,524,963,1066,2968,1673,1594,1591,1902,1660,2479,503,1534,2744,1308,1390,2363,1690,1138,3020,2162,1764,1124,1347,2175,1595,1696,1007,1277,1522,1147,1167,1165,1696,529,1645,0,2003,258,1765,970,1696,922,1320,2003,961,233,928,1656,473,0,2053,1674,232,1634,2850,2479,1421,516,302,2472,978,464,2477,1113,1652,1362,1123,1656,1419,2869,1924,1274,1599,961,2125,919,1688,1293,0,1205,1178,1656,2483,1780,1698,1035,743,977,967,1081,1302,553,1657,1917,1001,1298,1547,1593,1686,429,1949,1685,1552,2318,1596,165,1831,1610,1401,3034,1458,1617,1809,1216,1596,2473,1312,204,1001,582
1528,2289,1382,1761,147,1492,23,1121,1591,1180,1645,1447,0,1571,1290,914,607,1120,1074,1099,1423,1402,1244,1020,1423,1199,1602,1415,1729,1306,1484,1969,1167,1740,1842,927,48,1285,1603,1285,1274,863,1079,1122,1443,1595,885,1248,679,1629,1150,1438,1595,1115,804,1523,1654,560,1164,1082,1228,1695,927,873,748,1122,1486,1501,1506,0,1230,1679,1282,560,1519,1628,2044,1000,1164,1386,1557,85,609,1658,1502,613,1386,178,1121,1122,1093,873,879,1130,1481,1748,1633,1076,1745,2281,23,1076,1641,940,927,1929,2289,1076,1600,927,1076,1166,1331,1253,1458,48,1555,1013,1532,139,186,977,1254,1719,1076,902,927,0,1633,26,1929,1588,2093,1404,2468,1049,1057,816,1739,927,1950,970,1263,1060,1515,26,1494,1677,1539,1110,1523,1774,1752,1123,969,1740,1727,1625,1585,1232,1320,1066,1740,1869,1716,0,580,1503,1524,2289,1740,927,1947,580,1578,1605,2247,1121,1767,0,539,1162,1387,1365,1369,927,1668,1881,1547,115,1655,1377,834,875,1638,1422,1274,1121,1076,1388,609,1385,1643,1540,806,927,1153,1612,0,1596,1584,1121,126,1696,1657,1102,944,927,2286,1653,1683,1779,1122,739,2320,1409,1111,2065,1730,1876,586,1729,1625,57,1640,1604,861,1681,1330,1553,1679,2026,1695,1628,1355,830,1214,1643,2320,2022
2016,1030,312,2250,1140,2200,1137,1633,2159,279,1880,1787,0,1089,1679,1714,1406,1632,1015,1552,2142,1742,1317,427,2142,396,1943,996,1964,2027,1101,2602,435,1975,2288,667,1131,1826,1348,1826,1815,1638,348,1634,2011,1830,870,1789,1232,2197,288,1107,1830,1595,1603,1741,2143,1368,1653,1535,1569,2184,667,798,1312,1634,1826,1719,1126,1137,0,2168,330,1368,1148,2196,2492,1314,1936,2107,1399,1115,1336,1445,2221,1412,1876,1120,1382,1575,1486,798,793,1580,1699,1104,1868,1017,1449,2178,1135,1017,1204,1484,667,1232,970,1017,2132,667,1017,1936,1112,1972,1798,1129,1368,693,1899,1109,1126,767,1973,2208,1017,789,667,0,1868,1160,1172,2302,1990,2123,3024,1571,1568,1314,2214,667,1292,1334,1980,740,1923,1160,1834,2255,2255,1563,1741,2212,2190,1576,1572,1102,2003,1124,1820,1773,1809,1007,1975,1050,910,0,1386,1107,1742,1047,1975,667,2393,1386,2292,1373,1067,1633,1088,0,1345,1358,1324,1705,2088,667,2033,1199,1353,1214,2203,1126,891,796,2123,2230,1735,1633,1017,2107,1336,960,1878,2257,1603,667,1665,2142,0,2164,1900,1633,1225,2185,2142,807,1234,667,1055,2092,2120,1456,1634,1332,1293,984,1703,2513,1965,1055,1392,1964,2155,1064,1875,1430,1253,921,1961,2269,2168,2475,2184,2196,1573,897,439,1438,1285,1277
2276,1812,2363,81,2263,1211,2008,938,1709,2460,1570,1323,1164,1371,1345,1196,918,1138,2056,1877,2311,1084,1649,2285,2311,2478,1144,1278,1597,2013,1768,1192,2432,1736,1146,1229,2002,1739,1510,1739,1718,1119,2319,978,1720,1687,2168,1645,936,1747,2430,1445,1610,1028,1118,1144,187,1954,1206,1860,1205,35,928,1153,925,1145,1108,1012,1769,2008,2509,0,2376,1954,1754,1746,574,1007,2601,2093,1495,1986,1863,1870,2223,1097,1036,1991,1207,1900,945,963,2334,1252,1235,1507,1343,2058,1583,1561,2008,2058,1512,1667,969,1429,1461,2058,2118,2223,2058,2603,1698,1960,1313,2002,1813,2271,1237,2061,1999,2238,1961,33,2058,2338,2223,1056,1371,2033,1910,1803,1564,2360,1740,1239,1198,928,306,1114,1757,1196,1968,2318,1319,2033,1120,1389,2243,1888,1177,1584,1582,1901,1017,1482,1614,1207,1279,1598,1147,2048,1433,1428,1223,1342,1942,1787,1433,1511,1446,2223,658,1942,1822,1428,1506,946,1439,1416,1992,1008,1414,1273,2076,1157,1112,1682,1800,2272,1860,1411,922,2331,199,482,1586,1131,2058,2095,1863,1267,1657,2180,1118,1113,1003,728,1222,1714,1030,939,2176,179,167,2131,1668,1150,1855,1528,1560,1584,1000,1117,1554,1530,1172,595,1709,1780,1888,1617,741,1937,1318,1531,1128,1212,1418,2257,2,559,35,1746,1046,2288,2486,1867,1886,1489
1767,1199,322,2207,1084,1957,1081,1443,1952,347,1133,1560,0,1455,1471,1420,1096,1442,1064,1327,2054,1515,1204,606,2054,398,966,1338,913,1937,1499,2378,625,1058,2307,862,1075,1619,1266,1619,1608,1375,669,1444,1804,1057,1057,1582,1066,1990,356,1240,1002,1406,1335,1552,2102,1264,1610,1310,1336,2143,862,1046,1146,1444,1599,1530,1260,1081,429,2127,0,1264,1273,1989,2451,1104,1826,2017,1561,1059,1170,1614,2133,1226,1833,1064,1176,1350,1268,1046,1041,1391,1510,1257,1199,1066,1349,2230,1081,1066,1608,1394,862,1171,1381,1066,1933,862,1066,1828,1488,1884,1572,1075,1541,798,1862,1055,1072,617,1885,2167,1066,1037,862,0,1226,1106,1328,2216,1966,2035,2989,1381,1378,1148,2173,862,1216,1128,1894,845,1846,1106,1129,2047,2169,1338,1552,2188,2166,1351,1382,1337,1974,1037,1141,1566,1766,1056,1038,1193,1240,0,1252,1251,1553,1216,1292,862,2352,1252,2206,1519,1484,1443,1479,0,1302,1141,1223,1479,2000,862,1935,1141,1526,1160,2174,1244,1096,1044,2082,2002,1528,1443,1066,2019,1170,1302,1009,2171,1337,862,1475,2099,0,1957,1851,1443,1171,2144,2101,1089,1689,862,1228,2068,2096,1635,1444,1118,1504,1095,1502,2472,998,1462,1195,932,2112,1010,1157,1322,1087,1245,1670,2183,2127,2434,2143,1989,1384,1102,754,1608,1242,1470
1183,1857,1353,1897,473,1630,465,633,1539,1526,1052,911,0,1069,803,427,119,632,1382,756,1631,866,773,1358,1631,1547,1078,942,1136,1514,1017,2081,1513,1147,1978,1277,514,1592,1126,1592,1581,522,1418,634,1477,983,1232,1555,191,1577,1496,970,983,627,316,1034,1788,0,926,739,761,1829,1277,1185,226,634,950,1012,1038,465,1578,1813,1310,0,1051,1576,2196,535,1038,1594,1089,524,63,1190,1710,91,1148,428,551,779,751,1185,1192,642,992,1273,1040,1384,1268,2467,465,1384,1173,1708,1277,1476,1857,1384,1273,1277,1384,1040,861,1461,922,514,1089,1349,1684,552,436,1312,1462,1853,1384,1197,1277,0,1040,499,1485,1840,2287,1612,2613,558,570,70,1924,1277,1497,501,1472,1396,1668,499,958,1711,1748,767,1034,2495,2473,780,482,1147,1964,1033,973,1540,1081,1374,1147,1414,1185,0,34,1037,1035,1857,1147,1277,2099,34,1836,1137,1815,633,1312,0,37,491,919,829,1578,1277,1819,1426,1081,602,1483,906,1146,1188,1823,1585,1502,633,1384,1597,63,912,1050,1749,318,1277,665,1375,0,1544,1735,633,613,1830,1809,1452,1714,1277,1854,2378,2402,1302,634,217,1888,936,613,2217,1137,1423,40,1136,1388,445,1047,1136,373,1149,1249,1762,1813,2178,1829,1576,866,1142,1554,1175,1888,1572
2550,1004,1438,1405,2609,1143,2613,1743,1437,1088,1660,1812,0,556,1396,1749,2126,1742,1193,2371,927,1726,1310,1350,929,1385,1615,1364,1744,2852,364,1262,1024,1755,1461,1168,2648,1420,487,1191,1154,2233,1124,1744,1370,1591,1255,1396,2102,1221,1082,302,1591,1705,2339,1851,1753,2289,1120,2354,1807,1482,1001,2551,2106,1744,1477,1829,176,2613,1386,1452,1537,2289,0,1499,1596,2119,2813,3477,243,2664,2198,393,924,2241,1384,2576,1654,2394,1831,2551,1153,1690,1809,636,1648,1233,647,1327,2613,1481,236,855,1016,614,1004,1499,2326,930,1482,2815,390,2799,1823,2648,446,1072,1159,1098,2584,1062,2800,1731,1498,962,1162,0,1648,2633,647,958,1279,3385,1376,1681,1678,2176,1364,1118,635,1606,3403,1337,1147,2633,1689,1135,3370,2382,1851,1350,1340,2395,1682,1755,1002,1335,1581,1387,1161,1424,1755,633,1609,0,2277,394,1852,1004,1755,946,1310,2277,1156,159,962,1743,526,0,2324,1740,285,1888,3461,2534,1419,648,438,2742,1171,534,2531,943,1641,1354,1126,1743,1435,3480,2198,1334,1658,1146,2341,1142,1775,1552,0,1209,1419,1743,2753,1770,1396,1268,861,1214,1001,1297,1072,573,1744,2133,1035,1358,1613,1310,1745,561,2223,1744,1276,2588,1655,339,2047,1574,1400,3384,1746,1330,1486,1218,1683,2530,1112,378,1035,714
2108,1461,1811,1055,2014,700,1763,1585,99,1846,968,1739,0,1411,1631,1541,1216,1584,1436,1706,1700,1694,1408,1679,1700,1874,927,1292,1163,1583,1224,1173,1830,1098,1050,1594,1757,129,1257,129,104,1603,1710,1586,487,1080,1542,119,1186,35,1816,1470,1020,1547,1503,1693,948,1382,611,1689,1521,989,1594,1641,1267,1586,1778,1671,1237,1763,1905,973,1752,1382,1241,0,1409,1266,1963,1663,1270,1741,1290,1591,1701,1394,767,1746,1337,1729,1437,1641,1636,1532,1651,1509,1019,1438,1337,1047,1763,1438,1572,1397,1594,1407,1159,1438,1986,1594,1438,1965,1447,1530,1750,1757,1260,1662,564,1812,1754,1626,1531,1013,1438,1632,1594,0,1261,1788,1323,1263,1084,1681,1849,1523,1520,1268,1104,1594,1204,1289,1540,1709,545,1788,1786,355,1816,1717,1693,1070,1068,1730,1524,1383,1094,1204,963,124,676,1428,1309,1179,1203,0,1370,1493,1694,1224,1338,1594,1312,1370,1281,1223,1486,1585,1454,0,1417,1310,1195,1657,1646,1594,704,1367,1507,2023,1321,1208,1600,1639,1003,739,204,1585,1438,1665,1290,1263,1257,1658,1505,1594,1617,1013,0,104,619,1585,1927,990,1022,1511,1400,1594,1500,1014,1044,1341,1586,1286,1521,1057,1670,1430,1271,1207,1315,1185,1026,1692,987,1301,1208,995,299,1830,973,1391,989,1,1525,1594,1880,1586,1522,1470
2008,1633,1887,311,1739,769,1506,1508,925,1925,1381,957,1208,1242,1171,1458,1133,1507,1552,1597,1624,1139,1494,1760,1624,1938,1009,1385,1162,1507,1602,587,1907,1280,433,1673,1500,955,1655,955,934,1494,1791,1509,1098,1243,1623,861,1103,963,1895,1583,1425,1470,1420,1185,395,1301,759,1580,1444,386,1673,1886,1184,1509,1166,1594,1330,1506,1969,370,1842,1301,1322,962,0,1189,1883,1585,1645,1753,1207,1707,1618,1311,433,1489,1261,1620,1353,1886,1892,1455,1574,1366,1435,1554,1445,1119,1506,1554,1669,1841,1673,1286,1583,1554,1876,1673,1554,1885,1276,1452,1145,1500,1364,1743,656,1536,1497,1707,1453,327,1554,1703,1673,0,1468,1531,1740,1181,972,1603,1396,1446,1443,1185,199,1673,1315,1213,1462,1790,680,1531,984,841,1738,1608,1015,1142,1140,1621,1447,1325,1011,1075,1125,910,505,1544,1274,1556,1313,1144,1289,1341,1024,1363,1557,1673,471,1289,1200,1300,1644,1508,1573,1009,1338,1226,1548,913,1568,1673,568,1510,1634,1747,1238,1549,1848,1889,108,126,972,1508,1554,1587,1207,1368,1216,1575,1422,1673,1540,179,0,930,488,1508,1651,387,279,1627,1526,1673,1387,1086,1116,1748,1509,1203,1697,1371,1610,21,1515,1607,1232,1179,192,1435,1402,1396,1125,1302,811,1752,370,72,386,962,1448,1844,1963,1411,1705,1624
1271,1455,1478,1151,1163,1692,1165,310,1710,1790,594,501,0,695,438,309,567,309,1813,835,2237,449,382,1608,2237,1815,683,561,678,2122,639,2151,1777,689,2042,1537,1200,1404,764,1404,1393,1029,1639,311,1562,544,1480,1367,536,1748,1760,578,544,263,843,409,979,738,1039,818,374,1027,1537,1583,596,311,530,387,646,1165,1846,1216,1438,738,659,1747,1925,0,1357,2202,697,1205,641,798,2316,734,1262,1118,220,858,638,1583,1578,248,367,910,582,1815,907,2017,1155,1815,781,1306,1537,1088,1455,1815,1022,1537,1815,1359,471,2069,512,1190,717,1591,1285,1233,1126,1555,2070,980,1815,1574,1537,0,582,1175,1097,2379,1449,2220,911,244,246,619,1097,1537,1109,395,2077,1638,1310,1175,557,1796,2352,846,409,1691,1669,859,245,689,1474,686,534,1351,1195,1805,689,1022,810,0,726,665,410,1455,689,1537,1828,726,2369,745,1413,310,919,0,777,96,527,406,2185,1537,1420,1034,709,1283,1720,516,1539,1581,1519,1654,1339,310,1815,2204,641,531,592,2354,845,1537,342,1489,0,1715,1280,310,1294,1202,936,1714,1312,1537,1452,1570,1600,941,311,626,1486,555,413,1946,679,1036,666,678,1502,1130,589,744,537,773,1364,2367,1205,1907,1250,1747,241,1534,1811,783,1486,1187
1342,2465,2092,2086,1386,1841,1387,1438,2272,2461,1818,1258,0,1728,1471,1231,1144,1437,2519,906,779,1213,1421,2286,779,2480,1413,1578,1902,1082,1664,2281,2433,1913,2191,2224,1425,2302,1776,2302,2281,670,2320,1439,2276,1768,2169,2208,1114,2310,2431,1616,1768,1432,1075,1681,1979,1043,1765,889,1435,2020,2224,2243,889,1439,1297,1659,1684,1387,2511,2004,2117,1043,1697,2309,2498,1180,0,792,1735,1441,1218,1836,858,966,2064,1350,934,929,900,2243,2238,1447,1639,1912,1806,2521,1918,2149,1387,2521,1819,935,2224,2108,2465,2521,1391,2224,2521,5,1509,894,1269,1425,1737,2272,1947,1469,1358,2239,895,2083,2521,2234,2224,0,1806,1410,2108,2499,2223,697,2861,1365,1373,1196,2259,2224,2129,1147,712,2319,1930,1410,1305,2542,669,917,1681,2172,2170,930,1286,1913,2174,1436,1758,2071,2036,2511,1913,2048,1525,0,1031,1685,1682,2465,1913,2224,2438,1031,2488,1783,2423,1438,1947,0,1151,975,1565,1176,775,2224,2094,2060,1729,1519,1181,1555,2213,2241,2168,1820,2059,1438,2521,794,1218,1548,1816,798,1077,2224,1470,2228,0,2321,2004,1438,1530,2060,2039,2416,1130,2224,2462,2113,2139,1952,1431,858,2488,1564,1453,2556,1895,2047,1037,1894,2241,1365,1805,1774,1163,1491,2025,683,2043,2517,2059,2353,1505,2205,2483,1813,2488,2193
1266,2975,1866,1536,1184,1283,1246,1942,1706,1943,2290,1787,0,2232,1932,1737,1478,1941,1534,1458,327,1742,1940,1778,327,1956,1939,2090,2374,118,2191,1250,1925,2385,1325,1691,1202,1411,2300,1411,1400,1216,1809,1943,1569,2240,1641,1374,1620,1755,1913,2140,2240,1936,1675,2226,1429,1439,1221,1441,1853,1470,1691,1867,1738,1943,1826,2204,2208,1246,1987,1454,1820,1439,2219,1754,1420,1689,1516,0,2259,1198,1720,2360,406,1484,1443,1229,1478,1481,1445,1867,1873,1951,2184,2434,2278,1536,928,1261,1246,1536,2341,1219,1691,2623,2975,1536,1104,1691,1536,1518,2028,179,1798,1202,2263,1761,1354,981,1237,1725,180,1494,1536,1878,1691,0,2278,1271,1117,367,1043,134,2273,1869,1877,1698,1477,1691,2644,1657,178,1808,1336,1271,1834,1803,451,1471,2226,1285,1263,1484,1792,2385,661,1956,2230,1358,1377,1526,2385,2566,2044,0,1619,2211,2227,2975,2385,1691,1323,1619,502,2305,2933,1942,2466,0,1418,1519,2086,1705,25,1691,1490,2578,2255,1192,406,2074,1829,1870,1466,1224,1346,1942,1536,5,1720,2060,2288,444,1677,1691,1974,1710,0,1722,1405,1942,1096,1471,1529,1609,1011,1691,2992,1164,1194,1124,1923,1402,3006,2101,1981,1500,2430,2569,1625,2429,1723,1194,2285,2306,1683,2011,1456,465,1424,1465,1470,1654,2035,1811,1957,2359,1095,2711
2383,958,1203,1748,1093,1181,2771,1967,1220,1101,1729,1618,0,654,1453,1962,2284,1966,1463,2534,970,1800,1404,1361,972,1399,1508,1447,1813,3515,310,1575,1253,1824,1252,965,2821,1452,433,1471,1429,2458,1133,1968,1405,1660,1049,1434,2259,1252,1094,248,1660,1789,2505,1935,1800,2455,1156,2517,1872,1841,1213,2776,2290,1968,1565,1913,114,2771,1158,1806,1293,2455,164,1533,1362,2286,2993,3595,0,2811,2354,150,968,2423,1184,2734,1861,2557,2036,2776,966,1774,1893,586,1717,1253,405,1374,2771,1505,183,816,1016,559,958,1524,2354,1130,1507,2995,434,3462,1629,2821,392,1078,1443,926,2742,1292,3463,1782,1260,972,973,0,1717,2797,602,995,1326,3459,1416,1906,1902,2332,1406,931,580,1811,922,1346,1183,2797,1769,1170,3447,2545,1935,1395,1385,2558,1907,1824,1039,1418,1650,1424,1448,1446,1824,606,1771,0,2443,340,1936,958,1824,954,1632,2443,993,243,916,1967,554,0,2488,1871,314,1763,3578,2742,1209,593,384,2892,1219,563,2770,953,1399,1683,1395,1967,1208,3597,2354,1420,1727,1198,2507,1148,1999,1600,0,1494,1210,1967,918,1505,1437,1289,822,1217,955,1112,1340,336,1968,2315,989,1440,1838,1631,1814,506,2379,1813,1316,2746,1724,96,2229,1740,1440,3461,1489,1655,1528,1248,1767,2768,1350,135,989,654
1596,2397,1058,1606,218,1423,264,1145,1401,1293,1500,1515,0,1644,1401,959,667,1144,996,1187,1279,1469,1352,1229,1279,1331,1691,1509,1584,1162,1587,1900,1253,1595,1773,1140,147,1109,1699,1109,1098,951,1288,1146,1253,1450,1098,1213,735,1439,1263,1541,1450,1139,855,1592,1499,632,1035,1170,1347,1540,1140,932,813,1146,1581,1570,1615,264,1362,1524,1082,632,1626,1438,1889,1097,1237,1242,1666,0,681,1767,1358,682,1254,319,1208,1210,1173,932,938,1154,1550,1845,1488,998,1841,1667,163,998,1748,925,1140,2018,2397,998,1681,1140,998,1239,1423,1109,1526,147,1660,1221,1266,53,327,1185,1110,1564,998,964,1140,0,1488,163,2037,1100,1424,1260,2414,1077,1081,870,1573,1140,2039,1083,1119,1268,1251,163,1563,1496,1395,1198,1592,1659,1637,1211,1014,1595,1245,1714,1440,1056,1189,988,1595,1959,1789,0,652,1608,1593,2396,1595,1140,1795,652,1096,1712,2354,1145,1859,0,611,1258,1489,1432,1225,1140,1422,1971,1652,31,1167,1469,893,934,1469,1319,1078,1145,998,1244,681,1483,1498,1396,857,1140,1177,1482,0,1406,1314,1145,43,1541,1488,1230,1122,1140,2393,1538,1568,1875,1146,804,2427,1502,1170,1910,1585,1965,658,1584,1495,199,1495,1713,908,1758,1168,1409,1524,1877,1540,1438,1424,892,1420,1752,2427,2110
900,1855,1307,1546,597,1291,595,555,1744,1618,1050,919,0,1053,801,364,67,554,1562,467,1637,872,773,1444,1637,1657,1104,932,1134,1520,1012,1782,1585,1145,1641,1385,645,1261,1121,1261,1250,557,1504,556,1405,981,1328,1365,135,1782,1588,967,981,549,255,844,1439,63,884,450,744,1108,1385,1300,173,556,984,822,1041,595,1688,1464,1268,63,1053,1781,1889,518,1065,1600,1092,648,0,1193,1716,42,1101,558,555,490,396,1300,1306,564,802,1268,1038,1564,1263,1610,595,1564,1175,1706,1385,1458,1855,1564,1015,1385,1564,1067,845,1467,930,645,1084,1435,1349,679,566,1398,1468,1504,1564,1311,1385,0,1038,621,1483,1410,1882,1618,2290,490,492,21,1573,1385,1479,499,1477,1482,1334,621,968,1639,1753,478,844,1633,1631,491,419,1145,1525,1028,971,1208,1037,1554,1145,1397,1197,0,45,1032,845,1855,1145,1385,1795,45,1402,1139,1813,555,1296,0,86,490,916,835,1583,1385,1505,1409,1076,743,1697,890,1275,1317,1469,1234,1196,555,1579,1602,0,906,1048,1754,257,1385,587,1329,0,1749,1397,555,755,1481,1460,1561,1712,1385,1852,1619,1649,1297,556,164,1886,926,557,1910,1135,1405,39,1134,1342,590,1045,1139,308,1165,1453,1767,1464,1877,927,1781,676,1275,1635,1178,1886,1553
2405,758,1242,1500,1147,1233,2728,1986,1532,1378,1844,1732,0,792,1566,2219,2239,1985,1255,2489,1235,1914,1529,1406,1025,1197,1628,1571,1928,1122,440,1357,1302,1939,1575,1204,2778,1509,442,1265,1232,2526,1171,1987,1212,1775,1314,1493,2214,1301,1134,385,1775,1903,2458,2049,1542,2410,1458,2472,1975,1577,1255,1107,2245,1987,1686,2027,265,2728,1197,1548,1337,2410,329,1317,1414,2241,2950,3557,165,2768,2309,0,1233,2378,1235,2691,1999,2512,2171,2925,1215,1885,2004,522,1829,1297,244,1190,2728,1289,261,532,1049,598,758,1578,2373,973,1560,2952,573,1104,1743,2778,518,1114,1504,969,2699,1337,909,1528,1575,1012,1221,0,1829,2754,626,1264,1150,1129,1468,1922,1918,2287,1761,967,619,1949,974,1152,1234,2754,1833,1474,3710,2500,2046,1207,1198,2513,1923,1936,1316,1539,1762,1228,1250,1498,1936,645,1893,0,2398,466,2047,758,1936,1198,1695,2398,1044,408,716,1983,689,0,2443,2009,451,1874,915,1115,1521,632,510,932,1061,702,2920,992,1752,1745,1203,1983,1252,3559,2309,1545,1839,1262,2460,986,2015,1662,0,1285,1261,1983,960,1557,1489,1110,538,1041,755,1164,1161,175,1984,2270,789,1565,1905,1402,1926,571,2334,1925,1369,907,1836,79,2184,1861,1242,3724,1862,1718,1581,1297,1878,2918,1153,42,789,599
1200,989,2060,1426,1470,1210,1541,2088,1603,2265,2186,2102,0,2193,1910,1911,1522,2087,1827,1733,239,2056,1916,2132,239,2296,1968,2067,2270,714,1132,1079,2216,961,1133,2048,1487,1311,1191,1311,1300,1484,2163,2089,1455,2136,2000,1415,1492,1641,2235,1108,2136,2082,1843,2029,1510,1626,1134,1716,1816,1501,2048,2116,1577,2089,2168,2007,937,1541,2327,1485,2081,1626,1116,1640,1264,1588,675,412,1169,1480,1594,1021,0,1670,1353,1629,1741,1756,1694,2116,2122,2097,1987,984,2174,1829,1277,903,1541,1829,1188,1146,2048,909,1155,1829,1029,2048,1829,673,1987,523,2113,1487,1178,2115,1242,1264,1637,2079,524,1442,1829,2074,2048,0,2174,1503,1059,684,692,288,2230,2013,2021,1572,1342,2048,1125,1617,221,2162,1227,1503,1847,1689,470,1744,2029,901,879,1757,1964,1208,605,1987,2126,1258,1288,1819,966,2528,2063,0,1646,1152,2030,998,968,2048,1167,1646,706,2276,989,2086,912,0,1605,1791,2053,2019,395,2048,1398,2540,965,1477,521,2033,2077,2119,1381,1323,1246,2086,1829,414,1594,2041,2184,191,1845,2048,2118,1464,0,1608,1290,2086,1378,1502,1394,1908,1147,2048,1239,781,809,1058,2087,1668,1261,2061,1947,1285,1163,1152,1652,2270,1477,1470,2181,1212,1515,2031,1370,484,1485,1254,1501,1640,1861,2075,2330,1019,1055,1173
865,1780,1231,1508,691,1253,685,472,1736,1535,967,843,0,973,719,281,21,471,1654,425,1692,796,692,1367,1692,1574,1030,856,1051,1575,948,1738,1500,1062,1603,1302,735,1175,1064,1175,1164,464,1427,473,1319,898,1253,1279,53,1774,1505,886,898,466,174,761,1401,255,797,408,662,925,1302,1388,131,473,908,739,960,685,1605,908,1189,255,972,1773,1851,436,890,1655,1011,737,65,1112,1771,0,1014,648,473,448,354,1388,1394,481,719,1211,955,1656,1206,1567,685,1656,1094,1631,1302,1379,1780,1656,980,1302,1656,892,764,1522,854,735,1027,1358,1311,768,656,1321,1523,1466,1656,1399,1302,0,955,711,1404,1458,1236,1673,2273,407,409,43,1535,1302,1400,417,1532,1401,1296,711,892,1560,1808,436,761,1590,1588,449,336,1062,1576,944,888,1122,951,1646,1062,1318,1123,0,96,975,762,1780,1062,1302,1757,96,1450,1058,1738,472,1217,0,298,408,835,759,1638,1302,1467,1330,1019,818,1525,809,1348,1390,1431,1196,1110,472,1656,1657,65,830,965,1809,176,1302,504,1243,0,1741,1359,472,830,1443,1422,1477,1637,1302,1777,1585,1615,1240,473,122,1811,850,484,1872,1052,1326,90,1051,1256,666,962,1058,226,1091,1445,1822,1426,1839,1128,1773,593,1346,1555,1097,1811,1474
2222,1170,2162,533,2105,1204,1863,1862,1468,2246,1163,1999,0,1067,1839,1767,1451,1861,1920,1769,1903,1953,1283,2114,1903,2277,2171,1173,985,1756,1147,1302,2197,1100,961,2030,1824,1498,1190,1498,1477,1810,2145,1863,1465,1282,1982,1404,1421,1506,2216,1132,1205,1815,1755,1961,426,1624,1012,1752,1748,467,2030,2190,1505,1863,2065,1939,1152,1863,2308,451,2180,1624,1146,1505,892,1520,2230,1836,1430,1838,1523,1492,1815,1651,0,1846,1603,1792,1696,2190,2196,1800,1919,1185,1216,1922,1528,1508,1863,1922,1457,1343,2030,1334,1128,1922,2500,2030,1922,2232,1101,1703,2010,1824,1430,2097,958,1899,1854,2061,1704,491,1922,2200,2030,0,1034,1920,1522,1513,1331,1952,1335,1800,1797,1501,569,2030,1135,1547,1713,2144,983,1920,2047,1358,1989,1780,1961,1531,1529,1793,1801,1144,1309,2096,1139,1268,870,1912,1323,1108,1097,0,1612,1162,1962,1181,1339,2030,792,1612,1534,1124,1424,1862,1357,0,1657,1567,1104,1916,1823,2030,1090,1069,1173,2112,1563,1108,2154,2193,465,217,1256,1862,1922,1842,1523,1153,1035,1772,1757,2030,1894,742,0,1473,1000,1862,2013,468,447,2001,1344,2030,1205,1526,1556,1268,1863,1543,1477,959,1845,913,1302,1149,1548,1210,755,1792,1184,1471,1444,2239,1235,2007,451,883,467,1505,1793,2153,2312,1489,1229,1163
1585,2386,1446,1812,181,1589,37,1135,1591,1241,1489,1501,0,1634,1391,949,657,1134,1197,1176,1609,1455,1342,1191,1609,1280,1677,1498,1573,1492,1577,2064,1205,1584,1939,1103,87,1299,1689,1299,1288,940,1249,1136,1443,1439,1061,1403,725,1629,1211,1531,1439,1129,845,1582,1705,620,1232,1159,1337,1746,1103,895,803,1136,1567,1560,1605,37,1311,1730,1299,620,1616,1628,2074,1087,1226,1572,1656,112,669,1757,1688,672,1451,0,1197,1199,1162,895,901,1144,1540,1835,1477,1199,1831,2070,37,1199,1738,2236,1103,2008,2385,1199,1670,1103,1199,1228,1413,1439,1512,87,1650,1184,1455,165,2,1148,1440,1770,1199,927,1103,0,1477,63,2027,1386,1859,1590,2584,1067,1071,860,1775,1103,2029,1073,1449,1231,1440,63,1549,1677,1725,1187,1582,2074,2052,1200,1004,1584,1501,1700,1429,1246,1386,1189,1584,1949,1775,0,640,1598,1583,2385,1584,1103,1980,640,1378,1702,2343,1135,1849,0,599,1066,1479,1418,1555,1103,1611,1961,1642,143,1673,1459,856,897,1671,1547,1298,1135,1199,1574,669,1472,1487,1726,847,1103,1167,1685,0,1596,1503,1136,155,1747,1690,1178,2243,1103,2383,1954,1982,1866,1137,795,2417,1493,1163,2095,1575,1956,647,1574,1698,72,1485,1704,899,1744,1358,1739,1730,2062,1746,1628,1415,855,1380,1743,2417,2101
1255,1536,1644,947,1216,1735,1222,727,1806,1920,744,432,0,730,499,688,948,726,2065,1229,2151,380,442,1774,2150,1949,627,610,828,2035,717,1918,1879,839,1793,1687,1271,1529,843,1529,1518,698,1805,728,1673,675,1637,1633,916,1844,1890,655,675,669,891,815,1179,884,1184,1212,538,1021,1687,1741,992,728,489,793,729,1221,1980,1000,1588,884,741,1843,2043,902,1318,2115,780,1265,1021,881,2229,787,1403,1184,0,1252,425,1741,1736,654,773,989,732,2067,986,1832,1221,2067,863,1387,1687,1152,1536,2067,937,1687,2067,1320,523,1982,443,1271,796,1757,1426,1296,1192,1721,1983,1177,2067,1732,1687,0,732,1247,1174,1943,1589,2133,907,661,663,999,1727,1687,1173,206,1990,1804,1451,1247,488,1914,2265,1240,815,1823,1801,1253,662,839,1619,664,665,1476,1338,2057,839,1088,743,0,872,744,816,1536,839,1687,1949,872,1935,827,1494,727,987,0,1157,57,604,337,2098,1687,1570,1100,788,1346,1875,564,1720,1739,1623,1759,1464,727,2067,2117,1021,584,742,2267,893,1687,759,1637,0,1811,1443,727,1358,1199,931,1863,1393,1687,1533,1702,1732,1020,728,679,1567,604,668,2064,829,1099,1046,828,1650,1198,739,827,930,709,1506,2280,1197,2031,1242,1843,647,1719,1973,866,1567,1247
782,1988,1644,1574,1167,1321,1173,886,1778,1920,1271,1077,0,1210,980,700,623,885,2065,140,2027,1030,930,1774,2027,1949,1262,1091,1355,1912,1169,1807,1879,1366,1671,1687,1223,1808,1282,1808,1787,416,1805,887,1783,1221,1637,1714,589,1816,1890,1124,1221,880,950,1202,1467,798,1249,190,904,1508,1687,1741,713,887,1142,1180,1198,1173,1980,1492,1588,798,1209,1815,1917,676,1241,1992,1249,1217,696,1350,2106,846,1539,1136,736,0,638,1741,1736,895,1160,1425,1259,2067,1425,1628,1173,2067,1331,1839,1687,1596,1988,2067,897,1687,2067,1243,1001,1863,1088,1223,1241,1757,1377,1248,1144,1721,1864,1532,2067,1732,1687,0,1259,1199,1621,1927,1738,2035,2318,818,822,674,1601,1687,1617,658,1871,1804,1362,1199,1126,2026,2013,178,1202,1654,1652,231,755,1366,1706,1189,1211,1664,1468,2057,1366,1535,1351,0,786,1189,1203,1988,1366,1687,1823,786,1838,1295,1946,886,1434,0,832,653,1072,993,1979,1687,1533,1547,1233,1298,1962,1046,1720,1739,1497,1262,1678,886,2067,1998,696,1065,1269,2148,952,1687,918,1678,0,1784,1425,886,1310,1509,1488,1863,1845,1687,1985,1636,1666,1459,887,738,2019,1085,905,1938,1356,1543,721,1355,1691,1150,1266,1296,651,1322,1481,2027,1492,1905,1508,1816,1034,1719,1972,1335,2019,1689
1167,2008,1655,1882,1138,1617,1144,907,1828,1939,1369,712,0,1230,1149,721,641,906,2071,764,1898,665,950,1793,1898,1968,890,1182,1453,1781,1189,2092,1898,1464,1967,1706,1194,1548,1302,1548,1537,506,1824,908,1692,1319,1656,1652,609,1866,1909,1144,1319,901,696,1211,1113,691,1203,747,925,1167,1706,1760,734,908,777,1189,1218,1144,1999,1141,1599,691,1229,1865,2048,697,1136,1861,1269,1188,713,1370,1977,592,1422,1107,771,787,0,1760,1755,916,1169,1445,1357,2073,1445,1886,1144,2073,1351,1859,1706,1616,2008,2073,929,1706,2073,1138,1021,1728,723,1194,1261,1776,1445,1219,1115,1740,1729,920,2073,1751,1706,0,1357,1170,1640,1698,1608,1879,2611,839,843,691,1746,1706,1636,680,1738,1823,1470,1170,761,1935,2014,775,1211,1909,1907,788,776,1464,1843,918,1309,1495,1357,2063,1464,1555,994,0,679,1209,1212,2007,1464,1706,1954,679,1694,1315,1965,907,1454,0,794,821,1092,628,1844,1706,1589,1567,1253,1269,1771,1066,1739,1758,1642,1572,1483,907,2073,1863,713,1156,1367,2015,698,1706,939,1656,0,1833,1462,907,1281,1132,1661,1882,1864,1706,2004,1721,1751,1479,908,484,2038,1176,926,2069,1454,1562,685,1453,1669,1121,1364,1316,672,962,1526,2028,1131,2036,974,1865,1043,1738,1991,1355,2038,1708
2081,2756,716,1094,888,1803,875,1578,1857,438,1981,1867,0,1997,1741,1397,1126,1577,916,1617,1875,1821,1711,402,1875,538,2039,1869,2065,1758,1945,2270,443,2076,2153,291,836,1541,2062,1541,1530,1408,466,1579,1709,1931,258,1504,1194,1895,408,1900,1931,1680,1305,1826,2015,1098,1553,1600,1615,968,291,13,1370,1579,1933,1804,1975,875,569,1163,803,1098,1985,1894,2354,1387,1696,1838,2026,850,1388,2127,1954,1141,1772,858,1468,1640,1571,0,4,1665,1784,2187,1969,918,2207,2087,875,918,2107,1096,291,2384,2756,918,2166,291,918,1698,1782,1705,1878,836,2017,390,1668,854,866,354,1706,929,918,7,291,0,1969,932,2410,1665,1922,1856,2916,1665,1513,1366,2075,291,2405,1412,1715,437,1653,932,1915,1952,1991,1628,1826,2137,2115,1641,1666,2076,1810,1954,1921,1488,1707,908,2076,2324,2133,0,1118,1965,1827,2756,2076,291,2265,1118,1661,2071,2714,1578,2223,0,1077,1434,1848,1784,1821,291,1824,2336,2009,961,1740,1840,51,2,1981,1824,1450,1578,918,1840,1393,1854,1990,1992,1307,291,1610,2004,0,1862,1716,1578,973,920,2000,706,1102,291,2766,2017,2045,2254,1579,1421,2800,1874,1870,2375,2077,2343,1124,2076,2017,804,1987,2085,1314,2112,1578,2005,1150,2340,1185,1894,1669,57,605,2124,2800,2489
2059,2749,711,2115,881,1796,868,1571,1850,431,1974,1861,0,1990,1734,1390,1119,1570,909,1610,1869,1815,1704,395,1869,531,2033,1862,2058,1752,1098,2263,436,2069,2146,284,829,1534,927,1534,1523,1401,459,1572,1702,1924,251,1497,1187,1888,401,1105,1924,1673,1298,1819,2008,1091,1546,1593,1608,2049,284,2,1363,1572,1927,1797,934,868,562,2033,796,1091,955,1887,2347,1380,1689,1832,1167,843,1381,1006,1948,1134,1765,851,1461,1633,1564,2,0,1658,1777,916,1962,911,1011,2080,868,911,1222,1045,284,2377,2749,911,2160,284,911,1691,1109,1699,1871,829,943,383,1661,847,859,347,1700,2073,911,3,284,0,1962,925,1190,1658,1918,1850,2908,1658,1506,1359,2068,284,2398,1405,1709,430,1646,925,1908,1945,1985,1621,1819,2133,2111,1634,1659,2069,1803,1945,1914,1481,1700,901,2069,2317,2126,0,1111,1107,1820,2749,2069,284,2258,1111,1654,1140,2707,1571,2216,0,1070,1427,1841,1777,1815,284,1817,2329,930,954,1725,1126,56,1,1974,1820,1443,1571,911,1834,1381,1836,1972,1986,1300,284,1603,1997,0,1855,1709,1571,966,2050,1993,699,1268,284,2746,2013,2041,1228,1572,1403,2780,1856,1852,2368,2059,2324,1117,2058,2010,797,1969,992,1302,2094,1571,1999,2033,2333,2049,1887,1651,62,598,1000,2780,2470
1149,1747,1342,1185,1077,1602,1083,120,1512,1655,850,911,0,939,685,348,467,119,1724,745,2078,864,658,1482,2078,1696,1096,825,934,1963,914,2077,1622,945,1952,1423,1133,1263,1030,1263,1252,778,1542,121,1407,800,1366,1367,433,1550,1625,852,800,7,742,276,1206,649,915,728,415,1052,1423,1490,502,121,976,254,926,1083,1727,1036,1305,649,938,1549,1763,811,1269,2043,977,1127,540,1078,2157,638,1133,1046,527,768,734,1490,1485,0,234,1177,838,1726,1172,1871,1083,1726,1060,1598,1423,1345,1747,1726,1251,1423,1726,1271,730,1910,922,1133,993,1473,1156,1158,1054,1436,1911,1217,1726,1481,1423,0,838,1109,1370,1880,1342,2061,1128,266,139,518,935,1423,1366,471,1918,1520,1181,1109,960,1641,2193,756,276,1894,1547,769,267,945,1333,920,790,1210,1068,1716,945,1284,1189,0,637,941,277,1747,945,1423,1669,637,1872,1024,1705,120,1183,0,687,374,801,827,2026,1423,1300,1296,985,1208,1587,775,1446,1488,1106,907,1198,120,1726,2045,540,799,848,2195,744,1423,152,1361,0,1517,1177,120,1220,1227,962,1599,1604,1423,1744,1451,1477,1206,121,530,1778,819,481,1784,935,1292,565,934,1374,1060,845,1024,440,1157,1221,2207,1240,1751,1062,1549,108,1444,1672,1063,1778,1440
1366,1834,1584,966,1201,1934,1208,434,1743,1862,840,1004,0,1035,783,471,689,433,1954,963,2287,957,755,1716,2287,1902,1189,914,924,2172,996,2379,1825,935,1731,1629,1258,1474,1105,1474,1463,1002,1747,435,1618,790,1579,1578,657,1781,1832,951,790,203,969,239,980,863,1127,946,511,1252,1629,1689,732,435,1067,217,1023,1208,1933,1023,1535,863,1034,1781,1985,1039,1488,2252,1074,1252,761,1175,2366,865,1346,1171,623,986,852,1689,1684,188,0,1250,828,1956,1245,1777,1208,1956,1156,1683,1629,1434,1832,1956,1463,1629,1956,1490,825,2119,1013,1258,1066,1699,1369,1283,1179,1663,2120,993,1956,1680,1629,0,828,1225,1459,2053,1533,2270,1108,365,371,739,920,1629,1455,567,2127,1746,1393,1225,1051,1855,2402,974,239,1767,1745,987,366,935,1564,1008,780,1420,1280,1946,935,1373,1276,0,851,1014,240,1832,935,1629,1890,851,2045,1120,1790,434,1272,0,897,470,897,918,2235,1629,1512,1385,1058,1324,2337,870,1662,1687,1564,1890,1408,434,1956,2254,761,886,838,2404,971,1629,466,1574,0,1748,1385,434,1336,998,946,1805,1689,1629,1829,1646,1676,1279,435,757,1863,906,638,2005,925,1381,786,924,1587,1176,835,1121,670,1247,1448,2416,1013,1972,1047,1780,141,1661,1914,1160,1863,1529
2510,698,1152,1759,2689,1183,2701,1898,1453,1052,1658,1547,0,626,1390,1893,2215,1900,1417,2465,985,1733,1335,1294,1191,1335,1445,1379,1744,3454,207,1588,991,1755,1523,2673,2753,1425,236,1445,1166,2387,1077,1902,1384,1591,997,1173,2190,1494,1262,268,1591,1722,2434,1868,1803,2386,1394,2448,1843,1533,940,2706,2221,1902,1501,1846,563,2703,1334,1820,1518,2386,493,1249,1650,2217,2925,3534,614,2743,2285,589,1189,2354,1431,2666,1798,2488,1967,2706,1107,1707,1826,0,1648,1216,391,1379,2703,1460,615,549,1145,100,698,1482,2530,2673,1463,2927,365,3401,1560,2753,251,1229,1438,2774,2674,1012,3402,1794,1224,1113,920,0,1648,2729,338,1203,1332,3910,1716,1838,1836,2263,1707,2673,121,1742,934,1276,1424,2729,1657,1406,3895,2476,1866,1397,1148,2489,1839,1755,1254,1355,1581,1407,1447,1399,1755,147,1702,0,2374,185,1867,698,1755,2673,1359,2374,992,579,656,1901,574,0,2419,1872,334,1694,3517,2673,1451,134,243,2824,1226,494,2701,2704,1403,1687,1374,1901,1171,3536,2285,1353,1658,1006,2436,2673,1933,1329,0,1217,1204,1901,2836,1822,1444,1241,555,941,695,1115,1341,425,1902,2246,729,1373,1769,1355,1745,73,2310,1744,1598,2678,1655,661,2160,1671,1184,3909,1500,1375,1539,1488,1698,2699,1275,599,729,394
1809,2013,1925,1556,1590,1216,1599,841,982,2245,26,1137,0,1236,802,879,1093,840,907,1375,2558,1090,956,2111,2558,2277,1140,1025,110,2443,1195,1155,2196,121,1100,2029,1649,1143,1308,964,945,1406,2144,842,1118,259,1981,959,1061,1018,2215,1150,259,746,1361,455,1307,1268,1172,1358,849,1360,2029,2064,1135,842,1202,611,1224,1599,2308,1622,993,1268,1235,1231,1188,1473,1845,2523,1275,1643,1166,1376,2637,1268,1007,1562,947,1398,1186,2064,2059,731,647,1451,0,1151,1451,972,1599,1140,1357,1864,2029,1621,2013,1167,1734,2029,1147,1847,1027,2390,1148,1649,1267,2096,998,1674,1570,2060,2391,1315,1161,2055,2029,0,0,1625,1646,2322,1132,2541,1243,776,777,1144,1501,2029,1642,891,2398,2143,1194,1625,1186,971,2674,1386,455,1183,971,1399,777,121,1932,1057,249,950,1016,2284,121,1561,1410,0,1256,1215,454,2013,121,2029,1189,1256,2313,1321,1971,841,1460,0,1301,960,1098,1053,2506,2029,1000,1573,1259,1724,2162,1072,2069,2062,1479,1215,1107,841,1098,2525,1166,999,24,2675,1363,2029,873,1152,0,1194,1218,841,1736,1600,1533,2222,1870,2029,2010,1141,935,1485,842,1160,2044,1019,985,1424,111,1568,1191,110,1392,1575,21,1322,1073,1381,1186,2688,1334,1446,1654,1011,724,2067,2308,1361,2044,1714
1837,1159,949,1784,1090,1754,1084,1502,1661,1215,1754,1648,0,1166,1529,1403,1107,1501,2,1393,1925,1602,1165,1063,1925,1254,1120,1069,1838,1808,1451,1938,1179,1230,1813,977,1045,1345,1481,1345,1334,1423,1121,1503,1513,1016,933,1308,1075,1699,1185,1450,1161,1457,1391,1603,1677,1282,1204,1376,1420,1718,977,1027,1157,1503,1714,1581,1474,1084,1285,1702,968,1282,1489,1698,2049,1165,1874,1888,1513,1059,1180,1566,2004,1298,1423,1067,1250,1416,1348,1027,1022,1442,1561,1469,953,0,1309,1848,1084,0,1561,1354,977,1366,1332,0,1947,977,0,1876,1441,1755,1659,1045,1493,1056,1446,1063,1075,1020,1756,1742,0,1018,977,0,1177,1141,1288,1740,1605,1906,2559,1440,1437,1158,1747,977,1420,1194,1765,1102,1471,1141,1696,1747,2040,1404,1603,1839,1817,1417,1441,1067,1635,1206,1694,1292,1358,10,1206,1153,988,0,1270,1211,1604,1419,1244,977,1955,1270,1736,1471,1435,1502,1430,0,1286,1209,1183,1565,1871,977,1590,1329,1477,1170,1891,1205,1002,1025,1643,1779,1254,1502,0,1890,1180,1255,1170,2042,1393,977,1534,1657,0,1666,1463,1502,1182,1718,1661,661,1640,977,1435,1718,1748,1314,1503,1190,1455,1276,1580,2069,1158,1413,1205,1838,1670,1013,918,1282,1095,992,1530,2064,1701,2036,1717,1698,1435,1001,1250,1292,1452,1421
2523,569,1247,1852,963,1263,2749,1996,1558,1147,1860,1757,0,815,1581,2257,2264,1995,1266,2514,1278,1929,1553,1409,1060,1201,1655,1596,1944,961,356,1391,1310,1955,1615,1194,2799,1268,263,1284,1514,2550,1416,1997,1233,1791,1319,1259,2239,1598,1139,417,1791,1919,2483,2065,1900,2435,1492,2497,2000,1610,1036,1105,2270,1997,1711,2043,387,2749,1200,1911,1629,2435,642,1615,1745,2266,2970,1121,287,2789,2334,154,1057,2403,1265,2712,2024,2537,2193,2951,1221,1904,2023,351,1848,1581,0,1474,2749,1301,383,343,1261,427,569,1593,2533,973,1575,2972,604,1142,1768,2799,400,1113,1537,1183,2720,1108,939,1886,1590,1017,1226,0,1848,2775,430,1299,1426,969,1500,1935,1931,2312,1801,966,448,1974,1008,1392,1261,2775,1959,1247,923,2525,2065,1237,1483,2538,1936,1955,1351,1564,1781,1251,1545,1511,1955,474,1918,0,2423,334,2066,569,1955,1200,1734,2423,1072,728,527,1996,721,0,2466,2034,483,1892,1145,921,1552,461,392,940,1093,731,2957,1204,1790,1476,1479,1996,1264,1119,2334,1570,1858,1304,2485,985,2028,1700,0,1305,1287,1996,970,1588,1838,1353,349,1252,566,1442,1190,34,1997,2295,600,1590,1930,1434,1945,400,2359,1944,1692,921,1855,201,2209,1886,1531,3916,1903,1756,1950,1592,1897,2955,1152,164,600,428
1580,1130,1814,957,1699,866,1480,1553,938,1844,1123,1705,0,1020,1493,1372,1067,1552,1493,1170,1113,1659,1226,1698,1113,1884,1575,1116,1156,996,1331,613,1809,1068,574,1611,1441,968,1384,968,947,1076,1729,1554,931,1238,1561,874,1035,976,1814,1312,1161,1547,1351,1563,783,1242,395,1153,1380,824,1611,1837,1117,1554,1771,1541,1336,1480,1915,808,1764,1242,1099,975,804,1125,1847,1069,1138,1709,1140,1437,1095,1258,575,1463,1210,1193,1295,1837,1843,1562,1521,1142,1174,1495,1221,0,1480,1495,1401,1300,1611,1282,1316,1495,1400,1611,1495,1849,1054,936,1716,1441,1139,1681,513,1503,1471,1645,937,848,1495,1662,1611,0,1000,1537,1469,732,487,1087,1699,1483,1488,1118,873,1611,1317,1154,946,1728,494,1537,1450,1165,1222,1181,1563,160,158,1194,1427,1111,469,1597,1096,812,503,1485,1065,1064,1672,0,1230,1349,1564,1378,1076,1611,704,1230,754,1301,1374,1553,1302,0,1275,1169,1058,1622,1052,1611,671,1239,1128,1716,767,1060,1798,1840,794,576,800,1553,1495,1071,1140,909,1209,1052,1353,1611,1584,578,0,943,563,1552,1617,825,922,1574,1572,1611,1165,133,151,1223,1553,1150,1183,912,1577,822,1049,1106,1165,1175,591,1409,1143,1416,1055,1641,636,1236,808,792,824,975,1395,1796,1896,1187,1190,1354
1611,2334,1410,1776,144,1552,23,1081,1558,1205,1439,1457,0,1569,1337,895,603,1080,1160,1129,1549,1411,1288,1154,1549,1244,1630,1447,1523,1432,1523,2027,1182,1534,1902,1066,15,1266,1635,1266,1255,893,1212,1082,1410,1389,1024,1370,671,1596,1188,1477,1389,1075,791,1530,1669,563,1196,1112,1283,1710,1066,858,749,1082,1520,1508,1551,23,1288,1694,1262,563,1562,1595,2055,1033,1179,1512,1602,74,612,1703,1628,618,1415,178,1150,1152,1115,858,864,1090,1488,1781,1427,1162,1777,2023,0,1162,1684,908,1066,1955,2333,1162,1623,1066,1162,1181,1359,1379,1465,15,1596,1147,1422,127,186,1111,1380,1734,1162,890,1066,0,1427,0,1974,1334,1812,1530,2562,1013,1017,806,1739,1066,1976,1019,1389,1194,1407,0,1502,1644,1665,1140,1530,2027,2005,1153,950,1534,1449,1653,1379,1213,1350,1152,1534,1896,1728,0,583,1544,1531,2333,1534,1066,1960,583,1326,1648,2291,1081,1795,0,542,1012,1425,1371,1495,1066,1578,1908,1588,105,1500,1405,819,860,1648,1510,1265,1081,1162,1514,612,1421,1437,1666,793,1066,1113,1649,0,1614,1470,1081,117,1707,1653,1135,912,1066,2330,1836,1935,1811,1131,761,2123,1441,1175,2018,1612,1741,589,1611,1662,58,1506,1649,844,1721,1376,1679,1690,2108,1706,1635,1433,786,1282,1715,2123,1813
1807,1390,936,1778,930,1774,921,1506,1649,1184,1758,1690,0,1159,1507,1362,1068,1505,2,1336,1823,1642,1399,1061,1823,1208,921,1283,1858,1690,1442,1982,1184,1220,1843,1015,920,1338,1218,1338,1327,1363,1121,1507,1492,1218,964,1449,1038,1676,1151,1193,1151,1474,1341,1605,1661,1149,1162,1315,1455,1702,1015,1023,1087,1506,1752,1583,1213,921,1239,1686,963,1149,1226,1675,1993,1170,1756,1770,1246,945,1143,1557,1902,1230,1393,901,1251,1359,1283,1023,1018,1459,1563,1209,944,0,1571,1828,921,0,1285,1625,1015,1123,1322,0,1909,1015,0,1758,1186,1637,1701,920,1484,1057,1402,901,909,1026,1638,1730,0,1014,1015,0,1167,981,1280,1595,1576,1788,2476,1446,1439,1121,1766,1015,1168,1193,1655,1105,1522,981,1740,1734,1924,1343,1605,1795,1790,1354,1447,1278,1640,1198,1697,1285,1313,10,990,1145,1185,0,1214,1203,1606,1409,1021,1015,2025,1214,1591,1212,1425,1505,1177,0,1128,1199,1176,1602,1753,1015,1542,1093,1468,1001,1898,1447,984,1021,1644,1761,1247,1505,0,1772,1143,1246,1160,1940,1343,1015,1537,1718,0,1654,1413,1505,1013,1703,1663,627,1350,1015,1425,1678,1705,1577,1506,1124,1445,1268,1601,2014,1147,1162,1168,1857,1731,850,1098,1540,1039,1191,1477,1938,1686,2104,1702,1675,1452,986,1294,1284,1193,1411
2759,977,1248,1769,945,1453,2699,1966,1510,1383,1809,1711,0,788,1519,2219,2229,1965,1252,2482,1191,1852,1500,1173,989,1454,1576,1531,1909,3497,413,1596,1081,1930,1270,1019,2749,1236,533,1251,1467,2471,1425,1967,1443,1740,1095,1217,2205,1548,1376,358,1740,1907,2478,2028,1826,2384,1426,2461,1982,1863,1273,1125,2231,1967,1615,2006,232,2699,1454,1826,1332,2384,232,1302,1382,2322,2943,3577,224,2790,2302,261,984,2384,1207,2652,1965,2505,2134,2972,1011,1892,1986,623,1797,1292,516,1160,2699,1552,0,828,1068,660,977,1571,2355,984,1554,2945,542,3444,1722,2749,491,1361,1220,1168,2660,1350,3445,1804,1569,1230,1019,1110,1797,2726,619,1019,1119,3466,1436,1906,1910,2280,1425,980,681,1914,940,1163,1459,2726,1791,1196,3455,2489,2028,1423,1413,2500,1916,1930,1283,1492,1730,1209,1476,1238,1930,707,1837,929,2372,439,2029,977,1930,1210,1655,2372,1229,266,935,1966,661,0,2407,1977,424,1816,3560,939,1236,694,483,934,1244,671,2949,999,1419,1414,1433,1966,1506,3579,2302,1504,1807,1219,2480,1000,1998,1625,0,1533,1236,1966,960,1526,1456,1109,834,1058,974,1370,1368,447,1967,2268,1008,1525,1902,1371,1920,607,2327,1909,1613,2666,1804,207,2194,1803,1473,3469,1506,1391,1546,1279,1875,2950,1167,246,1008,702
3123,400,1544,1952,1225,1341,1146,2129,1353,1181,1992,1900,0,955,1702,2168,2421,2128,1581,2683,1385,2037,1692,1194,1386,1486,1785,1722,2092,1044,524,1781,1122,2103,1716,999,2931,1326,543,1343,1589,2704,1448,2130,1565,1923,1123,1324,2395,1676,1173,587,1923,2061,2667,2192,1993,2574,1583,2662,2158,2044,1056,938,2429,2130,1818,2170,882,1136,1228,2014,1684,2574,804,1687,1524,2511,1130,1009,932,1117,2495,631,1384,2572,1622,2844,2154,2706,2309,907,1263,2046,2150,341,1980,1635,433,1570,1096,1346,926,0,1278,417,400,1366,2740,1000,1630,926,708,1241,1911,2931,568,1135,1346,1238,2852,1134,1020,1986,1645,1050,1265,0,1980,2908,487,1154,1261,1057,1907,2069,2064,2473,1573,1196,438,2103,1322,1177,1335,2908,2106,1593,1221,2690,2192,1314,1576,2701,2070,2103,1195,1689,1913,1316,1355,1293,2103,464,2007,0,2562,502,2193,400,2103,1022,1518,2562,1149,890,358,2129,880,0,2604,2166,645,2000,1247,1139,1636,451,560,1185,1419,835,3127,1244,1886,1554,1287,2129,1309,1223,2495,1695,1990,1409,2669,1218,2161,1487,0,1365,1641,2129,1224,2012,1936,1405,18,1053,397,1538,1268,506,2130,2466,431,1716,2091,1513,2093,390,2520,2092,1482,1177,1987,678,2382,1974,1615,992,2004,1851,2051,1669,2039,1133,1415,641,431,418
1983,2409,572,1102,844,1900,829,1676,1849,321,1927,1851,0,1167,1670,1399,1097,1676,739,1490,1823,1805,970,260,1823,392,2011,1776,2028,1690,955,2209,313,2039,2067,0,828,1538,962,1538,1527,1356,325,1678,1692,1878,140,1649,1200,1876,288,1169,1878,1642,1274,1773,1876,1056,1384,1469,1593,1165,0,382,1249,1678,1915,1751,1191,829,423,1170,657,1056,1227,1875,2196,1335,1666,1770,1228,853,1303,1267,1902,1114,1618,809,1408,1513,1449,382,377,1627,1731,948,1916,741,1044,2014,829,741,1290,1058,0,2107,2409,741,2123,0,741,1668,984,1637,1862,828,984,251,1632,804,817,219,1638,932,741,373,0,0,1916,889,1221,1598,1793,1788,2689,1615,1612,1281,1981,0,1111,1350,1655,299,1663,889,1899,1952,1924,1497,1773,1995,1990,1508,1616,2039,1743,1875,1868,1485,1537,731,2039,2049,2114,0,1076,1158,1774,2409,2039,0,2222,1076,1594,1009,2367,1677,1142,0,1035,1369,963,1765,1753,0,1765,2061,972,904,1901,1208,433,380,1859,1921,1447,1677,741,1772,1303,1749,1926,1940,1276,0,1709,1942,0,1854,1637,1677,916,909,1878,565,1064,0,2406,1878,1905,1051,1678,1287,2440,1770,1734,2217,2029,2054,1082,2028,1955,758,1923,1254,1201,2085,1601,1938,1155,2304,1184,1870,1624,439,508,1042,2445,2154
2890,581,1067,1377,2638,1103,2649,1913,1119,1168,1748,1641,0,659,1459,1952,2178,1912,1088,2441,1098,1791,1423,1192,910,1233,1509,1454,1848,3464,238,1493,1093,1859,1182,2886,2699,1322,266,1111,1307,2463,1199,1914,1062,1679,912,1090,2154,1153,1159,300,1679,1839,2459,1970,1412,2333,1073,2420,1906,1453,2886,2895,2190,1914,1548,1948,601,2649,1020,1725,1415,2333,525,1165,1553,2271,2906,3544,651,2740,2251,627,1097,2333,1104,2612,1893,2464,2065,2905,2900,1817,1921,338,1732,1131,429,1062,2649,1357,647,432,2886,0,581,1142,2535,2886,1126,2908,432,3411,1652,2699,282,1128,1339,2746,2620,1121,3412,1698,1375,2896,2886,0,1732,2676,222,1106,1235,3562,1341,1844,1841,2229,1611,2886,52,1842,3422,1175,1097,2676,1854,1082,3686,2448,1963,1299,1067,2459,1845,1855,1156,1416,1665,1081,1117,1295,1855,78,1758,0,2321,216,1964,581,1855,2886,1279,2321,911,611,539,1906,604,0,2366,1905,366,1746,3527,2886,1118,65,274,2778,1131,561,2858,2903,1598,1316,1272,1906,1086,3546,2251,1427,1742,929,2461,2886,1938,1508,0,1368,1355,1906,2790,1428,1364,1138,438,2886,578,1035,1244,463,1907,2227,612,1448,1851,1275,1845,85,2276,1844,1243,2626,1739,698,2143,1725,1330,3700,1421,1564,1763,1386,1810,2859,973,637,612,269
3148,1,1021,1408,2865,1127,2874,2122,1352,925,1985,1892,0,946,1695,2161,2414,2121,1058,2676,1154,2030,1684,934,1153,973,1776,1714,2085,3675,548,1270,3308,2096,1216,3159,2924,1313,598,1105,1082,2697,939,2123,1062,1916,3098,1321,2388,1155,917,611,1916,2054,2660,2185,1433,2567,1094,2655,2152,1789,3159,3166,2422,2123,1809,2163,903,2874,1171,1765,1144,2567,828,1400,1310,2504,3132,3755,953,2965,2488,689,957,2565,1363,2837,2147,2699,2302,3166,3161,2039,2143,365,1973,1103,491,1090,2874,1095,950,353,3159,441,0,1348,2765,3159,1328,3134,729,3622,1903,2924,592,3193,1358,2971,2845,3162,3623,1435,1342,3157,3159,0,1973,2901,545,944,1271,3773,1649,2062,2057,2466,1363,3159,462,2096,3634,917,1115,2901,2098,1098,3903,2683,2185,1329,1318,2694,2063,2096,981,1680,1906,1085,1139,1042,2096,488,1999,0,2555,526,2186,1,2096,3159,1308,2555,936,914,34,2122,904,0,2597,2159,669,1993,3738,3159,1365,475,584,3003,1172,856,3120,3164,1627,1339,1272,2122,1059,3761,2493,1691,1987,1175,2666,3165,2158,1274,0,1128,1372,2126,3020,1751,1680,913,359,3165,69,1062,1054,564,2127,2463,103,1712,2088,1301,2090,414,2518,2089,1536,2856,1984,736,2379,1968,1343,3922,1452,1594,1799,1148,2036,3127,911,699,103,442
1827,1171,956,1797,941,1794,931,1524,1669,1205,1101,1709,0,1417,1526,1371,1087,1523,2,1344,1849,1661,1172,1082,1849,1219,1129,1300,1878,1716,1462,2002,1205,1248,1863,1036,930,1358,1493,1359,1348,1455,1142,1525,1513,1244,985,1470,1057,1697,1172,1461,1177,1493,1360,1624,1680,1159,1182,1323,1470,1721,1036,1044,1106,1525,1771,1602,1230,931,1250,1705,983,1159,1241,1696,2012,1189,1765,1796,1262,955,1162,1306,1928,1249,1413,911,1263,1367,1302,1044,1039,1478,1582,1227,966,0,1319,1848,931,0,1301,1649,1036,1379,1116,0,1929,1036,0,1767,1201,1663,1720,930,1505,1078,1422,911,919,1047,1664,1749,0,1035,1036,0,1194,991,1299,1633,1596,1814,2478,1465,1458,1140,1785,1036,1186,1205,1681,1126,1542,991,1759,1755,1950,1351,1624,1815,1810,1362,1466,1307,1660,1005,917,1306,1333,10,1225,1404,1202,0,1233,1474,1625,1434,1262,1036,2044,1233,1629,1226,1200,1524,1194,0,1138,1218,1439,1621,1779,1036,1562,1111,1233,1011,1936,1464,1005,1042,1663,1776,1268,1524,0,1798,1162,1047,1187,1966,1362,1036,1556,1738,0,1675,1433,1524,1023,1722,1682,648,1654,1036,1450,1698,1725,1324,1525,1143,1217,1064,1611,2033,975,1426,1187,909,1751,860,1125,1292,1058,1207,1502,1964,1705,2126,1721,1696,1471,1007,1315,1301,1468,1435
501,2253,2509,2732,2025,2355,2036,1867,2798,2855,1976,1143,0,1934,1345,1683,1564,1866,2956,1359,1748,1306,1484,2730,1748,2868,1131,1372,2076,2054,1708,2681,2836,2087,2754,2692,2086,2828,1823,2828,2791,1396,2793,1868,2804,1907,2628,2761,1537,2825,2822,1675,1907,1861,1954,2193,2615,1720,2308,1476,1875,2656,2692,2692,1684,1868,1439,2171,1751,2036,2899,2640,2545,1720,1938,2824,2838,1681,2200,2012,1801,2128,1638,1902,2082,1827,2597,1999,1460,1382,1680,2692,2687,1876,2151,1907,1964,2958,1969,2634,2036,2958,1880,2104,2692,2105,2253,2958,0,2692,2958,2202,1557,2114,1154,2086,1781,2723,2415,2134,2007,2692,2115,2684,2958,2683,2692,0,1964,2063,1893,2352,2440,1917,3323,1801,1802,1616,2743,2692,2126,1645,1934,2771,2401,2063,995,3012,1895,1397,2193,2615,2610,1515,1738,2087,2456,1147,1897,2763,2527,2948,2087,2047,1236,0,1708,1729,2194,2253,2087,2692,2738,1708,2343,1869,2211,1867,1947,0,1753,1692,1620,1214,1995,2692,2566,2059,1773,2166,2275,1602,2658,2690,2633,2345,2676,1867,2958,2014,1638,1345,1974,2029,1956,2692,1899,2770,0,2803,2460,1867,2178,2657,2636,2872,2110,2692,2250,2500,2524,2003,1868,1721,2284,1366,1996,2856,2077,2052,1663,2076,2783,2013,1971,1848,1637,1203,2518,1909,2640,2817,2656,2824,2040,2659,2967,1887,2284,1986
1984,2415,572,1995,845,1977,830,1682,1847,321,1933,1855,0,1940,1671,1400,1098,1681,739,1491,1829,1809,1651,260,1829,392,2015,1780,2033,1696,1879,2211,313,2044,2069,0,829,1536,1995,1536,1525,1357,325,1683,1690,1883,140,1647,1200,1874,288,1847,1883,1647,1275,1778,1878,1057,1386,1470,1597,1919,0,382,1250,1683,1917,1756,1923,830,423,1903,657,1057,1123,1873,2198,1339,1667,1776,936,854,1303,1175,1908,1115,1620,810,1412,1514,1450,382,377,1632,1736,2076,1921,741,1176,2011,830,741,1189,1208,0,2111,2417,741,2124,0,741,1669,1724,1643,1864,829,909,251,1634,806,818,219,1644,1947,741,373,0,0,1921,890,945,1604,1790,1794,2690,1620,1617,1281,1983,0,2132,1354,1661,299,1744,890,1901,1950,1930,1498,1778,1992,1987,1509,1621,2044,1749,1879,1873,1483,1539,731,2044,2053,2116,0,1077,1899,1779,2417,2044,0,2224,1077,1601,921,2375,1682,1953,0,1036,1373,1789,1767,1760,0,1767,2065,1943,906,1908,910,433,380,1861,1965,1445,1682,741,1779,1303,1753,1931,1947,1277,0,1714,1944,0,1852,1639,1682,918,1920,1880,565,1005,0,2414,1875,1902,1183,1683,1288,2448,1774,1841,2219,2034,2058,1083,2033,1957,759,1928,960,1202,2084,1604,1945,1903,2306,918,1873,1625,439,508,1167,2448,2153
1831,1395,956,1797,941,1794,931,1524,1670,1205,1778,1709,0,1401,1526,1371,1087,1523,2,1344,1849,1661,1400,1082,1849,1219,1113,1063,1878,1716,1196,2002,1205,1016,1863,1036,930,1359,1475,1359,1348,1454,1142,1525,1513,1224,985,1470,1057,1697,1172,1443,1157,1493,1360,1624,1680,1159,1182,1323,1470,1721,1036,1044,1106,1525,1771,1602,1467,931,1250,1705,983,1159,1227,1696,2012,1189,1764,1796,1248,955,1162,1292,1928,1249,1413,911,1263,1367,1302,1044,1039,1478,1582,1212,949,0,1304,1848,931,0,1287,1349,1036,1360,1100,0,1933,1036,0,1766,1187,1663,1720,930,1486,1078,1422,911,919,1047,1664,1749,0,1035,1036,0,1174,991,1550,1633,1596,1814,2478,1465,1458,1140,1785,1036,1414,1205,1681,1126,1542,991,1759,1755,1950,1351,1624,1815,1810,1362,1466,1286,1660,1198,1718,1306,1333,10,1203,1386,1186,0,1233,1206,1625,1171,1241,1036,2044,1233,1629,1464,1184,1524,1424,0,1138,1218,1178,1621,1779,1036,1562,1323,1471,1011,1936,1448,1005,1042,1663,1776,1268,1524,0,1798,1162,1247,1167,1966,1362,1036,1556,1738,0,1675,1433,1524,1023,1722,1682,648,1635,1036,1430,1698,1725,1581,1525,1143,1450,1268,1611,2033,957,1407,1187,1878,1751,860,1105,1277,1058,1191,1502,1964,1705,2126,1721,1696,1471,1007,1315,1286,1447,1415
1348,2167,2088,2208,1384,1877,1390,1413,2304,2435,1877,1286,0,1696,1436,1232,1119,1412,2359,904,778,1238,1398,2319,778,2447,1449,1531,1977,1088,1622,2358,2418,1988,2216,2274,1440,2334,1733,2334,2297,692,2356,1414,2314,1827,2211,2271,1089,2331,2402,1589,1827,1407,1080,1722,2091,1057,1810,883,1498,2132,2274,2275,883,1414,1350,1700,1665,1390,2478,2116,2126,1057,1672,2330,2567,1217,2,791,1715,1486,1194,1816,857,958,2109,1353,965,927,920,2275,2270,1422,1680,1821,1865,2361,1877,2181,1390,2361,1794,1119,2274,1878,2167,2361,1456,2274,2361,0,1471,898,1297,1440,1695,2307,1939,1492,1361,2275,899,2160,2361,2266,2274,0,1865,1417,1807,2068,2242,694,2785,1344,1347,1172,2347,2274,1899,1072,709,2355,1920,1417,1334,2522,663,911,1722,2206,2220,922,1287,1988,2176,1470,1817,2038,2038,2351,1988,1820,1558,0,1045,1643,1723,2167,1988,2274,2596,1045,2059,1758,2125,1413,1719,0,1184,1022,1534,1200,774,2274,2091,1832,1687,1524,2316,1516,2238,2273,2237,1822,2026,1413,2361,793,1194,1504,1875,806,1082,2274,1445,2292,0,2309,1985,1413,1536,2133,2112,2460,927,2274,2164,2184,2208,1911,1414,852,2198,1525,1478,2588,1978,1825,1051,1977,2305,1370,1872,1762,1188,1525,2026,677,2116,2675,2132,2330,1569,2240,2558,1801,2198,1900
2534,685,1394,1641,2308,1097,2319,1434,1385,1269,1317,1250,0,190,1033,1474,1852,1433,1153,2144,2697,1389,943,1307,2697,1111,1030,975,1417,2552,178,1216,986,1428,1164,1133,2369,1133,306,1386,1111,1889,1315,1435,1091,1248,1003,1343,1828,1422,1045,123,1248,1403,2134,1534,1698,2008,1298,2123,1409,1436,1169,2312,1866,1435,1074,1512,199,2319,1343,1406,1232,2008,207,1198,1541,1909,2594,2632,249,2410,1925,350,2609,2009,1329,2282,1278,2167,1462,2312,918,1388,1492,399,1305,1193,467,1272,2319,1432,329,536,1189,284,685,1450,2162,2311,1433,2596,0,2499,1261,2369,260,1038,1115,2416,2290,1027,2500,1676,1200,1117,1119,0,1305,2346,325,1102,1013,3261,1330,1375,1368,1903,1593,2311,305,1220,2510,1295,1332,2346,1589,1090,3246,2151,1534,1072,1064,2162,1376,1428,1156,943,1238,1105,1116,1376,1428,226,1298,0,1996,208,1535,685,1428,911,1527,1996,912,293,643,1434,126,0,2041,1294,69,1352,2615,2311,1365,238,252,2448,1116,111,2275,1095,1586,1308,1308,1434,1148,2634,1925,948,1315,2566,2136,1102,1466,1239,0,1166,1365,1434,2460,1714,1350,1221,542,974,682,1028,1240,500,1435,1903,716,969,1311,1265,1418,231,1950,1417,1485,2296,1312,296,1819,1266,1114,3260,1400,1552,1440,1418,1381,2277,1302,335,716,375
1540,2657,1656,1492,1089,1155,1143,1848,1552,1833,2303,1771,0,2181,1891,1664,1318,1847,1388,1376,534,1723,1894,1727,534,1863,1932,2022,2403,150,2118,1785,1832,2414,1663,1668,1121,1254,2226,1254,1243,1172,1762,1849,1395,2253,1617,1352,1517,1579,1800,2086,2253,1842,1482,2175,1375,1284,1063,1355,1854,1416,1668,1611,1665,1849,1833,2153,2162,1143,1894,1400,1599,1284,2166,1578,1940,1660,1424,230,2212,1146,1618,914,613,1340,1294,1123,1449,1399,1400,1611,1618,1857,2133,2313,2291,1390,946,1214,1143,1390,2286,1027,1665,2363,2655,1388,1302,1665,1388,1424,1963,0,1780,1119,2188,1710,1206,879,1129,1678,0,1444,1388,1622,1665,0,2289,1153,942,257,962,248,2080,1780,1781,1594,1649,1665,2384,1621,360,1758,1192,1153,1819,1631,641,1381,2173,1181,1176,1392,1717,2412,551,1946,2241,1201,1214,1378,2412,2305,2034,0,1302,2136,2174,2655,2412,1665,1843,1302,392,2250,2613,1846,2204,0,1261,1504,2026,1681,213,1665,1356,2317,2180,1090,296,2009,1568,1612,1527,1096,1189,1846,1388,232,1616,1993,2299,651,1482,1665,1878,1619,0,1557,1251,1846,988,1417,1396,1440,1029,1665,2652,1064,1091,1145,1847,1329,916,2014,1973,1961,2402,2310,1308,2401,1632,1070,2296,2257,1616,2001,1319,655,1400,1922,1416,1578,2020,1570,1968,1101,925,2390
1129,1429,2110,1252,1853,2178,1860,1299,2618,2456,1299,17,0,1010,475,1339,1835,1298,2531,1560,2289,87,658,2340,2289,2466,237,520,1399,2380,886,2662,2439,1410,2517,2295,1910,2147,994,2147,2136,1218,2408,1300,2288,1230,2232,2245,1811,2645,2423,856,1230,1265,1355,1396,1076,1991,1711,1679,1131,1345,2295,2296,1848,1300,363,1374,931,1860,2497,1087,2149,1991,938,2644,948,1890,1740,2460,981,1954,1908,1082,2511,1244,1940,1823,600,1583,861,2296,2291,1250,1354,1082,1287,2533,1137,2483,1860,2533,1060,1279,2295,1119,1428,2533,974,2295,2533,1742,732,2327,0,1910,957,2328,2237,1960,1831,2296,2328,1065,2533,2287,2295,0,1287,1887,1068,2614,2068,2195,1003,1238,1233,1886,994,2295,1140,794,2334,2376,2223,1887,98,2496,2180,1598,1396,2508,2522,1718,1239,1410,2479,270,1220,2094,1859,2523,1410,1285,366,0,1979,905,1397,1428,1410,2295,1134,1979,2250,1024,1386,1299,1185,0,2024,738,800,130,2443,2295,2388,1297,949,1992,2648,776,2259,2294,1190,1182,2082,1299,2533,2464,1908,492,1297,2468,1357,2295,1331,1100,0,2623,2282,1299,1999,1091,1025,2481,1285,2295,1425,2146,2170,1171,1300,1138,1459,513,1292,937,1400,1066,1933,1399,2276,1835,1294,1028,1801,329,2338,2194,1079,1155,1119,2644,1243,2261,2579,1067,1459,1161
1621,2102,1351,1651,160,1468,138,1146,1493,1166,1522,1494,0,1630,1373,961,636,1145,1016,1172,1336,1446,1331,1061,1336,1182,1655,1464,1622,1203,1553,1946,1168,1633,1807,1005,0,1195,1664,1195,1184,954,1121,1147,1336,1472,964,1293,704,1520,1135,1519,1472,1140,824,1604,1534,587,1039,1151,1387,1575,1005,839,784,1147,1558,1582,1595,138,1213,1559,1119,587,1604,1519,1852,1104,1206,1283,1645,52,636,1746,1415,653,1270,193,1232,1195,1182,839,846,1155,1562,1752,1510,1018,1808,1884,15,1018,1726,1951,1005,1812,2100,1018,1713,1005,1018,1208,1404,1150,1505,0,1626,1057,1279,105,201,1026,1151,1603,1018,851,1005,0,1510,15,1741,1136,1634,1301,2410,1079,1081,843,1625,1005,1833,1070,1168,1105,1401,15,1542,1545,1437,1179,1604,1853,1848,1190,1016,1633,1249,1677,1462,1142,1190,1008,1633,1754,1767,0,607,1574,1605,2100,1633,1005,1910,607,1132,1690,2058,1146,1653,0,566,1056,1467,1409,1266,1005,1419,1766,1618,83,1392,1449,801,842,1503,1438,1170,1146,1018,1285,636,1437,1520,1453,826,1005,1178,1595,0,1498,1290,1146,95,1576,1522,1171,1957,1005,2097,1736,1763,1842,1147,777,2131,1458,1215,1873,1623,1759,613,1622,1608,73,1517,1692,772,1732,1259,1451,1559,1877,1093,1519,1451,803,1294,1731,2131,1831
2871,614,1424,1753,2702,1427,2713,1839,1212,1302,1676,1575,0,626,1387,1878,2246,1838,1194,2508,976,1717,1350,1101,1181,1134,1442,1382,1776,3514,150,1581,1015,1787,1517,931,2763,1439,182,1208,1419,2318,1337,1840,1395,1607,1237,1180,2222,1504,1071,212,1607,1765,2496,1896,1492,2401,1155,2487,1853,1528,974,2824,2258,1840,1479,1874,518,2713,1133,1501,1276,2401,437,1522,1647,2339,2968,3594,536,2804,2319,538,975,2401,1184,2676,1814,2531,1980,2824,1138,1750,1854,262,1664,1236,340,1376,2713,1228,559,465,1189,296,614,1246,2511,1097,1231,2970,396,3461,1586,2763,0,1268,1193,1096,2684,1043,3462,1480,1502,949,1145,0,1664,2740,254,1202,1100,3691,1419,1777,1774,2297,1410,2810,317,1756,927,1088,1181,2740,1942,1167,3675,2515,1896,1396,1147,2526,1778,1787,1253,1349,1597,1172,1198,1179,1787,343,1687,0,2389,128,1897,614,1787,928,1355,2389,992,523,572,1839,515,0,2432,1826,277,1677,3577,2810,1455,331,21,2942,1012,525,2780,929,1692,1684,1147,1839,1191,3596,2319,1355,1674,1205,2498,922,1871,1326,0,1228,1207,1839,2854,1820,1740,1048,472,1179,612,1113,1340,373,1885,2344,646,1376,1808,1634,1777,243,2344,1828,1319,2690,1671,584,2211,1661,1188,3472,1804,1372,1533,1498,1800,2781,1315,547,646,340
2476,936,562,2516,1304,2378,1299,2046,2368,539,2542,2418,0,1018,2268,1871,1573,2045,1302,2091,2211,2375,1021,329,2211,372,2565,929,2642,2092,1019,2847,703,2653,2704,749,1286,2032,1030,2032,2021,1854,96,2047,2190,2492,887,2147,1641,2393,548,1242,2492,2040,1761,2399,2407,1531,1921,2081,2094,2448,749,876,1837,2047,2483,2377,1264,1299,403,2432,840,1531,1295,2392,2638,1930,2127,2172,1302,1311,1580,1346,2290,1589,2190,1279,2010,2114,2010,876,871,2055,2357,1018,2530,1304,1345,2406,1299,1304,1127,1371,749,934,3052,1304,2573,749,1304,2129,1254,2039,2429,1286,1050,0,2153,1281,1287,635,2040,2476,1304,867,749,0,2530,1356,1308,1974,2221,2190,3190,1971,1981,1780,2480,749,1190,1958,2049,95,2177,1356,2457,2426,2311,2107,2399,2394,2389,2119,1926,2653,2089,2449,2482,1979,2067,1294,2653,1168,2691,0,1551,1024,2400,1153,2653,749,2726,1551,1966,1064,976,2046,1008,0,1510,1982,1020,2347,2155,749,2280,1098,1037,1381,2230,1272,917,874,2371,2489,1941,2046,1304,2174,1580,2351,2540,2329,1763,749,2078,2472,0,2373,2172,2046,1393,2449,2390,1066,1141,749,1159,2291,2315,1352,2047,1714,975,916,2208,2659,2643,967,1557,2642,2485,1228,2537,1102,1790,2659,2202,2325,2432,2621,2448,2392,2246,922,328,1338,967,968
1944,1169,1702,774,1548,443,1310,1383,690,1612,952,1554,0,1082,1375,1275,1010,1382,1339,1470,1418,1506,1078,1512,1418,1646,1722,985,1170,1284,1155,921,1613,1315,769,1424,1297,720,1444,720,684,1382,1546,1384,670,1054,1371,627,972,715,1579,1143,1198,1351,1259,1482,665,1161,375,1460,1285,706,1424,1463,1005,1384,1610,1460,1163,1309,1677,690,1652,1161,1400,714,916,1030,1734,1364,1195,1321,1095,1245,1392,1148,211,1289,1119,1493,1201,1463,1458,1336,1440,1190,1206,1341,1273,825,1309,1341,1474,1625,1424,1108,1125,1341,1723,1424,1341,1736,1346,1231,1566,1296,1440,1497,0,1341,1297,1464,1232,734,1341,1454,1424,0,1025,1366,1528,986,802,1382,1480,1324,1317,1073,757,1424,1378,1060,1252,1545,32,1366,1604,643,1521,1487,1482,849,856,1499,1325,1134,822,912,936,550,212,1331,1306,1347,1110,0,1149,1413,1483,1181,1098,1424,1041,1149,1005,1375,1427,1383,1368,0,1192,1072,1348,1470,1347,1424,157,1073,1426,1552,1010,1122,1403,1461,636,489,538,1383,1341,1366,1095,1167,1025,1349,1261,1424,1415,583,0,695,50,1383,1450,707,655,1390,1628,1424,1203,804,833,1276,1384,1042,1221,973,1462,937,1281,1392,1120,1190,596,1238,1172,1229,957,1102,385,1535,690,900,706,714,1329,1410,1747,1500,1226,1408
1126,1565,1525,1823,967,1527,970,854,1611,1785,1061,956,0,1091,762,664,376,853,1853,669,2004,907,756,1685,2004,1815,1129,888,1161,1882,1004,1991,1786,1172,1853,1598,1020,1383,1117,1383,1372,720,1719,855,1528,992,1545,1485,340,1636,1752,964,992,821,683,952,1714,535,1046,660,666,1755,1598,1624,388,855,1010,930,1034,970,1846,1739,1488,535,909,1635,1795,440,1201,1962,1118,1058,461,1170,2083,561,1324,933,525,693,614,1624,1619,806,910,1202,1049,1855,980,1903,970,1855,967,1025,1598,1240,1565,1855,1237,1598,1855,1203,831,1829,967,1020,907,1670,1285,0,941,1638,1830,1783,1855,1615,1598,0,1049,997,958,1797,1475,1980,2429,792,789,439,1636,1598,1261,466,1842,1718,1317,997,1005,1806,2104,687,952,1927,1597,699,793,1172,1500,978,982,1330,1200,1845,1172,1379,1239,0,523,1023,953,1565,1172,1598,1920,523,1789,1176,1523,854,1278,0,575,473,912,870,1945,1598,1412,1391,1067,1103,2054,875,1579,1622,1515,1493,1318,853,1855,1964,461,861,1059,2122,685,1598,885,1607,0,1616,1305,853,1115,1756,1534,1761,1243,1598,1562,1499,1525,1189,854,455,1596,882,808,1815,1162,1187,486,1161,1620,950,1056,954,340,1207,1328,2118,1739,1777,1755,1635,798,1587,1917,1163,1596,1281
1615,2123,1392,1850,174,1609,29,1161,1716,1097,1803,1495,0,1622,1363,982,676,1160,1099,1179,1600,1448,1334,1053,1600,1207,1661,1469,1903,1466,1576,2077,1267,1914,1935,969,79,1380,1691,1380,1369,980,1108,1162,1538,1753,919,1495,744,1741,1064,1532,1753,1155,864,1623,1741,623,1242,1169,1345,1782,969,832,824,1162,1551,1601,1602,29,1238,1766,1286,623,1659,1740,1982,1090,1237,1546,1683,104,672,1785,1679,692,1522,222,1272,1202,1142,832,839,1170,1581,1777,1791,1101,1824,1975,29,1101,1785,1974,969,1838,2123,1101,1705,969,1101,1239,1407,1413,1506,79,1649,1047,1468,157,0,1014,1414,1810,1101,844,969,0,1791,56,1764,1350,1783,1564,2506,1091,1096,883,1824,969,1859,1077,1434,1095,1454,56,1543,1818,1703,1196,1623,1972,1967,1208,1037,1914,1471,1689,1743,1327,1397,1091,1914,1779,1780,0,643,1597,1624,2123,1914,969,2082,643,1342,1745,2081,1161,1678,0,602,1060,1481,1411,1529,969,1609,1791,1641,135,1629,1452,793,835,1703,1583,1289,1161,1101,1548,672,1442,1801,1718,866,969,1193,1804,0,1721,1502,1161,147,1783,1722,1238,908,969,2120,1866,1894,1858,1162,817,2154,1463,1238,2003,1904,1785,649,1903,1817,64,1798,1723,803,1745,1406,1717,1766,1965,1782,1740,1470,801,1276,1768,2154,1856
1988,935,469,2156,935,2071,929,1648,1898,337,2099,1966,0,1215,1770,1468,1198,1647,858,1597,1846,1920,1217,78,1846,279,2126,1105,2199,1713,1221,2542,319,2210,2397,359,916,1562,1025,1562,1551,1496,138,1649,1720,2049,514,1677,1253,1923,304,1019,2049,1767,1362,1898,2047,1158,1556,1587,1672,2088,359,491,1357,1649,2023,1876,1254,929,310,2072,748,1158,1283,1922,2274,1444,1761,1793,1070,941,1207,1107,1925,1219,1825,909,1526,1620,1549,491,486,1752,1856,1223,2092,860,1338,2087,929,860,1117,1369,359,928,2558,860,2225,359,860,1763,1241,1660,1977,916,1260,69,1786,911,917,0,1661,2109,860,482,359,0,2092,986,1079,1642,1902,1811,2821,1741,1583,1423,2108,359,979,1467,1681,117,1869,986,2013,2008,1946,1614,1898,2081,2076,1626,1742,2215,1778,1998,2044,1509,1700,850,2215,960,2242,0,1178,1017,1899,1150,2215,359,2354,1178,1638,1053,1175,1648,1207,0,1137,1489,1010,1883,1776,359,1913,2217,1030,1011,1920,1258,567,489,2000,2124,1471,1648,860,1795,1207,1868,2102,1964,1364,359,1680,2106,0,1903,1805,1648,1023,2082,2019,685,1376,359,959,1975,2003,1346,1649,1395,1177,1889,1916,2288,2205,1162,1184,2204,2119,858,2099,1094,1309,2210,1689,1959,2065,2251,2081,1922,1745,572,321,1329,968,1165
1475,2631,1716,1425,1106,1143,1149,1827,1619,1793,2336,1733,0,2124,1843,1646,1355,1826,1433,1357,532,1685,1839,1693,532,1829,1895,1968,2436,150,2087,1781,1794,2447,1613,1606,1124,1296,2198,1296,1285,1170,1727,1828,1441,2286,1553,1398,1410,1644,1760,2042,2286,1821,1530,2135,1316,1319,976,1347,1816,1357,1606,1653,1625,1828,1788,2113,2113,1149,1860,1341,1666,1319,2163,1643,1943,1588,1434,230,2194,1149,1629,1097,611,1376,1254,1129,1460,1380,1337,1653,1660,1836,2093,2287,2324,1435,1134,1155,1149,1435,2296,1232,1606,2342,2631,1435,1303,1606,1435,1436,1910,0,1744,1124,2160,1678,1196,898,1137,1646,0,1385,1435,1666,1606,0,2324,1158,935,257,912,248,2044,1756,1762,1607,1561,1606,2363,1572,360,1726,1182,1158,1782,1711,641,1374,2135,1133,1128,1386,1701,2447,551,1919,2276,1243,1130,1425,2447,2282,2007,0,1339,2108,2136,2631,2447,1606,1844,1339,392,2249,2589,1827,2181,0,1298,1517,1984,1648,213,1606,1352,2294,2152,1109,296,1956,1612,1656,1440,1092,1231,1827,1435,232,1629,1941,2334,650,1532,1606,1859,1537,0,1624,1245,1827,1007,1358,1337,1484,1233,1606,2628,1026,1056,941,1828,1329,907,1962,1948,1964,2437,2289,1345,2436,1550,1078,2331,2234,1578,1974,1258,655,1341,1926,1357,1643,1982,1620,1925,1094,916,2366
2256,1782,2241,48,2231,906,1960,907,1431,2323,1535,1074,1365,1353,1317,962,1697,1102,2004,1875,2101,1282,1347,2233,2101,2328,1357,1521,1291,1979,1443,962,2310,1409,885,981,1947,1461,1488,1461,1425,1815,2269,947,1460,1654,2094,1397,1096,1456,2290,1721,1306,1207,1970,1111,184,1848,909,1865,971,66,2144,920,1697,915,1085,1183,1445,1960,2359,33,2262,1848,1434,1455,481,1184,2580,2059,1476,1972,1782,1846,2013,1840,978,1940,975,1898,1111,1122,2184,1008,1199,1485,1589,2006,1562,1286,1960,2006,1494,1644,1126,1406,1733,2006,2098,2144,2006,2582,1388,1926,1286,1947,1788,2220,1045,2025,1948,2188,1927,0,2006,2188,2144,1021,1343,2017,1884,1675,1478,2149,1621,1205,963,1760,176,2144,1433,1165,1936,2268,1028,2017,1100,1246,2198,1892,1145,1310,1317,1904,989,1755,1499,1188,1512,1340,1137,1996,1403,1699,1453,1076,1836,1761,1154,1486,1417,2144,758,1836,1694,1703,1483,913,1418,1375,1880,983,1395,1032,2042,1115,1206,1370,1775,2236,1699,1393,2142,2181,138,432,1328,906,2006,2061,1782,1506,1343,1970,1972,2144,974,635,978,1436,1098,906,2134,176,117,2055,1988,916,1825,1262,1286,1564,970,1734,1529,1507,943,502,1384,1451,1807,1308,648,1889,1289,1825,907,1192,1148,2212,33,509,66,1455,1229,2150,2466,1526,1855,1770
1822,1167,1014,1819,1079,1711,1072,1541,1738,1230,906,1716,0,1416,1535,1378,1121,1540,2,1348,2007,1668,1172,1121,2007,1245,1128,1299,1926,1888,1459,2027,1229,1027,1886,1039,1059,1402,1490,1402,1391,1392,1178,1542,1560,1025,986,1517,1083,1763,1197,1459,1171,1510,1371,1641,1710,1272,1211,1338,1438,1751,1039,1062,1117,1542,1771,1619,1228,1072,1276,1735,997,1272,1240,1762,1951,1187,1849,1968,1522,1084,1206,1304,2086,1260,1491,1052,1269,1371,1314,1062,1057,1495,1599,1478,961,0,1316,1789,1072,0,1299,1362,1039,1139,1111,0,1920,1039,0,1851,1449,1835,1727,1059,1243,1114,1457,1054,1060,1081,1836,1779,0,1053,1039,0,1188,1129,1565,1797,1635,1986,2478,1482,1475,1184,1793,1039,1429,1210,1845,1162,1478,1129,1765,1846,2107,1365,1641,1770,1765,1377,1483,1076,1660,1213,913,1349,1366,10,1216,1401,1201,0,1260,1218,1642,1183,1254,1039,2051,1260,1788,1225,1196,1541,1192,0,1277,1231,1190,1631,1951,1039,1578,1108,1231,1154,1855,1463,1017,1060,1672,1806,1311,1541,0,1970,1206,1046,977,2125,1373,1039,1573,1773,0,1743,1471,1541,1166,1752,1691,656,1366,1039,1196,1663,1693,1321,1542,1154,1465,1063,1578,1972,1169,1422,1231,1926,1786,1001,1119,1289,1069,1207,1503,2121,1735,1934,1751,1762,1488,1025,1349,1299,1210,1430
1889,2370,651,2032,773,1778,764,1616,1801,401,1902,1782,0,1862,1599,1441,1037,1615,745,1415,1656,1734,1575,377,1656,465,1941,1707,2002,1522,1106,2246,396,2013,2104,259,748,1465,1127,1465,1454,1335,438,1617,1623,1852,220,1580,1144,1826,368,921,1852,1583,1214,1714,1923,992,1425,1405,1488,1964,259,5,1180,1617,1837,1692,940,764,496,1948,731,992,1161,1825,2152,1255,1599,1602,1175,773,1263,1222,1735,1053,1704,744,1337,1438,1377,5,3,1568,1672,922,1890,747,1228,1998,764,747,1018,1268,259,2067,2370,747,1987,259,747,1601,925,1469,1793,748,1146,367,1559,739,752,334,1470,1992,747,0,259,0,1890,818,1196,1401,1813,1620,2697,1559,1554,1241,1993,259,2092,1281,1490,415,1545,818,1835,1911,1759,1432,1717,1992,1987,1444,1560,2016,1538,1798,1845,1412,1580,737,2016,2012,2057,0,1012,1115,1718,2377,2016,259,2237,1012,1393,951,2335,1619,1912,0,971,1304,1099,1701,1585,259,1715,2024,936,839,1696,939,50,4,1885,1781,1374,1619,747,1604,1263,1684,1903,1774,1216,259,1651,1986,0,1806,1608,1619,851,1965,1904,574,1055,259,2374,1886,1914,1235,1620,1217,2408,1705,1631,2173,2006,2018,1018,2005,1999,693,1900,999,1132,2025,1511,1773,1948,2136,1964,1825,1564,54,621,1006,2408,2112
1956,2453,574,2032,836,1957,831,1695,1845,320,1976,1858,0,1941,1661,1389,1105,1694,724,1483,1743,1812,1094,292,1743,384,2015,1785,2075,1609,1105,2241,315,2086,2099,0,818,1509,932,1509,1498,1401,353,1695,1667,1925,140,1624,1204,1870,287,1113,1925,1659,1282,1790,1923,1060,1430,1472,1560,1964,0,377,1243,1695,1914,1768,941,831,415,1948,650,1060,962,1869,2152,1332,1665,1689,1175,843,1325,1011,1822,1121,1704,811,1414,1505,1442,377,372,1644,1748,1112,1963,726,1015,2001,831,726,1230,1047,0,2145,2452,726,2056,0,726,1667,927,1556,1868,818,948,282,1671,809,819,249,1557,1992,726,368,0,0,1963,888,989,1506,1816,1707,2697,1633,1629,1303,1993,0,2166,1355,1577,330,1752,888,1905,1955,1846,1499,1790,1995,1990,1511,1634,2086,1651,1886,1915,1456,1580,716,2086,2085,2127,0,1080,1114,1791,2452,2086,0,2237,1080,1506,952,2410,1694,1985,0,1039,1378,910,1774,1672,0,1792,2097,935,909,1813,1136,454,375,1885,2007,1418,1694,727,1691,1325,1758,1973,1861,1284,0,1726,1986,0,1850,1685,1694,921,1965,1904,557,1271,0,2449,1889,1917,1233,1695,1280,2483,1779,1702,2173,2076,2092,1086,2075,1999,760,1970,998,1195,2098,1573,1860,1948,2136,1964,1869,1637,458,536,1005,2483,2185
0,0,0,998,0,0,0,0,0,0,0,0,0,0,0,0,0,0,0,0,0,0,0,0,0,0,0,0,0,0,0,0,0,0,0,0,0,0,0,0,0,0,0,0,0,0,0,0,0,0,0,0,0,0,0,0,1193,0,0,0,0,1058,0,0,0,0,0,0,0,0,0,1275,0,0,0,0,0,0,0,0,0,0,0,0,0,0,0,0,0,0,0,0,0,0,0,0,0,0,0,0,0,0,919,0,0,0,0,0,0,0,0,0,0,0,0,0,0,0,0,0,0,0,0,1233,0,0,0,0,0,0,0,0,0,0,940,0,0,0,1151,0,0,0,0,0,0,0,0,0,0,0,0,0,0,0,0,0,0,0,0,0,0,0,0,0,0,0,0,0,0,0,0,0,906,0,0,0,0,0,0,0,0,0,0,0,0,0,0,0,0,0,0,0,0,0,1115,912,0,0,0,0,0,0,0,0,0,0,0,0,0,0,0,0,0,1217,972,0,0,0,0,0,0,0,0,0,0,0,0,0,0,0,0,0,0,0,0,0,0,0,0,0,1044,0,1072,0,0,0,0,0,0,0
1854,1767,1939,1589,1602,1249,1609,869,1217,2260,26,1102,0,1272,810,908,1137,868,1122,1380,2580,1053,964,2170,2580,2263,1121,1004,126,2457,1209,1182,2247,137,1128,2081,1659,971,1322,989,971,1420,2206,870,952,259,2031,1190,1102,1044,2227,1171,259,801,1399,529,1611,1286,998,1370,862,1388,2081,2096,1145,870,1156,685,1241,1609,2294,1656,1015,1286,1297,1044,1215,1434,1877,2537,1322,1695,1221,1424,2659,1288,1249,1572,921,1403,1150,2096,2091,786,721,1406,0,975,1454,1207,1609,966,1424,1618,2081,1444,1767,989,1720,2081,972,1879,1039,2404,1113,1659,1279,2157,1238,1708,1580,2125,2405,1622,983,2087,2081,0,0,1636,1396,2335,1165,2555,1270,807,804,1199,1534,2081,1465,862,2417,2205,1016,1636,1151,998,2681,1397,529,1217,1206,1409,808,137,1936,1045,249,1179,1043,1102,137,1426,1386,0,1274,1227,528,1767,137,2081,1216,1274,2325,1383,1725,869,1325,0,1317,814,1119,1016,2520,2081,1027,1438,1271,1740,2108,1083,2064,2094,1252,1243,1138,869,932,2539,1221,977,24,2698,1401,2081,901,1179,0,1224,1250,869,1752,1633,1566,2262,1624,2081,1764,1174,1162,1488,870,1182,1798,998,1056,1457,127,1391,1246,126,1425,1588,21,1362,1097,1354,1009,2695,1644,1479,1397,1251,779,2072,2403,1407,1798,1485
1569,2078,1363,1831,145,1597,123,1115,1689,1068,1757,1448,0,1575,1317,936,630,1114,1070,1134,1369,1401,1287,1024,1369,1178,1611,1424,1857,1235,1529,2065,1238,1868,1923,940,15,1353,1644,1353,1342,935,1079,1116,1511,1707,890,1468,698,1714,1035,1485,1707,1109,818,1577,1722,575,1223,1124,1299,1763,940,803,778,1116,1504,1555,1555,123,1209,1747,1257,575,1612,1713,1963,1044,1192,1315,1636,74,624,1738,1448,646,1503,178,1227,1157,1097,803,810,1124,1535,1730,1745,1072,1777,1831,0,1072,1738,1929,940,1791,2078,1072,1663,940,1072,1194,1360,1182,1459,15,1602,1018,1441,127,186,985,1183,1791,1072,815,940,0,1745,0,1719,1152,1588,1333,2494,1045,1050,837,1805,940,1812,1031,1203,1066,1427,0,1496,1792,1472,1151,1577,1807,1802,1163,991,1868,1267,1641,1697,1300,1378,1062,1868,1732,1731,0,595,1550,1578,2078,1868,940,2063,595,1144,1698,2036,1115,1631,0,554,1014,1434,1364,1298,940,1590,1744,1594,105,1411,1405,764,806,1684,1571,1262,1115,1072,1317,624,1397,1755,1487,820,940,1147,1785,0,1694,1483,1115,117,1764,1703,1209,1933,940,2073,1701,1729,1811,1116,771,2107,1418,1192,1984,1858,1738,601,1857,1798,58,1752,1676,757,1696,1379,1486,1747,1946,1763,1713,1424,772,1247,1721,2107,1809
2870,359,1220,1531,944,1519,2717,1923,1277,1121,1777,1716,0,716,1484,1962,2256,1922,1503,2457,1280,1822,1463,1138,1061,1174,1551,1496,1879,959,280,1389,1060,1890,1613,954,2769,1253,224,1534,1240,2460,1144,1924,1220,1710,1286,1507,2221,1584,1345,341,1710,1862,2484,1993,1894,2406,1229,2449,1947,1942,1005,2925,2211,1924,1597,1971,634,2719,1415,1582,1604,2406,612,1598,1441,2226,2924,925,715,2801,2343,429,1278,2354,1260,2682,1941,2482,2104,2925,985,1847,1951,95,1767,1555,231,1217,2719,1546,658,210,1011,173,359,1569,2838,1141,1283,2926,503,1138,1729,2769,324,1083,1265,1158,2690,1303,1130,1560,1296,991,1194,0,1767,2746,0,1294,1177,1171,1496,1862,1858,2321,1488,937,194,1889,1217,1356,1254,2746,1946,1239,1115,2476,1993,1487,1477,2488,1863,1890,1113,1465,1700,1239,1538,1229,1890,220,1736,0,2394,258,1994,359,1890,966,1433,2394,1066,698,317,1923,663,0,2436,1953,407,1787,1143,2891,1276,207,316,1107,1317,630,2894,971,1785,1471,1212,1923,1501,926,2343,1469,1777,1304,2486,1154,1955,1695,0,1291,1545,1923,948,1912,1519,1326,216,1005,356,1437,1431,265,1924,2248,390,1490,1885,1430,1880,146,2368,1879,1398,2696,1774,476,2164,1701,1258,3505,1901,1751,1613,1306,1840,2901,1121,439,390,172
1483,984,1652,1104,1042,784,1085,1766,1259,1774,1716,1659,0,1688,1431,1585,1017,1765,1369,1293,541,1611,1401,1675,541,1810,1824,1536,1816,381,958,1163,1775,1118,1151,1588,1060,936,1208,936,925,1111,1709,1767,1081,1666,1535,1038,979,1284,1741,1139,1666,1408,1459,1539,995,1257,589,1283,1340,1036,1588,1588,1013,1767,1714,1517,1163,1085,1841,1020,1601,1257,1157,1283,1321,1085,1372,461,1202,1085,1102,1046,620,1316,866,1065,1171,1316,1275,1588,1595,1393,1497,996,1704,1371,1076,692,1085,1371,1230,1394,1588,916,1140,1371,1311,1588,1371,1374,913,328,1670,1060,995,1660,835,834,1073,1628,329,1064,1371,1601,1588,0,1704,1094,1071,0,469,479,1759,1380,1701,1080,1163,1588,946,1112,369,1708,818,1094,1713,1317,650,1310,1539,670,665,1322,1381,968,136,1609,1656,883,744,1361,925,1110,1944,0,1156,1175,1540,1201,1128,1588,1224,1156,36,937,991,1766,935,0,1236,1127,1106,1579,444,1588,957,1858,1188,1045,81,1111,1547,1591,1042,766,871,1766,1371,463,1102,1509,1714,730,1461,1588,1798,1149,0,1264,849,1766,943,1037,1061,1420,1396,1588,1231,564,592,1078,1767,1050,1253,1530,1500,1342,1103,1160,1127,1816,1164,1014,1711,1029,965,1911,872,664,1020,1304,1036,1285,1386,1555,1907,1260,1044,975
1586,1092,1616,1229,1537,768,1298,1555,922,1670,1644,1544,0,1183,1364,1377,948,1554,1329,1150,887,1496,975,1571,887,1706,1560,1470,926,814,1283,904,1671,1034,684,1483,1285,814,1106,814,803,1072,1605,1556,959,1195,1430,916,910,947,1637,1046,925,1549,1200,1471,846,1099,423,1140,1274,887,1483,1551,946,1556,1599,1449,1288,1298,1737,871,1565,1099,1059,946,1074,1019,1840,894,1098,1310,1033,1389,845,1089,657,1278,1108,1173,1277,1551,1558,1325,1429,1103,937,1331,1181,221,1298,1331,1352,1523,1483,1023,1053,1331,1385,1483,1331,1842,1224,761,1555,1285,1328,1556,533,1331,1286,1524,762,915,1331,1564,1483,0,965,1355,1422,433,0,912,1610,1313,1489,1011,1145,1483,1270,1049,721,1604,516,1355,1440,1195,990,1167,1471,193,188,1179,1432,1077,221,1589,1584,761,541,1321,1032,1238,1677,0,1087,1301,1472,1332,1042,1483,972,1087,454,1037,1327,1555,1254,0,1130,1061,1018,1459,877,1483,690,1192,1089,1542,450,1020,1510,1554,847,617,749,1555,1331,896,1033,1443,966,802,1202,1483,1587,769,0,927,582,1555,1440,888,1197,1380,1525,1483,1362,90,114,1429,1556,983,1384,1464,1451,1095,1018,1289,1058,1137,782,1227,912,1368,898,1644,638,1004,871,1058,887,946,1318,1518,1806,1385,1153,1307
1617,2707,1806,1611,1263,1331,1309,1899,1833,1943,2376,1916,0,2207,1930,1722,1494,1898,1587,1521,245,1870,1923,1846,245,1948,2077,2048,2476,483,2164,1873,1944,2487,1770,1759,1283,1510,2274,1510,1499,1327,1880,1900,1655,2326,1706,1612,1586,1858,1910,2123,2326,1897,1682,2217,1449,1453,1168,1511,1844,1490,1759,1810,1702,1900,1973,2195,2193,1309,1979,1474,1825,1453,2246,1857,1466,1668,1591,121,2274,1308,1707,935,796,1510,1448,1399,1612,1544,1482,1810,1816,1912,2175,2364,2364,1589,1171,1312,1309,1589,2376,1276,1759,2419,2707,1589,1537,1759,1589,1593,1994,292,1927,1283,2236,1831,1372,1057,1407,1799,293,1626,1589,1821,1759,0,2364,1317,970,439,1069,0,2192,1830,1834,1685,1527,1759,2440,1652,196,1879,1358,1317,1964,1943,823,1538,2217,1282,1277,1550,1809,911,733,2107,2316,1457,1323,1579,2487,2364,2194,0,1473,2184,2218,907,2487,1759,1367,1473,574,2332,2665,1899,2264,0,1432,1669,2067,1875,104,1759,1528,2376,2228,1268,478,2040,1770,1813,1612,1184,1445,1899,1589,123,1707,2021,2374,835,1684,1759,1963,1597,0,1838,1386,1899,1166,1491,1579,1634,1277,1759,935,1179,1203,971,1900,1489,1151,2042,1965,1487,2477,2366,1479,2476,1743,1238,2371,917,1655,2162,1460,837,1474,1468,1490,1857,2063,1777,2082,932,963,2442
2478,1699,2233,520,2238,1360,1964,2156,1599,2327,1446,1012,1050,1296,1237,1958,1645,2154,2008,2181,2087,998,1291,2237,2107,2332,1064,1201,1215,1989,1381,1201,2313,1611,1066,2148,1951,1629,1425,1647,1611,2064,2273,2156,1617,1567,2073,1583,1668,1624,2294,1649,1235,925,1977,1032,603,1855,1161,2171,2003,594,2148,2182,1677,2157,1233,2233,1385,1964,2363,578,2267,1855,1662,1623,530,1100,2417,2069,1711,1976,1789,1773,2019,1847,898,1944,1095,2205,1869,2182,2152,934,918,1421,1501,2010,1811,1660,1964,2010,1735,1579,2118,1619,1365,2010,2410,2118,1992,2419,1607,1936,1211,1951,1713,2224,1103,2032,1931,2192,1937,536,2010,2156,2148,1136,1533,2021,1807,1682,1485,2155,0,925,2091,1767,409,2148,1655,1819,1915,2230,1133,2021,1039,1492,2208,2199,1289,1741,1691,2211,1106,1665,1457,1129,1180,1454,1017,2000,1604,1623,1142,995,1843,1396,1300,1713,1622,2148,655,1843,1703,1635,1710,2155,1639,1059,1887,914,1336,1169,2052,2148,1261,1576,1700,2234,1705,1337,2146,2185,288,337,1453,2155,2010,2071,1789,1434,1270,1976,1979,2148,2188,900,0,1622,1171,2155,2122,596,271,2059,1909,2148,1742,1690,1718,1502,2156,1741,1460,1190,2077,590,1307,1385,1814,1232,913,1893,1468,1752,1657,1132,1310,2222,579,555,595,1641,943,2154,2468,1466,1466,1400
1154,1424,1351,971,995,1618,998,175,1440,1605,692,888,0,953,639,214,441,174,1673,719,2064,839,618,1507,2064,1639,1061,765,792,1945,866,2086,1606,803,1944,1418,1048,1211,981,1211,1200,766,1541,176,1356,642,1365,1313,405,1465,1572,818,613,169,723,396,1196,564,875,709,381,1043,1404,1457,456,176,942,374,886,998,1691,1026,1324,599,952,1464,1616,791,1244,1977,969,1076,526,1069,2143,601,1161,941,447,741,657,1457,1440,184,365,1072,651,1687,1118,1468,982,1675,1071,1278,1418,1108,1432,1675,1235,1418,1687,1260,704,1832,899,1032,938,1459,1128,1099,969,1429,1893,998,1687,1436,1404,0,651,1009,1057,1813,1312,1995,1117,0,110,463,1117,1404,1129,375,1858,1502,1168,1009,955,1592,2120,735,407,1452,1447,747,13,774,1324,850,603,1146,1034,1677,779,1263,1176,0,552,890,408,1432,779,1404,1702,552,1806,1038,1390,175,1162,0,604,343,774,799,1960,1404,1239,1275,934,1124,1538,748,1399,1443,907,1587,1134,175,1687,1979,485,738,666,2140,725,1404,207,1325,0,1478,1133,175,1136,1008,952,1590,1284,1404,1429,1349,1373,1152,176,495,1463,759,335,1356,769,1055,510,768,1338,955,663,1007,406,1144,1189,2134,1016,1608,1052,1497,254,1413,1708,1052,1463,1150
1044,1493,1237,936,897,1474,896,202,1372,1515,731,954,0,1024,714,143,302,201,1579,601,1911,901,691,1355,1911,1536,1135,825,831,1776,931,1971,1512,842,1837,1294,946,1129,1044,1129,1118,655,1412,203,1279,681,1240,1231,275,1397,1482,879,681,196,614,513,953,455,783,591,466,1217,1294,1332,345,203,998,491,947,896,1567,992,1223,455,1013,1396,1232,681,1149,1856,1030,990,376,1130,1988,492,1058,855,499,624,553,1332,1327,211,471,1131,719,1581,1177,1791,896,1581,1132,1338,1294,1167,1493,1581,1126,1294,1581,1151,765,1711,965,946,1002,1349,1027,1007,863,1319,1712,1163,1581,1323,1294,0,719,923,1116,1710,1220,1874,2243,129,0,354,1307,1294,1188,436,1745,1392,1067,923,1011,1526,2007,618,513,1815,1355,630,130,842,1205,908,671,1076,931,1571,842,1312,1231,0,443,950,514,1493,842,1294,1591,443,1703,1099,1451,202,1211,0,495,404,835,855,1839,1294,1144,1324,994,1038,1418,809,1290,1330,1188,1421,1064,202,1581,1858,376,798,729,2027,616,1294,234,1222,0,1377,1035,202,1050,971,917,1479,1344,1294,1490,1257,1281,1211,203,386,1524,819,371,1253,832,1114,401,831,1235,869,726,1068,297,1200,1088,2021,1186,1505,1017,1396,360,1303,1584,1113,1524,1209
883,1513,1337,1656,644,1320,627,518,1462,1615,1142,934,0,1044,734,344,35,517,1560,444,1707,881,711,1462,1707,1649,1115,844,1242,1566,951,1821,1611,1253,1683,1393,677,1188,1064,1188,1177,499,1492,519,1338,1092,1339,1290,103,1487,1582,899,1092,512,223,937,1544,71,873,434,725,1140,1393,1283,152,519,978,915,967,627,1680,1121,1322,71,1033,1486,1324,467,922,1646,1050,730,22,1150,1784,20,1150,586,492,467,386,1283,1288,527,895,1151,1130,1562,1197,1643,627,1562,1152,1358,1393,1187,1513,1562,981,1393,1562,924,785,1501,945,677,1022,1448,1340,747,594,1418,1502,1611,1562,1293,1393,0,1130,654,1136,1484,1301,1664,2100,441,454,0,1407,1393,1208,429,1537,1491,1325,654,991,1581,1806,461,937,1667,1674,473,399,1253,1629,924,1082,1135,1023,1552,1253,1327,1212,0,53,970,938,1513,1253,1393,1691,53,1480,1119,1471,518,1226,0,223,424,855,835,1629,1393,1496,1339,1014,778,1805,829,1244,1285,1288,1270,1123,518,1562,1648,22,817,1140,1823,225,1393,550,1314,0,1467,1389,518,790,907,1565,1579,1364,1393,1510,1596,1626,1231,519,145,1544,838,548,1345,1243,1134,47,1242,1327,605,1137,1088,167,1180,1178,1820,918,1597,953,1486,784,1257,1697,1133,1544,1229
2224,1695,2285,124,2016,988,2001,2243,1182,2387,1448,1003,1061,1284,1018,2071,1694,2242,2046,1932,2272,1196,1279,2250,2272,2384,1272,1190,1220,2079,1657,962,2368,1336,684,1106,1999,1212,1417,1212,1176,1862,2282,2244,1540,1297,2131,1144,1670,1207,2354,1355,1234,927,2001,1256,204,1839,956,1922,2278,199,2178,2195,1728,2244,1014,1098,1375,2001,2415,183,2320,1839,1648,1206,297,908,2646,2159,1698,2024,1767,1458,2184,1871,721,1978,2098,1955,2056,2195,2200,1130,1112,1414,1243,2048,1491,1323,2001,2048,1721,1899,2178,1334,1646,2048,2162,2178,2048,2648,1319,2014,1201,1999,1702,2238,784,2066,1986,2208,2015,141,2048,2226,2178,953,1270,2069,1798,1702,1485,2320,1207,925,2178,1745,0,2178,1362,2042,1972,2281,1076,2069,1029,1065,2234,1949,1074,1347,1354,1961,1106,1380,1510,1118,1424,1415,772,2038,1608,1613,1368,1008,1827,1676,1083,1414,1624,2178,550,1827,1723,1620,1411,2243,1628,1291,1872,1100,1600,1160,2142,2178,833,1568,1399,2287,1725,1324,2159,2197,68,370,1403,2243,2048,2161,1767,1177,1271,2141,2003,2178,2275,451,1098,1187,744,2243,2175,196,92,2097,1901,2178,1737,1273,1297,1493,2244,1765,1759,1423,2395,318,1585,1665,1792,1493,464,1930,1469,1441,1681,1355,1228,2248,183,325,199,1206,1141,2173,2481,1456,1463,1394
1952,2456,564,1973,846,1822,831,1670,1862,310,1923,1871,0,1934,1684,1367,1095,1669,690,1488,1766,1823,1658,290,1766,383,2040,1791,2023,1625,1909,2326,295,2034,2185,0,829,1523,2020,1523,1512,1397,351,1671,1689,1873,140,1641,1189,1887,277,1854,1873,1635,1259,1766,1861,1061,1390,1478,1604,1115,0,360,1244,1671,1925,1744,1925,831,414,922,649,1061,926,1886,1843,1346,1666,1705,1124,854,1290,1168,1843,1104,1662,808,1424,1511,1436,360,355,1620,1724,2109,1911,692,1167,1953,831,692,1184,991,0,2145,2456,692,2147,0,692,1668,1729,1560,1882,829,1982,280,1636,806,816,247,1561,1928,692,351,0,0,1911,899,1131,1552,1778,1723,2506,1609,1605,1268,1920,0,2166,1361,1596,323,1621,899,1919,1953,1864,1505,1766,1969,1964,1517,1610,2034,1695,1886,1863,1470,1536,682,2034,2085,2138,0,1081,1930,1767,2456,2034,0,2160,1081,1548,1108,2414,1670,1984,0,1040,1379,1796,1783,1688,0,1743,2097,1974,930,1856,908,433,358,1801,1894,1432,1670,692,1707,1290,1764,1921,1882,1261,0,1702,1833,0,1867,1636,1670,942,1899,1820,539,996,0,2453,1863,1891,1175,1671,1281,2487,1785,1731,1864,2024,2092,1087,2023,1846,760,1918,955,1196,2107,1613,1878,1100,2116,938,1886,1613,437,534,1160,2487,2188
2893,561,1348,1405,2729,1132,2727,1906,1157,1226,1756,1580,0,649,1464,1945,2265,1905,1368,2532,1126,1868,1336,1252,934,1070,1430,1366,1856,3435,211,1525,1151,1867,1461,2821,2777,1135,245,1390,1120,2432,1260,1907,1100,1687,961,1126,2240,1437,1218,272,1687,1833,2514,1964,1443,2407,1334,2522,1906,1481,1099,2854,2276,1907,1462,1942,571,2727,1070,1455,1468,2407,543,1454,1588,2353,2988,3515,654,2821,2339,594,931,2419,1370,2686,1894,2555,2056,2854,2849,1818,1922,409,1744,1175,396,1091,2727,1411,659,407,919,31,561,1432,2560,2821,1170,2990,461,3370,1591,2777,255,985,1141,2838,2694,1182,3371,1731,1183,2845,2821,0,1744,2754,197,1142,1051,3588,1370,1844,1841,2317,1645,2821,0,1838,3399,1024,1130,2754,1991,1115,3548,2549,1964,1106,1097,2561,1845,1867,1193,1331,1677,1118,1387,1118,1867,26,1596,0,2395,189,1965,561,1867,2821,1579,2395,1137,629,519,1906,593,0,2437,1908,338,1831,3497,2820,1152,13,247,2868,964,587,2830,2858,1633,1625,1318,1905,1365,3516,2338,1338,1753,953,2515,2820,1937,1543,0,1415,1395,1905,2880,1761,1393,987,413,1101,558,1285,1280,430,1906,2312,592,1359,1820,1575,1856,59,2363,1855,1272,2699,1750,637,2228,1563,1371,3561,1748,1324,1796,1185,1810,2843,1237,603,592,246
1363,1901,1767,1132,1165,1850,1161,1060,1980,2102,1491,876,0,1422,1180,893,806,1059,2190,876,2020,823,1114,1988,2020,2113,1057,1297,1591,1892,1342,2354,2086,1602,2213,1899,1211,1709,1452,1709,1698,691,2019,1061,1859,1441,1852,1811,779,2005,2069,1292,1441,1054,825,1361,966,810,1372,866,1173,1222,1899,1900,629,1061,920,1339,1360,1161,2144,990,1782,810,1426,2004,1829,888,1253,1972,1443,1259,881,1543,2097,703,1648,1120,975,899,215,1900,1895,1069,1319,1542,1479,2192,1580,2295,1161,2192,1545,1745,1899,1578,1901,2192,1004,1899,2192,1255,1186,1827,887,1211,1412,1975,1621,1276,1128,1940,1828,965,2192,1891,1899,0,1479,1188,1532,1808,2126,1990,2599,980,995,859,1906,1899,1599,0,1854,2018,1701,1188,933,2125,2116,893,1361,2302,2297,905,948,1602,1931,1077,1431,1656,1522,2182,1602,1569,1154,0,798,1360,1362,1901,1602,1899,2155,798,1801,1512,1859,1060,1468,0,950,1040,1248,777,1955,1899,1729,1581,1404,1307,2092,1231,1898,1898,1787,1787,1644,1060,2192,1974,881,1274,1489,2136,827,1899,1092,1819,0,1985,1622,1060,1319,982,921,2083,1751,1899,1898,2199,2223,1614,1061,597,1932,1295,1149,1850,1592,1525,804,1591,1832,1137,1486,1481,844,1122,1687,2127,981,2102,1019,2004,1208,1910,2221,1526,1932,1620
1101,1128,1770,1501,1245,1115,1262,1814,1595,1909,2213,1947,0,2159,1908,1644,1430,1813,1535,1525,150,1899,1882,1785,150,1913,1917,2012,2313,417,2127,1192,1903,2324,1264,1690,1257,1272,1131,1272,1261,1336,1813,1815,1422,2079,1643,1374,1527,1620,1876,2072,2079,1808,1618,2157,1581,1388,943,1515,1849,1576,1690,1739,1642,1815,2002,2135,2143,1262,1944,1560,1785,1388,2193,1619,1357,1652,629,302,1113,1282,1626,1177,227,1434,1221,1239,1625,1548,1422,1739,1744,1823,2115,1128,2201,1537,1218,983,1262,1537,1136,1095,1690,2371,2672,1537,968,1691,1537,627,1951,251,1958,1257,1119,1770,1146,1013,1247,1734,252,1518,1537,1749,1691,0,2201,1330,1008,287,844,172,1901,1734,1749,1604,1417,1691,2392,1614,0,1813,1131,1330,1777,1658,307,1542,2157,981,976,1554,1699,941,549,1932,2069,1219,1094,1527,906,2316,2007,0,1408,905,2158,1139,1097,1691,1260,1408,390,2279,936,1814,2216,0,1367,1690,2016,1864,285,1693,1300,2330,916,1236,326,1999,1702,1743,1502,1398,1207,1816,1539,304,1628,1987,2213,266,1622,1693,1848,1511,0,1600,1194,1816,1124,1573,1469,1588,1096,1693,1172,874,904,1220,1817,1512,989,2008,1976,1378,2316,2320,1416,2315,1524,1193,2210,957,1597,1977,1252,321,1560,1340,1576,1619,2006,1715,2024,972,999,1109
2408,1181,496,2355,1265,2268,1249,1980,2350,469,2482,2377,0,1269,2241,1811,1522,1979,1123,2030,2181,2332,1053,278,2181,315,2530,1160,2582,2055,1056,2759,585,2593,2631,696,1247,2011,1291,2011,2000,1812,45,1981,2177,2432,866,2129,1590,2375,475,1064,2432,1974,1710,2368,2243,1480,1778,2020,2101,2284,696,803,1769,1981,2437,2346,1083,1249,346,2268,773,1480,1107,2374,2228,1904,2079,2135,1115,1272,1529,1391,2258,1526,2047,1226,1978,2053,1897,803,798,2222,2326,1057,2470,1125,1152,2283,1249,1125,1404,1421,696,973,1107,1125,2550,696,1125,2081,1072,1990,2388,1247,1314,253,2016,1227,1234,573,1991,2310,1125,794,696,0,2470,1317,1123,1957,2114,2153,2903,1902,1915,1785,2294,696,1236,1922,2015,0,2103,1317,2420,2410,2277,2047,2368,2290,2285,2059,1866,2593,2131,2393,2422,1957,1922,1115,2593,1213,2636,0,1500,1283,2369,996,2593,696,2541,1500,1950,1326,1016,1980,1261,0,1459,1935,1055,2300,2118,696,2130,947,1298,1351,2240,1087,844,801,2186,2270,1919,1980,1125,2137,1529,923,2480,2297,1712,696,2012,2218,0,2354,2022,1980,1363,2281,2205,947,1182,696,1210,2187,2211,1399,1981,1651,1017,1145,2219,2249,2583,1006,1506,2582,2231,1178,2477,1139,1722,2605,2082,2291,2268,2501,2284,2373,2215,849,277,1145,1220,1218
1903,1158,1643,784,1624,389,1348,1403,664,1621,1139,1607,0,1070,1443,1234,943,1402,1294,1438,1466,1556,1066,1468,1466,1655,1890,973,1160,1325,1144,899,1617,1080,752,1399,1346,694,1430,694,658,1350,1498,1404,658,1045,1345,451,916,689,1588,1131,1186,1371,1225,1502,672,1090,356,1428,1363,713,1399,1440,971,1404,1656,1480,1151,1348,1686,697,1608,1090,1386,688,651,1082,1705,1405,1429,1371,1018,1490,1432,1114,230,1326,1161,1461,1171,1440,1435,1356,1460,1179,989,1296,1523,722,1348,1296,1208,1612,1399,1325,1346,1296,1701,1399,1296,1707,1102,1260,1618,1346,1426,1454,19,1392,1334,1424,1261,739,1296,1431,1399,0,1227,1416,1515,1028,874,1423,1317,1344,1337,996,731,1399,1364,1098,1296,1497,0,1416,1750,654,1565,1455,1502,746,753,1467,1345,1358,855,1587,1119,533,230,1286,1073,1104,907,0,1078,1399,1503,1413,1089,1399,1015,1078,1047,1361,1170,1403,1121,0,1123,1110,1334,1514,1388,1399,176,1062,1170,1613,1052,1110,1395,1438,612,444,521,1403,1296,1407,1018,1153,1227,1389,1227,1399,1435,652,0,669,69,1403,1501,710,631,1345,1615,1399,1440,674,702,1527,1404,1008,1211,1160,1489,672,1272,1378,1043,977,665,1277,961,1470,923,1949,363,1579,697,924,713,688,1349,1409,1703,1486,1216,1155
1557,2081,1425,1828,147,1605,123,1105,1667,1087,1446,1457,0,1585,1358,938,632,1104,1077,1134,1400,1407,1301,1053,1400,1248,1623,1437,1546,1259,1532,2106,1232,1557,1968,954,15,1328,1647,1328,1317,938,1110,1106,1494,1396,918,1446,700,1692,1054,1477,1396,1099,820,1542,1716,574,1239,1124,1353,1757,954,785,768,1106,1507,1520,1545,123,1279,1741,1279,574,1611,1691,1698,1072,1197,1339,1628,74,623,1728,1477,636,1517,134,1231,1157,1032,785,790,1114,1500,1734,1434,1079,1780,1746,0,1079,1730,1926,954,1800,2081,1079,1678,954,1079,1199,1372,1194,1468,15,1605,1047,1409,127,142,1012,1195,1783,1079,795,954,0,1434,0,1720,1175,1527,1357,2371,1025,1040,839,1775,954,1821,1038,1230,1090,1394,0,1508,1739,1499,1151,1542,1747,1742,1163,993,1557,1298,1644,1386,1275,1390,1069,1557,1741,1722,0,594,1553,1543,2081,1557,954,2033,594,1168,1697,2039,1105,1641,0,553,1022,1433,1366,1322,954,1565,1753,1597,105,1459,1417,747,787,1656,1570,1237,1105,1079,1341,623,1410,1444,1516,822,954,1137,1688,0,1672,1458,1105,117,1754,1675,1199,1932,954,2078,1641,1669,1815,1106,761,2112,1431,1194,1719,1547,1747,600,1546,1701,58,1441,1666,759,1689,1377,1513,1741,1971,1102,1691,1389,762,1281,1711,2112,1813
1035,1393,2062,1071,1936,2083,1935,1254,2540,2379,1288,161,0,924,408,1293,1466,1253,2458,1575,2397,446,591,2242,2397,2376,175,453,1388,2451,831,928,2360,1399,2446,2170,1985,2570,946,2570,2534,1422,2274,1255,2545,1219,2123,2328,1441,2565,2346,779,1219,1219,1555,1350,1343,1610,2035,1707,1133,1148,2170,2178,1504,1255,541,1328,847,1935,2407,1353,935,1610,913,2564,1188,1721,1925,2392,930,2029,1539,1030,2474,1433,2378,1894,546,1598,1054,2178,2173,1204,1308,1033,1276,2460,1079,2354,1935,2460,1032,1239,2170,1069,1393,2460,874,2170,2460,1927,665,2387,172,1985,903,2230,2133,2046,1902,2200,2388,1328,2460,2169,2170,0,1276,1962,1018,2580,2456,2296,1254,1193,1189,1517,1243,2170,1090,742,2326,2273,2118,1962,0,2608,2267,1613,1350,2378,2385,1746,1194,1399,2446,211,1209,2420,2267,2450,1399,1224,297,0,1598,851,1351,1393,1399,2170,974,1598,2348,999,1351,1254,1123,0,1643,684,735,324,2375,2170,2290,1236,895,2077,2620,709,2163,2176,1233,1226,2424,1254,2460,2394,1539,426,1286,2333,1557,2168,1286,946,0,2545,2182,1254,2086,1361,1060,2369,1245,2168,1390,2304,2328,1113,1255,1327,1424,447,1123,973,1389,1016,1561,1388,1134,1905,1283,968,1453,260,2245,2280,1113,1199,1153,2564,1197,2177,2471,1013,1424,1111
1920,1142,1624,853,1660,406,1380,1398,807,1598,1117,1602,0,1277,1438,1229,938,1397,1271,1455,1444,1551,1054,1445,1444,1632,1775,1160,941,1303,1365,916,1594,1061,769,1376,1377,562,1413,562,551,1367,1475,1399,634,1027,1322,586,911,832,1565,1350,1165,1366,1220,1497,741,1085,332,1445,1358,782,1376,1417,966,1399,1651,1475,1374,1380,1663,766,1585,1085,1371,831,705,1077,1700,1383,1413,1402,1013,1220,1408,1109,424,1358,1156,1478,1166,1417,1412,1351,1455,1164,1173,1273,1506,739,1380,1273,1444,1319,1376,1307,1326,1273,1719,1376,1273,1702,1316,1238,1613,1377,1409,1431,214,1428,1366,1401,1237,808,1273,1408,1376,0,1205,1447,1497,1004,850,1399,1334,1339,1332,991,801,1376,1347,1093,1272,1474,195,1447,1656,0,1541,1472,1497,763,770,1484,1340,1106,831,1582,1098,509,424,1263,1055,1316,1870,0,1073,1381,1498,1154,1070,1376,1083,1073,1023,1346,1155,1398,1338,0,1118,1105,1318,1509,1364,1376,372,1047,1155,1649,1028,1098,1372,1415,682,461,497,1398,1273,1383,1013,1137,998,1365,1222,1376,1430,811,0,812,264,1398,1537,779,701,1322,1322,1376,1176,691,719,1250,1399,1003,1194,1145,1484,726,1249,1360,1038,958,824,1309,943,1203,918,1838,574,1555,766,978,782,831,1344,1386,1680,1217,1448,1139
1230,2972,2094,1778,1555,1492,1576,2119,2077,2191,2579,2253,0,2461,2217,1948,1679,2118,1852,1869,445,2207,2192,2073,445,2192,2059,2312,2679,692,2418,1470,2173,2690,1550,1983,1567,1754,2530,1754,1743,1650,2104,2120,1904,2529,1938,1856,1734,2102,2158,2362,2529,2113,1843,2438,1858,1644,1383,1859,2158,1853,1983,2027,1944,2120,2310,2416,2430,1576,2223,1837,2125,1644,2496,2101,1635,1963,769,442,2513,1592,1693,2613,522,1688,1656,1638,1937,1892,1734,2027,2032,2128,2396,2621,2567,1855,1115,1278,1576,1855,2615,1011,1983,2662,2972,1855,1085,1983,1855,767,2260,554,2264,1567,2492,2060,1522,1323,1646,2027,555,1795,1855,2036,1983,0,2567,1601,923,713,1121,345,2264,2043,2054,1904,1694,1983,2683,1922,374,2103,1507,1601,1920,2170,0,1886,2438,1268,1263,1898,2003,2690,994,2082,2519,1701,1529,1845,2690,2604,2157,0,1664,2440,2439,2972,2690,1983,1536,1664,845,2582,2930,2119,2504,0,1623,1991,2318,2170,425,1983,1678,2616,2484,1544,887,2306,1991,2029,1779,1453,1689,2119,1855,444,1693,2285,2577,561,1845,1983,2151,1789,0,2082,1571,2119,1432,1850,1746,1904,1012,1983,2969,1165,1189,925,2120,1825,1097,2306,2275,1656,2680,2609,1670,2679,1802,1505,2574,2551,1897,2126,1698,12,1837,1618,1853,2101,2285,2005,2306,2596,919,2700
757,1728,1636,1644,1107,1308,1106,882,1754,1934,1328,1048,0,1240,998,715,622,881,2050,52,2016,996,935,1809,2016,1938,1214,1070,1428,1888,1168,1809,1927,1439,1671,1714,1156,1784,1281,1784,1748,413,1837,883,1753,1278,1667,1551,595,1779,1901,1118,1278,876,973,1198,1532,767,1214,89,961,1573,1714,1721,708,883,1093,1176,1186,1106,1969,1557,1601,767,1252,1778,1918,703,1260,1968,1269,1201,696,1369,2093,851,1568,1065,712,108,611,1721,1716,891,1156,1367,1316,2052,1413,1623,1106,2052,1371,1574,1714,1403,1728,2052,855,1714,2052,1262,1009,1823,1059,1156,1238,1793,1328,1218,1073,1757,1824,1599,2052,1712,1714,0,1316,1133,1356,1799,1748,2055,2088,802,817,674,1760,1714,1424,667,1850,1836,1313,1133,1102,1846,2026,0,1198,1647,1654,128,770,1439,1741,1162,1268,1628,1457,2042,1439,1394,1312,0,755,1186,1199,1728,1439,1714,2024,755,1792,1338,1687,882,1293,0,800,777,1074,950,1951,1714,1484,1406,1230,1250,1927,1053,1716,1719,1641,1258,1616,882,2052,1970,696,1043,1326,2132,975,1714,914,1713,0,1759,1377,882,1262,1570,1553,1897,1581,1714,1726,1576,1606,1447,883,745,1760,1064,937,1939,1429,1350,721,1428,1726,1080,1323,1307,660,1282,1457,2040,1557,1901,1573,1778,1045,1729,2045,1352,1760,1445
1390,1587,1601,1120,1176,1932,1172,450,1773,1892,602,1034,0,1116,844,488,687,449,1956,978,2187,982,784,1768,2187,1926,1200,917,702,2061,1024,1206,1886,713,947,1673,1222,1491,1138,1491,1480,1025,1796,451,1641,552,1626,1593,660,1798,1859,972,552,224,990,1,1124,833,1152,968,559,1433,1673,1683,725,451,1079,156,1040,1172,1957,1422,1562,833,1106,1797,1226,1064,1511,2141,1123,1270,761,1223,2264,868,1430,1131,588,1001,819,1683,1678,209,192,1224,590,1958,1271,2203,1172,1958,1225,1433,1673,1260,1587,1958,1411,1673,1958,1513,858,1996,1045,1222,1095,1752,1402,1287,1139,1716,1997,1383,1958,1671,1673,0,590,1199,1210,1967,1570,2159,1067,385,386,739,1297,1673,1282,525,2021,1795,1486,1199,1088,1896,2283,995,0,1717,1712,1007,386,713,1600,1002,542,1438,1303,1948,713,1404,1298,0,821,1044,0,1588,713,1673,1235,821,1960,1193,1546,450,1303,0,866,501,929,936,2124,1673,1510,1416,1088,1318,2250,903,1677,1678,1268,1255,1426,450,1958,2143,761,891,600,2303,992,1673,482,1186,0,1778,1403,450,1330,1380,1325,1856,1440,1673,1585,1610,1638,1306,451,762,1619,912,723,1218,703,1208,786,702,1193,1148,597,1162,677,1268,1476,2297,1167,1237,1448,1797,162,1690,2003,1207,1619,1303
1613,1142,1641,815,1605,715,1329,1561,766,1735,936,1705,0,1039,1424,1389,924,1560,1406,1185,1178,1654,1034,1591,1178,1769,1606,1138,1160,1032,1118,742,1729,1297,724,1513,1327,796,1402,796,760,1101,1619,1562,766,1249,1459,553,897,791,1702,1104,1172,1555,1206,1483,703,1071,240,1175,1344,744,1513,1559,952,1562,1754,1461,1357,1329,1800,728,1612,1071,1118,790,667,1063,1895,1112,1155,1352,999,1458,1122,1095,481,1306,1406,1208,1312,1559,1565,1570,1441,1157,980,1408,1493,163,1329,1408,1178,1587,1513,1076,1100,1408,1422,1513,1408,1897,1295,967,1716,1327,1156,1575,339,1373,1314,1539,968,770,1408,1571,1513,0,1007,1397,1231,730,616,1130,1296,1486,1495,977,763,1513,1336,1079,1007,1618,320,1397,1472,834,1276,1202,1483,0,33,1214,1444,1350,501,1627,916,641,367,1398,1070,1080,1705,0,1059,1133,1484,1392,1307,1513,814,1059,749,1096,1151,1561,1323,0,1104,1091,1076,1612,1095,1513,498,1040,1382,1594,754,1079,1519,1562,644,423,629,1561,1408,1114,999,926,1008,1079,1208,1513,1593,657,0,771,390,1561,1482,741,663,1457,1316,1513,1177,127,146,1239,1562,989,1443,1124,1613,688,1272,1120,1024,977,670,1258,1152,1437,904,1672,465,1290,728,940,744,790,1330,1533,1823,1204,1451,1135
1613,1368,1618,787,1567,674,1300,1561,738,1711,927,1705,0,1031,1395,1389,896,1560,1333,1185,1177,1654,1239,1564,1177,1745,1606,1128,1149,1032,1340,742,1705,1065,724,1487,1298,768,1152,768,732,1101,1592,1562,738,1238,1433,525,869,763,1678,1095,1161,1555,1178,1878,675,1043,212,1175,1637,716,1487,1529,924,1562,1754,1856,1115,1300,1776,700,1583,1043,1109,762,639,1379,1895,1112,1147,1323,971,1447,1122,1067,453,1277,1406,1208,1312,1529,1535,1570,1836,1386,1172,1335,1228,163,1300,1335,1170,1305,1487,1289,1091,1335,1421,1487,1335,1897,1285,967,1716,1298,1385,1548,311,1345,1285,1512,968,742,1335,1541,1487,0,998,1368,1223,730,616,1130,1268,1486,1495,949,735,1487,1325,1334,1007,1591,292,1368,1472,806,1276,1202,1878,32,0,1214,1444,1109,501,1627,1095,613,339,1325,1281,1071,1705,0,1031,1124,1879,1144,1073,1487,814,1031,749,1314,1379,1561,1086,0,1076,1063,1289,1612,1095,1487,470,1032,1372,1566,754,1071,1489,1532,616,395,601,1561,1335,1114,971,918,999,1079,1180,1487,1593,806,0,743,362,1561,1454,713,635,1384,1579,1487,1168,127,146,1486,1562,961,1186,922,1613,660,1261,1342,989,1169,819,1229,1141,1181,871,1672,437,1290,739,890,755,762,1725,1594,1862,1195,1192,1360
735,1770,1660,1693,1105,1345,1111,872,1787,2034,1372,1093,0,1262,1027,753,630,871,2122,88,2013,1042,965,1877,2036,2075,1279,1136,1312,1887,1195,1846,2005,1323,1706,1788,1166,1817,1306,1817,1781,459,1941,873,1781,1168,1741,1574,604,1812,2001,1137,1168,866,1010,1125,1584,779,1249,39,951,1625,1788,1796,756,873,1142,1103,1212,1111,2106,1609,1714,779,1268,1811,1740,723,1261,1967,1295,1183,704,1395,2090,899,1615,1070,746,144,597,1796,1791,881,1083,1411,1200,2124,1444,1615,1111,2124,1397,1639,1788,1457,1793,2124,830,1788,2124,1263,1033,1822,1104,1166,1268,1863,1376,1191,1078,1828,1823,1648,2124,1787,1788,0,1200,1151,1423,1795,1780,2029,2106,799,808,682,1859,1788,1478,687,1847,1916,1362,1151,1148,1874,2011,87,1125,1639,1626,0,756,1323,1766,1190,1158,1656,1492,2114,1323,1598,1366,0,767,1216,1126,1793,1323,1788,2097,767,1787,1354,1751,872,1497,0,812,808,1085,999,1950,1788,1531,1610,1260,1224,1959,1079,1784,1794,1743,1295,1644,872,2124,1969,704,1110,1210,2129,1012,1788,904,1746,0,1792,1424,872,1236,1622,1605,1962,1645,1788,1790,1524,1554,1480,873,796,1824,1130,928,1761,1313,1404,729,1312,1759,1088,1207,1333,706,1336,1486,2025,1609,2002,1625,1811,972,1797,2111,1378,1824,1489
1097,1466,1361,962,964,1553,968,184,1480,1667,671,857,0,943,654,118,416,183,1729,651,1928,803,619,1507,1928,1700,1050,788,771,1802,858,2056,1640,782,1916,1419,1023,1229,969,1229,1218,721,1571,186,1379,627,1372,1331,390,1505,1634,799,627,179,645,408,1185,573,890,641,392,1249,1419,1451,391,186,900,386,874,968,1731,1228,1381,573,930,1504,1359,837,1151,1882,957,1040,490,1057,2005,534,1186,927,426,674,572,1451,1446,194,366,1081,659,1731,1107,1463,968,1731,1058,1310,1419,1120,1464,1731,1174,1419,1731,1153,689,1737,868,1023,931,1493,1141,1048,935,1459,1738,1194,1731,1442,1419,0,659,1008,1088,1734,1304,1900,916,13,122,468,916,1419,1271,365,1762,1546,1228,1008,915,1628,2024,668,408,1454,1449,680,0,782,1334,838,617,1176,1043,1721,782,1246,1134,0,561,879,409,1464,782,1419,1695,561,1726,1015,1422,185,1144,0,613,329,746,757,1865,1419,1251,1258,923,1081,1554,734,1412,1449,1307,1521,1164,185,1731,1884,490,762,669,2044,647,1419,217,1350,0,1485,1145,185,1093,1207,943,1593,1316,1419,1461,1350,1376,1143,186,431,1495,782,328,1380,772,1067,516,771,1363,945,666,994,341,1102,1195,2038,1217,1632,1043,1504,255,1425,1742,1039,1495,1159
1872,1860,966,1722,1648,1383,1653,950,1343,2398,370,1149,0,1329,898,989,1189,949,1233,1399,998,1098,1032,2237,996,917,1294,1105,11,2416,1262,1294,2354,0,1240,2157,1707,1072,1369,1317,1075,1602,2293,951,1275,326,2112,1091,1163,1386,2365,1204,326,881,1413,594,1442,1339,1337,1389,935,1497,2170,2179,1159,951,1198,750,1279,1653,913,1789,1107,1339,1335,1145,1600,1453,1862,2496,1362,1726,1264,1462,1001,1302,1382,1612,960,1422,1162,2179,2174,866,786,1478,100,1289,1505,1342,1653,1058,1464,1704,2170,1524,1860,1082,1851,2170,1065,1864,1100,2351,1160,1707,1335,2245,1369,1734,1620,2212,2352,1453,1299,2170,2170,0,100,1692,1490,1170,1300,1100,1379,888,886,1242,1667,2170,1545,899,1137,2298,1125,1692,1204,1336,2639,1416,594,1118,1339,1428,889,0,1210,1195,316,1082,1392,1004,0,1667,1421,0,1327,1283,593,1860,0,2170,1602,1327,1156,1421,1818,950,1565,0,1372,866,1152,1056,2479,2170,1370,1679,1327,1767,1208,1146,2163,2177,1644,1632,1264,950,1025,2498,1264,1079,368,1012,1415,2170,982,1289,0,1116,1380,950,1779,1763,1699,2365,1710,2170,1857,1309,1073,1541,951,1199,1891,1099,1134,1590,10,1471,1289,11,1290,1630,365,1400,1109,1391,1348,2653,1778,1611,1820,1140,859,2176,2474,1445,1891,1556
1648,1235,1571,1033,1409,629,1277,1268,1055,1696,1500,1430,0,924,1316,1128,842,1267,1308,1130,729,1379,1111,1533,729,1735,1610,1432,1600,518,1000,1008,1668,958,957,1445,1275,732,1259,732,721,1280,1597,1269,882,1106,1398,834,815,1080,1663,1192,1456,1242,1115,1373,924,992,403,1120,1197,965,1445,1521,872,1269,1479,1351,1216,1277,1766,949,1583,992,1210,1079,894,942,1551,598,1254,1300,916,1090,704,1015,703,1254,1024,1153,1056,1521,1527,1227,1331,1038,1488,1310,1118,502,1277,1310,1063,1443,1445,957,1185,1310,1485,1445,1310,1553,957,453,1441,1275,1038,1519,657,1210,1262,1485,454,988,1310,1533,1445,0,1488,1268,1344,144,296,616,1452,1206,1203,894,973,1445,988,963,554,1572,653,1268,1481,1133,828,1147,1373,497,492,1159,1207,1002,0,1460,1446,679,559,1300,1154,961,1698,0,980,1226,1374,1248,966,1445,1243,980,180,1185,1246,1268,977,0,1025,980,959,1338,581,1445,770,1113,1240,1410,153,965,1481,1524,857,603,667,1268,1310,600,916,1406,1498,661,1117,1445,1300,885,0,1060,662,1268,1319,962,876,1359,1197,1445,1277,391,419,1121,1269,912,1299,1426,1363,915,1137,1001,941,1600,898,1206,1495,1295,822,1665,722,842,949,1167,965,1079,1220,1494,1766,1312,1082,1015
1864,1438,969,1159,1970,2653,1982,1323,945,2681,1163,688,0,919,496,1363,1523,1322,1159,1764,2824,1032,594,2522,2824,1121,574,298,1263,2707,834,1016,2637,1274,1164,2441,2031,1126,945,947,1098,2054,910,1324,2507,1098,2396,910,1499,1178,2648,775,1098,1259,1739,1390,1204,1672,1957,1754,1587,1493,2441,2447,1498,1324,521,1368,850,1982,930,1458,1252,1672,906,997,1298,1913,2194,2826,933,2048,1597,1033,2901,1639,2246,1941,1150,1787,1616,2447,2442,1244,1348,1055,1151,998,1084,2386,1982,992,1035,1284,2441,1097,1438,1214,1502,2441,992,2196,665,2642,699,2031,908,2516,1101,2056,1949,2482,2643,1435,1005,2438,2441,0,1151,2016,1062,2409,2225,2733,1364,1263,1258,1575,1351,2440,1118,1392,2753,2568,2684,2016,911,2745,2718,1781,1390,2395,2390,1793,1264,1274,2272,0,1088,2303,914,947,1274,1226,115,0,1660,856,1391,1438,1274,2440,1064,1660,2427,992,1396,1323,1124,0,1705,1299,723,945,2809,2440,928,1238,900,2089,2443,710,2435,2444,1112,1107,2291,1323,1151,2828,1597,272,1161,2873,1741,2440,1355,1038,0,964,928,1323,2101,1218,1389,2631,1293,2440,1438,2288,2312,1120,1324,1536,1472,292,1426,1284,1264,1044,1622,1263,1029,1955,1158,971,1448,78,912,2732,1201,1309,1498,973,1237,2449,1094,1016,1472,1136
1743,1734,1932,1479,1544,943,1554,847,1117,2299,206,1024,0,1195,763,886,1086,846,2356,1294,2454,971,898,2143,2454,2321,1159,971,306,2328,1132,1090,2255,317,1035,2056,1604,1916,1243,908,1905,1357,2206,848,2066,6,2011,2018,1060,1160,2266,1074,7,778,1299,511,1504,1236,907,1284,835,1297,2056,2064,1056,848,1068,667,1149,1554,2352,1545,945,1236,1205,1163,1359,1357,1759,2408,1232,1621,1161,1332,2531,1199,943,1513,861,1317,1079,2064,2059,763,703,1349,194,2358,1381,907,1554,2358,1334,1580,2056,1394,1734,1108,1651,2056,2358,1761,968,2263,1035,1604,1205,2131,1131,1629,1521,2098,2264,1252,1102,2055,2056,0,194,1589,1360,2224,1890,2426,1425,785,783,1139,1179,2056,1415,800,2288,2184,927,1589,1079,909,2551,1311,511,1106,907,1323,786,317,1895,1060,0,1863,1151,2348,317,1532,1297,0,1224,1153,510,1733,317,2056,1358,1224,2214,1291,1691,847,1431,0,1269,769,1022,925,2391,2056,939,1544,1197,1662,2068,1013,2053,2062,1403,1392,1851,847,2358,2410,1161,945,204,2570,1301,2056,879,1088,0,1126,1143,847,1674,1525,1206,2251,1585,2056,1730,1980,2004,1417,848,1096,1764,965,1016,1347,307,1341,1186,306,1088,1527,201,1270,1006,1267,1113,2565,1534,1134,1306,953,756,2066,2375,1315,1764,1426
1700,1368,1533,1070,1443,647,1432,1434,79,1523,1689,1598,0,1073,1493,1259,982,1433,1186,1252,1511,1547,1293,1362,1511,1557,1783,976,908,1366,1135,1158,1496,1250,1010,1274,1428,53,1415,53,42,1315,1426,1435,162,1219,1227,16,955,128,1490,1360,948,1413,1257,1544,961,1132,561,1242,1364,1002,1274,1308,1014,1435,1647,1522,1385,1432,1588,986,1545,1132,1148,127,951,1113,1715,1446,1179,1453,1056,1483,1423,1157,633,1410,1189,1275,1186,1308,1303,1398,1502,1165,1148,1188,1510,944,1432,1188,1460,1589,1274,1306,1310,1188,1788,1274,1188,1717,1334,1301,1609,1428,1416,1348,425,1382,1418,1314,1302,1025,1188,1299,1274,0,976,1421,1496,1002,847,1464,1520,1375,1369,1034,988,1274,1350,1128,1402,1401,408,1421,1653,296,1665,1269,1544,968,975,1281,1376,1306,826,1630,1635,0,635,1178,1238,1092,1867,0,1120,1387,1545,1384,1045,1274,1258,1120,1021,1129,1150,1434,1115,0,1165,1153,1332,1505,1429,1274,581,1047,1160,1582,1028,1114,1267,1306,872,672,80,1434,1188,1448,1056,953,1177,1380,1259,1274,1466,1050,0,84,473,1434,1491,999,891,1237,1593,1274,1408,850,880,1254,1435,1054,1183,963,1494,972,999,1124,1081,925,1063,1361,920,1212,964,1835,244,1679,986,1224,1002,127,1391,1279,1598,1478,1433,1135
2002,1181,1671,711,1407,509,1396,1372,769,1806,971,1535,0,1083,1430,1182,906,1371,1421,1527,1476,1484,1302,1645,1476,1845,1716,1191,1197,1330,1161,817,1778,1108,665,1557,1392,799,1203,799,763,1451,1709,1373,756,1071,1510,544,879,794,1773,1385,1008,1351,1180,1482,602,1056,494,1517,1302,643,1557,1637,937,1373,1584,1460,1409,1396,1876,627,1700,1056,1403,793,569,1051,1650,1410,1199,1417,980,1510,1388,1080,222,1374,1127,1550,1121,1637,1642,1336,1440,1198,1227,1423,1279,806,1396,1423,1222,1637,1557,1349,1375,1423,1797,1557,1423,1652,1348,1265,1546,1392,1447,1631,247,1346,1382,1597,1266,666,1423,1647,1557,0,1260,1385,1273,966,802,1428,1288,1313,1307,958,651,1557,1148,1066,1365,1684,289,1385,1590,817,1628,1544,1482,830,837,1556,1314,1153,788,1104,953,631,0,1413,1103,1122,1115,0,1044,1420,1483,1440,1349,1557,923,1044,985,1377,1439,1372,1374,0,1089,1091,1119,1443,1393,1557,357,1307,1187,1546,990,1123,1598,1639,535,534,619,1372,1423,1412,980,1171,1260,1345,1182,1557,1404,569,0,774,249,1372,1455,640,554,1472,1357,1557,1216,712,742,1548,1373,977,1234,1177,1432,590,1309,1161,1005,1217,582,1325,989,1489,887,916,461,1642,627,842,643,793,1329,1611,1877,1247,1240,1175
1825,1098,1011,1822,1094,1778,1081,1550,1656,1265,1808,1710,0,1345,1593,1361,1081,1549,2,1351,2015,1659,1345,1099,2015,1282,1895,1017,1908,1889,1382,2284,1241,1154,2141,1022,1079,1317,1168,1317,1306,1419,1156,1551,1483,954,975,1435,1055,1681,1232,1383,1764,1528,1356,1659,1713,1232,1219,1341,1456,1754,1022,1039,1113,1551,1759,1637,1407,1081,1313,1738,1037,1232,1179,1680,1697,1228,1817,1969,1197,1104,1156,1240,2092,1256,1515,1058,1304,1374,1285,1039,1034,1513,1617,1158,1796,2,1251,1813,1081,2,1495,1562,1022,1073,1258,2,1913,1022,2,1819,1140,1824,1721,1079,1424,1093,1475,1056,1066,1058,1825,1776,2,1030,1022,0,912,1072,1484,1795,1615,1987,2336,1491,1485,1134,1757,1022,1350,1243,1849,1146,1550,1072,1765,1734,2111,1368,1659,1819,1814,1380,1492,1212,1647,1144,1754,1264,1372,0,935,1323,935,0,1220,1393,1660,1114,966,1022,2010,1220,1787,1407,1128,1550,1363,0,1265,1268,1129,1617,1952,1022,1582,1259,1166,1167,1839,1391,1019,1037,1641,1809,1226,1550,2,1971,1156,986,1094,2131,1358,1022,1582,1687,0,1661,1475,1550,1179,1750,1660,652,1567,1022,1361,1713,1741,1256,1551,1153,1143,1213,1586,1717,1909,1111,1181,1908,1700,1010,1803,1481,1063,1136,1533,2125,1737,1969,1753,1680,1506,1031,1327,1491,1140,1117
1872,1860,2055,1377,1648,1097,1653,950,1272,2411,370,1149,0,1329,898,989,1189,949,952,1399,963,1098,1032,2249,1160,2433,1290,1105,11,2416,1262,1248,2366,0,1442,2169,1707,1221,1369,1242,1016,1597,2305,951,998,326,2124,1034,1163,1089,2378,1204,326,881,1413,594,1677,1339,1277,1389,935,1747,2169,2178,1159,951,1198,750,1279,1653,2464,1731,1253,1339,1335,1084,1539,1454,1862,2496,1362,1726,1264,1462,1167,1302,1096,1612,960,1422,1157,2178,2173,866,786,1478,100,998,1505,1286,1653,1195,1464,1704,2169,1524,1860,1014,1851,2169,996,1864,1100,2351,1160,1707,1335,2244,1082,1734,1620,2211,2352,1695,1007,2169,2169,0,100,1692,1490,1117,1246,2514,1328,888,886,1242,1331,2169,1545,899,1094,2297,1296,1692,1204,1274,2639,1416,594,1292,1061,1428,889,0,956,1191,316,1025,1332,1129,0,1667,1419,0,1327,1283,593,1860,0,2169,1543,1327,1102,1421,1818,950,1565,0,1372,866,1152,1056,2479,2169,1304,1679,1327,1767,959,1146,2163,2176,1582,1300,1194,950,957,2498,1264,1079,368,975,1415,2169,982,1239,0,1274,1316,950,1779,1699,1638,2364,1710,2169,1857,1253,1026,1541,951,1199,1891,1099,1134,1529,10,1471,1289,11,1242,1630,365,1400,1109,1389,1062,2653,1423,1283,1760,1081,859,2176,2473,1445,1891,1556
2771,586,1323,1378,2716,1336,2728,1884,1367,1201,1748,1579,0,676,1449,1923,2282,1884,1341,2579,1094,1863,1349,1017,1095,1268,1445,1416,1842,3465,236,1236,1125,1853,1183,2833,2719,1341,270,1126,1095,2522,1236,1894,1075,1684,1137,1329,2196,1165,988,298,1684,1831,2492,1962,1710,2367,1078,2512,1999,1455,2930,2936,2267,1894,1473,1940,607,2670,1268,1725,1441,2367,569,1424,1289,2235,2950,3494,690,2735,2295,623,3617,2411,1339,2629,1990,2542,2142,2936,2931,1816,1910,436,1737,1392,428,1285,2670,1383,792,432,2930,56,586,1163,2853,2930,1148,2952,453,3349,1588,2719,280,967,1115,2743,2637,1159,3350,1407,1160,2927,2930,0,1728,2694,222,919,1025,3530,1344,1820,1817,2261,1336,2918,25,1927,3365,1005,1333,2694,1968,1089,3515,2530,1951,1304,1294,2542,1821,1851,1161,1342,1665,1319,1355,1096,1851,0,1606,0,2343,214,1952,586,1851,2918,1280,2343,915,655,544,1882,618,0,2385,2000,364,1829,3468,2918,1361,5,272,2767,1132,580,2924,2922,1326,1593,1066,1882,1338,3487,2283,1388,1744,926,2494,2918,1914,1251,0,1147,1129,1882,2779,1432,1366,965,438,2918,583,1038,1034,464,1883,2299,617,1408,1878,1543,1841,84,2311,1840,1504,2636,1741,666,2212,1567,1110,3529,1421,1297,1763,1160,1798,2936,1006,632,617,273
1861,1336,951,1174,1893,1094,1904,1228,945,2606,1056,664,0,818,386,1267,1441,1227,948,1656,2807,1028,484,2448,2807,908,256,175,1156,2623,742,1032,2562,1167,1182,2368,1954,1122,853,1141,909,2051,2504,1229,2445,991,2323,912,1417,977,2573,683,991,1162,1659,1293,1216,1590,1875,1646,1503,1511,2368,2374,1416,1229,411,1271,758,1904,1099,1478,1027,1590,815,996,1087,1849,2112,2809,841,1970,1515,941,2884,1557,909,1863,1177,1679,1643,2374,2369,1147,1251,953,1044,1193,992,2339,1904,981,943,1182,2368,1006,1336,996,1499,2368,982,2114,567,2558,675,1954,816,2443,919,1978,1871,2410,2559,1203,994,2365,2368,0,1044,1939,960,2348,2177,2716,1379,1166,1163,1493,1132,2368,1027,1419,2736,2496,1096,1939,908,2684,2701,1673,1293,2347,2342,1685,1167,1167,2211,132,981,2242,923,1129,1167,1150,0,0,1578,764,1294,1336,1167,2368,1301,1578,2366,901,1294,1228,1048,0,1623,1326,632,942,2792,2368,1127,1162,808,2011,2382,607,2361,2372,1358,1118,2230,1228,943,2811,1515,149,1054,2856,1661,2368,1260,1050,0,1163,1128,1228,2023,1230,1405,2558,1188,2367,1333,2244,2268,1028,1229,1454,1367,169,1357,1076,1157,953,1540,1156,1259,1878,1051,879,1366,612,1107,2715,1217,1096,1256,973,1140,2375,2675,924,1367,1031
0,0,0,1054,0,0,0,0,0,0,0,0,0,0,0,0,0,0,0,0,0,0,0,0,0,0,0,0,0,0,0,1145,0,0,0,0,0,0,0,0,0,0,0,0,0,0,0,0,0,0,0,0,0,0,0,0,1257,0,0,0,0,1112,0,0,0,0,0,0,0,0,0,1111,0,0,0,0,948,0,0,0,0,0,0,0,0,0,0,0,0,0,0,0,0,0,0,0,0,0,0,0,0,0,1123,0,0,0,0,0,0,0,0,0,0,0,0,0,0,0,0,0,0,0,0,1299,0,0,0,0,0,0,0,0,0,0,1202,0,0,0,1218,0,0,0,0,0,0,0,0,0,0,0,0,0,0,0,0,0,0,0,0,0,0,0,0,0,0,0,0,0,0,0,0,0,1161,0,0,0,0,0,0,0,0,0,0,0,0,0,0,0,0,0,0,0,0,0,978,967,0,0,0,0,0,0,0,0,0,0,0,1108,0,0,0,0,0,1282,1027,0,0,0,0,0,0,0,0,0,0,0,0,1138,0,0,0,0,929,0,0,0,0,0,0,0,1328,956,1361,0,0,0,0,0,0,0
1157,1653,1394,1516,636,1664,623,538,1514,1568,972,992,0,1106,868,360,87,537,1570,716,1515,939,809,1534,1515,1691,1174,977,1072,1388,1046,2167,1719,1083,2027,1436,673,1257,1157,1257,1246,509,1598,539,1407,928,1399,1359,155,1539,1535,988,928,532,275,809,1407,34,920,706,794,1448,1433,1287,204,539,1036,787,1063,623,1719,1432,1407,34,1119,1538,1392,568,991,1468,1146,706,45,1246,1592,72,1216,582,595,739,631,1287,1294,547,767,1268,960,1569,1295,1901,623,1569,1248,1499,1433,1308,1653,1569,1266,1433,1569,993,879,1323,1003,673,1119,1517,1171,714,590,1483,1324,1471,1569,1299,1433,0,960,650,1280,1303,1708,1486,2414,465,475,52,1456,1433,1329,534,1349,1570,1705,650,1047,1658,1612,733,809,1912,1907,745,420,1083,1448,1029,918,1204,1073,1559,1083,1437,1261,0,0,1067,810,1653,1083,1433,1728,0,1299,1205,1611,538,1336,0,57,525,936,893,1451,1433,1281,1449,1111,747,1606,924,1246,1290,1340,1628,1192,538,1569,1470,45,951,970,1631,277,1433,570,1383,0,1520,1175,538,759,1445,1359,1671,1505,1433,1650,1806,1834,1331,539,197,1684,971,573,1413,1073,1255,22,1072,1396,604,967,1184,232,1231,1224,1626,1432,1665,1097,1539,656,1258,1763,1229,1684,1346
2630,601,1393,1727,2544,1400,2556,1751,1188,1052,1589,1426,0,442,1297,1785,2103,1745,1411,2405,956,1713,1187,1075,1156,1108,1282,1254,1689,3308,21,1287,990,1700,1234,1094,2603,1410,107,1183,1390,2286,1306,1747,1366,1524,999,1157,2080,1475,1263,83,1524,1680,2413,1811,1775,2249,1368,2395,1816,1820,949,2700,2157,1747,1314,1789,425,2554,1338,1480,1511,2249,354,1236,1620,2122,2836,3388,447,2620,2175,460,954,2297,1403,2513,1740,2428,1900,2700,917,1665,1769,223,1577,1462,265,1117,2554,1453,470,447,959,222,601,1221,2752,2663,1456,2838,271,3243,1434,2603,30,1237,1170,2628,2521,1229,3244,1458,1471,923,922,0,1577,2588,237,973,1078,3395,1686,1684,1682,2153,1388,2663,243,1679,1093,1062,1158,2588,1830,1144,3384,2422,1811,1369,1358,2434,1685,1700,1015,1183,1514,1148,1176,1154,1700,269,1446,0,2237,0,1812,601,1700,2663,1610,2237,969,440,559,1746,405,0,2279,1757,149,1671,3371,2663,1182,256,22,2661,1195,400,2661,2698,1379,1372,1123,1746,1165,3390,2175,1228,1587,976,2415,2663,1778,1304,0,1453,1430,1746,2673,1485,1418,1236,453,951,598,1318,1087,301,1747,2194,632,1248,1667,1330,1690,169,2200,1689,1567,2527,1584,503,2108,1416,1407,3399,1778,1350,1826,1216,1658,2673,1284,469,632,318
1351,1630,1597,1129,1170,1890,1176,455,1772,1940,601,999,0,1084,846,493,699,454,2042,930,2117,948,787,1778,2117,1981,1183,955,701,1991,1024,1008,1909,712,955,1690,1231,1519,1135,1519,1508,1000,1842,456,1669,557,1643,1621,672,1797,1907,966,557,225,926,1,1368,848,1157,920,561,1444,1690,1698,672,456,1045,157,1041,1176,2012,1186,1620,848,1097,1796,1237,1005,1427,2071,1124,1249,773,1224,2194,815,1453,1135,592,953,824,1698,1693,210,193,1246,589,2044,1273,1773,1176,2044,1226,1476,1690,1286,1630,2044,1393,1690,2044,1429,857,1926,1010,1231,1097,1764,1413,1257,1143,1730,1927,1394,2044,1689,1690,0,589,1216,1257,1896,1566,2089,1076,389,392,751,1308,1690,1307,531,1951,1817,1488,1216,1054,1933,2213,947,0,1779,1774,959,390,712,1600,1007,547,1466,1310,2034,712,1411,1270,0,836,1045,0,1630,712,1690,1032,836,1887,1183,1588,455,1310,0,881,503,914,902,2054,1691,1520,1423,1089,1290,2148,902,1694,1697,1058,1048,1454,455,2045,2073,773,929,599,2233,928,1691,487,1196,0,1777,1413,455,1302,1152,1106,1867,1482,1691,1627,1673,1701,1309,456,712,1661,949,724,1229,702,1233,798,701,1203,1153,596,1162,622,1240,1471,2227,1175,1033,1459,1796,163,1707,2014,1207,1661,1324
2974,1,1326,1761,2681,1425,2693,2101,1427,1208,1977,1772,0,883,1681,2238,2247,2100,1131,2544,998,2093,1577,1013,998,1268,1670,1643,2077,3433,487,1593,942,2088,1265,2991,2742,1152,597,1170,1382,2603,1229,2102,1124,1912,942,1155,2222,1469,1199,553,1912,2043,2517,2174,1797,2393,1148,2534,2041,1533,2991,2997,2292,2102,2016,2152,917,2693,1265,1825,1468,2393,818,1478,1647,2260,2970,3513,1000,2759,2321,697,1205,2433,1427,2652,2032,2567,2184,2997,2992,2028,2132,362,1965,1175,502,1141,2693,1167,934,353,2991,440,1,1187,2826,2991,1414,2972,736,3368,1783,2742,530,954,1426,2767,2660,953,3369,1795,1429,2988,2991,0,1965,2727,555,994,1103,1095,1418,2041,2036,2299,1708,2991,461,1978,943,1203,1170,2727,1983,1394,3657,2561,2174,1153,1382,2573,2042,2088,1034,1566,1902,1146,1193,1346,2088,487,1805,0,2381,464,2175,0,2088,2991,1359,2381,1193,904,34,2101,867,0,2423,2045,613,2056,3496,2991,1435,474,522,2800,1230,848,2990,2995,1400,1682,1116,2101,1365,3515,2321,1617,1975,1016,2519,2991,2133,1326,0,1192,1441,2101,2812,1817,1443,985,359,2991,69,1345,1337,590,2102,2330,103,1637,1909,1634,2078,413,2346,2077,1323,2666,1972,740,2243,1772,1413,3671,1815,1657,1860,1462,2021,3002,1197,706,103,439
1872,1860,929,1679,1648,1340,1653,950,1075,2411,370,1149,0,1327,898,989,1189,949,984,1399,1166,1098,1032,2249,963,2433,1289,1105,11,2416,1262,1520,2366,0,1455,2169,1707,1250,1369,1272,1038,1591,2305,951,1231,326,2124,1273,1163,1111,2378,1204,326,881,1413,594,1406,1339,1294,1389,935,1765,2169,2178,1159,951,1198,750,1279,1653,2464,1746,1070,1339,1335,1108,1289,1460,1862,2496,1362,1726,1264,1462,1169,1302,1109,1612,960,1422,1151,2178,2173,866,786,1478,100,1030,1505,1299,1653,1233,1464,1704,2169,1524,1860,1045,1851,2169,1027,1864,1100,2351,1160,1707,1335,2244,1326,1734,1620,2211,2351,1712,1039,2169,2169,0,100,1692,1490,934,1258,2513,1343,888,886,1242,1345,2169,1545,899,908,2297,1315,1692,1204,1293,2638,1416,594,1082,1296,1428,889,0,1167,1189,316,1262,1117,1167,0,1474,1418,0,1327,1283,593,1860,0,2169,1291,1327,1114,1421,1818,950,1373,0,1372,866,1152,1056,2478,2169,1326,1486,1327,1767,966,1146,2164,2176,1325,1316,1220,950,988,2497,1264,1079,368,979,1415,2169,982,1513,0,1079,1106,950,1779,1424,1656,2364,1710,2169,1857,1049,1038,1541,951,1199,1891,1099,1134,1280,10,1471,1289,11,1255,1630,365,1400,1109,1388,1079,2652,1735,1298,1777,1103,859,2178,2473,1445,1891,1556
1985,2521,591,2012,841,1904,826,1510,1821,313,1934,1829,0,1957,1707,1334,1090,1509,733,1480,1764,1779,1668,289,1764,396,2006,1834,2034,1638,1897,2410,299,2045,2267,0,824,1482,1099,1482,1471,1344,350,1511,1648,1890,142,1600,1179,1846,280,1840,1890,1639,1254,1770,1903,1052,1405,1470,1568,1944,0,364,1237,1511,1879,1748,1114,826,427,1928,664,1052,1143,1845,1877,1340,1615,1719,1152,849,1280,992,1842,1096,1696,803,1416,1503,1402,364,359,1624,1728,2155,1922,735,994,1969,826,735,1002,1235,0,2158,2521,745,2080,0,745,1617,1101,1574,1840,824,1120,280,1698,798,811,246,1575,1978,745,355,0,0,1922,817,1166,1585,1789,1737,2533,1603,1445,1258,1959,0,2141,1355,1599,333,1679,817,1875,1906,1861,1497,1770,1986,1981,1509,1604,2045,1703,1893,1880,1429,1564,735,2045,2116,2091,0,1072,1918,1771,2521,2045,0,2189,1072,1577,937,2479,1510,2015,0,1031,1386,1788,1737,1702,0,1775,2128,1105,909,1847,1118,423,362,1843,1791,1391,1510,745,1721,1280,1808,1932,1881,1256,0,1542,1879,0,1826,1667,1510,921,1952,1862,545,1241,0,2518,1883,1919,1000,1718,1277,2552,1828,1726,1894,2134,2177,1118,2133,1877,761,2028,1182,1230,2083,1691,1932,1938,2161,1954,1566,1668,428,535,1190,2552,2276
2097,1348,2105,344,1835,777,1831,1964,1305,2177,1145,948,1223,1485,963,1791,1475,1963,1864,1683,1976,1130,1224,2062,1957,2194,1206,1135,1410,1774,1591,704,2140,1549,554,1977,1798,1335,1645,1335,1298,1617,2126,1965,1325,1501,1935,1100,1452,1330,2144,1570,1424,1958,2085,990,424,1650,747,1678,1941,419,1977,2053,1828,1965,1158,2206,1594,1831,2225,403,2117,1650,1582,1329,127,1770,2382,1854,1351,1801,1546,1403,1886,1967,597,1813,1810,1710,1768,2051,2056,1971,2184,1641,1436,1864,1436,1116,1829,1864,1370,1833,1975,1545,1580,1864,1973,1975,1864,2382,1264,1707,939,1796,1636,2048,882,1811,1822,2016,1708,361,1864,2060,1975,1094,1469,1810,1731,1413,1284,2023,1204,1887,1897,1524,180,1975,1307,1750,1779,2101,865,1810,1177,953,2041,1703,1023,1140,1148,1715,1849,1327,1290,1285,1125,1193,601,1854,1278,1546,1078,962,1636,1333,1246,1641,1559,1975,0,1636,1432,1555,1637,1962,1293,1233,1685,1769,1270,905,1835,1975,691,1243,1623,2011,1438,1534,2017,2053,230,157,1181,1962,1864,1854,1546,1122,1470,1843,2085,1975,1994,277,0,1308,602,1962,1920,416,312,1913,1519,1975,1671,1068,1096,1737,1963,1864,1693,1124,2078,148,1260,1324,1571,1430,290,1758,1404,1386,1777,1289,1008,2055,403,116,419,1327,2073,2031,2298,1401,1409,1339
1160,1665,1404,1503,627,1655,617,552,1495,1539,1009,982,0,1105,851,375,87,551,1537,729,1510,931,808,1506,1510,1663,1143,973,1109,1377,1066,2156,1644,1120,2017,1414,667,1323,1185,1323,1312,521,1571,553,1501,965,1376,1286,155,1521,1506,998,965,546,275,831,1868,34,897,724,751,1925,1414,1261,204,553,1030,809,1074,617,1694,1909,1357,34,1128,1520,1363,523,993,1457,1155,655,45,1255,1587,72,1189,578,571,758,636,1261,1266,561,789,1278,997,1538,1337,1881,617,1538,1257,1509,1414,1465,1663,1538,1308,1414,1538,995,877,1312,992,667,1140,1492,1158,711,587,1459,1313,1949,1538,1270,1414,0,997,662,1290,1291,1696,1475,2407,477,489,52,1409,1414,1486,511,1343,1545,1695,662,1033,1771,1609,751,831,1912,1908,763,435,1120,1436,1025,955,1270,1051,1528,1120,1405,1237,0,0,1088,832,1663,1120,1414,1646,0,1287,1212,1621,552,1304,0,57,526,942,888,1440,1414,1259,1417,1132,743,1610,922,1227,1263,1303,1622,1258,552,1538,1459,45,947,1007,1626,277,1414,584,1354,0,1501,1153,552,755,1922,1322,1616,1515,1414,1660,1797,1824,1386,553,197,1694,967,573,1384,1110,1412,22,1109,1367,596,1004,1193,232,1207,1203,1621,1909,1549,1925,1520,678,1241,1748,1238,1694,1514
1512,976,1686,1231,1088,914,1135,1656,1397,1837,1797,1695,0,1822,1569,1479,1067,1655,1419,1354,624,1645,1535,1711,624,1880,1857,1701,1897,410,1153,1163,1815,1104,1114,1625,1102,1045,996,1045,1034,1132,1776,1657,1223,1753,1582,1008,1043,1422,1804,1136,1753,1650,1407,1639,1105,1199,703,1349,1434,1162,1625,1636,1105,1657,1745,1617,1161,1135,1911,1146,1653,1199,957,1421,1167,1206,1415,490,1199,1105,1141,1261,701,1255,995,1119,1344,1383,1259,1636,1642,1665,1597,1198,1785,1421,1295,663,1135,1421,1018,1387,1625,1100,1130,1421,1411,1625,1421,1417,1101,345,1706,1102,1198,1697,952,890,1128,1664,346,1186,1421,1647,1625,0,1785,1116,1288,94,472,508,1689,1583,1592,1119,1213,1625,941,1229,449,1750,938,1116,1747,1478,727,1376,1639,691,687,1388,1539,957,206,1750,1743,992,857,1411,912,1105,1943,0,1219,1170,1640,988,922,1625,1216,1219,0,936,1190,1656,932,0,1178,1406,1104,1604,473,1625,1067,2004,980,1090,384,920,1599,1639,1107,860,980,1656,1421,492,1141,1675,1795,808,1409,1625,1688,1220,0,1402,961,1656,999,1159,1126,1470,1151,1625,1222,577,605,1075,1657,1291,1030,1695,1705,1188,1898,955,1166,1897,1233,1064,1792,1027,1055,1912,1016,741,1146,1287,1162,1421,1486,1614,1953,1041,1252,1171
2176,960,1424,1669,2677,1354,2693,1798,1415,1300,1724,1608,0,551,1436,1836,2239,1797,1423,2652,3284,1821,1363,1337,1094,1136,1439,1432,1824,3453,377,1496,1012,1835,1187,1162,2740,1158,505,1417,1372,2386,1114,1799,1347,1659,1242,1373,2215,1202,1070,363,1659,1728,2554,1859,1726,2409,1099,2790,1874,1762,993,2876,2329,1799,1870,1837,187,2693,1137,1725,1258,2409,69,1477,1569,2229,3004,3285,209,2713,2312,289,3361,2470,1358,2654,1858,2681,2012,2876,944,1713,1817,582,1712,1218,685,1077,2693,1463,241,806,1219,641,961,1481,2109,1112,1212,3006,512,3388,1619,2740,457,1285,1139,2769,2663,1271,3389,1410,1480,1148,1150,0,1702,2725,598,1131,1252,3193,1354,1728,1728,2290,1342,918,662,1801,3213,1098,1127,2725,1481,1114,3182,2690,1853,1324,1088,2829,1729,1825,981,1357,1639,1364,1140,1165,1825,681,1394,0,2397,405,1854,961,1825,1131,1287,2397,1131,0,919,1792,578,0,2440,1871,321,1756,3268,2818,1395,675,449,2801,1144,552,2812,1126,1614,1608,1108,1792,1417,3287,2312,1406,1712,926,2556,938,1824,1262,0,1438,1155,1792,2813,1443,1658,1252,812,998,958,1052,1269,475,1793,2367,992,1426,1784,1288,1815,588,2337,1814,1253,2664,1709,227,2280,1364,1139,3196,1718,1580,1766,1448,1700,2826,1104,272,992,616
2961,35,1116,1757,2722,1178,2738,1994,1187,1017,1943,1779,0,835,1653,2241,2287,1993,1144,2636,1195,2032,1581,1032,990,1290,1670,1648,2043,3496,446,1587,1156,2054,1260,3040,2785,1400,555,1421,1149,2690,1038,1995,1364,1878,960,1158,2263,1221,1219,512,1878,1930,2602,2061,1796,2457,1385,2631,2067,1530,3040,3097,2377,1995,2021,2039,866,2738,1288,1819,1228,2457,781,1231,1361,2278,3050,3576,949,2758,2360,668,1194,2518,1179,2699,2051,2665,2201,3097,3092,1915,2019,320,1931,1188,479,1138,2738,1180,897,311,3040,398,35,1449,2809,3040,1429,3052,688,3431,1789,2785,489,1179,1181,2814,2708,973,3432,1791,1444,3088,3040,0,1931,2770,513,1197,1099,3594,1416,1933,1929,2338,1704,3040,419,1998,1130,1228,1413,2770,1986,1394,3727,2658,2061,1390,1142,2670,1934,2054,1032,1571,1868,1389,1191,1362,2054,446,1869,0,2445,423,2062,35,2054,3040,1356,2445,985,867,0,1994,833,0,2488,2064,576,1997,3559,3040,1437,432,481,2846,1013,813,3029,3095,1689,1680,1354,1994,1143,3578,2360,1622,1941,1218,2604,3040,2026,1324,0,1199,1194,1994,2858,1503,1440,998,317,3040,34,1111,1105,548,1995,2415,68,1642,1929,1351,2044,371,2385,2043,1594,2709,1938,711,2328,1838,1416,3741,1809,1370,1856,1468,1908,3044,1224,677,68,353
1081,1626,1349,1459,928,1575,935,0,1436,1602,926,981,0,1067,812,290,386,0,1760,649,1902,931,770,1479,1902,1637,1143,935,1026,1776,1027,2076,1581,1037,1937,1392,988,1239,1146,1239,1228,705,1544,0,1417,882,1349,1202,359,1461,1569,959,882,84,648,746,1318,570,837,644,547,953,1392,1452,393,0,1030,724,1035,923,1668,1142,1306,570,1089,1460,1301,703,1140,1852,1118,951,460,1218,1975,537,1129,884,579,678,591,1452,1447,99,704,1241,914,1762,1300,1429,923,1762,1220,1472,1392,1420,1626,1762,1175,1392,1762,1142,839,1707,992,976,1103,1465,1098,1007,893,1432,1708,1102,1762,1443,1392,0,914,961,1253,1430,1297,1870,1988,392,84,438,1347,1392,1441,519,1732,1518,1165,961,1033,1687,1994,671,746,1437,1433,683,313,1037,1307,987,872,1186,991,1752,1037,1360,1237,0,558,1051,747,1626,1037,1392,1584,558,1684,1175,1584,0,1259,0,611,488,906,888,1835,1392,1199,1372,1095,1039,1455,884,1383,1450,1241,1543,1174,0,1763,1854,460,909,924,2014,650,1392,32,1292,0,1441,1093,0,1051,1097,1260,1553,1478,1392,1623,1323,1351,1349,1,434,1657,929,433,1322,1027,1367,485,1026,1305,898,921,1156,343,1207,1143,2008,935,1484,966,1460,593,1397,1722,1201,1657,1469
2551,566,1133,1390,2577,1354,2593,1714,1155,1245,1636,1499,0,479,1347,1752,2136,1713,1380,2492,1104,1734,1269,1275,1106,1314,1366,1336,1736,3365,200,1247,1168,1747,1442,2726,2640,1136,230,1391,1351,2302,1063,1715,1326,1571,979,1356,2114,1187,1237,329,1571,1641,2454,1772,1431,2305,1323,2487,1842,1771,1128,2785,2233,1715,1395,1750,404,2593,1314,1738,1224,2305,461,1204,1303,2131,2912,3445,487,2613,2208,598,1102,2374,1124,2554,1765,2521,1925,2785,2780,1626,1730,414,1624,1184,403,1078,2593,1422,589,412,946,168,566,1442,2714,2726,1179,2914,245,3300,1510,2640,244,1217,1133,2669,2563,999,3301,1713,1439,2776,2726,0,1624,2625,202,1129,1039,3470,1357,1650,1650,2186,1348,2726,189,1705,3329,1044,1354,2625,1818,1108,3455,2514,1772,1095,1312,2526,1651,1747,1181,1264,1561,1346,1138,1128,1747,104,1593,0,2293,178,1773,566,1747,2726,1562,2293,1125,547,524,1714,0,0,2336,1782,278,1693,3428,2726,1146,116,236,2701,1148,389,2720,2783,1340,1611,1316,1714,1376,3447,2208,1310,1634,935,2456,2726,1746,1528,0,1171,1148,1714,2713,1446,1665,998,418,1131,563,1052,1267,452,1715,2271,597,1330,1688,1560,1737,115,2233,1736,1258,2564,1631,525,2184,1560,1364,3469,1729,1311,1471,1183,1619,2734,1047,570,597,220
0,0,0,1115,0,0,0,0,0,0,0,0,0,0,0,0,0,0,0,0,0,0,0,0,0,0,0,0,0,0,0,1003,0,0,1151,0,0,0,0,0,0,0,0,0,0,0,0,0,0,0,0,0,0,0,0,0,1108,0,0,0,0,1421,0,0,0,0,0,0,0,0,0,1173,0,0,0,0,1219,0,0,0,0,0,0,0,0,0,0,0,0,0,0,0,0,0,0,0,0,0,0,0,0,0,0,0,0,0,0,0,0,0,0,0,0,0,0,0,0,0,0,0,0,0,0,1138,0,0,0,0,0,0,0,0,0,0,1279,0,0,0,1069,0,0,0,0,0,0,0,0,0,0,0,0,0,0,0,0,0,0,0,0,0,0,0,0,0,0,0,0,0,0,0,0,0,1021,0,0,0,0,0,0,0,0,0,0,0,0,0,0,0,0,0,0,0,0,0,1257,1244,0,0,0,0,0,0,0,0,0,0,0,978,0,0,0,0,0,1363,1090,0,0,0,0,0,0,0,0,0,0,0,0,1003,0,0,0,0,1192,0,0,0,0,0,0,0,1161,1229,1191,0,0,0,0,0,0,0
1149,1795,1535,1984,566,1645,556,705,1659,1487,1064,1121,0,1246,998,529,236,704,1487,719,1556,1071,950,1454,1556,1611,1283,1120,1164,1423,1206,2147,1594,1175,2007,1362,606,1469,1319,1469,1458,511,1519,706,1647,1020,1324,1432,304,1684,1454,1138,1020,699,424,969,1858,37,1037,714,896,1915,1362,1211,384,706,1171,947,1214,556,1642,1900,1486,37,1268,1683,1503,668,1038,1502,1297,594,86,1397,1632,252,1328,517,714,749,627,1211,1216,714,927,1413,1052,1489,1472,1932,556,1489,1399,1639,1362,1459,1795,1489,1299,1362,1489,1040,1018,1357,1132,606,1282,1440,1700,650,526,1407,1358,1940,1489,1217,1362,0,1052,601,1425,1351,1756,1520,2398,631,641,93,1549,1359,1480,654,1388,1490,1681,601,1173,1918,1654,742,969,1967,1963,754,589,1175,1496,1167,1010,1416,1191,1476,1175,1408,1371,0,57,1230,970,1795,1175,1359,1786,57,1347,1354,1753,705,1307,0,0,675,1084,1030,1485,1359,1401,1420,1274,682,1670,1064,1175,1210,1443,1614,1404,705,1486,1504,86,1094,1062,1671,426,1359,737,1494,0,1664,1294,705,694,1914,1462,1563,1645,1359,1792,1856,1880,1521,706,377,1826,1114,747,1524,1165,1406,63,1164,1507,535,1059,1335,381,1341,1357,1668,1901,1692,1917,1683,816,1189,1695,1380,1826,1447
1255,1251,1700,1153,1515,1797,1529,821,1880,2049,731,496,0,710,425,859,1050,820,2147,1304,2369,440,391,1930,2369,2067,680,558,831,2240,677,2301,2012,842,2159,1846,1577,1720,793,1720,1709,1200,1994,822,1898,666,1803,1683,1026,1905,2016,610,666,741,1300,872,984,1227,1273,1299,901,1243,1846,1899,1057,822,536,850,685,1529,2098,1218,1719,1227,742,1904,1738,1227,1679,2320,768,1552,1124,868,2446,1200,1561,1490,131,1333,836,1899,1894,726,830,879,719,2149,948,1885,1529,2149,870,1097,1846,932,1251,2149,896,1846,2149,1681,474,2175,507,1577,753,1918,1530,1608,1499,1886,2176,1187,2149,1890,1846,0,719,1562,887,2143,1702,2055,1104,756,757,1102,911,1846,953,764,2203,1971,1596,1562,557,2163,2040,1326,872,1918,1914,1338,757,842,1733,698,656,1667,1423,2139,842,891,774,0,1215,701,873,1251,842,1846,2015,1215,2136,828,1209,821,787,0,1263,0,559,390,2304,1846,1634,903,745,1640,1881,514,1838,1897,1693,1803,1655,821,2149,2323,1124,532,729,2486,1302,1846,853,1729,0,1885,1526,821,1651,1208,939,2006,1103,1846,1248,1805,1830,997,822,1097,1282,552,746,1759,832,879,1149,831,1742,1499,726,806,1007,742,1583,2049,1207,2011,1253,1904,719,1852,2168,851,1282,913
2433,761,1139,1366,2515,1330,2531,1557,1144,1252,1482,1328,0,261,1191,1596,2074,1556,1143,2430,3435,1569,1099,1287,3435,1095,1199,1167,1582,3310,122,1223,1175,1593,1171,1105,2578,1362,242,1381,1338,2243,1072,1558,1088,1417,1192,1341,2052,1420,1244,51,1417,1487,2428,1618,1410,2244,1301,2425,1790,1443,948,2689,2171,1558,1231,1596,126,2531,1096,1708,1477,2244,183,1443,1281,2069,2850,3390,209,2551,2146,309,3512,2312,1334,2492,1703,2459,1866,2689,2719,1472,1576,382,1470,1429,416,1278,2531,1421,311,607,1163,381,761,1192,2603,2663,1422,2852,122,3245,1339,2578,200,1232,1116,2607,2501,1220,3246,1684,1438,910,1100,0,1470,2563,397,916,1229,3344,1613,1495,1492,2124,1325,2663,402,1643,3364,1274,1104,2563,1690,1091,3333,2452,1618,1299,1067,2464,1496,1593,1159,1100,1407,1103,1352,1364,1593,361,1424,0,2232,148,1619,761,1593,2663,1534,2232,914,269,719,1557,257,0,2275,1720,0,1528,3373,2663,1366,373,192,2639,929,266,2653,2691,1593,1313,1304,1557,1375,3392,2146,1141,1480,1100,2430,2663,1589,1244,0,1403,1367,1557,2651,1721,1638,1207,613,953,758,1247,1030,465,1558,2209,792,1161,1626,1534,1583,328,2171,1582,1236,2502,1477,247,2122,1394,1115,3347,1700,1290,1447,1415,1465,2667,1280,292,792,433
1140,1612,1772,1212,1750,1878,1759,994,1966,2128,937,146,0,1054,656,1033,1351,993,2221,1714,2298,90,757,2012,2298,2146,346,637,1037,2171,1014,2382,2091,1048,2240,1927,1811,1807,1133,1807,1796,1130,2076,995,1985,872,1885,1770,1328,1991,2095,946,872,965,1238,1096,1256,1247,1363,1709,812,1304,1927,1981,1455,995,186,1074,1022,1759,2177,1054,1804,1247,1076,1990,1102,1308,1609,2251,1105,1787,1424,1205,2375,1138,1651,1720,281,1743,766,1981,1976,950,1054,1229,925,2223,1287,1949,1759,2223,1207,1458,1927,1407,1612,2223,821,1927,2223,1611,826,2106,157,1811,1090,2000,1620,1843,1729,1968,2107,1246,2223,1972,1927,0,925,1796,1239,1929,1782,1994,968,930,929,1402,960,1927,1428,489,2131,2053,1686,1796,207,2227,1979,1736,1096,1984,1980,1748,931,1048,1818,372,862,1754,1513,2213,1048,1347,454,0,1235,1038,1097,1612,1048,1927,1093,1235,2064,1162,1570,994,1246,0,1559,419,893,0,2234,1927,1724,1359,1082,1876,1961,871,1924,1979,950,1139,1742,994,2223,2254,1424,611,935,2415,1241,1927,1026,1819,0,1971,1616,994,1888,1055,1196,2093,1464,1927,1609,1867,1891,1336,995,1036,1643,631,833,1849,1038,1354,1449,1037,1832,1735,932,1143,1405,420,1669,1993,1264,922,1311,1990,943,1938,2250,1188,1643,1456
1329,2678,1741,1577,1214,1252,1263,1748,1852,1896,2131,1896,0,2112,1856,1574,1359,1747,1541,1484,316,1850,1827,1770,316,1914,2050,1992,2231,101,2078,1308,1871,2242,1361,1684,1213,1500,2187,1500,1489,1259,1835,1749,1678,2087,1641,1463,1453,1877,1863,2018,2087,1742,1547,2063,1451,1322,1133,1479,1773,1508,1684,1755,1608,1749,1955,2041,2094,1263,1945,1492,1772,1322,2144,1875,1447,1545,1543,25,2177,1216,1549,1105,393,1377,1423,1247,1475,1513,1373,1754,1760,1757,2021,2308,2119,1542,948,1117,1263,1542,2279,1033,1683,2329,2678,1542,1044,1683,1542,1545,1895,162,1907,1213,2152,1755,1283,1016,1256,1722,163,1531,1542,1765,1683,0,2119,1244,947,348,912,117,2029,1672,1684,1527,1523,1683,2350,1520,161,1808,1269,1244,1939,1948,421,1506,2063,1146,1142,1518,1634,2242,649,2067,2077,1446,1286,1532,2242,2274,2142,0,1342,2100,2064,2678,2242,1683,1360,1342,491,2230,2636,1748,2174,0,1301,1537,1960,1815,0,1683,1438,2286,2144,1216,387,1941,1717,1757,1538,1208,1434,1748,1542,27,1549,1966,2129,432,1549,1683,1780,1589,0,1856,1331,1748,1125,1504,1575,1591,1248,1683,907,1032,1060,1147,1749,1420,925,1986,1795,1468,2232,2276,1348,2231,1602,1192,2126,2215,1559,2111,1448,435,1491,1431,1507,1875,1910,1732,2009,1102,1129,2375
1982,2670,584,2035,839,1905,833,1564,1885,308,2140,1965,0,2105,1849,1388,1125,1563,781,1553,1820,1919,1820,292,1820,396,2117,1985,2240,1694,2071,2409,315,2251,2267,0,800,1500,2180,1500,1489,1328,352,1565,1711,2075,142,1463,1180,1567,275,2011,2075,1558,1289,1953,1891,1092,1402,1548,1714,1160,0,338,1386,1565,2024,1931,2087,833,427,958,664,1092,2137,1566,1867,1486,1611,1774,2170,803,1141,923,1897,1148,1690,817,1568,1582,1442,338,333,1583,1911,2301,2128,783,1113,1976,833,783,1134,943,0,2324,2670,783,2102,0,783,1613,1888,1629,1975,800,2145,283,1739,803,826,250,1630,923,783,329,0,0,2128,814,2319,1617,1809,1792,2515,1503,1509,1399,1923,0,2345,1508,1654,336,1720,814,2007,1982,1916,1575,1953,2011,2007,1587,1458,2251,1736,2025,2065,1447,1552,773,2251,2269,2209,0,1112,2093,1954,2671,2251,0,2119,1112,1609,2223,2629,1574,2169,0,1071,1542,1953,1883,1757,0,1763,2281,2137,914,1895,1934,425,336,1817,1914,1409,1574,783,1776,1141,1959,2138,1936,1300,0,1606,1858,0,1890,1655,1574,926,911,1836,545,1146,0,2668,1893,1917,1120,1575,1273,2702,1979,1836,1888,2241,2271,1118,2240,1871,762,2135,911,1336,2178,1683,1930,1143,2140,975,1566,1800,430,533,916,2702,2370
2145,1420,1728,830,1518,651,1514,1505,776,1896,1151,1665,0,1098,1533,1336,1042,1504,1560,1737,1627,1615,1095,1770,1627,1914,1825,1209,1165,1423,1411,1158,1871,1088,1013,1684,1481,806,1458,806,769,1687,1835,1506,912,1058,1641,737,1018,801,1863,1157,1202,1480,1334,1611,687,1218,610,1732,1406,744,1684,1738,1080,1506,1715,1589,1177,1514,1945,728,1760,1218,1175,800,732,1178,1779,1503,1460,1484,1116,1259,1539,1223,376,1498,1261,1766,1265,1738,1733,1465,1569,1201,1208,1562,1285,989,1514,1562,1493,1355,1684,1351,1130,1562,2029,1684,1562,1781,1131,1358,1676,1481,1205,1756,181,1480,1507,1723,1359,768,1562,1729,1684,0,1240,1495,1541,1071,980,1521,1378,1443,1440,1094,718,1684,1392,1201,1436,1809,216,1495,1717,687,1702,1759,1611,1013,1021,1771,1444,1134,956,1121,1135,782,375,1552,1080,1127,933,0,1206,1427,1612,1188,1098,1684,951,1206,1089,1155,1190,1505,1384,0,1254,1229,1131,1574,1486,1684,0,1309,1193,1680,1105,1139,1705,1736,612,726,770,1505,1562,1505,1116,1185,1239,1496,1336,1684,1537,730,0,781,138,1505,1589,741,631,1611,1357,1684,1460,941,969,1288,1506,1120,1227,989,1528,753,1276,1403,1141,1186,743,1443,1173,1242,1030,1121,619,1716,728,1005,744,800,1458,1720,2010,1516,1231,1174
2753,573,1256,1342,2628,1067,2644,1842,1311,1134,1777,1641,0,663,1489,1880,2190,1841,1057,2539,3538,1869,1426,1160,3538,994,1523,1494,1877,3407,224,1200,3084,1888,1147,2915,2691,1283,254,1302,1048,2462,966,1843,1028,1712,2873,1275,2166,1119,932,286,1712,1772,2505,1903,1377,2360,1254,2534,1952,1712,2915,2973,2280,1843,1903,1881,583,2644,993,1393,1377,2360,555,1132,1250,2180,2955,3487,666,2664,2263,624,3615,2421,1291,2605,1936,2568,2090,2973,2968,1757,1861,411,1765,1100,429,1026,2644,1320,768,419,2915,44,573,1342,2839,2915,1095,2957,418,3342,1652,2691,268,909,1296,2720,2614,2957,3343,1655,1338,2964,2915,0,1765,2676,209,3318,987,3646,1305,1778,1778,2241,1298,2915,13,1883,3371,1144,1283,2676,1850,1265,3637,2561,1903,1257,1246,2573,1779,1888,922,1418,1702,1265,1082,1042,1888,14,1737,0,2348,202,1904,573,1888,2915,1502,2348,3311,641,531,1842,607,0,2391,1949,350,1834,3470,2915,1084,0,260,2752,2941,560,2908,2971,1555,1546,1232,1842,1055,3489,2263,1468,1775,3654,2507,2915,1874,1465,0,1328,1087,1842,2764,1682,1604,912,425,2915,570,999,1201,478,1843,2318,604,1488,1832,1239,1878,72,2288,1877,1208,2615,1772,667,2231,1704,1066,3651,1673,1259,1719,1346,1750,2922,1144,633,604,217
2716,659,1409,1740,2639,1171,2655,1752,1449,1286,1675,1549,0,517,1386,1790,2201,1751,1181,2550,1167,1781,1325,1314,968,1354,1426,1394,1781,3418,134,1568,1002,1786,1245,919,2708,1179,162,1444,1163,2349,1094,1753,1143,1610,1012,1169,2177,1489,1278,196,1610,1682,2516,1813,1481,2371,1144,2545,1864,1833,962,2838,2291,1753,1453,1791,538,2655,1120,1490,1263,2371,467,1248,1353,2191,2966,3498,560,2681,2274,531,1165,2432,1417,2616,1823,2585,1974,2838,1123,1667,1777,281,1663,1223,336,1363,2655,1216,583,505,1174,280,659,1489,2818,2781,1218,2968,378,3357,1560,2707,34,1252,1181,2731,2625,1244,3358,1469,1486,1130,1129,0,1663,2687,295,984,1315,3618,1407,1691,1688,2252,1689,2781,301,1763,1106,1075,1413,2687,1932,1395,3603,2578,1813,1144,1136,2590,1689,1786,1026,1321,1600,1401,1434,1409,1786,328,1652,0,2359,112,1814,659,1786,915,1344,2359,1184,553,617,1752,519,0,2402,1836,262,1734,3481,2781,1441,314,0,2763,1001,520,2776,1107,1679,1384,1135,1752,1423,3500,2274,1368,1673,1192,2518,909,1784,1315,0,1216,1196,1752,2775,1496,1429,1036,511,963,656,1331,1327,385,1753,2329,690,1388,1746,1620,1776,227,2305,1779,1580,2626,1670,574,2242,1619,1176,3616,1483,1361,1839,1228,1660,2790,1076,540,690,332
1649,2295,1164,1566,251,1319,300,1180,1548,1310,1551,1533,0,1712,1460,1005,726,1179,920,1198,1250,1483,1424,1167,1250,1320,1693,1590,1651,1117,1679,1822,1292,1665,1681,1078,147,1163,1797,1163,1152,977,1225,1183,1374,1510,1043,1126,794,1230,1277,1617,1510,1176,914,1625,1440,687,960,1193,1373,1497,1078,920,876,1183,1585,1603,1693,300,1351,1481,1121,687,1743,1229,1426,1145,1223,1197,1776,150,736,1125,1327,744,1251,314,1199,1227,1104,920,925,1191,1583,1926,1542,922,1135,1618,181,922,1128,981,1078,1943,2295,922,1751,1078,922,1225,1492,1052,1544,147,1753,1161,1327,22,323,1127,1053,1521,922,929,1078,0,1542,181,917,1039,1418,1215,2085,1109,1117,943,1472,1078,1964,1124,1083,1214,1313,181,1585,1644,1349,1219,1625,1649,1645,1231,1067,1665,1161,1621,1500,1110,1114,912,1665,1883,1786,0,707,1701,1626,2295,1665,1078,1709,707,1032,1829,2253,1182,1782,0,666,1261,1559,1444,1180,1078,1322,1895,1745,0,1321,1538,885,923,1366,1284,1072,1182,922,1199,736,1564,1552,1366,916,1078,1214,1417,0,1553,1215,1182,12,1494,1385,971,1190,1078,2292,1536,1563,945,1183,869,2326,1584,1240,1447,1655,1890,713,1654,1430,235,1549,1109,866,1753,1272,1363,1481,1615,1497,1229,1472,897,1405,1118,2326,1992
1449,1008,1693,1162,1185,843,1234,1466,1327,1847,1730,1625,0,1754,1503,1297,1001,1465,1492,1532,562,1575,1468,1721,562,1891,1784,1634,1830,498,1177,1199,1823,959,1034,1635,1184,975,1019,975,964,1231,1786,1467,1153,1099,1592,938,977,1352,1814,958,1686,1441,1291,1572,1036,1177,639,1527,1368,1093,1635,1706,1039,1467,1675,1550,1181,1234,1922,1077,1725,1177,970,1351,1338,1140,1514,578,1009,1187,1075,1282,672,1182,932,1218,1223,1561,1344,1706,1712,1426,1530,1015,1718,1494,1320,577,1234,1494,1030,1175,1635,936,970,1494,1348,1635,1494,1516,924,433,1636,1184,1222,1707,884,987,1227,1674,434,1117,1494,1717,1635,0,1718,1215,1090,129,386,596,1640,1404,1401,1053,1172,1635,1164,1163,387,1760,867,1215,1677,1408,665,1554,1572,605,601,1566,1405,1000,153,1677,1676,922,794,1484,1158,937,1874,0,1165,990,1573,1018,1167,1635,1251,1165,150,948,1224,1466,950,0,1272,1191,1122,1534,561,1635,1002,1938,1208,1187,0,931,1669,1709,1066,791,910,1466,1494,580,1075,1608,1728,629,1293,1635,1498,1140,0,1332,895,1466,1096,1090,1085,1543,1421,1635,1261,491,519,1095,1467,1079,1283,1628,1490,1359,1146,981,1100,1830,1153,1163,1725,1044,989,1843,952,679,1077,1322,1093,1351,1419,1684,1963,1278,1070,1204
2359,869,1410,1364,2495,1334,2511,1537,1396,1064,1462,1314,0,247,1171,1576,2054,1536,1165,2021,3369,1550,1085,1096,3369,1124,1185,1153,1562,2907,286,1475,1000,1573,1413,1152,2558,1381,413,1158,1120,2221,1332,1538,1100,1397,1017,1122,2032,1433,1059,215,1397,1467,2001,1598,1705,2224,1082,2016,1770,1741,983,2666,1744,1538,1217,1576,290,2511,1360,1704,1502,2224,347,1459,1283,2049,2428,3366,373,2531,2126,473,3442,1885,1338,2472,1683,2050,1845,2666,932,1452,1556,490,1450,1455,593,1281,2511,1198,475,714,1000,548,869,1212,2244,1099,1199,2430,83,2842,1325,2558,364,1053,1356,2587,2481,1042,2843,1683,1212,1134,941,0,1450,2543,505,920,1232,3274,1614,1475,1472,2104,1600,1096,569,1623,3294,1313,1341,2543,1618,1326,3263,2043,1598,1304,1293,2055,1476,1573,1165,1086,1387,1345,1357,1152,1573,621,1410,0,2212,312,1599,869,1573,926,1270,2212,1111,433,827,1537,517,0,2255,1700,164,1509,3349,2643,1375,633,356,2619,1124,0,2630,1112,1594,1588,1320,1537,1160,3368,2126,1127,1460,1097,2003,1120,1569,1504,0,1420,1139,1537,2631,1426,1638,1024,720,989,866,1250,1034,642,1538,1782,900,1147,1606,1535,1563,495,2151,1562,1236,2482,1457,411,1695,1380,1123,3277,1697,1291,1745,1430,1445,2644,1093,456,900,523
1980,2669,721,2074,837,1895,831,1572,1883,458,2137,1961,0,2102,1846,1396,1122,1571,903,1551,1817,1915,1817,440,1817,548,2114,1982,2237,1691,2068,2399,465,2248,2257,318,798,1498,2177,1498,1487,1326,498,1573,1709,2072,293,1461,1177,1565,425,2008,2072,1566,1297,1950,1930,1089,1444,1546,1711,928,318,41,1383,1573,2020,1928,2084,831,579,1113,816,1089,2134,1564,1906,1483,1609,1771,2167,801,1138,2267,1894,1145,1731,815,1563,1580,1440,41,47,1581,1908,2298,2125,905,2334,1988,831,905,2269,2513,318,2318,2669,905,2100,318,905,1611,1885,1626,1972,798,2142,433,1734,800,824,397,1627,2011,905,52,318,0,2125,812,2316,1614,1829,1789,2554,1501,1507,1396,1962,318,2339,1503,1651,486,1715,812,2004,1980,1913,1573,1950,2023,2019,1585,1456,2248,1733,2022,2062,1445,1594,895,2248,2263,2209,0,1109,2090,1951,2669,2248,318,2158,1109,1606,2220,2627,1572,2163,0,1068,1539,1950,1880,1754,318,1891,2275,2134,911,1892,1931,0,44,1856,1953,1407,1572,905,1773,1138,1956,2135,1933,1299,318,1604,1897,0,1888,1783,1572,923,1984,1875,654,2519,318,2666,1912,1936,2383,1573,1270,2700,1976,1833,1927,2238,2265,1115,2237,1910,760,2132,2205,1333,2178,1679,1927,911,2179,941,1564,1797,4,679,2250,2700,2364
1990,2662,677,2068,831,1890,825,1567,1876,416,2130,1955,0,2095,1839,1390,1116,1565,849,1545,1810,1909,1810,399,1810,506,2107,1975,2230,1684,2061,2394,423,2241,2252,274,792,1491,1103,1491,1480,1320,457,1567,1702,2065,250,1454,1171,1558,383,2001,2065,1560,1291,1943,1924,1083,1438,1540,1704,1981,274,1,1373,1567,2014,1921,921,825,537,1965,774,1083,1139,1557,1900,1476,1603,1764,1151,795,1132,1198,1887,1139,1725,809,1556,1574,1434,1,4,1575,1901,2291,2118,851,997,1985,825,851,1207,1030,274,2311,2662,851,2094,274,851,1605,907,1619,1966,792,1122,392,1727,793,818,356,1620,2005,851,9,296,0,2118,786,1172,1607,1826,1782,2556,1537,1501,1386,1962,296,2296,1488,1631,455,1631,786,1983,1948,1893,1530,1880,2006,2002,1542,1493,2200,1722,2024,2027,1410,1583,921,2200,2219,2178,0,1076,2072,1881,2638,2200,296,2177,1076,1600,932,2596,1630,2119,0,1035,1513,1930,1857,1782,296,1803,2231,916,900,1863,921,69,0,1848,1919,1372,1630,931,1801,1105,1980,2087,1908,1306,296,1662,1885,0,1854,1695,1630,912,1948,1867,695,1250,296,2637,1903,1927,1002,1631,1237,2671,1998,1806,1915,2190,2222,1082,2189,1898,733,2084,1183,1285,2147,1646,1907,1935,2167,1951,1529,1727,75,666,986,2671,2321
2901,1389,2859,754,2756,1618,2561,2781,2108,2948,1424,994,1247,1545,1216,2585,2485,2780,2598,2478,2795,981,1539,2808,2795,2949,1046,1184,1197,2562,1647,1869,2898,1590,1735,2717,2530,2138,1700,2138,2101,2390,2877,2782,2134,1545,2682,2082,2460,2133,2910,1348,1469,1096,2852,1225,442,2655,1555,2474,2747,695,2717,2793,2598,2782,1003,2921,1368,2561,2980,697,2933,2655,1359,2132,1527,2537,3081,2645,1690,2533,2556,1451,2717,2741,1503,2546,2553,2525,2409,2793,2798,916,2901,1695,1224,2600,1482,1971,2561,2600,1714,1561,2717,1323,1347,2600,2724,2717,2600,3083,1313,2451,985,2530,1401,2802,1751,2565,2555,2771,2452,712,2600,2802,2717,923,1512,2542,1478,2163,2041,2853,931,1096,2695,2534,896,2717,1352,2535,2513,2852,1732,2542,1021,2085,2777,2501,1050,1995,2003,2513,2645,1361,2040,1343,1161,2009,1662,2590,1310,1601,1124,1181,2643,1665,1278,1691,1600,2717,1490,2643,2181,1337,1398,2781,1618,1041,2685,2612,1319,1147,2628,2717,1903,1287,1390,2764,2198,1320,2757,2795,0,1362,1997,2781,2600,2647,2556,1170,1252,2675,2854,2717,2813,1518,0,2113,1796,2781,2674,444,756,2646,1888,2717,1720,1948,1972,1793,2782,2640,1442,1173,2883,1548,1289,1652,2581,1466,1531,2490,1197,1434,2554,1347,1819,2791,697,1417,695,2132,1117,2769,3052,1448,1448,1382
1986,1381,1963,1080,1707,1072,1700,1802,1152,2056,1413,1193,1021,1274,1207,1620,1307,1801,1701,1597,1958,1177,1533,1930,1958,2052,1041,1179,1433,1739,1639,916,2023,1578,778,1836,1670,1182,1692,1182,1145,1706,1970,1803,1359,1271,1799,1102,1284,1177,2018,1620,1459,1760,1600,1212,891,1479,847,1593,1697,943,1836,1955,1335,1803,996,1869,1645,1700,2083,927,2067,1479,1635,1176,570,1469,2047,1822,1393,1673,1377,1445,1880,1479,565,1685,1561,1644,1529,1955,1960,1095,1849,1397,1468,1703,1782,1424,1700,1703,1708,1877,1836,1589,1617,1703,2394,1836,1703,2049,1580,1628,979,1670,1395,1918,838,1695,1694,1886,1629,966,1703,1842,1836,1101,1501,1682,1777,1334,1173,2016,1609,1721,1717,1355,969,1836,1346,1497,1689,1968,887,1682,1015,1119,1951,1620,1039,1448,1456,1632,1722,1352,1176,1337,1153,1127,721,1693,1570,1319,1351,1167,1467,1658,1266,1393,1589,1836,1282,1467,1353,1331,1391,1802,1334,1030,1512,1524,1586,943,1805,1836,871,1280,1671,1894,1363,1314,1921,1957,673,0,1122,1802,1703,1824,1377,1406,1501,1838,1602,1836,1834,561,0,1157,781,1802,1804,940,1049,1749,1879,1836,1710,1401,1427,1478,1803,1378,1732,1409,1817,591,1545,1360,1402,1454,574,1629,1435,1724,1291,1109,1065,1965,927,843,943,1176,916,1933,2181,1442,1440,1660
1709,1331,1506,1103,1395,686,1389,1399,159,1532,1641,1589,0,1271,1473,1256,942,1398,1155,1229,1615,1538,1050,1406,1615,1546,1755,954,1741,1350,1341,1180,1502,1000,1044,1309,1359,133,1145,133,122,1322,1443,1400,142,976,1272,96,918,208,1494,1103,916,1360,1235,1491,986,1115,548,1225,1332,1038,1309,1332,968,1400,1638,1469,1356,1389,1577,1022,1539,1115,1360,207,1097,1104,1683,1433,1155,1362,1013,1453,1537,1114,689,1374,1197,1276,1172,1332,1340,1345,1449,1138,917,1157,1225,1049,1389,1157,1187,1555,1309,1054,1053,1157,1791,1309,1157,1685,1083,1239,1600,1359,1385,1391,481,1378,1383,1359,1240,1061,1157,1336,1309,0,943,1371,1463,951,867,1451,1613,1320,1313,991,1048,1309,1091,1133,1313,1441,464,1371,1642,521,1582,1252,1491,1073,1081,1264,1321,1047,817,1674,1600,80,690,1147,989,1288,1841,0,1103,1356,1492,1348,1010,1309,1301,1103,969,1338,1121,1399,1090,0,1149,1154,1080,1496,1416,1309,633,1020,1371,1577,985,1093,1297,1334,934,746,0,1399,1157,1435,1013,930,940,1495,1237,1309,1431,1102,0,164,525,1399,1487,1035,953,1203,1290,1309,1135,1030,1056,1228,1400,1013,1152,1138,1452,1118,962,1096,1038,1741,1115,1318,1636,1434,924,1810,464,1596,1022,1370,1038,207,1338,1309,1660,1449,1394,1107
1059,1649,1346,1422,925,1585,934,0,1417,1671,926,998,0,1079,852,285,390,0,1833,634,1878,947,793,1548,1878,1692,1164,1010,1026,1811,1059,2077,1642,1037,1943,1452,1004,1260,1183,1260,1249,707,1586,0,1432,895,1415,1223,363,1442,1633,986,895,84,636,780,1305,570,822,630,571,948,1452,1470,368,0,1047,758,1062,934,1723,936,1372,570,1116,1441,1292,636,1119,1894,1147,965,461,1242,1965,515,1114,895,607,681,573,1470,1465,99,738,1263,906,1835,1338,1440,934,1835,1249,1493,1452,1476,1649,1835,1208,1452,1835,1121,862,1700,1009,1004,1142,1534,1169,1025,904,1502,1701,1094,1835,1461,1452,0,906,989,1274,1681,1286,1912,1991,389,83,439,1371,1452,1497,543,1726,1584,1154,989,1050,1703,1988,657,780,1400,1396,669,320,1033,1305,1047,881,1207,981,1825,1033,1416,1252,0,558,1085,781,1649,1033,1452,1628,558,1672,1207,1607,0,1315,0,610,626,932,904,1877,1452,1182,1428,1134,1057,1492,907,1441,1468,1257,1551,1195,0,1835,1896,461,986,920,2002,638,1452,32,1283,0,1423,1076,0,1069,908,1276,1599,1499,1452,1646,1296,1322,1387,1,414,1680,1004,433,1313,1023,1423,486,1022,1296,909,917,1180,324,1222,1130,2001,926,1565,1159,1442,627,1453,1801,1225,1680,1525
1851,1346,1027,1781,1131,1715,1125,1529,1738,1266,1772,1725,0,1121,1600,1394,1082,1528,2,1368,1944,1674,1353,1141,1944,1278,1884,1237,1872,1877,1396,2207,1239,976,2073,1047,1095,1352,1181,1352,1341,1462,1211,1530,1405,1175,1010,1315,1058,1419,1228,1155,917,1490,1374,1621,1664,1255,1181,1364,1462,1716,1047,1068,1107,1530,1774,1599,1175,1125,1309,1700,1054,1255,1188,1418,1655,1234,1824,1960,1459,1098,1153,1512,2031,1253,1472,1110,1328,1415,1304,1068,1071,1475,1579,1415,909,0,1526,1849,1125,0,1247,1581,1047,1311,1279,0,1945,1047,0,1826,1386,1766,1736,1095,1438,1132,1520,1117,1119,1099,1767,1739,0,1067,1047,0,1125,1107,1243,1776,1611,1978,2312,1450,1443,1131,1726,1047,1130,1264,1792,1182,1501,1107,1776,1837,2054,1391,1621,1809,1805,1403,1451,1238,1631,953,1731,1299,1341,10,1156,1108,1138,0,1243,1408,1622,1131,1193,1047,1969,1243,1738,1173,1381,1529,1139,0,1289,1286,1138,1632,1943,1047,1544,1274,1178,1220,1801,1401,1035,1070,1612,1696,1261,1529,0,1962,1153,994,926,2069,1376,1047,1561,1646,0,1743,1437,1529,1232,1713,1631,650,1313,1047,1144,1703,1731,1532,1530,1152,1401,1221,1582,1676,918,1125,1178,1872,1659,1054,1767,1237,1063,1144,1494,2068,1700,1928,1716,1418,1468,1047,1387,1246,1398,1132
1462,2717,1739,1578,1198,1263,1265,1787,1820,1868,2127,1874,0,2129,1889,1594,1403,1786,1513,1507,321,1828,1851,1744,321,1888,2021,2068,2227,120,2114,1296,1835,2238,1352,1648,1198,1476,2224,1476,1465,1279,1782,1788,1648,2096,1611,1439,1471,1845,1830,2048,2096,1767,1608,2000,1461,1361,1124,1503,1787,1513,1648,1769,1612,1788,1932,1978,2124,1265,1919,1497,1851,1361,2174,1844,1444,1559,1565,2,2209,1201,1562,2304,408,1417,1415,1250,1455,1554,1393,1769,1774,1782,1958,2336,2111,1515,927,1215,1265,1515,2311,1012,1648,2327,2717,1515,1110,1648,1515,1567,1919,181,1885,1198,2195,1730,1319,1005,1259,1698,182,1536,1515,1778,1648,0,2111,1232,1118,372,956,136,2055,1693,1702,1540,1529,1648,2348,1562,180,1780,1304,1232,1918,1919,440,1530,2000,1167,1163,1542,1654,2238,661,2036,2086,1423,1284,1505,2238,2271,2111,0,1381,2138,2001,2717,2238,1648,1359,1381,508,2265,2675,1787,2171,0,1340,1522,1990,1790,27,1648,1470,2283,2187,1204,411,1965,1734,1770,1565,1224,1411,1787,1515,0,1562,2044,2125,446,1610,1648,1819,1587,0,1825,1363,1787,1114,1510,1581,1561,1224,1648,2712,1063,1089,1121,1788,1440,1096,2062,1938,1465,2219,2274,1379,2218,1600,1194,2113,2242,1568,2080,1440,454,1497,1427,1513,1844,1847,1746,1996,2287,1108,2373
885,1537,1310,1633,651,1315,650,587,1371,1636,964,864,0,966,731,390,59,586,1533,455,1544,811,680,1621,1544,1657,1030,894,1064,1463,946,1807,1607,1075,1673,1415,728,1191,1070,1191,1180,559,1659,589,1363,933,1488,1154,135,1396,1598,873,933,568,264,784,1516,63,783,451,604,1107,1415,1314,172,589,909,762,949,650,1688,1552,1333,63,1004,1395,1253,376,1017,1546,1034,690,0,1129,1631,41,1075,611,446,502,391,1314,1319,583,742,1157,943,1535,1225,1670,650,1535,1136,1379,1415,1356,1537,1535,1020,1415,1535,1019,749,1352,875,728,1029,1607,1379,750,620,1575,1353,1591,1535,1323,1415,0,943,713,1165,1379,1247,1564,2098,495,504,21,1332,1415,1377,382,1388,1657,1364,713,917,1634,1657,478,784,1694,1702,490,451,1070,1518,930,918,1138,942,1525,1070,1296,1122,0,45,972,785,1537,1070,1415,1589,45,1375,1095,1495,588,1194,0,86,394,821,766,1529,1415,1530,1308,1021,782,1657,794,1279,1316,1218,1279,1126,588,1535,1548,0,870,957,1669,266,1415,620,1244,0,1377,1423,588,794,1565,1548,1563,1385,1415,1534,1654,1682,1274,589,165,1568,888,610,1274,1060,1303,39,1059,1257,629,954,1067,115,1090,1090,1670,1552,1526,1119,1396,631,1291,1874,1112,1568,1405
1816,1509,1002,1471,1924,952,1940,1259,1201,2692,1168,818,0,937,868,1275,1430,1258,999,1685,2754,1141,651,931,2754,959,522,120,1268,2683,917,1075,2644,1279,1023,2466,2005,1183,1041,995,1158,2029,939,1260,1133,1116,2411,1160,1407,1026,2654,844,1116,1205,1684,1336,1261,1605,1120,1681,1503,1295,2466,2489,1419,1260,610,1314,920,1940,1160,1530,1078,1605,975,1045,1132,1820,2131,2766,1005,1964,1500,1100,2841,1563,955,1901,1479,1732,1640,2489,2484,1190,1294,1128,1152,1039,1196,1097,1940,1032,1107,1352,2466,1327,1509,1264,1611,2466,1033,2133,720,2572,829,2005,1000,2529,966,2024,1910,2498,2573,1247,1263,2480,2466,0,1152,1990,1136,2388,2255,2962,1187,1179,1174,1478,1421,2466,1348,1415,2601,1115,954,1990,1074,941,2948,1708,1336,1119,1108,1720,1180,1279,2272,426,1106,1151,970,1191,1279,1267,828,0,1593,943,1337,1508,1279,2466,1355,1593,2520,1066,1466,1259,1165,0,1641,1545,792,1134,2749,2466,981,1279,992,2056,2429,765,2457,2487,1413,1164,1124,1259,1200,2768,1500,0,1166,2914,1686,2466,1291,1095,0,1013,1186,1259,2068,1541,1459,2636,1356,2466,1505,2332,2356,1245,1260,1462,1539,114,1357,1354,1269,1274,1525,1268,1313,1911,1163,1038,1375,796,1165,2962,1260,1141,1570,1022,1183,2469,930,1083,1539,1376
1780,1786,1927,1317,1540,1250,1554,836,1214,2337,2,1038,0,1223,825,852,1051,835,1115,1298,2450,987,945,2208,2450,2330,1181,1069,102,2379,1204,1184,2290,113,1365,2121,1619,968,1317,1190,1170,1455,2276,837,949,230,2086,984,1027,1258,2299,1136,230,780,1304,507,1333,1224,1205,1294,866,1676,2121,2144,1037,837,1087,680,1211,1554,2361,1372,1219,1224,1266,1041,1468,1289,1752,2462,1296,1580,1122,1391,2537,1183,1250,1515,893,1345,1082,2144,2139,765,720,1402,9,969,1470,1001,1554,960,1398,1626,2121,1436,1785,983,1734,2121,966,1754,1012,2268,1049,1619,1285,2202,1238,1640,1524,2171,2269,1622,1181,2135,2121,0,9,1604,1413,2226,1167,2480,1534,755,751,1100,1535,2121,1457,829,2297,2252,1016,1604,1091,1205,2561,1321,505,1218,1207,1333,756,113,1908,1093,220,975,1043,906,113,1376,1291,0,1212,1228,505,1785,113,2121,1217,1212,2216,1357,1743,836,1275,0,1258,794,1082,945,2445,2121,1026,1388,1277,1672,2066,1058,2108,2142,1512,1243,1136,836,1118,2464,1122,1045,0,2575,1306,2121,868,1180,0,1011,1249,836,1684,1351,1567,2289,1632,2121,1782,1176,963,1519,837,1082,1816,1063,1061,1207,103,1383,1147,102,1426,1525,274,1329,993,1261,1217,2575,1362,1479,1688,1034,758,2119,2447,1374,1816,1485
1536,1007,2118,1342,1524,1240,1592,2132,1714,2217,2143,2157,0,2234,1994,1937,1457,2131,1859,1808,297,2112,1957,2095,297,2210,2065,2156,2243,796,960,1022,2170,1174,1075,2006,1525,1370,1008,1370,1359,1631,2163,2133,1542,1108,1971,1333,1434,1739,2179,941,2112,2132,1924,2048,1424,1689,1018,1804,1844,1419,2006,2094,1485,2153,2231,2026,1161,1600,2241,1403,2216,1689,949,1738,1172,1626,888,479,992,1536,1527,1045,219,1746,1310,1711,1830,1855,1760,2094,2099,2147,2006,1214,2127,1861,1080,909,1600,1861,1009,1167,2006,1122,972,1861,1197,2006,1861,886,2025,590,2181,1533,998,2088,1293,1340,1720,2057,591,1361,1861,2103,2006,0,2127,1567,1080,760,680,355,2029,2059,2067,1505,1259,2006,1151,1662,290,2138,1279,1567,1946,1813,522,1831,2048,876,872,1843,2017,1222,727,2080,2102,1317,1178,1851,1178,1118,2155,0,1709,1179,2049,1227,1182,2006,1087,1709,779,1118,1008,2152,1130,0,1668,1886,910,2093,462,2006,1445,2388,987,1539,479,909,2058,2096,1257,1196,1305,2152,1861,481,1527,2132,2141,0,1926,2006,2184,1322,0,1719,1338,2152,1449,1416,1311,1907,1168,2006,1043,769,799,1306,2153,1528,1061,2150,1985,1193,1171,1176,1552,2243,1335,1529,2138,1240,1441,2124,1334,536,1403,1155,1419,1738,1895,2070,2334,1042,1294,991
870,1655,1480,1616,817,1298,825,718,1736,1836,1077,974,0,1087,860,522,202,717,1919,438,1699,923,801,1712,1699,1857,1140,1018,1177,1627,1065,1790,1804,1188,1656,1616,895,1766,1188,1766,1729,532,1750,719,1754,1046,1579,1702,193,1761,1798,992,1046,698,321,940,1499,407,1211,434,732,943,1616,1475,90,719,1023,918,1068,825,1888,925,1513,407,1122,1760,1709,504,928,1710,1153,856,270,1248,1786,200,1578,786,574,485,380,1475,1480,713,898,1269,1061,1921,1343,1653,816,1921,1255,1499,1616,1308,1655,1921,1005,1616,1921,930,868,1516,985,886,1148,1698,1362,907,786,1666,1517,1574,1921,1474,1616,0,1061,871,1280,1529,1791,1728,2081,626,633,248,1717,1616,1329,510,1547,1748,1347,871,1027,1857,1809,461,940,1677,1685,473,582,1188,1642,1052,1036,1629,1458,1682,1188,1248,1229,0,301,1091,941,1655,1188,1616,1960,301,1520,1213,1613,718,1146,0,447,522,938,880,1693,1616,1513,1260,1140,939,1783,914,1430,1467,1603,1262,1617,718,1692,1712,270,994,1075,1824,0,1616,750,1714,0,1741,1406,718,951,910,1531,1763,1505,1616,1652,1637,1665,1392,719,221,1686,1012,742,1730,1178,1255,295,1177,1727,791,1072,1186,338,1198,1447,1830,1106,1907,1150,1760,787,1442,1964,1231,1686,1303
2013,2665,579,2039,833,1841,825,1650,1876,322,2109,1956,0,2089,1849,1454,1120,1649,832,1530,1802,1910,1811,294,1802,392,2105,2026,2209,1735,2071,2333,308,2220,2199,0,795,1490,2181,1490,1479,1302,336,1651,1543,2057,142,1453,1196,1557,284,2008,2057,1630,1325,1902,1922,1077,1452,1526,1708,921,0,387,1345,1651,2014,1880,1111,825,423,921,660,1077,946,1556,1917,1480,1587,1818,951,798,1126,1191,1889,1134,1739,810,1572,1577,1416,387,382,1756,1860,2293,2093,834,1190,2057,825,834,1208,1009,0,2289,2665,834,2075,0,834,1589,913,1624,1967,795,1113,284,1661,818,819,248,1625,1997,834,378,0,0,2093,807,955,1613,1845,1836,2580,1554,1565,1365,1977,0,2310,1508,1650,334,1642,807,2000,1975,1912,1553,1902,2026,2022,1565,1514,2220,1726,2041,2047,1437,1607,824,2220,2233,2203,0,1097,2096,1903,2673,2220,0,2194,1097,1604,1133,2631,1650,2133,0,1056,1533,1950,1874,1801,0,1814,2245,1098,921,1864,928,411,385,1875,1942,1399,1650,834,1820,1126,2002,2107,1927,1327,0,1682,1908,0,1881,1706,1650,933,1971,1894,598,1014,0,2670,1923,1947,1198,1651,1258,2704,2020,1828,1938,2210,2236,1103,2209,1921,754,2104,1177,1301,2172,1657,1926,1098,2190,936,1556,1749,417,545,980,2704,2335
1134,1715,1391,1144,973,1640,983,53,1484,1727,944,1069,0,1153,926,338,450,53,1855,694,1906,1018,866,1604,1906,1748,1230,1084,1044,1839,1131,2132,1697,1055,1998,1508,1053,1315,1247,1315,1304,766,1642,52,1487,913,1471,1278,423,1509,1689,1058,913,137,696,833,1161,630,877,690,645,1229,1508,1525,428,52,1118,811,1134,983,1779,1212,1419,630,1188,1508,1348,693,1179,1922,1219,1014,521,1314,1993,575,1170,944,682,741,633,1525,1520,152,791,1332,928,1857,1400,1495,983,1857,1321,1556,1508,1372,1715,1857,1325,1508,1857,1181,934,1728,1080,1053,1214,1590,1221,1074,953,1558,1729,1176,1857,1516,1508,0,928,1038,1343,1709,1341,1940,2037,442,136,499,1423,1508,1393,618,1754,1640,1206,1038,1122,1758,2016,717,833,1455,1451,729,381,1055,1360,1109,903,1262,1037,1847,1055,1312,1317,0,618,1157,834,1715,1055,1508,1680,618,1700,1279,1673,53,1210,0,667,701,1004,976,1905,1508,1237,1324,1206,1106,1547,980,1501,1523,1309,1611,1250,53,1857,1924,521,1060,942,2024,698,1508,0,1339,0,1489,1132,53,1118,980,927,1654,1562,1508,1712,1351,1377,1449,52,474,1746,1078,496,1369,1045,1319,546,1044,1352,958,939,1252,384,1287,1191,2023,1200,1621,1028,1508,680,1513,1857,1297,1746,1366
2178,1315,1925,710,1680,843,1673,1769,841,2029,1107,1110,1170,1455,932,1593,1280,1768,1674,1802,1755,1094,1200,1903,1755,2025,1174,1340,1127,1712,1289,550,1996,1245,405,1809,1642,871,1333,871,834,1766,1943,1770,1020,1206,1772,791,1257,866,1991,1537,1381,1727,1573,948,792,1452,820,1798,1670,787,1809,1930,1308,1770,928,1836,1562,1672,2056,771,2032,1452,1285,865,200,1442,2020,1795,1324,1645,1350,1376,1677,1452,538,1657,1534,1849,1501,1930,1935,1712,1816,1605,1391,1676,1407,1215,1672,1676,1345,1796,1809,1248,1538,1676,2064,1809,1676,2022,1496,1601,910,1642,1602,1891,522,1668,1666,1859,1602,729,1676,1815,1809,0,1424,1654,1403,1307,1146,1813,1394,1688,1684,1328,599,1809,1278,1470,1748,1941,561,1654,1143,800,1973,1825,982,1239,1247,1837,1689,1557,1149,1253,1315,816,487,1666,1496,1511,1268,918,1440,1575,991,1602,1253,1809,913,1440,1326,1525,1599,1769,1265,1181,1485,1497,1503,1842,1778,1809,565,1213,1588,1867,1336,1245,1896,1932,303,314,956,1769,1676,1797,1350,1323,1425,1635,1575,1809,1801,0,0,846,476,1769,1777,784,679,1722,1488,1809,1350,1190,1216,1703,1770,1351,1652,1098,1790,221,1473,1293,1375,1382,10,1601,1125,1641,1264,1041,747,1987,771,473,787,865,1705,1908,2154,1659,1660,1579
0,0,0,955,0,0,0,0,0,0,0,0,0,0,0,0,0,0,0,0,0,0,0,0,0,0,0,0,0,0,0,0,0,0,0,0,0,0,0,0,0,0,0,0,0,0,0,0,0,0,0,0,0,0,0,0,948,0,0,0,0,1227,0,0,0,0,0,0,0,0,0,1012,0,0,0,0,0,0,0,0,0,0,0,0,0,0,0,0,0,0,0,0,0,0,0,0,0,0,0,0,0,0,0,0,0,0,0,0,0,0,0,0,0,0,0,0,0,0,0,0,0,0,0,1181,0,0,0,0,0,0,0,0,0,0,0,0,0,0,909,0,0,0,0,0,0,0,0,0,0,0,0,0,0,0,0,0,0,0,0,0,0,0,0,0,0,0,0,0,0,0,0,0,0,0,0,0,0,0,0,0,0,0,0,0,0,0,0,0,0,0,0,0,0,0,0,0,0,0,0,0,0,0,0,0,0,0,0,0,0,0,0,0,0,1169,1122,0,0,0,0,0,0,0,0,0,0,0,0,0,0,0,0,0,0,0,0,0,0,0,0,0,1208,0,1244,0,0,0,0,0,0,0
2149,1423,1806,1074,1692,687,1685,1880,4,1866,938,1961,0,1371,1862,1755,1449,1879,1519,1755,1964,1916,1133,1714,1964,1901,2113,1037,1129,1761,1439,1181,1824,1291,1049,1618,1655,39,1225,39,50,1721,1750,1881,475,1267,1574,98,1427,79,1828,1430,990,1830,1723,1961,957,1617,571,1751,1774,1009,1618,1675,1478,1881,2022,1939,1455,1685,1936,993,1918,1617,1460,78,941,1546,2231,1844,1237,1658,1518,1552,1886,1618,678,1670,1642,1802,1672,1675,1670,1815,1919,1470,989,1521,1576,1082,1685,1521,1269,1649,1618,1133,1363,1521,2005,1618,1521,2233,1408,1650,1972,1655,1483,1698,469,1731,1679,1662,1651,1032,1521,1666,1618,0,1014,1667,1559,1356,1192,2022,1600,1796,1796,1496,1022,1618,1171,1580,1726,1748,452,1667,2004,350,1993,1778,1961,1106,1114,1790,1797,1348,1186,1165,932,103,681,1512,1055,1385,963,0,1605,1203,1962,1440,1303,1619,1251,1605,1375,1191,1448,1880,1415,0,1647,1598,1162,1883,1828,1619,619,1100,1468,1930,1381,1175,1599,1674,902,745,183,1880,1522,1847,1518,1223,1221,1844,1725,1619,1912,932,0,0,513,1880,1840,1006,921,1568,1368,1619,1210,1064,1090,1581,1881,1517,1228,1025,1857,962,1025,1175,1543,1151,945,1614,957,1532,1434,962,293,2007,993,1214,1009,78,1808,1611,1971,1281,1229,1185
2002,1426,1605,709,1597,542,1376,1377,644,1847,961,1510,0,1326,1396,1299,989,1376,1500,1604,1603,1462,1094,1695,1603,1882,1676,1001,1178,1355,1170,1037,1805,1325,904,1599,1346,674,1461,674,637,1566,1731,1378,765,1286,1555,594,965,669,1809,1398,1003,1328,1268,1459,592,1157,516,1600,1307,644,1599,1656,1014,1378,1565,1437,1423,1376,1917,628,1726,1157,1175,668,707,1079,1765,1438,1462,1349,1060,1522,1525,1156,237,1361,1169,1651,1211,1656,1651,1313,1417,1455,1008,1502,1555,937,1376,1502,1493,1359,1599,1122,1136,1502,1848,1599,1502,1767,1131,1244,1521,1346,1458,1679,46,1404,1370,1643,1245,667,1502,1647,1599,0,1035,1358,1279,958,884,1456,1313,1295,1292,1038,654,1599,1155,1107,1327,1729,85,1358,1560,611,1596,1627,1459,961,969,1639,1296,1143,810,1121,947,724,238,1492,1090,1364,934,0,1145,1184,1460,1193,1336,1599,885,1145,976,1395,1442,1377,1386,0,1187,1129,1132,1425,1421,1599,105,1313,1444,1603,992,1375,1579,1654,534,628,695,1377,1502,1440,1060,982,1034,1483,1270,1599,1409,706,0,649,0,1377,1513,641,553,1548,1644,1599,1215,921,947,1290,1378,1055,1489,989,1429,728,1068,1408,1085,1199,719,1305,1183,1244,970,1121,514,1610,628,980,644,668,1306,1591,1951,1518,1238,1179
1105,1679,1352,1472,933,1604,942,0,1459,1710,929,968,0,1121,852,295,400,0,1840,654,1860,920,832,1559,1860,1742,1135,1043,1026,1788,1094,2103,1671,1037,1966,1463,1012,1253,1219,1253,1242,726,1595,0,1424,903,1419,1216,373,1484,1672,1018,903,84,645,789,1355,579,867,650,615,1143,1463,1522,390,0,1021,767,1098,942,1777,1134,1389,579,1143,1483,1335,657,1182,1871,1180,973,471,1280,1947,533,1154,903,650,701,601,1522,1517,99,747,1293,921,1842,1381,1504,942,1842,1240,1521,1463,1338,1679,1842,1258,1463,1842,1184,899,1677,979,1012,1178,1543,1212,1032,912,1507,1678,1094,1842,1513,1463,0,921,997,1304,1676,1360,1888,2041,406,85,449,1419,1463,1307,588,1705,1593,1198,997,1018,1688,1971,677,789,1461,1457,689,329,1037,1358,1018,893,1200,1035,1829,1037,1282,1233,0,567,1121,790,1679,1037,1463,1652,567,1668,1215,1637,0,1180,0,617,668,966,880,1853,1463,1230,1294,1170,1064,1556,946,1448,1520,1299,1562,1188,0,1839,1872,471,1019,927,1984,647,1463,32,1326,0,1464,1125,0,1076,1404,1318,1627,1527,1463,1676,1357,1383,1430,1,432,1710,1037,443,1356,1027,1285,496,1026,1339,917,924,1218,346,1202,1169,1985,928,1608,959,1483,636,1460,1815,1263,1710,1327
1921,2416,791,1099,1087,1014,1081,1525,1081,1153,1796,1668,0,1837,1539,1458,1143,1524,1225,1431,1713,1620,1561,999,1713,1163,1834,1764,1893,1500,1813,1506,1117,1904,1376,909,1051,866,1929,866,855,1539,1076,1526,1037,1770,865,829,1121,1106,1115,1746,1770,1478,1422,1609,982,1310,493,1427,1457,1034,909,933,1170,1526,1721,1587,1826,1081,1198,1018,834,1310,1871,1105,966,1229,1918,1583,1109,1054,1213,1159,1635,1310,780,1066,1320,1478,1366,933,962,1463,1567,2050,1788,1227,1171,1131,1081,1227,1160,1013,909,2055,2416,1227,1974,909,1227,1920,1627,1389,1679,1051,1894,991,774,1076,1075,955,1390,1057,1227,958,909,0,1788,1063,1144,1098,987,1771,1684,1443,1441,1191,1047,909,2076,1258,1470,1043,778,1065,1718,1284,1734,1454,1609,1088,1084,1466,1444,1904,938,1749,1760,813,660,1217,1904,1995,1932,0,1298,1837,1610,2416,1904,911,1276,1298,1116,1943,2374,1525,1894,0,1340,1281,1694,1580,1566,911,857,2007,1886,1181,1132,1674,898,967,927,1018,801,1525,1227,1585,1213,1740,1794,1593,1424,911,1557,957,0,1086,751,1525,0,1031,946,1074,1229,911,2413,984,1010,975,1526,1209,2447,1758,1579,987,1894,2002,1238,1893,970,1012,1791,1142,1126,1901,802,1748,1018,1239,1034,1105,1456,908,1246,954,2447,2102
2728,1803,2327,308,2053,1465,2046,909,1558,2490,1544,1100,1352,1385,1111,971,1769,1107,2081,2288,2462,1312,1667,2325,2462,2490,1392,1558,1561,2073,1775,1207,2434,1415,1185,961,2018,1588,1827,1588,1551,920,2401,1143,1676,1381,2198,1507,1108,1582,2451,1454,1592,1007,909,1105,8,1934,1218,2284,1190,249,2241,1097,1100,1098,1339,1181,1474,2045,2524,251,2439,1934,1465,1581,682,995,2590,2155,1818,2020,1837,1880,2384,1984,946,2030,993,2335,938,1111,2287,1016,1205,1509,1325,2082,1918,1859,2045,2082,1842,1666,1098,1725,1450,2082,2484,2241,2082,2592,1419,1961,1318,2017,1507,2316,1222,2111,2039,2284,1962,266,2082,2291,2241,1008,1352,2029,1583,1671,1517,2520,1323,1218,1172,1096,451,2241,1458,1187,2033,2366,1273,2029,1127,1517,2297,2311,1143,1883,1633,2323,999,1460,1516,1471,1263,1532,1104,2072,1407,1729,1486,1061,1922,1793,1391,1504,1720,2241,730,1922,1691,1742,1815,908,1746,1128,1964,1000,1425,1275,2138,1100,1256,1393,1806,2310,1692,1722,2248,2284,220,401,1537,1097,2082,2157,1837,1276,1632,2342,1099,2241,1183,832,968,1562,1166,2275,2220,0,311,2128,1668,2241,1845,1531,1559,1921,972,912,1545,1544,1155,703,1384,1778,1862,1310,845,1974,1297,1859,1112,1221,1424,2312,251,710,249,1581,1025,2260,2572,1554,1874,1796
2128,1432,2192,84,1917,893,1911,2032,1388,2348,1225,1248,1306,1589,1048,916,1746,2031,1946,1734,2290,1233,1582,2185,2290,2363,1310,1475,1503,1973,1694,1015,2291,1362,991,1126,1882,1418,1748,1418,1381,1700,2261,2033,1369,1600,2061,1310,1724,1413,2310,1674,1523,1151,2157,1062,165,1912,830,1730,927,160,2104,2159,1868,2033,1261,932,1406,1911,2398,144,2304,1912,1686,1412,322,1131,2526,2056,1736,1885,1815,1799,2212,2007,790,1896,1125,1781,1852,2159,2164,1162,1142,1744,1270,1948,1522,1284,1911,1948,1759,1603,2104,1648,1391,1948,1984,2104,1948,2528,1631,1862,1238,1882,1440,2179,1033,1961,1905,2147,1863,102,1947,2167,2103,1174,1297,1893,1834,1563,1401,2348,1160,1150,1107,1793,87,2103,1682,1113,1934,2228,1019,1893,1280,1346,2196,1757,1097,1308,1316,1769,1139,1407,1394,1150,1457,1328,948,1937,1356,1650,1163,1240,1900,1713,1336,1743,1371,2103,529,1900,1583,1373,1739,2032,1379,1316,1942,1135,1356,990,2038,2103,1181,1328,1726,2159,1584,1356,2124,2160,63,242,1299,2032,1947,2057,1815,1208,1297,2170,2159,2103,1120,472,929,1393,1076,2032,2069,157,0,1993,1937,2103,1772,1259,1285,1524,1114,1906,1485,1461,2112,343,1614,1701,1840,1261,485,1839,1501,1472,1824,1153,1100,2210,144,351,160,1412,1173,2136,2432,1487,1802,1719
1980,1170,796,1794,811,1750,804,1666,1786,946,1971,1809,0,1190,1691,1589,1279,1665,414,1567,1969,1762,1190,787,1969,957,1960,1913,2068,1899,1225,2241,905,2079,2112,691,773,1403,1037,1403,1392,1289,863,1667,1462,1924,650,1366,1256,1470,908,1226,1924,1616,1269,1747,1677,1051,1197,1563,1601,1729,691,636,1307,1667,1865,1725,1250,804,992,1713,839,1051,1050,1469,1664,1373,1567,1982,1067,776,1348,1341,2056,1108,1481,789,1464,1614,1499,636,642,1601,1705,1027,1963,416,1120,1803,804,416,1339,1163,691,942,1102,416,2107,691,416,1569,1011,1788,1820,773,1266,780,1477,800,798,744,1789,1752,416,647,691,0,1963,785,1098,1782,1650,2000,2331,1582,1582,1326,1741,691,1192,1402,1817,830,1525,785,1852,1885,2079,1590,1747,1768,1764,1602,1583,2079,1637,1889,1914,1350,1363,406,2079,1166,2059,0,1433,1023,1748,1189,2079,691,1960,1433,1780,1037,1205,1666,1205,0,1030,1428,1000,1725,1965,691,1560,1101,1251,903,1813,1236,600,639,1621,1708,1312,1666,416,1984,1348,1889,1969,2273,1271,691,1698,1655,0,1791,1454,1666,915,1726,1640,0,1168,691,997,1662,1690,1359,1667,1346,1225,1907,1723,1685,2069,1184,1373,2068,1668,733,1966,1323,1263,2028,1497,2093,1713,1937,1729,1469,1594,611,1030,1334,1222,1191
2909,406,1283,1617,1229,1343,952,2176,1356,1186,1966,1751,0,823,1674,2201,2222,2175,1587,2539,1386,2027,1561,1448,1149,1493,1644,1676,2063,1262,482,1476,1360,2074,1718,1214,2774,1606,430,1346,1593,2533,1204,2177,1569,1919,1362,1327,2198,1679,1178,547,1919,2107,2498,2238,1652,2389,1313,2535,1991,2045,1282,1139,2262,2177,2006,2216,843,1140,1490,2015,1398,2389,802,1691,1843,2209,936,1221,925,929,2292,648,1385,2402,1624,2668,2063,2586,2189,913,1050,2092,2196,345,1958,1358,478,1302,1101,1630,899,18,1285,424,406,1370,2803,1214,1354,1119,669,1242,1762,2774,525,1378,1348,1029,1096,1139,1021,1646,1650,1274,1052,0,1958,2759,513,1156,1263,1058,1581,2093,2091,2270,1574,1203,445,2008,1323,1428,1337,2759,1958,1596,1222,2562,2238,1589,1307,2574,2094,2074,1446,1572,1909,1319,1639,1298,2074,472,1819,0,2377,459,2239,406,2074,1027,1835,2377,1390,874,364,2176,839,0,2419,2135,602,1995,1034,949,1639,458,517,985,1176,799,3016,1035,1563,1556,1558,2176,1586,1013,2292,1652,1964,1410,2500,1225,2208,1798,0,1653,1361,2176,1017,2015,1604,1410,0,1279,403,1540,1534,527,2177,2301,437,1670,1868,1515,2064,397,2317,2063,1483,1181,1961,696,2218,1787,1340,1199,2006,1535,1699,1385,2085,1139,1178,658,437,378
2032,2665,548,2021,836,1951,830,1647,1881,322,2073,1902,0,1154,1798,1452,1114,1646,833,1543,1842,1857,959,293,1842,397,2055,2023,2170,1770,1143,2444,355,2181,2313,0,799,1498,954,1498,1487,1316,337,1648,1557,2026,142,1461,1175,1565,284,959,2026,1627,1295,1896,1904,1077,1430,1539,1709,1146,0,375,1417,1648,1963,1874,1179,830,432,952,666,1077,1005,1564,1892,1481,1594,1853,1007,802,1126,1257,1929,1134,1713,815,1570,1590,1407,375,370,1750,1854,1136,2065,835,1037,2052,830,835,1278,1272,0,2289,2665,835,2053,0,835,1596,1176,1659,1913,799,976,285,1776,828,824,249,1660,1106,835,366,0,0,2065,811,1213,1660,1851,1871,2566,1731,1563,1436,1969,0,911,1508,1688,335,1757,811,1945,1980,1954,1566,1896,2011,2007,1578,1732,2181,1776,1985,2016,1445,1594,825,2181,2233,2161,0,1097,1148,1897,2665,2181,0,2160,1097,1652,1206,2623,1647,937,0,1056,1534,1151,1824,1836,0,1791,2245,1164,931,1918,1194,394,373,1849,1924,1407,1657,835,1855,1126,2000,2071,1967,1307,0,1689,1883,0,1886,1685,1657,943,1953,1868,599,1059,0,2662,1908,1932,1260,1658,1258,2696,2018,1831,1913,2171,2236,1103,2170,1896,759,2068,1244,1373,2130,1728,1968,1136,2165,1165,1564,1743,399,541,1034,2696,2335
2930,69,1106,1483,2718,1454,2730,2197,1201,1220,1990,1766,0,846,1696,2222,2243,2194,1143,2559,1239,2048,1583,1232,1025,1058,1793,1697,2085,916,507,1623,1150,2096,1558,3062,2796,1413,540,1434,1163,2554,1025,2196,1143,1941,1148,1174,2219,1493,1210,572,1941,2129,2520,2260,1825,2410,1414,2555,2012,1881,3062,3128,2283,2196,2019,2238,867,2728,1274,1536,1484,2410,827,1242,1675,2230,3019,3594,949,2756,2313,697,1026,2423,1455,2689,2084,2606,2210,3128,3123,2114,2218,370,1980,1188,504,1407,2728,1180,924,350,3062,449,69,1201,2814,3062,1184,3021,693,3400,1775,2796,550,960,1453,2815,2698,1159,3401,1511,1445,3119,3062,0,1980,2781,539,1019,1127,1129,1442,2112,2110,2291,1438,3062,470,2029,971,1002,1193,2781,1971,1421,3704,2582,2260,1421,1410,2594,2113,2096,1058,1600,1931,1166,1469,1127,2096,497,1838,0,2398,484,2261,69,2096,3062,1383,2398,1012,899,34,2195,863,0,2440,2156,627,2017,1095,3062,1209,483,542,2847,1044,823,3037,3126,1424,1416,1370,2195,1381,3596,2313,1673,1986,1260,2522,3062,2227,1630,0,1462,1467,2195,2859,1527,1467,1205,356,3062,0,1374,1366,576,2196,2322,21,1691,1889,1663,2086,422,2338,2085,1347,2702,1983,745,2239,1807,1191,3718,1845,1686,1890,1485,2107,3049,996,707,21,403
1536,1103,1708,1036,1694,910,1470,1395,916,1883,1742,1516,0,995,1437,1196,1109,1394,1478,1045,1238,1532,990,1727,1238,1918,1514,1664,930,1094,1076,697,1841,1257,706,1635,1440,946,1119,946,909,988,1766,1396,911,998,1591,852,1085,941,1845,1281,934,1375,1488,1563,792,1277,378,1041,1392,844,1635,1729,1236,1396,1633,1541,1305,1470,1953,828,1828,1277,1074,940,875,1164,1807,1177,1343,1443,1180,1406,1160,1376,648,1455,1198,1092,1151,1729,1734,1390,1521,1347,945,1480,1194,122,1470,1480,1134,1273,1635,1250,1283,1480,1251,1635,1480,1809,1242,983,1527,1440,1345,1714,543,1501,1464,1679,984,867,1480,1683,1635,0,972,1452,1190,691,510,1296,1450,1308,1312,1157,954,1635,1064,1162,1067,1764,526,1452,1387,1164,1336,1070,1565,104,100,1082,1258,1084,487,1532,1714,870,529,1470,1038,1254,1610,0,1264,1091,1566,1114,1266,1635,782,1264,710,1271,1341,1397,1271,0,1306,1181,1032,1494,1160,1635,693,1207,1102,1700,716,1035,1695,1731,797,568,841,1397,1480,1179,1179,1642,974,1118,1486,1635,1429,843,0,921,587,1397,1610,841,1005,1526,1275,1635,1138,0,26,1445,1398,1277,1396,1660,1424,895,1235,1079,1204,1143,856,1399,1111,1147,1194,1577,638,1350,828,862,844,940,1412,1707,1982,1161,1163,1322
1507,1096,1687,883,1675,891,1451,1366,893,1864,1712,1491,0,1200,1408,1167,1080,1365,1459,1017,1390,1492,1195,1710,1390,1899,1488,1636,1108,1253,1295,859,1822,1244,881,1616,1421,923,1115,923,886,959,1748,1367,885,989,1572,826,1056,918,1826,1278,1117,1346,1459,1534,766,1248,352,1013,1364,818,1616,1710,1207,1367,1595,1512,1078,1451,1934,802,1809,1248,1295,917,808,1136,1778,1336,1110,1424,1151,1402,1312,1347,624,1436,1169,1064,1122,1710,1715,1361,1492,1110,1129,1461,1438,295,1451,1461,1133,1531,1616,1030,1274,1461,1225,1616,1461,1780,1027,1142,1502,1421,1110,1696,517,1482,1445,1660,1143,841,1461,1664,1616,0,962,1433,1185,856,694,1448,1424,1277,1281,1129,904,1616,1060,1132,1226,1746,500,1433,1361,1140,1495,1040,1534,145,132,1052,1227,1296,660,1506,1676,844,503,1451,1239,1248,1584,0,1236,1313,1535,1107,1253,1616,932,1236,874,1051,1334,1366,1049,0,1278,1150,1244,1460,1319,1616,667,994,1098,1681,888,1249,1676,1712,784,542,815,1366,1461,1338,1151,1611,1164,1270,1461,1616,1398,799,0,898,561,1366,1591,815,803,1507,1270,1616,1131,259,0,1193,1367,1246,1387,1629,1389,829,1220,1074,1176,1128,812,1380,909,1144,1163,1551,615,1509,802,1081,818,917,1381,1688,1965,1158,1155,1088
2877,612,1513,1854,1169,1265,2718,2157,1562,1392,1947,1730,0,913,1655,2212,2233,2156,1535,2549,1280,2008,1542,1172,1282,1207,1625,1657,2044,1163,423,1393,1317,2055,1339,1203,2786,1537,352,1556,1257,2514,1423,2158,1494,1900,1326,1263,2209,1327,1383,489,1900,2088,2510,2219,1575,2400,1238,2545,1972,1612,1260,1113,2273,2158,1985,2197,394,2718,1206,1914,1354,2400,409,1620,1447,2220,3009,930,317,2746,2303,154,1278,2413,1531,2679,2044,2596,2170,3091,1017,2073,2177,449,1939,1587,130,1477,2718,1306,400,458,1269,528,612,1599,2748,980,1309,3011,641,948,1741,2786,466,1120,1541,985,2688,1114,1137,1889,1596,1022,1021,0,1939,2771,463,1302,1183,1173,1814,2074,2072,2281,1803,973,549,1989,1010,1159,1264,2771,1937,1510,1117,2572,2219,1497,1230,2584,2075,2055,1354,1553,1890,1515,1282,1517,2055,576,1799,0,2388,400,2220,612,2055,1207,1438,2388,1298,425,570,2157,798,0,2430,2116,544,1976,950,928,1555,562,458,1142,1323,771,3002,1211,1485,1785,1484,2157,1268,928,2303,1633,1945,1081,2512,992,2189,1410,0,1309,1558,2157,1177,1590,1840,1125,464,1044,609,1197,1441,0,2158,2312,643,1651,1879,1436,2045,501,2328,2044,1694,1118,1942,202,2229,1767,1271,905,1905,1758,1953,1322,2066,908,1399,164,643,482
1106,1682,1345,1140,933,1602,942,3,1466,1713,923,971,0,1128,859,296,403,3,1837,659,1862,924,839,1561,1862,1748,1140,1050,1020,1790,1101,2101,1673,1031,1964,1465,1012,1256,1226,1256,1245,729,1597,0,1427,897,1421,1219,376,1491,1675,1025,897,85,648,790,1151,582,870,655,623,1013,1465,1523,393,1,1025,768,1105,942,1783,1208,1382,582,1150,1490,1338,659,1185,1873,1187,973,474,1287,1939,536,1157,903,656,706,604,1523,1518,100,748,1300,915,1839,1388,1507,942,1839,1247,1524,1465,1345,1683,1839,1272,1465,1839,1187,906,1669,983,1012,1185,1545,1215,1032,912,1509,1670,1171,1839,1514,1465,0,915,997,1311,1669,1363,1881,2044,407,86,452,1416,1465,1314,594,1698,1595,1201,997,1022,1691,1964,682,790,1464,1460,694,339,1030,1361,1021,886,1203,1038,1829,1030,1289,1235,0,570,1128,791,1683,1030,1465,1649,570,1661,1222,1641,1,1187,0,618,674,973,884,1846,1465,1232,1301,1177,1064,1551,953,1451,1521,1296,1565,1191,3,1839,1865,474,1026,920,1977,650,1465,31,1329,0,1472,1128,1,1076,1174,922,1629,1530,1465,1680,1360,1386,1437,0,435,1714,1044,454,1359,1020,1292,499,1019,1342,917,917,1225,349,1205,1177,1978,1196,1611,1236,1491,637,1463,1817,1270,1714,1334
745,1527,1358,1471,798,1181,806,594,1590,1726,1003,780,0,963,692,392,190,593,1829,311,1556,730,675,1574,1556,1761,947,885,1100,1479,941,1673,1686,1111,1543,1478,876,1620,1072,1620,1583,407,1610,595,1557,977,1434,1498,184,1615,1688,865,977,574,303,790,1354,398,1086,307,600,944,1478,1535,120,595,831,768,945,806,1796,925,1396,398,990,1614,1599,372,837,1562,1027,837,261,1127,1643,191,1462,767,439,358,254,1535,1530,589,748,1145,995,1831,1234,1570,806,1831,1086,1367,1478,1353,1525,1831,838,1478,1831,839,743,1368,791,876,1024,1558,1228,896,776,1522,1369,1429,1831,1526,1478,0,995,861,1153,1412,1670,1580,1977,503,512,239,1584,1478,1374,377,1404,1608,1214,861,830,1821,1666,334,790,1594,1602,346,452,1111,1530,861,967,1516,1345,1821,1111,1293,1046,0,292,967,791,1525,1111,1478,1817,292,1404,1061,1483,594,1191,0,438,390,812,690,1545,1478,1377,1305,1016,928,1673,789,1464,1533,1464,1130,1487,594,1831,1564,261,861,1001,1681,305,1478,626,1609,0,1595,1272,594,940,1102,1386,1642,1373,1478,1522,1555,1583,1283,595,0,1556,879,609,1620,1101,1301,286,1100,1622,781,998,1064,208,1014,1299,1681,1106,1903,953,1614,637,1476,1830,1109,1556,1403
2946,103,1355,1501,2738,1222,2751,2205,1471,1239,2008,1786,0,872,1718,2244,2265,2204,1400,2583,1044,2069,1605,1035,1043,1296,1813,1719,2105,1128,541,1645,968,2116,1308,3086,2819,1434,574,1204,1181,2571,1040,2206,1161,1961,966,1440,2241,1514,1018,606,1961,2151,2541,2282,1529,2432,1436,2579,2034,1576,3086,3152,2305,2206,2035,2260,899,2751,1070,1877,1245,2432,861,1259,1405,2252,3038,3614,981,2779,2335,731,1044,2444,1223,2712,2101,2630,2227,3152,3147,2136,2240,404,2000,1204,538,1429,2751,1196,958,384,3086,483,103,1470,2829,3086,1201,3040,724,1107,1797,2819,584,1177,1475,2838,2721,975,1096,1846,1213,3143,3086,0,2000,2804,580,1037,1146,953,1763,2122,2120,2313,1457,3086,504,2046,1194,1229,1462,2804,1992,1442,908,2606,2282,1195,1432,2618,2123,2116,1076,1624,1951,1429,1490,1380,2116,531,1859,0,2420,518,2283,103,2116,3086,1402,2420,1244,933,68,2205,892,0,2462,2115,661,2039,1117,3086,1482,517,576,2870,1062,854,3061,3150,1742,1434,1392,2205,1160,907,2335,1695,2006,1282,2543,3086,2237,1368,0,1483,1233,2205,2882,1867,1794,1014,390,3086,28,1156,1149,610,2206,2343,0,1713,1911,1395,2106,456,2360,2105,1365,2725,2003,779,2261,1828,1460,3734,1867,1708,1583,1506,2129,3073,1010,741,0,437
2022,1566,1237,1219,2384,1155,2400,1482,1214,921,1266,876,0,1006,970,1498,1903,1481,1017,1926,2962,1206,718,1154,2962,982,586,1,1363,2915,980,1076,2706,1374,1236,2506,2465,993,1111,1217,1171,2070,1163,1483,1147,1219,2463,1173,1881,1251,1105,904,1219,1424,1956,1555,1527,2069,933,1922,1540,1566,2506,2570,1656,1483,688,1533,984,2400,1188,1267,1323,2069,1029,1277,1135,1862,2408,2998,1066,2426,1972,1166,3024,1796,1159,2361,1537,1973,1699,2570,2565,1409,1513,1185,1258,1056,1274,1102,2400,1050,1126,1409,2506,1393,1566,1284,1697,2506,1050,2410,785,2804,887,2465,1064,1106,1175,2485,2370,2551,2805,1248,1284,2561,2506,0,1258,2450,1193,2476,2351,2885,1437,1400,1398,1950,1178,2506,1414,1475,2833,948,961,2450,1090,948,2870,1949,1555,931,1114,1961,1401,1374,2355,496,1209,1163,975,1004,1374,1333,899,0,2057,1007,1556,1566,1374,2506,1357,2057,2493,1101,1524,1482,1232,0,2099,1600,852,1203,2979,2506,1194,1345,1056,2517,2518,832,2482,2568,1416,1167,942,1482,1011,2998,1972,123,1264,2982,1958,2506,1514,1326,0,1238,1194,1482,2529,1279,1210,2686,1415,2506,1563,2406,2430,1323,1483,1695,1597,0,1403,1124,1364,1340,1997,1363,1316,2371,1261,1104,1612,867,973,2884,1522,1144,1300,1248,1402,2494,956,1149,1597,1442
2343,2892,1196,1106,1484,1268,1478,2083,1296,1544,2284,2147,0,2351,2059,1959,1650,2082,1619,1950,1967,2104,2077,1394,1967,1576,2294,2270,2381,1770,2332,1762,1505,2392,1630,1297,1448,1058,2454,1058,1047,2012,1430,2084,1229,2258,1253,1021,1628,1322,1506,2262,2258,2038,1980,2169,1135,1817,718,1946,1913,989,1297,1357,1680,2084,2210,2147,2342,1478,1611,970,1231,1817,2387,1321,1185,1744,2246,1853,2423,1451,1719,2523,1889,1820,1004,1463,1837,1997,1873,1357,1352,2023,2127,2521,2276,1621,2616,1335,1478,1621,2484,2735,1297,2549,2891,1621,2484,1297,1621,2248,2143,1659,2158,1448,2412,1378,1066,1475,1472,1342,1660,1139,1621,1348,1297,0,2276,1460,2532,1359,1191,2025,1905,2002,1998,1697,1272,1297,2570,1778,1735,1428,1052,1460,2187,1488,2001,1973,2169,1292,1288,1985,2003,2392,1189,2228,2248,1005,885,1611,2392,2491,2399,0,1805,2355,2170,2891,2392,1297,1501,1805,1378,2459,2849,2083,2390,0,1688,1796,2210,2073,1836,1297,1080,2503,2404,1578,1384,2190,1280,1355,1152,1243,993,2083,1621,1855,1719,2246,2282,1847,1982,1297,2115,1176,0,1302,975,2083,1590,957,1171,1461,2741,1297,2888,1188,1214,2665,2084,1719,2922,2264,0,1206,2382,2496,1744,2381,1189,1407,2279,2461,1636,2368,1016,2015,1161,1458,1205,1321,2016,1292,1649,2506,2922,2596
2106,1342,1868,340,1836,871,1607,2006,939,2022,1370,1142,1201,1486,1158,1809,1305,2005,1620,1712,1876,932,1480,1866,1876,2054,998,1135,1154,1675,1315,599,1979,1272,454,1774,1577,969,1642,969,932,1674,1905,2007,1347,1490,1730,889,1282,964,1984,1299,1414,1986,1578,1177,423,1472,807,1708,1627,418,1774,1872,1333,2007,955,1747,1319,1607,2089,402,1979,1472,1582,963,21,1399,2499,1758,1350,1580,1374,1694,1798,1473,497,1592,1488,1759,1829,1872,1877,2001,1727,1637,1179,1622,1732,1262,1607,1622,1655,1828,1774,1540,1571,1622,1962,1774,1622,2501,1527,1564,1131,1577,1353,1853,603,1644,1601,1820,1565,360,1622,1822,1774,0,1206,1589,1727,1272,1111,1934,1278,1913,1921,1352,230,1774,1304,1426,1639,1903,643,1589,1175,899,1905,1735,1008,1286,1294,1747,1869,1316,1102,1063,1116,914,576,1612,1266,1278,1299,943,1460,1607,1017,1353,1546,1774,524,1460,1291,1555,1631,2006,1291,1212,1504,1454,1270,1747,1741,1774,646,1497,1341,1843,1297,1271,1838,1874,134,225,1277,2006,1622,1760,1374,1121,1457,1756,1580,1774,2038,196,0,944,557,2006,1753,415,310,1668,1830,1774,1377,1233,1259,1734,2007,1372,1685,1357,1970,0,1506,1320,1399,1171,209,1536,1392,1673,1289,1288,1079,1919,402,93,418,963,1616,1850,2121,1691,1402,1334
1963,1885,2026,1640,1623,1304,1632,923,1025,2453,337,1116,0,1321,874,939,1133,922,912,1396,959,1068,1044,2288,956,2453,1260,1168,1,2452,1295,1232,2397,10,1424,2205,1702,980,1416,998,1194,1543,2364,924,971,311,2162,1218,1111,1061,2415,1227,311,861,1388,588,1365,1300,1255,1392,1033,1426,2205,2265,1136,924,1169,761,1306,1632,2488,1415,1205,1300,1353,1053,1254,1389,1884,2535,1388,1664,1203,1488,963,1276,1078,1593,1038,1443,1209,2265,2260,846,801,1517,90,959,1582,1267,1632,950,1450,1727,2205,1542,1885,1177,1801,2205,1156,1886,1110,2371,1127,1758,1367,2280,1061,1809,1667,2281,2372,1671,968,2282,2239,0,90,1743,1526,913,1230,2583,1579,899,892,1250,1312,2239,1563,1048,2401,2362,1053,1743,1224,1034,2665,1490,586,1053,1044,1502,900,10,941,1175,301,1207,1084,2585,10,1482,1411,0,1353,1310,586,1879,10,2239,1521,1353,2351,1395,1837,973,1381,0,1392,1106,1169,1086,2548,2239,1057,1494,1359,1840,949,1154,2209,2289,1557,1279,1162,973,1109,2567,1272,1144,335,970,1452,2239,1005,1220,0,1238,1289,973,1853,1672,1336,2415,1738,2239,1876,1023,1010,1642,974,1237,1910,1162,1114,1247,0,1489,1297,0,1478,1667,332,1413,1154,1379,1039,2679,1404,1263,1438,1271,881,2221,2556,1458,1910,1590
2660,536,1103,1718,2687,1385,2670,1936,1162,1003,1789,1555,0,605,1497,1950,2184,1935,1126,2465,954,1871,1336,1021,955,1056,1439,1453,1886,3381,195,1547,942,1897,1227,2847,2732,1372,229,1153,1358,2369,1027,1937,1104,1742,1144,1132,2161,1196,996,261,1742,1936,2453,2067,1457,2346,1349,2457,1867,1498,2847,2901,2176,1937,1512,2045,510,2670,1274,1474,1210,2346,513,1457,1330,2190,2898,3464,592,2719,2255,549,954,2316,1387,2631,1881,2512,2024,2901,2896,1921,2025,372,1781,1170,398,1336,2670,1403,706,391,2847,59,536,1181,2505,2847,1165,2900,370,3270,1566,2732,239,1168,1152,2783,2640,962,3271,1752,1178,2892,2847,0,1781,2717,178,960,1067,3574,1673,1861,1856,2233,1379,2847,80,1838,3305,1215,1141,2717,1768,1126,3528,2484,2067,1353,1111,2496,1862,1897,1209,1345,1732,1357,1403,1342,1897,107,1567,0,2334,173,2068,536,1897,2847,1599,2334,1153,579,494,1936,582,0,2372,1953,326,1838,3447,2847,1162,93,231,2814,1185,512,2823,2899,1367,1643,1323,1936,1358,3466,2255,1429,1787,974,2455,2847,1968,1561,0,1419,1166,1936,2827,1472,1409,980,397,2847,533,1304,1297,447,1937,2215,567,1447,1745,1594,1887,0,2280,1886,1288,2640,1784,629,2132,1534,1144,3542,1770,1339,1817,1190,1914,2835,1005,559,567,177
986,1595,1325,1763,655,1447,635,660,1485,1544,1155,866,0,1060,809,465,81,659,1673,514,1491,818,755,1505,1491,1658,1047,966,1252,1412,1005,1959,1653,1263,1811,1417,699,1255,1131,1255,1244,544,1543,661,1417,1129,1373,1358,149,1510,1506,934,1129,645,269,914,1645,40,870,506,705,1697,1417,1260,207,661,919,892,1008,635,1692,1681,1325,40,1042,1509,1327,477,1018,1495,1090,686,39,1189,1578,69,1176,596,510,561,437,1260,1265,660,872,1211,1147,1675,1312,1889,635,1675,1204,1450,1417,1429,1595,1675,1285,1417,1675,1020,817,1301,877,699,1088,1491,1148,750,605,1459,1302,1719,1675,1269,1417,0,1147,684,1231,1361,1676,1513,2242,576,580,46,1398,1417,1450,462,1338,1541,1134,684,916,1685,1603,533,914,1842,1838,545,525,1263,1487,942,1119,1202,1032,1665,1263,1369,1139,0,22,1031,915,1595,1263,1417,1615,22,1357,1107,1553,660,1268,0,63,476,880,778,1478,1417,1226,1381,1080,781,1630,864,1225,1262,1282,1423,1190,660,1675,1497,39,942,1153,1616,271,1417,692,1318,0,1490,1122,660,794,1694,1301,1625,1456,1417,1592,1739,1763,1361,661,202,1626,960,671,1348,1253,1376,0,1252,1331,606,1150,1127,177,1107,1178,1617,1681,1600,910,1509,761,1237,1752,1172,1626,1477
1952,1877,2062,1549,1702,1003,1685,971,952,2462,335,1172,0,1334,857,993,1190,970,2591,1460,2544,1124,1042,2316,2544,2471,1264,1166,0,2473,1283,1396,2404,11,1103,2237,1746,909,1403,927,916,1542,2386,972,2288,309,2192,935,1169,1194,2424,1218,309,901,1439,586,1291,1353,1163,1452,1079,1632,2237,2289,1187,972,1225,759,1292,1685,2505,1339,1126,1353,1328,981,1424,1465,1921,2556,1374,1733,1260,1473,2631,1327,1002,1646,1095,1507,1276,2289,2284,886,799,1508,88,2593,1591,973,1685,2593,1488,1730,2237,1541,1877,1098,1827,2237,2593,1923,1105,2362,1179,1746,1365,2311,985,1797,1655,2280,2363,1580,2593,2280,2237,0,88,1731,1524,2352,941,2574,1488,897,890,1238,1236,2237,1562,1047,2392,2361,1181,1731,1218,1158,2656,1479,584,1179,968,1491,898,11,2088,1173,299,1118,1008,2583,11,1481,1409,0,1341,1308,584,1877,11,2237,1184,1341,2342,1393,1835,971,1380,0,1380,1105,1167,1080,2539,2237,982,1493,1357,1828,2593,1152,2207,2287,1214,1204,2061,971,2593,2558,1260,1142,333,2669,1441,2237,1003,1144,0,953,993,971,1841,1582,1523,2413,1736,2237,1874,946,934,1640,972,1226,1908,1160,1113,1414,0,1488,1285,0,1148,1655,330,1411,1143,1377,1164,2670,1329,1188,1362,980,879,2219,2555,1456,1908,1589
2543,1312,1880,734,1601,881,1610,1713,940,2065,1109,1102,1181,1196,1120,1609,1293,1712,1614,2164,1955,1810,1190,1931,1955,2088,964,1101,1367,1725,1548,613,2008,1246,454,1844,1567,970,1602,970,933,2075,1972,1714,1121,1457,1800,876,1272,965,2027,1528,1380,1691,1567,1154,650,1456,796,2156,1654,811,1844,1815,1326,1714,1115,1800,1285,1610,2122,795,1956,1456,1541,964,213,1426,2060,1808,1590,1569,1363,1653,1877,1466,506,1595,1492,2211,1521,1815,1820,1676,1780,1323,1152,1616,1401,1271,1610,1616,1336,1790,1844,1502,1272,1616,2351,1844,1616,2062,1230,1614,1866,1567,1593,1920,587,1601,1604,1888,1615,753,1616,1824,1844,0,1180,1574,1688,1315,1168,2013,1391,1638,1633,1341,623,1844,1536,1444,1698,1970,627,1574,939,891,1966,2183,988,1295,1303,2195,1639,1558,1122,1243,1314,915,500,1606,1500,1245,1042,1121,1444,1297,996,1598,1515,1844,900,1444,1334,1513,1320,1713,1519,987,1485,1475,1492,1774,1791,1844,630,1459,1308,1803,1344,1493,1773,1809,337,642,1050,1713,1608,1810,1363,1087,1181,1833,1569,1836,1745,12,0,945,541,1713,1707,808,703,1659,1792,1836,1627,1223,1248,1403,1714,1365,1649,1089,1784,234,1224,1556,1388,1386,0,1531,1126,1351,1282,1247,860,1980,795,486,811,964,1669,1785,2168,1366,1658,1303
1530,2110,1307,1674,125,1516,91,1176,1615,1069,1655,1346,0,1554,1299,985,609,1175,1034,1038,1390,1298,1263,1025,1390,1166,1519,1463,1743,1306,1496,2028,1195,1754,1880,939,99,1241,1622,1241,1230,829,1094,1168,1450,1620,898,1204,677,1640,1031,1435,1620,1152,797,1401,1556,572,1089,1030,1206,1608,939,775,768,1168,1401,1379,1509,91,1200,1592,1306,572,1545,1639,1545,978,1071,1389,1591,170,621,1095,1477,630,1392,151,1011,1085,923,775,780,1167,1359,1719,1638,1036,1113,1800,91,1036,1705,975,940,1761,2087,1036,1567,940,1036,1073,1320,1195,1357,99,1576,1020,1367,208,160,987,1196,1630,1036,785,940,0,1638,84,1739,1241,1579,1407,2235,1082,1086,824,1619,940,1782,954,1235,1070,1353,84,1394,1719,1504,1057,1401,1756,1752,1069,1036,1754,1391,1425,1610,1190,1250,1028,1754,1700,1609,0,592,1519,1402,2087,1754,942,1838,592,1242,1610,2045,1167,1599,0,551,1054,1384,1261,1372,942,1446,1712,1568,239,1534,1366,738,779,1505,1493,1152,1167,1038,1391,621,1439,1644,1515,799,942,1199,1538,0,1622,1341,1167,252,1607,1524,1168,978,942,2110,1661,1685,926,1180,775,2144,1469,1195,1568,1756,1722,610,1755,1551,0,1653,1640,707,1581,1399,1523,1594,1820,1610,1641,1260,750,1263,1685,2144,1825
1880,1793,1979,1524,1629,1185,1612,889,952,2384,4,1097,0,1251,779,911,1118,888,2513,1388,2485,1049,964,2239,2485,2393,1183,1088,102,2414,1206,1130,2326,113,1299,2161,1673,1104,1323,932,914,1488,2308,890,2205,227,2118,929,1097,1193,2346,1140,227,818,1366,504,1545,1278,1140,1380,889,1611,2161,2213,1114,890,1150,677,1214,1612,2427,1591,958,1278,1250,1192,1161,1390,1850,2497,1296,1660,1188,1395,2572,1254,981,1573,940,1435,1131,2213,2208,803,717,1424,6,1108,1506,947,1612,909,1410,1646,2161,1462,1793,932,1771,2161,915,1852,1027,2303,1108,1673,1288,2235,970,1724,1582,2204,2304,1557,926,2204,2161,0,6,1658,1439,2293,1102,2515,1215,815,808,1166,1216,2161,1483,911,2333,2285,1161,1658,1147,1139,2597,1407,502,954,945,1419,816,113,2008,1095,217,1112,1194,2505,113,1402,1335,0,1266,1231,502,1793,113,2161,1163,1266,2283,1315,1751,889,1301,0,1304,879,1089,1009,2480,2161,971,1414,1280,1755,2191,1074,2126,2211,1446,1188,1978,889,2515,2499,1188,1064,2,2610,1368,2160,921,1359,0,1156,980,889,1768,1566,1243,2335,1652,2160,1790,920,1098,1555,890,1153,1824,1082,1029,1152,103,1409,1213,102,1360,1582,0,1333,1070,1305,1151,2611,1308,1170,1343,980,796,2138,2476,1378,1824,1510
2338,783,1485,1790,935,1468,2716,1979,1252,1362,1835,1591,0,627,1543,1994,2228,1978,1240,2505,1214,1917,1380,1152,1007,1430,1475,1496,1932,1101,382,1617,1064,1943,1287,986,2778,1234,517,1509,1468,2411,1399,1980,1195,1788,1298,1473,2205,1284,1354,279,1788,1982,2499,2113,1842,2390,1438,2497,1877,1883,1027,2944,2220,1980,1869,2091,192,2716,1184,1848,1597,2390,207,1572,1686,2234,2939,3506,115,2764,2299,62,1003,2360,1218,2677,1925,2552,2065,2944,1198,1967,2071,586,1827,1548,319,1172,2716,1275,198,636,1038,635,781,1560,2240,1160,1542,2941,456,3312,1602,2778,466,1331,1484,1153,2686,1322,3313,1511,1557,1206,1206,0,1827,2763,607,1243,1132,1107,1451,1904,1899,2277,1740,1153,656,1882,1155,1376,1217,2763,1651,1453,3248,2524,2113,1190,1426,2536,1905,1943,1073,1388,1778,1463,1233,1226,1943,683,1602,0,2378,409,2114,781,1943,979,1674,2378,1240,223,739,1979,599,0,2416,1997,343,1884,3489,1101,1500,669,458,918,1261,585,2868,979,1731,1428,1187,1979,1494,3508,2299,1472,1833,1027,2501,974,2011,1359,0,1269,1502,1979,946,1540,1778,1096,642,1030,778,1385,1381,248,1980,2259,812,1490,1789,1385,1933,582,2324,1932,1632,2686,1830,0,2176,1569,1226,3262,1524,1697,1563,1546,1960,2880,1141,45,812,622
804,1522,1347,1477,808,1174,792,601,1645,1708,1100,792,0,984,732,406,188,600,1790,324,1544,744,678,1568,1544,1753,972,891,1197,1467,931,1687,1664,1208,1538,1480,853,1675,1059,1675,1638,392,1607,602,1595,1074,1436,1536,182,1670,1670,859,1074,586,301,822,1359,396,1095,316,626,1151,1480,1406,116,602,845,800,934,792,1787,934,1348,396,967,1669,1567,398,825,1550,1016,840,260,1115,1631,189,1485,753,431,371,259,1406,1411,601,780,1137,1092,1792,1240,1584,792,1792,1130,1377,1480,1356,1522,1792,858,1480,1792,827,742,1356,803,853,1014,1555,1236,904,762,1523,1357,1096,1792,1415,1480,0,1092,838,1157,1408,1710,1568,1994,517,521,238,1585,1480,1377,383,1392,1605,1222,838,842,1866,1656,343,822,1608,1616,355,466,1208,1526,871,1064,1554,1345,1782,1208,1296,1066,0,291,957,823,1522,1208,1480,1802,291,1400,1032,1480,601,1194,0,436,397,805,704,1533,1480,1385,1308,1006,935,1669,788,1371,1408,1469,1143,1525,601,1792,1552,260,867,1098,1669,303,1480,633,1578,0,1650,1280,601,948,920,1391,1638,1383,1480,1519,1545,1573,1289,602,88,1553,885,612,1588,1198,1303,285,1197,1591,762,1095,1053,0,1034,1339,1670,925,1884,961,1669,669,1383,1815,1098,1553,1405
1765,1396,1160,1405,2300,2578,2284,1385,1139,2650,1125,571,0,859,410,1407,1784,1384,1151,2071,2785,881,541,2494,2785,919,205,212,1222,3007,802,1020,2591,1233,968,2423,2345,1123,930,1141,907,2006,2564,1386,2464,1078,2370,1098,1764,974,2612,730,1078,1316,2060,1447,1458,1945,1866,2063,1476,1498,2423,2483,1783,1386,435,1425,805,2284,1112,1463,1031,1945,840,1201,1078,1768,2515,2797,887,2332,1853,986,2872,1923,2169,2245,1102,2118,1611,2483,2478,1301,1405,1014,1117,1198,1111,2929,2284,986,1001,1250,2423,1227,1396,1000,1377,2423,986,2517,615,2896,582,2345,885,2489,913,2396,2254,2458,2897,1440,999,2474,2423,0,1117,2330,1033,2410,2314,2700,1368,1312,1304,1831,1122,2423,1248,1387,2727,2539,2118,2330,820,2696,2665,2090,1447,2472,2468,2102,1313,1233,2268,103,1068,2249,1106,940,1233,1166,37,0,1933,828,1448,1396,1233,2423,1067,1933,2427,905,1354,1385,1064,0,1973,1275,679,881,2780,2423,928,1178,877,2427,2453,661,2391,2481,1115,1340,2237,1385,947,2799,1853,188,1123,2802,2062,2423,1417,1257,0,1162,928,1385,2440,1475,1393,2598,1257,2423,1394,2369,2393,1160,1386,1822,1428,206,1299,1066,1223,1174,1878,1222,1032,2254,1120,924,1739,0,1101,2679,1455,1312,1503,1173,1294,2403,2733,969,1428,1277
2005,1398,1620,874,1491,461,1503,1600,352,1709,935,1751,0,1307,1663,1610,1180,1599,1339,1518,1783,1704,1303,1569,1783,1754,1975,985,947,1556,1151,977,1665,1070,825,1481,1458,382,1437,382,345,1451,1608,1601,518,1255,1437,288,1159,377,1671,1140,977,1578,1456,1709,756,1342,344,1510,1539,808,1481,1530,1215,1601,1807,1687,1160,1503,1788,792,1707,1342,1159,376,854,1311,1946,1639,1192,1460,1250,1500,1705,1355,499,1488,1380,1565,1411,1530,1525,1563,1667,1430,982,1341,1268,871,1503,1341,1220,1337,1481,1101,1112,1341,1754,1481,1341,1948,1346,1445,1762,1458,1435,1556,233,1489,1497,1524,1446,830,1341,1521,1481,0,1218,1465,1520,1152,1040,1841,1421,1525,1520,1228,871,1481,1135,1332,1520,1606,216,1465,1849,121,1788,1537,1709,895,903,1549,1526,1116,959,1101,921,327,445,1331,1282,1340,916,0,1330,1165,1710,1170,1304,1481,1088,1330,1171,1375,1172,1600,1129,0,1369,1363,1346,1667,1622,1481,382,1288,1421,1691,1181,1356,1457,1528,755,533,448,1600,1341,1641,1250,965,1008,1661,1458,1481,1632,865,0,357,277,1600,1595,805,774,1392,1618,1481,1439,834,866,1535,1601,1254,1209,1175,1669,875,1254,1382,1275,964,878,1432,953,1480,1171,912,0,1802,792,1127,808,376,1556,1469,1816,1239,1213,1157
1425,2854,2018,1766,1437,1500,1499,1979,2111,2173,2412,2029,0,2336,2071,1787,1604,1978,1727,1743,381,1986,2050,2027,381,2194,2040,2240,2509,725,2292,1449,2115,2520,1501,1949,1434,1784,2414,1784,1773,1529,2096,1980,1946,2386,1906,1887,1663,2136,2135,2226,2386,1964,1767,2205,1847,1574,1403,1735,1934,1842,1949,1929,1820,1980,2092,2183,2300,1499,2228,1826,2092,1574,2336,2135,1615,1772,823,395,2382,1436,1752,2481,468,1630,1704,1565,1713,1790,1609,1929,1934,1979,2163,2487,2404,1729,2599,1392,1499,1729,2496,1198,1949,2534,2848,1729,1158,1949,1729,821,2113,512,2040,1434,2374,2023,1561,1231,1574,1992,513,1784,1729,1938,1949,0,2404,1461,2504,799,1150,297,2303,1891,1899,1730,1682,1949,2555,1751,323,2073,1542,1461,1916,2179,6,1762,2205,1342,1338,1774,1860,2520,919,2064,2376,1731,1560,1719,2520,2476,2139,0,1594,2317,2206,2848,2520,1949,1518,1594,791,2401,2806,1979,2375,0,1553,1756,2175,1955,378,1949,1712,2488,2366,1433,824,2160,1895,1931,1765,1476,1719,1979,1729,397,1752,2216,2410,506,1769,1949,2011,1765,0,2116,1606,1979,1337,1839,1734,1780,993,1949,2845,1239,1264,1093,1980,1693,2879,2234,2049,1636,2510,2481,1600,2509,1778,1428,2407,2419,1776,2108,1702,0,1826,1597,1842,2135,2052,1907,2265,2464,2879,2581
2263,1802,2347,81,2051,1307,2061,1120,1610,2452,1558,1315,1392,1365,1106,1185,1097,1126,2067,1879,2510,1076,1641,2309,2510,2461,1137,1536,1312,2102,1759,1185,2394,1725,1312,1214,2018,1640,1815,1640,1603,1109,2379,1169,1705,1676,2185,1546,1119,1635,2414,1737,1599,1018,1107,1368,188,2035,1252,1871,1194,35,1106,1139,916,937,1329,1001,1761,2061,2495,2,2425,2035,1446,1634,571,998,2603,2185,1798,2020,1943,1541,2431,2148,975,2046,991,1926,936,952,2246,1027,1223,1811,1611,2069,1576,1721,2061,2069,1818,1659,957,1716,1754,2069,2078,2228,2069,2605,1691,1991,1304,2018,1494,2304,1247,2078,2055,2273,1992,33,2069,2250,2228,1261,1361,2025,1574,1704,1586,2567,1529,1228,982,1109,349,911,1448,1185,2068,2354,1298,2025,1345,1562,2332,1898,1409,1745,1753,1910,1007,1472,1533,1450,1270,1585,1129,2059,1719,1716,1469,1099,2023,1472,1420,1503,1436,2228,724,2023,1718,1422,1498,1129,1432,1402,2061,1000,1407,1047,2164,946,1290,1385,1791,2280,1732,1405,1100,2243,204,432,1569,1118,2069,2183,1943,1522,1645,2387,916,909,994,721,1001,1615,1200,1121,2184,180,171,2120,1661,940,1527,1679,1703,1577,990,916,1546,1260,961,592,1696,1466,1968,1605,734,1990,1580,1840,1117,1205,1453,2342,0,599,35,1634,1036,2218,2548,1859,1553,1481
2049,1361,1866,292,1584,817,1593,1943,1402,2053,1152,965,1219,1511,978,1751,1649,1942,1597,1659,2283,1150,1245,1914,2283,2076,1229,1155,1414,1716,1612,937,2009,1557,521,1827,1550,1432,1665,1432,1395,1593,1955,1944,1359,1252,1783,1300,1629,1427,2015,1319,1189,1928,2063,990,374,1808,786,1651,1900,369,1827,1798,1786,1944,1177,2153,1339,1593,2110,353,1939,1808,1607,1426,27,1738,2413,1799,1370,1552,1718,1422,2205,1926,496,1578,1765,1706,1768,1798,1803,1943,2133,1660,1197,1599,1454,1221,1593,1599,1680,1533,1827,1295,1319,1599,1898,1827,1599,2415,1285,1605,957,1550,1658,1903,994,1592,1587,1871,1607,311,1599,1807,1827,0,1224,1557,1450,1305,1158,2341,1281,1857,1863,1696,181,1827,1599,1717,1690,1953,980,1557,992,958,2502,1678,1024,1245,1253,1690,1824,1334,1112,1084,1370,1318,646,1589,1550,1567,1324,1155,1796,1631,1248,1372,1568,1827,461,1796,1324,1308,1655,1943,1584,1018,1833,1736,1558,1113,1783,1827,697,1521,1644,1794,1334,1559,1764,1800,107,210,1289,1943,1599,1802,1718,1378,1225,2161,2065,1827,1975,224,0,1407,608,1943,1698,366,261,1650,1853,1827,1396,1173,1198,1456,1944,1825,1414,1381,2015,48,1526,1617,1743,1435,237,1522,1413,1405,1742,1086,1095,2516,353,0,369,1426,2022,1776,2159,1715,1715,1635
2512,1530,2546,931,2227,1246,2237,961,1834,2809,1601,1362,1427,1405,1382,1228,1140,1167,2437,2133,2510,1115,1399,2651,2510,2827,1176,1311,1345,2278,1807,1495,2750,1463,1443,1245,916,1864,1862,1864,1827,956,2720,1000,1784,1424,2526,1725,1162,1859,2771,1478,1360,1053,952,1405,1013,2287,1218,2125,1238,1008,1136,1174,952,968,1139,1248,1497,2237,2861,992,2603,2287,1794,1858,1134,1035,2835,2361,1846,2196,1120,1909,2432,934,1111,2222,1029,2180,1176,981,2416,1283,1264,1858,1370,2439,1615,1660,2237,2439,1867,1698,981,1460,1490,2439,2320,1108,2439,2837,1739,2167,1351,905,1852,2647,1431,2268,2231,2616,2168,950,2439,2420,2569,1295,1687,2201,1948,1881,1768,2568,525,1271,1229,1151,820,1133,1487,1231,2244,2697,1417,912,1392,1710,2508,2152,1199,1684,1692,2164,1260,1507,1717,1240,1577,1743,1265,2429,1457,1460,1517,1127,908,1512,1208,1540,1471,2569,1037,2275,1899,1462,1536,1166,1777,1438,2313,1037,1748,1085,2344,1177,1581,1424,1522,2470,1913,1445,1137,2413,704,998,1714,959,2439,2363,927,1300,1398,2388,952,1130,1242,1122,1030,1839,1474,1158,2374,1005,723,2489,2053,965,1565,1621,1646,1617,1024,1151,1912,1570,998,1155,1736,1504,1099,1645,1135,2165,1622,1888,1161,1245,1527,2522,992,1116,0,1857,1294,2387,2892,1579,1921,1835
2176,1445,1838,1071,1688,736,1698,1870,111,1914,961,1985,0,1143,1926,1893,1436,1869,1539,1796,2045,1942,1378,1773,2045,1959,2248,1045,961,1840,1204,1249,1869,1320,1100,1687,1654,141,1239,141,104,1722,1814,1871,492,1293,1643,119,1416,35,1876,1444,1220,1847,1711,1978,953,1600,599,1788,1804,1005,1687,1737,1471,1871,2048,1956,1468,1698,1993,989,1909,1600,1471,1,939,1576,2207,1923,1507,1656,1506,1566,1967,1611,780,1683,1649,1843,1668,1737,1732,1832,1936,1232,1221,1541,1318,1146,1698,1541,1544,1382,1687,1148,1386,1541,2035,1687,1541,2209,1174,1729,1996,1654,1240,1762,511,1698,1692,1731,1730,1027,1541,1728,1687,0,1036,1661,1577,1428,1273,2103,1656,1795,1790,1484,1013,1687,1431,1601,1813,1812,494,1661,2024,388,2076,1815,1978,1170,1178,1827,1796,1376,1226,1175,1151,124,723,1531,1305,1401,1175,0,1588,1469,1979,1210,1332,1687,1230,1588,1448,1199,1215,1870,1429,0,1626,1624,1172,1909,1906,1687,661,1114,1484,1900,1448,1184,1655,1735,897,807,204,1870,1541,1925,1506,1235,1248,1923,1713,1687,1902,930,0,116,555,1870,1804,1002,916,1592,1672,1687,1229,1098,1123,1597,1871,1510,1247,1033,1931,960,1052,1438,1531,1183,943,1627,1183,1280,1427,971,327,2090,989,1212,1005,0,1825,1667,2018,1561,1509,1201
1312,1524,1470,991,1109,1777,1092,330,1651,1876,921,822,0,988,736,351,591,329,1983,837,1957,774,682,1735,1957,1921,1003,895,1018,1879,933,2290,1832,1029,2141,1649,1153,1443,1060,1443,1432,897,1776,331,1605,895,1605,1546,561,1676,1838,861,895,95,814,212,1007,754,1037,829,433,1282,1649,1699,559,331,875,190,936,1092,1955,1263,1491,754,969,1675,1493,848,1308,1962,1018,1140,664,1117,2044,702,1341,1053,473,884,720,1699,1694,80,170,1139,913,1985,1241,1657,1092,1985,1132,1379,1649,1358,1524,1985,1293,1649,1985,1310,744,1768,833,1153,1016,1724,1315,1204,1062,1693,1769,1017,1985,1690,1649,0,913,1138,1159,1781,1553,1980,1139,253,250,642,945,1649,1379,425,1805,1774,1301,1138,872,1876,2068,856,212,1629,1625,868,254,1029,1504,873,885,1390,1198,1975,1029,1298,1096,0,742,959,213,1524,1029,1649,1784,742,1772,1034,1482,330,1196,0,779,483,807,734,1945,1649,1394,1310,1008,1235,2032,791,1621,1697,925,1106,1378,330,1985,1964,664,871,918,2082,807,1649,362,1484,0,1656,1289,330,1248,1238,971,1805,1385,1649,1521,1523,1551,1290,331,601,1555,889,540,1514,1018,1305,689,1017,1497,1062,915,1055,515,1064,1345,2082,1252,1766,1072,1675,0,1633,1980,1100,1555,1406
1987,2674,734,2067,871,1948,884,1726,1981,478,2131,1946,0,2147,1884,1536,1168,1725,1010,1598,1869,1902,1861,452,1869,569,2108,2061,2228,1789,2112,2481,518,2239,2312,342,838,1607,2226,1607,1596,1383,523,1727,1816,2105,306,1570,1236,2006,440,2047,2105,1711,1356,1934,1949,1133,1485,1590,1761,2001,342,46,1429,1727,2008,1912,2122,884,603,1985,828,1133,2151,2005,1938,1533,1624,1872,2204,840,1182,2303,1956,1189,1786,870,1606,1645,1464,46,52,1788,1892,2305,2123,1012,2408,2148,884,1012,2318,938,342,2348,2674,1012,2118,342,1012,1626,1925,1678,1957,838,2193,443,1764,866,879,407,1679,2023,1012,57,342,0,2123,845,2321,1695,1959,1890,2628,1751,1646,1442,1996,342,2369,1558,1715,493,1745,845,1985,2049,1983,1617,1934,2117,2113,1629,1752,2239,1806,2021,2095,1554,1642,1002,2239,2290,2206,0,1153,2136,1935,2674,2239,342,2181,1153,1686,2216,2632,1726,2189,0,1112,1582,1989,1869,1855,342,1839,2302,2185,994,1948,1972,5,49,1891,1971,1516,1726,1012,1874,1182,2037,2129,1994,1358,342,1758,1929,0,1986,1733,1726,1007,1998,1910,704,943,342,2671,2014,2038,1096,1727,1322,2705,2055,1847,1959,2229,2295,1159,2228,1942,813,2126,2241,1385,2175,1784,1997,1985,2211,2001,2005,1781,0,692,2286,2705,2395
2505,973,471,2628,1396,2418,1409,2197,2617,624,2421,2244,0,1058,2184,2003,1673,2196,1447,2126,2372,2198,1061,500,2372,491,2429,1170,2518,2301,1058,2944,812,2529,2782,858,1363,2243,1068,2243,2232,1898,388,2198,2452,2395,1013,2206,1726,2642,633,1290,2395,2182,1834,2231,2510,1647,2044,2118,2000,2562,858,982,1899,2198,2304,2209,1086,1409,503,2546,739,1647,1343,2641,2503,1838,2149,2384,1117,1365,1696,1393,2459,1699,2351,1395,1906,2173,1978,982,977,2197,2189,1056,2413,1449,1391,2651,1409,1449,1409,1172,858,1175,1100,1449,2594,858,1449,2151,1078,2190,2255,1363,1089,475,2316,1392,1404,746,2191,2584,1449,973,858,0,2413,1370,1354,2182,2459,2402,3201,2113,2117,1873,2561,858,1024,1863,2220,715,2302,1370,2300,2684,2484,2145,2231,2617,2613,2157,2063,2529,2284,906,2385,2190,2209,1439,2529,1215,2519,0,1667,1063,2232,991,2529,858,2748,1667,2172,1333,1013,2197,1264,0,1626,1887,1060,2167,2367,858,2406,947,1299,1520,2423,1320,1017,980,2455,2415,2152,2197,1449,2386,1696,1124,2419,2497,1836,858,2229,2494,0,2622,2300,2197,1533,2559,2474,1212,1422,858,1203,2514,2538,1158,2198,1832,1220,1155,2115,2524,2519,1213,1673,2518,2507,1338,2416,1378,1733,2492,2346,2498,2546,2776,2562,2641,2078,1021,0,1385,1210,1215
2398,738,1236,1497,944,1230,2745,2081,1527,1135,1863,1605,0,652,1571,2020,2257,2080,1509,2532,1233,1944,1406,1399,1023,1438,1490,1522,1960,927,420,1636,1072,1971,1572,989,2807,1504,458,1261,1228,2428,1164,2082,1207,1816,1307,1232,2233,1566,1128,317,1816,2010,2475,2141,1859,2419,1454,2524,1897,1574,1032,910,2246,2082,1883,2119,230,2745,1190,1546,1332,2419,245,1313,1704,2258,2962,3531,153,2793,2328,17,1231,2385,1233,2706,1945,2579,2082,2970,1207,1995,2099,553,1855,1560,274,1434,2745,1551,236,593,1259,638,738,1571,2275,966,1554,2962,479,912,1614,2805,504,1108,1242,963,2713,1100,906,1843,1569,1215,1214,0,1853,2790,574,1043,1147,1126,1770,2002,1999,2304,1758,960,659,1900,1174,1383,1231,2790,1695,1470,3290,2549,2139,1454,1444,2561,2003,1969,1087,1413,1804,1224,1506,1235,1969,686,1614,0,2405,447,2140,738,1969,985,1692,2405,1257,261,696,2079,637,0,2443,1950,381,1911,913,1107,1256,672,496,926,1059,608,2892,1191,1749,1742,1199,2079,1505,3531,2326,1496,1859,1259,2475,1183,2111,1374,0,1547,1257,2079,1153,1877,1796,1105,599,1249,735,1402,1399,203,2080,2282,769,1514,1813,1400,1959,606,2351,1958,1650,2713,1856,38,2200,1581,1496,3304,1539,1420,1907,1293,1986,2904,1146,0,769,589
3005,103,1347,1821,2755,1228,2739,2166,1474,1233,2080,1810,0,893,1791,2223,2251,2165,1157,2526,1054,2164,1624,1028,1053,1067,1801,1739,2177,943,528,1370,1165,2188,1589,3145,2801,1188,577,1456,1429,2585,1033,2167,1163,2033,1160,1195,2227,1517,1013,588,2033,2139,2503,2270,1534,2413,1195,2548,2092,1911,3145,3202,2240,2204,2063,2282,935,2770,1064,1562,1500,2427,842,1260,1411,2252,2993,907,1014,2795,2337,730,1274,2418,1484,2731,2137,2603,2274,3240,3235,2158,2262,427,2121,1202,500,1438,2770,1441,976,384,3194,513,103,1215,2945,3194,1198,2995,787,1117,1826,2839,582,1168,1481,2857,2740,1169,1106,1536,1462,3231,3194,0,2121,2824,578,1261,1393,1164,1771,2126,2123,2315,1768,3194,534,2093,1206,1010,1469,2824,2018,1199,1110,2575,2304,1201,1440,2587,2127,2237,1307,1656,2072,1186,1497,1377,2237,564,1827,0,2415,516,2305,103,2237,3194,1701,2415,1036,907,68,2203,872,0,2451,2145,653,2272,935,3194,1487,548,574,2888,1293,918,3159,3238,1749,1739,1155,2203,1158,918,2337,1737,2127,1071,2505,3194,2235,1374,0,1485,1495,2203,2901,1551,1492,1012,390,3194,28,1405,1395,610,2204,2311,0,1755,1957,1693,2227,481,2362,2226,1372,2745,2124,778,2225,1798,1466,3794,1876,1420,1590,1249,2151,3163,1002,740,0,463
2820,525,1106,1736,2700,1403,2709,1980,1416,1217,1849,1561,0,647,1562,2001,2205,1979,1133,2499,971,2009,1377,1236,972,1279,1459,1488,1947,3545,284,1566,947,1958,1501,2917,2779,1146,238,1405,1135,2400,1029,1982,1115,1803,951,1381,2183,1458,1000,350,1803,1960,2479,2091,1471,2367,1366,2492,1870,1828,2917,2961,2214,1982,1832,2069,604,2710,1058,1799,1217,2367,601,1217,1345,2226,2939,3628,683,2735,2277,509,971,2364,1405,2671,1920,2547,2057,2961,2956,1945,2049,83,1842,1176,358,1121,2710,1168,800,380,2917,169,525,1188,2575,2917,1172,2941,475,3434,1573,2779,327,1169,1166,2797,2680,964,3435,1466,1184,2952,2917,0,1842,2764,167,1177,1082,3428,1691,1906,1901,2255,1684,2917,190,1876,918,1008,1394,2764,1776,1376,3413,2519,2091,1370,1126,2531,1907,1958,1226,1371,1793,1371,1420,1349,1958,220,1570,0,2355,261,2092,525,1958,2917,1617,2355,969,666,483,1981,668,0,2391,1928,412,1979,3611,2917,1418,204,319,2828,997,608,2896,2959,1669,1375,1337,1981,1367,3630,2277,1464,1848,1196,2481,2917,2013,1307,0,1431,1423,1981,2841,1487,1424,986,386,2917,522,1094,1315,407,1982,2257,556,1482,1785,1611,1948,137,2302,1947,1574,2685,1845,557,2170,1541,1397,3430,1789,1354,1520,1451,1938,2900,1006,519,556,0
